4,1,2166.00,1347.00,66.00,87.00,3.8554,-1,-1,-1
4,2,1859.00,1164.00,87.00,106.00,3.8173,-1,-1,-1
5,1,2166.00,1348.00,66.00,87.00,4.8776,-1,-1,-1
5,2,1859.00,1165.00,87.00,106.00,4.8469,-1,-1,-1
6,1,2166.00,1349.00,66.00,87.00,5.7442,-1,-1,-1
6,2,1860.00,1165.00,86.00,106.00,5.7211,-1,-1,-1
7,1,2166.00,1350.00,66.00,87.00,6.4757,-1,-1,-1
7,2,1859.00,1166.00,87.00,106.00,6.4484,-1,-1,-1
8,1,2166.00,1351.00,66.00,87.00,7.0881,-1,-1,-1
8,2,1859.00,1168.00,87.00,106.00,7.0634,-1,-1,-1
9,2,1859.00,1169.00,87.00,106.00,7.6025,-1,-1,-1
9,1,2166.00,1352.00,65.00,88.00,7.5891,-1,-1,-1
10,2,1859.00,1170.00,87.00,106.00,8.0586,-1,-1,-1
10,1,2166.00,1353.00,65.00,88.00,8.0246,-1,-1,-1
11,2,1859.00,1170.00,87.00,106.00,8.4487,-1,-1,-1
11,1,2166.00,1354.00,65.00,88.00,8.3897,-1,-1,-1
12,2,1860.00,1171.00,86.00,106.00,8.7906,-1,-1,-1
12,1,2167.00,1355.00,65.00,87.00,8.7060,-1,-1,-1
13,2,1860.00,1171.00,86.00,107.00,9.0856,-1,-1,-1
13,1,2167.00,1355.00,65.00,88.00,8.9751,-1,-1,-1
14,2,1860.00,1171.00,86.00,107.00,9.3383,-1,-1,-1
14,1,2167.00,1355.00,65.00,88.00,9.2079,-1,-1,-1
15,2,1860.00,1171.00,86.00,107.00,9.5528,-1,-1,-1
15,1,2167.00,1355.00,65.00,88.00,9.4100,-1,-1,-1
16,2,1860.00,1171.00,86.00,108.00,9.7287,-1,-1,-1
16,1,2167.00,1355.00,66.00,89.00,9.5783,-1,-1,-1
17,2,1860.00,1171.00,86.00,108.00,9.8834,-1,-1,-1
17,1,2167.00,1355.00,65.00,89.00,9.7252,-1,-1,-1
18,2,1861.00,1171.00,85.00,107.00,10.0068,-1,-1,-1
18,1,2167.00,1355.00,66.00,89.00,9.8467,-1,-1,-1
19,2,1861.00,1171.00,85.00,107.00,10.1139,-1,-1,-1
19,1,2167.00,1356.00,66.00,89.00,9.9526,-1,-1,-1
20,2,1861.00,1170.00,85.00,108.00,10.2001,-1,-1,-1
20,1,2167.00,1355.00,66.00,89.00,10.0380,-1,-1,-1
21,2,1861.00,1170.00,85.00,109.00,10.2763,-1,-1,-1
21,1,2167.00,1356.00,66.00,89.00,10.1189,-1,-1,-1
22,2,1861.00,1170.00,85.00,110.00,10.3364,-1,-1,-1
22,1,2167.00,1356.00,66.00,89.00,10.1919,-1,-1,-1
23,2,1860.00,1169.00,86.00,111.00,10.3904,-1,-1,-1
23,1,2167.00,1356.00,66.00,89.00,10.2547,-1,-1,-1
24,2,1860.00,1169.00,86.00,111.00,10.4347,-1,-1,-1
24,1,2167.00,1356.00,66.00,89.00,10.3084,-1,-1,-1
25,2,1860.00,1169.00,87.00,111.00,10.4693,-1,-1,-1
25,1,2168.00,1355.00,66.00,90.00,10.3569,-1,-1,-1
26,2,1860.00,1169.00,86.00,112.00,10.4967,-1,-1,-1
26,1,2168.00,1355.00,66.00,90.00,10.3952,-1,-1,-1
27,2,1861.00,1169.00,86.00,112.00,10.5237,-1,-1,-1
27,1,2168.00,1355.00,66.00,90.00,10.4303,-1,-1,-1
28,2,1862.00,1169.00,85.00,111.00,10.5489,-1,-1,-1
28,1,2168.00,1355.00,66.00,90.00,10.4677,-1,-1,-1
29,2,1862.00,1169.00,85.00,111.00,10.5741,-1,-1,-1
29,1,2168.00,1355.00,66.00,90.00,10.4938,-1,-1,-1
30,2,1862.00,1168.00,85.00,112.00,10.5843,-1,-1,-1
30,1,2168.00,1355.00,66.00,90.00,10.5171,-1,-1,-1
31,2,1862.00,1168.00,85.00,112.00,10.5917,-1,-1,-1
31,1,2168.00,1355.00,66.00,90.00,10.5311,-1,-1,-1
32,2,1862.00,1168.00,85.00,111.00,10.5947,-1,-1,-1
32,1,2168.00,1355.00,66.00,91.00,10.5404,-1,-1,-1
33,2,1862.00,1168.00,85.00,112.00,10.5843,-1,-1,-1
33,1,2168.00,1355.00,66.00,91.00,10.5500,-1,-1,-1
34,2,1863.00,1168.00,85.00,112.00,10.5739,-1,-1,-1
34,1,2169.00,1355.00,66.00,90.00,10.5555,-1,-1,-1
35,1,2168.00,1354.00,67.00,91.00,10.5707,-1,-1,-1
35,2,1863.00,1167.00,84.00,112.00,10.5337,-1,-1,-1
36,1,2165.00,1354.00,66.00,89.00,10.5867,-1,-1,-1
36,2,1859.00,1167.00,85.00,113.00,10.4638,-1,-1,-1
37,1,2162.00,1353.00,65.00,89.00,10.5935,-1,-1,-1
37,2,1857.00,1167.00,82.00,113.00,10.4058,-1,-1,-1
38,1,2158.00,1351.00,66.00,90.00,10.5950,-1,-1,-1
38,2,1853.00,1165.00,81.00,112.00,10.3769,-1,-1,-1
39,1,2154.00,1351.00,65.00,90.00,10.6046,-1,-1,-1
39,2,1849.00,1165.00,80.00,110.00,10.3772,-1,-1,-1
40,1,2149.00,1351.00,65.00,88.00,10.5443,-1,-1,-1
40,2,1846.00,1164.00,79.00,109.00,10.3995,-1,-1,-1
41,1,2145.00,1348.00,67.00,89.00,10.4886,-1,-1,-1
41,2,1842.00,1163.00,79.00,110.00,10.3498,-1,-1,-1
42,1,2141.00,1347.00,67.00,89.00,10.5060,-1,-1,-1
42,2,1836.00,1163.00,81.00,113.00,10.3268,-1,-1,-1
43,1,2138.00,1346.00,66.00,88.00,10.5527,-1,-1,-1
43,2,1833.00,1161.00,80.00,112.00,10.3599,-1,-1,-1
44,1,2133.00,1346.00,67.00,89.00,10.5594,-1,-1,-1
44,2,1829.00,1161.00,80.00,109.00,10.3028,-1,-1,-1
45,1,2129.00,1345.00,66.00,87.00,10.5626,-1,-1,-1
45,2,1825.00,1161.00,77.00,107.00,10.3195,-1,-1,-1
46,1,2122.00,1343.00,67.00,89.00,10.5090,-1,-1,-1
46,2,1818.00,1159.00,79.00,112.00,10.2142,-1,-1,-1
47,1,2115.00,1342.00,67.00,89.00,10.5534,-1,-1,-1
47,2,1811.00,1158.00,78.00,111.00,10.2337,-1,-1,-1
48,1,2106.00,1340.00,67.00,89.00,10.5542,-1,-1,-1
48,2,1804.00,1159.00,74.00,105.00,10.2669,-1,-1,-1
49,1,2096.00,1339.00,67.00,89.00,10.5628,-1,-1,-1
49,2,1792.00,1157.00,76.00,111.00,10.2490,-1,-1,-1
50,1,2088.00,1336.00,66.00,89.00,10.5028,-1,-1,-1
50,2,1783.00,1156.00,76.00,107.00,10.2176,-1,-1,-1
51,1,2080.00,1336.00,68.00,88.00,10.5056,-1,-1,-1
51,2,1775.00,1156.00,75.00,106.00,10.2563,-1,-1,-1
52,1,2076.00,1334.00,68.00,89.00,10.4982,-1,-1,-1
52,2,1769.00,1155.00,76.00,110.00,10.1989,-1,-1,-1
53,1,2074.00,1334.00,67.00,89.00,10.4484,-1,-1,-1
53,2,1767.00,1152.00,76.00,117.00,10.2297,-1,-1,-1
54,1,2073.00,1333.00,68.00,89.00,10.4185,-1,-1,-1
54,2,1768.00,1153.00,75.00,111.00,10.2553,-1,-1,-1
55,1,2073.00,1333.00,68.00,91.00,10.3948,-1,-1,-1
55,2,1767.00,1152.00,74.00,112.00,10.3020,-1,-1,-1
56,1,2073.00,1333.00,68.00,90.00,10.3808,-1,-1,-1
56,2,1767.00,1151.00,74.00,112.00,10.3503,-1,-1,-1
57,1,2073.00,1332.00,69.00,91.00,10.3811,-1,-1,-1
57,2,1766.00,1149.00,75.00,113.00,10.3766,-1,-1,-1
58,2,1766.00,1149.00,75.00,112.00,10.4006,-1,-1,-1
58,1,2073.00,1332.00,68.00,90.00,10.3811,-1,-1,-1
59,2,1765.00,1148.00,75.00,112.00,10.4082,-1,-1,-1
59,1,2073.00,1332.00,68.00,89.00,10.3915,-1,-1,-1
60,1,2073.00,1331.00,68.00,89.00,10.4091,-1,-1,-1
60,2,1765.00,1148.00,76.00,112.00,10.3938,-1,-1,-1
61,1,2073.00,1331.00,68.00,89.00,10.4171,-1,-1,-1
61,2,1765.00,1147.00,76.00,110.00,10.3769,-1,-1,-1
62,1,2073.00,1331.00,68.00,89.00,10.4261,-1,-1,-1
62,2,1766.00,1146.00,74.00,107.00,10.3039,-1,-1,-1
63,1,2073.00,1331.00,68.00,89.00,10.4336,-1,-1,-1
63,2,1764.00,1144.00,77.00,114.00,10.2230,-1,-1,-1
64,1,2073.00,1330.00,68.00,89.00,10.4425,-1,-1,-1
64,2,1765.00,1144.00,75.00,109.00,10.1582,-1,-1,-1
65,1,2072.00,1330.00,69.00,89.00,10.4491,-1,-1,-1
65,2,1764.00,1142.00,75.00,111.00,10.0625,-1,-1,-1
66,1,2072.00,1330.00,69.00,89.00,10.4446,-1,-1,-1
66,2,1765.00,1141.00,75.00,111.00,10.0046,-1,-1,-1
67,1,2072.00,1330.00,68.00,89.00,10.4429,-1,-1,-1
67,2,1765.00,1141.00,75.00,110.00,10.0095,-1,-1,-1
68,1,2072.00,1330.00,69.00,89.00,10.4244,-1,-1,-1
68,2,1765.00,1139.00,75.00,111.00,9.9700,-1,-1,-1
69,1,2072.00,1330.00,68.00,89.00,10.4123,-1,-1,-1
69,2,1765.00,1139.00,74.00,108.00,9.8871,-1,-1,-1
70,1,2072.00,1330.00,68.00,88.00,10.4037,-1,-1,-1
70,2,1765.00,1138.00,75.00,108.00,9.7876,-1,-1,-1
71,1,2072.00,1329.00,68.00,89.00,10.3964,-1,-1,-1
71,2,1765.00,1138.00,73.00,104.00,9.7676,-1,-1,-1
72,1,2072.00,1329.00,67.00,88.00,10.3903,-1,-1,-1
72,2,1764.00,1137.00,73.00,104.00,9.7951,-1,-1,-1
73,1,2072.00,1329.00,67.00,88.00,10.3817,-1,-1,-1
73,2,1763.00,1135.00,74.00,105.00,9.8376,-1,-1,-1
74,1,2072.00,1329.00,67.00,88.00,10.3605,-1,-1,-1
74,2,1763.00,1134.00,74.00,103.00,9.9236,-1,-1,-1
75,1,2072.00,1329.00,66.00,88.00,10.3451,-1,-1,-1
75,2,1762.00,1132.00,75.00,106.00,9.9488,-1,-1,-1
76,1,2073.00,1329.00,67.00,87.00,10.3306,-1,-1,-1
76,2,1762.00,1131.00,75.00,106.00,9.9684,-1,-1,-1
77,1,2072.00,1329.00,67.00,87.00,10.3260,-1,-1,-1
77,2,1762.00,1129.00,77.00,111.00,9.9381,-1,-1,-1
78,1,2073.00,1329.00,66.00,87.00,10.3215,-1,-1,-1
78,2,1761.00,1128.00,77.00,110.00,9.9256,-1,-1,-1
79,1,2072.00,1328.00,67.00,87.00,10.3159,-1,-1,-1
79,2,1760.00,1127.00,79.00,111.00,9.9171,-1,-1,-1
80,1,2072.00,1328.00,67.00,87.00,10.3154,-1,-1,-1
80,2,1760.00,1126.00,80.00,112.00,9.9357,-1,-1,-1
81,1,2072.00,1327.00,67.00,88.00,10.3099,-1,-1,-1
81,2,1760.00,1125.00,81.00,115.00,9.9227,-1,-1,-1
82,1,2072.00,1327.00,67.00,88.00,10.3029,-1,-1,-1
82,2,1759.00,1124.00,81.00,114.00,9.9377,-1,-1,-1
82,3,1703.00,1257.00,73.00,45.00,2.7509,-1,-1,-1
83,1,2072.00,1327.00,67.00,88.00,10.2992,-1,-1,-1
83,2,1759.00,1122.00,82.00,116.00,9.9283,-1,-1,-1
83,3,1703.00,1257.00,74.00,45.00,3.5088,-1,-1,-1
84,1,2073.00,1326.00,67.00,88.00,10.2919,-1,-1,-1
84,2,1759.00,1121.00,84.00,119.00,9.8585,-1,-1,-1
84,3,1703.00,1257.00,73.00,45.00,4.1447,-1,-1,-1
85,1,2073.00,1326.00,67.00,88.00,10.2763,-1,-1,-1
85,2,1759.00,1119.00,84.00,120.00,9.7588,-1,-1,-1
85,3,1702.00,1256.00,73.00,45.00,4.7131,-1,-1,-1
86,1,2073.00,1326.00,67.00,88.00,10.2675,-1,-1,-1
86,2,1760.00,1119.00,80.00,114.00,9.6593,-1,-1,-1
86,3,1702.00,1256.00,72.00,45.00,5.1786,-1,-1,-1
87,1,2074.00,1325.00,67.00,88.00,10.2533,-1,-1,-1
87,2,1760.00,1117.00,81.00,114.00,9.7031,-1,-1,-1
87,3,1702.00,1256.00,71.00,45.00,5.5516,-1,-1,-1
88,1,2075.00,1325.00,67.00,88.00,10.2427,-1,-1,-1
88,2,1760.00,1115.00,81.00,113.00,9.7419,-1,-1,-1
88,3,1703.00,1257.00,70.00,45.00,5.8962,-1,-1,-1
89,1,2076.00,1324.00,67.00,88.00,10.2432,-1,-1,-1
89,2,1760.00,1113.00,81.00,113.00,9.7843,-1,-1,-1
89,3,1703.00,1256.00,70.00,45.00,6.2150,-1,-1,-1
90,1,2076.00,1322.00,68.00,88.00,10.2694,-1,-1,-1
90,2,1760.00,1112.00,81.00,114.00,9.7919,-1,-1,-1
90,3,1703.00,1257.00,69.00,44.00,6.5361,-1,-1,-1
91,1,2077.00,1322.00,68.00,88.00,10.3219,-1,-1,-1
91,2,1761.00,1109.00,83.00,117.00,9.7111,-1,-1,-1
91,3,1703.00,1257.00,68.00,44.00,6.7886,-1,-1,-1
92,1,2078.00,1321.00,68.00,88.00,10.3838,-1,-1,-1
92,2,1762.00,1109.00,81.00,108.00,9.7247,-1,-1,-1
92,3,1703.00,1256.00,68.00,45.00,7.0571,-1,-1,-1
93,1,2080.00,1321.00,67.00,88.00,10.4266,-1,-1,-1
93,2,1763.00,1107.00,79.00,106.00,9.7862,-1,-1,-1
93,3,1704.00,1256.00,69.00,44.00,7.2657,-1,-1,-1
94,1,2081.00,1320.00,67.00,88.00,10.4564,-1,-1,-1
94,2,1764.00,1106.00,79.00,109.00,9.7588,-1,-1,-1
94,3,1704.00,1255.00,70.00,44.00,7.4272,-1,-1,-1
95,1,2083.00,1319.00,66.00,88.00,10.4547,-1,-1,-1
95,2,1764.00,1105.00,79.00,105.00,9.7359,-1,-1,-1
95,3,1705.00,1255.00,71.00,44.00,7.5805,-1,-1,-1
96,1,2084.00,1318.00,67.00,88.00,10.4284,-1,-1,-1
96,2,1765.00,1104.00,81.00,108.00,9.6197,-1,-1,-1
96,3,1706.00,1255.00,71.00,44.00,7.7227,-1,-1,-1
97,1,2084.00,1317.00,68.00,89.00,10.3698,-1,-1,-1
97,2,1767.00,1106.00,78.00,102.00,9.5367,-1,-1,-1
97,3,1706.00,1254.00,72.00,45.00,7.8191,-1,-1,-1
98,1,2087.00,1315.00,67.00,89.00,10.3079,-1,-1,-1
98,2,1767.00,1104.00,82.00,103.00,9.6102,-1,-1,-1
98,3,1707.00,1253.00,72.00,45.00,7.9496,-1,-1,-1
99,1,2089.00,1313.00,66.00,89.00,10.2982,-1,-1,-1
99,2,1767.00,1102.00,85.00,104.00,9.7151,-1,-1,-1
99,3,1708.00,1252.00,70.00,44.00,8.0822,-1,-1,-1
100,1,2090.00,1313.00,67.00,90.00,10.3079,-1,-1,-1
100,2,1769.00,1100.00,82.00,102.00,9.8023,-1,-1,-1
100,3,1709.00,1251.00,71.00,45.00,8.2490,-1,-1,-1
101,1,2092.00,1312.00,66.00,89.00,10.3467,-1,-1,-1
101,2,1770.00,1098.00,83.00,103.00,9.8689,-1,-1,-1
101,3,1711.00,1250.00,70.00,45.00,8.3714,-1,-1,-1
102,1,2094.00,1311.00,66.00,89.00,10.3863,-1,-1,-1
102,2,1769.00,1096.00,89.00,106.00,9.9788,-1,-1,-1
102,3,1712.00,1249.00,70.00,46.00,8.4201,-1,-1,-1
103,1,2095.00,1309.00,68.00,89.00,10.4100,-1,-1,-1
103,2,1770.00,1095.00,89.00,106.00,10.0666,-1,-1,-1
103,3,1714.00,1248.00,70.00,45.00,8.4108,-1,-1,-1
104,1,2097.00,1309.00,67.00,89.00,10.4171,-1,-1,-1
104,2,1771.00,1093.00,89.00,104.00,10.1368,-1,-1,-1
104,3,1715.00,1247.00,71.00,46.00,8.3956,-1,-1,-1
105,1,2099.00,1309.00,66.00,88.00,10.3975,-1,-1,-1
105,2,1772.00,1092.00,89.00,102.00,10.1782,-1,-1,-1
105,3,1717.00,1245.00,74.00,46.00,8.3646,-1,-1,-1
106,1,2101.00,1308.00,66.00,88.00,10.3962,-1,-1,-1
106,2,1773.00,1091.00,91.00,102.00,10.2059,-1,-1,-1
106,3,1718.00,1245.00,73.00,46.00,8.3867,-1,-1,-1
107,1,2103.00,1306.00,67.00,89.00,10.4130,-1,-1,-1
107,2,1775.00,1089.00,89.00,101.00,10.2235,-1,-1,-1
107,3,1720.00,1245.00,72.00,45.00,8.4305,-1,-1,-1
108,1,2106.00,1305.00,67.00,87.00,10.4172,-1,-1,-1
108,2,1776.00,1088.00,89.00,100.00,10.2437,-1,-1,-1
108,3,1722.00,1243.00,72.00,46.00,8.3105,-1,-1,-1
109,1,2107.00,1304.00,68.00,88.00,10.4303,-1,-1,-1
109,2,1779.00,1086.00,89.00,100.00,10.2806,-1,-1,-1
109,3,1724.00,1242.00,73.00,46.00,8.2691,-1,-1,-1
110,1,2109.00,1302.00,68.00,88.00,10.4300,-1,-1,-1
110,2,1779.00,1085.00,90.00,100.00,10.2985,-1,-1,-1
110,3,1726.00,1241.00,76.00,46.00,8.2679,-1,-1,-1
111,1,2112.00,1299.00,68.00,89.00,10.4633,-1,-1,-1
111,2,1781.00,1083.00,88.00,97.00,10.2956,-1,-1,-1
111,3,1727.00,1239.00,77.00,46.00,8.3548,-1,-1,-1
112,1,2113.00,1298.00,68.00,89.00,10.5028,-1,-1,-1
112,2,1782.00,1081.00,88.00,97.00,10.2911,-1,-1,-1
112,3,1727.00,1238.00,78.00,46.00,8.4909,-1,-1,-1
113,1,2115.00,1297.00,67.00,88.00,10.5434,-1,-1,-1
113,2,1782.00,1079.00,88.00,98.00,10.2815,-1,-1,-1
113,3,1728.00,1238.00,77.00,45.00,8.5884,-1,-1,-1
114,1,2117.00,1294.00,66.00,90.00,10.5684,-1,-1,-1
114,2,1783.00,1076.00,88.00,98.00,10.2332,-1,-1,-1
114,3,1729.00,1236.00,79.00,46.00,8.6603,-1,-1,-1
115,1,2119.00,1293.00,66.00,90.00,10.5486,-1,-1,-1
115,2,1783.00,1075.00,89.00,98.00,10.1827,-1,-1,-1
115,3,1730.00,1235.00,76.00,46.00,8.7413,-1,-1,-1
116,1,2120.00,1292.00,65.00,89.00,10.5013,-1,-1,-1
116,2,1783.00,1073.00,90.00,99.00,10.1777,-1,-1,-1
116,3,1731.00,1234.00,77.00,46.00,8.8238,-1,-1,-1
117,1,2122.00,1290.00,67.00,91.00,10.4418,-1,-1,-1
117,2,1783.00,1071.00,92.00,99.00,10.1924,-1,-1,-1
117,3,1732.00,1233.00,76.00,45.00,8.8903,-1,-1,-1
118,1,2123.00,1288.00,67.00,89.00,10.3664,-1,-1,-1
118,2,1783.00,1068.00,94.00,100.00,10.2465,-1,-1,-1
118,3,1733.00,1233.00,73.00,45.00,8.9473,-1,-1,-1
119,1,2126.00,1286.00,66.00,89.00,10.3321,-1,-1,-1
119,2,1783.00,1066.00,95.00,99.00,10.3056,-1,-1,-1
119,3,1734.00,1232.00,74.00,45.00,8.9659,-1,-1,-1
120,2,1784.00,1064.00,95.00,99.00,10.3496,-1,-1,-1
120,1,2127.00,1284.00,66.00,89.00,10.3469,-1,-1,-1
120,3,1735.00,1231.00,73.00,45.00,8.9894,-1,-1,-1
121,2,1784.00,1062.00,95.00,98.00,10.3719,-1,-1,-1
121,1,2129.00,1282.00,66.00,89.00,10.3628,-1,-1,-1
121,3,1736.00,1229.00,73.00,45.00,8.9917,-1,-1,-1
122,2,1785.00,1060.00,95.00,98.00,10.3504,-1,-1,-1
122,1,2131.00,1280.00,65.00,89.00,10.3388,-1,-1,-1
122,3,1737.00,1228.00,72.00,46.00,9.0098,-1,-1,-1
123,1,2133.00,1278.00,67.00,88.00,10.3456,-1,-1,-1
123,2,1786.00,1058.00,97.00,100.00,10.2906,-1,-1,-1
123,3,1738.00,1226.00,75.00,47.00,8.8921,-1,-1,-1
124,1,2135.00,1275.00,66.00,88.00,10.3684,-1,-1,-1
124,2,1786.00,1054.00,97.00,100.00,10.2538,-1,-1,-1
124,3,1739.00,1225.00,69.00,46.00,8.9142,-1,-1,-1
125,1,2138.00,1273.00,64.00,89.00,10.3871,-1,-1,-1
125,2,1786.00,1052.00,100.00,102.00,10.2652,-1,-1,-1
125,3,1740.00,1223.00,71.00,46.00,8.8860,-1,-1,-1
126,1,2140.00,1271.00,63.00,89.00,10.4065,-1,-1,-1
126,2,1787.00,1049.00,97.00,99.00,10.2730,-1,-1,-1
126,3,1742.00,1221.00,73.00,47.00,8.8241,-1,-1,-1
127,1,2142.00,1269.00,62.00,90.00,10.3841,-1,-1,-1
127,2,1788.00,1047.00,97.00,99.00,10.2661,-1,-1,-1
127,3,1744.00,1219.00,76.00,46.00,8.8412,-1,-1,-1
128,1,2144.00,1266.00,62.00,90.00,10.3757,-1,-1,-1
128,2,1788.00,1043.00,98.00,99.00,10.2728,-1,-1,-1
128,3,1745.00,1217.00,75.00,46.00,8.7601,-1,-1,-1
129,1,2146.00,1263.00,62.00,91.00,10.3804,-1,-1,-1
129,2,1790.00,1040.00,97.00,99.00,10.2545,-1,-1,-1
129,3,1747.00,1214.00,77.00,47.00,8.7101,-1,-1,-1
130,1,2148.00,1261.00,62.00,89.00,10.3767,-1,-1,-1
130,2,1790.00,1038.00,102.00,101.00,10.2347,-1,-1,-1
130,3,1749.00,1212.00,78.00,47.00,8.7067,-1,-1,-1
131,1,2151.00,1258.00,61.00,90.00,10.3602,-1,-1,-1
131,2,1791.00,1035.00,101.00,102.00,10.2188,-1,-1,-1
131,3,1751.00,1210.00,78.00,48.00,8.7017,-1,-1,-1
132,1,2153.00,1256.00,60.00,88.00,10.2750,-1,-1,-1
132,2,1792.00,1032.00,102.00,103.00,10.2421,-1,-1,-1
132,3,1753.00,1208.00,74.00,47.00,8.7181,-1,-1,-1
133,1,2155.00,1253.00,61.00,88.00,10.2885,-1,-1,-1
133,2,1793.00,1028.00,103.00,105.00,10.2840,-1,-1,-1
133,3,1754.00,1206.00,77.00,47.00,8.7074,-1,-1,-1
134,2,1794.00,1024.00,101.00,103.00,10.3383,-1,-1,-1
134,1,2156.00,1250.00,60.00,88.00,10.3101,-1,-1,-1
134,3,1756.00,1205.00,74.00,47.00,8.7171,-1,-1,-1
135,2,1796.00,1022.00,100.00,101.00,10.3421,-1,-1,-1
135,1,2158.00,1246.00,60.00,90.00,10.3222,-1,-1,-1
135,3,1758.00,1203.00,72.00,47.00,8.6692,-1,-1,-1
136,2,1798.00,1019.00,102.00,103.00,10.3430,-1,-1,-1
136,1,2161.00,1243.00,59.00,91.00,10.2973,-1,-1,-1
136,3,1759.00,1200.00,73.00,48.00,8.7475,-1,-1,-1
137,2,1799.00,1016.00,101.00,102.00,10.3577,-1,-1,-1
137,1,2164.00,1241.00,60.00,90.00,10.2599,-1,-1,-1
137,3,1761.00,1198.00,71.00,47.00,8.8219,-1,-1,-1
138,2,1800.00,1014.00,102.00,101.00,10.3716,-1,-1,-1
138,1,2166.00,1238.00,59.00,91.00,10.2420,-1,-1,-1
138,3,1763.00,1196.00,71.00,47.00,8.8404,-1,-1,-1
139,2,1802.00,1012.00,101.00,100.00,10.3554,-1,-1,-1
139,1,2168.00,1237.00,57.00,89.00,10.2512,-1,-1,-1
139,3,1766.00,1194.00,73.00,47.00,8.7939,-1,-1,-1
140,2,1804.00,1008.00,102.00,102.00,10.3174,-1,-1,-1
140,1,2170.00,1233.00,57.00,91.00,10.2904,-1,-1,-1
140,3,1768.00,1193.00,72.00,46.00,8.7195,-1,-1,-1
141,1,2172.00,1230.00,58.00,89.00,10.3137,-1,-1,-1
141,2,1807.00,1006.00,100.00,102.00,10.2062,-1,-1,-1
141,3,1770.00,1190.00,74.00,46.00,8.6586,-1,-1,-1
142,1,2173.00,1226.00,60.00,89.00,10.3193,-1,-1,-1
142,2,1807.00,1004.00,103.00,102.00,10.2078,-1,-1,-1
142,3,1773.00,1187.00,74.00,47.00,8.5993,-1,-1,-1
143,1,2175.00,1223.00,61.00,89.00,10.3330,-1,-1,-1
143,2,1809.00,1000.00,104.00,104.00,10.1956,-1,-1,-1
143,3,1775.00,1185.00,74.00,47.00,8.6239,-1,-1,-1
144,1,2178.00,1220.00,60.00,90.00,10.2973,-1,-1,-1
144,2,1811.00,997.00,102.00,100.00,10.1534,-1,-1,-1
144,3,1777.00,1184.00,74.00,46.00,8.5037,-1,-1,-1
145,1,2180.00,1217.00,58.00,89.00,10.3150,-1,-1,-1
145,2,1812.00,994.00,103.00,101.00,10.1318,-1,-1,-1
145,3,1779.00,1181.00,72.00,47.00,8.4803,-1,-1,-1
146,1,2182.00,1215.00,59.00,90.00,10.3568,-1,-1,-1
146,2,1814.00,991.00,104.00,102.00,10.0777,-1,-1,-1
146,3,1781.00,1178.00,72.00,48.00,8.5341,-1,-1,-1
147,1,2183.00,1210.00,60.00,90.00,10.3431,-1,-1,-1
147,2,1815.00,989.00,103.00,99.00,10.0233,-1,-1,-1
147,3,1782.00,1176.00,71.00,48.00,8.6582,-1,-1,-1
148,1,2185.00,1206.00,62.00,89.00,10.3383,-1,-1,-1
148,2,1817.00,986.00,102.00,99.00,9.9788,-1,-1,-1
148,3,1785.00,1173.00,72.00,48.00,8.6510,-1,-1,-1
149,1,2187.00,1204.00,63.00,88.00,10.3133,-1,-1,-1
149,2,1819.00,983.00,102.00,99.00,10.0178,-1,-1,-1
149,3,1788.00,1171.00,73.00,47.00,8.5495,-1,-1,-1
150,1,2189.00,1200.00,63.00,88.00,10.3448,-1,-1,-1
150,2,1819.00,979.00,103.00,100.00,10.0826,-1,-1,-1
150,3,1790.00,1168.00,71.00,47.00,8.4937,-1,-1,-1
151,1,2192.00,1198.00,61.00,88.00,10.3319,-1,-1,-1
151,2,1821.00,976.00,105.00,99.00,10.1316,-1,-1,-1
151,3,1793.00,1165.00,71.00,47.00,8.3994,-1,-1,-1
152,1,2192.00,1193.00,64.00,90.00,10.3810,-1,-1,-1
152,2,1825.00,973.00,101.00,99.00,10.0139,-1,-1,-1
152,3,1796.00,1162.00,75.00,47.00,8.3295,-1,-1,-1
153,1,2196.00,1190.00,63.00,89.00,10.4443,-1,-1,-1
153,2,1826.00,970.00,102.00,98.00,9.9825,-1,-1,-1
153,3,1799.00,1159.00,74.00,47.00,8.2844,-1,-1,-1
154,1,2197.00,1185.00,64.00,89.00,10.4961,-1,-1,-1
154,2,1828.00,967.00,100.00,99.00,9.9191,-1,-1,-1
154,3,1801.00,1157.00,73.00,47.00,7.8507,-1,-1,-1
155,1,2199.00,1181.00,66.00,89.00,10.4659,-1,-1,-1
155,2,1829.00,964.00,102.00,99.00,9.9107,-1,-1,-1
155,3,1803.00,1153.00,74.00,48.00,7.8698,-1,-1,-1
156,1,2202.00,1179.00,65.00,87.00,10.4395,-1,-1,-1
156,2,1831.00,961.00,104.00,99.00,9.9159,-1,-1,-1
156,3,1805.00,1150.00,73.00,48.00,8.0545,-1,-1,-1
157,1,2204.00,1175.00,66.00,89.00,10.4373,-1,-1,-1
157,2,1834.00,957.00,103.00,99.00,9.8737,-1,-1,-1
157,3,1807.00,1146.00,75.00,49.00,8.1621,-1,-1,-1
158,1,2205.00,1171.00,68.00,90.00,10.4538,-1,-1,-1
158,2,1835.00,954.00,105.00,99.00,9.9413,-1,-1,-1
158,3,1810.00,1144.00,73.00,48.00,8.2117,-1,-1,-1
159,1,2207.00,1167.00,69.00,91.00,10.4559,-1,-1,-1
159,2,1835.00,950.00,108.00,101.00,10.0088,-1,-1,-1
159,3,1814.00,1142.00,73.00,47.00,8.0760,-1,-1,-1
160,1,2208.00,1164.00,71.00,90.00,10.4744,-1,-1,-1
160,2,1838.00,947.00,107.00,98.00,9.9923,-1,-1,-1
160,3,1816.00,1138.00,73.00,47.00,8.0917,-1,-1,-1
161,1,2211.00,1161.00,71.00,89.00,10.5068,-1,-1,-1
161,2,1840.00,943.00,106.00,100.00,9.9516,-1,-1,-1
161,3,1820.00,1136.00,75.00,47.00,8.0671,-1,-1,-1
162,1,2213.00,1157.00,71.00,88.00,10.5414,-1,-1,-1
162,2,1842.00,940.00,106.00,98.00,9.9909,-1,-1,-1
162,3,1822.00,1133.00,74.00,47.00,7.9608,-1,-1,-1
163,1,2215.00,1153.00,73.00,89.00,10.5465,-1,-1,-1
163,2,1843.00,936.00,104.00,97.00,10.0261,-1,-1,-1
163,3,1825.00,1130.00,72.00,48.00,7.9149,-1,-1,-1
164,1,2217.00,1149.00,74.00,90.00,10.5599,-1,-1,-1
164,2,1844.00,931.00,107.00,98.00,10.0961,-1,-1,-1
164,3,1828.00,1127.00,71.00,47.00,8.0613,-1,-1,-1
165,1,2219.00,1145.00,76.00,90.00,10.5748,-1,-1,-1
165,2,1845.00,928.00,108.00,99.00,10.1428,-1,-1,-1
165,3,1829.00,1124.00,76.00,48.00,8.1923,-1,-1,-1
166,1,2221.00,1143.00,77.00,89.00,10.5874,-1,-1,-1
166,2,1848.00,924.00,104.00,98.00,10.0147,-1,-1,-1
166,3,1832.00,1121.00,74.00,48.00,8.2904,-1,-1,-1
167,1,2224.00,1139.00,77.00,89.00,10.5597,-1,-1,-1
167,2,1849.00,920.00,106.00,97.00,9.9956,-1,-1,-1
167,3,1835.00,1118.00,72.00,47.00,8.3091,-1,-1,-1
168,1,2228.00,1137.00,78.00,87.00,10.5764,-1,-1,-1
168,2,1854.00,917.00,105.00,98.00,9.9430,-1,-1,-1
168,3,1840.00,1114.00,71.00,47.00,8.2899,-1,-1,-1
169,1,2231.00,1133.00,79.00,88.00,10.6007,-1,-1,-1
169,2,1857.00,914.00,109.00,100.00,9.8810,-1,-1,-1
169,3,1845.00,1111.00,74.00,48.00,8.1658,-1,-1,-1
170,1,2235.00,1130.00,79.00,87.00,10.5806,-1,-1,-1
170,2,1861.00,911.00,108.00,97.00,9.8898,-1,-1,-1
170,3,1848.00,1107.00,74.00,50.00,8.1394,-1,-1,-1
171,1,2239.00,1127.00,80.00,87.00,10.5602,-1,-1,-1
171,2,1864.00,907.00,110.00,99.00,9.9127,-1,-1,-1
171,3,1854.00,1106.00,71.00,48.00,8.2184,-1,-1,-1
172,1,2243.00,1124.00,83.00,88.00,10.5754,-1,-1,-1
172,2,1866.00,903.00,113.00,101.00,9.9662,-1,-1,-1
172,3,1858.00,1102.00,71.00,48.00,8.3484,-1,-1,-1
173,1,2247.00,1122.00,84.00,87.00,10.5733,-1,-1,-1
173,2,1870.00,901.00,107.00,97.00,9.9255,-1,-1,-1
173,3,1862.00,1100.00,70.00,48.00,8.4515,-1,-1,-1
174,1,2250.00,1119.00,83.00,87.00,10.5165,-1,-1,-1
174,2,1874.00,899.00,105.00,95.00,9.8448,-1,-1,-1
174,3,1866.00,1097.00,72.00,47.00,8.4500,-1,-1,-1
175,1,2253.00,1116.00,84.00,86.00,10.5011,-1,-1,-1
175,2,1875.00,896.00,109.00,96.00,9.8178,-1,-1,-1
175,3,1869.00,1094.00,69.00,48.00,8.5959,-1,-1,-1
176,1,2253.00,1112.00,85.00,87.00,10.4912,-1,-1,-1
176,2,1876.00,893.00,107.00,96.00,9.8406,-1,-1,-1
176,3,1871.00,1091.00,72.00,48.00,8.6569,-1,-1,-1
177,1,2254.00,1109.00,85.00,87.00,10.4749,-1,-1,-1
177,2,1877.00,890.00,109.00,96.00,9.8124,-1,-1,-1
177,3,1873.00,1088.00,73.00,48.00,8.6909,-1,-1,-1
178,1,2256.00,1105.00,84.00,85.00,10.3967,-1,-1,-1
178,2,1876.00,887.00,111.00,97.00,9.7991,-1,-1,-1
178,3,1873.00,1085.00,74.00,48.00,8.7202,-1,-1,-1
179,1,2255.00,1101.00,86.00,85.00,10.3347,-1,-1,-1
179,2,1875.00,883.00,112.00,98.00,9.7663,-1,-1,-1
179,3,1874.00,1082.00,73.00,48.00,8.7088,-1,-1,-1
180,1,2254.00,1098.00,87.00,85.00,10.2938,-1,-1,-1
180,3,1873.00,1078.00,74.00,50.00,8.7688,-1,-1,-1
180,2,1875.00,879.00,112.00,98.00,6.8921,-1,-1,-1
181,1,2253.00,1094.00,86.00,83.00,10.2562,-1,-1,-1
181,3,1872.00,1075.00,74.00,50.00,8.8671,-1,-1,-1
181,2,1875.00,876.00,112.00,98.00,4.8127,-1,-1,-1
182,1,2251.00,1090.00,86.00,82.00,10.2003,-1,-1,-1
182,3,1871.00,1074.00,76.00,48.00,8.6909,-1,-1,-1
183,1,2243.00,1085.00,88.00,81.00,10.1928,-1,-1,-1
183,3,1867.00,1070.00,71.00,47.00,8.5925,-1,-1,-1
184,3,1859.00,1066.00,73.00,49.00,8.6197,-1,-1,-1
184,1,2237.00,1080.00,88.00,81.00,7.2003,-1,-1,-1
185,3,1850.00,1063.00,76.00,49.00,8.6641,-1,-1,-1
185,1,2231.00,1074.00,88.00,81.00,5.0327,-1,-1,-1
185,4,1813.00,868.00,129.00,74.00,3.4955,-1,-1,-1
186,3,1841.00,1061.00,72.00,47.00,8.5731,-1,-1,-1
186,4,1801.00,866.00,129.00,73.00,4.3867,-1,-1,-1
187,3,1829.00,1058.00,73.00,48.00,8.5705,-1,-1,-1
187,4,1787.00,863.00,127.00,71.00,5.2457,-1,-1,-1
188,3,1815.00,1055.00,71.00,48.00,8.6323,-1,-1,-1
188,4,1772.00,859.00,126.00,71.00,5.9921,-1,-1,-1
189,3,1801.00,1052.00,76.00,49.00,8.6440,-1,-1,-1
189,4,1756.00,857.00,125.00,70.00,6.5722,-1,-1,-1
189,5,2142.00,1047.00,111.00,64.00,3.4733,-1,-1,-1
190,3,1787.00,1049.00,73.00,49.00,8.6004,-1,-1,-1
190,4,1738.00,853.00,129.00,72.00,6.9873,-1,-1,-1
190,5,2124.00,1042.00,117.00,63.00,4.4108,-1,-1,-1
191,3,1773.00,1046.00,71.00,48.00,8.6724,-1,-1,-1
191,4,1722.00,850.00,128.00,71.00,7.4656,-1,-1,-1
191,5,2107.00,1036.00,120.00,64.00,5.2777,-1,-1,-1
192,3,1758.00,1043.00,74.00,49.00,8.6988,-1,-1,-1
192,4,1704.00,847.00,127.00,70.00,7.9239,-1,-1,-1
192,5,2092.00,1030.00,116.00,63.00,5.8410,-1,-1,-1
193,3,1742.00,1040.00,73.00,48.00,8.7384,-1,-1,-1
193,4,1685.00,844.00,128.00,71.00,8.2552,-1,-1,-1
193,5,2075.00,1023.00,116.00,64.00,6.4298,-1,-1,-1
194,3,1729.00,1039.00,74.00,48.00,8.7188,-1,-1,-1
194,4,1667.00,842.00,130.00,71.00,8.5734,-1,-1,-1
194,5,2056.00,1017.00,115.00,62.00,6.9856,-1,-1,-1
195,4,1650.00,840.00,129.00,71.00,8.8112,-1,-1,-1
195,3,1712.00,1036.00,73.00,48.00,8.7915,-1,-1,-1
195,5,2040.00,1012.00,118.00,63.00,7.4330,-1,-1,-1
196,4,1631.00,837.00,132.00,73.00,9.0710,-1,-1,-1
196,3,1699.00,1035.00,71.00,48.00,8.6262,-1,-1,-1
196,5,2025.00,1006.00,114.00,62.00,7.7401,-1,-1,-1
197,4,1615.00,836.00,127.00,70.00,9.2288,-1,-1,-1
197,3,1685.00,1033.00,73.00,48.00,8.5811,-1,-1,-1
197,5,2011.00,1001.00,109.00,60.00,7.9268,-1,-1,-1
198,4,1605.00,834.00,129.00,71.00,9.4107,-1,-1,-1
198,3,1678.00,1029.00,77.00,50.00,8.4477,-1,-1,-1
198,5,2002.00,996.00,113.00,60.00,8.2242,-1,-1,-1
199,4,1605.00,831.00,128.00,70.00,9.5515,-1,-1,-1
199,3,1679.00,1027.00,77.00,49.00,8.4185,-1,-1,-1
199,5,2003.00,993.00,114.00,60.00,8.3979,-1,-1,-1
200,4,1609.00,829.00,127.00,68.00,9.6684,-1,-1,-1
200,5,2006.00,990.00,110.00,59.00,8.5760,-1,-1,-1
200,3,1683.00,1025.00,74.00,49.00,8.4162,-1,-1,-1
201,4,1612.00,826.00,128.00,68.00,9.7167,-1,-1,-1
201,5,2011.00,987.00,107.00,58.00,8.7079,-1,-1,-1
201,3,1688.00,1021.00,75.00,50.00,8.4166,-1,-1,-1
202,4,1616.00,822.00,129.00,68.00,9.7826,-1,-1,-1
202,5,2015.00,984.00,102.00,57.00,8.8387,-1,-1,-1
202,3,1692.00,1017.00,72.00,50.00,8.5230,-1,-1,-1
203,4,1620.00,820.00,131.00,68.00,9.8754,-1,-1,-1
203,5,2019.00,980.00,107.00,59.00,8.7993,-1,-1,-1
203,3,1698.00,1015.00,73.00,48.00,8.4672,-1,-1,-1
204,4,1625.00,818.00,129.00,68.00,9.9313,-1,-1,-1
204,5,2023.00,977.00,109.00,60.00,8.7815,-1,-1,-1
204,3,1704.00,1013.00,72.00,48.00,8.3136,-1,-1,-1
205,4,1628.00,815.00,131.00,67.00,9.9780,-1,-1,-1
205,5,2027.00,974.00,106.00,58.00,8.8101,-1,-1,-1
205,3,1708.00,1010.00,71.00,48.00,8.2486,-1,-1,-1
206,4,1631.00,811.00,130.00,68.00,10.0164,-1,-1,-1
206,5,2031.00,971.00,109.00,60.00,8.8636,-1,-1,-1
206,3,1712.00,1005.00,75.00,49.00,8.2883,-1,-1,-1
207,4,1636.00,810.00,128.00,67.00,10.0359,-1,-1,-1
207,5,2035.00,967.00,106.00,60.00,8.9810,-1,-1,-1
207,3,1717.00,1002.00,75.00,49.00,5.8248,-1,-1,-1
208,4,1639.00,805.00,129.00,69.00,10.0292,-1,-1,-1
208,5,2038.00,964.00,107.00,60.00,9.0605,-1,-1,-1
208,3,1723.00,1002.00,73.00,48.00,6.1685,-1,-1,-1
209,4,1646.00,801.00,125.00,70.00,10.0845,-1,-1,-1
209,5,2042.00,961.00,106.00,61.00,9.0045,-1,-1,-1
209,3,1729.00,997.00,75.00,50.00,6.5295,-1,-1,-1
210,4,1648.00,800.00,130.00,69.00,10.0871,-1,-1,-1
210,5,2046.00,957.00,106.00,61.00,9.0420,-1,-1,-1
210,3,1734.00,995.00,75.00,50.00,6.8343,-1,-1,-1
211,4,1651.00,796.00,128.00,68.00,10.1047,-1,-1,-1
211,5,2050.00,954.00,105.00,61.00,9.0337,-1,-1,-1
211,3,1738.00,991.00,75.00,50.00,7.1276,-1,-1,-1
212,4,1656.00,794.00,127.00,68.00,10.0971,-1,-1,-1
212,5,2053.00,951.00,106.00,60.00,9.0766,-1,-1,-1
212,3,1745.00,990.00,73.00,49.00,7.3926,-1,-1,-1
213,4,1660.00,793.00,129.00,67.00,10.0963,-1,-1,-1
213,5,2058.00,948.00,106.00,59.00,9.1484,-1,-1,-1
213,3,1751.00,988.00,72.00,48.00,7.4551,-1,-1,-1
214,4,1664.00,790.00,129.00,67.00,10.0945,-1,-1,-1
214,5,2061.00,944.00,107.00,61.00,9.2007,-1,-1,-1
214,3,1756.00,986.00,72.00,47.00,7.5846,-1,-1,-1
215,4,1669.00,786.00,125.00,68.00,10.0702,-1,-1,-1
215,5,2065.00,943.00,106.00,60.00,9.2877,-1,-1,-1
215,3,1761.00,983.00,73.00,48.00,7.7474,-1,-1,-1
216,4,1673.00,783.00,124.00,70.00,10.0589,-1,-1,-1
216,5,2071.00,939.00,107.00,62.00,9.3705,-1,-1,-1
216,3,1768.00,981.00,69.00,47.00,7.8608,-1,-1,-1
217,4,1675.00,781.00,128.00,69.00,10.0674,-1,-1,-1
217,5,2075.00,937.00,106.00,61.00,9.2652,-1,-1,-1
217,3,1774.00,979.00,73.00,47.00,7.8062,-1,-1,-1
218,4,1681.00,779.00,128.00,69.00,10.1423,-1,-1,-1
218,5,2078.00,934.00,105.00,61.00,9.2522,-1,-1,-1
218,3,1780.00,977.00,75.00,48.00,7.8256,-1,-1,-1
219,4,1684.00,777.00,127.00,68.00,10.1419,-1,-1,-1
219,5,2081.00,932.00,106.00,60.00,9.3662,-1,-1,-1
219,3,1785.00,975.00,74.00,49.00,7.8954,-1,-1,-1
220,4,1690.00,774.00,126.00,69.00,10.1395,-1,-1,-1
220,5,2085.00,929.00,106.00,60.00,6.6003,-1,-1,-1
220,3,1790.00,973.00,74.00,49.00,5.5400,-1,-1,-1
221,4,1693.00,772.00,129.00,69.00,10.1413,-1,-1,-1
221,3,1797.00,971.00,72.00,47.00,5.9815,-1,-1,-1
221,5,2089.00,926.00,106.00,60.00,4.5957,-1,-1,-1
222,4,1698.00,770.00,126.00,68.00,10.1342,-1,-1,-1
222,3,1807.00,967.00,72.00,47.00,4.1600,-1,-1,-1
223,4,1702.00,770.00,127.00,67.00,10.1195,-1,-1,-1
223,3,1818.00,963.00,72.00,47.00,2.8421,-1,-1,-1
224,4,1708.00,767.00,124.00,68.00,10.1096,-1,-1,-1
224,3,1803.00,964.00,61.00,49.00,3.3952,-1,-1,-1
225,4,1711.00,764.00,124.00,69.00,10.0974,-1,-1,-1
225,3,1810.00,961.00,63.00,50.00,3.7443,-1,-1,-1
225,6,2091.00,906.00,110.00,63.00,3.5554,-1,-1,-1
226,4,1716.00,764.00,122.00,68.00,10.0786,-1,-1,-1
226,6,2096.00,904.00,110.00,63.00,4.4956,-1,-1,-1
226,3,1816.00,960.00,62.00,49.00,3.8748,-1,-1,-1
227,4,1721.00,760.00,124.00,69.00,9.9948,-1,-1,-1
227,6,2098.00,901.00,112.00,64.00,5.3625,-1,-1,-1
227,3,1820.00,957.00,70.00,53.00,4.1537,-1,-1,-1
228,4,1725.00,758.00,123.00,69.00,9.9465,-1,-1,-1
228,6,2102.00,899.00,113.00,63.00,5.9767,-1,-1,-1
228,3,1825.00,956.00,65.00,51.00,4.4941,-1,-1,-1
229,4,1731.00,758.00,122.00,68.00,9.9966,-1,-1,-1
229,6,2109.00,898.00,112.00,62.00,6.5495,-1,-1,-1
229,3,1831.00,954.00,65.00,50.00,4.7028,-1,-1,-1
230,4,1736.00,756.00,123.00,67.00,10.0165,-1,-1,-1
230,6,2113.00,895.00,110.00,61.00,6.9775,-1,-1,-1
230,3,1838.00,952.00,63.00,54.00,4.8527,-1,-1,-1
231,4,1741.00,753.00,121.00,68.00,9.9627,-1,-1,-1
231,6,2119.00,892.00,112.00,65.00,7.3742,-1,-1,-1
231,3,1844.00,949.00,72.00,55.00,5.0100,-1,-1,-1
232,4,1746.00,753.00,122.00,68.00,9.9135,-1,-1,-1
232,6,2121.00,887.00,114.00,69.00,7.8379,-1,-1,-1
232,3,1849.00,947.00,68.00,55.00,5.1526,-1,-1,-1
233,4,1751.00,750.00,121.00,68.00,9.8657,-1,-1,-1
233,6,2129.00,888.00,111.00,64.00,8.1393,-1,-1,-1
233,3,1855.00,944.00,67.00,55.00,5.2592,-1,-1,-1
234,4,1756.00,749.00,119.00,67.00,9.7898,-1,-1,-1
234,6,2133.00,884.00,113.00,68.00,8.3686,-1,-1,-1
234,3,1862.00,944.00,61.00,53.00,5.4052,-1,-1,-1
235,4,1761.00,747.00,120.00,67.00,9.7498,-1,-1,-1
235,6,2139.00,883.00,111.00,66.00,8.5944,-1,-1,-1
235,3,1867.00,941.00,71.00,56.00,5.4172,-1,-1,-1
236,4,1766.00,745.00,119.00,67.00,9.7312,-1,-1,-1
236,6,2144.00,881.00,110.00,66.00,8.7768,-1,-1,-1
236,3,1872.00,940.00,66.00,54.00,5.5430,-1,-1,-1
237,4,1770.00,741.00,124.00,69.00,9.8121,-1,-1,-1
237,6,2147.00,878.00,112.00,66.00,8.9829,-1,-1,-1
237,3,1879.00,939.00,63.00,53.00,5.6082,-1,-1,-1
238,4,1776.00,743.00,122.00,66.00,9.8304,-1,-1,-1
238,6,2152.00,876.00,112.00,66.00,8.9804,-1,-1,-1
238,3,1886.00,940.00,58.00,52.00,5.7362,-1,-1,-1
239,4,1781.00,741.00,120.00,66.00,9.7962,-1,-1,-1
239,6,2157.00,875.00,112.00,65.00,8.9669,-1,-1,-1
239,3,1892.00,938.00,58.00,52.00,5.7720,-1,-1,-1
240,4,1787.00,738.00,121.00,68.00,9.8044,-1,-1,-1
240,6,2162.00,873.00,113.00,66.00,8.9454,-1,-1,-1
240,3,1898.00,935.00,59.00,53.00,5.9159,-1,-1,-1
241,4,1791.00,737.00,120.00,68.00,9.7591,-1,-1,-1
241,6,2167.00,870.00,113.00,67.00,8.9797,-1,-1,-1
241,3,1905.00,934.00,57.00,53.00,6.0396,-1,-1,-1
242,4,1797.00,736.00,120.00,68.00,9.7107,-1,-1,-1
242,6,2170.00,866.00,113.00,69.00,9.0186,-1,-1,-1
242,3,1911.00,934.00,58.00,52.00,5.8819,-1,-1,-1
243,4,1801.00,734.00,121.00,69.00,9.7758,-1,-1,-1
243,6,2179.00,867.00,111.00,67.00,9.1203,-1,-1,-1
243,3,1916.00,931.00,65.00,56.00,5.8217,-1,-1,-1
244,4,1806.00,733.00,121.00,68.00,9.8539,-1,-1,-1
244,6,2185.00,867.00,109.00,67.00,9.1557,-1,-1,-1
244,3,1923.00,930.00,60.00,54.00,5.8390,-1,-1,-1
245,4,1811.00,730.00,124.00,72.00,9.9488,-1,-1,-1
245,6,2189.00,864.00,111.00,66.00,9.2684,-1,-1,-1
245,3,1929.00,929.00,61.00,54.00,5.9109,-1,-1,-1
246,4,1816.00,730.00,120.00,70.00,9.9697,-1,-1,-1
246,6,2196.00,863.00,111.00,67.00,9.3948,-1,-1,-1
246,3,1936.00,929.00,60.00,54.00,5.7614,-1,-1,-1
247,4,1821.00,729.00,120.00,69.00,9.9768,-1,-1,-1
247,6,2201.00,862.00,111.00,68.00,9.5342,-1,-1,-1
247,3,1941.00,925.00,69.00,57.00,5.8108,-1,-1,-1
248,4,1826.00,729.00,122.00,69.00,9.9485,-1,-1,-1
248,6,2208.00,861.00,110.00,67.00,9.6158,-1,-1,-1
248,3,1950.00,926.00,63.00,53.00,5.8621,-1,-1,-1
249,4,1832.00,728.00,121.00,69.00,9.8892,-1,-1,-1
249,6,2213.00,861.00,110.00,66.00,9.6246,-1,-1,-1
249,3,1955.00,924.00,62.00,57.00,5.9312,-1,-1,-1
250,4,1837.00,727.00,120.00,68.00,9.8835,-1,-1,-1
250,6,2219.00,860.00,110.00,65.00,9.6840,-1,-1,-1
250,3,1963.00,924.00,64.00,55.00,5.8974,-1,-1,-1
251,4,1842.00,726.00,120.00,69.00,9.8931,-1,-1,-1
251,6,2225.00,859.00,109.00,65.00,9.7702,-1,-1,-1
251,3,1969.00,923.00,64.00,55.00,5.8484,-1,-1,-1
252,4,1847.00,725.00,121.00,69.00,9.8851,-1,-1,-1
252,6,2232.00,859.00,107.00,64.00,9.7717,-1,-1,-1
252,3,1976.00,923.00,61.00,53.00,5.7411,-1,-1,-1
253,6,2236.00,856.00,109.00,67.00,9.8424,-1,-1,-1
253,4,1852.00,725.00,121.00,70.00,9.8185,-1,-1,-1
253,3,1982.00,922.00,60.00,55.00,5.7408,-1,-1,-1
254,6,2243.00,858.00,107.00,63.00,9.8704,-1,-1,-1
254,4,1857.00,724.00,121.00,69.00,9.7882,-1,-1,-1
254,3,1990.00,922.00,60.00,54.00,5.6366,-1,-1,-1
255,6,2249.00,857.00,107.00,63.00,9.9270,-1,-1,-1
255,4,1863.00,723.00,121.00,69.00,9.8177,-1,-1,-1
255,3,1995.00,921.00,62.00,52.00,5.5401,-1,-1,-1
256,6,2255.00,855.00,107.00,64.00,9.9091,-1,-1,-1
256,4,1867.00,722.00,127.00,71.00,9.8660,-1,-1,-1
256,3,2003.00,921.00,58.00,54.00,5.4347,-1,-1,-1
257,6,2260.00,855.00,107.00,63.00,9.9136,-1,-1,-1
257,4,1873.00,723.00,123.00,70.00,9.8459,-1,-1,-1
257,3,2009.00,919.00,64.00,55.00,5.3396,-1,-1,-1
258,6,2267.00,855.00,108.00,63.00,9.9317,-1,-1,-1
258,4,1877.00,721.00,127.00,72.00,9.8941,-1,-1,-1
258,3,2015.00,920.00,64.00,53.00,5.2448,-1,-1,-1
259,6,2273.00,855.00,105.00,62.00,9.9720,-1,-1,-1
259,4,1884.00,722.00,123.00,70.00,9.8670,-1,-1,-1
259,3,2021.00,920.00,60.00,51.00,5.2259,-1,-1,-1
260,6,2278.00,853.00,108.00,63.00,9.9783,-1,-1,-1
260,4,1888.00,721.00,126.00,72.00,9.8908,-1,-1,-1
260,3,2028.00,920.00,60.00,51.00,5.2002,-1,-1,-1
261,4,1893.00,721.00,124.00,72.00,9.9670,-1,-1,-1
261,6,2284.00,854.00,108.00,63.00,9.9624,-1,-1,-1
261,3,2035.00,921.00,57.00,51.00,5.1988,-1,-1,-1
262,6,2289.00,853.00,109.00,64.00,9.9751,-1,-1,-1
262,4,1899.00,722.00,123.00,69.00,9.9331,-1,-1,-1
262,3,2040.00,919.00,64.00,51.00,5.1674,-1,-1,-1
263,6,2293.00,853.00,110.00,62.00,9.9303,-1,-1,-1
263,4,1904.00,723.00,122.00,70.00,9.8525,-1,-1,-1
263,3,2048.00,920.00,56.00,48.00,5.1204,-1,-1,-1
264,6,2300.00,854.00,110.00,61.00,9.8702,-1,-1,-1
264,4,1910.00,722.00,124.00,69.00,9.8555,-1,-1,-1
264,3,2055.00,918.00,58.00,52.00,5.0428,-1,-1,-1
265,4,1915.00,720.00,124.00,73.00,9.9705,-1,-1,-1
265,6,2307.00,853.00,110.00,61.00,6.9642,-1,-1,-1
265,3,2061.00,920.00,58.00,49.00,4.6255,-1,-1,-1
266,4,1920.00,722.00,124.00,70.00,10.0083,-1,-1,-1
266,6,2314.00,853.00,110.00,61.00,4.8638,-1,-1,-1
266,3,2066.00,918.00,61.00,50.00,4.6758,-1,-1,-1
267,4,1926.00,721.00,125.00,71.00,10.0713,-1,-1,-1
267,6,2303.00,846.00,108.00,57.00,5.2052,-1,-1,-1
267,3,2074.00,916.00,61.00,52.00,4.3892,-1,-1,-1
268,4,1931.00,721.00,125.00,71.00,10.0774,-1,-1,-1
268,6,2308.00,847.00,109.00,56.00,5.4437,-1,-1,-1
268,3,2081.00,919.00,54.00,50.00,4.5206,-1,-1,-1
269,4,1937.00,721.00,123.00,71.00,10.1358,-1,-1,-1
269,6,2311.00,844.00,114.00,58.00,5.6710,-1,-1,-1
269,3,2086.00,918.00,60.00,51.00,4.5519,-1,-1,-1
270,4,1942.00,721.00,122.00,70.00,10.2116,-1,-1,-1
270,6,2317.00,845.00,113.00,57.00,5.8971,-1,-1,-1
270,3,2093.00,919.00,57.00,50.00,4.6802,-1,-1,-1
271,4,1947.00,722.00,122.00,69.00,10.1961,-1,-1,-1
271,6,2319.00,844.00,122.00,59.00,6.1091,-1,-1,-1
271,3,2100.00,917.00,60.00,52.00,4.6305,-1,-1,-1
272,4,1951.00,721.00,126.00,71.00,10.2527,-1,-1,-1
272,6,2324.00,845.00,116.00,57.00,6.2658,-1,-1,-1
272,3,2107.00,919.00,53.00,51.00,4.3916,-1,-1,-1
273,4,1957.00,722.00,124.00,71.00,10.1991,-1,-1,-1
273,6,2330.00,845.00,115.00,58.00,6.2974,-1,-1,-1
273,3,2110.00,918.00,66.00,53.00,3.9644,-1,-1,-1
274,4,1962.00,722.00,122.00,70.00,10.1538,-1,-1,-1
274,6,2332.00,845.00,119.00,57.00,6.4135,-1,-1,-1
274,3,2118.00,920.00,58.00,50.00,4.0939,-1,-1,-1
275,4,1966.00,723.00,123.00,71.00,10.1772,-1,-1,-1
275,6,2338.00,844.00,119.00,60.00,6.4619,-1,-1,-1
275,3,2124.00,919.00,59.00,51.00,3.9325,-1,-1,-1
276,4,1972.00,724.00,121.00,69.00,10.1429,-1,-1,-1
276,6,2343.00,845.00,115.00,59.00,6.5673,-1,-1,-1
276,3,2131.00,922.00,57.00,51.00,4.1713,-1,-1,-1
277,4,1977.00,725.00,122.00,68.00,10.1078,-1,-1,-1
277,6,2350.00,847.00,117.00,58.00,6.6094,-1,-1,-1
277,3,2136.00,923.00,59.00,50.00,4.2155,-1,-1,-1
278,4,1982.00,726.00,122.00,68.00,10.0947,-1,-1,-1
278,6,2356.00,847.00,116.00,60.00,6.6537,-1,-1,-1
278,3,2141.00,923.00,62.00,51.00,4.3256,-1,-1,-1
279,4,1986.00,727.00,123.00,70.00,10.1045,-1,-1,-1
279,6,2361.00,846.00,117.00,61.00,6.7044,-1,-1,-1
279,3,2149.00,925.00,58.00,51.00,4.3413,-1,-1,-1
280,4,1993.00,729.00,119.00,67.00,10.0952,-1,-1,-1
280,6,2370.00,850.00,109.00,56.00,6.7816,-1,-1,-1
280,3,2157.00,926.00,61.00,51.00,4.3681,-1,-1,-1
281,4,1998.00,730.00,123.00,68.00,10.0609,-1,-1,-1
281,6,2376.00,850.00,111.00,59.00,6.8315,-1,-1,-1
281,3,2160.00,926.00,61.00,55.00,4.5018,-1,-1,-1
282,4,2003.00,733.00,119.00,67.00,10.0539,-1,-1,-1
282,6,2383.00,853.00,108.00,56.00,6.9321,-1,-1,-1
282,3,2166.00,928.00,59.00,51.00,4.6514,-1,-1,-1
283,4,2008.00,736.00,117.00,67.00,9.9783,-1,-1,-1
283,6,2389.00,855.00,105.00,57.00,7.0328,-1,-1,-1
283,3,2172.00,931.00,59.00,52.00,4.7466,-1,-1,-1
284,4,2013.00,737.00,116.00,67.00,9.8790,-1,-1,-1
284,6,2395.00,856.00,105.00,58.00,6.9610,-1,-1,-1
284,3,2180.00,936.00,53.00,49.00,4.7145,-1,-1,-1
285,4,2017.00,739.00,118.00,68.00,9.9454,-1,-1,-1
285,6,2397.00,858.00,106.00,57.00,6.7929,-1,-1,-1
285,3,2183.00,935.00,58.00,52.00,4.7935,-1,-1,-1
286,4,2021.00,741.00,121.00,68.00,9.9609,-1,-1,-1
286,6,2405.00,862.00,103.00,54.00,6.6426,-1,-1,-1
286,3,2189.00,935.00,59.00,52.00,4.9950,-1,-1,-1
287,4,2024.00,742.00,125.00,69.00,9.9936,-1,-1,-1
287,6,2412.00,864.00,101.00,55.00,6.6967,-1,-1,-1
287,3,2195.00,937.00,59.00,54.00,5.0995,-1,-1,-1
288,4,2028.00,745.00,123.00,69.00,10.0162,-1,-1,-1
288,6,2414.00,865.00,103.00,55.00,6.7985,-1,-1,-1
288,3,2199.00,940.00,57.00,54.00,5.2831,-1,-1,-1
289,4,2033.00,749.00,117.00,66.00,10.0203,-1,-1,-1
289,6,2416.00,868.00,104.00,53.00,6.8569,-1,-1,-1
289,3,2205.00,943.00,57.00,52.00,5.3013,-1,-1,-1
290,4,2035.00,750.00,119.00,67.00,10.0481,-1,-1,-1
290,6,2420.00,872.00,104.00,51.00,6.8956,-1,-1,-1
290,3,2209.00,947.00,57.00,52.00,5.2576,-1,-1,-1
291,4,2040.00,754.00,115.00,66.00,10.0840,-1,-1,-1
291,6,2423.00,875.00,103.00,50.00,6.9249,-1,-1,-1
291,3,2212.00,947.00,62.00,53.00,5.2057,-1,-1,-1
292,4,2043.00,753.00,119.00,69.00,10.0975,-1,-1,-1
292,6,2428.00,876.00,103.00,51.00,6.9146,-1,-1,-1
292,3,2215.00,944.00,67.00,57.00,5.2598,-1,-1,-1
293,4,2046.00,757.00,118.00,67.00,10.0174,-1,-1,-1
293,6,2430.00,877.00,102.00,53.00,6.8288,-1,-1,-1
293,3,2218.00,949.00,65.00,58.00,5.3571,-1,-1,-1
294,4,2048.00,757.00,120.00,69.00,10.0344,-1,-1,-1
294,6,2431.00,878.00,106.00,53.00,6.8498,-1,-1,-1
294,3,2223.00,953.00,60.00,56.00,5.3989,-1,-1,-1
295,4,2051.00,761.00,116.00,67.00,10.0296,-1,-1,-1
295,6,2434.00,880.00,103.00,53.00,6.9684,-1,-1,-1
295,3,2226.00,958.00,57.00,52.00,5.3133,-1,-1,-1
296,4,2052.00,762.00,118.00,68.00,10.0076,-1,-1,-1
296,6,2436.00,882.00,103.00,52.00,7.0395,-1,-1,-1
296,3,2229.00,960.00,57.00,52.00,5.2875,-1,-1,-1
297,4,2054.00,766.00,120.00,68.00,9.9812,-1,-1,-1
297,6,2436.00,883.00,107.00,53.00,7.0841,-1,-1,-1
297,3,2230.00,961.00,58.00,54.00,5.3873,-1,-1,-1
298,4,2054.00,766.00,123.00,69.00,9.9689,-1,-1,-1
298,6,2438.00,885.00,104.00,52.00,7.0783,-1,-1,-1
298,3,2231.00,961.00,59.00,54.00,5.4329,-1,-1,-1
299,4,2054.00,769.00,121.00,68.00,9.9600,-1,-1,-1
299,6,2436.00,885.00,105.00,55.00,7.0646,-1,-1,-1
299,3,2231.00,964.00,59.00,55.00,5.6189,-1,-1,-1
300,4,2054.00,771.00,117.00,68.00,9.9616,-1,-1,-1
300,6,2436.00,886.00,106.00,56.00,7.1088,-1,-1,-1
300,3,2231.00,965.00,61.00,55.00,5.7527,-1,-1,-1
301,4,2054.00,774.00,114.00,66.00,9.9870,-1,-1,-1
301,6,2434.00,888.00,107.00,56.00,7.2350,-1,-1,-1
301,3,2232.00,966.00,65.00,56.00,5.7882,-1,-1,-1
302,6,2433.00,890.00,109.00,55.00,7.3666,-1,-1,-1
302,4,2052.00,776.00,114.00,66.00,7.0512,-1,-1,-1
302,3,2232.00,970.00,64.00,54.00,5.7635,-1,-1,-1
303,4,2053.00,777.00,112.00,68.00,7.5227,-1,-1,-1
303,6,2430.00,891.00,111.00,55.00,7.4656,-1,-1,-1
303,3,2232.00,971.00,65.00,56.00,5.6854,-1,-1,-1
304,4,2052.00,779.00,115.00,67.00,7.9107,-1,-1,-1
304,6,2427.00,892.00,113.00,55.00,7.4898,-1,-1,-1
304,3,2232.00,973.00,66.00,56.00,5.7833,-1,-1,-1
305,4,2051.00,781.00,116.00,68.00,8.2206,-1,-1,-1
305,6,2425.00,893.00,112.00,56.00,7.4927,-1,-1,-1
305,3,2231.00,973.00,65.00,59.00,5.8979,-1,-1,-1
306,4,2048.00,783.00,113.00,68.00,8.4358,-1,-1,-1
306,6,2421.00,895.00,113.00,54.00,7.4948,-1,-1,-1
306,3,2230.00,975.00,67.00,59.00,6.0124,-1,-1,-1
307,4,2045.00,786.00,113.00,67.00,8.6854,-1,-1,-1
307,6,2416.00,895.00,117.00,57.00,7.4449,-1,-1,-1
307,3,2229.00,979.00,65.00,55.00,6.0036,-1,-1,-1
307,7,2277.00,831.00,52.00,46.00,1.6249,-1,-1,-1
308,4,2039.00,787.00,116.00,68.00,8.8966,-1,-1,-1
308,6,2407.00,896.00,115.00,54.00,7.3797,-1,-1,-1
308,3,2223.00,982.00,61.00,55.00,5.9016,-1,-1,-1
308,7,2272.00,832.00,53.00,47.00,1.9658,-1,-1,-1
309,4,2032.00,788.00,118.00,70.00,9.1014,-1,-1,-1
309,6,2407.00,899.00,108.00,50.00,7.3324,-1,-1,-1
309,3,2218.00,980.00,62.00,55.00,5.9179,-1,-1,-1
309,7,2265.00,833.00,53.00,47.00,2.4393,-1,-1,-1
310,4,2025.00,789.00,121.00,71.00,9.2357,-1,-1,-1
310,6,2399.00,900.00,110.00,53.00,7.3043,-1,-1,-1
310,3,2213.00,981.00,65.00,56.00,5.9915,-1,-1,-1
310,7,2259.00,833.00,53.00,48.00,2.9402,-1,-1,-1
311,4,2020.00,794.00,117.00,68.00,9.3396,-1,-1,-1
311,6,2394.00,900.00,106.00,52.00,7.2516,-1,-1,-1
311,3,2207.00,984.00,63.00,54.00,5.9639,-1,-1,-1
311,7,2255.00,835.00,53.00,47.00,3.2488,-1,-1,-1
312,4,2014.00,796.00,117.00,67.00,9.4651,-1,-1,-1
312,6,2387.00,900.00,107.00,54.00,7.2866,-1,-1,-1
312,3,2203.00,985.00,63.00,54.00,6.0011,-1,-1,-1
312,7,2249.00,837.00,54.00,48.00,3.6358,-1,-1,-1
313,4,2008.00,796.00,116.00,70.00,9.5602,-1,-1,-1
313,6,2383.00,901.00,105.00,51.00,7.2869,-1,-1,-1
313,3,2198.00,985.00,60.00,55.00,5.9614,-1,-1,-1
313,7,2242.00,838.00,55.00,48.00,4.2992,-1,-1,-1
314,4,2002.00,799.00,113.00,69.00,9.7019,-1,-1,-1
314,6,2376.00,901.00,106.00,54.00,7.3810,-1,-1,-1
314,3,2192.00,986.00,63.00,54.00,5.9883,-1,-1,-1
314,7,2236.00,839.00,55.00,48.00,4.7432,-1,-1,-1
315,4,1996.00,800.00,117.00,70.00,9.7287,-1,-1,-1
315,6,2369.00,901.00,108.00,57.00,7.3619,-1,-1,-1
315,3,2185.00,987.00,67.00,57.00,5.9921,-1,-1,-1
315,7,2229.00,840.00,55.00,47.00,4.8379,-1,-1,-1
316,4,1992.00,803.00,113.00,69.00,9.7529,-1,-1,-1
316,6,2365.00,903.00,104.00,55.00,7.4253,-1,-1,-1
316,3,2182.00,992.00,63.00,54.00,5.9849,-1,-1,-1
316,7,2224.00,841.00,54.00,47.00,4.8759,-1,-1,-1
317,6,2356.00,903.00,106.00,54.00,7.4093,-1,-1,-1
317,4,1986.00,805.00,113.00,69.00,6.8834,-1,-1,-1
317,3,2177.00,993.00,63.00,55.00,5.9690,-1,-1,-1
317,7,2219.00,843.00,53.00,47.00,4.9081,-1,-1,-1
318,6,2351.00,904.00,106.00,55.00,7.3967,-1,-1,-1
318,4,1979.00,808.00,116.00,68.00,7.3282,-1,-1,-1
318,3,2172.00,995.00,63.00,53.00,5.9074,-1,-1,-1
318,7,2214.00,843.00,54.00,47.00,4.9762,-1,-1,-1
319,4,1974.00,809.00,115.00,70.00,7.8218,-1,-1,-1
319,6,2347.00,906.00,107.00,54.00,7.2846,-1,-1,-1
319,3,2168.00,994.00,67.00,54.00,5.9452,-1,-1,-1
319,7,2211.00,846.00,53.00,47.00,4.9200,-1,-1,-1
320,4,1970.00,811.00,116.00,71.00,8.2181,-1,-1,-1
320,6,2344.00,909.00,105.00,53.00,7.1293,-1,-1,-1
320,3,2165.00,997.00,63.00,55.00,5.9268,-1,-1,-1
320,7,2207.00,848.00,54.00,48.00,4.9339,-1,-1,-1
321,4,1966.00,814.00,118.00,70.00,8.4984,-1,-1,-1
321,6,2343.00,909.00,100.00,55.00,7.0500,-1,-1,-1
321,3,2163.00,1001.00,58.00,52.00,5.8587,-1,-1,-1
321,7,2204.00,849.00,53.00,47.00,4.8690,-1,-1,-1
322,4,1963.00,816.00,115.00,69.00,8.7159,-1,-1,-1
322,6,2339.00,912.00,100.00,52.00,6.9999,-1,-1,-1
322,3,2160.00,1003.00,63.00,52.00,5.8318,-1,-1,-1
322,7,2199.00,850.00,56.00,48.00,5.1967,-1,-1,-1
323,4,1961.00,817.00,115.00,70.00,8.8882,-1,-1,-1
323,6,2335.00,912.00,102.00,54.00,6.9909,-1,-1,-1
323,3,2159.00,1006.00,63.00,51.00,5.7487,-1,-1,-1
323,7,2199.00,853.00,54.00,48.00,5.1898,-1,-1,-1
324,4,1958.00,817.00,120.00,73.00,9.0544,-1,-1,-1
324,6,2332.00,913.00,101.00,53.00,7.0909,-1,-1,-1
324,3,2157.00,1009.00,57.00,49.00,5.5516,-1,-1,-1
324,7,2198.00,855.00,54.00,48.00,3.5889,-1,-1,-1
325,4,1958.00,822.00,114.00,70.00,9.2332,-1,-1,-1
325,6,2330.00,915.00,103.00,55.00,7.2050,-1,-1,-1
325,3,2155.00,1009.00,58.00,51.00,5.1912,-1,-1,-1
325,7,2198.00,857.00,54.00,48.00,3.7777,-1,-1,-1
326,4,1957.00,822.00,114.00,72.00,9.4027,-1,-1,-1
326,6,2330.00,917.00,106.00,54.00,7.2611,-1,-1,-1
326,3,2153.00,1009.00,60.00,52.00,4.8682,-1,-1,-1
326,7,2197.00,859.00,55.00,48.00,4.1064,-1,-1,-1
327,4,1957.00,824.00,114.00,73.00,9.5300,-1,-1,-1
327,6,2328.00,919.00,103.00,54.00,7.3260,-1,-1,-1
327,3,2153.00,1011.00,58.00,53.00,4.8345,-1,-1,-1
327,7,2197.00,861.00,55.00,48.00,4.6501,-1,-1,-1
328,4,1956.00,828.00,116.00,71.00,9.5753,-1,-1,-1
328,6,2326.00,921.00,103.00,54.00,7.3246,-1,-1,-1
328,7,2195.00,862.00,58.00,49.00,5.3341,-1,-1,-1
328,3,2152.00,1014.00,59.00,55.00,4.9371,-1,-1,-1
329,4,1955.00,830.00,116.00,72.00,9.6771,-1,-1,-1
329,6,2326.00,924.00,100.00,52.00,7.2731,-1,-1,-1
329,7,2194.00,864.00,58.00,49.00,5.9152,-1,-1,-1
329,3,2152.00,1018.00,58.00,54.00,4.9671,-1,-1,-1
330,4,1955.00,831.00,116.00,73.00,9.8253,-1,-1,-1
330,6,2326.00,927.00,96.00,48.00,7.2653,-1,-1,-1
330,7,2197.00,867.00,55.00,48.00,6.1624,-1,-1,-1
330,3,2152.00,1018.00,63.00,55.00,4.9657,-1,-1,-1
331,4,1954.00,832.00,117.00,74.00,9.9546,-1,-1,-1
331,6,2324.00,929.00,98.00,50.00,7.2465,-1,-1,-1
331,7,2196.00,869.00,57.00,48.00,6.3485,-1,-1,-1
331,3,2152.00,1018.00,66.00,56.00,5.0109,-1,-1,-1
332,4,1953.00,835.00,118.00,73.00,10.0157,-1,-1,-1
332,6,2325.00,932.00,96.00,49.00,7.2231,-1,-1,-1
332,7,2196.00,871.00,56.00,48.00,6.2938,-1,-1,-1
332,3,2152.00,1022.00,64.00,55.00,5.1250,-1,-1,-1
333,6,2324.00,935.00,93.00,47.00,7.2198,-1,-1,-1
333,4,1953.00,837.00,118.00,73.00,7.0719,-1,-1,-1
333,7,2194.00,873.00,58.00,48.00,6.5648,-1,-1,-1
333,3,2153.00,1026.00,59.00,54.00,5.1669,-1,-1,-1
334,4,1952.00,839.00,118.00,71.00,7.4995,-1,-1,-1
334,6,2323.00,935.00,96.00,50.00,7.2534,-1,-1,-1
334,7,2193.00,874.00,58.00,48.00,6.7714,-1,-1,-1
334,3,2152.00,1032.00,57.00,50.00,5.2482,-1,-1,-1
335,6,2322.00,937.00,95.00,50.00,7.3153,-1,-1,-1
335,7,2194.00,876.00,57.00,49.00,6.8499,-1,-1,-1
335,4,1951.00,843.00,118.00,71.00,5.2537,-1,-1,-1
335,3,2151.00,1032.00,59.00,50.00,5.1764,-1,-1,-1
336,6,2320.00,939.00,96.00,49.00,7.4093,-1,-1,-1
336,7,2197.00,880.00,55.00,48.00,6.8752,-1,-1,-1
336,3,2152.00,1032.00,63.00,51.00,4.8596,-1,-1,-1
336,4,1950.00,847.00,118.00,71.00,3.6246,-1,-1,-1
337,6,2317.00,941.00,100.00,49.00,7.4914,-1,-1,-1
337,7,2196.00,882.00,56.00,48.00,7.1210,-1,-1,-1
337,3,2151.00,1034.00,58.00,52.00,4.9486,-1,-1,-1
337,4,1951.00,845.00,113.00,71.00,4.5725,-1,-1,-1
338,6,2316.00,943.00,99.00,48.00,7.5653,-1,-1,-1
338,7,2196.00,884.00,55.00,47.00,7.3952,-1,-1,-1
338,4,1952.00,847.00,114.00,71.00,5.3871,-1,-1,-1
338,3,2151.00,1034.00,60.00,54.00,5.0615,-1,-1,-1
339,7,2195.00,885.00,57.00,48.00,7.7029,-1,-1,-1
339,6,2314.00,945.00,98.00,47.00,7.5876,-1,-1,-1
339,4,1952.00,850.00,115.00,72.00,5.9752,-1,-1,-1
339,3,2151.00,1038.00,60.00,54.00,5.2665,-1,-1,-1
340,7,2195.00,887.00,57.00,49.00,7.9342,-1,-1,-1
340,6,2314.00,947.00,94.00,46.00,7.5348,-1,-1,-1
340,3,2151.00,1041.00,58.00,54.00,5.4395,-1,-1,-1
340,4,1952.00,852.00,115.00,72.00,4.1541,-1,-1,-1
341,7,2197.00,890.00,55.00,48.00,7.9973,-1,-1,-1
341,6,2311.00,949.00,97.00,49.00,7.5262,-1,-1,-1
341,3,2150.00,1041.00,66.00,54.00,5.3338,-1,-1,-1
341,4,1953.00,855.00,115.00,72.00,2.8306,-1,-1,-1
342,7,2196.00,892.00,55.00,47.00,7.8760,-1,-1,-1
342,6,2308.00,951.00,97.00,48.00,7.5571,-1,-1,-1
342,3,2149.00,1045.00,65.00,52.00,4.9999,-1,-1,-1
343,7,2195.00,893.00,55.00,47.00,7.7512,-1,-1,-1
343,6,2308.00,954.00,96.00,47.00,7.6039,-1,-1,-1
343,3,2150.00,1047.00,62.00,55.00,4.9433,-1,-1,-1
344,7,2196.00,896.00,55.00,46.00,7.6746,-1,-1,-1
344,6,2305.00,956.00,100.00,47.00,7.5971,-1,-1,-1
344,3,2150.00,1049.00,59.00,52.00,4.9851,-1,-1,-1
345,6,2305.00,955.00,98.00,50.00,7.6075,-1,-1,-1
345,7,2195.00,897.00,56.00,47.00,7.5951,-1,-1,-1
345,3,2149.00,1053.00,57.00,52.00,5.1461,-1,-1,-1
345,8,1939.00,875.00,92.00,61.00,3.5113,-1,-1,-1
346,6,2305.00,957.00,97.00,51.00,7.5615,-1,-1,-1
346,7,2195.00,899.00,56.00,48.00,7.3137,-1,-1,-1
346,3,2149.00,1054.00,61.00,51.00,5.0659,-1,-1,-1
346,8,1938.00,877.00,92.00,62.00,4.4943,-1,-1,-1
347,6,2305.00,959.00,96.00,51.00,7.3362,-1,-1,-1
347,7,2195.00,902.00,57.00,48.00,7.3283,-1,-1,-1
347,8,1937.00,878.00,94.00,63.00,5.3247,-1,-1,-1
347,3,2148.00,1056.00,60.00,49.00,4.7516,-1,-1,-1
348,7,2195.00,904.00,56.00,47.00,7.2988,-1,-1,-1
348,6,2304.00,962.00,93.00,48.00,7.2318,-1,-1,-1
348,8,1937.00,881.00,93.00,62.00,6.0070,-1,-1,-1
348,3,2147.00,1057.00,61.00,54.00,4.5109,-1,-1,-1
349,6,2305.00,964.00,94.00,48.00,7.1733,-1,-1,-1
349,7,2196.00,906.00,55.00,47.00,7.0979,-1,-1,-1
349,8,1936.00,883.00,92.00,62.00,6.5903,-1,-1,-1
349,3,2147.00,1059.00,64.00,55.00,4.5293,-1,-1,-1
350,7,2195.00,908.00,57.00,47.00,7.3608,-1,-1,-1
350,6,2303.00,965.00,95.00,48.00,7.2211,-1,-1,-1
350,8,1935.00,884.00,98.00,65.00,7.1420,-1,-1,-1
350,3,2149.00,1062.00,60.00,54.00,4.6236,-1,-1,-1
351,8,1934.00,886.00,96.00,66.00,7.5995,-1,-1,-1
351,7,2197.00,911.00,55.00,47.00,7.5263,-1,-1,-1
351,6,2305.00,969.00,92.00,45.00,7.2646,-1,-1,-1
351,3,2150.00,1066.00,60.00,55.00,4.8070,-1,-1,-1
352,8,1934.00,891.00,90.00,61.00,7.9079,-1,-1,-1
352,7,2197.00,912.00,54.00,47.00,7.4982,-1,-1,-1
352,6,2302.00,970.00,94.00,47.00,7.3039,-1,-1,-1
352,3,2150.00,1068.00,63.00,50.00,4.4569,-1,-1,-1
353,8,1934.00,893.00,91.00,61.00,8.1570,-1,-1,-1
353,7,2194.00,914.00,57.00,48.00,7.6053,-1,-1,-1
353,6,2301.00,973.00,92.00,46.00,7.3418,-1,-1,-1
353,3,2149.00,1071.00,62.00,50.00,4.2706,-1,-1,-1
354,8,1934.00,897.00,87.00,59.00,8.3761,-1,-1,-1
354,7,2193.00,916.00,56.00,47.00,7.5373,-1,-1,-1
354,6,2303.00,976.00,89.00,45.00,7.3983,-1,-1,-1
354,3,2148.00,1069.00,65.00,55.00,4.4921,-1,-1,-1
355,8,1933.00,900.00,85.00,59.00,8.5280,-1,-1,-1
355,7,2193.00,918.00,57.00,46.00,7.5263,-1,-1,-1
355,6,2300.00,978.00,92.00,45.00,7.4665,-1,-1,-1
355,3,2149.00,1071.00,64.00,54.00,4.5319,-1,-1,-1
356,8,1933.00,901.00,89.00,60.00,8.7586,-1,-1,-1
356,7,2191.00,919.00,58.00,47.00,7.6564,-1,-1,-1
356,6,2300.00,981.00,91.00,43.00,7.5150,-1,-1,-1
356,3,2147.00,1076.00,63.00,55.00,4.6479,-1,-1,-1
357,8,1933.00,901.00,92.00,62.00,9.0108,-1,-1,-1
357,6,2300.00,982.00,90.00,46.00,7.5504,-1,-1,-1
357,7,2195.00,922.00,55.00,47.00,7.2569,-1,-1,-1
357,3,2147.00,1077.00,65.00,53.00,4.4347,-1,-1,-1
358,8,1932.00,904.00,94.00,62.00,9.2179,-1,-1,-1
358,6,2298.00,983.00,90.00,46.00,7.5589,-1,-1,-1
358,7,2195.00,924.00,55.00,47.00,7.0129,-1,-1,-1
358,3,2148.00,1081.00,60.00,53.00,4.4515,-1,-1,-1
359,8,1932.00,906.00,92.00,62.00,9.3804,-1,-1,-1
359,6,2297.00,985.00,91.00,46.00,7.4891,-1,-1,-1
359,7,2193.00,926.00,55.00,46.00,7.0249,-1,-1,-1
359,3,2146.00,1080.00,64.00,56.00,4.6016,-1,-1,-1
360,8,1931.00,908.00,92.00,64.00,9.4984,-1,-1,-1
360,6,2298.00,988.00,89.00,45.00,7.4177,-1,-1,-1
360,7,2191.00,927.00,58.00,47.00,7.1458,-1,-1,-1
360,3,2144.00,1079.00,69.00,58.00,4.7256,-1,-1,-1
361,8,1931.00,910.00,92.00,64.00,9.5560,-1,-1,-1
361,6,2298.00,990.00,87.00,44.00,7.3688,-1,-1,-1
361,7,2192.00,930.00,56.00,47.00,7.2116,-1,-1,-1
361,3,2147.00,1082.00,67.00,55.00,4.7979,-1,-1,-1
362,8,1931.00,913.00,93.00,62.00,9.6064,-1,-1,-1
362,6,2298.00,993.00,87.00,43.00,7.3811,-1,-1,-1
362,7,2192.00,932.00,55.00,47.00,7.3098,-1,-1,-1
362,3,2146.00,1084.00,66.00,55.00,4.9150,-1,-1,-1
363,8,1931.00,914.00,94.00,63.00,9.7287,-1,-1,-1
363,6,2298.00,996.00,87.00,42.00,7.4377,-1,-1,-1
363,7,2193.00,934.00,55.00,47.00,7.3460,-1,-1,-1
363,3,2144.00,1086.00,70.00,54.00,4.9785,-1,-1,-1
364,8,1930.00,917.00,92.00,63.00,9.8350,-1,-1,-1
364,6,2291.00,996.00,91.00,43.00,7.4405,-1,-1,-1
364,7,2193.00,936.00,54.00,46.00,7.0867,-1,-1,-1
364,3,2143.00,1089.00,70.00,57.00,5.2102,-1,-1,-1
365,8,1930.00,918.00,93.00,64.00,9.9263,-1,-1,-1
365,6,2292.00,998.00,87.00,42.00,7.3808,-1,-1,-1
365,3,2143.00,1092.00,68.00,53.00,5.3470,-1,-1,-1
365,7,2193.00,937.00,54.00,46.00,4.9582,-1,-1,-1
366,8,1930.00,921.00,93.00,63.00,9.9363,-1,-1,-1
366,6,2292.00,1001.00,87.00,45.00,7.3876,-1,-1,-1
366,3,2144.00,1092.00,69.00,54.00,5.4013,-1,-1,-1
366,7,2193.00,938.00,54.00,46.00,3.4193,-1,-1,-1
367,8,1929.00,924.00,93.00,63.00,9.9500,-1,-1,-1
367,6,2290.00,1002.00,88.00,45.00,7.3938,-1,-1,-1
367,3,2144.00,1093.00,72.00,56.00,5.4785,-1,-1,-1
367,7,2193.00,940.00,54.00,46.00,2.3052,-1,-1,-1
368,8,1929.00,926.00,93.00,63.00,10.0585,-1,-1,-1
368,6,2290.00,1003.00,88.00,46.00,7.3702,-1,-1,-1
368,3,2144.00,1098.00,64.00,56.00,5.5844,-1,-1,-1
369,8,1929.00,929.00,92.00,62.00,10.1476,-1,-1,-1
369,6,2289.00,1005.00,88.00,46.00,7.3663,-1,-1,-1
369,3,2142.00,1101.00,63.00,50.00,5.4636,-1,-1,-1
369,7,2191.00,946.00,55.00,48.00,2.6102,-1,-1,-1
370,8,1929.00,930.00,92.00,62.00,10.1774,-1,-1,-1
370,6,2288.00,1006.00,88.00,46.00,7.3775,-1,-1,-1
370,3,2141.00,1100.00,69.00,56.00,5.4859,-1,-1,-1
370,7,2190.00,948.00,57.00,49.00,3.5500,-1,-1,-1
371,8,1928.00,933.00,92.00,62.00,10.1751,-1,-1,-1
371,6,2288.00,1009.00,86.00,44.00,7.3661,-1,-1,-1
371,3,2138.00,1101.00,73.00,59.00,5.4358,-1,-1,-1
371,7,2189.00,950.00,57.00,48.00,4.4314,-1,-1,-1
372,8,1928.00,935.00,92.00,62.00,10.1975,-1,-1,-1
372,6,2287.00,1011.00,87.00,44.00,7.1858,-1,-1,-1
372,7,2190.00,952.00,56.00,47.00,5.1043,-1,-1,-1
372,3,2143.00,1105.00,69.00,52.00,4.8891,-1,-1,-1
373,8,1927.00,937.00,94.00,63.00,10.2644,-1,-1,-1
373,6,2288.00,1014.00,84.00,43.00,7.0664,-1,-1,-1
373,7,2191.00,954.00,55.00,47.00,5.6073,-1,-1,-1
373,3,2138.00,1104.00,71.00,57.00,4.5585,-1,-1,-1
374,8,1927.00,939.00,93.00,63.00,10.3036,-1,-1,-1
374,6,2287.00,1016.00,83.00,43.00,6.9287,-1,-1,-1
374,7,2191.00,956.00,53.00,46.00,6.0502,-1,-1,-1
374,3,2139.00,1109.00,68.00,56.00,4.3318,-1,-1,-1
375,8,1926.00,940.00,94.00,64.00,10.2806,-1,-1,-1
375,6,2282.00,1016.00,87.00,45.00,6.8826,-1,-1,-1
375,3,2141.00,1110.00,70.00,54.00,4.3411,-1,-1,-1
375,7,2191.00,957.00,53.00,46.00,4.2100,-1,-1,-1
376,8,1926.00,941.00,95.00,64.00,10.2299,-1,-1,-1
376,6,2279.00,1016.00,92.00,47.00,6.8566,-1,-1,-1
376,7,2191.00,960.00,54.00,46.00,4.7317,-1,-1,-1
376,3,2141.00,1111.00,74.00,54.00,4.4449,-1,-1,-1
377,8,1927.00,943.00,94.00,64.00,10.1179,-1,-1,-1
377,6,2279.00,1020.00,90.00,43.00,6.8588,-1,-1,-1
377,3,2141.00,1113.00,72.00,55.00,4.5554,-1,-1,-1
377,7,2190.00,964.00,54.00,46.00,3.2576,-1,-1,-1
378,8,1927.00,945.00,94.00,64.00,7.1466,-1,-1,-1
378,6,2281.00,1024.00,85.00,41.00,6.7156,-1,-1,-1
378,3,2141.00,1116.00,70.00,54.00,4.3001,-1,-1,-1
378,7,2190.00,968.00,54.00,46.00,2.1908,-1,-1,-1
379,6,2280.00,1026.00,87.00,42.00,6.6706,-1,-1,-1
379,8,1927.00,946.00,94.00,64.00,4.9954,-1,-1,-1
379,3,2140.00,1119.00,66.00,55.00,4.3773,-1,-1,-1
380,6,2278.00,1028.00,87.00,41.00,6.7064,-1,-1,-1
380,3,2142.00,1123.00,62.00,53.00,4.1555,-1,-1,-1
381,6,2276.00,1029.00,88.00,43.00,6.7848,-1,-1,-1
381,3,2139.00,1124.00,66.00,50.00,3.9679,-1,-1,-1
382,6,2275.00,1031.00,88.00,43.00,6.8823,-1,-1,-1
382,3,2139.00,1126.00,68.00,50.00,3.6326,-1,-1,-1
382,9,2179.00,973.00,53.00,44.00,3.0368,-1,-1,-1
383,6,2278.00,1033.00,84.00,41.00,7.0087,-1,-1,-1
383,9,2179.00,975.00,52.00,44.00,3.9395,-1,-1,-1
383,10,1916.00,966.00,93.00,65.00,3.7008,-1,-1,-1
383,3,2140.00,1128.00,68.00,50.00,2.4585,-1,-1,-1
384,6,2277.00,1034.00,85.00,42.00,7.0302,-1,-1,-1
384,10,1915.00,968.00,93.00,66.00,4.7538,-1,-1,-1
384,9,2180.00,977.00,51.00,43.00,4.6769,-1,-1,-1
384,3,2141.00,1130.00,68.00,50.00,1.6113,-1,-1,-1
385,6,2275.00,1034.00,86.00,44.00,6.9288,-1,-1,-1
385,10,1914.00,970.00,93.00,65.00,5.6358,-1,-1,-1
385,9,2179.00,978.00,53.00,44.00,5.2590,-1,-1,-1
385,3,2142.00,1132.00,68.00,50.00,0.9988,-1,-1,-1
386,6,2271.00,1036.00,86.00,41.00,6.7795,-1,-1,-1
386,10,1914.00,973.00,90.00,64.00,6.3720,-1,-1,-1
386,9,2178.00,980.00,53.00,44.00,5.6512,-1,-1,-1
386,3,2139.00,1130.00,65.00,55.00,1.0668,-1,-1,-1
387,10,1912.00,974.00,91.00,65.00,7.0001,-1,-1,-1
387,6,2267.00,1036.00,90.00,45.00,6.6593,-1,-1,-1
387,9,2177.00,983.00,52.00,44.00,5.9105,-1,-1,-1
387,3,2140.00,1133.00,71.00,54.00,1.1551,-1,-1,-1
388,10,1912.00,976.00,92.00,65.00,7.5322,-1,-1,-1
388,6,2268.00,1039.00,86.00,43.00,6.6395,-1,-1,-1
388,9,2175.00,985.00,53.00,44.00,6.1904,-1,-1,-1
388,3,2141.00,1134.00,73.00,53.00,1.1977,-1,-1,-1
389,10,1910.00,978.00,93.00,65.00,7.9750,-1,-1,-1
389,6,2270.00,1041.00,84.00,42.00,6.6524,-1,-1,-1
389,9,2174.00,987.00,53.00,44.00,6.4120,-1,-1,-1
389,3,2137.00,1140.00,66.00,57.00,1.3627,-1,-1,-1
390,10,1909.00,979.00,93.00,67.00,8.3643,-1,-1,-1
390,9,2173.00,988.00,53.00,44.00,6.7880,-1,-1,-1
390,6,2266.00,1043.00,86.00,42.00,6.7346,-1,-1,-1
390,3,2134.00,1139.00,71.00,59.00,1.5640,-1,-1,-1
391,10,1908.00,982.00,93.00,67.00,8.6891,-1,-1,-1
391,9,2172.00,990.00,53.00,44.00,7.0536,-1,-1,-1
391,6,2265.00,1044.00,86.00,44.00,6.8282,-1,-1,-1
391,3,2136.00,1139.00,68.00,61.00,1.9892,-1,-1,-1
392,10,1906.00,983.00,94.00,67.00,8.9747,-1,-1,-1
392,9,2170.00,992.00,54.00,44.00,7.2973,-1,-1,-1
392,6,2262.00,1046.00,86.00,43.00,6.8475,-1,-1,-1
392,3,2137.00,1141.00,66.00,60.00,2.1644,-1,-1,-1
393,10,1905.00,986.00,93.00,66.00,9.1839,-1,-1,-1
393,9,2169.00,994.00,54.00,45.00,7.4262,-1,-1,-1
393,6,2263.00,1049.00,82.00,41.00,6.8452,-1,-1,-1
393,3,2137.00,1144.00,62.00,59.00,2.2858,-1,-1,-1
394,10,1903.00,987.00,93.00,66.00,9.3842,-1,-1,-1
394,9,2169.00,996.00,53.00,45.00,7.3861,-1,-1,-1
394,6,2256.00,1049.00,89.00,45.00,6.8363,-1,-1,-1
394,3,2134.00,1147.00,64.00,55.00,2.3638,-1,-1,-1
395,10,1901.00,989.00,94.00,66.00,9.5614,-1,-1,-1
395,9,2167.00,997.00,53.00,44.00,7.5354,-1,-1,-1
395,6,2254.00,1051.00,89.00,44.00,6.9057,-1,-1,-1
395,3,2134.00,1149.00,64.00,52.00,2.3425,-1,-1,-1
396,10,1899.00,992.00,93.00,66.00,9.7248,-1,-1,-1
396,9,2166.00,1000.00,53.00,44.00,7.5553,-1,-1,-1
396,6,2250.00,1053.00,90.00,43.00,6.9649,-1,-1,-1
396,3,2134.00,1150.00,64.00,52.00,1.5280,-1,-1,-1
397,10,1897.00,994.00,93.00,66.00,9.8282,-1,-1,-1
397,9,2165.00,1001.00,54.00,44.00,7.5961,-1,-1,-1
397,6,2250.00,1054.00,88.00,43.00,7.0244,-1,-1,-1
397,3,2134.00,1150.00,64.00,52.00,0.9390,-1,-1,-1
398,10,1895.00,995.00,93.00,68.00,9.8964,-1,-1,-1
398,9,2164.00,1005.00,55.00,44.00,7.5190,-1,-1,-1
398,6,2250.00,1055.00,85.00,44.00,7.0737,-1,-1,-1
398,3,2134.00,1150.00,64.00,52.00,0.5121,-1,-1,-1
399,10,1893.00,997.00,93.00,68.00,9.9506,-1,-1,-1
399,9,2161.00,1006.00,55.00,44.00,7.4739,-1,-1,-1
399,6,2252.00,1057.00,80.00,42.00,7.0806,-1,-1,-1
399,3,2128.00,1153.00,66.00,57.00,0.6496,-1,-1,-1
400,10,1891.00,1000.00,93.00,66.00,10.0558,-1,-1,-1
400,9,2160.00,1008.00,53.00,43.00,7.1696,-1,-1,-1
400,6,2246.00,1057.00,83.00,44.00,7.1210,-1,-1,-1
400,3,2123.00,1160.00,66.00,57.00,0.3055,-1,-1,-1
401,10,1889.00,1002.00,93.00,67.00,10.1464,-1,-1,-1
401,6,2242.00,1058.00,85.00,45.00,7.1307,-1,-1,-1
401,9,2158.00,1010.00,53.00,44.00,6.9634,-1,-1,-1
401,3,2121.00,1160.00,62.00,55.00,0.6113,-1,-1,-1
402,10,1887.00,1006.00,91.00,65.00,10.1721,-1,-1,-1
402,6,2239.00,1060.00,84.00,45.00,7.0224,-1,-1,-1
402,9,2155.00,1011.00,54.00,44.00,6.7924,-1,-1,-1
402,3,2112.00,1166.00,62.00,55.00,0.2777,-1,-1,-1
403,10,1885.00,1007.00,92.00,66.00,10.1978,-1,-1,-1
403,6,2236.00,1063.00,85.00,43.00,6.9826,-1,-1,-1
403,9,2153.00,1014.00,54.00,44.00,6.9299,-1,-1,-1
403,3,2103.00,1172.00,62.00,55.00,0.0362,-1,-1,-1
404,10,1882.00,1009.00,93.00,66.00,10.2106,-1,-1,-1
404,9,2151.00,1016.00,54.00,44.00,7.0268,-1,-1,-1
404,6,2235.00,1064.00,83.00,43.00,6.9904,-1,-1,-1
404,3,2115.00,1165.00,65.00,57.00,0.3837,-1,-1,-1
405,10,1880.00,1012.00,92.00,65.00,10.2531,-1,-1,-1
405,9,2147.00,1017.00,54.00,44.00,7.0897,-1,-1,-1
405,6,2231.00,1066.00,85.00,42.00,6.9880,-1,-1,-1
405,3,2115.00,1171.00,60.00,52.00,0.6701,-1,-1,-1
406,10,1878.00,1014.00,90.00,64.00,10.2990,-1,-1,-1
406,9,2145.00,1018.00,54.00,44.00,7.2413,-1,-1,-1
406,6,2232.00,1068.00,82.00,40.00,7.0246,-1,-1,-1
406,3,2112.00,1174.00,60.00,52.00,0.3189,-1,-1,-1
407,10,1876.00,1016.00,91.00,65.00,10.3329,-1,-1,-1
407,9,2144.00,1021.00,53.00,43.00,7.2931,-1,-1,-1
407,6,2229.00,1070.00,83.00,39.00,7.0541,-1,-1,-1
407,3,2113.00,1175.00,59.00,51.00,0.5494,-1,-1,-1
408,10,1874.00,1018.00,89.00,65.00,10.3567,-1,-1,-1
408,6,2230.00,1072.00,79.00,38.00,7.1134,-1,-1,-1
408,9,2143.00,1023.00,53.00,43.00,7.0376,-1,-1,-1
408,3,2110.00,1178.00,59.00,51.00,0.2296,-1,-1,-1
409,10,1871.00,1018.00,93.00,68.00,10.3742,-1,-1,-1
409,6,2228.00,1073.00,76.00,37.00,7.1133,-1,-1,-1
409,9,2141.00,1025.00,53.00,43.00,6.8001,-1,-1,-1
410,10,1870.00,1021.00,91.00,66.00,10.3972,-1,-1,-1
410,6,2220.00,1075.00,83.00,39.00,7.1256,-1,-1,-1
410,9,2139.00,1027.00,53.00,44.00,6.6266,-1,-1,-1
411,10,1867.00,1023.00,93.00,67.00,10.4445,-1,-1,-1
411,6,2218.00,1075.00,81.00,39.00,7.1290,-1,-1,-1
411,9,2137.00,1028.00,53.00,44.00,6.8018,-1,-1,-1
411,3,2103.00,1178.00,63.00,55.00,0.3226,-1,-1,-1
412,10,1865.00,1025.00,92.00,67.00,10.4726,-1,-1,-1
412,6,2213.00,1077.00,83.00,40.00,7.1693,-1,-1,-1
412,9,2135.00,1030.00,53.00,44.00,6.9824,-1,-1,-1
412,3,2101.00,1179.00,64.00,53.00,0.4986,-1,-1,-1
413,10,1863.00,1027.00,93.00,68.00,10.4783,-1,-1,-1
413,6,2211.00,1078.00,84.00,42.00,7.2455,-1,-1,-1
413,9,2132.00,1031.00,53.00,44.00,7.1908,-1,-1,-1
413,3,2100.00,1179.00,64.00,53.00,0.1933,-1,-1,-1
414,10,1861.00,1028.00,93.00,69.00,10.4783,-1,-1,-1
414,6,2206.00,1080.00,85.00,40.00,7.3311,-1,-1,-1
414,9,2130.00,1033.00,54.00,44.00,7.3247,-1,-1,-1
415,10,1859.00,1031.00,92.00,67.00,10.4775,-1,-1,-1
415,6,2204.00,1080.00,85.00,41.00,7.3519,-1,-1,-1
415,9,2129.00,1036.00,54.00,44.00,7.3320,-1,-1,-1
416,10,1857.00,1035.00,91.00,65.00,10.4979,-1,-1,-1
416,6,2206.00,1081.00,80.00,41.00,7.4176,-1,-1,-1
416,9,2128.00,1039.00,53.00,44.00,6.9854,-1,-1,-1
417,10,1855.00,1037.00,91.00,66.00,10.5144,-1,-1,-1
417,6,2203.00,1082.00,80.00,41.00,7.3792,-1,-1,-1
417,9,2125.00,1040.00,54.00,44.00,6.9861,-1,-1,-1
418,10,1851.00,1037.00,93.00,69.00,10.5287,-1,-1,-1
418,6,2197.00,1083.00,83.00,43.00,7.3566,-1,-1,-1
418,9,2122.00,1042.00,54.00,44.00,4.8856,-1,-1,-1
418,3,2093.00,1186.00,68.00,56.00,0.1867,-1,-1,-1
419,10,1849.00,1039.00,93.00,70.00,10.5298,-1,-1,-1
419,6,2196.00,1085.00,82.00,42.00,7.2907,-1,-1,-1
419,9,2119.00,1043.00,54.00,44.00,5.0160,-1,-1,-1
419,3,2092.00,1184.00,76.00,51.00,0.3683,-1,-1,-1
420,10,1848.00,1042.00,90.00,68.00,10.5379,-1,-1,-1
420,6,2194.00,1087.00,79.00,41.00,7.2325,-1,-1,-1
420,9,2118.00,1045.00,52.00,44.00,5.1438,-1,-1,-1
420,3,2095.00,1180.00,76.00,51.00,0.1023,-1,-1,-1
421,10,1845.00,1044.00,92.00,69.00,10.5588,-1,-1,-1
421,6,2191.00,1089.00,79.00,41.00,7.2279,-1,-1,-1
421,9,2116.00,1047.00,52.00,44.00,3.5525,-1,-1,-1
422,10,1844.00,1046.00,91.00,69.00,10.5835,-1,-1,-1
422,6,2189.00,1090.00,80.00,42.00,7.2117,-1,-1,-1
422,9,2112.00,1047.00,54.00,44.00,4.0934,-1,-1,-1
423,10,1841.00,1048.00,93.00,69.00,10.5848,-1,-1,-1
423,6,2189.00,1093.00,78.00,41.00,7.2400,-1,-1,-1
423,9,2110.00,1048.00,53.00,45.00,4.6443,-1,-1,-1
424,10,1838.00,1050.00,93.00,69.00,10.5762,-1,-1,-1
424,6,2189.00,1095.00,76.00,38.00,7.2791,-1,-1,-1
424,9,2108.00,1051.00,53.00,44.00,5.1553,-1,-1,-1
425,10,1835.00,1053.00,91.00,67.00,10.5878,-1,-1,-1
425,6,2189.00,1098.00,72.00,36.00,7.3297,-1,-1,-1
425,9,2106.00,1053.00,53.00,44.00,5.5121,-1,-1,-1
426,10,1832.00,1055.00,91.00,67.00,10.5934,-1,-1,-1
426,6,2188.00,1099.00,68.00,36.00,7.3294,-1,-1,-1
426,9,2103.00,1054.00,54.00,45.00,5.8430,-1,-1,-1
427,10,1830.00,1058.00,90.00,66.00,10.6147,-1,-1,-1
427,6,2179.00,1098.00,73.00,38.00,7.2831,-1,-1,-1
427,9,2099.00,1055.00,55.00,45.00,6.0777,-1,-1,-1
428,10,1826.00,1059.00,92.00,69.00,10.6371,-1,-1,-1
428,6,2175.00,1101.00,74.00,37.00,7.2523,-1,-1,-1
428,9,2097.00,1056.00,55.00,45.00,6.2692,-1,-1,-1
429,10,1824.00,1061.00,89.00,68.00,10.6628,-1,-1,-1
429,6,2169.00,1100.00,76.00,39.00,7.2245,-1,-1,-1
429,9,2094.00,1058.00,55.00,44.00,6.4158,-1,-1,-1
430,10,1822.00,1063.00,88.00,68.00,10.6809,-1,-1,-1
430,6,2167.00,1102.00,75.00,40.00,7.2258,-1,-1,-1
430,9,2091.00,1059.00,54.00,44.00,6.5666,-1,-1,-1
431,10,1819.00,1065.00,89.00,68.00,10.6851,-1,-1,-1
431,6,2167.00,1103.00,73.00,40.00,7.2104,-1,-1,-1
431,9,2089.00,1059.00,53.00,44.00,6.6771,-1,-1,-1
432,10,1815.00,1067.00,91.00,69.00,10.6752,-1,-1,-1
432,6,2162.00,1103.00,74.00,41.00,7.2445,-1,-1,-1
432,9,2087.00,1062.00,53.00,44.00,6.3044,-1,-1,-1
433,10,1812.00,1069.00,90.00,69.00,10.6811,-1,-1,-1
433,6,2159.00,1104.00,75.00,41.00,7.2412,-1,-1,-1
433,9,2083.00,1062.00,53.00,44.00,6.2199,-1,-1,-1
434,10,1809.00,1071.00,91.00,69.00,10.6840,-1,-1,-1
434,6,2158.00,1104.00,74.00,42.00,7.2564,-1,-1,-1
434,9,2079.00,1063.00,55.00,44.00,6.4844,-1,-1,-1
435,10,1806.00,1072.00,92.00,70.00,10.6642,-1,-1,-1
435,6,2153.00,1107.00,74.00,39.00,7.3175,-1,-1,-1
435,9,2079.00,1065.00,54.00,45.00,6.5817,-1,-1,-1
436,10,1803.00,1074.00,91.00,70.00,10.6499,-1,-1,-1
436,6,2152.00,1108.00,72.00,40.00,7.3632,-1,-1,-1
436,9,2075.00,1065.00,55.00,46.00,6.8518,-1,-1,-1
437,10,1800.00,1076.00,91.00,70.00,10.6359,-1,-1,-1
437,6,2149.00,1107.00,71.00,41.00,7.3459,-1,-1,-1
437,9,2073.00,1066.00,54.00,44.00,6.9084,-1,-1,-1
438,10,1798.00,1079.00,89.00,69.00,10.6162,-1,-1,-1
438,6,2144.00,1109.00,75.00,40.00,7.3002,-1,-1,-1
438,9,2071.00,1068.00,53.00,43.00,6.6369,-1,-1,-1
439,10,1795.00,1080.00,90.00,70.00,10.6570,-1,-1,-1
439,6,2142.00,1110.00,72.00,40.00,7.2951,-1,-1,-1
439,9,2068.00,1069.00,52.00,44.00,6.7842,-1,-1,-1
440,10,1792.00,1083.00,91.00,69.00,10.6835,-1,-1,-1
440,6,2139.00,1111.00,71.00,41.00,7.2823,-1,-1,-1
440,9,2065.00,1069.00,52.00,44.00,4.7351,-1,-1,-1
441,10,1789.00,1085.00,90.00,70.00,10.6628,-1,-1,-1
441,6,2139.00,1114.00,68.00,40.00,7.2327,-1,-1,-1
441,9,2061.00,1070.00,52.00,44.00,3.2571,-1,-1,-1
442,10,1786.00,1087.00,89.00,68.00,10.6044,-1,-1,-1
442,6,2136.00,1116.00,68.00,38.00,7.2022,-1,-1,-1
442,9,2060.00,1073.00,54.00,44.00,3.8380,-1,-1,-1
443,10,1783.00,1091.00,89.00,69.00,10.5809,-1,-1,-1
443,6,2129.00,1118.00,74.00,38.00,7.2686,-1,-1,-1
443,9,2058.00,1074.00,53.00,45.00,4.4368,-1,-1,-1
444,10,1779.00,1092.00,90.00,69.00,10.5995,-1,-1,-1
444,6,2127.00,1119.00,73.00,38.00,7.3164,-1,-1,-1
444,9,2056.00,1074.00,55.00,46.00,4.9827,-1,-1,-1
445,10,1776.00,1093.00,91.00,70.00,10.6161,-1,-1,-1
445,6,2125.00,1120.00,72.00,38.00,7.3116,-1,-1,-1
445,9,2054.00,1077.00,54.00,45.00,5.3757,-1,-1,-1
446,10,1774.00,1095.00,92.00,70.00,10.6237,-1,-1,-1
446,6,2122.00,1122.00,71.00,36.00,7.2766,-1,-1,-1
446,9,2050.00,1077.00,56.00,46.00,5.7593,-1,-1,-1
447,10,1772.00,1097.00,90.00,70.00,10.5904,-1,-1,-1
447,6,2122.00,1124.00,68.00,34.00,7.2283,-1,-1,-1
447,9,2049.00,1079.00,55.00,45.00,6.0293,-1,-1,-1
448,10,1769.00,1098.00,91.00,71.00,10.5594,-1,-1,-1
448,6,2114.00,1125.00,73.00,37.00,7.2358,-1,-1,-1
448,9,2047.00,1081.00,53.00,44.00,5.9079,-1,-1,-1
449,10,1765.00,1100.00,91.00,70.00,10.5222,-1,-1,-1
449,6,2113.00,1126.00,69.00,37.00,7.2326,-1,-1,-1
449,9,2044.00,1081.00,53.00,44.00,4.1016,-1,-1,-1
450,10,1762.00,1103.00,91.00,68.00,10.5420,-1,-1,-1
450,6,2107.00,1126.00,74.00,38.00,7.2529,-1,-1,-1
450,9,2042.00,1084.00,53.00,44.00,4.1222,-1,-1,-1
451,10,1760.00,1105.00,91.00,68.00,10.5616,-1,-1,-1
451,6,2104.00,1127.00,75.00,38.00,7.2817,-1,-1,-1
451,9,2039.00,1085.00,54.00,44.00,4.1380,-1,-1,-1
452,10,1757.00,1107.00,89.00,68.00,10.5678,-1,-1,-1
452,6,2103.00,1129.00,72.00,37.00,7.3050,-1,-1,-1
452,9,2038.00,1086.00,53.00,44.00,4.1282,-1,-1,-1
453,10,1753.00,1107.00,91.00,71.00,10.5664,-1,-1,-1
453,6,2100.00,1130.00,72.00,37.00,7.2835,-1,-1,-1
453,9,2035.00,1087.00,54.00,45.00,4.2649,-1,-1,-1
454,10,1751.00,1111.00,89.00,69.00,10.5884,-1,-1,-1
454,6,2092.00,1129.00,78.00,39.00,7.3031,-1,-1,-1
454,9,2033.00,1088.00,54.00,45.00,2.9153,-1,-1,-1
455,10,1748.00,1113.00,90.00,69.00,10.6025,-1,-1,-1
455,6,2091.00,1129.00,75.00,41.00,7.3906,-1,-1,-1
455,9,2031.00,1090.00,54.00,45.00,1.9388,-1,-1,-1
456,10,1746.00,1114.00,90.00,70.00,10.6252,-1,-1,-1
456,6,2092.00,1130.00,72.00,40.00,7.4440,-1,-1,-1
456,9,2028.00,1091.00,54.00,45.00,1.2323,-1,-1,-1
457,10,1742.00,1116.00,90.00,69.00,10.6347,-1,-1,-1
457,6,2093.00,1132.00,68.00,38.00,7.4422,-1,-1,-1
458,10,1740.00,1118.00,89.00,69.00,10.6344,-1,-1,-1
458,6,2090.00,1133.00,66.00,37.00,7.3456,-1,-1,-1
459,10,1737.00,1120.00,90.00,69.00,10.6360,-1,-1,-1
459,6,2082.00,1136.00,72.00,37.00,7.2183,-1,-1,-1
460,10,1734.00,1123.00,90.00,68.00,10.6347,-1,-1,-1
460,6,2078.00,1137.00,73.00,37.00,7.1202,-1,-1,-1
461,10,1731.00,1124.00,90.00,69.00,10.6290,-1,-1,-1
461,6,2077.00,1139.00,70.00,36.00,7.0602,-1,-1,-1
462,10,1729.00,1126.00,90.00,69.00,10.6158,-1,-1,-1
462,6,2071.00,1138.00,75.00,38.00,6.9702,-1,-1,-1
463,10,1726.00,1126.00,91.00,71.00,10.6119,-1,-1,-1
463,6,2070.00,1139.00,75.00,38.00,6.9419,-1,-1,-1
464,10,1725.00,1128.00,89.00,69.00,10.6327,-1,-1,-1
464,6,2066.00,1137.00,74.00,41.00,6.9198,-1,-1,-1
465,10,1723.00,1129.00,89.00,70.00,10.6610,-1,-1,-1
465,6,2065.00,1140.00,73.00,38.00,6.9229,-1,-1,-1
466,10,1722.00,1131.00,88.00,69.00,10.6915,-1,-1,-1
466,6,2066.00,1142.00,69.00,37.00,6.9703,-1,-1,-1
467,10,1719.00,1132.00,88.00,70.00,10.7081,-1,-1,-1
467,6,2067.00,1143.00,65.00,36.00,7.0030,-1,-1,-1
468,10,1717.00,1133.00,88.00,70.00,10.6987,-1,-1,-1
468,6,2061.00,1142.00,71.00,38.00,7.0241,-1,-1,-1
469,10,1715.00,1134.00,87.00,70.00,10.6317,-1,-1,-1
469,6,2054.00,1142.00,75.00,38.00,7.0657,-1,-1,-1
470,10,1713.00,1136.00,87.00,69.00,10.5498,-1,-1,-1
470,6,2054.00,1142.00,73.00,39.00,7.1354,-1,-1,-1
471,10,1711.00,1137.00,89.00,69.00,10.4870,-1,-1,-1
471,6,2053.00,1142.00,72.00,39.00,7.1661,-1,-1,-1
472,10,1709.00,1139.00,88.00,70.00,10.4524,-1,-1,-1
472,6,2053.00,1144.00,70.00,37.00,7.1184,-1,-1,-1
473,10,1707.00,1139.00,88.00,70.00,10.4599,-1,-1,-1
473,6,2052.00,1146.00,69.00,36.00,7.0156,-1,-1,-1
474,10,1705.00,1140.00,89.00,70.00,10.4667,-1,-1,-1
474,6,2050.00,1146.00,68.00,36.00,6.9271,-1,-1,-1
475,10,1704.00,1141.00,88.00,70.00,10.4627,-1,-1,-1
475,6,2045.00,1145.00,74.00,38.00,6.9036,-1,-1,-1
476,10,1703.00,1142.00,87.00,70.00,10.4430,-1,-1,-1
476,6,2041.00,1144.00,76.00,40.00,6.9020,-1,-1,-1
477,10,1700.00,1143.00,88.00,71.00,10.4263,-1,-1,-1
477,6,2041.00,1145.00,73.00,39.00,6.8892,-1,-1,-1
478,10,1699.00,1144.00,89.00,71.00,10.4118,-1,-1,-1
478,6,2037.00,1144.00,74.00,39.00,6.8060,-1,-1,-1
479,10,1698.00,1146.00,88.00,70.00,10.4017,-1,-1,-1
479,6,2034.00,1145.00,74.00,38.00,6.7283,-1,-1,-1
480,10,1696.00,1147.00,88.00,70.00,10.4016,-1,-1,-1
480,6,2032.00,1145.00,74.00,38.00,6.6510,-1,-1,-1
481,10,1695.00,1147.00,88.00,71.00,10.4013,-1,-1,-1
481,6,2029.00,1145.00,78.00,38.00,6.5672,-1,-1,-1
482,10,1693.00,1148.00,88.00,72.00,10.4150,-1,-1,-1
482,6,2030.00,1146.00,74.00,37.00,6.5070,-1,-1,-1
483,10,1691.00,1149.00,89.00,72.00,10.4322,-1,-1,-1
483,6,2023.00,1144.00,81.00,39.00,6.3788,-1,-1,-1
484,10,1690.00,1150.00,89.00,72.00,10.4504,-1,-1,-1
484,6,2025.00,1145.00,77.00,38.00,6.2482,-1,-1,-1
485,10,1689.00,1151.00,90.00,71.00,10.4637,-1,-1,-1
485,6,2025.00,1145.00,76.00,37.00,6.1547,-1,-1,-1
486,10,1688.00,1152.00,89.00,70.00,10.4577,-1,-1,-1
486,6,2021.00,1144.00,79.00,39.00,6.1394,-1,-1,-1
487,10,1688.00,1153.00,87.00,70.00,10.4489,-1,-1,-1
487,6,2019.00,1143.00,79.00,39.00,6.1192,-1,-1,-1
488,10,1687.00,1153.00,87.00,71.00,10.3937,-1,-1,-1
488,6,2017.00,1142.00,79.00,40.00,6.1518,-1,-1,-1
489,10,1685.00,1154.00,87.00,70.00,10.3441,-1,-1,-1
489,6,2014.00,1141.00,80.00,41.00,6.2213,-1,-1,-1
490,10,1685.00,1154.00,87.00,71.00,10.3116,-1,-1,-1
490,6,2015.00,1140.00,78.00,41.00,6.2643,-1,-1,-1
490,11,3658.00,147.00,70.00,62.00,1.0866,-1,-1,-1
491,10,1684.00,1154.00,87.00,71.00,10.3029,-1,-1,-1
491,6,2012.00,1139.00,80.00,42.00,6.2894,-1,-1,-1
491,11,3654.00,147.00,70.00,61.00,1.6040,-1,-1,-1
492,10,1683.00,1154.00,87.00,72.00,10.2703,-1,-1,-1
492,6,2008.00,1137.00,83.00,44.00,6.2283,-1,-1,-1
492,11,3650.00,146.00,70.00,61.00,0.9980,-1,-1,-1
493,10,1682.00,1154.00,88.00,71.00,10.2576,-1,-1,-1
493,6,2017.00,1140.00,71.00,40.00,6.2845,-1,-1,-1
493,11,3645.00,145.00,70.00,61.00,0.5604,-1,-1,-1
494,10,1681.00,1154.00,87.00,71.00,10.2640,-1,-1,-1
494,6,1998.00,1131.00,92.00,50.00,6.1742,-1,-1,-1
494,11,3641.00,144.00,70.00,61.00,0.2443,-1,-1,-1
495,10,1681.00,1155.00,87.00,71.00,10.2801,-1,-1,-1
495,6,2000.00,1132.00,88.00,48.00,6.0919,-1,-1,-1
496,10,1680.00,1155.00,87.00,70.00,10.3030,-1,-1,-1
496,6,2009.00,1137.00,77.00,43.00,6.1254,-1,-1,-1
497,10,1679.00,1155.00,87.00,70.00,10.3399,-1,-1,-1
497,6,2010.00,1137.00,75.00,42.00,6.1403,-1,-1,-1
498,10,1678.00,1155.00,87.00,70.00,10.3782,-1,-1,-1
498,6,2008.00,1136.00,76.00,42.00,6.1099,-1,-1,-1
499,10,1678.00,1155.00,87.00,70.00,7.3325,-1,-1,-1
499,6,2008.00,1138.00,74.00,40.00,6.0918,-1,-1,-1
500,10,1677.00,1156.00,87.00,69.00,7.8238,-1,-1,-1
500,6,2006.00,1138.00,75.00,39.00,6.0172,-1,-1,-1
501,10,1677.00,1156.00,86.00,70.00,8.2371,-1,-1,-1
501,6,1994.00,1131.00,87.00,46.00,5.8715,-1,-1,-1
502,10,1678.00,1156.00,85.00,69.00,8.5897,-1,-1,-1
502,6,1994.00,1130.00,86.00,47.00,5.7676,-1,-1,-1
503,10,1676.00,1156.00,86.00,69.00,8.8971,-1,-1,-1
503,6,1991.00,1129.00,88.00,47.00,5.7883,-1,-1,-1
503,12,3720.00,194.00,57.00,49.00,2.7865,-1,-1,-1
504,10,1677.00,1156.00,85.00,69.00,9.1624,-1,-1,-1
504,6,1988.00,1127.00,89.00,48.00,5.8333,-1,-1,-1
504,12,3713.00,192.00,60.00,51.00,3.5730,-1,-1,-1
505,10,1677.00,1156.00,85.00,69.00,6.4569,-1,-1,-1
505,6,1986.00,1127.00,92.00,48.00,5.8975,-1,-1,-1
505,12,3709.00,191.00,60.00,51.00,4.3831,-1,-1,-1
506,10,1676.00,1156.00,85.00,69.00,7.0809,-1,-1,-1
506,6,1985.00,1128.00,93.00,46.00,5.9748,-1,-1,-1
506,12,3705.00,189.00,61.00,52.00,5.0488,-1,-1,-1
507,6,1985.00,1127.00,93.00,46.00,6.0741,-1,-1,-1
507,12,3702.00,189.00,59.00,51.00,5.5223,-1,-1,-1
507,10,1675.00,1156.00,85.00,69.00,4.9541,-1,-1,-1
508,6,1988.00,1128.00,89.00,44.00,6.2310,-1,-1,-1
508,12,3699.00,187.00,58.00,51.00,5.7617,-1,-1,-1
508,10,1674.00,1156.00,85.00,69.00,3.4120,-1,-1,-1
509,6,1989.00,1126.00,84.00,45.00,6.4024,-1,-1,-1
509,12,3695.00,187.00,58.00,50.00,5.6982,-1,-1,-1
509,10,1678.00,1163.00,77.00,73.00,4.1086,-1,-1,-1
510,6,1987.00,1122.00,86.00,47.00,6.5476,-1,-1,-1
510,12,3690.00,185.00,59.00,51.00,5.9608,-1,-1,-1
510,10,1678.00,1163.00,77.00,73.00,4.7039,-1,-1,-1
511,6,1988.00,1123.00,87.00,47.00,6.6774,-1,-1,-1
511,12,3686.00,183.00,59.00,51.00,6.2746,-1,-1,-1
511,10,1678.00,1163.00,76.00,73.00,5.2053,-1,-1,-1
512,6,1986.00,1119.00,87.00,49.00,6.7038,-1,-1,-1
512,12,3683.00,183.00,59.00,50.00,6.1285,-1,-1,-1
512,10,1679.00,1162.00,75.00,74.00,5.6330,-1,-1,-1
513,6,1985.00,1119.00,87.00,48.00,6.7109,-1,-1,-1
513,10,1679.00,1162.00,75.00,73.00,5.9939,-1,-1,-1
513,12,3677.00,182.00,60.00,50.00,5.9403,-1,-1,-1
514,6,1985.00,1118.00,87.00,48.00,6.7173,-1,-1,-1
514,10,1679.00,1162.00,75.00,73.00,6.3010,-1,-1,-1
514,12,3673.00,181.00,61.00,50.00,6.1438,-1,-1,-1
515,6,1986.00,1119.00,85.00,46.00,6.7078,-1,-1,-1
515,10,1679.00,1162.00,75.00,73.00,6.5595,-1,-1,-1
515,12,3669.00,179.00,62.00,50.00,6.4272,-1,-1,-1
516,10,1676.00,1154.00,84.00,69.00,7.1773,-1,-1,-1
516,12,3666.00,178.00,61.00,49.00,6.7269,-1,-1,-1
516,6,1984.00,1118.00,86.00,46.00,6.7086,-1,-1,-1
517,10,1676.00,1154.00,84.00,69.00,7.7020,-1,-1,-1
517,12,3663.00,177.00,60.00,50.00,7.0174,-1,-1,-1
517,6,1983.00,1115.00,88.00,48.00,6.7183,-1,-1,-1
518,10,1677.00,1154.00,84.00,69.00,8.1492,-1,-1,-1
518,12,3658.00,175.00,61.00,50.00,7.2378,-1,-1,-1
518,6,1979.00,1110.00,92.00,52.00,6.7090,-1,-1,-1
519,10,1677.00,1154.00,84.00,69.00,8.5305,-1,-1,-1
519,12,3653.00,172.00,61.00,50.00,7.4766,-1,-1,-1
519,6,1980.00,1111.00,90.00,50.00,6.7227,-1,-1,-1
520,10,1677.00,1154.00,84.00,68.00,8.8522,-1,-1,-1
520,12,3650.00,171.00,58.00,49.00,7.6481,-1,-1,-1
520,6,1974.00,1105.00,97.00,56.00,6.7601,-1,-1,-1
521,10,1677.00,1154.00,84.00,69.00,9.1257,-1,-1,-1
521,12,3646.00,169.00,59.00,51.00,7.7281,-1,-1,-1
521,6,1978.00,1107.00,91.00,52.00,6.8251,-1,-1,-1
522,10,1677.00,1154.00,84.00,68.00,9.3563,-1,-1,-1
522,12,3642.00,169.00,60.00,49.00,7.7677,-1,-1,-1
522,6,1977.00,1106.00,92.00,53.00,6.8681,-1,-1,-1
523,10,1677.00,1154.00,84.00,68.00,9.5505,-1,-1,-1
523,12,3638.00,166.00,59.00,50.00,7.9256,-1,-1,-1
523,6,1976.00,1104.00,94.00,54.00,6.8899,-1,-1,-1
524,10,1677.00,1154.00,85.00,68.00,9.7178,-1,-1,-1
524,12,3634.00,163.00,60.00,51.00,8.0562,-1,-1,-1
524,6,1977.00,1103.00,92.00,54.00,6.8705,-1,-1,-1
525,10,1677.00,1153.00,85.00,68.00,9.8642,-1,-1,-1
525,12,3630.00,162.00,60.00,50.00,8.0305,-1,-1,-1
525,6,1977.00,1102.00,91.00,54.00,6.8077,-1,-1,-1
526,10,1677.00,1152.00,86.00,69.00,9.9872,-1,-1,-1
526,12,3627.00,160.00,59.00,51.00,7.9229,-1,-1,-1
526,6,1979.00,1102.00,87.00,51.00,6.7687,-1,-1,-1
527,10,1678.00,1151.00,86.00,69.00,10.0734,-1,-1,-1
527,12,3623.00,157.00,60.00,51.00,7.9464,-1,-1,-1
527,6,1976.00,1098.00,93.00,56.00,6.7449,-1,-1,-1
528,10,1680.00,1150.00,84.00,69.00,10.1371,-1,-1,-1
528,12,3620.00,157.00,59.00,49.00,7.8285,-1,-1,-1
528,6,1977.00,1099.00,91.00,53.00,6.7523,-1,-1,-1
529,10,1680.00,1151.00,84.00,68.00,10.1922,-1,-1,-1
529,12,3616.00,155.00,60.00,49.00,7.9148,-1,-1,-1
529,6,1979.00,1098.00,89.00,52.00,6.8073,-1,-1,-1
530,10,1680.00,1151.00,84.00,69.00,10.2386,-1,-1,-1
530,12,3612.00,152.00,59.00,50.00,8.0114,-1,-1,-1
530,6,1980.00,1097.00,89.00,53.00,6.8607,-1,-1,-1
531,10,1680.00,1150.00,84.00,69.00,10.2736,-1,-1,-1
531,12,3607.00,151.00,60.00,49.00,7.8860,-1,-1,-1
531,6,1984.00,1099.00,82.00,47.00,6.9203,-1,-1,-1
532,10,1681.00,1149.00,85.00,69.00,10.3066,-1,-1,-1
532,12,3606.00,150.00,57.00,49.00,7.8451,-1,-1,-1
532,6,1984.00,1098.00,83.00,47.00,6.9657,-1,-1,-1
533,10,1682.00,1148.00,84.00,69.00,10.3303,-1,-1,-1
533,12,3601.00,148.00,59.00,49.00,7.5590,-1,-1,-1
533,6,1982.00,1094.00,85.00,50.00,6.9576,-1,-1,-1
534,10,1682.00,1147.00,85.00,70.00,10.3539,-1,-1,-1
534,12,3598.00,147.00,57.00,48.00,7.5294,-1,-1,-1
534,6,1982.00,1092.00,86.00,50.00,6.9216,-1,-1,-1
535,10,1683.00,1146.00,85.00,70.00,10.3814,-1,-1,-1
535,12,3593.00,144.00,59.00,49.00,7.2695,-1,-1,-1
535,6,1980.00,1089.00,88.00,52.00,6.9025,-1,-1,-1
536,10,1684.00,1145.00,85.00,69.00,10.4027,-1,-1,-1
536,12,3590.00,142.00,59.00,49.00,7.4505,-1,-1,-1
536,6,1980.00,1089.00,88.00,51.00,6.8990,-1,-1,-1
537,10,1685.00,1144.00,84.00,69.00,10.4175,-1,-1,-1
537,12,3586.00,140.00,59.00,50.00,7.6461,-1,-1,-1
537,6,1980.00,1087.00,87.00,52.00,6.8925,-1,-1,-1
538,10,1685.00,1144.00,85.00,68.00,10.4303,-1,-1,-1
538,12,3582.00,139.00,59.00,49.00,7.7083,-1,-1,-1
538,6,1977.00,1083.00,93.00,55.00,6.9378,-1,-1,-1
539,10,1686.00,1143.00,85.00,69.00,10.4437,-1,-1,-1
539,12,3579.00,137.00,58.00,49.00,7.7143,-1,-1,-1
539,6,1976.00,1080.00,93.00,56.00,6.9512,-1,-1,-1
540,10,1686.00,1142.00,85.00,69.00,10.4590,-1,-1,-1
540,12,3578.00,135.00,56.00,50.00,7.6110,-1,-1,-1
540,6,1977.00,1080.00,93.00,55.00,6.9654,-1,-1,-1
541,10,1687.00,1142.00,85.00,69.00,10.4730,-1,-1,-1
541,12,3572.00,132.00,58.00,50.00,7.3432,-1,-1,-1
541,6,1979.00,1082.00,90.00,52.00,7.0047,-1,-1,-1
542,10,1688.00,1141.00,85.00,69.00,7.4048,-1,-1,-1
542,12,3567.00,131.00,58.00,49.00,7.0469,-1,-1,-1
542,6,1981.00,1081.00,87.00,49.00,6.9951,-1,-1,-1
543,10,1689.00,1148.00,77.00,73.00,7.4771,-1,-1,-1
543,12,3563.00,129.00,59.00,49.00,7.1032,-1,-1,-1
543,6,1976.00,1076.00,94.00,55.00,6.9872,-1,-1,-1
544,10,1691.00,1148.00,74.00,69.00,7.5327,-1,-1,-1
544,12,3561.00,127.00,59.00,49.00,7.1580,-1,-1,-1
544,6,1977.00,1076.00,93.00,53.00,6.9733,-1,-1,-1
545,10,1693.00,1149.00,72.00,67.00,7.5903,-1,-1,-1
545,6,1978.00,1075.00,92.00,52.00,6.9737,-1,-1,-1
545,12,3556.00,126.00,59.00,49.00,6.8120,-1,-1,-1
546,10,1693.00,1147.00,74.00,68.00,7.6322,-1,-1,-1
546,6,1980.00,1074.00,91.00,52.00,6.9832,-1,-1,-1
546,12,3554.00,124.00,59.00,49.00,6.6293,-1,-1,-1
547,10,1693.00,1146.00,74.00,68.00,7.6549,-1,-1,-1
547,6,1981.00,1073.00,89.00,52.00,7.0092,-1,-1,-1
547,12,3551.00,122.00,57.00,48.00,6.4114,-1,-1,-1
548,10,1696.00,1145.00,72.00,69.00,7.6933,-1,-1,-1
548,6,1985.00,1075.00,83.00,46.00,7.0415,-1,-1,-1
548,12,3548.00,121.00,56.00,48.00,6.2550,-1,-1,-1
549,10,1697.00,1144.00,72.00,71.00,7.7276,-1,-1,-1
549,6,1985.00,1074.00,84.00,46.00,7.0729,-1,-1,-1
549,12,3543.00,119.00,58.00,48.00,6.0800,-1,-1,-1
550,10,1698.00,1144.00,72.00,69.00,7.7239,-1,-1,-1
550,6,1983.00,1070.00,87.00,49.00,7.0264,-1,-1,-1
550,12,3540.00,117.00,58.00,49.00,6.3222,-1,-1,-1
551,10,1699.00,1142.00,73.00,70.00,7.7415,-1,-1,-1
551,6,1983.00,1070.00,87.00,47.00,6.9997,-1,-1,-1
551,12,3537.00,116.00,59.00,49.00,6.6492,-1,-1,-1
552,10,1700.00,1142.00,73.00,69.00,7.7600,-1,-1,-1
552,6,1986.00,1068.00,84.00,47.00,6.9783,-1,-1,-1
552,12,3533.00,114.00,59.00,49.00,6.8036,-1,-1,-1
553,10,1699.00,1142.00,75.00,67.00,7.7772,-1,-1,-1
553,12,3531.00,112.00,59.00,49.00,7.0101,-1,-1,-1
553,6,1985.00,1067.00,86.00,46.00,6.9438,-1,-1,-1
554,10,1701.00,1141.00,74.00,68.00,7.8071,-1,-1,-1
554,6,1984.00,1066.00,89.00,47.00,6.9926,-1,-1,-1
554,12,3529.00,110.00,58.00,48.00,6.8404,-1,-1,-1
555,10,1702.00,1141.00,74.00,67.00,7.8370,-1,-1,-1
555,6,1985.00,1066.00,87.00,46.00,7.0736,-1,-1,-1
555,12,3524.00,107.00,58.00,49.00,6.6554,-1,-1,-1
556,10,1702.00,1139.00,74.00,68.00,7.8628,-1,-1,-1
556,6,1986.00,1065.00,87.00,45.00,7.1610,-1,-1,-1
556,12,3521.00,106.00,57.00,49.00,6.3677,-1,-1,-1
557,10,1703.00,1137.00,74.00,69.00,7.8863,-1,-1,-1
557,6,1985.00,1065.00,89.00,44.00,7.2272,-1,-1,-1
557,12,3517.00,103.00,59.00,49.00,6.2141,-1,-1,-1
558,10,1703.00,1137.00,76.00,69.00,7.9087,-1,-1,-1
558,6,1985.00,1062.00,89.00,47.00,7.2425,-1,-1,-1
558,12,3514.00,101.00,59.00,49.00,6.1172,-1,-1,-1
559,10,1702.00,1134.00,81.00,73.00,7.9270,-1,-1,-1
559,6,1986.00,1062.00,89.00,45.00,7.2820,-1,-1,-1
559,12,3510.00,100.00,58.00,48.00,5.9408,-1,-1,-1
560,10,1705.00,1133.00,78.00,74.00,7.9441,-1,-1,-1
560,6,1987.00,1061.00,87.00,44.00,7.2525,-1,-1,-1
560,12,3508.00,99.00,57.00,48.00,5.8182,-1,-1,-1
561,10,1706.00,1133.00,77.00,73.00,7.9531,-1,-1,-1
561,6,1985.00,1054.00,91.00,51.00,7.2401,-1,-1,-1
561,12,3506.00,97.00,56.00,48.00,5.7272,-1,-1,-1
562,10,1709.00,1133.00,75.00,71.00,7.9550,-1,-1,-1
562,6,1988.00,1055.00,87.00,48.00,7.3033,-1,-1,-1
562,12,3502.00,95.00,56.00,48.00,5.6504,-1,-1,-1
563,10,1711.00,1132.00,73.00,71.00,7.9618,-1,-1,-1
563,6,1991.00,1054.00,84.00,47.00,7.3874,-1,-1,-1
563,12,3499.00,93.00,57.00,48.00,5.4504,-1,-1,-1
564,10,1712.00,1132.00,71.00,70.00,7.9631,-1,-1,-1
564,6,1992.00,1054.00,83.00,46.00,7.4598,-1,-1,-1
564,12,3495.00,91.00,57.00,48.00,3.7761,-1,-1,-1
565,10,1714.00,1129.00,72.00,72.00,7.9656,-1,-1,-1
565,6,1992.00,1053.00,84.00,46.00,7.5226,-1,-1,-1
565,12,3492.00,90.00,58.00,48.00,3.9774,-1,-1,-1
566,10,1714.00,1127.00,74.00,74.00,7.9677,-1,-1,-1
566,6,1992.00,1052.00,86.00,45.00,7.5380,-1,-1,-1
566,12,3489.00,89.00,59.00,48.00,4.2382,-1,-1,-1
567,10,1715.00,1127.00,74.00,72.00,7.9772,-1,-1,-1
567,6,1991.00,1050.00,88.00,47.00,7.5496,-1,-1,-1
567,12,3485.00,87.00,59.00,49.00,4.4751,-1,-1,-1
568,10,1717.00,1126.00,74.00,72.00,7.9939,-1,-1,-1
568,6,1992.00,1049.00,86.00,45.00,7.5520,-1,-1,-1
568,12,3482.00,85.00,60.00,49.00,4.6782,-1,-1,-1
569,10,1718.00,1125.00,74.00,73.00,8.0064,-1,-1,-1
569,6,1994.00,1048.00,83.00,44.00,7.5126,-1,-1,-1
569,12,3480.00,83.00,58.00,48.00,4.7745,-1,-1,-1
570,10,1720.00,1125.00,73.00,71.00,8.0177,-1,-1,-1
570,6,1995.00,1045.00,83.00,45.00,7.4561,-1,-1,-1
570,12,3477.00,81.00,57.00,48.00,4.7732,-1,-1,-1
571,10,1723.00,1124.00,71.00,71.00,8.0244,-1,-1,-1
571,6,1997.00,1044.00,83.00,46.00,7.4278,-1,-1,-1
571,12,3474.00,79.00,58.00,49.00,4.6770,-1,-1,-1
572,10,1723.00,1124.00,71.00,70.00,8.0158,-1,-1,-1
572,6,1999.00,1044.00,83.00,46.00,7.4097,-1,-1,-1
572,12,3471.00,76.00,58.00,49.00,3.2180,-1,-1,-1
573,10,1723.00,1122.00,74.00,72.00,7.9835,-1,-1,-1
573,6,2000.00,1043.00,83.00,44.00,7.4600,-1,-1,-1
573,12,3467.00,75.00,59.00,49.00,3.3725,-1,-1,-1
574,10,1725.00,1122.00,72.00,71.00,7.9709,-1,-1,-1
574,6,2001.00,1040.00,83.00,47.00,7.5132,-1,-1,-1
574,12,3464.00,73.00,58.00,49.00,3.5880,-1,-1,-1
575,10,1727.00,1120.00,71.00,72.00,7.9748,-1,-1,-1
575,6,2000.00,1038.00,85.00,48.00,7.5368,-1,-1,-1
575,12,3462.00,72.00,58.00,49.00,3.7381,-1,-1,-1
576,10,1728.00,1120.00,70.00,71.00,7.9837,-1,-1,-1
576,6,2000.00,1037.00,85.00,48.00,7.5818,-1,-1,-1
576,12,3460.00,70.00,57.00,48.00,3.8597,-1,-1,-1
577,10,1729.00,1118.00,72.00,71.00,7.9835,-1,-1,-1
577,6,2002.00,1036.00,82.00,46.00,7.6105,-1,-1,-1
577,12,3456.00,69.00,58.00,49.00,3.9323,-1,-1,-1
578,10,1729.00,1118.00,73.00,70.00,7.9738,-1,-1,-1
578,6,2000.00,1033.00,84.00,48.00,7.5885,-1,-1,-1
578,12,3454.00,68.00,56.00,48.00,3.9638,-1,-1,-1
579,10,1731.00,1117.00,73.00,71.00,7.9583,-1,-1,-1
579,6,2002.00,1034.00,81.00,45.00,7.5520,-1,-1,-1
579,12,3450.00,67.00,57.00,49.00,4.0128,-1,-1,-1
580,10,1732.00,1117.00,73.00,71.00,7.9484,-1,-1,-1
580,6,2003.00,1031.00,83.00,48.00,7.6108,-1,-1,-1
580,12,3448.00,66.00,57.00,49.00,2.7375,-1,-1,-1
581,10,1735.00,1117.00,69.00,69.00,7.9307,-1,-1,-1
581,6,2005.00,1033.00,81.00,44.00,7.6618,-1,-1,-1
581,12,3445.00,65.00,57.00,48.00,3.0545,-1,-1,-1
582,10,1737.00,1116.00,67.00,68.00,7.9109,-1,-1,-1
582,6,2006.00,1033.00,80.00,43.00,7.6904,-1,-1,-1
582,12,3442.00,64.00,58.00,48.00,3.3810,-1,-1,-1
583,10,1738.00,1116.00,66.00,67.00,7.9041,-1,-1,-1
583,6,2007.00,1031.00,81.00,44.00,7.6974,-1,-1,-1
583,12,3438.00,62.00,59.00,49.00,3.9514,-1,-1,-1
584,10,1739.00,1114.00,68.00,68.00,7.9064,-1,-1,-1
584,6,2009.00,1030.00,80.00,43.00,7.6839,-1,-1,-1
584,12,3435.00,61.00,59.00,49.00,4.4885,-1,-1,-1
585,10,1739.00,1113.00,69.00,67.00,7.9228,-1,-1,-1
585,6,2008.00,1029.00,82.00,43.00,7.6774,-1,-1,-1
585,12,3433.00,60.00,58.00,49.00,4.6815,-1,-1,-1
586,10,1741.00,1114.00,68.00,64.00,7.9461,-1,-1,-1
586,6,2009.00,1028.00,80.00,43.00,7.6274,-1,-1,-1
586,12,3430.00,59.00,58.00,49.00,3.2202,-1,-1,-1
587,10,1741.00,1113.00,69.00,66.00,7.9627,-1,-1,-1
587,6,2011.00,1026.00,79.00,42.00,7.5632,-1,-1,-1
587,12,3427.00,56.00,57.00,48.00,3.3581,-1,-1,-1
588,10,1744.00,1113.00,67.00,65.00,7.9689,-1,-1,-1
588,6,2011.00,1024.00,81.00,42.00,7.5223,-1,-1,-1
588,12,3425.00,55.00,58.00,49.00,3.4632,-1,-1,-1
589,10,1746.00,1110.00,70.00,68.00,7.9542,-1,-1,-1
589,6,2012.00,1022.00,83.00,45.00,7.5106,-1,-1,-1
589,12,3422.00,53.00,58.00,49.00,3.5455,-1,-1,-1
590,10,1747.00,1111.00,69.00,67.00,7.9397,-1,-1,-1
590,6,2012.00,1021.00,83.00,44.00,7.5524,-1,-1,-1
590,12,3419.00,50.00,58.00,49.00,3.6641,-1,-1,-1
591,10,1747.00,1111.00,70.00,67.00,7.9235,-1,-1,-1
591,6,2012.00,1021.00,83.00,42.00,7.5852,-1,-1,-1
591,12,3416.00,48.00,59.00,50.00,3.8032,-1,-1,-1
592,10,1752.00,1109.00,67.00,66.00,7.8821,-1,-1,-1
592,6,2015.00,1019.00,81.00,42.00,7.6002,-1,-1,-1
592,12,3414.00,47.00,57.00,49.00,3.8674,-1,-1,-1
593,10,1754.00,1109.00,69.00,66.00,7.8761,-1,-1,-1
593,6,2016.00,1018.00,83.00,43.00,7.5749,-1,-1,-1
593,12,3414.00,47.00,57.00,49.00,3.9243,-1,-1,-1
594,10,1757.00,1106.00,71.00,69.00,7.8607,-1,-1,-1
594,6,2022.00,1017.00,78.00,41.00,7.5397,-1,-1,-1
594,12,3416.00,47.00,57.00,49.00,4.0482,-1,-1,-1
595,10,1762.00,1106.00,67.00,67.00,7.8282,-1,-1,-1
595,6,2026.00,1016.00,79.00,44.00,7.5783,-1,-1,-1
595,12,3419.00,47.00,57.00,49.00,4.1349,-1,-1,-1
596,10,1765.00,1104.00,69.00,68.00,7.8427,-1,-1,-1
596,6,2027.00,1014.00,80.00,44.00,7.5927,-1,-1,-1
596,12,3420.00,46.00,57.00,49.00,4.2250,-1,-1,-1
597,10,1770.00,1104.00,68.00,67.00,7.8819,-1,-1,-1
597,6,2028.00,1011.00,83.00,45.00,7.5958,-1,-1,-1
597,12,3422.00,45.00,58.00,49.00,4.2194,-1,-1,-1
598,10,1776.00,1103.00,65.00,68.00,7.8889,-1,-1,-1
598,6,2036.00,1009.00,77.00,45.00,7.5696,-1,-1,-1
598,12,3424.00,44.00,58.00,49.00,2.8874,-1,-1,-1
599,10,1779.00,1102.00,68.00,67.00,7.8818,-1,-1,-1
599,6,2037.00,1007.00,83.00,47.00,7.6310,-1,-1,-1
599,12,3427.00,43.00,56.00,48.00,3.0341,-1,-1,-1
600,10,1782.00,1100.00,70.00,70.00,7.8590,-1,-1,-1
600,6,2039.00,1008.00,81.00,44.00,7.6455,-1,-1,-1
600,12,3429.00,42.00,56.00,48.00,3.1573,-1,-1,-1
601,10,1788.00,1102.00,63.00,65.00,7.8534,-1,-1,-1
601,6,2046.00,1010.00,76.00,39.00,7.5871,-1,-1,-1
601,12,3431.00,40.00,57.00,49.00,3.2637,-1,-1,-1
602,10,1792.00,1100.00,64.00,65.00,7.8035,-1,-1,-1
602,6,2052.00,1008.00,77.00,40.00,7.6386,-1,-1,-1
602,12,3433.00,39.00,57.00,49.00,2.1971,-1,-1,-1
603,10,1797.00,1098.00,63.00,68.00,7.8060,-1,-1,-1
603,6,2055.00,1007.00,78.00,41.00,7.6349,-1,-1,-1
603,12,3435.00,38.00,57.00,49.00,1.4264,-1,-1,-1
604,10,1799.00,1097.00,67.00,67.00,7.8082,-1,-1,-1
604,6,2057.00,1005.00,79.00,41.00,7.5977,-1,-1,-1
604,12,3438.00,38.00,59.00,50.00,1.9539,-1,-1,-1
605,10,1802.00,1094.00,69.00,69.00,7.8303,-1,-1,-1
605,6,2058.00,1004.00,81.00,41.00,7.5275,-1,-1,-1
605,12,3440.00,38.00,59.00,50.00,2.4594,-1,-1,-1
606,10,1806.00,1094.00,68.00,68.00,7.8331,-1,-1,-1
606,6,2062.00,1000.00,79.00,42.00,7.4585,-1,-1,-1
606,12,3441.00,36.00,58.00,49.00,2.7707,-1,-1,-1
607,10,1811.00,1094.00,65.00,66.00,7.8110,-1,-1,-1
607,6,2064.00,999.00,83.00,42.00,7.4720,-1,-1,-1
607,12,3443.00,34.00,58.00,49.00,1.8410,-1,-1,-1
608,10,1815.00,1092.00,65.00,66.00,7.7977,-1,-1,-1
608,6,2070.00,998.00,78.00,40.00,7.4361,-1,-1,-1
608,12,3444.00,32.00,58.00,49.00,1.1676,-1,-1,-1
609,10,1818.00,1091.00,67.00,69.00,7.7767,-1,-1,-1
609,6,2075.00,996.00,80.00,44.00,7.4785,-1,-1,-1
609,12,3448.00,35.00,59.00,50.00,1.7753,-1,-1,-1
610,10,1824.00,1090.00,63.00,71.00,7.7819,-1,-1,-1
610,6,2077.00,995.00,78.00,42.00,7.5146,-1,-1,-1
610,12,3450.00,33.00,58.00,50.00,2.2511,-1,-1,-1
611,10,1823.00,1090.00,70.00,65.00,7.8207,-1,-1,-1
611,6,2079.00,992.00,80.00,44.00,7.5079,-1,-1,-1
611,12,3452.00,32.00,58.00,49.00,2.6310,-1,-1,-1
612,10,1826.00,1087.00,71.00,68.00,7.8589,-1,-1,-1
612,6,2082.00,987.00,80.00,46.00,7.4508,-1,-1,-1
612,12,3454.00,32.00,58.00,49.00,2.9851,-1,-1,-1
613,10,1829.00,1086.00,71.00,68.00,7.8686,-1,-1,-1
613,6,2085.00,986.00,78.00,45.00,7.4234,-1,-1,-1
613,12,3455.00,31.00,59.00,49.00,3.2352,-1,-1,-1
614,10,1833.00,1084.00,71.00,68.00,7.8756,-1,-1,-1
614,6,2090.00,990.00,70.00,38.00,7.3996,-1,-1,-1
614,12,3458.00,30.00,59.00,49.00,2.1768,-1,-1,-1
615,10,1837.00,1081.00,70.00,70.00,7.9088,-1,-1,-1
615,6,2090.00,986.00,80.00,43.00,7.4353,-1,-1,-1
615,12,3460.00,29.00,59.00,49.00,1.4102,-1,-1,-1
616,10,1840.00,1080.00,70.00,70.00,7.9525,-1,-1,-1
616,6,2094.00,985.00,76.00,42.00,7.4196,-1,-1,-1
616,12,3460.00,28.00,59.00,49.00,1.8325,-1,-1,-1
617,10,1843.00,1080.00,70.00,68.00,7.9760,-1,-1,-1
617,6,2099.00,984.00,77.00,42.00,7.4772,-1,-1,-1
617,12,3461.00,27.00,60.00,50.00,2.2657,-1,-1,-1
618,10,1847.00,1080.00,67.00,66.00,7.9529,-1,-1,-1
618,6,2100.00,982.00,79.00,42.00,7.4962,-1,-1,-1
618,12,3462.00,26.00,61.00,50.00,2.6955,-1,-1,-1
619,10,1849.00,1079.00,68.00,65.00,7.9358,-1,-1,-1
619,6,2101.00,980.00,82.00,44.00,7.5165,-1,-1,-1
619,12,3463.00,25.00,60.00,51.00,3.0383,-1,-1,-1
620,10,1851.00,1076.00,71.00,68.00,7.9241,-1,-1,-1
620,6,2104.00,979.00,80.00,43.00,7.5147,-1,-1,-1
620,12,3465.00,24.00,60.00,50.00,3.3192,-1,-1,-1
621,10,1854.00,1076.00,69.00,68.00,7.9139,-1,-1,-1
621,6,2106.00,976.00,80.00,43.00,7.4838,-1,-1,-1
621,12,3466.00,23.00,60.00,50.00,2.2361,-1,-1,-1
622,10,1858.00,1075.00,68.00,67.00,7.9137,-1,-1,-1
622,6,2110.00,975.00,78.00,41.00,7.4722,-1,-1,-1
622,12,3467.00,22.00,60.00,50.00,1.4542,-1,-1,-1
623,10,1861.00,1074.00,67.00,67.00,7.8870,-1,-1,-1
623,6,2110.00,974.00,81.00,41.00,7.5063,-1,-1,-1
623,12,3468.00,22.00,60.00,50.00,0.8869,-1,-1,-1
624,10,1865.00,1071.00,67.00,67.00,7.7955,-1,-1,-1
624,6,2115.00,973.00,78.00,39.00,7.4998,-1,-1,-1
624,12,3471.00,21.00,59.00,49.00,1.4439,-1,-1,-1
625,10,1867.00,1070.00,70.00,67.00,7.7709,-1,-1,-1
625,6,2118.00,967.00,79.00,44.00,7.4235,-1,-1,-1
625,12,3477.00,18.00,59.00,49.00,0.8819,-1,-1,-1
626,10,1870.00,1069.00,70.00,66.00,7.8033,-1,-1,-1
626,6,2122.00,968.00,79.00,42.00,7.4764,-1,-1,-1
626,12,3482.00,15.00,59.00,49.00,0.4761,-1,-1,-1
627,10,1874.00,1068.00,68.00,63.00,7.8373,-1,-1,-1
627,6,2124.00,966.00,79.00,42.00,7.5160,-1,-1,-1
627,12,3488.00,12.00,59.00,49.00,0.1814,-1,-1,-1
628,10,1876.00,1065.00,71.00,65.00,7.8606,-1,-1,-1
628,6,2127.00,962.00,81.00,45.00,7.5593,-1,-1,-1
628,12,3479.00,18.00,57.00,47.00,0.8509,-1,-1,-1
629,10,1880.00,1065.00,70.00,65.00,7.8681,-1,-1,-1
629,6,2132.00,962.00,77.00,42.00,7.5342,-1,-1,-1
629,12,3487.00,15.00,57.00,47.00,0.4540,-1,-1,-1
630,10,1884.00,1061.00,69.00,67.00,7.8795,-1,-1,-1
630,6,2133.00,961.00,82.00,43.00,7.5915,-1,-1,-1
630,12,3494.00,11.00,57.00,47.00,0.1668,-1,-1,-1
631,10,1889.00,1059.00,68.00,68.00,7.9206,-1,-1,-1
631,6,2137.00,961.00,80.00,40.00,7.6249,-1,-1,-1
632,10,1895.00,1059.00,67.00,66.00,7.9217,-1,-1,-1
632,6,2143.00,959.00,76.00,40.00,7.6181,-1,-1,-1
632,12,3488.00,14.00,58.00,49.00,0.7574,-1,-1,-1
633,10,1897.00,1059.00,67.00,63.00,7.9046,-1,-1,-1
633,6,2144.00,956.00,78.00,41.00,7.5767,-1,-1,-1
633,12,3490.00,13.00,57.00,49.00,1.3287,-1,-1,-1
634,10,1899.00,1056.00,69.00,66.00,7.8967,-1,-1,-1
634,6,2148.00,956.00,77.00,41.00,7.5659,-1,-1,-1
634,12,3492.00,11.00,57.00,49.00,0.7997,-1,-1,-1
635,10,1901.00,1055.00,67.00,65.00,7.8841,-1,-1,-1
635,6,2149.00,954.00,77.00,40.00,7.5681,-1,-1,-1
635,12,3494.00,10.00,57.00,49.00,0.4141,-1,-1,-1
636,10,1897.00,1054.00,67.00,65.00,7.8641,-1,-1,-1
636,6,2146.00,952.00,73.00,37.00,7.5376,-1,-1,-1
636,12,3495.00,9.00,57.00,49.00,0.1365,-1,-1,-1
637,10,1888.00,1052.00,68.00,64.00,7.8365,-1,-1,-1
637,6,2135.00,950.00,77.00,38.00,7.5751,-1,-1,-1
637,12,3466.00,2.00,59.00,48.00,0.6453,-1,-1,-1
638,10,1876.00,1048.00,68.00,67.00,7.8487,-1,-1,-1
638,6,2124.00,943.00,74.00,41.00,7.6170,-1,-1,-1
638,12,3442.00,-8.00,59.00,48.00,0.1451,-1,-1,-1
639,10,1866.00,1048.00,60.00,64.00,7.7061,-1,-1,-1
639,6,2107.00,938.00,77.00,43.00,7.5740,-1,-1,-1
640,10,1849.00,1046.00,68.00,65.00,7.7517,-1,-1,-1
640,6,2093.00,937.00,74.00,40.00,7.6081,-1,-1,-1
641,10,1836.00,1043.00,65.00,67.00,7.7518,-1,-1,-1
641,6,2078.00,934.00,73.00,39.00,7.6324,-1,-1,-1
642,10,1823.00,1041.00,60.00,71.00,7.7288,-1,-1,-1
642,6,2061.00,930.00,73.00,38.00,7.5689,-1,-1,-1
643,10,1804.00,1041.00,65.00,65.00,7.7670,-1,-1,-1
643,6,2042.00,927.00,74.00,38.00,7.5836,-1,-1,-1
643,13,2844.00,1002.00,35.00,30.00,0.4660,-1,-1,-1
644,10,1785.00,1041.00,64.00,66.00,7.7834,-1,-1,-1
644,6,2024.00,924.00,68.00,38.00,7.6221,-1,-1,-1
644,13,2804.00,982.00,35.00,30.00,0.1701,-1,-1,-1
645,10,1765.00,1039.00,63.00,67.00,7.8071,-1,-1,-1
645,6,2001.00,920.00,69.00,38.00,7.5899,-1,-1,-1
646,10,1742.00,1037.00,63.00,68.00,7.8353,-1,-1,-1
646,6,1975.00,914.00,71.00,41.00,7.5763,-1,-1,-1
647,10,1720.00,1035.00,62.00,70.00,7.8660,-1,-1,-1
647,6,1951.00,912.00,71.00,41.00,7.5912,-1,-1,-1
647,13,2741.00,952.00,34.00,31.00,0.7954,-1,-1,-1
648,10,1697.00,1036.00,61.00,69.00,7.8967,-1,-1,-1
648,6,1925.00,911.00,72.00,37.00,7.5718,-1,-1,-1
648,13,2718.00,934.00,34.00,31.00,0.2485,-1,-1,-1
649,10,1673.00,1036.00,61.00,70.00,7.9288,-1,-1,-1
649,6,1899.00,907.00,70.00,37.00,7.5053,-1,-1,-1
650,10,1654.00,1041.00,60.00,65.00,8.1436,-1,-1,-1
650,6,1875.00,905.00,73.00,37.00,7.4619,-1,-1,-1
651,10,1635.00,1037.00,64.00,69.00,8.0991,-1,-1,-1
651,6,1859.00,902.00,67.00,39.00,7.4099,-1,-1,-1
652,10,1625.00,1036.00,61.00,70.00,8.1083,-1,-1,-1
652,6,1846.00,897.00,72.00,43.00,7.3849,-1,-1,-1
653,10,1617.00,1036.00,65.00,71.00,8.0770,-1,-1,-1
653,6,1839.00,899.00,71.00,39.00,7.4602,-1,-1,-1
654,10,1615.00,1037.00,64.00,69.00,8.0489,-1,-1,-1
654,6,1836.00,897.00,72.00,40.00,7.4860,-1,-1,-1
655,10,1618.00,1034.00,63.00,70.00,8.0186,-1,-1,-1
655,6,1837.00,895.00,72.00,40.00,7.4258,-1,-1,-1
656,10,1622.00,1032.00,62.00,70.00,7.9912,-1,-1,-1
656,6,1838.00,893.00,76.00,39.00,7.4350,-1,-1,-1
657,10,1626.00,1031.00,63.00,70.00,8.0059,-1,-1,-1
657,6,1842.00,891.00,76.00,41.00,7.4465,-1,-1,-1
658,10,1631.00,1031.00,61.00,68.00,8.0243,-1,-1,-1
658,6,1844.00,889.00,79.00,41.00,7.4103,-1,-1,-1
659,10,1634.00,1030.00,61.00,69.00,8.0055,-1,-1,-1
659,6,1850.00,889.00,75.00,40.00,7.4422,-1,-1,-1
660,10,1639.00,1029.00,59.00,66.00,7.9641,-1,-1,-1
660,6,1855.00,888.00,70.00,40.00,7.4294,-1,-1,-1
661,10,1643.00,1026.00,60.00,71.00,7.9438,-1,-1,-1
661,6,1859.00,886.00,72.00,40.00,7.3361,-1,-1,-1
662,10,1648.00,1027.00,58.00,68.00,7.9375,-1,-1,-1
662,6,1864.00,887.00,70.00,37.00,7.3563,-1,-1,-1
663,10,1652.00,1025.00,59.00,69.00,7.8733,-1,-1,-1
663,6,1867.00,886.00,72.00,37.00,7.3645,-1,-1,-1
664,10,1656.00,1025.00,61.00,67.00,7.8470,-1,-1,-1
664,6,1870.00,886.00,69.00,36.00,7.3195,-1,-1,-1
665,10,1660.00,1023.00,62.00,68.00,7.8647,-1,-1,-1
665,6,1873.00,882.00,70.00,37.00,7.2840,-1,-1,-1
666,10,1663.00,1022.00,64.00,66.00,7.8827,-1,-1,-1
666,6,1877.00,880.00,70.00,38.00,7.2775,-1,-1,-1
667,10,1669.00,1022.00,58.00,64.00,7.8561,-1,-1,-1
667,6,1880.00,878.00,71.00,38.00,7.2664,-1,-1,-1
668,10,1674.00,1021.00,58.00,63.00,7.8245,-1,-1,-1
668,6,1885.00,876.00,73.00,41.00,7.3238,-1,-1,-1
669,10,1677.00,1018.00,61.00,69.00,7.8139,-1,-1,-1
669,6,1892.00,876.00,69.00,40.00,7.3771,-1,-1,-1
670,10,1681.00,1018.00,60.00,67.00,7.8253,-1,-1,-1
670,6,1895.00,874.00,70.00,40.00,7.3651,-1,-1,-1
671,10,1684.00,1017.00,64.00,63.00,7.8320,-1,-1,-1
671,6,1899.00,874.00,70.00,39.00,7.3893,-1,-1,-1
672,10,1689.00,1015.00,63.00,66.00,7.8312,-1,-1,-1
672,6,1903.00,871.00,70.00,39.00,7.3794,-1,-1,-1
673,10,1692.00,1014.00,64.00,66.00,7.8260,-1,-1,-1
673,6,1907.00,869.00,67.00,41.00,7.3369,-1,-1,-1
674,10,1698.00,1011.00,62.00,67.00,7.8719,-1,-1,-1
674,6,1911.00,870.00,63.00,39.00,7.1877,-1,-1,-1
675,10,1703.00,1011.00,61.00,65.00,7.9069,-1,-1,-1
675,6,1913.00,868.00,70.00,39.00,7.2286,-1,-1,-1
676,10,1706.00,1010.00,63.00,65.00,7.8975,-1,-1,-1
676,6,1917.00,867.00,69.00,40.00,7.2838,-1,-1,-1
677,10,1710.00,1009.00,64.00,66.00,7.8920,-1,-1,-1
677,6,1921.00,867.00,67.00,40.00,7.2893,-1,-1,-1
678,10,1714.00,1008.00,63.00,67.00,7.8707,-1,-1,-1
678,6,1925.00,866.00,68.00,40.00,7.3510,-1,-1,-1
679,10,1722.00,1007.00,56.00,66.00,7.8544,-1,-1,-1
679,6,1930.00,865.00,68.00,40.00,7.4046,-1,-1,-1
680,10,1724.00,1007.00,60.00,64.00,7.8725,-1,-1,-1
680,6,1932.00,862.00,71.00,42.00,7.3761,-1,-1,-1
681,10,1728.00,1007.00,60.00,64.00,7.8814,-1,-1,-1
681,6,1937.00,861.00,71.00,43.00,7.3938,-1,-1,-1
682,10,1732.00,1003.00,63.00,67.00,7.8858,-1,-1,-1
682,6,1942.00,863.00,68.00,39.00,7.3961,-1,-1,-1
683,10,1736.00,1003.00,62.00,66.00,7.8815,-1,-1,-1
683,6,1944.00,860.00,71.00,41.00,7.3838,-1,-1,-1
684,10,1741.00,1003.00,60.00,65.00,7.8630,-1,-1,-1
684,6,1947.00,857.00,71.00,44.00,7.3656,-1,-1,-1
685,10,1744.00,1000.00,61.00,69.00,7.7776,-1,-1,-1
685,6,1954.00,856.00,64.00,42.00,7.3503,-1,-1,-1
686,10,1749.00,1001.00,59.00,67.00,7.7201,-1,-1,-1
686,6,1958.00,855.00,63.00,42.00,7.3188,-1,-1,-1
687,10,1753.00,999.00,62.00,66.00,7.7216,-1,-1,-1
687,6,1960.00,855.00,65.00,39.00,7.2959,-1,-1,-1
688,10,1757.00,998.00,60.00,64.00,7.7433,-1,-1,-1
688,6,1964.00,852.00,66.00,43.00,7.3060,-1,-1,-1
689,10,1761.00,997.00,61.00,65.00,7.7739,-1,-1,-1
689,6,1967.00,850.00,68.00,45.00,7.2777,-1,-1,-1
690,10,1763.00,996.00,62.00,66.00,7.7714,-1,-1,-1
690,6,1969.00,848.00,71.00,47.00,7.2848,-1,-1,-1
691,10,1767.00,994.00,61.00,67.00,7.7780,-1,-1,-1
691,6,1973.00,848.00,69.00,46.00,7.2844,-1,-1,-1
692,10,1772.00,993.00,59.00,67.00,7.7861,-1,-1,-1
692,6,1976.00,846.00,70.00,46.00,7.2534,-1,-1,-1
693,10,1775.00,992.00,60.00,72.00,7.7964,-1,-1,-1
693,6,1978.00,844.00,71.00,48.00,7.2103,-1,-1,-1
694,10,1777.00,992.00,61.00,70.00,7.8148,-1,-1,-1
694,6,1982.00,845.00,68.00,45.00,7.1768,-1,-1,-1
695,10,1781.00,989.00,62.00,68.00,7.7996,-1,-1,-1
695,6,1984.00,844.00,68.00,44.00,7.1479,-1,-1,-1
696,10,1782.00,989.00,63.00,68.00,7.8079,-1,-1,-1
696,6,1987.00,840.00,70.00,46.00,7.2091,-1,-1,-1
697,10,1784.00,989.00,63.00,67.00,7.8169,-1,-1,-1
697,6,1989.00,839.00,68.00,45.00,7.2519,-1,-1,-1
698,10,1787.00,986.00,63.00,68.00,7.8078,-1,-1,-1
698,6,1989.00,838.00,72.00,46.00,7.2760,-1,-1,-1
699,10,1789.00,985.00,65.00,69.00,7.8194,-1,-1,-1
699,6,1991.00,838.00,71.00,45.00,7.3007,-1,-1,-1
700,10,1790.00,985.00,63.00,67.00,7.8347,-1,-1,-1
700,6,1992.00,837.00,69.00,45.00,7.3185,-1,-1,-1
701,10,1794.00,984.00,60.00,67.00,7.8593,-1,-1,-1
701,6,1994.00,837.00,69.00,43.00,7.3126,-1,-1,-1
702,10,1795.00,984.00,61.00,65.00,7.8954,-1,-1,-1
702,6,1995.00,835.00,67.00,44.00,7.2571,-1,-1,-1
703,10,1796.00,984.00,61.00,65.00,7.9295,-1,-1,-1
703,6,1996.00,834.00,67.00,43.00,7.2584,-1,-1,-1
704,10,1797.00,984.00,62.00,64.00,7.9555,-1,-1,-1
704,6,1996.00,832.00,68.00,44.00,7.2582,-1,-1,-1
705,10,1798.00,983.00,59.00,64.00,7.9751,-1,-1,-1
705,6,1997.00,831.00,65.00,42.00,7.2509,-1,-1,-1
706,10,1797.00,982.00,61.00,64.00,7.9845,-1,-1,-1
706,6,1994.00,828.00,69.00,45.00,7.2685,-1,-1,-1
707,10,1794.00,979.00,64.00,69.00,7.9752,-1,-1,-1
707,6,1992.00,827.00,68.00,45.00,7.2613,-1,-1,-1
708,10,1794.00,979.00,60.00,65.00,7.9130,-1,-1,-1
708,6,1989.00,825.00,67.00,44.00,7.2841,-1,-1,-1
709,10,1791.00,979.00,61.00,65.00,7.8632,-1,-1,-1
709,6,1987.00,824.00,66.00,44.00,7.3054,-1,-1,-1
710,10,1790.00,977.00,60.00,66.00,7.8390,-1,-1,-1
710,6,1984.00,822.00,67.00,46.00,7.2983,-1,-1,-1
711,10,1787.00,976.00,61.00,66.00,7.8392,-1,-1,-1
711,6,1982.00,820.00,66.00,44.00,7.2011,-1,-1,-1
712,10,1783.00,975.00,66.00,65.00,7.8669,-1,-1,-1
712,6,1980.00,819.00,63.00,44.00,7.1977,-1,-1,-1
713,10,1781.00,975.00,64.00,63.00,7.9001,-1,-1,-1
713,6,1977.00,817.00,61.00,43.00,7.2424,-1,-1,-1
714,10,1779.00,975.00,64.00,63.00,7.9193,-1,-1,-1
714,6,1974.00,817.00,63.00,43.00,7.2979,-1,-1,-1
715,10,1777.00,973.00,61.00,66.00,7.8993,-1,-1,-1
715,6,1970.00,816.00,64.00,43.00,7.3025,-1,-1,-1
716,10,1774.00,973.00,61.00,68.00,7.8359,-1,-1,-1
716,6,1967.00,814.00,63.00,43.00,7.2610,-1,-1,-1
717,10,1772.00,972.00,63.00,63.00,7.8312,-1,-1,-1
717,6,1963.00,812.00,63.00,43.00,7.2561,-1,-1,-1
718,10,1767.00,970.00,64.00,65.00,7.8598,-1,-1,-1
718,6,1961.00,810.00,59.00,43.00,7.2765,-1,-1,-1
719,10,1764.00,969.00,64.00,66.00,7.8727,-1,-1,-1
719,6,1957.00,810.00,58.00,42.00,7.2648,-1,-1,-1
720,10,1761.00,970.00,63.00,64.00,7.8822,-1,-1,-1
720,6,1953.00,808.00,60.00,41.00,7.2510,-1,-1,-1
721,10,1759.00,968.00,63.00,65.00,7.8921,-1,-1,-1
721,6,1947.00,806.00,63.00,44.00,7.2621,-1,-1,-1
722,10,1757.00,968.00,63.00,64.00,7.8920,-1,-1,-1
722,6,1943.00,803.00,61.00,46.00,7.3348,-1,-1,-1
723,10,1754.00,967.00,61.00,64.00,7.8622,-1,-1,-1
723,6,1941.00,802.00,58.00,44.00,7.3960,-1,-1,-1
724,10,1751.00,964.00,64.00,66.00,7.8957,-1,-1,-1
724,6,1936.00,801.00,60.00,44.00,7.3907,-1,-1,-1
725,10,1749.00,965.00,60.00,64.00,7.9388,-1,-1,-1
725,6,1932.00,797.00,62.00,47.00,7.3783,-1,-1,-1
726,10,1747.00,963.00,60.00,65.00,7.9630,-1,-1,-1
726,6,1929.00,797.00,61.00,46.00,7.4055,-1,-1,-1
727,10,1745.00,963.00,58.00,63.00,7.9593,-1,-1,-1
727,6,1927.00,796.00,59.00,46.00,7.4269,-1,-1,-1
728,10,1741.00,962.00,60.00,64.00,7.9302,-1,-1,-1
728,6,1923.00,796.00,59.00,45.00,7.4063,-1,-1,-1
729,10,1737.00,962.00,60.00,65.00,7.9040,-1,-1,-1
729,6,1918.00,793.00,61.00,47.00,7.3718,-1,-1,-1
730,10,1734.00,962.00,61.00,63.00,7.8896,-1,-1,-1
730,6,1913.00,790.00,63.00,48.00,7.3443,-1,-1,-1
731,10,1733.00,960.00,60.00,64.00,7.8721,-1,-1,-1
731,6,1911.00,790.00,60.00,48.00,7.3425,-1,-1,-1
732,10,1731.00,961.00,56.00,61.00,7.8788,-1,-1,-1
732,6,1908.00,791.00,56.00,46.00,7.4021,-1,-1,-1
733,10,1728.00,960.00,57.00,63.00,7.9033,-1,-1,-1
733,6,1903.00,789.00,60.00,47.00,7.4615,-1,-1,-1
734,10,1725.00,960.00,56.00,62.00,7.9061,-1,-1,-1
734,6,1901.00,787.00,57.00,47.00,7.4503,-1,-1,-1
735,10,1723.00,960.00,56.00,61.00,7.8836,-1,-1,-1
735,6,1896.00,786.00,57.00,49.00,7.4233,-1,-1,-1
736,10,1721.00,958.00,54.00,66.00,7.8958,-1,-1,-1
736,6,1893.00,784.00,56.00,49.00,7.4266,-1,-1,-1
737,10,1717.00,957.00,57.00,67.00,7.8879,-1,-1,-1
737,6,1890.00,781.00,57.00,50.00,7.4208,-1,-1,-1
738,10,1714.00,956.00,59.00,67.00,7.8670,-1,-1,-1
738,6,1886.00,781.00,56.00,50.00,7.4137,-1,-1,-1
739,10,1711.00,956.00,61.00,66.00,7.8742,-1,-1,-1
739,6,1880.00,780.00,59.00,51.00,7.4186,-1,-1,-1
740,10,1708.00,955.00,60.00,67.00,7.8836,-1,-1,-1
740,6,1877.00,778.00,60.00,53.00,7.4069,-1,-1,-1
741,10,1705.00,956.00,59.00,66.00,7.8521,-1,-1,-1
741,6,1875.00,780.00,54.00,48.00,7.3809,-1,-1,-1
742,10,1704.00,956.00,55.00,64.00,7.8278,-1,-1,-1
742,6,1870.00,777.00,57.00,49.00,7.4093,-1,-1,-1
743,10,1702.00,956.00,53.00,63.00,7.7523,-1,-1,-1
743,6,1866.00,773.00,59.00,53.00,7.3802,-1,-1,-1
744,10,1699.00,954.00,55.00,65.00,7.7230,-1,-1,-1
744,6,1862.00,772.00,59.00,52.00,7.3000,-1,-1,-1
745,10,1695.00,953.00,55.00,66.00,7.6946,-1,-1,-1
745,6,1859.00,772.00,57.00,53.00,7.3048,-1,-1,-1
746,10,1691.00,954.00,56.00,65.00,7.7100,-1,-1,-1
746,6,1853.00,771.00,59.00,52.00,7.3230,-1,-1,-1
747,10,1687.00,953.00,59.00,68.00,7.7533,-1,-1,-1
747,6,1849.00,772.00,56.00,50.00,7.2908,-1,-1,-1
748,10,1682.00,955.00,56.00,65.00,7.7439,-1,-1,-1
748,6,1844.00,770.00,54.00,50.00,7.1634,-1,-1,-1
749,10,1678.00,954.00,54.00,66.00,7.7307,-1,-1,-1
749,6,1839.00,769.00,53.00,51.00,7.1644,-1,-1,-1
750,10,1673.00,953.00,54.00,66.00,7.6858,-1,-1,-1
750,6,1831.00,767.00,57.00,53.00,7.2003,-1,-1,-1
751,10,1667.00,953.00,58.00,67.00,7.7138,-1,-1,-1
751,6,1825.00,768.00,55.00,52.00,7.1209,-1,-1,-1
752,10,1661.00,952.00,60.00,70.00,7.7699,-1,-1,-1
752,6,1819.00,766.00,55.00,54.00,6.9890,-1,-1,-1
753,10,1657.00,954.00,56.00,67.00,7.7636,-1,-1,-1
753,6,1812.00,768.00,54.00,49.00,7.0705,-1,-1,-1
754,10,1651.00,953.00,56.00,68.00,7.7134,-1,-1,-1
754,6,1806.00,767.00,52.00,50.00,7.0661,-1,-1,-1
755,10,1646.00,953.00,57.00,67.00,7.7242,-1,-1,-1
755,6,1799.00,762.00,56.00,57.00,7.1076,-1,-1,-1
756,10,1640.00,952.00,60.00,70.00,7.7747,-1,-1,-1
756,6,1795.00,767.00,49.00,50.00,7.0572,-1,-1,-1
757,10,1635.00,953.00,59.00,70.00,7.8070,-1,-1,-1
757,6,1788.00,763.00,53.00,54.00,7.1685,-1,-1,-1
758,10,1631.00,955.00,56.00,68.00,7.8148,-1,-1,-1
758,6,1781.00,762.00,53.00,55.00,7.2089,-1,-1,-1
759,10,1627.00,954.00,54.00,68.00,7.8048,-1,-1,-1
759,6,1776.00,760.00,52.00,56.00,7.2437,-1,-1,-1
760,10,1620.00,956.00,57.00,68.00,7.8257,-1,-1,-1
760,6,1770.00,762.00,50.00,54.00,7.2637,-1,-1,-1
761,10,1615.00,955.00,58.00,69.00,7.8519,-1,-1,-1
761,6,1764.00,763.00,48.00,51.00,7.2816,-1,-1,-1
762,10,1610.00,959.00,53.00,63.00,7.8698,-1,-1,-1
762,6,1758.00,760.00,49.00,55.00,7.3241,-1,-1,-1
763,10,1606.00,959.00,52.00,63.00,7.8629,-1,-1,-1
763,6,1752.00,760.00,48.00,55.00,7.2918,-1,-1,-1
764,10,1601.00,956.00,53.00,67.00,7.8553,-1,-1,-1
764,6,1745.00,759.00,49.00,56.00,7.3096,-1,-1,-1
765,10,1593.00,958.00,59.00,66.00,7.8438,-1,-1,-1
765,6,1740.00,760.00,47.00,54.00,7.2851,-1,-1,-1
766,10,1589.00,958.00,60.00,66.00,7.8528,-1,-1,-1
766,6,1734.00,759.00,47.00,56.00,7.3333,-1,-1,-1
767,10,1586.00,960.00,56.00,63.00,7.8742,-1,-1,-1
767,6,1728.00,758.00,46.00,58.00,7.2801,-1,-1,-1
768,10,1581.00,960.00,54.00,64.00,7.8785,-1,-1,-1
768,6,1722.00,759.00,45.00,57.00,7.3157,-1,-1,-1
769,10,1576.00,958.00,54.00,68.00,7.8389,-1,-1,-1
769,6,1716.00,758.00,45.00,58.00,7.2579,-1,-1,-1
770,10,1569.00,960.00,58.00,66.00,7.8323,-1,-1,-1
770,6,1711.00,758.00,44.00,58.00,7.3084,-1,-1,-1
771,10,1565.00,961.00,58.00,65.00,7.8276,-1,-1,-1
771,6,1704.00,758.00,45.00,57.00,7.2657,-1,-1,-1
772,10,1561.00,962.00,55.00,64.00,7.8801,-1,-1,-1
772,6,1698.00,758.00,44.00,58.00,7.2910,-1,-1,-1
773,10,1556.00,963.00,54.00,64.00,7.8952,-1,-1,-1
773,6,1691.00,757.00,46.00,61.00,7.2725,-1,-1,-1
774,10,1551.00,964.00,56.00,63.00,7.8795,-1,-1,-1
774,6,1685.00,759.00,45.00,59.00,7.3057,-1,-1,-1
775,10,1546.00,964.00,55.00,66.00,7.8768,-1,-1,-1
775,6,1680.00,757.00,44.00,61.00,7.2687,-1,-1,-1
776,10,1540.00,964.00,58.00,67.00,7.8662,-1,-1,-1
776,6,1673.00,759.00,44.00,59.00,7.2926,-1,-1,-1
777,10,1537.00,965.00,55.00,65.00,7.9048,-1,-1,-1
777,6,1667.00,758.00,44.00,61.00,7.3092,-1,-1,-1
778,10,1532.00,967.00,56.00,65.00,7.9298,-1,-1,-1
778,6,1662.00,760.00,44.00,59.00,7.3237,-1,-1,-1
779,10,1529.00,971.00,51.00,62.00,7.9025,-1,-1,-1
779,6,1657.00,760.00,44.00,59.00,7.2449,-1,-1,-1
780,10,1523.00,971.00,54.00,63.00,7.9040,-1,-1,-1
780,6,1650.00,761.00,45.00,59.00,7.2570,-1,-1,-1
781,10,1519.00,971.00,56.00,64.00,7.8893,-1,-1,-1
781,6,1647.00,764.00,44.00,55.00,7.2503,-1,-1,-1
782,10,1519.00,970.00,53.00,68.00,7.8741,-1,-1,-1
782,6,1644.00,761.00,43.00,60.00,7.2207,-1,-1,-1
783,10,1519.00,971.00,53.00,68.00,7.8507,-1,-1,-1
783,6,1641.00,760.00,46.00,62.00,7.2522,-1,-1,-1
784,10,1519.00,971.00,52.00,68.00,7.8302,-1,-1,-1
784,6,1641.00,760.00,45.00,63.00,7.2534,-1,-1,-1
785,10,1519.00,974.00,53.00,64.00,7.8099,-1,-1,-1
785,6,1641.00,761.00,45.00,62.00,7.2476,-1,-1,-1
786,10,1519.00,974.00,56.00,63.00,7.8209,-1,-1,-1
786,6,1641.00,761.00,45.00,62.00,7.2398,-1,-1,-1
787,10,1523.00,974.00,54.00,65.00,7.8322,-1,-1,-1
787,6,1644.00,764.00,42.00,56.00,7.1936,-1,-1,-1
788,10,1527.00,975.00,53.00,64.00,7.7870,-1,-1,-1
788,6,1646.00,764.00,43.00,57.00,7.1608,-1,-1,-1
789,10,1532.00,973.00,52.00,70.00,7.6784,-1,-1,-1
789,6,1650.00,766.00,39.00,57.00,7.1097,-1,-1,-1
790,10,1536.00,974.00,51.00,66.00,7.4978,-1,-1,-1
790,6,1652.00,764.00,43.00,59.00,7.0825,-1,-1,-1
791,10,1540.00,972.00,50.00,69.00,7.4653,-1,-1,-1
791,6,1658.00,766.00,38.00,57.00,7.0730,-1,-1,-1
792,10,1543.00,974.00,54.00,67.00,7.5130,-1,-1,-1
792,6,1662.00,769.00,38.00,54.00,7.0655,-1,-1,-1
793,10,1550.00,975.00,51.00,67.00,7.5153,-1,-1,-1
793,6,1664.00,764.00,45.00,58.00,7.0198,-1,-1,-1
794,10,1554.00,975.00,52.00,68.00,7.4564,-1,-1,-1
794,6,1671.00,767.00,37.00,58.00,6.9920,-1,-1,-1
795,10,1562.00,978.00,47.00,64.00,7.3608,-1,-1,-1
795,6,1674.00,768.00,38.00,56.00,6.9547,-1,-1,-1
796,10,1565.00,977.00,48.00,67.00,7.3616,-1,-1,-1
796,6,1678.00,767.00,40.00,60.00,6.9373,-1,-1,-1
797,10,1569.00,977.00,53.00,70.00,7.4179,-1,-1,-1
797,6,1684.00,770.00,36.00,56.00,6.9344,-1,-1,-1
798,10,1574.00,975.00,52.00,70.00,7.4599,-1,-1,-1
798,6,1688.00,771.00,36.00,54.00,6.9053,-1,-1,-1
799,10,1579.00,977.00,49.00,71.00,7.4867,-1,-1,-1
799,6,1692.00,768.00,38.00,60.00,6.9316,-1,-1,-1
800,10,1585.00,978.00,51.00,71.00,7.5347,-1,-1,-1
800,6,1696.00,770.00,38.00,59.00,6.8348,-1,-1,-1
801,10,1589.00,984.00,48.00,64.00,7.5549,-1,-1,-1
801,6,1698.00,771.00,40.00,58.00,6.7613,-1,-1,-1
802,10,1593.00,981.00,52.00,70.00,7.5736,-1,-1,-1
802,6,1705.00,772.00,37.00,57.00,6.8144,-1,-1,-1
803,10,1598.00,982.00,52.00,71.00,7.5884,-1,-1,-1
803,6,1707.00,774.00,37.00,56.00,6.8351,-1,-1,-1
804,10,1603.00,982.00,50.00,71.00,7.6033,-1,-1,-1
804,6,1711.00,775.00,38.00,56.00,6.7623,-1,-1,-1
805,10,1605.00,984.00,53.00,70.00,7.6651,-1,-1,-1
805,6,1714.00,775.00,39.00,56.00,6.7927,-1,-1,-1
806,10,1607.00,984.00,56.00,71.00,7.7364,-1,-1,-1
806,6,1716.00,774.00,39.00,59.00,6.7898,-1,-1,-1
807,10,1610.00,985.00,55.00,73.00,7.7911,-1,-1,-1
807,6,1717.00,775.00,39.00,59.00,6.7822,-1,-1,-1
808,10,1612.00,987.00,54.00,74.00,7.8297,-1,-1,-1
808,6,1719.00,777.00,37.00,58.00,6.8053,-1,-1,-1
809,10,1613.00,990.00,54.00,73.00,7.8542,-1,-1,-1
809,6,1722.00,779.00,35.00,59.00,6.7659,-1,-1,-1
810,10,1616.00,992.00,52.00,71.00,7.8547,-1,-1,-1
810,6,1723.00,780.00,36.00,58.00,6.8636,-1,-1,-1
811,10,1618.00,993.00,54.00,70.00,7.8602,-1,-1,-1
811,6,1726.00,781.00,35.00,59.00,6.8993,-1,-1,-1
812,10,1621.00,995.00,53.00,69.00,7.8571,-1,-1,-1
812,6,1727.00,781.00,37.00,61.00,6.9366,-1,-1,-1
813,10,1624.00,997.00,53.00,69.00,7.8183,-1,-1,-1
813,6,1729.00,783.00,36.00,60.00,6.9875,-1,-1,-1
814,10,1626.00,998.00,52.00,71.00,7.8122,-1,-1,-1
814,6,1731.00,783.00,36.00,60.00,7.0391,-1,-1,-1
815,10,1629.00,1000.00,51.00,73.00,7.7763,-1,-1,-1
815,6,1732.00,785.00,37.00,61.00,7.0347,-1,-1,-1
816,10,1631.00,1005.00,49.00,66.00,7.7652,-1,-1,-1
816,6,1734.00,788.00,35.00,57.00,6.9079,-1,-1,-1
817,10,1632.00,1008.00,49.00,66.00,7.7677,-1,-1,-1
817,6,1737.00,790.00,33.00,59.00,6.8212,-1,-1,-1
818,10,1633.00,1009.00,52.00,66.00,7.8048,-1,-1,-1
818,6,1737.00,792.00,35.00,58.00,6.8651,-1,-1,-1
819,10,1635.00,1009.00,55.00,68.00,7.8446,-1,-1,-1
819,6,1737.00,793.00,36.00,61.00,6.9371,-1,-1,-1
820,10,1637.00,1009.00,55.00,70.00,7.8308,-1,-1,-1
820,6,1739.00,795.00,35.00,59.00,6.9819,-1,-1,-1
821,10,1638.00,1011.00,56.00,69.00,7.7997,-1,-1,-1
821,6,1740.00,796.00,36.00,60.00,7.0107,-1,-1,-1
822,10,1639.00,1014.00,57.00,68.00,7.7934,-1,-1,-1
822,6,1739.00,798.00,38.00,60.00,7.0612,-1,-1,-1
823,10,1641.00,1016.00,55.00,68.00,7.7781,-1,-1,-1
823,6,1741.00,798.00,37.00,61.00,7.0343,-1,-1,-1
824,10,1642.00,1019.00,56.00,66.00,7.7873,-1,-1,-1
824,6,1742.00,799.00,37.00,61.00,6.9434,-1,-1,-1
825,10,1645.00,1021.00,55.00,65.00,7.7773,-1,-1,-1
825,6,1745.00,798.00,35.00,62.00,6.8071,-1,-1,-1
826,10,1648.00,1021.00,54.00,70.00,7.7263,-1,-1,-1
826,6,1746.00,801.00,34.00,61.00,6.7786,-1,-1,-1
827,10,1649.00,1024.00,54.00,67.00,7.6508,-1,-1,-1
827,6,1746.00,801.00,37.00,63.00,6.7320,-1,-1,-1
828,10,1652.00,1026.00,50.00,68.00,7.6120,-1,-1,-1
828,6,1748.00,804.00,36.00,61.00,6.7647,-1,-1,-1
829,10,1654.00,1030.00,49.00,66.00,7.5713,-1,-1,-1
829,6,1748.00,806.00,37.00,60.00,6.7910,-1,-1,-1
830,10,1654.00,1032.00,50.00,64.00,7.5541,-1,-1,-1
830,6,1750.00,808.00,36.00,60.00,6.8013,-1,-1,-1
831,10,1656.00,1034.00,51.00,64.00,7.6055,-1,-1,-1
831,6,1751.00,811.00,38.00,60.00,6.7083,-1,-1,-1
832,10,1658.00,1035.00,51.00,63.00,7.6581,-1,-1,-1
832,6,1750.00,812.00,39.00,59.00,6.6460,-1,-1,-1
833,10,1660.00,1035.00,55.00,66.00,7.6866,-1,-1,-1
833,6,1753.00,813.00,36.00,59.00,6.5948,-1,-1,-1
834,10,1662.00,1037.00,52.00,67.00,7.6846,-1,-1,-1
834,6,1753.00,816.00,36.00,59.00,6.6313,-1,-1,-1
835,10,1663.00,1039.00,53.00,68.00,7.6684,-1,-1,-1
835,6,1755.00,817.00,35.00,60.00,6.6693,-1,-1,-1
836,10,1662.00,1044.00,55.00,63.00,7.6530,-1,-1,-1
836,6,1756.00,819.00,33.00,59.00,6.6825,-1,-1,-1
837,10,1665.00,1044.00,55.00,66.00,7.6723,-1,-1,-1
837,6,1756.00,819.00,35.00,60.00,6.6914,-1,-1,-1
838,10,1667.00,1046.00,54.00,65.00,7.6760,-1,-1,-1
838,6,1757.00,819.00,35.00,61.00,6.6449,-1,-1,-1
839,10,1670.00,1046.00,52.00,68.00,7.6590,-1,-1,-1
839,6,1758.00,822.00,37.00,58.00,6.5332,-1,-1,-1
840,10,1672.00,1047.00,53.00,68.00,7.6265,-1,-1,-1
840,6,1761.00,825.00,33.00,59.00,6.4945,-1,-1,-1
841,10,1674.00,1051.00,50.00,67.00,7.6183,-1,-1,-1
841,6,1762.00,827.00,33.00,60.00,6.5908,-1,-1,-1
842,10,1675.00,1054.00,50.00,68.00,7.6041,-1,-1,-1
842,6,1762.00,828.00,35.00,62.00,6.6967,-1,-1,-1
843,10,1677.00,1056.00,50.00,66.00,7.5997,-1,-1,-1
843,6,1761.00,829.00,37.00,63.00,6.7926,-1,-1,-1
844,10,1679.00,1058.00,51.00,67.00,7.6454,-1,-1,-1
844,6,1763.00,831.00,35.00,61.00,6.8698,-1,-1,-1
845,10,1680.00,1059.00,51.00,67.00,7.6947,-1,-1,-1
845,6,1763.00,834.00,36.00,60.00,6.8806,-1,-1,-1
846,10,1681.00,1062.00,51.00,70.00,7.7325,-1,-1,-1
846,6,1763.00,835.00,37.00,61.00,6.8581,-1,-1,-1
847,10,1682.00,1063.00,51.00,70.00,7.7629,-1,-1,-1
847,6,1764.00,837.00,35.00,61.00,6.8809,-1,-1,-1
848,10,1683.00,1065.00,52.00,71.00,7.7546,-1,-1,-1
848,6,1764.00,838.00,37.00,62.00,6.9337,-1,-1,-1
849,10,1685.00,1067.00,50.00,69.00,7.7299,-1,-1,-1
849,6,1764.00,839.00,37.00,63.00,7.0042,-1,-1,-1
850,10,1685.00,1069.00,53.00,71.00,7.7230,-1,-1,-1
850,6,1765.00,843.00,37.00,61.00,7.0786,-1,-1,-1
851,10,1687.00,1072.00,54.00,71.00,7.7431,-1,-1,-1
851,6,1765.00,845.00,37.00,61.00,7.0729,-1,-1,-1
852,10,1688.00,1073.00,55.00,73.00,7.7713,-1,-1,-1
852,6,1766.00,847.00,36.00,60.00,7.0366,-1,-1,-1
853,10,1688.00,1075.00,57.00,71.00,7.7508,-1,-1,-1
853,6,1766.00,849.00,35.00,59.00,6.9993,-1,-1,-1
854,10,1691.00,1077.00,55.00,72.00,7.7021,-1,-1,-1
854,6,1768.00,851.00,33.00,59.00,6.9863,-1,-1,-1
855,10,1692.00,1080.00,56.00,70.00,7.6504,-1,-1,-1
855,6,1769.00,853.00,33.00,59.00,7.0063,-1,-1,-1
856,10,1693.00,1082.00,55.00,73.00,7.6496,-1,-1,-1
856,6,1768.00,854.00,35.00,60.00,7.0296,-1,-1,-1
857,10,1693.00,1086.00,55.00,72.00,7.6912,-1,-1,-1
857,6,1768.00,856.00,36.00,60.00,7.0099,-1,-1,-1
858,10,1694.00,1088.00,56.00,73.00,7.7057,-1,-1,-1
858,6,1766.00,859.00,39.00,60.00,6.9543,-1,-1,-1
859,10,1696.00,1090.00,53.00,73.00,7.7107,-1,-1,-1
859,6,1768.00,860.00,35.00,61.00,6.9246,-1,-1,-1
860,10,1696.00,1091.00,54.00,74.00,7.7202,-1,-1,-1
860,6,1766.00,862.00,36.00,60.00,6.9729,-1,-1,-1
861,10,1696.00,1094.00,53.00,75.00,7.7746,-1,-1,-1
861,6,1766.00,865.00,35.00,62.00,7.0607,-1,-1,-1
862,10,1696.00,1097.00,53.00,74.00,7.7840,-1,-1,-1
862,6,1764.00,867.00,37.00,62.00,7.1025,-1,-1,-1
863,10,1696.00,1101.00,52.00,71.00,7.7374,-1,-1,-1
863,6,1764.00,870.00,36.00,61.00,7.1396,-1,-1,-1
864,10,1696.00,1102.00,53.00,74.00,7.7090,-1,-1,-1
864,6,1764.00,871.00,34.00,61.00,7.1342,-1,-1,-1
865,10,1696.00,1105.00,52.00,75.00,7.7072,-1,-1,-1
865,6,1763.00,874.00,35.00,61.00,7.1972,-1,-1,-1
866,10,1696.00,1110.00,53.00,74.00,7.7306,-1,-1,-1
866,6,1762.00,876.00,36.00,61.00,7.2633,-1,-1,-1
867,10,1696.00,1113.00,51.00,74.00,7.7263,-1,-1,-1
867,6,1761.00,879.00,36.00,61.00,7.2974,-1,-1,-1
868,10,1695.00,1113.00,54.00,77.00,7.7214,-1,-1,-1
868,6,1760.00,881.00,37.00,61.00,7.2897,-1,-1,-1
869,10,1696.00,1116.00,51.00,76.00,7.7436,-1,-1,-1
869,6,1759.00,883.00,36.00,58.00,7.1847,-1,-1,-1
870,10,1697.00,1120.00,51.00,75.00,7.7427,-1,-1,-1
870,6,1758.00,886.00,36.00,60.00,7.1990,-1,-1,-1
871,10,1696.00,1121.00,51.00,76.00,7.7367,-1,-1,-1
871,6,1756.00,890.00,37.00,61.00,7.2022,-1,-1,-1
872,10,1695.00,1126.00,53.00,75.00,7.6611,-1,-1,-1
872,6,1754.00,891.00,38.00,60.00,7.2143,-1,-1,-1
873,10,1696.00,1129.00,51.00,76.00,7.6723,-1,-1,-1
873,6,1754.00,894.00,39.00,59.00,7.1710,-1,-1,-1
874,10,1696.00,1134.00,51.00,73.00,7.6867,-1,-1,-1
874,6,1753.00,895.00,39.00,61.00,7.1388,-1,-1,-1
875,10,1696.00,1136.00,51.00,75.00,7.6918,-1,-1,-1
875,6,1752.00,898.00,38.00,60.00,7.1583,-1,-1,-1
876,10,1696.00,1138.00,50.00,76.00,7.6735,-1,-1,-1
876,6,1751.00,899.00,38.00,61.00,7.1981,-1,-1,-1
877,10,1697.00,1139.00,50.00,79.00,7.6818,-1,-1,-1
877,6,1750.00,902.00,38.00,60.00,7.1929,-1,-1,-1
878,10,1697.00,1143.00,50.00,78.00,7.6908,-1,-1,-1
878,6,1749.00,904.00,39.00,59.00,7.2235,-1,-1,-1
879,10,1697.00,1146.00,49.00,79.00,7.6492,-1,-1,-1
879,6,1748.00,907.00,40.00,59.00,7.1852,-1,-1,-1
880,10,1697.00,1151.00,49.00,76.00,7.6020,-1,-1,-1
880,6,1748.00,909.00,40.00,61.00,7.1997,-1,-1,-1
881,10,1698.00,1153.00,48.00,77.00,7.5949,-1,-1,-1
881,6,1747.00,911.00,40.00,63.00,7.2114,-1,-1,-1
882,10,1696.00,1155.00,51.00,78.00,7.6085,-1,-1,-1
882,6,1746.00,914.00,40.00,63.00,7.2088,-1,-1,-1
883,10,1696.00,1159.00,51.00,79.00,7.5917,-1,-1,-1
883,6,1747.00,917.00,39.00,61.00,7.1213,-1,-1,-1
884,10,1697.00,1164.00,50.00,74.00,7.6107,-1,-1,-1
884,6,1746.00,920.00,39.00,61.00,7.0750,-1,-1,-1
885,10,1697.00,1167.00,50.00,74.00,7.6478,-1,-1,-1
885,6,1745.00,922.00,40.00,63.00,7.0985,-1,-1,-1
886,10,1696.00,1169.00,52.00,75.00,7.6579,-1,-1,-1
886,6,1745.00,924.00,39.00,64.00,7.0947,-1,-1,-1
887,10,1697.00,1176.00,49.00,69.00,7.5645,-1,-1,-1
887,6,1744.00,926.00,39.00,63.00,7.0560,-1,-1,-1
888,10,1697.00,1179.00,49.00,68.00,7.5154,-1,-1,-1
888,6,1741.00,931.00,42.00,59.00,7.0451,-1,-1,-1
889,10,1696.00,1180.00,52.00,70.00,7.5402,-1,-1,-1
889,6,1742.00,933.00,42.00,60.00,7.0251,-1,-1,-1
890,10,1697.00,1183.00,52.00,71.00,7.5913,-1,-1,-1
890,6,1743.00,934.00,40.00,63.00,7.0375,-1,-1,-1
891,10,1698.00,1187.00,52.00,70.00,7.5924,-1,-1,-1
891,6,1742.00,937.00,40.00,63.00,7.0532,-1,-1,-1
892,10,1699.00,1190.00,50.00,70.00,7.5662,-1,-1,-1
892,6,1741.00,939.00,40.00,62.00,7.0065,-1,-1,-1
893,10,1699.00,1192.00,50.00,72.00,7.6137,-1,-1,-1
893,6,1741.00,941.00,41.00,63.00,6.9908,-1,-1,-1
894,10,1700.00,1193.00,50.00,74.00,7.6341,-1,-1,-1
894,6,1739.00,944.00,42.00,63.00,7.0752,-1,-1,-1
895,10,1702.00,1199.00,48.00,69.00,7.6133,-1,-1,-1
895,6,1739.00,948.00,40.00,61.00,7.1256,-1,-1,-1
896,10,1701.00,1202.00,53.00,71.00,7.6511,-1,-1,-1
896,6,1738.00,951.00,42.00,60.00,7.1247,-1,-1,-1
897,10,1700.00,1205.00,55.00,71.00,7.6794,-1,-1,-1
897,6,1736.00,954.00,45.00,63.00,7.1484,-1,-1,-1
898,10,1701.00,1208.00,54.00,70.00,7.6830,-1,-1,-1
898,6,1736.00,956.00,46.00,63.00,7.1766,-1,-1,-1
899,10,1701.00,1209.00,55.00,73.00,7.6475,-1,-1,-1
899,6,1737.00,958.00,44.00,63.00,7.2064,-1,-1,-1
900,10,1702.00,1213.00,54.00,73.00,7.5053,-1,-1,-1
900,6,1736.00,959.00,45.00,65.00,7.2391,-1,-1,-1
901,10,1703.00,1215.00,53.00,74.00,7.5085,-1,-1,-1
901,6,1737.00,962.00,42.00,64.00,7.2123,-1,-1,-1
902,10,1703.00,1219.00,55.00,73.00,7.5759,-1,-1,-1
902,6,1738.00,968.00,39.00,61.00,7.2307,-1,-1,-1
903,10,1704.00,1221.00,55.00,74.00,7.6476,-1,-1,-1
903,6,1737.00,971.00,40.00,62.00,7.2789,-1,-1,-1
904,10,1704.00,1222.00,55.00,77.00,7.6858,-1,-1,-1
904,6,1737.00,973.00,39.00,62.00,7.3028,-1,-1,-1
905,10,1705.00,1225.00,55.00,77.00,7.7049,-1,-1,-1
905,6,1736.00,976.00,40.00,62.00,7.2609,-1,-1,-1
906,10,1705.00,1229.00,55.00,76.00,7.6818,-1,-1,-1
906,6,1735.00,980.00,42.00,61.00,7.2271,-1,-1,-1
907,10,1706.00,1233.00,54.00,76.00,7.6454,-1,-1,-1
907,6,1733.00,982.00,44.00,63.00,7.2262,-1,-1,-1
908,10,1707.00,1236.00,54.00,77.00,7.6471,-1,-1,-1
908,6,1733.00,985.00,42.00,63.00,7.2644,-1,-1,-1
909,10,1707.00,1240.00,55.00,74.00,7.6328,-1,-1,-1
909,6,1732.00,989.00,42.00,61.00,7.2769,-1,-1,-1
910,10,1708.00,1243.00,54.00,77.00,7.6212,-1,-1,-1
910,6,1731.00,992.00,43.00,61.00,7.2831,-1,-1,-1
911,10,1707.00,1247.00,55.00,76.00,7.6064,-1,-1,-1
911,6,1732.00,996.00,40.00,62.00,7.2687,-1,-1,-1
912,10,1705.00,1249.00,57.00,79.00,7.5712,-1,-1,-1
912,6,1726.00,999.00,45.00,61.00,7.2088,-1,-1,-1
913,10,1704.00,1255.00,60.00,76.00,7.4955,-1,-1,-1
913,6,1725.00,1002.00,43.00,60.00,7.1964,-1,-1,-1
914,10,1705.00,1259.00,58.00,76.00,7.4967,-1,-1,-1
914,6,1723.00,1005.00,43.00,62.00,7.2129,-1,-1,-1
915,10,1706.00,1264.00,54.00,74.00,7.4996,-1,-1,-1
915,6,1722.00,1008.00,44.00,61.00,7.2254,-1,-1,-1
916,10,1706.00,1265.00,52.00,75.00,7.5412,-1,-1,-1
916,6,1722.00,1012.00,40.00,59.00,7.2132,-1,-1,-1
917,10,1705.00,1269.00,52.00,76.00,7.5820,-1,-1,-1
917,6,1718.00,1015.00,45.00,60.00,7.1614,-1,-1,-1
918,10,1703.00,1273.00,54.00,75.00,7.6231,-1,-1,-1
918,6,1719.00,1020.00,42.00,60.00,7.1681,-1,-1,-1
919,10,1702.00,1276.00,54.00,78.00,7.5848,-1,-1,-1
919,6,1715.00,1024.00,45.00,59.00,7.2044,-1,-1,-1
920,10,1702.00,1280.00,51.00,76.00,7.4718,-1,-1,-1
920,6,1714.00,1026.00,43.00,59.00,7.2000,-1,-1,-1
921,10,1704.00,1287.00,49.00,73.00,7.3853,-1,-1,-1
921,6,1712.00,1028.00,44.00,59.00,7.2207,-1,-1,-1
922,10,1703.00,1289.00,50.00,77.00,7.4274,-1,-1,-1
922,6,1713.00,1032.00,40.00,59.00,7.2784,-1,-1,-1
923,10,1701.00,1292.00,52.00,81.00,7.4290,-1,-1,-1
923,6,1709.00,1035.00,43.00,59.00,7.3224,-1,-1,-1
924,10,1701.00,1300.00,49.00,74.00,7.4517,-1,-1,-1
924,6,1708.00,1039.00,41.00,58.00,7.3277,-1,-1,-1
925,10,1697.00,1301.00,54.00,76.00,7.4404,-1,-1,-1
925,6,1702.00,1041.00,46.00,61.00,7.3390,-1,-1,-1
926,10,1694.00,1305.00,52.00,76.00,7.4243,-1,-1,-1
926,6,1698.00,1045.00,45.00,60.00,7.3481,-1,-1,-1
927,10,1692.00,1309.00,50.00,77.00,7.3932,-1,-1,-1
927,6,1691.00,1050.00,49.00,60.00,7.3903,-1,-1,-1
928,10,1688.00,1312.00,54.00,77.00,7.4084,-1,-1,-1
928,6,1687.00,1053.00,47.00,58.00,7.3933,-1,-1,-1
929,10,1687.00,1318.00,50.00,75.00,7.3803,-1,-1,-1
929,6,1681.00,1054.00,49.00,62.00,7.3715,-1,-1,-1
930,10,1682.00,1319.00,52.00,80.00,7.3867,-1,-1,-1
930,6,1680.00,1059.00,44.00,60.00,7.3706,-1,-1,-1
931,6,1676.00,1062.00,45.00,62.00,7.4084,-1,-1,-1
931,10,1680.00,1326.00,51.00,78.00,7.3541,-1,-1,-1
932,6,1674.00,1067.00,41.00,60.00,7.3916,-1,-1,-1
932,10,1675.00,1329.00,54.00,77.00,7.2577,-1,-1,-1
933,6,1666.00,1071.00,46.00,60.00,7.3943,-1,-1,-1
933,10,1676.00,1336.00,49.00,76.00,7.2463,-1,-1,-1
934,6,1663.00,1075.00,43.00,57.00,7.3833,-1,-1,-1
934,10,1671.00,1338.00,52.00,81.00,7.2216,-1,-1,-1
935,6,1658.00,1078.00,45.00,59.00,7.3546,-1,-1,-1
935,10,1667.00,1346.00,52.00,76.00,7.1748,-1,-1,-1
936,6,1654.00,1082.00,46.00,59.00,7.4069,-1,-1,-1
936,10,1664.00,1347.00,53.00,78.00,7.1638,-1,-1,-1
937,6,1649.00,1085.00,48.00,61.00,7.3775,-1,-1,-1
937,10,1662.00,1350.00,54.00,78.00,7.1679,-1,-1,-1
938,6,1645.00,1089.00,47.00,58.00,7.3289,-1,-1,-1
938,10,1660.00,1357.00,51.00,78.00,7.1939,-1,-1,-1
939,6,1641.00,1093.00,45.00,59.00,7.3566,-1,-1,-1
939,10,1658.00,1363.00,50.00,77.00,7.2846,-1,-1,-1
940,10,1654.00,1369.00,51.00,77.00,7.3250,-1,-1,-1
940,6,1636.00,1097.00,46.00,58.00,7.3112,-1,-1,-1
941,10,1653.00,1374.00,49.00,75.00,7.3520,-1,-1,-1
941,6,1632.00,1100.00,47.00,59.00,7.2818,-1,-1,-1
942,6,1626.00,1104.00,48.00,62.00,7.3412,-1,-1,-1
942,10,1648.00,1377.00,50.00,75.00,7.3181,-1,-1,-1
943,10,1644.00,1379.00,54.00,78.00,7.3402,-1,-1,-1
943,6,1623.00,1107.00,47.00,61.00,7.3331,-1,-1,-1
944,10,1641.00,1384.00,54.00,78.00,7.3604,-1,-1,-1
944,6,1619.00,1110.00,48.00,61.00,7.3035,-1,-1,-1
945,6,1616.00,1116.00,45.00,60.00,7.3894,-1,-1,-1
945,10,1640.00,1390.00,51.00,75.00,7.3356,-1,-1,-1
946,6,1612.00,1118.00,45.00,61.00,7.3668,-1,-1,-1
946,10,1637.00,1391.00,51.00,80.00,7.3585,-1,-1,-1
947,10,1633.00,1395.00,54.00,80.00,7.3833,-1,-1,-1
947,6,1607.00,1123.00,47.00,61.00,7.3587,-1,-1,-1
948,6,1602.00,1126.00,48.00,61.00,7.4231,-1,-1,-1
948,10,1631.00,1401.00,56.00,77.00,7.2912,-1,-1,-1
949,6,1598.00,1130.00,49.00,61.00,7.4312,-1,-1,-1
949,10,1629.00,1409.00,52.00,73.00,7.3085,-1,-1,-1
950,6,1594.00,1135.00,49.00,58.00,7.3968,-1,-1,-1
950,10,1627.00,1411.00,53.00,75.00,7.3592,-1,-1,-1
951,6,1590.00,1140.00,52.00,61.00,7.4082,-1,-1,-1
951,10,1628.00,1421.00,47.00,72.00,7.3506,-1,-1,-1
952,6,1585.00,1144.00,51.00,59.00,7.3730,-1,-1,-1
952,10,1623.00,1421.00,51.00,73.00,7.3456,-1,-1,-1
953,10,1618.00,1424.00,57.00,77.00,7.4004,-1,-1,-1
953,6,1579.00,1148.00,55.00,60.00,7.3761,-1,-1,-1
954,10,1615.00,1426.00,56.00,78.00,7.4269,-1,-1,-1
954,6,1577.00,1153.00,52.00,60.00,7.4152,-1,-1,-1
955,10,1613.00,1434.00,55.00,73.00,7.4382,-1,-1,-1
955,6,1573.00,1156.00,50.00,60.00,7.4216,-1,-1,-1
956,10,1613.00,1438.00,51.00,78.00,7.4177,-1,-1,-1
956,6,1570.00,1161.00,53.00,59.00,7.3810,-1,-1,-1
957,10,1607.00,1441.00,57.00,79.00,7.4422,-1,-1,-1
957,6,1568.00,1165.00,46.00,62.00,7.4225,-1,-1,-1
958,6,1561.00,1168.00,52.00,60.00,7.4109,-1,-1,-1
958,10,1605.00,1445.00,60.00,80.00,7.3434,-1,-1,-1
959,6,1557.00,1168.00,53.00,65.00,7.3425,-1,-1,-1
959,10,1604.00,1447.00,57.00,77.00,7.2185,-1,-1,-1
960,6,1554.00,1170.00,52.00,64.00,7.4134,-1,-1,-1
960,10,1602.00,1448.00,57.00,75.00,7.1455,-1,-1,-1
961,6,1551.00,1168.00,52.00,63.00,7.4437,-1,-1,-1
961,10,1600.00,1446.00,58.00,77.00,7.1336,-1,-1,-1
962,6,1546.00,1166.00,53.00,63.00,7.4793,-1,-1,-1
962,10,1600.00,1445.00,55.00,75.00,7.2039,-1,-1,-1
963,6,1541.00,1158.00,54.00,65.00,7.5142,-1,-1,-1
963,10,1599.00,1443.00,55.00,73.00,7.2329,-1,-1,-1
964,6,1537.00,1154.00,53.00,65.00,7.5883,-1,-1,-1
964,10,1594.00,1433.00,61.00,77.00,7.2739,-1,-1,-1
965,6,1535.00,1148.00,53.00,64.00,7.5472,-1,-1,-1
965,10,1592.00,1426.00,60.00,78.00,7.3466,-1,-1,-1
966,6,1532.00,1140.00,52.00,63.00,7.5322,-1,-1,-1
966,10,1591.00,1418.00,58.00,76.00,7.3069,-1,-1,-1
967,6,1530.00,1133.00,53.00,61.00,7.5559,-1,-1,-1
967,10,1587.00,1407.00,64.00,80.00,7.3213,-1,-1,-1
968,6,1526.00,1124.00,54.00,64.00,7.5864,-1,-1,-1
968,10,1588.00,1403.00,62.00,77.00,7.3805,-1,-1,-1
969,6,1523.00,1118.00,55.00,59.00,7.6117,-1,-1,-1
969,10,1586.00,1393.00,59.00,80.00,7.3600,-1,-1,-1
970,6,1520.00,1108.00,54.00,61.00,7.5165,-1,-1,-1
970,10,1585.00,1383.00,58.00,80.00,7.3873,-1,-1,-1
971,6,1519.00,1100.00,52.00,59.00,7.5415,-1,-1,-1
971,10,1584.00,1373.00,60.00,82.00,7.3399,-1,-1,-1
972,6,1516.00,1091.00,52.00,63.00,7.5356,-1,-1,-1
972,10,1584.00,1363.00,56.00,84.00,7.3471,-1,-1,-1
973,6,1513.00,1080.00,52.00,66.00,7.5912,-1,-1,-1
973,10,1583.00,1355.00,59.00,82.00,7.3360,-1,-1,-1
974,6,1512.00,1070.00,50.00,65.00,7.5448,-1,-1,-1
974,10,1581.00,1349.00,58.00,80.00,7.2569,-1,-1,-1
975,6,1509.00,1061.00,52.00,65.00,7.5934,-1,-1,-1
975,10,1579.00,1335.00,60.00,85.00,7.3028,-1,-1,-1
976,6,1508.00,1053.00,51.00,61.00,7.6195,-1,-1,-1
976,10,1577.00,1324.00,58.00,85.00,7.2233,-1,-1,-1
977,6,1506.00,1044.00,50.00,62.00,7.5946,-1,-1,-1
977,10,1577.00,1313.00,61.00,90.00,7.2403,-1,-1,-1
978,6,1503.00,1037.00,50.00,61.00,7.5681,-1,-1,-1
978,10,1577.00,1309.00,60.00,86.00,7.3029,-1,-1,-1
979,6,1500.00,1028.00,52.00,63.00,7.6031,-1,-1,-1
979,10,1577.00,1305.00,57.00,82.00,7.2851,-1,-1,-1
980,6,1499.00,1024.00,51.00,63.00,7.6024,-1,-1,-1
980,10,1574.00,1297.00,58.00,83.00,7.2768,-1,-1,-1
981,6,1496.00,1019.00,50.00,62.00,7.5482,-1,-1,-1
981,10,1576.00,1294.00,55.00,84.00,7.2384,-1,-1,-1
982,6,1492.00,1014.00,50.00,64.00,7.5997,-1,-1,-1
982,10,1572.00,1288.00,60.00,90.00,7.1996,-1,-1,-1
983,6,1488.00,1011.00,54.00,66.00,7.6620,-1,-1,-1
983,10,1572.00,1288.00,61.00,88.00,7.1783,-1,-1,-1
984,6,1485.00,1008.00,56.00,67.00,7.7056,-1,-1,-1
984,10,1572.00,1286.00,58.00,91.00,7.2231,-1,-1,-1
985,6,1486.00,1011.00,51.00,65.00,7.7290,-1,-1,-1
985,10,1572.00,1288.00,57.00,87.00,7.2005,-1,-1,-1
986,6,1481.00,1013.00,56.00,62.00,7.7008,-1,-1,-1
986,10,1568.00,1287.00,61.00,89.00,7.1753,-1,-1,-1
987,6,1477.00,1012.00,56.00,66.00,7.6712,-1,-1,-1
987,10,1567.00,1289.00,61.00,89.00,7.1429,-1,-1,-1
988,6,1474.00,1015.00,58.00,64.00,7.6320,-1,-1,-1
988,10,1565.00,1290.00,62.00,91.00,7.1132,-1,-1,-1
989,6,1473.00,1019.00,57.00,61.00,7.5990,-1,-1,-1
989,10,1565.00,1295.00,61.00,87.00,7.1250,-1,-1,-1
990,6,1469.00,1021.00,58.00,63.00,7.5934,-1,-1,-1
990,10,1566.00,1300.00,59.00,86.00,7.1451,-1,-1,-1
991,6,1467.00,1024.00,59.00,64.00,7.6234,-1,-1,-1
991,10,1564.00,1305.00,60.00,82.00,7.1971,-1,-1,-1
992,6,1462.00,1027.00,61.00,64.00,7.5843,-1,-1,-1
992,10,1563.00,1310.00,61.00,84.00,7.2180,-1,-1,-1
993,6,1458.00,1032.00,59.00,64.00,7.6316,-1,-1,-1
993,10,1561.00,1313.00,62.00,85.00,7.2296,-1,-1,-1
994,6,1453.00,1033.00,58.00,63.00,7.6282,-1,-1,-1
994,10,1559.00,1320.00,62.00,83.00,7.1712,-1,-1,-1
995,6,1453.00,1041.00,55.00,61.00,7.5945,-1,-1,-1
995,10,1559.00,1326.00,57.00,83.00,7.0876,-1,-1,-1
996,6,1444.00,1043.00,60.00,63.00,7.5759,-1,-1,-1
996,10,1552.00,1328.00,62.00,89.00,6.9902,-1,-1,-1
997,6,1440.00,1048.00,62.00,63.00,7.5787,-1,-1,-1
997,10,1553.00,1334.00,59.00,82.00,7.0375,-1,-1,-1
998,6,1435.00,1056.00,64.00,63.00,7.6362,-1,-1,-1
998,10,1548.00,1339.00,58.00,83.00,7.0401,-1,-1,-1
999,6,1430.00,1059.00,57.00,61.00,7.6534,-1,-1,-1
999,10,1545.00,1342.00,59.00,84.00,6.9997,-1,-1,-1
1000,6,1425.00,1064.00,60.00,62.00,7.6261,-1,-1,-1
1000,10,1543.00,1352.00,57.00,79.00,7.0815,-1,-1,-1
1001,6,1422.00,1072.00,60.00,58.00,7.6472,-1,-1,-1
1001,10,1540.00,1356.00,59.00,81.00,7.1458,-1,-1,-1
1002,6,1415.00,1075.00,59.00,59.00,7.6314,-1,-1,-1
1002,10,1542.00,1367.00,52.00,77.00,7.1416,-1,-1,-1
1003,6,1410.00,1079.00,63.00,64.00,7.6889,-1,-1,-1
1003,10,1532.00,1365.00,62.00,81.00,7.2081,-1,-1,-1
1004,6,1404.00,1082.00,62.00,63.00,7.6938,-1,-1,-1
1004,10,1529.00,1367.00,63.00,82.00,7.2242,-1,-1,-1
1005,6,1398.00,1085.00,65.00,65.00,7.6522,-1,-1,-1
1005,10,1530.00,1372.00,59.00,79.00,7.1805,-1,-1,-1
1006,6,1394.00,1085.00,60.00,67.00,7.6573,-1,-1,-1
1006,10,1524.00,1371.00,62.00,80.00,7.1557,-1,-1,-1
1007,6,1389.00,1088.00,62.00,65.00,7.6800,-1,-1,-1
1007,10,1524.00,1375.00,56.00,79.00,7.1440,-1,-1,-1
1008,6,1382.00,1089.00,65.00,65.00,7.6812,-1,-1,-1
1008,10,1521.00,1377.00,56.00,77.00,7.1877,-1,-1,-1
1009,6,1376.00,1086.00,67.00,67.00,7.6456,-1,-1,-1
1009,10,1514.00,1367.00,62.00,84.00,7.1712,-1,-1,-1
1010,6,1369.00,1084.00,67.00,67.00,7.5928,-1,-1,-1
1010,10,1507.00,1361.00,66.00,89.00,7.2245,-1,-1,-1
1011,6,1365.00,1082.00,62.00,67.00,7.6551,-1,-1,-1
1011,10,1503.00,1361.00,66.00,86.00,7.2589,-1,-1,-1
1012,6,1355.00,1078.00,67.00,69.00,7.6590,-1,-1,-1
1012,10,1502.00,1357.00,63.00,83.00,7.2844,-1,-1,-1
1013,6,1350.00,1075.00,66.00,65.00,7.6808,-1,-1,-1
1013,10,1497.00,1350.00,64.00,84.00,7.3612,-1,-1,-1
1014,6,1342.00,1068.00,67.00,66.00,7.6197,-1,-1,-1
1014,10,1492.00,1345.00,64.00,84.00,7.3976,-1,-1,-1
1015,6,1335.00,1062.00,68.00,66.00,7.6211,-1,-1,-1
1015,10,1487.00,1337.00,66.00,86.00,7.3877,-1,-1,-1
1016,6,1330.00,1056.00,65.00,67.00,7.6223,-1,-1,-1
1016,10,1486.00,1336.00,61.00,82.00,7.3919,-1,-1,-1
1017,6,1322.00,1051.00,66.00,65.00,7.6526,-1,-1,-1
1017,10,1481.00,1326.00,60.00,80.00,7.2663,-1,-1,-1
1018,6,1314.00,1042.00,70.00,70.00,7.6295,-1,-1,-1
1018,10,1474.00,1316.00,66.00,85.00,7.2757,-1,-1,-1
1019,6,1309.00,1036.00,65.00,66.00,7.6557,-1,-1,-1
1019,10,1471.00,1310.00,69.00,83.00,7.3048,-1,-1,-1
1020,6,1304.00,1031.00,66.00,62.00,7.6524,-1,-1,-1
1020,10,1465.00,1302.00,67.00,82.00,7.3886,-1,-1,-1
1021,6,1296.00,1022.00,66.00,62.00,7.6506,-1,-1,-1
1021,10,1460.00,1290.00,71.00,88.00,7.3835,-1,-1,-1
1022,6,1288.00,1012.00,66.00,65.00,7.6754,-1,-1,-1
1022,10,1459.00,1285.00,70.00,85.00,7.3673,-1,-1,-1
1023,6,1280.00,1005.00,69.00,64.00,7.6825,-1,-1,-1
1023,10,1454.00,1276.00,70.00,81.00,7.2821,-1,-1,-1
1024,6,1275.00,997.00,67.00,63.00,7.7192,-1,-1,-1
1024,10,1449.00,1263.00,74.00,87.00,7.3292,-1,-1,-1
1025,6,1265.00,990.00,72.00,64.00,7.7462,-1,-1,-1
1025,10,1445.00,1256.00,71.00,83.00,7.4033,-1,-1,-1
1026,6,1262.00,983.00,71.00,61.00,7.6654,-1,-1,-1
1026,10,1446.00,1251.00,68.00,78.00,7.3645,-1,-1,-1
1027,6,1252.00,970.00,77.00,66.00,7.6525,-1,-1,-1
1027,10,1438.00,1238.00,71.00,84.00,7.3886,-1,-1,-1
1028,6,1248.00,965.00,74.00,68.00,7.6338,-1,-1,-1
1028,10,1437.00,1232.00,70.00,81.00,7.4322,-1,-1,-1
1029,6,1239.00,955.00,77.00,67.00,7.6373,-1,-1,-1
1029,10,1435.00,1221.00,69.00,83.00,7.3336,-1,-1,-1
1030,6,1231.00,949.00,81.00,65.00,7.6087,-1,-1,-1
1030,10,1428.00,1213.00,74.00,84.00,7.3621,-1,-1,-1
1031,6,1228.00,945.00,75.00,63.00,7.6141,-1,-1,-1
1031,10,1425.00,1206.00,70.00,82.00,7.3484,-1,-1,-1
1032,6,1222.00,940.00,74.00,62.00,7.5755,-1,-1,-1
1032,10,1423.00,1201.00,69.00,84.00,7.3548,-1,-1,-1
1033,6,1219.00,941.00,72.00,59.00,7.5571,-1,-1,-1
1033,10,1419.00,1202.00,71.00,80.00,7.3260,-1,-1,-1
1034,6,1211.00,938.00,78.00,63.00,7.5765,-1,-1,-1
1034,10,1420.00,1202.00,68.00,78.00,7.2831,-1,-1,-1
1035,6,1209.00,938.00,76.00,60.00,7.5886,-1,-1,-1
1035,10,1420.00,1200.00,68.00,80.00,7.2217,-1,-1,-1
1036,6,1203.00,936.00,82.00,62.00,7.6092,-1,-1,-1
1036,10,1419.00,1200.00,69.00,81.00,7.1787,-1,-1,-1
1037,6,1205.00,940.00,73.00,57.00,7.6249,-1,-1,-1
1037,10,1415.00,1196.00,76.00,86.00,7.1523,-1,-1,-1
1038,6,1204.00,941.00,80.00,61.00,7.6336,-1,-1,-1
1038,10,1420.00,1203.00,70.00,81.00,7.1944,-1,-1,-1
1039,6,1206.00,945.00,80.00,61.00,7.6439,-1,-1,-1
1039,10,1423.00,1205.00,69.00,83.00,7.2395,-1,-1,-1
1040,6,1206.00,947.00,83.00,64.00,7.6253,-1,-1,-1
1040,10,1424.00,1208.00,73.00,83.00,7.2512,-1,-1,-1
1041,6,1213.00,956.00,79.00,61.00,7.6193,-1,-1,-1
1041,10,1428.00,1211.00,76.00,86.00,7.3111,-1,-1,-1
1042,6,1214.00,958.00,83.00,64.00,7.6284,-1,-1,-1
1042,10,1433.00,1214.00,74.00,90.00,7.3408,-1,-1,-1
1043,6,1222.00,961.00,75.00,61.00,7.6334,-1,-1,-1
1043,10,1439.00,1221.00,74.00,86.00,7.2323,-1,-1,-1
1044,6,1228.00,968.00,75.00,58.00,7.6189,-1,-1,-1
1044,10,1442.00,1225.00,75.00,85.00,7.2513,-1,-1,-1
1045,6,1232.00,971.00,77.00,60.00,7.5992,-1,-1,-1
1045,10,1449.00,1228.00,76.00,90.00,7.1532,-1,-1,-1
1046,6,1237.00,976.00,79.00,64.00,7.6180,-1,-1,-1
1046,10,1458.00,1238.00,72.00,86.00,7.1644,-1,-1,-1
1047,6,1250.00,986.00,70.00,54.00,7.6407,-1,-1,-1
1047,10,1462.00,1244.00,72.00,84.00,7.1408,-1,-1,-1
1048,6,1252.00,986.00,72.00,60.00,7.6393,-1,-1,-1
1048,10,1469.00,1249.00,71.00,85.00,7.1098,-1,-1,-1
1049,6,1257.00,991.00,71.00,61.00,7.6525,-1,-1,-1
1049,10,1476.00,1257.00,68.00,82.00,7.0353,-1,-1,-1
1050,6,1259.00,993.00,78.00,61.00,7.6440,-1,-1,-1
1050,10,1478.00,1261.00,75.00,84.00,7.1067,-1,-1,-1
1051,6,1268.00,1004.00,72.00,57.00,7.6567,-1,-1,-1
1051,10,1485.00,1266.00,71.00,83.00,7.1470,-1,-1,-1
1052,6,1273.00,1007.00,70.00,57.00,7.6656,-1,-1,-1
1052,10,1488.00,1272.00,71.00,82.00,7.1165,-1,-1,-1
1053,6,1277.00,1010.00,74.00,59.00,7.6184,-1,-1,-1
1053,10,1494.00,1275.00,71.00,86.00,7.1475,-1,-1,-1
1054,6,1283.00,1015.00,74.00,59.00,7.6222,-1,-1,-1
1054,10,1499.00,1283.00,70.00,81.00,7.0958,-1,-1,-1
1055,6,1285.00,1018.00,79.00,65.00,7.6459,-1,-1,-1
1055,10,1507.00,1284.00,70.00,87.00,7.1616,-1,-1,-1
1056,6,1295.00,1026.00,75.00,61.00,7.6977,-1,-1,-1
1056,10,1507.00,1291.00,74.00,84.00,7.1540,-1,-1,-1
1057,6,1300.00,1029.00,71.00,61.00,7.7405,-1,-1,-1
1057,10,1513.00,1296.00,73.00,83.00,7.1405,-1,-1,-1
1058,6,1304.00,1034.00,73.00,62.00,7.7405,-1,-1,-1
1058,10,1519.00,1301.00,74.00,84.00,7.1060,-1,-1,-1
1059,6,1310.00,1038.00,71.00,60.00,7.7721,-1,-1,-1
1059,10,1526.00,1303.00,74.00,89.00,7.0958,-1,-1,-1
1060,6,1311.00,1040.00,81.00,67.00,7.7877,-1,-1,-1
1060,10,1528.00,1309.00,78.00,87.00,7.1664,-1,-1,-1
1061,6,1319.00,1044.00,75.00,66.00,7.7947,-1,-1,-1
1061,10,1535.00,1313.00,71.00,86.00,7.1654,-1,-1,-1
1062,6,1325.00,1049.00,73.00,65.00,7.7804,-1,-1,-1
1062,10,1541.00,1320.00,73.00,83.00,7.1897,-1,-1,-1
1063,6,1325.00,1056.00,89.00,69.00,7.8504,-1,-1,-1
1063,10,1548.00,1331.00,71.00,78.00,7.0538,-1,-1,-1
1064,10,1554.00,1328.00,69.00,86.00,7.0397,-1,-1,-1
1064,6,1333.00,1065.00,89.00,69.00,5.2879,-1,-1,-1
1065,10,1558.00,1334.00,71.00,85.00,7.0768,-1,-1,-1
1065,6,1336.00,1060.00,80.00,69.00,5.6260,-1,-1,-1
1066,10,1555.00,1330.00,82.00,93.00,7.1479,-1,-1,-1
1066,6,1343.00,1064.00,73.00,69.00,5.9190,-1,-1,-1
1067,10,1566.00,1336.00,77.00,92.00,7.2135,-1,-1,-1
1067,6,1350.00,1071.00,73.00,64.00,6.1436,-1,-1,-1
1068,10,1573.00,1349.00,75.00,84.00,7.2044,-1,-1,-1
1068,6,1352.00,1073.00,77.00,68.00,6.3408,-1,-1,-1
1069,10,1583.00,1358.00,67.00,79.00,7.2265,-1,-1,-1
1069,6,1360.00,1079.00,72.00,65.00,6.5196,-1,-1,-1
1070,10,1587.00,1361.00,71.00,83.00,7.2072,-1,-1,-1
1070,6,1363.00,1085.00,74.00,63.00,6.6541,-1,-1,-1
1071,10,1593.00,1364.00,72.00,87.00,7.1855,-1,-1,-1
1071,6,1369.00,1089.00,71.00,64.00,6.7775,-1,-1,-1
1072,10,1595.00,1363.00,75.00,91.00,7.1756,-1,-1,-1
1072,6,1371.00,1091.00,81.00,65.00,6.8492,-1,-1,-1
1073,10,1607.00,1383.00,67.00,76.00,7.2105,-1,-1,-1
1073,6,1379.00,1100.00,78.00,63.00,6.8107,-1,-1,-1
1074,10,1608.00,1380.00,69.00,85.00,7.2471,-1,-1,-1
1074,6,1385.00,1105.00,73.00,58.00,6.9077,-1,-1,-1
1075,10,1609.00,1384.00,76.00,85.00,7.2288,-1,-1,-1
1075,6,1387.00,1100.00,75.00,66.00,6.9806,-1,-1,-1
1076,10,1610.00,1382.00,81.00,91.00,7.2377,-1,-1,-1
1076,6,1392.00,1109.00,76.00,61.00,6.9745,-1,-1,-1
1077,10,1621.00,1389.00,76.00,87.00,7.2199,-1,-1,-1
1077,6,1394.00,1115.00,84.00,62.00,7.0609,-1,-1,-1
1078,10,1624.00,1389.00,77.00,92.00,7.2256,-1,-1,-1
1078,6,1398.00,1121.00,90.00,61.00,7.0610,-1,-1,-1
1079,10,1633.00,1398.00,71.00,85.00,7.3040,-1,-1,-1
1079,6,1408.00,1127.00,79.00,58.00,7.1271,-1,-1,-1
1080,10,1632.00,1398.00,79.00,93.00,7.3638,-1,-1,-1
1080,6,1413.00,1129.00,75.00,56.00,7.1667,-1,-1,-1
1081,10,1640.00,1403.00,83.00,93.00,7.4433,-1,-1,-1
1081,6,1419.00,1133.00,73.00,56.00,7.2001,-1,-1,-1
1082,10,1643.00,1403.00,83.00,98.00,7.5159,-1,-1,-1
1082,6,1424.00,1136.00,68.00,55.00,7.2333,-1,-1,-1
1083,10,1649.00,1410.00,79.00,94.00,7.4837,-1,-1,-1
1083,6,1429.00,1138.00,71.00,62.00,7.2542,-1,-1,-1
1084,10,1657.00,1421.00,80.00,92.00,7.4771,-1,-1,-1
1084,6,1431.00,1143.00,77.00,61.00,7.2931,-1,-1,-1
1085,10,1660.00,1420.00,78.00,93.00,7.4970,-1,-1,-1
1085,6,1439.00,1148.00,69.00,57.00,7.3661,-1,-1,-1
1086,10,1662.00,1424.00,87.00,97.00,7.5362,-1,-1,-1
1086,6,1442.00,1149.00,71.00,61.00,7.3974,-1,-1,-1
1087,10,1668.00,1427.00,82.00,95.00,7.5832,-1,-1,-1
1087,6,1446.00,1154.00,71.00,59.00,7.4040,-1,-1,-1
1088,10,1668.00,1430.00,90.00,99.00,7.5497,-1,-1,-1
1088,6,1449.00,1155.00,76.00,62.00,7.4282,-1,-1,-1
1089,10,1677.00,1440.00,87.00,93.00,7.5081,-1,-1,-1
1089,6,1451.00,1162.00,81.00,62.00,7.4908,-1,-1,-1
1090,10,1685.00,1443.00,83.00,96.00,7.5513,-1,-1,-1
1090,6,1459.00,1168.00,75.00,59.00,7.5432,-1,-1,-1
1091,6,1462.00,1168.00,75.00,62.00,7.5812,-1,-1,-1
1091,10,1692.00,1448.00,81.00,94.00,7.5069,-1,-1,-1
1092,6,1468.00,1173.00,75.00,61.00,7.6033,-1,-1,-1
1092,10,1694.00,1449.00,84.00,96.00,7.4935,-1,-1,-1
1093,6,1472.00,1171.00,79.00,66.00,7.5855,-1,-1,-1
1093,10,1698.00,1451.00,84.00,98.00,7.4685,-1,-1,-1
1094,6,1478.00,1179.00,77.00,60.00,7.5844,-1,-1,-1
1094,10,1704.00,1454.00,83.00,98.00,7.4827,-1,-1,-1
1095,6,1489.00,1185.00,69.00,57.00,7.5114,-1,-1,-1
1095,10,1713.00,1459.00,82.00,101.00,7.4485,-1,-1,-1
1096,6,1489.00,1186.00,82.00,64.00,7.5058,-1,-1,-1
1096,10,1715.00,1463.00,85.00,101.00,7.4550,-1,-1,-1
1097,6,1490.00,1186.00,84.00,66.00,7.5065,-1,-1,-1
1097,10,1718.00,1470.00,88.00,100.00,7.4828,-1,-1,-1
1098,10,1722.00,1474.00,88.00,100.00,7.5101,-1,-1,-1
1098,6,1495.00,1190.00,84.00,69.00,7.4532,-1,-1,-1
1099,10,1729.00,1476.00,90.00,105.00,7.5682,-1,-1,-1
1099,6,1502.00,1195.00,81.00,67.00,7.4733,-1,-1,-1
1100,10,1741.00,1487.00,83.00,98.00,7.5618,-1,-1,-1
1100,6,1509.00,1207.00,76.00,58.00,7.4032,-1,-1,-1
1101,10,1744.00,1489.00,85.00,101.00,7.5796,-1,-1,-1
1101,6,1514.00,1210.00,79.00,61.00,7.3854,-1,-1,-1
1102,10,1754.00,1496.00,80.00,98.00,7.6061,-1,-1,-1
1102,6,1521.00,1211.00,80.00,63.00,7.3549,-1,-1,-1
1103,10,1760.00,1497.00,82.00,99.00,7.6514,-1,-1,-1
1103,6,1531.00,1215.00,71.00,62.00,7.3621,-1,-1,-1
1104,10,1767.00,1505.00,81.00,96.00,7.6800,-1,-1,-1
1104,6,1534.00,1220.00,72.00,61.00,7.4158,-1,-1,-1
1105,10,1773.00,1515.00,81.00,93.00,7.6923,-1,-1,-1
1105,6,1539.00,1220.00,72.00,63.00,7.4488,-1,-1,-1
1106,10,1779.00,1515.00,81.00,100.00,7.6820,-1,-1,-1
1106,6,1540.00,1218.00,78.00,70.00,7.4455,-1,-1,-1
1107,10,1781.00,1530.00,87.00,89.00,7.8517,-1,-1,-1
1107,6,1550.00,1227.00,77.00,67.00,7.4024,-1,-1,-1
1108,10,1789.00,1536.00,83.00,86.00,7.9352,-1,-1,-1
1108,6,1551.00,1232.00,80.00,66.00,7.4362,-1,-1,-1
1109,10,1797.00,1541.00,81.00,84.00,8.0462,-1,-1,-1
1109,6,1558.00,1236.00,73.00,61.00,7.4955,-1,-1,-1
1110,10,1800.00,1543.00,84.00,85.00,8.0912,-1,-1,-1
1110,6,1566.00,1235.00,76.00,68.00,7.4243,-1,-1,-1
1111,10,1810.00,1544.00,80.00,84.00,8.1385,-1,-1,-1
1111,6,1575.00,1245.00,75.00,60.00,7.4164,-1,-1,-1
1112,10,1812.00,1546.00,84.00,81.00,8.2077,-1,-1,-1
1112,6,1582.00,1241.00,72.00,60.00,7.4594,-1,-1,-1
1113,10,1815.00,1535.00,89.00,87.00,8.1562,-1,-1,-1
1113,6,1586.00,1234.00,73.00,62.00,7.4381,-1,-1,-1
1114,10,1824.00,1530.00,87.00,87.00,8.2334,-1,-1,-1
1114,6,1591.00,1224.00,78.00,67.00,7.4272,-1,-1,-1
1115,10,1833.00,1522.00,84.00,87.00,8.2565,-1,-1,-1
1115,6,1597.00,1220.00,77.00,64.00,7.4209,-1,-1,-1
1116,10,1836.00,1509.00,86.00,87.00,8.3102,-1,-1,-1
1116,6,1601.00,1208.00,76.00,62.00,7.4265,-1,-1,-1
1117,10,1842.00,1498.00,89.00,86.00,8.4046,-1,-1,-1
1117,6,1610.00,1195.00,71.00,60.00,7.4655,-1,-1,-1
1118,10,1848.00,1482.00,88.00,89.00,8.5114,-1,-1,-1
1118,6,1613.00,1184.00,77.00,63.00,7.4760,-1,-1,-1
1119,10,1858.00,1470.00,84.00,88.00,8.5426,-1,-1,-1
1119,6,1620.00,1168.00,75.00,63.00,7.3845,-1,-1,-1
1120,10,1863.00,1457.00,85.00,87.00,8.5334,-1,-1,-1
1120,6,1629.00,1153.00,71.00,63.00,7.3541,-1,-1,-1
1121,10,1869.00,1437.00,85.00,92.00,8.5015,-1,-1,-1
1121,6,1634.00,1138.00,72.00,64.00,7.3167,-1,-1,-1
1122,10,1874.00,1424.00,89.00,92.00,8.5432,-1,-1,-1
1122,6,1639.00,1120.00,69.00,67.00,7.3312,-1,-1,-1
1123,10,1882.00,1408.00,86.00,93.00,8.5936,-1,-1,-1
1123,6,1646.00,1106.00,74.00,64.00,7.2808,-1,-1,-1
1124,10,1889.00,1393.00,88.00,89.00,8.6355,-1,-1,-1
1124,6,1655.00,1096.00,69.00,60.00,7.2947,-1,-1,-1
1125,10,1895.00,1381.00,87.00,89.00,8.6593,-1,-1,-1
1125,6,1658.00,1076.00,73.00,63.00,7.3316,-1,-1,-1
1126,10,1900.00,1365.00,88.00,94.00,8.7002,-1,-1,-1
1126,6,1671.00,1070.00,62.00,60.00,7.2436,-1,-1,-1
1127,10,1909.00,1360.00,84.00,89.00,8.6717,-1,-1,-1
1127,6,1669.00,1055.00,74.00,65.00,7.2380,-1,-1,-1
1128,10,1914.00,1353.00,85.00,89.00,8.6725,-1,-1,-1
1128,6,1673.00,1036.00,74.00,77.00,7.2000,-1,-1,-1
1129,10,1923.00,1350.00,85.00,89.00,8.5516,-1,-1,-1
1129,6,1682.00,1043.00,70.00,65.00,7.2153,-1,-1,-1
1130,10,1928.00,1343.00,84.00,93.00,8.5618,-1,-1,-1
1130,6,1689.00,1035.00,66.00,64.00,7.2263,-1,-1,-1
1131,10,1940.00,1338.00,80.00,101.00,8.3855,-1,-1,-1
1131,6,1690.00,1026.00,76.00,75.00,7.2552,-1,-1,-1
1132,10,1945.00,1330.00,80.00,108.00,8.2508,-1,-1,-1
1132,6,1695.00,1030.00,77.00,69.00,7.2907,-1,-1,-1
1133,10,1952.00,1331.00,84.00,112.00,8.1837,-1,-1,-1
1133,6,1701.00,1029.00,77.00,73.00,7.2920,-1,-1,-1
1134,10,1957.00,1337.00,83.00,109.00,8.1164,-1,-1,-1
1134,6,1712.00,1039.00,71.00,64.00,7.3430,-1,-1,-1
1135,10,1964.00,1345.00,83.00,105.00,8.0886,-1,-1,-1
1135,6,1719.00,1041.00,68.00,64.00,7.3199,-1,-1,-1
1136,10,1968.00,1350.00,84.00,103.00,8.0425,-1,-1,-1
1136,6,1723.00,1047.00,75.00,66.00,7.3366,-1,-1,-1
1137,10,1975.00,1352.00,84.00,109.00,8.0432,-1,-1,-1
1137,6,1729.00,1053.00,74.00,64.00,7.3530,-1,-1,-1
1138,10,1980.00,1357.00,86.00,110.00,8.0231,-1,-1,-1
1138,6,1744.00,1062.00,72.00,57.00,7.2980,-1,-1,-1
1139,10,1986.00,1365.00,91.00,112.00,8.0185,-1,-1,-1
1139,6,1741.00,1054.00,72.00,72.00,7.2980,-1,-1,-1
1140,10,1995.00,1371.00,88.00,109.00,8.0081,-1,-1,-1
1140,6,1755.00,1072.00,72.00,62.00,7.2987,-1,-1,-1
1141,10,2002.00,1375.00,86.00,111.00,7.9876,-1,-1,-1
1141,6,1756.00,1070.00,72.00,70.00,7.3454,-1,-1,-1
1142,10,2007.00,1380.00,85.00,109.00,7.9698,-1,-1,-1
1142,6,1761.00,1078.00,76.00,67.00,7.3479,-1,-1,-1
1143,10,2015.00,1388.00,90.00,113.00,7.9568,-1,-1,-1
1143,6,1767.00,1082.00,75.00,68.00,7.3509,-1,-1,-1
1144,10,2017.00,1390.00,92.00,116.00,7.9503,-1,-1,-1
1144,6,1777.00,1088.00,71.00,68.00,7.3708,-1,-1,-1
1145,10,2025.00,1399.00,89.00,111.00,7.9371,-1,-1,-1
1145,6,1775.00,1092.00,78.00,69.00,7.4149,-1,-1,-1
1146,10,2029.00,1399.00,89.00,118.00,7.9159,-1,-1,-1
1146,6,1782.00,1098.00,79.00,70.00,7.4007,-1,-1,-1
1147,10,2037.00,1413.00,87.00,109.00,7.9335,-1,-1,-1
1147,6,1787.00,1102.00,76.00,70.00,7.4033,-1,-1,-1
1148,10,2045.00,1420.00,84.00,107.00,7.9152,-1,-1,-1
1148,6,1792.00,1109.00,70.00,68.00,7.4266,-1,-1,-1
1149,10,2047.00,1420.00,85.00,109.00,7.9242,-1,-1,-1
1149,6,1792.00,1112.00,79.00,71.00,7.4309,-1,-1,-1
1150,10,2052.00,1424.00,90.00,114.00,7.8874,-1,-1,-1
1150,6,1797.00,1118.00,76.00,70.00,7.4762,-1,-1,-1
1151,10,2058.00,1434.00,85.00,107.00,7.8831,-1,-1,-1
1151,6,1800.00,1122.00,67.00,67.00,7.4818,-1,-1,-1
1152,10,2064.00,1439.00,85.00,110.00,7.8663,-1,-1,-1
1152,6,1802.00,1126.00,69.00,67.00,7.3941,-1,-1,-1
1153,10,2073.00,1448.00,83.00,105.00,7.8635,-1,-1,-1
1153,6,1808.00,1136.00,67.00,68.00,7.4193,-1,-1,-1
1154,10,2075.00,1447.00,85.00,109.00,7.8605,-1,-1,-1
1154,6,1816.00,1142.00,71.00,71.00,7.3959,-1,-1,-1
1155,10,2082.00,1455.00,84.00,114.00,7.8624,-1,-1,-1
1155,6,1817.00,1149.00,70.00,66.00,7.4019,-1,-1,-1
1156,10,2082.00,1469.00,87.00,98.00,8.0162,-1,-1,-1
1156,6,1817.00,1150.00,74.00,71.00,7.4232,-1,-1,-1
1157,10,2090.00,1474.00,83.00,96.00,8.1057,-1,-1,-1
1157,6,1826.00,1160.00,65.00,68.00,7.3918,-1,-1,-1
1158,10,2095.00,1480.00,86.00,96.00,8.2374,-1,-1,-1
1158,6,1828.00,1163.00,70.00,73.00,7.4339,-1,-1,-1
1159,10,2098.00,1481.00,87.00,98.00,8.3293,-1,-1,-1
1159,6,1836.00,1173.00,68.00,69.00,7.3513,-1,-1,-1
1160,10,2103.00,1487.00,89.00,99.00,8.4247,-1,-1,-1
1160,6,1837.00,1174.00,74.00,71.00,7.3152,-1,-1,-1
1161,10,2109.00,1497.00,89.00,95.00,8.4903,-1,-1,-1
1161,6,1834.00,1181.00,86.00,72.00,7.4162,-1,-1,-1
1162,10,2115.00,1499.00,89.00,98.00,8.5509,-1,-1,-1
1162,6,1852.00,1188.00,64.00,69.00,7.4093,-1,-1,-1
1163,10,2121.00,1504.00,87.00,99.00,8.5935,-1,-1,-1
1163,6,1848.00,1184.00,72.00,78.00,7.4365,-1,-1,-1
1164,10,2126.00,1509.00,87.00,96.00,8.6265,-1,-1,-1
1164,6,1845.00,1198.00,86.00,72.00,7.5236,-1,-1,-1
1165,10,2131.00,1511.00,86.00,98.00,8.6488,-1,-1,-1
1165,6,1854.00,1197.00,76.00,78.00,7.4691,-1,-1,-1
1166,10,2134.00,1516.00,90.00,96.00,8.6901,-1,-1,-1
1166,6,1857.00,1204.00,71.00,73.00,7.4245,-1,-1,-1
1167,10,2141.00,1519.00,88.00,97.00,8.6715,-1,-1,-1
1167,6,1859.00,1209.00,72.00,73.00,7.3148,-1,-1,-1
1168,10,2145.00,1522.00,88.00,98.00,8.7207,-1,-1,-1
1168,6,1864.00,1213.00,71.00,79.00,7.2484,-1,-1,-1
1169,10,2149.00,1527.00,88.00,98.00,8.7535,-1,-1,-1
1169,6,1866.00,1211.00,73.00,83.00,7.1965,-1,-1,-1
1170,10,2154.00,1530.00,90.00,101.00,8.7768,-1,-1,-1
1170,6,1866.00,1220.00,75.00,80.00,7.1311,-1,-1,-1
1171,10,2160.00,1533.00,87.00,102.00,8.7729,-1,-1,-1
1171,6,1872.00,1228.00,72.00,73.00,7.0314,-1,-1,-1
1172,10,2166.00,1536.00,88.00,103.00,8.7889,-1,-1,-1
1172,6,1874.00,1235.00,75.00,71.00,7.0557,-1,-1,-1
1173,10,2172.00,1543.00,87.00,99.00,8.8145,-1,-1,-1
1173,6,1878.00,1238.00,72.00,69.00,7.0519,-1,-1,-1
1174,10,2175.00,1544.00,89.00,102.00,8.8505,-1,-1,-1
1174,6,1877.00,1239.00,80.00,75.00,7.0662,-1,-1,-1
1175,10,2180.00,1548.00,88.00,103.00,8.8429,-1,-1,-1
1175,6,1875.00,1246.00,83.00,69.00,7.0911,-1,-1,-1
1176,10,2185.00,1537.00,91.00,124.00,8.6909,-1,-1,-1
1176,6,1875.00,1250.00,88.00,72.00,7.2440,-1,-1,-1
1177,10,2191.00,1539.00,92.00,126.00,8.5629,-1,-1,-1
1177,6,1877.00,1253.00,89.00,75.00,7.3711,-1,-1,-1
1178,10,2194.00,1539.00,93.00,126.00,8.4312,-1,-1,-1
1178,6,1889.00,1261.00,75.00,70.00,7.3628,-1,-1,-1
1179,10,2200.00,1544.00,95.00,127.00,8.2849,-1,-1,-1
1179,6,1891.00,1267.00,74.00,71.00,7.3532,-1,-1,-1
1180,10,2209.00,1553.00,92.00,118.00,8.1487,-1,-1,-1
1180,6,1886.00,1269.00,83.00,70.00,7.4387,-1,-1,-1
1181,10,2211.00,1553.00,94.00,123.00,8.0586,-1,-1,-1
1181,6,1896.00,1269.00,73.00,80.00,7.3869,-1,-1,-1
1182,10,2216.00,1573.00,92.00,102.00,8.1882,-1,-1,-1
1182,6,1895.00,1273.00,85.00,79.00,7.3598,-1,-1,-1
1183,10,2220.00,1577.00,92.00,99.00,8.3002,-1,-1,-1
1183,6,1899.00,1277.00,84.00,77.00,7.3510,-1,-1,-1
1184,10,2226.00,1578.00,91.00,103.00,8.3814,-1,-1,-1
1184,6,1909.00,1285.00,70.00,74.00,7.1755,-1,-1,-1
1185,10,2234.00,1569.00,89.00,120.00,8.1991,-1,-1,-1
1185,6,1912.00,1289.00,70.00,73.00,7.1993,-1,-1,-1
1186,10,2243.00,1576.00,86.00,117.00,8.0849,-1,-1,-1
1186,6,1911.00,1290.00,79.00,78.00,7.1816,-1,-1,-1
1187,10,2247.00,1580.00,85.00,114.00,8.0487,-1,-1,-1
1187,6,1917.00,1301.00,77.00,74.00,7.1855,-1,-1,-1
1188,10,2251.00,1582.00,90.00,119.00,8.0032,-1,-1,-1
1188,6,1919.00,1303.00,75.00,71.00,7.2152,-1,-1,-1
1189,10,2257.00,1587.00,94.00,118.00,7.9914,-1,-1,-1
1189,6,1923.00,1312.00,75.00,67.00,7.1990,-1,-1,-1
1190,10,2263.00,1592.00,93.00,114.00,7.9834,-1,-1,-1
1190,6,1926.00,1314.00,81.00,72.00,7.2309,-1,-1,-1
1191,10,2266.00,1590.00,91.00,118.00,7.9693,-1,-1,-1
1191,6,1932.00,1319.00,77.00,73.00,7.2630,-1,-1,-1
1192,10,2272.00,1593.00,97.00,122.00,7.9341,-1,-1,-1
1192,6,1935.00,1320.00,72.00,72.00,7.2520,-1,-1,-1
1193,10,2280.00,1599.00,95.00,119.00,7.8168,-1,-1,-1
1193,6,1932.00,1324.00,89.00,76.00,7.3439,-1,-1,-1
1194,10,2287.00,1602.00,92.00,118.00,7.7518,-1,-1,-1
1194,6,1937.00,1330.00,81.00,74.00,7.3565,-1,-1,-1
1195,10,2292.00,1605.00,93.00,123.00,7.7645,-1,-1,-1
1195,6,1945.00,1338.00,83.00,69.00,7.3238,-1,-1,-1
1196,10,2299.00,1608.00,92.00,125.00,7.7601,-1,-1,-1
1196,6,1951.00,1344.00,80.00,68.00,7.3105,-1,-1,-1
1197,10,2305.00,1613.00,93.00,123.00,7.7235,-1,-1,-1
1197,6,1954.00,1347.00,81.00,67.00,7.2542,-1,-1,-1
1198,10,2313.00,1619.00,94.00,121.00,7.7046,-1,-1,-1
1198,6,1956.00,1351.00,85.00,69.00,7.1508,-1,-1,-1
1199,10,2317.00,1620.00,95.00,125.00,7.7302,-1,-1,-1
1199,6,1963.00,1355.00,82.00,68.00,7.2252,-1,-1,-1
1200,10,2325.00,1626.00,95.00,122.00,7.7313,-1,-1,-1
1200,6,1964.00,1359.00,74.00,63.00,7.1908,-1,-1,-1
1201,10,2334.00,1638.00,91.00,115.00,7.7261,-1,-1,-1
1201,6,1971.00,1364.00,88.00,72.00,7.1706,-1,-1,-1
1202,10,2338.00,1638.00,95.00,119.00,7.7499,-1,-1,-1
1202,6,1981.00,1373.00,84.00,69.00,7.0910,-1,-1,-1
1203,10,2344.00,1637.00,96.00,124.00,7.7628,-1,-1,-1
1203,6,1981.00,1375.00,91.00,69.00,7.1070,-1,-1,-1
1204,10,2351.00,1639.00,96.00,124.00,7.7283,-1,-1,-1
1204,6,1987.00,1382.00,87.00,71.00,7.1660,-1,-1,-1
1205,10,2357.00,1645.00,97.00,123.00,7.7319,-1,-1,-1
1205,6,1993.00,1384.00,84.00,70.00,7.0373,-1,-1,-1
1206,10,2362.00,1646.00,98.00,130.00,7.7768,-1,-1,-1
1206,6,1998.00,1392.00,89.00,68.00,6.9545,-1,-1,-1
1207,10,2372.00,1647.00,97.00,130.00,7.7730,-1,-1,-1
1207,6,2004.00,1396.00,86.00,69.00,6.9300,-1,-1,-1
1208,10,2381.00,1654.00,95.00,125.00,7.8041,-1,-1,-1
1208,6,2009.00,1400.00,84.00,67.00,6.8445,-1,-1,-1
1209,10,2384.00,1658.00,97.00,123.00,7.8305,-1,-1,-1
1209,6,2013.00,1407.00,96.00,70.00,6.8078,-1,-1,-1
1210,10,2390.00,1656.00,98.00,131.00,7.8234,-1,-1,-1
1210,6,2019.00,1413.00,90.00,67.00,6.7304,-1,-1,-1
1211,10,2400.00,1662.00,99.00,128.00,7.7146,-1,-1,-1
1211,6,2027.00,1418.00,82.00,65.00,6.7100,-1,-1,-1
1212,10,2406.00,1668.00,99.00,127.00,7.7207,-1,-1,-1
1212,6,2036.00,1427.00,80.00,65.00,6.6577,-1,-1,-1
1213,10,2411.00,1670.00,101.00,132.00,7.7578,-1,-1,-1
1213,6,2032.00,1426.00,87.00,65.00,6.6351,-1,-1,-1
1214,10,2424.00,1678.00,98.00,127.00,7.7628,-1,-1,-1
1214,6,2040.00,1431.00,91.00,69.00,6.5806,-1,-1,-1
1215,10,2431.00,1685.00,98.00,123.00,7.7797,-1,-1,-1
1215,6,2047.00,1435.00,91.00,71.00,6.7166,-1,-1,-1
1216,10,2435.00,1683.00,100.00,130.00,7.7682,-1,-1,-1
1216,6,2048.00,1435.00,93.00,74.00,6.7985,-1,-1,-1
1217,10,2445.00,1691.00,100.00,127.00,7.7294,-1,-1,-1
1217,6,2055.00,1443.00,96.00,75.00,6.6560,-1,-1,-1
1218,10,2451.00,1696.00,99.00,125.00,7.7116,-1,-1,-1
1218,6,2060.00,1445.00,97.00,77.00,6.6929,-1,-1,-1
1219,10,2459.00,1696.00,99.00,130.00,7.7359,-1,-1,-1
1219,6,2065.00,1450.00,98.00,78.00,6.7425,-1,-1,-1
1220,10,2469.00,1704.00,100.00,128.00,7.7402,-1,-1,-1
1220,6,2071.00,1453.00,99.00,80.00,6.8266,-1,-1,-1
1221,10,2477.00,1709.00,99.00,122.00,7.7488,-1,-1,-1
1221,6,2076.00,1458.00,98.00,78.00,6.8798,-1,-1,-1
1222,10,2485.00,1712.00,100.00,124.00,7.7504,-1,-1,-1
1222,6,2082.00,1460.00,99.00,79.00,6.9596,-1,-1,-1
1223,10,2491.00,1712.00,102.00,127.00,7.6814,-1,-1,-1
1223,6,2089.00,1466.00,97.00,79.00,7.0201,-1,-1,-1
1224,10,2499.00,1715.00,102.00,128.00,7.6772,-1,-1,-1
1224,6,2093.00,1467.00,104.00,81.00,7.1134,-1,-1,-1
1225,10,2506.00,1723.00,102.00,124.00,7.7129,-1,-1,-1
1225,6,2101.00,1477.00,94.00,73.00,7.1970,-1,-1,-1
1226,10,2517.00,1723.00,102.00,130.00,7.7277,-1,-1,-1
1226,6,2108.00,1477.00,100.00,76.00,7.2845,-1,-1,-1
1227,10,2526.00,1730.00,100.00,123.00,7.7298,-1,-1,-1
1227,6,2114.00,1482.00,102.00,78.00,7.3521,-1,-1,-1
1228,10,2532.00,1732.00,102.00,125.00,7.7240,-1,-1,-1
1228,6,2123.00,1487.00,98.00,74.00,7.3147,-1,-1,-1
1229,10,2538.00,1732.00,104.00,129.00,7.6826,-1,-1,-1
1229,6,2128.00,1490.00,103.00,80.00,7.3441,-1,-1,-1
1230,10,2547.00,1738.00,105.00,126.00,7.6518,-1,-1,-1
1230,6,2134.00,1494.00,104.00,81.00,7.4125,-1,-1,-1
1231,10,2556.00,1741.00,105.00,128.00,7.6678,-1,-1,-1
1231,6,2142.00,1500.00,100.00,78.00,7.4664,-1,-1,-1
1232,10,2565.00,1741.00,105.00,134.00,7.6675,-1,-1,-1
1232,6,2144.00,1503.00,107.00,80.00,7.5528,-1,-1,-1
1233,10,2571.00,1746.00,106.00,130.00,7.6846,-1,-1,-1
1233,6,2151.00,1504.00,104.00,83.00,7.6135,-1,-1,-1
1234,10,2580.00,1746.00,104.00,134.00,7.7164,-1,-1,-1
1234,6,2161.00,1512.00,100.00,77.00,7.5981,-1,-1,-1
1235,10,2591.00,1752.00,104.00,130.00,7.7227,-1,-1,-1
1235,6,2166.00,1516.00,103.00,78.00,7.6144,-1,-1,-1
1236,10,2596.00,1754.00,110.00,132.00,7.7246,-1,-1,-1
1236,6,2171.00,1519.00,106.00,79.00,7.6126,-1,-1,-1
1237,10,2606.00,1753.00,105.00,134.00,7.7203,-1,-1,-1
1237,6,2178.00,1520.00,106.00,81.00,7.5794,-1,-1,-1
1238,10,2613.00,1757.00,106.00,136.00,7.6349,-1,-1,-1
1238,6,2186.00,1524.00,107.00,84.00,7.6076,-1,-1,-1
1239,10,2620.00,1762.00,110.00,135.00,7.6807,-1,-1,-1
1239,6,2194.00,1530.00,103.00,80.00,7.5730,-1,-1,-1
1240,6,2204.00,1544.00,105.00,74.00,7.6898,-1,-1,-1
1240,10,2631.00,1763.00,107.00,136.00,7.6867,-1,-1,-1
1241,10,2640.00,1766.00,106.00,137.00,7.6928,-1,-1,-1
1241,6,2210.00,1539.00,105.00,80.00,7.6371,-1,-1,-1
1242,10,2648.00,1771.00,107.00,136.00,7.7145,-1,-1,-1
1242,6,2219.00,1546.00,99.00,71.00,7.5921,-1,-1,-1
1243,10,2656.00,1770.00,108.00,141.00,7.7197,-1,-1,-1
1243,6,2222.00,1545.00,106.00,81.00,7.5962,-1,-1,-1
1244,10,2665.00,1781.00,108.00,136.00,7.6837,-1,-1,-1
1244,6,2235.00,1549.00,103.00,80.00,7.5089,-1,-1,-1
1245,10,2675.00,1782.00,109.00,140.00,7.6983,-1,-1,-1
1245,6,2242.00,1554.00,104.00,81.00,7.4579,-1,-1,-1
1246,10,2683.00,1787.00,109.00,138.00,7.6995,-1,-1,-1
1246,6,2249.00,1562.00,106.00,77.00,7.5037,-1,-1,-1
1247,10,2691.00,1792.00,112.00,139.00,7.7104,-1,-1,-1
1247,6,2255.00,1567.00,109.00,74.00,7.5492,-1,-1,-1
1248,10,2700.00,1793.00,112.00,143.00,7.7181,-1,-1,-1
1248,6,2269.00,1578.00,105.00,72.00,7.6328,-1,-1,-1
1249,10,2709.00,1804.00,113.00,138.00,7.6711,-1,-1,-1
1249,6,2272.00,1570.00,109.00,84.00,7.6141,-1,-1,-1
1250,10,2719.00,1805.00,112.00,145.00,7.7126,-1,-1,-1
1250,6,2285.00,1580.00,104.00,79.00,7.5113,-1,-1,-1
1251,10,2727.00,1807.00,115.00,146.00,7.7194,-1,-1,-1
1251,6,2291.00,1584.00,108.00,80.00,7.4956,-1,-1,-1
1252,10,2737.00,1817.00,115.00,145.00,7.7223,-1,-1,-1
1252,6,2297.00,1589.00,110.00,81.00,7.4416,-1,-1,-1
1253,10,2748.00,1822.00,113.00,144.00,7.6963,-1,-1,-1
1253,6,2307.00,1595.00,105.00,75.00,7.4346,-1,-1,-1
1254,10,2756.00,1829.00,114.00,143.00,7.6643,-1,-1,-1
1254,6,2315.00,1597.00,109.00,81.00,7.5185,-1,-1,-1
1255,10,2766.00,1836.00,114.00,144.00,7.6623,-1,-1,-1
1255,6,2320.00,1602.00,112.00,81.00,7.5379,-1,-1,-1
1256,10,2776.00,1837.00,113.00,145.00,7.6546,-1,-1,-1
1256,6,2332.00,1611.00,109.00,77.00,7.5237,-1,-1,-1
1257,10,2783.00,1845.00,116.00,143.00,7.6321,-1,-1,-1
1257,6,2339.00,1610.00,110.00,82.00,7.6062,-1,-1,-1
1258,10,2793.00,1849.00,116.00,146.00,7.6032,-1,-1,-1
1258,6,2346.00,1614.00,110.00,82.00,7.5764,-1,-1,-1
1259,10,2803.00,1854.00,113.00,147.00,7.6245,-1,-1,-1
1259,6,2357.00,1625.00,101.00,70.00,7.5764,-1,-1,-1
1260,10,2809.00,1860.00,116.00,148.00,7.6418,-1,-1,-1
1260,6,2364.00,1622.00,110.00,79.00,7.6402,-1,-1,-1
1261,6,2370.00,1628.00,110.00,77.00,7.6534,-1,-1,-1
1261,10,2820.00,1863.00,116.00,148.00,7.6222,-1,-1,-1
1262,6,2378.00,1631.00,113.00,79.00,7.5897,-1,-1,-1
1262,10,2830.00,1876.00,113.00,141.00,7.5597,-1,-1,-1
1263,6,2387.00,1635.00,113.00,79.00,7.6448,-1,-1,-1
1263,10,2836.00,1878.00,115.00,143.00,7.5896,-1,-1,-1
1264,6,2394.00,1639.00,109.00,77.00,7.6452,-1,-1,-1
1264,10,2847.00,1882.00,113.00,143.00,7.5929,-1,-1,-1
1265,6,2402.00,1643.00,105.00,74.00,7.6227,-1,-1,-1
1265,10,2855.00,1886.00,113.00,144.00,7.6151,-1,-1,-1
1266,6,2409.00,1645.00,111.00,79.00,7.6615,-1,-1,-1
1266,10,2862.00,1891.00,115.00,144.00,7.6506,-1,-1,-1
1267,6,2417.00,1648.00,108.00,79.00,7.6440,-1,-1,-1
1267,10,2868.00,1889.00,117.00,148.00,7.6333,-1,-1,-1
1268,10,2879.00,1898.00,111.00,143.00,7.6165,-1,-1,-1
1268,6,2425.00,1654.00,108.00,77.00,7.5765,-1,-1,-1
1269,10,2884.00,1899.00,114.00,150.00,7.6670,-1,-1,-1
1269,6,2429.00,1656.00,114.00,81.00,7.5886,-1,-1,-1
1270,10,2892.00,1902.00,116.00,150.00,7.6887,-1,-1,-1
1270,6,2438.00,1656.00,111.00,84.00,7.6296,-1,-1,-1
1271,10,2902.00,1910.00,114.00,146.00,7.7164,-1,-1,-1
1271,6,2444.00,1660.00,111.00,83.00,7.6831,-1,-1,-1
1272,10,2908.00,1914.00,113.00,149.00,7.7249,-1,-1,-1
1272,6,2452.00,1665.00,110.00,80.00,7.6809,-1,-1,-1
1273,6,2455.00,1668.00,115.00,81.00,7.7121,-1,-1,-1
1273,10,2913.00,1914.00,117.00,154.00,7.6898,-1,-1,-1
1274,6,2461.00,1669.00,112.00,80.00,7.7551,-1,-1,-1
1274,10,2920.00,1916.00,116.00,157.00,7.6593,-1,-1,-1
1275,6,2467.00,1674.00,113.00,80.00,7.7594,-1,-1,-1
1275,10,2927.00,1924.00,114.00,152.00,7.6784,-1,-1,-1
1276,10,2933.00,1923.00,115.00,158.00,7.7100,-1,-1,-1
1276,6,2473.00,1674.00,117.00,86.00,7.7082,-1,-1,-1
1277,6,2480.00,1677.00,113.00,83.00,7.7604,-1,-1,-1
1277,10,2940.00,1928.00,113.00,155.00,7.7141,-1,-1,-1
1278,6,2486.00,1681.00,111.00,80.00,7.8147,-1,-1,-1
1278,10,2945.00,1934.00,114.00,149.00,7.7140,-1,-1,-1
1279,6,2491.00,1684.00,111.00,79.00,7.8399,-1,-1,-1
1279,10,2952.00,1935.00,113.00,155.00,7.6994,-1,-1,-1
1279,14,2120.00,949.00,52.00,61.00,1.7579,-1,-1,-1
1280,6,2498.00,1688.00,111.00,76.00,7.8133,-1,-1,-1
1280,10,2959.00,1944.00,111.00,154.00,7.7372,-1,-1,-1
1280,14,2122.00,945.00,52.00,61.00,1.0924,-1,-1,-1
1281,6,2501.00,1691.00,112.00,75.00,7.7826,-1,-1,-1
1281,10,2964.00,1942.00,111.00,156.00,7.7248,-1,-1,-1
1281,14,2125.00,941.00,52.00,61.00,0.5948,-1,-1,-1
1282,6,2505.00,1691.00,114.00,78.00,7.7973,-1,-1,-1
1282,10,2968.00,1943.00,113.00,157.00,7.7073,-1,-1,-1
1282,14,2128.00,937.00,52.00,61.00,0.2196,-1,-1,-1
1283,6,2507.00,1692.00,118.00,80.00,7.8049,-1,-1,-1
1283,10,2972.00,1949.00,114.00,154.00,7.7309,-1,-1,-1
1284,6,2511.00,1694.00,118.00,81.00,7.7644,-1,-1,-1
1284,10,2975.00,1948.00,116.00,162.00,7.7643,-1,-1,-1
1285,10,2981.00,1948.00,115.00,165.00,7.8030,-1,-1,-1
1285,6,2518.00,1694.00,114.00,81.00,7.7836,-1,-1,-1
1286,10,2985.00,1951.00,116.00,161.00,7.8184,-1,-1,-1
1286,6,2524.00,1698.00,110.00,75.00,7.7868,-1,-1,-1
1287,6,2525.00,1697.00,116.00,79.00,7.8096,-1,-1,-1
1287,10,2987.00,1951.00,118.00,163.00,7.7984,-1,-1,-1
1288,6,2529.00,1698.00,116.00,79.00,7.8081,-1,-1,-1
1288,10,2993.00,1955.00,118.00,158.00,7.7878,-1,-1,-1
1289,6,2533.00,1698.00,117.00,81.00,7.8161,-1,-1,-1
1289,10,2997.00,1958.00,118.00,156.00,7.7574,-1,-1,-1
1290,6,2537.00,1699.00,117.00,82.00,7.8267,-1,-1,-1
1290,10,3000.00,1959.00,117.00,160.00,7.7325,-1,-1,-1
1291,6,2542.00,1699.00,116.00,83.00,7.7690,-1,-1,-1
1291,10,3007.00,1968.00,114.00,153.00,7.7417,-1,-1,-1
1292,10,3009.00,1965.00,115.00,157.00,7.7479,-1,-1,-1
1292,6,2545.00,1700.00,116.00,84.00,7.7334,-1,-1,-1
1293,10,3012.00,1966.00,115.00,157.00,7.7260,-1,-1,-1
1293,6,2547.00,1700.00,113.00,83.00,7.6858,-1,-1,-1
1294,10,3012.00,1963.00,117.00,160.00,7.7105,-1,-1,-1
1294,6,2548.00,1699.00,117.00,85.00,7.6593,-1,-1,-1
1295,10,3016.00,1965.00,116.00,160.00,7.6975,-1,-1,-1
1295,6,2549.00,1696.00,115.00,87.00,7.6693,-1,-1,-1
1296,10,3017.00,1967.00,117.00,160.00,7.6972,-1,-1,-1
1296,6,2552.00,1697.00,116.00,87.00,7.6638,-1,-1,-1
1297,10,3019.00,1967.00,117.00,161.00,7.7051,-1,-1,-1
1297,6,2554.00,1697.00,115.00,87.00,7.6847,-1,-1,-1
1298,10,3020.00,1966.00,116.00,162.00,7.7240,-1,-1,-1
1298,6,2557.00,1699.00,114.00,84.00,7.7031,-1,-1,-1
1299,10,3022.00,1967.00,115.00,161.00,7.7505,-1,-1,-1
1299,6,2558.00,1698.00,114.00,84.00,7.7289,-1,-1,-1
1300,10,3022.00,1967.00,115.00,160.00,7.7763,-1,-1,-1
1300,6,2561.00,1699.00,112.00,83.00,7.7436,-1,-1,-1
1301,10,3023.00,1966.00,114.00,162.00,7.8016,-1,-1,-1
1301,6,2562.00,1698.00,113.00,81.00,7.7566,-1,-1,-1
1302,10,3024.00,1967.00,112.00,160.00,7.8226,-1,-1,-1
1302,6,2565.00,1700.00,110.00,78.00,7.7509,-1,-1,-1
1303,10,3024.00,1967.00,114.00,163.00,7.8375,-1,-1,-1
1303,6,2566.00,1699.00,112.00,81.00,7.7300,-1,-1,-1
1304,10,3024.00,1965.00,114.00,165.00,7.8476,-1,-1,-1
1304,6,2567.00,1698.00,114.00,81.00,7.6511,-1,-1,-1
1305,10,3025.00,1964.00,113.00,167.00,7.8602,-1,-1,-1
1305,6,2568.00,1699.00,111.00,78.00,7.5731,-1,-1,-1
1306,10,3027.00,1967.00,111.00,163.00,7.8755,-1,-1,-1
1306,6,2568.00,1692.00,112.00,84.00,7.5328,-1,-1,-1
1307,10,3027.00,1967.00,111.00,163.00,7.8907,-1,-1,-1
1307,6,2572.00,1695.00,105.00,78.00,7.5446,-1,-1,-1
1308,10,3029.00,1970.00,109.00,161.00,7.9031,-1,-1,-1
1308,6,2572.00,1693.00,107.00,79.00,7.5812,-1,-1,-1
1309,10,3029.00,1969.00,110.00,164.00,7.9115,-1,-1,-1
1309,6,2571.00,1693.00,112.00,79.00,7.6311,-1,-1,-1
1310,10,3029.00,1971.00,110.00,162.00,7.9202,-1,-1,-1
1310,6,2572.00,1693.00,111.00,76.00,7.6476,-1,-1,-1
1311,10,3029.00,1972.00,110.00,162.00,7.9308,-1,-1,-1
1311,6,2571.00,1693.00,116.00,76.00,7.6569,-1,-1,-1
1312,10,3029.00,1972.00,110.00,159.00,7.9309,-1,-1,-1
1312,6,2570.00,1694.00,115.00,73.00,7.6468,-1,-1,-1
1313,10,3034.00,1968.00,104.00,153.00,7.9400,-1,-1,-1
1313,6,2568.00,1687.00,116.00,78.00,7.6555,-1,-1,-1
1314,10,3031.00,1957.00,108.00,156.00,7.9231,-1,-1,-1
1314,6,2566.00,1680.00,116.00,80.00,7.6523,-1,-1,-1
1315,10,3028.00,1944.00,109.00,154.00,7.9022,-1,-1,-1
1315,6,2562.00,1670.00,116.00,82.00,7.6658,-1,-1,-1
1316,10,3027.00,1931.00,110.00,155.00,7.8676,-1,-1,-1
1316,6,2558.00,1664.00,116.00,79.00,7.5894,-1,-1,-1
1317,10,3027.00,1921.00,110.00,152.00,7.8668,-1,-1,-1
1317,6,2559.00,1655.00,110.00,80.00,7.6106,-1,-1,-1
1318,10,3026.00,1906.00,110.00,153.00,7.8419,-1,-1,-1
1318,6,2552.00,1649.00,112.00,74.00,7.6829,-1,-1,-1
1319,10,3022.00,1889.00,114.00,151.00,7.7940,-1,-1,-1
1319,6,2549.00,1641.00,118.00,75.00,7.6885,-1,-1,-1
1320,10,3021.00,1877.00,110.00,148.00,7.7595,-1,-1,-1
1320,6,2544.00,1630.00,117.00,74.00,7.6060,-1,-1,-1
1321,10,3020.00,1857.00,112.00,152.00,7.7536,-1,-1,-1
1321,6,2541.00,1619.00,118.00,76.00,7.5762,-1,-1,-1
1322,6,2538.00,1611.00,117.00,74.00,7.6267,-1,-1,-1
1322,10,3016.00,1840.00,113.00,154.00,7.6053,-1,-1,-1
1323,6,2529.00,1601.00,120.00,71.00,7.6715,-1,-1,-1
1323,10,3016.00,1830.00,109.00,151.00,7.6034,-1,-1,-1
1324,6,2526.00,1593.00,122.00,69.00,7.6676,-1,-1,-1
1324,10,3010.00,1814.00,113.00,153.00,7.6201,-1,-1,-1
1325,10,3008.00,1805.00,110.00,149.00,7.6706,-1,-1,-1
1325,6,2526.00,1585.00,120.00,71.00,7.6379,-1,-1,-1
1326,6,2526.00,1580.00,114.00,68.00,7.6537,-1,-1,-1
1326,10,3006.00,1796.00,112.00,147.00,7.6534,-1,-1,-1
1327,10,3005.00,1788.00,112.00,150.00,7.6544,-1,-1,-1
1327,6,2522.00,1577.00,115.00,65.00,7.6154,-1,-1,-1
1328,10,3004.00,1783.00,110.00,145.00,7.6725,-1,-1,-1
1328,6,2521.00,1571.00,116.00,66.00,7.6042,-1,-1,-1
1329,10,3004.00,1778.00,108.00,142.00,7.6265,-1,-1,-1
1329,6,2520.00,1568.00,118.00,66.00,7.6130,-1,-1,-1
1330,10,2999.00,1763.00,116.00,152.00,7.6283,-1,-1,-1
1330,6,2517.00,1564.00,119.00,65.00,7.6170,-1,-1,-1
1331,10,3000.00,1763.00,112.00,145.00,7.6368,-1,-1,-1
1331,6,2518.00,1563.00,115.00,58.00,7.6050,-1,-1,-1
1332,6,2516.00,1557.00,118.00,63.00,7.6630,-1,-1,-1
1332,10,2999.00,1758.00,109.00,139.00,7.5844,-1,-1,-1
1333,6,2513.00,1550.00,121.00,66.00,7.6833,-1,-1,-1
1333,10,2997.00,1749.00,111.00,141.00,7.5431,-1,-1,-1
1334,6,2512.00,1545.00,120.00,68.00,7.7239,-1,-1,-1
1334,10,2999.00,1743.00,109.00,143.00,7.5487,-1,-1,-1
1335,6,2513.00,1541.00,118.00,68.00,7.6754,-1,-1,-1
1335,10,2994.00,1733.00,111.00,146.00,7.5508,-1,-1,-1
1336,6,2511.00,1540.00,112.00,58.00,7.6440,-1,-1,-1
1336,10,2987.00,1720.00,116.00,154.00,7.4455,-1,-1,-1
1337,6,2505.00,1534.00,119.00,63.00,7.6655,-1,-1,-1
1337,10,2990.00,1714.00,110.00,149.00,7.4878,-1,-1,-1
1338,6,2505.00,1530.00,117.00,61.00,7.6516,-1,-1,-1
1338,10,2986.00,1706.00,113.00,149.00,7.5278,-1,-1,-1
1339,6,2502.00,1524.00,117.00,63.00,7.7071,-1,-1,-1
1339,10,2985.00,1698.00,115.00,152.00,7.5587,-1,-1,-1
1340,6,2502.00,1521.00,115.00,61.00,7.6888,-1,-1,-1
1340,10,2985.00,1696.00,111.00,146.00,7.5898,-1,-1,-1
1341,6,2501.00,1516.00,113.00,58.00,7.6969,-1,-1,-1
1341,10,2981.00,1688.00,112.00,144.00,7.6270,-1,-1,-1
1342,6,2499.00,1509.00,115.00,65.00,7.7323,-1,-1,-1
1342,10,2979.00,1683.00,111.00,142.00,7.6441,-1,-1,-1
1343,6,2495.00,1505.00,115.00,62.00,7.7107,-1,-1,-1
1343,10,2975.00,1669.00,115.00,151.00,7.6842,-1,-1,-1
1344,6,2493.00,1500.00,115.00,64.00,7.7126,-1,-1,-1
1344,10,2975.00,1667.00,111.00,142.00,7.7001,-1,-1,-1
1345,6,2490.00,1496.00,116.00,58.00,7.6737,-1,-1,-1
1345,10,2966.00,1653.00,120.00,143.00,7.6284,-1,-1,-1
1346,6,2486.00,1489.00,118.00,61.00,7.6706,-1,-1,-1
1346,10,2965.00,1639.00,120.00,149.00,7.6461,-1,-1,-1
1347,6,2480.00,1480.00,121.00,60.00,7.6211,-1,-1,-1
1347,10,2960.00,1626.00,118.00,148.00,7.5629,-1,-1,-1
1348,10,2959.00,1617.00,114.00,144.00,7.5718,-1,-1,-1
1348,6,2477.00,1472.00,116.00,58.00,7.5608,-1,-1,-1
1349,6,2469.00,1464.00,118.00,57.00,7.5655,-1,-1,-1
1349,10,2951.00,1603.00,119.00,142.00,7.5592,-1,-1,-1
1350,10,2947.00,1591.00,120.00,143.00,7.5387,-1,-1,-1
1350,6,2462.00,1454.00,120.00,56.00,7.4924,-1,-1,-1
1351,10,2944.00,1579.00,120.00,140.00,7.4997,-1,-1,-1
1351,6,2459.00,1447.00,116.00,54.00,7.4632,-1,-1,-1
1352,6,2453.00,1438.00,116.00,55.00,7.5130,-1,-1,-1
1352,10,2935.00,1562.00,120.00,138.00,7.4135,-1,-1,-1
1353,6,2448.00,1428.00,114.00,55.00,7.4793,-1,-1,-1
1353,10,2931.00,1550.00,120.00,141.00,7.3965,-1,-1,-1
1354,6,2438.00,1418.00,125.00,61.00,7.5419,-1,-1,-1
1354,10,2923.00,1536.00,125.00,141.00,7.3699,-1,-1,-1
1355,6,2438.00,1415.00,109.00,52.00,7.4640,-1,-1,-1
1355,10,2925.00,1529.00,118.00,135.00,7.3522,-1,-1,-1
1356,6,2431.00,1404.00,114.00,54.00,7.5053,-1,-1,-1
1356,10,2913.00,1508.00,125.00,140.00,7.3055,-1,-1,-1
1357,6,2421.00,1395.00,118.00,57.00,7.5393,-1,-1,-1
1357,10,2910.00,1504.00,120.00,133.00,7.3042,-1,-1,-1
1358,6,2417.00,1389.00,114.00,53.00,7.4530,-1,-1,-1
1358,10,2908.00,1495.00,117.00,126.00,7.3122,-1,-1,-1
1359,6,2410.00,1381.00,113.00,52.00,7.4824,-1,-1,-1
1359,10,2896.00,1476.00,124.00,134.00,7.2998,-1,-1,-1
1360,6,2400.00,1370.00,122.00,58.00,7.5421,-1,-1,-1
1360,10,2889.00,1464.00,125.00,132.00,7.2436,-1,-1,-1
1361,6,2394.00,1364.00,118.00,54.00,7.5704,-1,-1,-1
1361,10,2884.00,1455.00,124.00,129.00,7.2285,-1,-1,-1
1362,6,2388.00,1357.00,114.00,53.00,7.5440,-1,-1,-1
1362,10,2880.00,1440.00,122.00,132.00,7.1262,-1,-1,-1
1363,6,2380.00,1348.00,121.00,57.00,7.6043,-1,-1,-1
1363,10,2874.00,1429.00,121.00,130.00,7.0799,-1,-1,-1
1364,6,2374.00,1343.00,117.00,55.00,7.5984,-1,-1,-1
1364,10,2867.00,1418.00,122.00,127.00,7.0658,-1,-1,-1
1365,6,2369.00,1335.00,113.00,54.00,7.5883,-1,-1,-1
1365,10,2860.00,1412.00,122.00,122.00,7.0789,-1,-1,-1
1366,6,2364.00,1331.00,111.00,51.00,7.5986,-1,-1,-1
1366,10,2858.00,1396.00,118.00,124.00,7.1129,-1,-1,-1
1367,6,2354.00,1321.00,119.00,57.00,7.6621,-1,-1,-1
1367,10,2853.00,1388.00,118.00,125.00,7.0548,-1,-1,-1
1368,6,2351.00,1318.00,112.00,53.00,7.6474,-1,-1,-1
1368,10,2846.00,1376.00,119.00,123.00,7.0054,-1,-1,-1
1369,6,2347.00,1310.00,111.00,56.00,7.6410,-1,-1,-1
1369,10,2841.00,1371.00,116.00,119.00,7.0032,-1,-1,-1
1370,6,2340.00,1308.00,111.00,50.00,7.6549,-1,-1,-1
1370,10,2835.00,1360.00,119.00,119.00,7.0257,-1,-1,-1
1371,6,2333.00,1298.00,116.00,58.00,7.7064,-1,-1,-1
1371,10,2826.00,1347.00,121.00,124.00,7.0878,-1,-1,-1
1372,6,2330.00,1296.00,109.00,52.00,7.7004,-1,-1,-1
1372,10,2816.00,1342.00,125.00,120.00,7.0708,-1,-1,-1
1373,6,2323.00,1287.00,110.00,57.00,7.6528,-1,-1,-1
1373,10,2815.00,1333.00,119.00,115.00,7.1049,-1,-1,-1
1374,6,2317.00,1284.00,109.00,52.00,7.6664,-1,-1,-1
1374,10,2804.00,1322.00,124.00,119.00,7.0925,-1,-1,-1
1375,6,2312.00,1278.00,113.00,54.00,7.6769,-1,-1,-1
1375,10,2800.00,1315.00,126.00,114.00,7.0634,-1,-1,-1
1376,6,2301.00,1272.00,112.00,54.00,7.6621,-1,-1,-1
1376,10,2793.00,1306.00,124.00,116.00,7.0842,-1,-1,-1
1377,6,2296.00,1265.00,114.00,56.00,7.5297,-1,-1,-1
1377,10,2785.00,1298.00,126.00,114.00,7.1113,-1,-1,-1
1378,6,2291.00,1262.00,114.00,52.00,7.5272,-1,-1,-1
1378,10,2783.00,1290.00,124.00,114.00,7.1582,-1,-1,-1
1379,6,2291.00,1259.00,106.00,49.00,7.5042,-1,-1,-1
1379,10,2772.00,1275.00,128.00,121.00,7.2168,-1,-1,-1
1380,6,2284.00,1255.00,107.00,50.00,7.4415,-1,-1,-1
1380,10,2764.00,1269.00,129.00,118.00,7.2172,-1,-1,-1
1381,6,2278.00,1252.00,107.00,47.00,7.4435,-1,-1,-1
1381,10,2763.00,1264.00,124.00,114.00,7.2345,-1,-1,-1
1382,6,2274.00,1244.00,109.00,51.00,7.3141,-1,-1,-1
1382,10,2753.00,1252.00,128.00,118.00,7.2381,-1,-1,-1
1383,6,2268.00,1239.00,111.00,52.00,7.3307,-1,-1,-1
1383,10,2744.00,1245.00,133.00,118.00,7.1774,-1,-1,-1
1384,6,2262.00,1234.00,109.00,51.00,7.3685,-1,-1,-1
1384,10,2741.00,1238.00,130.00,114.00,7.1167,-1,-1,-1
1385,6,2252.00,1229.00,117.00,56.00,7.3706,-1,-1,-1
1385,10,2734.00,1229.00,130.00,117.00,7.1310,-1,-1,-1
1386,6,2253.00,1227.00,99.00,51.00,7.3713,-1,-1,-1
1386,10,2723.00,1220.00,135.00,117.00,7.1482,-1,-1,-1
1387,6,2243.00,1217.00,112.00,57.00,7.4262,-1,-1,-1
1387,10,2723.00,1216.00,131.00,112.00,7.1558,-1,-1,-1
1388,6,2236.00,1212.00,114.00,57.00,7.4540,-1,-1,-1
1388,10,2716.00,1209.00,130.00,111.00,7.1843,-1,-1,-1
1389,6,2232.00,1213.00,103.00,49.00,7.4435,-1,-1,-1
1389,10,2704.00,1198.00,136.00,115.00,7.1819,-1,-1,-1
1390,6,2224.00,1207.00,106.00,54.00,7.4557,-1,-1,-1
1390,10,2697.00,1186.00,139.00,120.00,7.1539,-1,-1,-1
1391,6,2217.00,1201.00,110.00,57.00,7.5345,-1,-1,-1
1391,10,2696.00,1187.00,133.00,107.00,7.0736,-1,-1,-1
1392,6,2214.00,1197.00,104.00,55.00,7.5134,-1,-1,-1
1392,10,2687.00,1178.00,136.00,109.00,7.0550,-1,-1,-1
1393,6,2204.00,1191.00,110.00,58.00,7.5428,-1,-1,-1
1393,10,2684.00,1173.00,133.00,106.00,6.9924,-1,-1,-1
1394,6,2196.00,1187.00,113.00,56.00,7.5693,-1,-1,-1
1394,10,2677.00,1162.00,132.00,106.00,6.9311,-1,-1,-1
1395,6,2190.00,1184.00,114.00,56.00,7.6282,-1,-1,-1
1395,10,2669.00,1153.00,137.00,106.00,6.9293,-1,-1,-1
1396,6,2185.00,1178.00,110.00,60.00,7.6226,-1,-1,-1
1396,10,2663.00,1147.00,134.00,106.00,6.9060,-1,-1,-1
1397,6,2176.00,1174.00,111.00,60.00,7.5855,-1,-1,-1
1397,10,2657.00,1141.00,130.00,103.00,6.7052,-1,-1,-1
1398,6,2170.00,1168.00,113.00,61.00,7.6129,-1,-1,-1
1398,10,2658.00,1140.00,123.00,96.00,6.5951,-1,-1,-1
1399,6,2167.00,1168.00,105.00,58.00,7.6192,-1,-1,-1
1399,10,2646.00,1135.00,128.00,94.00,6.6266,-1,-1,-1
1400,6,2158.00,1166.00,107.00,56.00,7.6458,-1,-1,-1
1400,10,2650.00,1134.00,113.00,87.00,6.4721,-1,-1,-1
1401,6,2149.00,1162.00,109.00,55.00,7.6543,-1,-1,-1
1401,10,2631.00,1116.00,125.00,98.00,6.4278,-1,-1,-1
1402,6,2144.00,1157.00,110.00,57.00,7.7067,-1,-1,-1
1402,10,2622.00,1108.00,127.00,100.00,6.4999,-1,-1,-1
1403,6,2144.00,1155.00,100.00,55.00,7.7005,-1,-1,-1
1403,10,2627.00,1111.00,118.00,93.00,6.4793,-1,-1,-1
1404,6,2139.00,1152.00,105.00,58.00,7.6741,-1,-1,-1
1404,10,2621.00,1108.00,118.00,93.00,6.4561,-1,-1,-1
1405,6,2136.00,1150.00,105.00,56.00,7.6084,-1,-1,-1
1405,10,2618.00,1105.00,119.00,91.00,6.4106,-1,-1,-1
1406,6,2137.00,1150.00,99.00,54.00,7.4804,-1,-1,-1
1406,10,2607.00,1100.00,127.00,93.00,6.4083,-1,-1,-1
1407,6,2129.00,1143.00,108.00,60.00,7.4624,-1,-1,-1
1407,10,2603.00,1097.00,128.00,93.00,6.4761,-1,-1,-1
1408,6,2123.00,1139.00,111.00,62.00,7.5582,-1,-1,-1
1408,10,2600.00,1095.00,125.00,88.00,6.4581,-1,-1,-1
1409,6,2115.00,1140.00,104.00,55.00,7.5894,-1,-1,-1
1409,10,2590.00,1083.00,124.00,93.00,6.4919,-1,-1,-1
1410,6,2105.00,1134.00,106.00,57.00,7.5849,-1,-1,-1
1410,10,2577.00,1077.00,127.00,87.00,6.5094,-1,-1,-1
1411,6,2094.00,1126.00,104.00,58.00,7.5916,-1,-1,-1
1411,10,2561.00,1060.00,128.00,92.00,6.5711,-1,-1,-1
1412,6,2075.00,1117.00,109.00,66.00,7.6423,-1,-1,-1
1412,10,2542.00,1045.00,129.00,90.00,6.6492,-1,-1,-1
1413,6,2062.00,1115.00,102.00,61.00,7.6317,-1,-1,-1
1413,10,2523.00,1034.00,132.00,88.00,6.5966,-1,-1,-1
1414,6,2046.00,1111.00,101.00,59.00,7.5924,-1,-1,-1
1414,10,2510.00,1026.00,128.00,83.00,6.6310,-1,-1,-1
1415,6,2026.00,1101.00,105.00,65.00,7.6527,-1,-1,-1
1415,10,2484.00,1004.00,133.00,90.00,6.6843,-1,-1,-1
1416,6,2007.00,1096.00,107.00,69.00,7.6521,-1,-1,-1
1416,10,2467.00,996.00,130.00,86.00,6.7277,-1,-1,-1
1417,6,1993.00,1091.00,101.00,67.00,7.6197,-1,-1,-1
1417,10,2447.00,982.00,132.00,84.00,6.6919,-1,-1,-1
1418,6,1978.00,1089.00,99.00,62.00,7.5955,-1,-1,-1
1418,10,2440.00,975.00,119.00,79.00,6.5750,-1,-1,-1
1419,6,1964.00,1084.00,98.00,65.00,7.6141,-1,-1,-1
1419,10,2410.00,954.00,132.00,87.00,6.6493,-1,-1,-1
1420,6,1951.00,1082.00,98.00,62.00,7.5677,-1,-1,-1
1420,10,2395.00,948.00,132.00,86.00,6.6795,-1,-1,-1
1421,6,1944.00,1077.00,101.00,67.00,7.5961,-1,-1,-1
1421,10,2391.00,945.00,128.00,81.00,6.6316,-1,-1,-1
1422,6,1937.00,1076.00,100.00,68.00,7.6549,-1,-1,-1
1422,10,2386.00,940.00,128.00,83.00,6.6103,-1,-1,-1
1423,6,1932.00,1078.00,96.00,62.00,7.7026,-1,-1,-1
1423,10,2382.00,943.00,127.00,76.00,6.4673,-1,-1,-1
1424,6,1928.00,1076.00,97.00,63.00,7.6908,-1,-1,-1
1424,10,2377.00,942.00,124.00,75.00,6.4594,-1,-1,-1
1425,6,1917.00,1074.00,100.00,65.00,7.6448,-1,-1,-1
1425,10,2372.00,935.00,125.00,81.00,6.4749,-1,-1,-1
1426,6,1917.00,1072.00,101.00,69.00,7.5287,-1,-1,-1
1426,10,2374.00,935.00,118.00,78.00,6.4488,-1,-1,-1
1427,6,1912.00,1070.00,104.00,67.00,7.5385,-1,-1,-1
1427,10,2372.00,938.00,117.00,73.00,6.3207,-1,-1,-1
1428,6,1912.00,1070.00,104.00,64.00,7.5566,-1,-1,-1
1428,10,2367.00,934.00,120.00,75.00,6.3424,-1,-1,-1
1429,6,1907.00,1067.00,107.00,68.00,7.6058,-1,-1,-1
1429,10,2373.00,937.00,110.00,73.00,6.3054,-1,-1,-1
1430,6,1906.00,1069.00,102.00,64.00,7.6673,-1,-1,-1
1430,10,2369.00,937.00,111.00,70.00,6.2926,-1,-1,-1
1431,6,1908.00,1068.00,99.00,64.00,7.7231,-1,-1,-1
1431,10,2358.00,930.00,119.00,77.00,6.3179,-1,-1,-1
1432,6,1906.00,1067.00,98.00,64.00,7.7686,-1,-1,-1
1432,10,2368.00,937.00,107.00,67.00,6.1847,-1,-1,-1
1433,6,1904.00,1065.00,100.00,65.00,7.8007,-1,-1,-1
1433,10,2360.00,935.00,114.00,67.00,6.0050,-1,-1,-1
1434,6,1903.00,1066.00,99.00,65.00,7.7954,-1,-1,-1
1434,10,2355.00,932.00,119.00,70.00,5.9315,-1,-1,-1
1435,6,1902.00,1067.00,97.00,63.00,7.8128,-1,-1,-1
1435,10,2355.00,932.00,118.00,68.00,5.8592,-1,-1,-1
1436,6,1899.00,1065.00,100.00,63.00,7.7850,-1,-1,-1
1436,10,2353.00,929.00,117.00,69.00,5.8442,-1,-1,-1
1437,6,1899.00,1064.00,99.00,62.00,7.7757,-1,-1,-1
1437,10,2344.00,927.00,124.00,70.00,5.9647,-1,-1,-1
1438,6,1894.00,1064.00,98.00,60.00,7.7667,-1,-1,-1
1438,10,2344.00,929.00,119.00,67.00,5.9201,-1,-1,-1
1439,6,1890.00,1059.00,99.00,64.00,7.7317,-1,-1,-1
1439,10,2337.00,925.00,120.00,69.00,5.8245,-1,-1,-1
1440,6,1881.00,1055.00,106.00,67.00,7.7082,-1,-1,-1
1440,10,2329.00,919.00,125.00,70.00,5.8022,-1,-1,-1
1441,6,1875.00,1058.00,107.00,63.00,7.6133,-1,-1,-1
1441,10,2315.00,911.00,129.00,75.00,5.9607,-1,-1,-1
1442,6,1865.00,1053.00,108.00,68.00,7.5829,-1,-1,-1
1442,10,2304.00,908.00,126.00,69.00,6.0544,-1,-1,-1
1443,6,1859.00,1054.00,99.00,63.00,7.6270,-1,-1,-1
1443,10,2297.00,905.00,124.00,69.00,6.0495,-1,-1,-1
1444,6,1850.00,1052.00,97.00,64.00,7.5832,-1,-1,-1
1444,10,2282.00,894.00,125.00,75.00,6.1958,-1,-1,-1
1445,6,1835.00,1046.00,104.00,72.00,7.6309,-1,-1,-1
1445,10,2272.00,891.00,126.00,72.00,6.3650,-1,-1,-1
1446,6,1830.00,1049.00,97.00,65.00,7.6267,-1,-1,-1
1446,10,2263.00,888.00,124.00,70.00,6.4579,-1,-1,-1
1447,6,1816.00,1044.00,105.00,70.00,7.6415,-1,-1,-1
1447,10,2250.00,878.00,125.00,74.00,6.5049,-1,-1,-1
1448,6,1811.00,1048.00,97.00,63.00,7.6629,-1,-1,-1
1448,10,2238.00,875.00,127.00,72.00,6.3989,-1,-1,-1
1449,6,1804.00,1044.00,96.00,67.00,7.6418,-1,-1,-1
1449,10,2223.00,874.00,129.00,70.00,6.5000,-1,-1,-1
1450,6,1789.00,1045.00,98.00,67.00,7.6806,-1,-1,-1
1450,10,2215.00,868.00,128.00,73.00,6.6295,-1,-1,-1
1451,6,1788.00,1043.00,92.00,66.00,7.7242,-1,-1,-1
1451,10,2207.00,867.00,125.00,70.00,6.6186,-1,-1,-1
1452,6,1773.00,1041.00,97.00,70.00,7.7244,-1,-1,-1
1452,10,2193.00,858.00,130.00,76.00,6.7158,-1,-1,-1
1453,6,1768.00,1041.00,92.00,70.00,7.7639,-1,-1,-1
1453,10,2187.00,859.00,127.00,65.00,6.6689,-1,-1,-1
1454,6,1761.00,1038.00,94.00,72.00,7.7889,-1,-1,-1
1454,10,2178.00,860.00,123.00,65.00,6.6637,-1,-1,-1
1455,6,1754.00,1039.00,96.00,72.00,7.7676,-1,-1,-1
1455,10,2172.00,853.00,127.00,70.00,6.5310,-1,-1,-1
1456,6,1747.00,1038.00,97.00,76.00,7.7566,-1,-1,-1
1456,10,2166.00,855.00,125.00,69.00,6.5409,-1,-1,-1
1457,6,1743.00,1040.00,94.00,73.00,7.8056,-1,-1,-1
1457,10,2164.00,852.00,118.00,69.00,6.4985,-1,-1,-1
1458,6,1739.00,1042.00,94.00,68.00,7.8293,-1,-1,-1
1458,10,2156.00,849.00,123.00,72.00,6.5141,-1,-1,-1
1459,6,1732.00,1039.00,99.00,76.00,7.8309,-1,-1,-1
1459,10,2147.00,850.00,126.00,69.00,6.6351,-1,-1,-1
1460,6,1729.00,1040.00,98.00,72.00,7.8016,-1,-1,-1
1460,10,2149.00,847.00,122.00,72.00,6.6466,-1,-1,-1
1461,6,1726.00,1042.00,97.00,69.00,7.7419,-1,-1,-1
1461,10,2143.00,846.00,124.00,70.00,6.7197,-1,-1,-1
1462,6,1726.00,1040.00,94.00,70.00,7.7111,-1,-1,-1
1462,10,2144.00,845.00,121.00,69.00,6.8138,-1,-1,-1
1463,6,1726.00,1043.00,95.00,65.00,7.6924,-1,-1,-1
1463,10,2145.00,844.00,121.00,69.00,6.8974,-1,-1,-1
1464,6,1724.00,1042.00,98.00,67.00,7.6761,-1,-1,-1
1464,10,2145.00,844.00,121.00,68.00,6.9651,-1,-1,-1
1465,6,1727.00,1042.00,95.00,64.00,7.6647,-1,-1,-1
1465,10,2145.00,843.00,122.00,68.00,7.0254,-1,-1,-1
1466,6,1728.00,1041.00,94.00,64.00,7.6652,-1,-1,-1
1466,10,2145.00,842.00,123.00,69.00,7.0822,-1,-1,-1
1467,6,1728.00,1041.00,95.00,64.00,7.6768,-1,-1,-1
1467,10,2147.00,844.00,123.00,66.00,7.1235,-1,-1,-1
1468,6,1730.00,1041.00,95.00,63.00,7.6949,-1,-1,-1
1468,10,2146.00,844.00,125.00,67.00,7.1626,-1,-1,-1
1469,6,1732.00,1040.00,93.00,63.00,7.7211,-1,-1,-1
1469,10,2149.00,847.00,122.00,63.00,7.1896,-1,-1,-1
1470,6,1730.00,1039.00,97.00,64.00,7.7489,-1,-1,-1
1470,10,2148.00,847.00,124.00,63.00,7.2284,-1,-1,-1
1471,6,1728.00,1039.00,100.00,64.00,7.7651,-1,-1,-1
1471,10,2147.00,846.00,125.00,66.00,7.2596,-1,-1,-1
1472,6,1728.00,1039.00,99.00,62.00,7.7753,-1,-1,-1
1472,10,2147.00,845.00,128.00,66.00,7.2861,-1,-1,-1
1473,6,1728.00,1038.00,99.00,63.00,7.7910,-1,-1,-1
1473,10,2149.00,844.00,126.00,68.00,7.3326,-1,-1,-1
1474,6,1730.00,1037.00,95.00,63.00,7.7991,-1,-1,-1
1474,10,2150.00,844.00,127.00,69.00,7.3788,-1,-1,-1
1475,6,1730.00,1037.00,96.00,61.00,7.7944,-1,-1,-1
1475,10,2151.00,844.00,126.00,69.00,7.4100,-1,-1,-1
1476,6,1734.00,1036.00,92.00,60.00,7.7920,-1,-1,-1
1476,10,2151.00,843.00,127.00,70.00,7.4426,-1,-1,-1
1477,6,1734.00,1036.00,92.00,59.00,7.7882,-1,-1,-1
1477,10,2150.00,845.00,128.00,69.00,7.4981,-1,-1,-1
1478,6,1735.00,1034.00,92.00,60.00,7.7591,-1,-1,-1
1478,10,2150.00,845.00,128.00,70.00,7.5291,-1,-1,-1
1479,6,1730.00,1030.00,100.00,65.00,7.6992,-1,-1,-1
1479,10,2148.00,846.00,128.00,68.00,7.5275,-1,-1,-1
1480,6,1723.00,1031.00,104.00,62.00,7.6593,-1,-1,-1
1480,10,2150.00,845.00,125.00,69.00,7.4987,-1,-1,-1
1481,6,1721.00,1028.00,106.00,67.00,7.6129,-1,-1,-1
1481,10,2145.00,844.00,127.00,70.00,7.4597,-1,-1,-1
1482,6,1715.00,1025.00,110.00,71.00,7.6536,-1,-1,-1
1482,10,2144.00,838.00,126.00,76.00,7.4549,-1,-1,-1
1483,6,1717.00,1029.00,99.00,63.00,7.6791,-1,-1,-1
1483,10,2140.00,839.00,125.00,72.00,7.3435,-1,-1,-1
1484,6,1712.00,1028.00,101.00,66.00,7.7302,-1,-1,-1
1484,10,2132.00,832.00,131.00,77.00,7.3581,-1,-1,-1
1485,6,1711.00,1029.00,97.00,64.00,7.7441,-1,-1,-1
1485,10,2130.00,835.00,128.00,72.00,7.3088,-1,-1,-1
1486,6,1702.00,1026.00,107.00,69.00,7.7080,-1,-1,-1
1486,10,2124.00,831.00,131.00,76.00,7.3530,-1,-1,-1
1487,6,1696.00,1027.00,108.00,68.00,7.6737,-1,-1,-1
1487,10,2122.00,829.00,128.00,77.00,7.2748,-1,-1,-1
1488,6,1691.00,1027.00,111.00,70.00,7.6871,-1,-1,-1
1488,10,2114.00,830.00,130.00,72.00,7.1273,-1,-1,-1
1489,6,1690.00,1029.00,103.00,65.00,7.7041,-1,-1,-1
1489,10,2112.00,825.00,125.00,77.00,7.1247,-1,-1,-1
1490,6,1686.00,1028.00,103.00,67.00,7.7139,-1,-1,-1
1490,10,2110.00,827.00,124.00,70.00,7.1195,-1,-1,-1
1491,6,1682.00,1028.00,104.00,67.00,7.6982,-1,-1,-1
1491,10,2101.00,823.00,125.00,75.00,7.1697,-1,-1,-1
1492,6,1673.00,1026.00,110.00,69.00,7.6637,-1,-1,-1
1492,10,2105.00,824.00,116.00,71.00,7.1362,-1,-1,-1
1493,6,1668.00,1026.00,114.00,68.00,7.6182,-1,-1,-1
1493,10,2092.00,821.00,124.00,73.00,7.1598,-1,-1,-1
1494,6,1664.00,1027.00,115.00,68.00,7.6528,-1,-1,-1
1494,10,2089.00,822.00,124.00,70.00,7.1723,-1,-1,-1
1495,6,1665.00,1029.00,105.00,65.00,7.6709,-1,-1,-1
1495,10,2087.00,819.00,122.00,73.00,7.1508,-1,-1,-1
1496,6,1660.00,1028.00,107.00,65.00,7.6920,-1,-1,-1
1496,10,2082.00,819.00,123.00,68.00,7.1830,-1,-1,-1
1497,6,1656.00,1029.00,109.00,67.00,7.6673,-1,-1,-1
1497,10,2078.00,818.00,121.00,70.00,7.1881,-1,-1,-1
1498,6,1653.00,1027.00,110.00,68.00,7.6588,-1,-1,-1
1498,10,2074.00,818.00,124.00,69.00,7.1968,-1,-1,-1
1499,6,1651.00,1028.00,108.00,64.00,7.5806,-1,-1,-1
1499,10,2065.00,814.00,127.00,69.00,7.2218,-1,-1,-1
1500,6,1645.00,1024.00,115.00,70.00,7.4623,-1,-1,-1
1500,10,2062.00,812.00,126.00,73.00,7.2154,-1,-1,-1
1501,6,1645.00,1023.00,112.00,71.00,7.4331,-1,-1,-1
1501,10,2058.00,813.00,125.00,69.00,7.2727,-1,-1,-1
1502,6,1642.00,1025.00,108.00,66.00,7.4579,-1,-1,-1
1502,10,2050.00,816.00,130.00,66.00,7.3522,-1,-1,-1
1503,6,1640.00,1023.00,109.00,69.00,7.5007,-1,-1,-1
1503,10,2045.00,813.00,133.00,71.00,7.3416,-1,-1,-1
1504,6,1639.00,1022.00,111.00,69.00,7.5337,-1,-1,-1
1504,10,2044.00,813.00,131.00,69.00,7.3590,-1,-1,-1
1505,6,1638.00,1020.00,111.00,72.00,7.5759,-1,-1,-1
1505,10,2043.00,816.00,130.00,64.00,7.3825,-1,-1,-1
1506,6,1635.00,1018.00,109.00,72.00,7.6072,-1,-1,-1
1506,10,2039.00,815.00,132.00,65.00,7.4119,-1,-1,-1
1507,6,1634.00,1016.00,109.00,74.00,7.6457,-1,-1,-1
1507,10,2035.00,813.00,132.00,67.00,7.3817,-1,-1,-1
1508,6,1629.00,1015.00,113.00,78.00,7.6530,-1,-1,-1
1508,10,2029.00,807.00,137.00,74.00,7.3816,-1,-1,-1
1509,6,1628.00,1015.00,109.00,75.00,7.6123,-1,-1,-1
1509,10,2031.00,808.00,134.00,73.00,7.3432,-1,-1,-1
1510,6,1627.00,1013.00,110.00,78.00,7.5923,-1,-1,-1
1510,10,2028.00,810.00,134.00,68.00,7.3421,-1,-1,-1
1511,6,1626.00,1013.00,107.00,75.00,7.5786,-1,-1,-1
1511,10,2029.00,813.00,130.00,64.00,7.3632,-1,-1,-1
1512,6,1621.00,1013.00,111.00,78.00,7.6097,-1,-1,-1
1512,10,2029.00,815.00,131.00,63.00,7.3974,-1,-1,-1
1513,6,1621.00,1013.00,108.00,77.00,7.6469,-1,-1,-1
1513,10,2031.00,815.00,126.00,62.00,7.3525,-1,-1,-1
1514,6,1620.00,1012.00,108.00,76.00,7.6236,-1,-1,-1
1514,10,2030.00,815.00,127.00,64.00,7.3279,-1,-1,-1
1515,6,1621.00,1013.00,103.00,74.00,7.5829,-1,-1,-1
1515,10,2026.00,813.00,130.00,70.00,7.2988,-1,-1,-1
1516,6,1618.00,1013.00,104.00,75.00,7.5742,-1,-1,-1
1516,10,2025.00,812.00,128.00,69.00,7.2650,-1,-1,-1
1517,6,1619.00,1011.00,102.00,75.00,7.5554,-1,-1,-1
1517,10,2021.00,809.00,129.00,71.00,7.2535,-1,-1,-1
1518,6,1619.00,1011.00,100.00,76.00,7.5327,-1,-1,-1
1518,10,2025.00,809.00,125.00,67.00,7.0258,-1,-1,-1
1519,6,1618.00,1012.00,97.00,75.00,7.5342,-1,-1,-1
1519,10,2021.00,810.00,128.00,65.00,6.8608,-1,-1,-1
1520,6,1615.00,1013.00,99.00,75.00,7.5743,-1,-1,-1
1520,10,2014.00,808.00,134.00,68.00,6.8424,-1,-1,-1
1521,6,1617.00,1013.00,94.00,73.00,7.5925,-1,-1,-1
1521,10,2008.00,803.00,137.00,75.00,6.8836,-1,-1,-1
1522,6,1613.00,1014.00,97.00,73.00,7.5950,-1,-1,-1
1522,10,2013.00,807.00,132.00,70.00,6.9041,-1,-1,-1
1523,6,1613.00,1014.00,98.00,71.00,7.5607,-1,-1,-1
1523,10,2011.00,804.00,132.00,73.00,6.8874,-1,-1,-1
1524,6,1606.00,1015.00,103.00,72.00,7.5237,-1,-1,-1
1524,10,2011.00,807.00,131.00,70.00,6.7681,-1,-1,-1
1525,6,1604.00,1015.00,104.00,71.00,7.5107,-1,-1,-1
1525,10,2009.00,805.00,131.00,69.00,6.6818,-1,-1,-1
1526,6,1606.00,1016.00,102.00,69.00,7.4866,-1,-1,-1
1526,10,2011.00,807.00,129.00,68.00,6.6905,-1,-1,-1
1527,6,1609.00,1015.00,97.00,69.00,7.5029,-1,-1,-1
1527,10,2012.00,807.00,124.00,68.00,6.7124,-1,-1,-1
1528,6,1606.00,1017.00,96.00,67.00,7.4883,-1,-1,-1
1528,10,2007.00,809.00,127.00,67.00,6.8250,-1,-1,-1
1529,6,1608.00,1018.00,91.00,65.00,7.4824,-1,-1,-1
1529,10,2002.00,806.00,131.00,70.00,6.9117,-1,-1,-1
1530,6,1601.00,1017.00,98.00,68.00,7.5129,-1,-1,-1
1530,10,2000.00,805.00,133.00,69.00,7.0113,-1,-1,-1
1531,6,1601.00,1016.00,98.00,68.00,7.5430,-1,-1,-1
1531,10,2000.00,803.00,132.00,71.00,7.0748,-1,-1,-1
1532,6,1599.00,1017.00,95.00,67.00,7.5227,-1,-1,-1
1532,10,2000.00,802.00,131.00,73.00,7.0691,-1,-1,-1
1533,6,1599.00,1014.00,96.00,71.00,7.4998,-1,-1,-1
1533,10,1999.00,802.00,132.00,72.00,6.9584,-1,-1,-1
1534,6,1599.00,1015.00,95.00,67.00,7.4880,-1,-1,-1
1534,10,1994.00,804.00,135.00,68.00,6.8953,-1,-1,-1
1535,6,1600.00,1014.00,93.00,68.00,7.4472,-1,-1,-1
1535,10,1994.00,805.00,133.00,66.00,6.8382,-1,-1,-1
1536,6,1597.00,1011.00,102.00,70.00,7.3921,-1,-1,-1
1536,10,1995.00,804.00,132.00,67.00,6.7733,-1,-1,-1
1537,6,1597.00,1008.00,101.00,72.00,7.3266,-1,-1,-1
1537,10,1998.00,804.00,128.00,67.00,6.7197,-1,-1,-1
1538,6,1595.00,1006.00,103.00,75.00,7.3092,-1,-1,-1
1538,10,1997.00,804.00,129.00,66.00,6.6918,-1,-1,-1
1539,6,1593.00,1006.00,105.00,75.00,7.2973,-1,-1,-1
1539,10,1995.00,806.00,130.00,64.00,6.6968,-1,-1,-1
1540,6,1595.00,1004.00,102.00,75.00,7.3057,-1,-1,-1
1540,10,1993.00,804.00,133.00,66.00,6.7613,-1,-1,-1
1541,6,1595.00,1004.00,102.00,75.00,7.3244,-1,-1,-1
1541,10,1992.00,804.00,134.00,66.00,6.8210,-1,-1,-1
1542,6,1596.00,1003.00,99.00,74.00,7.3542,-1,-1,-1
1542,10,1990.00,803.00,137.00,67.00,6.8942,-1,-1,-1
1543,6,1594.00,1001.00,104.00,78.00,7.4146,-1,-1,-1
1543,10,1992.00,803.00,134.00,66.00,6.9375,-1,-1,-1
1544,6,1593.00,999.00,107.00,81.00,7.4667,-1,-1,-1
1544,10,1996.00,804.00,130.00,64.00,6.9319,-1,-1,-1
1545,6,1592.00,999.00,109.00,82.00,7.4928,-1,-1,-1
1545,10,2000.00,804.00,130.00,65.00,6.8452,-1,-1,-1
1546,6,1592.00,998.00,110.00,82.00,7.5111,-1,-1,-1
1546,10,1999.00,804.00,131.00,67.00,6.7502,-1,-1,-1
1547,6,1594.00,995.00,102.00,84.00,7.5473,-1,-1,-1
1547,10,2002.00,806.00,129.00,64.00,6.6671,-1,-1,-1
1548,6,1596.00,992.00,101.00,86.00,7.5817,-1,-1,-1
1548,10,1999.00,806.00,134.00,62.00,6.6035,-1,-1,-1
1549,6,1595.00,992.00,103.00,86.00,7.6188,-1,-1,-1
1549,10,1997.00,805.00,137.00,64.00,6.5709,-1,-1,-1
1550,6,1597.00,991.00,102.00,86.00,7.6463,-1,-1,-1
1550,10,2003.00,807.00,130.00,61.00,6.5367,-1,-1,-1
1551,6,1597.00,989.00,102.00,88.00,7.6684,-1,-1,-1
1551,10,2005.00,807.00,129.00,61.00,6.5302,-1,-1,-1
1552,6,1597.00,989.00,102.00,87.00,7.6810,-1,-1,-1
1552,10,2004.00,806.00,132.00,64.00,6.5283,-1,-1,-1
1553,6,1597.00,988.00,103.00,87.00,7.6880,-1,-1,-1
1553,10,2007.00,805.00,132.00,67.00,6.4554,-1,-1,-1
1554,6,1598.00,990.00,102.00,84.00,7.6868,-1,-1,-1
1554,10,2011.00,807.00,129.00,65.00,6.3938,-1,-1,-1
1555,6,1598.00,990.00,104.00,85.00,7.6952,-1,-1,-1
1555,10,2012.00,808.00,128.00,63.00,6.3392,-1,-1,-1
1556,6,1599.00,993.00,103.00,80.00,7.6727,-1,-1,-1
1556,10,2017.00,812.00,127.00,59.00,6.1298,-1,-1,-1
1557,6,1597.00,994.00,108.00,82.00,7.6500,-1,-1,-1
1557,10,2018.00,813.00,129.00,60.00,6.0461,-1,-1,-1
1558,6,1597.00,996.00,107.00,79.00,7.6482,-1,-1,-1
1558,10,2017.00,813.00,129.00,61.00,5.9878,-1,-1,-1
1559,6,1600.00,997.00,104.00,77.00,7.6368,-1,-1,-1
1559,10,2028.00,814.00,116.00,59.00,5.8343,-1,-1,-1
1560,6,1604.00,1001.00,100.00,72.00,7.6126,-1,-1,-1
1560,10,2029.00,817.00,118.00,57.00,5.8829,-1,-1,-1
1561,6,1602.00,1000.00,104.00,72.00,7.6216,-1,-1,-1
1561,10,2030.00,816.00,120.00,60.00,5.9854,-1,-1,-1
1562,6,1604.00,1000.00,104.00,74.00,7.6120,-1,-1,-1
1562,10,2028.00,817.00,122.00,60.00,6.1257,-1,-1,-1
1563,6,1603.00,1001.00,107.00,74.00,7.5787,-1,-1,-1
1563,10,2024.00,815.00,126.00,64.00,6.2760,-1,-1,-1
1564,6,1604.00,1003.00,104.00,72.00,7.5660,-1,-1,-1
1564,10,2025.00,814.00,125.00,67.00,6.4112,-1,-1,-1
1565,6,1604.00,1005.00,103.00,69.00,7.5436,-1,-1,-1
1565,10,2031.00,818.00,118.00,63.00,6.5379,-1,-1,-1
1566,6,1606.00,1009.00,100.00,65.00,7.5421,-1,-1,-1
1566,10,2029.00,817.00,120.00,66.00,6.6540,-1,-1,-1
1567,6,1603.00,1009.00,103.00,67.00,7.5380,-1,-1,-1
1567,10,2032.00,819.00,117.00,65.00,6.7488,-1,-1,-1
1568,6,1606.00,1010.00,100.00,68.00,7.5138,-1,-1,-1
1568,10,2035.00,819.00,114.00,68.00,6.7836,-1,-1,-1
1569,6,1609.00,1012.00,97.00,66.00,7.5278,-1,-1,-1
1569,10,2034.00,819.00,116.00,71.00,6.8575,-1,-1,-1
1570,6,1611.00,1014.00,93.00,65.00,7.5324,-1,-1,-1
1570,10,2033.00,823.00,120.00,71.00,6.9463,-1,-1,-1
1571,6,1610.00,1014.00,94.00,67.00,7.5303,-1,-1,-1
1571,10,2033.00,822.00,121.00,73.00,6.9104,-1,-1,-1
1572,6,1610.00,1014.00,97.00,69.00,7.5276,-1,-1,-1
1572,10,2033.00,824.00,123.00,70.00,6.9902,-1,-1,-1
1573,6,1610.00,1015.00,97.00,69.00,7.5061,-1,-1,-1
1573,10,2030.00,825.00,127.00,74.00,7.0416,-1,-1,-1
1574,6,1607.00,1014.00,101.00,74.00,7.4564,-1,-1,-1
1574,10,2038.00,826.00,119.00,76.00,7.0073,-1,-1,-1
1575,6,1608.00,1014.00,104.00,76.00,7.4822,-1,-1,-1
1575,10,2043.00,829.00,116.00,71.00,6.9873,-1,-1,-1
1576,6,1608.00,1014.00,105.00,78.00,7.4888,-1,-1,-1
1576,10,2039.00,830.00,122.00,74.00,7.0365,-1,-1,-1
1577,6,1607.00,1017.00,106.00,75.00,7.4984,-1,-1,-1
1577,10,2039.00,831.00,122.00,78.00,7.0473,-1,-1,-1
1578,6,1604.00,1017.00,112.00,77.00,7.4883,-1,-1,-1
1578,10,2038.00,832.00,128.00,82.00,6.9975,-1,-1,-1
1579,6,1610.00,1022.00,104.00,71.00,7.4766,-1,-1,-1
1579,10,2041.00,838.00,125.00,73.00,6.9018,-1,-1,-1
1580,6,1614.00,1023.00,100.00,70.00,7.5112,-1,-1,-1
1580,10,2045.00,843.00,118.00,69.00,6.7918,-1,-1,-1
1581,6,1613.00,1026.00,101.00,69.00,7.5394,-1,-1,-1
1581,10,2046.00,846.00,116.00,69.00,6.7142,-1,-1,-1
1582,6,1613.00,1028.00,101.00,67.00,7.5650,-1,-1,-1
1582,10,2045.00,845.00,121.00,76.00,6.7400,-1,-1,-1
1583,6,1614.00,1032.00,101.00,68.00,7.5427,-1,-1,-1
1583,10,2040.00,844.00,130.00,79.00,6.8358,-1,-1,-1
1584,6,1615.00,1034.00,99.00,68.00,7.5088,-1,-1,-1
1584,10,2041.00,848.00,123.00,74.00,6.8480,-1,-1,-1
1585,6,1613.00,1034.00,100.00,71.00,7.5179,-1,-1,-1
1585,10,2038.00,850.00,128.00,75.00,6.8263,-1,-1,-1
1586,6,1608.00,1035.00,105.00,75.00,7.5444,-1,-1,-1
1586,10,2043.00,857.00,123.00,71.00,6.8631,-1,-1,-1
1587,6,1611.00,1038.00,101.00,72.00,7.5756,-1,-1,-1
1587,10,2042.00,858.00,125.00,75.00,6.9511,-1,-1,-1
1588,6,1614.00,1039.00,99.00,71.00,7.5751,-1,-1,-1
1588,10,2043.00,861.00,127.00,72.00,7.0032,-1,-1,-1
1589,6,1612.00,1040.00,103.00,73.00,7.5701,-1,-1,-1
1589,10,2041.00,864.00,127.00,71.00,6.9595,-1,-1,-1
1590,6,1613.00,1042.00,103.00,75.00,7.5596,-1,-1,-1
1590,10,2042.00,870.00,123.00,68.00,6.7700,-1,-1,-1
1591,6,1611.00,1043.00,108.00,78.00,7.5826,-1,-1,-1
1591,10,2043.00,875.00,123.00,67.00,6.4919,-1,-1,-1
1592,6,1614.00,1046.00,106.00,76.00,7.6292,-1,-1,-1
1592,10,2043.00,874.00,129.00,72.00,6.4074,-1,-1,-1
1593,6,1611.00,1051.00,109.00,73.00,7.5829,-1,-1,-1
1593,10,2043.00,877.00,127.00,71.00,6.3291,-1,-1,-1
1594,6,1615.00,1058.00,102.00,68.00,7.4910,-1,-1,-1
1594,10,2046.00,885.00,124.00,68.00,6.3510,-1,-1,-1
1595,6,1617.00,1061.00,99.00,69.00,7.5035,-1,-1,-1
1595,10,2046.00,883.00,128.00,75.00,6.4426,-1,-1,-1
1596,6,1616.00,1061.00,103.00,71.00,7.5606,-1,-1,-1
1596,10,2042.00,888.00,133.00,72.00,6.4948,-1,-1,-1
1597,6,1617.00,1066.00,104.00,70.00,7.6262,-1,-1,-1
1597,10,2043.00,890.00,134.00,74.00,6.4222,-1,-1,-1
1598,6,1618.00,1067.00,103.00,71.00,7.6482,-1,-1,-1
1598,10,2045.00,892.00,130.00,79.00,6.4467,-1,-1,-1
1599,6,1619.00,1071.00,100.00,68.00,7.6285,-1,-1,-1
1599,10,2041.00,901.00,131.00,72.00,6.4858,-1,-1,-1
1600,6,1616.00,1073.00,105.00,71.00,7.6474,-1,-1,-1
1600,10,2044.00,908.00,125.00,67.00,6.4614,-1,-1,-1
1601,6,1621.00,1079.00,97.00,66.00,7.5625,-1,-1,-1
1601,10,2051.00,911.00,126.00,70.00,6.5595,-1,-1,-1
1602,6,1617.00,1082.00,104.00,69.00,7.4578,-1,-1,-1
1602,10,2050.00,914.00,126.00,71.00,6.6319,-1,-1,-1
1603,6,1616.00,1083.00,97.00,77.00,7.4967,-1,-1,-1
1603,10,2057.00,914.00,121.00,75.00,6.5647,-1,-1,-1
1604,6,1608.00,1090.00,101.00,70.00,7.4115,-1,-1,-1
1604,10,2047.00,916.00,129.00,81.00,6.4281,-1,-1,-1
1605,6,1614.00,1092.00,96.00,74.00,7.3007,-1,-1,-1
1605,10,2044.00,916.00,130.00,85.00,6.2221,-1,-1,-1
1606,6,1608.00,1099.00,103.00,71.00,7.2355,-1,-1,-1
1606,10,2055.00,926.00,122.00,80.00,6.1540,-1,-1,-1
1607,6,1607.00,1098.00,101.00,72.00,7.1317,-1,-1,-1
1607,10,2053.00,931.00,123.00,79.00,6.2205,-1,-1,-1
1608,6,1611.00,1103.00,94.00,73.00,7.1796,-1,-1,-1
1608,10,2059.00,934.00,118.00,81.00,6.2216,-1,-1,-1
1609,6,1609.00,1108.00,99.00,68.00,7.2387,-1,-1,-1
1609,10,2049.00,935.00,128.00,87.00,6.2342,-1,-1,-1
1610,6,1608.00,1111.00,101.00,66.00,7.2818,-1,-1,-1
1610,10,2043.00,932.00,133.00,97.00,6.1768,-1,-1,-1
1611,6,1611.00,1116.00,96.00,62.00,7.1783,-1,-1,-1
1611,10,2049.00,942.00,125.00,91.00,6.1086,-1,-1,-1
1612,6,1603.00,1119.00,107.00,67.00,7.0147,-1,-1,-1
1612,10,2054.00,947.00,120.00,91.00,6.1451,-1,-1,-1
1613,6,1601.00,1125.00,107.00,65.00,7.0081,-1,-1,-1
1613,10,2046.00,947.00,127.00,94.00,6.2494,-1,-1,-1
1614,6,1603.00,1127.00,104.00,61.00,6.9704,-1,-1,-1
1614,10,2059.00,952.00,114.00,96.00,6.3239,-1,-1,-1
1615,6,1597.00,1129.00,111.00,62.00,6.9066,-1,-1,-1
1615,10,2047.00,953.00,125.00,95.00,6.4263,-1,-1,-1
1616,6,1594.00,1129.00,116.00,65.00,6.8837,-1,-1,-1
1616,10,2050.00,963.00,123.00,80.00,6.4161,-1,-1,-1
1617,6,1595.00,1131.00,112.00,66.00,6.8992,-1,-1,-1
1617,10,2044.00,963.00,130.00,91.00,6.4045,-1,-1,-1
1618,6,1601.00,1133.00,102.00,64.00,6.9426,-1,-1,-1
1618,10,2044.00,965.00,129.00,93.00,6.4719,-1,-1,-1
1619,6,1604.00,1135.00,102.00,66.00,6.9900,-1,-1,-1
1619,10,2042.00,968.00,128.00,90.00,6.5680,-1,-1,-1
1620,6,1600.00,1139.00,107.00,67.00,7.0338,-1,-1,-1
1620,10,2042.00,976.00,128.00,80.00,6.6267,-1,-1,-1
1621,6,1603.00,1139.00,105.00,66.00,6.9960,-1,-1,-1
1621,10,2040.00,977.00,128.00,79.00,6.7048,-1,-1,-1
1622,6,1603.00,1143.00,102.00,64.00,6.9503,-1,-1,-1
1622,10,2036.00,980.00,134.00,80.00,6.7512,-1,-1,-1
1623,6,1597.00,1144.00,108.00,68.00,7.0096,-1,-1,-1
1623,10,2034.00,984.00,136.00,80.00,6.7786,-1,-1,-1
1624,6,1598.00,1148.00,105.00,68.00,7.0434,-1,-1,-1
1624,10,2033.00,984.00,136.00,83.00,6.8661,-1,-1,-1
1625,6,1598.00,1149.00,102.00,67.00,7.0221,-1,-1,-1
1625,10,2036.00,987.00,132.00,83.00,6.9337,-1,-1,-1
1626,6,1596.00,1153.00,104.00,64.00,6.9925,-1,-1,-1
1626,10,2036.00,995.00,134.00,79.00,6.8316,-1,-1,-1
1627,6,1602.00,1157.00,94.00,62.00,6.9373,-1,-1,-1
1627,10,2046.00,1004.00,120.00,70.00,6.7443,-1,-1,-1
1628,6,1601.00,1159.00,95.00,63.00,6.9811,-1,-1,-1
1628,10,2036.00,1006.00,131.00,71.00,6.6644,-1,-1,-1
1629,6,1601.00,1162.00,90.00,61.00,7.0434,-1,-1,-1
1629,10,2030.00,1003.00,141.00,78.00,6.7693,-1,-1,-1
1630,6,1600.00,1164.00,92.00,63.00,7.1449,-1,-1,-1
1630,10,2031.00,1002.00,139.00,81.00,6.8608,-1,-1,-1
1631,6,1598.00,1167.00,95.00,62.00,7.2089,-1,-1,-1
1631,10,2032.00,1004.00,138.00,81.00,6.9348,-1,-1,-1
1632,6,1595.00,1168.00,96.00,64.00,7.2648,-1,-1,-1
1632,10,2029.00,1004.00,143.00,83.00,6.9718,-1,-1,-1
1633,6,1598.00,1167.00,96.00,66.00,7.3290,-1,-1,-1
1633,10,2034.00,1014.00,138.00,76.00,7.0040,-1,-1,-1
1634,6,1602.00,1169.00,91.00,63.00,7.3784,-1,-1,-1
1634,10,2034.00,1009.00,138.00,83.00,7.0964,-1,-1,-1
1635,6,1602.00,1167.00,94.00,66.00,7.4211,-1,-1,-1
1635,10,2032.00,1015.00,141.00,81.00,7.1185,-1,-1,-1
1636,6,1603.00,1166.00,96.00,68.00,7.4259,-1,-1,-1
1636,10,2041.00,1014.00,130.00,78.00,6.9530,-1,-1,-1
1637,6,1601.00,1167.00,100.00,71.00,7.4382,-1,-1,-1
1637,10,2038.00,1015.00,137.00,81.00,6.8167,-1,-1,-1
1638,6,1601.00,1169.00,105.00,69.00,7.3939,-1,-1,-1
1638,10,2037.00,1013.00,141.00,83.00,6.6416,-1,-1,-1
1639,6,1600.00,1168.00,108.00,70.00,7.3401,-1,-1,-1
1639,10,2047.00,1021.00,132.00,77.00,6.4496,-1,-1,-1
1640,6,1599.00,1168.00,109.00,70.00,7.2886,-1,-1,-1
1640,10,2052.00,1022.00,126.00,74.00,6.4109,-1,-1,-1
1641,6,1597.00,1167.00,112.00,71.00,7.2654,-1,-1,-1
1641,10,2056.00,1027.00,124.00,71.00,6.3989,-1,-1,-1
1642,6,1598.00,1167.00,111.00,72.00,7.2593,-1,-1,-1
1642,10,2056.00,1027.00,127.00,74.00,6.4258,-1,-1,-1
1643,6,1598.00,1168.00,110.00,71.00,7.2597,-1,-1,-1
1643,10,2055.00,1026.00,128.00,77.00,6.4916,-1,-1,-1
1644,6,1600.00,1164.00,109.00,70.00,7.2183,-1,-1,-1
1644,10,2057.00,1028.00,127.00,75.00,6.5569,-1,-1,-1
1645,6,1600.00,1164.00,110.00,70.00,7.1792,-1,-1,-1
1645,10,2056.00,1027.00,128.00,77.00,6.6032,-1,-1,-1
1646,6,1604.00,1161.00,107.00,70.00,7.1583,-1,-1,-1
1646,10,2060.00,1030.00,124.00,72.00,6.5959,-1,-1,-1
1647,6,1605.00,1159.00,107.00,70.00,7.2047,-1,-1,-1
1647,10,2062.00,1029.00,123.00,73.00,6.6003,-1,-1,-1
1648,6,1605.00,1158.00,109.00,71.00,7.2411,-1,-1,-1
1648,10,2059.00,1029.00,129.00,71.00,6.5953,-1,-1,-1
1649,6,1609.00,1159.00,103.00,67.00,7.3058,-1,-1,-1
1649,10,2061.00,1031.00,126.00,69.00,6.5792,-1,-1,-1
1650,6,1611.00,1161.00,103.00,65.00,7.3534,-1,-1,-1
1650,10,2058.00,1028.00,130.00,73.00,6.6364,-1,-1,-1
1651,6,1612.00,1161.00,105.00,64.00,7.3690,-1,-1,-1
1651,10,2061.00,1028.00,132.00,73.00,6.6122,-1,-1,-1
1652,6,1612.00,1163.00,105.00,63.00,7.3907,-1,-1,-1
1652,10,2063.00,1028.00,131.00,74.00,6.6088,-1,-1,-1
1653,6,1613.00,1162.00,105.00,65.00,7.4330,-1,-1,-1
1653,10,2061.00,1026.00,135.00,78.00,6.6275,-1,-1,-1
1654,6,1616.00,1163.00,100.00,64.00,7.4770,-1,-1,-1
1654,10,2064.00,1030.00,135.00,74.00,6.5349,-1,-1,-1
1655,6,1616.00,1164.00,98.00,64.00,7.4892,-1,-1,-1
1655,10,2063.00,1031.00,135.00,72.00,6.4222,-1,-1,-1
1656,6,1616.00,1163.00,99.00,65.00,7.4894,-1,-1,-1
1656,10,2074.00,1036.00,123.00,67.00,6.2328,-1,-1,-1
1657,6,1617.00,1163.00,100.00,64.00,7.4980,-1,-1,-1
1657,10,2071.00,1036.00,127.00,67.00,6.1055,-1,-1,-1
1658,6,1619.00,1159.00,99.00,67.00,7.4920,-1,-1,-1
1658,10,2073.00,1037.00,127.00,66.00,6.0909,-1,-1,-1
1659,6,1619.00,1157.00,101.00,69.00,7.4319,-1,-1,-1
1659,10,2085.00,1039.00,113.00,62.00,6.0129,-1,-1,-1
1660,6,1620.00,1157.00,102.00,68.00,7.3771,-1,-1,-1
1660,10,2075.00,1039.00,125.00,64.00,5.9581,-1,-1,-1
1661,6,1619.00,1152.00,110.00,70.00,7.3645,-1,-1,-1
1661,10,2075.00,1039.00,124.00,63.00,5.8533,-1,-1,-1
1662,6,1620.00,1155.00,106.00,67.00,7.3102,-1,-1,-1
1662,10,2076.00,1040.00,126.00,62.00,5.9086,-1,-1,-1
1663,6,1618.00,1153.00,113.00,68.00,7.3160,-1,-1,-1
1663,10,2072.00,1040.00,132.00,63.00,6.0164,-1,-1,-1
1664,6,1620.00,1155.00,110.00,67.00,7.3267,-1,-1,-1
1664,10,2078.00,1041.00,126.00,60.00,6.0468,-1,-1,-1
1665,6,1619.00,1157.00,108.00,64.00,7.3336,-1,-1,-1
1665,10,2076.00,1040.00,131.00,62.00,6.1104,-1,-1,-1
1666,6,1618.00,1154.00,113.00,65.00,7.3868,-1,-1,-1
1666,10,2083.00,1040.00,126.00,61.00,6.1361,-1,-1,-1
1667,6,1619.00,1155.00,112.00,63.00,7.4253,-1,-1,-1
1667,10,2086.00,1041.00,121.00,60.00,6.1444,-1,-1,-1
1668,6,1620.00,1156.00,111.00,60.00,7.4630,-1,-1,-1
1668,10,2084.00,1040.00,123.00,62.00,6.1862,-1,-1,-1
1669,6,1621.00,1156.00,109.00,58.00,7.4907,-1,-1,-1
1669,10,2085.00,1039.00,124.00,63.00,6.2245,-1,-1,-1
1670,6,1627.00,1155.00,103.00,57.00,7.3792,-1,-1,-1
1670,10,2083.00,1039.00,128.00,63.00,6.2884,-1,-1,-1
1671,6,1625.00,1155.00,106.00,58.00,7.3054,-1,-1,-1
1671,10,2087.00,1039.00,125.00,63.00,6.3241,-1,-1,-1
1672,6,1625.00,1155.00,108.00,59.00,7.2576,-1,-1,-1
1672,10,2089.00,1039.00,123.00,63.00,6.3470,-1,-1,-1
1673,6,1627.00,1154.00,109.00,58.00,7.1415,-1,-1,-1
1673,10,2093.00,1040.00,118.00,63.00,6.3528,-1,-1,-1
1674,6,1631.00,1152.00,101.00,59.00,7.0006,-1,-1,-1
1674,10,2094.00,1039.00,117.00,64.00,6.3770,-1,-1,-1
1675,6,1621.00,1154.00,116.00,60.00,6.9666,-1,-1,-1
1675,10,2094.00,1040.00,118.00,64.00,6.4100,-1,-1,-1
1676,6,1624.00,1153.00,112.00,58.00,6.9890,-1,-1,-1
1676,10,2090.00,1040.00,124.00,65.00,6.4156,-1,-1,-1
1677,6,1626.00,1153.00,110.00,57.00,7.0221,-1,-1,-1
1677,10,2087.00,1040.00,128.00,67.00,6.4384,-1,-1,-1
1678,6,1624.00,1153.00,111.00,57.00,7.0888,-1,-1,-1
1678,10,2086.00,1039.00,128.00,67.00,6.4417,-1,-1,-1
1679,6,1623.00,1151.00,114.00,59.00,7.1397,-1,-1,-1
1679,10,2087.00,1042.00,126.00,64.00,6.4812,-1,-1,-1
1680,6,1622.00,1151.00,112.00,59.00,7.1429,-1,-1,-1
1680,10,2089.00,1041.00,125.00,65.00,6.5020,-1,-1,-1
1681,6,1617.00,1149.00,117.00,62.00,7.1991,-1,-1,-1
1681,10,2086.00,1043.00,128.00,63.00,6.4996,-1,-1,-1
1682,6,1617.00,1149.00,113.00,60.00,7.1706,-1,-1,-1
1682,10,2086.00,1044.00,128.00,61.00,6.4693,-1,-1,-1
1683,6,1616.00,1149.00,115.00,61.00,7.2348,-1,-1,-1
1683,10,2089.00,1044.00,125.00,62.00,6.4211,-1,-1,-1
1684,6,1617.00,1149.00,112.00,60.00,7.2090,-1,-1,-1
1684,10,2090.00,1042.00,120.00,64.00,6.4107,-1,-1,-1
1685,6,1619.00,1146.00,108.00,60.00,7.0860,-1,-1,-1
1685,10,2087.00,1039.00,122.00,67.00,6.4343,-1,-1,-1
1686,6,1619.00,1147.00,103.00,56.00,7.0355,-1,-1,-1
1686,10,2082.00,1038.00,127.00,71.00,6.4761,-1,-1,-1
1687,6,1615.00,1145.00,107.00,61.00,7.0281,-1,-1,-1
1687,10,2077.00,1038.00,130.00,74.00,6.5638,-1,-1,-1
1688,6,1612.00,1146.00,106.00,56.00,6.9799,-1,-1,-1
1688,10,2076.00,1037.00,131.00,76.00,6.6956,-1,-1,-1
1689,6,1613.00,1146.00,102.00,57.00,6.9010,-1,-1,-1
1689,10,2077.00,1037.00,129.00,75.00,6.7211,-1,-1,-1
1690,6,1607.00,1144.00,112.00,59.00,6.9364,-1,-1,-1
1690,10,2074.00,1035.00,131.00,79.00,6.7625,-1,-1,-1
1691,6,1607.00,1144.00,113.00,58.00,6.9669,-1,-1,-1
1691,10,2078.00,1035.00,126.00,78.00,6.7745,-1,-1,-1
1692,6,1604.00,1143.00,115.00,61.00,7.0170,-1,-1,-1
1692,10,2075.00,1035.00,128.00,77.00,6.7944,-1,-1,-1
1693,6,1607.00,1142.00,114.00,60.00,7.1155,-1,-1,-1
1693,10,2075.00,1034.00,127.00,80.00,6.8246,-1,-1,-1
1694,6,1604.00,1141.00,115.00,62.00,7.1689,-1,-1,-1
1694,10,2073.00,1034.00,127.00,81.00,6.8195,-1,-1,-1
1695,6,1603.00,1140.00,115.00,61.00,7.2013,-1,-1,-1
1695,10,2075.00,1032.00,124.00,85.00,6.8298,-1,-1,-1
1696,6,1598.00,1142.00,114.00,60.00,7.1618,-1,-1,-1
1696,10,2068.00,1033.00,127.00,83.00,6.8241,-1,-1,-1
1697,6,1597.00,1143.00,115.00,57.00,7.1393,-1,-1,-1
1697,10,2063.00,1031.00,132.00,84.00,6.8643,-1,-1,-1
1698,6,1593.00,1142.00,119.00,58.00,7.1244,-1,-1,-1
1698,10,2059.00,1030.00,135.00,85.00,6.9442,-1,-1,-1
1699,6,1593.00,1138.00,119.00,59.00,7.1067,-1,-1,-1
1699,10,2061.00,1032.00,131.00,81.00,6.9255,-1,-1,-1
1700,6,1593.00,1135.00,119.00,60.00,7.1594,-1,-1,-1
1700,10,2057.00,1031.00,132.00,80.00,6.9521,-1,-1,-1
1701,6,1590.00,1135.00,121.00,61.00,7.1937,-1,-1,-1
1701,10,2055.00,1032.00,133.00,79.00,7.0072,-1,-1,-1
1702,6,1589.00,1133.00,123.00,61.00,7.2280,-1,-1,-1
1702,10,2052.00,1033.00,134.00,79.00,7.0473,-1,-1,-1
1703,6,1588.00,1136.00,115.00,57.00,7.2100,-1,-1,-1
1703,10,2047.00,1029.00,135.00,84.00,7.1043,-1,-1,-1
1704,6,1582.00,1138.00,115.00,55.00,7.1735,-1,-1,-1
1704,10,2045.00,1028.00,135.00,84.00,7.1620,-1,-1,-1
1705,6,1583.00,1138.00,108.00,54.00,7.1347,-1,-1,-1
1705,10,2042.00,1032.00,137.00,81.00,7.1240,-1,-1,-1
1706,10,2043.00,1033.00,134.00,81.00,7.0649,-1,-1,-1
1706,6,1580.00,1138.00,109.00,52.00,7.0176,-1,-1,-1
1707,10,2038.00,1031.00,135.00,84.00,7.0764,-1,-1,-1
1707,6,1573.00,1137.00,114.00,55.00,7.0062,-1,-1,-1
1708,10,2035.00,1031.00,136.00,84.00,7.0706,-1,-1,-1
1708,6,1571.00,1139.00,111.00,53.00,7.0678,-1,-1,-1
1709,10,2033.00,1033.00,132.00,81.00,7.0357,-1,-1,-1
1709,6,1567.00,1138.00,109.00,54.00,6.9763,-1,-1,-1
1710,6,1569.00,1138.00,108.00,54.00,7.0106,-1,-1,-1
1710,10,2032.00,1033.00,131.00,81.00,6.9800,-1,-1,-1
1711,6,1569.00,1134.00,111.00,56.00,7.0107,-1,-1,-1
1711,10,2024.00,1033.00,138.00,84.00,6.9660,-1,-1,-1
1712,6,1567.00,1136.00,104.00,54.00,6.9361,-1,-1,-1
1712,10,2024.00,1039.00,132.00,79.00,6.8826,-1,-1,-1
1713,6,1560.00,1135.00,115.00,56.00,6.9209,-1,-1,-1
1713,10,2016.00,1031.00,138.00,88.00,6.8393,-1,-1,-1
1714,6,1559.00,1133.00,110.00,57.00,6.9890,-1,-1,-1
1714,10,2016.00,1032.00,136.00,89.00,6.8243,-1,-1,-1
1715,6,1548.00,1130.00,120.00,62.00,7.0187,-1,-1,-1
1715,10,2013.00,1033.00,136.00,88.00,6.7616,-1,-1,-1
1716,6,1545.00,1132.00,121.00,59.00,7.1005,-1,-1,-1
1716,10,2010.00,1034.00,134.00,87.00,6.8153,-1,-1,-1
1717,6,1538.00,1130.00,126.00,63.00,7.2055,-1,-1,-1
1717,10,2007.00,1037.00,134.00,84.00,6.8010,-1,-1,-1
1718,6,1541.00,1133.00,113.00,60.00,7.1829,-1,-1,-1
1718,10,1998.00,1031.00,141.00,92.00,6.7435,-1,-1,-1
1719,6,1536.00,1131.00,115.00,61.00,7.2575,-1,-1,-1
1719,10,2001.00,1033.00,135.00,90.00,6.6914,-1,-1,-1
1720,6,1530.00,1129.00,118.00,62.00,7.3599,-1,-1,-1
1720,10,1996.00,1034.00,134.00,90.00,6.5738,-1,-1,-1
1721,6,1527.00,1132.00,115.00,59.00,7.3229,-1,-1,-1
1721,10,1995.00,1044.00,130.00,82.00,6.6001,-1,-1,-1
1722,6,1519.00,1129.00,126.00,63.00,7.3536,-1,-1,-1
1722,10,1993.00,1040.00,130.00,83.00,6.6208,-1,-1,-1
1723,6,1518.00,1127.00,121.00,62.00,7.4471,-1,-1,-1
1723,10,1990.00,1042.00,128.00,81.00,6.6857,-1,-1,-1
1724,6,1516.00,1128.00,115.00,61.00,7.4866,-1,-1,-1
1724,10,1981.00,1045.00,133.00,79.00,6.7768,-1,-1,-1
1725,6,1517.00,1130.00,111.00,57.00,7.4461,-1,-1,-1
1725,10,1978.00,1047.00,136.00,76.00,6.8856,-1,-1,-1
1726,6,1506.00,1128.00,119.00,59.00,7.4408,-1,-1,-1
1726,10,1974.00,1048.00,133.00,75.00,6.9440,-1,-1,-1
1727,6,1501.00,1129.00,121.00,59.00,7.3101,-1,-1,-1
1727,10,1971.00,1046.00,131.00,80.00,6.9839,-1,-1,-1
1728,6,1498.00,1131.00,117.00,55.00,7.3357,-1,-1,-1
1728,10,1965.00,1047.00,134.00,77.00,7.0697,-1,-1,-1
1729,6,1500.00,1132.00,110.00,54.00,7.3505,-1,-1,-1
1729,10,1962.00,1048.00,135.00,77.00,7.1406,-1,-1,-1
1730,6,1496.00,1131.00,107.00,54.00,7.2909,-1,-1,-1
1730,10,1958.00,1048.00,133.00,76.00,7.2169,-1,-1,-1
1731,10,1952.00,1051.00,134.00,75.00,7.3006,-1,-1,-1
1731,6,1495.00,1131.00,106.00,52.00,7.1344,-1,-1,-1
1732,10,1949.00,1049.00,133.00,74.00,7.3286,-1,-1,-1
1732,6,1485.00,1131.00,111.00,53.00,7.1399,-1,-1,-1
1733,10,1944.00,1049.00,134.00,74.00,7.3765,-1,-1,-1
1733,6,1475.00,1130.00,118.00,55.00,7.0548,-1,-1,-1
1734,10,1938.00,1051.00,138.00,74.00,7.4472,-1,-1,-1
1734,6,1473.00,1129.00,114.00,54.00,7.1151,-1,-1,-1
1735,10,1937.00,1051.00,132.00,70.00,7.4895,-1,-1,-1
1735,6,1473.00,1128.00,109.00,56.00,7.1729,-1,-1,-1
1736,10,1934.00,1050.00,132.00,70.00,7.4953,-1,-1,-1
1736,6,1463.00,1128.00,114.00,55.00,7.1550,-1,-1,-1
1737,10,1928.00,1049.00,136.00,71.00,7.5250,-1,-1,-1
1737,6,1463.00,1128.00,107.00,54.00,7.1694,-1,-1,-1
1738,10,1927.00,1050.00,131.00,69.00,7.4343,-1,-1,-1
1738,6,1458.00,1127.00,109.00,56.00,7.0790,-1,-1,-1
1739,10,1919.00,1049.00,136.00,70.00,7.4088,-1,-1,-1
1739,6,1447.00,1126.00,117.00,58.00,7.1501,-1,-1,-1
1740,10,1916.00,1050.00,136.00,69.00,7.3972,-1,-1,-1
1740,6,1449.00,1127.00,107.00,56.00,7.1824,-1,-1,-1
1741,10,1919.00,1051.00,129.00,67.00,7.4073,-1,-1,-1
1741,6,1446.00,1126.00,108.00,56.00,7.1850,-1,-1,-1
1742,10,1916.00,1048.00,126.00,67.00,7.3555,-1,-1,-1
1742,6,1440.00,1126.00,110.00,56.00,7.2025,-1,-1,-1
1743,10,1909.00,1045.00,130.00,72.00,7.3013,-1,-1,-1
1743,6,1434.00,1124.00,114.00,58.00,7.1435,-1,-1,-1
1744,10,1902.00,1046.00,134.00,71.00,7.1405,-1,-1,-1
1744,6,1427.00,1125.00,119.00,56.00,6.9939,-1,-1,-1
1745,10,1898.00,1047.00,132.00,70.00,7.0798,-1,-1,-1
1745,6,1421.00,1122.00,129.00,57.00,6.9482,-1,-1,-1
1746,10,1890.00,1044.00,136.00,74.00,7.1101,-1,-1,-1
1746,6,1420.00,1121.00,127.00,57.00,7.0098,-1,-1,-1
1747,10,1887.00,1050.00,133.00,68.00,7.1329,-1,-1,-1
1747,6,1413.00,1119.00,130.00,63.00,7.0316,-1,-1,-1
1748,10,1879.00,1050.00,135.00,70.00,7.1822,-1,-1,-1
1748,6,1410.00,1120.00,128.00,59.00,7.0557,-1,-1,-1
1749,10,1875.00,1048.00,134.00,74.00,7.2020,-1,-1,-1
1749,6,1411.00,1121.00,120.00,57.00,7.0507,-1,-1,-1
1750,10,1871.00,1051.00,132.00,71.00,7.2492,-1,-1,-1
1750,6,1404.00,1122.00,116.00,57.00,6.9012,-1,-1,-1
1751,10,1862.00,1047.00,139.00,75.00,7.2520,-1,-1,-1
1751,6,1395.00,1120.00,126.00,59.00,6.9372,-1,-1,-1
1752,10,1861.00,1052.00,131.00,70.00,7.2597,-1,-1,-1
1752,6,1395.00,1123.00,113.00,55.00,6.9185,-1,-1,-1
1753,10,1856.00,1049.00,134.00,73.00,7.3110,-1,-1,-1
1753,6,1387.00,1121.00,115.00,57.00,6.9184,-1,-1,-1
1754,10,1855.00,1050.00,132.00,77.00,7.3045,-1,-1,-1
1754,6,1378.00,1120.00,121.00,57.00,6.8783,-1,-1,-1
1755,10,1854.00,1051.00,125.00,72.00,7.2714,-1,-1,-1
1755,6,1377.00,1122.00,114.00,54.00,7.0048,-1,-1,-1
1756,10,1845.00,1053.00,132.00,73.00,7.1848,-1,-1,-1
1756,6,1374.00,1124.00,106.00,51.00,7.0510,-1,-1,-1
1757,10,1836.00,1050.00,137.00,77.00,7.1791,-1,-1,-1
1757,6,1363.00,1121.00,116.00,55.00,7.1372,-1,-1,-1
1758,10,1832.00,1050.00,134.00,76.00,7.1745,-1,-1,-1
1758,6,1361.00,1121.00,111.00,53.00,7.0935,-1,-1,-1
1759,6,1353.00,1120.00,118.00,54.00,7.1797,-1,-1,-1
1759,10,1830.00,1048.00,133.00,78.00,7.1690,-1,-1,-1
1760,6,1349.00,1119.00,119.00,56.00,7.2685,-1,-1,-1
1760,10,1824.00,1051.00,133.00,73.00,7.2019,-1,-1,-1
1761,6,1340.00,1122.00,119.00,51.00,7.2678,-1,-1,-1
1761,10,1814.00,1045.00,136.00,81.00,7.2283,-1,-1,-1
1762,6,1339.00,1122.00,116.00,51.00,7.2690,-1,-1,-1
1762,10,1822.00,1051.00,124.00,72.00,7.2190,-1,-1,-1
1763,10,1810.00,1052.00,132.00,73.00,7.2416,-1,-1,-1
1763,6,1341.00,1121.00,104.00,51.00,7.0575,-1,-1,-1
1764,10,1807.00,1051.00,130.00,75.00,7.2695,-1,-1,-1
1764,6,1331.00,1122.00,115.00,49.00,7.0123,-1,-1,-1
1765,10,1808.00,1055.00,123.00,70.00,7.2378,-1,-1,-1
1765,6,1325.00,1120.00,112.00,52.00,7.0703,-1,-1,-1
1766,10,1800.00,1054.00,128.00,72.00,7.2218,-1,-1,-1
1766,6,1315.00,1119.00,122.00,53.00,7.1455,-1,-1,-1
1767,6,1309.00,1117.00,121.00,59.00,7.1732,-1,-1,-1
1767,10,1795.00,1053.00,132.00,73.00,7.1533,-1,-1,-1
1768,10,1785.00,1053.00,133.00,76.00,7.2046,-1,-1,-1
1768,6,1302.00,1120.00,124.00,55.00,7.1706,-1,-1,-1
1769,10,1782.00,1055.00,131.00,76.00,7.2391,-1,-1,-1
1769,6,1299.00,1118.00,115.00,60.00,7.2203,-1,-1,-1
1770,6,1290.00,1117.00,122.00,57.00,7.2608,-1,-1,-1
1770,10,1778.00,1055.00,130.00,75.00,7.2534,-1,-1,-1
1771,6,1291.00,1118.00,112.00,55.00,7.3036,-1,-1,-1
1771,10,1773.00,1054.00,132.00,81.00,7.2452,-1,-1,-1
1772,10,1769.00,1053.00,133.00,79.00,7.2497,-1,-1,-1
1772,6,1283.00,1121.00,118.00,52.00,7.1508,-1,-1,-1
1773,10,1762.00,1054.00,134.00,80.00,7.2927,-1,-1,-1
1773,6,1282.00,1118.00,114.00,53.00,7.2441,-1,-1,-1
1774,10,1758.00,1052.00,134.00,84.00,7.3136,-1,-1,-1
1774,6,1281.00,1117.00,113.00,56.00,7.3089,-1,-1,-1
1775,10,1755.00,1051.00,134.00,84.00,7.3424,-1,-1,-1
1775,6,1277.00,1117.00,109.00,55.00,7.3191,-1,-1,-1
1776,10,1750.00,1054.00,134.00,84.00,7.3152,-1,-1,-1
1776,6,1272.00,1118.00,109.00,54.00,7.2509,-1,-1,-1
1777,10,1744.00,1054.00,132.00,81.00,7.2903,-1,-1,-1
1777,6,1266.00,1116.00,115.00,55.00,7.2297,-1,-1,-1
1778,10,1740.00,1054.00,132.00,81.00,7.2911,-1,-1,-1
1778,6,1258.00,1116.00,117.00,57.00,7.2353,-1,-1,-1
1779,10,1738.00,1053.00,128.00,81.00,7.3080,-1,-1,-1
1779,6,1257.00,1114.00,114.00,55.00,7.3074,-1,-1,-1
1780,6,1254.00,1113.00,115.00,60.00,7.3630,-1,-1,-1
1780,10,1737.00,1054.00,124.00,80.00,7.2874,-1,-1,-1
1781,6,1248.00,1115.00,117.00,58.00,7.3562,-1,-1,-1
1781,10,1735.00,1053.00,126.00,79.00,7.2805,-1,-1,-1
1782,6,1242.00,1115.00,121.00,57.00,7.3721,-1,-1,-1
1782,10,1730.00,1053.00,127.00,78.00,7.2570,-1,-1,-1
1783,6,1240.00,1114.00,118.00,59.00,7.3905,-1,-1,-1
1783,10,1731.00,1054.00,122.00,77.00,7.1551,-1,-1,-1
1784,6,1238.00,1117.00,112.00,56.00,7.3411,-1,-1,-1
1784,10,1724.00,1056.00,126.00,75.00,7.1633,-1,-1,-1
1785,6,1236.00,1115.00,117.00,56.00,7.3183,-1,-1,-1
1785,10,1721.00,1056.00,126.00,74.00,7.1691,-1,-1,-1
1786,6,1235.00,1115.00,117.00,55.00,7.2808,-1,-1,-1
1786,10,1720.00,1060.00,123.00,71.00,7.1706,-1,-1,-1
1787,6,1232.00,1117.00,117.00,51.00,7.2473,-1,-1,-1
1787,10,1714.00,1060.00,126.00,72.00,7.1769,-1,-1,-1
1788,6,1230.00,1114.00,118.00,55.00,7.2259,-1,-1,-1
1788,10,1714.00,1055.00,122.00,74.00,7.1847,-1,-1,-1
1789,6,1230.00,1115.00,118.00,54.00,7.2041,-1,-1,-1
1789,10,1710.00,1059.00,125.00,72.00,7.1947,-1,-1,-1
1790,10,1706.00,1060.00,128.00,72.00,7.1904,-1,-1,-1
1790,6,1228.00,1116.00,116.00,52.00,7.1794,-1,-1,-1
1791,6,1228.00,1116.00,116.00,52.00,7.1588,-1,-1,-1
1791,10,1702.00,1056.00,131.00,75.00,7.1564,-1,-1,-1
1792,10,1701.00,1059.00,132.00,75.00,7.1739,-1,-1,-1
1792,6,1226.00,1115.00,116.00,54.00,7.1554,-1,-1,-1
1793,6,1225.00,1114.00,116.00,54.00,7.1678,-1,-1,-1
1793,10,1699.00,1059.00,130.00,73.00,7.1623,-1,-1,-1
1794,6,1218.00,1111.00,123.00,58.00,7.1986,-1,-1,-1
1794,10,1695.00,1057.00,133.00,76.00,7.1963,-1,-1,-1
1795,6,1217.00,1108.00,125.00,59.00,7.2425,-1,-1,-1
1795,10,1693.00,1054.00,133.00,79.00,7.2248,-1,-1,-1
1796,6,1215.00,1109.00,126.00,58.00,7.3026,-1,-1,-1
1796,10,1692.00,1053.00,133.00,79.00,7.2757,-1,-1,-1
1797,6,1213.00,1108.00,128.00,62.00,7.3649,-1,-1,-1
1797,10,1688.00,1052.00,136.00,81.00,7.3226,-1,-1,-1
1798,6,1210.00,1107.00,132.00,61.00,7.4214,-1,-1,-1
1798,10,1686.00,1054.00,138.00,81.00,7.3473,-1,-1,-1
1799,6,1207.00,1105.00,134.00,63.00,7.4516,-1,-1,-1
1799,10,1683.00,1055.00,140.00,81.00,7.3544,-1,-1,-1
1800,6,1214.00,1108.00,125.00,57.00,7.4432,-1,-1,-1
1800,10,1683.00,1050.00,141.00,87.00,7.3654,-1,-1,-1
1801,6,1216.00,1109.00,128.00,56.00,7.3867,-1,-1,-1
1801,10,1686.00,1056.00,136.00,81.00,7.3261,-1,-1,-1
1802,10,1682.00,1055.00,141.00,83.00,7.3135,-1,-1,-1
1802,6,1215.00,1108.00,127.00,55.00,7.3022,-1,-1,-1
1803,10,1686.00,1060.00,135.00,77.00,7.2563,-1,-1,-1
1803,6,1217.00,1110.00,121.00,52.00,7.2197,-1,-1,-1
1804,6,1215.00,1108.00,119.00,55.00,7.2192,-1,-1,-1
1804,10,1686.00,1062.00,135.00,74.00,7.1792,-1,-1,-1
1805,6,1211.00,1107.00,121.00,55.00,7.1281,-1,-1,-1
1805,10,1689.00,1066.00,131.00,70.00,7.1039,-1,-1,-1
1806,6,1214.00,1108.00,114.00,55.00,7.0768,-1,-1,-1
1806,10,1692.00,1070.00,129.00,65.00,6.9868,-1,-1,-1
1807,6,1208.00,1105.00,116.00,58.00,7.0230,-1,-1,-1
1807,10,1692.00,1071.00,129.00,65.00,6.8635,-1,-1,-1
1808,6,1212.00,1107.00,110.00,54.00,6.9697,-1,-1,-1
1808,10,1698.00,1074.00,125.00,62.00,6.7568,-1,-1,-1
1809,6,1210.00,1105.00,109.00,55.00,6.8014,-1,-1,-1
1809,10,1694.00,1072.00,130.00,64.00,6.7253,-1,-1,-1
1810,6,1210.00,1106.00,111.00,55.00,6.7921,-1,-1,-1
1810,10,1694.00,1071.00,132.00,67.00,6.7556,-1,-1,-1
1811,6,1218.00,1109.00,108.00,52.00,6.7938,-1,-1,-1
1811,10,1694.00,1074.00,129.00,65.00,6.7823,-1,-1,-1
1812,6,1209.00,1105.00,119.00,59.00,6.8397,-1,-1,-1
1812,10,1700.00,1074.00,129.00,64.00,6.7378,-1,-1,-1
1813,6,1218.00,1109.00,107.00,54.00,6.8546,-1,-1,-1
1813,10,1701.00,1074.00,131.00,65.00,6.6978,-1,-1,-1
1814,6,1220.00,1110.00,105.00,53.00,6.8893,-1,-1,-1
1814,10,1703.00,1074.00,130.00,64.00,6.5963,-1,-1,-1
1815,6,1218.00,1111.00,109.00,53.00,6.9292,-1,-1,-1
1815,10,1701.00,1074.00,132.00,66.00,6.5861,-1,-1,-1
1816,6,1221.00,1113.00,108.00,50.00,6.9393,-1,-1,-1
1816,10,1701.00,1072.00,132.00,69.00,6.5922,-1,-1,-1
1817,6,1224.00,1115.00,104.00,47.00,6.9137,-1,-1,-1
1817,10,1703.00,1073.00,132.00,69.00,6.5935,-1,-1,-1
1818,6,1224.00,1116.00,102.00,46.00,6.8352,-1,-1,-1
1818,10,1705.00,1073.00,130.00,70.00,6.6611,-1,-1,-1
1819,6,1224.00,1116.00,105.00,48.00,6.7918,-1,-1,-1
1819,10,1704.00,1072.00,132.00,72.00,6.7384,-1,-1,-1
1820,10,1702.00,1073.00,135.00,71.00,6.7592,-1,-1,-1
1820,6,1230.00,1115.00,102.00,49.00,6.7583,-1,-1,-1
1821,10,1702.00,1072.00,137.00,76.00,6.8618,-1,-1,-1
1821,6,1234.00,1114.00,99.00,50.00,6.7591,-1,-1,-1
1822,10,1701.00,1072.00,138.00,79.00,6.9928,-1,-1,-1
1822,6,1231.00,1111.00,109.00,55.00,6.7762,-1,-1,-1
1823,10,1702.00,1072.00,136.00,78.00,7.0696,-1,-1,-1
1823,6,1229.00,1109.00,120.00,56.00,6.8269,-1,-1,-1
1824,10,1704.00,1071.00,136.00,79.00,7.0838,-1,-1,-1
1824,6,1228.00,1107.00,123.00,59.00,6.9114,-1,-1,-1
1825,10,1706.00,1069.00,135.00,82.00,7.0854,-1,-1,-1
1825,6,1230.00,1107.00,121.00,58.00,6.9842,-1,-1,-1
1826,10,1707.00,1068.00,134.00,84.00,7.0913,-1,-1,-1
1826,6,1228.00,1106.00,124.00,59.00,7.0774,-1,-1,-1
1827,6,1226.00,1106.00,125.00,59.00,7.1961,-1,-1,-1
1827,10,1710.00,1067.00,131.00,83.00,7.0683,-1,-1,-1
1828,6,1227.00,1107.00,122.00,57.00,7.3109,-1,-1,-1
1828,10,1713.00,1065.00,130.00,84.00,7.0225,-1,-1,-1
1829,6,1229.00,1104.00,121.00,60.00,7.4014,-1,-1,-1
1829,10,1714.00,1064.00,130.00,80.00,6.9923,-1,-1,-1
1830,6,1227.00,1105.00,122.00,59.00,7.4863,-1,-1,-1
1830,10,1711.00,1063.00,133.00,82.00,6.9107,-1,-1,-1
1831,6,1229.00,1109.00,118.00,54.00,7.5255,-1,-1,-1
1831,10,1716.00,1065.00,129.00,78.00,6.9248,-1,-1,-1
1832,6,1227.00,1107.00,122.00,56.00,7.5726,-1,-1,-1
1832,10,1716.00,1066.00,129.00,77.00,6.9443,-1,-1,-1
1833,6,1231.00,1109.00,114.00,52.00,7.5498,-1,-1,-1
1833,10,1715.00,1065.00,131.00,78.00,6.9617,-1,-1,-1
1834,6,1232.00,1108.00,116.00,53.00,7.5352,-1,-1,-1
1834,10,1715.00,1066.00,132.00,77.00,6.9961,-1,-1,-1
1835,6,1234.00,1108.00,114.00,54.00,7.5644,-1,-1,-1
1835,10,1713.00,1065.00,134.00,79.00,7.0250,-1,-1,-1
1836,6,1236.00,1108.00,112.00,53.00,7.5692,-1,-1,-1
1836,10,1712.00,1066.00,135.00,78.00,7.0261,-1,-1,-1
1837,6,1236.00,1108.00,114.00,54.00,7.5693,-1,-1,-1
1837,10,1712.00,1069.00,133.00,75.00,6.9777,-1,-1,-1
1838,6,1234.00,1108.00,114.00,52.00,7.4597,-1,-1,-1
1838,10,1713.00,1067.00,134.00,76.00,6.9382,-1,-1,-1
1839,6,1232.00,1103.00,118.00,58.00,7.4171,-1,-1,-1
1839,10,1713.00,1070.00,133.00,74.00,6.8670,-1,-1,-1
1840,6,1231.00,1104.00,119.00,57.00,7.4039,-1,-1,-1
1840,10,1714.00,1075.00,130.00,70.00,6.8576,-1,-1,-1
1841,6,1228.00,1105.00,117.00,56.00,7.3818,-1,-1,-1
1841,10,1712.00,1075.00,130.00,73.00,6.8893,-1,-1,-1
1842,6,1227.00,1107.00,116.00,54.00,7.3092,-1,-1,-1
1842,10,1711.00,1076.00,130.00,71.00,6.9061,-1,-1,-1
1843,6,1229.00,1106.00,111.00,56.00,7.1261,-1,-1,-1
1843,10,1712.00,1074.00,128.00,72.00,6.8305,-1,-1,-1
1844,6,1223.00,1110.00,111.00,52.00,6.9938,-1,-1,-1
1844,10,1707.00,1071.00,130.00,75.00,6.8252,-1,-1,-1
1845,6,1220.00,1108.00,114.00,53.00,6.9474,-1,-1,-1
1845,10,1706.00,1072.00,131.00,75.00,6.8622,-1,-1,-1
1846,6,1221.00,1109.00,115.00,56.00,6.9912,-1,-1,-1
1846,10,1706.00,1074.00,131.00,73.00,6.8440,-1,-1,-1
1847,6,1219.00,1109.00,122.00,57.00,7.0100,-1,-1,-1
1847,10,1719.00,1082.00,115.00,65.00,6.7505,-1,-1,-1
1848,6,1221.00,1113.00,117.00,53.00,6.9532,-1,-1,-1
1848,10,1701.00,1075.00,133.00,73.00,6.8259,-1,-1,-1
1849,10,1698.00,1073.00,133.00,76.00,6.8095,-1,-1,-1
1849,6,1232.00,1115.00,107.00,52.00,6.6902,-1,-1,-1
1850,10,1696.00,1073.00,134.00,80.00,6.8724,-1,-1,-1
1850,6,1223.00,1115.00,116.00,55.00,6.6328,-1,-1,-1
1851,10,1697.00,1077.00,131.00,76.00,6.8755,-1,-1,-1
1851,6,1223.00,1115.00,115.00,55.00,6.4962,-1,-1,-1
1852,10,1697.00,1075.00,131.00,79.00,6.9011,-1,-1,-1
1852,6,1219.00,1117.00,115.00,58.00,5.9964,-1,-1,-1
1853,10,1694.00,1076.00,133.00,75.00,6.9235,-1,-1,-1
1853,6,1215.00,1121.00,110.00,54.00,5.5726,-1,-1,-1
1854,10,1693.00,1077.00,133.00,75.00,6.9778,-1,-1,-1
1854,6,1215.00,1122.00,111.00,62.00,5.5501,-1,-1,-1
1855,10,1695.00,1080.00,130.00,73.00,6.9794,-1,-1,-1
1855,6,1210.00,1123.00,117.00,62.00,5.6827,-1,-1,-1
1856,10,1704.00,1083.00,119.00,68.00,6.8783,-1,-1,-1
1856,6,1218.00,1122.00,109.00,64.00,5.7598,-1,-1,-1
1857,10,1695.00,1081.00,127.00,73.00,6.9113,-1,-1,-1
1857,6,1212.00,1118.00,119.00,66.00,5.7802,-1,-1,-1
1858,10,1693.00,1083.00,130.00,70.00,6.9301,-1,-1,-1
1858,6,1211.00,1122.00,117.00,66.00,5.9437,-1,-1,-1
1859,10,1693.00,1083.00,130.00,73.00,6.9529,-1,-1,-1
1859,6,1211.00,1125.00,120.00,60.00,6.0287,-1,-1,-1
1860,10,1695.00,1083.00,129.00,75.00,6.9916,-1,-1,-1
1860,6,1211.00,1125.00,118.00,62.00,6.2353,-1,-1,-1
1861,10,1693.00,1079.00,132.00,82.00,7.0375,-1,-1,-1
1861,6,1209.00,1127.00,118.00,62.00,6.4596,-1,-1,-1
1862,10,1690.00,1080.00,134.00,82.00,7.0889,-1,-1,-1
1862,6,1203.00,1127.00,124.00,61.00,6.6048,-1,-1,-1
1863,10,1689.00,1078.00,136.00,83.00,7.1406,-1,-1,-1
1863,6,1202.00,1130.00,116.00,58.00,6.5289,-1,-1,-1
1864,10,1689.00,1078.00,134.00,82.00,7.1779,-1,-1,-1
1864,6,1202.00,1132.00,120.00,56.00,6.6468,-1,-1,-1
1865,10,1688.00,1078.00,134.00,84.00,7.2026,-1,-1,-1
1865,6,1200.00,1134.00,124.00,53.00,6.7365,-1,-1,-1
1866,10,1685.00,1079.00,134.00,83.00,7.2082,-1,-1,-1
1866,6,1202.00,1135.00,117.00,55.00,6.7895,-1,-1,-1
1867,10,1682.00,1082.00,133.00,81.00,7.2387,-1,-1,-1
1867,6,1200.00,1134.00,126.00,57.00,6.8968,-1,-1,-1
1868,10,1679.00,1083.00,133.00,81.00,7.2793,-1,-1,-1
1868,6,1199.00,1136.00,123.00,55.00,6.8974,-1,-1,-1
1869,10,1682.00,1087.00,129.00,78.00,7.1362,-1,-1,-1
1869,6,1200.00,1141.00,118.00,51.00,6.8271,-1,-1,-1
1870,10,1680.00,1086.00,132.00,78.00,7.0515,-1,-1,-1
1870,6,1207.00,1142.00,112.00,50.00,6.6937,-1,-1,-1
1871,10,1676.00,1084.00,137.00,80.00,7.0230,-1,-1,-1
1871,6,1197.00,1143.00,118.00,52.00,6.5824,-1,-1,-1
1872,10,1672.00,1082.00,141.00,84.00,7.0892,-1,-1,-1
1872,6,1203.00,1145.00,113.00,51.00,6.6257,-1,-1,-1
1873,10,1672.00,1079.00,141.00,87.00,7.1852,-1,-1,-1
1873,6,1208.00,1149.00,103.00,49.00,6.5234,-1,-1,-1
1874,10,1673.00,1081.00,140.00,86.00,7.2360,-1,-1,-1
1874,6,1196.00,1148.00,117.00,51.00,6.6132,-1,-1,-1
1875,10,1674.00,1083.00,140.00,83.00,7.2035,-1,-1,-1
1875,6,1215.00,1153.00,93.00,46.00,6.5488,-1,-1,-1
1876,10,1675.00,1087.00,138.00,80.00,7.1950,-1,-1,-1
1876,6,1193.00,1150.00,115.00,53.00,6.5542,-1,-1,-1
1877,10,1676.00,1089.00,137.00,78.00,7.1692,-1,-1,-1
1877,6,1198.00,1150.00,112.00,53.00,6.6521,-1,-1,-1
1878,10,1673.00,1086.00,139.00,79.00,7.1862,-1,-1,-1
1878,6,1194.00,1150.00,113.00,55.00,6.7041,-1,-1,-1
1879,10,1671.00,1086.00,143.00,82.00,7.2081,-1,-1,-1
1879,6,1194.00,1150.00,115.00,58.00,6.8355,-1,-1,-1
1880,10,1673.00,1085.00,142.00,82.00,7.1885,-1,-1,-1
1880,6,1194.00,1152.00,117.00,58.00,6.9640,-1,-1,-1
1881,6,1193.00,1151.00,116.00,60.00,7.0737,-1,-1,-1
1881,10,1678.00,1087.00,136.00,80.00,7.0427,-1,-1,-1
1882,6,1194.00,1152.00,114.00,59.00,7.1660,-1,-1,-1
1882,10,1675.00,1087.00,140.00,80.00,6.9818,-1,-1,-1
1883,6,1191.00,1150.00,118.00,63.00,7.1913,-1,-1,-1
1883,10,1671.00,1086.00,142.00,82.00,7.0343,-1,-1,-1
1884,6,1193.00,1152.00,118.00,63.00,7.2395,-1,-1,-1
1884,10,1673.00,1086.00,140.00,83.00,7.0889,-1,-1,-1
1885,6,1195.00,1156.00,113.00,58.00,7.2511,-1,-1,-1
1885,10,1673.00,1085.00,140.00,85.00,7.1491,-1,-1,-1
1886,6,1195.00,1157.00,115.00,59.00,7.2438,-1,-1,-1
1886,10,1673.00,1088.00,141.00,83.00,7.1559,-1,-1,-1
1887,6,1195.00,1158.00,117.00,60.00,7.2654,-1,-1,-1
1887,10,1674.00,1089.00,139.00,81.00,7.1475,-1,-1,-1
1888,6,1211.00,1160.00,106.00,58.00,7.1458,-1,-1,-1
1888,10,1676.00,1093.00,137.00,77.00,7.0815,-1,-1,-1
1889,6,1200.00,1161.00,115.00,59.00,7.1286,-1,-1,-1
1889,10,1676.00,1095.00,137.00,78.00,7.0384,-1,-1,-1
1890,6,1198.00,1161.00,118.00,61.00,7.0870,-1,-1,-1
1890,10,1677.00,1093.00,135.00,79.00,7.0072,-1,-1,-1
1891,6,1203.00,1162.00,116.00,58.00,7.0736,-1,-1,-1
1891,10,1678.00,1099.00,134.00,72.00,7.0347,-1,-1,-1
1892,10,1679.00,1097.00,133.00,76.00,7.0546,-1,-1,-1
1892,6,1205.00,1162.00,113.00,60.00,7.0460,-1,-1,-1
1893,6,1212.00,1164.00,107.00,58.00,7.0803,-1,-1,-1
1893,10,1681.00,1098.00,134.00,76.00,6.9975,-1,-1,-1
1894,6,1207.00,1165.00,112.00,59.00,7.0613,-1,-1,-1
1894,10,1681.00,1096.00,136.00,79.00,6.9271,-1,-1,-1
1895,6,1203.00,1167.00,114.00,59.00,7.0655,-1,-1,-1
1895,10,1683.00,1098.00,133.00,76.00,6.9628,-1,-1,-1
1896,6,1203.00,1168.00,116.00,58.00,7.0627,-1,-1,-1
1896,10,1681.00,1096.00,134.00,78.00,7.0220,-1,-1,-1
1897,6,1201.00,1170.00,117.00,58.00,7.0691,-1,-1,-1
1897,10,1681.00,1099.00,132.00,73.00,7.0651,-1,-1,-1
1898,10,1684.00,1100.00,135.00,72.00,7.1159,-1,-1,-1
1898,6,1204.00,1171.00,118.00,57.00,7.0748,-1,-1,-1
1899,10,1684.00,1097.00,139.00,78.00,7.1841,-1,-1,-1
1899,6,1202.00,1172.00,126.00,59.00,7.0081,-1,-1,-1
1900,10,1688.00,1100.00,137.00,74.00,7.2071,-1,-1,-1
1900,6,1208.00,1172.00,118.00,58.00,6.9315,-1,-1,-1
1901,10,1684.00,1099.00,141.00,77.00,7.2719,-1,-1,-1
1901,6,1205.00,1173.00,126.00,59.00,6.9383,-1,-1,-1
1902,10,1687.00,1105.00,139.00,68.00,7.2889,-1,-1,-1
1902,6,1206.00,1173.00,126.00,61.00,6.9562,-1,-1,-1
1903,10,1693.00,1105.00,132.00,66.00,7.3018,-1,-1,-1
1903,6,1215.00,1177.00,117.00,56.00,6.9720,-1,-1,-1
1904,10,1697.00,1105.00,133.00,66.00,7.2754,-1,-1,-1
1904,6,1216.00,1179.00,117.00,56.00,6.9738,-1,-1,-1
1905,10,1724.00,1110.00,108.00,56.00,7.1668,-1,-1,-1
1905,6,1221.00,1181.00,113.00,54.00,6.8938,-1,-1,-1
1906,10,1720.00,1109.00,114.00,59.00,7.0923,-1,-1,-1
1906,6,1221.00,1180.00,117.00,55.00,6.7131,-1,-1,-1
1907,10,1724.00,1112.00,112.00,55.00,7.0425,-1,-1,-1
1907,6,1231.00,1181.00,104.00,54.00,6.5489,-1,-1,-1
1908,10,1719.00,1110.00,118.00,58.00,6.9777,-1,-1,-1
1908,6,1231.00,1182.00,108.00,54.00,6.4705,-1,-1,-1
1909,10,1720.00,1111.00,118.00,61.00,6.9199,-1,-1,-1
1909,6,1247.00,1184.00,92.00,50.00,6.5187,-1,-1,-1
1910,10,1708.00,1108.00,131.00,67.00,6.9311,-1,-1,-1
1910,6,1236.00,1184.00,106.00,53.00,6.5731,-1,-1,-1
1911,10,1714.00,1107.00,128.00,66.00,6.9699,-1,-1,-1
1911,6,1235.00,1184.00,112.00,55.00,6.6083,-1,-1,-1
1912,10,1719.00,1106.00,124.00,68.00,6.9811,-1,-1,-1
1912,6,1233.00,1184.00,116.00,57.00,6.6748,-1,-1,-1
1913,10,1718.00,1105.00,127.00,71.00,7.0080,-1,-1,-1
1913,6,1246.00,1187.00,104.00,52.00,6.7404,-1,-1,-1
1914,10,1730.00,1109.00,119.00,68.00,6.8817,-1,-1,-1
1914,6,1245.00,1186.00,109.00,56.00,6.7513,-1,-1,-1
1915,10,1722.00,1105.00,129.00,74.00,6.8816,-1,-1,-1
1915,6,1247.00,1187.00,109.00,56.00,6.7787,-1,-1,-1
1916,10,1721.00,1103.00,131.00,74.00,6.9201,-1,-1,-1
1916,6,1245.00,1189.00,110.00,59.00,6.8812,-1,-1,-1
1917,6,1245.00,1189.00,115.00,60.00,6.9730,-1,-1,-1
1917,10,1724.00,1103.00,132.00,74.00,6.9289,-1,-1,-1
1918,6,1254.00,1191.00,107.00,57.00,7.0243,-1,-1,-1
1918,10,1727.00,1104.00,133.00,73.00,6.8944,-1,-1,-1
1919,6,1252.00,1193.00,111.00,55.00,7.0720,-1,-1,-1
1919,10,1736.00,1105.00,129.00,72.00,6.9276,-1,-1,-1
1920,6,1256.00,1191.00,120.00,58.00,7.0161,-1,-1,-1
1920,10,1741.00,1106.00,127.00,72.00,6.9509,-1,-1,-1
1921,10,1740.00,1106.00,129.00,73.00,6.9991,-1,-1,-1
1921,6,1255.00,1193.00,125.00,58.00,6.9482,-1,-1,-1
1922,10,1736.00,1104.00,136.00,78.00,7.0710,-1,-1,-1
1922,6,1263.00,1194.00,113.00,56.00,6.7955,-1,-1,-1
1923,10,1739.00,1111.00,132.00,69.00,7.1128,-1,-1,-1
1923,6,1266.00,1195.00,113.00,59.00,6.7431,-1,-1,-1
1924,10,1743.00,1109.00,134.00,70.00,7.1207,-1,-1,-1
1924,6,1270.00,1194.00,115.00,60.00,6.6627,-1,-1,-1
1925,10,1749.00,1108.00,132.00,71.00,7.1280,-1,-1,-1
1925,6,1271.00,1195.00,118.00,60.00,6.6199,-1,-1,-1
1926,10,1752.00,1108.00,132.00,73.00,7.1150,-1,-1,-1
1926,6,1274.00,1197.00,119.00,59.00,6.6038,-1,-1,-1
1927,10,1755.00,1108.00,129.00,75.00,7.1527,-1,-1,-1
1927,6,1281.00,1199.00,118.00,60.00,6.6447,-1,-1,-1
1928,10,1756.00,1108.00,132.00,76.00,7.1733,-1,-1,-1
1928,6,1282.00,1197.00,120.00,63.00,6.7208,-1,-1,-1
1929,10,1761.00,1107.00,132.00,77.00,7.2141,-1,-1,-1
1929,6,1292.00,1199.00,114.00,62.00,6.5933,-1,-1,-1
1930,10,1759.00,1108.00,135.00,76.00,7.3057,-1,-1,-1
1930,6,1293.00,1199.00,116.00,63.00,6.6923,-1,-1,-1
1931,10,1762.00,1106.00,138.00,79.00,7.3839,-1,-1,-1
1931,6,1302.00,1200.00,109.00,61.00,6.6736,-1,-1,-1
1932,10,1766.00,1107.00,135.00,79.00,7.4193,-1,-1,-1
1932,6,1299.00,1204.00,111.00,60.00,6.6828,-1,-1,-1
1933,10,1767.00,1107.00,139.00,79.00,7.4426,-1,-1,-1
1933,6,1305.00,1206.00,108.00,58.00,6.7071,-1,-1,-1
1934,10,1772.00,1108.00,137.00,78.00,7.4266,-1,-1,-1
1934,6,1306.00,1206.00,112.00,61.00,6.8290,-1,-1,-1
1935,10,1776.00,1108.00,134.00,79.00,7.4552,-1,-1,-1
1935,6,1312.00,1207.00,110.00,59.00,6.9028,-1,-1,-1
1936,10,1779.00,1111.00,133.00,76.00,7.3963,-1,-1,-1
1936,6,1313.00,1208.00,111.00,60.00,6.9703,-1,-1,-1
1937,10,1780.00,1113.00,139.00,74.00,7.3071,-1,-1,-1
1937,6,1315.00,1209.00,112.00,60.00,7.0174,-1,-1,-1
1938,10,1786.00,1115.00,136.00,73.00,7.2457,-1,-1,-1
1938,6,1316.00,1211.00,114.00,59.00,7.0205,-1,-1,-1
1939,10,1788.00,1114.00,137.00,74.00,7.1847,-1,-1,-1
1939,6,1313.00,1211.00,122.00,64.00,7.0330,-1,-1,-1
1940,10,1793.00,1114.00,136.00,73.00,7.1716,-1,-1,-1
1940,6,1325.00,1215.00,110.00,58.00,7.0487,-1,-1,-1
1941,10,1800.00,1117.00,130.00,70.00,7.0827,-1,-1,-1
1941,6,1327.00,1215.00,113.00,62.00,7.0438,-1,-1,-1
1942,10,1803.00,1113.00,131.00,73.00,7.0594,-1,-1,-1
1942,6,1330.00,1216.00,122.00,61.00,7.0259,-1,-1,-1
1943,6,1335.00,1212.00,119.00,67.00,7.0617,-1,-1,-1
1943,10,1807.00,1113.00,130.00,74.00,6.9961,-1,-1,-1
1944,6,1337.00,1214.00,122.00,66.00,7.0863,-1,-1,-1
1944,10,1808.00,1115.00,134.00,73.00,6.9587,-1,-1,-1
1945,6,1346.00,1215.00,113.00,64.00,7.0534,-1,-1,-1
1945,10,1813.00,1117.00,131.00,70.00,6.9541,-1,-1,-1
1946,6,1350.00,1217.00,112.00,63.00,7.0434,-1,-1,-1
1946,10,1813.00,1116.00,137.00,72.00,7.0373,-1,-1,-1
1947,10,1817.00,1117.00,138.00,72.00,7.1031,-1,-1,-1
1947,6,1354.00,1217.00,117.00,65.00,7.0769,-1,-1,-1
1948,10,1820.00,1118.00,137.00,74.00,7.1747,-1,-1,-1
1948,6,1360.00,1218.00,114.00,65.00,7.0676,-1,-1,-1
1949,10,1824.00,1119.00,132.00,74.00,7.2657,-1,-1,-1
1949,6,1372.00,1221.00,105.00,62.00,7.1079,-1,-1,-1
1950,10,1830.00,1118.00,135.00,72.00,7.2353,-1,-1,-1
1950,6,1377.00,1222.00,104.00,61.00,7.1306,-1,-1,-1
1951,10,1832.00,1123.00,138.00,68.00,7.2350,-1,-1,-1
1951,6,1377.00,1221.00,113.00,62.00,7.1993,-1,-1,-1
1952,6,1383.00,1224.00,113.00,61.00,7.2063,-1,-1,-1
1952,10,1842.00,1121.00,132.00,67.00,7.1904,-1,-1,-1
1953,10,1842.00,1119.00,139.00,72.00,7.2252,-1,-1,-1
1953,6,1386.00,1226.00,111.00,60.00,7.1496,-1,-1,-1
1954,6,1395.00,1227.00,108.00,61.00,7.1634,-1,-1,-1
1954,10,1852.00,1120.00,129.00,71.00,7.1513,-1,-1,-1
1955,6,1399.00,1229.00,107.00,58.00,7.0922,-1,-1,-1
1955,10,1856.00,1118.00,132.00,68.00,7.0383,-1,-1,-1
1956,6,1400.00,1229.00,110.00,63.00,7.0864,-1,-1,-1
1956,10,1862.00,1118.00,131.00,68.00,7.0059,-1,-1,-1
1957,6,1401.00,1231.00,115.00,62.00,7.1323,-1,-1,-1
1957,10,1866.00,1119.00,131.00,67.00,7.0303,-1,-1,-1
1958,6,1411.00,1232.00,110.00,62.00,7.1590,-1,-1,-1
1958,10,1870.00,1117.00,133.00,67.00,7.0984,-1,-1,-1
1959,6,1407.00,1230.00,120.00,68.00,7.2159,-1,-1,-1
1959,10,1877.00,1116.00,131.00,68.00,7.0324,-1,-1,-1
1960,6,1411.00,1231.00,122.00,68.00,7.2732,-1,-1,-1
1960,10,1881.00,1117.00,128.00,68.00,6.9803,-1,-1,-1
1961,6,1417.00,1233.00,115.00,65.00,7.3051,-1,-1,-1
1961,10,1883.00,1116.00,129.00,68.00,7.0431,-1,-1,-1
1962,6,1431.00,1235.00,109.00,62.00,7.3258,-1,-1,-1
1962,10,1892.00,1115.00,125.00,68.00,7.1205,-1,-1,-1
1963,6,1427.00,1234.00,118.00,68.00,7.3437,-1,-1,-1
1963,10,1894.00,1113.00,132.00,71.00,7.1949,-1,-1,-1
1964,6,1435.00,1235.00,113.00,66.00,7.3210,-1,-1,-1
1964,10,1896.00,1112.00,133.00,71.00,7.2428,-1,-1,-1
1965,6,1438.00,1235.00,116.00,69.00,7.3709,-1,-1,-1
1965,10,1904.00,1111.00,127.00,72.00,7.2021,-1,-1,-1
1966,6,1442.00,1237.00,111.00,65.00,7.4213,-1,-1,-1
1966,10,1905.00,1108.00,129.00,73.00,7.2713,-1,-1,-1
1967,6,1444.00,1231.00,120.00,69.00,7.4610,-1,-1,-1
1967,10,1908.00,1102.00,130.00,72.00,7.3095,-1,-1,-1
1968,6,1451.00,1228.00,117.00,64.00,7.3937,-1,-1,-1
1968,10,1916.00,1099.00,128.00,72.00,7.3693,-1,-1,-1
1969,10,1916.00,1088.00,135.00,76.00,7.3852,-1,-1,-1
1969,6,1458.00,1221.00,115.00,65.00,7.3547,-1,-1,-1
1970,10,1920.00,1084.00,133.00,75.00,7.4072,-1,-1,-1
1970,6,1464.00,1215.00,115.00,65.00,7.3581,-1,-1,-1
1971,10,1927.00,1078.00,129.00,73.00,7.4266,-1,-1,-1
1971,6,1468.00,1210.00,112.00,67.00,7.4247,-1,-1,-1
1972,6,1467.00,1204.00,117.00,71.00,7.4895,-1,-1,-1
1972,10,1925.00,1071.00,131.00,75.00,7.3558,-1,-1,-1
1973,6,1475.00,1202.00,114.00,65.00,7.5092,-1,-1,-1
1973,10,1926.00,1061.00,136.00,77.00,7.3986,-1,-1,-1
1974,6,1479.00,1199.00,111.00,66.00,7.5211,-1,-1,-1
1974,10,1936.00,1061.00,128.00,73.00,7.3960,-1,-1,-1
1975,6,1485.00,1196.00,107.00,67.00,7.5574,-1,-1,-1
1975,10,1942.00,1055.00,127.00,74.00,7.3705,-1,-1,-1
1976,6,1489.00,1195.00,106.00,68.00,7.5829,-1,-1,-1
1976,10,1937.00,1051.00,134.00,76.00,7.3964,-1,-1,-1
1977,6,1497.00,1193.00,102.00,66.00,7.5812,-1,-1,-1
1977,10,1940.00,1048.00,135.00,76.00,7.4698,-1,-1,-1
1978,6,1497.00,1191.00,106.00,70.00,7.5968,-1,-1,-1
1978,10,1945.00,1045.00,132.00,76.00,7.4922,-1,-1,-1
1979,6,1499.00,1189.00,110.00,73.00,7.6005,-1,-1,-1
1979,10,1945.00,1044.00,130.00,75.00,7.4473,-1,-1,-1
1980,6,1502.00,1192.00,114.00,72.00,7.5154,-1,-1,-1
1980,10,1947.00,1040.00,134.00,77.00,7.3107,-1,-1,-1
1981,6,1514.00,1193.00,102.00,69.00,7.4958,-1,-1,-1
1981,10,1952.00,1039.00,133.00,77.00,7.2625,-1,-1,-1
1982,6,1515.00,1195.00,105.00,70.00,7.5127,-1,-1,-1
1982,10,1951.00,1038.00,140.00,76.00,7.2974,-1,-1,-1
1983,6,1523.00,1197.00,99.00,65.00,7.4552,-1,-1,-1
1983,10,1962.00,1039.00,130.00,72.00,7.2715,-1,-1,-1
1984,6,1524.00,1199.00,103.00,63.00,7.4303,-1,-1,-1
1984,10,1965.00,1039.00,129.00,72.00,7.2584,-1,-1,-1
1985,6,1531.00,1201.00,102.00,60.00,7.3812,-1,-1,-1
1985,10,1962.00,1035.00,138.00,77.00,7.2751,-1,-1,-1
1986,6,1534.00,1201.00,102.00,64.00,7.3444,-1,-1,-1
1986,10,1967.00,1033.00,136.00,80.00,7.3030,-1,-1,-1
1987,10,1968.00,1030.00,135.00,84.00,7.3572,-1,-1,-1
1987,6,1533.00,1205.00,105.00,64.00,7.3484,-1,-1,-1
1988,6,1535.00,1206.00,107.00,66.00,7.3957,-1,-1,-1
1988,10,1972.00,1029.00,133.00,82.00,7.3502,-1,-1,-1
1989,6,1537.00,1206.00,108.00,67.00,7.4276,-1,-1,-1
1989,10,1972.00,1029.00,135.00,81.00,7.3613,-1,-1,-1
1990,6,1538.00,1207.00,111.00,70.00,7.4650,-1,-1,-1
1990,10,1975.00,1028.00,134.00,81.00,7.3651,-1,-1,-1
1991,6,1542.00,1208.00,108.00,71.00,7.5133,-1,-1,-1
1991,10,1975.00,1026.00,133.00,81.00,7.3505,-1,-1,-1
1992,6,1541.00,1212.00,109.00,71.00,7.5482,-1,-1,-1
1992,10,1976.00,1025.00,130.00,79.00,7.2662,-1,-1,-1
1993,6,1541.00,1212.00,108.00,74.00,7.5539,-1,-1,-1
1993,10,1973.00,1021.00,133.00,84.00,7.2405,-1,-1,-1
1994,6,1541.00,1213.00,107.00,75.00,7.5798,-1,-1,-1
1994,10,1972.00,1023.00,130.00,78.00,7.1824,-1,-1,-1
1995,6,1540.00,1212.00,110.00,82.00,7.6182,-1,-1,-1
1995,10,1971.00,1020.00,130.00,80.00,7.1003,-1,-1,-1
1996,6,1542.00,1214.00,108.00,79.00,7.6266,-1,-1,-1
1996,10,1972.00,1015.00,128.00,79.00,6.9377,-1,-1,-1
1997,6,1546.00,1216.00,103.00,78.00,7.5438,-1,-1,-1
1997,10,1966.00,1012.00,130.00,82.00,6.9247,-1,-1,-1
1998,6,1542.00,1219.00,108.00,80.00,7.4572,-1,-1,-1
1998,10,1968.00,1009.00,126.00,83.00,7.0114,-1,-1,-1
1999,6,1541.00,1224.00,106.00,81.00,7.4593,-1,-1,-1
1999,10,1965.00,1004.00,128.00,88.00,7.0625,-1,-1,-1
2000,6,1541.00,1226.00,105.00,81.00,7.4294,-1,-1,-1
2000,10,1961.00,1002.00,128.00,88.00,7.0648,-1,-1,-1
2001,6,1541.00,1229.00,105.00,83.00,7.4557,-1,-1,-1
2001,10,1958.00,1003.00,126.00,83.00,7.1087,-1,-1,-1
2002,6,1539.00,1231.00,107.00,82.00,7.4455,-1,-1,-1
2002,10,1957.00,998.00,124.00,85.00,7.1310,-1,-1,-1
2003,6,1540.00,1236.00,105.00,79.00,7.4695,-1,-1,-1
2003,10,1955.00,995.00,121.00,85.00,7.0674,-1,-1,-1
2004,6,1543.00,1233.00,102.00,81.00,7.4990,-1,-1,-1
2004,10,1956.00,994.00,117.00,86.00,7.0242,-1,-1,-1
2005,6,1538.00,1237.00,108.00,84.00,7.5288,-1,-1,-1
2005,10,1952.00,991.00,120.00,86.00,7.0098,-1,-1,-1
2006,6,1538.00,1240.00,108.00,83.00,7.4677,-1,-1,-1
2006,10,1951.00,988.00,118.00,89.00,7.0556,-1,-1,-1
2007,6,1543.00,1240.00,104.00,82.00,7.3811,-1,-1,-1
2007,10,1950.00,985.00,116.00,91.00,7.1347,-1,-1,-1
2008,6,1543.00,1242.00,102.00,79.00,7.2957,-1,-1,-1
2008,10,1947.00,984.00,116.00,91.00,7.2342,-1,-1,-1
2009,10,1940.00,980.00,120.00,92.00,7.2761,-1,-1,-1
2009,6,1544.00,1244.00,101.00,80.00,7.2348,-1,-1,-1
2010,10,1935.00,979.00,121.00,91.00,7.3128,-1,-1,-1
2010,6,1543.00,1247.00,103.00,83.00,7.2278,-1,-1,-1
2011,10,1930.00,973.00,123.00,96.00,7.3606,-1,-1,-1
2011,6,1546.00,1248.00,99.00,82.00,7.1916,-1,-1,-1
2012,10,1929.00,969.00,123.00,97.00,7.3773,-1,-1,-1
2012,6,1547.00,1251.00,98.00,82.00,7.2505,-1,-1,-1
2013,10,1924.00,966.00,126.00,97.00,7.3646,-1,-1,-1
2013,6,1546.00,1254.00,100.00,83.00,7.3109,-1,-1,-1
2014,10,1922.00,959.00,123.00,102.00,7.3871,-1,-1,-1
2014,6,1548.00,1255.00,96.00,84.00,7.3759,-1,-1,-1
2015,6,1548.00,1257.00,97.00,80.00,7.4393,-1,-1,-1
2015,10,1922.00,957.00,122.00,100.00,7.4300,-1,-1,-1
2016,10,1917.00,953.00,125.00,105.00,7.4751,-1,-1,-1
2016,6,1551.00,1259.00,95.00,81.00,7.4258,-1,-1,-1
2017,10,1914.00,949.00,126.00,108.00,7.4676,-1,-1,-1
2017,6,1549.00,1261.00,98.00,83.00,7.3953,-1,-1,-1
2018,10,1908.00,946.00,127.00,114.00,7.4448,-1,-1,-1
2018,6,1548.00,1263.00,100.00,85.00,7.3270,-1,-1,-1
2019,10,1908.00,945.00,119.00,111.00,7.4626,-1,-1,-1
2019,6,1552.00,1265.00,94.00,82.00,7.2798,-1,-1,-1
2020,10,1902.00,943.00,123.00,111.00,7.4580,-1,-1,-1
2020,6,1553.00,1265.00,94.00,84.00,7.2177,-1,-1,-1
2021,10,1900.00,940.00,122.00,115.00,7.4244,-1,-1,-1
2021,6,1552.00,1271.00,94.00,86.00,7.2837,-1,-1,-1
2022,10,1893.00,944.00,123.00,107.00,7.3996,-1,-1,-1
2022,6,1552.00,1274.00,93.00,86.00,7.3681,-1,-1,-1
2023,6,1550.00,1276.00,93.00,85.00,7.4586,-1,-1,-1
2023,10,1887.00,938.00,124.00,115.00,7.4130,-1,-1,-1
2024,6,1551.00,1277.00,91.00,87.00,7.5378,-1,-1,-1
2024,10,1885.00,936.00,121.00,110.00,7.4005,-1,-1,-1
2025,6,1555.00,1277.00,87.00,89.00,7.6090,-1,-1,-1
2025,10,1877.00,936.00,118.00,111.00,7.3590,-1,-1,-1
2026,6,1555.00,1279.00,88.00,87.00,7.6715,-1,-1,-1
2026,10,1876.00,932.00,116.00,112.00,7.3659,-1,-1,-1
2027,6,1556.00,1280.00,86.00,90.00,7.7063,-1,-1,-1
2027,10,1869.00,931.00,116.00,110.00,7.3887,-1,-1,-1
2028,6,1557.00,1283.00,84.00,87.00,7.6979,-1,-1,-1
2028,10,1866.00,925.00,116.00,113.00,7.2627,-1,-1,-1
2029,6,1556.00,1283.00,85.00,92.00,7.6694,-1,-1,-1
2029,10,1860.00,921.00,113.00,118.00,7.2493,-1,-1,-1
2030,6,1553.00,1283.00,88.00,97.00,7.6417,-1,-1,-1
2030,10,1859.00,921.00,106.00,116.00,7.2527,-1,-1,-1
2031,6,1554.00,1284.00,88.00,99.00,7.5978,-1,-1,-1
2031,10,1850.00,920.00,110.00,115.00,7.2421,-1,-1,-1
2032,6,1556.00,1285.00,86.00,100.00,7.5552,-1,-1,-1
2032,10,1849.00,916.00,105.00,112.00,7.2097,-1,-1,-1
2033,6,1552.00,1288.00,90.00,102.00,7.6055,-1,-1,-1
2033,10,1839.00,913.00,111.00,122.00,7.2352,-1,-1,-1
2034,6,1551.00,1291.00,91.00,103.00,7.6712,-1,-1,-1
2034,10,1833.00,912.00,109.00,120.00,7.2335,-1,-1,-1
2035,6,1553.00,1294.00,86.00,101.00,7.6958,-1,-1,-1
2035,10,1833.00,909.00,102.00,116.00,7.2166,-1,-1,-1
2036,6,1553.00,1294.00,86.00,105.00,7.6896,-1,-1,-1
2036,10,1828.00,908.00,101.00,117.00,7.2617,-1,-1,-1
2037,6,1553.00,1297.00,84.00,104.00,7.6796,-1,-1,-1
2037,10,1823.00,905.00,100.00,116.00,7.2409,-1,-1,-1
2038,6,1552.00,1299.00,86.00,103.00,7.6647,-1,-1,-1
2038,10,1815.00,904.00,103.00,116.00,7.2178,-1,-1,-1
2039,6,1553.00,1301.00,85.00,102.00,7.6520,-1,-1,-1
2039,10,1816.00,901.00,95.00,110.00,7.2453,-1,-1,-1
2040,6,1555.00,1301.00,82.00,106.00,7.6028,-1,-1,-1
2040,10,1811.00,899.00,93.00,110.00,7.2333,-1,-1,-1
2041,6,1555.00,1303.00,83.00,108.00,7.5484,-1,-1,-1
2041,10,1803.00,896.00,96.00,111.00,7.2800,-1,-1,-1
2042,6,1556.00,1304.00,80.00,110.00,7.4575,-1,-1,-1
2042,10,1802.00,894.00,90.00,114.00,7.3045,-1,-1,-1
2043,6,1562.00,1306.00,73.00,108.00,7.3158,-1,-1,-1
2043,10,1797.00,893.00,89.00,111.00,7.2844,-1,-1,-1
2044,10,1790.00,893.00,90.00,114.00,7.2734,-1,-1,-1
2044,6,1563.00,1307.00,72.00,109.00,7.1694,-1,-1,-1
2045,10,1784.00,892.00,92.00,112.00,7.3101,-1,-1,-1
2045,6,1559.00,1308.00,78.00,115.00,7.1132,-1,-1,-1
2046,10,1781.00,890.00,89.00,115.00,7.3488,-1,-1,-1
2046,6,1559.00,1310.00,80.00,115.00,7.1305,-1,-1,-1
2047,10,1781.00,889.00,82.00,114.00,7.2743,-1,-1,-1
2047,6,1561.00,1315.00,77.00,109.00,7.1491,-1,-1,-1
2048,10,1773.00,888.00,88.00,113.00,7.2598,-1,-1,-1
2048,6,1563.00,1317.00,76.00,107.00,7.1825,-1,-1,-1
2049,10,1770.00,887.00,84.00,114.00,7.2281,-1,-1,-1
2049,6,1565.00,1318.00,75.00,106.00,7.2204,-1,-1,-1
2050,6,1566.00,1321.00,75.00,105.00,7.2604,-1,-1,-1
2050,10,1767.00,884.00,86.00,117.00,7.2403,-1,-1,-1
2051,6,1567.00,1323.00,76.00,104.00,7.2654,-1,-1,-1
2051,10,1762.00,882.00,87.00,120.00,7.2612,-1,-1,-1
2052,6,1567.00,1323.00,78.00,107.00,7.2677,-1,-1,-1
2052,10,1759.00,882.00,86.00,119.00,7.1875,-1,-1,-1
2053,6,1567.00,1320.00,79.00,111.00,7.3130,-1,-1,-1
2053,10,1757.00,881.00,84.00,118.00,7.0140,-1,-1,-1
2054,6,1569.00,1322.00,79.00,112.00,7.3581,-1,-1,-1
2054,10,1752.00,878.00,86.00,120.00,6.9589,-1,-1,-1
2055,6,1571.00,1324.00,80.00,114.00,7.4006,-1,-1,-1
2055,10,1752.00,877.00,82.00,123.00,6.9616,-1,-1,-1
2056,6,1577.00,1323.00,77.00,113.00,7.3960,-1,-1,-1
2056,10,1752.00,876.00,82.00,122.00,7.0147,-1,-1,-1
2057,6,1584.00,1324.00,73.00,110.00,7.3739,-1,-1,-1
2057,10,1751.00,875.00,85.00,122.00,7.0698,-1,-1,-1
2058,6,1588.00,1322.00,75.00,111.00,7.3307,-1,-1,-1
2058,10,1752.00,873.00,86.00,122.00,7.0606,-1,-1,-1
2059,6,1589.00,1323.00,78.00,110.00,7.3364,-1,-1,-1
2059,10,1754.00,872.00,86.00,124.00,7.0358,-1,-1,-1
2060,6,1594.00,1323.00,78.00,114.00,7.3645,-1,-1,-1
2060,10,1756.00,871.00,88.00,123.00,7.0039,-1,-1,-1
2061,6,1601.00,1322.00,76.00,111.00,7.3732,-1,-1,-1
2061,10,1759.00,870.00,91.00,124.00,7.0495,-1,-1,-1
2062,6,1608.00,1319.00,72.00,110.00,7.3490,-1,-1,-1
2062,10,1763.00,870.00,90.00,120.00,7.1300,-1,-1,-1
2063,6,1615.00,1321.00,72.00,109.00,7.3750,-1,-1,-1
2063,10,1767.00,867.00,89.00,123.00,7.1768,-1,-1,-1
2064,6,1616.00,1319.00,75.00,113.00,7.3365,-1,-1,-1
2064,10,1771.00,867.00,85.00,122.00,7.2040,-1,-1,-1
2065,6,1623.00,1321.00,74.00,107.00,7.2947,-1,-1,-1
2065,10,1773.00,864.00,85.00,126.00,7.1520,-1,-1,-1
2066,6,1632.00,1315.00,71.00,112.00,7.3039,-1,-1,-1
2066,10,1778.00,863.00,85.00,119.00,7.1322,-1,-1,-1
2067,6,1640.00,1317.00,73.00,108.00,7.2627,-1,-1,-1
2067,10,1782.00,861.00,89.00,125.00,7.1680,-1,-1,-1
2068,6,1646.00,1314.00,77.00,111.00,7.2527,-1,-1,-1
2068,10,1793.00,860.00,84.00,121.00,7.2239,-1,-1,-1
2069,6,1658.00,1310.00,70.00,114.00,7.3009,-1,-1,-1
2069,10,1800.00,859.00,81.00,122.00,7.2325,-1,-1,-1
2070,10,1806.00,857.00,87.00,124.00,7.2659,-1,-1,-1
2070,6,1666.00,1307.00,73.00,116.00,7.2335,-1,-1,-1
2071,10,1816.00,856.00,85.00,121.00,7.3385,-1,-1,-1
2071,6,1672.00,1304.00,74.00,118.00,7.1416,-1,-1,-1
2072,10,1823.00,855.00,83.00,122.00,7.3699,-1,-1,-1
2072,6,1680.00,1305.00,72.00,117.00,7.1386,-1,-1,-1
2073,10,1832.00,854.00,84.00,124.00,7.3325,-1,-1,-1
2073,6,1690.00,1300.00,72.00,119.00,7.1143,-1,-1,-1
2074,10,1840.00,853.00,83.00,122.00,7.4038,-1,-1,-1
2074,6,1696.00,1301.00,78.00,118.00,7.1177,-1,-1,-1
2075,10,1850.00,853.00,77.00,119.00,7.3910,-1,-1,-1
2075,6,1704.00,1303.00,75.00,112.00,7.1753,-1,-1,-1
2076,6,1713.00,1298.00,76.00,121.00,7.2141,-1,-1,-1
2076,10,1853.00,851.00,84.00,127.00,7.1946,-1,-1,-1
2077,10,1866.00,850.00,77.00,121.00,7.2273,-1,-1,-1
2077,6,1723.00,1299.00,74.00,116.00,7.1974,-1,-1,-1
2078,10,1872.00,851.00,79.00,123.00,7.2420,-1,-1,-1
2078,6,1728.00,1302.00,75.00,112.00,7.1995,-1,-1,-1
2079,6,1737.00,1299.00,78.00,114.00,7.2175,-1,-1,-1
2079,10,1880.00,849.00,76.00,124.00,7.0358,-1,-1,-1
2080,6,1746.00,1299.00,78.00,114.00,7.2285,-1,-1,-1
2080,10,1886.00,850.00,80.00,122.00,7.0537,-1,-1,-1
2081,6,1753.00,1299.00,78.00,116.00,7.2187,-1,-1,-1
2081,10,1895.00,850.00,78.00,121.00,7.1000,-1,-1,-1
2082,6,1758.00,1298.00,79.00,115.00,7.1832,-1,-1,-1
2082,10,1904.00,849.00,73.00,119.00,7.0624,-1,-1,-1
2083,6,1767.00,1299.00,80.00,115.00,7.1448,-1,-1,-1
2083,10,1905.00,852.00,82.00,125.00,6.9785,-1,-1,-1
2084,10,1917.00,850.00,76.00,119.00,7.0469,-1,-1,-1
2084,6,1776.00,1300.00,76.00,113.00,7.0336,-1,-1,-1
2085,6,1777.00,1303.00,80.00,110.00,7.1030,-1,-1,-1
2085,10,1924.00,849.00,72.00,121.00,7.0581,-1,-1,-1
2086,6,1786.00,1301.00,80.00,114.00,7.0995,-1,-1,-1
2086,10,1930.00,850.00,72.00,119.00,6.9712,-1,-1,-1
2087,6,1794.00,1299.00,80.00,117.00,7.0810,-1,-1,-1
2087,10,1932.00,854.00,79.00,119.00,6.9357,-1,-1,-1
2088,6,1801.00,1300.00,76.00,115.00,7.0516,-1,-1,-1
2088,10,1942.00,851.00,75.00,118.00,7.0329,-1,-1,-1
2089,6,1802.00,1303.00,78.00,109.00,7.1000,-1,-1,-1
2089,10,1948.00,850.00,73.00,118.00,7.0913,-1,-1,-1
2090,6,1815.00,1302.00,72.00,105.00,7.0597,-1,-1,-1
2090,10,1954.00,850.00,72.00,118.00,7.0076,-1,-1,-1
2091,6,1819.00,1299.00,75.00,109.00,7.0875,-1,-1,-1
2091,10,1957.00,853.00,76.00,120.00,6.9617,-1,-1,-1
2092,6,1826.00,1299.00,72.00,110.00,7.0581,-1,-1,-1
2092,10,1969.00,849.00,68.00,116.00,6.9924,-1,-1,-1
2093,10,1970.00,846.00,74.00,122.00,7.0506,-1,-1,-1
2093,6,1829.00,1299.00,74.00,110.00,7.0299,-1,-1,-1
2094,10,1972.00,844.00,80.00,120.00,7.0499,-1,-1,-1
2094,6,1835.00,1300.00,74.00,108.00,7.0432,-1,-1,-1
2095,10,1981.00,843.00,73.00,120.00,7.0210,-1,-1,-1
2095,6,1842.00,1296.00,73.00,111.00,7.0039,-1,-1,-1
2096,10,1986.00,845.00,73.00,121.00,7.0414,-1,-1,-1
2096,6,1847.00,1296.00,71.00,107.00,6.9922,-1,-1,-1
2097,6,1851.00,1298.00,72.00,106.00,7.0264,-1,-1,-1
2097,10,1993.00,844.00,70.00,120.00,6.9917,-1,-1,-1
2098,6,1855.00,1297.00,71.00,104.00,7.1089,-1,-1,-1
2098,10,1991.00,842.00,79.00,119.00,6.9418,-1,-1,-1
2099,6,1858.00,1295.00,75.00,108.00,7.0850,-1,-1,-1
2099,10,1996.00,842.00,78.00,118.00,6.8995,-1,-1,-1
2100,6,1863.00,1297.00,74.00,107.00,7.1265,-1,-1,-1
2100,10,2000.00,839.00,80.00,120.00,6.8945,-1,-1,-1
2101,6,1870.00,1289.00,69.00,109.00,7.1438,-1,-1,-1
2101,10,2005.00,840.00,80.00,114.00,6.9859,-1,-1,-1
2102,6,1874.00,1287.00,69.00,109.00,7.1526,-1,-1,-1
2102,10,2010.00,840.00,81.00,120.00,7.0294,-1,-1,-1
2103,6,1875.00,1287.00,72.00,114.00,7.1593,-1,-1,-1
2103,10,2013.00,836.00,82.00,123.00,7.0885,-1,-1,-1
2104,10,2016.00,836.00,82.00,116.00,7.1313,-1,-1,-1
2104,6,1884.00,1282.00,69.00,110.00,7.0561,-1,-1,-1
2105,10,2018.00,834.00,85.00,117.00,7.0527,-1,-1,-1
2105,6,1886.00,1281.00,70.00,111.00,6.8914,-1,-1,-1
2106,10,2023.00,833.00,85.00,118.00,6.9519,-1,-1,-1
2106,6,1889.00,1280.00,70.00,113.00,6.7643,-1,-1,-1
2107,10,2025.00,831.00,89.00,125.00,7.0191,-1,-1,-1
2107,6,1893.00,1280.00,68.00,109.00,6.7142,-1,-1,-1
2108,10,2030.00,829.00,86.00,124.00,7.0815,-1,-1,-1
2108,6,1897.00,1278.00,67.00,107.00,6.6906,-1,-1,-1
2109,10,2030.00,828.00,86.00,126.00,7.1479,-1,-1,-1
2109,6,1902.00,1274.00,63.00,107.00,6.6018,-1,-1,-1
2110,10,2033.00,826.00,84.00,126.00,7.1769,-1,-1,-1
2110,6,1902.00,1281.00,66.00,99.00,6.6450,-1,-1,-1
2111,10,2035.00,825.00,83.00,126.00,7.1964,-1,-1,-1
2111,6,1903.00,1282.00,67.00,100.00,6.6525,-1,-1,-1
2112,10,2037.00,824.00,83.00,126.00,7.2244,-1,-1,-1
2112,6,1909.00,1277.00,62.00,97.00,6.6086,-1,-1,-1
2113,10,2038.00,824.00,83.00,120.00,7.1861,-1,-1,-1
2113,6,1910.00,1275.00,64.00,98.00,6.6198,-1,-1,-1
2114,10,2045.00,823.00,76.00,119.00,7.0184,-1,-1,-1
2114,6,1912.00,1271.00,65.00,101.00,6.6169,-1,-1,-1
2115,10,2048.00,821.00,76.00,116.00,6.9354,-1,-1,-1
2115,6,1921.00,1268.00,54.00,89.00,6.6757,-1,-1,-1
2116,10,2051.00,821.00,72.00,114.00,6.7152,-1,-1,-1
2116,6,1915.00,1269.00,63.00,102.00,6.6103,-1,-1,-1
2117,10,2054.00,819.00,71.00,107.00,6.6021,-1,-1,-1
2117,6,1916.00,1268.00,64.00,102.00,6.5504,-1,-1,-1
2118,6,1915.00,1268.00,69.00,104.00,6.6186,-1,-1,-1
2118,10,2053.00,817.00,73.00,110.00,6.5206,-1,-1,-1
2119,6,1919.00,1262.00,66.00,107.00,6.6824,-1,-1,-1
2119,10,2055.00,816.00,72.00,109.00,6.4784,-1,-1,-1
2120,6,1920.00,1261.00,65.00,105.00,6.7570,-1,-1,-1
2120,10,2053.00,815.00,76.00,115.00,6.5148,-1,-1,-1
2121,6,1920.00,1264.00,67.00,106.00,6.8030,-1,-1,-1
2121,10,2052.00,814.00,80.00,117.00,6.5884,-1,-1,-1
2121,15,2637.00,514.00,29.00,29.00,2.4078,-1,-1,-1
2122,6,1922.00,1259.00,63.00,105.00,6.8184,-1,-1,-1
2122,10,2053.00,812.00,79.00,118.00,6.6572,-1,-1,-1
2122,15,2637.00,515.00,29.00,29.00,2.7923,-1,-1,-1
2123,6,1924.00,1257.00,60.00,104.00,6.7685,-1,-1,-1
2123,10,2053.00,812.00,80.00,116.00,6.7362,-1,-1,-1
2123,15,2637.00,516.00,29.00,29.00,3.2373,-1,-1,-1
2124,10,2054.00,810.00,80.00,117.00,6.8411,-1,-1,-1
2124,6,1924.00,1255.00,60.00,105.00,6.6912,-1,-1,-1
2124,15,2638.00,517.00,29.00,28.00,3.8596,-1,-1,-1
2125,10,2053.00,809.00,82.00,120.00,6.9484,-1,-1,-1
2125,6,1924.00,1254.00,61.00,107.00,6.6240,-1,-1,-1
2125,15,2639.00,518.00,29.00,28.00,4.4079,-1,-1,-1
2126,10,2054.00,808.00,82.00,119.00,7.0489,-1,-1,-1
2126,6,1923.00,1254.00,64.00,109.00,6.6073,-1,-1,-1
2126,15,2639.00,519.00,29.00,28.00,4.8268,-1,-1,-1
2127,10,2055.00,807.00,82.00,119.00,7.1479,-1,-1,-1
2127,6,1923.00,1253.00,66.00,108.00,6.6318,-1,-1,-1
2127,15,2639.00,520.00,29.00,29.00,5.2107,-1,-1,-1
2128,10,2056.00,805.00,81.00,120.00,7.2168,-1,-1,-1
2128,6,1922.00,1251.00,67.00,110.00,6.6637,-1,-1,-1
2128,15,2639.00,521.00,30.00,29.00,5.5198,-1,-1,-1
2129,10,2059.00,804.00,78.00,118.00,7.2544,-1,-1,-1
2129,6,1922.00,1251.00,68.00,108.00,6.7099,-1,-1,-1
2129,15,2639.00,521.00,30.00,29.00,5.7834,-1,-1,-1
2130,10,2059.00,804.00,79.00,118.00,7.3033,-1,-1,-1
2130,6,1922.00,1251.00,69.00,107.00,6.7745,-1,-1,-1
2130,15,2639.00,522.00,30.00,29.00,5.9844,-1,-1,-1
2131,10,2059.00,802.00,80.00,121.00,7.3276,-1,-1,-1
2131,6,1921.00,1250.00,70.00,108.00,6.8473,-1,-1,-1
2131,15,2639.00,523.00,30.00,28.00,5.8845,-1,-1,-1
2132,10,2061.00,802.00,79.00,118.00,7.3076,-1,-1,-1
2132,6,1921.00,1249.00,70.00,108.00,6.9256,-1,-1,-1
2132,15,2639.00,524.00,30.00,28.00,5.7249,-1,-1,-1
2133,10,2063.00,800.00,76.00,120.00,7.1375,-1,-1,-1
2133,6,1922.00,1247.00,70.00,107.00,7.0224,-1,-1,-1
2133,15,2638.00,525.00,30.00,29.00,5.5748,-1,-1,-1
2134,6,1921.00,1246.00,71.00,108.00,7.1023,-1,-1,-1
2134,10,2063.00,799.00,76.00,121.00,6.9910,-1,-1,-1
2134,15,2639.00,525.00,30.00,29.00,5.5004,-1,-1,-1
2135,6,1922.00,1245.00,70.00,108.00,7.1696,-1,-1,-1
2135,10,2063.00,797.00,77.00,123.00,6.7953,-1,-1,-1
2135,15,2638.00,525.00,30.00,29.00,5.3819,-1,-1,-1
2136,6,1921.00,1244.00,70.00,108.00,7.2272,-1,-1,-1
2136,10,2068.00,799.00,70.00,114.00,6.5803,-1,-1,-1
2136,15,2638.00,525.00,30.00,29.00,5.1433,-1,-1,-1
2137,6,1921.00,1242.00,70.00,109.00,7.2619,-1,-1,-1
2137,10,2067.00,797.00,71.00,117.00,6.4245,-1,-1,-1
2137,15,2638.00,526.00,30.00,29.00,3.5475,-1,-1,-1
2138,6,1921.00,1241.00,71.00,109.00,7.3163,-1,-1,-1
2138,10,2064.00,795.00,76.00,119.00,6.3721,-1,-1,-1
2138,15,2637.00,526.00,30.00,29.00,2.3817,-1,-1,-1
2139,6,1921.00,1240.00,72.00,110.00,7.3942,-1,-1,-1
2139,10,2063.00,793.00,79.00,119.00,6.4390,-1,-1,-1
2139,15,2637.00,526.00,30.00,29.00,1.5345,-1,-1,-1
2140,6,1922.00,1240.00,73.00,108.00,7.4622,-1,-1,-1
2140,10,2061.00,791.00,83.00,121.00,6.5441,-1,-1,-1
2141,6,1923.00,1239.00,72.00,107.00,7.4895,-1,-1,-1
2141,10,2061.00,790.00,84.00,121.00,6.6459,-1,-1,-1
2142,6,1922.00,1237.00,74.00,106.00,7.5136,-1,-1,-1
2142,10,2062.00,789.00,84.00,121.00,6.7437,-1,-1,-1
2143,6,1923.00,1235.00,75.00,106.00,7.5609,-1,-1,-1
2143,10,2062.00,788.00,86.00,119.00,6.8216,-1,-1,-1
2144,6,1922.00,1232.00,77.00,109.00,7.5827,-1,-1,-1
2144,10,2061.00,787.00,90.00,121.00,6.8868,-1,-1,-1
2145,6,1922.00,1230.00,77.00,112.00,7.5864,-1,-1,-1
2145,10,2061.00,785.00,94.00,123.00,6.9526,-1,-1,-1
2146,6,1922.00,1229.00,78.00,113.00,7.5596,-1,-1,-1
2146,10,2060.00,784.00,96.00,125.00,7.0200,-1,-1,-1
2147,6,1923.00,1228.00,77.00,113.00,7.5258,-1,-1,-1
2147,10,2060.00,782.00,97.00,129.00,7.0768,-1,-1,-1
2148,6,1927.00,1225.00,73.00,114.00,7.4912,-1,-1,-1
2148,10,2060.00,781.00,97.00,128.00,7.1266,-1,-1,-1
2149,6,1928.00,1224.00,72.00,114.00,7.4491,-1,-1,-1
2149,10,2060.00,778.00,98.00,132.00,7.1570,-1,-1,-1
2150,6,1927.00,1226.00,76.00,109.00,7.4250,-1,-1,-1
2150,10,2060.00,776.00,98.00,135.00,7.1856,-1,-1,-1
2151,6,1926.00,1226.00,77.00,109.00,7.4171,-1,-1,-1
2151,10,2061.00,774.00,97.00,135.00,7.1796,-1,-1,-1
2152,6,1928.00,1225.00,74.00,108.00,7.4468,-1,-1,-1
2152,10,2061.00,773.00,99.00,137.00,7.1358,-1,-1,-1
2153,6,1929.00,1222.00,72.00,110.00,7.4818,-1,-1,-1
2153,10,2062.00,775.00,100.00,133.00,7.0567,-1,-1,-1
2154,6,1929.00,1221.00,72.00,110.00,7.4733,-1,-1,-1
2154,10,2065.00,776.00,97.00,129.00,7.0014,-1,-1,-1
2155,6,1930.00,1221.00,71.00,110.00,7.4807,-1,-1,-1
2155,10,2067.00,775.00,96.00,131.00,7.0032,-1,-1,-1
2156,6,1930.00,1219.00,70.00,112.00,7.4585,-1,-1,-1
2156,10,2066.00,774.00,97.00,131.00,6.9883,-1,-1,-1
2157,6,1930.00,1220.00,71.00,111.00,7.4172,-1,-1,-1
2157,10,2066.00,772.00,96.00,132.00,6.9748,-1,-1,-1
2158,6,1929.00,1218.00,73.00,111.00,7.3700,-1,-1,-1
2158,10,2066.00,771.00,97.00,131.00,6.9600,-1,-1,-1
2159,6,1929.00,1219.00,72.00,110.00,7.2932,-1,-1,-1
2159,10,2066.00,770.00,98.00,130.00,6.9785,-1,-1,-1
2160,6,1929.00,1218.00,72.00,111.00,7.1286,-1,-1,-1
2160,10,2065.00,769.00,97.00,130.00,7.0158,-1,-1,-1
2161,10,2066.00,769.00,95.00,128.00,7.0543,-1,-1,-1
2161,6,1932.00,1212.00,70.00,113.00,6.9878,-1,-1,-1
2162,10,2066.00,768.00,95.00,129.00,7.0920,-1,-1,-1
2162,6,1932.00,1212.00,70.00,112.00,6.8682,-1,-1,-1
2163,10,2067.00,767.00,94.00,130.00,7.1301,-1,-1,-1
2163,6,1932.00,1211.00,70.00,111.00,6.7979,-1,-1,-1
2164,10,2067.00,766.00,94.00,130.00,7.1725,-1,-1,-1
2164,6,1932.00,1210.00,71.00,112.00,6.7388,-1,-1,-1
2165,10,2069.00,765.00,90.00,129.00,7.2124,-1,-1,-1
2165,6,1932.00,1209.00,71.00,111.00,6.7445,-1,-1,-1
2166,10,2070.00,765.00,90.00,129.00,7.2557,-1,-1,-1
2166,6,1933.00,1208.00,71.00,112.00,6.7470,-1,-1,-1
2167,10,2070.00,765.00,90.00,128.00,7.2946,-1,-1,-1
2167,6,1932.00,1207.00,74.00,112.00,6.7643,-1,-1,-1
2168,10,2072.00,764.00,86.00,128.00,7.3172,-1,-1,-1
2168,6,1933.00,1206.00,73.00,111.00,6.7960,-1,-1,-1
2169,10,2072.00,762.00,87.00,130.00,7.3275,-1,-1,-1
2169,6,1935.00,1205.00,72.00,109.00,6.8084,-1,-1,-1
2170,10,2073.00,761.00,84.00,128.00,7.2870,-1,-1,-1
2170,6,1937.00,1204.00,70.00,105.00,6.8581,-1,-1,-1
2171,10,2074.00,759.00,83.00,127.00,7.2321,-1,-1,-1
2171,6,1936.00,1203.00,72.00,106.00,6.9385,-1,-1,-1
2172,10,2076.00,757.00,81.00,125.00,7.1536,-1,-1,-1
2172,6,1937.00,1203.00,72.00,105.00,7.0264,-1,-1,-1
2173,6,1938.00,1202.00,71.00,105.00,7.1011,-1,-1,-1
2173,10,2075.00,756.00,82.00,127.00,7.0689,-1,-1,-1
2174,6,1939.00,1201.00,70.00,105.00,7.1615,-1,-1,-1
2174,10,2078.00,754.00,78.00,124.00,6.9817,-1,-1,-1
2175,6,1940.00,1199.00,69.00,106.00,7.2026,-1,-1,-1
2175,10,2078.00,752.00,79.00,126.00,6.8717,-1,-1,-1
2176,6,1940.00,1195.00,70.00,110.00,7.2477,-1,-1,-1
2176,10,2078.00,751.00,79.00,127.00,6.7362,-1,-1,-1
2177,6,1939.00,1193.00,72.00,111.00,7.1925,-1,-1,-1
2177,10,2080.00,751.00,77.00,127.00,6.6455,-1,-1,-1
2178,6,1941.00,1188.00,70.00,112.00,7.1461,-1,-1,-1
2178,10,2081.00,750.00,77.00,127.00,6.4964,-1,-1,-1
2179,6,1943.00,1188.00,69.00,109.00,7.1472,-1,-1,-1
2179,10,2089.00,755.00,66.00,108.00,6.3403,-1,-1,-1
2180,6,1943.00,1187.00,71.00,108.00,7.1893,-1,-1,-1
2180,10,2089.00,754.00,65.00,109.00,6.2216,-1,-1,-1
2181,6,1944.00,1185.00,71.00,108.00,7.1887,-1,-1,-1
2181,10,2091.00,752.00,63.00,105.00,6.1874,-1,-1,-1
2182,6,1943.00,1184.00,75.00,109.00,7.2113,-1,-1,-1
2182,10,2092.00,751.00,63.00,104.00,6.1562,-1,-1,-1
2183,6,1946.00,1180.00,71.00,111.00,7.1997,-1,-1,-1
2183,10,2091.00,750.00,66.00,106.00,6.1925,-1,-1,-1
2184,6,1946.00,1179.00,73.00,112.00,7.2014,-1,-1,-1
2184,10,2092.00,748.00,66.00,107.00,6.2514,-1,-1,-1
2185,6,1946.00,1179.00,73.00,113.00,7.2037,-1,-1,-1
2185,10,2090.00,747.00,69.00,110.00,6.3346,-1,-1,-1
2186,6,1947.00,1178.00,72.00,113.00,7.1619,-1,-1,-1
2186,10,2089.00,746.00,72.00,114.00,6.4441,-1,-1,-1
2187,6,1949.00,1177.00,68.00,111.00,7.0594,-1,-1,-1
2187,10,2089.00,744.00,74.00,117.00,6.5364,-1,-1,-1
2188,6,1949.00,1177.00,69.00,112.00,7.0021,-1,-1,-1
2188,10,2089.00,743.00,75.00,119.00,6.6039,-1,-1,-1
2189,6,1949.00,1176.00,70.00,112.00,6.9665,-1,-1,-1
2189,10,2089.00,742.00,75.00,120.00,6.6823,-1,-1,-1
2190,6,1948.00,1183.00,70.00,103.00,6.9686,-1,-1,-1
2190,10,2089.00,740.00,76.00,121.00,6.7677,-1,-1,-1
2191,6,1950.00,1183.00,69.00,103.00,6.9242,-1,-1,-1
2191,10,2089.00,739.00,77.00,122.00,6.8582,-1,-1,-1
2192,10,2089.00,739.00,77.00,120.00,6.9449,-1,-1,-1
2192,6,1951.00,1182.00,67.00,102.00,6.9086,-1,-1,-1
2193,10,2089.00,738.00,78.00,120.00,7.0141,-1,-1,-1
2193,6,1952.00,1181.00,65.00,102.00,6.9188,-1,-1,-1
2194,10,2089.00,737.00,79.00,121.00,7.0828,-1,-1,-1
2194,6,1952.00,1178.00,65.00,103.00,6.9736,-1,-1,-1
2195,10,2089.00,736.00,79.00,122.00,7.1451,-1,-1,-1
2195,6,1953.00,1177.00,63.00,102.00,7.0275,-1,-1,-1
2196,10,2089.00,734.00,79.00,123.00,7.1939,-1,-1,-1
2196,6,1953.00,1175.00,63.00,102.00,7.1043,-1,-1,-1
2197,10,2090.00,733.00,78.00,122.00,7.2322,-1,-1,-1
2197,6,1953.00,1174.00,63.00,102.00,7.1013,-1,-1,-1
2198,10,2089.00,731.00,80.00,125.00,7.2442,-1,-1,-1
2198,6,1955.00,1171.00,61.00,102.00,7.0749,-1,-1,-1
2199,10,2090.00,730.00,79.00,126.00,7.2441,-1,-1,-1
2199,6,1956.00,1170.00,61.00,102.00,7.1041,-1,-1,-1
2200,10,2089.00,729.00,81.00,129.00,7.2502,-1,-1,-1
2200,6,1955.00,1169.00,64.00,104.00,7.1590,-1,-1,-1
2201,6,1953.00,1167.00,66.00,105.00,7.2391,-1,-1,-1
2201,10,2089.00,727.00,82.00,131.00,7.2259,-1,-1,-1
2202,6,1953.00,1166.00,67.00,105.00,7.2982,-1,-1,-1
2202,10,2089.00,726.00,82.00,130.00,7.1693,-1,-1,-1
2203,6,1953.00,1165.00,69.00,105.00,7.3519,-1,-1,-1
2203,10,2089.00,725.00,82.00,131.00,7.1137,-1,-1,-1
2204,6,1954.00,1165.00,69.00,105.00,7.3803,-1,-1,-1
2204,10,2089.00,723.00,82.00,134.00,6.9871,-1,-1,-1
2205,6,1954.00,1164.00,69.00,105.00,7.3820,-1,-1,-1
2205,10,2088.00,723.00,83.00,134.00,6.8403,-1,-1,-1
2206,6,1954.00,1163.00,69.00,106.00,7.3742,-1,-1,-1
2206,10,2092.00,722.00,78.00,130.00,6.6756,-1,-1,-1
2207,6,1953.00,1162.00,71.00,107.00,7.3903,-1,-1,-1
2207,10,2092.00,721.00,79.00,131.00,6.4709,-1,-1,-1
2208,6,1952.00,1160.00,72.00,108.00,7.4034,-1,-1,-1
2208,10,2093.00,720.00,78.00,131.00,6.3620,-1,-1,-1
2209,6,1954.00,1160.00,71.00,103.00,7.3736,-1,-1,-1
2209,10,2093.00,718.00,79.00,131.00,6.2717,-1,-1,-1
2210,6,1954.00,1158.00,72.00,105.00,7.3300,-1,-1,-1
2210,10,2094.00,718.00,78.00,128.00,6.1413,-1,-1,-1
2211,6,1953.00,1154.00,73.00,110.00,7.3085,-1,-1,-1
2211,10,2110.00,716.00,57.00,99.00,5.9933,-1,-1,-1
2212,6,1954.00,1156.00,74.00,106.00,7.2880,-1,-1,-1
2212,10,2111.00,715.00,56.00,99.00,5.9491,-1,-1,-1
2213,6,1955.00,1153.00,71.00,107.00,7.2777,-1,-1,-1
2213,10,2111.00,714.00,56.00,101.00,5.8902,-1,-1,-1
2214,6,1955.00,1155.00,72.00,105.00,7.2464,-1,-1,-1
2214,10,2103.00,711.00,69.00,118.00,5.8383,-1,-1,-1
2215,6,1956.00,1152.00,71.00,107.00,7.2041,-1,-1,-1
2215,10,2108.00,713.00,61.00,104.00,5.8619,-1,-1,-1
2216,6,1957.00,1151.00,70.00,108.00,7.1603,-1,-1,-1
2216,10,2109.00,711.00,60.00,109.00,5.8295,-1,-1,-1
2217,6,1959.00,1150.00,68.00,107.00,7.1520,-1,-1,-1
2217,10,2109.00,711.00,60.00,108.00,5.8708,-1,-1,-1
2218,6,1960.00,1149.00,67.00,105.00,7.1588,-1,-1,-1
2218,10,2109.00,710.00,61.00,109.00,5.8846,-1,-1,-1
2219,6,1961.00,1148.00,66.00,105.00,7.1086,-1,-1,-1
2219,10,2109.00,707.00,61.00,111.00,5.9624,-1,-1,-1
2220,6,1960.00,1146.00,67.00,108.00,6.9905,-1,-1,-1
2220,10,2110.00,707.00,61.00,111.00,6.1132,-1,-1,-1
2221,6,1962.00,1142.00,67.00,110.00,6.9279,-1,-1,-1
2221,10,2111.00,706.00,61.00,114.00,6.1215,-1,-1,-1
2222,6,1963.00,1140.00,66.00,109.00,6.9545,-1,-1,-1
2222,10,2112.00,705.00,61.00,117.00,6.0199,-1,-1,-1
2223,6,1963.00,1138.00,67.00,109.00,7.0237,-1,-1,-1
2223,10,2112.00,705.00,61.00,116.00,5.9554,-1,-1,-1
2224,6,1963.00,1136.00,67.00,111.00,7.0758,-1,-1,-1
2224,10,2119.00,704.00,52.00,94.00,5.9067,-1,-1,-1
2225,6,1963.00,1135.00,68.00,112.00,7.1176,-1,-1,-1
2225,10,2112.00,703.00,63.00,113.00,5.9854,-1,-1,-1
2226,6,1963.00,1134.00,70.00,114.00,7.1477,-1,-1,-1
2226,10,2110.00,702.00,67.00,114.00,6.1525,-1,-1,-1
2227,6,1963.00,1134.00,70.00,114.00,7.1524,-1,-1,-1
2227,10,2108.00,701.00,71.00,117.00,6.3023,-1,-1,-1
2228,6,1965.00,1134.00,68.00,113.00,7.1080,-1,-1,-1
2228,10,2106.00,700.00,75.00,119.00,6.4348,-1,-1,-1
2229,6,1965.00,1134.00,69.00,111.00,7.0841,-1,-1,-1
2229,10,2107.00,700.00,75.00,114.00,6.5489,-1,-1,-1
2230,6,1966.00,1135.00,68.00,108.00,7.0421,-1,-1,-1
2230,10,2106.00,699.00,78.00,117.00,6.6501,-1,-1,-1
2231,6,1967.00,1135.00,68.00,107.00,7.0140,-1,-1,-1
2231,10,2105.00,698.00,81.00,118.00,6.7371,-1,-1,-1
2232,6,1970.00,1129.00,68.00,111.00,6.9787,-1,-1,-1
2232,10,2106.00,696.00,80.00,120.00,6.8277,-1,-1,-1
2233,6,1970.00,1129.00,68.00,109.00,6.9486,-1,-1,-1
2233,10,2105.00,694.00,83.00,122.00,6.9114,-1,-1,-1
2234,10,2105.00,693.00,83.00,120.00,7.0044,-1,-1,-1
2234,6,1970.00,1128.00,68.00,109.00,6.9205,-1,-1,-1
2235,10,2104.00,692.00,85.00,122.00,7.0955,-1,-1,-1
2235,6,1971.00,1127.00,68.00,108.00,6.8946,-1,-1,-1
2236,10,2105.00,690.00,84.00,122.00,7.1651,-1,-1,-1
2236,6,1971.00,1126.00,69.00,109.00,6.9103,-1,-1,-1
2237,10,2104.00,689.00,86.00,123.00,7.2439,-1,-1,-1
2237,6,1970.00,1132.00,69.00,103.00,6.9497,-1,-1,-1
2238,10,2104.00,687.00,86.00,122.00,7.2989,-1,-1,-1
2238,6,1970.00,1130.00,69.00,103.00,7.0095,-1,-1,-1
2239,10,2105.00,687.00,85.00,121.00,7.3417,-1,-1,-1
2239,6,1971.00,1123.00,68.00,109.00,7.0394,-1,-1,-1
2240,10,2107.00,686.00,82.00,119.00,7.3880,-1,-1,-1
2240,6,1970.00,1122.00,68.00,108.00,7.0917,-1,-1,-1
2241,10,2107.00,684.00,81.00,122.00,7.3994,-1,-1,-1
2241,6,1971.00,1120.00,67.00,108.00,7.1497,-1,-1,-1
2242,10,2108.00,683.00,80.00,123.00,7.3902,-1,-1,-1
2242,6,1973.00,1120.00,65.00,106.00,7.1646,-1,-1,-1
2243,10,2109.00,683.00,79.00,122.00,7.3744,-1,-1,-1
2243,6,1974.00,1119.00,65.00,107.00,7.1835,-1,-1,-1
2244,10,2110.00,682.00,79.00,125.00,7.2869,-1,-1,-1
2244,6,1973.00,1119.00,66.00,106.00,7.2234,-1,-1,-1
2245,10,2111.00,682.00,78.00,122.00,7.2673,-1,-1,-1
2245,6,1974.00,1119.00,66.00,105.00,7.2475,-1,-1,-1
2246,6,1973.00,1117.00,69.00,105.00,7.3088,-1,-1,-1
2246,10,2110.00,681.00,80.00,124.00,7.2598,-1,-1,-1
2247,6,1973.00,1115.00,71.00,107.00,7.3808,-1,-1,-1
2247,10,2110.00,680.00,81.00,126.00,7.2434,-1,-1,-1
2248,6,1973.00,1112.00,73.00,111.00,7.4332,-1,-1,-1
2248,10,2110.00,678.00,82.00,128.00,7.1915,-1,-1,-1
2249,6,1973.00,1111.00,74.00,112.00,7.4713,-1,-1,-1
2249,10,2111.00,677.00,81.00,128.00,7.1278,-1,-1,-1
2250,6,1973.00,1110.00,74.00,111.00,7.4729,-1,-1,-1
2250,10,2112.00,673.00,81.00,133.00,7.0576,-1,-1,-1
2251,6,1974.00,1108.00,74.00,114.00,7.4395,-1,-1,-1
2251,10,2112.00,672.00,81.00,132.00,7.0467,-1,-1,-1
2252,6,1975.00,1107.00,73.00,111.00,7.3754,-1,-1,-1
2252,10,2113.00,672.00,80.00,132.00,7.0147,-1,-1,-1
2253,6,1976.00,1109.00,74.00,107.00,7.3308,-1,-1,-1
2253,10,2113.00,671.00,81.00,132.00,7.0048,-1,-1,-1
2254,6,1978.00,1107.00,72.00,107.00,7.2614,-1,-1,-1
2254,10,2113.00,670.00,82.00,134.00,6.9866,-1,-1,-1
2255,6,1978.00,1106.00,72.00,107.00,7.1822,-1,-1,-1
2255,10,2112.00,669.00,83.00,135.00,6.9453,-1,-1,-1
2256,6,1979.00,1105.00,71.00,106.00,7.1244,-1,-1,-1
2256,10,2114.00,669.00,81.00,132.00,6.9497,-1,-1,-1
2257,6,1978.00,1104.00,73.00,107.00,7.1361,-1,-1,-1
2257,10,2115.00,669.00,80.00,130.00,6.9364,-1,-1,-1
2258,6,1979.00,1103.00,71.00,106.00,7.1187,-1,-1,-1
2258,10,2115.00,669.00,80.00,127.00,6.8920,-1,-1,-1
2259,6,1979.00,1102.00,71.00,107.00,7.1363,-1,-1,-1
2259,10,2118.00,670.00,76.00,122.00,6.8031,-1,-1,-1
2260,6,1979.00,1101.00,70.00,107.00,7.1142,-1,-1,-1
2260,10,2118.00,668.00,77.00,124.00,6.6443,-1,-1,-1
2261,6,1979.00,1100.00,70.00,107.00,7.0739,-1,-1,-1
2261,10,2120.00,665.00,76.00,125.00,6.4267,-1,-1,-1
2262,6,1979.00,1100.00,70.00,105.00,6.9466,-1,-1,-1
2262,10,2120.00,663.00,76.00,126.00,6.2187,-1,-1,-1
2263,6,1982.00,1095.00,66.00,107.00,6.8212,-1,-1,-1
2263,10,2128.00,663.00,63.00,102.00,5.9538,-1,-1,-1
2264,6,1982.00,1094.00,66.00,108.00,6.6722,-1,-1,-1
2264,10,2127.00,661.00,65.00,105.00,5.8181,-1,-1,-1
2265,6,1984.00,1093.00,64.00,108.00,6.5132,-1,-1,-1
2265,10,2125.00,660.00,69.00,109.00,5.7266,-1,-1,-1
2266,6,1985.00,1093.00,65.00,111.00,6.3491,-1,-1,-1
2266,10,2119.00,664.00,77.00,120.00,5.5640,-1,-1,-1
2267,6,1985.00,1092.00,66.00,112.00,6.2697,-1,-1,-1
2267,10,2131.00,660.00,64.00,102.00,5.4650,-1,-1,-1
2268,6,1985.00,1091.00,66.00,113.00,6.2557,-1,-1,-1
2268,10,2132.00,659.00,65.00,100.00,5.4276,-1,-1,-1
2269,6,1985.00,1090.00,67.00,110.00,6.3885,-1,-1,-1
2269,10,2135.00,660.00,63.00,96.00,5.3781,-1,-1,-1
2270,6,1986.00,1088.00,68.00,111.00,6.5438,-1,-1,-1
2270,10,2131.00,658.00,70.00,107.00,5.4739,-1,-1,-1
2271,6,1986.00,1087.00,69.00,111.00,6.6674,-1,-1,-1
2271,10,2128.00,653.00,73.00,117.00,5.6497,-1,-1,-1
2272,6,1986.00,1086.00,70.00,111.00,6.7518,-1,-1,-1
2272,10,2127.00,652.00,74.00,120.00,5.8360,-1,-1,-1
2273,6,1986.00,1084.00,70.00,111.00,6.7612,-1,-1,-1
2273,10,2128.00,651.00,72.00,120.00,5.9975,-1,-1,-1
2274,6,1989.00,1084.00,67.00,108.00,6.7469,-1,-1,-1
2274,10,2129.00,651.00,71.00,120.00,6.0887,-1,-1,-1
2275,6,1989.00,1084.00,68.00,105.00,6.7575,-1,-1,-1
2275,10,2138.00,651.00,60.00,106.00,6.2012,-1,-1,-1
2276,6,1989.00,1082.00,69.00,108.00,6.7932,-1,-1,-1
2276,10,2138.00,649.00,61.00,107.00,6.2961,-1,-1,-1
2277,6,1989.00,1082.00,70.00,107.00,6.8203,-1,-1,-1
2277,10,2140.00,648.00,58.00,107.00,6.3013,-1,-1,-1
2278,6,1990.00,1081.00,68.00,105.00,6.8865,-1,-1,-1
2278,10,2138.00,647.00,62.00,111.00,6.3340,-1,-1,-1
2279,6,1991.00,1081.00,68.00,105.00,6.9404,-1,-1,-1
2279,10,2138.00,646.00,63.00,110.00,6.3885,-1,-1,-1
2280,6,1992.00,1081.00,67.00,104.00,6.9645,-1,-1,-1
2280,10,2139.00,644.00,62.00,107.00,6.4142,-1,-1,-1
2281,6,1994.00,1075.00,64.00,107.00,6.9937,-1,-1,-1
2281,10,2135.00,645.00,69.00,114.00,6.4967,-1,-1,-1
2282,6,1994.00,1074.00,65.00,108.00,7.0127,-1,-1,-1
2282,10,2136.00,641.00,67.00,113.00,6.5547,-1,-1,-1
2283,6,1994.00,1073.00,65.00,108.00,7.0170,-1,-1,-1
2283,10,2137.00,639.00,66.00,113.00,6.5537,-1,-1,-1
2284,6,1995.00,1071.00,64.00,109.00,6.9723,-1,-1,-1
2284,10,2137.00,638.00,66.00,114.00,6.5734,-1,-1,-1
2285,6,1995.00,1071.00,64.00,108.00,6.9421,-1,-1,-1
2285,10,2137.00,636.00,67.00,115.00,6.6054,-1,-1,-1
2286,6,1997.00,1071.00,62.00,107.00,6.9044,-1,-1,-1
2286,10,2138.00,635.00,66.00,114.00,6.5834,-1,-1,-1
2287,6,1997.00,1069.00,63.00,107.00,6.8639,-1,-1,-1
2287,10,2137.00,635.00,68.00,118.00,6.6396,-1,-1,-1
2288,6,1997.00,1068.00,63.00,106.00,6.8274,-1,-1,-1
2288,10,2136.00,634.00,69.00,119.00,6.6410,-1,-1,-1
2289,6,1994.00,1066.00,66.00,109.00,6.7826,-1,-1,-1
2289,10,2136.00,632.00,71.00,120.00,6.6406,-1,-1,-1
2290,6,1994.00,1066.00,67.00,108.00,6.8318,-1,-1,-1
2290,10,2138.00,635.00,69.00,110.00,6.6353,-1,-1,-1
2291,6,1995.00,1066.00,66.00,108.00,6.8690,-1,-1,-1
2291,10,2139.00,634.00,68.00,111.00,6.5764,-1,-1,-1
2292,6,1995.00,1064.00,66.00,108.00,6.8448,-1,-1,-1
2292,10,2139.00,633.00,69.00,113.00,6.4789,-1,-1,-1
2293,6,1998.00,1062.00,63.00,105.00,6.7946,-1,-1,-1
2293,10,2137.00,628.00,74.00,122.00,6.4778,-1,-1,-1
2294,6,1997.00,1060.00,64.00,106.00,6.7391,-1,-1,-1
2294,10,2137.00,627.00,75.00,122.00,6.4578,-1,-1,-1
2295,6,1997.00,1061.00,65.00,103.00,6.7758,-1,-1,-1
2295,10,2144.00,628.00,66.00,105.00,6.4137,-1,-1,-1
2296,6,1997.00,1060.00,65.00,104.00,6.8245,-1,-1,-1
2296,10,2145.00,627.00,64.00,104.00,6.3820,-1,-1,-1
2297,6,1998.00,1059.00,65.00,104.00,6.9132,-1,-1,-1
2297,10,2147.00,625.00,60.00,104.00,6.2825,-1,-1,-1
2298,6,1999.00,1058.00,64.00,102.00,7.0079,-1,-1,-1
2298,10,2157.00,628.00,47.00,80.00,6.1256,-1,-1,-1
2299,6,2000.00,1056.00,64.00,103.00,7.0776,-1,-1,-1
2299,10,2157.00,627.00,47.00,82.00,6.0491,-1,-1,-1
2300,6,2001.00,1054.00,64.00,103.00,7.1181,-1,-1,-1
2300,10,2148.00,624.00,60.00,105.00,6.0226,-1,-1,-1
2301,6,2002.00,1055.00,63.00,102.00,7.1441,-1,-1,-1
2301,10,2147.00,624.00,62.00,107.00,6.0281,-1,-1,-1
2302,6,2003.00,1054.00,63.00,104.00,7.1429,-1,-1,-1
2302,10,2146.00,623.00,63.00,110.00,5.9402,-1,-1,-1
2303,6,2003.00,1055.00,65.00,102.00,7.1411,-1,-1,-1
2303,10,2146.00,624.00,65.00,109.00,6.0204,-1,-1,-1
2304,6,2004.00,1052.00,64.00,105.00,7.0574,-1,-1,-1
2304,10,2146.00,623.00,65.00,109.00,6.1019,-1,-1,-1
2305,6,2003.00,1051.00,66.00,106.00,6.9636,-1,-1,-1
2305,10,2146.00,623.00,66.00,108.00,6.2537,-1,-1,-1
2306,6,2005.00,1046.00,65.00,108.00,6.8851,-1,-1,-1
2306,10,2148.00,623.00,64.00,105.00,6.3719,-1,-1,-1
2307,6,2007.00,1045.00,63.00,108.00,6.7952,-1,-1,-1
2307,10,2149.00,622.00,64.00,105.00,6.4501,-1,-1,-1
2308,6,2008.00,1046.00,63.00,108.00,6.6521,-1,-1,-1
2308,10,2148.00,622.00,66.00,107.00,6.5812,-1,-1,-1
2309,10,2148.00,622.00,66.00,108.00,6.6593,-1,-1,-1
2309,6,2009.00,1048.00,65.00,104.00,6.5555,-1,-1,-1
2310,10,2147.00,622.00,68.00,112.00,6.7316,-1,-1,-1
2310,6,2008.00,1048.00,67.00,106.00,6.4515,-1,-1,-1
2311,10,2147.00,623.00,69.00,114.00,6.7525,-1,-1,-1
2311,6,2007.00,1047.00,69.00,107.00,6.3879,-1,-1,-1
2312,10,2148.00,623.00,68.00,114.00,6.7501,-1,-1,-1
2312,6,2007.00,1048.00,69.00,107.00,6.2964,-1,-1,-1
2313,10,2150.00,623.00,66.00,114.00,6.6386,-1,-1,-1
2313,6,2009.00,1052.00,66.00,106.00,6.2367,-1,-1,-1
2314,10,2150.00,624.00,65.00,109.00,6.5142,-1,-1,-1
2314,6,2010.00,1053.00,65.00,105.00,6.2231,-1,-1,-1
2315,10,2154.00,621.00,62.00,111.00,6.3873,-1,-1,-1
2315,6,2010.00,1055.00,65.00,102.00,6.2964,-1,-1,-1
2316,10,2155.00,621.00,61.00,109.00,6.3920,-1,-1,-1
2316,6,2010.00,1055.00,65.00,103.00,6.3607,-1,-1,-1
2317,10,2152.00,622.00,66.00,111.00,6.4759,-1,-1,-1
2317,6,2010.00,1057.00,66.00,102.00,6.4644,-1,-1,-1
2318,10,2154.00,623.00,63.00,108.00,6.5493,-1,-1,-1
2318,6,2011.00,1057.00,65.00,104.00,6.5404,-1,-1,-1
2319,10,2156.00,622.00,61.00,107.00,6.5486,-1,-1,-1
2319,6,2013.00,1057.00,62.00,102.00,6.4732,-1,-1,-1
2320,10,2158.00,624.00,59.00,106.00,6.5589,-1,-1,-1
2320,6,2016.00,1059.00,59.00,99.00,6.2063,-1,-1,-1
2321,10,2158.00,625.00,60.00,107.00,6.5687,-1,-1,-1
2321,6,2016.00,1058.00,60.00,101.00,6.0749,-1,-1,-1
2322,10,2159.00,627.00,59.00,104.00,6.6274,-1,-1,-1
2322,6,2016.00,1059.00,61.00,103.00,5.8991,-1,-1,-1
2323,10,2159.00,628.00,60.00,104.00,6.7147,-1,-1,-1
2323,6,2015.00,1059.00,63.00,104.00,5.8923,-1,-1,-1
2324,10,2157.00,628.00,64.00,117.00,6.7432,-1,-1,-1
2324,6,2014.00,1062.00,65.00,103.00,6.0084,-1,-1,-1
2325,10,2157.00,630.00,64.00,118.00,6.7535,-1,-1,-1
2325,6,2016.00,1063.00,62.00,102.00,6.0806,-1,-1,-1
2326,10,2165.00,631.00,54.00,97.00,6.7236,-1,-1,-1
2326,6,2016.00,1063.00,64.00,102.00,6.2238,-1,-1,-1
2327,10,2166.00,633.00,54.00,96.00,6.6977,-1,-1,-1
2327,6,2018.00,1061.00,59.00,101.00,6.3082,-1,-1,-1
2328,10,2160.00,633.00,62.00,111.00,6.7932,-1,-1,-1
2328,6,2016.00,1067.00,64.00,106.00,6.3799,-1,-1,-1
2329,10,2161.00,635.00,62.00,110.00,6.8784,-1,-1,-1
2329,6,2017.00,1067.00,63.00,105.00,6.4657,-1,-1,-1
2330,10,2162.00,636.00,62.00,106.00,6.9577,-1,-1,-1
2330,6,2018.00,1069.00,64.00,104.00,6.5458,-1,-1,-1
2331,10,2164.00,638.00,60.00,101.00,6.9385,-1,-1,-1
2331,6,2019.00,1069.00,61.00,101.00,6.6084,-1,-1,-1
2332,10,2163.00,641.00,62.00,102.00,6.9438,-1,-1,-1
2332,6,2020.00,1072.00,61.00,100.00,6.6689,-1,-1,-1
2333,10,2164.00,642.00,61.00,100.00,6.8984,-1,-1,-1
2333,6,2021.00,1074.00,60.00,102.00,6.6744,-1,-1,-1
2334,10,2163.00,642.00,63.00,102.00,6.8223,-1,-1,-1
2334,6,2017.00,1074.00,66.00,106.00,6.7731,-1,-1,-1
2335,6,2019.00,1075.00,64.00,106.00,6.8429,-1,-1,-1
2335,10,2165.00,645.00,61.00,97.00,6.7930,-1,-1,-1
2336,6,2021.00,1076.00,63.00,104.00,6.8523,-1,-1,-1
2336,10,2164.00,646.00,63.00,102.00,6.7776,-1,-1,-1
2337,6,2022.00,1079.00,61.00,104.00,6.8596,-1,-1,-1
2337,10,2164.00,647.00,63.00,104.00,6.7584,-1,-1,-1
2338,6,2021.00,1080.00,62.00,104.00,6.9041,-1,-1,-1
2338,10,2165.00,648.00,63.00,102.00,6.7472,-1,-1,-1
2339,6,2020.00,1081.00,63.00,104.00,6.9305,-1,-1,-1
2339,10,2165.00,649.00,63.00,104.00,6.7159,-1,-1,-1
2340,6,2023.00,1082.00,60.00,101.00,6.9967,-1,-1,-1
2340,10,2166.00,650.00,63.00,103.00,6.7101,-1,-1,-1
2341,6,2025.00,1084.00,57.00,100.00,6.9452,-1,-1,-1
2341,10,2165.00,651.00,65.00,104.00,6.6921,-1,-1,-1
2342,6,2024.00,1085.00,60.00,102.00,6.9033,-1,-1,-1
2342,10,2166.00,650.00,63.00,103.00,6.6888,-1,-1,-1
2343,6,2024.00,1085.00,61.00,101.00,6.9519,-1,-1,-1
2343,10,2166.00,650.00,63.00,105.00,6.6745,-1,-1,-1
2344,6,2024.00,1086.00,63.00,101.00,6.9831,-1,-1,-1
2344,10,2165.00,652.00,66.00,110.00,6.6126,-1,-1,-1
2345,6,2023.00,1086.00,67.00,104.00,6.9894,-1,-1,-1
2345,10,2166.00,653.00,65.00,110.00,6.5380,-1,-1,-1
2346,6,2025.00,1086.00,66.00,102.00,6.9765,-1,-1,-1
2346,10,2167.00,650.00,63.00,108.00,6.5510,-1,-1,-1
2347,6,2025.00,1087.00,67.00,101.00,6.9791,-1,-1,-1
2347,10,2163.00,649.00,70.00,123.00,6.5366,-1,-1,-1
2348,6,2026.00,1086.00,68.00,104.00,6.9268,-1,-1,-1
2348,10,2168.00,651.00,63.00,109.00,6.5536,-1,-1,-1
2349,6,2027.00,1086.00,69.00,103.00,6.9144,-1,-1,-1
2349,10,2169.00,652.00,62.00,107.00,6.5791,-1,-1,-1
2350,6,2027.00,1084.00,70.00,106.00,6.8833,-1,-1,-1
2350,10,2169.00,653.00,64.00,105.00,6.6583,-1,-1,-1
2351,6,2029.00,1084.00,67.00,104.00,6.8341,-1,-1,-1
2351,10,2170.00,652.00,63.00,105.00,6.6772,-1,-1,-1
2352,6,2029.00,1084.00,66.00,104.00,6.7186,-1,-1,-1
2352,10,2171.00,651.00,63.00,106.00,6.6515,-1,-1,-1
2353,10,2170.00,650.00,65.00,110.00,6.5639,-1,-1,-1
2353,6,2030.00,1084.00,64.00,101.00,6.5457,-1,-1,-1
2354,6,2032.00,1082.00,64.00,100.00,6.4711,-1,-1,-1
2354,10,2170.00,650.00,66.00,111.00,6.4515,-1,-1,-1
2355,6,2031.00,1081.00,67.00,102.00,6.4676,-1,-1,-1
2355,10,2165.00,650.00,74.00,123.00,6.3964,-1,-1,-1
2356,6,2031.00,1081.00,67.00,102.00,6.4695,-1,-1,-1
2356,10,2171.00,649.00,65.00,111.00,6.2616,-1,-1,-1
2357,6,2032.00,1081.00,67.00,102.00,6.5157,-1,-1,-1
2357,10,2172.00,646.00,65.00,115.00,6.0276,-1,-1,-1
2358,6,2033.00,1081.00,66.00,101.00,6.5785,-1,-1,-1
2358,10,2171.00,646.00,67.00,116.00,5.8034,-1,-1,-1
2359,6,2034.00,1079.00,65.00,103.00,6.6284,-1,-1,-1
2359,10,2171.00,645.00,67.00,115.00,5.6595,-1,-1,-1
2360,6,2033.00,1079.00,67.00,103.00,6.6965,-1,-1,-1
2360,10,2167.00,646.00,72.00,128.00,5.0192,-1,-1,-1
2361,6,2033.00,1078.00,68.00,104.00,6.7611,-1,-1,-1
2361,10,2172.00,643.00,66.00,113.00,4.9746,-1,-1,-1
2362,6,2034.00,1078.00,68.00,104.00,6.8014,-1,-1,-1
2362,10,2180.00,643.00,54.00,95.00,5.0643,-1,-1,-1
2363,6,2034.00,1075.00,68.00,107.00,6.8010,-1,-1,-1
2363,10,2181.00,641.00,54.00,97.00,5.1933,-1,-1,-1
2364,6,2034.00,1069.00,70.00,112.00,6.7401,-1,-1,-1
2364,10,2180.00,639.00,57.00,101.00,5.3164,-1,-1,-1
2365,6,2035.00,1069.00,70.00,110.00,6.7236,-1,-1,-1
2365,10,2180.00,638.00,58.00,103.00,5.3531,-1,-1,-1
2366,6,2036.00,1067.00,70.00,111.00,6.7019,-1,-1,-1
2366,10,2182.00,639.00,56.00,96.00,5.0205,-1,-1,-1
2367,6,2037.00,1067.00,68.00,111.00,6.6765,-1,-1,-1
2367,10,2180.00,637.00,59.00,100.00,4.9877,-1,-1,-1
2368,6,2037.00,1066.00,69.00,111.00,6.6490,-1,-1,-1
2368,10,2180.00,636.00,60.00,102.00,4.9998,-1,-1,-1
2369,6,2040.00,1060.00,64.00,109.00,6.6299,-1,-1,-1
2369,10,2177.00,635.00,66.00,106.00,5.0299,-1,-1,-1
2370,6,2039.00,1059.00,66.00,110.00,6.6417,-1,-1,-1
2370,10,2178.00,633.00,66.00,104.00,5.1135,-1,-1,-1
2371,6,2038.00,1059.00,67.00,110.00,6.6831,-1,-1,-1
2371,10,2174.00,631.00,73.00,112.00,5.2833,-1,-1,-1
2372,6,2037.00,1058.00,69.00,109.00,6.7402,-1,-1,-1
2372,10,2174.00,630.00,76.00,115.00,5.4804,-1,-1,-1
2373,6,2037.00,1057.00,69.00,109.00,6.8020,-1,-1,-1
2373,10,2174.00,630.00,77.00,115.00,5.6686,-1,-1,-1
2374,6,2038.00,1056.00,68.00,107.00,6.8595,-1,-1,-1
2374,10,2174.00,629.00,78.00,115.00,5.8337,-1,-1,-1
2375,6,2037.00,1058.00,70.00,105.00,6.9299,-1,-1,-1
2375,10,2177.00,627.00,74.00,110.00,5.9619,-1,-1,-1
2376,6,2039.00,1054.00,67.00,106.00,6.9491,-1,-1,-1
2376,10,2178.00,626.00,72.00,109.00,6.0401,-1,-1,-1
2377,6,2038.00,1054.00,69.00,106.00,7.0037,-1,-1,-1
2377,10,2179.00,624.00,70.00,109.00,6.1111,-1,-1,-1
2378,6,2038.00,1053.00,70.00,106.00,7.0329,-1,-1,-1
2378,10,2179.00,623.00,70.00,110.00,6.1495,-1,-1,-1
2379,6,2039.00,1052.00,69.00,104.00,7.0744,-1,-1,-1
2379,10,2178.00,620.00,72.00,118.00,6.1622,-1,-1,-1
2380,6,2041.00,1051.00,67.00,104.00,7.0922,-1,-1,-1
2380,10,2179.00,619.00,72.00,118.00,6.1568,-1,-1,-1
2381,6,2043.00,1050.00,65.00,103.00,7.1203,-1,-1,-1
2381,10,2178.00,618.00,74.00,120.00,6.1960,-1,-1,-1
2382,6,2043.00,1050.00,65.00,102.00,7.1252,-1,-1,-1
2382,10,2179.00,617.00,72.00,117.00,6.2176,-1,-1,-1
2383,6,2042.00,1050.00,66.00,101.00,7.1192,-1,-1,-1
2383,10,2179.00,616.00,72.00,117.00,6.2162,-1,-1,-1
2384,6,2042.00,1049.00,65.00,101.00,7.0155,-1,-1,-1
2384,10,2178.00,616.00,74.00,117.00,6.2866,-1,-1,-1
2385,6,2044.00,1048.00,63.00,100.00,6.9257,-1,-1,-1
2385,10,2185.00,615.00,63.00,105.00,6.3781,-1,-1,-1
2386,6,2045.00,1047.00,63.00,98.00,6.9177,-1,-1,-1
2386,10,2185.00,614.00,65.00,108.00,6.4298,-1,-1,-1
2387,6,2046.00,1043.00,63.00,101.00,6.8475,-1,-1,-1
2387,10,2185.00,613.00,66.00,110.00,6.4879,-1,-1,-1
2388,6,2047.00,1042.00,64.00,97.00,6.7391,-1,-1,-1
2388,10,2185.00,611.00,66.00,111.00,6.4918,-1,-1,-1
2389,6,2048.00,1041.00,64.00,97.00,6.6571,-1,-1,-1
2389,10,2184.00,610.00,69.00,113.00,6.5337,-1,-1,-1
2390,6,2049.00,1041.00,64.00,95.00,6.6193,-1,-1,-1
2390,10,2188.00,610.00,63.00,103.00,6.5339,-1,-1,-1
2391,6,2049.00,1040.00,65.00,96.00,6.6358,-1,-1,-1
2391,10,2187.00,609.00,65.00,106.00,6.5353,-1,-1,-1
2392,6,2049.00,1039.00,67.00,96.00,6.7091,-1,-1,-1
2392,10,2186.00,608.00,67.00,109.00,6.5594,-1,-1,-1
2393,6,2050.00,1036.00,66.00,98.00,6.7871,-1,-1,-1
2393,10,2188.00,607.00,65.00,103.00,6.5814,-1,-1,-1
2394,6,2049.00,1034.00,68.00,100.00,6.8914,-1,-1,-1
2394,10,2188.00,606.00,65.00,105.00,6.6079,-1,-1,-1
2395,6,2049.00,1033.00,69.00,101.00,6.9549,-1,-1,-1
2395,10,2187.00,605.00,68.00,105.00,6.6553,-1,-1,-1
2396,6,2050.00,1032.00,69.00,102.00,7.0009,-1,-1,-1
2396,10,2188.00,603.00,67.00,107.00,6.7251,-1,-1,-1
2397,6,2050.00,1030.00,69.00,105.00,7.0073,-1,-1,-1
2397,10,2187.00,602.00,68.00,109.00,6.8005,-1,-1,-1
2398,6,2050.00,1030.00,70.00,106.00,6.9786,-1,-1,-1
2398,10,2188.00,601.00,68.00,110.00,6.8857,-1,-1,-1
2399,10,2188.00,601.00,69.00,110.00,6.9743,-1,-1,-1
2399,6,2050.00,1029.00,70.00,106.00,6.9360,-1,-1,-1
2400,10,2188.00,601.00,70.00,110.00,7.0428,-1,-1,-1
2400,6,2050.00,1028.00,69.00,106.00,6.8855,-1,-1,-1
2401,10,2188.00,600.00,71.00,113.00,7.1219,-1,-1,-1
2401,6,2050.00,1028.00,69.00,105.00,6.8262,-1,-1,-1
2402,10,2188.00,599.00,72.00,114.00,7.1869,-1,-1,-1
2402,6,2052.00,1022.00,70.00,110.00,6.7501,-1,-1,-1
2403,10,2188.00,597.00,73.00,116.00,7.2432,-1,-1,-1
2403,6,2053.00,1022.00,69.00,108.00,6.7050,-1,-1,-1
2404,10,2188.00,596.00,73.00,114.00,7.3117,-1,-1,-1
2404,6,2054.00,1020.00,70.00,108.00,6.7115,-1,-1,-1
2405,10,2189.00,594.00,72.00,114.00,7.3533,-1,-1,-1
2405,6,2054.00,1018.00,73.00,110.00,6.6999,-1,-1,-1
2406,10,2195.00,594.00,63.00,106.00,7.3313,-1,-1,-1
2406,6,2055.00,1017.00,72.00,109.00,6.7147,-1,-1,-1
2407,10,2196.00,593.00,62.00,105.00,7.3464,-1,-1,-1
2407,6,2055.00,1016.00,72.00,110.00,6.7283,-1,-1,-1
2408,10,2197.00,591.00,62.00,105.00,7.3581,-1,-1,-1
2408,6,2055.00,1014.00,73.00,113.00,6.7275,-1,-1,-1
2409,10,2197.00,589.00,62.00,106.00,7.3253,-1,-1,-1
2409,6,2056.00,1014.00,72.00,112.00,6.7342,-1,-1,-1
2410,10,2197.00,589.00,64.00,109.00,7.3243,-1,-1,-1
2410,6,2058.00,1014.00,69.00,110.00,6.6565,-1,-1,-1
2411,10,2196.00,588.00,65.00,110.00,7.2813,-1,-1,-1
2411,6,2058.00,1014.00,70.00,108.00,6.5959,-1,-1,-1
2412,10,2197.00,586.00,65.00,109.00,7.1662,-1,-1,-1
2412,6,2061.00,1014.00,68.00,102.00,6.6072,-1,-1,-1
2413,10,2195.00,585.00,69.00,112.00,7.1295,-1,-1,-1
2413,6,2062.00,1013.00,67.00,102.00,6.6733,-1,-1,-1
2414,10,2193.00,583.00,72.00,114.00,7.0864,-1,-1,-1
2414,6,2062.00,1012.00,67.00,102.00,6.7484,-1,-1,-1
2415,10,2195.00,583.00,69.00,106.00,6.9918,-1,-1,-1
2415,6,2063.00,1012.00,67.00,102.00,6.7874,-1,-1,-1
2416,10,2196.00,582.00,69.00,107.00,6.8946,-1,-1,-1
2416,6,2063.00,1011.00,67.00,102.00,6.8554,-1,-1,-1
2417,6,2063.00,1011.00,67.00,101.00,6.9270,-1,-1,-1
2417,10,2197.00,581.00,67.00,103.00,6.8157,-1,-1,-1
2418,6,2063.00,1009.00,67.00,103.00,7.0093,-1,-1,-1
2418,10,2195.00,581.00,71.00,106.00,6.7016,-1,-1,-1
2419,6,2063.00,1009.00,68.00,104.00,7.0627,-1,-1,-1
2419,10,2195.00,580.00,72.00,109.00,6.6073,-1,-1,-1
2420,6,2066.00,1007.00,64.00,102.00,7.0885,-1,-1,-1
2420,10,2197.00,580.00,70.00,105.00,6.4796,-1,-1,-1
2421,6,2066.00,1007.00,65.00,102.00,7.1613,-1,-1,-1
2421,10,2197.00,579.00,71.00,107.00,6.3414,-1,-1,-1
2422,6,2066.00,1005.00,67.00,103.00,7.2389,-1,-1,-1
2422,10,2197.00,578.00,71.00,108.00,6.1603,-1,-1,-1
2423,6,2068.00,1004.00,65.00,104.00,7.2895,-1,-1,-1
2423,10,2199.00,578.00,71.00,106.00,6.0701,-1,-1,-1
2424,6,2070.00,1002.00,66.00,106.00,7.3227,-1,-1,-1
2424,10,2199.00,578.00,71.00,106.00,6.0031,-1,-1,-1
2425,6,2070.00,1001.00,67.00,105.00,7.3357,-1,-1,-1
2425,10,2208.00,578.00,57.00,84.00,6.0236,-1,-1,-1
2426,6,2070.00,1001.00,69.00,104.00,7.3434,-1,-1,-1
2426,10,2209.00,577.00,57.00,85.00,6.0600,-1,-1,-1
2427,6,2071.00,1001.00,69.00,104.00,7.3420,-1,-1,-1
2427,10,2207.00,577.00,60.00,88.00,6.0857,-1,-1,-1
2428,6,2073.00,1001.00,67.00,102.00,7.3316,-1,-1,-1
2428,10,2200.00,575.00,73.00,108.00,6.1252,-1,-1,-1
2429,6,2072.00,1001.00,70.00,102.00,7.3399,-1,-1,-1
2429,10,2200.00,575.00,72.00,109.00,6.1383,-1,-1,-1
2430,6,2072.00,1001.00,71.00,103.00,7.3324,-1,-1,-1
2430,10,2200.00,573.00,71.00,113.00,6.1364,-1,-1,-1
2431,6,2072.00,1001.00,72.00,104.00,7.3145,-1,-1,-1
2431,10,2201.00,574.00,69.00,113.00,6.1399,-1,-1,-1
2432,6,2073.00,1002.00,71.00,103.00,7.2352,-1,-1,-1
2432,10,2203.00,574.00,67.00,111.00,6.1313,-1,-1,-1
2433,6,2076.00,1000.00,68.00,102.00,7.1585,-1,-1,-1
2433,10,2200.00,573.00,72.00,129.00,5.4690,-1,-1,-1
2434,6,2075.00,1001.00,71.00,104.00,7.0678,-1,-1,-1
2434,10,2208.00,575.00,61.00,107.00,5.5190,-1,-1,-1
2435,6,2074.00,1007.00,71.00,102.00,7.0306,-1,-1,-1
2435,10,2210.00,576.00,59.00,106.00,5.5880,-1,-1,-1
2436,6,2076.00,1008.00,68.00,102.00,7.0210,-1,-1,-1
2436,10,2209.00,579.00,60.00,106.00,5.6935,-1,-1,-1
2437,6,2075.00,1011.00,74.00,103.00,7.0141,-1,-1,-1
2437,10,2204.00,582.00,68.00,118.00,5.8164,-1,-1,-1
2438,6,2076.00,1009.00,71.00,107.00,6.9799,-1,-1,-1
2438,10,2207.00,586.00,64.00,112.00,5.9153,-1,-1,-1
2439,6,2075.00,1013.00,73.00,108.00,7.0070,-1,-1,-1
2439,10,2207.00,590.00,64.00,108.00,6.0806,-1,-1,-1
2440,6,2075.00,1021.00,77.00,104.00,6.9958,-1,-1,-1
2440,10,2204.00,594.00,71.00,115.00,6.1779,-1,-1,-1
2441,6,2075.00,1028.00,76.00,109.00,6.9607,-1,-1,-1
2441,10,2205.00,599.00,69.00,114.00,6.2894,-1,-1,-1
2442,6,2077.00,1033.00,72.00,106.00,6.9670,-1,-1,-1
2442,10,2202.00,605.00,73.00,117.00,6.4404,-1,-1,-1
2443,6,2077.00,1037.00,73.00,108.00,6.9928,-1,-1,-1
2443,10,2203.00,612.00,74.00,116.00,6.5357,-1,-1,-1
2444,6,2079.00,1046.00,67.00,106.00,6.7970,-1,-1,-1
2444,10,2203.00,622.00,72.00,111.00,6.6307,-1,-1,-1
2445,6,2077.00,1054.00,71.00,108.00,6.8163,-1,-1,-1
2445,10,2205.00,627.00,70.00,111.00,6.7263,-1,-1,-1
2446,10,2204.00,635.00,75.00,118.00,6.7927,-1,-1,-1
2446,6,2081.00,1060.00,67.00,105.00,6.7480,-1,-1,-1
2447,10,2203.00,644.00,76.00,114.00,6.8037,-1,-1,-1
2447,6,2081.00,1068.00,69.00,106.00,6.7653,-1,-1,-1
2448,10,2205.00,649.00,74.00,112.00,6.8521,-1,-1,-1
2448,6,2081.00,1076.00,67.00,105.00,6.7381,-1,-1,-1
2449,10,2207.00,657.00,71.00,116.00,6.9451,-1,-1,-1
2449,6,2082.00,1081.00,68.00,106.00,6.8127,-1,-1,-1
2450,10,2206.00,664.00,73.00,110.00,6.9905,-1,-1,-1
2450,6,2087.00,1087.00,62.00,99.00,6.7020,-1,-1,-1
2451,10,2207.00,672.00,72.00,111.00,7.0062,-1,-1,-1
2451,6,2084.00,1097.00,68.00,104.00,6.7266,-1,-1,-1
2452,10,2208.00,679.00,71.00,118.00,7.0394,-1,-1,-1
2452,6,2083.00,1102.00,69.00,104.00,6.7946,-1,-1,-1
2453,10,2207.00,684.00,72.00,116.00,7.0473,-1,-1,-1
2453,6,2084.00,1107.00,69.00,104.00,6.9162,-1,-1,-1
2454,10,2209.00,692.00,69.00,109.00,7.0463,-1,-1,-1
2454,6,2085.00,1114.00,70.00,104.00,6.9521,-1,-1,-1
2455,10,2209.00,696.00,70.00,124.00,6.9827,-1,-1,-1
2455,6,2089.00,1119.00,63.00,99.00,6.9493,-1,-1,-1
2456,6,2086.00,1126.00,67.00,102.00,7.0149,-1,-1,-1
2456,10,2210.00,705.00,66.00,117.00,6.9923,-1,-1,-1
2457,6,2087.00,1130.00,68.00,103.00,7.1096,-1,-1,-1
2457,10,2210.00,709.00,67.00,113.00,6.9562,-1,-1,-1
2458,6,2087.00,1137.00,66.00,100.00,7.0810,-1,-1,-1
2458,10,2210.00,716.00,68.00,112.00,7.0145,-1,-1,-1
2459,6,2087.00,1142.00,68.00,103.00,7.0896,-1,-1,-1
2459,10,2213.00,722.00,62.00,110.00,6.9950,-1,-1,-1
2460,6,2088.00,1148.00,67.00,101.00,7.1452,-1,-1,-1
2460,10,2210.00,726.00,68.00,121.00,7.0044,-1,-1,-1
2461,6,2090.00,1149.00,67.00,105.00,7.1754,-1,-1,-1
2461,10,2210.00,731.00,69.00,115.00,6.9519,-1,-1,-1
2462,6,2089.00,1153.00,66.00,105.00,7.1698,-1,-1,-1
2462,10,2214.00,736.00,62.00,103.00,6.9649,-1,-1,-1
2463,6,2089.00,1154.00,68.00,108.00,7.1750,-1,-1,-1
2463,10,2211.00,740.00,69.00,113.00,6.9883,-1,-1,-1
2464,6,2090.00,1159.00,65.00,105.00,7.1359,-1,-1,-1
2464,10,2214.00,742.00,65.00,111.00,7.0031,-1,-1,-1
2465,6,2091.00,1161.00,67.00,110.00,7.1495,-1,-1,-1
2465,10,2215.00,745.00,63.00,108.00,7.0385,-1,-1,-1
2466,6,2093.00,1163.00,65.00,108.00,7.2216,-1,-1,-1
2466,10,2217.00,749.00,60.00,104.00,7.0636,-1,-1,-1
2467,6,2094.00,1165.00,65.00,107.00,7.2796,-1,-1,-1
2467,10,2217.00,749.00,60.00,104.00,7.1129,-1,-1,-1
2468,6,2095.00,1168.00,63.00,107.00,7.2908,-1,-1,-1
2468,10,2214.00,749.00,66.00,114.00,7.1584,-1,-1,-1
2469,6,2095.00,1168.00,64.00,108.00,7.2975,-1,-1,-1
2469,10,2215.00,749.00,66.00,113.00,7.2239,-1,-1,-1
2470,10,2216.00,750.00,64.00,113.00,7.2772,-1,-1,-1
2470,6,2094.00,1167.00,65.00,110.00,7.2745,-1,-1,-1
2471,10,2217.00,750.00,64.00,115.00,7.3316,-1,-1,-1
2471,6,2095.00,1168.00,63.00,107.00,7.2453,-1,-1,-1
2472,10,2217.00,750.00,64.00,117.00,7.3585,-1,-1,-1
2472,6,2094.00,1169.00,65.00,106.00,7.2120,-1,-1,-1
2473,10,2216.00,751.00,66.00,116.00,7.3991,-1,-1,-1
2473,6,2095.00,1169.00,66.00,107.00,7.1924,-1,-1,-1
2474,10,2217.00,751.00,64.00,117.00,7.4151,-1,-1,-1
2474,6,2097.00,1169.00,64.00,106.00,7.1752,-1,-1,-1
2475,10,2217.00,752.00,65.00,116.00,7.4375,-1,-1,-1
2475,6,2098.00,1170.00,62.00,106.00,7.1098,-1,-1,-1
2476,10,2217.00,752.00,65.00,116.00,7.4497,-1,-1,-1
2476,6,2097.00,1169.00,66.00,107.00,7.0935,-1,-1,-1
2477,10,2217.00,752.00,66.00,118.00,7.4325,-1,-1,-1
2477,6,2097.00,1170.00,65.00,107.00,7.1008,-1,-1,-1
2478,10,2217.00,753.00,65.00,116.00,7.4081,-1,-1,-1
2478,6,2097.00,1171.00,66.00,108.00,7.1378,-1,-1,-1
2479,10,2217.00,753.00,66.00,117.00,7.3790,-1,-1,-1
2479,6,2098.00,1172.00,63.00,105.00,7.1147,-1,-1,-1
2480,10,2218.00,753.00,64.00,116.00,7.3713,-1,-1,-1
2480,6,2099.00,1173.00,62.00,102.00,7.0586,-1,-1,-1
2481,10,2219.00,753.00,63.00,114.00,7.3529,-1,-1,-1
2481,6,2099.00,1173.00,63.00,103.00,7.0322,-1,-1,-1
2482,10,2221.00,753.00,61.00,113.00,7.2967,-1,-1,-1
2482,6,2099.00,1174.00,63.00,104.00,7.0241,-1,-1,-1
2483,10,2221.00,754.00,61.00,114.00,7.2170,-1,-1,-1
2483,6,2100.00,1174.00,63.00,101.00,6.9755,-1,-1,-1
2484,10,2221.00,754.00,62.00,114.00,7.2042,-1,-1,-1
2484,6,2100.00,1175.00,63.00,100.00,6.9450,-1,-1,-1
2485,10,2221.00,754.00,63.00,114.00,7.1683,-1,-1,-1
2485,6,2103.00,1174.00,61.00,98.00,6.8826,-1,-1,-1
2486,10,2221.00,754.00,63.00,115.00,7.1102,-1,-1,-1
2486,6,2105.00,1174.00,59.00,96.00,6.7919,-1,-1,-1
2487,10,2222.00,755.00,61.00,114.00,7.0275,-1,-1,-1
2487,6,2105.00,1173.00,60.00,96.00,6.7590,-1,-1,-1
2488,10,2223.00,755.00,60.00,111.00,6.9394,-1,-1,-1
2488,6,2106.00,1171.00,58.00,98.00,6.7166,-1,-1,-1
2489,10,2224.00,757.00,59.00,110.00,6.8184,-1,-1,-1
2489,6,2105.00,1172.00,60.00,98.00,6.6728,-1,-1,-1
2490,10,2225.00,758.00,57.00,105.00,6.7077,-1,-1,-1
2490,6,2106.00,1171.00,59.00,98.00,6.6487,-1,-1,-1
2491,6,2105.00,1173.00,65.00,103.00,6.6662,-1,-1,-1
2491,10,2225.00,760.00,58.00,104.00,6.6624,-1,-1,-1
2492,6,2105.00,1173.00,65.00,104.00,6.7227,-1,-1,-1
2492,10,2227.00,760.00,57.00,102.00,6.5961,-1,-1,-1
2493,6,2106.00,1174.00,66.00,104.00,6.8646,-1,-1,-1
2493,10,2229.00,760.00,53.00,97.00,6.5767,-1,-1,-1
2494,6,2106.00,1174.00,66.00,106.00,6.9801,-1,-1,-1
2494,10,2229.00,761.00,53.00,98.00,6.5840,-1,-1,-1
2495,6,2107.00,1174.00,67.00,106.00,7.1118,-1,-1,-1
2495,10,2229.00,763.00,54.00,96.00,6.5660,-1,-1,-1
2496,6,2107.00,1176.00,67.00,104.00,7.2242,-1,-1,-1
2496,10,2230.00,763.00,53.00,97.00,6.5200,-1,-1,-1
2497,6,2108.00,1177.00,66.00,104.00,7.3146,-1,-1,-1
2497,10,2231.00,764.00,53.00,96.00,6.5444,-1,-1,-1
2498,6,2108.00,1178.00,66.00,105.00,7.3818,-1,-1,-1
2498,10,2227.00,763.00,61.00,110.00,6.5617,-1,-1,-1
2499,6,2109.00,1179.00,67.00,105.00,7.4420,-1,-1,-1
2499,10,2229.00,764.00,61.00,109.00,6.6619,-1,-1,-1
2500,6,2109.00,1178.00,67.00,106.00,7.4938,-1,-1,-1
2500,10,2230.00,765.00,59.00,108.00,6.7377,-1,-1,-1
2501,6,2110.00,1180.00,66.00,104.00,7.5044,-1,-1,-1
2501,10,2231.00,766.00,58.00,107.00,6.8029,-1,-1,-1
2502,6,2112.00,1184.00,63.00,100.00,7.4817,-1,-1,-1
2502,10,2231.00,767.00,59.00,107.00,6.8832,-1,-1,-1
2503,6,2112.00,1184.00,64.00,101.00,7.4516,-1,-1,-1
2503,10,2230.00,769.00,60.00,107.00,6.9720,-1,-1,-1
2504,6,2112.00,1185.00,64.00,102.00,7.4265,-1,-1,-1
2504,10,2230.00,770.00,60.00,109.00,7.0256,-1,-1,-1
2505,6,2111.00,1186.00,67.00,103.00,7.4180,-1,-1,-1
2505,10,2227.00,771.00,67.00,119.00,7.0982,-1,-1,-1
2506,6,2112.00,1189.00,66.00,102.00,7.4071,-1,-1,-1
2506,10,2234.00,773.00,56.00,101.00,7.1361,-1,-1,-1
2507,6,2111.00,1190.00,67.00,101.00,7.4178,-1,-1,-1
2507,10,2231.00,774.00,62.00,115.00,7.1851,-1,-1,-1
2508,6,2110.00,1191.00,67.00,99.00,7.4319,-1,-1,-1
2508,10,2232.00,774.00,60.00,113.00,7.2067,-1,-1,-1
2509,6,2111.00,1191.00,66.00,100.00,7.4408,-1,-1,-1
2509,10,2237.00,776.00,52.00,96.00,7.1826,-1,-1,-1
2510,6,2113.00,1192.00,65.00,101.00,7.4016,-1,-1,-1
2510,10,2232.00,776.00,60.00,114.00,7.1799,-1,-1,-1
2511,6,2114.00,1193.00,65.00,101.00,7.3523,-1,-1,-1
2511,10,2234.00,777.00,57.00,111.00,7.1029,-1,-1,-1
2512,6,2117.00,1192.00,60.00,102.00,7.2956,-1,-1,-1
2512,10,2233.00,776.00,59.00,112.00,7.0094,-1,-1,-1
2513,6,2118.00,1192.00,61.00,103.00,7.2891,-1,-1,-1
2513,10,2239.00,776.00,51.00,94.00,6.9777,-1,-1,-1
2514,6,2118.00,1192.00,62.00,101.00,7.3227,-1,-1,-1
2514,10,2240.00,776.00,50.00,93.00,6.8863,-1,-1,-1
2515,6,2117.00,1191.00,63.00,100.00,7.3397,-1,-1,-1
2515,10,2239.00,777.00,51.00,93.00,6.8495,-1,-1,-1
2516,6,2118.00,1191.00,64.00,100.00,7.3898,-1,-1,-1
2516,10,2239.00,776.00,52.00,94.00,6.8606,-1,-1,-1
2517,6,2119.00,1191.00,64.00,100.00,7.4460,-1,-1,-1
2517,10,2238.00,776.00,54.00,98.00,6.8353,-1,-1,-1
2518,6,2119.00,1190.00,64.00,101.00,7.4935,-1,-1,-1
2518,10,2238.00,775.00,55.00,99.00,6.8076,-1,-1,-1
2519,6,2119.00,1190.00,65.00,101.00,7.5340,-1,-1,-1
2519,10,2239.00,775.00,54.00,100.00,6.7401,-1,-1,-1
2520,6,2120.00,1188.00,64.00,101.00,7.5553,-1,-1,-1
2520,10,2237.00,775.00,57.00,101.00,6.6317,-1,-1,-1
2521,6,2121.00,1188.00,63.00,100.00,7.5471,-1,-1,-1
2521,10,2238.00,775.00,57.00,100.00,6.5118,-1,-1,-1
2522,6,2120.00,1187.00,65.00,101.00,7.5409,-1,-1,-1
2522,10,2239.00,776.00,56.00,97.00,6.4028,-1,-1,-1
2523,6,2120.00,1187.00,65.00,102.00,7.5365,-1,-1,-1
2523,10,2240.00,774.00,54.00,99.00,6.3516,-1,-1,-1
2524,6,2121.00,1186.00,66.00,105.00,7.5457,-1,-1,-1
2524,10,2240.00,774.00,55.00,100.00,6.3413,-1,-1,-1
2525,6,2121.00,1185.00,67.00,105.00,7.5464,-1,-1,-1
2525,10,2238.00,777.00,59.00,101.00,6.2682,-1,-1,-1
2526,6,2119.00,1182.00,70.00,108.00,7.4777,-1,-1,-1
2526,10,2235.00,773.00,64.00,120.00,6.2299,-1,-1,-1
2527,6,2120.00,1184.00,69.00,106.00,7.4128,-1,-1,-1
2527,10,2235.00,774.00,64.00,120.00,6.2215,-1,-1,-1
2528,6,2121.00,1183.00,68.00,106.00,7.3122,-1,-1,-1
2528,10,2235.00,774.00,65.00,119.00,6.2871,-1,-1,-1
2529,6,2123.00,1182.00,68.00,107.00,7.2083,-1,-1,-1
2529,10,2235.00,774.00,65.00,120.00,6.3178,-1,-1,-1
2530,6,2122.00,1182.00,68.00,107.00,7.0872,-1,-1,-1
2530,10,2235.00,773.00,66.00,119.00,6.3985,-1,-1,-1
2531,6,2124.00,1181.00,68.00,107.00,7.0014,-1,-1,-1
2531,10,2236.00,773.00,65.00,117.00,6.4774,-1,-1,-1
2532,6,2124.00,1180.00,69.00,107.00,6.9691,-1,-1,-1
2532,10,2237.00,773.00,64.00,116.00,6.4869,-1,-1,-1
2533,6,2125.00,1180.00,68.00,106.00,6.9690,-1,-1,-1
2533,10,2237.00,773.00,64.00,116.00,6.5130,-1,-1,-1
2534,6,2125.00,1179.00,68.00,107.00,6.9831,-1,-1,-1
2534,10,2237.00,772.00,64.00,117.00,6.4700,-1,-1,-1
2535,6,2126.00,1177.00,67.00,107.00,6.9681,-1,-1,-1
2535,10,2238.00,773.00,62.00,117.00,6.3348,-1,-1,-1
2536,6,2127.00,1176.00,65.00,106.00,6.9192,-1,-1,-1
2536,10,2238.00,774.00,63.00,115.00,6.2554,-1,-1,-1
2537,6,2127.00,1175.00,66.00,107.00,6.9337,-1,-1,-1
2537,10,2238.00,772.00,63.00,116.00,6.2633,-1,-1,-1
2538,6,2127.00,1173.00,67.00,107.00,6.9209,-1,-1,-1
2538,10,2242.00,770.00,57.00,111.00,6.2585,-1,-1,-1
2539,6,2126.00,1172.00,69.00,109.00,6.8699,-1,-1,-1
2539,10,2241.00,770.00,59.00,112.00,6.2537,-1,-1,-1
2540,6,2126.00,1172.00,69.00,109.00,6.8207,-1,-1,-1
2540,10,2240.00,769.00,61.00,109.00,6.3957,-1,-1,-1
2541,6,2128.00,1172.00,66.00,107.00,6.7569,-1,-1,-1
2541,10,2240.00,767.00,63.00,110.00,6.5434,-1,-1,-1
2542,6,2130.00,1173.00,64.00,105.00,6.6633,-1,-1,-1
2542,10,2239.00,766.00,65.00,111.00,6.6539,-1,-1,-1
2543,10,2237.00,765.00,69.00,111.00,6.7862,-1,-1,-1
2543,6,2135.00,1172.00,57.00,97.00,6.4420,-1,-1,-1
2544,10,2237.00,764.00,70.00,113.00,6.8607,-1,-1,-1
2544,6,2136.00,1171.00,57.00,96.00,6.3907,-1,-1,-1
2545,10,2236.00,763.00,71.00,114.00,6.8824,-1,-1,-1
2545,6,2136.00,1170.00,57.00,97.00,6.3979,-1,-1,-1
2546,10,2237.00,761.00,72.00,116.00,6.9101,-1,-1,-1
2546,6,2135.00,1169.00,59.00,97.00,6.4822,-1,-1,-1
2547,10,2238.00,758.00,71.00,116.00,6.8928,-1,-1,-1
2547,6,2137.00,1169.00,57.00,96.00,6.5502,-1,-1,-1
2548,10,2236.00,756.00,74.00,121.00,6.9241,-1,-1,-1
2548,6,2137.00,1169.00,58.00,96.00,6.6210,-1,-1,-1
2549,10,2234.00,755.00,77.00,121.00,6.9644,-1,-1,-1
2549,6,2137.00,1168.00,58.00,95.00,6.6587,-1,-1,-1
2550,10,2234.00,755.00,78.00,120.00,7.0072,-1,-1,-1
2550,6,2137.00,1169.00,57.00,94.00,6.6381,-1,-1,-1
2551,10,2238.00,759.00,75.00,105.00,6.9655,-1,-1,-1
2551,6,2137.00,1171.00,57.00,96.00,6.6424,-1,-1,-1
2552,10,2235.00,758.00,80.00,113.00,6.9512,-1,-1,-1
2552,6,2137.00,1172.00,58.00,95.00,6.6182,-1,-1,-1
2553,10,2235.00,760.00,82.00,114.00,6.9121,-1,-1,-1
2553,6,2138.00,1174.00,57.00,93.00,6.6421,-1,-1,-1
2554,10,2235.00,764.00,82.00,120.00,6.8931,-1,-1,-1
2554,6,2141.00,1176.00,52.00,86.00,6.6615,-1,-1,-1
2555,10,2238.00,768.00,77.00,112.00,6.7391,-1,-1,-1
2555,6,2137.00,1177.00,60.00,96.00,6.7309,-1,-1,-1
2556,6,2138.00,1179.00,59.00,97.00,6.8446,-1,-1,-1
2556,10,2238.00,771.00,79.00,117.00,6.6669,-1,-1,-1
2557,6,2139.00,1182.00,59.00,97.00,6.9503,-1,-1,-1
2557,10,2240.00,775.00,76.00,112.00,6.4854,-1,-1,-1
2558,6,2141.00,1186.00,57.00,95.00,6.9053,-1,-1,-1
2558,10,2247.00,779.00,69.00,103.00,6.1975,-1,-1,-1
2559,6,2144.00,1195.00,54.00,89.00,6.8836,-1,-1,-1
2559,10,2246.00,783.00,69.00,103.00,5.7523,-1,-1,-1
2560,6,2141.00,1199.00,59.00,96.00,6.9073,-1,-1,-1
2560,10,2255.00,794.00,53.00,83.00,5.3709,-1,-1,-1
2561,6,2140.00,1204.00,61.00,102.00,6.9024,-1,-1,-1
2561,10,2249.00,801.00,64.00,98.00,5.3558,-1,-1,-1
2562,6,2142.00,1218.00,60.00,101.00,6.9161,-1,-1,-1
2562,10,2252.00,814.00,58.00,92.00,5.3141,-1,-1,-1
2563,6,2144.00,1234.00,60.00,96.00,6.9261,-1,-1,-1
2563,10,2259.00,826.00,48.00,79.00,4.9428,-1,-1,-1
2564,6,2143.00,1249.00,61.00,100.00,7.0173,-1,-1,-1
2564,10,2248.00,841.00,66.00,103.00,5.0402,-1,-1,-1
2565,6,2143.00,1264.00,63.00,102.00,7.1000,-1,-1,-1
2565,10,2252.00,858.00,59.00,98.00,5.2546,-1,-1,-1
2566,6,2144.00,1283.00,63.00,98.00,7.0749,-1,-1,-1
2566,10,2248.00,874.00,67.00,112.00,5.4552,-1,-1,-1
2567,6,2144.00,1302.00,65.00,103.00,7.1226,-1,-1,-1
2567,10,2253.00,895.00,59.00,97.00,5.6040,-1,-1,-1
2568,6,2146.00,1322.00,64.00,103.00,7.2144,-1,-1,-1
2568,10,2250.00,915.00,66.00,106.00,5.8455,-1,-1,-1
2569,6,2146.00,1342.00,63.00,101.00,7.2079,-1,-1,-1
2569,10,2257.00,937.00,52.00,87.00,5.9269,-1,-1,-1
2570,6,2145.00,1362.00,68.00,101.00,7.2275,-1,-1,-1
2570,10,2254.00,957.00,56.00,94.00,6.0175,-1,-1,-1
2571,6,2144.00,1382.00,70.00,101.00,7.2606,-1,-1,-1
2571,10,2251.00,974.00,62.00,102.00,6.2356,-1,-1,-1
2572,6,2145.00,1402.00,68.00,103.00,7.2434,-1,-1,-1
2572,10,2249.00,993.00,66.00,106.00,6.3613,-1,-1,-1
2573,6,2148.00,1423.00,67.00,101.00,7.1215,-1,-1,-1
2573,10,2252.00,1015.00,60.00,98.00,6.5096,-1,-1,-1
2574,6,2149.00,1443.00,66.00,102.00,7.1299,-1,-1,-1
2574,10,2251.00,1035.00,65.00,102.00,6.6656,-1,-1,-1
2575,6,2149.00,1461.00,66.00,105.00,7.1074,-1,-1,-1
2575,10,2250.00,1054.00,67.00,103.00,6.6463,-1,-1,-1
2576,6,2150.00,1475.00,67.00,108.00,7.0540,-1,-1,-1
2576,10,2253.00,1068.00,64.00,105.00,6.7728,-1,-1,-1
2577,6,2150.00,1489.00,68.00,109.00,6.9659,-1,-1,-1
2577,10,2254.00,1086.00,64.00,96.00,6.9070,-1,-1,-1
2578,10,2255.00,1100.00,61.00,98.00,6.9727,-1,-1,-1
2578,6,2151.00,1508.00,67.00,105.00,6.8426,-1,-1,-1
2579,10,2253.00,1110.00,65.00,97.00,7.0730,-1,-1,-1
2579,6,2151.00,1512.00,67.00,109.00,6.7471,-1,-1,-1
2580,10,2255.00,1116.00,63.00,107.00,7.0639,-1,-1,-1
2580,6,2153.00,1523.00,65.00,105.00,6.7581,-1,-1,-1
2581,10,2257.00,1127.00,61.00,98.00,7.0881,-1,-1,-1
2581,6,2152.00,1533.00,67.00,104.00,6.6637,-1,-1,-1
2582,10,2253.00,1130.00,67.00,103.00,7.1679,-1,-1,-1
2582,6,2154.00,1538.00,65.00,104.00,6.7337,-1,-1,-1
2583,10,2256.00,1134.00,64.00,98.00,7.2466,-1,-1,-1
2583,6,2153.00,1540.00,68.00,107.00,6.7922,-1,-1,-1
2584,10,2259.00,1137.00,60.00,97.00,7.2169,-1,-1,-1
2584,6,2154.00,1547.00,67.00,103.00,6.8343,-1,-1,-1
2585,10,2254.00,1137.00,68.00,105.00,7.2118,-1,-1,-1
2585,6,2156.00,1550.00,65.00,102.00,6.9078,-1,-1,-1
2586,10,2253.00,1138.00,70.00,105.00,7.2572,-1,-1,-1
2586,6,2157.00,1550.00,64.00,102.00,6.9692,-1,-1,-1
2587,10,2253.00,1138.00,71.00,108.00,7.3208,-1,-1,-1
2587,6,2158.00,1550.00,63.00,100.00,7.0177,-1,-1,-1
2588,10,2251.00,1136.00,75.00,111.00,7.3580,-1,-1,-1
2588,6,2157.00,1548.00,64.00,101.00,7.0457,-1,-1,-1
2589,10,2253.00,1134.00,74.00,112.00,7.3658,-1,-1,-1
2589,6,2157.00,1547.00,64.00,100.00,7.0552,-1,-1,-1
2590,10,2253.00,1134.00,72.00,108.00,7.3595,-1,-1,-1
2590,6,2159.00,1545.00,62.00,100.00,7.0451,-1,-1,-1
2591,10,2252.00,1134.00,74.00,108.00,7.3508,-1,-1,-1
2591,6,2159.00,1544.00,62.00,101.00,7.0559,-1,-1,-1
2592,10,2252.00,1133.00,75.00,108.00,7.3402,-1,-1,-1
2592,6,2160.00,1542.00,62.00,103.00,7.0782,-1,-1,-1
2593,10,2252.00,1132.00,76.00,109.00,7.3309,-1,-1,-1
2593,6,2161.00,1541.00,62.00,103.00,7.0705,-1,-1,-1
2594,10,2253.00,1131.00,75.00,111.00,7.3244,-1,-1,-1
2594,6,2159.00,1539.00,65.00,104.00,7.0986,-1,-1,-1
2595,10,2254.00,1130.00,75.00,110.00,7.3220,-1,-1,-1
2595,6,2161.00,1537.00,64.00,104.00,7.1282,-1,-1,-1
2596,10,2254.00,1128.00,76.00,113.00,7.3249,-1,-1,-1
2596,6,2164.00,1532.00,61.00,106.00,7.0900,-1,-1,-1
2597,10,2256.00,1127.00,74.00,110.00,7.3146,-1,-1,-1
2597,6,2165.00,1530.00,61.00,106.00,7.0495,-1,-1,-1
2598,10,2257.00,1126.00,72.00,109.00,7.3030,-1,-1,-1
2598,6,2166.00,1529.00,61.00,104.00,7.0380,-1,-1,-1
2599,10,2258.00,1124.00,71.00,109.00,7.2905,-1,-1,-1
2599,6,2167.00,1529.00,60.00,103.00,7.0376,-1,-1,-1
2600,10,2259.00,1123.00,70.00,109.00,7.2551,-1,-1,-1
2600,6,2166.00,1529.00,62.00,104.00,7.0660,-1,-1,-1
2601,10,2260.00,1122.00,69.00,108.00,7.1912,-1,-1,-1
2601,6,2165.00,1529.00,64.00,106.00,7.0915,-1,-1,-1
2602,6,2166.00,1528.00,63.00,105.00,7.1589,-1,-1,-1
2602,10,2260.00,1121.00,69.00,111.00,7.1575,-1,-1,-1
2603,6,2166.00,1528.00,64.00,104.00,7.2281,-1,-1,-1
2603,10,2260.00,1119.00,69.00,113.00,7.1264,-1,-1,-1
2604,6,2167.00,1528.00,63.00,102.00,7.3126,-1,-1,-1
2604,10,2260.00,1118.00,71.00,116.00,7.0872,-1,-1,-1
2605,6,2168.00,1526.00,64.00,102.00,7.4024,-1,-1,-1
2605,10,2260.00,1117.00,71.00,119.00,7.0495,-1,-1,-1
2606,6,2168.00,1525.00,64.00,102.00,7.4755,-1,-1,-1
2606,10,2263.00,1116.00,64.00,115.00,6.9963,-1,-1,-1
2607,6,2168.00,1524.00,64.00,101.00,7.5246,-1,-1,-1
2607,10,2264.00,1116.00,63.00,114.00,6.9873,-1,-1,-1
2608,6,2168.00,1523.00,65.00,102.00,7.5575,-1,-1,-1
2608,10,2265.00,1114.00,63.00,113.00,7.0214,-1,-1,-1
2609,6,2168.00,1522.00,66.00,101.00,7.5627,-1,-1,-1
2609,10,2266.00,1113.00,62.00,110.00,7.0702,-1,-1,-1
2610,6,2167.00,1521.00,67.00,101.00,7.5084,-1,-1,-1
2610,10,2266.00,1113.00,62.00,110.00,7.0962,-1,-1,-1
2611,6,2168.00,1519.00,65.00,103.00,7.4675,-1,-1,-1
2611,10,2267.00,1112.00,61.00,110.00,7.1053,-1,-1,-1
2612,6,2168.00,1517.00,65.00,104.00,7.4470,-1,-1,-1
2612,10,2270.00,1114.00,55.00,97.00,7.0972,-1,-1,-1
2613,6,2169.00,1516.00,64.00,104.00,7.4203,-1,-1,-1
2613,10,2270.00,1113.00,55.00,99.00,7.1024,-1,-1,-1
2614,6,2170.00,1515.00,64.00,105.00,7.4057,-1,-1,-1
2614,10,2270.00,1114.00,56.00,98.00,7.1196,-1,-1,-1
2615,6,2170.00,1515.00,63.00,104.00,7.3968,-1,-1,-1
2615,10,2271.00,1113.00,55.00,98.00,7.1655,-1,-1,-1
2616,6,2172.00,1515.00,60.00,101.00,7.3750,-1,-1,-1
2616,10,2270.00,1112.00,56.00,98.00,7.2210,-1,-1,-1
2617,6,2173.00,1513.00,58.00,101.00,7.3365,-1,-1,-1
2617,10,2270.00,1111.00,57.00,99.00,7.2697,-1,-1,-1
2618,10,2269.00,1109.00,59.00,101.00,7.3185,-1,-1,-1
2618,6,2174.00,1512.00,57.00,101.00,7.2816,-1,-1,-1
2619,10,2268.00,1108.00,60.00,102.00,7.3714,-1,-1,-1
2619,6,2174.00,1511.00,58.00,102.00,7.2259,-1,-1,-1
2620,10,2269.00,1106.00,59.00,104.00,7.4297,-1,-1,-1
2620,6,2175.00,1511.00,58.00,97.00,7.1036,-1,-1,-1
2621,10,2268.00,1104.00,61.00,106.00,7.4659,-1,-1,-1
2621,6,2175.00,1510.00,59.00,97.00,7.0298,-1,-1,-1
2622,10,2268.00,1104.00,61.00,104.00,7.4807,-1,-1,-1
2622,6,2175.00,1508.00,60.00,99.00,6.9848,-1,-1,-1
2623,10,2267.00,1103.00,63.00,106.00,7.5011,-1,-1,-1
2623,6,2175.00,1507.00,61.00,100.00,6.9395,-1,-1,-1
2624,10,2267.00,1102.00,64.00,107.00,7.5145,-1,-1,-1
2624,6,2175.00,1505.00,62.00,102.00,6.9064,-1,-1,-1
2625,10,2267.00,1100.00,65.00,109.00,7.5095,-1,-1,-1
2625,6,2174.00,1502.00,64.00,103.00,6.9035,-1,-1,-1
2626,10,2267.00,1099.00,66.00,110.00,7.4974,-1,-1,-1
2626,6,2174.00,1502.00,65.00,102.00,6.9121,-1,-1,-1
2627,10,2267.00,1099.00,67.00,109.00,7.4360,-1,-1,-1
2627,6,2176.00,1502.00,64.00,100.00,6.9045,-1,-1,-1
2628,10,2271.00,1097.00,59.00,104.00,7.4011,-1,-1,-1
2628,6,2177.00,1502.00,62.00,99.00,6.9054,-1,-1,-1
2629,10,2270.00,1095.00,62.00,107.00,7.3664,-1,-1,-1
2629,6,2177.00,1500.00,63.00,100.00,6.8847,-1,-1,-1
2630,10,2271.00,1094.00,61.00,107.00,7.3624,-1,-1,-1
2630,6,2179.00,1498.00,62.00,100.00,6.8452,-1,-1,-1
2631,10,2271.00,1092.00,60.00,107.00,7.3779,-1,-1,-1
2631,6,2181.00,1498.00,59.00,97.00,6.8430,-1,-1,-1
2632,10,2270.00,1090.00,62.00,107.00,7.4028,-1,-1,-1
2632,6,2183.00,1499.00,56.00,94.00,6.8670,-1,-1,-1
2633,10,2270.00,1090.00,62.00,106.00,7.4155,-1,-1,-1
2633,6,2183.00,1497.00,57.00,95.00,6.8784,-1,-1,-1
2634,10,2270.00,1090.00,62.00,105.00,7.4196,-1,-1,-1
2634,6,2184.00,1496.00,56.00,94.00,6.8979,-1,-1,-1
2635,10,2271.00,1089.00,61.00,105.00,7.4115,-1,-1,-1
2635,6,2185.00,1496.00,55.00,93.00,6.8901,-1,-1,-1
2636,10,2272.00,1089.00,60.00,103.00,7.3190,-1,-1,-1
2636,6,2186.00,1495.00,55.00,94.00,6.8668,-1,-1,-1
2637,10,2276.00,1091.00,53.00,95.00,7.2046,-1,-1,-1
2637,6,2186.00,1494.00,56.00,95.00,6.8064,-1,-1,-1
2638,10,2276.00,1090.00,54.00,95.00,7.1535,-1,-1,-1
2638,6,2187.00,1493.00,55.00,95.00,6.7527,-1,-1,-1
2639,10,2276.00,1089.00,54.00,93.00,7.1452,-1,-1,-1
2639,6,2187.00,1492.00,56.00,96.00,6.6726,-1,-1,-1
2640,10,2277.00,1087.00,53.00,93.00,7.1133,-1,-1,-1
2640,6,2187.00,1491.00,57.00,97.00,6.6128,-1,-1,-1
2641,10,2277.00,1086.00,53.00,94.00,7.0826,-1,-1,-1
2641,6,2187.00,1492.00,56.00,96.00,6.5373,-1,-1,-1
2642,10,2277.00,1084.00,53.00,94.00,7.0341,-1,-1,-1
2642,6,2188.00,1492.00,56.00,94.00,6.4571,-1,-1,-1
2643,10,2277.00,1082.00,52.00,95.00,6.8820,-1,-1,-1
2643,6,2188.00,1490.00,57.00,95.00,6.3958,-1,-1,-1
2644,10,2280.00,1081.00,47.00,87.00,6.7283,-1,-1,-1
2644,6,2189.00,1490.00,56.00,93.00,6.2325,-1,-1,-1
2645,10,2279.00,1079.00,48.00,88.00,6.6182,-1,-1,-1
2645,6,2190.00,1484.00,56.00,96.00,6.1371,-1,-1,-1
2646,10,2280.00,1079.00,48.00,86.00,6.5857,-1,-1,-1
2646,6,2191.00,1482.00,56.00,97.00,6.1294,-1,-1,-1
2647,10,2280.00,1077.00,48.00,88.00,6.5395,-1,-1,-1
2647,6,2192.00,1479.00,54.00,100.00,6.0932,-1,-1,-1
2648,10,2280.00,1076.00,47.00,84.00,6.4379,-1,-1,-1
2648,6,2193.00,1478.00,53.00,98.00,5.9731,-1,-1,-1
2649,10,2281.00,1076.00,47.00,79.00,6.3866,-1,-1,-1
2649,6,2195.00,1472.00,50.00,97.00,5.8558,-1,-1,-1
2650,10,2283.00,1075.00,44.00,74.00,6.3528,-1,-1,-1
2650,6,2193.00,1475.00,53.00,94.00,5.8740,-1,-1,-1
2651,10,2281.00,1074.00,47.00,80.00,6.3206,-1,-1,-1
2651,6,2193.00,1474.00,54.00,95.00,5.9569,-1,-1,-1
2652,10,2281.00,1074.00,48.00,80.00,6.2852,-1,-1,-1
2652,6,2193.00,1474.00,55.00,95.00,6.0384,-1,-1,-1
2653,10,2282.00,1073.00,48.00,79.00,6.2929,-1,-1,-1
2653,6,2194.00,1474.00,55.00,95.00,6.1088,-1,-1,-1
2654,10,2282.00,1071.00,49.00,82.00,6.3396,-1,-1,-1
2654,6,2194.00,1473.00,55.00,95.00,6.1722,-1,-1,-1
2655,10,2282.00,1070.00,49.00,86.00,6.3469,-1,-1,-1
2655,6,2195.00,1473.00,55.00,97.00,6.2360,-1,-1,-1
2656,10,2278.00,1067.00,57.00,103.00,6.3893,-1,-1,-1
2656,6,2195.00,1472.00,56.00,98.00,6.2674,-1,-1,-1
2657,10,2278.00,1066.00,58.00,106.00,6.4942,-1,-1,-1
2657,6,2195.00,1470.00,56.00,99.00,6.3426,-1,-1,-1
2658,10,2282.00,1067.00,52.00,93.00,6.5307,-1,-1,-1
2658,6,2195.00,1469.00,57.00,99.00,6.4103,-1,-1,-1
2659,10,2278.00,1064.00,59.00,109.00,6.5918,-1,-1,-1
2659,6,2196.00,1468.00,56.00,99.00,6.4061,-1,-1,-1
2660,10,2282.00,1065.00,53.00,95.00,6.6392,-1,-1,-1
2660,6,2196.00,1468.00,56.00,98.00,6.3574,-1,-1,-1
2661,10,2276.00,1062.00,62.00,113.00,6.7528,-1,-1,-1
2661,6,2196.00,1466.00,57.00,100.00,6.3037,-1,-1,-1
2662,10,2278.00,1062.00,60.00,113.00,6.8309,-1,-1,-1
2662,6,2196.00,1465.00,56.00,101.00,6.2575,-1,-1,-1
2663,10,2278.00,1060.00,61.00,117.00,6.9338,-1,-1,-1
2663,6,2196.00,1464.00,56.00,100.00,6.2018,-1,-1,-1
2664,10,2278.00,1060.00,62.00,115.00,7.0218,-1,-1,-1
2664,6,2196.00,1458.00,59.00,101.00,6.1872,-1,-1,-1
2665,10,2282.00,1062.00,56.00,103.00,7.0940,-1,-1,-1
2665,6,2196.00,1458.00,59.00,100.00,6.2292,-1,-1,-1
2666,10,2283.00,1061.00,54.00,100.00,7.1547,-1,-1,-1
2666,6,2196.00,1457.00,60.00,100.00,6.2943,-1,-1,-1
2667,10,2281.00,1060.00,57.00,103.00,7.2286,-1,-1,-1
2667,6,2196.00,1457.00,60.00,100.00,6.3387,-1,-1,-1
2668,10,2281.00,1059.00,57.00,103.00,7.2767,-1,-1,-1
2668,6,2196.00,1456.00,61.00,101.00,6.3880,-1,-1,-1
2669,10,2284.00,1057.00,53.00,99.00,7.2058,-1,-1,-1
2669,6,2197.00,1456.00,60.00,100.00,6.3963,-1,-1,-1
2670,10,2288.00,1058.00,47.00,85.00,7.1632,-1,-1,-1
2670,6,2197.00,1455.00,60.00,100.00,6.4274,-1,-1,-1
2671,10,2287.00,1057.00,49.00,88.00,7.1723,-1,-1,-1
2671,6,2197.00,1455.00,60.00,100.00,6.4481,-1,-1,-1
2672,10,2287.00,1056.00,50.00,88.00,7.2144,-1,-1,-1
2672,6,2197.00,1454.00,60.00,99.00,6.4729,-1,-1,-1
2673,10,2286.00,1055.00,51.00,92.00,7.2701,-1,-1,-1
2673,6,2198.00,1453.00,59.00,98.00,6.4877,-1,-1,-1
2674,10,2285.00,1055.00,53.00,94.00,7.3264,-1,-1,-1
2674,6,2198.00,1452.00,59.00,97.00,6.4939,-1,-1,-1
2675,10,2285.00,1054.00,53.00,94.00,7.3739,-1,-1,-1
2675,6,2200.00,1451.00,58.00,95.00,6.4168,-1,-1,-1
2676,10,2285.00,1052.00,54.00,98.00,7.3876,-1,-1,-1
2676,6,2202.00,1450.00,56.00,93.00,6.3562,-1,-1,-1
2677,10,2284.00,1050.00,57.00,102.00,7.4073,-1,-1,-1
2677,6,2203.00,1448.00,55.00,93.00,6.3408,-1,-1,-1
2678,10,2283.00,1049.00,58.00,104.00,7.3837,-1,-1,-1
2678,6,2202.00,1447.00,57.00,95.00,6.4152,-1,-1,-1
2679,10,2284.00,1047.00,57.00,106.00,7.2881,-1,-1,-1
2679,6,2202.00,1445.00,56.00,95.00,6.4742,-1,-1,-1
2680,10,2285.00,1045.00,57.00,104.00,7.2408,-1,-1,-1
2680,6,2203.00,1444.00,56.00,96.00,6.5065,-1,-1,-1
2681,10,2286.00,1044.00,56.00,103.00,7.1743,-1,-1,-1
2681,6,2203.00,1443.00,57.00,96.00,6.4944,-1,-1,-1
2682,10,2286.00,1043.00,57.00,104.00,7.0953,-1,-1,-1
2682,6,2205.00,1442.00,55.00,97.00,6.4213,-1,-1,-1
2683,10,2286.00,1042.00,59.00,106.00,7.0418,-1,-1,-1
2683,6,2205.00,1441.00,55.00,97.00,6.3449,-1,-1,-1
2684,10,2289.00,1042.00,52.00,94.00,6.9630,-1,-1,-1
2684,6,2208.00,1439.00,52.00,92.00,6.2608,-1,-1,-1
2685,10,2290.00,1042.00,50.00,92.00,6.9040,-1,-1,-1
2685,6,2208.00,1438.00,52.00,92.00,6.2906,-1,-1,-1
2686,10,2289.00,1041.00,53.00,93.00,6.9035,-1,-1,-1
2686,6,2207.00,1438.00,54.00,94.00,6.3835,-1,-1,-1
2687,10,2287.00,1040.00,56.00,95.00,6.9284,-1,-1,-1
2687,6,2207.00,1436.00,56.00,95.00,6.5120,-1,-1,-1
2688,10,2287.00,1040.00,58.00,95.00,6.9358,-1,-1,-1
2688,6,2207.00,1435.00,56.00,95.00,6.6414,-1,-1,-1
2689,10,2287.00,1038.00,57.00,98.00,6.9319,-1,-1,-1
2689,6,2206.00,1433.00,58.00,96.00,6.7506,-1,-1,-1
2690,10,2286.00,1037.00,59.00,101.00,6.9126,-1,-1,-1
2690,6,2205.00,1432.00,60.00,96.00,6.8859,-1,-1,-1
2691,6,2204.00,1431.00,62.00,97.00,6.9877,-1,-1,-1
2691,10,2285.00,1037.00,61.00,101.00,6.9112,-1,-1,-1
2692,6,2206.00,1434.00,60.00,94.00,7.1045,-1,-1,-1
2692,10,2283.00,1038.00,65.00,110.00,6.9175,-1,-1,-1
2693,6,2207.00,1437.00,60.00,99.00,7.1309,-1,-1,-1
2693,10,2284.00,1041.00,64.00,109.00,6.8752,-1,-1,-1
2694,6,2209.00,1444.00,58.00,95.00,7.1942,-1,-1,-1
2694,10,2286.00,1048.00,60.00,104.00,6.8582,-1,-1,-1
2695,6,2209.00,1450.00,59.00,98.00,7.1815,-1,-1,-1
2695,10,2286.00,1055.00,61.00,105.00,6.8325,-1,-1,-1
2696,6,2211.00,1461.00,60.00,98.00,7.1351,-1,-1,-1
2696,10,2287.00,1063.00,60.00,104.00,6.7362,-1,-1,-1
2697,6,2211.00,1470.00,60.00,100.00,7.1779,-1,-1,-1
2697,10,2289.00,1073.00,57.00,96.00,6.7756,-1,-1,-1
2698,6,2213.00,1481.00,59.00,97.00,7.1240,-1,-1,-1
2698,10,2291.00,1082.00,54.00,98.00,6.6236,-1,-1,-1
2699,6,2214.00,1492.00,56.00,98.00,7.0549,-1,-1,-1
2699,10,2287.00,1094.00,62.00,106.00,6.6415,-1,-1,-1
2700,6,2216.00,1502.00,54.00,98.00,6.9676,-1,-1,-1
2700,10,2288.00,1105.00,60.00,105.00,6.5372,-1,-1,-1
2701,6,2214.00,1512.00,57.00,101.00,6.9343,-1,-1,-1
2701,10,2289.00,1116.00,59.00,103.00,6.4835,-1,-1,-1
2702,6,2215.00,1528.00,57.00,101.00,6.9005,-1,-1,-1
2702,10,2295.00,1132.00,48.00,78.00,6.4326,-1,-1,-1
2703,6,2215.00,1539.00,59.00,104.00,6.9380,-1,-1,-1
2703,10,2293.00,1143.00,52.00,83.00,6.4635,-1,-1,-1
2704,6,2216.00,1553.00,59.00,103.00,6.9920,-1,-1,-1
2704,10,2289.00,1153.00,59.00,99.00,6.5257,-1,-1,-1
2705,6,2217.00,1563.00,61.00,107.00,7.0565,-1,-1,-1
2705,10,2291.00,1165.00,57.00,98.00,6.5757,-1,-1,-1
2706,6,2217.00,1575.00,60.00,105.00,7.1086,-1,-1,-1
2706,10,2290.00,1179.00,58.00,97.00,6.6686,-1,-1,-1
2707,6,2218.00,1587.00,62.00,107.00,7.1680,-1,-1,-1
2707,10,2291.00,1190.00,56.00,99.00,6.7098,-1,-1,-1
2708,6,2219.00,1600.00,60.00,104.00,7.2447,-1,-1,-1
2708,10,2290.00,1203.00,60.00,102.00,6.8340,-1,-1,-1
2709,6,2219.00,1613.00,63.00,104.00,7.2759,-1,-1,-1
2709,10,2291.00,1212.00,58.00,105.00,6.8925,-1,-1,-1
2710,6,2219.00,1622.00,61.00,101.00,7.3347,-1,-1,-1
2710,10,2291.00,1223.00,60.00,102.00,6.9334,-1,-1,-1
2711,6,2221.00,1633.00,59.00,103.00,7.3592,-1,-1,-1
2711,10,2294.00,1236.00,54.00,90.00,7.0105,-1,-1,-1
2712,6,2220.00,1641.00,63.00,100.00,7.3061,-1,-1,-1
2712,10,2293.00,1241.00,56.00,98.00,7.1431,-1,-1,-1
2713,6,2220.00,1645.00,62.00,102.00,7.3122,-1,-1,-1
2713,10,2294.00,1248.00,56.00,95.00,7.2313,-1,-1,-1
2714,10,2292.00,1253.00,60.00,98.00,7.3033,-1,-1,-1
2714,6,2222.00,1651.00,61.00,101.00,7.2323,-1,-1,-1
2715,10,2293.00,1258.00,59.00,98.00,7.3120,-1,-1,-1
2715,6,2223.00,1654.00,59.00,102.00,7.1102,-1,-1,-1
2716,10,2292.00,1258.00,63.00,101.00,7.3214,-1,-1,-1
2716,6,2223.00,1660.00,59.00,100.00,7.1119,-1,-1,-1
2717,10,2292.00,1259.00,62.00,104.00,7.3849,-1,-1,-1
2717,6,2223.00,1661.00,59.00,99.00,7.1050,-1,-1,-1
2718,10,2292.00,1260.00,63.00,105.00,7.4506,-1,-1,-1
2718,6,2224.00,1663.00,58.00,97.00,7.0565,-1,-1,-1
2719,10,2291.00,1261.00,66.00,106.00,7.5036,-1,-1,-1
2719,6,2225.00,1663.00,56.00,95.00,6.9776,-1,-1,-1
2720,10,2291.00,1259.00,68.00,111.00,7.5164,-1,-1,-1
2720,6,2226.00,1663.00,55.00,93.00,6.8710,-1,-1,-1
2721,10,2290.00,1259.00,70.00,110.00,7.5295,-1,-1,-1
2721,6,2226.00,1662.00,56.00,95.00,6.7951,-1,-1,-1
2722,10,2290.00,1259.00,70.00,105.00,7.5463,-1,-1,-1
2722,6,2226.00,1660.00,57.00,97.00,6.7614,-1,-1,-1
2723,10,2290.00,1259.00,70.00,103.00,7.5346,-1,-1,-1
2723,6,2225.00,1659.00,59.00,98.00,6.7804,-1,-1,-1
2724,10,2289.00,1258.00,72.00,106.00,7.4983,-1,-1,-1
2724,6,2225.00,1659.00,60.00,98.00,6.8084,-1,-1,-1
2725,10,2288.00,1258.00,75.00,104.00,7.4418,-1,-1,-1
2725,6,2226.00,1657.00,58.00,98.00,6.7541,-1,-1,-1
2726,10,2289.00,1255.00,75.00,105.00,7.3914,-1,-1,-1
2726,6,2226.00,1657.00,58.00,97.00,6.6571,-1,-1,-1
2727,10,2289.00,1254.00,76.00,106.00,7.3540,-1,-1,-1
2727,6,2227.00,1656.00,57.00,98.00,6.4988,-1,-1,-1
2728,10,2288.00,1253.00,79.00,108.00,7.3206,-1,-1,-1
2728,6,2228.00,1652.00,55.00,96.00,6.3744,-1,-1,-1
2729,10,2288.00,1252.00,80.00,109.00,7.2838,-1,-1,-1
2729,6,2229.00,1653.00,56.00,93.00,6.4107,-1,-1,-1
2730,10,2288.00,1251.00,81.00,110.00,7.2492,-1,-1,-1
2730,6,2229.00,1653.00,57.00,93.00,6.5080,-1,-1,-1
2731,10,2287.00,1252.00,80.00,107.00,7.2374,-1,-1,-1
2731,6,2229.00,1653.00,57.00,93.00,6.5959,-1,-1,-1
2732,10,2287.00,1251.00,79.00,104.00,7.2226,-1,-1,-1
2732,6,2230.00,1653.00,57.00,93.00,6.6834,-1,-1,-1
2733,10,2287.00,1250.00,78.00,105.00,7.2310,-1,-1,-1
2733,6,2231.00,1652.00,56.00,93.00,6.7705,-1,-1,-1
2734,10,2286.00,1248.00,79.00,108.00,7.2390,-1,-1,-1
2734,6,2232.00,1651.00,55.00,91.00,6.8597,-1,-1,-1
2735,10,2287.00,1247.00,77.00,107.00,7.2701,-1,-1,-1
2735,6,2231.00,1650.00,57.00,89.00,6.9416,-1,-1,-1
2736,10,2288.00,1245.00,78.00,109.00,7.2405,-1,-1,-1
2736,6,2231.00,1647.00,57.00,91.00,6.9481,-1,-1,-1
2737,10,2288.00,1242.00,82.00,116.00,7.1563,-1,-1,-1
2737,6,2232.00,1644.00,56.00,92.00,6.9425,-1,-1,-1
2738,10,2289.00,1240.00,82.00,116.00,7.0806,-1,-1,-1
2738,6,2232.00,1643.00,56.00,92.00,6.9858,-1,-1,-1
2739,10,2292.00,1241.00,74.00,109.00,7.0241,-1,-1,-1
2739,6,2232.00,1640.00,57.00,94.00,7.0024,-1,-1,-1
2740,6,2232.00,1637.00,59.00,97.00,7.0243,-1,-1,-1
2740,10,2294.00,1240.00,71.00,108.00,7.0194,-1,-1,-1
2741,10,2295.00,1240.00,70.00,108.00,7.0316,-1,-1,-1
2741,6,2232.00,1634.00,60.00,100.00,7.0168,-1,-1,-1
2742,10,2296.00,1239.00,69.00,109.00,7.0584,-1,-1,-1
2742,6,2231.00,1632.00,63.00,102.00,6.9694,-1,-1,-1
2743,10,2296.00,1238.00,69.00,111.00,7.0801,-1,-1,-1
2743,6,2233.00,1632.00,61.00,102.00,6.8583,-1,-1,-1
2744,10,2296.00,1238.00,70.00,113.00,7.1165,-1,-1,-1
2744,6,2234.00,1632.00,60.00,102.00,6.7190,-1,-1,-1
2745,10,2297.00,1237.00,68.00,114.00,7.1225,-1,-1,-1
2745,6,2234.00,1631.00,61.00,103.00,6.6034,-1,-1,-1
2746,10,2297.00,1237.00,67.00,113.00,7.1472,-1,-1,-1
2746,6,2234.00,1631.00,61.00,104.00,6.4795,-1,-1,-1
2747,10,2297.00,1237.00,67.00,113.00,7.1911,-1,-1,-1
2747,6,2234.00,1631.00,62.00,104.00,6.3353,-1,-1,-1
2748,10,2298.00,1236.00,66.00,113.00,7.2273,-1,-1,-1
2748,6,2236.00,1621.00,58.00,105.00,6.2226,-1,-1,-1
2749,10,2299.00,1235.00,64.00,113.00,7.2542,-1,-1,-1
2749,6,2236.00,1621.00,59.00,106.00,6.1913,-1,-1,-1
2750,10,2299.00,1235.00,63.00,111.00,7.2804,-1,-1,-1
2750,6,2235.00,1621.00,62.00,107.00,6.2571,-1,-1,-1
2751,10,2299.00,1234.00,62.00,109.00,7.2824,-1,-1,-1
2751,6,2235.00,1620.00,63.00,108.00,6.3331,-1,-1,-1
2752,10,2298.00,1233.00,65.00,110.00,7.3210,-1,-1,-1
2752,6,2235.00,1620.00,65.00,108.00,6.4266,-1,-1,-1
2753,10,2298.00,1232.00,66.00,111.00,7.3848,-1,-1,-1
2753,6,2235.00,1619.00,66.00,109.00,6.5191,-1,-1,-1
2754,10,2299.00,1231.00,66.00,111.00,7.4357,-1,-1,-1
2754,6,2235.00,1618.00,66.00,108.00,6.5849,-1,-1,-1
2755,10,2300.00,1230.00,64.00,110.00,7.4489,-1,-1,-1
2755,6,2236.00,1618.00,66.00,106.00,6.6394,-1,-1,-1
2756,10,2301.00,1230.00,64.00,110.00,7.4685,-1,-1,-1
2756,6,2237.00,1618.00,65.00,103.00,6.6613,-1,-1,-1
2757,10,2302.00,1230.00,64.00,110.00,7.4871,-1,-1,-1
2757,6,2237.00,1618.00,65.00,102.00,6.6690,-1,-1,-1
2758,10,2302.00,1229.00,66.00,114.00,7.4866,-1,-1,-1
2758,6,2239.00,1618.00,63.00,100.00,6.6436,-1,-1,-1
2759,10,2303.00,1228.00,67.00,116.00,7.4449,-1,-1,-1
2759,6,2240.00,1618.00,63.00,98.00,6.6012,-1,-1,-1
2760,10,2303.00,1227.00,65.00,111.00,7.3822,-1,-1,-1
2760,6,2241.00,1617.00,62.00,99.00,6.5467,-1,-1,-1
2761,10,2302.00,1227.00,67.00,109.00,7.3547,-1,-1,-1
2761,6,2242.00,1621.00,61.00,91.00,6.5102,-1,-1,-1
2762,10,2302.00,1226.00,69.00,110.00,7.3395,-1,-1,-1
2762,6,2243.00,1621.00,60.00,90.00,6.5109,-1,-1,-1
2763,10,2302.00,1227.00,70.00,109.00,7.3340,-1,-1,-1
2763,6,2244.00,1620.00,59.00,89.00,6.5150,-1,-1,-1
2764,10,2301.00,1226.00,72.00,109.00,7.3347,-1,-1,-1
2764,6,2245.00,1619.00,58.00,90.00,6.5310,-1,-1,-1
2765,10,2302.00,1223.00,69.00,111.00,7.3493,-1,-1,-1
2765,6,2244.00,1618.00,59.00,91.00,6.5729,-1,-1,-1
2766,10,2302.00,1222.00,70.00,112.00,7.3640,-1,-1,-1
2766,6,2244.00,1618.00,60.00,90.00,6.6472,-1,-1,-1
2767,10,2302.00,1222.00,71.00,113.00,7.3824,-1,-1,-1
2767,6,2245.00,1616.00,59.00,91.00,6.7169,-1,-1,-1
2768,10,2302.00,1221.00,71.00,112.00,7.4091,-1,-1,-1
2768,6,2246.00,1616.00,58.00,91.00,6.7506,-1,-1,-1
2769,10,2302.00,1220.00,72.00,112.00,7.4478,-1,-1,-1
2769,6,2248.00,1615.00,57.00,90.00,6.7407,-1,-1,-1
2770,10,2302.00,1219.00,72.00,113.00,7.4813,-1,-1,-1
2770,6,2249.00,1614.00,57.00,90.00,6.6924,-1,-1,-1
2771,10,2302.00,1217.00,73.00,116.00,7.5149,-1,-1,-1
2771,6,2249.00,1613.00,58.00,91.00,6.6060,-1,-1,-1
2772,10,2302.00,1215.00,72.00,117.00,7.5367,-1,-1,-1
2772,6,2251.00,1609.00,55.00,89.00,6.5656,-1,-1,-1
2773,10,2303.00,1212.00,71.00,119.00,7.5235,-1,-1,-1
2773,6,2251.00,1607.00,56.00,89.00,6.5219,-1,-1,-1
2774,10,2303.00,1211.00,70.00,120.00,7.4824,-1,-1,-1
2774,6,2250.00,1606.00,58.00,92.00,6.4827,-1,-1,-1
2775,10,2303.00,1210.00,70.00,120.00,7.4341,-1,-1,-1
2775,6,2250.00,1605.00,60.00,94.00,6.4422,-1,-1,-1
2776,10,2304.00,1209.00,69.00,120.00,7.3687,-1,-1,-1
2776,6,2250.00,1605.00,63.00,93.00,6.4680,-1,-1,-1
2777,10,2306.00,1210.00,65.00,114.00,7.2903,-1,-1,-1
2777,6,2251.00,1604.00,64.00,93.00,6.5388,-1,-1,-1
2778,10,2307.00,1210.00,64.00,117.00,7.2391,-1,-1,-1
2778,6,2252.00,1603.00,64.00,94.00,6.6243,-1,-1,-1
2779,10,2307.00,1209.00,65.00,119.00,7.2051,-1,-1,-1
2779,6,2254.00,1603.00,61.00,92.00,6.6897,-1,-1,-1
2780,10,2306.00,1210.00,65.00,114.00,7.1737,-1,-1,-1
2780,6,2253.00,1602.00,62.00,94.00,6.7194,-1,-1,-1
2781,10,2307.00,1209.00,65.00,119.00,7.1522,-1,-1,-1
2781,6,2252.00,1600.00,65.00,94.00,6.7474,-1,-1,-1
2782,10,2308.00,1208.00,64.00,118.00,7.1470,-1,-1,-1
2782,6,2251.00,1598.00,68.00,97.00,6.7626,-1,-1,-1
2783,10,2308.00,1208.00,63.00,116.00,7.1357,-1,-1,-1
2783,6,2253.00,1597.00,66.00,95.00,6.7610,-1,-1,-1
2784,10,2309.00,1208.00,61.00,113.00,7.1325,-1,-1,-1
2784,6,2254.00,1595.00,65.00,96.00,6.7564,-1,-1,-1
2785,10,2309.00,1207.00,60.00,111.00,7.0908,-1,-1,-1
2785,6,2254.00,1595.00,68.00,98.00,6.7637,-1,-1,-1
2786,10,2309.00,1207.00,60.00,110.00,7.0436,-1,-1,-1
2786,6,2254.00,1594.00,71.00,100.00,6.7645,-1,-1,-1
2787,10,2312.00,1208.00,54.00,99.00,6.9826,-1,-1,-1
2787,6,2255.00,1593.00,72.00,100.00,6.7729,-1,-1,-1
2788,10,2313.00,1207.00,52.00,95.00,6.9553,-1,-1,-1
2788,6,2256.00,1592.00,73.00,100.00,6.7792,-1,-1,-1
2789,10,2313.00,1206.00,52.00,94.00,6.9436,-1,-1,-1
2789,6,2257.00,1592.00,72.00,99.00,6.7864,-1,-1,-1
2790,10,2314.00,1204.00,51.00,95.00,6.8930,-1,-1,-1
2790,6,2256.00,1592.00,71.00,100.00,6.7995,-1,-1,-1
2791,10,2313.00,1206.00,51.00,87.00,6.8457,-1,-1,-1
2791,6,2256.00,1592.00,72.00,101.00,6.8250,-1,-1,-1
2792,6,2257.00,1592.00,69.00,100.00,6.8358,-1,-1,-1
2792,10,2312.00,1205.00,52.00,87.00,6.8059,-1,-1,-1
2793,6,2259.00,1593.00,65.00,98.00,6.8426,-1,-1,-1
2793,10,2313.00,1205.00,51.00,87.00,6.7508,-1,-1,-1
2794,6,2259.00,1592.00,65.00,99.00,6.8412,-1,-1,-1
2794,10,2313.00,1204.00,52.00,88.00,6.6633,-1,-1,-1
2795,6,2260.00,1592.00,62.00,96.00,6.8567,-1,-1,-1
2795,10,2314.00,1203.00,51.00,88.00,6.5772,-1,-1,-1
2796,6,2261.00,1591.00,61.00,95.00,6.8865,-1,-1,-1
2796,10,2315.00,1201.00,50.00,87.00,6.5001,-1,-1,-1
2797,6,2261.00,1590.00,60.00,94.00,6.9195,-1,-1,-1
2797,10,2316.00,1201.00,48.00,86.00,6.4379,-1,-1,-1
2798,6,2262.00,1589.00,60.00,95.00,6.9462,-1,-1,-1
2798,10,2317.00,1200.00,47.00,85.00,6.3873,-1,-1,-1
2799,6,2263.00,1591.00,60.00,94.00,6.9841,-1,-1,-1
2799,10,2317.00,1199.00,47.00,85.00,6.3935,-1,-1,-1
2800,6,2264.00,1591.00,61.00,94.00,7.0465,-1,-1,-1
2800,10,2317.00,1198.00,47.00,84.00,6.4052,-1,-1,-1
2801,6,2265.00,1592.00,61.00,95.00,7.0575,-1,-1,-1
2801,10,2317.00,1198.00,47.00,82.00,6.3857,-1,-1,-1
2802,6,2265.00,1592.00,61.00,94.00,7.0755,-1,-1,-1
2802,10,2317.00,1198.00,47.00,83.00,6.3130,-1,-1,-1
2803,6,2266.00,1592.00,61.00,93.00,7.0827,-1,-1,-1
2803,10,2317.00,1197.00,47.00,86.00,6.2532,-1,-1,-1
2804,6,2267.00,1592.00,60.00,92.00,7.1004,-1,-1,-1
2804,10,2316.00,1196.00,48.00,88.00,6.2073,-1,-1,-1
2805,6,2266.00,1591.00,61.00,92.00,7.1216,-1,-1,-1
2805,10,2314.00,1196.00,51.00,92.00,6.2258,-1,-1,-1
2806,6,2267.00,1589.00,60.00,92.00,7.1341,-1,-1,-1
2806,10,2314.00,1195.00,52.00,94.00,6.2747,-1,-1,-1
2807,6,2267.00,1588.00,59.00,92.00,7.1432,-1,-1,-1
2807,10,2313.00,1195.00,54.00,96.00,6.3460,-1,-1,-1
2808,6,2267.00,1588.00,57.00,93.00,7.1489,-1,-1,-1
2808,10,2313.00,1194.00,54.00,99.00,6.4117,-1,-1,-1
2809,6,2268.00,1587.00,56.00,93.00,7.1270,-1,-1,-1
2809,10,2312.00,1194.00,56.00,100.00,6.4843,-1,-1,-1
2810,6,2268.00,1587.00,57.00,95.00,7.1124,-1,-1,-1
2810,10,2313.00,1193.00,55.00,100.00,6.5365,-1,-1,-1
2811,6,2269.00,1586.00,56.00,96.00,7.0990,-1,-1,-1
2811,10,2315.00,1193.00,52.00,96.00,6.6004,-1,-1,-1
2812,6,2268.00,1586.00,58.00,98.00,7.1417,-1,-1,-1
2812,10,2315.00,1192.00,52.00,94.00,6.6694,-1,-1,-1
2813,6,2269.00,1586.00,56.00,97.00,7.1542,-1,-1,-1
2813,10,2315.00,1193.00,52.00,93.00,6.7633,-1,-1,-1
2814,6,2269.00,1587.00,55.00,96.00,7.1964,-1,-1,-1
2814,10,2316.00,1192.00,51.00,93.00,6.8453,-1,-1,-1
2815,6,2269.00,1587.00,55.00,96.00,7.1832,-1,-1,-1
2815,10,2317.00,1192.00,50.00,93.00,6.9241,-1,-1,-1
2816,6,2270.00,1585.00,55.00,96.00,7.1753,-1,-1,-1
2816,10,2316.00,1193.00,52.00,93.00,7.0198,-1,-1,-1
2817,6,2270.00,1586.00,56.00,96.00,7.1906,-1,-1,-1
2817,10,2317.00,1193.00,51.00,94.00,7.1133,-1,-1,-1
2818,10,2316.00,1194.00,52.00,95.00,7.2237,-1,-1,-1
2818,6,2271.00,1587.00,55.00,96.00,7.2183,-1,-1,-1
2819,10,2318.00,1193.00,50.00,92.00,7.3109,-1,-1,-1
2819,6,2271.00,1587.00,57.00,98.00,7.2645,-1,-1,-1
2820,10,2318.00,1194.00,50.00,91.00,7.3907,-1,-1,-1
2820,6,2272.00,1586.00,58.00,100.00,7.2712,-1,-1,-1
2821,10,2318.00,1195.00,50.00,91.00,7.4696,-1,-1,-1
2821,6,2273.00,1587.00,57.00,98.00,7.1609,-1,-1,-1
2822,10,2318.00,1196.00,51.00,92.00,7.5417,-1,-1,-1
2822,6,2273.00,1587.00,59.00,101.00,7.0882,-1,-1,-1
2823,10,2319.00,1196.00,50.00,91.00,7.5955,-1,-1,-1
2823,6,2274.00,1587.00,59.00,101.00,7.0917,-1,-1,-1
2824,10,2318.00,1198.00,52.00,93.00,7.6324,-1,-1,-1
2824,6,2276.00,1588.00,56.00,99.00,7.0621,-1,-1,-1
2825,10,2318.00,1199.00,53.00,94.00,7.6592,-1,-1,-1
2825,6,2277.00,1589.00,55.00,94.00,7.0126,-1,-1,-1
2826,10,2316.00,1196.00,57.00,103.00,7.6564,-1,-1,-1
2826,6,2277.00,1588.00,55.00,97.00,6.9246,-1,-1,-1
2827,10,2318.00,1198.00,55.00,102.00,7.6650,-1,-1,-1
2827,6,2276.00,1590.00,58.00,97.00,6.9345,-1,-1,-1
2828,10,2319.00,1199.00,54.00,102.00,7.6572,-1,-1,-1
2828,6,2276.00,1591.00,58.00,97.00,6.9581,-1,-1,-1
2829,10,2319.00,1201.00,55.00,99.00,7.6706,-1,-1,-1
2829,6,2277.00,1592.00,57.00,96.00,6.9639,-1,-1,-1
2830,10,2319.00,1202.00,55.00,99.00,7.6692,-1,-1,-1
2830,6,2279.00,1594.00,55.00,93.00,6.9641,-1,-1,-1
2831,10,2320.00,1204.00,55.00,97.00,7.6582,-1,-1,-1
2831,6,2279.00,1595.00,55.00,92.00,6.9113,-1,-1,-1
2832,10,2320.00,1206.00,56.00,96.00,7.6302,-1,-1,-1
2832,6,2278.00,1596.00,58.00,100.00,6.9385,-1,-1,-1
2833,10,2319.00,1207.00,58.00,100.00,7.6005,-1,-1,-1
2833,6,2278.00,1600.00,58.00,100.00,6.9189,-1,-1,-1
2834,10,2319.00,1208.00,58.00,98.00,7.6063,-1,-1,-1
2834,6,2280.00,1602.00,56.00,98.00,6.8038,-1,-1,-1
2835,10,2320.00,1209.00,57.00,98.00,7.5719,-1,-1,-1
2835,6,2281.00,1604.00,55.00,97.00,6.6731,-1,-1,-1
2836,10,2322.00,1211.00,54.00,96.00,7.4884,-1,-1,-1
2836,6,2281.00,1605.00,55.00,95.00,6.6312,-1,-1,-1
2837,10,2321.00,1210.00,56.00,100.00,7.3835,-1,-1,-1
2837,6,2283.00,1606.00,53.00,92.00,6.6275,-1,-1,-1
2838,10,2321.00,1210.00,58.00,107.00,7.3336,-1,-1,-1
2838,6,2280.00,1608.00,58.00,101.00,6.6105,-1,-1,-1
2839,10,2323.00,1212.00,55.00,108.00,7.1150,-1,-1,-1
2839,6,2279.00,1608.00,61.00,100.00,6.6531,-1,-1,-1
2840,10,2322.00,1213.00,57.00,108.00,7.0104,-1,-1,-1
2840,6,2283.00,1610.00,57.00,99.00,6.7088,-1,-1,-1
2841,10,2321.00,1216.00,58.00,104.00,6.9535,-1,-1,-1
2841,6,2283.00,1610.00,59.00,102.00,6.7984,-1,-1,-1
2842,10,2323.00,1216.00,56.00,104.00,6.9008,-1,-1,-1
2842,6,2285.00,1612.00,58.00,100.00,6.7966,-1,-1,-1
2843,10,2326.00,1219.00,52.00,98.00,6.9306,-1,-1,-1
2843,6,2286.00,1616.00,56.00,97.00,6.7829,-1,-1,-1
2844,10,2327.00,1222.00,51.00,94.00,6.9903,-1,-1,-1
2844,6,2287.00,1618.00,54.00,94.00,6.7759,-1,-1,-1
2845,10,2328.00,1224.00,50.00,89.00,7.0003,-1,-1,-1
2845,6,2288.00,1622.00,54.00,99.00,6.7819,-1,-1,-1
2846,10,2325.00,1224.00,56.00,100.00,6.9748,-1,-1,-1
2846,6,2288.00,1623.00,54.00,99.00,6.8650,-1,-1,-1
2847,10,2326.00,1227.00,55.00,99.00,7.0322,-1,-1,-1
2847,6,2289.00,1626.00,54.00,101.00,6.9138,-1,-1,-1
2848,10,2328.00,1230.00,52.00,94.00,7.0996,-1,-1,-1
2848,6,2290.00,1628.00,53.00,99.00,6.8986,-1,-1,-1
2849,10,2330.00,1230.00,50.00,95.00,7.1387,-1,-1,-1
2849,6,2290.00,1630.00,54.00,97.00,6.9304,-1,-1,-1
2850,10,2331.00,1234.00,50.00,91.00,7.2000,-1,-1,-1
2850,6,2291.00,1632.00,54.00,103.00,7.0186,-1,-1,-1
2851,10,2332.00,1236.00,49.00,89.00,7.2486,-1,-1,-1
2851,6,2291.00,1636.00,55.00,101.00,7.1091,-1,-1,-1
2852,10,2330.00,1236.00,53.00,98.00,7.3195,-1,-1,-1
2852,6,2291.00,1637.00,57.00,103.00,7.1691,-1,-1,-1
2853,10,2331.00,1240.00,52.00,97.00,7.4249,-1,-1,-1
2853,6,2291.00,1638.00,58.00,108.00,7.2026,-1,-1,-1
2854,10,2332.00,1243.00,52.00,94.00,7.5104,-1,-1,-1
2854,6,2291.00,1642.00,59.00,105.00,7.2687,-1,-1,-1
2855,10,2332.00,1245.00,52.00,97.00,7.5598,-1,-1,-1
2855,6,2292.00,1645.00,60.00,103.00,7.3248,-1,-1,-1
2856,10,2330.00,1247.00,57.00,107.00,7.6067,-1,-1,-1
2856,6,2292.00,1647.00,61.00,103.00,7.3614,-1,-1,-1
2857,10,2332.00,1249.00,54.00,103.00,7.6132,-1,-1,-1
2857,6,2294.00,1650.00,60.00,104.00,7.3264,-1,-1,-1
2858,10,2334.00,1251.00,52.00,98.00,7.5798,-1,-1,-1
2858,6,2295.00,1654.00,60.00,106.00,7.2768,-1,-1,-1
2859,10,2334.00,1255.00,53.00,98.00,7.5644,-1,-1,-1
2859,6,2295.00,1657.00,62.00,106.00,7.1861,-1,-1,-1
2860,10,2334.00,1258.00,53.00,96.00,7.5565,-1,-1,-1
2860,6,2296.00,1661.00,60.00,102.00,7.0729,-1,-1,-1
2861,10,2333.00,1257.00,56.00,105.00,7.5386,-1,-1,-1
2861,6,2296.00,1666.00,61.00,104.00,6.9648,-1,-1,-1
2862,10,2334.00,1261.00,56.00,103.00,7.4715,-1,-1,-1
2862,6,2298.00,1668.00,59.00,105.00,6.7907,-1,-1,-1
2863,10,2337.00,1265.00,52.00,98.00,7.2658,-1,-1,-1
2863,6,2298.00,1669.00,60.00,104.00,6.7866,-1,-1,-1
2864,10,2338.00,1268.00,51.00,94.00,7.1384,-1,-1,-1
2864,6,2299.00,1670.00,58.00,106.00,6.6627,-1,-1,-1
2865,10,2337.00,1272.00,52.00,93.00,7.0335,-1,-1,-1
2865,6,2299.00,1676.00,57.00,108.00,6.4877,-1,-1,-1
2866,10,2335.00,1274.00,56.00,99.00,7.0627,-1,-1,-1
2866,6,2300.00,1681.00,57.00,104.00,6.4321,-1,-1,-1
2867,10,2329.00,1275.00,63.00,105.00,7.1386,-1,-1,-1
2867,6,2300.00,1683.00,58.00,101.00,6.4721,-1,-1,-1
2868,10,2332.00,1278.00,61.00,102.00,7.1559,-1,-1,-1
2868,6,2299.00,1683.00,59.00,105.00,6.5325,-1,-1,-1
2869,10,2333.00,1279.00,61.00,109.00,7.1850,-1,-1,-1
2869,6,2301.00,1685.00,56.00,103.00,6.4937,-1,-1,-1
2870,10,2333.00,1282.00,61.00,112.00,7.2519,-1,-1,-1
2870,6,2302.00,1689.00,58.00,108.00,6.5030,-1,-1,-1
2871,10,2334.00,1284.00,60.00,111.00,7.3208,-1,-1,-1
2871,6,2303.00,1690.00,58.00,103.00,6.5096,-1,-1,-1
2872,10,2335.00,1286.00,58.00,110.00,7.3347,-1,-1,-1
2872,6,2302.00,1694.00,61.00,105.00,6.6682,-1,-1,-1
2873,10,2336.00,1288.00,55.00,103.00,7.3711,-1,-1,-1
2873,6,2302.00,1697.00,61.00,106.00,6.7730,-1,-1,-1
2874,10,2336.00,1290.00,57.00,102.00,7.4194,-1,-1,-1
2874,6,2302.00,1698.00,61.00,106.00,6.8266,-1,-1,-1
2875,10,2336.00,1292.00,59.00,109.00,7.4391,-1,-1,-1
2875,6,2303.00,1700.00,62.00,110.00,6.8979,-1,-1,-1
2876,10,2338.00,1294.00,56.00,107.00,7.4450,-1,-1,-1
2876,6,2304.00,1703.00,61.00,108.00,6.9295,-1,-1,-1
2877,10,2338.00,1297.00,56.00,107.00,7.4802,-1,-1,-1
2877,6,2306.00,1707.00,59.00,103.00,6.9238,-1,-1,-1
2878,10,2337.00,1300.00,62.00,116.00,7.5129,-1,-1,-1
2878,6,2307.00,1712.00,58.00,100.00,6.8751,-1,-1,-1
2879,10,2337.00,1303.00,62.00,115.00,7.5898,-1,-1,-1
2879,6,2307.00,1714.00,60.00,108.00,6.8135,-1,-1,-1
2880,10,2337.00,1304.00,63.00,116.00,7.6665,-1,-1,-1
2880,6,2308.00,1718.00,59.00,105.00,6.8299,-1,-1,-1
2881,10,2336.00,1307.00,67.00,116.00,7.7179,-1,-1,-1
2881,6,2308.00,1719.00,59.00,101.00,6.9332,-1,-1,-1
2882,10,2339.00,1308.00,62.00,114.00,7.7291,-1,-1,-1
2882,6,2307.00,1723.00,61.00,99.00,6.9909,-1,-1,-1
2883,10,2341.00,1309.00,59.00,113.00,7.7311,-1,-1,-1
2883,6,2308.00,1725.00,58.00,99.00,7.0060,-1,-1,-1
2884,10,2341.00,1310.00,60.00,113.00,7.6691,-1,-1,-1
2884,6,2308.00,1727.00,62.00,105.00,7.0211,-1,-1,-1
2885,10,2340.00,1313.00,63.00,112.00,7.6183,-1,-1,-1
2885,6,2310.00,1730.00,60.00,104.00,7.0274,-1,-1,-1
2886,10,2341.00,1315.00,63.00,110.00,7.6049,-1,-1,-1
2886,6,2312.00,1733.00,55.00,103.00,6.9843,-1,-1,-1
2887,10,2342.00,1317.00,63.00,110.00,7.6108,-1,-1,-1
2887,6,2310.00,1735.00,58.00,100.00,6.9475,-1,-1,-1
2888,10,2343.00,1319.00,62.00,111.00,7.5867,-1,-1,-1
2888,6,2310.00,1734.00,57.00,104.00,6.8906,-1,-1,-1
2889,10,2344.00,1321.00,60.00,109.00,7.5029,-1,-1,-1
2889,6,2313.00,1738.00,55.00,104.00,6.9094,-1,-1,-1
2890,10,2345.00,1322.00,60.00,108.00,7.3222,-1,-1,-1
2890,6,2313.00,1738.00,56.00,106.00,6.9629,-1,-1,-1
2891,10,2346.00,1322.00,60.00,107.00,7.1612,-1,-1,-1
2891,6,2313.00,1741.00,58.00,108.00,7.0383,-1,-1,-1
2892,6,2314.00,1743.00,58.00,107.00,7.1097,-1,-1,-1
2892,10,2347.00,1325.00,58.00,104.00,6.9946,-1,-1,-1
2893,6,2311.00,1744.00,60.00,103.00,7.1675,-1,-1,-1
2893,10,2346.00,1326.00,59.00,105.00,6.8801,-1,-1,-1
2894,6,2311.00,1745.00,61.00,104.00,7.1763,-1,-1,-1
2894,10,2343.00,1325.00,65.00,115.00,6.8169,-1,-1,-1
2895,6,2313.00,1748.00,59.00,106.00,7.2197,-1,-1,-1
2895,10,2343.00,1328.00,64.00,114.00,6.7985,-1,-1,-1
2896,6,2313.00,1750.00,60.00,105.00,7.2750,-1,-1,-1
2896,10,2344.00,1330.00,62.00,114.00,6.7916,-1,-1,-1
2897,6,2313.00,1750.00,61.00,106.00,7.3292,-1,-1,-1
2897,10,2347.00,1331.00,58.00,114.00,6.7404,-1,-1,-1
2898,6,2314.00,1753.00,63.00,107.00,7.3254,-1,-1,-1
2898,10,2351.00,1333.00,52.00,106.00,6.6810,-1,-1,-1
2899,6,2314.00,1753.00,62.00,104.00,7.3262,-1,-1,-1
2899,10,2351.00,1336.00,52.00,104.00,6.7364,-1,-1,-1
2900,6,2314.00,1754.00,63.00,104.00,7.3324,-1,-1,-1
2900,10,2352.00,1338.00,52.00,102.00,6.8849,-1,-1,-1
2901,6,2313.00,1756.00,66.00,108.00,7.3266,-1,-1,-1
2901,10,2352.00,1340.00,52.00,102.00,6.9896,-1,-1,-1
2902,6,2314.00,1758.00,65.00,106.00,7.2633,-1,-1,-1
2902,10,2350.00,1341.00,59.00,109.00,7.1016,-1,-1,-1
2903,10,2349.00,1343.00,60.00,110.00,7.2102,-1,-1,-1
2903,6,2315.00,1759.00,65.00,111.00,7.1577,-1,-1,-1
2904,10,2349.00,1344.00,60.00,110.00,7.2882,-1,-1,-1
2904,6,2316.00,1762.00,64.00,111.00,7.0832,-1,-1,-1
2905,10,2348.00,1345.00,62.00,113.00,7.3442,-1,-1,-1
2905,6,2318.00,1765.00,62.00,109.00,7.0049,-1,-1,-1
2906,10,2347.00,1346.00,65.00,118.00,7.3986,-1,-1,-1
2906,6,2318.00,1768.00,61.00,105.00,7.0302,-1,-1,-1
2907,10,2346.00,1348.00,67.00,118.00,7.4775,-1,-1,-1
2907,6,2318.00,1770.00,61.00,103.00,7.0649,-1,-1,-1
2908,10,2346.00,1350.00,69.00,117.00,7.5506,-1,-1,-1
2908,6,2318.00,1772.00,60.00,105.00,7.0392,-1,-1,-1
2909,10,2347.00,1351.00,69.00,118.00,7.6057,-1,-1,-1
2909,6,2319.00,1775.00,59.00,104.00,7.0477,-1,-1,-1
2910,10,2346.00,1354.00,70.00,116.00,7.6332,-1,-1,-1
2910,6,2320.00,1777.00,59.00,104.00,7.0389,-1,-1,-1
2911,10,2347.00,1355.00,69.00,114.00,7.6459,-1,-1,-1
2911,6,2321.00,1776.00,60.00,105.00,7.0238,-1,-1,-1
2912,10,2346.00,1355.00,71.00,114.00,7.6280,-1,-1,-1
2912,6,2322.00,1778.00,59.00,102.00,6.9305,-1,-1,-1
2913,10,2346.00,1356.00,73.00,116.00,7.5489,-1,-1,-1
2913,6,2322.00,1779.00,57.00,100.00,6.9838,-1,-1,-1
2914,10,2345.00,1355.00,76.00,122.00,7.5078,-1,-1,-1
2914,6,2322.00,1781.00,58.00,99.00,7.0162,-1,-1,-1
2915,10,2345.00,1355.00,76.00,120.00,7.4503,-1,-1,-1
2915,6,2323.00,1781.00,58.00,104.00,6.9182,-1,-1,-1
2916,10,2346.00,1355.00,75.00,120.00,7.3526,-1,-1,-1
2916,6,2323.00,1783.00,57.00,101.00,6.7287,-1,-1,-1
2917,10,2348.00,1356.00,73.00,119.00,7.3126,-1,-1,-1
2917,6,2325.00,1784.00,54.00,98.00,6.6185,-1,-1,-1
2918,10,2348.00,1358.00,75.00,121.00,7.3429,-1,-1,-1
2918,6,2325.00,1785.00,54.00,97.00,6.5010,-1,-1,-1
2919,10,2349.00,1359.00,75.00,121.00,7.3757,-1,-1,-1
2919,6,2325.00,1784.00,57.00,105.00,6.4588,-1,-1,-1
2920,10,2350.00,1358.00,75.00,122.00,7.3744,-1,-1,-1
2920,6,2322.00,1783.00,61.00,103.00,6.5284,-1,-1,-1
2921,10,2350.00,1359.00,76.00,121.00,7.3683,-1,-1,-1
2921,6,2317.00,1783.00,66.00,108.00,6.6936,-1,-1,-1
2922,10,2350.00,1362.00,75.00,117.00,7.3695,-1,-1,-1
2922,6,2318.00,1786.00,66.00,106.00,6.8416,-1,-1,-1
2923,10,2351.00,1364.00,74.00,116.00,7.3730,-1,-1,-1
2923,6,2321.00,1789.00,64.00,101.00,6.9203,-1,-1,-1
2924,10,2349.00,1364.00,77.00,120.00,7.3887,-1,-1,-1
2924,6,2322.00,1789.00,65.00,102.00,7.0343,-1,-1,-1
2925,10,2350.00,1364.00,75.00,119.00,7.3984,-1,-1,-1
2925,6,2324.00,1792.00,64.00,102.00,7.1511,-1,-1,-1
2926,10,2352.00,1365.00,72.00,117.00,7.3735,-1,-1,-1
2926,6,2324.00,1794.00,65.00,102.00,7.2222,-1,-1,-1
2927,10,2353.00,1365.00,71.00,118.00,7.3232,-1,-1,-1
2927,6,2325.00,1793.00,65.00,107.00,7.2470,-1,-1,-1
2928,10,2357.00,1367.00,64.00,116.00,7.2438,-1,-1,-1
2928,6,2326.00,1794.00,65.00,107.00,7.2352,-1,-1,-1
2929,6,2325.00,1795.00,66.00,104.00,7.2220,-1,-1,-1
2929,10,2354.00,1366.00,69.00,116.00,7.1677,-1,-1,-1
2930,6,2325.00,1796.00,66.00,107.00,7.2742,-1,-1,-1
2930,10,2354.00,1368.00,69.00,112.00,7.1526,-1,-1,-1
2931,6,2328.00,1797.00,65.00,109.00,7.3108,-1,-1,-1
2931,10,2352.00,1368.00,72.00,114.00,7.1751,-1,-1,-1
2932,6,2329.00,1798.00,65.00,109.00,7.3077,-1,-1,-1
2932,10,2352.00,1369.00,72.00,114.00,7.1960,-1,-1,-1
2933,6,2329.00,1800.00,64.00,108.00,7.2469,-1,-1,-1
2933,10,2351.00,1371.00,73.00,113.00,7.2166,-1,-1,-1
2934,10,2353.00,1372.00,70.00,111.00,7.2096,-1,-1,-1
2934,6,2331.00,1802.00,63.00,107.00,7.0952,-1,-1,-1
2935,10,2354.00,1370.00,69.00,120.00,7.1795,-1,-1,-1
2935,6,2331.00,1802.00,63.00,108.00,7.0323,-1,-1,-1
2936,10,2355.00,1372.00,68.00,117.00,7.2028,-1,-1,-1
2936,6,2330.00,1802.00,64.00,108.00,7.0457,-1,-1,-1
2937,10,2356.00,1374.00,67.00,113.00,7.2564,-1,-1,-1
2937,6,2330.00,1800.00,64.00,111.00,7.0185,-1,-1,-1
2938,10,2357.00,1375.00,64.00,109.00,7.3066,-1,-1,-1
2938,6,2333.00,1801.00,61.00,112.00,6.9030,-1,-1,-1
2939,10,2357.00,1376.00,66.00,109.00,7.3831,-1,-1,-1
2939,6,2335.00,1805.00,60.00,114.00,6.8659,-1,-1,-1
2940,10,2358.00,1378.00,65.00,109.00,7.4679,-1,-1,-1
2940,6,2334.00,1804.00,63.00,116.00,6.8615,-1,-1,-1
2941,10,2358.00,1380.00,65.00,109.00,7.5456,-1,-1,-1
2941,6,2334.00,1807.00,65.00,115.00,6.9379,-1,-1,-1
2942,10,2359.00,1380.00,62.00,108.00,7.5983,-1,-1,-1
2942,6,2334.00,1810.00,64.00,113.00,7.0086,-1,-1,-1
2943,10,2360.00,1381.00,62.00,110.00,7.6263,-1,-1,-1
2943,6,2335.00,1812.00,62.00,111.00,7.0760,-1,-1,-1
2944,10,2359.00,1382.00,65.00,111.00,7.6136,-1,-1,-1
2944,6,2335.00,1813.00,62.00,110.00,7.1459,-1,-1,-1
2945,10,2357.00,1384.00,70.00,109.00,7.5866,-1,-1,-1
2945,6,2335.00,1814.00,63.00,111.00,7.1719,-1,-1,-1
2946,10,2357.00,1385.00,72.00,112.00,7.5691,-1,-1,-1
2946,6,2335.00,1815.00,63.00,110.00,7.1818,-1,-1,-1
2947,10,2358.00,1383.00,74.00,119.00,7.5439,-1,-1,-1
2947,6,2336.00,1816.00,64.00,110.00,7.1683,-1,-1,-1
2948,10,2357.00,1384.00,75.00,120.00,7.5309,-1,-1,-1
2948,6,2338.00,1819.00,60.00,110.00,7.1673,-1,-1,-1
2949,10,2357.00,1384.00,76.00,119.00,7.5142,-1,-1,-1
2949,6,2339.00,1819.00,59.00,110.00,7.1894,-1,-1,-1
2950,10,2354.00,1387.00,79.00,115.00,7.5022,-1,-1,-1
2950,6,2340.00,1819.00,58.00,107.00,7.2183,-1,-1,-1
2951,10,2353.00,1388.00,81.00,115.00,7.4820,-1,-1,-1
2951,6,2339.00,1819.00,60.00,107.00,7.2634,-1,-1,-1
2952,10,2350.00,1389.00,85.00,119.00,7.4474,-1,-1,-1
2952,6,2338.00,1820.00,61.00,105.00,7.3172,-1,-1,-1
2953,10,2351.00,1389.00,84.00,117.00,7.4165,-1,-1,-1
2953,6,2341.00,1824.00,58.00,103.00,7.3831,-1,-1,-1
2954,6,2341.00,1824.00,59.00,103.00,7.4385,-1,-1,-1
2954,10,2353.00,1390.00,83.00,114.00,7.3874,-1,-1,-1
2955,6,2342.00,1825.00,58.00,105.00,7.4608,-1,-1,-1
2955,10,2354.00,1392.00,81.00,109.00,7.3484,-1,-1,-1
2956,6,2342.00,1828.00,59.00,108.00,7.3398,-1,-1,-1
2956,10,2353.00,1393.00,85.00,108.00,7.3200,-1,-1,-1
2957,10,2355.00,1394.00,84.00,105.00,7.2792,-1,-1,-1
2957,6,2342.00,1830.00,59.00,108.00,7.2004,-1,-1,-1
2958,10,2357.00,1395.00,84.00,108.00,7.2454,-1,-1,-1
2958,6,2343.00,1831.00,58.00,105.00,7.0932,-1,-1,-1
2959,10,2357.00,1395.00,83.00,109.00,7.2171,-1,-1,-1
2959,6,2343.00,1833.00,58.00,104.00,7.0450,-1,-1,-1
2960,10,2357.00,1394.00,84.00,111.00,7.2027,-1,-1,-1
2960,6,2343.00,1832.00,56.00,101.00,6.9821,-1,-1,-1
2961,10,2356.00,1395.00,87.00,115.00,7.1700,-1,-1,-1
2961,6,2344.00,1831.00,56.00,103.00,6.8927,-1,-1,-1
2962,10,2357.00,1395.00,84.00,112.00,7.1331,-1,-1,-1
2962,6,2343.00,1830.00,59.00,111.00,6.8279,-1,-1,-1
2963,10,2359.00,1396.00,80.00,107.00,7.0968,-1,-1,-1
2963,6,2343.00,1830.00,60.00,110.00,6.6978,-1,-1,-1
2964,10,2360.00,1398.00,70.00,102.00,7.0189,-1,-1,-1
2964,6,2343.00,1830.00,60.00,111.00,6.6138,-1,-1,-1
2965,10,2362.00,1397.00,65.00,100.00,6.9896,-1,-1,-1
2965,6,2342.00,1830.00,62.00,111.00,6.5954,-1,-1,-1
2966,10,2362.00,1398.00,65.00,99.00,6.9784,-1,-1,-1
2966,6,2342.00,1828.00,63.00,113.00,6.5547,-1,-1,-1
2967,10,2364.00,1398.00,63.00,99.00,6.9754,-1,-1,-1
2967,6,2343.00,1828.00,62.00,109.00,6.4868,-1,-1,-1
2968,10,2364.00,1398.00,65.00,101.00,6.9820,-1,-1,-1
2968,6,2343.00,1828.00,63.00,110.00,6.4154,-1,-1,-1
2969,10,2363.00,1398.00,66.00,101.00,7.0242,-1,-1,-1
2969,6,2343.00,1828.00,63.00,109.00,6.3669,-1,-1,-1
2970,10,2363.00,1397.00,65.00,103.00,7.0534,-1,-1,-1
2970,6,2343.00,1827.00,60.00,110.00,6.2922,-1,-1,-1
2971,10,2363.00,1398.00,67.00,106.00,7.0422,-1,-1,-1
2971,6,2345.00,1828.00,59.00,108.00,6.2695,-1,-1,-1
2972,10,2364.00,1398.00,64.00,104.00,7.0410,-1,-1,-1
2972,6,2344.00,1828.00,60.00,108.00,6.2575,-1,-1,-1
2973,10,2366.00,1398.00,62.00,105.00,6.9649,-1,-1,-1
2973,6,2345.00,1828.00,60.00,108.00,6.2812,-1,-1,-1
2974,10,2367.00,1398.00,59.00,104.00,6.9080,-1,-1,-1
2974,6,2344.00,1828.00,61.00,108.00,6.3135,-1,-1,-1
2975,10,2368.00,1399.00,56.00,102.00,6.8302,-1,-1,-1
2975,6,2344.00,1827.00,60.00,109.00,6.2814,-1,-1,-1
2976,10,2368.00,1398.00,56.00,104.00,6.7762,-1,-1,-1
2976,6,2344.00,1829.00,62.00,106.00,6.3113,-1,-1,-1
2977,10,2368.00,1397.00,56.00,105.00,6.7335,-1,-1,-1
2977,6,2344.00,1828.00,62.00,107.00,6.3731,-1,-1,-1
2978,10,2368.00,1396.00,54.00,106.00,6.7114,-1,-1,-1
2978,6,2343.00,1827.00,63.00,108.00,6.4297,-1,-1,-1
2979,10,2368.00,1395.00,54.00,105.00,6.6798,-1,-1,-1
2979,6,2343.00,1827.00,64.00,108.00,6.4504,-1,-1,-1
2980,10,2366.00,1394.00,59.00,110.00,6.6013,-1,-1,-1
2980,6,2344.00,1828.00,62.00,106.00,6.4895,-1,-1,-1
2981,10,2365.00,1392.00,61.00,110.00,6.5613,-1,-1,-1
2981,6,2345.00,1827.00,61.00,106.00,6.5252,-1,-1,-1
2982,6,2345.00,1827.00,62.00,106.00,6.6143,-1,-1,-1
2982,10,2364.00,1390.00,64.00,110.00,6.5481,-1,-1,-1
2983,6,2345.00,1826.00,62.00,106.00,6.7057,-1,-1,-1
2983,10,2364.00,1390.00,66.00,111.00,6.5085,-1,-1,-1
2984,6,2345.00,1827.00,63.00,104.00,6.7928,-1,-1,-1
2984,10,2363.00,1391.00,72.00,111.00,6.4805,-1,-1,-1
2985,6,2345.00,1825.00,63.00,105.00,6.8975,-1,-1,-1
2985,10,2363.00,1390.00,75.00,116.00,6.4661,-1,-1,-1
2986,6,2346.00,1825.00,62.00,103.00,6.9656,-1,-1,-1
2986,10,2361.00,1389.00,77.00,117.00,6.3971,-1,-1,-1
2987,6,2346.00,1824.00,62.00,103.00,6.9902,-1,-1,-1
2987,10,2361.00,1387.00,75.00,111.00,6.2832,-1,-1,-1
2988,6,2347.00,1823.00,60.00,102.00,6.9749,-1,-1,-1
2988,10,2362.00,1384.00,71.00,107.00,6.1599,-1,-1,-1
2989,6,2348.00,1820.00,59.00,103.00,6.9619,-1,-1,-1
2989,10,2364.00,1383.00,73.00,108.00,6.0338,-1,-1,-1
2990,6,2349.00,1819.00,58.00,102.00,7.0009,-1,-1,-1
2990,10,2367.00,1382.00,70.00,103.00,6.0630,-1,-1,-1
2991,6,2349.00,1817.00,58.00,104.00,7.0487,-1,-1,-1
2991,10,2367.00,1380.00,69.00,102.00,6.0935,-1,-1,-1
2992,6,2349.00,1816.00,58.00,103.00,7.0877,-1,-1,-1
2992,10,2367.00,1379.00,69.00,100.00,6.1393,-1,-1,-1
2993,6,2349.00,1815.00,57.00,104.00,7.1181,-1,-1,-1
2993,10,2366.00,1379.00,70.00,99.00,6.2117,-1,-1,-1
2994,6,2349.00,1813.00,57.00,105.00,7.0741,-1,-1,-1
2994,10,2365.00,1378.00,71.00,100.00,6.2882,-1,-1,-1
2995,6,2348.00,1811.00,58.00,106.00,6.9930,-1,-1,-1
2995,10,2363.00,1377.00,72.00,99.00,6.3259,-1,-1,-1
2996,6,2348.00,1809.00,58.00,107.00,6.8950,-1,-1,-1
2996,10,2363.00,1376.00,70.00,98.00,6.3414,-1,-1,-1
2997,6,2348.00,1805.00,57.00,103.00,6.8223,-1,-1,-1
2997,10,2363.00,1377.00,67.00,95.00,6.3514,-1,-1,-1
2998,6,2348.00,1803.00,58.00,104.00,6.8168,-1,-1,-1
2998,10,2364.00,1375.00,65.00,94.00,6.4177,-1,-1,-1
2999,6,2348.00,1801.00,59.00,106.00,6.8469,-1,-1,-1
2999,10,2365.00,1373.00,64.00,95.00,6.4813,-1,-1,-1
3000,6,2348.00,1801.00,59.00,104.00,6.8841,-1,-1,-1
3000,10,2365.00,1372.00,63.00,94.00,6.5117,-1,-1,-1
3001,6,2348.00,1799.00,60.00,106.00,6.9178,-1,-1,-1
3001,10,2364.00,1371.00,67.00,98.00,6.5700,-1,-1,-1
3002,6,2348.00,1798.00,60.00,105.00,6.9173,-1,-1,-1
3002,10,2365.00,1370.00,65.00,98.00,6.6220,-1,-1,-1
3003,6,2349.00,1798.00,59.00,104.00,6.9265,-1,-1,-1
3003,10,2365.00,1369.00,65.00,99.00,6.6162,-1,-1,-1
3004,6,2349.00,1798.00,59.00,104.00,6.9221,-1,-1,-1
3004,10,2365.00,1368.00,66.00,103.00,6.6246,-1,-1,-1
3005,6,2349.00,1796.00,60.00,105.00,6.8641,-1,-1,-1
3005,10,2366.00,1367.00,64.00,104.00,6.6073,-1,-1,-1
3006,6,2349.00,1795.00,59.00,101.00,6.8784,-1,-1,-1
3006,10,2366.00,1365.00,64.00,107.00,6.5108,-1,-1,-1
3007,6,2348.00,1792.00,60.00,102.00,6.9389,-1,-1,-1
3007,10,2368.00,1365.00,56.00,98.00,6.4932,-1,-1,-1
3008,6,2348.00,1791.00,60.00,101.00,6.9892,-1,-1,-1
3008,10,2369.00,1364.00,54.00,98.00,6.5137,-1,-1,-1
3009,6,2346.00,1790.00,62.00,99.00,6.9913,-1,-1,-1
3009,10,2369.00,1363.00,54.00,98.00,6.5647,-1,-1,-1
3010,6,2347.00,1786.00,60.00,101.00,6.9786,-1,-1,-1
3010,10,2369.00,1361.00,53.00,97.00,6.6524,-1,-1,-1
3011,6,2348.00,1784.00,59.00,101.00,6.9662,-1,-1,-1
3011,10,2369.00,1360.00,52.00,94.00,6.7609,-1,-1,-1
3012,6,2348.00,1783.00,59.00,102.00,6.9415,-1,-1,-1
3012,10,2369.00,1359.00,53.00,97.00,6.8516,-1,-1,-1
3013,10,2369.00,1358.00,53.00,97.00,6.9273,-1,-1,-1
3013,6,2348.00,1781.00,58.00,103.00,6.9017,-1,-1,-1
3014,10,2369.00,1357.00,53.00,98.00,6.9553,-1,-1,-1
3014,6,2350.00,1783.00,57.00,99.00,6.9087,-1,-1,-1
3015,10,2369.00,1356.00,53.00,100.00,6.9652,-1,-1,-1
3015,6,2350.00,1782.00,57.00,100.00,6.9223,-1,-1,-1
3016,10,2369.00,1356.00,53.00,99.00,6.9510,-1,-1,-1
3016,6,2351.00,1782.00,55.00,100.00,6.9108,-1,-1,-1
3017,10,2369.00,1355.00,55.00,102.00,6.9220,-1,-1,-1
3017,6,2351.00,1781.00,55.00,101.00,6.8892,-1,-1,-1
3018,10,2368.00,1354.00,58.00,104.00,6.8799,-1,-1,-1
3018,6,2351.00,1780.00,56.00,102.00,6.8768,-1,-1,-1
3019,6,2352.00,1778.00,55.00,102.00,6.9002,-1,-1,-1
3019,10,2368.00,1353.00,59.00,106.00,6.8501,-1,-1,-1
3020,6,2352.00,1776.00,56.00,103.00,6.9152,-1,-1,-1
3020,10,2366.00,1352.00,62.00,107.00,6.8552,-1,-1,-1
3021,6,2353.00,1775.00,56.00,104.00,6.9110,-1,-1,-1
3021,10,2364.00,1352.00,64.00,104.00,6.8052,-1,-1,-1
3022,6,2353.00,1774.00,57.00,103.00,6.9154,-1,-1,-1
3022,10,2363.00,1351.00,66.00,104.00,6.7704,-1,-1,-1
3023,6,2353.00,1773.00,57.00,103.00,6.9223,-1,-1,-1
3023,10,2363.00,1350.00,68.00,106.00,6.7276,-1,-1,-1
3024,6,2353.00,1772.00,59.00,103.00,6.9431,-1,-1,-1
3024,10,2362.00,1348.00,71.00,109.00,6.6960,-1,-1,-1
3025,6,2353.00,1770.00,60.00,104.00,6.9892,-1,-1,-1
3025,10,2363.00,1347.00,69.00,108.00,6.6914,-1,-1,-1
3026,6,2353.00,1769.00,61.00,103.00,7.0517,-1,-1,-1
3026,10,2363.00,1346.00,69.00,108.00,6.6849,-1,-1,-1
3027,6,2352.00,1767.00,62.00,104.00,7.1220,-1,-1,-1
3027,10,2363.00,1345.00,70.00,110.00,6.6526,-1,-1,-1
3028,6,2351.00,1765.00,63.00,104.00,7.1959,-1,-1,-1
3028,10,2362.00,1346.00,75.00,112.00,6.6639,-1,-1,-1
3029,6,2351.00,1764.00,64.00,104.00,7.2537,-1,-1,-1
3029,10,2360.00,1345.00,77.00,111.00,6.6872,-1,-1,-1
3030,6,2351.00,1762.00,64.00,105.00,7.2683,-1,-1,-1
3030,10,2360.00,1344.00,77.00,111.00,6.6986,-1,-1,-1
3031,6,2350.00,1760.00,66.00,105.00,7.2341,-1,-1,-1
3031,10,2359.00,1343.00,78.00,112.00,6.7289,-1,-1,-1
3032,6,2350.00,1759.00,66.00,105.00,7.1645,-1,-1,-1
3032,10,2360.00,1341.00,77.00,113.00,6.7000,-1,-1,-1
3033,6,2350.00,1760.00,66.00,102.00,7.0805,-1,-1,-1
3033,10,2361.00,1340.00,77.00,115.00,6.6733,-1,-1,-1
3034,6,2350.00,1758.00,66.00,104.00,7.0264,-1,-1,-1
3034,10,2361.00,1339.00,76.00,114.00,6.6239,-1,-1,-1
3035,6,2350.00,1757.00,66.00,106.00,6.9377,-1,-1,-1
3035,10,2362.00,1338.00,73.00,110.00,6.5349,-1,-1,-1
3036,6,2350.00,1756.00,67.00,107.00,6.8763,-1,-1,-1
3036,10,2362.00,1333.00,70.00,112.00,6.6087,-1,-1,-1
3037,6,2349.00,1754.00,68.00,108.00,6.8788,-1,-1,-1
3037,10,2362.00,1332.00,69.00,111.00,6.7388,-1,-1,-1
3038,10,2364.00,1331.00,65.00,109.00,6.8879,-1,-1,-1
3038,6,2350.00,1753.00,67.00,109.00,6.8825,-1,-1,-1
3039,10,2364.00,1331.00,66.00,110.00,7.0273,-1,-1,-1
3039,6,2351.00,1753.00,66.00,108.00,6.8643,-1,-1,-1
3040,10,2364.00,1330.00,65.00,110.00,7.1623,-1,-1,-1
3040,6,2351.00,1753.00,67.00,109.00,6.8639,-1,-1,-1
3041,10,2364.00,1329.00,64.00,110.00,7.2738,-1,-1,-1
3041,6,2352.00,1753.00,65.00,108.00,6.8445,-1,-1,-1
3042,10,2364.00,1328.00,63.00,110.00,7.3558,-1,-1,-1
3042,6,2352.00,1753.00,65.00,108.00,6.8490,-1,-1,-1
3043,10,2364.00,1328.00,63.00,110.00,7.4208,-1,-1,-1
3043,6,2352.00,1752.00,65.00,108.00,6.8767,-1,-1,-1
3044,10,2363.00,1327.00,62.00,108.00,7.4533,-1,-1,-1
3044,6,2353.00,1753.00,63.00,106.00,6.8524,-1,-1,-1
3045,10,2365.00,1329.00,56.00,99.00,7.4861,-1,-1,-1
3045,6,2353.00,1752.00,63.00,107.00,6.8116,-1,-1,-1
3046,10,2364.00,1329.00,57.00,98.00,7.5332,-1,-1,-1
3046,6,2353.00,1751.00,63.00,107.00,6.7941,-1,-1,-1
3047,10,2364.00,1328.00,57.00,99.00,7.5741,-1,-1,-1
3047,6,2353.00,1752.00,63.00,106.00,6.7856,-1,-1,-1
3048,10,2365.00,1328.00,56.00,97.00,7.6157,-1,-1,-1
3048,6,2354.00,1751.00,62.00,105.00,6.7920,-1,-1,-1
3049,10,2365.00,1328.00,55.00,93.00,7.6548,-1,-1,-1
3049,6,2354.00,1750.00,62.00,105.00,6.8125,-1,-1,-1
3050,10,2365.00,1327.00,54.00,94.00,7.6634,-1,-1,-1
3050,6,2354.00,1749.00,61.00,105.00,6.8037,-1,-1,-1
3051,10,2366.00,1327.00,52.00,92.00,7.6569,-1,-1,-1
3051,6,2355.00,1749.00,60.00,105.00,6.7625,-1,-1,-1
3052,10,2365.00,1327.00,53.00,91.00,7.6467,-1,-1,-1
3052,6,2355.00,1749.00,59.00,105.00,6.6817,-1,-1,-1
3053,10,2365.00,1327.00,54.00,95.00,7.6256,-1,-1,-1
3053,6,2355.00,1749.00,60.00,106.00,6.6023,-1,-1,-1
3054,10,2364.00,1327.00,55.00,97.00,7.5943,-1,-1,-1
3054,6,2358.00,1742.00,54.00,103.00,6.5253,-1,-1,-1
3055,10,2362.00,1327.00,59.00,103.00,7.5474,-1,-1,-1
3055,6,2355.00,1743.00,61.00,108.00,6.5333,-1,-1,-1
3056,10,2361.00,1324.00,62.00,112.00,7.5247,-1,-1,-1
3056,6,2355.00,1743.00,60.00,106.00,6.5848,-1,-1,-1
3057,10,2361.00,1325.00,63.00,110.00,7.5286,-1,-1,-1
3057,6,2355.00,1742.00,60.00,106.00,6.6557,-1,-1,-1
3058,10,2361.00,1325.00,63.00,111.00,7.5465,-1,-1,-1
3058,6,2355.00,1741.00,60.00,106.00,6.7351,-1,-1,-1
3059,10,2360.00,1325.00,63.00,111.00,7.5704,-1,-1,-1
3059,6,2355.00,1741.00,59.00,104.00,6.8289,-1,-1,-1
3060,10,2359.00,1325.00,63.00,110.00,7.5585,-1,-1,-1
3060,6,2355.00,1740.00,60.00,104.00,6.9353,-1,-1,-1
3061,10,2359.00,1325.00,62.00,110.00,7.4965,-1,-1,-1
3061,6,2355.00,1740.00,60.00,103.00,7.0401,-1,-1,-1
3062,10,2359.00,1327.00,59.00,101.00,7.4086,-1,-1,-1
3062,6,2354.00,1739.00,61.00,103.00,7.1332,-1,-1,-1
3063,10,2357.00,1324.00,64.00,113.00,7.3290,-1,-1,-1
3063,6,2353.00,1739.00,61.00,102.00,7.2023,-1,-1,-1
3064,10,2356.00,1326.00,63.00,102.00,7.2619,-1,-1,-1
3064,6,2353.00,1739.00,61.00,101.00,7.2509,-1,-1,-1
3065,6,2352.00,1739.00,61.00,101.00,7.2914,-1,-1,-1
3065,10,2354.00,1326.00,65.00,104.00,7.2422,-1,-1,-1
3066,6,2352.00,1738.00,60.00,102.00,7.3245,-1,-1,-1
3066,10,2353.00,1327.00,66.00,105.00,7.2384,-1,-1,-1
3067,6,2352.00,1738.00,59.00,101.00,7.3351,-1,-1,-1
3067,10,2353.00,1326.00,67.00,108.00,7.2301,-1,-1,-1
3068,6,2351.00,1738.00,60.00,101.00,7.3464,-1,-1,-1
3068,10,2353.00,1326.00,65.00,104.00,7.2141,-1,-1,-1
3069,6,2349.00,1738.00,62.00,101.00,7.3625,-1,-1,-1
3069,10,2354.00,1327.00,63.00,100.00,7.2004,-1,-1,-1
3070,6,2349.00,1738.00,62.00,102.00,7.3740,-1,-1,-1
3070,10,2353.00,1328.00,63.00,100.00,7.2006,-1,-1,-1
3071,6,2349.00,1739.00,61.00,100.00,7.3814,-1,-1,-1
3071,10,2354.00,1329.00,62.00,100.00,7.1931,-1,-1,-1
3072,6,2348.00,1739.00,62.00,101.00,7.4192,-1,-1,-1
3072,10,2354.00,1329.00,62.00,103.00,7.2004,-1,-1,-1
3073,6,2347.00,1737.00,64.00,104.00,7.4478,-1,-1,-1
3073,10,2354.00,1328.00,65.00,110.00,7.2200,-1,-1,-1
3074,6,2346.00,1737.00,64.00,104.00,7.4574,-1,-1,-1
3074,10,2354.00,1329.00,63.00,109.00,7.2518,-1,-1,-1
3075,6,2347.00,1738.00,63.00,103.00,7.4720,-1,-1,-1
3075,10,2356.00,1330.00,59.00,105.00,7.2141,-1,-1,-1
3076,6,2351.00,1738.00,57.00,103.00,7.4131,-1,-1,-1
3076,10,2355.00,1331.00,61.00,107.00,7.2794,-1,-1,-1
3077,10,2354.00,1332.00,61.00,108.00,7.3608,-1,-1,-1
3077,6,2351.00,1737.00,55.00,105.00,7.3028,-1,-1,-1
3078,10,2354.00,1332.00,60.00,108.00,7.4285,-1,-1,-1
3078,6,2349.00,1736.00,57.00,106.00,7.2223,-1,-1,-1
3079,10,2354.00,1333.00,58.00,106.00,7.4961,-1,-1,-1
3079,6,2349.00,1736.00,58.00,106.00,7.2074,-1,-1,-1
3080,10,2353.00,1333.00,55.00,105.00,7.5695,-1,-1,-1
3080,6,2348.00,1736.00,58.00,107.00,7.1931,-1,-1,-1
3081,10,2351.00,1334.00,57.00,109.00,7.6151,-1,-1,-1
3081,6,2346.00,1736.00,60.00,107.00,7.1856,-1,-1,-1
3082,10,2350.00,1335.00,58.00,111.00,7.6115,-1,-1,-1
3082,6,2345.00,1737.00,60.00,106.00,7.1617,-1,-1,-1
3083,10,2351.00,1335.00,55.00,108.00,7.5848,-1,-1,-1
3083,6,2344.00,1737.00,61.00,107.00,7.1431,-1,-1,-1
3084,10,2349.00,1335.00,58.00,111.00,7.5560,-1,-1,-1
3084,6,2344.00,1738.00,63.00,105.00,7.1442,-1,-1,-1
3085,10,2349.00,1336.00,56.00,108.00,7.5294,-1,-1,-1
3085,6,2344.00,1738.00,62.00,104.00,7.1776,-1,-1,-1
3086,10,2349.00,1337.00,55.00,104.00,7.4851,-1,-1,-1
3086,6,2345.00,1739.00,61.00,104.00,7.1687,-1,-1,-1
3087,10,2350.00,1338.00,52.00,99.00,7.4759,-1,-1,-1
3087,6,2344.00,1740.00,60.00,103.00,7.1911,-1,-1,-1
3088,10,2350.00,1339.00,52.00,98.00,7.4471,-1,-1,-1
3088,6,2342.00,1740.00,61.00,104.00,7.2689,-1,-1,-1
3089,10,2350.00,1340.00,51.00,97.00,7.3615,-1,-1,-1
3089,6,2343.00,1741.00,59.00,102.00,7.3366,-1,-1,-1
3090,6,2344.00,1743.00,57.00,100.00,7.3489,-1,-1,-1
3090,10,2351.00,1340.00,49.00,97.00,7.2070,-1,-1,-1
3091,6,2343.00,1743.00,58.00,97.00,7.3842,-1,-1,-1
3091,10,2350.00,1341.00,49.00,96.00,7.0996,-1,-1,-1
3092,6,2343.00,1744.00,57.00,95.00,7.4017,-1,-1,-1
3092,10,2348.00,1342.00,51.00,94.00,7.1074,-1,-1,-1
3093,6,2343.00,1746.00,56.00,92.00,7.4229,-1,-1,-1
3093,10,2347.00,1342.00,51.00,94.00,7.0960,-1,-1,-1
3094,6,2344.00,1746.00,54.00,92.00,7.4323,-1,-1,-1
3094,10,2345.00,1343.00,52.00,94.00,7.0809,-1,-1,-1
3095,6,2344.00,1746.00,53.00,91.00,7.4360,-1,-1,-1
3095,10,2342.00,1342.00,59.00,105.00,7.1450,-1,-1,-1
3096,6,2344.00,1747.00,52.00,93.00,7.3719,-1,-1,-1
3096,10,2340.00,1343.00,61.00,106.00,7.2454,-1,-1,-1
3097,6,2342.00,1746.00,55.00,99.00,7.3234,-1,-1,-1
3097,10,2340.00,1344.00,60.00,104.00,7.3195,-1,-1,-1
3098,10,2338.00,1344.00,62.00,105.00,7.4034,-1,-1,-1
3098,6,2341.00,1747.00,56.00,99.00,7.2697,-1,-1,-1
3099,10,2338.00,1345.00,62.00,107.00,7.4550,-1,-1,-1
3099,6,2342.00,1748.00,54.00,97.00,7.2215,-1,-1,-1
3100,10,2337.00,1345.00,62.00,108.00,7.5189,-1,-1,-1
3100,6,2341.00,1749.00,54.00,94.00,7.2225,-1,-1,-1
3101,10,2337.00,1346.00,62.00,109.00,7.5351,-1,-1,-1
3101,6,2341.00,1749.00,53.00,93.00,7.2615,-1,-1,-1
3102,10,2335.00,1348.00,64.00,108.00,7.5128,-1,-1,-1
3102,6,2342.00,1749.00,51.00,92.00,7.2645,-1,-1,-1
3103,10,2334.00,1349.00,64.00,105.00,7.4796,-1,-1,-1
3103,6,2341.00,1749.00,53.00,93.00,7.2876,-1,-1,-1
3104,10,2333.00,1348.00,67.00,114.00,7.4596,-1,-1,-1
3104,6,2340.00,1748.00,54.00,95.00,7.2902,-1,-1,-1
3105,10,2332.00,1349.00,68.00,115.00,7.4759,-1,-1,-1
3105,6,2338.00,1748.00,55.00,96.00,7.3513,-1,-1,-1
3106,10,2332.00,1349.00,68.00,114.00,7.5095,-1,-1,-1
3106,6,2337.00,1748.00,56.00,96.00,7.4067,-1,-1,-1
3107,10,2331.00,1349.00,68.00,113.00,7.5130,-1,-1,-1
3107,6,2338.00,1748.00,55.00,96.00,7.4470,-1,-1,-1
3108,6,2337.00,1749.00,55.00,95.00,7.4734,-1,-1,-1
3108,10,2331.00,1351.00,65.00,101.00,7.4669,-1,-1,-1
3109,6,2336.00,1747.00,56.00,97.00,7.4758,-1,-1,-1
3109,10,2332.00,1352.00,62.00,97.00,7.4116,-1,-1,-1
3110,6,2337.00,1747.00,56.00,97.00,7.4801,-1,-1,-1
3110,10,2334.00,1352.00,60.00,97.00,7.3723,-1,-1,-1
3111,6,2338.00,1746.00,56.00,98.00,7.4645,-1,-1,-1
3111,10,2332.00,1353.00,61.00,100.00,7.3491,-1,-1,-1
3112,6,2337.00,1746.00,57.00,99.00,7.4928,-1,-1,-1
3112,10,2333.00,1354.00,58.00,98.00,7.3262,-1,-1,-1
3113,6,2337.00,1747.00,57.00,100.00,7.4938,-1,-1,-1
3113,10,2331.00,1351.00,63.00,108.00,7.3478,-1,-1,-1
3114,6,2337.00,1747.00,56.00,101.00,7.5080,-1,-1,-1
3114,10,2332.00,1352.00,61.00,107.00,7.3562,-1,-1,-1
3115,6,2336.00,1746.00,56.00,100.00,7.5350,-1,-1,-1
3115,10,2331.00,1352.00,60.00,106.00,7.3817,-1,-1,-1
3116,6,2335.00,1745.00,57.00,102.00,7.5672,-1,-1,-1
3116,10,2329.00,1351.00,62.00,109.00,7.4190,-1,-1,-1
3117,6,2335.00,1742.00,58.00,104.00,7.5962,-1,-1,-1
3117,10,2328.00,1350.00,64.00,109.00,7.4611,-1,-1,-1
3118,6,2335.00,1739.00,58.00,105.00,7.5522,-1,-1,-1
3118,10,2327.00,1353.00,61.00,96.00,7.5149,-1,-1,-1
3119,10,2325.00,1349.00,63.00,99.00,7.5844,-1,-1,-1
3119,6,2333.00,1735.00,59.00,102.00,7.3892,-1,-1,-1
3120,10,2324.00,1345.00,61.00,102.00,7.6361,-1,-1,-1
3120,6,2330.00,1729.00,62.00,104.00,7.4323,-1,-1,-1
3121,10,2324.00,1339.00,56.00,100.00,7.6473,-1,-1,-1
3121,6,2327.00,1725.00,63.00,102.00,7.4321,-1,-1,-1
3122,10,2321.00,1332.00,64.00,102.00,7.6599,-1,-1,-1
3122,6,2330.00,1718.00,62.00,102.00,7.4325,-1,-1,-1
3123,10,2321.00,1329.00,60.00,95.00,7.5762,-1,-1,-1
3123,6,2330.00,1713.00,60.00,97.00,7.2562,-1,-1,-1
3124,10,2323.00,1320.00,59.00,104.00,7.4811,-1,-1,-1
3124,6,2329.00,1705.00,60.00,101.00,7.1947,-1,-1,-1
3125,10,2321.00,1310.00,56.00,98.00,7.5467,-1,-1,-1
3125,6,2328.00,1697.00,60.00,97.00,7.2418,-1,-1,-1
3126,10,2321.00,1305.00,55.00,94.00,7.5721,-1,-1,-1
3126,6,2329.00,1688.00,58.00,97.00,7.2118,-1,-1,-1
3127,10,2319.00,1295.00,60.00,103.00,7.5677,-1,-1,-1
3127,6,2326.00,1676.00,61.00,101.00,7.1889,-1,-1,-1
3128,10,2317.00,1284.00,59.00,99.00,7.5953,-1,-1,-1
3128,6,2326.00,1665.00,57.00,100.00,7.1388,-1,-1,-1
3129,10,2315.00,1277.00,63.00,98.00,7.6507,-1,-1,-1
3129,6,2323.00,1656.00,61.00,98.00,7.1227,-1,-1,-1
3130,10,2314.00,1266.00,63.00,99.00,7.6836,-1,-1,-1
3130,6,2326.00,1646.00,56.00,92.00,7.0280,-1,-1,-1
3131,10,2312.00,1256.00,64.00,101.00,7.6671,-1,-1,-1
3131,6,2327.00,1637.00,54.00,93.00,6.9630,-1,-1,-1
3132,10,2310.00,1243.00,67.00,101.00,7.6146,-1,-1,-1
3132,6,2324.00,1623.00,56.00,96.00,6.8906,-1,-1,-1
3133,10,2308.00,1233.00,68.00,99.00,7.5731,-1,-1,-1
3133,6,2324.00,1610.00,55.00,97.00,6.8736,-1,-1,-1
3134,10,2305.00,1221.00,73.00,104.00,7.5813,-1,-1,-1
3134,6,2323.00,1600.00,55.00,91.00,6.8232,-1,-1,-1
3135,10,2305.00,1209.00,74.00,106.00,7.6046,-1,-1,-1
3135,6,2324.00,1586.00,54.00,95.00,6.6786,-1,-1,-1
3136,10,2305.00,1199.00,75.00,106.00,7.6370,-1,-1,-1
3136,6,2320.00,1574.00,57.00,94.00,6.6985,-1,-1,-1
3137,10,2304.00,1188.00,75.00,104.00,7.6507,-1,-1,-1
3137,6,2320.00,1562.00,56.00,94.00,6.7715,-1,-1,-1
3138,10,2304.00,1182.00,74.00,100.00,7.6661,-1,-1,-1
3138,6,2320.00,1553.00,55.00,90.00,6.9333,-1,-1,-1
3139,10,2305.00,1169.00,71.00,102.00,7.6633,-1,-1,-1
3139,6,2323.00,1548.00,51.00,88.00,6.8710,-1,-1,-1
3140,10,2303.00,1163.00,75.00,103.00,7.6485,-1,-1,-1
3140,6,2322.00,1537.00,49.00,86.00,6.8261,-1,-1,-1
3141,10,2302.00,1158.00,73.00,100.00,7.6295,-1,-1,-1
3141,6,2321.00,1532.00,51.00,89.00,6.7798,-1,-1,-1
3142,10,2302.00,1153.00,74.00,103.00,7.6230,-1,-1,-1
3142,6,2321.00,1527.00,48.00,87.00,6.6400,-1,-1,-1
3143,10,2303.00,1148.00,73.00,102.00,7.6575,-1,-1,-1
3143,6,2318.00,1525.00,52.00,85.00,6.7470,-1,-1,-1
3144,10,2304.00,1143.00,72.00,104.00,7.6621,-1,-1,-1
3144,6,2318.00,1520.00,51.00,82.00,6.8002,-1,-1,-1
3145,10,2304.00,1142.00,71.00,100.00,7.6516,-1,-1,-1
3145,6,2321.00,1516.00,46.00,83.00,6.7555,-1,-1,-1
3146,10,2303.00,1141.00,70.00,98.00,7.6314,-1,-1,-1
3146,6,2319.00,1514.00,47.00,86.00,6.8079,-1,-1,-1
3147,10,2303.00,1141.00,69.00,96.00,7.6104,-1,-1,-1
3147,6,2318.00,1515.00,48.00,84.00,6.8722,-1,-1,-1
3148,10,2304.00,1140.00,69.00,101.00,7.6223,-1,-1,-1
3148,6,2317.00,1514.00,48.00,84.00,6.9623,-1,-1,-1
3149,10,2304.00,1141.00,68.00,102.00,7.6458,-1,-1,-1
3149,6,2316.00,1515.00,50.00,85.00,6.9955,-1,-1,-1
3150,10,2304.00,1141.00,67.00,103.00,7.6672,-1,-1,-1
3150,6,2314.00,1514.00,52.00,85.00,7.0108,-1,-1,-1
3151,10,2303.00,1141.00,66.00,102.00,7.6956,-1,-1,-1
3151,6,2310.00,1513.00,56.00,87.00,7.0791,-1,-1,-1
3152,10,2304.00,1143.00,64.00,102.00,7.7034,-1,-1,-1
3152,6,2311.00,1513.00,56.00,87.00,7.1258,-1,-1,-1
3153,10,2303.00,1144.00,65.00,102.00,7.7248,-1,-1,-1
3153,6,2318.00,1514.00,49.00,88.00,7.0499,-1,-1,-1
3154,10,2302.00,1144.00,66.00,104.00,7.7397,-1,-1,-1
3154,6,2317.00,1514.00,50.00,88.00,6.9991,-1,-1,-1
3155,10,2302.00,1144.00,64.00,104.00,7.7442,-1,-1,-1
3155,6,2316.00,1513.00,51.00,89.00,6.9717,-1,-1,-1
3156,10,2301.00,1147.00,63.00,102.00,7.7427,-1,-1,-1
3156,6,2316.00,1512.00,50.00,90.00,6.9438,-1,-1,-1
3157,10,2300.00,1148.00,61.00,100.00,7.7150,-1,-1,-1
3157,6,2315.00,1512.00,51.00,91.00,6.8990,-1,-1,-1
3158,10,2298.00,1149.00,64.00,101.00,7.6482,-1,-1,-1
3158,6,2314.00,1512.00,52.00,92.00,6.8819,-1,-1,-1
3159,10,2297.00,1149.00,69.00,106.00,7.5815,-1,-1,-1
3159,6,2313.00,1510.00,53.00,92.00,6.8426,-1,-1,-1
3160,10,2299.00,1150.00,59.00,98.00,7.4578,-1,-1,-1
3160,6,2312.00,1509.00,53.00,92.00,6.8251,-1,-1,-1
3161,10,2300.00,1150.00,54.00,95.00,7.2783,-1,-1,-1
3161,6,2313.00,1509.00,51.00,91.00,6.7192,-1,-1,-1
3162,10,2300.00,1151.00,53.00,89.00,7.2445,-1,-1,-1
3162,6,2312.00,1510.00,52.00,91.00,6.6419,-1,-1,-1
3163,10,2298.00,1151.00,54.00,89.00,7.2384,-1,-1,-1
3163,6,2310.00,1511.00,56.00,91.00,6.6265,-1,-1,-1
3164,10,2296.00,1152.00,56.00,92.00,7.2296,-1,-1,-1
3164,6,2309.00,1511.00,57.00,92.00,6.6629,-1,-1,-1
3165,10,2295.00,1151.00,59.00,100.00,7.2685,-1,-1,-1
3165,6,2308.00,1510.00,58.00,93.00,6.7590,-1,-1,-1
3166,10,2294.00,1152.00,60.00,99.00,7.3176,-1,-1,-1
3166,6,2306.00,1510.00,60.00,95.00,6.8533,-1,-1,-1
3167,10,2293.00,1152.00,63.00,98.00,7.3578,-1,-1,-1
3167,6,2306.00,1511.00,60.00,93.00,6.9274,-1,-1,-1
3168,10,2293.00,1154.00,63.00,97.00,7.4083,-1,-1,-1
3168,6,2305.00,1511.00,60.00,93.00,6.9719,-1,-1,-1
3169,10,2292.00,1155.00,62.00,96.00,7.4627,-1,-1,-1
3169,6,2306.00,1513.00,58.00,90.00,7.0236,-1,-1,-1
3170,10,2291.00,1155.00,62.00,97.00,7.4958,-1,-1,-1
3170,6,2307.00,1514.00,56.00,89.00,7.0278,-1,-1,-1
3171,10,2288.00,1155.00,67.00,100.00,7.5375,-1,-1,-1
3171,6,2309.00,1516.00,53.00,92.00,6.8579,-1,-1,-1
3172,10,2287.00,1157.00,66.00,97.00,7.5488,-1,-1,-1
3172,6,2310.00,1518.00,51.00,91.00,6.6989,-1,-1,-1
3173,10,2283.00,1158.00,68.00,95.00,7.5720,-1,-1,-1
3173,6,2310.00,1520.00,50.00,88.00,6.5308,-1,-1,-1
3174,10,2283.00,1158.00,66.00,95.00,7.5916,-1,-1,-1
3174,6,2309.00,1519.00,50.00,88.00,6.4540,-1,-1,-1
3175,10,2281.00,1158.00,66.00,94.00,7.6134,-1,-1,-1
3175,6,2310.00,1520.00,48.00,86.00,6.3539,-1,-1,-1
3176,10,2281.00,1158.00,68.00,96.00,7.6061,-1,-1,-1
3176,6,2309.00,1521.00,48.00,85.00,6.1793,-1,-1,-1
3177,10,2280.00,1159.00,69.00,96.00,7.6074,-1,-1,-1
3177,6,2310.00,1523.00,47.00,83.00,6.0930,-1,-1,-1
3178,10,2279.00,1160.00,71.00,96.00,7.6046,-1,-1,-1
3178,6,2310.00,1522.00,46.00,84.00,5.9757,-1,-1,-1
3179,10,2280.00,1161.00,69.00,94.00,7.6024,-1,-1,-1
3179,6,2310.00,1524.00,46.00,82.00,5.9919,-1,-1,-1
3180,10,2280.00,1161.00,69.00,95.00,7.5864,-1,-1,-1
3180,6,2310.00,1524.00,46.00,82.00,6.0202,-1,-1,-1
3181,10,2280.00,1160.00,69.00,98.00,7.5801,-1,-1,-1
3181,6,2309.00,1523.00,46.00,83.00,5.9384,-1,-1,-1
3182,10,2280.00,1161.00,69.00,97.00,7.5731,-1,-1,-1
3182,6,2308.00,1524.00,47.00,84.00,5.9275,-1,-1,-1
3183,10,2280.00,1162.00,68.00,94.00,7.5797,-1,-1,-1
3183,6,2307.00,1524.00,47.00,83.00,5.9312,-1,-1,-1
3184,10,2281.00,1162.00,67.00,94.00,7.5776,-1,-1,-1
3184,6,2305.00,1525.00,48.00,82.00,6.0412,-1,-1,-1
3185,10,2280.00,1162.00,69.00,96.00,7.5710,-1,-1,-1
3185,6,2304.00,1523.00,49.00,83.00,6.0893,-1,-1,-1
3186,10,2279.00,1162.00,72.00,97.00,7.5747,-1,-1,-1
3186,6,2302.00,1521.00,50.00,87.00,6.1705,-1,-1,-1
3187,10,2279.00,1162.00,71.00,98.00,7.5699,-1,-1,-1
3187,6,2300.00,1520.00,53.00,90.00,6.3039,-1,-1,-1
3188,10,2278.00,1162.00,71.00,99.00,7.5521,-1,-1,-1
3188,6,2299.00,1519.00,55.00,90.00,6.4292,-1,-1,-1
3189,10,2280.00,1163.00,69.00,99.00,7.5278,-1,-1,-1
3189,6,2299.00,1518.00,55.00,92.00,6.5139,-1,-1,-1
3190,10,2280.00,1164.00,68.00,98.00,7.5332,-1,-1,-1
3190,6,2303.00,1521.00,50.00,87.00,6.3817,-1,-1,-1
3191,10,2280.00,1164.00,67.00,98.00,7.5555,-1,-1,-1
3191,6,2303.00,1520.00,50.00,88.00,6.2106,-1,-1,-1
3192,10,2279.00,1164.00,68.00,98.00,7.5982,-1,-1,-1
3192,6,2302.00,1521.00,52.00,89.00,6.1334,-1,-1,-1
3193,10,2279.00,1165.00,67.00,98.00,7.6331,-1,-1,-1
3193,6,2300.00,1520.00,55.00,92.00,6.1845,-1,-1,-1
3194,10,2278.00,1165.00,65.00,97.00,7.6609,-1,-1,-1
3194,6,2299.00,1518.00,56.00,92.00,6.3303,-1,-1,-1
3195,10,2277.00,1167.00,66.00,95.00,7.6941,-1,-1,-1
3195,6,2300.00,1520.00,54.00,89.00,6.4117,-1,-1,-1
3196,10,2278.00,1168.00,65.00,94.00,7.7199,-1,-1,-1
3196,6,2300.00,1520.00,54.00,91.00,6.3926,-1,-1,-1
3197,10,2278.00,1168.00,64.00,96.00,7.7478,-1,-1,-1
3197,6,2300.00,1520.00,53.00,90.00,6.3253,-1,-1,-1
3198,10,2278.00,1170.00,63.00,96.00,7.7715,-1,-1,-1
3198,6,2300.00,1519.00,52.00,89.00,6.1543,-1,-1,-1
3199,10,2279.00,1170.00,59.00,95.00,7.7756,-1,-1,-1
3199,6,2300.00,1520.00,52.00,89.00,5.9439,-1,-1,-1
3200,10,2279.00,1171.00,56.00,93.00,7.7651,-1,-1,-1
3200,6,2298.00,1519.00,53.00,91.00,5.7757,-1,-1,-1
3201,10,2277.00,1172.00,59.00,95.00,7.7469,-1,-1,-1
3201,6,2296.00,1519.00,55.00,91.00,5.7045,-1,-1,-1
3202,10,2277.00,1173.00,55.00,91.00,7.6821,-1,-1,-1
3202,6,2295.00,1520.00,55.00,89.00,5.8261,-1,-1,-1
3203,10,2276.00,1174.00,55.00,91.00,7.5899,-1,-1,-1
3203,6,2295.00,1522.00,57.00,89.00,5.9743,-1,-1,-1
3204,10,2278.00,1174.00,49.00,86.00,7.5032,-1,-1,-1
3204,6,2295.00,1523.00,57.00,87.00,6.1239,-1,-1,-1
3205,10,2277.00,1175.00,50.00,88.00,7.4265,-1,-1,-1
3205,6,2295.00,1525.00,56.00,86.00,6.2512,-1,-1,-1
3206,10,2276.00,1176.00,50.00,86.00,7.3906,-1,-1,-1
3206,6,2295.00,1526.00,55.00,85.00,6.3357,-1,-1,-1
3207,10,2274.00,1177.00,52.00,88.00,7.3559,-1,-1,-1
3207,6,2297.00,1527.00,52.00,83.00,6.3583,-1,-1,-1
3208,10,2273.00,1178.00,53.00,88.00,7.3156,-1,-1,-1
3208,6,2296.00,1528.00,52.00,83.00,6.3525,-1,-1,-1
3209,10,2272.00,1176.00,58.00,95.00,7.3119,-1,-1,-1
3209,6,2297.00,1528.00,50.00,82.00,6.3052,-1,-1,-1
3210,10,2271.00,1177.00,59.00,96.00,7.3520,-1,-1,-1
3210,6,2296.00,1529.00,51.00,84.00,6.2180,-1,-1,-1
3211,10,2271.00,1178.00,60.00,95.00,7.3758,-1,-1,-1
3211,6,2294.00,1528.00,54.00,90.00,6.2193,-1,-1,-1
3212,10,2269.00,1179.00,62.00,94.00,7.4452,-1,-1,-1
3212,6,2294.00,1528.00,53.00,90.00,6.2167,-1,-1,-1
3213,10,2267.00,1180.00,64.00,95.00,7.5310,-1,-1,-1
3213,6,2295.00,1529.00,52.00,88.00,6.1781,-1,-1,-1
3214,10,2265.00,1181.00,65.00,96.00,7.5892,-1,-1,-1
3214,6,2295.00,1531.00,50.00,85.00,6.1549,-1,-1,-1
3215,10,2264.00,1182.00,65.00,93.00,7.6188,-1,-1,-1
3215,6,2295.00,1532.00,50.00,84.00,6.2154,-1,-1,-1
3216,10,2264.00,1183.00,64.00,91.00,7.6370,-1,-1,-1
3216,6,2295.00,1533.00,51.00,83.00,6.3062,-1,-1,-1
3217,10,2264.00,1185.00,64.00,90.00,7.6457,-1,-1,-1
3217,6,2295.00,1533.00,50.00,84.00,6.3975,-1,-1,-1
3218,10,2262.00,1186.00,66.00,91.00,7.6037,-1,-1,-1
3218,6,2294.00,1532.00,51.00,86.00,6.4994,-1,-1,-1
3219,10,2258.00,1184.00,69.00,94.00,7.5636,-1,-1,-1
3219,6,2293.00,1532.00,51.00,86.00,6.5662,-1,-1,-1
3220,10,2258.00,1185.00,68.00,91.00,7.5547,-1,-1,-1
3220,6,2292.00,1531.00,52.00,86.00,6.5996,-1,-1,-1
3221,10,2258.00,1184.00,68.00,94.00,7.5192,-1,-1,-1
3221,6,2291.00,1532.00,52.00,86.00,6.6305,-1,-1,-1
3222,10,2258.00,1184.00,68.00,96.00,7.4732,-1,-1,-1
3222,6,2290.00,1532.00,52.00,86.00,6.6232,-1,-1,-1
3223,10,2259.00,1184.00,66.00,95.00,7.4152,-1,-1,-1
3223,6,2290.00,1532.00,52.00,85.00,6.6428,-1,-1,-1
3224,10,2259.00,1184.00,66.00,95.00,7.3713,-1,-1,-1
3224,6,2288.00,1531.00,54.00,87.00,6.7108,-1,-1,-1
3225,10,2256.00,1184.00,69.00,96.00,7.3641,-1,-1,-1
3225,6,2287.00,1531.00,55.00,87.00,6.8087,-1,-1,-1
3226,10,2257.00,1185.00,68.00,95.00,7.3613,-1,-1,-1
3226,6,2288.00,1531.00,54.00,88.00,6.9031,-1,-1,-1
3227,10,2257.00,1185.00,68.00,95.00,7.3639,-1,-1,-1
3227,6,2289.00,1531.00,54.00,88.00,6.9051,-1,-1,-1
3228,10,2258.00,1187.00,67.00,92.00,7.3629,-1,-1,-1
3228,6,2290.00,1531.00,51.00,90.00,6.8357,-1,-1,-1
3229,10,2259.00,1187.00,66.00,92.00,7.3660,-1,-1,-1
3229,6,2288.00,1529.00,54.00,91.00,6.7787,-1,-1,-1
3230,10,2258.00,1187.00,66.00,93.00,7.3844,-1,-1,-1
3230,6,2287.00,1528.00,54.00,90.00,6.6890,-1,-1,-1
3231,10,2257.00,1188.00,68.00,93.00,7.4082,-1,-1,-1
3231,6,2286.00,1527.00,54.00,90.00,6.6323,-1,-1,-1
3232,10,2257.00,1189.00,67.00,93.00,7.4245,-1,-1,-1
3232,6,2286.00,1528.00,53.00,86.00,6.6137,-1,-1,-1
3233,10,2256.00,1189.00,68.00,92.00,7.4427,-1,-1,-1
3233,6,2284.00,1527.00,54.00,88.00,6.6320,-1,-1,-1
3234,10,2257.00,1190.00,66.00,91.00,7.4463,-1,-1,-1
3234,6,2284.00,1527.00,54.00,86.00,6.6595,-1,-1,-1
3235,10,2257.00,1190.00,66.00,92.00,7.4407,-1,-1,-1
3235,6,2285.00,1527.00,53.00,85.00,6.6461,-1,-1,-1
3236,10,2258.00,1191.00,65.00,92.00,7.4505,-1,-1,-1
3236,6,2284.00,1526.00,53.00,87.00,6.6480,-1,-1,-1
3237,10,2258.00,1191.00,65.00,94.00,7.4846,-1,-1,-1
3237,6,2284.00,1525.00,54.00,89.00,6.6205,-1,-1,-1
3238,10,2257.00,1191.00,65.00,94.00,7.5389,-1,-1,-1
3238,6,2283.00,1525.00,55.00,89.00,6.5871,-1,-1,-1
3239,10,2257.00,1191.00,65.00,94.00,7.5940,-1,-1,-1
3239,6,2284.00,1525.00,53.00,88.00,6.4973,-1,-1,-1
3240,10,2257.00,1192.00,65.00,94.00,7.6330,-1,-1,-1
3240,6,2281.00,1526.00,56.00,89.00,6.4251,-1,-1,-1
3241,10,2256.00,1193.00,65.00,93.00,7.6537,-1,-1,-1
3241,6,2281.00,1527.00,56.00,91.00,6.3730,-1,-1,-1
3242,10,2255.00,1193.00,67.00,93.00,7.6733,-1,-1,-1
3242,6,2281.00,1528.00,57.00,90.00,6.3900,-1,-1,-1
3243,10,2254.00,1193.00,67.00,94.00,7.6845,-1,-1,-1
3243,6,2280.00,1528.00,59.00,92.00,6.4917,-1,-1,-1
3244,10,2253.00,1194.00,68.00,93.00,7.6924,-1,-1,-1
3244,6,2280.00,1528.00,59.00,93.00,6.5983,-1,-1,-1
3245,10,2253.00,1194.00,67.00,92.00,7.6937,-1,-1,-1
3245,6,2280.00,1528.00,58.00,92.00,6.6857,-1,-1,-1
3246,10,2253.00,1195.00,65.00,92.00,7.6812,-1,-1,-1
3246,6,2279.00,1528.00,59.00,92.00,6.7604,-1,-1,-1
3247,10,2252.00,1197.00,66.00,91.00,7.6626,-1,-1,-1
3247,6,2278.00,1529.00,60.00,91.00,6.8381,-1,-1,-1
3248,10,2251.00,1197.00,65.00,91.00,7.6167,-1,-1,-1
3248,6,2278.00,1529.00,59.00,91.00,6.9048,-1,-1,-1
3249,10,2249.00,1197.00,66.00,92.00,7.5522,-1,-1,-1
3249,6,2278.00,1530.00,59.00,89.00,6.9569,-1,-1,-1
3250,10,2248.00,1196.00,67.00,94.00,7.5028,-1,-1,-1
3250,6,2279.00,1532.00,57.00,88.00,7.0197,-1,-1,-1
3251,10,2247.00,1196.00,68.00,94.00,7.4669,-1,-1,-1
3251,6,2279.00,1532.00,56.00,87.00,7.0652,-1,-1,-1
3252,10,2246.00,1196.00,69.00,96.00,7.4322,-1,-1,-1
3252,6,2280.00,1533.00,55.00,86.00,7.0868,-1,-1,-1
3253,10,2245.00,1197.00,69.00,94.00,7.3949,-1,-1,-1
3253,6,2279.00,1531.00,55.00,87.00,7.0716,-1,-1,-1
3254,10,2244.00,1197.00,68.00,94.00,7.3863,-1,-1,-1
3254,6,2280.00,1531.00,54.00,87.00,7.0401,-1,-1,-1
3255,10,2243.00,1197.00,67.00,94.00,7.4041,-1,-1,-1
3255,6,2280.00,1531.00,53.00,87.00,6.9767,-1,-1,-1
3256,10,2243.00,1197.00,66.00,93.00,7.4432,-1,-1,-1
3256,6,2280.00,1532.00,52.00,86.00,6.9161,-1,-1,-1
3257,10,2242.00,1197.00,66.00,94.00,7.4906,-1,-1,-1
3257,6,2280.00,1532.00,52.00,87.00,6.8747,-1,-1,-1
3258,10,2241.00,1197.00,67.00,94.00,7.5318,-1,-1,-1
3258,6,2280.00,1532.00,53.00,87.00,6.8688,-1,-1,-1
3259,10,2241.00,1197.00,67.00,93.00,7.5932,-1,-1,-1
3259,6,2279.00,1532.00,54.00,88.00,6.8919,-1,-1,-1
3260,10,2242.00,1196.00,66.00,94.00,7.6581,-1,-1,-1
3260,6,2280.00,1531.00,54.00,88.00,6.9256,-1,-1,-1
3261,10,2242.00,1197.00,65.00,91.00,7.7093,-1,-1,-1
3261,6,2281.00,1531.00,54.00,86.00,6.9211,-1,-1,-1
3262,10,2241.00,1198.00,65.00,89.00,7.7318,-1,-1,-1
3262,6,2280.00,1531.00,55.00,87.00,6.9547,-1,-1,-1
3263,10,2240.00,1198.00,67.00,90.00,7.7428,-1,-1,-1
3263,6,2280.00,1532.00,55.00,85.00,6.9279,-1,-1,-1
3264,10,2240.00,1197.00,67.00,92.00,7.7497,-1,-1,-1
3264,6,2281.00,1532.00,54.00,84.00,6.8862,-1,-1,-1
3265,10,2240.00,1197.00,67.00,92.00,7.7588,-1,-1,-1
3265,6,2281.00,1532.00,55.00,83.00,6.8499,-1,-1,-1
3266,10,2240.00,1195.00,68.00,95.00,7.7702,-1,-1,-1
3266,6,2282.00,1531.00,54.00,84.00,6.8149,-1,-1,-1
3267,10,2239.00,1194.00,70.00,97.00,7.7877,-1,-1,-1
3267,6,2281.00,1528.00,53.00,84.00,6.7356,-1,-1,-1
3268,10,2239.00,1194.00,71.00,97.00,7.7939,-1,-1,-1
3268,6,2281.00,1527.00,53.00,84.00,6.7031,-1,-1,-1
3269,10,2240.00,1193.00,69.00,98.00,7.8028,-1,-1,-1
3269,6,2280.00,1525.00,55.00,85.00,6.7283,-1,-1,-1
3270,10,2240.00,1192.00,69.00,98.00,7.8115,-1,-1,-1
3270,6,2282.00,1523.00,53.00,85.00,6.7681,-1,-1,-1
3271,10,2239.00,1192.00,69.00,96.00,7.8375,-1,-1,-1
3271,6,2282.00,1522.00,54.00,84.00,6.7798,-1,-1,-1
3272,10,2239.00,1192.00,68.00,95.00,7.8481,-1,-1,-1
3272,6,2282.00,1522.00,54.00,83.00,6.7760,-1,-1,-1
3273,10,2239.00,1191.00,68.00,95.00,7.8487,-1,-1,-1
3273,6,2283.00,1521.00,53.00,83.00,6.7606,-1,-1,-1
3274,10,2239.00,1191.00,67.00,94.00,7.8289,-1,-1,-1
3274,6,2283.00,1520.00,53.00,84.00,6.7300,-1,-1,-1
3275,10,2238.00,1189.00,67.00,96.00,7.7930,-1,-1,-1
3275,6,2282.00,1519.00,55.00,85.00,6.6970,-1,-1,-1
3276,10,2238.00,1189.00,66.00,96.00,7.7492,-1,-1,-1
3276,6,2282.00,1518.00,56.00,87.00,6.6857,-1,-1,-1
3277,10,2238.00,1189.00,65.00,96.00,7.6888,-1,-1,-1
3277,6,2281.00,1518.00,56.00,87.00,6.6616,-1,-1,-1
3278,10,2236.00,1186.00,66.00,97.00,7.5951,-1,-1,-1
3278,6,2281.00,1518.00,56.00,87.00,6.6604,-1,-1,-1
3279,10,2237.00,1187.00,64.00,94.00,7.5036,-1,-1,-1
3279,6,2282.00,1519.00,53.00,86.00,6.5820,-1,-1,-1
3280,10,2237.00,1187.00,62.00,92.00,7.4021,-1,-1,-1
3280,6,2284.00,1520.00,49.00,84.00,6.3961,-1,-1,-1
3281,10,2237.00,1187.00,60.00,90.00,7.3069,-1,-1,-1
3281,6,2285.00,1520.00,47.00,83.00,6.2509,-1,-1,-1
3282,10,2238.00,1191.00,56.00,84.00,7.2385,-1,-1,-1
3282,6,2284.00,1521.00,49.00,84.00,6.1528,-1,-1,-1
3283,10,2237.00,1190.00,56.00,84.00,7.2244,-1,-1,-1
3283,6,2283.00,1522.00,51.00,86.00,6.1666,-1,-1,-1
3284,10,2235.00,1190.00,55.00,83.00,7.2447,-1,-1,-1
3284,6,2284.00,1522.00,50.00,87.00,6.1551,-1,-1,-1
3285,10,2235.00,1190.00,56.00,84.00,7.2520,-1,-1,-1
3285,6,2283.00,1524.00,50.00,87.00,6.1438,-1,-1,-1
3286,10,2235.00,1192.00,57.00,84.00,7.2500,-1,-1,-1
3286,6,2283.00,1526.00,50.00,86.00,6.1486,-1,-1,-1
3287,10,2235.00,1192.00,58.00,85.00,7.2472,-1,-1,-1
3287,6,2281.00,1526.00,52.00,90.00,6.1017,-1,-1,-1
3288,10,2234.00,1193.00,59.00,84.00,7.2616,-1,-1,-1
3288,6,2283.00,1526.00,50.00,86.00,6.0734,-1,-1,-1
3289,10,2234.00,1193.00,59.00,85.00,7.2841,-1,-1,-1
3289,6,2282.00,1525.00,51.00,87.00,6.0354,-1,-1,-1
3290,10,2235.00,1191.00,60.00,89.00,7.2738,-1,-1,-1
3290,6,2282.00,1524.00,51.00,87.00,6.0656,-1,-1,-1
3291,10,2234.00,1194.00,59.00,84.00,7.2626,-1,-1,-1
3291,6,2280.00,1523.00,54.00,90.00,6.1398,-1,-1,-1
3292,10,2236.00,1193.00,59.00,87.00,7.2845,-1,-1,-1
3292,6,2279.00,1523.00,55.00,92.00,6.1857,-1,-1,-1
3293,10,2234.00,1194.00,62.00,88.00,7.3544,-1,-1,-1
3293,6,2279.00,1522.00,55.00,94.00,6.2128,-1,-1,-1
3294,10,2234.00,1196.00,64.00,89.00,7.4192,-1,-1,-1
3294,6,2278.00,1521.00,56.00,95.00,6.2252,-1,-1,-1
3295,10,2233.00,1196.00,65.00,91.00,7.4768,-1,-1,-1
3295,6,2278.00,1522.00,57.00,94.00,6.3214,-1,-1,-1
3296,10,2232.00,1197.00,66.00,91.00,7.5313,-1,-1,-1
3296,6,2278.00,1522.00,57.00,95.00,6.3664,-1,-1,-1
3297,10,2232.00,1198.00,64.00,89.00,7.5728,-1,-1,-1
3297,6,2280.00,1523.00,56.00,92.00,6.4352,-1,-1,-1
3298,10,2233.00,1199.00,62.00,89.00,7.6094,-1,-1,-1
3298,6,2279.00,1526.00,56.00,91.00,6.4673,-1,-1,-1
3299,10,2232.00,1200.00,61.00,89.00,7.6429,-1,-1,-1
3299,6,2280.00,1527.00,55.00,90.00,6.4723,-1,-1,-1
3300,10,2232.00,1200.00,61.00,88.00,7.6851,-1,-1,-1
3300,6,2282.00,1528.00,54.00,89.00,6.5140,-1,-1,-1
3301,10,2231.00,1201.00,63.00,88.00,7.7048,-1,-1,-1
3301,6,2281.00,1528.00,56.00,90.00,6.5978,-1,-1,-1
3302,10,2232.00,1201.00,61.00,89.00,7.7093,-1,-1,-1
3302,6,2281.00,1530.00,56.00,88.00,6.6988,-1,-1,-1
3303,10,2231.00,1202.00,61.00,87.00,7.7211,-1,-1,-1
3303,6,2281.00,1530.00,58.00,89.00,6.8232,-1,-1,-1
3304,10,2230.00,1203.00,63.00,89.00,7.7063,-1,-1,-1
3304,6,2281.00,1530.00,57.00,89.00,6.9019,-1,-1,-1
3305,10,2231.00,1204.00,60.00,88.00,7.6754,-1,-1,-1
3305,6,2281.00,1530.00,59.00,90.00,6.9764,-1,-1,-1
3306,10,2230.00,1204.00,62.00,90.00,7.6448,-1,-1,-1
3306,6,2281.00,1530.00,60.00,93.00,7.0478,-1,-1,-1
3307,10,2231.00,1204.00,61.00,90.00,7.6386,-1,-1,-1
3307,6,2281.00,1530.00,61.00,95.00,7.0911,-1,-1,-1
3308,10,2230.00,1205.00,62.00,89.00,7.6384,-1,-1,-1
3308,6,2280.00,1531.00,62.00,93.00,7.1230,-1,-1,-1
3309,10,2230.00,1204.00,62.00,92.00,7.6489,-1,-1,-1
3309,6,2281.00,1531.00,62.00,94.00,7.1556,-1,-1,-1
3310,10,2229.00,1205.00,63.00,91.00,7.6679,-1,-1,-1
3310,6,2282.00,1532.00,60.00,93.00,7.2057,-1,-1,-1
3311,10,2228.00,1206.00,63.00,91.00,7.6830,-1,-1,-1
3311,6,2283.00,1533.00,59.00,92.00,7.2109,-1,-1,-1
3312,10,2228.00,1207.00,63.00,91.00,7.6900,-1,-1,-1
3312,6,2282.00,1535.00,60.00,92.00,7.1924,-1,-1,-1
3313,10,2228.00,1207.00,63.00,91.00,7.6917,-1,-1,-1
3313,6,2281.00,1534.00,59.00,95.00,7.1614,-1,-1,-1
3314,10,2227.00,1208.00,63.00,90.00,7.6913,-1,-1,-1
3314,6,2281.00,1535.00,59.00,94.00,7.1385,-1,-1,-1
3315,10,2227.00,1209.00,63.00,89.00,7.6885,-1,-1,-1
3315,6,2281.00,1536.00,59.00,94.00,7.0879,-1,-1,-1
3316,10,2227.00,1210.00,62.00,87.00,7.6790,-1,-1,-1
3316,6,2281.00,1537.00,60.00,95.00,7.0408,-1,-1,-1
3317,10,2227.00,1210.00,61.00,87.00,7.6600,-1,-1,-1
3317,6,2283.00,1536.00,55.00,91.00,6.9813,-1,-1,-1
3318,10,2227.00,1210.00,60.00,86.00,7.6299,-1,-1,-1
3318,6,2282.00,1538.00,59.00,93.00,6.9611,-1,-1,-1
3319,10,2228.00,1211.00,59.00,86.00,7.6058,-1,-1,-1
3319,6,2283.00,1537.00,56.00,91.00,6.9303,-1,-1,-1
3320,10,2228.00,1210.00,58.00,86.00,7.5815,-1,-1,-1
3320,6,2285.00,1537.00,54.00,90.00,6.8858,-1,-1,-1
3321,10,2227.00,1209.00,59.00,87.00,7.5488,-1,-1,-1
3321,6,2286.00,1536.00,53.00,89.00,6.8133,-1,-1,-1
3322,10,2228.00,1205.00,56.00,90.00,7.5177,-1,-1,-1
3322,6,2286.00,1536.00,53.00,89.00,6.7432,-1,-1,-1
3323,10,2228.00,1206.00,57.00,90.00,7.4871,-1,-1,-1
3323,6,2286.00,1536.00,52.00,88.00,6.6634,-1,-1,-1
3324,10,2227.00,1205.00,57.00,91.00,7.4998,-1,-1,-1
3324,6,2286.00,1538.00,53.00,86.00,6.5837,-1,-1,-1
3325,10,2228.00,1205.00,56.00,90.00,7.4991,-1,-1,-1
3325,6,2287.00,1538.00,52.00,85.00,6.5188,-1,-1,-1
3326,10,2227.00,1204.00,56.00,90.00,7.5159,-1,-1,-1
3326,6,2287.00,1538.00,52.00,86.00,6.4625,-1,-1,-1
3327,10,2226.00,1203.00,57.00,91.00,7.5100,-1,-1,-1
3327,6,2286.00,1538.00,53.00,84.00,6.4936,-1,-1,-1
3328,10,2225.00,1202.00,58.00,91.00,7.4651,-1,-1,-1
3328,6,2286.00,1538.00,53.00,82.00,6.5745,-1,-1,-1
3329,10,2224.00,1202.00,55.00,88.00,7.4540,-1,-1,-1
3329,6,2286.00,1537.00,52.00,82.00,6.6584,-1,-1,-1
3330,10,2224.00,1201.00,54.00,87.00,7.4815,-1,-1,-1
3330,6,2286.00,1535.00,52.00,84.00,6.7699,-1,-1,-1
3331,10,2223.00,1199.00,54.00,89.00,7.5432,-1,-1,-1
3331,6,2286.00,1534.00,53.00,84.00,6.8751,-1,-1,-1
3332,10,2222.00,1198.00,54.00,90.00,7.6125,-1,-1,-1
3332,6,2286.00,1533.00,53.00,86.00,6.9854,-1,-1,-1
3333,10,2221.00,1197.00,56.00,90.00,7.6762,-1,-1,-1
3333,6,2286.00,1532.00,54.00,86.00,7.0727,-1,-1,-1
3334,10,2221.00,1197.00,56.00,91.00,7.7313,-1,-1,-1
3334,6,2286.00,1531.00,54.00,86.00,7.1358,-1,-1,-1
3335,10,2220.00,1196.00,59.00,93.00,7.7781,-1,-1,-1
3335,6,2286.00,1530.00,54.00,85.00,7.1237,-1,-1,-1
3336,10,2219.00,1195.00,61.00,95.00,7.8184,-1,-1,-1
3336,6,2285.00,1528.00,54.00,85.00,7.0751,-1,-1,-1
3337,10,2219.00,1194.00,60.00,95.00,7.8507,-1,-1,-1
3337,6,2286.00,1527.00,54.00,85.00,7.0222,-1,-1,-1
3338,10,2219.00,1194.00,59.00,95.00,7.8776,-1,-1,-1
3338,6,2284.00,1525.00,56.00,86.00,7.0026,-1,-1,-1
3339,10,2219.00,1195.00,57.00,92.00,7.8965,-1,-1,-1
3339,6,2285.00,1524.00,55.00,87.00,7.0047,-1,-1,-1
3340,10,2219.00,1194.00,55.00,90.00,7.8897,-1,-1,-1
3340,6,2286.00,1521.00,54.00,87.00,6.9743,-1,-1,-1
3341,10,2218.00,1193.00,57.00,92.00,7.8781,-1,-1,-1
3341,6,2286.00,1519.00,54.00,88.00,6.9117,-1,-1,-1
3342,10,2217.00,1192.00,58.00,92.00,7.8463,-1,-1,-1
3342,6,2287.00,1517.00,50.00,83.00,6.8393,-1,-1,-1
3343,10,2217.00,1191.00,59.00,92.00,7.7806,-1,-1,-1
3343,6,2287.00,1515.00,50.00,83.00,6.7235,-1,-1,-1
3344,10,2217.00,1192.00,56.00,87.00,7.6931,-1,-1,-1
3344,6,2286.00,1516.00,53.00,81.00,6.6268,-1,-1,-1
3345,10,2216.00,1191.00,57.00,87.00,7.6298,-1,-1,-1
3345,6,2286.00,1515.00,54.00,83.00,6.5415,-1,-1,-1
3346,10,2216.00,1190.00,57.00,87.00,7.5965,-1,-1,-1
3346,6,2288.00,1513.00,51.00,84.00,6.4619,-1,-1,-1
3347,10,2216.00,1190.00,57.00,87.00,7.5844,-1,-1,-1
3347,6,2288.00,1513.00,53.00,84.00,6.4596,-1,-1,-1
3348,10,2215.00,1190.00,58.00,86.00,7.5736,-1,-1,-1
3348,6,2288.00,1512.00,53.00,84.00,6.4791,-1,-1,-1
3349,10,2215.00,1189.00,59.00,86.00,7.5795,-1,-1,-1
3349,6,2288.00,1512.00,52.00,82.00,6.4790,-1,-1,-1
3350,10,2214.00,1189.00,60.00,85.00,7.5936,-1,-1,-1
3350,6,2289.00,1511.00,51.00,82.00,6.4800,-1,-1,-1
3351,10,2214.00,1187.00,60.00,87.00,7.6001,-1,-1,-1
3351,6,2288.00,1511.00,52.00,82.00,6.5155,-1,-1,-1
3352,10,2214.00,1184.00,60.00,90.00,7.6086,-1,-1,-1
3352,6,2288.00,1510.00,52.00,83.00,6.5399,-1,-1,-1
3353,10,2214.00,1183.00,59.00,89.00,7.6175,-1,-1,-1
3353,6,2288.00,1510.00,51.00,83.00,6.5485,-1,-1,-1
3354,10,2214.00,1182.00,58.00,88.00,7.6125,-1,-1,-1
3354,6,2287.00,1509.00,53.00,86.00,6.6092,-1,-1,-1
3355,10,2214.00,1181.00,57.00,87.00,7.6006,-1,-1,-1
3355,6,2286.00,1508.00,55.00,88.00,6.6772,-1,-1,-1
3356,10,2214.00,1180.00,56.00,87.00,7.6002,-1,-1,-1
3356,6,2286.00,1508.00,54.00,87.00,6.7069,-1,-1,-1
3357,10,2213.00,1179.00,57.00,87.00,7.5987,-1,-1,-1
3357,6,2287.00,1507.00,52.00,86.00,6.7061,-1,-1,-1
3358,10,2213.00,1178.00,54.00,87.00,7.5957,-1,-1,-1
3358,6,2287.00,1507.00,52.00,85.00,6.6761,-1,-1,-1
3359,10,2213.00,1176.00,53.00,87.00,7.6223,-1,-1,-1
3359,6,2286.00,1506.00,53.00,86.00,6.6164,-1,-1,-1
3360,10,2213.00,1175.00,53.00,88.00,7.6548,-1,-1,-1
3360,6,2285.00,1505.00,54.00,88.00,6.6187,-1,-1,-1
3361,10,2213.00,1175.00,53.00,89.00,7.6819,-1,-1,-1
3361,6,2286.00,1505.00,51.00,84.00,6.6330,-1,-1,-1
3362,10,2213.00,1174.00,53.00,89.00,7.7153,-1,-1,-1
3362,6,2286.00,1504.00,51.00,85.00,6.6663,-1,-1,-1
3363,10,2212.00,1173.00,55.00,89.00,7.7584,-1,-1,-1
3363,6,2285.00,1503.00,52.00,85.00,6.7102,-1,-1,-1
3364,10,2211.00,1173.00,57.00,90.00,7.7966,-1,-1,-1
3364,6,2286.00,1502.00,51.00,84.00,6.7572,-1,-1,-1
3365,10,2210.00,1173.00,59.00,91.00,7.8255,-1,-1,-1
3365,6,2286.00,1501.00,51.00,83.00,6.7862,-1,-1,-1
3366,10,2209.00,1173.00,60.00,90.00,7.8468,-1,-1,-1
3366,6,2286.00,1500.00,51.00,82.00,6.8348,-1,-1,-1
3367,10,2208.00,1172.00,61.00,90.00,7.8744,-1,-1,-1
3367,6,2286.00,1499.00,50.00,81.00,6.8692,-1,-1,-1
3368,10,2206.00,1172.00,63.00,90.00,7.8990,-1,-1,-1
3368,6,2285.00,1496.00,51.00,81.00,6.8662,-1,-1,-1
3369,10,2206.00,1171.00,63.00,90.00,7.9146,-1,-1,-1
3369,6,2285.00,1493.00,50.00,82.00,6.8806,-1,-1,-1
3370,10,2205.00,1170.00,64.00,90.00,7.9091,-1,-1,-1
3370,6,2285.00,1492.00,51.00,81.00,6.9171,-1,-1,-1
3371,10,2205.00,1169.00,64.00,90.00,7.8821,-1,-1,-1
3371,6,2285.00,1491.00,51.00,82.00,6.9800,-1,-1,-1
3372,10,2205.00,1168.00,64.00,91.00,7.8454,-1,-1,-1
3372,6,2285.00,1490.00,51.00,82.00,7.0455,-1,-1,-1
3373,10,2204.00,1168.00,65.00,90.00,7.7954,-1,-1,-1
3373,6,2285.00,1489.00,52.00,83.00,7.1210,-1,-1,-1
3374,10,2204.00,1167.00,64.00,89.00,7.7537,-1,-1,-1
3374,6,2285.00,1488.00,52.00,83.00,7.1818,-1,-1,-1
3375,10,2203.00,1166.00,65.00,88.00,7.7216,-1,-1,-1
3375,6,2285.00,1488.00,52.00,82.00,7.2495,-1,-1,-1
3376,10,2202.00,1166.00,67.00,86.00,7.6685,-1,-1,-1
3376,6,2284.00,1486.00,52.00,84.00,7.3208,-1,-1,-1
3377,10,2201.00,1165.00,66.00,84.00,7.6401,-1,-1,-1
3377,6,2282.00,1484.00,55.00,86.00,7.3898,-1,-1,-1
3378,10,2201.00,1164.00,66.00,85.00,7.6275,-1,-1,-1
3378,6,2282.00,1484.00,55.00,86.00,7.4480,-1,-1,-1
3379,10,2200.00,1163.00,67.00,85.00,7.6146,-1,-1,-1
3379,6,2281.00,1483.00,57.00,87.00,7.4918,-1,-1,-1
3380,10,2201.00,1161.00,64.00,87.00,7.5887,-1,-1,-1
3380,6,2281.00,1482.00,57.00,88.00,7.5131,-1,-1,-1
3381,10,2200.00,1161.00,63.00,86.00,7.5847,-1,-1,-1
3381,6,2281.00,1482.00,57.00,88.00,7.5170,-1,-1,-1
3382,10,2200.00,1159.00,63.00,87.00,7.5912,-1,-1,-1
3382,6,2280.00,1482.00,57.00,87.00,7.4978,-1,-1,-1
3383,10,2200.00,1158.00,63.00,87.00,7.5849,-1,-1,-1
3383,6,2281.00,1481.00,56.00,87.00,7.4341,-1,-1,-1
3384,10,2199.00,1156.00,63.00,87.00,7.5550,-1,-1,-1
3384,6,2282.00,1477.00,53.00,90.00,7.3511,-1,-1,-1
3385,10,2200.00,1156.00,59.00,85.00,7.5125,-1,-1,-1
3385,6,2281.00,1480.00,54.00,86.00,7.2957,-1,-1,-1
3386,10,2199.00,1155.00,60.00,86.00,7.5030,-1,-1,-1
3386,6,2283.00,1479.00,52.00,85.00,7.2533,-1,-1,-1
3387,10,2197.00,1154.00,62.00,87.00,7.5232,-1,-1,-1
3387,6,2282.00,1478.00,53.00,86.00,7.2300,-1,-1,-1
3388,10,2198.00,1153.00,59.00,85.00,7.5706,-1,-1,-1
3388,6,2283.00,1477.00,52.00,85.00,7.2256,-1,-1,-1
3389,10,2197.00,1152.00,58.00,84.00,7.6265,-1,-1,-1
3389,6,2283.00,1475.00,52.00,85.00,7.2398,-1,-1,-1
3390,10,2197.00,1151.00,58.00,84.00,7.6820,-1,-1,-1
3390,6,2283.00,1473.00,52.00,86.00,7.2466,-1,-1,-1
3391,10,2196.00,1151.00,60.00,85.00,7.7321,-1,-1,-1
3391,6,2283.00,1472.00,51.00,84.00,7.2087,-1,-1,-1
3392,10,2196.00,1149.00,59.00,88.00,7.7823,-1,-1,-1
3392,6,2283.00,1471.00,52.00,85.00,7.1508,-1,-1,-1
3393,10,2196.00,1148.00,59.00,90.00,7.8281,-1,-1,-1
3393,6,2283.00,1471.00,51.00,82.00,7.0691,-1,-1,-1
3394,10,2196.00,1148.00,58.00,89.00,7.8677,-1,-1,-1
3394,6,2282.00,1470.00,52.00,83.00,7.0283,-1,-1,-1
3395,10,2196.00,1147.00,57.00,90.00,7.9036,-1,-1,-1
3395,6,2282.00,1469.00,52.00,84.00,7.0227,-1,-1,-1
3396,10,2196.00,1147.00,57.00,89.00,7.9279,-1,-1,-1
3396,6,2282.00,1467.00,53.00,85.00,7.0722,-1,-1,-1
3397,10,2196.00,1147.00,58.00,89.00,7.9454,-1,-1,-1
3397,6,2281.00,1466.00,54.00,86.00,7.1207,-1,-1,-1
3398,10,2195.00,1147.00,59.00,89.00,7.9568,-1,-1,-1
3398,6,2280.00,1465.00,55.00,87.00,7.1764,-1,-1,-1
3399,10,2195.00,1147.00,59.00,89.00,7.9606,-1,-1,-1
3399,6,2280.00,1464.00,55.00,87.00,7.2423,-1,-1,-1
3400,10,2194.00,1147.00,61.00,89.00,7.9444,-1,-1,-1
3400,6,2279.00,1463.00,56.00,88.00,7.2946,-1,-1,-1
3401,10,2193.00,1146.00,61.00,89.00,7.9193,-1,-1,-1
3401,6,2279.00,1462.00,56.00,88.00,7.3398,-1,-1,-1
3402,10,2193.00,1146.00,61.00,89.00,7.8890,-1,-1,-1
3402,6,2279.00,1461.00,56.00,88.00,7.3752,-1,-1,-1
3403,10,2193.00,1145.00,61.00,90.00,7.8514,-1,-1,-1
3403,6,2279.00,1461.00,56.00,87.00,7.4102,-1,-1,-1
3404,10,2193.00,1145.00,61.00,90.00,7.8182,-1,-1,-1
3404,6,2279.00,1461.00,56.00,86.00,7.4405,-1,-1,-1
3405,10,2193.00,1144.00,61.00,91.00,7.7652,-1,-1,-1
3405,6,2280.00,1460.00,55.00,85.00,7.4697,-1,-1,-1
3406,10,2192.00,1143.00,60.00,91.00,7.6924,-1,-1,-1
3406,6,2280.00,1460.00,55.00,84.00,7.4855,-1,-1,-1
3407,10,2192.00,1143.00,59.00,90.00,7.6616,-1,-1,-1
3407,6,2280.00,1461.00,54.00,82.00,7.4824,-1,-1,-1
3408,10,2192.00,1142.00,60.00,91.00,7.6386,-1,-1,-1
3408,6,2281.00,1461.00,54.00,81.00,7.4839,-1,-1,-1
3409,10,2192.00,1142.00,60.00,91.00,7.6248,-1,-1,-1
3409,6,2281.00,1459.00,54.00,84.00,7.4674,-1,-1,-1
3410,10,2192.00,1141.00,60.00,91.00,7.6157,-1,-1,-1
3410,6,2281.00,1459.00,54.00,82.00,7.4734,-1,-1,-1
3411,10,2191.00,1140.00,60.00,90.00,7.6082,-1,-1,-1
3411,6,2281.00,1458.00,54.00,83.00,7.4673,-1,-1,-1
3412,10,2191.00,1139.00,61.00,91.00,7.6155,-1,-1,-1
3412,6,2281.00,1458.00,54.00,83.00,7.4541,-1,-1,-1
3413,10,2191.00,1138.00,61.00,91.00,7.6128,-1,-1,-1
3413,6,2280.00,1456.00,55.00,85.00,7.4298,-1,-1,-1
3414,10,2191.00,1137.00,61.00,92.00,7.5952,-1,-1,-1
3414,6,2280.00,1455.00,55.00,84.00,7.4038,-1,-1,-1
3415,10,2190.00,1136.00,61.00,91.00,7.5476,-1,-1,-1
3415,6,2279.00,1453.00,56.00,85.00,7.3686,-1,-1,-1
3416,10,2190.00,1132.00,58.00,90.00,7.5070,-1,-1,-1
3416,6,2279.00,1453.00,57.00,84.00,7.3608,-1,-1,-1
3417,10,2190.00,1131.00,58.00,91.00,7.4818,-1,-1,-1
3417,6,2279.00,1450.00,57.00,85.00,7.3630,-1,-1,-1
3418,10,2189.00,1130.00,60.00,92.00,7.4609,-1,-1,-1
3418,6,2279.00,1449.00,56.00,84.00,7.3472,-1,-1,-1
3419,10,2188.00,1129.00,61.00,94.00,7.4707,-1,-1,-1
3419,6,2278.00,1448.00,57.00,84.00,7.3062,-1,-1,-1
3420,10,2187.00,1128.00,62.00,94.00,7.4847,-1,-1,-1
3420,6,2277.00,1448.00,57.00,82.00,7.2262,-1,-1,-1
3421,10,2187.00,1128.00,60.00,91.00,7.5045,-1,-1,-1
3421,6,2276.00,1445.00,57.00,84.00,7.1245,-1,-1,-1
3422,10,2188.00,1128.00,58.00,89.00,7.5273,-1,-1,-1
3422,6,2276.00,1445.00,57.00,83.00,7.0692,-1,-1,-1
3423,10,2189.00,1127.00,56.00,90.00,7.5490,-1,-1,-1
3423,6,2276.00,1443.00,57.00,85.00,7.0664,-1,-1,-1
3424,10,2188.00,1126.00,56.00,89.00,7.5831,-1,-1,-1
3424,6,2277.00,1442.00,56.00,85.00,7.0859,-1,-1,-1
3425,10,2189.00,1125.00,55.00,89.00,7.6008,-1,-1,-1
3425,6,2276.00,1440.00,57.00,85.00,7.1096,-1,-1,-1
3426,10,2189.00,1123.00,54.00,90.00,7.6113,-1,-1,-1
3426,6,2276.00,1439.00,57.00,86.00,7.1324,-1,-1,-1
3427,10,2189.00,1122.00,53.00,90.00,7.6159,-1,-1,-1
3427,6,2275.00,1437.00,59.00,88.00,7.1495,-1,-1,-1
3428,10,2189.00,1122.00,54.00,89.00,7.6248,-1,-1,-1
3428,6,2275.00,1433.00,58.00,91.00,7.1378,-1,-1,-1
3429,10,2188.00,1122.00,55.00,90.00,7.6427,-1,-1,-1
3429,6,2275.00,1432.00,58.00,91.00,7.1229,-1,-1,-1
3430,10,2188.00,1121.00,55.00,90.00,7.6430,-1,-1,-1
3430,6,2274.00,1431.00,59.00,91.00,7.1037,-1,-1,-1
3431,10,2188.00,1120.00,54.00,89.00,7.6036,-1,-1,-1
3431,6,2273.00,1429.00,60.00,93.00,7.0970,-1,-1,-1
3432,10,2188.00,1119.00,54.00,89.00,7.5597,-1,-1,-1
3432,6,2272.00,1428.00,61.00,93.00,7.0846,-1,-1,-1
3433,10,2187.00,1121.00,53.00,85.00,7.5377,-1,-1,-1
3433,6,2270.00,1428.00,65.00,92.00,7.0889,-1,-1,-1
3434,10,2186.00,1120.00,54.00,86.00,7.5484,-1,-1,-1
3434,6,2270.00,1427.00,65.00,93.00,7.1323,-1,-1,-1
3435,10,2186.00,1120.00,55.00,87.00,7.5605,-1,-1,-1
3435,6,2271.00,1427.00,63.00,92.00,7.1635,-1,-1,-1
3436,10,2184.00,1119.00,58.00,89.00,7.5812,-1,-1,-1
3436,6,2271.00,1427.00,63.00,90.00,7.1847,-1,-1,-1
3437,10,2183.00,1118.00,59.00,89.00,7.6167,-1,-1,-1
3437,6,2272.00,1427.00,61.00,89.00,7.2056,-1,-1,-1
3438,10,2183.00,1116.00,58.00,89.00,7.6406,-1,-1,-1
3438,6,2272.00,1427.00,60.00,88.00,7.2061,-1,-1,-1
3439,10,2183.00,1115.00,58.00,89.00,7.6729,-1,-1,-1
3439,6,2272.00,1427.00,60.00,86.00,7.1930,-1,-1,-1
3440,10,2182.00,1115.00,59.00,88.00,7.7124,-1,-1,-1
3440,6,2273.00,1427.00,59.00,86.00,7.1710,-1,-1,-1
3441,10,2182.00,1114.00,58.00,88.00,7.7472,-1,-1,-1
3441,6,2273.00,1426.00,59.00,87.00,7.1519,-1,-1,-1
3442,10,2181.00,1113.00,60.00,89.00,7.7772,-1,-1,-1
3442,6,2274.00,1426.00,59.00,86.00,7.1259,-1,-1,-1
3443,10,2181.00,1114.00,59.00,87.00,7.7916,-1,-1,-1
3443,6,2274.00,1425.00,58.00,86.00,7.0966,-1,-1,-1
3444,10,2181.00,1112.00,60.00,90.00,7.7961,-1,-1,-1
3444,6,2274.00,1424.00,58.00,86.00,7.0979,-1,-1,-1
3445,10,2180.00,1111.00,60.00,91.00,7.7867,-1,-1,-1
3445,6,2274.00,1424.00,58.00,85.00,7.0995,-1,-1,-1
3446,10,2179.00,1110.00,61.00,91.00,7.7712,-1,-1,-1
3446,6,2274.00,1423.00,58.00,85.00,7.0846,-1,-1,-1
3447,10,2179.00,1109.00,60.00,90.00,7.7170,-1,-1,-1
3447,6,2274.00,1423.00,57.00,84.00,7.0606,-1,-1,-1
3448,10,2180.00,1107.00,58.00,92.00,7.6403,-1,-1,-1
3448,6,2274.00,1422.00,57.00,84.00,6.9804,-1,-1,-1
3449,10,2179.00,1107.00,54.00,87.00,7.5249,-1,-1,-1
3449,6,2274.00,1421.00,54.00,80.00,6.9191,-1,-1,-1
3450,10,2179.00,1106.00,54.00,87.00,7.4574,-1,-1,-1
3450,6,2275.00,1421.00,53.00,77.00,6.8810,-1,-1,-1
3451,10,2178.00,1106.00,56.00,87.00,7.4012,-1,-1,-1
3451,6,2275.00,1419.00,53.00,78.00,6.9028,-1,-1,-1
3452,10,2177.00,1104.00,56.00,87.00,7.4164,-1,-1,-1
3452,6,2275.00,1418.00,53.00,79.00,6.9381,-1,-1,-1
3453,10,2175.00,1103.00,60.00,88.00,7.4631,-1,-1,-1
3453,6,2274.00,1417.00,54.00,81.00,7.0005,-1,-1,-1
3454,10,2175.00,1101.00,60.00,91.00,7.5183,-1,-1,-1
3454,6,2273.00,1417.00,54.00,79.00,7.0724,-1,-1,-1
3455,10,2174.00,1101.00,60.00,91.00,7.5783,-1,-1,-1
3455,6,2272.00,1416.00,55.00,80.00,7.1571,-1,-1,-1
3456,10,2174.00,1101.00,60.00,90.00,7.6422,-1,-1,-1
3456,6,2271.00,1413.00,56.00,83.00,7.2467,-1,-1,-1
3457,10,2174.00,1100.00,61.00,92.00,7.6859,-1,-1,-1
3457,6,2271.00,1413.00,56.00,82.00,7.3169,-1,-1,-1
3458,10,2174.00,1100.00,61.00,91.00,7.7284,-1,-1,-1
3458,6,2271.00,1411.00,56.00,84.00,7.3540,-1,-1,-1
3459,10,2174.00,1100.00,61.00,90.00,7.7659,-1,-1,-1
3459,6,2271.00,1410.00,56.00,85.00,7.3745,-1,-1,-1
3460,10,2174.00,1100.00,60.00,89.00,7.8066,-1,-1,-1
3460,6,2271.00,1410.00,57.00,85.00,7.3727,-1,-1,-1
3461,10,2173.00,1099.00,62.00,90.00,7.8458,-1,-1,-1
3461,6,2270.00,1408.00,58.00,86.00,7.3250,-1,-1,-1
3462,10,2173.00,1099.00,61.00,89.00,7.8791,-1,-1,-1
3462,6,2269.00,1408.00,59.00,87.00,7.2721,-1,-1,-1
3463,10,2173.00,1098.00,61.00,89.00,7.8986,-1,-1,-1
3463,6,2269.00,1407.00,60.00,87.00,7.2597,-1,-1,-1
3464,10,2173.00,1097.00,60.00,90.00,7.8973,-1,-1,-1
3464,6,2270.00,1406.00,60.00,88.00,7.2534,-1,-1,-1
3465,10,2172.00,1096.00,61.00,91.00,7.8875,-1,-1,-1
3465,6,2270.00,1405.00,60.00,89.00,7.2598,-1,-1,-1
3466,10,2173.00,1095.00,59.00,91.00,7.8572,-1,-1,-1
3466,6,2270.00,1404.00,60.00,89.00,7.2974,-1,-1,-1
3467,10,2173.00,1098.00,57.00,85.00,7.7904,-1,-1,-1
3467,6,2269.00,1402.00,60.00,89.00,7.3552,-1,-1,-1
3468,10,2173.00,1097.00,57.00,85.00,7.7524,-1,-1,-1
3468,6,2269.00,1401.00,60.00,88.00,7.4050,-1,-1,-1
3469,10,2172.00,1097.00,58.00,85.00,7.7366,-1,-1,-1
3469,6,2268.00,1398.00,61.00,88.00,7.4345,-1,-1,-1
3470,10,2171.00,1095.00,59.00,86.00,7.7260,-1,-1,-1
3470,6,2267.00,1396.00,63.00,89.00,7.4650,-1,-1,-1
3471,10,2170.00,1094.00,59.00,87.00,7.7223,-1,-1,-1
3471,6,2266.00,1396.00,64.00,88.00,7.4718,-1,-1,-1
3472,10,2170.00,1093.00,60.00,88.00,7.7272,-1,-1,-1
3472,6,2266.00,1397.00,63.00,84.00,7.4851,-1,-1,-1
3473,10,2170.00,1092.00,59.00,88.00,7.7290,-1,-1,-1
3473,6,2265.00,1397.00,64.00,83.00,7.5226,-1,-1,-1
3474,10,2169.00,1091.00,59.00,88.00,7.7132,-1,-1,-1
3474,6,2266.00,1396.00,63.00,84.00,7.5551,-1,-1,-1
3475,10,2169.00,1090.00,59.00,87.00,7.6771,-1,-1,-1
3475,6,2265.00,1396.00,64.00,84.00,7.5936,-1,-1,-1
3476,6,2266.00,1395.00,63.00,85.00,7.6241,-1,-1,-1
3476,10,2170.00,1086.00,55.00,87.00,7.6162,-1,-1,-1
3477,6,2266.00,1396.00,62.00,83.00,7.6384,-1,-1,-1
3477,10,2169.00,1085.00,57.00,88.00,7.5755,-1,-1,-1
3478,6,2266.00,1395.00,62.00,84.00,7.6497,-1,-1,-1
3478,10,2169.00,1084.00,56.00,86.00,7.5387,-1,-1,-1
3479,6,2267.00,1394.00,60.00,84.00,7.6546,-1,-1,-1
3479,10,2169.00,1083.00,57.00,87.00,7.5142,-1,-1,-1
3480,6,2267.00,1394.00,59.00,81.00,7.6534,-1,-1,-1
3480,10,2168.00,1082.00,58.00,87.00,7.4978,-1,-1,-1
3481,6,2268.00,1392.00,58.00,81.00,7.6465,-1,-1,-1
3481,10,2168.00,1082.00,58.00,85.00,7.4908,-1,-1,-1
3482,6,2268.00,1392.00,55.00,79.00,7.6035,-1,-1,-1
3482,10,2167.00,1081.00,59.00,85.00,7.4905,-1,-1,-1
3483,6,2268.00,1391.00,55.00,78.00,7.5181,-1,-1,-1
3483,10,2167.00,1081.00,59.00,85.00,7.5071,-1,-1,-1
3484,10,2165.00,1080.00,61.00,84.00,7.4981,-1,-1,-1
3484,6,2268.00,1390.00,54.00,78.00,7.3301,-1,-1,-1
3485,10,2165.00,1079.00,62.00,84.00,7.4762,-1,-1,-1
3485,6,2267.00,1388.00,53.00,79.00,7.1770,-1,-1,-1
3486,10,2165.00,1078.00,61.00,85.00,7.4507,-1,-1,-1
3486,6,2267.00,1388.00,53.00,78.00,7.0530,-1,-1,-1
3487,10,2166.00,1076.00,58.00,87.00,7.4454,-1,-1,-1
3487,6,2266.00,1387.00,54.00,79.00,6.9643,-1,-1,-1
3488,10,2165.00,1076.00,59.00,86.00,7.4499,-1,-1,-1
3488,6,2267.00,1386.00,51.00,77.00,6.8824,-1,-1,-1
3489,10,2165.00,1076.00,59.00,86.00,7.4722,-1,-1,-1
3489,6,2269.00,1386.00,48.00,74.00,6.8192,-1,-1,-1
3490,10,2164.00,1076.00,60.00,86.00,7.5238,-1,-1,-1
3490,6,2269.00,1386.00,49.00,74.00,6.8113,-1,-1,-1
3491,10,2163.00,1076.00,61.00,86.00,7.5612,-1,-1,-1
3491,6,2269.00,1385.00,48.00,74.00,6.8290,-1,-1,-1
3492,10,2163.00,1075.00,60.00,87.00,7.6031,-1,-1,-1
3492,6,2269.00,1384.00,48.00,74.00,6.8801,-1,-1,-1
3493,10,2162.00,1075.00,61.00,86.00,7.6314,-1,-1,-1
3493,6,2268.00,1383.00,49.00,74.00,6.9416,-1,-1,-1
3494,10,2160.00,1075.00,64.00,87.00,7.6520,-1,-1,-1
3494,6,2268.00,1382.00,49.00,75.00,7.0008,-1,-1,-1
3495,10,2159.00,1075.00,64.00,85.00,7.6382,-1,-1,-1
3495,6,2268.00,1382.00,49.00,75.00,7.0474,-1,-1,-1
3496,10,2158.00,1074.00,64.00,86.00,7.6344,-1,-1,-1
3496,6,2267.00,1381.00,50.00,76.00,7.0982,-1,-1,-1
3497,10,2157.00,1073.00,65.00,86.00,7.6306,-1,-1,-1
3497,6,2267.00,1380.00,50.00,75.00,7.1345,-1,-1,-1
3498,10,2156.00,1072.00,66.00,88.00,7.6206,-1,-1,-1
3498,6,2266.00,1379.00,51.00,74.00,7.1671,-1,-1,-1
3499,10,2155.00,1071.00,66.00,89.00,7.5951,-1,-1,-1
3499,6,2265.00,1377.00,52.00,75.00,7.1857,-1,-1,-1
3500,10,2154.00,1069.00,67.00,90.00,7.5726,-1,-1,-1
3500,6,2265.00,1376.00,51.00,75.00,7.1874,-1,-1,-1
3501,10,2154.00,1069.00,66.00,88.00,7.5285,-1,-1,-1
3501,6,2264.00,1375.00,52.00,74.00,7.1747,-1,-1,-1
3502,10,2153.00,1068.00,67.00,87.00,7.4874,-1,-1,-1
3502,6,2263.00,1373.00,53.00,76.00,7.1769,-1,-1,-1
3503,10,2151.00,1067.00,69.00,87.00,7.4505,-1,-1,-1
3503,6,2262.00,1371.00,54.00,77.00,7.1969,-1,-1,-1
3504,10,2150.00,1066.00,72.00,89.00,7.4472,-1,-1,-1
3504,6,2261.00,1370.00,55.00,78.00,7.2406,-1,-1,-1
3505,10,2151.00,1066.00,71.00,88.00,7.4657,-1,-1,-1
3505,6,2260.00,1369.00,56.00,79.00,7.2859,-1,-1,-1
3506,10,2152.00,1065.00,70.00,90.00,7.4935,-1,-1,-1
3506,6,2259.00,1368.00,57.00,79.00,7.3282,-1,-1,-1
3507,10,2152.00,1064.00,70.00,90.00,7.5269,-1,-1,-1
3507,6,2258.00,1367.00,58.00,80.00,7.3548,-1,-1,-1
3508,10,2152.00,1063.00,70.00,90.00,7.5586,-1,-1,-1
3508,6,2259.00,1366.00,57.00,80.00,7.3687,-1,-1,-1
3509,10,2152.00,1063.00,70.00,90.00,7.5716,-1,-1,-1
3509,6,2259.00,1365.00,56.00,80.00,7.3691,-1,-1,-1
3510,10,2152.00,1062.00,71.00,91.00,7.5673,-1,-1,-1
3510,6,2259.00,1364.00,56.00,80.00,7.3777,-1,-1,-1
3511,10,2152.00,1061.00,71.00,91.00,7.5670,-1,-1,-1
3511,6,2259.00,1362.00,55.00,81.00,7.3672,-1,-1,-1
3512,10,2152.00,1059.00,71.00,93.00,7.5641,-1,-1,-1
3512,6,2258.00,1362.00,56.00,80.00,7.3583,-1,-1,-1
3513,10,2152.00,1059.00,71.00,92.00,7.5459,-1,-1,-1
3513,6,2258.00,1362.00,56.00,81.00,7.3613,-1,-1,-1
3514,10,2152.00,1059.00,71.00,91.00,7.4960,-1,-1,-1
3514,6,2258.00,1362.00,57.00,81.00,7.3509,-1,-1,-1
3515,10,2151.00,1058.00,70.00,91.00,7.4712,-1,-1,-1
3515,6,2258.00,1362.00,57.00,80.00,7.3509,-1,-1,-1
3516,10,2151.00,1057.00,70.00,91.00,7.4631,-1,-1,-1
3516,6,2258.00,1361.00,57.00,81.00,7.3423,-1,-1,-1
3517,10,2150.00,1056.00,71.00,91.00,7.4699,-1,-1,-1
3517,6,2257.00,1360.00,58.00,82.00,7.3368,-1,-1,-1
3518,10,2150.00,1055.00,70.00,90.00,7.4810,-1,-1,-1
3518,6,2256.00,1359.00,60.00,85.00,7.3367,-1,-1,-1
3519,10,2150.00,1054.00,69.00,90.00,7.4896,-1,-1,-1
3519,6,2256.00,1358.00,60.00,85.00,7.3281,-1,-1,-1
3520,10,2150.00,1054.00,69.00,91.00,7.4937,-1,-1,-1
3520,6,2255.00,1358.00,62.00,84.00,7.3318,-1,-1,-1
3521,10,2149.00,1053.00,70.00,92.00,7.4893,-1,-1,-1
3521,6,2254.00,1357.00,63.00,84.00,7.3434,-1,-1,-1
3522,10,2148.00,1053.00,72.00,92.00,7.4640,-1,-1,-1
3522,6,2254.00,1356.00,62.00,83.00,7.3572,-1,-1,-1
3523,10,2148.00,1052.00,72.00,93.00,7.4222,-1,-1,-1
3523,6,2253.00,1354.00,62.00,84.00,7.3661,-1,-1,-1
3524,10,2149.00,1050.00,68.00,93.00,7.3796,-1,-1,-1
3524,6,2253.00,1353.00,62.00,85.00,7.3778,-1,-1,-1
3525,6,2253.00,1352.00,62.00,84.00,7.3691,-1,-1,-1
3525,10,2149.00,1050.00,67.00,91.00,7.3324,-1,-1,-1
3526,6,2253.00,1352.00,61.00,83.00,7.3473,-1,-1,-1
3526,10,2148.00,1050.00,69.00,92.00,7.3141,-1,-1,-1
3527,10,2147.00,1050.00,69.00,92.00,7.3147,-1,-1,-1
3527,6,2253.00,1352.00,60.00,82.00,7.3013,-1,-1,-1
3528,10,2147.00,1049.00,68.00,92.00,7.3199,-1,-1,-1
3528,6,2253.00,1351.00,59.00,82.00,7.2365,-1,-1,-1
3529,10,2146.00,1049.00,68.00,91.00,7.3297,-1,-1,-1
3529,6,2252.00,1350.00,60.00,82.00,7.2214,-1,-1,-1
3530,10,2145.00,1050.00,68.00,90.00,7.3527,-1,-1,-1
3530,6,2252.00,1350.00,59.00,81.00,7.2432,-1,-1,-1
3531,10,2145.00,1050.00,68.00,91.00,7.4020,-1,-1,-1
3531,6,2252.00,1349.00,59.00,80.00,7.2687,-1,-1,-1
3532,10,2145.00,1049.00,67.00,91.00,7.4536,-1,-1,-1
3532,6,2252.00,1349.00,58.00,79.00,7.2895,-1,-1,-1
3533,10,2145.00,1048.00,68.00,91.00,7.4854,-1,-1,-1
3533,6,2251.00,1349.00,60.00,78.00,7.3069,-1,-1,-1
3534,10,2145.00,1047.00,68.00,92.00,7.4719,-1,-1,-1
3534,6,2251.00,1349.00,59.00,77.00,7.3048,-1,-1,-1
3535,10,2142.00,1045.00,69.00,93.00,7.4495,-1,-1,-1
3535,6,2251.00,1348.00,59.00,77.00,7.2972,-1,-1,-1
3536,10,2141.00,1044.00,70.00,94.00,7.4429,-1,-1,-1
3536,6,2250.00,1346.00,59.00,79.00,7.2944,-1,-1,-1
3537,10,2141.00,1043.00,70.00,93.00,7.4377,-1,-1,-1
3537,6,2249.00,1345.00,60.00,80.00,7.2930,-1,-1,-1
3538,10,2140.00,1042.00,72.00,94.00,7.4386,-1,-1,-1
3538,6,2249.00,1344.00,61.00,81.00,7.2943,-1,-1,-1
3539,10,2141.00,1043.00,73.00,92.00,7.4540,-1,-1,-1
3539,6,2248.00,1342.00,61.00,82.00,7.3168,-1,-1,-1
3540,10,2141.00,1043.00,74.00,92.00,7.4755,-1,-1,-1
3540,6,2248.00,1340.00,61.00,83.00,7.3459,-1,-1,-1
3541,10,2140.00,1042.00,75.00,92.00,7.5071,-1,-1,-1
3541,6,2248.00,1339.00,60.00,81.00,7.3775,-1,-1,-1
3542,10,2139.00,1041.00,75.00,91.00,7.5377,-1,-1,-1
3542,6,2248.00,1337.00,59.00,82.00,7.3875,-1,-1,-1
3543,10,2139.00,1040.00,74.00,90.00,7.5683,-1,-1,-1
3543,6,2247.00,1337.00,59.00,80.00,7.4005,-1,-1,-1
3544,10,2139.00,1038.00,71.00,90.00,7.6091,-1,-1,-1
3544,6,2247.00,1335.00,58.00,79.00,7.4440,-1,-1,-1
3545,10,2138.00,1037.00,70.00,90.00,7.6444,-1,-1,-1
3545,6,2247.00,1334.00,57.00,79.00,7.4720,-1,-1,-1
3546,10,2138.00,1036.00,69.00,88.00,7.6684,-1,-1,-1
3546,6,2246.00,1333.00,58.00,79.00,7.4864,-1,-1,-1
3547,10,2138.00,1036.00,67.00,87.00,7.6875,-1,-1,-1
3547,6,2246.00,1332.00,57.00,79.00,7.4981,-1,-1,-1
3548,10,2137.00,1036.00,68.00,86.00,7.7035,-1,-1,-1
3548,6,2245.00,1330.00,58.00,80.00,7.5057,-1,-1,-1
3549,10,2137.00,1035.00,67.00,86.00,7.7180,-1,-1,-1
3549,6,2244.00,1329.00,59.00,80.00,7.4832,-1,-1,-1
3550,10,2136.00,1033.00,68.00,86.00,7.7238,-1,-1,-1
3550,6,2245.00,1327.00,56.00,80.00,7.4323,-1,-1,-1
3551,10,2136.00,1033.00,68.00,85.00,7.7209,-1,-1,-1
3551,6,2245.00,1327.00,56.00,78.00,7.3959,-1,-1,-1
3552,10,2136.00,1032.00,68.00,86.00,7.7160,-1,-1,-1
3552,6,2245.00,1326.00,56.00,77.00,7.3952,-1,-1,-1
3553,10,2137.00,1031.00,65.00,87.00,7.6819,-1,-1,-1
3553,6,2244.00,1325.00,57.00,77.00,7.4057,-1,-1,-1
3554,10,2136.00,1030.00,67.00,88.00,7.6536,-1,-1,-1
3554,6,2243.00,1324.00,57.00,78.00,7.4116,-1,-1,-1
3555,10,2136.00,1029.00,67.00,88.00,7.6212,-1,-1,-1
3555,6,2243.00,1323.00,57.00,78.00,7.4229,-1,-1,-1
3556,10,2135.00,1028.00,67.00,88.00,7.5780,-1,-1,-1
3556,6,2242.00,1323.00,58.00,78.00,7.4169,-1,-1,-1
3557,10,2135.00,1028.00,67.00,88.00,7.5363,-1,-1,-1
3557,6,2242.00,1323.00,57.00,77.00,7.4032,-1,-1,-1
3558,10,2136.00,1027.00,65.00,87.00,7.4906,-1,-1,-1
3558,6,2242.00,1323.00,57.00,77.00,7.3868,-1,-1,-1
3559,10,2135.00,1027.00,66.00,88.00,7.4311,-1,-1,-1
3559,6,2241.00,1322.00,57.00,78.00,7.3705,-1,-1,-1
3560,10,2136.00,1026.00,63.00,88.00,7.3565,-1,-1,-1
3560,6,2240.00,1319.00,58.00,81.00,7.3526,-1,-1,-1
3561,6,2240.00,1318.00,58.00,82.00,7.3391,-1,-1,-1
3561,10,2135.00,1025.00,64.00,89.00,7.2839,-1,-1,-1
3562,6,2240.00,1318.00,57.00,81.00,7.3271,-1,-1,-1
3562,10,2133.00,1025.00,66.00,88.00,7.2195,-1,-1,-1
3563,6,2239.00,1317.00,58.00,81.00,7.3207,-1,-1,-1
3563,10,2133.00,1024.00,66.00,87.00,7.1581,-1,-1,-1
3564,6,2239.00,1317.00,58.00,81.00,7.3194,-1,-1,-1
3564,10,2133.00,1023.00,65.00,88.00,7.1378,-1,-1,-1
3565,6,2238.00,1317.00,59.00,81.00,7.3241,-1,-1,-1
3565,10,2132.00,1023.00,65.00,86.00,7.1467,-1,-1,-1
3566,6,2238.00,1316.00,60.00,83.00,7.3304,-1,-1,-1
3566,10,2132.00,1023.00,65.00,85.00,7.1728,-1,-1,-1
3567,6,2237.00,1316.00,61.00,83.00,7.3422,-1,-1,-1
3567,10,2131.00,1022.00,65.00,85.00,7.1834,-1,-1,-1
3568,6,2237.00,1314.00,60.00,84.00,7.3463,-1,-1,-1
3568,10,2131.00,1022.00,64.00,84.00,7.1941,-1,-1,-1
3569,6,2238.00,1313.00,57.00,84.00,7.3359,-1,-1,-1
3569,10,2131.00,1021.00,63.00,84.00,7.1988,-1,-1,-1
3570,6,2237.00,1312.00,57.00,83.00,7.3243,-1,-1,-1
3570,10,2131.00,1021.00,63.00,83.00,7.2100,-1,-1,-1
3571,6,2237.00,1311.00,57.00,83.00,7.3220,-1,-1,-1
3571,10,2129.00,1020.00,64.00,85.00,7.2288,-1,-1,-1
3572,6,2237.00,1310.00,57.00,82.00,7.3342,-1,-1,-1
3572,10,2128.00,1020.00,66.00,85.00,7.2527,-1,-1,-1
3573,6,2238.00,1310.00,56.00,82.00,7.3390,-1,-1,-1
3573,10,2128.00,1018.00,64.00,84.00,7.2653,-1,-1,-1
3574,6,2238.00,1309.00,56.00,81.00,7.3430,-1,-1,-1
3574,10,2128.00,1018.00,62.00,81.00,7.2656,-1,-1,-1
3575,6,2237.00,1307.00,56.00,82.00,7.3559,-1,-1,-1
3575,10,2128.00,1017.00,62.00,81.00,7.2684,-1,-1,-1
3576,6,2236.00,1305.00,57.00,82.00,7.3756,-1,-1,-1
3576,10,2126.00,1016.00,63.00,80.00,7.2602,-1,-1,-1
3577,6,2236.00,1304.00,57.00,81.00,7.3732,-1,-1,-1
3577,10,2125.00,1015.00,65.00,82.00,7.2540,-1,-1,-1
3578,6,2235.00,1303.00,57.00,82.00,7.3575,-1,-1,-1
3578,10,2124.00,1014.00,67.00,83.00,7.2331,-1,-1,-1
3579,6,2234.00,1302.00,58.00,82.00,7.3357,-1,-1,-1
3579,10,2122.00,1013.00,67.00,82.00,7.2458,-1,-1,-1
3580,6,2232.00,1302.00,62.00,79.00,7.3577,-1,-1,-1
3580,10,2121.00,1012.00,68.00,82.00,7.2719,-1,-1,-1
3581,6,2233.00,1300.00,61.00,81.00,7.3917,-1,-1,-1
3581,10,2122.00,1011.00,65.00,82.00,7.2989,-1,-1,-1
3582,6,2233.00,1300.00,61.00,80.00,7.4242,-1,-1,-1
3582,10,2122.00,1009.00,64.00,83.00,7.3126,-1,-1,-1
3583,6,2233.00,1300.00,60.00,81.00,7.4575,-1,-1,-1
3583,10,2122.00,1008.00,64.00,83.00,7.3203,-1,-1,-1
3584,6,2233.00,1300.00,60.00,82.00,7.4786,-1,-1,-1
3584,10,2119.00,1007.00,68.00,85.00,7.3398,-1,-1,-1
3585,6,2232.00,1299.00,62.00,83.00,7.5058,-1,-1,-1
3585,10,2118.00,1006.00,71.00,88.00,7.3639,-1,-1,-1
3586,6,2232.00,1299.00,62.00,82.00,7.5365,-1,-1,-1
3586,10,2117.00,1006.00,70.00,87.00,7.3817,-1,-1,-1
3587,6,2233.00,1299.00,61.00,83.00,7.5449,-1,-1,-1
3587,10,2117.00,1006.00,67.00,84.00,7.3795,-1,-1,-1
3588,6,2232.00,1299.00,62.00,84.00,7.5468,-1,-1,-1
3588,10,2116.00,1005.00,66.00,83.00,7.3776,-1,-1,-1
3589,6,2231.00,1299.00,63.00,83.00,7.5624,-1,-1,-1
3589,10,2115.00,1003.00,66.00,84.00,7.3812,-1,-1,-1
3590,6,2231.00,1299.00,63.00,82.00,7.5756,-1,-1,-1
3590,10,2114.00,1002.00,67.00,84.00,7.3886,-1,-1,-1
3591,6,2230.00,1298.00,64.00,82.00,7.5865,-1,-1,-1
3591,10,2115.00,1002.00,65.00,82.00,7.3918,-1,-1,-1
3592,6,2230.00,1297.00,63.00,83.00,7.6032,-1,-1,-1
3592,10,2115.00,1000.00,65.00,83.00,7.3875,-1,-1,-1
3593,6,2230.00,1297.00,62.00,81.00,7.6158,-1,-1,-1
3593,10,2116.00,1000.00,63.00,81.00,7.3858,-1,-1,-1
3594,6,2230.00,1296.00,61.00,82.00,7.6253,-1,-1,-1
3594,10,2116.00,999.00,63.00,81.00,7.3843,-1,-1,-1
3595,6,2230.00,1295.00,60.00,82.00,7.6268,-1,-1,-1
3595,10,2116.00,999.00,63.00,80.00,7.3843,-1,-1,-1
3596,6,2229.00,1293.00,60.00,82.00,7.5967,-1,-1,-1
3596,10,2115.00,999.00,64.00,81.00,7.3841,-1,-1,-1
3597,6,2230.00,1289.00,56.00,85.00,7.5503,-1,-1,-1
3597,10,2114.00,998.00,65.00,82.00,7.4012,-1,-1,-1
3598,6,2229.00,1289.00,56.00,84.00,7.5129,-1,-1,-1
3598,10,2114.00,998.00,64.00,81.00,7.4194,-1,-1,-1
3599,6,2229.00,1289.00,55.00,82.00,7.4791,-1,-1,-1
3599,10,2114.00,998.00,64.00,81.00,7.4408,-1,-1,-1
3600,10,2114.00,998.00,64.00,81.00,7.4554,-1,-1,-1
3600,6,2229.00,1288.00,55.00,82.00,7.4291,-1,-1,-1
3601,10,2113.00,998.00,66.00,80.00,7.4748,-1,-1,-1
3601,6,2228.00,1288.00,55.00,81.00,7.3742,-1,-1,-1
3602,10,2112.00,997.00,67.00,80.00,7.5000,-1,-1,-1
3602,6,2228.00,1287.00,55.00,80.00,7.3426,-1,-1,-1
3603,10,2111.00,997.00,68.00,80.00,7.5147,-1,-1,-1
3603,6,2228.00,1287.00,54.00,78.00,7.3403,-1,-1,-1
3604,10,2111.00,996.00,67.00,82.00,7.5292,-1,-1,-1
3604,6,2228.00,1286.00,54.00,77.00,7.3398,-1,-1,-1
3605,10,2110.00,996.00,68.00,81.00,7.5405,-1,-1,-1
3605,6,2227.00,1285.00,54.00,77.00,7.3558,-1,-1,-1
3606,10,2109.00,996.00,68.00,81.00,7.5244,-1,-1,-1
3606,6,2227.00,1285.00,53.00,76.00,7.3736,-1,-1,-1
3607,10,2108.00,996.00,69.00,81.00,7.4918,-1,-1,-1
3607,6,2227.00,1284.00,53.00,75.00,7.3551,-1,-1,-1
3608,10,2108.00,997.00,69.00,79.00,7.4663,-1,-1,-1
3608,6,2226.00,1282.00,54.00,75.00,7.2555,-1,-1,-1
3609,10,2107.00,996.00,69.00,80.00,7.4367,-1,-1,-1
3609,6,2225.00,1281.00,54.00,73.00,7.2167,-1,-1,-1
3610,10,2106.00,996.00,70.00,79.00,7.4010,-1,-1,-1
3610,6,2224.00,1279.00,56.00,73.00,7.2370,-1,-1,-1
3611,10,2106.00,995.00,69.00,79.00,7.3223,-1,-1,-1
3611,6,2222.00,1278.00,58.00,74.00,7.2739,-1,-1,-1
3612,6,2223.00,1277.00,56.00,73.00,7.2990,-1,-1,-1
3612,10,2105.00,993.00,69.00,82.00,7.2271,-1,-1,-1
3613,6,2224.00,1277.00,54.00,73.00,7.3130,-1,-1,-1
3613,10,2104.00,991.00,70.00,84.00,7.1466,-1,-1,-1
3614,6,2223.00,1277.00,55.00,72.00,7.3331,-1,-1,-1
3614,10,2105.00,990.00,69.00,85.00,7.0950,-1,-1,-1
3615,6,2223.00,1278.00,55.00,72.00,7.3516,-1,-1,-1
3615,10,2104.00,990.00,71.00,85.00,7.0686,-1,-1,-1
3616,6,2222.00,1278.00,56.00,72.00,7.3658,-1,-1,-1
3616,10,2104.00,989.00,71.00,85.00,7.0625,-1,-1,-1
3617,6,2223.00,1278.00,55.00,72.00,7.3659,-1,-1,-1
3617,10,2103.00,988.00,73.00,86.00,7.0644,-1,-1,-1
3618,6,2223.00,1277.00,55.00,73.00,7.3572,-1,-1,-1
3618,10,2102.00,987.00,74.00,87.00,7.0685,-1,-1,-1
3619,6,2223.00,1276.00,54.00,74.00,7.3564,-1,-1,-1
3619,10,2102.00,986.00,73.00,87.00,7.1048,-1,-1,-1
3620,6,2223.00,1276.00,54.00,73.00,7.3602,-1,-1,-1
3620,10,2102.00,985.00,73.00,87.00,7.1403,-1,-1,-1
3621,6,2222.00,1276.00,55.00,73.00,7.3618,-1,-1,-1
3621,10,2102.00,984.00,73.00,86.00,7.1813,-1,-1,-1
3622,6,2222.00,1274.00,54.00,74.00,7.3223,-1,-1,-1
3622,10,2101.00,983.00,73.00,87.00,7.2211,-1,-1,-1
3623,10,2101.00,983.00,72.00,86.00,7.2382,-1,-1,-1
3623,6,2219.00,1269.00,56.00,79.00,7.2329,-1,-1,-1
3624,10,2099.00,980.00,73.00,89.00,7.2637,-1,-1,-1
3624,6,2219.00,1267.00,55.00,80.00,7.1750,-1,-1,-1
3625,10,2099.00,979.00,73.00,90.00,7.3060,-1,-1,-1
3625,6,2218.00,1266.00,56.00,79.00,7.1320,-1,-1,-1
3626,10,2099.00,979.00,73.00,89.00,7.3585,-1,-1,-1
3626,6,2217.00,1264.00,56.00,81.00,7.1122,-1,-1,-1
3627,10,2098.00,977.00,73.00,90.00,7.4082,-1,-1,-1
3627,6,2218.00,1263.00,55.00,80.00,7.1253,-1,-1,-1
3628,10,2098.00,977.00,72.00,89.00,7.4586,-1,-1,-1
3628,6,2218.00,1263.00,54.00,79.00,7.1529,-1,-1,-1
3629,10,2097.00,977.00,72.00,88.00,7.4932,-1,-1,-1
3629,6,2218.00,1261.00,54.00,80.00,7.1994,-1,-1,-1
3630,10,2096.00,976.00,72.00,88.00,7.5130,-1,-1,-1
3630,6,2217.00,1261.00,54.00,79.00,7.2465,-1,-1,-1
3631,10,2096.00,976.00,72.00,87.00,7.5244,-1,-1,-1
3631,6,2218.00,1260.00,54.00,80.00,7.2981,-1,-1,-1
3632,10,2096.00,975.00,72.00,87.00,7.5318,-1,-1,-1
3632,6,2218.00,1260.00,55.00,80.00,7.3493,-1,-1,-1
3633,10,2095.00,975.00,73.00,86.00,7.5313,-1,-1,-1
3633,6,2218.00,1259.00,54.00,79.00,7.3926,-1,-1,-1
3634,10,2095.00,974.00,73.00,87.00,7.5224,-1,-1,-1
3634,6,2218.00,1257.00,54.00,81.00,7.4236,-1,-1,-1
3635,10,2093.00,974.00,73.00,84.00,7.5337,-1,-1,-1
3635,6,2217.00,1255.00,54.00,80.00,7.4450,-1,-1,-1
3636,10,2094.00,973.00,70.00,82.00,7.5483,-1,-1,-1
3636,6,2217.00,1254.00,54.00,80.00,7.4622,-1,-1,-1
3637,10,2093.00,973.00,70.00,81.00,7.5638,-1,-1,-1
3637,6,2216.00,1253.00,54.00,80.00,7.4652,-1,-1,-1
3638,10,2092.00,971.00,72.00,84.00,7.5852,-1,-1,-1
3638,6,2217.00,1252.00,54.00,77.00,7.4564,-1,-1,-1
3639,10,2091.00,970.00,74.00,86.00,7.6004,-1,-1,-1
3639,6,2217.00,1251.00,54.00,76.00,7.4774,-1,-1,-1
3640,10,2091.00,970.00,73.00,85.00,7.6164,-1,-1,-1
3640,6,2217.00,1250.00,54.00,76.00,7.5164,-1,-1,-1
3641,10,2091.00,969.00,73.00,85.00,7.6401,-1,-1,-1
3641,6,2217.00,1250.00,53.00,76.00,7.5605,-1,-1,-1
3642,10,2091.00,968.00,72.00,85.00,7.6605,-1,-1,-1
3642,6,2216.00,1249.00,54.00,78.00,7.6083,-1,-1,-1
3643,10,2090.00,968.00,72.00,84.00,7.6738,-1,-1,-1
3643,6,2216.00,1247.00,54.00,79.00,7.6468,-1,-1,-1
3644,10,2089.00,967.00,72.00,85.00,7.6962,-1,-1,-1
3644,6,2216.00,1247.00,53.00,78.00,7.6573,-1,-1,-1
3645,10,2088.00,966.00,71.00,84.00,7.7204,-1,-1,-1
3645,6,2215.00,1246.00,54.00,79.00,7.6561,-1,-1,-1
3646,10,2088.00,964.00,69.00,83.00,7.7465,-1,-1,-1
3646,6,2213.00,1244.00,55.00,80.00,7.6172,-1,-1,-1
3647,10,2087.00,962.00,69.00,83.00,7.7636,-1,-1,-1
3647,6,2213.00,1243.00,55.00,79.00,7.5776,-1,-1,-1
3648,10,2086.00,960.00,70.00,84.00,7.7704,-1,-1,-1
3648,6,2212.00,1242.00,56.00,78.00,7.5609,-1,-1,-1
3649,10,2085.00,958.00,71.00,86.00,7.7468,-1,-1,-1
3649,6,2213.00,1242.00,56.00,77.00,7.5543,-1,-1,-1
3650,10,2084.00,956.00,70.00,85.00,7.7227,-1,-1,-1
3650,6,2213.00,1239.00,56.00,78.00,7.5705,-1,-1,-1
3651,10,2082.00,954.00,72.00,86.00,7.6902,-1,-1,-1
3651,6,2212.00,1237.00,57.00,79.00,7.5810,-1,-1,-1
3652,10,2083.00,952.00,70.00,85.00,7.6841,-1,-1,-1
3652,6,2213.00,1237.00,56.00,78.00,7.5792,-1,-1,-1
3653,10,2083.00,950.00,70.00,85.00,7.6902,-1,-1,-1
3653,6,2212.00,1235.00,56.00,80.00,7.5763,-1,-1,-1
3654,10,2081.00,947.00,73.00,88.00,7.6731,-1,-1,-1
3654,6,2212.00,1234.00,56.00,79.00,7.5815,-1,-1,-1
3655,10,2080.00,945.00,75.00,89.00,7.6680,-1,-1,-1
3655,6,2212.00,1231.00,55.00,80.00,7.5695,-1,-1,-1
3656,10,2080.00,943.00,75.00,89.00,7.6392,-1,-1,-1
3656,6,2212.00,1229.00,56.00,79.00,7.5721,-1,-1,-1
3657,6,2212.00,1226.00,55.00,77.00,7.6124,-1,-1,-1
3657,10,2081.00,940.00,72.00,90.00,7.5903,-1,-1,-1
3658,6,2212.00,1224.00,55.00,77.00,7.6477,-1,-1,-1
3658,10,2082.00,938.00,71.00,89.00,7.5510,-1,-1,-1
3659,6,2211.00,1221.00,55.00,80.00,7.6434,-1,-1,-1
3659,10,2082.00,937.00,72.00,87.00,7.5202,-1,-1,-1
3660,6,2211.00,1219.00,55.00,80.00,7.6545,-1,-1,-1
3660,10,2081.00,935.00,73.00,88.00,7.5049,-1,-1,-1
3661,6,2211.00,1218.00,55.00,79.00,7.6583,-1,-1,-1
3661,10,2081.00,933.00,74.00,87.00,7.5070,-1,-1,-1
3662,6,2211.00,1216.00,56.00,79.00,7.6311,-1,-1,-1
3662,10,2080.00,931.00,75.00,87.00,7.5021,-1,-1,-1
3663,6,2210.00,1216.00,57.00,75.00,7.6157,-1,-1,-1
3663,10,2080.00,928.00,73.00,88.00,7.5030,-1,-1,-1
3664,6,2210.00,1214.00,58.00,75.00,7.6092,-1,-1,-1
3664,10,2079.00,926.00,74.00,88.00,7.5196,-1,-1,-1
3665,6,2209.00,1210.00,57.00,78.00,7.5498,-1,-1,-1
3665,10,2078.00,925.00,76.00,88.00,7.5357,-1,-1,-1
3666,10,2077.00,922.00,77.00,89.00,7.5469,-1,-1,-1
3666,6,2208.00,1208.00,58.00,77.00,7.4837,-1,-1,-1
3667,10,2077.00,921.00,76.00,88.00,7.5252,-1,-1,-1
3667,6,2208.00,1206.00,56.00,75.00,7.4576,-1,-1,-1
3668,6,2208.00,1204.00,56.00,75.00,7.4630,-1,-1,-1
3668,10,2076.00,920.00,75.00,87.00,7.4562,-1,-1,-1
3669,6,2208.00,1202.00,55.00,75.00,7.4709,-1,-1,-1
3669,10,2076.00,918.00,76.00,88.00,7.3705,-1,-1,-1
3670,6,2207.00,1198.00,55.00,79.00,7.4822,-1,-1,-1
3670,10,2076.00,916.00,76.00,89.00,7.1987,-1,-1,-1
3671,6,2208.00,1197.00,54.00,77.00,7.4794,-1,-1,-1
3671,10,2074.00,913.00,77.00,89.00,7.0992,-1,-1,-1
3672,6,2208.00,1196.00,52.00,75.00,7.4761,-1,-1,-1
3672,10,2073.00,910.00,79.00,91.00,7.0828,-1,-1,-1
3673,6,2208.00,1195.00,53.00,73.00,7.4622,-1,-1,-1
3673,10,2072.00,908.00,80.00,92.00,7.1377,-1,-1,-1
3674,6,2208.00,1193.00,53.00,74.00,7.4170,-1,-1,-1
3674,10,2072.00,906.00,81.00,92.00,7.2022,-1,-1,-1
3675,6,2208.00,1192.00,56.00,74.00,7.3788,-1,-1,-1
3675,10,2072.00,904.00,82.00,91.00,7.2756,-1,-1,-1
3676,6,2208.00,1191.00,56.00,73.00,7.3459,-1,-1,-1
3676,10,2073.00,903.00,79.00,90.00,7.3271,-1,-1,-1
3677,10,2074.00,903.00,76.00,87.00,7.3504,-1,-1,-1
3677,6,2207.00,1188.00,58.00,75.00,7.3007,-1,-1,-1
3678,10,2072.00,901.00,77.00,89.00,7.3694,-1,-1,-1
3678,6,2207.00,1184.00,56.00,77.00,7.2991,-1,-1,-1
3679,10,2071.00,899.00,78.00,90.00,7.3945,-1,-1,-1
3679,6,2207.00,1182.00,55.00,76.00,7.3082,-1,-1,-1
3680,10,2070.00,898.00,77.00,89.00,7.3960,-1,-1,-1
3680,6,2205.00,1179.00,56.00,77.00,7.3261,-1,-1,-1
3681,10,2069.00,895.00,78.00,91.00,7.3925,-1,-1,-1
3681,6,2205.00,1176.00,56.00,78.00,7.3362,-1,-1,-1
3682,6,2204.00,1173.00,58.00,80.00,7.3706,-1,-1,-1
3682,10,2069.00,894.00,81.00,89.00,7.3601,-1,-1,-1
3683,6,2205.00,1171.00,56.00,80.00,7.4067,-1,-1,-1
3683,10,2069.00,891.00,79.00,89.00,7.3078,-1,-1,-1
3684,6,2205.00,1170.00,56.00,79.00,7.4425,-1,-1,-1
3684,10,2069.00,888.00,79.00,90.00,7.2721,-1,-1,-1
3685,6,2206.00,1169.00,55.00,78.00,7.4798,-1,-1,-1
3685,10,2070.00,888.00,76.00,86.00,7.2760,-1,-1,-1
3686,6,2206.00,1168.00,56.00,77.00,7.4914,-1,-1,-1
3686,10,2068.00,885.00,81.00,89.00,7.2963,-1,-1,-1
3687,6,2205.00,1167.00,57.00,76.00,7.4818,-1,-1,-1
3687,10,2069.00,884.00,80.00,87.00,7.3137,-1,-1,-1
3688,6,2205.00,1166.00,57.00,76.00,7.4278,-1,-1,-1
3688,10,2068.00,882.00,79.00,86.00,7.3292,-1,-1,-1
3689,10,2067.00,880.00,78.00,86.00,7.3341,-1,-1,-1
3689,6,2205.00,1164.00,56.00,76.00,7.3093,-1,-1,-1
3690,10,2068.00,878.00,80.00,87.00,7.3477,-1,-1,-1
3690,6,2203.00,1162.00,59.00,78.00,7.1716,-1,-1,-1
3691,10,2068.00,877.00,80.00,87.00,7.3665,-1,-1,-1
3691,6,2204.00,1158.00,56.00,78.00,7.1382,-1,-1,-1
3692,10,2067.00,875.00,82.00,88.00,7.3860,-1,-1,-1
3692,6,2204.00,1157.00,56.00,76.00,7.1348,-1,-1,-1
3693,10,2067.00,874.00,82.00,87.00,7.4035,-1,-1,-1
3693,6,2205.00,1154.00,53.00,77.00,7.1502,-1,-1,-1
3694,10,2065.00,872.00,84.00,88.00,7.4074,-1,-1,-1
3694,6,2205.00,1151.00,53.00,79.00,7.1641,-1,-1,-1
3695,10,2065.00,871.00,84.00,87.00,7.4168,-1,-1,-1
3695,6,2204.00,1149.00,53.00,79.00,7.1774,-1,-1,-1
3696,10,2065.00,869.00,81.00,87.00,7.4339,-1,-1,-1
3696,6,2203.00,1148.00,54.00,78.00,7.1941,-1,-1,-1
3697,10,2064.00,867.00,82.00,87.00,7.4503,-1,-1,-1
3697,6,2203.00,1147.00,54.00,75.00,7.2100,-1,-1,-1
3698,10,2064.00,865.00,81.00,86.00,7.4594,-1,-1,-1
3698,6,2201.00,1144.00,57.00,77.00,7.2599,-1,-1,-1
3699,10,2064.00,864.00,80.00,85.00,7.4293,-1,-1,-1
3699,6,2200.00,1142.00,58.00,77.00,7.3287,-1,-1,-1
3700,6,2200.00,1141.00,58.00,78.00,7.4131,-1,-1,-1
3700,10,2063.00,862.00,82.00,85.00,7.3600,-1,-1,-1
3701,6,2199.00,1139.00,59.00,79.00,7.4997,-1,-1,-1
3701,10,2062.00,860.00,81.00,85.00,7.3124,-1,-1,-1
3702,6,2198.00,1137.00,58.00,79.00,7.5636,-1,-1,-1
3702,10,2061.00,858.00,82.00,85.00,7.2627,-1,-1,-1
3703,6,2197.00,1134.00,59.00,80.00,7.5693,-1,-1,-1
3703,10,2059.00,856.00,81.00,83.00,7.2078,-1,-1,-1
3704,6,2198.00,1133.00,57.00,78.00,7.6147,-1,-1,-1
3704,10,2059.00,855.00,79.00,82.00,7.1800,-1,-1,-1
3705,6,2198.00,1131.00,57.00,77.00,7.6509,-1,-1,-1
3705,10,2059.00,853.00,77.00,82.00,7.1611,-1,-1,-1
3706,6,2197.00,1130.00,59.00,78.00,7.6918,-1,-1,-1
3706,10,2058.00,852.00,76.00,79.00,7.1730,-1,-1,-1
3707,6,2197.00,1129.00,59.00,76.00,7.7184,-1,-1,-1
3707,10,2057.00,850.00,77.00,82.00,7.1760,-1,-1,-1
3708,6,2196.00,1128.00,59.00,76.00,7.7195,-1,-1,-1
3708,10,2057.00,850.00,76.00,79.00,7.1721,-1,-1,-1
3709,6,2196.00,1126.00,59.00,78.00,7.7095,-1,-1,-1
3709,10,2056.00,848.00,77.00,82.00,7.1571,-1,-1,-1
3710,6,2196.00,1126.00,59.00,78.00,7.6814,-1,-1,-1
3710,10,2056.00,847.00,73.00,79.00,7.0982,-1,-1,-1
3711,6,2195.00,1124.00,59.00,79.00,7.6091,-1,-1,-1
3711,10,2054.00,844.00,75.00,83.00,7.0479,-1,-1,-1
3712,6,2195.00,1121.00,58.00,81.00,7.5774,-1,-1,-1
3712,10,2053.00,843.00,78.00,83.00,7.0258,-1,-1,-1
3713,6,2194.00,1119.00,58.00,82.00,7.5683,-1,-1,-1
3713,10,2053.00,841.00,79.00,84.00,7.0158,-1,-1,-1
3714,6,2193.00,1117.00,59.00,82.00,7.5467,-1,-1,-1
3714,10,2052.00,840.00,79.00,85.00,7.0320,-1,-1,-1
3715,6,2194.00,1114.00,57.00,82.00,7.5218,-1,-1,-1
3715,10,2051.00,839.00,82.00,85.00,7.0419,-1,-1,-1
3716,6,2194.00,1112.00,57.00,82.00,7.4994,-1,-1,-1
3716,10,2051.00,837.00,81.00,87.00,7.0519,-1,-1,-1
3717,6,2195.00,1111.00,55.00,80.00,7.4546,-1,-1,-1
3717,10,2051.00,836.00,81.00,86.00,7.0333,-1,-1,-1
3718,6,2194.00,1109.00,56.00,81.00,7.3927,-1,-1,-1
3718,10,2051.00,835.00,81.00,86.00,7.0293,-1,-1,-1
3719,6,2194.00,1107.00,56.00,82.00,7.3390,-1,-1,-1
3719,10,2052.00,835.00,78.00,81.00,7.0324,-1,-1,-1
3720,6,2195.00,1107.00,56.00,81.00,7.2679,-1,-1,-1
3720,10,2051.00,834.00,76.00,80.00,7.0369,-1,-1,-1
3721,6,2196.00,1107.00,55.00,80.00,7.2313,-1,-1,-1
3721,10,2050.00,832.00,77.00,81.00,7.0211,-1,-1,-1
3722,6,2196.00,1108.00,55.00,77.00,7.1952,-1,-1,-1
3722,10,2050.00,831.00,75.00,80.00,7.0068,-1,-1,-1
3723,6,2196.00,1108.00,55.00,75.00,7.1903,-1,-1,-1
3723,10,2049.00,829.00,76.00,79.00,6.9827,-1,-1,-1
3724,6,2196.00,1107.00,55.00,76.00,7.2131,-1,-1,-1
3724,10,2048.00,828.00,76.00,80.00,6.9389,-1,-1,-1
3725,6,2195.00,1106.00,56.00,76.00,7.2072,-1,-1,-1
3725,10,2048.00,826.00,75.00,81.00,6.9029,-1,-1,-1
3726,6,2193.00,1102.00,58.00,80.00,7.1743,-1,-1,-1
3726,10,2047.00,825.00,73.00,79.00,6.9349,-1,-1,-1
3727,6,2192.00,1101.00,58.00,80.00,7.1533,-1,-1,-1
3727,10,2047.00,825.00,74.00,77.00,6.9488,-1,-1,-1
3728,6,2192.00,1099.00,57.00,80.00,7.1515,-1,-1,-1
3728,10,2046.00,823.00,76.00,80.00,6.9513,-1,-1,-1
3729,6,2192.00,1098.00,57.00,80.00,7.1431,-1,-1,-1
3729,10,2044.00,822.00,81.00,80.00,6.9284,-1,-1,-1
3730,6,2192.00,1096.00,57.00,80.00,7.1435,-1,-1,-1
3730,10,2043.00,820.00,84.00,80.00,6.8685,-1,-1,-1
3731,6,2192.00,1094.00,57.00,80.00,7.1635,-1,-1,-1
3731,10,2043.00,820.00,80.00,79.00,6.8683,-1,-1,-1
3732,6,2192.00,1092.00,57.00,82.00,7.1877,-1,-1,-1
3732,10,2043.00,818.00,79.00,81.00,6.9152,-1,-1,-1
3733,6,2193.00,1091.00,57.00,81.00,7.2218,-1,-1,-1
3733,10,2041.00,816.00,81.00,82.00,6.9550,-1,-1,-1
3734,6,2191.00,1089.00,58.00,82.00,7.2644,-1,-1,-1
3734,10,2040.00,815.00,82.00,82.00,6.9987,-1,-1,-1
3735,6,2190.00,1087.00,58.00,81.00,7.2887,-1,-1,-1
3735,10,2040.00,814.00,78.00,80.00,7.0191,-1,-1,-1
3736,6,2190.00,1084.00,57.00,82.00,7.3000,-1,-1,-1
3736,10,2039.00,814.00,75.00,77.00,7.0222,-1,-1,-1
3737,6,2189.00,1084.00,58.00,81.00,7.3134,-1,-1,-1
3737,10,2038.00,813.00,75.00,78.00,7.0510,-1,-1,-1
3738,6,2189.00,1083.00,57.00,80.00,7.3011,-1,-1,-1
3738,10,2037.00,812.00,75.00,78.00,7.0874,-1,-1,-1
3739,6,2189.00,1083.00,58.00,80.00,7.2651,-1,-1,-1
3739,10,2036.00,811.00,74.00,78.00,7.1295,-1,-1,-1
3740,6,2189.00,1082.00,58.00,79.00,7.2313,-1,-1,-1
3740,10,2035.00,810.00,73.00,77.00,7.1850,-1,-1,-1
3741,10,2035.00,809.00,73.00,77.00,7.2246,-1,-1,-1
3741,6,2190.00,1081.00,56.00,78.00,7.2167,-1,-1,-1
3742,10,2033.00,807.00,76.00,78.00,7.2648,-1,-1,-1
3742,6,2188.00,1078.00,57.00,80.00,7.2220,-1,-1,-1
3743,10,2032.00,805.00,77.00,79.00,7.2972,-1,-1,-1
3743,6,2188.00,1078.00,57.00,79.00,7.2271,-1,-1,-1
3744,10,2031.00,804.00,79.00,80.00,7.3343,-1,-1,-1
3744,6,2187.00,1078.00,58.00,78.00,7.2099,-1,-1,-1
3745,10,2030.00,803.00,79.00,80.00,7.3603,-1,-1,-1
3745,6,2186.00,1075.00,60.00,82.00,7.1829,-1,-1,-1
3746,10,2029.00,802.00,80.00,80.00,7.3558,-1,-1,-1
3746,6,2185.00,1073.00,61.00,82.00,7.1988,-1,-1,-1
3747,10,2028.00,801.00,82.00,81.00,7.3378,-1,-1,-1
3747,6,2184.00,1073.00,62.00,81.00,7.2272,-1,-1,-1
3748,10,2027.00,801.00,83.00,80.00,7.2689,-1,-1,-1
3748,6,2183.00,1072.00,62.00,80.00,7.2635,-1,-1,-1
3749,6,2183.00,1072.00,61.00,79.00,7.3015,-1,-1,-1
3749,10,2027.00,800.00,81.00,78.00,7.1933,-1,-1,-1
3750,6,2182.00,1072.00,61.00,77.00,7.3304,-1,-1,-1
3750,10,2025.00,799.00,82.00,80.00,7.1387,-1,-1,-1
3751,6,2182.00,1071.00,61.00,78.00,7.3624,-1,-1,-1
3751,10,2024.00,798.00,83.00,81.00,7.0987,-1,-1,-1
3752,6,2182.00,1072.00,61.00,77.00,7.3950,-1,-1,-1
3752,10,2024.00,798.00,83.00,81.00,7.0679,-1,-1,-1
3753,6,2183.00,1072.00,59.00,77.00,7.4305,-1,-1,-1
3753,10,2023.00,797.00,84.00,82.00,7.0528,-1,-1,-1
3754,6,2183.00,1073.00,60.00,77.00,7.4654,-1,-1,-1
3754,10,2023.00,797.00,84.00,81.00,7.0568,-1,-1,-1
3755,6,2185.00,1073.00,58.00,79.00,7.4679,-1,-1,-1
3755,10,2021.00,796.00,87.00,82.00,7.0625,-1,-1,-1
3756,6,2186.00,1072.00,57.00,81.00,7.4624,-1,-1,-1
3756,10,2021.00,796.00,84.00,81.00,7.0502,-1,-1,-1
3757,6,2185.00,1072.00,58.00,82.00,7.4690,-1,-1,-1
3757,10,2022.00,796.00,80.00,81.00,7.0634,-1,-1,-1
3758,6,2185.00,1072.00,58.00,83.00,7.4824,-1,-1,-1
3758,10,2021.00,796.00,80.00,81.00,7.0617,-1,-1,-1
3759,6,2184.00,1071.00,58.00,84.00,7.4836,-1,-1,-1
3759,10,2021.00,796.00,81.00,81.00,7.0255,-1,-1,-1
3760,6,2184.00,1070.00,58.00,85.00,7.4675,-1,-1,-1
3760,10,2020.00,797.00,82.00,80.00,7.0181,-1,-1,-1
3761,6,2183.00,1071.00,58.00,81.00,7.4304,-1,-1,-1
3761,10,2020.00,797.00,80.00,79.00,7.0430,-1,-1,-1
3762,6,2183.00,1071.00,57.00,80.00,7.4091,-1,-1,-1
3762,10,2019.00,798.00,80.00,77.00,7.0729,-1,-1,-1
3763,6,2183.00,1071.00,57.00,78.00,7.3858,-1,-1,-1
3763,10,2018.00,798.00,82.00,78.00,7.1016,-1,-1,-1
3764,6,2183.00,1071.00,57.00,79.00,7.3682,-1,-1,-1
3764,10,2018.00,797.00,81.00,79.00,7.1559,-1,-1,-1
3765,6,2183.00,1071.00,57.00,78.00,7.3348,-1,-1,-1
3765,10,2018.00,797.00,80.00,78.00,7.2085,-1,-1,-1
3766,6,2183.00,1070.00,58.00,79.00,7.3217,-1,-1,-1
3766,10,2017.00,796.00,80.00,80.00,7.2798,-1,-1,-1
3767,10,2017.00,796.00,78.00,79.00,7.3487,-1,-1,-1
3767,6,2183.00,1070.00,58.00,79.00,7.3182,-1,-1,-1
3768,10,2016.00,796.00,78.00,79.00,7.4090,-1,-1,-1
3768,6,2182.00,1069.00,60.00,80.00,7.3120,-1,-1,-1
3769,10,2016.00,796.00,78.00,79.00,7.4661,-1,-1,-1
3769,6,2182.00,1070.00,60.00,80.00,7.3122,-1,-1,-1
3770,10,2015.00,796.00,78.00,81.00,7.5278,-1,-1,-1
3770,6,2182.00,1070.00,59.00,79.00,7.3003,-1,-1,-1
3771,10,2014.00,795.00,80.00,82.00,7.5847,-1,-1,-1
3771,6,2182.00,1070.00,58.00,78.00,7.2817,-1,-1,-1
3772,10,2013.00,795.00,80.00,80.00,7.6293,-1,-1,-1
3772,6,2181.00,1070.00,59.00,78.00,7.2764,-1,-1,-1
3773,10,2012.00,795.00,80.00,80.00,7.6685,-1,-1,-1
3773,6,2181.00,1071.00,59.00,75.00,7.2675,-1,-1,-1
3774,10,2011.00,795.00,80.00,80.00,7.7010,-1,-1,-1
3774,6,2181.00,1071.00,59.00,75.00,7.2591,-1,-1,-1
3775,10,2010.00,795.00,82.00,80.00,7.7264,-1,-1,-1
3775,6,2181.00,1071.00,59.00,76.00,7.2488,-1,-1,-1
3776,10,2009.00,796.00,84.00,80.00,7.7598,-1,-1,-1
3776,6,2181.00,1071.00,59.00,77.00,7.2317,-1,-1,-1
3777,10,2008.00,796.00,85.00,81.00,7.7929,-1,-1,-1
3777,6,2180.00,1071.00,59.00,76.00,7.1936,-1,-1,-1
3778,10,2007.00,796.00,85.00,81.00,7.7980,-1,-1,-1
3778,6,2180.00,1071.00,59.00,76.00,7.1597,-1,-1,-1
3779,10,2007.00,797.00,83.00,80.00,7.7916,-1,-1,-1
3779,6,2180.00,1070.00,58.00,78.00,7.1753,-1,-1,-1
3780,10,2006.00,797.00,84.00,80.00,7.7814,-1,-1,-1
3780,6,2179.00,1069.00,58.00,79.00,7.2142,-1,-1,-1
3781,10,2005.00,797.00,84.00,81.00,7.7448,-1,-1,-1
3781,6,2178.00,1069.00,58.00,77.00,7.2868,-1,-1,-1
3782,10,2004.00,796.00,85.00,83.00,7.7108,-1,-1,-1
3782,6,2179.00,1070.00,57.00,77.00,7.3232,-1,-1,-1
3783,10,2003.00,796.00,87.00,83.00,7.6849,-1,-1,-1
3783,6,2179.00,1070.00,58.00,80.00,7.3110,-1,-1,-1
3784,10,2002.00,795.00,87.00,85.00,7.6467,-1,-1,-1
3784,6,2179.00,1071.00,58.00,79.00,7.2723,-1,-1,-1
3785,10,2002.00,796.00,84.00,83.00,7.5823,-1,-1,-1
3785,6,2179.00,1071.00,57.00,80.00,7.2483,-1,-1,-1
3786,10,2001.00,797.00,86.00,84.00,7.5352,-1,-1,-1
3786,6,2178.00,1072.00,59.00,80.00,7.2196,-1,-1,-1
3787,10,2000.00,795.00,86.00,88.00,7.4763,-1,-1,-1
3787,6,2177.00,1073.00,60.00,80.00,7.2388,-1,-1,-1
3788,10,1999.00,795.00,86.00,88.00,7.4121,-1,-1,-1
3788,6,2177.00,1073.00,60.00,80.00,7.2324,-1,-1,-1
3789,10,1999.00,795.00,86.00,90.00,7.3098,-1,-1,-1
3789,6,2177.00,1074.00,60.00,79.00,7.2483,-1,-1,-1
3790,6,2177.00,1075.00,60.00,77.00,7.2674,-1,-1,-1
3790,10,1999.00,797.00,86.00,88.00,7.2424,-1,-1,-1
3791,6,2176.00,1075.00,62.00,80.00,7.2774,-1,-1,-1
3791,10,2000.00,799.00,84.00,87.00,7.2132,-1,-1,-1
3792,6,2175.00,1074.00,61.00,79.00,7.3018,-1,-1,-1
3792,10,1998.00,800.00,83.00,86.00,7.2001,-1,-1,-1
3793,6,2175.00,1074.00,61.00,80.00,7.3027,-1,-1,-1
3793,10,1998.00,801.00,84.00,86.00,7.2141,-1,-1,-1
3794,6,2164.00,1077.00,78.00,76.00,7.4876,-1,-1,-1
3794,10,1997.00,802.00,85.00,85.00,7.2352,-1,-1,-1
3795,6,2163.00,1078.00,77.00,75.00,7.6509,-1,-1,-1
3795,10,1997.00,803.00,86.00,85.00,7.2631,-1,-1,-1
3796,6,2164.00,1080.00,76.00,73.00,7.7937,-1,-1,-1
3796,10,1997.00,804.00,85.00,86.00,7.3016,-1,-1,-1
3797,6,2164.00,1081.00,74.00,70.00,7.9050,-1,-1,-1
3797,10,1996.00,805.00,87.00,89.00,7.3563,-1,-1,-1
3798,6,2173.00,1081.00,57.00,73.00,7.8460,-1,-1,-1
3798,10,1995.00,806.00,88.00,89.00,7.4146,-1,-1,-1
3799,6,2173.00,1083.00,58.00,73.00,7.8360,-1,-1,-1
3799,10,1995.00,807.00,88.00,89.00,7.4661,-1,-1,-1
3800,6,2172.00,1083.00,60.00,76.00,7.8373,-1,-1,-1
3800,10,1994.00,808.00,87.00,89.00,7.4911,-1,-1,-1
3801,6,2171.00,1084.00,60.00,76.00,7.8377,-1,-1,-1
3801,10,1992.00,809.00,87.00,86.00,7.5026,-1,-1,-1
3802,6,2171.00,1085.00,60.00,76.00,7.8225,-1,-1,-1
3802,10,1994.00,811.00,83.00,85.00,7.4825,-1,-1,-1
3803,6,2170.00,1086.00,62.00,76.00,7.7938,-1,-1,-1
3803,10,1992.00,811.00,85.00,87.00,7.4645,-1,-1,-1
3804,6,2170.00,1089.00,62.00,75.00,7.7387,-1,-1,-1
3804,10,1991.00,813.00,80.00,83.00,7.4440,-1,-1,-1
3805,6,2172.00,1089.00,59.00,78.00,7.6965,-1,-1,-1
3805,10,1991.00,814.00,82.00,85.00,7.4474,-1,-1,-1
3806,6,2172.00,1092.00,59.00,75.00,7.6863,-1,-1,-1
3806,10,1989.00,814.00,84.00,88.00,7.4880,-1,-1,-1
3807,6,2172.00,1093.00,58.00,75.00,7.6923,-1,-1,-1
3807,10,1988.00,816.00,82.00,85.00,7.5534,-1,-1,-1
3808,6,2171.00,1095.00,58.00,75.00,7.6784,-1,-1,-1
3808,10,1988.00,817.00,85.00,86.00,7.6167,-1,-1,-1
3809,6,2171.00,1097.00,58.00,75.00,7.6642,-1,-1,-1
3809,10,1988.00,819.00,82.00,85.00,7.6560,-1,-1,-1
3810,10,1987.00,823.00,82.00,84.00,7.6725,-1,-1,-1
3810,6,2173.00,1098.00,55.00,75.00,7.5947,-1,-1,-1
3811,10,1985.00,825.00,85.00,84.00,7.6733,-1,-1,-1
3811,6,2171.00,1101.00,58.00,76.00,7.5197,-1,-1,-1
3812,10,1984.00,827.00,82.00,79.00,7.6574,-1,-1,-1
3812,6,2171.00,1102.00,57.00,75.00,7.4604,-1,-1,-1
3813,10,1982.00,827.00,85.00,80.00,7.6377,-1,-1,-1
3813,6,2171.00,1105.00,57.00,75.00,7.4868,-1,-1,-1
3814,10,1983.00,829.00,84.00,83.00,7.5700,-1,-1,-1
3814,6,2171.00,1108.00,58.00,74.00,7.5199,-1,-1,-1
3815,6,2170.00,1109.00,59.00,75.00,7.5510,-1,-1,-1
3815,10,1982.00,830.00,85.00,83.00,7.5058,-1,-1,-1
3816,6,2169.00,1109.00,59.00,75.00,7.5701,-1,-1,-1
3816,10,1981.00,832.00,83.00,81.00,7.4863,-1,-1,-1
3817,6,2169.00,1109.00,59.00,77.00,7.5832,-1,-1,-1
3817,10,1978.00,834.00,84.00,80.00,7.4734,-1,-1,-1
3818,6,2169.00,1111.00,58.00,78.00,7.5895,-1,-1,-1
3818,10,1978.00,836.00,83.00,80.00,7.4791,-1,-1,-1
3819,6,2168.00,1113.00,60.00,79.00,7.6124,-1,-1,-1
3819,10,1976.00,838.00,84.00,81.00,7.4857,-1,-1,-1
3820,6,2167.00,1115.00,62.00,81.00,7.6411,-1,-1,-1
3820,10,1975.00,839.00,84.00,82.00,7.4751,-1,-1,-1
3821,6,2167.00,1120.00,61.00,80.00,7.6150,-1,-1,-1
3821,10,1973.00,840.00,85.00,84.00,7.4191,-1,-1,-1
3822,6,2164.00,1119.00,64.00,84.00,7.5732,-1,-1,-1
3822,10,1973.00,841.00,83.00,84.00,7.3257,-1,-1,-1
3823,6,2162.00,1123.00,65.00,83.00,7.5522,-1,-1,-1
3823,10,1970.00,844.00,88.00,86.00,7.2490,-1,-1,-1
3824,6,2165.00,1128.00,63.00,77.00,7.5430,-1,-1,-1
3824,10,1971.00,847.00,86.00,86.00,7.2367,-1,-1,-1
3825,6,2165.00,1129.00,63.00,78.00,7.5560,-1,-1,-1
3825,10,1971.00,849.00,86.00,86.00,7.2366,-1,-1,-1
3826,6,2162.00,1129.00,64.00,82.00,7.5727,-1,-1,-1
3826,10,1970.00,851.00,87.00,87.00,7.2615,-1,-1,-1
3827,6,2163.00,1132.00,64.00,83.00,7.6085,-1,-1,-1
3827,10,1970.00,854.00,90.00,86.00,7.2885,-1,-1,-1
3828,6,2161.00,1136.00,66.00,83.00,7.6517,-1,-1,-1
3828,10,1969.00,857.00,88.00,88.00,7.2944,-1,-1,-1
3829,6,2161.00,1137.00,66.00,87.00,7.6611,-1,-1,-1
3829,10,1966.00,860.00,88.00,90.00,7.2902,-1,-1,-1
3830,6,2158.00,1143.00,69.00,83.00,7.6470,-1,-1,-1
3830,10,1965.00,861.00,88.00,92.00,7.3559,-1,-1,-1
3831,6,2159.00,1144.00,66.00,84.00,7.6157,-1,-1,-1
3831,10,1964.00,864.00,89.00,88.00,7.4112,-1,-1,-1
3832,6,2158.00,1146.00,68.00,83.00,7.6155,-1,-1,-1
3832,10,1964.00,868.00,87.00,86.00,7.4522,-1,-1,-1
3833,6,2159.00,1150.00,66.00,81.00,7.6363,-1,-1,-1
3833,10,1962.00,873.00,91.00,84.00,7.4448,-1,-1,-1
3834,6,2159.00,1153.00,67.00,83.00,7.6654,-1,-1,-1
3834,10,1962.00,874.00,90.00,85.00,7.4269,-1,-1,-1
3835,6,2157.00,1157.00,69.00,82.00,7.6641,-1,-1,-1
3835,10,1961.00,877.00,92.00,83.00,7.3790,-1,-1,-1
3836,6,2157.00,1159.00,68.00,84.00,7.6613,-1,-1,-1
3836,10,1960.00,880.00,99.00,85.00,7.2881,-1,-1,-1
3837,6,2158.00,1164.00,68.00,81.00,7.6415,-1,-1,-1
3837,10,1960.00,883.00,92.00,82.00,7.1762,-1,-1,-1
3838,6,2158.00,1165.00,65.00,82.00,7.6418,-1,-1,-1
3838,10,1960.00,883.00,91.00,87.00,7.1367,-1,-1,-1
3839,6,2158.00,1167.00,64.00,82.00,7.6443,-1,-1,-1
3839,10,1961.00,886.00,91.00,87.00,7.2016,-1,-1,-1
3840,6,2159.00,1169.00,62.00,82.00,7.6709,-1,-1,-1
3840,10,1960.00,889.00,92.00,88.00,7.2911,-1,-1,-1
3841,6,2158.00,1171.00,64.00,82.00,7.6924,-1,-1,-1
3841,10,1959.00,891.00,88.00,84.00,7.3565,-1,-1,-1
3842,6,2159.00,1173.00,63.00,80.00,7.7048,-1,-1,-1
3842,10,1957.00,894.00,92.00,84.00,7.3889,-1,-1,-1
3843,6,2158.00,1175.00,64.00,78.00,7.7279,-1,-1,-1
3843,10,1957.00,895.00,93.00,85.00,7.4046,-1,-1,-1
3844,6,2147.00,1181.00,78.00,74.00,7.8963,-1,-1,-1
3844,10,1955.00,898.00,93.00,83.00,7.3871,-1,-1,-1
3845,6,2146.00,1184.00,78.00,74.00,8.0188,-1,-1,-1
3845,10,1955.00,900.00,92.00,80.00,7.3419,-1,-1,-1
3846,6,2157.00,1180.00,64.00,81.00,7.9479,-1,-1,-1
3846,10,1952.00,901.00,99.00,82.00,7.2633,-1,-1,-1
3847,6,2158.00,1183.00,62.00,79.00,7.8486,-1,-1,-1
3847,10,1951.00,903.00,92.00,80.00,7.2972,-1,-1,-1
3848,6,2144.00,1188.00,78.00,74.00,7.8956,-1,-1,-1
3848,10,1951.00,905.00,91.00,80.00,7.3069,-1,-1,-1
3849,10,1949.00,906.00,92.00,77.00,7.3171,-1,-1,-1
3849,6,2137.00,1191.00,78.00,74.00,5.3360,-1,-1,-1
3850,10,1947.00,907.00,95.00,76.00,7.3305,-1,-1,-1
3850,6,2156.00,1184.00,62.00,78.00,5.5753,-1,-1,-1
3851,10,1947.00,907.00,93.00,77.00,7.3592,-1,-1,-1
3851,6,2155.00,1184.00,62.00,78.00,5.7533,-1,-1,-1
3852,10,1944.00,906.00,95.00,78.00,7.3779,-1,-1,-1
3852,6,2152.00,1185.00,66.00,80.00,5.8566,-1,-1,-1
3853,10,1944.00,906.00,95.00,79.00,7.3936,-1,-1,-1
3853,6,2150.00,1185.00,68.00,82.00,5.9593,-1,-1,-1
3854,10,1943.00,905.00,94.00,82.00,7.3979,-1,-1,-1
3854,6,2149.00,1184.00,69.00,82.00,6.0607,-1,-1,-1
3855,10,1943.00,906.00,93.00,82.00,7.4003,-1,-1,-1
3855,6,2149.00,1185.00,68.00,81.00,6.1969,-1,-1,-1
3856,10,1942.00,905.00,96.00,84.00,7.4006,-1,-1,-1
3856,6,2149.00,1185.00,66.00,80.00,6.3159,-1,-1,-1
3857,10,1944.00,906.00,88.00,81.00,7.3351,-1,-1,-1
3857,6,2149.00,1185.00,65.00,80.00,6.4439,-1,-1,-1
3858,10,1941.00,904.00,85.00,82.00,7.2349,-1,-1,-1
3858,6,2147.00,1184.00,67.00,83.00,6.5887,-1,-1,-1
3859,10,1940.00,903.00,87.00,83.00,7.1460,-1,-1,-1
3859,6,2145.00,1183.00,69.00,84.00,6.7182,-1,-1,-1
3860,10,1939.00,904.00,89.00,82.00,7.0812,-1,-1,-1
3860,6,2146.00,1182.00,68.00,85.00,6.8117,-1,-1,-1
3861,10,1940.00,903.00,87.00,84.00,7.0321,-1,-1,-1
3861,6,2147.00,1184.00,66.00,82.00,6.8847,-1,-1,-1
3862,10,1940.00,902.00,86.00,86.00,7.0044,-1,-1,-1
3862,6,2146.00,1183.00,64.00,83.00,6.9593,-1,-1,-1
3863,6,2146.00,1183.00,64.00,82.00,7.0337,-1,-1,-1
3863,10,1940.00,903.00,84.00,85.00,6.9892,-1,-1,-1
3864,6,2146.00,1184.00,65.00,81.00,7.1008,-1,-1,-1
3864,10,1939.00,903.00,86.00,84.00,6.9645,-1,-1,-1
3865,6,2146.00,1182.00,63.00,81.00,7.1573,-1,-1,-1
3865,10,1937.00,903.00,88.00,83.00,6.9351,-1,-1,-1
3866,6,2146.00,1182.00,62.00,81.00,7.2191,-1,-1,-1
3866,10,1936.00,904.00,88.00,80.00,6.8802,-1,-1,-1
3867,6,2146.00,1182.00,62.00,81.00,7.2683,-1,-1,-1
3867,10,1935.00,904.00,89.00,80.00,6.8292,-1,-1,-1
3868,6,2146.00,1182.00,61.00,80.00,7.3114,-1,-1,-1
3868,10,1934.00,904.00,92.00,81.00,6.7834,-1,-1,-1
3869,6,2145.00,1181.00,63.00,81.00,7.3578,-1,-1,-1
3869,10,1933.00,903.00,93.00,82.00,6.7449,-1,-1,-1
3870,6,2144.00,1181.00,63.00,82.00,7.4103,-1,-1,-1
3870,10,1932.00,903.00,94.00,83.00,6.7064,-1,-1,-1
3871,6,2143.00,1180.00,63.00,82.00,7.4478,-1,-1,-1
3871,10,1930.00,903.00,94.00,82.00,6.6466,-1,-1,-1
3872,6,2143.00,1179.00,63.00,83.00,7.4828,-1,-1,-1
3872,10,1929.00,902.00,96.00,83.00,6.6127,-1,-1,-1
3873,6,2141.00,1177.00,64.00,84.00,7.5088,-1,-1,-1
3873,10,1928.00,902.00,97.00,82.00,6.6051,-1,-1,-1
3874,6,2141.00,1176.00,64.00,84.00,7.5123,-1,-1,-1
3874,10,1930.00,902.00,93.00,81.00,6.6149,-1,-1,-1
3875,6,2141.00,1176.00,63.00,82.00,7.4879,-1,-1,-1
3875,10,1929.00,901.00,94.00,82.00,6.6363,-1,-1,-1
3876,6,2140.00,1175.00,64.00,82.00,7.4629,-1,-1,-1
3876,10,1928.00,900.00,94.00,83.00,6.6887,-1,-1,-1
3877,6,2139.00,1174.00,64.00,81.00,7.4441,-1,-1,-1
3877,10,1927.00,899.00,96.00,83.00,6.7438,-1,-1,-1
3878,6,2139.00,1173.00,64.00,81.00,7.4293,-1,-1,-1
3878,10,1925.00,899.00,98.00,83.00,6.7911,-1,-1,-1
3879,6,2139.00,1173.00,63.00,81.00,7.4182,-1,-1,-1
3879,10,1925.00,899.00,97.00,83.00,6.8420,-1,-1,-1
3880,6,2138.00,1173.00,63.00,79.00,7.4073,-1,-1,-1
3880,10,1923.00,899.00,98.00,82.00,6.8631,-1,-1,-1
3881,6,2138.00,1172.00,63.00,78.00,7.4018,-1,-1,-1
3881,10,1922.00,899.00,100.00,82.00,6.8873,-1,-1,-1
3882,6,2137.00,1170.00,63.00,80.00,7.3795,-1,-1,-1
3882,10,1921.00,900.00,102.00,81.00,6.9227,-1,-1,-1
3883,6,2137.00,1170.00,62.00,80.00,7.3665,-1,-1,-1
3883,10,1920.00,900.00,104.00,80.00,6.9449,-1,-1,-1
3884,6,2137.00,1170.00,62.00,81.00,7.3723,-1,-1,-1
3884,10,1920.00,901.00,103.00,79.00,6.9560,-1,-1,-1
3885,6,2136.00,1168.00,63.00,84.00,7.3828,-1,-1,-1
3885,10,1920.00,901.00,103.00,78.00,6.9266,-1,-1,-1
3886,6,2135.00,1168.00,64.00,83.00,7.4177,-1,-1,-1
3886,10,1918.00,900.00,108.00,80.00,6.8869,-1,-1,-1
3887,6,2134.00,1169.00,64.00,80.00,7.4369,-1,-1,-1
3887,10,1916.00,901.00,111.00,80.00,6.8383,-1,-1,-1
3888,6,2132.00,1170.00,66.00,80.00,7.4703,-1,-1,-1
3888,10,1913.00,901.00,109.00,78.00,6.7431,-1,-1,-1
3889,6,2130.00,1169.00,69.00,81.00,7.5112,-1,-1,-1
3889,10,1913.00,902.00,105.00,76.00,6.6528,-1,-1,-1
3890,6,2130.00,1169.00,68.00,80.00,7.5447,-1,-1,-1
3890,10,1912.00,902.00,99.00,76.00,6.5847,-1,-1,-1
3891,6,2129.00,1169.00,68.00,79.00,7.5637,-1,-1,-1
3891,10,1909.00,901.00,102.00,78.00,6.5476,-1,-1,-1
3892,6,2130.00,1169.00,66.00,80.00,7.5745,-1,-1,-1
3892,10,1908.00,901.00,98.00,78.00,6.5816,-1,-1,-1
3893,6,2130.00,1169.00,66.00,80.00,7.5928,-1,-1,-1
3893,10,1908.00,901.00,97.00,80.00,6.6196,-1,-1,-1
3894,6,2129.00,1169.00,66.00,80.00,7.6099,-1,-1,-1
3894,10,1908.00,901.00,98.00,82.00,6.6173,-1,-1,-1
3895,6,2128.00,1169.00,67.00,80.00,7.6186,-1,-1,-1
3895,10,1907.00,902.00,100.00,83.00,6.5660,-1,-1,-1
3896,6,2127.00,1169.00,68.00,80.00,7.6182,-1,-1,-1
3896,10,1906.00,902.00,104.00,83.00,6.5130,-1,-1,-1
3897,6,2126.00,1169.00,70.00,79.00,7.6117,-1,-1,-1
3897,10,1905.00,903.00,100.00,82.00,6.4604,-1,-1,-1
3898,6,2126.00,1169.00,70.00,78.00,7.5957,-1,-1,-1
3898,10,1904.00,903.00,103.00,80.00,6.4042,-1,-1,-1
3899,6,2126.00,1169.00,69.00,79.00,7.5724,-1,-1,-1
3899,10,1903.00,903.00,106.00,81.00,6.3293,-1,-1,-1
3900,6,2125.00,1168.00,70.00,80.00,7.5478,-1,-1,-1
3900,10,1902.00,905.00,110.00,80.00,6.2584,-1,-1,-1
3901,6,2124.00,1168.00,69.00,80.00,7.5047,-1,-1,-1
3901,10,1901.00,905.00,110.00,81.00,6.1925,-1,-1,-1
3902,6,2124.00,1168.00,69.00,80.00,7.4660,-1,-1,-1
3902,10,1900.00,905.00,108.00,81.00,6.1443,-1,-1,-1
3903,6,2124.00,1168.00,69.00,80.00,7.4460,-1,-1,-1
3903,10,1899.00,905.00,108.00,81.00,6.0519,-1,-1,-1
3904,6,2124.00,1168.00,69.00,80.00,7.4336,-1,-1,-1
3904,10,1898.00,905.00,111.00,81.00,5.9742,-1,-1,-1
3905,6,2123.00,1168.00,70.00,82.00,7.4258,-1,-1,-1
3905,10,1896.00,906.00,111.00,79.00,5.9459,-1,-1,-1
3906,6,2123.00,1168.00,69.00,81.00,7.4079,-1,-1,-1
3906,10,1895.00,906.00,108.00,79.00,5.9832,-1,-1,-1
3907,6,2123.00,1168.00,68.00,81.00,7.3863,-1,-1,-1
3907,10,1896.00,906.00,112.00,79.00,5.9043,-1,-1,-1
3908,6,2123.00,1168.00,66.00,80.00,7.3649,-1,-1,-1
3908,10,1894.00,905.00,111.00,82.00,5.8888,-1,-1,-1
3909,6,2122.00,1168.00,67.00,81.00,7.3456,-1,-1,-1
3909,10,1893.00,906.00,111.00,81.00,5.9245,-1,-1,-1
3910,6,2122.00,1168.00,67.00,81.00,7.3156,-1,-1,-1
3910,10,1892.00,906.00,113.00,80.00,5.9405,-1,-1,-1
3911,6,2122.00,1167.00,66.00,82.00,7.3028,-1,-1,-1
3911,10,1890.00,907.00,123.00,80.00,5.8988,-1,-1,-1
3912,6,2120.00,1168.00,68.00,80.00,7.2903,-1,-1,-1
3912,10,1889.00,907.00,126.00,82.00,5.8649,-1,-1,-1
3913,6,2120.00,1167.00,67.00,79.00,7.2784,-1,-1,-1
3913,10,1888.00,908.00,131.00,80.00,5.8551,-1,-1,-1
3914,6,2120.00,1166.00,64.00,78.00,7.2806,-1,-1,-1
3914,10,1887.00,909.00,132.00,80.00,5.8755,-1,-1,-1
3915,6,2119.00,1167.00,66.00,81.00,7.2689,-1,-1,-1
3915,10,1886.00,909.00,127.00,79.00,5.9141,-1,-1,-1
3916,6,2118.00,1168.00,67.00,80.00,7.2936,-1,-1,-1
3916,10,1886.00,910.00,112.00,76.00,5.9277,-1,-1,-1
3917,6,2117.00,1167.00,69.00,81.00,7.3205,-1,-1,-1
3917,10,1884.00,909.00,114.00,77.00,5.9609,-1,-1,-1
3918,6,2117.00,1166.00,66.00,81.00,7.3504,-1,-1,-1
3918,10,1883.00,909.00,118.00,78.00,5.9551,-1,-1,-1
3919,6,2117.00,1166.00,65.00,82.00,7.3670,-1,-1,-1
3919,10,1882.00,909.00,113.00,78.00,5.9175,-1,-1,-1
3920,6,2117.00,1166.00,65.00,82.00,7.3979,-1,-1,-1
3920,10,1880.00,909.00,109.00,78.00,5.9102,-1,-1,-1
3921,6,2115.00,1167.00,66.00,82.00,7.4179,-1,-1,-1
3921,10,1879.00,911.00,109.00,75.00,5.8700,-1,-1,-1
3922,6,2114.00,1169.00,67.00,81.00,7.4266,-1,-1,-1
3922,10,1878.00,912.00,110.00,77.00,5.8270,-1,-1,-1
3923,6,2113.00,1170.00,69.00,82.00,7.4368,-1,-1,-1
3923,10,1877.00,914.00,112.00,75.00,5.8664,-1,-1,-1
3924,6,2112.00,1171.00,70.00,82.00,7.4503,-1,-1,-1
3924,10,1875.00,916.00,115.00,73.00,5.9622,-1,-1,-1
3925,6,2112.00,1172.00,70.00,81.00,7.4646,-1,-1,-1
3925,10,1874.00,917.00,110.00,74.00,6.1046,-1,-1,-1
3926,6,2113.00,1175.00,68.00,80.00,7.4855,-1,-1,-1
3926,10,1872.00,918.00,110.00,74.00,6.0621,-1,-1,-1
3927,6,2114.00,1175.00,67.00,80.00,7.4952,-1,-1,-1
3927,10,1870.00,919.00,109.00,73.00,6.0008,-1,-1,-1
3928,6,2104.00,1178.00,79.00,74.00,7.6370,-1,-1,-1
3928,10,1868.00,920.00,105.00,71.00,5.9365,-1,-1,-1
3929,6,2104.00,1180.00,78.00,73.00,7.7567,-1,-1,-1
3929,10,1867.00,921.00,108.00,71.00,5.9391,-1,-1,-1
3930,6,2104.00,1181.00,79.00,74.00,7.8862,-1,-1,-1
3930,10,1867.00,922.00,107.00,73.00,5.9861,-1,-1,-1
3931,6,2105.00,1182.00,78.00,74.00,8.0249,-1,-1,-1
3931,10,1867.00,925.00,104.00,73.00,6.0964,-1,-1,-1
3932,6,2105.00,1185.00,79.00,74.00,8.1585,-1,-1,-1
3932,10,1868.00,925.00,109.00,73.00,6.1546,-1,-1,-1
3933,6,2105.00,1187.00,80.00,75.00,8.2573,-1,-1,-1
3933,10,1869.00,928.00,103.00,71.00,6.1975,-1,-1,-1
3934,6,2104.00,1188.00,81.00,76.00,8.3364,-1,-1,-1
3934,10,1868.00,931.00,100.00,69.00,6.2929,-1,-1,-1
3935,6,2104.00,1190.00,82.00,76.00,8.3872,-1,-1,-1
3935,10,1867.00,933.00,99.00,69.00,6.4578,-1,-1,-1
3936,6,2103.00,1191.00,81.00,76.00,8.4331,-1,-1,-1
3936,10,1867.00,934.00,97.00,68.00,6.6097,-1,-1,-1
3937,6,2103.00,1192.00,79.00,74.00,8.4631,-1,-1,-1
3937,10,1866.00,936.00,98.00,67.00,6.6963,-1,-1,-1
3938,6,2102.00,1194.00,81.00,75.00,8.4756,-1,-1,-1
3938,10,1864.00,938.00,94.00,66.00,6.7459,-1,-1,-1
3939,6,2102.00,1197.00,80.00,73.00,8.4653,-1,-1,-1
3939,10,1863.00,939.00,94.00,66.00,6.7723,-1,-1,-1
3940,6,2101.00,1198.00,79.00,72.00,8.4545,-1,-1,-1
3940,10,1862.00,940.00,95.00,66.00,6.7811,-1,-1,-1
3941,6,2101.00,1199.00,81.00,73.00,8.4417,-1,-1,-1
3941,10,1859.00,940.00,108.00,71.00,6.8586,-1,-1,-1
3942,6,2100.00,1200.00,81.00,73.00,8.4363,-1,-1,-1
3942,10,1859.00,942.00,98.00,70.00,6.9221,-1,-1,-1
3943,6,2100.00,1200.00,81.00,73.00,8.4377,-1,-1,-1
3943,10,1857.00,942.00,99.00,68.00,6.9673,-1,-1,-1
3944,6,2100.00,1200.00,81.00,74.00,8.4677,-1,-1,-1
3944,10,1855.00,942.00,103.00,70.00,7.0275,-1,-1,-1
3945,6,2099.00,1201.00,82.00,73.00,8.4773,-1,-1,-1
3945,10,1855.00,944.00,106.00,66.00,7.0589,-1,-1,-1
3946,6,2097.00,1200.00,84.00,76.00,8.4896,-1,-1,-1
3946,10,1853.00,944.00,103.00,68.00,7.0839,-1,-1,-1
3947,6,2097.00,1201.00,82.00,74.00,8.4910,-1,-1,-1
3947,10,1850.00,944.00,106.00,68.00,7.0840,-1,-1,-1
3948,6,2105.00,1195.00,68.00,79.00,8.3392,-1,-1,-1
3948,10,1849.00,944.00,106.00,68.00,7.0827,-1,-1,-1
3949,6,2105.00,1195.00,69.00,80.00,8.2207,-1,-1,-1
3949,10,1849.00,945.00,109.00,68.00,7.0583,-1,-1,-1
3950,6,2104.00,1194.00,69.00,83.00,8.1131,-1,-1,-1
3950,10,1848.00,945.00,110.00,69.00,7.0304,-1,-1,-1
3951,6,2102.00,1194.00,73.00,84.00,8.0364,-1,-1,-1
3951,10,1843.00,944.00,113.00,70.00,7.0220,-1,-1,-1
3952,6,2101.00,1194.00,75.00,85.00,7.9762,-1,-1,-1
3952,10,1841.00,943.00,114.00,71.00,7.0187,-1,-1,-1
3953,6,2101.00,1194.00,74.00,85.00,7.9260,-1,-1,-1
3953,10,1844.00,944.00,109.00,69.00,6.9953,-1,-1,-1
3954,6,2101.00,1195.00,73.00,83.00,7.8775,-1,-1,-1
3954,10,1843.00,943.00,109.00,69.00,7.0058,-1,-1,-1
3955,6,2101.00,1194.00,73.00,84.00,7.8293,-1,-1,-1
3955,10,1843.00,943.00,107.00,69.00,7.0168,-1,-1,-1
3956,6,2100.00,1194.00,73.00,83.00,7.7956,-1,-1,-1
3956,10,1842.00,943.00,104.00,68.00,7.0123,-1,-1,-1
3957,6,2100.00,1193.00,72.00,83.00,7.7632,-1,-1,-1
3957,10,1841.00,943.00,104.00,67.00,6.9917,-1,-1,-1
3958,6,2099.00,1192.00,73.00,84.00,7.7344,-1,-1,-1
3958,10,1839.00,942.00,104.00,66.00,6.9574,-1,-1,-1
3959,6,2099.00,1191.00,72.00,85.00,7.7045,-1,-1,-1
3959,10,1838.00,941.00,106.00,69.00,6.9295,-1,-1,-1
3960,6,2098.00,1191.00,72.00,84.00,7.6607,-1,-1,-1
3960,10,1838.00,942.00,98.00,65.00,6.8490,-1,-1,-1
3961,6,2097.00,1191.00,72.00,84.00,7.6323,-1,-1,-1
3961,10,1836.00,942.00,96.00,64.00,6.7965,-1,-1,-1
3962,6,2097.00,1191.00,72.00,84.00,7.6100,-1,-1,-1
3962,10,1835.00,941.00,98.00,66.00,6.7642,-1,-1,-1
3963,6,2096.00,1190.00,74.00,86.00,7.5892,-1,-1,-1
3963,10,1833.00,940.00,103.00,68.00,6.7235,-1,-1,-1
3964,6,2097.00,1191.00,72.00,83.00,7.5762,-1,-1,-1
3964,10,1832.00,940.00,106.00,68.00,6.6877,-1,-1,-1
3965,6,2097.00,1192.00,71.00,83.00,7.5707,-1,-1,-1
3965,10,1832.00,941.00,103.00,68.00,6.6584,-1,-1,-1
3966,6,2097.00,1192.00,69.00,82.00,7.5452,-1,-1,-1
3966,10,1831.00,942.00,103.00,66.00,6.6149,-1,-1,-1
3967,6,2096.00,1193.00,70.00,81.00,7.5324,-1,-1,-1
3967,10,1831.00,942.00,101.00,66.00,6.5893,-1,-1,-1
3968,6,2097.00,1194.00,68.00,79.00,7.5253,-1,-1,-1
3968,10,1828.00,941.00,103.00,67.00,6.5652,-1,-1,-1
3969,6,2096.00,1194.00,68.00,79.00,7.5207,-1,-1,-1
3969,10,1828.00,942.00,96.00,65.00,6.6148,-1,-1,-1
3970,6,2096.00,1193.00,68.00,80.00,7.5247,-1,-1,-1
3970,10,1827.00,942.00,96.00,66.00,6.6973,-1,-1,-1
3971,6,2096.00,1194.00,68.00,79.00,7.5185,-1,-1,-1
3971,10,1826.00,942.00,98.00,66.00,6.7836,-1,-1,-1
3972,6,2096.00,1194.00,69.00,79.00,7.5173,-1,-1,-1
3972,10,1825.00,941.00,98.00,67.00,6.8617,-1,-1,-1
3973,6,2097.00,1194.00,70.00,80.00,7.5293,-1,-1,-1
3973,10,1824.00,941.00,97.00,67.00,6.9199,-1,-1,-1
3974,6,2098.00,1195.00,70.00,79.00,7.5431,-1,-1,-1
3974,10,1823.00,941.00,99.00,67.00,6.9632,-1,-1,-1
3975,6,2099.00,1195.00,70.00,79.00,7.5705,-1,-1,-1
3975,10,1823.00,941.00,99.00,68.00,7.0140,-1,-1,-1
3976,6,2099.00,1196.00,71.00,80.00,7.5979,-1,-1,-1
3976,10,1823.00,941.00,99.00,69.00,7.0605,-1,-1,-1
3977,6,2101.00,1197.00,71.00,79.00,7.6219,-1,-1,-1
3977,10,1824.00,942.00,99.00,69.00,7.0867,-1,-1,-1
3978,6,2100.00,1198.00,73.00,78.00,7.6486,-1,-1,-1
3978,10,1822.00,941.00,102.00,72.00,7.1111,-1,-1,-1
3979,6,2100.00,1197.00,73.00,80.00,7.6720,-1,-1,-1
3979,10,1822.00,941.00,103.00,73.00,7.1244,-1,-1,-1
3980,6,2101.00,1198.00,71.00,78.00,7.6873,-1,-1,-1
3980,10,1822.00,942.00,103.00,71.00,7.1503,-1,-1,-1
3981,6,2102.00,1199.00,70.00,78.00,7.6952,-1,-1,-1
3981,10,1823.00,943.00,100.00,71.00,7.1310,-1,-1,-1
3982,6,2101.00,1199.00,73.00,79.00,7.7023,-1,-1,-1
3982,10,1823.00,944.00,100.00,72.00,7.1296,-1,-1,-1
3983,6,2101.00,1198.00,73.00,81.00,7.7048,-1,-1,-1
3983,10,1821.00,944.00,104.00,73.00,7.1065,-1,-1,-1
3984,6,2101.00,1199.00,74.00,81.00,7.7061,-1,-1,-1
3984,10,1820.00,945.00,105.00,72.00,7.0700,-1,-1,-1
3985,6,2100.00,1200.00,75.00,82.00,7.7047,-1,-1,-1
3985,10,1821.00,948.00,103.00,70.00,6.9599,-1,-1,-1
3986,6,2100.00,1200.00,75.00,82.00,7.6880,-1,-1,-1
3986,10,1819.00,949.00,106.00,73.00,6.9607,-1,-1,-1
3987,6,2098.00,1200.00,78.00,84.00,7.6751,-1,-1,-1
3987,10,1819.00,950.00,105.00,73.00,6.9935,-1,-1,-1
3988,6,2098.00,1202.00,76.00,82.00,7.6203,-1,-1,-1
3988,10,1818.00,952.00,106.00,74.00,7.0493,-1,-1,-1
3989,6,2096.00,1203.00,77.00,83.00,7.5776,-1,-1,-1
3989,10,1817.00,953.00,108.00,75.00,7.0987,-1,-1,-1
3990,6,2095.00,1203.00,79.00,84.00,7.5662,-1,-1,-1
3990,10,1816.00,955.00,107.00,75.00,7.1317,-1,-1,-1
3991,6,2094.00,1205.00,78.00,84.00,7.5395,-1,-1,-1
3991,10,1812.00,956.00,113.00,75.00,7.1763,-1,-1,-1
3992,6,2092.00,1206.00,81.00,84.00,7.5472,-1,-1,-1
3992,10,1811.00,958.00,112.00,76.00,7.2283,-1,-1,-1
3993,6,2091.00,1208.00,79.00,84.00,7.5742,-1,-1,-1
3993,10,1809.00,961.00,113.00,72.00,7.3078,-1,-1,-1
3994,6,2093.00,1210.00,77.00,83.00,7.5945,-1,-1,-1
3994,10,1808.00,964.00,112.00,72.00,7.3943,-1,-1,-1
3995,6,2092.00,1212.00,79.00,87.00,7.6011,-1,-1,-1
3995,10,1807.00,965.00,114.00,73.00,7.4681,-1,-1,-1
3996,6,2091.00,1214.00,75.00,84.00,7.5584,-1,-1,-1
3996,10,1805.00,967.00,114.00,73.00,7.4951,-1,-1,-1
3997,6,2089.00,1215.00,77.00,86.00,7.5433,-1,-1,-1
3997,10,1806.00,971.00,107.00,70.00,7.4716,-1,-1,-1
3998,6,2087.00,1217.00,80.00,88.00,7.5424,-1,-1,-1
3998,10,1804.00,974.00,108.00,70.00,7.4511,-1,-1,-1
3999,6,2085.00,1220.00,82.00,88.00,7.5726,-1,-1,-1
3999,10,1804.00,977.00,110.00,69.00,7.4554,-1,-1,-1
4000,6,2084.00,1222.00,82.00,87.00,7.6285,-1,-1,-1
4000,10,1803.00,980.00,111.00,70.00,7.4447,-1,-1,-1
4001,6,2083.00,1223.00,84.00,88.00,7.6912,-1,-1,-1
4001,10,1801.00,980.00,118.00,74.00,7.3915,-1,-1,-1
4002,6,2081.00,1228.00,85.00,86.00,7.7313,-1,-1,-1
4002,10,1799.00,982.00,120.00,79.00,7.3695,-1,-1,-1
4003,6,2081.00,1233.00,84.00,84.00,7.7631,-1,-1,-1
4003,10,1797.00,986.00,115.00,72.00,7.3936,-1,-1,-1
4004,6,2083.00,1235.00,78.00,85.00,7.7457,-1,-1,-1
4004,10,1796.00,989.00,111.00,71.00,7.4273,-1,-1,-1
4005,6,2082.00,1237.00,80.00,85.00,7.7002,-1,-1,-1
4005,10,1793.00,991.00,116.00,74.00,7.4296,-1,-1,-1
4006,6,2081.00,1241.00,81.00,84.00,7.6658,-1,-1,-1
4006,10,1793.00,997.00,113.00,69.00,7.2975,-1,-1,-1
4007,6,2081.00,1245.00,79.00,82.00,7.6282,-1,-1,-1
4007,10,1793.00,1001.00,110.00,68.00,7.2377,-1,-1,-1
4008,6,2081.00,1250.00,81.00,81.00,7.6378,-1,-1,-1
4008,10,1791.00,1002.00,115.00,70.00,7.2799,-1,-1,-1
4009,6,2081.00,1254.00,82.00,80.00,7.6698,-1,-1,-1
4009,10,1791.00,1006.00,114.00,70.00,7.3051,-1,-1,-1
4010,6,2082.00,1258.00,80.00,79.00,7.6990,-1,-1,-1
4010,10,1790.00,1010.00,113.00,67.00,7.3213,-1,-1,-1
4011,6,2082.00,1259.00,77.00,77.00,7.7111,-1,-1,-1
4011,10,1787.00,1013.00,113.00,67.00,7.3152,-1,-1,-1
4012,6,2082.00,1262.00,78.00,80.00,7.6838,-1,-1,-1
4012,10,1785.00,1016.00,114.00,70.00,7.3419,-1,-1,-1
4013,6,2080.00,1267.00,79.00,80.00,7.6783,-1,-1,-1
4013,10,1784.00,1020.00,112.00,67.00,7.3686,-1,-1,-1
4014,6,2079.00,1270.00,80.00,79.00,7.6752,-1,-1,-1
4014,10,1783.00,1022.00,117.00,70.00,7.3946,-1,-1,-1
4015,6,2078.00,1274.00,81.00,77.00,7.6656,-1,-1,-1
4015,10,1782.00,1025.00,115.00,69.00,7.4342,-1,-1,-1
4016,6,2077.00,1278.00,81.00,78.00,7.6574,-1,-1,-1
4016,10,1780.00,1028.00,120.00,70.00,7.5034,-1,-1,-1
4017,6,2070.00,1288.00,89.00,73.00,7.7917,-1,-1,-1
4017,10,1778.00,1032.00,117.00,69.00,7.4320,-1,-1,-1
4018,6,2078.00,1281.00,79.00,81.00,7.7281,-1,-1,-1
4018,10,1776.00,1035.00,113.00,69.00,7.3760,-1,-1,-1
4019,6,2076.00,1284.00,79.00,81.00,7.7350,-1,-1,-1
4019,10,1774.00,1038.00,114.00,70.00,7.3184,-1,-1,-1
4020,6,2073.00,1286.00,83.00,83.00,7.7374,-1,-1,-1
4020,10,1773.00,1042.00,116.00,71.00,7.2937,-1,-1,-1
4021,6,2072.00,1290.00,84.00,82.00,7.7531,-1,-1,-1
4021,10,1772.00,1047.00,114.00,67.00,7.2476,-1,-1,-1
4022,6,2071.00,1292.00,83.00,82.00,7.7801,-1,-1,-1
4022,10,1770.00,1049.00,116.00,69.00,7.2377,-1,-1,-1
4023,6,2069.00,1296.00,83.00,82.00,7.7634,-1,-1,-1
4023,10,1768.00,1051.00,122.00,70.00,7.2522,-1,-1,-1
4024,6,2069.00,1298.00,80.00,81.00,7.7187,-1,-1,-1
4024,10,1768.00,1056.00,114.00,70.00,7.2905,-1,-1,-1
4025,6,2067.00,1299.00,83.00,85.00,7.6947,-1,-1,-1
4025,10,1766.00,1060.00,116.00,71.00,7.3007,-1,-1,-1
4026,6,2067.00,1304.00,81.00,83.00,7.6831,-1,-1,-1
4026,10,1764.00,1063.00,119.00,71.00,7.2444,-1,-1,-1
4027,6,2066.00,1307.00,84.00,88.00,7.6977,-1,-1,-1
4027,10,1763.00,1065.00,118.00,72.00,7.1587,-1,-1,-1
4028,6,2066.00,1312.00,76.00,82.00,7.6908,-1,-1,-1
4028,10,1763.00,1070.00,115.00,70.00,7.0781,-1,-1,-1
4029,6,2065.00,1316.00,78.00,84.00,7.6578,-1,-1,-1
4029,10,1763.00,1074.00,115.00,70.00,7.0794,-1,-1,-1
4030,6,2062.00,1319.00,80.00,84.00,7.6921,-1,-1,-1
4030,10,1761.00,1077.00,110.00,70.00,7.1108,-1,-1,-1
4031,6,2061.00,1322.00,83.00,85.00,7.7396,-1,-1,-1
4031,10,1760.00,1083.00,107.00,67.00,7.0371,-1,-1,-1
4032,6,2059.00,1327.00,87.00,87.00,7.7724,-1,-1,-1
4032,10,1758.00,1086.00,109.00,71.00,7.0571,-1,-1,-1
4033,6,2059.00,1331.00,84.00,84.00,7.7822,-1,-1,-1
4033,10,1756.00,1091.00,107.00,69.00,7.0071,-1,-1,-1
4034,6,2057.00,1333.00,83.00,88.00,7.7335,-1,-1,-1
4034,10,1755.00,1096.00,104.00,69.00,6.9733,-1,-1,-1
4035,6,2056.00,1335.00,86.00,92.00,7.7112,-1,-1,-1
4035,10,1753.00,1099.00,106.00,68.00,7.0362,-1,-1,-1
4036,6,2054.00,1342.00,87.00,88.00,7.7339,-1,-1,-1
4036,10,1750.00,1103.00,112.00,69.00,7.1297,-1,-1,-1
4037,6,2054.00,1346.00,87.00,86.00,7.7206,-1,-1,-1
4037,10,1749.00,1107.00,111.00,69.00,7.1892,-1,-1,-1
4038,6,2054.00,1351.00,87.00,85.00,7.7301,-1,-1,-1
4038,10,1745.00,1112.00,111.00,69.00,7.1915,-1,-1,-1
4039,6,2054.00,1354.00,81.00,83.00,7.6470,-1,-1,-1
4039,10,1745.00,1119.00,109.00,67.00,7.0199,-1,-1,-1
4040,6,2053.00,1359.00,85.00,85.00,7.6169,-1,-1,-1
4040,10,1746.00,1122.00,107.00,68.00,7.0075,-1,-1,-1
4041,6,2052.00,1364.00,83.00,86.00,7.6041,-1,-1,-1
4041,10,1745.00,1128.00,108.00,65.00,7.0321,-1,-1,-1
4042,6,2053.00,1370.00,81.00,80.00,7.5604,-1,-1,-1
4042,10,1742.00,1132.00,110.00,62.00,7.0702,-1,-1,-1
4043,6,2053.00,1375.00,84.00,82.00,7.5493,-1,-1,-1
4043,10,1738.00,1134.00,115.00,71.00,7.1766,-1,-1,-1
4044,6,2053.00,1379.00,81.00,80.00,7.5065,-1,-1,-1
4044,10,1738.00,1140.00,113.00,68.00,7.1557,-1,-1,-1
4045,6,2052.00,1383.00,84.00,84.00,7.5130,-1,-1,-1
4045,10,1737.00,1143.00,114.00,70.00,7.2341,-1,-1,-1
4046,6,2053.00,1390.00,76.00,75.00,7.5191,-1,-1,-1
4046,10,1735.00,1147.00,118.00,70.00,7.3268,-1,-1,-1
4047,6,2051.00,1396.00,85.00,80.00,7.5509,-1,-1,-1
4047,10,1732.00,1152.00,119.00,67.00,7.3931,-1,-1,-1
4048,6,2050.00,1401.00,82.00,78.00,7.5203,-1,-1,-1
4048,10,1731.00,1158.00,121.00,68.00,7.4200,-1,-1,-1
4049,6,2051.00,1404.00,83.00,81.00,7.5219,-1,-1,-1
4049,10,1730.00,1163.00,115.00,69.00,7.4268,-1,-1,-1
4050,6,2052.00,1409.00,80.00,81.00,7.5456,-1,-1,-1
4050,10,1730.00,1171.00,110.00,60.00,7.3997,-1,-1,-1
4051,6,2051.00,1418.00,80.00,74.00,7.5205,-1,-1,-1
4051,10,1729.00,1174.00,114.00,65.00,7.4257,-1,-1,-1
4052,6,2050.00,1421.00,82.00,78.00,7.5278,-1,-1,-1
4052,10,1725.00,1177.00,118.00,67.00,7.3907,-1,-1,-1
4053,6,2049.00,1426.00,80.00,76.00,7.3881,-1,-1,-1
4053,10,1723.00,1183.00,117.00,66.00,7.3572,-1,-1,-1
4054,6,2050.00,1430.00,81.00,79.00,7.4020,-1,-1,-1
4054,10,1722.00,1187.00,119.00,67.00,7.3064,-1,-1,-1
4055,6,2049.00,1436.00,79.00,77.00,7.4264,-1,-1,-1
4055,10,1720.00,1192.00,120.00,65.00,7.2175,-1,-1,-1
4056,6,2048.00,1441.00,84.00,78.00,7.4643,-1,-1,-1
4056,10,1718.00,1195.00,122.00,67.00,7.2181,-1,-1,-1
4057,6,2048.00,1446.00,78.00,76.00,7.3984,-1,-1,-1
4057,10,1717.00,1202.00,116.00,63.00,7.2305,-1,-1,-1
4058,6,2046.00,1449.00,82.00,80.00,7.3786,-1,-1,-1
4058,10,1716.00,1206.00,117.00,67.00,7.2575,-1,-1,-1
4059,6,2046.00,1452.00,79.00,81.00,7.3874,-1,-1,-1
4059,10,1711.00,1209.00,125.00,71.00,7.2024,-1,-1,-1
4060,6,2044.00,1456.00,83.00,84.00,7.4421,-1,-1,-1
4060,10,1714.00,1218.00,117.00,66.00,7.0909,-1,-1,-1
4061,6,2041.00,1462.00,83.00,80.00,7.4587,-1,-1,-1
4061,10,1710.00,1220.00,123.00,68.00,7.0873,-1,-1,-1
4062,6,2030.00,1472.00,92.00,78.00,7.6611,-1,-1,-1
4062,10,1708.00,1224.00,123.00,68.00,7.0673,-1,-1,-1
4063,10,1705.00,1230.00,128.00,68.00,7.0987,-1,-1,-1
4063,6,2024.00,1481.00,92.00,78.00,5.1683,-1,-1,-1
4064,10,1707.00,1236.00,123.00,66.00,7.1000,-1,-1,-1
4064,6,2035.00,1475.00,84.00,80.00,5.5495,-1,-1,-1
4065,10,1706.00,1243.00,116.00,64.00,7.1339,-1,-1,-1
4065,6,2031.00,1476.00,87.00,84.00,5.8430,-1,-1,-1
4066,10,1703.00,1246.00,116.00,66.00,7.1735,-1,-1,-1
4066,6,2031.00,1480.00,89.00,89.00,6.0586,-1,-1,-1
4067,10,1702.00,1251.00,117.00,66.00,7.1463,-1,-1,-1
4067,6,2029.00,1485.00,91.00,86.00,6.2967,-1,-1,-1
4068,10,1700.00,1255.00,118.00,67.00,7.1023,-1,-1,-1
4068,6,2029.00,1490.00,88.00,86.00,6.5205,-1,-1,-1
4069,10,1695.00,1256.00,121.00,72.00,7.1528,-1,-1,-1
4069,6,2029.00,1495.00,89.00,87.00,6.7122,-1,-1,-1
4070,10,1695.00,1263.00,122.00,69.00,7.1549,-1,-1,-1
4070,6,2028.00,1500.00,93.00,92.00,6.8164,-1,-1,-1
4071,10,1696.00,1268.00,116.00,68.00,7.2053,-1,-1,-1
4071,6,2028.00,1505.00,91.00,89.00,6.9169,-1,-1,-1
4072,10,1695.00,1271.00,111.00,68.00,7.2016,-1,-1,-1
4072,6,2028.00,1509.00,89.00,88.00,6.9995,-1,-1,-1
4073,10,1694.00,1275.00,113.00,69.00,7.1849,-1,-1,-1
4073,6,2027.00,1513.00,87.00,89.00,7.0792,-1,-1,-1
4074,10,1690.00,1276.00,118.00,73.00,7.1655,-1,-1,-1
4074,6,2026.00,1516.00,88.00,91.00,7.1288,-1,-1,-1
4075,6,2026.00,1522.00,88.00,91.00,7.1490,-1,-1,-1
4075,10,1692.00,1281.00,115.00,73.00,7.1228,-1,-1,-1
4076,6,2025.00,1527.00,87.00,89.00,7.2219,-1,-1,-1
4076,10,1689.00,1285.00,118.00,75.00,7.1316,-1,-1,-1
4077,6,2026.00,1532.00,86.00,88.00,7.2728,-1,-1,-1
4077,10,1687.00,1289.00,115.00,73.00,7.1555,-1,-1,-1
4078,6,2023.00,1537.00,89.00,87.00,7.2965,-1,-1,-1
4078,10,1684.00,1291.00,120.00,74.00,7.2031,-1,-1,-1
4079,6,2024.00,1539.00,87.00,90.00,7.2345,-1,-1,-1
4079,10,1682.00,1297.00,118.00,73.00,7.1665,-1,-1,-1
4080,6,2023.00,1546.00,88.00,88.00,7.2131,-1,-1,-1
4080,10,1681.00,1302.00,118.00,73.00,7.1738,-1,-1,-1
4081,6,2022.00,1551.00,88.00,85.00,7.2451,-1,-1,-1
4081,10,1678.00,1305.00,117.00,74.00,7.1781,-1,-1,-1
4082,6,2021.00,1554.00,88.00,86.00,7.2832,-1,-1,-1
4082,10,1675.00,1313.00,115.00,70.00,7.2035,-1,-1,-1
4083,6,2020.00,1559.00,88.00,85.00,7.3050,-1,-1,-1
4083,10,1672.00,1315.00,121.00,73.00,7.2684,-1,-1,-1
4084,10,1670.00,1316.00,125.00,75.00,7.3018,-1,-1,-1
4084,6,2020.00,1562.00,87.00,84.00,7.2764,-1,-1,-1
4085,10,1669.00,1322.00,120.00,71.00,7.3099,-1,-1,-1
4085,6,2020.00,1565.00,85.00,84.00,7.2231,-1,-1,-1
4086,10,1668.00,1325.00,119.00,71.00,7.2959,-1,-1,-1
4086,6,2018.00,1570.00,88.00,83.00,7.2515,-1,-1,-1
4087,6,2016.00,1573.00,86.00,78.00,7.3029,-1,-1,-1
4087,10,1668.00,1328.00,120.00,73.00,7.2230,-1,-1,-1
4088,6,2016.00,1575.00,85.00,81.00,7.3157,-1,-1,-1
4088,10,1666.00,1329.00,120.00,74.00,7.1347,-1,-1,-1
4089,6,2017.00,1579.00,86.00,81.00,7.3589,-1,-1,-1
4089,10,1664.00,1332.00,122.00,77.00,7.1722,-1,-1,-1
4090,6,2016.00,1584.00,86.00,77.00,7.3512,-1,-1,-1
4090,10,1663.00,1335.00,121.00,76.00,7.2492,-1,-1,-1
4091,6,2015.00,1586.00,86.00,76.00,7.3218,-1,-1,-1
4091,10,1661.00,1338.00,124.00,75.00,7.3173,-1,-1,-1
4092,10,1658.00,1339.00,128.00,77.00,7.3812,-1,-1,-1
4092,6,2014.00,1589.00,81.00,72.00,7.3089,-1,-1,-1
4093,10,1655.00,1341.00,133.00,76.00,7.4064,-1,-1,-1
4093,6,2014.00,1591.00,79.00,71.00,7.3561,-1,-1,-1
4094,6,2013.00,1593.00,81.00,72.00,7.4285,-1,-1,-1
4094,10,1654.00,1343.00,130.00,78.00,7.4004,-1,-1,-1
4095,6,2011.00,1595.00,82.00,71.00,7.4632,-1,-1,-1
4095,10,1655.00,1346.00,128.00,75.00,7.3550,-1,-1,-1
4096,6,2010.00,1596.00,81.00,73.00,7.4560,-1,-1,-1
4096,10,1652.00,1348.00,133.00,77.00,7.3369,-1,-1,-1
4097,6,2008.00,1598.00,84.00,72.00,7.4610,-1,-1,-1
4097,10,1650.00,1350.00,140.00,77.00,7.3400,-1,-1,-1
4098,6,2007.00,1600.00,82.00,71.00,7.4534,-1,-1,-1
4098,10,1649.00,1356.00,131.00,73.00,7.3717,-1,-1,-1
4099,6,2005.00,1601.00,83.00,70.00,7.4326,-1,-1,-1
4099,10,1648.00,1359.00,128.00,70.00,7.3780,-1,-1,-1
4100,10,1647.00,1361.00,130.00,71.00,7.4089,-1,-1,-1
4100,6,2004.00,1602.00,87.00,74.00,7.3871,-1,-1,-1
4101,10,1647.00,1362.00,131.00,70.00,7.4228,-1,-1,-1
4101,6,2002.00,1602.00,87.00,74.00,7.3208,-1,-1,-1
4102,10,1646.00,1362.00,133.00,72.00,7.4397,-1,-1,-1
4102,6,1998.00,1599.00,92.00,79.00,7.2984,-1,-1,-1
4103,10,1644.00,1365.00,131.00,67.00,7.4106,-1,-1,-1
4103,6,1998.00,1600.00,88.00,76.00,7.3244,-1,-1,-1
4104,10,1644.00,1367.00,127.00,66.00,7.3876,-1,-1,-1
4104,6,1998.00,1600.00,87.00,77.00,7.3512,-1,-1,-1
4105,6,1996.00,1600.00,88.00,78.00,7.3605,-1,-1,-1
4105,10,1642.00,1369.00,126.00,65.00,7.3553,-1,-1,-1
4106,6,1995.00,1599.00,87.00,79.00,7.3559,-1,-1,-1
4106,10,1641.00,1369.00,132.00,66.00,7.3300,-1,-1,-1
4107,6,1993.00,1599.00,88.00,79.00,7.3531,-1,-1,-1
4107,10,1637.00,1368.00,137.00,67.00,7.3136,-1,-1,-1
4108,6,1992.00,1599.00,89.00,79.00,7.3599,-1,-1,-1
4108,10,1636.00,1369.00,131.00,65.00,7.2901,-1,-1,-1
4109,6,1988.00,1597.00,94.00,81.00,7.3712,-1,-1,-1
4109,10,1633.00,1369.00,135.00,65.00,7.2193,-1,-1,-1
4110,6,1986.00,1597.00,96.00,82.00,7.3912,-1,-1,-1
4110,10,1634.00,1370.00,124.00,63.00,7.1131,-1,-1,-1
4111,6,1985.00,1597.00,98.00,83.00,7.4094,-1,-1,-1
4111,10,1631.00,1374.00,115.00,59.00,7.0545,-1,-1,-1
4112,6,1984.00,1597.00,96.00,83.00,7.4170,-1,-1,-1
4112,10,1630.00,1373.00,115.00,61.00,7.0055,-1,-1,-1
4113,6,1985.00,1598.00,90.00,79.00,7.4233,-1,-1,-1
4113,10,1627.00,1374.00,118.00,62.00,7.0044,-1,-1,-1
4114,6,1984.00,1597.00,87.00,80.00,7.4369,-1,-1,-1
4114,10,1625.00,1373.00,120.00,64.00,7.0001,-1,-1,-1
4115,6,1983.00,1596.00,87.00,80.00,7.4653,-1,-1,-1
4115,10,1624.00,1373.00,122.00,64.00,7.0237,-1,-1,-1
4116,6,1982.00,1596.00,88.00,79.00,7.4964,-1,-1,-1
4116,10,1623.00,1374.00,122.00,63.00,7.0343,-1,-1,-1
4117,6,1980.00,1595.00,88.00,77.00,7.5080,-1,-1,-1
4117,10,1621.00,1374.00,120.00,62.00,7.0451,-1,-1,-1
4118,6,1980.00,1596.00,87.00,75.00,7.5070,-1,-1,-1
4118,10,1619.00,1376.00,116.00,60.00,7.0536,-1,-1,-1
4119,6,1979.00,1595.00,89.00,77.00,7.4937,-1,-1,-1
4119,10,1618.00,1375.00,113.00,62.00,7.0328,-1,-1,-1
4120,6,1979.00,1595.00,88.00,78.00,7.4707,-1,-1,-1
4120,10,1617.00,1374.00,113.00,63.00,7.0289,-1,-1,-1
4121,6,1979.00,1596.00,89.00,77.00,7.4521,-1,-1,-1
4121,10,1616.00,1374.00,114.00,63.00,7.0272,-1,-1,-1
4122,6,1978.00,1596.00,90.00,77.00,7.4341,-1,-1,-1
4122,10,1614.00,1373.00,116.00,65.00,7.0351,-1,-1,-1
4123,6,1977.00,1596.00,91.00,77.00,7.4073,-1,-1,-1
4123,10,1613.00,1374.00,118.00,65.00,7.0395,-1,-1,-1
4124,6,1974.00,1595.00,94.00,79.00,7.3610,-1,-1,-1
4124,10,1612.00,1373.00,119.00,66.00,7.0304,-1,-1,-1
4125,6,1975.00,1596.00,92.00,74.00,7.3037,-1,-1,-1
4125,10,1611.00,1373.00,119.00,65.00,7.0081,-1,-1,-1
4126,6,1974.00,1596.00,93.00,73.00,7.2376,-1,-1,-1
4126,10,1608.00,1372.00,121.00,66.00,6.9828,-1,-1,-1
4127,6,1974.00,1596.00,92.00,71.00,7.1766,-1,-1,-1
4127,10,1608.00,1372.00,121.00,66.00,6.9625,-1,-1,-1
4128,6,1970.00,1595.00,95.00,73.00,7.1454,-1,-1,-1
4128,10,1605.00,1372.00,122.00,67.00,6.9592,-1,-1,-1
4129,6,1968.00,1593.00,95.00,75.00,7.1001,-1,-1,-1
4129,10,1604.00,1371.00,123.00,68.00,6.9639,-1,-1,-1
4130,6,1968.00,1592.00,92.00,76.00,7.0390,-1,-1,-1
4130,10,1601.00,1372.00,124.00,67.00,6.9956,-1,-1,-1
4131,10,1599.00,1371.00,126.00,68.00,7.0311,-1,-1,-1
4131,6,1967.00,1592.00,92.00,76.00,7.0209,-1,-1,-1
4132,10,1597.00,1371.00,123.00,66.00,7.0653,-1,-1,-1
4132,6,1967.00,1592.00,92.00,74.00,7.0278,-1,-1,-1
4133,10,1597.00,1372.00,123.00,65.00,7.0881,-1,-1,-1
4133,6,1965.00,1592.00,94.00,73.00,7.0594,-1,-1,-1
4134,10,1595.00,1373.00,121.00,63.00,7.1158,-1,-1,-1
4134,6,1964.00,1591.00,95.00,73.00,7.1134,-1,-1,-1
4135,6,1962.00,1590.00,99.00,74.00,7.1717,-1,-1,-1
4135,10,1595.00,1372.00,120.00,64.00,7.1507,-1,-1,-1
4136,6,1962.00,1590.00,98.00,74.00,7.2226,-1,-1,-1
4136,10,1594.00,1372.00,119.00,65.00,7.1770,-1,-1,-1
4137,6,1961.00,1590.00,98.00,73.00,7.2713,-1,-1,-1
4137,10,1592.00,1373.00,118.00,65.00,7.1926,-1,-1,-1
4138,6,1961.00,1591.00,94.00,72.00,7.3096,-1,-1,-1
4138,10,1589.00,1373.00,121.00,65.00,7.1998,-1,-1,-1
4139,6,1959.00,1590.00,97.00,71.00,7.3178,-1,-1,-1
4139,10,1588.00,1373.00,121.00,65.00,7.1785,-1,-1,-1
4140,6,1960.00,1590.00,91.00,69.00,7.2928,-1,-1,-1
4140,10,1588.00,1373.00,119.00,65.00,7.1722,-1,-1,-1
4141,6,1958.00,1589.00,90.00,70.00,7.2763,-1,-1,-1
4141,10,1585.00,1373.00,118.00,64.00,7.1332,-1,-1,-1
4142,6,1955.00,1587.00,92.00,71.00,7.2307,-1,-1,-1
4142,10,1582.00,1373.00,120.00,65.00,7.1171,-1,-1,-1
4143,6,1955.00,1587.00,88.00,69.00,7.2180,-1,-1,-1
4143,10,1581.00,1372.00,123.00,67.00,7.0931,-1,-1,-1
4144,6,1952.00,1586.00,91.00,70.00,7.2403,-1,-1,-1
4144,10,1580.00,1372.00,123.00,67.00,7.1007,-1,-1,-1
4145,6,1948.00,1584.00,94.00,72.00,7.2839,-1,-1,-1
4145,10,1577.00,1373.00,123.00,66.00,7.1067,-1,-1,-1
4146,6,1946.00,1583.00,94.00,72.00,7.3189,-1,-1,-1
4146,10,1576.00,1373.00,124.00,67.00,7.1137,-1,-1,-1
4147,6,1944.00,1581.00,95.00,73.00,7.3590,-1,-1,-1
4147,10,1575.00,1375.00,121.00,64.00,7.0866,-1,-1,-1
4148,6,1945.00,1580.00,91.00,73.00,7.3767,-1,-1,-1
4148,10,1574.00,1376.00,117.00,62.00,7.0399,-1,-1,-1
4149,6,1943.00,1579.00,93.00,74.00,7.3821,-1,-1,-1
4149,10,1572.00,1376.00,116.00,61.00,6.9762,-1,-1,-1
4150,6,1939.00,1575.00,97.00,78.00,7.3962,-1,-1,-1
4150,10,1572.00,1374.00,120.00,63.00,6.9856,-1,-1,-1
4151,6,1938.00,1575.00,97.00,77.00,7.4369,-1,-1,-1
4151,10,1571.00,1373.00,111.00,64.00,6.9653,-1,-1,-1
4152,6,1938.00,1574.00,94.00,77.00,7.4815,-1,-1,-1
4152,10,1570.00,1374.00,110.00,64.00,6.9750,-1,-1,-1
4153,6,1938.00,1574.00,89.00,75.00,7.5225,-1,-1,-1
4153,10,1568.00,1373.00,111.00,65.00,6.9724,-1,-1,-1
4154,6,1937.00,1574.00,90.00,75.00,7.5616,-1,-1,-1
4154,10,1567.00,1375.00,112.00,64.00,6.9398,-1,-1,-1
4155,6,1936.00,1574.00,90.00,75.00,7.5975,-1,-1,-1
4155,10,1567.00,1375.00,110.00,63.00,6.9084,-1,-1,-1
4156,6,1936.00,1574.00,88.00,75.00,7.6301,-1,-1,-1
4156,10,1564.00,1375.00,113.00,64.00,6.8716,-1,-1,-1
4157,6,1935.00,1575.00,88.00,73.00,7.6548,-1,-1,-1
4157,10,1561.00,1375.00,112.00,64.00,6.8234,-1,-1,-1
4158,6,1935.00,1575.00,85.00,71.00,7.6644,-1,-1,-1
4158,10,1560.00,1374.00,114.00,65.00,6.7744,-1,-1,-1
4159,6,1935.00,1575.00,84.00,71.00,7.6586,-1,-1,-1
4159,10,1558.00,1374.00,118.00,65.00,6.7539,-1,-1,-1
4160,6,1935.00,1575.00,82.00,71.00,7.6439,-1,-1,-1
4160,10,1557.00,1373.00,117.00,67.00,6.6982,-1,-1,-1
4161,6,1934.00,1575.00,83.00,70.00,7.6261,-1,-1,-1
4161,10,1556.00,1372.00,118.00,69.00,6.6754,-1,-1,-1
4162,6,1933.00,1575.00,84.00,69.00,7.6062,-1,-1,-1
4162,10,1555.00,1371.00,118.00,69.00,6.6759,-1,-1,-1
4163,6,1932.00,1575.00,85.00,70.00,7.5737,-1,-1,-1
4163,10,1554.00,1368.00,120.00,72.00,6.7250,-1,-1,-1
4164,6,1931.00,1575.00,85.00,69.00,7.5355,-1,-1,-1
4164,10,1551.00,1367.00,123.00,73.00,6.7965,-1,-1,-1
4165,6,1928.00,1574.00,88.00,70.00,7.4744,-1,-1,-1
4165,10,1550.00,1367.00,124.00,72.00,6.8704,-1,-1,-1
4166,6,1925.00,1571.00,90.00,75.00,7.3964,-1,-1,-1
4166,10,1548.00,1365.00,127.00,74.00,6.9376,-1,-1,-1
4167,6,1923.00,1570.00,91.00,75.00,7.3382,-1,-1,-1
4167,10,1545.00,1364.00,131.00,76.00,7.0177,-1,-1,-1
4168,6,1921.00,1570.00,94.00,75.00,7.2318,-1,-1,-1
4168,10,1545.00,1364.00,129.00,76.00,7.0779,-1,-1,-1
4169,6,1922.00,1572.00,90.00,71.00,7.1611,-1,-1,-1
4169,10,1543.00,1364.00,123.00,76.00,7.1251,-1,-1,-1
4170,10,1541.00,1362.00,124.00,80.00,7.1604,-1,-1,-1
4170,6,1920.00,1570.00,91.00,76.00,7.1175,-1,-1,-1
4171,10,1536.00,1360.00,130.00,83.00,7.2022,-1,-1,-1
4171,6,1918.00,1569.00,93.00,76.00,7.1448,-1,-1,-1
4172,10,1535.00,1360.00,129.00,85.00,7.2411,-1,-1,-1
4172,6,1916.00,1568.00,95.00,77.00,7.1956,-1,-1,-1
4173,10,1534.00,1360.00,128.00,84.00,7.2790,-1,-1,-1
4173,6,1914.00,1567.00,96.00,77.00,7.2707,-1,-1,-1
4174,6,1914.00,1567.00,95.00,77.00,7.3387,-1,-1,-1
4174,10,1533.00,1359.00,130.00,86.00,7.2994,-1,-1,-1
4175,6,1915.00,1567.00,93.00,74.00,7.3989,-1,-1,-1
4175,10,1532.00,1360.00,131.00,85.00,7.3250,-1,-1,-1
4176,6,1913.00,1566.00,95.00,76.00,7.4476,-1,-1,-1
4176,10,1531.00,1361.00,131.00,83.00,7.3281,-1,-1,-1
4177,6,1912.00,1566.00,96.00,75.00,7.4782,-1,-1,-1
4177,10,1531.00,1363.00,129.00,81.00,7.3246,-1,-1,-1
4178,6,1913.00,1566.00,93.00,73.00,7.4895,-1,-1,-1
4178,10,1530.00,1365.00,128.00,79.00,7.3164,-1,-1,-1
4179,6,1912.00,1566.00,94.00,72.00,7.4933,-1,-1,-1
4179,10,1529.00,1365.00,129.00,80.00,7.2991,-1,-1,-1
4180,6,1910.00,1565.00,96.00,73.00,7.4999,-1,-1,-1
4180,10,1526.00,1366.00,130.00,79.00,7.2796,-1,-1,-1
4181,6,1909.00,1565.00,94.00,72.00,7.5024,-1,-1,-1
4181,10,1525.00,1367.00,130.00,79.00,7.2701,-1,-1,-1
4182,6,1908.00,1565.00,93.00,71.00,7.4799,-1,-1,-1
4182,10,1522.00,1368.00,133.00,78.00,7.2547,-1,-1,-1
4183,6,1907.00,1564.00,92.00,72.00,7.4289,-1,-1,-1
4183,10,1520.00,1369.00,134.00,78.00,7.2475,-1,-1,-1
4184,6,1906.00,1564.00,93.00,72.00,7.3883,-1,-1,-1
4184,10,1516.00,1368.00,135.00,80.00,7.2453,-1,-1,-1
4185,6,1905.00,1564.00,92.00,71.00,7.3458,-1,-1,-1
4185,10,1514.00,1369.00,135.00,80.00,7.2405,-1,-1,-1
4186,6,1904.00,1563.00,90.00,70.00,7.3297,-1,-1,-1
4186,10,1511.00,1368.00,139.00,81.00,7.2342,-1,-1,-1
4187,6,1902.00,1562.00,92.00,71.00,7.3333,-1,-1,-1
4187,10,1511.00,1369.00,140.00,80.00,7.2155,-1,-1,-1
4188,6,1901.00,1562.00,91.00,70.00,7.3252,-1,-1,-1
4188,10,1508.00,1370.00,139.00,79.00,7.2030,-1,-1,-1
4189,6,1900.00,1562.00,93.00,70.00,7.3191,-1,-1,-1
4189,10,1507.00,1372.00,134.00,77.00,7.1758,-1,-1,-1
4190,6,1900.00,1561.00,91.00,71.00,7.3057,-1,-1,-1
4190,10,1505.00,1373.00,131.00,76.00,7.1179,-1,-1,-1
4191,6,1900.00,1563.00,89.00,69.00,7.3068,-1,-1,-1
4191,10,1503.00,1376.00,129.00,73.00,7.0374,-1,-1,-1
4192,6,1898.00,1562.00,90.00,69.00,7.3244,-1,-1,-1
4192,10,1501.00,1373.00,134.00,76.00,6.9931,-1,-1,-1
4193,6,1896.00,1561.00,90.00,69.00,7.3466,-1,-1,-1
4193,10,1499.00,1375.00,133.00,74.00,6.8943,-1,-1,-1
4194,6,1892.00,1555.00,92.00,70.00,7.3610,-1,-1,-1
4194,10,1499.00,1375.00,126.00,70.00,6.7985,-1,-1,-1
4195,6,1893.00,1553.00,92.00,68.00,7.3625,-1,-1,-1
4195,10,1500.00,1376.00,119.00,65.00,6.7539,-1,-1,-1
4196,6,1890.00,1545.00,94.00,69.00,7.3665,-1,-1,-1
4196,10,1501.00,1370.00,104.00,60.00,6.7304,-1,-1,-1
4197,6,1887.00,1529.00,96.00,68.00,7.3573,-1,-1,-1
4197,10,1498.00,1355.00,115.00,63.00,6.6794,-1,-1,-1
4198,6,1885.00,1509.00,97.00,72.00,7.3757,-1,-1,-1
4198,10,1496.00,1333.00,125.00,68.00,6.5641,-1,-1,-1
4199,6,1885.00,1485.00,91.00,69.00,7.3355,-1,-1,-1
4199,10,1496.00,1309.00,125.00,68.00,6.4981,-1,-1,-1
4200,6,1883.00,1459.00,93.00,67.00,7.3831,-1,-1,-1
4200,10,1495.00,1287.00,121.00,65.00,6.5004,-1,-1,-1
4201,6,1882.00,1429.00,92.00,67.00,7.3700,-1,-1,-1
4201,10,1494.00,1261.00,112.00,61.00,6.5772,-1,-1,-1
4202,6,1880.00,1397.00,99.00,71.00,7.3426,-1,-1,-1
4202,10,1493.00,1229.00,115.00,62.00,6.5633,-1,-1,-1
4203,6,1879.00,1363.00,95.00,70.00,7.3939,-1,-1,-1
4203,10,1492.00,1201.00,114.00,60.00,6.6563,-1,-1,-1
4204,6,1878.00,1332.00,95.00,69.00,7.4462,-1,-1,-1
4204,10,1492.00,1169.00,112.00,60.00,6.7472,-1,-1,-1
4205,6,1879.00,1298.00,93.00,70.00,7.4169,-1,-1,-1
4205,10,1490.00,1134.00,113.00,60.00,6.7548,-1,-1,-1
4206,6,1876.00,1263.00,95.00,70.00,7.4020,-1,-1,-1
4206,10,1487.00,1102.00,114.00,60.00,6.8560,-1,-1,-1
4207,6,1873.00,1234.00,98.00,69.00,7.4593,-1,-1,-1
4207,10,1485.00,1068.00,116.00,64.00,6.8401,-1,-1,-1
4208,6,1873.00,1207.00,96.00,68.00,7.4267,-1,-1,-1
4208,10,1485.00,1042.00,116.00,62.00,6.8369,-1,-1,-1
4209,6,1873.00,1183.00,96.00,69.00,7.3978,-1,-1,-1
4209,10,1483.00,1017.00,119.00,64.00,6.8115,-1,-1,-1
4210,6,1870.00,1161.00,101.00,72.00,7.4172,-1,-1,-1
4210,10,1481.00,995.00,118.00,64.00,6.7763,-1,-1,-1
4211,6,1870.00,1141.00,95.00,69.00,7.3681,-1,-1,-1
4211,10,1480.00,980.00,120.00,64.00,6.8081,-1,-1,-1
4212,6,1867.00,1124.00,96.00,70.00,7.4047,-1,-1,-1
4212,10,1479.00,964.00,118.00,65.00,6.8472,-1,-1,-1
4213,6,1867.00,1113.00,98.00,71.00,7.4387,-1,-1,-1
4213,10,1475.00,950.00,125.00,66.00,6.7893,-1,-1,-1
4214,6,1864.00,1102.00,97.00,69.00,7.5106,-1,-1,-1
4214,10,1476.00,944.00,118.00,63.00,6.8366,-1,-1,-1
4215,6,1864.00,1094.00,98.00,72.00,7.5614,-1,-1,-1
4215,10,1474.00,937.00,118.00,63.00,6.8658,-1,-1,-1
4216,6,1862.00,1091.00,98.00,72.00,7.5857,-1,-1,-1
4216,10,1473.00,932.00,119.00,64.00,6.8619,-1,-1,-1
4217,6,1861.00,1089.00,97.00,71.00,7.6118,-1,-1,-1
4217,10,1471.00,931.00,121.00,65.00,6.8527,-1,-1,-1
4218,6,1861.00,1088.00,97.00,71.00,7.6239,-1,-1,-1
4218,10,1469.00,931.00,122.00,66.00,6.8724,-1,-1,-1
4219,6,1860.00,1087.00,98.00,72.00,7.6363,-1,-1,-1
4219,10,1466.00,931.00,123.00,67.00,6.8834,-1,-1,-1
4220,6,1859.00,1086.00,98.00,73.00,7.6404,-1,-1,-1
4220,10,1464.00,932.00,125.00,67.00,6.8906,-1,-1,-1
4221,6,1858.00,1087.00,97.00,72.00,7.6371,-1,-1,-1
4221,10,1463.00,933.00,118.00,63.00,6.8554,-1,-1,-1
4222,6,1858.00,1086.00,96.00,73.00,7.6393,-1,-1,-1
4222,10,1462.00,934.00,114.00,62.00,6.8283,-1,-1,-1
4223,6,1856.00,1085.00,95.00,75.00,7.6343,-1,-1,-1
4223,10,1460.00,935.00,116.00,63.00,6.8220,-1,-1,-1
4224,6,1856.00,1085.00,93.00,73.00,7.6430,-1,-1,-1
4224,10,1459.00,936.00,116.00,61.00,6.8251,-1,-1,-1
4225,6,1855.00,1085.00,92.00,71.00,7.6570,-1,-1,-1
4225,10,1457.00,936.00,116.00,62.00,6.8512,-1,-1,-1
4226,6,1855.00,1086.00,92.00,69.00,7.6662,-1,-1,-1
4226,10,1456.00,937.00,112.00,61.00,6.8515,-1,-1,-1
4227,6,1854.00,1087.00,91.00,68.00,7.6683,-1,-1,-1
4227,10,1454.00,938.00,117.00,61.00,6.8288,-1,-1,-1
4228,6,1853.00,1087.00,92.00,68.00,7.6706,-1,-1,-1
4228,10,1454.00,938.00,116.00,61.00,6.8244,-1,-1,-1
4229,6,1853.00,1087.00,90.00,67.00,7.6411,-1,-1,-1
4229,10,1453.00,938.00,123.00,63.00,6.8316,-1,-1,-1
4230,6,1853.00,1087.00,88.00,65.00,7.5821,-1,-1,-1
4230,10,1451.00,937.00,123.00,63.00,6.8320,-1,-1,-1
4231,6,1851.00,1087.00,90.00,65.00,7.5344,-1,-1,-1
4231,10,1450.00,938.00,121.00,61.00,6.7833,-1,-1,-1
4232,6,1849.00,1087.00,91.00,65.00,7.4874,-1,-1,-1
4232,10,1449.00,938.00,119.00,60.00,6.6989,-1,-1,-1
4233,6,1846.00,1085.00,94.00,68.00,7.4595,-1,-1,-1
4233,10,1449.00,938.00,110.00,61.00,6.6347,-1,-1,-1
4234,6,1844.00,1084.00,95.00,69.00,7.4672,-1,-1,-1
4234,10,1448.00,939.00,108.00,60.00,6.5843,-1,-1,-1
4235,6,1842.00,1083.00,95.00,69.00,7.4368,-1,-1,-1
4235,10,1447.00,941.00,97.00,58.00,6.5751,-1,-1,-1
4236,6,1839.00,1082.00,95.00,66.00,7.4122,-1,-1,-1
4236,10,1445.00,942.00,101.00,57.00,6.5672,-1,-1,-1
4237,6,1836.00,1080.00,97.00,67.00,7.3867,-1,-1,-1
4237,10,1443.00,942.00,100.00,57.00,6.5870,-1,-1,-1
4238,6,1834.00,1080.00,100.00,67.00,7.3110,-1,-1,-1
4238,10,1441.00,942.00,106.00,57.00,6.5650,-1,-1,-1
4239,6,1834.00,1079.00,96.00,66.00,7.2575,-1,-1,-1
4239,10,1439.00,941.00,108.00,58.00,6.5651,-1,-1,-1
4240,6,1832.00,1078.00,98.00,67.00,7.2180,-1,-1,-1
4240,10,1437.00,941.00,114.00,58.00,6.5524,-1,-1,-1
4241,6,1827.00,1077.00,106.00,70.00,7.2157,-1,-1,-1
4241,10,1434.00,941.00,115.00,60.00,6.5582,-1,-1,-1
4242,6,1826.00,1077.00,107.00,70.00,7.2370,-1,-1,-1
4242,10,1434.00,941.00,112.00,60.00,6.5790,-1,-1,-1
4243,6,1825.00,1077.00,105.00,72.00,7.2809,-1,-1,-1
4243,10,1433.00,942.00,110.00,60.00,6.5640,-1,-1,-1
4244,6,1823.00,1076.00,103.00,72.00,7.3304,-1,-1,-1
4244,10,1432.00,942.00,110.00,60.00,6.5920,-1,-1,-1
4245,6,1823.00,1075.00,100.00,70.00,7.3397,-1,-1,-1
4245,10,1430.00,942.00,107.00,60.00,6.6045,-1,-1,-1
4246,6,1823.00,1075.00,99.00,71.00,7.3114,-1,-1,-1
4246,10,1428.00,943.00,106.00,60.00,6.5913,-1,-1,-1
4247,6,1822.00,1075.00,100.00,71.00,7.2583,-1,-1,-1
4247,10,1427.00,944.00,106.00,59.00,6.5713,-1,-1,-1
4248,6,1824.00,1074.00,96.00,72.00,7.2267,-1,-1,-1
4248,10,1425.00,943.00,110.00,60.00,6.5396,-1,-1,-1
4249,6,1822.00,1074.00,99.00,73.00,7.2214,-1,-1,-1
4249,10,1424.00,943.00,108.00,61.00,6.5481,-1,-1,-1
4250,6,1820.00,1073.00,100.00,74.00,7.2344,-1,-1,-1
4250,10,1422.00,943.00,114.00,61.00,6.5695,-1,-1,-1
4251,6,1819.00,1073.00,101.00,72.00,7.2480,-1,-1,-1
4251,10,1420.00,943.00,114.00,62.00,6.6035,-1,-1,-1
4252,6,1817.00,1074.00,102.00,71.00,7.2638,-1,-1,-1
4252,10,1419.00,943.00,114.00,62.00,6.6231,-1,-1,-1
4253,6,1816.00,1075.00,100.00,69.00,7.2649,-1,-1,-1
4253,10,1417.00,945.00,113.00,62.00,6.6258,-1,-1,-1
4254,6,1815.00,1075.00,99.00,68.00,7.2861,-1,-1,-1
4254,10,1415.00,944.00,116.00,64.00,6.6590,-1,-1,-1
4255,6,1814.00,1076.00,97.00,67.00,7.3034,-1,-1,-1
4255,10,1414.00,943.00,117.00,64.00,6.6738,-1,-1,-1
4256,6,1814.00,1077.00,96.00,65.00,7.3035,-1,-1,-1
4256,10,1413.00,945.00,112.00,63.00,6.6832,-1,-1,-1
4257,6,1815.00,1078.00,91.00,62.00,7.2996,-1,-1,-1
4257,10,1411.00,945.00,112.00,63.00,6.7208,-1,-1,-1
4258,6,1814.00,1077.00,92.00,63.00,7.3114,-1,-1,-1
4258,10,1409.00,945.00,111.00,63.00,6.7550,-1,-1,-1
4259,6,1812.00,1077.00,94.00,64.00,7.3470,-1,-1,-1
4259,10,1406.00,944.00,118.00,66.00,6.7754,-1,-1,-1
4260,6,1812.00,1076.00,93.00,65.00,7.3824,-1,-1,-1
4260,10,1405.00,945.00,116.00,65.00,6.7912,-1,-1,-1
4261,6,1811.00,1077.00,92.00,64.00,7.4120,-1,-1,-1
4261,10,1404.00,945.00,111.00,65.00,6.8293,-1,-1,-1
4262,6,1810.00,1077.00,93.00,63.00,7.4336,-1,-1,-1
4262,10,1401.00,944.00,119.00,66.00,6.8250,-1,-1,-1
4263,6,1809.00,1075.00,93.00,66.00,7.4354,-1,-1,-1
4263,10,1399.00,943.00,118.00,69.00,6.8404,-1,-1,-1
4264,6,1808.00,1075.00,94.00,65.00,7.4518,-1,-1,-1
4264,10,1399.00,945.00,117.00,66.00,6.8453,-1,-1,-1
4265,6,1807.00,1074.00,94.00,66.00,7.4844,-1,-1,-1
4265,10,1398.00,945.00,114.00,66.00,6.8762,-1,-1,-1
4266,6,1807.00,1074.00,92.00,66.00,7.5184,-1,-1,-1
4266,10,1396.00,945.00,118.00,66.00,6.9024,-1,-1,-1
4267,6,1805.00,1073.00,94.00,66.00,7.5413,-1,-1,-1
4267,10,1394.00,947.00,116.00,65.00,6.9320,-1,-1,-1
4268,6,1804.00,1073.00,94.00,65.00,7.5474,-1,-1,-1
4268,10,1394.00,946.00,117.00,66.00,6.9354,-1,-1,-1
4269,6,1803.00,1073.00,95.00,65.00,7.5313,-1,-1,-1
4269,10,1392.00,948.00,119.00,65.00,6.9299,-1,-1,-1
4270,6,1803.00,1073.00,94.00,65.00,7.4908,-1,-1,-1
4270,10,1390.00,948.00,118.00,64.00,6.9068,-1,-1,-1
4271,6,1800.00,1073.00,96.00,65.00,7.3867,-1,-1,-1
4271,10,1389.00,948.00,114.00,64.00,6.8769,-1,-1,-1
4272,6,1799.00,1073.00,96.00,64.00,7.2985,-1,-1,-1
4272,10,1387.00,947.00,121.00,66.00,6.8919,-1,-1,-1
4273,6,1798.00,1073.00,96.00,63.00,7.2679,-1,-1,-1
4273,10,1383.00,947.00,128.00,67.00,6.9285,-1,-1,-1
4274,6,1796.00,1073.00,98.00,63.00,7.2858,-1,-1,-1
4274,10,1381.00,947.00,127.00,68.00,6.9404,-1,-1,-1
4275,6,1795.00,1073.00,97.00,63.00,7.3312,-1,-1,-1
4275,10,1381.00,948.00,126.00,67.00,6.9223,-1,-1,-1
4276,6,1793.00,1073.00,100.00,63.00,7.3832,-1,-1,-1
4276,10,1379.00,949.00,121.00,66.00,6.8254,-1,-1,-1
4277,6,1792.00,1074.00,99.00,61.00,7.4070,-1,-1,-1
4277,10,1378.00,950.00,119.00,65.00,6.7365,-1,-1,-1
4278,6,1791.00,1074.00,99.00,61.00,7.4026,-1,-1,-1
4278,10,1377.00,948.00,121.00,68.00,6.6816,-1,-1,-1
4279,6,1791.00,1075.00,98.00,60.00,7.3788,-1,-1,-1
4279,10,1375.00,950.00,116.00,66.00,6.6735,-1,-1,-1
4280,6,1788.00,1075.00,99.00,59.00,7.3348,-1,-1,-1
4280,10,1374.00,949.00,119.00,68.00,6.6714,-1,-1,-1
4281,6,1787.00,1075.00,97.00,59.00,7.2799,-1,-1,-1
4281,10,1372.00,947.00,124.00,71.00,6.6978,-1,-1,-1
4282,6,1786.00,1075.00,93.00,56.00,7.2192,-1,-1,-1
4282,10,1369.00,949.00,123.00,70.00,6.7191,-1,-1,-1
4283,6,1783.00,1073.00,95.00,58.00,7.1601,-1,-1,-1
4283,10,1368.00,953.00,118.00,66.00,6.7198,-1,-1,-1
4284,6,1781.00,1073.00,97.00,57.00,7.1418,-1,-1,-1
4284,10,1367.00,954.00,118.00,66.00,6.7369,-1,-1,-1
4285,6,1779.00,1073.00,95.00,57.00,7.1917,-1,-1,-1
4285,10,1365.00,954.00,121.00,66.00,6.7627,-1,-1,-1
4286,6,1778.00,1073.00,96.00,56.00,7.1888,-1,-1,-1
4286,10,1366.00,956.00,118.00,63.00,6.7809,-1,-1,-1
4287,6,1778.00,1071.00,93.00,57.00,7.1597,-1,-1,-1
4287,10,1363.00,956.00,122.00,64.00,6.8124,-1,-1,-1
4288,6,1776.00,1070.00,95.00,59.00,7.1546,-1,-1,-1
4288,10,1362.00,956.00,124.00,65.00,6.8555,-1,-1,-1
4289,6,1774.00,1069.00,97.00,59.00,7.1596,-1,-1,-1
4289,10,1360.00,955.00,127.00,68.00,6.9153,-1,-1,-1
4290,6,1771.00,1069.00,99.00,59.00,7.1298,-1,-1,-1
4290,10,1359.00,958.00,120.00,64.00,6.9157,-1,-1,-1
4291,6,1770.00,1069.00,98.00,59.00,7.0993,-1,-1,-1
4291,10,1359.00,959.00,118.00,62.00,6.9100,-1,-1,-1
4292,6,1768.00,1069.00,100.00,59.00,7.1076,-1,-1,-1
4292,10,1357.00,960.00,119.00,61.00,6.8897,-1,-1,-1
4293,6,1767.00,1068.00,100.00,61.00,7.1162,-1,-1,-1
4293,10,1355.00,960.00,121.00,63.00,6.8836,-1,-1,-1
4294,6,1764.00,1069.00,103.00,60.00,7.1384,-1,-1,-1
4294,10,1354.00,960.00,122.00,64.00,6.8727,-1,-1,-1
4295,6,1764.00,1069.00,103.00,60.00,7.1522,-1,-1,-1
4295,10,1351.00,960.00,126.00,65.00,6.8406,-1,-1,-1
4296,6,1762.00,1069.00,104.00,60.00,7.1849,-1,-1,-1
4296,10,1350.00,963.00,119.00,63.00,6.7729,-1,-1,-1
4297,6,1762.00,1069.00,102.00,58.00,7.1922,-1,-1,-1
4297,10,1349.00,964.00,117.00,62.00,6.7638,-1,-1,-1
4298,6,1762.00,1068.00,98.00,58.00,7.2152,-1,-1,-1
4298,10,1348.00,966.00,115.00,60.00,6.7730,-1,-1,-1
4299,6,1762.00,1068.00,96.00,58.00,7.2243,-1,-1,-1
4299,10,1346.00,967.00,112.00,60.00,6.8190,-1,-1,-1
4300,6,1758.00,1068.00,100.00,59.00,7.2202,-1,-1,-1
4300,10,1345.00,965.00,111.00,63.00,6.8518,-1,-1,-1
4301,6,1757.00,1067.00,102.00,61.00,7.2520,-1,-1,-1
4301,10,1343.00,964.00,106.00,63.00,6.8713,-1,-1,-1
4302,6,1756.00,1066.00,101.00,62.00,7.3105,-1,-1,-1
4302,10,1342.00,964.00,106.00,63.00,6.8810,-1,-1,-1
4303,6,1755.00,1065.00,101.00,63.00,7.3711,-1,-1,-1
4303,10,1339.00,962.00,110.00,67.00,6.9088,-1,-1,-1
4304,6,1755.00,1065.00,99.00,62.00,7.4196,-1,-1,-1
4304,10,1337.00,961.00,108.00,67.00,6.9513,-1,-1,-1
4305,6,1754.00,1066.00,99.00,61.00,7.4689,-1,-1,-1
4305,10,1334.00,962.00,109.00,68.00,7.0044,-1,-1,-1
4306,6,1753.00,1066.00,99.00,60.00,7.4993,-1,-1,-1
4306,10,1334.00,963.00,104.00,68.00,7.0198,-1,-1,-1
4307,6,1752.00,1066.00,100.00,60.00,7.5229,-1,-1,-1
4307,10,1332.00,963.00,105.00,68.00,7.0231,-1,-1,-1
4308,6,1751.00,1066.00,99.00,60.00,7.5364,-1,-1,-1
4308,10,1331.00,964.00,103.00,68.00,7.0161,-1,-1,-1
4309,6,1750.00,1066.00,97.00,59.00,7.5099,-1,-1,-1
4309,10,1330.00,964.00,106.00,68.00,7.0231,-1,-1,-1
4310,6,1749.00,1066.00,99.00,59.00,7.4871,-1,-1,-1
4310,10,1328.00,965.00,106.00,68.00,7.0378,-1,-1,-1
4311,6,1748.00,1066.00,98.00,58.00,7.4542,-1,-1,-1
4311,10,1326.00,965.00,110.00,70.00,7.0540,-1,-1,-1
4312,6,1745.00,1066.00,101.00,57.00,7.4215,-1,-1,-1
4312,10,1325.00,966.00,110.00,68.00,7.0617,-1,-1,-1
4313,6,1744.00,1066.00,101.00,57.00,7.3992,-1,-1,-1
4313,10,1323.00,968.00,112.00,67.00,7.1036,-1,-1,-1
4314,6,1743.00,1065.00,100.00,58.00,7.3837,-1,-1,-1
4314,10,1321.00,967.00,116.00,70.00,7.1762,-1,-1,-1
4315,6,1743.00,1066.00,95.00,55.00,7.3522,-1,-1,-1
4315,10,1319.00,967.00,119.00,70.00,7.2358,-1,-1,-1
4316,6,1742.00,1065.00,97.00,57.00,7.3156,-1,-1,-1
4316,10,1317.00,967.00,120.00,70.00,7.2533,-1,-1,-1
4317,6,1742.00,1065.00,95.00,56.00,7.2968,-1,-1,-1
4317,10,1316.00,967.00,121.00,71.00,7.2700,-1,-1,-1
4318,10,1310.00,965.00,129.00,77.00,7.2832,-1,-1,-1
4318,6,1741.00,1065.00,92.00,54.00,7.2728,-1,-1,-1
4319,10,1308.00,965.00,130.00,78.00,7.2826,-1,-1,-1
4319,6,1740.00,1065.00,92.00,54.00,7.2689,-1,-1,-1
4320,6,1739.00,1066.00,91.00,53.00,7.2626,-1,-1,-1
4320,10,1307.00,966.00,129.00,77.00,7.2602,-1,-1,-1
4321,6,1739.00,1066.00,88.00,51.00,7.2592,-1,-1,-1
4321,10,1309.00,973.00,111.00,67.00,7.1355,-1,-1,-1
4322,6,1737.00,1066.00,90.00,52.00,7.2591,-1,-1,-1
4322,10,1308.00,974.00,110.00,67.00,7.0447,-1,-1,-1
4323,6,1734.00,1065.00,92.00,53.00,7.2784,-1,-1,-1
4323,10,1306.00,975.00,110.00,66.00,6.9739,-1,-1,-1
4324,6,1731.00,1065.00,95.00,53.00,7.3206,-1,-1,-1
4324,10,1305.00,977.00,109.00,65.00,6.9047,-1,-1,-1
4325,6,1727.00,1064.00,100.00,55.00,7.3577,-1,-1,-1
4325,10,1303.00,975.00,115.00,68.00,6.8558,-1,-1,-1
4326,6,1727.00,1065.00,98.00,53.00,7.3543,-1,-1,-1
4326,10,1302.00,976.00,115.00,67.00,6.8430,-1,-1,-1
4327,6,1724.00,1064.00,100.00,55.00,7.3534,-1,-1,-1
4327,10,1300.00,978.00,116.00,66.00,6.8406,-1,-1,-1
4328,6,1721.00,1060.00,102.00,58.00,7.3605,-1,-1,-1
4328,10,1299.00,978.00,115.00,66.00,6.8420,-1,-1,-1
4329,6,1718.00,1060.00,103.00,58.00,7.4106,-1,-1,-1
4329,10,1297.00,979.00,115.00,66.00,6.8120,-1,-1,-1
4330,6,1716.00,1059.00,104.00,59.00,7.4884,-1,-1,-1
4330,10,1296.00,979.00,117.00,67.00,6.7693,-1,-1,-1
4331,6,1712.00,1058.00,107.00,59.00,7.5432,-1,-1,-1
4331,10,1295.00,981.00,115.00,66.00,6.7138,-1,-1,-1
4332,6,1710.00,1057.00,109.00,60.00,7.5575,-1,-1,-1
4332,10,1294.00,982.00,109.00,65.00,6.6310,-1,-1,-1
4333,6,1711.00,1057.00,102.00,59.00,7.5468,-1,-1,-1
4333,10,1292.00,982.00,110.00,65.00,6.5669,-1,-1,-1
4334,6,1710.00,1057.00,103.00,59.00,7.5275,-1,-1,-1
4334,10,1291.00,980.00,117.00,68.00,6.5338,-1,-1,-1
4335,6,1707.00,1056.00,107.00,61.00,7.4854,-1,-1,-1
4335,10,1289.00,981.00,117.00,67.00,6.5443,-1,-1,-1
4336,6,1705.00,1056.00,108.00,61.00,7.4882,-1,-1,-1
4336,10,1287.00,982.00,115.00,66.00,6.5722,-1,-1,-1
4337,6,1703.00,1055.00,110.00,63.00,7.5051,-1,-1,-1
4337,10,1287.00,983.00,105.00,65.00,6.5559,-1,-1,-1
4338,6,1701.00,1055.00,111.00,63.00,7.5036,-1,-1,-1
4338,10,1284.00,984.00,109.00,65.00,6.5476,-1,-1,-1
4339,6,1701.00,1055.00,108.00,62.00,7.4941,-1,-1,-1
4339,10,1283.00,985.00,109.00,64.00,6.5252,-1,-1,-1
4340,6,1700.00,1055.00,108.00,60.00,7.4767,-1,-1,-1
4340,10,1282.00,987.00,106.00,65.00,6.4957,-1,-1,-1
4341,6,1702.00,1058.00,101.00,55.00,7.4304,-1,-1,-1
4341,10,1282.00,988.00,104.00,64.00,6.5178,-1,-1,-1
4342,6,1702.00,1058.00,98.00,55.00,7.3909,-1,-1,-1
4342,10,1281.00,989.00,103.00,63.00,6.5470,-1,-1,-1
4343,6,1700.00,1054.00,99.00,60.00,7.3603,-1,-1,-1
4343,10,1280.00,990.00,100.00,62.00,6.5893,-1,-1,-1
4344,6,1699.00,1055.00,99.00,59.00,7.3394,-1,-1,-1
4344,10,1277.00,991.00,102.00,63.00,6.6397,-1,-1,-1
4345,6,1698.00,1055.00,98.00,58.00,7.3282,-1,-1,-1
4345,10,1276.00,992.00,104.00,62.00,6.6945,-1,-1,-1
4346,6,1697.00,1055.00,99.00,59.00,7.3558,-1,-1,-1
4346,10,1273.00,991.00,112.00,65.00,6.7631,-1,-1,-1
4347,6,1695.00,1054.00,101.00,60.00,7.4180,-1,-1,-1
4347,10,1272.00,991.00,112.00,65.00,6.8103,-1,-1,-1
4348,6,1694.00,1055.00,101.00,59.00,7.4715,-1,-1,-1
4348,10,1270.00,990.00,116.00,68.00,6.8569,-1,-1,-1
4349,6,1693.00,1055.00,102.00,60.00,7.5148,-1,-1,-1
4349,10,1269.00,990.00,114.00,68.00,6.9042,-1,-1,-1
4350,6,1692.00,1054.00,103.00,63.00,7.5491,-1,-1,-1
4350,10,1266.00,991.00,115.00,68.00,6.9480,-1,-1,-1
4351,6,1691.00,1055.00,104.00,64.00,7.5436,-1,-1,-1
4351,10,1265.00,992.00,116.00,67.00,6.9803,-1,-1,-1
4352,6,1691.00,1056.00,99.00,61.00,7.5360,-1,-1,-1
4352,10,1263.00,992.00,115.00,67.00,7.0001,-1,-1,-1
4353,6,1690.00,1056.00,98.00,59.00,7.5322,-1,-1,-1
4353,10,1261.00,991.00,118.00,69.00,7.0103,-1,-1,-1
4354,6,1690.00,1056.00,96.00,59.00,7.5310,-1,-1,-1
4354,10,1259.00,990.00,122.00,70.00,7.0288,-1,-1,-1
4355,6,1689.00,1056.00,96.00,58.00,7.5177,-1,-1,-1
4355,10,1258.00,989.00,124.00,72.00,7.0523,-1,-1,-1
4356,6,1689.00,1056.00,94.00,56.00,7.4947,-1,-1,-1
4356,10,1257.00,990.00,120.00,70.00,7.0369,-1,-1,-1
4357,6,1685.00,1054.00,97.00,57.00,7.4311,-1,-1,-1
4357,10,1257.00,991.00,113.00,68.00,6.9985,-1,-1,-1
4358,6,1684.00,1053.00,98.00,58.00,7.4132,-1,-1,-1
4358,10,1256.00,990.00,117.00,69.00,6.9888,-1,-1,-1
4359,6,1682.00,1053.00,100.00,58.00,7.4074,-1,-1,-1
4359,10,1253.00,989.00,120.00,72.00,7.0070,-1,-1,-1
4360,6,1680.00,1053.00,101.00,59.00,7.4191,-1,-1,-1
4360,10,1251.00,991.00,120.00,72.00,7.0008,-1,-1,-1
4361,6,1679.00,1054.00,102.00,57.00,7.4130,-1,-1,-1
4361,10,1250.00,991.00,122.00,72.00,6.9974,-1,-1,-1
4362,6,1679.00,1056.00,99.00,56.00,7.3570,-1,-1,-1
4362,10,1249.00,992.00,123.00,72.00,7.0030,-1,-1,-1
4363,6,1674.00,1052.00,104.00,61.00,7.3662,-1,-1,-1
4363,10,1247.00,993.00,123.00,72.00,6.9987,-1,-1,-1
4364,6,1670.00,1052.00,108.00,61.00,7.4306,-1,-1,-1
4364,10,1245.00,993.00,124.00,73.00,6.9664,-1,-1,-1
4365,6,1668.00,1052.00,110.00,62.00,7.5081,-1,-1,-1
4365,10,1243.00,997.00,122.00,71.00,6.8990,-1,-1,-1
4366,6,1665.00,1051.00,113.00,63.00,7.5951,-1,-1,-1
4366,10,1241.00,1000.00,115.00,68.00,6.6983,-1,-1,-1
4367,6,1664.00,1051.00,112.00,64.00,7.6768,-1,-1,-1
4367,10,1239.00,1003.00,107.00,66.00,6.5547,-1,-1,-1
4368,6,1663.00,1052.00,111.00,61.00,7.7281,-1,-1,-1
4368,10,1239.00,1005.00,103.00,64.00,6.4627,-1,-1,-1
4369,6,1661.00,1053.00,112.00,60.00,7.7459,-1,-1,-1
4369,10,1237.00,1004.00,104.00,64.00,6.3967,-1,-1,-1
4370,6,1660.00,1054.00,107.00,57.00,7.6915,-1,-1,-1
4370,10,1235.00,1005.00,103.00,64.00,6.3871,-1,-1,-1
4371,6,1658.00,1054.00,107.00,57.00,7.6339,-1,-1,-1
4371,10,1234.00,1006.00,99.00,63.00,6.4114,-1,-1,-1
4372,6,1657.00,1053.00,109.00,58.00,7.5766,-1,-1,-1
4372,10,1235.00,1010.00,94.00,61.00,6.4292,-1,-1,-1
4373,6,1657.00,1052.00,105.00,58.00,7.4775,-1,-1,-1
4373,10,1232.00,1007.00,96.00,63.00,6.4708,-1,-1,-1
4374,6,1655.00,1051.00,109.00,60.00,7.4126,-1,-1,-1
4374,10,1232.00,1006.00,97.00,65.00,6.5285,-1,-1,-1
4375,6,1655.00,1052.00,108.00,60.00,7.3846,-1,-1,-1
4375,10,1230.00,1007.00,98.00,67.00,6.5606,-1,-1,-1
4376,6,1654.00,1051.00,105.00,62.00,7.3077,-1,-1,-1
4376,10,1228.00,1006.00,97.00,71.00,6.6043,-1,-1,-1
4377,6,1653.00,1052.00,101.00,61.00,7.1444,-1,-1,-1
4377,10,1226.00,1005.00,101.00,74.00,6.6509,-1,-1,-1
4378,6,1653.00,1051.00,98.00,61.00,7.0354,-1,-1,-1
4378,10,1225.00,1005.00,96.00,73.00,6.7037,-1,-1,-1
4379,6,1652.00,1052.00,98.00,60.00,7.0015,-1,-1,-1
4379,10,1223.00,1003.00,101.00,77.00,6.7782,-1,-1,-1
4380,6,1652.00,1052.00,97.00,60.00,6.9784,-1,-1,-1
4380,10,1221.00,1003.00,105.00,78.00,6.8400,-1,-1,-1
4381,6,1651.00,1051.00,98.00,61.00,6.9315,-1,-1,-1
4381,10,1220.00,1004.00,99.00,77.00,6.8696,-1,-1,-1
4382,6,1651.00,1051.00,97.00,60.00,6.9128,-1,-1,-1
4382,10,1217.00,1003.00,100.00,79.00,6.8856,-1,-1,-1
4383,6,1650.00,1052.00,98.00,59.00,6.9064,-1,-1,-1
4383,10,1215.00,1005.00,102.00,77.00,6.9032,-1,-1,-1
4384,6,1649.00,1052.00,99.00,59.00,6.9284,-1,-1,-1
4384,10,1213.00,1006.00,103.00,78.00,6.9240,-1,-1,-1
4385,6,1648.00,1053.00,99.00,59.00,6.9530,-1,-1,-1
4385,10,1212.00,1009.00,104.00,74.00,6.9358,-1,-1,-1
4386,6,1647.00,1053.00,101.00,61.00,7.0279,-1,-1,-1
4386,10,1211.00,1011.00,106.00,73.00,6.9405,-1,-1,-1
4387,6,1645.00,1054.00,101.00,59.00,7.0725,-1,-1,-1
4387,10,1207.00,1011.00,113.00,76.00,6.9694,-1,-1,-1
4388,6,1645.00,1054.00,95.00,57.00,7.1078,-1,-1,-1
4388,10,1207.00,1013.00,111.00,75.00,7.0087,-1,-1,-1
4389,6,1644.00,1053.00,96.00,57.00,7.1487,-1,-1,-1
4389,10,1206.00,1014.00,109.00,73.00,7.0313,-1,-1,-1
4390,6,1642.00,1053.00,96.00,57.00,7.1758,-1,-1,-1
4390,10,1205.00,1015.00,108.00,73.00,7.0594,-1,-1,-1
4391,6,1642.00,1053.00,94.00,58.00,7.2101,-1,-1,-1
4391,10,1205.00,1015.00,108.00,73.00,7.0915,-1,-1,-1
4392,6,1641.00,1054.00,95.00,57.00,7.2424,-1,-1,-1
4392,10,1204.00,1017.00,106.00,71.00,7.0964,-1,-1,-1
4393,6,1640.00,1053.00,96.00,60.00,7.2773,-1,-1,-1
4393,10,1203.00,1019.00,106.00,70.00,7.0541,-1,-1,-1
4394,6,1638.00,1053.00,98.00,60.00,7.3136,-1,-1,-1
4394,10,1202.00,1018.00,107.00,72.00,7.0088,-1,-1,-1
4395,6,1638.00,1052.00,97.00,60.00,7.3278,-1,-1,-1
4395,10,1200.00,1017.00,112.00,74.00,6.9616,-1,-1,-1
4396,6,1636.00,1052.00,98.00,60.00,7.3549,-1,-1,-1
4396,10,1199.00,1021.00,110.00,69.00,6.8513,-1,-1,-1
4397,6,1635.00,1053.00,98.00,58.00,7.3848,-1,-1,-1
4397,10,1200.00,1024.00,101.00,68.00,6.6816,-1,-1,-1
4398,6,1632.00,1052.00,103.00,59.00,7.4331,-1,-1,-1
4398,10,1199.00,1027.00,91.00,67.00,6.5848,-1,-1,-1
4399,6,1630.00,1052.00,106.00,59.00,7.4768,-1,-1,-1
4399,10,1198.00,1028.00,92.00,66.00,6.5479,-1,-1,-1
4400,6,1628.00,1051.00,108.00,60.00,7.4951,-1,-1,-1
4400,10,1198.00,1029.00,91.00,65.00,6.5656,-1,-1,-1
4401,6,1628.00,1052.00,107.00,59.00,7.4668,-1,-1,-1
4401,10,1196.00,1031.00,92.00,63.00,6.5959,-1,-1,-1
4402,6,1627.00,1053.00,107.00,58.00,7.4485,-1,-1,-1
4402,10,1196.00,1033.00,93.00,61.00,6.6043,-1,-1,-1
4403,6,1625.00,1052.00,110.00,60.00,7.4227,-1,-1,-1
4403,10,1194.00,1037.00,94.00,59.00,6.6267,-1,-1,-1
4404,6,1627.00,1053.00,106.00,58.00,7.3714,-1,-1,-1
4404,10,1194.00,1038.00,91.00,58.00,6.6426,-1,-1,-1
4405,6,1627.00,1055.00,106.00,56.00,7.3504,-1,-1,-1
4405,10,1194.00,1038.00,92.00,59.00,6.6730,-1,-1,-1
4406,6,1627.00,1056.00,105.00,54.00,7.3334,-1,-1,-1
4406,10,1194.00,1038.00,94.00,59.00,6.7029,-1,-1,-1
4407,6,1627.00,1056.00,106.00,54.00,7.3278,-1,-1,-1
4407,10,1192.00,1038.00,97.00,61.00,6.7104,-1,-1,-1
4408,6,1627.00,1056.00,108.00,54.00,7.3246,-1,-1,-1
4408,10,1192.00,1037.00,98.00,63.00,6.7487,-1,-1,-1
4409,6,1628.00,1056.00,105.00,53.00,7.2873,-1,-1,-1
4409,10,1192.00,1036.00,101.00,64.00,6.7594,-1,-1,-1
4410,6,1628.00,1057.00,105.00,52.00,7.2622,-1,-1,-1
4410,10,1191.00,1037.00,104.00,64.00,6.7537,-1,-1,-1
4411,6,1625.00,1055.00,111.00,55.00,7.2244,-1,-1,-1
4411,10,1191.00,1037.00,105.00,65.00,6.7315,-1,-1,-1
4412,6,1626.00,1056.00,105.00,54.00,7.1779,-1,-1,-1
4412,10,1191.00,1036.00,112.00,67.00,6.7138,-1,-1,-1
4413,6,1625.00,1055.00,106.00,55.00,7.1212,-1,-1,-1
4413,10,1192.00,1036.00,112.00,68.00,6.7287,-1,-1,-1
4414,6,1626.00,1056.00,104.00,54.00,7.0624,-1,-1,-1
4414,10,1192.00,1038.00,104.00,65.00,6.7324,-1,-1,-1
4415,6,1625.00,1057.00,103.00,53.00,7.0159,-1,-1,-1
4415,10,1190.00,1037.00,112.00,67.00,6.7609,-1,-1,-1
4416,6,1625.00,1057.00,103.00,52.00,6.9737,-1,-1,-1
4416,10,1190.00,1037.00,117.00,68.00,6.8113,-1,-1,-1
4417,6,1625.00,1057.00,102.00,52.00,6.9197,-1,-1,-1
4417,10,1189.00,1038.00,120.00,68.00,6.8545,-1,-1,-1
4418,6,1624.00,1058.00,101.00,51.00,6.8830,-1,-1,-1
4418,10,1188.00,1038.00,118.00,69.00,6.8826,-1,-1,-1
4419,10,1187.00,1039.00,117.00,67.00,6.9215,-1,-1,-1
4419,6,1624.00,1058.00,102.00,52.00,6.8650,-1,-1,-1
4420,10,1187.00,1039.00,116.00,68.00,6.9509,-1,-1,-1
4420,6,1623.00,1059.00,103.00,51.00,6.8845,-1,-1,-1
4421,10,1186.00,1039.00,113.00,68.00,6.9873,-1,-1,-1
4421,6,1623.00,1059.00,100.00,51.00,6.9283,-1,-1,-1
4422,10,1184.00,1041.00,113.00,67.00,7.0200,-1,-1,-1
4422,6,1620.00,1058.00,105.00,53.00,6.9985,-1,-1,-1
4423,6,1619.00,1058.00,106.00,54.00,7.0902,-1,-1,-1
4423,10,1184.00,1042.00,114.00,66.00,7.0508,-1,-1,-1
4424,6,1617.00,1057.00,107.00,55.00,7.1579,-1,-1,-1
4424,10,1184.00,1043.00,112.00,67.00,7.0927,-1,-1,-1
4425,6,1616.00,1058.00,104.00,54.00,7.1670,-1,-1,-1
4425,10,1183.00,1044.00,112.00,67.00,7.1508,-1,-1,-1
4426,10,1183.00,1045.00,109.00,66.00,7.2096,-1,-1,-1
4426,6,1617.00,1059.00,98.00,52.00,7.1959,-1,-1,-1
4427,10,1183.00,1046.00,108.00,66.00,7.2430,-1,-1,-1
4427,6,1616.00,1060.00,100.00,51.00,7.2067,-1,-1,-1
4428,10,1182.00,1046.00,107.00,66.00,7.2432,-1,-1,-1
4428,6,1614.00,1060.00,104.00,53.00,7.2299,-1,-1,-1
4429,6,1613.00,1061.00,104.00,52.00,7.2562,-1,-1,-1
4429,10,1180.00,1047.00,109.00,66.00,7.2282,-1,-1,-1
4430,6,1610.00,1059.00,108.00,56.00,7.2919,-1,-1,-1
4430,10,1179.00,1051.00,102.00,63.00,7.1301,-1,-1,-1
4431,6,1610.00,1059.00,107.00,55.00,7.3370,-1,-1,-1
4431,10,1177.00,1050.00,102.00,66.00,7.0562,-1,-1,-1
4432,6,1608.00,1060.00,107.00,53.00,7.3713,-1,-1,-1
4432,10,1174.00,1052.00,103.00,65.00,6.9926,-1,-1,-1
4433,6,1606.00,1060.00,109.00,53.00,7.3945,-1,-1,-1
4433,10,1171.00,1052.00,109.00,67.00,6.9472,-1,-1,-1
4434,6,1605.00,1061.00,108.00,52.00,7.4279,-1,-1,-1
4434,10,1169.00,1054.00,106.00,65.00,6.8972,-1,-1,-1
4435,6,1603.00,1061.00,108.00,51.00,7.4465,-1,-1,-1
4435,10,1168.00,1053.00,109.00,66.00,6.8466,-1,-1,-1
4436,6,1606.00,1063.00,102.00,48.00,7.4399,-1,-1,-1
4436,10,1165.00,1051.00,114.00,69.00,6.7535,-1,-1,-1
4437,6,1604.00,1063.00,104.00,50.00,7.4461,-1,-1,-1
4437,10,1163.00,1050.00,114.00,73.00,6.6862,-1,-1,-1
4438,6,1602.00,1064.00,107.00,49.00,7.4436,-1,-1,-1
4438,10,1160.00,1046.00,118.00,75.00,6.6407,-1,-1,-1
4439,6,1599.00,1063.00,108.00,51.00,7.4428,-1,-1,-1
4439,10,1158.00,1049.00,118.00,75.00,6.6250,-1,-1,-1
4440,6,1595.00,1060.00,112.00,54.00,7.4492,-1,-1,-1
4440,10,1158.00,1048.00,113.00,74.00,6.6128,-1,-1,-1
4441,6,1593.00,1061.00,115.00,54.00,7.4579,-1,-1,-1
4441,10,1157.00,1058.00,103.00,68.00,6.5451,-1,-1,-1
4442,6,1593.00,1061.00,115.00,55.00,7.4732,-1,-1,-1
4442,10,1158.00,1063.00,87.00,62.00,6.5346,-1,-1,-1
4443,6,1590.00,1061.00,116.00,55.00,7.4899,-1,-1,-1
4443,10,1156.00,1057.00,102.00,70.00,6.5113,-1,-1,-1
4444,6,1589.00,1061.00,115.00,54.00,7.4690,-1,-1,-1
4444,10,1154.00,1058.00,102.00,70.00,6.5133,-1,-1,-1
4445,6,1588.00,1060.00,114.00,55.00,7.4434,-1,-1,-1
4445,10,1152.00,1054.00,110.00,75.00,6.5337,-1,-1,-1
4446,6,1588.00,1060.00,114.00,56.00,7.3984,-1,-1,-1
4446,10,1150.00,1052.00,115.00,76.00,6.5770,-1,-1,-1
4447,6,1589.00,1062.00,106.00,53.00,7.3389,-1,-1,-1
4447,10,1148.00,1054.00,112.00,75.00,6.6132,-1,-1,-1
4448,6,1587.00,1062.00,107.00,53.00,7.2832,-1,-1,-1
4448,10,1144.00,1054.00,118.00,77.00,6.6723,-1,-1,-1
4449,6,1584.00,1060.00,108.00,56.00,7.2949,-1,-1,-1
4449,10,1142.00,1057.00,111.00,74.00,6.7281,-1,-1,-1
4450,6,1583.00,1060.00,106.00,56.00,7.3544,-1,-1,-1
4450,10,1140.00,1053.00,124.00,79.00,6.8057,-1,-1,-1
4451,6,1583.00,1060.00,104.00,56.00,7.4036,-1,-1,-1
4451,10,1139.00,1054.00,119.00,79.00,6.8873,-1,-1,-1
4452,6,1581.00,1060.00,105.00,56.00,7.4153,-1,-1,-1
4452,10,1137.00,1054.00,121.00,80.00,6.9465,-1,-1,-1
4453,6,1579.00,1062.00,104.00,54.00,7.4122,-1,-1,-1
4453,10,1136.00,1056.00,119.00,78.00,6.9827,-1,-1,-1
4454,6,1577.00,1062.00,105.00,53.00,7.4081,-1,-1,-1
4454,10,1134.00,1058.00,119.00,77.00,7.0168,-1,-1,-1
4455,6,1571.00,1059.00,113.00,57.00,7.3869,-1,-1,-1
4455,10,1132.00,1062.00,114.00,74.00,7.0023,-1,-1,-1
4456,6,1570.00,1059.00,113.00,57.00,7.4160,-1,-1,-1
4456,10,1132.00,1065.00,112.00,72.00,6.9977,-1,-1,-1
4457,6,1568.00,1059.00,112.00,57.00,7.4652,-1,-1,-1
4457,10,1130.00,1065.00,114.00,72.00,6.9996,-1,-1,-1
4458,6,1566.00,1059.00,112.00,56.00,7.4966,-1,-1,-1
4458,10,1129.00,1070.00,109.00,68.00,6.9974,-1,-1,-1
4459,6,1568.00,1061.00,102.00,52.00,7.5104,-1,-1,-1
4459,10,1127.00,1072.00,108.00,67.00,6.9527,-1,-1,-1
4460,6,1566.00,1061.00,103.00,53.00,7.5198,-1,-1,-1
4460,10,1128.00,1075.00,103.00,64.00,6.8430,-1,-1,-1
4461,6,1563.00,1059.00,103.00,56.00,7.5678,-1,-1,-1
4461,10,1125.00,1076.00,104.00,63.00,6.7264,-1,-1,-1
4462,6,1562.00,1059.00,103.00,57.00,7.6220,-1,-1,-1
4462,10,1124.00,1079.00,93.00,62.00,6.6525,-1,-1,-1
4463,6,1561.00,1060.00,105.00,57.00,7.6615,-1,-1,-1
4463,10,1123.00,1083.00,92.00,59.00,6.5774,-1,-1,-1
4464,6,1559.00,1060.00,106.00,57.00,7.7059,-1,-1,-1
4464,10,1121.00,1084.00,94.00,59.00,6.5874,-1,-1,-1
4465,6,1556.00,1060.00,109.00,57.00,7.7333,-1,-1,-1
4465,10,1119.00,1084.00,94.00,60.00,6.5737,-1,-1,-1
4466,6,1554.00,1062.00,107.00,55.00,7.7115,-1,-1,-1
4466,10,1118.00,1083.00,96.00,62.00,6.5566,-1,-1,-1
4467,6,1553.00,1061.00,107.00,56.00,7.6936,-1,-1,-1
4467,10,1115.00,1083.00,99.00,63.00,6.5572,-1,-1,-1
4468,6,1551.00,1061.00,108.00,55.00,7.6794,-1,-1,-1
4468,10,1115.00,1079.00,102.00,66.00,6.5718,-1,-1,-1
4469,6,1549.00,1058.00,111.00,59.00,7.6950,-1,-1,-1
4469,10,1112.00,1084.00,100.00,64.00,6.5796,-1,-1,-1
4470,6,1548.00,1057.00,113.00,60.00,7.7133,-1,-1,-1
4470,10,1110.00,1086.00,101.00,63.00,6.5883,-1,-1,-1
4471,6,1546.00,1058.00,114.00,59.00,7.7311,-1,-1,-1
4471,10,1109.00,1084.00,106.00,66.00,6.6147,-1,-1,-1
4472,6,1544.00,1057.00,116.00,60.00,7.7627,-1,-1,-1
4472,10,1107.00,1083.00,109.00,69.00,6.6500,-1,-1,-1
4473,6,1542.00,1057.00,118.00,60.00,7.7971,-1,-1,-1
4473,10,1105.00,1084.00,111.00,69.00,6.6809,-1,-1,-1
4474,6,1541.00,1058.00,117.00,59.00,7.8133,-1,-1,-1
4474,10,1105.00,1084.00,109.00,70.00,6.6932,-1,-1,-1
4475,6,1541.00,1057.00,117.00,60.00,7.8380,-1,-1,-1
4475,10,1103.00,1084.00,112.00,72.00,6.7519,-1,-1,-1
4476,6,1541.00,1060.00,115.00,57.00,7.8411,-1,-1,-1
4476,10,1100.00,1084.00,111.00,73.00,6.7995,-1,-1,-1
4477,6,1542.00,1061.00,113.00,57.00,7.8220,-1,-1,-1
4477,10,1097.00,1082.00,117.00,77.00,6.8489,-1,-1,-1
4478,6,1541.00,1061.00,114.00,57.00,7.7885,-1,-1,-1
4478,10,1095.00,1085.00,113.00,75.00,6.8946,-1,-1,-1
4479,6,1542.00,1062.00,108.00,56.00,7.7256,-1,-1,-1
4479,10,1093.00,1085.00,118.00,76.00,6.9307,-1,-1,-1
4480,6,1541.00,1064.00,108.00,54.00,7.6735,-1,-1,-1
4480,10,1091.00,1086.00,120.00,76.00,6.9527,-1,-1,-1
4481,6,1541.00,1064.00,106.00,54.00,7.6301,-1,-1,-1
4481,10,1090.00,1083.00,125.00,80.00,6.9662,-1,-1,-1
4482,6,1540.00,1064.00,105.00,54.00,7.5920,-1,-1,-1
4482,10,1089.00,1082.00,127.00,82.00,6.9959,-1,-1,-1
4483,6,1537.00,1065.00,107.00,54.00,7.5474,-1,-1,-1
4483,10,1088.00,1084.00,129.00,81.00,6.9931,-1,-1,-1
4484,6,1537.00,1065.00,99.00,55.00,7.5202,-1,-1,-1
4484,10,1086.00,1084.00,129.00,81.00,6.9977,-1,-1,-1
4485,6,1534.00,1066.00,98.00,54.00,7.4937,-1,-1,-1
4485,10,1084.00,1085.00,127.00,81.00,6.9872,-1,-1,-1
4486,6,1532.00,1066.00,98.00,54.00,7.4536,-1,-1,-1
4486,10,1083.00,1086.00,127.00,80.00,6.9593,-1,-1,-1
4487,6,1531.00,1067.00,100.00,53.00,7.4149,-1,-1,-1
4487,10,1083.00,1087.00,126.00,77.00,6.9094,-1,-1,-1
4488,6,1530.00,1067.00,99.00,52.00,7.3756,-1,-1,-1
4488,10,1080.00,1090.00,125.00,75.00,6.7943,-1,-1,-1
4489,6,1527.00,1068.00,102.00,51.00,7.3365,-1,-1,-1
4489,10,1080.00,1095.00,115.00,72.00,6.6919,-1,-1,-1
4490,6,1526.00,1068.00,103.00,52.00,7.2859,-1,-1,-1
4490,10,1078.00,1092.00,121.00,76.00,6.6367,-1,-1,-1
4491,6,1525.00,1069.00,101.00,51.00,7.2421,-1,-1,-1
4491,10,1074.00,1097.00,120.00,76.00,6.5885,-1,-1,-1
4492,6,1522.00,1069.00,103.00,52.00,7.2162,-1,-1,-1
4492,10,1072.00,1104.00,112.00,68.00,6.4771,-1,-1,-1
4493,6,1521.00,1069.00,101.00,52.00,7.1971,-1,-1,-1
4493,10,1072.00,1103.00,115.00,69.00,6.4173,-1,-1,-1
4494,6,1519.00,1069.00,101.00,52.00,7.1829,-1,-1,-1
4494,10,1074.00,1109.00,96.00,63.00,6.3338,-1,-1,-1
4495,6,1517.00,1070.00,102.00,52.00,7.1489,-1,-1,-1
4495,10,1068.00,1104.00,120.00,72.00,6.3742,-1,-1,-1
4496,6,1512.00,1067.00,109.00,57.00,7.1504,-1,-1,-1
4496,10,1071.00,1108.00,101.00,66.00,6.3581,-1,-1,-1
4497,6,1513.00,1071.00,104.00,51.00,7.1132,-1,-1,-1
4497,10,1069.00,1110.00,98.00,65.00,6.3894,-1,-1,-1
4498,6,1508.00,1070.00,112.00,55.00,7.1409,-1,-1,-1
4498,10,1067.00,1108.00,100.00,68.00,6.4399,-1,-1,-1
4499,6,1506.00,1070.00,115.00,55.00,7.1265,-1,-1,-1
4499,10,1067.00,1109.00,99.00,66.00,6.4928,-1,-1,-1
4500,6,1505.00,1071.00,108.00,55.00,7.1317,-1,-1,-1
4500,10,1064.00,1110.00,98.00,67.00,6.5552,-1,-1,-1
4501,6,1503.00,1071.00,110.00,56.00,7.1158,-1,-1,-1
4501,10,1062.00,1111.00,102.00,68.00,6.6254,-1,-1,-1
4502,6,1501.00,1071.00,110.00,56.00,7.1053,-1,-1,-1
4502,10,1061.00,1112.00,103.00,69.00,6.6718,-1,-1,-1
4503,6,1499.00,1072.00,109.00,55.00,7.1000,-1,-1,-1
4503,10,1059.00,1111.00,108.00,71.00,6.7119,-1,-1,-1
4504,6,1497.00,1073.00,110.00,54.00,7.0742,-1,-1,-1
4504,10,1059.00,1110.00,106.00,71.00,6.6970,-1,-1,-1
4505,6,1495.00,1074.00,110.00,53.00,7.0558,-1,-1,-1
4505,10,1058.00,1111.00,103.00,71.00,6.7031,-1,-1,-1
4506,6,1493.00,1075.00,110.00,53.00,7.0106,-1,-1,-1
4506,10,1057.00,1110.00,103.00,72.00,6.6901,-1,-1,-1
4507,6,1492.00,1075.00,108.00,53.00,6.9633,-1,-1,-1
4507,10,1055.00,1110.00,105.00,74.00,6.6884,-1,-1,-1
4508,6,1489.00,1074.00,108.00,56.00,6.9301,-1,-1,-1
4508,10,1053.00,1115.00,100.00,71.00,6.6161,-1,-1,-1
4509,6,1485.00,1071.00,112.00,61.00,6.8914,-1,-1,-1
4509,10,1049.00,1117.00,100.00,71.00,6.6248,-1,-1,-1
4510,6,1483.00,1071.00,112.00,61.00,6.8191,-1,-1,-1
4510,10,1046.00,1117.00,105.00,71.00,6.6826,-1,-1,-1
4511,6,1483.00,1073.00,107.00,58.00,6.7339,-1,-1,-1
4511,10,1045.00,1117.00,109.00,73.00,6.7126,-1,-1,-1
4512,10,1042.00,1117.00,111.00,74.00,6.7664,-1,-1,-1
4512,6,1480.00,1074.00,107.00,58.00,6.6437,-1,-1,-1
4513,10,1041.00,1118.00,111.00,73.00,6.7976,-1,-1,-1
4513,6,1479.00,1073.00,108.00,59.00,6.6185,-1,-1,-1
4514,10,1041.00,1119.00,111.00,71.00,6.8013,-1,-1,-1
4514,6,1478.00,1074.00,106.00,58.00,6.6136,-1,-1,-1
4515,10,1039.00,1123.00,107.00,69.00,6.7155,-1,-1,-1
4515,6,1479.00,1072.00,109.00,61.00,6.6564,-1,-1,-1
4516,6,1478.00,1073.00,109.00,61.00,6.6904,-1,-1,-1
4516,10,1038.00,1121.00,108.00,72.00,6.6197,-1,-1,-1
4517,6,1478.00,1073.00,108.00,61.00,6.7353,-1,-1,-1
4517,10,1038.00,1127.00,101.00,69.00,6.4827,-1,-1,-1
4518,6,1478.00,1073.00,109.00,62.00,6.7864,-1,-1,-1
4518,10,1037.00,1127.00,104.00,71.00,6.4059,-1,-1,-1
4519,6,1477.00,1073.00,111.00,62.00,6.8226,-1,-1,-1
4519,10,1036.00,1130.00,98.00,69.00,6.3664,-1,-1,-1
4520,6,1476.00,1074.00,111.00,61.00,6.8328,-1,-1,-1
4520,10,1032.00,1130.00,105.00,71.00,6.3276,-1,-1,-1
4521,6,1475.00,1074.00,110.00,61.00,6.8654,-1,-1,-1
4521,10,1028.00,1129.00,112.00,73.00,6.2457,-1,-1,-1
4522,6,1474.00,1075.00,112.00,61.00,6.8983,-1,-1,-1
4522,10,1029.00,1133.00,94.00,68.00,6.1716,-1,-1,-1
4523,6,1474.00,1075.00,111.00,60.00,6.9324,-1,-1,-1
4523,10,1026.00,1133.00,97.00,69.00,6.1332,-1,-1,-1
4524,6,1474.00,1078.00,106.00,57.00,6.9561,-1,-1,-1
4524,10,1025.00,1135.00,96.00,68.00,6.1484,-1,-1,-1
4525,6,1473.00,1078.00,106.00,57.00,6.9918,-1,-1,-1
4525,10,1023.00,1134.00,100.00,69.00,6.1898,-1,-1,-1
4526,6,1472.00,1078.00,106.00,57.00,7.0353,-1,-1,-1
4526,10,1021.00,1133.00,103.00,71.00,6.2062,-1,-1,-1
4527,6,1469.00,1079.00,105.00,56.00,7.0568,-1,-1,-1
4527,10,1020.00,1131.00,103.00,75.00,6.2371,-1,-1,-1
4528,6,1468.00,1079.00,104.00,57.00,7.0801,-1,-1,-1
4528,10,1020.00,1130.00,103.00,77.00,6.2351,-1,-1,-1
4529,6,1468.00,1079.00,103.00,57.00,7.0926,-1,-1,-1
4529,10,1019.00,1126.00,110.00,82.00,6.3059,-1,-1,-1
4530,6,1466.00,1080.00,104.00,57.00,7.0766,-1,-1,-1
4530,10,1018.00,1130.00,108.00,79.00,6.3410,-1,-1,-1
4531,6,1466.00,1080.00,104.00,59.00,7.1089,-1,-1,-1
4531,10,1017.00,1131.00,105.00,78.00,6.3609,-1,-1,-1
4532,6,1465.00,1081.00,100.00,58.00,7.1536,-1,-1,-1
4532,10,1017.00,1135.00,99.00,75.00,6.3621,-1,-1,-1
4533,6,1464.00,1082.00,100.00,57.00,7.2038,-1,-1,-1
4533,10,1015.00,1139.00,98.00,72.00,6.3288,-1,-1,-1
4534,6,1463.00,1082.00,101.00,57.00,7.2439,-1,-1,-1
4534,10,1014.00,1139.00,99.00,73.00,6.3132,-1,-1,-1
4535,6,1457.00,1083.00,105.00,57.00,7.2510,-1,-1,-1
4535,10,1013.00,1142.00,97.00,71.00,6.2771,-1,-1,-1
4536,6,1454.00,1082.00,105.00,58.00,7.2175,-1,-1,-1
4536,10,1010.00,1145.00,97.00,70.00,6.2612,-1,-1,-1
4537,6,1453.00,1083.00,103.00,57.00,7.1228,-1,-1,-1
4537,10,1008.00,1144.00,99.00,72.00,6.2624,-1,-1,-1
4538,6,1453.00,1082.00,104.00,57.00,7.0445,-1,-1,-1
4538,10,1007.00,1148.00,97.00,70.00,6.2793,-1,-1,-1
4539,6,1449.00,1082.00,103.00,56.00,6.9963,-1,-1,-1
4539,10,1006.00,1150.00,96.00,68.00,6.2843,-1,-1,-1
4540,6,1446.00,1083.00,102.00,55.00,6.9551,-1,-1,-1
4540,10,1006.00,1153.00,86.00,66.00,6.2722,-1,-1,-1
4541,6,1445.00,1082.00,102.00,56.00,6.9511,-1,-1,-1
4541,10,1006.00,1148.00,89.00,72.00,6.2790,-1,-1,-1
4542,6,1442.00,1080.00,102.00,60.00,6.9604,-1,-1,-1
4542,10,1003.00,1154.00,85.00,66.00,6.2948,-1,-1,-1
4543,6,1440.00,1081.00,103.00,60.00,7.0066,-1,-1,-1
4543,10,1001.00,1155.00,86.00,66.00,6.3397,-1,-1,-1
4544,6,1439.00,1082.00,102.00,59.00,7.0810,-1,-1,-1
4544,10,1001.00,1157.00,81.00,64.00,6.3692,-1,-1,-1
4545,6,1438.00,1082.00,102.00,58.00,7.1398,-1,-1,-1
4545,10,999.00,1155.00,85.00,68.00,6.4061,-1,-1,-1
4546,6,1435.00,1081.00,108.00,60.00,7.1971,-1,-1,-1
4546,10,998.00,1156.00,86.00,68.00,6.4387,-1,-1,-1
4547,6,1432.00,1081.00,113.00,61.00,7.2433,-1,-1,-1
4547,10,996.00,1156.00,90.00,70.00,6.4607,-1,-1,-1
4548,6,1431.00,1082.00,111.00,60.00,7.2416,-1,-1,-1
4548,10,995.00,1158.00,85.00,69.00,6.4926,-1,-1,-1
4549,6,1430.00,1081.00,112.00,60.00,7.2421,-1,-1,-1
4549,10,993.00,1159.00,85.00,69.00,6.5434,-1,-1,-1
4550,6,1427.00,1080.00,115.00,63.00,7.2836,-1,-1,-1
4550,10,991.00,1156.00,98.00,74.00,6.5435,-1,-1,-1
4551,6,1426.00,1080.00,115.00,63.00,7.3035,-1,-1,-1
4551,10,989.00,1154.00,105.00,77.00,6.5563,-1,-1,-1
4552,6,1424.00,1081.00,116.00,62.00,7.3190,-1,-1,-1
4552,10,989.00,1156.00,95.00,76.00,6.5526,-1,-1,-1
4553,6,1424.00,1081.00,115.00,62.00,7.3317,-1,-1,-1
4553,10,988.00,1156.00,94.00,76.00,6.5685,-1,-1,-1
4554,6,1424.00,1081.00,113.00,62.00,7.3681,-1,-1,-1
4554,10,986.00,1157.00,96.00,77.00,6.6360,-1,-1,-1
4555,6,1425.00,1083.00,111.00,60.00,7.3907,-1,-1,-1
4555,10,984.00,1157.00,98.00,78.00,6.6698,-1,-1,-1
4556,6,1425.00,1083.00,110.00,61.00,7.4138,-1,-1,-1
4556,10,981.00,1160.00,95.00,76.00,6.7228,-1,-1,-1
4557,6,1423.00,1083.00,111.00,61.00,7.4369,-1,-1,-1
4557,10,980.00,1157.00,99.00,80.00,6.7812,-1,-1,-1
4558,6,1423.00,1083.00,109.00,61.00,7.3778,-1,-1,-1
4558,10,977.00,1158.00,101.00,82.00,6.8148,-1,-1,-1
4559,6,1423.00,1087.00,103.00,58.00,7.2865,-1,-1,-1
4559,10,975.00,1162.00,96.00,80.00,6.7804,-1,-1,-1
4560,6,1421.00,1088.00,105.00,58.00,7.2223,-1,-1,-1
4560,10,974.00,1166.00,94.00,76.00,6.6320,-1,-1,-1
4561,6,1420.00,1090.00,102.00,56.00,7.1263,-1,-1,-1
4561,10,975.00,1174.00,88.00,70.00,6.5050,-1,-1,-1
4562,6,1418.00,1091.00,105.00,56.00,7.0327,-1,-1,-1
4562,10,974.00,1174.00,89.00,70.00,6.3513,-1,-1,-1
4563,6,1416.00,1091.00,107.00,57.00,6.9732,-1,-1,-1
4563,10,971.00,1172.00,96.00,74.00,6.2563,-1,-1,-1
4564,6,1416.00,1090.00,105.00,57.00,6.9402,-1,-1,-1
4564,10,971.00,1177.00,90.00,70.00,6.2140,-1,-1,-1
4565,6,1413.00,1090.00,101.00,58.00,6.9438,-1,-1,-1
4565,10,967.00,1169.00,108.00,81.00,6.2350,-1,-1,-1
4566,6,1412.00,1089.00,103.00,60.00,6.9567,-1,-1,-1
4566,10,965.00,1169.00,112.00,82.00,6.3007,-1,-1,-1
4567,6,1410.00,1090.00,103.00,60.00,6.9539,-1,-1,-1
4567,10,964.00,1171.00,109.00,80.00,6.3378,-1,-1,-1
4568,6,1409.00,1090.00,104.00,59.00,6.9516,-1,-1,-1
4568,10,962.00,1172.00,110.00,80.00,6.3372,-1,-1,-1
4569,6,1407.00,1091.00,103.00,57.00,6.9246,-1,-1,-1
4569,10,962.00,1172.00,110.00,81.00,6.3228,-1,-1,-1
4570,6,1406.00,1091.00,104.00,57.00,6.9152,-1,-1,-1
4570,10,962.00,1171.00,111.00,81.00,6.3216,-1,-1,-1
4571,6,1403.00,1092.00,107.00,58.00,6.9314,-1,-1,-1
4571,10,959.00,1174.00,111.00,79.00,6.2953,-1,-1,-1
4572,6,1403.00,1093.00,108.00,58.00,6.9543,-1,-1,-1
4572,10,962.00,1176.00,96.00,77.00,6.2617,-1,-1,-1
4573,6,1399.00,1087.00,114.00,70.00,6.9928,-1,-1,-1
4573,10,960.00,1165.00,123.00,94.00,6.3718,-1,-1,-1
4574,6,1397.00,1088.00,113.00,69.00,6.9275,-1,-1,-1
4574,10,959.00,1165.00,124.00,96.00,6.4457,-1,-1,-1
4575,6,1394.00,1091.00,111.00,67.00,6.8560,-1,-1,-1
4575,10,956.00,1167.00,122.00,94.00,6.4823,-1,-1,-1
4576,6,1393.00,1096.00,96.00,57.00,6.8293,-1,-1,-1
4576,10,953.00,1170.00,120.00,90.00,6.5204,-1,-1,-1
4577,6,1388.00,1097.00,102.00,59.00,6.7046,-1,-1,-1
4577,10,946.00,1174.00,114.00,86.00,6.5702,-1,-1,-1
4578,10,939.00,1171.00,124.00,93.00,6.6473,-1,-1,-1
4578,6,1382.00,1095.00,110.00,66.00,6.5433,-1,-1,-1
4579,10,938.00,1172.00,122.00,94.00,6.6938,-1,-1,-1
4579,6,1378.00,1094.00,113.00,68.00,6.4532,-1,-1,-1
4580,10,934.00,1174.00,123.00,96.00,6.6815,-1,-1,-1
4580,6,1375.00,1093.00,120.00,71.00,6.4408,-1,-1,-1
4581,10,935.00,1172.00,127.00,98.00,6.7572,-1,-1,-1
4581,6,1375.00,1095.00,117.00,68.00,6.4403,-1,-1,-1
4582,10,944.00,1186.00,102.00,79.00,6.5904,-1,-1,-1
4582,6,1382.00,1097.00,106.00,61.00,6.4837,-1,-1,-1
4583,6,1378.00,1100.00,107.00,59.00,6.5497,-1,-1,-1
4583,10,941.00,1189.00,100.00,78.00,6.5048,-1,-1,-1
4584,6,1377.00,1100.00,109.00,60.00,6.6000,-1,-1,-1
4584,10,939.00,1189.00,101.00,80.00,6.4222,-1,-1,-1
4585,6,1376.00,1098.00,111.00,63.00,6.6546,-1,-1,-1
4585,10,938.00,1194.00,93.00,75.00,6.3706,-1,-1,-1
4586,6,1376.00,1101.00,105.00,59.00,6.7189,-1,-1,-1
4586,10,937.00,1196.00,89.00,73.00,6.3244,-1,-1,-1
4587,6,1376.00,1101.00,103.00,59.00,6.7608,-1,-1,-1
4587,10,936.00,1197.00,91.00,73.00,6.2973,-1,-1,-1
4588,6,1373.00,1101.00,106.00,60.00,6.8171,-1,-1,-1
4588,10,936.00,1203.00,78.00,66.00,6.2553,-1,-1,-1
4589,6,1372.00,1101.00,108.00,61.00,6.8788,-1,-1,-1
4589,10,933.00,1202.00,83.00,69.00,6.2260,-1,-1,-1
4590,6,1371.00,1101.00,107.00,61.00,6.9156,-1,-1,-1
4590,10,931.00,1203.00,84.00,70.00,6.1920,-1,-1,-1
4591,6,1371.00,1103.00,106.00,58.00,6.9155,-1,-1,-1
4591,10,929.00,1209.00,78.00,65.00,6.2093,-1,-1,-1
4592,6,1370.00,1104.00,107.00,57.00,6.9053,-1,-1,-1
4592,10,929.00,1208.00,78.00,68.00,6.2030,-1,-1,-1
4593,6,1370.00,1105.00,108.00,57.00,6.8825,-1,-1,-1
4593,10,928.00,1209.00,77.00,68.00,6.1825,-1,-1,-1
4594,6,1369.00,1106.00,105.00,56.00,6.8881,-1,-1,-1
4594,10,928.00,1209.00,78.00,70.00,6.2061,-1,-1,-1
4595,6,1368.00,1106.00,104.00,57.00,6.9076,-1,-1,-1
4595,10,926.00,1210.00,82.00,71.00,6.2085,-1,-1,-1
4596,6,1367.00,1106.00,99.00,57.00,6.9387,-1,-1,-1
4596,10,924.00,1210.00,83.00,73.00,6.2269,-1,-1,-1
4597,6,1367.00,1106.00,98.00,57.00,6.9356,-1,-1,-1
4597,10,921.00,1211.00,85.00,74.00,6.1843,-1,-1,-1
4598,6,1367.00,1106.00,98.00,58.00,6.9331,-1,-1,-1
4598,10,921.00,1207.00,92.00,76.00,6.1586,-1,-1,-1
4599,6,1366.00,1106.00,98.00,58.00,6.9252,-1,-1,-1
4599,10,921.00,1207.00,93.00,77.00,6.1627,-1,-1,-1
4600,6,1364.00,1107.00,100.00,58.00,6.9305,-1,-1,-1
4600,10,920.00,1206.00,98.00,81.00,6.2046,-1,-1,-1
4601,6,1362.00,1104.00,105.00,62.00,6.9152,-1,-1,-1
4601,10,918.00,1207.00,101.00,80.00,6.2457,-1,-1,-1
4602,6,1361.00,1107.00,99.00,59.00,6.8481,-1,-1,-1
4602,10,917.00,1207.00,104.00,81.00,6.3165,-1,-1,-1
4603,6,1360.00,1108.00,98.00,58.00,6.7548,-1,-1,-1
4603,10,914.00,1210.00,99.00,80.00,6.2031,-1,-1,-1
4604,6,1358.00,1112.00,91.00,54.00,6.6831,-1,-1,-1
4604,10,911.00,1210.00,107.00,82.00,6.0666,-1,-1,-1
4605,6,1354.00,1111.00,97.00,54.00,6.6166,-1,-1,-1
4605,10,907.00,1211.00,110.00,82.00,5.8315,-1,-1,-1
4606,6,1350.00,1113.00,92.00,53.00,6.5869,-1,-1,-1
4606,10,904.00,1211.00,114.00,85.00,5.7272,-1,-1,-1
4607,6,1349.00,1113.00,91.00,53.00,6.5674,-1,-1,-1
4607,10,903.00,1207.00,118.00,90.00,5.6490,-1,-1,-1
4608,6,1348.00,1113.00,90.00,54.00,6.5799,-1,-1,-1
4608,10,902.00,1214.00,104.00,84.00,5.5737,-1,-1,-1
4609,6,1346.00,1113.00,92.00,53.00,6.5852,-1,-1,-1
4609,10,900.00,1216.00,102.00,83.00,5.5733,-1,-1,-1
4610,6,1343.00,1113.00,98.00,53.00,6.6025,-1,-1,-1
4610,10,899.00,1214.00,103.00,86.00,5.5241,-1,-1,-1
4611,6,1340.00,1113.00,95.00,54.00,6.6344,-1,-1,-1
4611,10,899.00,1218.00,99.00,82.00,5.4239,-1,-1,-1
4612,6,1337.00,1114.00,99.00,55.00,6.6987,-1,-1,-1
4612,10,899.00,1220.00,97.00,81.00,5.3644,-1,-1,-1
4613,6,1335.00,1115.00,99.00,54.00,6.7659,-1,-1,-1
4613,10,896.00,1220.00,101.00,82.00,5.2857,-1,-1,-1
4614,6,1334.00,1114.00,103.00,56.00,6.8188,-1,-1,-1
4614,10,898.00,1233.00,78.00,68.00,5.2074,-1,-1,-1
4615,6,1333.00,1115.00,98.00,55.00,6.8667,-1,-1,-1
4615,10,896.00,1223.00,95.00,80.00,4.8411,-1,-1,-1
4616,6,1331.00,1114.00,103.00,57.00,6.8869,-1,-1,-1
4616,10,892.00,1218.00,107.00,87.00,4.6038,-1,-1,-1
4617,6,1329.00,1115.00,102.00,58.00,6.8831,-1,-1,-1
4617,10,893.00,1228.00,88.00,76.00,4.6142,-1,-1,-1
4618,6,1327.00,1115.00,103.00,60.00,6.8835,-1,-1,-1
4618,10,890.00,1231.00,89.00,75.00,4.7540,-1,-1,-1
4619,6,1327.00,1118.00,92.00,57.00,6.8389,-1,-1,-1
4619,10,890.00,1233.00,86.00,74.00,4.8679,-1,-1,-1
4620,6,1327.00,1117.00,97.00,57.00,6.8154,-1,-1,-1
4620,10,888.00,1236.00,85.00,72.00,5.0596,-1,-1,-1
4621,6,1326.00,1116.00,100.00,57.00,6.8387,-1,-1,-1
4621,10,886.00,1234.00,88.00,76.00,5.2367,-1,-1,-1
4622,6,1325.00,1114.00,101.00,60.00,6.8622,-1,-1,-1
4622,10,885.00,1239.00,85.00,72.00,5.3733,-1,-1,-1
4623,6,1323.00,1114.00,104.00,62.00,6.8660,-1,-1,-1
4623,10,882.00,1241.00,86.00,73.00,5.3967,-1,-1,-1
4624,6,1321.00,1114.00,105.00,64.00,6.8452,-1,-1,-1
4624,10,880.00,1240.00,90.00,75.00,5.3867,-1,-1,-1
4625,6,1319.00,1111.00,107.00,68.00,6.8543,-1,-1,-1
4625,10,880.00,1237.00,93.00,80.00,5.4218,-1,-1,-1
4626,6,1319.00,1113.00,103.00,65.00,6.8519,-1,-1,-1
4626,10,877.00,1235.00,100.00,83.00,5.4572,-1,-1,-1
4627,6,1319.00,1113.00,103.00,65.00,6.9007,-1,-1,-1
4627,10,875.00,1233.00,106.00,88.00,5.4461,-1,-1,-1
4628,6,1317.00,1115.00,104.00,64.00,6.9181,-1,-1,-1
4628,10,875.00,1235.00,105.00,85.00,5.4161,-1,-1,-1
4629,6,1316.00,1118.00,100.00,62.00,6.8945,-1,-1,-1
4629,10,873.00,1238.00,109.00,86.00,5.4755,-1,-1,-1
4630,6,1315.00,1119.00,98.00,61.00,6.8964,-1,-1,-1
4630,10,873.00,1241.00,105.00,83.00,5.5210,-1,-1,-1
4631,6,1313.00,1120.00,99.00,60.00,6.9074,-1,-1,-1
4631,10,871.00,1243.00,103.00,81.00,5.5851,-1,-1,-1
4632,6,1313.00,1120.00,99.00,60.00,6.9383,-1,-1,-1
4632,10,872.00,1247.00,94.00,79.00,5.6435,-1,-1,-1
4633,6,1312.00,1121.00,100.00,60.00,6.9491,-1,-1,-1
4633,10,872.00,1253.00,84.00,72.00,5.7138,-1,-1,-1
4634,6,1310.00,1122.00,99.00,61.00,6.9871,-1,-1,-1
4634,10,871.00,1255.00,84.00,72.00,5.8555,-1,-1,-1
4635,6,1308.00,1124.00,96.00,59.00,7.0254,-1,-1,-1
4635,10,867.00,1252.00,95.00,78.00,5.9607,-1,-1,-1
4636,6,1305.00,1125.00,97.00,59.00,7.0564,-1,-1,-1
4636,10,865.00,1253.00,92.00,78.00,6.0865,-1,-1,-1
4637,6,1302.00,1127.00,102.00,57.00,7.0940,-1,-1,-1
4637,10,862.00,1250.00,102.00,84.00,6.1714,-1,-1,-1
4638,6,1301.00,1128.00,102.00,58.00,7.0755,-1,-1,-1
4638,10,861.00,1252.00,101.00,81.00,6.2851,-1,-1,-1
4639,6,1298.00,1127.00,100.00,61.00,7.0672,-1,-1,-1
4639,10,860.00,1253.00,98.00,81.00,6.3690,-1,-1,-1
4640,6,1296.00,1130.00,98.00,58.00,7.0490,-1,-1,-1
4640,10,858.00,1251.00,103.00,85.00,6.4584,-1,-1,-1
4641,6,1295.00,1130.00,96.00,59.00,7.0339,-1,-1,-1
4641,10,857.00,1252.00,102.00,85.00,6.5485,-1,-1,-1
4642,6,1294.00,1130.00,101.00,59.00,7.0340,-1,-1,-1
4642,10,854.00,1251.00,107.00,87.00,6.6389,-1,-1,-1
4643,6,1291.00,1130.00,103.00,60.00,7.0413,-1,-1,-1
4643,10,853.00,1249.00,112.00,90.00,6.7088,-1,-1,-1
4644,6,1289.00,1132.00,99.00,58.00,7.0238,-1,-1,-1
4644,10,852.00,1253.00,106.00,87.00,6.6770,-1,-1,-1
4645,6,1288.00,1133.00,97.00,57.00,6.9970,-1,-1,-1
4645,10,851.00,1254.00,106.00,86.00,6.5645,-1,-1,-1
4646,6,1287.00,1133.00,98.00,57.00,6.9886,-1,-1,-1
4646,10,850.00,1255.00,106.00,85.00,6.3951,-1,-1,-1
4647,6,1285.00,1133.00,101.00,58.00,6.9910,-1,-1,-1
4647,10,848.00,1253.00,113.00,89.00,6.2947,-1,-1,-1
4648,6,1284.00,1133.00,103.00,59.00,6.9948,-1,-1,-1
4648,10,845.00,1260.00,112.00,85.00,6.1406,-1,-1,-1
4649,6,1283.00,1133.00,104.00,59.00,6.9793,-1,-1,-1
4649,10,845.00,1254.00,114.00,89.00,5.9322,-1,-1,-1
4650,6,1283.00,1133.00,105.00,58.00,6.9496,-1,-1,-1
4650,10,843.00,1262.00,111.00,84.00,5.8290,-1,-1,-1
4651,6,1283.00,1134.00,105.00,57.00,6.8918,-1,-1,-1
4651,10,841.00,1265.00,107.00,82.00,5.7017,-1,-1,-1
4652,6,1282.00,1133.00,108.00,59.00,6.8362,-1,-1,-1
4652,10,839.00,1263.00,112.00,86.00,5.6253,-1,-1,-1
4653,6,1280.00,1135.00,102.00,57.00,6.7665,-1,-1,-1
4653,10,835.00,1264.00,114.00,86.00,5.4488,-1,-1,-1
4654,6,1279.00,1137.00,94.00,56.00,6.6462,-1,-1,-1
4654,10,836.00,1262.00,115.00,86.00,5.2852,-1,-1,-1
4655,6,1279.00,1135.00,95.00,58.00,6.5252,-1,-1,-1
4655,10,836.00,1270.00,92.00,78.00,5.2386,-1,-1,-1
4656,6,1277.00,1136.00,98.00,57.00,6.4222,-1,-1,-1
4656,10,834.00,1271.00,94.00,79.00,5.2339,-1,-1,-1
4657,6,1274.00,1138.00,97.00,56.00,6.3414,-1,-1,-1
4657,10,833.00,1271.00,95.00,82.00,5.3105,-1,-1,-1
4658,6,1271.00,1135.00,99.00,61.00,6.2789,-1,-1,-1
4658,10,830.00,1274.00,93.00,81.00,5.3403,-1,-1,-1
4659,6,1269.00,1136.00,98.00,62.00,6.2681,-1,-1,-1
4659,10,831.00,1282.00,79.00,75.00,5.3697,-1,-1,-1
4660,6,1268.00,1136.00,97.00,62.00,6.2716,-1,-1,-1
4660,10,829.00,1281.00,86.00,77.00,5.3801,-1,-1,-1
4661,6,1268.00,1139.00,93.00,59.00,6.2953,-1,-1,-1
4661,10,828.00,1284.00,81.00,75.00,5.3680,-1,-1,-1
4662,6,1266.00,1138.00,96.00,60.00,6.3406,-1,-1,-1
4662,10,827.00,1279.00,89.00,80.00,5.3562,-1,-1,-1
4663,6,1264.00,1139.00,96.00,59.00,6.3610,-1,-1,-1
4663,10,825.00,1277.00,95.00,84.00,5.3750,-1,-1,-1
4664,6,1262.00,1138.00,98.00,61.00,6.4093,-1,-1,-1
4664,10,823.00,1268.00,109.00,94.00,5.4718,-1,-1,-1
4665,6,1260.00,1138.00,103.00,62.00,6.4627,-1,-1,-1
4665,10,821.00,1266.00,115.00,99.00,5.5369,-1,-1,-1
4666,6,1259.00,1139.00,103.00,60.00,6.5101,-1,-1,-1
4666,10,820.00,1274.00,107.00,91.00,5.4922,-1,-1,-1
4667,6,1258.00,1140.00,100.00,60.00,6.5213,-1,-1,-1
4667,10,818.00,1272.00,112.00,95.00,5.5050,-1,-1,-1
4668,6,1256.00,1141.00,99.00,59.00,6.5495,-1,-1,-1
4668,10,816.00,1274.00,114.00,94.00,5.4814,-1,-1,-1
4669,6,1254.00,1141.00,97.00,61.00,6.5649,-1,-1,-1
4669,10,814.00,1282.00,107.00,89.00,5.3583,-1,-1,-1
4670,6,1252.00,1136.00,99.00,67.00,6.5799,-1,-1,-1
4670,10,813.00,1283.00,107.00,89.00,5.2119,-1,-1,-1
4671,6,1250.00,1136.00,101.00,68.00,6.5774,-1,-1,-1
4671,10,814.00,1298.00,80.00,72.00,5.1750,-1,-1,-1
4672,6,1249.00,1137.00,103.00,68.00,6.6328,-1,-1,-1
4672,10,810.00,1306.00,63.00,66.00,4.6057,-1,-1,-1
4673,6,1249.00,1138.00,103.00,67.00,6.6747,-1,-1,-1
4673,10,809.00,1305.00,64.00,69.00,4.1395,-1,-1,-1
4674,6,1248.00,1140.00,101.00,65.00,6.7066,-1,-1,-1
4674,10,807.00,1286.00,106.00,91.00,4.5083,-1,-1,-1
4675,6,1246.00,1140.00,105.00,66.00,6.6876,-1,-1,-1
4675,10,806.00,1282.00,111.00,97.00,4.8545,-1,-1,-1
4676,6,1242.00,1140.00,111.00,66.00,6.6236,-1,-1,-1
4676,10,805.00,1285.00,111.00,94.00,5.1579,-1,-1,-1
4677,6,1245.00,1143.00,97.00,62.00,6.5797,-1,-1,-1
4677,10,801.00,1287.00,114.00,96.00,5.4209,-1,-1,-1
4678,6,1243.00,1144.00,95.00,62.00,6.5847,-1,-1,-1
4678,10,801.00,1284.00,119.00,97.00,5.6561,-1,-1,-1
4679,6,1242.00,1145.00,93.00,61.00,6.6032,-1,-1,-1
4679,10,798.00,1282.00,122.00,101.00,5.8311,-1,-1,-1
4680,6,1241.00,1146.00,92.00,61.00,6.6454,-1,-1,-1
4680,10,798.00,1279.00,127.00,104.00,6.0308,-1,-1,-1
4681,6,1239.00,1145.00,100.00,62.00,6.6961,-1,-1,-1
4681,10,796.00,1280.00,127.00,106.00,6.1819,-1,-1,-1
4682,6,1239.00,1146.00,99.00,62.00,6.7570,-1,-1,-1
4682,10,794.00,1281.00,126.00,107.00,6.2948,-1,-1,-1
4683,6,1238.00,1147.00,96.00,61.00,6.8193,-1,-1,-1
4683,10,793.00,1282.00,127.00,108.00,6.3995,-1,-1,-1
4684,6,1237.00,1148.00,97.00,61.00,6.8860,-1,-1,-1
4684,10,792.00,1283.00,130.00,107.00,6.4731,-1,-1,-1
4685,6,1236.00,1148.00,96.00,61.00,6.9530,-1,-1,-1
4685,10,792.00,1285.00,129.00,106.00,6.3895,-1,-1,-1
4686,6,1233.00,1148.00,100.00,62.00,7.0141,-1,-1,-1
4686,10,790.00,1294.00,118.00,101.00,6.0967,-1,-1,-1
4687,6,1231.00,1150.00,98.00,60.00,7.0646,-1,-1,-1
4687,10,787.00,1294.00,122.00,101.00,5.6168,-1,-1,-1
4688,6,1230.00,1150.00,100.00,61.00,7.1234,-1,-1,-1
4688,10,788.00,1294.00,120.00,101.00,5.1681,-1,-1,-1
4689,6,1229.00,1150.00,99.00,63.00,7.1831,-1,-1,-1
4689,10,790.00,1286.00,125.00,108.00,4.5907,-1,-1,-1
4690,6,1228.00,1150.00,98.00,63.00,7.2175,-1,-1,-1
4690,10,787.00,1315.00,85.00,83.00,4.3845,-1,-1,-1
4691,6,1227.00,1150.00,98.00,64.00,7.2424,-1,-1,-1
4691,10,784.00,1312.00,92.00,88.00,4.1930,-1,-1,-1
4692,6,1225.00,1151.00,99.00,64.00,7.2502,-1,-1,-1
4692,10,782.00,1314.00,92.00,87.00,4.2272,-1,-1,-1
4693,6,1223.00,1152.00,102.00,64.00,7.2410,-1,-1,-1
4693,10,784.00,1318.00,87.00,82.00,4.3303,-1,-1,-1
4694,6,1221.00,1152.00,105.00,64.00,7.2692,-1,-1,-1
4694,10,780.00,1318.00,96.00,84.00,4.4834,-1,-1,-1
4695,6,1218.00,1155.00,104.00,62.00,7.2379,-1,-1,-1
4695,10,780.00,1316.00,99.00,86.00,4.6890,-1,-1,-1
4696,6,1216.00,1156.00,105.00,61.00,7.2161,-1,-1,-1
4696,10,779.00,1316.00,99.00,88.00,4.7923,-1,-1,-1
4697,6,1214.00,1157.00,107.00,61.00,7.1919,-1,-1,-1
4697,10,777.00,1320.00,93.00,85.00,4.7660,-1,-1,-1
4698,6,1213.00,1157.00,109.00,62.00,7.1692,-1,-1,-1
4698,10,775.00,1320.00,97.00,85.00,4.7675,-1,-1,-1
4699,6,1210.00,1159.00,109.00,62.00,7.1311,-1,-1,-1
4699,10,773.00,1315.00,105.00,92.00,4.8478,-1,-1,-1
4700,6,1211.00,1161.00,104.00,60.00,7.1166,-1,-1,-1
4700,10,770.00,1312.00,112.00,97.00,4.9551,-1,-1,-1
4701,6,1209.00,1161.00,105.00,61.00,7.1097,-1,-1,-1
4701,10,770.00,1316.00,106.00,95.00,4.9161,-1,-1,-1
4702,6,1207.00,1163.00,106.00,61.00,7.1135,-1,-1,-1
4702,10,770.00,1333.00,85.00,79.00,4.9105,-1,-1,-1
4703,6,1206.00,1167.00,105.00,58.00,7.1175,-1,-1,-1
4703,10,769.00,1322.00,94.00,90.00,4.9487,-1,-1,-1
4704,6,1204.00,1167.00,106.00,59.00,7.1309,-1,-1,-1
4704,10,767.00,1331.00,89.00,84.00,4.9882,-1,-1,-1
4705,6,1203.00,1168.00,102.00,59.00,7.0905,-1,-1,-1
4705,10,765.00,1333.00,89.00,83.00,5.0523,-1,-1,-1
4706,6,1201.00,1169.00,98.00,59.00,7.0088,-1,-1,-1
4706,10,764.00,1334.00,90.00,83.00,5.1608,-1,-1,-1
4707,6,1199.00,1169.00,97.00,59.00,6.9953,-1,-1,-1
4707,10,762.00,1332.00,96.00,86.00,5.2274,-1,-1,-1
4708,6,1196.00,1168.00,101.00,60.00,6.9753,-1,-1,-1
4708,10,759.00,1323.00,103.00,99.00,5.2749,-1,-1,-1
4709,6,1194.00,1170.00,98.00,59.00,6.9403,-1,-1,-1
4709,10,757.00,1329.00,103.00,93.00,5.3172,-1,-1,-1
4710,6,1192.00,1170.00,104.00,60.00,6.9196,-1,-1,-1
4710,10,755.00,1327.00,105.00,97.00,5.3732,-1,-1,-1
4711,6,1190.00,1171.00,103.00,60.00,6.9188,-1,-1,-1
4711,10,755.00,1331.00,102.00,94.00,5.4570,-1,-1,-1
4712,6,1187.00,1170.00,107.00,62.00,6.9170,-1,-1,-1
4712,10,752.00,1327.00,109.00,99.00,5.5554,-1,-1,-1
4713,6,1186.00,1169.00,110.00,65.00,6.8991,-1,-1,-1
4713,10,751.00,1327.00,108.00,99.00,5.6347,-1,-1,-1
4714,6,1184.00,1169.00,110.00,65.00,6.9154,-1,-1,-1
4714,10,748.00,1329.00,107.00,101.00,5.6440,-1,-1,-1
4715,6,1183.00,1168.00,110.00,67.00,6.9370,-1,-1,-1
4715,10,748.00,1331.00,105.00,100.00,5.6185,-1,-1,-1
4716,6,1181.00,1168.00,110.00,68.00,6.9829,-1,-1,-1
4716,10,745.00,1328.00,111.00,106.00,5.5913,-1,-1,-1
4717,6,1181.00,1169.00,106.00,68.00,7.0181,-1,-1,-1
4717,10,748.00,1340.00,91.00,94.00,5.5322,-1,-1,-1
4718,6,1179.00,1169.00,109.00,70.00,7.0751,-1,-1,-1
4718,10,746.00,1340.00,93.00,96.00,5.4390,-1,-1,-1
4719,6,1178.00,1169.00,110.00,71.00,7.1349,-1,-1,-1
4719,10,745.00,1348.00,86.00,89.00,5.4841,-1,-1,-1
4720,6,1176.00,1169.00,111.00,71.00,7.1985,-1,-1,-1
4720,10,744.00,1350.00,85.00,88.00,5.5211,-1,-1,-1
4721,6,1175.00,1171.00,108.00,70.00,7.1739,-1,-1,-1
4721,10,743.00,1354.00,82.00,85.00,5.4587,-1,-1,-1
4722,6,1174.00,1174.00,103.00,66.00,7.1638,-1,-1,-1
4722,10,742.00,1368.00,70.00,70.00,5.4293,-1,-1,-1
4723,6,1172.00,1174.00,105.00,67.00,7.1669,-1,-1,-1
4723,10,741.00,1367.00,72.00,71.00,5.4280,-1,-1,-1
4724,6,1171.00,1172.00,108.00,71.00,7.1758,-1,-1,-1
4724,10,740.00,1374.00,65.00,65.00,5.5164,-1,-1,-1
4725,6,1171.00,1178.00,101.00,64.00,7.1387,-1,-1,-1
4725,10,737.00,1368.00,76.00,73.00,5.5426,-1,-1,-1
4726,6,1171.00,1180.00,95.00,61.00,7.0651,-1,-1,-1
4726,10,735.00,1362.00,85.00,81.00,5.5647,-1,-1,-1
4727,6,1170.00,1180.00,95.00,61.00,7.0150,-1,-1,-1
4727,10,734.00,1364.00,83.00,81.00,5.6080,-1,-1,-1
4728,6,1169.00,1180.00,97.00,62.00,6.9741,-1,-1,-1
4728,10,732.00,1359.00,93.00,86.00,5.6730,-1,-1,-1
4729,6,1168.00,1181.00,96.00,61.00,6.9255,-1,-1,-1
4729,10,730.00,1357.00,97.00,88.00,5.7578,-1,-1,-1
4730,6,1168.00,1183.00,93.00,58.00,6.8401,-1,-1,-1
4730,10,728.00,1355.00,102.00,92.00,5.8186,-1,-1,-1
4731,6,1167.00,1185.00,89.00,54.00,6.6783,-1,-1,-1
4731,10,725.00,1353.00,108.00,96.00,5.8543,-1,-1,-1
4732,6,1164.00,1188.00,82.00,53.00,6.5270,-1,-1,-1
4732,10,723.00,1354.00,112.00,96.00,5.9452,-1,-1,-1
4733,6,1162.00,1188.00,88.00,54.00,6.4671,-1,-1,-1
4733,10,722.00,1355.00,113.00,97.00,6.0446,-1,-1,-1
4734,6,1160.00,1189.00,79.00,53.00,6.4684,-1,-1,-1
4734,10,722.00,1365.00,96.00,88.00,6.1252,-1,-1,-1
4735,6,1157.00,1190.00,83.00,53.00,6.5029,-1,-1,-1
4735,10,721.00,1365.00,99.00,88.00,6.2466,-1,-1,-1
4736,6,1156.00,1189.00,95.00,55.00,6.4855,-1,-1,-1
4736,10,720.00,1372.00,91.00,82.00,6.3316,-1,-1,-1
4737,6,1154.00,1188.00,100.00,57.00,6.4914,-1,-1,-1
4737,10,717.00,1369.00,100.00,88.00,6.4429,-1,-1,-1
4738,10,714.00,1370.00,100.00,89.00,6.4977,-1,-1,-1
4738,6,1154.00,1187.00,99.00,59.00,6.4915,-1,-1,-1
4739,6,1153.00,1188.00,92.00,58.00,6.5188,-1,-1,-1
4739,10,712.00,1373.00,99.00,89.00,6.4910,-1,-1,-1
4740,6,1151.00,1186.00,98.00,62.00,6.5444,-1,-1,-1
4740,10,710.00,1373.00,101.00,92.00,6.4027,-1,-1,-1
4741,6,1149.00,1186.00,100.00,62.00,6.5995,-1,-1,-1
4741,10,711.00,1381.00,95.00,84.00,6.2876,-1,-1,-1
4742,6,1148.00,1186.00,99.00,63.00,6.6456,-1,-1,-1
4742,10,709.00,1381.00,98.00,85.00,6.2167,-1,-1,-1
4743,6,1146.00,1186.00,100.00,63.00,6.6640,-1,-1,-1
4743,10,709.00,1383.00,96.00,85.00,6.2056,-1,-1,-1
4744,6,1144.00,1187.00,98.00,63.00,6.6649,-1,-1,-1
4744,10,707.00,1378.00,106.00,92.00,6.2731,-1,-1,-1
4745,6,1144.00,1188.00,97.00,62.00,6.6790,-1,-1,-1
4745,10,706.00,1377.00,107.00,96.00,6.3541,-1,-1,-1
4746,6,1142.00,1188.00,100.00,63.00,6.7092,-1,-1,-1
4746,10,704.00,1373.00,113.00,103.00,6.4399,-1,-1,-1
4747,6,1140.00,1189.00,105.00,63.00,6.7356,-1,-1,-1
4747,10,703.00,1378.00,109.00,98.00,6.5033,-1,-1,-1
4748,6,1138.00,1189.00,104.00,64.00,6.7416,-1,-1,-1
4748,10,701.00,1375.00,113.00,104.00,6.4959,-1,-1,-1
4749,6,1136.00,1188.00,106.00,66.00,6.7704,-1,-1,-1
4749,10,700.00,1376.00,113.00,103.00,6.4440,-1,-1,-1
4750,6,1134.00,1189.00,105.00,67.00,6.7844,-1,-1,-1
4750,10,699.00,1376.00,113.00,104.00,6.3480,-1,-1,-1
4751,6,1133.00,1192.00,105.00,64.00,6.7812,-1,-1,-1
4751,10,709.00,1369.00,118.00,107.00,5.6386,-1,-1,-1
4752,6,1132.00,1193.00,105.00,65.00,6.8195,-1,-1,-1
4752,10,700.00,1395.00,84.00,87.00,5.5961,-1,-1,-1
4753,6,1131.00,1194.00,104.00,64.00,6.8671,-1,-1,-1
4753,10,698.00,1394.00,90.00,90.00,5.5946,-1,-1,-1
4754,6,1130.00,1196.00,102.00,62.00,6.9363,-1,-1,-1
4754,10,697.00,1395.00,91.00,90.00,5.5577,-1,-1,-1
4755,6,1130.00,1196.00,102.00,62.00,6.9942,-1,-1,-1
4755,10,696.00,1397.00,88.00,90.00,5.5609,-1,-1,-1
4756,6,1130.00,1197.00,101.00,61.00,7.0177,-1,-1,-1
4756,10,694.00,1404.00,79.00,83.00,5.3937,-1,-1,-1
4757,6,1129.00,1197.00,103.00,62.00,7.0660,-1,-1,-1
4757,10,694.00,1423.00,63.00,62.00,5.0775,-1,-1,-1
4758,6,1128.00,1199.00,104.00,61.00,7.1000,-1,-1,-1
4758,10,693.00,1415.00,72.00,72.00,4.9673,-1,-1,-1
4759,6,1125.00,1203.00,102.00,57.00,7.1157,-1,-1,-1
4759,10,692.00,1424.00,65.00,63.00,5.1026,-1,-1,-1
4760,6,1123.00,1203.00,100.00,58.00,7.1184,-1,-1,-1
4760,10,690.00,1420.00,70.00,72.00,5.2356,-1,-1,-1
4761,6,1122.00,1202.00,101.00,62.00,7.0943,-1,-1,-1
4761,10,691.00,1422.00,72.00,71.00,5.3564,-1,-1,-1
4762,6,1121.00,1202.00,99.00,62.00,7.0463,-1,-1,-1
4762,10,689.00,1423.00,73.00,73.00,5.4621,-1,-1,-1
4763,6,1119.00,1201.00,107.00,64.00,7.0357,-1,-1,-1
4763,10,689.00,1424.00,67.00,72.00,5.5362,-1,-1,-1
4764,6,1119.00,1202.00,105.00,63.00,7.0051,-1,-1,-1
4764,10,688.00,1423.00,69.00,75.00,5.5338,-1,-1,-1
4765,6,1118.00,1203.00,106.00,62.00,6.9616,-1,-1,-1
4765,10,687.00,1425.00,68.00,74.00,5.5186,-1,-1,-1
4766,6,1118.00,1204.00,107.00,60.00,6.8831,-1,-1,-1
4766,10,686.00,1424.00,76.00,77.00,5.4424,-1,-1,-1
4767,6,1116.00,1201.00,109.00,66.00,6.8306,-1,-1,-1
4767,10,684.00,1427.00,76.00,76.00,5.3745,-1,-1,-1
4768,6,1116.00,1205.00,101.00,62.00,6.7511,-1,-1,-1
4768,10,683.00,1426.00,79.00,78.00,5.3158,-1,-1,-1
4769,6,1115.00,1209.00,96.00,59.00,6.6929,-1,-1,-1
4769,10,681.00,1423.00,84.00,83.00,5.2978,-1,-1,-1
4770,6,1112.00,1209.00,99.00,61.00,6.6377,-1,-1,-1
4770,10,679.00,1418.00,93.00,91.00,5.2850,-1,-1,-1
4771,6,1111.00,1211.00,96.00,60.00,6.5391,-1,-1,-1
4771,10,676.00,1419.00,95.00,93.00,5.2195,-1,-1,-1
4772,6,1109.00,1213.00,91.00,59.00,6.5262,-1,-1,-1
4772,10,675.00,1418.00,96.00,96.00,4.9217,-1,-1,-1
