4,1,2166.00,1347.00,66.00,87.00,3.8554,-1,-1,-1
4,2,1859.00,1164.00,87.00,106.00,3.8173,-1,-1,-1
5,1,2166.00,1348.00,66.00,87.00,4.8776,-1,-1,-1
5,2,1859.00,1165.00,87.00,106.00,4.8469,-1,-1,-1
6,1,2166.00,1349.00,66.00,87.00,5.7442,-1,-1,-1
6,2,1860.00,1165.00,86.00,106.00,5.7211,-1,-1,-1
7,1,2166.00,1350.00,66.00,87.00,6.4757,-1,-1,-1
7,2,1859.00,1166.00,87.00,106.00,6.4484,-1,-1,-1
8,1,2166.00,1351.00,66.00,87.00,7.0881,-1,-1,-1
8,2,1859.00,1168.00,87.00,106.00,7.0634,-1,-1,-1
9,2,1859.00,1169.00,87.00,106.00,7.6025,-1,-1,-1
9,1,2166.00,1352.00,65.00,88.00,7.5891,-1,-1,-1
10,2,1859.00,1170.00,87.00,106.00,8.0586,-1,-1,-1
10,1,2166.00,1353.00,65.00,88.00,8.0246,-1,-1,-1
11,2,1859.00,1170.00,87.00,106.00,8.4487,-1,-1,-1
11,1,2166.00,1354.00,65.00,88.00,8.3897,-1,-1,-1
12,2,1860.00,1171.00,86.00,106.00,8.7906,-1,-1,-1
12,1,2167.00,1355.00,65.00,87.00,8.7060,-1,-1,-1
13,2,1860.00,1171.00,86.00,107.00,9.0856,-1,-1,-1
13,1,2167.00,1355.00,65.00,88.00,8.9751,-1,-1,-1
14,2,1860.00,1171.00,86.00,107.00,9.3383,-1,-1,-1
14,1,2167.00,1355.00,65.00,88.00,9.2079,-1,-1,-1
15,2,1860.00,1171.00,86.00,107.00,9.5528,-1,-1,-1
15,1,2167.00,1355.00,65.00,88.00,9.4100,-1,-1,-1
16,2,1860.00,1171.00,86.00,108.00,9.7287,-1,-1,-1
16,1,2167.00,1355.00,66.00,89.00,9.5783,-1,-1,-1
17,2,1860.00,1171.00,86.00,108.00,9.8834,-1,-1,-1
17,1,2167.00,1355.00,65.00,89.00,9.7252,-1,-1,-1
18,2,1861.00,1171.00,85.00,107.00,10.0068,-1,-1,-1
18,1,2167.00,1355.00,66.00,89.00,9.8467,-1,-1,-1
19,2,1861.00,1171.00,85.00,107.00,10.1139,-1,-1,-1
19,1,2167.00,1356.00,66.00,89.00,9.9526,-1,-1,-1
20,2,1861.00,1170.00,85.00,108.00,10.2001,-1,-1,-1
20,1,2167.00,1355.00,66.00,89.00,10.0380,-1,-1,-1
21,2,1861.00,1170.00,85.00,109.00,10.2763,-1,-1,-1
21,1,2167.00,1356.00,66.00,89.00,10.1189,-1,-1,-1
22,2,1861.00,1170.00,85.00,110.00,10.3364,-1,-1,-1
22,1,2167.00,1356.00,66.00,89.00,10.1919,-1,-1,-1
23,2,1860.00,1169.00,86.00,111.00,10.3904,-1,-1,-1
23,1,2167.00,1356.00,66.00,89.00,10.2547,-1,-1,-1
24,2,1860.00,1169.00,86.00,111.00,10.4347,-1,-1,-1
24,1,2167.00,1356.00,66.00,89.00,10.3084,-1,-1,-1
25,2,1860.00,1169.00,87.00,111.00,10.4693,-1,-1,-1
25,1,2168.00,1355.00,66.00,90.00,10.3569,-1,-1,-1
26,2,1860.00,1169.00,86.00,112.00,10.4967,-1,-1,-1
26,1,2168.00,1355.00,66.00,90.00,10.3952,-1,-1,-1
27,2,1861.00,1169.00,86.00,112.00,10.5237,-1,-1,-1
27,1,2168.00,1355.00,66.00,90.00,10.4303,-1,-1,-1
28,2,1862.00,1169.00,85.00,111.00,10.5489,-1,-1,-1
28,1,2168.00,1355.00,66.00,90.00,10.4677,-1,-1,-1
29,2,1862.00,1169.00,85.00,111.00,10.5741,-1,-1,-1
29,1,2168.00,1355.00,66.00,90.00,10.4938,-1,-1,-1
30,2,1862.00,1168.00,85.00,112.00,10.5843,-1,-1,-1
30,1,2168.00,1355.00,66.00,90.00,10.5171,-1,-1,-1
31,2,1862.00,1168.00,85.00,112.00,10.5917,-1,-1,-1
31,1,2168.00,1355.00,66.00,90.00,10.5311,-1,-1,-1
32,2,1862.00,1168.00,85.00,111.00,10.5947,-1,-1,-1
32,1,2168.00,1355.00,66.00,91.00,10.5404,-1,-1,-1
33,2,1862.00,1168.00,85.00,112.00,10.5843,-1,-1,-1
33,1,2168.00,1355.00,66.00,91.00,10.5500,-1,-1,-1
34,2,1863.00,1168.00,85.00,112.00,10.5739,-1,-1,-1
34,1,2169.00,1355.00,66.00,90.00,10.5555,-1,-1,-1
35,1,2168.00,1354.00,67.00,91.00,10.5707,-1,-1,-1
35,2,1863.00,1167.00,84.00,112.00,10.5337,-1,-1,-1
36,1,2165.00,1354.00,66.00,89.00,10.5867,-1,-1,-1
36,2,1859.00,1167.00,85.00,113.00,10.4638,-1,-1,-1
37,1,2162.00,1353.00,65.00,89.00,10.5935,-1,-1,-1
37,2,1857.00,1167.00,82.00,113.00,10.4058,-1,-1,-1
38,1,2158.00,1351.00,66.00,90.00,10.5950,-1,-1,-1
38,2,1853.00,1165.00,81.00,112.00,10.3769,-1,-1,-1
39,1,2154.00,1351.00,65.00,90.00,10.6046,-1,-1,-1
39,2,1849.00,1165.00,80.00,110.00,10.3772,-1,-1,-1
40,1,2149.00,1351.00,65.00,88.00,10.5443,-1,-1,-1
40,2,1846.00,1164.00,79.00,109.00,10.3995,-1,-1,-1
41,1,2145.00,1348.00,67.00,89.00,10.4886,-1,-1,-1
41,2,1842.00,1163.00,79.00,110.00,10.3498,-1,-1,-1
42,1,2141.00,1347.00,67.00,89.00,10.5060,-1,-1,-1
42,2,1836.00,1163.00,81.00,113.00,10.3268,-1,-1,-1
43,1,2138.00,1346.00,66.00,88.00,10.5527,-1,-1,-1
43,2,1833.00,1161.00,80.00,112.00,10.3599,-1,-1,-1
44,1,2133.00,1346.00,67.00,89.00,10.5594,-1,-1,-1
44,2,1829.00,1161.00,80.00,109.00,10.3028,-1,-1,-1
45,1,2129.00,1345.00,66.00,87.00,10.5626,-1,-1,-1
45,2,1825.00,1161.00,77.00,107.00,10.3195,-1,-1,-1
46,1,2122.00,1343.00,67.00,89.00,10.5090,-1,-1,-1
46,2,1818.00,1159.00,79.00,112.00,10.2142,-1,-1,-1
47,1,2115.00,1342.00,67.00,89.00,10.5534,-1,-1,-1
47,2,1811.00,1158.00,78.00,111.00,10.2337,-1,-1,-1
48,1,2106.00,1340.00,67.00,89.00,10.5542,-1,-1,-1
48,2,1804.00,1159.00,74.00,105.00,10.2669,-1,-1,-1
49,1,2096.00,1339.00,67.00,89.00,10.5628,-1,-1,-1
49,2,1792.00,1157.00,76.00,111.00,10.2490,-1,-1,-1
50,1,2088.00,1336.00,66.00,89.00,10.5028,-1,-1,-1
50,2,1783.00,1156.00,76.00,107.00,10.2176,-1,-1,-1
51,1,2080.00,1336.00,68.00,88.00,10.5056,-1,-1,-1
51,2,1775.00,1156.00,75.00,106.00,10.2563,-1,-1,-1
52,1,2076.00,1334.00,68.00,89.00,10.4982,-1,-1,-1
52,2,1769.00,1155.00,76.00,110.00,10.1989,-1,-1,-1
53,1,2074.00,1334.00,67.00,89.00,10.4484,-1,-1,-1
53,2,1767.00,1152.00,76.00,117.00,10.2297,-1,-1,-1
54,1,2073.00,1333.00,68.00,89.00,10.4185,-1,-1,-1
54,2,1768.00,1153.00,75.00,111.00,10.2553,-1,-1,-1
55,1,2073.00,1333.00,68.00,91.00,10.3948,-1,-1,-1
55,2,1767.00,1152.00,74.00,112.00,10.3020,-1,-1,-1
56,1,2073.00,1333.00,68.00,90.00,10.3808,-1,-1,-1
56,2,1767.00,1151.00,74.00,112.00,10.3503,-1,-1,-1
57,1,2073.00,1332.00,69.00,91.00,10.3811,-1,-1,-1
57,2,1766.00,1149.00,75.00,113.00,10.3766,-1,-1,-1
58,2,1766.00,1149.00,75.00,112.00,10.4006,-1,-1,-1
58,1,2073.00,1332.00,68.00,90.00,10.3811,-1,-1,-1
59,2,1765.00,1148.00,75.00,112.00,10.4082,-1,-1,-1
59,1,2073.00,1332.00,68.00,89.00,10.3915,-1,-1,-1
60,1,2073.00,1331.00,68.00,89.00,10.4091,-1,-1,-1
60,2,1765.00,1148.00,76.00,112.00,10.3938,-1,-1,-1
61,1,2073.00,1331.00,68.00,89.00,10.4171,-1,-1,-1
61,2,1765.00,1147.00,76.00,110.00,10.3769,-1,-1,-1
62,1,2073.00,1331.00,68.00,89.00,10.4261,-1,-1,-1
62,2,1766.00,1146.00,74.00,107.00,10.3039,-1,-1,-1
63,1,2073.00,1331.00,68.00,89.00,10.4336,-1,-1,-1
63,2,1764.00,1144.00,77.00,114.00,10.2230,-1,-1,-1
64,1,2073.00,1330.00,68.00,89.00,10.4425,-1,-1,-1
64,2,1765.00,1144.00,75.00,109.00,10.1582,-1,-1,-1
65,1,2072.00,1330.00,69.00,89.00,10.4491,-1,-1,-1
65,2,1764.00,1142.00,75.00,111.00,10.0625,-1,-1,-1
66,1,2072.00,1330.00,69.00,89.00,10.4446,-1,-1,-1
66,2,1765.00,1141.00,75.00,111.00,10.0046,-1,-1,-1
67,1,2072.00,1330.00,68.00,89.00,10.4429,-1,-1,-1
67,2,1765.00,1141.00,75.00,110.00,10.0095,-1,-1,-1
68,1,2072.00,1330.00,69.00,89.00,10.4244,-1,-1,-1
68,2,1765.00,1139.00,75.00,111.00,9.9700,-1,-1,-1
69,1,2072.00,1330.00,68.00,89.00,10.4123,-1,-1,-1
69,2,1765.00,1139.00,74.00,108.00,9.8871,-1,-1,-1
70,1,2072.00,1330.00,68.00,88.00,10.4037,-1,-1,-1
70,2,1765.00,1138.00,75.00,108.00,9.7876,-1,-1,-1
71,1,2072.00,1329.00,68.00,89.00,10.3964,-1,-1,-1
71,2,1765.00,1138.00,73.00,104.00,9.7676,-1,-1,-1
72,1,2072.00,1329.00,67.00,88.00,10.3903,-1,-1,-1
72,2,1764.00,1137.00,73.00,104.00,9.7951,-1,-1,-1
73,1,2072.00,1329.00,67.00,88.00,10.3817,-1,-1,-1
73,2,1763.00,1135.00,74.00,105.00,9.8376,-1,-1,-1
74,1,2072.00,1329.00,67.00,88.00,10.3605,-1,-1,-1
74,2,1763.00,1134.00,74.00,103.00,9.9236,-1,-1,-1
75,1,2072.00,1329.00,66.00,88.00,10.3451,-1,-1,-1
75,2,1762.00,1132.00,75.00,106.00,9.9488,-1,-1,-1
76,1,2073.00,1329.00,67.00,87.00,10.3306,-1,-1,-1
76,2,1762.00,1131.00,75.00,106.00,9.9684,-1,-1,-1
77,1,2072.00,1329.00,67.00,87.00,10.3260,-1,-1,-1
77,2,1762.00,1129.00,77.00,111.00,9.9381,-1,-1,-1
78,1,2073.00,1329.00,66.00,87.00,10.3215,-1,-1,-1
78,2,1761.00,1128.00,77.00,110.00,9.9256,-1,-1,-1
79,1,2072.00,1328.00,67.00,87.00,10.3159,-1,-1,-1
79,2,1760.00,1127.00,79.00,111.00,9.9171,-1,-1,-1
80,1,2072.00,1328.00,67.00,87.00,10.3154,-1,-1,-1
80,2,1760.00,1126.00,80.00,112.00,9.9357,-1,-1,-1
81,1,2072.00,1327.00,67.00,88.00,10.3099,-1,-1,-1
81,2,1760.00,1125.00,81.00,115.00,9.9227,-1,-1,-1
82,1,2072.00,1327.00,67.00,88.00,10.3029,-1,-1,-1
82,2,1759.00,1124.00,81.00,114.00,9.9377,-1,-1,-1
82,3,1703.00,1257.00,73.00,45.00,2.7509,-1,-1,-1
83,1,2072.00,1327.00,67.00,88.00,10.2992,-1,-1,-1
83,2,1759.00,1122.00,82.00,116.00,9.9283,-1,-1,-1
83,3,1703.00,1257.00,74.00,45.00,3.5088,-1,-1,-1
84,1,2073.00,1326.00,67.00,88.00,10.2919,-1,-1,-1
84,2,1759.00,1121.00,84.00,119.00,9.8585,-1,-1,-1
84,3,1703.00,1257.00,73.00,45.00,4.1447,-1,-1,-1
85,1,2073.00,1326.00,67.00,88.00,10.2763,-1,-1,-1
85,2,1759.00,1119.00,84.00,120.00,9.7588,-1,-1,-1
85,3,1702.00,1256.00,73.00,45.00,4.7131,-1,-1,-1
86,1,2073.00,1326.00,67.00,88.00,10.2675,-1,-1,-1
86,2,1760.00,1119.00,80.00,114.00,9.6593,-1,-1,-1
86,3,1702.00,1256.00,72.00,45.00,5.1786,-1,-1,-1
87,1,2074.00,1325.00,67.00,88.00,10.2533,-1,-1,-1
87,2,1760.00,1117.00,81.00,114.00,9.7031,-1,-1,-1
87,3,1702.00,1256.00,71.00,45.00,5.5516,-1,-1,-1
88,1,2075.00,1325.00,67.00,88.00,10.2427,-1,-1,-1
88,2,1760.00,1115.00,81.00,113.00,9.7419,-1,-1,-1
88,3,1703.00,1257.00,70.00,45.00,5.8962,-1,-1,-1
89,1,2076.00,1324.00,67.00,88.00,10.2432,-1,-1,-1
89,2,1760.00,1113.00,81.00,113.00,9.7843,-1,-1,-1
89,3,1703.00,1256.00,70.00,45.00,6.2150,-1,-1,-1
90,1,2076.00,1322.00,68.00,88.00,10.2694,-1,-1,-1
90,2,1760.00,1112.00,81.00,114.00,9.7919,-1,-1,-1
90,3,1703.00,1257.00,69.00,44.00,6.5361,-1,-1,-1
91,1,2077.00,1322.00,68.00,88.00,10.3219,-1,-1,-1
91,2,1761.00,1109.00,83.00,117.00,9.7111,-1,-1,-1
91,3,1703.00,1257.00,68.00,44.00,6.7886,-1,-1,-1
92,1,2078.00,1321.00,68.00,88.00,10.3838,-1,-1,-1
92,2,1762.00,1109.00,81.00,108.00,9.7247,-1,-1,-1
92,3,1703.00,1256.00,68.00,45.00,7.0571,-1,-1,-1
93,1,2080.00,1321.00,67.00,88.00,10.4266,-1,-1,-1
93,2,1763.00,1107.00,79.00,106.00,9.7862,-1,-1,-1
93,3,1704.00,1256.00,69.00,44.00,7.2657,-1,-1,-1
94,1,2081.00,1320.00,67.00,88.00,10.4564,-1,-1,-1
94,2,1764.00,1106.00,79.00,109.00,9.7588,-1,-1,-1
94,3,1704.00,1255.00,70.00,44.00,7.4272,-1,-1,-1
95,1,2083.00,1319.00,66.00,88.00,10.4547,-1,-1,-1
95,2,1764.00,1105.00,79.00,105.00,9.7359,-1,-1,-1
95,3,1705.00,1255.00,71.00,44.00,7.5805,-1,-1,-1
96,1,2084.00,1318.00,67.00,88.00,10.4284,-1,-1,-1
96,2,1765.00,1104.00,81.00,108.00,9.6197,-1,-1,-1
96,3,1706.00,1255.00,71.00,44.00,7.7227,-1,-1,-1
97,1,2084.00,1317.00,68.00,89.00,10.3698,-1,-1,-1
97,2,1767.00,1106.00,78.00,102.00,9.5367,-1,-1,-1
97,3,1706.00,1254.00,72.00,45.00,7.8191,-1,-1,-1
98,1,2087.00,1315.00,67.00,89.00,10.3079,-1,-1,-1
98,2,1767.00,1104.00,82.00,103.00,9.6102,-1,-1,-1
98,3,1707.00,1253.00,72.00,45.00,7.9496,-1,-1,-1
99,1,2089.00,1313.00,66.00,89.00,10.2982,-1,-1,-1
99,2,1767.00,1102.00,85.00,104.00,9.7151,-1,-1,-1
99,3,1708.00,1252.00,70.00,44.00,8.0822,-1,-1,-1
100,1,2090.00,1313.00,67.00,90.00,10.3079,-1,-1,-1
100,2,1769.00,1100.00,82.00,102.00,9.8023,-1,-1,-1
100,3,1709.00,1251.00,71.00,45.00,8.2490,-1,-1,-1
101,1,2092.00,1312.00,66.00,89.00,10.3467,-1,-1,-1
101,2,1770.00,1098.00,83.00,103.00,9.8689,-1,-1,-1
101,3,1711.00,1250.00,70.00,45.00,8.3714,-1,-1,-1
102,1,2094.00,1311.00,66.00,89.00,10.3863,-1,-1,-1
102,2,1769.00,1096.00,89.00,106.00,9.9788,-1,-1,-1
102,3,1712.00,1249.00,70.00,46.00,8.4201,-1,-1,-1
103,1,2095.00,1309.00,68.00,89.00,10.4100,-1,-1,-1
103,2,1770.00,1095.00,89.00,106.00,10.0666,-1,-1,-1
103,3,1714.00,1248.00,70.00,45.00,8.4108,-1,-1,-1
104,1,2097.00,1309.00,67.00,89.00,10.4171,-1,-1,-1
104,2,1771.00,1093.00,89.00,104.00,10.1368,-1,-1,-1
104,3,1715.00,1247.00,71.00,46.00,8.3956,-1,-1,-1
105,1,2099.00,1309.00,66.00,88.00,10.3975,-1,-1,-1
105,2,1772.00,1092.00,89.00,102.00,10.1782,-1,-1,-1
105,3,1717.00,1245.00,74.00,46.00,8.3646,-1,-1,-1
106,1,2101.00,1308.00,66.00,88.00,10.3962,-1,-1,-1
106,2,1773.00,1091.00,91.00,102.00,10.2059,-1,-1,-1
106,3,1718.00,1245.00,73.00,46.00,8.3867,-1,-1,-1
107,1,2103.00,1306.00,67.00,89.00,10.4130,-1,-1,-1
107,2,1775.00,1089.00,89.00,101.00,10.2235,-1,-1,-1
107,3,1720.00,1245.00,72.00,45.00,8.4305,-1,-1,-1
108,1,2106.00,1305.00,67.00,87.00,10.4172,-1,-1,-1
108,2,1776.00,1088.00,89.00,100.00,10.2437,-1,-1,-1
108,3,1722.00,1243.00,72.00,46.00,8.3105,-1,-1,-1
109,1,2107.00,1304.00,68.00,88.00,10.4303,-1,-1,-1
109,2,1779.00,1086.00,89.00,100.00,10.2806,-1,-1,-1
109,3,1724.00,1242.00,73.00,46.00,8.2691,-1,-1,-1
110,1,2109.00,1302.00,68.00,88.00,10.4300,-1,-1,-1
110,2,1779.00,1085.00,90.00,100.00,10.2985,-1,-1,-1
110,3,1726.00,1241.00,76.00,46.00,8.2679,-1,-1,-1
111,1,2112.00,1299.00,68.00,89.00,10.4633,-1,-1,-1
111,2,1781.00,1083.00,88.00,97.00,10.2956,-1,-1,-1
111,3,1727.00,1239.00,77.00,46.00,8.3548,-1,-1,-1
112,1,2113.00,1298.00,68.00,89.00,10.5028,-1,-1,-1
112,2,1782.00,1081.00,88.00,97.00,10.2911,-1,-1,-1
112,3,1727.00,1238.00,78.00,46.00,8.4909,-1,-1,-1
113,1,2115.00,1297.00,67.00,88.00,10.5434,-1,-1,-1
113,2,1782.00,1079.00,88.00,98.00,10.2815,-1,-1,-1
113,3,1728.00,1238.00,77.00,45.00,8.5884,-1,-1,-1
114,1,2117.00,1294.00,66.00,90.00,10.5684,-1,-1,-1
114,2,1783.00,1076.00,88.00,98.00,10.2332,-1,-1,-1
114,3,1729.00,1236.00,79.00,46.00,8.6603,-1,-1,-1
115,1,2119.00,1293.00,66.00,90.00,10.5486,-1,-1,-1
115,2,1783.00,1075.00,89.00,98.00,10.1827,-1,-1,-1
115,3,1730.00,1235.00,76.00,46.00,8.7413,-1,-1,-1
116,1,2120.00,1292.00,65.00,89.00,10.5013,-1,-1,-1
116,2,1783.00,1073.00,90.00,99.00,10.1777,-1,-1,-1
116,3,1731.00,1234.00,77.00,46.00,8.8238,-1,-1,-1
117,1,2122.00,1290.00,67.00,91.00,10.4418,-1,-1,-1
117,2,1783.00,1071.00,92.00,99.00,10.1924,-1,-1,-1
117,3,1732.00,1233.00,76.00,45.00,8.8903,-1,-1,-1
118,1,2123.00,1288.00,67.00,89.00,10.3664,-1,-1,-1
118,2,1783.00,1068.00,94.00,100.00,10.2465,-1,-1,-1
118,3,1733.00,1233.00,73.00,45.00,8.9473,-1,-1,-1
119,1,2126.00,1286.00,66.00,89.00,10.3321,-1,-1,-1
119,2,1783.00,1066.00,95.00,99.00,10.3056,-1,-1,-1
119,3,1734.00,1232.00,74.00,45.00,8.9659,-1,-1,-1
120,2,1784.00,1064.00,95.00,99.00,10.3496,-1,-1,-1
120,1,2127.00,1284.00,66.00,89.00,10.3469,-1,-1,-1
120,3,1735.00,1231.00,73.00,45.00,8.9894,-1,-1,-1
121,2,1784.00,1062.00,95.00,98.00,10.3719,-1,-1,-1
121,1,2129.00,1282.00,66.00,89.00,10.3628,-1,-1,-1
121,3,1736.00,1229.00,73.00,45.00,8.9917,-1,-1,-1
122,2,1785.00,1060.00,95.00,98.00,10.3504,-1,-1,-1
122,1,2131.00,1280.00,65.00,89.00,10.3388,-1,-1,-1
122,3,1737.00,1228.00,72.00,46.00,9.0098,-1,-1,-1
123,1,2133.00,1278.00,67.00,88.00,10.3456,-1,-1,-1
123,2,1786.00,1058.00,97.00,100.00,10.2906,-1,-1,-1
123,3,1738.00,1226.00,75.00,47.00,8.8921,-1,-1,-1
124,1,2135.00,1275.00,66.00,88.00,10.3684,-1,-1,-1
124,2,1786.00,1054.00,97.00,100.00,10.2538,-1,-1,-1
124,3,1739.00,1225.00,69.00,46.00,8.9142,-1,-1,-1
125,1,2138.00,1273.00,64.00,89.00,10.3871,-1,-1,-1
125,2,1786.00,1052.00,100.00,102.00,10.2652,-1,-1,-1
125,3,1740.00,1223.00,71.00,46.00,8.8860,-1,-1,-1
126,1,2140.00,1271.00,63.00,89.00,10.4065,-1,-1,-1
126,2,1787.00,1049.00,97.00,99.00,10.2730,-1,-1,-1
126,3,1742.00,1221.00,73.00,47.00,8.8241,-1,-1,-1
127,1,2142.00,1269.00,62.00,90.00,10.3841,-1,-1,-1
127,2,1788.00,1047.00,97.00,99.00,10.2661,-1,-1,-1
127,3,1744.00,1219.00,76.00,46.00,8.8412,-1,-1,-1
128,1,2144.00,1266.00,62.00,90.00,10.3757,-1,-1,-1
128,2,1788.00,1043.00,98.00,99.00,10.2728,-1,-1,-1
128,3,1745.00,1217.00,75.00,46.00,8.7601,-1,-1,-1
129,1,2146.00,1263.00,62.00,91.00,10.3804,-1,-1,-1
129,2,1790.00,1040.00,97.00,99.00,10.2545,-1,-1,-1
129,3,1747.00,1214.00,77.00,47.00,8.7101,-1,-1,-1
130,1,2148.00,1261.00,62.00,89.00,10.3767,-1,-1,-1
130,2,1790.00,1038.00,102.00,101.00,10.2347,-1,-1,-1
130,3,1749.00,1212.00,78.00,47.00,8.7067,-1,-1,-1
131,1,2151.00,1258.00,61.00,90.00,10.3602,-1,-1,-1
131,2,1791.00,1035.00,101.00,102.00,10.2188,-1,-1,-1
131,3,1751.00,1210.00,78.00,48.00,8.7017,-1,-1,-1
132,1,2153.00,1256.00,60.00,88.00,10.2750,-1,-1,-1
132,2,1792.00,1032.00,102.00,103.00,10.2421,-1,-1,-1
132,3,1753.00,1208.00,74.00,47.00,8.7181,-1,-1,-1
133,1,2155.00,1253.00,61.00,88.00,10.2885,-1,-1,-1
133,2,1793.00,1028.00,103.00,105.00,10.2840,-1,-1,-1
133,3,1754.00,1206.00,77.00,47.00,8.7074,-1,-1,-1
134,2,1794.00,1024.00,101.00,103.00,10.3383,-1,-1,-1
134,1,2156.00,1250.00,60.00,88.00,10.3101,-1,-1,-1
134,3,1756.00,1205.00,74.00,47.00,8.7171,-1,-1,-1
135,2,1796.00,1022.00,100.00,101.00,10.3421,-1,-1,-1
135,1,2158.00,1246.00,60.00,90.00,10.3222,-1,-1,-1
135,3,1758.00,1203.00,72.00,47.00,8.6692,-1,-1,-1
136,2,1798.00,1019.00,102.00,103.00,10.3430,-1,-1,-1
136,1,2161.00,1243.00,59.00,91.00,10.2973,-1,-1,-1
136,3,1759.00,1200.00,73.00,48.00,8.7475,-1,-1,-1
137,2,1799.00,1016.00,101.00,102.00,10.3577,-1,-1,-1
137,1,2164.00,1241.00,60.00,90.00,10.2599,-1,-1,-1
137,3,1761.00,1198.00,71.00,47.00,8.8219,-1,-1,-1
138,2,1800.00,1014.00,102.00,101.00,10.3716,-1,-1,-1
138,1,2166.00,1238.00,59.00,91.00,10.2420,-1,-1,-1
138,3,1763.00,1196.00,71.00,47.00,8.8404,-1,-1,-1
139,2,1802.00,1012.00,101.00,100.00,10.3554,-1,-1,-1
139,1,2168.00,1237.00,57.00,89.00,10.2512,-1,-1,-1
139,3,1766.00,1194.00,73.00,47.00,8.7939,-1,-1,-1
140,2,1804.00,1008.00,102.00,102.00,10.3174,-1,-1,-1
140,1,2170.00,1233.00,57.00,91.00,10.2904,-1,-1,-1
140,3,1768.00,1193.00,72.00,46.00,8.7195,-1,-1,-1
141,1,2172.00,1230.00,58.00,89.00,10.3137,-1,-1,-1
141,2,1807.00,1006.00,100.00,102.00,10.2062,-1,-1,-1
141,3,1770.00,1190.00,74.00,46.00,8.6586,-1,-1,-1
142,1,2173.00,1226.00,60.00,89.00,10.3193,-1,-1,-1
142,2,1807.00,1004.00,103.00,102.00,10.2078,-1,-1,-1
142,3,1773.00,1187.00,74.00,47.00,8.5993,-1,-1,-1
143,1,2175.00,1223.00,61.00,89.00,10.3330,-1,-1,-1
143,2,1809.00,1000.00,104.00,104.00,10.1956,-1,-1,-1
143,3,1775.00,1185.00,74.00,47.00,8.6239,-1,-1,-1
144,1,2178.00,1220.00,60.00,90.00,10.2973,-1,-1,-1
144,2,1811.00,997.00,102.00,100.00,10.1534,-1,-1,-1
144,3,1777.00,1184.00,74.00,46.00,8.5037,-1,-1,-1
145,1,2180.00,1217.00,58.00,89.00,10.3150,-1,-1,-1
145,2,1812.00,994.00,103.00,101.00,10.1318,-1,-1,-1
145,3,1779.00,1181.00,72.00,47.00,8.4803,-1,-1,-1
146,1,2182.00,1215.00,59.00,90.00,10.3568,-1,-1,-1
146,2,1814.00,991.00,104.00,102.00,10.0777,-1,-1,-1
146,3,1781.00,1178.00,72.00,48.00,8.5341,-1,-1,-1
147,1,2183.00,1210.00,60.00,90.00,10.3431,-1,-1,-1
147,2,1815.00,989.00,103.00,99.00,10.0233,-1,-1,-1
147,3,1782.00,1176.00,71.00,48.00,8.6582,-1,-1,-1
148,1,2185.00,1206.00,62.00,89.00,10.3383,-1,-1,-1
148,2,1817.00,986.00,102.00,99.00,9.9788,-1,-1,-1
148,3,1785.00,1173.00,72.00,48.00,8.6510,-1,-1,-1
149,1,2187.00,1204.00,63.00,88.00,10.3133,-1,-1,-1
149,2,1819.00,983.00,102.00,99.00,10.0178,-1,-1,-1
149,3,1788.00,1171.00,73.00,47.00,8.5495,-1,-1,-1
150,1,2189.00,1200.00,63.00,88.00,10.3448,-1,-1,-1
150,2,1819.00,979.00,103.00,100.00,10.0826,-1,-1,-1
150,3,1790.00,1168.00,71.00,47.00,8.4937,-1,-1,-1
151,1,2192.00,1198.00,61.00,88.00,10.3319,-1,-1,-1
151,2,1821.00,976.00,105.00,99.00,10.1316,-1,-1,-1
151,3,1793.00,1165.00,71.00,47.00,8.3994,-1,-1,-1
152,1,2192.00,1193.00,64.00,90.00,10.3810,-1,-1,-1
152,2,1825.00,973.00,101.00,99.00,10.0139,-1,-1,-1
152,3,1796.00,1162.00,75.00,47.00,8.3295,-1,-1,-1
153,1,2196.00,1190.00,63.00,89.00,10.4443,-1,-1,-1
153,2,1826.00,970.00,102.00,98.00,9.9825,-1,-1,-1
153,3,1799.00,1159.00,74.00,47.00,8.2844,-1,-1,-1
154,1,2197.00,1185.00,64.00,89.00,10.4961,-1,-1,-1
154,2,1828.00,967.00,100.00,99.00,9.9191,-1,-1,-1
154,3,1801.00,1157.00,73.00,47.00,7.8507,-1,-1,-1
155,1,2199.00,1181.00,66.00,89.00,10.4659,-1,-1,-1
155,2,1829.00,964.00,102.00,99.00,9.9107,-1,-1,-1
155,3,1803.00,1153.00,74.00,48.00,7.8698,-1,-1,-1
156,1,2202.00,1179.00,65.00,87.00,10.4395,-1,-1,-1
156,2,1831.00,961.00,104.00,99.00,9.9159,-1,-1,-1
156,3,1805.00,1150.00,73.00,48.00,8.0545,-1,-1,-1
157,1,2204.00,1175.00,66.00,89.00,10.4373,-1,-1,-1
157,2,1834.00,957.00,103.00,99.00,9.8737,-1,-1,-1
157,3,1807.00,1146.00,75.00,49.00,8.1621,-1,-1,-1
158,1,2205.00,1171.00,68.00,90.00,10.4538,-1,-1,-1
158,2,1835.00,954.00,105.00,99.00,9.9413,-1,-1,-1
158,3,1810.00,1144.00,73.00,48.00,8.2117,-1,-1,-1
159,1,2207.00,1167.00,69.00,91.00,10.4559,-1,-1,-1
159,2,1835.00,950.00,108.00,101.00,10.0088,-1,-1,-1
159,3,1814.00,1142.00,73.00,47.00,8.0760,-1,-1,-1
160,1,2208.00,1164.00,71.00,90.00,10.4744,-1,-1,-1
160,2,1838.00,947.00,107.00,98.00,9.9923,-1,-1,-1
160,3,1816.00,1138.00,73.00,47.00,8.0917,-1,-1,-1
161,1,2211.00,1161.00,71.00,89.00,10.5068,-1,-1,-1
161,2,1840.00,943.00,106.00,100.00,9.9516,-1,-1,-1
161,3,1820.00,1136.00,75.00,47.00,8.0671,-1,-1,-1
162,1,2213.00,1157.00,71.00,88.00,10.5414,-1,-1,-1
162,2,1842.00,940.00,106.00,98.00,9.9909,-1,-1,-1
162,3,1822.00,1133.00,74.00,47.00,7.9608,-1,-1,-1
163,1,2215.00,1153.00,73.00,89.00,10.5465,-1,-1,-1
163,2,1843.00,936.00,104.00,97.00,10.0261,-1,-1,-1
163,3,1825.00,1130.00,72.00,48.00,7.9149,-1,-1,-1
164,1,2217.00,1149.00,74.00,90.00,10.5599,-1,-1,-1
164,2,1844.00,931.00,107.00,98.00,10.0961,-1,-1,-1
164,3,1828.00,1127.00,71.00,47.00,8.0613,-1,-1,-1
165,1,2219.00,1145.00,76.00,90.00,10.5748,-1,-1,-1
165,2,1845.00,928.00,108.00,99.00,10.1428,-1,-1,-1
165,3,1829.00,1124.00,76.00,48.00,8.1923,-1,-1,-1
166,1,2221.00,1143.00,77.00,89.00,10.5874,-1,-1,-1
166,2,1848.00,924.00,104.00,98.00,10.0147,-1,-1,-1
166,3,1832.00,1121.00,74.00,48.00,8.2904,-1,-1,-1
167,1,2224.00,1139.00,77.00,89.00,10.5597,-1,-1,-1
167,2,1849.00,920.00,106.00,97.00,9.9956,-1,-1,-1
167,3,1835.00,1118.00,72.00,47.00,8.3091,-1,-1,-1
168,1,2228.00,1137.00,78.00,87.00,10.5764,-1,-1,-1
168,2,1854.00,917.00,105.00,98.00,9.9430,-1,-1,-1
168,3,1840.00,1114.00,71.00,47.00,8.2899,-1,-1,-1
169,1,2231.00,1133.00,79.00,88.00,10.6007,-1,-1,-1
169,2,1857.00,914.00,109.00,100.00,9.8810,-1,-1,-1
169,3,1845.00,1111.00,74.00,48.00,8.1658,-1,-1,-1
170,1,2235.00,1130.00,79.00,87.00,10.5806,-1,-1,-1
170,2,1861.00,911.00,108.00,97.00,9.8898,-1,-1,-1
170,3,1848.00,1107.00,74.00,50.00,8.1394,-1,-1,-1
171,1,2239.00,1127.00,80.00,87.00,10.5602,-1,-1,-1
171,2,1864.00,907.00,110.00,99.00,9.9127,-1,-1,-1
171,3,1854.00,1106.00,71.00,48.00,8.2184,-1,-1,-1
172,1,2243.00,1124.00,83.00,88.00,10.5754,-1,-1,-1
172,2,1866.00,903.00,113.00,101.00,9.9662,-1,-1,-1
172,3,1858.00,1102.00,71.00,48.00,8.3484,-1,-1,-1
173,1,2247.00,1122.00,84.00,87.00,10.5733,-1,-1,-1
173,2,1870.00,901.00,107.00,97.00,9.9255,-1,-1,-1
173,3,1862.00,1100.00,70.00,48.00,8.4515,-1,-1,-1
174,1,2250.00,1119.00,83.00,87.00,10.5165,-1,-1,-1
174,2,1874.00,899.00,105.00,95.00,9.8448,-1,-1,-1
174,3,1866.00,1097.00,72.00,47.00,8.4500,-1,-1,-1
175,1,2253.00,1116.00,84.00,86.00,10.5011,-1,-1,-1
175,2,1875.00,896.00,109.00,96.00,9.8178,-1,-1,-1
175,3,1869.00,1094.00,69.00,48.00,8.5959,-1,-1,-1
176,1,2253.00,1112.00,85.00,87.00,10.4912,-1,-1,-1
176,2,1876.00,893.00,107.00,96.00,9.8406,-1,-1,-1
176,3,1871.00,1091.00,72.00,48.00,8.6569,-1,-1,-1
177,1,2254.00,1109.00,85.00,87.00,10.4749,-1,-1,-1
177,2,1877.00,890.00,109.00,96.00,9.8124,-1,-1,-1
177,3,1873.00,1088.00,73.00,48.00,8.6909,-1,-1,-1
178,1,2256.00,1105.00,84.00,85.00,10.3967,-1,-1,-1
178,2,1876.00,887.00,111.00,97.00,9.7991,-1,-1,-1
178,3,1873.00,1085.00,74.00,48.00,8.7202,-1,-1,-1
179,1,2255.00,1101.00,86.00,85.00,10.3347,-1,-1,-1
179,2,1875.00,883.00,112.00,98.00,9.7663,-1,-1,-1
179,3,1874.00,1082.00,73.00,48.00,8.7088,-1,-1,-1
180,1,2254.00,1098.00,87.00,85.00,10.2938,-1,-1,-1
180,3,1873.00,1078.00,74.00,50.00,8.7688,-1,-1,-1
180,2,1875.00,879.00,112.00,98.00,6.8921,-1,-1,-1
181,1,2253.00,1094.00,86.00,83.00,10.2562,-1,-1,-1
181,3,1872.00,1075.00,74.00,50.00,8.8671,-1,-1,-1
181,2,1875.00,876.00,112.00,98.00,4.8127,-1,-1,-1
182,1,2251.00,1090.00,86.00,82.00,10.2003,-1,-1,-1
182,3,1871.00,1074.00,76.00,48.00,8.6909,-1,-1,-1
183,1,2243.00,1085.00,88.00,81.00,10.1928,-1,-1,-1
183,3,1867.00,1070.00,71.00,47.00,8.5925,-1,-1,-1
184,3,1859.00,1066.00,73.00,49.00,8.6197,-1,-1,-1
184,1,2237.00,1080.00,88.00,81.00,7.2003,-1,-1,-1
185,3,1850.00,1063.00,76.00,49.00,8.6641,-1,-1,-1
185,1,2231.00,1074.00,88.00,81.00,5.0327,-1,-1,-1
186,3,1841.00,1061.00,72.00,47.00,8.5731,-1,-1,-1
187,3,1829.00,1058.00,73.00,48.00,8.5705,-1,-1,-1
188,3,1815.00,1055.00,71.00,48.00,8.6323,-1,-1,-1
189,3,1801.00,1052.00,76.00,49.00,8.6440,-1,-1,-1
190,3,1787.00,1049.00,73.00,49.00,8.6004,-1,-1,-1
191,3,1773.00,1046.00,71.00,48.00,8.6724,-1,-1,-1
192,3,1758.00,1043.00,74.00,49.00,8.6988,-1,-1,-1
193,3,1742.00,1040.00,73.00,48.00,8.7384,-1,-1,-1
194,3,1729.00,1039.00,74.00,48.00,8.7188,-1,-1,-1
195,3,1712.00,1036.00,73.00,48.00,8.7915,-1,-1,-1
195,4,1649.00,841.00,130.00,67.00,3.6642,-1,-1,-1
196,3,1699.00,1035.00,71.00,48.00,8.6262,-1,-1,-1
196,4,1630.00,838.00,133.00,69.00,4.6965,-1,-1,-1
196,5,2023.00,1006.00,117.00,60.00,3.4483,-1,-1,-1
197,3,1685.00,1033.00,73.00,48.00,8.5811,-1,-1,-1
197,4,1615.00,837.00,128.00,67.00,5.5102,-1,-1,-1
197,5,2008.00,1001.00,112.00,57.00,4.2778,-1,-1,-1
198,3,1678.00,1029.00,77.00,50.00,8.4477,-1,-1,-1
198,4,1605.00,835.00,129.00,67.00,6.2497,-1,-1,-1
198,5,1999.00,996.00,116.00,58.00,5.1217,-1,-1,-1
199,3,1679.00,1027.00,77.00,49.00,8.4185,-1,-1,-1
199,4,1605.00,832.00,128.00,67.00,6.8644,-1,-1,-1
199,5,1999.00,993.00,117.00,57.00,5.7602,-1,-1,-1
200,3,1683.00,1025.00,74.00,49.00,8.4162,-1,-1,-1
200,4,1609.00,830.00,127.00,65.00,7.3841,-1,-1,-1
200,5,2003.00,990.00,113.00,57.00,6.3332,-1,-1,-1
201,3,1688.00,1021.00,75.00,50.00,8.4166,-1,-1,-1
201,4,1611.00,826.00,129.00,65.00,7.7745,-1,-1,-1
201,5,2008.00,987.00,111.00,56.00,6.8009,-1,-1,-1
202,3,1692.00,1017.00,72.00,50.00,8.5230,-1,-1,-1
202,4,1615.00,823.00,129.00,65.00,8.1311,-1,-1,-1
202,5,2012.00,984.00,105.00,55.00,7.2172,-1,-1,-1
203,4,1619.00,820.00,131.00,65.00,8.4712,-1,-1,-1
203,3,1698.00,1015.00,73.00,48.00,8.4672,-1,-1,-1
203,5,2016.00,980.00,111.00,56.00,7.4207,-1,-1,-1
204,4,1624.00,818.00,129.00,64.00,8.7371,-1,-1,-1
204,3,1704.00,1013.00,72.00,48.00,8.3136,-1,-1,-1
204,5,2019.00,977.00,112.00,57.00,7.6093,-1,-1,-1
205,4,1627.00,816.00,131.00,64.00,8.9624,-1,-1,-1
205,3,1708.00,1010.00,71.00,48.00,8.2486,-1,-1,-1
205,5,2024.00,974.00,109.00,56.00,7.8133,-1,-1,-1
206,4,1631.00,812.00,131.00,65.00,9.1524,-1,-1,-1
206,3,1712.00,1005.00,75.00,49.00,8.2883,-1,-1,-1
206,5,2028.00,971.00,113.00,57.00,8.0159,-1,-1,-1
207,4,1635.00,810.00,128.00,63.00,9.3008,-1,-1,-1
207,5,2031.00,967.00,110.00,58.00,8.2600,-1,-1,-1
207,3,1717.00,1002.00,75.00,49.00,5.8248,-1,-1,-1
208,4,1639.00,806.00,129.00,65.00,9.4035,-1,-1,-1
208,5,2035.00,964.00,110.00,58.00,8.4475,-1,-1,-1
208,3,1723.00,1002.00,73.00,48.00,6.1685,-1,-1,-1
209,4,1645.00,802.00,126.00,67.00,9.5521,-1,-1,-1
209,5,2039.00,961.00,109.00,58.00,8.4836,-1,-1,-1
209,3,1729.00,997.00,75.00,50.00,6.5295,-1,-1,-1
210,4,1647.00,800.00,130.00,65.00,9.6342,-1,-1,-1
210,5,2043.00,957.00,110.00,59.00,8.5994,-1,-1,-1
210,3,1734.00,995.00,75.00,50.00,6.8343,-1,-1,-1
211,4,1651.00,797.00,129.00,65.00,9.7195,-1,-1,-1
211,5,2046.00,954.00,109.00,58.00,8.6576,-1,-1,-1
211,3,1738.00,991.00,75.00,50.00,7.1276,-1,-1,-1
212,4,1656.00,794.00,128.00,64.00,9.7695,-1,-1,-1
212,5,2050.00,951.00,109.00,58.00,8.7573,-1,-1,-1
212,3,1745.00,990.00,73.00,49.00,7.3926,-1,-1,-1
213,4,1660.00,794.00,130.00,64.00,9.8175,-1,-1,-1
213,5,2055.00,948.00,109.00,57.00,8.8772,-1,-1,-1
213,3,1751.00,988.00,72.00,48.00,7.4551,-1,-1,-1
214,4,1664.00,791.00,129.00,63.00,9.8573,-1,-1,-1
214,5,2058.00,944.00,110.00,59.00,8.9706,-1,-1,-1
214,3,1756.00,986.00,72.00,47.00,7.5846,-1,-1,-1
215,4,1668.00,786.00,125.00,65.00,9.8683,-1,-1,-1
215,5,2062.00,943.00,110.00,58.00,9.0921,-1,-1,-1
215,3,1761.00,983.00,73.00,48.00,7.7474,-1,-1,-1
216,4,1672.00,783.00,125.00,66.00,9.8871,-1,-1,-1
216,5,2067.00,938.00,110.00,60.00,9.2037,-1,-1,-1
216,3,1768.00,981.00,69.00,47.00,7.8608,-1,-1,-1
217,4,1674.00,781.00,129.00,66.00,9.9211,-1,-1,-1
217,5,2071.00,936.00,110.00,58.00,9.1215,-1,-1,-1
217,3,1774.00,979.00,73.00,47.00,7.8062,-1,-1,-1
218,4,1680.00,779.00,128.00,66.00,10.0177,-1,-1,-1
218,5,2074.00,934.00,108.00,58.00,9.1266,-1,-1,-1
218,3,1780.00,977.00,75.00,48.00,7.8256,-1,-1,-1
219,4,1683.00,777.00,128.00,65.00,10.0357,-1,-1,-1
219,5,2078.00,931.00,110.00,58.00,9.2574,-1,-1,-1
219,3,1785.00,975.00,74.00,49.00,7.8954,-1,-1,-1
220,4,1689.00,774.00,126.00,65.00,10.0490,-1,-1,-1
220,5,2080.00,928.00,112.00,60.00,9.3830,-1,-1,-1
220,3,1790.00,973.00,74.00,49.00,5.5400,-1,-1,-1
221,4,1692.00,772.00,129.00,65.00,10.0636,-1,-1,-1
221,5,2085.00,925.00,112.00,61.00,9.4441,-1,-1,-1
221,3,1797.00,971.00,72.00,47.00,5.9815,-1,-1,-1
222,4,1697.00,770.00,126.00,65.00,10.0678,-1,-1,-1
222,5,2090.00,922.00,112.00,61.00,6.6581,-1,-1,-1
222,3,1807.00,967.00,72.00,47.00,4.1600,-1,-1,-1
223,4,1701.00,770.00,127.00,63.00,10.0626,-1,-1,-1
223,5,2095.00,919.00,112.00,61.00,4.6372,-1,-1,-1
223,3,1818.00,963.00,72.00,47.00,2.8421,-1,-1,-1
224,4,1707.00,767.00,124.00,64.00,10.0607,-1,-1,-1
224,3,1803.00,964.00,61.00,49.00,3.3952,-1,-1,-1
225,4,1710.00,764.00,124.00,66.00,10.0554,-1,-1,-1
225,3,1810.00,961.00,63.00,50.00,3.7443,-1,-1,-1
226,4,1715.00,764.00,123.00,64.00,10.0423,-1,-1,-1
226,3,1816.00,960.00,62.00,49.00,3.8748,-1,-1,-1
227,4,1720.00,760.00,125.00,65.00,9.9632,-1,-1,-1
227,3,1820.00,957.00,70.00,53.00,4.1537,-1,-1,-1
228,4,1724.00,758.00,123.00,66.00,9.9188,-1,-1,-1
228,3,1825.00,956.00,65.00,51.00,4.4941,-1,-1,-1
229,4,1730.00,758.00,123.00,64.00,9.9720,-1,-1,-1
229,3,1831.00,954.00,65.00,50.00,4.7028,-1,-1,-1
230,4,1735.00,756.00,123.00,64.00,9.9946,-1,-1,-1
230,3,1838.00,952.00,63.00,54.00,4.8527,-1,-1,-1
231,4,1740.00,753.00,122.00,64.00,9.9431,-1,-1,-1
231,3,1844.00,949.00,72.00,55.00,5.0100,-1,-1,-1
232,4,1745.00,753.00,122.00,64.00,9.8956,-1,-1,-1
232,3,1849.00,947.00,68.00,55.00,5.1526,-1,-1,-1
233,4,1750.00,750.00,121.00,64.00,9.8493,-1,-1,-1
233,3,1855.00,944.00,67.00,55.00,5.2592,-1,-1,-1
234,4,1755.00,749.00,119.00,63.00,9.7746,-1,-1,-1
234,3,1862.00,944.00,61.00,53.00,5.4052,-1,-1,-1
235,4,1760.00,747.00,121.00,63.00,9.7365,-1,-1,-1
235,3,1867.00,941.00,71.00,56.00,5.4172,-1,-1,-1
236,4,1765.00,745.00,120.00,63.00,9.7196,-1,-1,-1
236,3,1872.00,940.00,66.00,54.00,5.5430,-1,-1,-1
237,4,1769.00,741.00,125.00,65.00,9.8021,-1,-1,-1
237,3,1879.00,939.00,63.00,53.00,5.6082,-1,-1,-1
238,4,1775.00,743.00,122.00,62.00,9.8215,-1,-1,-1
238,3,1886.00,940.00,58.00,52.00,5.7362,-1,-1,-1
239,4,1780.00,741.00,120.00,62.00,9.7883,-1,-1,-1
239,3,1892.00,938.00,58.00,52.00,5.7720,-1,-1,-1
240,4,1786.00,738.00,121.00,64.00,9.7973,-1,-1,-1
240,3,1898.00,935.00,59.00,53.00,5.9159,-1,-1,-1
241,4,1790.00,737.00,121.00,64.00,9.7524,-1,-1,-1
241,3,1905.00,934.00,57.00,53.00,6.0396,-1,-1,-1
242,4,1796.00,736.00,120.00,64.00,9.7048,-1,-1,-1
242,3,1911.00,934.00,58.00,52.00,5.8819,-1,-1,-1
243,4,1800.00,734.00,122.00,66.00,9.7708,-1,-1,-1
243,3,1916.00,931.00,65.00,56.00,5.8217,-1,-1,-1
244,4,1805.00,733.00,121.00,65.00,9.8497,-1,-1,-1
244,3,1923.00,930.00,60.00,54.00,5.8390,-1,-1,-1
245,4,1810.00,730.00,124.00,68.00,9.9452,-1,-1,-1
245,3,1929.00,929.00,61.00,54.00,5.9109,-1,-1,-1
246,4,1815.00,730.00,121.00,67.00,9.9667,-1,-1,-1
246,3,1936.00,929.00,60.00,54.00,5.7614,-1,-1,-1
247,4,1820.00,729.00,121.00,66.00,9.9749,-1,-1,-1
247,3,1941.00,925.00,69.00,57.00,5.8108,-1,-1,-1
248,4,1825.00,729.00,122.00,66.00,9.9466,-1,-1,-1
248,3,1950.00,926.00,63.00,53.00,5.8621,-1,-1,-1
249,4,1831.00,728.00,121.00,65.00,9.8884,-1,-1,-1
249,3,1955.00,924.00,62.00,57.00,5.9312,-1,-1,-1
250,4,1836.00,727.00,121.00,65.00,9.8836,-1,-1,-1
250,3,1963.00,924.00,64.00,55.00,5.8974,-1,-1,-1
251,4,1841.00,726.00,121.00,66.00,9.8938,-1,-1,-1
251,3,1969.00,923.00,64.00,55.00,5.8484,-1,-1,-1
252,4,1846.00,725.00,121.00,65.00,9.8865,-1,-1,-1
252,3,1976.00,923.00,61.00,53.00,5.7411,-1,-1,-1
253,4,1851.00,724.00,122.00,66.00,9.8203,-1,-1,-1
253,3,1982.00,922.00,60.00,55.00,5.7408,-1,-1,-1
254,4,1856.00,724.00,121.00,65.00,9.7908,-1,-1,-1
254,3,1990.00,922.00,60.00,54.00,5.6366,-1,-1,-1
255,4,1862.00,722.00,122.00,66.00,9.8213,-1,-1,-1
255,3,1995.00,921.00,62.00,52.00,5.5401,-1,-1,-1
256,4,1866.00,721.00,127.00,67.00,9.8691,-1,-1,-1
256,3,2003.00,921.00,58.00,54.00,5.4347,-1,-1,-1
257,4,1871.00,722.00,124.00,66.00,9.8494,-1,-1,-1
257,3,2009.00,919.00,64.00,55.00,5.3396,-1,-1,-1
258,4,1876.00,720.00,128.00,68.00,9.8983,-1,-1,-1
258,3,2015.00,920.00,64.00,53.00,5.2448,-1,-1,-1
259,4,1882.00,721.00,124.00,67.00,9.8715,-1,-1,-1
259,3,2021.00,920.00,60.00,51.00,5.2259,-1,-1,-1
260,4,1887.00,720.00,126.00,68.00,9.8952,-1,-1,-1
260,3,2028.00,920.00,60.00,51.00,5.2002,-1,-1,-1
261,4,1892.00,721.00,125.00,68.00,9.9717,-1,-1,-1
261,3,2035.00,921.00,57.00,51.00,5.1988,-1,-1,-1
262,4,1897.00,722.00,124.00,66.00,9.9377,-1,-1,-1
262,3,2040.00,919.00,64.00,51.00,5.1674,-1,-1,-1
263,4,1902.00,722.00,122.00,66.00,9.8570,-1,-1,-1
263,3,2048.00,920.00,56.00,48.00,5.1204,-1,-1,-1
263,6,2283.00,848.00,110.00,61.00,3.4693,-1,-1,-1
264,4,1908.00,721.00,124.00,66.00,9.8587,-1,-1,-1
264,3,2055.00,918.00,58.00,52.00,5.0428,-1,-1,-1
264,6,2290.00,848.00,110.00,60.00,4.3751,-1,-1,-1
265,4,1913.00,720.00,124.00,69.00,9.9726,-1,-1,-1
265,6,2294.00,847.00,110.00,60.00,5.1748,-1,-1,-1
265,3,2061.00,920.00,58.00,49.00,4.6255,-1,-1,-1
266,4,1919.00,721.00,124.00,67.00,10.0102,-1,-1,-1
266,6,2299.00,846.00,110.00,60.00,5.8734,-1,-1,-1
266,3,2066.00,918.00,61.00,50.00,4.6758,-1,-1,-1
267,4,1924.00,720.00,125.00,67.00,10.0723,-1,-1,-1
267,6,2304.00,846.00,109.00,59.00,6.4545,-1,-1,-1
267,3,2074.00,916.00,61.00,52.00,4.3892,-1,-1,-1
268,4,1930.00,720.00,126.00,67.00,10.0785,-1,-1,-1
268,6,2310.00,846.00,110.00,59.00,6.8976,-1,-1,-1
268,3,2081.00,919.00,54.00,50.00,4.5206,-1,-1,-1
269,4,1935.00,720.00,123.00,67.00,10.1368,-1,-1,-1
269,6,2314.00,845.00,112.00,60.00,7.2985,-1,-1,-1
269,3,2086.00,918.00,60.00,51.00,4.5519,-1,-1,-1
270,4,1940.00,721.00,123.00,67.00,10.2125,-1,-1,-1
270,6,2320.00,846.00,111.00,59.00,7.6729,-1,-1,-1
270,3,2093.00,919.00,57.00,50.00,4.6802,-1,-1,-1
271,4,1945.00,722.00,122.00,66.00,10.1968,-1,-1,-1
271,6,2324.00,845.00,116.00,60.00,8.0117,-1,-1,-1
271,3,2100.00,917.00,60.00,52.00,4.6305,-1,-1,-1
272,4,1950.00,720.00,126.00,67.00,10.2532,-1,-1,-1
272,6,2330.00,846.00,113.00,59.00,8.2766,-1,-1,-1
272,3,2107.00,919.00,53.00,51.00,4.3916,-1,-1,-1
273,4,1955.00,721.00,125.00,67.00,10.1999,-1,-1,-1
273,6,2336.00,846.00,112.00,60.00,8.3994,-1,-1,-1
273,3,2110.00,918.00,66.00,53.00,3.9644,-1,-1,-1
274,4,1960.00,721.00,122.00,66.00,10.1553,-1,-1,-1
274,6,2340.00,846.00,114.00,59.00,8.5919,-1,-1,-1
274,3,2118.00,920.00,58.00,50.00,4.0939,-1,-1,-1
275,4,1964.00,721.00,123.00,67.00,10.1784,-1,-1,-1
275,6,2345.00,845.00,114.00,61.00,8.7043,-1,-1,-1
275,3,2124.00,919.00,59.00,51.00,3.9325,-1,-1,-1
276,4,1970.00,723.00,122.00,65.00,10.1440,-1,-1,-1
276,6,2351.00,846.00,112.00,60.00,8.8658,-1,-1,-1
276,3,2131.00,922.00,57.00,51.00,4.1713,-1,-1,-1
277,4,1975.00,724.00,123.00,65.00,10.1095,-1,-1,-1
277,6,2357.00,848.00,113.00,60.00,8.9578,-1,-1,-1
277,3,2136.00,923.00,59.00,50.00,4.2155,-1,-1,-1
278,4,1980.00,725.00,123.00,65.00,10.0977,-1,-1,-1
278,6,2363.00,848.00,113.00,61.00,9.0443,-1,-1,-1
278,3,2141.00,923.00,62.00,51.00,4.3256,-1,-1,-1
279,4,1985.00,725.00,124.00,67.00,10.1086,-1,-1,-1
279,6,2369.00,848.00,113.00,61.00,9.1317,-1,-1,-1
279,3,2149.00,925.00,58.00,51.00,4.3413,-1,-1,-1
280,4,1991.00,728.00,120.00,64.00,10.1002,-1,-1,-1
280,6,2376.00,851.00,110.00,59.00,9.2388,-1,-1,-1
280,3,2157.00,926.00,61.00,51.00,4.3681,-1,-1,-1
281,4,1996.00,728.00,124.00,65.00,10.0658,-1,-1,-1
281,6,2381.00,851.00,110.00,60.00,9.3103,-1,-1,-1
281,3,2160.00,926.00,61.00,55.00,4.5018,-1,-1,-1
282,4,2001.00,731.00,119.00,63.00,10.0585,-1,-1,-1
282,6,2388.00,854.00,109.00,59.00,9.4318,-1,-1,-1
282,3,2166.00,928.00,59.00,51.00,4.6514,-1,-1,-1
283,4,2006.00,734.00,118.00,63.00,9.9828,-1,-1,-1
283,6,2394.00,856.00,108.00,59.00,9.5512,-1,-1,-1
283,3,2172.00,931.00,59.00,52.00,4.7466,-1,-1,-1
284,4,2011.00,735.00,117.00,64.00,9.8834,-1,-1,-1
284,6,2400.00,857.00,108.00,60.00,9.4946,-1,-1,-1
284,3,2180.00,936.00,53.00,49.00,4.7145,-1,-1,-1
285,4,2015.00,737.00,119.00,64.00,9.9496,-1,-1,-1
285,6,2404.00,859.00,108.00,59.00,9.3406,-1,-1,-1
285,3,2183.00,935.00,58.00,52.00,4.7935,-1,-1,-1
286,4,2019.00,739.00,122.00,64.00,9.9656,-1,-1,-1
286,6,2409.00,862.00,107.00,58.00,9.2005,-1,-1,-1
286,3,2189.00,935.00,59.00,52.00,4.9950,-1,-1,-1
287,4,2022.00,740.00,126.00,66.00,9.9987,-1,-1,-1
287,6,2415.00,864.00,106.00,58.00,9.2634,-1,-1,-1
287,3,2195.00,937.00,59.00,54.00,5.0995,-1,-1,-1
288,4,2026.00,743.00,124.00,65.00,10.0201,-1,-1,-1
288,6,2418.00,866.00,107.00,58.00,9.3752,-1,-1,-1
288,3,2199.00,940.00,57.00,54.00,5.2831,-1,-1,-1
289,4,2031.00,748.00,117.00,62.00,10.0241,-1,-1,-1
289,6,2421.00,868.00,107.00,57.00,9.4426,-1,-1,-1
289,3,2205.00,943.00,57.00,52.00,5.3013,-1,-1,-1
290,4,2032.00,749.00,120.00,64.00,10.0511,-1,-1,-1
290,6,2425.00,871.00,107.00,56.00,9.4898,-1,-1,-1
290,3,2209.00,947.00,57.00,52.00,5.2576,-1,-1,-1
291,4,2037.00,752.00,115.00,62.00,10.0861,-1,-1,-1
291,6,2428.00,873.00,107.00,56.00,9.5264,-1,-1,-1
291,3,2212.00,947.00,62.00,53.00,5.2057,-1,-1,-1
292,4,2040.00,752.00,119.00,65.00,10.1000,-1,-1,-1
292,6,2432.00,875.00,107.00,57.00,9.5189,-1,-1,-1
292,3,2215.00,944.00,67.00,57.00,5.2598,-1,-1,-1
293,4,2044.00,755.00,118.00,63.00,10.0205,-1,-1,-1
293,6,2435.00,876.00,107.00,58.00,9.4368,-1,-1,-1
293,3,2218.00,949.00,65.00,58.00,5.3571,-1,-1,-1
294,4,2046.00,755.00,120.00,65.00,10.0386,-1,-1,-1
294,6,2437.00,878.00,108.00,57.00,9.4607,-1,-1,-1
294,3,2223.00,953.00,60.00,56.00,5.3989,-1,-1,-1
295,4,2048.00,759.00,116.00,63.00,10.0350,-1,-1,-1
295,6,2439.00,880.00,107.00,57.00,9.5816,-1,-1,-1
295,3,2226.00,958.00,57.00,52.00,5.3133,-1,-1,-1
296,4,2049.00,761.00,119.00,64.00,10.0128,-1,-1,-1
296,6,2441.00,882.00,107.00,57.00,9.6581,-1,-1,-1
296,3,2229.00,960.00,57.00,52.00,5.2875,-1,-1,-1
297,4,2051.00,764.00,120.00,64.00,9.9868,-1,-1,-1
297,6,2442.00,884.00,109.00,57.00,9.7050,-1,-1,-1
297,3,2230.00,961.00,58.00,54.00,5.3873,-1,-1,-1
298,4,2051.00,765.00,123.00,66.00,9.9740,-1,-1,-1
298,6,2444.00,886.00,107.00,57.00,9.6995,-1,-1,-1
298,3,2231.00,961.00,59.00,54.00,5.4329,-1,-1,-1
299,4,2051.00,768.00,122.00,64.00,9.9653,-1,-1,-1
299,6,2443.00,887.00,108.00,58.00,9.6865,-1,-1,-1
299,3,2231.00,964.00,59.00,55.00,5.6189,-1,-1,-1
300,4,2052.00,769.00,118.00,64.00,9.9675,-1,-1,-1
300,6,2443.00,888.00,108.00,59.00,9.7322,-1,-1,-1
300,3,2231.00,965.00,61.00,55.00,5.7527,-1,-1,-1
301,4,2052.00,772.00,115.00,62.00,9.9926,-1,-1,-1
301,6,2442.00,890.00,109.00,59.00,9.8602,-1,-1,-1
301,3,2232.00,966.00,65.00,56.00,5.7882,-1,-1,-1
301,5,2315.00,820.00,31.00,32.00,0.4004,-1,-1,-1
302,4,2051.00,775.00,112.00,63.00,10.0377,-1,-1,-1
302,6,2441.00,892.00,110.00,58.00,9.9952,-1,-1,-1
302,3,2232.00,970.00,64.00,54.00,5.7635,-1,-1,-1
303,6,2440.00,894.00,110.00,58.00,10.0949,-1,-1,-1
303,4,2050.00,775.00,113.00,64.00,10.0713,-1,-1,-1
303,3,2232.00,971.00,65.00,56.00,5.6854,-1,-1,-1
304,6,2438.00,895.00,111.00,58.00,10.1188,-1,-1,-1
304,4,2049.00,778.00,116.00,64.00,10.0796,-1,-1,-1
304,3,2232.00,973.00,66.00,56.00,5.7833,-1,-1,-1
305,6,2437.00,897.00,111.00,59.00,10.1228,-1,-1,-1
305,4,2049.00,779.00,117.00,64.00,10.0666,-1,-1,-1
305,3,2231.00,973.00,65.00,59.00,5.8979,-1,-1,-1
306,4,2046.00,781.00,114.00,64.00,10.0067,-1,-1,-1
306,6,2435.00,899.00,111.00,59.00,7.1463,-1,-1,-1
306,3,2230.00,975.00,67.00,59.00,6.0124,-1,-1,-1
307,4,2042.00,784.00,114.00,64.00,10.0220,-1,-1,-1
307,6,2429.00,899.00,113.00,59.00,7.5356,-1,-1,-1
307,3,2229.00,979.00,65.00,55.00,6.0036,-1,-1,-1
307,7,2277.00,831.00,52.00,46.00,1.6249,-1,-1,-1
308,4,2036.00,785.00,117.00,65.00,10.0330,-1,-1,-1
308,3,2223.00,982.00,61.00,55.00,5.9016,-1,-1,-1
308,6,2423.00,902.00,113.00,59.00,5.2797,-1,-1,-1
308,7,2272.00,832.00,53.00,47.00,1.9658,-1,-1,-1
309,4,2029.00,787.00,119.00,66.00,10.0683,-1,-1,-1
309,3,2218.00,980.00,62.00,55.00,5.9179,-1,-1,-1
309,6,2417.00,905.00,113.00,59.00,3.6440,-1,-1,-1
309,7,2265.00,833.00,53.00,47.00,2.4393,-1,-1,-1
310,4,2022.00,788.00,122.00,67.00,10.0582,-1,-1,-1
310,3,2213.00,981.00,65.00,56.00,5.9915,-1,-1,-1
310,7,2259.00,833.00,53.00,48.00,2.9402,-1,-1,-1
311,4,2017.00,793.00,117.00,64.00,10.0390,-1,-1,-1
311,3,2207.00,984.00,63.00,54.00,5.9639,-1,-1,-1
311,7,2255.00,835.00,53.00,47.00,3.2488,-1,-1,-1
312,4,2011.00,794.00,117.00,64.00,10.0597,-1,-1,-1
312,3,2203.00,985.00,63.00,54.00,6.0011,-1,-1,-1
312,7,2249.00,837.00,54.00,48.00,3.6358,-1,-1,-1
313,4,2005.00,795.00,117.00,66.00,10.0656,-1,-1,-1
313,3,2198.00,985.00,60.00,55.00,5.9614,-1,-1,-1
313,7,2242.00,838.00,55.00,48.00,4.2992,-1,-1,-1
314,4,1999.00,797.00,114.00,66.00,10.1315,-1,-1,-1
314,3,2192.00,986.00,63.00,54.00,5.9883,-1,-1,-1
314,7,2236.00,839.00,55.00,48.00,4.7432,-1,-1,-1
315,4,1993.00,799.00,118.00,67.00,10.0942,-1,-1,-1
315,3,2185.00,987.00,67.00,57.00,5.9921,-1,-1,-1
315,7,2229.00,840.00,55.00,47.00,4.8379,-1,-1,-1
316,4,1989.00,801.00,114.00,65.00,10.0635,-1,-1,-1
316,3,2182.00,992.00,63.00,54.00,5.9849,-1,-1,-1
316,7,2224.00,841.00,54.00,47.00,4.8759,-1,-1,-1
317,4,1983.00,805.00,112.00,63.00,10.0527,-1,-1,-1
317,3,2177.00,993.00,63.00,55.00,5.9690,-1,-1,-1
317,7,2219.00,843.00,53.00,47.00,4.9081,-1,-1,-1
318,4,1976.00,806.00,117.00,65.00,10.0287,-1,-1,-1
318,3,2172.00,995.00,63.00,53.00,5.9074,-1,-1,-1
318,7,2214.00,843.00,54.00,47.00,4.9762,-1,-1,-1
319,4,1971.00,808.00,115.00,66.00,10.1174,-1,-1,-1
319,3,2168.00,994.00,67.00,54.00,5.9452,-1,-1,-1
319,7,2211.00,846.00,53.00,47.00,4.9200,-1,-1,-1
320,4,1967.00,809.00,117.00,67.00,10.1700,-1,-1,-1
320,3,2165.00,997.00,63.00,55.00,5.9268,-1,-1,-1
320,7,2207.00,848.00,54.00,48.00,4.9339,-1,-1,-1
321,4,1963.00,812.00,118.00,66.00,10.1579,-1,-1,-1
321,3,2163.00,1001.00,58.00,52.00,5.8587,-1,-1,-1
321,7,2204.00,849.00,53.00,47.00,4.8690,-1,-1,-1
322,4,1960.00,815.00,115.00,66.00,10.1274,-1,-1,-1
322,3,2160.00,1003.00,63.00,52.00,5.8318,-1,-1,-1
322,7,2199.00,850.00,56.00,48.00,5.1967,-1,-1,-1
323,4,1958.00,816.00,116.00,66.00,10.0890,-1,-1,-1
323,3,2159.00,1006.00,63.00,51.00,5.7487,-1,-1,-1
323,7,2199.00,853.00,54.00,48.00,5.1898,-1,-1,-1
324,4,1955.00,816.00,120.00,69.00,10.0770,-1,-1,-1
324,3,2157.00,1009.00,57.00,49.00,5.5516,-1,-1,-1
324,7,2198.00,855.00,54.00,48.00,3.5889,-1,-1,-1
325,4,1955.00,820.00,115.00,66.00,10.1038,-1,-1,-1
325,3,2155.00,1009.00,58.00,51.00,5.1912,-1,-1,-1
325,7,2198.00,857.00,54.00,48.00,3.7777,-1,-1,-1
326,4,1953.00,821.00,115.00,68.00,10.1436,-1,-1,-1
326,3,2153.00,1009.00,60.00,52.00,4.8682,-1,-1,-1
326,7,2197.00,859.00,55.00,48.00,4.1064,-1,-1,-1
327,4,1953.00,822.00,114.00,69.00,10.1610,-1,-1,-1
327,3,2153.00,1011.00,58.00,53.00,4.8345,-1,-1,-1
327,7,2197.00,861.00,55.00,48.00,4.6501,-1,-1,-1
328,4,1951.00,826.00,117.00,67.00,10.1114,-1,-1,-1
328,7,2195.00,862.00,58.00,49.00,5.3341,-1,-1,-1
328,3,2152.00,1014.00,59.00,55.00,4.9371,-1,-1,-1
329,4,1950.00,828.00,117.00,68.00,10.1331,-1,-1,-1
329,7,2194.00,864.00,58.00,49.00,5.9152,-1,-1,-1
329,3,2152.00,1018.00,58.00,54.00,4.9671,-1,-1,-1
330,4,1950.00,829.00,117.00,69.00,10.2130,-1,-1,-1
330,7,2197.00,867.00,55.00,48.00,6.1624,-1,-1,-1
330,3,2152.00,1018.00,63.00,55.00,4.9657,-1,-1,-1
331,4,1949.00,831.00,117.00,70.00,10.2844,-1,-1,-1
331,7,2196.00,869.00,57.00,48.00,6.3485,-1,-1,-1
331,3,2152.00,1018.00,66.00,56.00,5.0109,-1,-1,-1
332,4,1948.00,833.00,118.00,69.00,10.2963,-1,-1,-1
332,7,2196.00,871.00,56.00,48.00,6.2938,-1,-1,-1
332,3,2152.00,1022.00,64.00,55.00,5.1250,-1,-1,-1
333,4,1947.00,835.00,118.00,69.00,7.2750,-1,-1,-1
333,7,2194.00,873.00,58.00,48.00,6.5648,-1,-1,-1
333,3,2153.00,1026.00,59.00,54.00,5.1669,-1,-1,-1
334,4,1946.00,838.00,119.00,67.00,7.6749,-1,-1,-1
334,7,2193.00,874.00,58.00,48.00,6.7714,-1,-1,-1
334,3,2152.00,1032.00,57.00,50.00,5.2482,-1,-1,-1
335,4,1947.00,840.00,114.00,67.00,8.0089,-1,-1,-1
335,7,2194.00,876.00,57.00,49.00,6.8499,-1,-1,-1
335,3,2151.00,1032.00,59.00,50.00,5.1764,-1,-1,-1
336,7,2197.00,880.00,55.00,48.00,6.8752,-1,-1,-1
336,4,1946.00,842.00,114.00,67.00,5.6237,-1,-1,-1
336,3,2152.00,1032.00,63.00,51.00,4.8596,-1,-1,-1
337,7,2196.00,882.00,56.00,48.00,7.1210,-1,-1,-1
337,4,1946.00,843.00,114.00,67.00,6.2810,-1,-1,-1
337,3,2151.00,1034.00,58.00,52.00,4.9486,-1,-1,-1
338,7,2196.00,884.00,55.00,47.00,7.3952,-1,-1,-1
338,4,1946.00,845.00,114.00,67.00,6.8400,-1,-1,-1
338,3,2151.00,1034.00,60.00,54.00,5.0615,-1,-1,-1
339,7,2195.00,885.00,57.00,48.00,7.7029,-1,-1,-1
339,4,1946.00,847.00,116.00,68.00,7.2110,-1,-1,-1
339,3,2151.00,1038.00,60.00,54.00,5.2665,-1,-1,-1
340,7,2195.00,887.00,57.00,49.00,7.9342,-1,-1,-1
340,3,2151.00,1041.00,58.00,54.00,5.4395,-1,-1,-1
340,4,1947.00,850.00,116.00,68.00,5.0474,-1,-1,-1
341,7,2197.00,890.00,55.00,48.00,7.9973,-1,-1,-1
341,3,2150.00,1041.00,66.00,54.00,5.3338,-1,-1,-1
341,4,1947.00,852.00,116.00,68.00,3.4776,-1,-1,-1
342,7,2196.00,892.00,55.00,47.00,7.8760,-1,-1,-1
342,3,2149.00,1045.00,65.00,52.00,4.9999,-1,-1,-1
343,7,2195.00,893.00,55.00,47.00,7.7512,-1,-1,-1
343,3,2150.00,1047.00,62.00,55.00,4.9433,-1,-1,-1
344,7,2196.00,896.00,55.00,46.00,7.6746,-1,-1,-1
344,3,2150.00,1049.00,59.00,52.00,4.9851,-1,-1,-1
345,7,2195.00,897.00,56.00,47.00,7.5951,-1,-1,-1
345,3,2149.00,1053.00,57.00,52.00,5.1461,-1,-1,-1
346,7,2195.00,899.00,56.00,48.00,7.3137,-1,-1,-1
346,3,2149.00,1054.00,61.00,51.00,5.0659,-1,-1,-1
347,7,2195.00,902.00,57.00,48.00,7.3283,-1,-1,-1
347,3,2148.00,1056.00,60.00,49.00,4.7516,-1,-1,-1
348,7,2195.00,904.00,56.00,47.00,7.2988,-1,-1,-1
348,3,2147.00,1057.00,61.00,54.00,4.5109,-1,-1,-1
349,7,2196.00,906.00,55.00,47.00,7.0979,-1,-1,-1
349,3,2147.00,1059.00,64.00,55.00,4.5293,-1,-1,-1
349,8,1937.00,883.00,93.00,64.00,3.5048,-1,-1,-1
350,7,2195.00,908.00,57.00,47.00,7.3608,-1,-1,-1
350,3,2149.00,1062.00,60.00,54.00,4.6236,-1,-1,-1
350,8,1935.00,884.00,99.00,67.00,4.5195,-1,-1,-1
351,7,2197.00,911.00,55.00,47.00,7.5263,-1,-1,-1
351,8,1935.00,886.00,97.00,67.00,5.3703,-1,-1,-1
351,3,2150.00,1066.00,60.00,55.00,4.8070,-1,-1,-1
352,7,2197.00,912.00,54.00,47.00,7.4982,-1,-1,-1
352,8,1935.00,891.00,91.00,63.00,6.0101,-1,-1,-1
352,3,2150.00,1068.00,63.00,50.00,4.4569,-1,-1,-1
353,7,2194.00,914.00,57.00,48.00,7.6053,-1,-1,-1
353,8,1935.00,893.00,91.00,63.00,6.5427,-1,-1,-1
353,3,2149.00,1071.00,62.00,50.00,4.2706,-1,-1,-1
354,7,2193.00,916.00,56.00,47.00,7.5373,-1,-1,-1
354,8,1935.00,897.00,88.00,61.00,7.0011,-1,-1,-1
354,3,2148.00,1069.00,65.00,55.00,4.4921,-1,-1,-1
355,7,2193.00,918.00,57.00,46.00,7.5263,-1,-1,-1
355,8,1934.00,900.00,85.00,60.00,7.3575,-1,-1,-1
355,3,2149.00,1071.00,64.00,54.00,4.5319,-1,-1,-1
356,8,1934.00,901.00,89.00,62.00,7.7607,-1,-1,-1
356,7,2191.00,919.00,58.00,47.00,7.6564,-1,-1,-1
356,3,2147.00,1076.00,63.00,55.00,4.6479,-1,-1,-1
357,8,1934.00,901.00,93.00,64.00,8.1607,-1,-1,-1
357,7,2195.00,922.00,55.00,47.00,7.2569,-1,-1,-1
357,3,2147.00,1077.00,65.00,53.00,4.4347,-1,-1,-1
358,8,1932.00,904.00,94.00,64.00,8.4942,-1,-1,-1
358,7,2195.00,924.00,55.00,47.00,7.0129,-1,-1,-1
358,3,2148.00,1081.00,60.00,53.00,4.4515,-1,-1,-1
359,8,1932.00,906.00,93.00,64.00,8.7635,-1,-1,-1
359,7,2193.00,926.00,55.00,46.00,7.0249,-1,-1,-1
359,3,2146.00,1080.00,64.00,56.00,4.6016,-1,-1,-1
360,8,1932.00,908.00,92.00,65.00,8.9732,-1,-1,-1
360,7,2191.00,927.00,58.00,47.00,7.1458,-1,-1,-1
360,3,2144.00,1079.00,69.00,58.00,4.7256,-1,-1,-1
361,8,1932.00,910.00,93.00,65.00,9.1079,-1,-1,-1
361,7,2192.00,930.00,56.00,47.00,7.2116,-1,-1,-1
361,3,2147.00,1082.00,67.00,55.00,4.7979,-1,-1,-1
362,8,1932.00,913.00,94.00,64.00,9.2247,-1,-1,-1
362,7,2192.00,932.00,55.00,47.00,7.3098,-1,-1,-1
362,3,2146.00,1084.00,66.00,55.00,4.9150,-1,-1,-1
363,8,1931.00,914.00,94.00,65.00,9.4035,-1,-1,-1
363,7,2193.00,934.00,55.00,47.00,7.3460,-1,-1,-1
363,3,2144.00,1086.00,70.00,54.00,4.9785,-1,-1,-1
364,8,1931.00,917.00,93.00,65.00,9.5583,-1,-1,-1
364,7,2193.00,936.00,54.00,46.00,7.0867,-1,-1,-1
364,3,2143.00,1089.00,70.00,57.00,5.2102,-1,-1,-1
364,9,2291.00,996.00,91.00,43.00,3.5685,-1,-1,-1
365,8,1930.00,918.00,93.00,65.00,9.6911,-1,-1,-1
365,3,2143.00,1092.00,68.00,53.00,5.3470,-1,-1,-1
365,7,2193.00,937.00,54.00,46.00,4.9582,-1,-1,-1
365,9,2291.00,998.00,89.00,43.00,4.4851,-1,-1,-1
366,8,1930.00,921.00,93.00,65.00,9.7365,-1,-1,-1
366,3,2144.00,1092.00,69.00,54.00,5.4013,-1,-1,-1
366,9,2291.00,1000.00,89.00,44.00,5.3221,-1,-1,-1
366,7,2193.00,938.00,54.00,46.00,3.4193,-1,-1,-1
367,8,1930.00,924.00,93.00,64.00,9.7803,-1,-1,-1
367,9,2290.00,1002.00,90.00,44.00,6.0338,-1,-1,-1
367,3,2144.00,1093.00,72.00,56.00,5.4785,-1,-1,-1
367,7,2193.00,940.00,54.00,46.00,2.3052,-1,-1,-1
368,8,1930.00,926.00,94.00,64.00,9.9145,-1,-1,-1
368,9,2289.00,1004.00,90.00,44.00,6.6094,-1,-1,-1
368,3,2144.00,1098.00,64.00,56.00,5.5844,-1,-1,-1
369,8,1930.00,929.00,93.00,64.00,10.0256,-1,-1,-1
369,9,2288.00,1006.00,90.00,44.00,7.1155,-1,-1,-1
369,3,2142.00,1101.00,63.00,50.00,5.4636,-1,-1,-1
369,7,2191.00,946.00,55.00,48.00,2.6102,-1,-1,-1
370,8,1929.00,930.00,93.00,64.00,10.0739,-1,-1,-1
370,9,2288.00,1007.00,90.00,44.00,7.5596,-1,-1,-1
370,3,2141.00,1100.00,69.00,56.00,5.4859,-1,-1,-1
370,7,2190.00,948.00,57.00,49.00,3.5500,-1,-1,-1
371,8,1929.00,933.00,93.00,64.00,10.0874,-1,-1,-1
371,9,2288.00,1010.00,89.00,43.00,7.9167,-1,-1,-1
371,3,2138.00,1101.00,73.00,59.00,5.4358,-1,-1,-1
371,7,2189.00,950.00,57.00,48.00,4.4314,-1,-1,-1
372,8,1929.00,935.00,93.00,64.00,10.1233,-1,-1,-1
372,9,2287.00,1012.00,89.00,43.00,8.0501,-1,-1,-1
372,7,2190.00,952.00,56.00,47.00,5.1043,-1,-1,-1
372,3,2143.00,1105.00,69.00,52.00,4.8891,-1,-1,-1
373,8,1928.00,937.00,95.00,64.00,10.2017,-1,-1,-1
373,9,2287.00,1014.00,88.00,43.00,8.1968,-1,-1,-1
373,7,2191.00,954.00,55.00,47.00,5.6073,-1,-1,-1
373,3,2138.00,1104.00,71.00,57.00,4.5585,-1,-1,-1
374,8,1927.00,939.00,94.00,65.00,10.2505,-1,-1,-1
374,9,2286.00,1016.00,88.00,43.00,8.2854,-1,-1,-1
374,7,2191.00,956.00,53.00,46.00,6.0502,-1,-1,-1
374,3,2139.00,1109.00,68.00,56.00,4.3318,-1,-1,-1
375,8,1926.00,940.00,95.00,65.00,10.2358,-1,-1,-1
375,9,2283.00,1017.00,89.00,44.00,8.4314,-1,-1,-1
375,3,2141.00,1110.00,70.00,54.00,4.3411,-1,-1,-1
375,7,2191.00,957.00,53.00,46.00,4.2100,-1,-1,-1
376,8,1927.00,941.00,95.00,66.00,10.1920,-1,-1,-1
376,9,2282.00,1018.00,91.00,45.00,8.5666,-1,-1,-1
376,7,2191.00,960.00,54.00,46.00,4.7317,-1,-1,-1
376,3,2141.00,1111.00,74.00,54.00,4.4449,-1,-1,-1
377,8,1927.00,943.00,94.00,65.00,10.0859,-1,-1,-1
377,9,2282.00,1021.00,91.00,43.00,8.7079,-1,-1,-1
377,3,2141.00,1113.00,72.00,55.00,4.5554,-1,-1,-1
377,7,2190.00,964.00,54.00,46.00,3.2576,-1,-1,-1
378,8,1927.00,947.00,94.00,65.00,10.0653,-1,-1,-1
378,9,2282.00,1024.00,89.00,42.00,8.6830,-1,-1,-1
378,3,2141.00,1116.00,70.00,54.00,4.3001,-1,-1,-1
378,7,2190.00,968.00,54.00,46.00,2.1908,-1,-1,-1
379,8,1918.00,956.00,95.00,68.00,9.7088,-1,-1,-1
379,9,2282.00,1026.00,89.00,43.00,8.7395,-1,-1,-1
379,3,2140.00,1119.00,66.00,55.00,4.3773,-1,-1,-1
380,8,1918.00,959.00,93.00,65.00,9.4211,-1,-1,-1
380,9,2280.00,1028.00,89.00,42.00,8.8607,-1,-1,-1
380,3,2142.00,1123.00,62.00,53.00,4.1555,-1,-1,-1
381,8,1918.00,963.00,90.00,63.00,9.1377,-1,-1,-1
381,9,2279.00,1030.00,90.00,43.00,9.0128,-1,-1,-1
381,3,2139.00,1124.00,66.00,50.00,3.9679,-1,-1,-1
382,9,2279.00,1032.00,90.00,43.00,9.1724,-1,-1,-1
382,8,1918.00,965.00,92.00,63.00,8.9330,-1,-1,-1
382,3,2139.00,1126.00,68.00,50.00,3.6326,-1,-1,-1
383,9,2280.00,1034.00,88.00,42.00,9.3509,-1,-1,-1
383,8,1916.00,966.00,93.00,65.00,8.7689,-1,-1,-1
383,3,2140.00,1128.00,68.00,50.00,2.4585,-1,-1,-1
384,9,2279.00,1035.00,88.00,43.00,9.4174,-1,-1,-1
384,8,1915.00,968.00,94.00,67.00,8.6657,-1,-1,-1
384,3,2141.00,1130.00,68.00,50.00,1.6113,-1,-1,-1
385,9,2277.00,1036.00,89.00,43.00,9.3540,-1,-1,-1
385,8,1914.00,971.00,93.00,66.00,8.5632,-1,-1,-1
385,3,2142.00,1132.00,68.00,50.00,0.9988,-1,-1,-1
386,9,2275.00,1038.00,89.00,42.00,9.2364,-1,-1,-1
386,8,1915.00,974.00,87.00,62.00,8.4625,-1,-1,-1
386,3,2139.00,1130.00,65.00,55.00,1.0668,-1,-1,-1
387,9,2273.00,1040.00,91.00,44.00,9.1420,-1,-1,-1
387,8,1913.00,975.00,89.00,64.00,8.3791,-1,-1,-1
387,3,2140.00,1133.00,71.00,54.00,1.1551,-1,-1,-1
388,9,2273.00,1042.00,89.00,43.00,9.1463,-1,-1,-1
388,8,1913.00,975.00,90.00,66.00,8.3068,-1,-1,-1
388,3,2141.00,1134.00,73.00,53.00,1.1977,-1,-1,-1
389,9,2273.00,1044.00,88.00,43.00,9.1788,-1,-1,-1
389,8,1910.00,977.00,94.00,66.00,8.2371,-1,-1,-1
389,3,2137.00,1140.00,66.00,57.00,1.3627,-1,-1,-1
390,9,2270.00,1046.00,89.00,43.00,9.2780,-1,-1,-1
390,8,1908.00,978.00,94.00,69.00,8.1891,-1,-1,-1
390,3,2134.00,1139.00,71.00,59.00,1.5640,-1,-1,-1
391,9,2269.00,1047.00,89.00,43.00,9.3842,-1,-1,-1
391,8,1907.00,981.00,92.00,69.00,8.1441,-1,-1,-1
391,3,2136.00,1139.00,68.00,61.00,1.9892,-1,-1,-1
392,9,2268.00,1049.00,89.00,43.00,9.4162,-1,-1,-1
392,8,1905.00,982.00,95.00,70.00,8.1161,-1,-1,-1
392,3,2137.00,1141.00,66.00,60.00,2.1644,-1,-1,-1
393,9,2267.00,1052.00,87.00,42.00,9.4240,-1,-1,-1
393,8,1905.00,985.00,92.00,67.00,8.0581,-1,-1,-1
393,3,2137.00,1144.00,62.00,59.00,2.2858,-1,-1,-1
394,9,2264.00,1053.00,90.00,44.00,9.4239,-1,-1,-1
394,8,1903.00,986.00,93.00,68.00,8.0311,-1,-1,-1
394,3,2134.00,1147.00,64.00,55.00,2.3638,-1,-1,-1
395,9,2262.00,1055.00,90.00,43.00,9.5005,-1,-1,-1
395,8,1900.00,988.00,95.00,68.00,8.0155,-1,-1,-1
395,3,2134.00,1149.00,64.00,52.00,2.3425,-1,-1,-1
396,8,1898.00,992.00,93.00,68.00,8.0146,-1,-1,-1
396,9,2260.00,1056.00,90.00,43.00,6.6996,-1,-1,-1
396,3,2134.00,1150.00,64.00,52.00,1.5280,-1,-1,-1
397,8,1896.00,995.00,93.00,68.00,7.9766,-1,-1,-1
397,9,2258.00,1058.00,90.00,43.00,7.1949,-1,-1,-1
397,3,2134.00,1150.00,64.00,52.00,0.9390,-1,-1,-1
398,8,1896.00,994.00,93.00,72.00,7.9263,-1,-1,-1
398,9,2256.00,1059.00,88.00,43.00,7.6130,-1,-1,-1
398,3,2134.00,1150.00,64.00,52.00,0.5121,-1,-1,-1
399,9,2256.00,1060.00,86.00,43.00,7.9341,-1,-1,-1
399,8,1894.00,996.00,92.00,71.00,7.8810,-1,-1,-1
399,3,2128.00,1153.00,66.00,57.00,0.6496,-1,-1,-1
400,9,2251.00,1061.00,87.00,43.00,8.2419,-1,-1,-1
400,8,1891.00,1001.00,93.00,68.00,7.9015,-1,-1,-1
400,3,2123.00,1160.00,66.00,57.00,0.3055,-1,-1,-1
401,9,2248.00,1062.00,88.00,44.00,8.4776,-1,-1,-1
401,8,1888.00,1003.00,94.00,69.00,7.9212,-1,-1,-1
401,3,2121.00,1160.00,62.00,55.00,0.6113,-1,-1,-1
402,9,2245.00,1063.00,88.00,44.00,8.5626,-1,-1,-1
402,8,1886.00,1008.00,89.00,64.00,7.8855,-1,-1,-1
402,3,2112.00,1166.00,62.00,55.00,0.2777,-1,-1,-1
403,9,2242.00,1065.00,88.00,43.00,8.6891,-1,-1,-1
403,8,1884.00,1008.00,91.00,67.00,7.8598,-1,-1,-1
403,3,2103.00,1172.00,62.00,55.00,0.0362,-1,-1,-1
404,9,2240.00,1066.00,87.00,43.00,8.8361,-1,-1,-1
404,8,1881.00,1010.00,92.00,67.00,7.8283,-1,-1,-1
404,3,2115.00,1165.00,65.00,57.00,0.3837,-1,-1,-1
405,9,2237.00,1068.00,88.00,43.00,8.9533,-1,-1,-1
405,8,1878.00,1014.00,91.00,64.00,7.8314,-1,-1,-1
405,3,2115.00,1171.00,60.00,52.00,0.6701,-1,-1,-1
406,9,2235.00,1069.00,87.00,42.00,9.0908,-1,-1,-1
406,8,1876.00,1017.00,87.00,63.00,7.8446,-1,-1,-1
406,3,2112.00,1174.00,60.00,52.00,0.3189,-1,-1,-1
407,9,2232.00,1071.00,87.00,41.00,9.2068,-1,-1,-1
407,8,1874.00,1018.00,88.00,65.00,7.8507,-1,-1,-1
407,3,2113.00,1175.00,59.00,51.00,0.5494,-1,-1,-1
408,9,2231.00,1072.00,85.00,41.00,9.3377,-1,-1,-1
408,8,1873.00,1020.00,85.00,65.00,7.8502,-1,-1,-1
408,3,2110.00,1178.00,59.00,51.00,0.2296,-1,-1,-1
409,9,2229.00,1073.00,84.00,40.00,9.3995,-1,-1,-1
409,8,1869.00,1018.00,92.00,71.00,7.8472,-1,-1,-1
410,9,2223.00,1074.00,87.00,41.00,9.4638,-1,-1,-1
410,8,1868.00,1023.00,89.00,68.00,7.8530,-1,-1,-1
411,9,2221.00,1075.00,86.00,41.00,9.5122,-1,-1,-1
411,8,1865.00,1024.00,93.00,70.00,7.8849,-1,-1,-1
411,3,2103.00,1178.00,63.00,55.00,0.3226,-1,-1,-1
412,9,2217.00,1076.00,87.00,42.00,9.5898,-1,-1,-1
412,8,1863.00,1026.00,91.00,70.00,7.8991,-1,-1,-1
412,3,2101.00,1179.00,64.00,53.00,0.4986,-1,-1,-1
413,9,2214.00,1077.00,88.00,43.00,9.6985,-1,-1,-1
413,8,1860.00,1028.00,92.00,71.00,7.8932,-1,-1,-1
413,3,2100.00,1179.00,64.00,53.00,0.1933,-1,-1,-1
414,9,2210.00,1079.00,88.00,42.00,9.8101,-1,-1,-1
414,8,1858.00,1028.00,94.00,74.00,7.8833,-1,-1,-1
415,9,2208.00,1079.00,88.00,42.00,9.8530,-1,-1,-1
415,8,1856.00,1033.00,91.00,70.00,7.8739,-1,-1,-1
416,9,2208.00,1081.00,86.00,42.00,9.9381,-1,-1,-1
416,8,1854.00,1038.00,89.00,66.00,7.8884,-1,-1,-1
417,9,2205.00,1083.00,86.00,42.00,9.9154,-1,-1,-1
417,8,1852.00,1040.00,89.00,67.00,7.9008,-1,-1,-1
418,9,2201.00,1084.00,87.00,43.00,9.9058,-1,-1,-1
418,8,1847.00,1038.00,94.00,74.00,7.9109,-1,-1,-1
418,3,2093.00,1186.00,68.00,56.00,0.1867,-1,-1,-1
419,9,2200.00,1086.00,87.00,43.00,9.8495,-1,-1,-1
419,8,1845.00,1040.00,92.00,75.00,7.9099,-1,-1,-1
419,3,2092.00,1184.00,76.00,51.00,0.3683,-1,-1,-1
420,9,2197.00,1088.00,86.00,42.00,9.8017,-1,-1,-1
420,8,1845.00,1045.00,87.00,71.00,7.9146,-1,-1,-1
420,3,2095.00,1180.00,76.00,51.00,0.1023,-1,-1,-1
421,9,2194.00,1089.00,86.00,42.00,9.8058,-1,-1,-1
421,8,1841.00,1046.00,90.00,73.00,7.9331,-1,-1,-1
422,9,2192.00,1090.00,86.00,43.00,9.7960,-1,-1,-1
422,8,1840.00,1048.00,88.00,74.00,7.9552,-1,-1,-1
423,9,2190.00,1092.00,85.00,42.00,9.8305,-1,-1,-1
423,8,1836.00,1050.00,92.00,74.00,7.9554,-1,-1,-1
424,9,2188.00,1093.00,84.00,41.00,9.8761,-1,-1,-1
424,8,1833.00,1053.00,93.00,73.00,7.9455,-1,-1,-1
425,9,2187.00,1095.00,82.00,40.00,9.9312,-1,-1,-1
425,8,1831.00,1056.00,88.00,70.00,7.9559,-1,-1,-1
426,9,2185.00,1096.00,80.00,40.00,9.9378,-1,-1,-1
426,8,1828.00,1059.00,88.00,69.00,7.9597,-1,-1,-1
427,9,2179.00,1096.00,83.00,41.00,9.8971,-1,-1,-1
427,8,1826.00,1063.00,87.00,68.00,7.9793,-1,-1,-1
428,9,2176.00,1098.00,83.00,40.00,9.8712,-1,-1,-1
428,8,1821.00,1062.00,90.00,74.00,8.0002,-1,-1,-1
429,9,2171.00,1098.00,84.00,41.00,9.8481,-1,-1,-1
429,8,1821.00,1065.00,84.00,72.00,8.0240,-1,-1,-1
430,9,2169.00,1100.00,84.00,42.00,9.8533,-1,-1,-1
430,8,1819.00,1067.00,83.00,72.00,8.0407,-1,-1,-1
431,9,2167.00,1101.00,83.00,42.00,9.8414,-1,-1,-1
431,8,1816.00,1069.00,84.00,72.00,8.0440,-1,-1,-1
432,9,2163.00,1101.00,83.00,42.00,9.8785,-1,-1,-1
432,8,1811.00,1070.00,88.00,74.00,8.0328,-1,-1,-1
433,9,2160.00,1102.00,84.00,42.00,9.8770,-1,-1,-1
433,8,1809.00,1072.00,87.00,74.00,8.0381,-1,-1,-1
434,9,2158.00,1103.00,83.00,43.00,9.8932,-1,-1,-1
434,8,1806.00,1074.00,88.00,74.00,8.0406,-1,-1,-1
435,9,2154.00,1105.00,83.00,41.00,9.9557,-1,-1,-1
435,8,1802.00,1075.00,90.00,75.00,8.0212,-1,-1,-1
436,9,2152.00,1106.00,82.00,42.00,10.0033,-1,-1,-1
436,8,1800.00,1077.00,88.00,75.00,8.0084,-1,-1,-1
436,3,2042.00,1216.00,19.00,18.00,0.7427,-1,-1,-1
437,9,2149.00,1106.00,82.00,42.00,9.9877,-1,-1,-1
437,8,1797.00,1078.00,89.00,76.00,7.9941,-1,-1,-1
437,3,1964.00,1232.00,19.00,18.00,0.0366,-1,-1,-1
438,9,2145.00,1107.00,84.00,42.00,9.9426,-1,-1,-1
438,8,1796.00,1082.00,84.00,74.00,7.9742,-1,-1,-1
439,9,2143.00,1108.00,82.00,42.00,9.9373,-1,-1,-1
439,8,1792.00,1083.00,87.00,75.00,8.0144,-1,-1,-1
440,9,2140.00,1109.00,82.00,42.00,9.9253,-1,-1,-1
440,8,1789.00,1086.00,88.00,74.00,8.0410,-1,-1,-1
441,9,2138.00,1111.00,81.00,42.00,9.8754,-1,-1,-1
441,8,1786.00,1088.00,86.00,76.00,8.0201,-1,-1,-1
442,9,2135.00,1113.00,81.00,41.00,9.8455,-1,-1,-1
442,8,1784.00,1091.00,85.00,72.00,7.9619,-1,-1,-1
443,9,2130.00,1114.00,83.00,41.00,9.9116,-1,-1,-1
443,8,1781.00,1096.00,84.00,73.00,7.9386,-1,-1,-1
444,9,2128.00,1115.00,83.00,41.00,9.9602,-1,-1,-1
444,8,1776.00,1096.00,87.00,74.00,7.9588,-1,-1,-1
445,9,2125.00,1116.00,82.00,41.00,9.9557,-1,-1,-1
445,8,1773.00,1097.00,89.00,76.00,7.9768,-1,-1,-1
446,9,2122.00,1118.00,82.00,40.00,9.9216,-1,-1,-1
446,8,1771.00,1099.00,90.00,75.00,7.9837,-1,-1,-1
446,10,2046.00,1073.00,61.00,48.00,2.8672,-1,-1,-1
447,9,2120.00,1119.00,81.00,39.00,9.8742,-1,-1,-1
447,8,1770.00,1100.00,87.00,75.00,7.9506,-1,-1,-1
447,10,2045.00,1075.00,60.00,48.00,3.5709,-1,-1,-1
448,9,2115.00,1120.00,83.00,40.00,9.8818,-1,-1,-1
448,8,1767.00,1100.00,89.00,77.00,7.9193,-1,-1,-1
448,10,2043.00,1076.00,58.00,47.00,3.8179,-1,-1,-1
449,9,2113.00,1121.00,81.00,40.00,9.8795,-1,-1,-1
449,8,1763.00,1103.00,89.00,75.00,7.8820,-1,-1,-1
449,10,2039.00,1076.00,58.00,47.00,2.5910,-1,-1,-1
450,9,2109.00,1122.00,83.00,41.00,9.9012,-1,-1,-1
450,8,1760.00,1107.00,89.00,72.00,7.9011,-1,-1,-1
450,10,2037.00,1078.00,60.00,47.00,2.8373,-1,-1,-1
451,9,2106.00,1123.00,84.00,41.00,9.9295,-1,-1,-1
451,8,1758.00,1108.00,88.00,72.00,7.9213,-1,-1,-1
451,10,2035.00,1079.00,61.00,47.00,3.0437,-1,-1,-1
452,9,2104.00,1124.00,82.00,40.00,9.9527,-1,-1,-1
452,8,1756.00,1110.00,85.00,72.00,7.9266,-1,-1,-1
452,10,2032.00,1080.00,60.00,47.00,3.1971,-1,-1,-1
453,9,2101.00,1125.00,82.00,40.00,9.9320,-1,-1,-1
453,8,1751.00,1109.00,89.00,78.00,7.9244,-1,-1,-1
453,10,2029.00,1082.00,60.00,48.00,3.4716,-1,-1,-1
454,9,2095.00,1125.00,85.00,41.00,9.9525,-1,-1,-1
454,8,1750.00,1114.00,84.00,73.00,7.9459,-1,-1,-1
454,10,2027.00,1084.00,60.00,48.00,2.3417,-1,-1,-1
455,9,2093.00,1126.00,83.00,42.00,10.0409,-1,-1,-1
455,8,1747.00,1116.00,86.00,73.00,7.9595,-1,-1,-1
455,10,2024.00,1085.00,60.00,48.00,1.5221,-1,-1,-1
456,9,2092.00,1127.00,82.00,42.00,10.0952,-1,-1,-1
456,8,1745.00,1116.00,87.00,76.00,7.9834,-1,-1,-1
456,10,2021.00,1087.00,60.00,48.00,0.9308,-1,-1,-1
457,9,2091.00,1128.00,80.00,41.00,10.0937,-1,-1,-1
457,8,1741.00,1119.00,86.00,74.00,7.9938,-1,-1,-1
458,9,2088.00,1129.00,80.00,40.00,9.9970,-1,-1,-1
458,8,1740.00,1121.00,85.00,74.00,7.9944,-1,-1,-1
459,9,2083.00,1131.00,83.00,40.00,9.8696,-1,-1,-1
459,8,1736.00,1122.00,87.00,74.00,7.9974,-1,-1,-1
460,9,2079.00,1132.00,83.00,40.00,9.7712,-1,-1,-1
460,8,1734.00,1126.00,86.00,72.00,7.9976,-1,-1,-1
461,9,2077.00,1133.00,82.00,40.00,9.7100,-1,-1,-1
461,8,1732.00,1126.00,87.00,74.00,7.9939,-1,-1,-1
462,9,2073.00,1133.00,84.00,41.00,9.6196,-1,-1,-1
462,8,1728.00,1129.00,87.00,74.00,7.9826,-1,-1,-1
463,9,2071.00,1135.00,84.00,41.00,9.5905,-1,-1,-1
463,8,1724.00,1129.00,89.00,77.00,7.9800,-1,-1,-1
464,9,2068.00,1134.00,83.00,42.00,9.5679,-1,-1,-1
464,8,1724.00,1132.00,85.00,74.00,8.0006,-1,-1,-1
465,9,2067.00,1136.00,83.00,41.00,9.5707,-1,-1,-1
465,8,1723.00,1132.00,85.00,75.00,8.0287,-1,-1,-1
466,9,2066.00,1138.00,81.00,40.00,9.6175,-1,-1,-1
466,8,1723.00,1135.00,82.00,74.00,8.0595,-1,-1,-1
467,9,2065.00,1139.00,79.00,40.00,9.6488,-1,-1,-1
467,8,1720.00,1136.00,83.00,75.00,8.0742,-1,-1,-1
468,9,2062.00,1139.00,82.00,41.00,9.6687,-1,-1,-1
468,8,1718.00,1137.00,83.00,76.00,8.0648,-1,-1,-1
469,9,2057.00,1139.00,84.00,41.00,9.7078,-1,-1,-1
469,8,1716.00,1139.00,81.00,76.00,7.9966,-1,-1,-1
470,9,2056.00,1140.00,83.00,41.00,9.7748,-1,-1,-1
470,8,1713.00,1142.00,81.00,74.00,7.9147,-1,-1,-1
471,9,2055.00,1140.00,82.00,41.00,9.8025,-1,-1,-1
471,8,1710.00,1143.00,84.00,74.00,7.8512,-1,-1,-1
472,9,2054.00,1141.00,82.00,40.00,9.7523,-1,-1,-1
472,8,1710.00,1145.00,83.00,75.00,7.8178,-1,-1,-1
473,9,2052.00,1141.00,82.00,40.00,9.6482,-1,-1,-1
473,8,1708.00,1145.00,83.00,76.00,7.8258,-1,-1,-1
474,9,2050.00,1141.00,81.00,40.00,9.5601,-1,-1,-1
474,8,1706.00,1146.00,84.00,76.00,7.8321,-1,-1,-1
475,9,2047.00,1141.00,84.00,41.00,9.5384,-1,-1,-1
475,8,1706.00,1147.00,82.00,76.00,7.8302,-1,-1,-1
476,9,2044.00,1141.00,84.00,42.00,9.5379,-1,-1,-1
476,8,1705.00,1148.00,81.00,76.00,7.8111,-1,-1,-1
477,9,2043.00,1141.00,83.00,41.00,9.5270,-1,-1,-1
477,8,1702.00,1149.00,83.00,77.00,7.7966,-1,-1,-1
478,9,2040.00,1141.00,84.00,41.00,9.4457,-1,-1,-1
478,8,1701.00,1149.00,84.00,78.00,7.7838,-1,-1,-1
479,9,2037.00,1141.00,84.00,41.00,9.3696,-1,-1,-1
479,8,1700.00,1152.00,83.00,76.00,7.7757,-1,-1,-1
480,9,2035.00,1141.00,84.00,41.00,9.2938,-1,-1,-1
480,8,1698.00,1154.00,83.00,75.00,7.7764,-1,-1,-1
481,9,2033.00,1141.00,86.00,41.00,9.2111,-1,-1,-1
481,8,1697.00,1152.00,83.00,78.00,7.7803,-1,-1,-1
482,9,2033.00,1141.00,84.00,40.00,9.1525,-1,-1,-1
482,8,1694.00,1153.00,83.00,80.00,7.7950,-1,-1,-1
483,9,2030.00,1140.00,87.00,41.00,9.0259,-1,-1,-1
483,8,1692.00,1154.00,84.00,80.00,7.8144,-1,-1,-1
484,9,2030.00,1141.00,86.00,41.00,8.8965,-1,-1,-1
484,8,1691.00,1155.00,85.00,79.00,7.8336,-1,-1,-1
485,9,2029.00,1141.00,85.00,41.00,8.8043,-1,-1,-1
485,8,1689.00,1156.00,86.00,78.00,7.8465,-1,-1,-1
486,9,2027.00,1140.00,86.00,41.00,8.7898,-1,-1,-1
486,8,1689.00,1158.00,84.00,76.00,7.8406,-1,-1,-1
487,9,2025.00,1140.00,86.00,41.00,8.7706,-1,-1,-1
487,8,1689.00,1158.00,81.00,76.00,7.8306,-1,-1,-1
488,9,2024.00,1140.00,86.00,42.00,8.8028,-1,-1,-1
488,8,1688.00,1158.00,81.00,77.00,7.7741,-1,-1,-1
489,9,2022.00,1139.00,86.00,42.00,8.8729,-1,-1,-1
489,8,1686.00,1159.00,80.00,76.00,7.7260,-1,-1,-1
490,9,2022.00,1139.00,85.00,42.00,8.9156,-1,-1,-1
490,8,1687.00,1159.00,81.00,78.00,7.6938,-1,-1,-1
490,11,3658.00,147.00,70.00,62.00,1.0866,-1,-1,-1
491,9,2020.00,1138.00,86.00,43.00,8.9394,-1,-1,-1
491,8,1686.00,1159.00,80.00,78.00,7.6832,-1,-1,-1
491,11,3654.00,147.00,70.00,61.00,1.6040,-1,-1,-1
492,9,2018.00,1138.00,88.00,43.00,8.8773,-1,-1,-1
492,8,1685.00,1159.00,80.00,79.00,7.6503,-1,-1,-1
492,11,3650.00,146.00,70.00,61.00,0.9980,-1,-1,-1
493,9,2021.00,1139.00,82.00,42.00,8.9322,-1,-1,-1
493,8,1683.00,1160.00,82.00,77.00,7.6367,-1,-1,-1
493,11,3645.00,145.00,70.00,61.00,0.5604,-1,-1,-1
494,9,2013.00,1135.00,91.00,46.00,8.8189,-1,-1,-1
494,8,1683.00,1160.00,81.00,77.00,7.6425,-1,-1,-1
494,11,3641.00,144.00,70.00,61.00,0.2443,-1,-1,-1
495,9,2013.00,1136.00,90.00,45.00,8.7338,-1,-1,-1
495,8,1683.00,1161.00,80.00,77.00,7.6570,-1,-1,-1
496,9,2016.00,1138.00,85.00,43.00,8.7655,-1,-1,-1
496,8,1682.00,1161.00,80.00,76.00,7.6800,-1,-1,-1
497,9,2016.00,1137.00,84.00,43.00,8.7782,-1,-1,-1
497,8,1681.00,1162.00,80.00,76.00,7.7150,-1,-1,-1
498,9,2014.00,1136.00,85.00,43.00,8.7463,-1,-1,-1
498,8,1680.00,1162.00,80.00,76.00,7.7530,-1,-1,-1
499,9,2014.00,1136.00,84.00,42.00,8.7276,-1,-1,-1
499,8,1680.00,1164.00,79.00,74.00,7.7871,-1,-1,-1
500,9,2013.00,1136.00,85.00,41.00,8.6518,-1,-1,-1
500,8,1679.00,1164.00,80.00,74.00,7.8160,-1,-1,-1
501,9,2008.00,1132.00,90.00,44.00,8.5057,-1,-1,-1
501,8,1679.00,1163.00,79.00,75.00,7.8370,-1,-1,-1
502,9,2007.00,1131.00,89.00,45.00,8.4012,-1,-1,-1
502,8,1680.00,1163.00,77.00,74.00,7.8544,-1,-1,-1
503,9,2005.00,1130.00,90.00,45.00,8.4216,-1,-1,-1
503,8,1678.00,1163.00,79.00,74.00,7.8791,-1,-1,-1
504,9,2003.00,1129.00,90.00,45.00,8.4661,-1,-1,-1
504,8,1679.00,1163.00,77.00,74.00,7.8999,-1,-1,-1
505,9,2001.00,1128.00,91.00,45.00,8.5302,-1,-1,-1
505,8,1678.00,1164.00,78.00,73.00,7.9165,-1,-1,-1
506,9,2000.00,1128.00,92.00,44.00,8.6072,-1,-1,-1
506,8,1678.00,1163.00,77.00,74.00,7.9303,-1,-1,-1
507,9,2000.00,1127.00,92.00,44.00,8.7078,-1,-1,-1
507,8,1678.00,1163.00,76.00,74.00,7.9423,-1,-1,-1
508,9,2001.00,1127.00,90.00,43.00,8.8651,-1,-1,-1
508,8,1678.00,1164.00,76.00,72.00,7.9526,-1,-1,-1
509,9,2001.00,1125.00,88.00,44.00,9.0370,-1,-1,-1
509,8,1678.00,1163.00,77.00,73.00,7.9681,-1,-1,-1
510,9,2000.00,1123.00,89.00,45.00,9.1833,-1,-1,-1
510,8,1678.00,1163.00,77.00,73.00,7.9845,-1,-1,-1
511,9,2000.00,1123.00,89.00,45.00,9.3134,-1,-1,-1
511,8,1678.00,1163.00,76.00,73.00,7.9938,-1,-1,-1
512,8,1679.00,1162.00,75.00,74.00,8.0032,-1,-1,-1
512,9,2001.00,1123.00,89.00,45.00,6.5662,-1,-1,-1
513,8,1679.00,1162.00,75.00,73.00,8.0085,-1,-1,-1
513,9,2002.00,1123.00,89.00,45.00,4.5811,-1,-1,-1
514,8,1679.00,1162.00,75.00,73.00,8.0134,-1,-1,-1
515,8,1679.00,1162.00,75.00,73.00,8.0150,-1,-1,-1
516,8,1679.00,1161.00,75.00,74.00,8.0182,-1,-1,-1
517,8,1679.00,1161.00,75.00,74.00,8.0219,-1,-1,-1
518,8,1680.00,1161.00,74.00,74.00,8.0240,-1,-1,-1
519,8,1680.00,1161.00,74.00,73.00,8.0280,-1,-1,-1
520,8,1680.00,1161.00,74.00,72.00,8.0301,-1,-1,-1
521,8,1680.00,1160.00,75.00,73.00,8.0307,-1,-1,-1
522,8,1680.00,1161.00,75.00,71.00,8.0299,-1,-1,-1
523,8,1680.00,1161.00,75.00,71.00,8.0289,-1,-1,-1
524,8,1680.00,1160.00,76.00,71.00,8.0296,-1,-1,-1
525,8,1680.00,1159.00,76.00,72.00,8.0355,-1,-1,-1
526,8,1680.00,1157.00,78.00,73.00,8.0390,-1,-1,-1
526,9,2035.00,1185.00,19.00,14.00,0.4414,-1,-1,-1
527,8,1681.00,1156.00,78.00,73.00,8.0230,-1,-1,-1
528,8,1684.00,1155.00,75.00,74.00,8.0007,-1,-1,-1
529,8,1685.00,1156.00,74.00,72.00,7.9819,-1,-1,-1
529,12,1979.00,1098.00,89.00,52.00,3.2536,-1,-1,-1
530,8,1685.00,1156.00,74.00,73.00,7.9664,-1,-1,-1
530,12,1979.00,1097.00,89.00,52.00,4.2353,-1,-1,-1
531,8,1684.00,1156.00,75.00,73.00,7.9477,-1,-1,-1
531,12,1981.00,1097.00,86.00,50.00,5.0845,-1,-1,-1
532,8,1684.00,1154.00,76.00,74.00,7.9337,-1,-1,-1
532,12,1981.00,1096.00,86.00,50.00,5.7997,-1,-1,-1
533,8,1685.00,1154.00,75.00,74.00,7.9178,-1,-1,-1
533,12,1980.00,1094.00,87.00,51.00,6.3610,-1,-1,-1
534,8,1685.00,1152.00,77.00,76.00,7.9084,-1,-1,-1
534,12,1980.00,1093.00,88.00,51.00,6.8088,-1,-1,-1
535,8,1686.00,1151.00,77.00,75.00,7.9066,-1,-1,-1
535,12,1979.00,1091.00,89.00,52.00,7.2007,-1,-1,-1
536,8,1686.00,1151.00,77.00,73.00,7.9025,-1,-1,-1
536,12,1979.00,1090.00,89.00,52.00,7.5478,-1,-1,-1
537,8,1688.00,1150.00,75.00,74.00,7.8948,-1,-1,-1
537,12,1980.00,1089.00,88.00,52.00,7.8375,-1,-1,-1
538,12,1979.00,1086.00,91.00,53.00,8.1354,-1,-1,-1
538,8,1687.00,1151.00,77.00,72.00,7.8910,-1,-1,-1
539,12,1978.00,1084.00,91.00,54.00,8.3630,-1,-1,-1
539,8,1687.00,1150.00,77.00,73.00,7.8894,-1,-1,-1
540,12,1979.00,1084.00,91.00,53.00,8.5598,-1,-1,-1
540,8,1687.00,1149.00,76.00,73.00,7.8916,-1,-1,-1
541,12,1980.00,1084.00,89.00,52.00,8.7534,-1,-1,-1
541,8,1688.00,1149.00,76.00,73.00,7.8954,-1,-1,-1
542,12,1981.00,1083.00,88.00,51.00,8.8748,-1,-1,-1
542,8,1689.00,1150.00,74.00,70.00,7.9038,-1,-1,-1
543,12,1979.00,1080.00,91.00,53.00,8.9788,-1,-1,-1
543,8,1689.00,1148.00,77.00,73.00,7.9012,-1,-1,-1
544,12,1980.00,1080.00,91.00,52.00,9.0603,-1,-1,-1
544,8,1691.00,1148.00,74.00,69.00,7.8932,-1,-1,-1
545,12,1981.00,1079.00,90.00,52.00,9.1417,-1,-1,-1
545,8,1693.00,1149.00,72.00,67.00,7.8967,-1,-1,-1
546,12,1982.00,1078.00,90.00,52.00,9.2200,-1,-1,-1
546,8,1693.00,1147.00,74.00,68.00,7.8926,-1,-1,-1
547,12,1982.00,1077.00,89.00,52.00,9.3041,-1,-1,-1
547,8,1693.00,1146.00,74.00,68.00,7.8762,-1,-1,-1
548,12,1984.00,1077.00,86.00,49.00,9.3861,-1,-1,-1
548,8,1696.00,1145.00,72.00,69.00,7.8814,-1,-1,-1
549,12,1984.00,1076.00,87.00,49.00,9.4607,-1,-1,-1
549,8,1697.00,1144.00,72.00,71.00,7.8875,-1,-1,-1
550,12,1984.00,1074.00,88.00,51.00,9.4493,-1,-1,-1
550,8,1698.00,1144.00,72.00,69.00,7.8598,-1,-1,-1
551,12,1984.00,1073.00,88.00,50.00,9.4537,-1,-1,-1
551,8,1699.00,1142.00,73.00,70.00,7.8570,-1,-1,-1
552,12,1986.00,1072.00,87.00,50.00,9.4591,-1,-1,-1
552,8,1700.00,1142.00,73.00,69.00,7.8582,-1,-1,-1
553,12,1986.00,1070.00,88.00,49.00,9.4445,-1,-1,-1
553,8,1699.00,1142.00,75.00,67.00,7.8607,-1,-1,-1
554,12,1986.00,1069.00,89.00,50.00,9.5132,-1,-1,-1
554,8,1701.00,1141.00,74.00,68.00,7.8781,-1,-1,-1
555,12,1986.00,1069.00,88.00,49.00,9.6099,-1,-1,-1
555,8,1702.00,1141.00,74.00,67.00,7.8974,-1,-1,-1
556,12,1987.00,1068.00,88.00,49.00,9.7103,-1,-1,-1
556,8,1702.00,1139.00,74.00,68.00,7.9142,-1,-1,-1
557,12,1987.00,1067.00,89.00,48.00,9.7880,-1,-1,-1
557,8,1703.00,1137.00,74.00,69.00,7.9300,-1,-1,-1
558,12,1987.00,1065.00,89.00,50.00,9.8119,-1,-1,-1
558,8,1703.00,1137.00,76.00,69.00,7.9458,-1,-1,-1
559,12,1988.00,1065.00,89.00,49.00,9.8609,-1,-1,-1
559,8,1702.00,1134.00,81.00,73.00,7.9585,-1,-1,-1
560,12,1989.00,1064.00,88.00,48.00,9.8373,-1,-1,-1
560,8,1705.00,1133.00,78.00,74.00,7.9709,-1,-1,-1
561,12,1989.00,1060.00,90.00,52.00,9.8308,-1,-1,-1
561,8,1706.00,1133.00,77.00,73.00,7.9759,-1,-1,-1
562,12,1991.00,1060.00,88.00,50.00,9.9003,-1,-1,-1
562,8,1709.00,1133.00,75.00,71.00,7.9744,-1,-1,-1
563,12,1993.00,1059.00,87.00,50.00,9.9897,-1,-1,-1
563,8,1711.00,1132.00,73.00,71.00,7.9782,-1,-1,-1
564,12,1994.00,1058.00,86.00,49.00,10.0658,-1,-1,-1
564,8,1712.00,1132.00,71.00,70.00,7.9771,-1,-1,-1
565,12,1994.00,1057.00,87.00,49.00,10.1318,-1,-1,-1
565,8,1714.00,1129.00,72.00,72.00,7.9775,-1,-1,-1
566,12,1995.00,1056.00,88.00,49.00,10.1504,-1,-1,-1
566,8,1714.00,1127.00,74.00,74.00,7.9778,-1,-1,-1
567,12,1995.00,1055.00,89.00,50.00,10.1648,-1,-1,-1
567,8,1715.00,1127.00,74.00,72.00,7.9858,-1,-1,-1
568,12,1996.00,1054.00,88.00,49.00,10.1685,-1,-1,-1
568,8,1717.00,1126.00,74.00,72.00,8.0012,-1,-1,-1
569,8,1718.00,1125.00,74.00,73.00,8.0126,-1,-1,-1
569,12,1996.00,1052.00,88.00,49.00,7.1824,-1,-1,-1
569,13,3484.00,91.00,60.00,47.00,1.6241,-1,-1,-1
570,8,1720.00,1125.00,73.00,71.00,8.0230,-1,-1,-1
570,12,1997.00,1051.00,88.00,49.00,5.0218,-1,-1,-1
570,13,3481.00,90.00,59.00,47.00,2.0953,-1,-1,-1
571,8,1723.00,1124.00,71.00,71.00,8.0290,-1,-1,-1
571,12,1999.00,1049.00,86.00,49.00,5.7497,-1,-1,-1
571,13,3478.00,88.00,60.00,47.00,2.4008,-1,-1,-1
572,8,1723.00,1124.00,71.00,70.00,8.0198,-1,-1,-1
572,12,2001.00,1049.00,86.00,49.00,6.3781,-1,-1,-1
572,13,3475.00,86.00,60.00,47.00,1.5737,-1,-1,-1
573,8,1723.00,1122.00,74.00,72.00,7.9869,-1,-1,-1
573,12,2002.00,1048.00,86.00,48.00,6.9770,-1,-1,-1
573,13,3471.00,84.00,61.00,47.00,1.9746,-1,-1,-1
574,8,1725.00,1122.00,72.00,71.00,7.9738,-1,-1,-1
574,12,2003.00,1046.00,86.00,50.00,7.4976,-1,-1,-1
574,13,3468.00,82.00,61.00,48.00,2.3998,-1,-1,-1
575,8,1727.00,1120.00,71.00,72.00,7.9772,-1,-1,-1
575,12,2004.00,1044.00,86.00,50.00,5.2521,-1,-1,-1
575,13,3466.00,80.00,60.00,47.00,2.7282,-1,-1,-1
576,8,1728.00,1120.00,70.00,71.00,7.9857,-1,-1,-1
576,12,2003.00,1043.00,87.00,50.00,6.0353,-1,-1,-1
576,13,3463.00,79.00,60.00,47.00,3.0015,-1,-1,-1
577,8,1729.00,1118.00,72.00,71.00,7.9852,-1,-1,-1
577,12,2002.00,1036.00,82.00,46.00,6.2960,-1,-1,-1
577,13,3460.00,78.00,60.00,47.00,3.2025,-1,-1,-1
578,8,1729.00,1118.00,73.00,70.00,7.9752,-1,-1,-1
578,12,2000.00,1033.00,84.00,48.00,6.4712,-1,-1,-1
578,13,3458.00,77.00,58.00,46.00,3.3432,-1,-1,-1
579,8,1731.00,1117.00,73.00,71.00,7.9595,-1,-1,-1
579,12,2002.00,1034.00,81.00,45.00,6.6023,-1,-1,-1
579,13,3454.00,76.00,60.00,47.00,3.4851,-1,-1,-1
580,8,1732.00,1117.00,73.00,71.00,7.9494,-1,-1,-1
580,12,2003.00,1031.00,83.00,48.00,6.8036,-1,-1,-1
580,13,3452.00,75.00,60.00,47.00,2.3559,-1,-1,-1
581,8,1735.00,1117.00,69.00,69.00,7.9316,-1,-1,-1
581,12,2005.00,1033.00,81.00,44.00,6.9757,-1,-1,-1
581,13,3448.00,73.00,60.00,47.00,2.7306,-1,-1,-1
582,8,1737.00,1116.00,67.00,68.00,7.9117,-1,-1,-1
582,12,2006.00,1033.00,80.00,43.00,7.1072,-1,-1,-1
582,13,3445.00,72.00,60.00,47.00,3.1049,-1,-1,-1
583,8,1738.00,1116.00,66.00,67.00,7.9047,-1,-1,-1
583,12,2007.00,1031.00,81.00,44.00,7.2017,-1,-1,-1
583,13,3442.00,69.00,61.00,48.00,3.7171,-1,-1,-1
584,8,1739.00,1114.00,68.00,68.00,7.9069,-1,-1,-1
584,12,2009.00,1030.00,80.00,43.00,7.2625,-1,-1,-1
584,13,3439.00,68.00,61.00,48.00,4.2892,-1,-1,-1
585,8,1739.00,1113.00,69.00,67.00,7.9233,-1,-1,-1
585,12,2008.00,1029.00,82.00,43.00,7.3192,-1,-1,-1
585,13,3436.00,67.00,60.00,48.00,4.5118,-1,-1,-1
586,8,1741.00,1114.00,68.00,64.00,7.9465,-1,-1,-1
586,12,2009.00,1028.00,80.00,43.00,7.3229,-1,-1,-1
586,13,3434.00,66.00,60.00,47.00,4.5447,-1,-1,-1
587,8,1741.00,1113.00,69.00,66.00,7.9630,-1,-1,-1
587,12,2011.00,1026.00,79.00,42.00,7.3044,-1,-1,-1
587,13,3431.00,64.00,59.00,47.00,4.4831,-1,-1,-1
588,8,1744.00,1113.00,67.00,65.00,7.9691,-1,-1,-1
588,12,2011.00,1024.00,81.00,42.00,7.3023,-1,-1,-1
588,13,3428.00,62.00,60.00,47.00,4.4199,-1,-1,-1
589,8,1746.00,1110.00,70.00,68.00,7.9543,-1,-1,-1
589,12,2012.00,1022.00,83.00,45.00,7.3236,-1,-1,-1
589,13,3425.00,60.00,60.00,47.00,4.3589,-1,-1,-1
590,8,1747.00,1111.00,69.00,67.00,7.9398,-1,-1,-1
590,12,2012.00,1021.00,83.00,44.00,7.3935,-1,-1,-1
590,13,3421.00,58.00,61.00,48.00,4.3559,-1,-1,-1
591,8,1747.00,1111.00,70.00,67.00,7.9236,-1,-1,-1
591,12,2012.00,1021.00,83.00,42.00,7.4502,-1,-1,-1
591,13,3418.00,55.00,61.00,48.00,4.3919,-1,-1,-1
592,8,1752.00,1109.00,67.00,66.00,7.8822,-1,-1,-1
592,12,2015.00,1019.00,81.00,42.00,7.4855,-1,-1,-1
592,13,3416.00,55.00,60.00,47.00,4.3674,-1,-1,-1
593,8,1754.00,1109.00,69.00,66.00,7.8762,-1,-1,-1
593,12,2016.00,1018.00,83.00,43.00,7.4774,-1,-1,-1
593,13,3417.00,54.00,60.00,47.00,4.3495,-1,-1,-1
594,8,1757.00,1106.00,71.00,69.00,7.8608,-1,-1,-1
594,12,2022.00,1017.00,78.00,41.00,7.4568,-1,-1,-1
594,13,3419.00,54.00,59.00,47.00,4.4094,-1,-1,-1
595,8,1762.00,1106.00,67.00,67.00,7.8283,-1,-1,-1
595,12,2026.00,1016.00,79.00,44.00,7.5079,-1,-1,-1
595,13,3421.00,54.00,59.00,47.00,4.4420,-1,-1,-1
596,8,1765.00,1104.00,69.00,68.00,7.8428,-1,-1,-1
596,12,2027.00,1014.00,80.00,44.00,7.5328,-1,-1,-1
596,13,3422.00,54.00,59.00,47.00,4.4861,-1,-1,-1
597,8,1770.00,1104.00,68.00,67.00,7.8820,-1,-1,-1
597,12,2028.00,1011.00,83.00,45.00,7.5449,-1,-1,-1
597,13,3424.00,53.00,60.00,47.00,4.4418,-1,-1,-1
598,8,1776.00,1103.00,65.00,68.00,7.8890,-1,-1,-1
598,12,2036.00,1009.00,77.00,45.00,7.5264,-1,-1,-1
598,13,3427.00,53.00,60.00,47.00,3.0483,-1,-1,-1
599,8,1779.00,1102.00,68.00,67.00,7.8819,-1,-1,-1
599,12,2037.00,1007.00,83.00,47.00,7.5942,-1,-1,-1
599,13,3430.00,51.00,59.00,47.00,3.1708,-1,-1,-1
600,8,1782.00,1100.00,70.00,70.00,7.8591,-1,-1,-1
600,12,2039.00,1008.00,81.00,44.00,7.6142,-1,-1,-1
600,13,3432.00,50.00,59.00,46.00,3.2736,-1,-1,-1
601,8,1788.00,1102.00,63.00,65.00,7.8534,-1,-1,-1
601,12,2046.00,1010.00,76.00,39.00,7.5605,-1,-1,-1
601,13,3433.00,49.00,60.00,47.00,3.3630,-1,-1,-1
602,8,1792.00,1100.00,64.00,65.00,7.8035,-1,-1,-1
602,12,2052.00,1008.00,77.00,40.00,7.6160,-1,-1,-1
602,13,3435.00,47.00,60.00,47.00,2.2688,-1,-1,-1
603,8,1797.00,1098.00,63.00,68.00,7.8060,-1,-1,-1
603,12,2055.00,1007.00,78.00,41.00,7.6157,-1,-1,-1
603,13,3439.00,47.00,60.00,47.00,2.5416,-1,-1,-1
604,8,1799.00,1097.00,67.00,67.00,7.8082,-1,-1,-1
604,12,2057.00,1005.00,79.00,41.00,7.5813,-1,-1,-1
604,13,3440.00,46.00,61.00,48.00,2.9030,-1,-1,-1
605,8,1802.00,1094.00,69.00,69.00,7.8303,-1,-1,-1
605,12,2058.00,1004.00,81.00,41.00,7.5136,-1,-1,-1
605,13,3442.00,45.00,61.00,48.00,3.2665,-1,-1,-1
606,8,1806.00,1094.00,68.00,68.00,7.8331,-1,-1,-1
606,12,2062.00,1000.00,79.00,42.00,7.4467,-1,-1,-1
606,13,3444.00,44.00,61.00,47.00,3.4570,-1,-1,-1
607,8,1811.00,1094.00,65.00,66.00,7.8110,-1,-1,-1
607,12,2064.00,999.00,83.00,42.00,7.4620,-1,-1,-1
607,13,3448.00,44.00,59.00,47.00,3.6972,-1,-1,-1
608,8,1815.00,1092.00,65.00,66.00,7.7977,-1,-1,-1
608,12,2070.00,998.00,78.00,40.00,7.4276,-1,-1,-1
608,13,3450.00,43.00,59.00,47.00,3.9897,-1,-1,-1
609,8,1818.00,1091.00,67.00,69.00,7.7767,-1,-1,-1
609,12,2075.00,996.00,80.00,44.00,7.4713,-1,-1,-1
609,13,3451.00,41.00,61.00,48.00,4.1732,-1,-1,-1
610,8,1824.00,1090.00,63.00,71.00,7.7819,-1,-1,-1
610,12,2077.00,995.00,78.00,42.00,7.5085,-1,-1,-1
610,13,3453.00,40.00,60.00,48.00,4.2892,-1,-1,-1
611,8,1823.00,1090.00,70.00,65.00,7.8207,-1,-1,-1
611,12,2079.00,992.00,80.00,44.00,7.5027,-1,-1,-1
611,13,3454.00,39.00,60.00,48.00,4.3637,-1,-1,-1
612,8,1826.00,1087.00,71.00,68.00,7.8589,-1,-1,-1
612,12,2082.00,987.00,80.00,46.00,7.4464,-1,-1,-1
612,13,3456.00,39.00,61.00,48.00,4.4581,-1,-1,-1
613,8,1829.00,1086.00,71.00,68.00,7.8686,-1,-1,-1
613,12,2085.00,986.00,78.00,45.00,7.4196,-1,-1,-1
613,13,3458.00,38.00,61.00,48.00,4.4875,-1,-1,-1
614,8,1833.00,1084.00,71.00,68.00,7.8756,-1,-1,-1
614,12,2090.00,990.00,70.00,38.00,7.3964,-1,-1,-1
614,13,3460.00,37.00,61.00,47.00,4.3955,-1,-1,-1
615,8,1837.00,1081.00,70.00,70.00,7.9088,-1,-1,-1
615,12,2090.00,986.00,80.00,43.00,7.4325,-1,-1,-1
615,13,3462.00,36.00,61.00,47.00,3.0140,-1,-1,-1
616,8,1840.00,1080.00,70.00,70.00,7.9525,-1,-1,-1
616,12,2094.00,985.00,76.00,42.00,7.4172,-1,-1,-1
616,13,3463.00,35.00,62.00,48.00,3.1968,-1,-1,-1
617,8,1843.00,1080.00,70.00,68.00,7.9760,-1,-1,-1
617,12,2099.00,984.00,77.00,42.00,7.4751,-1,-1,-1
617,13,3463.00,34.00,62.00,48.00,3.4261,-1,-1,-1
618,8,1847.00,1080.00,67.00,66.00,7.9529,-1,-1,-1
618,12,2100.00,982.00,79.00,42.00,7.4944,-1,-1,-1
618,13,3464.00,32.00,63.00,49.00,3.6823,-1,-1,-1
619,8,1849.00,1079.00,68.00,65.00,7.9358,-1,-1,-1
619,12,2101.00,980.00,82.00,44.00,7.5149,-1,-1,-1
619,13,3465.00,31.00,62.00,49.00,3.8773,-1,-1,-1
620,8,1851.00,1076.00,71.00,68.00,7.9241,-1,-1,-1
620,12,2104.00,979.00,80.00,43.00,7.5134,-1,-1,-1
620,13,3467.00,31.00,62.00,49.00,4.0334,-1,-1,-1
621,8,1854.00,1076.00,69.00,68.00,7.9139,-1,-1,-1
621,12,2106.00,976.00,80.00,43.00,7.4827,-1,-1,-1
621,13,3469.00,31.00,61.00,48.00,4.1601,-1,-1,-1
622,8,1858.00,1075.00,68.00,67.00,7.9137,-1,-1,-1
622,12,2110.00,975.00,78.00,41.00,7.4713,-1,-1,-1
622,13,3471.00,30.00,61.00,47.00,4.2959,-1,-1,-1
623,8,1861.00,1074.00,67.00,67.00,7.8870,-1,-1,-1
623,12,2110.00,974.00,81.00,41.00,7.5055,-1,-1,-1
623,13,3472.00,29.00,61.00,48.00,4.4123,-1,-1,-1
624,8,1865.00,1071.00,67.00,67.00,7.7955,-1,-1,-1
624,12,2115.00,973.00,78.00,39.00,7.4991,-1,-1,-1
624,13,3473.00,27.00,61.00,48.00,4.4440,-1,-1,-1
625,8,1867.00,1070.00,70.00,67.00,7.7709,-1,-1,-1
625,12,2118.00,967.00,79.00,44.00,7.4229,-1,-1,-1
625,13,3476.00,27.00,59.00,47.00,4.4811,-1,-1,-1
626,8,1870.00,1069.00,70.00,66.00,7.8033,-1,-1,-1
626,12,2122.00,968.00,79.00,42.00,7.4759,-1,-1,-1
626,13,3478.00,26.00,59.00,47.00,4.5191,-1,-1,-1
627,8,1874.00,1068.00,68.00,63.00,7.8373,-1,-1,-1
627,12,2124.00,966.00,79.00,42.00,7.5156,-1,-1,-1
627,13,3480.00,26.00,58.00,46.00,4.6022,-1,-1,-1
628,8,1876.00,1065.00,71.00,65.00,7.8606,-1,-1,-1
628,12,2127.00,962.00,81.00,45.00,7.5590,-1,-1,-1
628,13,3482.00,25.00,59.00,46.00,4.6107,-1,-1,-1
629,8,1880.00,1065.00,70.00,65.00,7.8681,-1,-1,-1
629,12,2132.00,962.00,77.00,42.00,7.5340,-1,-1,-1
629,13,3485.00,24.00,59.00,46.00,4.5255,-1,-1,-1
630,8,1884.00,1061.00,69.00,67.00,7.8795,-1,-1,-1
630,12,2133.00,961.00,82.00,43.00,7.5913,-1,-1,-1
630,13,3487.00,23.00,59.00,46.00,4.4824,-1,-1,-1
631,8,1889.00,1059.00,68.00,68.00,7.9206,-1,-1,-1
631,12,2137.00,961.00,80.00,40.00,7.6247,-1,-1,-1
631,13,3488.00,21.00,61.00,48.00,4.5565,-1,-1,-1
632,8,1895.00,1059.00,67.00,66.00,7.9217,-1,-1,-1
632,12,2143.00,959.00,76.00,40.00,7.6179,-1,-1,-1
632,13,3490.00,20.00,60.00,48.00,4.6329,-1,-1,-1
633,8,1897.00,1059.00,67.00,63.00,7.9046,-1,-1,-1
633,12,2144.00,956.00,78.00,41.00,7.5765,-1,-1,-1
633,13,3492.00,19.00,60.00,47.00,4.6230,-1,-1,-1
634,8,1899.00,1056.00,69.00,66.00,7.8967,-1,-1,-1
634,12,2148.00,956.00,77.00,41.00,7.5657,-1,-1,-1
634,13,3496.00,19.00,58.00,47.00,4.6333,-1,-1,-1
635,8,1901.00,1055.00,67.00,65.00,7.8841,-1,-1,-1
635,12,2149.00,954.00,77.00,40.00,7.5679,-1,-1,-1
635,13,3496.00,18.00,57.00,47.00,4.7376,-1,-1,-1
636,8,1897.00,1054.00,67.00,65.00,7.8641,-1,-1,-1
636,12,2146.00,952.00,73.00,37.00,7.5374,-1,-1,-1
636,13,3495.00,16.00,57.00,47.00,3.2622,-1,-1,-1
637,8,1888.00,1052.00,68.00,64.00,7.8365,-1,-1,-1
637,12,2135.00,950.00,77.00,38.00,7.5749,-1,-1,-1
637,13,3465.00,5.00,61.00,47.00,3.4100,-1,-1,-1
638,8,1876.00,1048.00,68.00,67.00,7.8487,-1,-1,-1
638,12,2124.00,943.00,74.00,41.00,7.6169,-1,-1,-1
638,13,3437.00,-8.00,61.00,47.00,2.2060,-1,-1,-1
639,8,1866.00,1048.00,60.00,64.00,7.7061,-1,-1,-1
639,12,2107.00,938.00,77.00,43.00,7.5740,-1,-1,-1
639,13,3408.00,-20.00,61.00,47.00,1.2244,-1,-1,-1
640,8,1849.00,1046.00,68.00,65.00,7.7517,-1,-1,-1
640,12,2093.00,937.00,74.00,40.00,7.6081,-1,-1,-1
640,13,3380.00,-33.00,61.00,47.00,0.5407,-1,-1,-1
641,8,1836.00,1043.00,65.00,67.00,7.7518,-1,-1,-1
641,12,2078.00,934.00,73.00,39.00,7.6324,-1,-1,-1
642,8,1823.00,1041.00,60.00,71.00,7.7288,-1,-1,-1
642,12,2061.00,930.00,73.00,38.00,7.5689,-1,-1,-1
643,8,1804.00,1041.00,65.00,65.00,7.7670,-1,-1,-1
643,12,2042.00,927.00,74.00,38.00,7.5836,-1,-1,-1
643,14,2844.00,1002.00,35.00,30.00,0.4660,-1,-1,-1
644,8,1785.00,1041.00,64.00,66.00,7.7834,-1,-1,-1
644,12,2024.00,924.00,68.00,38.00,7.6221,-1,-1,-1
644,14,2804.00,982.00,35.00,30.00,0.1701,-1,-1,-1
645,8,1765.00,1039.00,63.00,67.00,7.8071,-1,-1,-1
645,12,2001.00,920.00,69.00,38.00,7.5899,-1,-1,-1
646,8,1742.00,1037.00,63.00,68.00,7.8353,-1,-1,-1
646,12,1975.00,914.00,71.00,41.00,7.5763,-1,-1,-1
647,8,1720.00,1035.00,62.00,70.00,7.8660,-1,-1,-1
647,12,1951.00,912.00,71.00,41.00,7.5912,-1,-1,-1
647,14,2741.00,952.00,34.00,31.00,0.7954,-1,-1,-1
648,8,1697.00,1036.00,61.00,69.00,7.8967,-1,-1,-1
648,12,1925.00,911.00,72.00,37.00,7.5718,-1,-1,-1
648,14,2718.00,934.00,34.00,31.00,0.2485,-1,-1,-1
649,8,1673.00,1036.00,61.00,70.00,7.9288,-1,-1,-1
649,12,1899.00,907.00,70.00,37.00,7.5053,-1,-1,-1
650,8,1652.00,1037.00,62.00,69.00,7.9602,-1,-1,-1
650,12,1875.00,905.00,73.00,37.00,7.4619,-1,-1,-1
651,8,1635.00,1037.00,64.00,69.00,7.9432,-1,-1,-1
651,12,1859.00,902.00,67.00,39.00,7.4099,-1,-1,-1
652,8,1625.00,1036.00,61.00,70.00,7.9758,-1,-1,-1
652,12,1846.00,897.00,72.00,43.00,7.3849,-1,-1,-1
653,8,1617.00,1036.00,65.00,71.00,7.9643,-1,-1,-1
653,12,1839.00,899.00,71.00,39.00,7.4602,-1,-1,-1
654,8,1615.00,1037.00,64.00,69.00,7.9532,-1,-1,-1
654,12,1836.00,897.00,72.00,40.00,7.4860,-1,-1,-1
655,8,1618.00,1034.00,63.00,70.00,7.9372,-1,-1,-1
655,12,1837.00,895.00,72.00,40.00,7.4258,-1,-1,-1
656,8,1622.00,1032.00,62.00,70.00,7.9220,-1,-1,-1
656,12,1838.00,893.00,76.00,39.00,7.4350,-1,-1,-1
657,8,1626.00,1031.00,63.00,70.00,7.9471,-1,-1,-1
657,12,1842.00,891.00,76.00,41.00,7.4465,-1,-1,-1
658,8,1631.00,1031.00,61.00,68.00,7.9743,-1,-1,-1
658,12,1844.00,889.00,79.00,41.00,7.4103,-1,-1,-1
659,8,1634.00,1030.00,61.00,69.00,7.9630,-1,-1,-1
659,12,1850.00,889.00,75.00,40.00,7.4422,-1,-1,-1
660,8,1639.00,1029.00,59.00,66.00,7.9280,-1,-1,-1
660,12,1855.00,888.00,70.00,40.00,7.4294,-1,-1,-1
661,8,1643.00,1026.00,60.00,71.00,7.9131,-1,-1,-1
661,12,1859.00,886.00,72.00,40.00,7.3361,-1,-1,-1
662,8,1648.00,1027.00,58.00,68.00,7.9114,-1,-1,-1
662,12,1864.00,887.00,70.00,37.00,7.3563,-1,-1,-1
663,8,1652.00,1025.00,59.00,69.00,7.8511,-1,-1,-1
663,12,1867.00,886.00,72.00,37.00,7.3645,-1,-1,-1
664,8,1656.00,1025.00,61.00,67.00,7.8281,-1,-1,-1
664,12,1870.00,886.00,69.00,36.00,7.3195,-1,-1,-1
665,8,1660.00,1023.00,62.00,68.00,7.8486,-1,-1,-1
665,12,1873.00,882.00,70.00,37.00,7.2840,-1,-1,-1
666,8,1663.00,1022.00,64.00,66.00,7.8690,-1,-1,-1
666,12,1877.00,880.00,70.00,38.00,7.2775,-1,-1,-1
667,8,1669.00,1022.00,58.00,64.00,7.8445,-1,-1,-1
667,12,1880.00,878.00,71.00,38.00,7.2664,-1,-1,-1
668,8,1674.00,1021.00,58.00,63.00,7.8146,-1,-1,-1
668,12,1885.00,876.00,73.00,41.00,7.3238,-1,-1,-1
669,8,1677.00,1018.00,61.00,69.00,7.8055,-1,-1,-1
669,12,1892.00,876.00,69.00,40.00,7.3771,-1,-1,-1
670,8,1681.00,1018.00,60.00,67.00,7.8182,-1,-1,-1
670,12,1895.00,874.00,70.00,40.00,7.3651,-1,-1,-1
671,8,1684.00,1017.00,64.00,63.00,7.8260,-1,-1,-1
671,12,1899.00,874.00,70.00,39.00,7.3893,-1,-1,-1
672,8,1689.00,1015.00,63.00,66.00,7.8261,-1,-1,-1
672,12,1903.00,871.00,70.00,39.00,7.3794,-1,-1,-1
673,8,1692.00,1014.00,64.00,66.00,7.8217,-1,-1,-1
673,12,1907.00,869.00,67.00,41.00,7.3369,-1,-1,-1
674,8,1698.00,1011.00,62.00,67.00,7.8682,-1,-1,-1
674,12,1911.00,870.00,63.00,39.00,7.1877,-1,-1,-1
675,8,1703.00,1011.00,61.00,65.00,7.9038,-1,-1,-1
675,12,1913.00,868.00,70.00,39.00,7.2286,-1,-1,-1
676,8,1706.00,1010.00,63.00,65.00,7.8948,-1,-1,-1
676,12,1917.00,867.00,69.00,40.00,7.2838,-1,-1,-1
677,8,1710.00,1009.00,64.00,66.00,7.8897,-1,-1,-1
677,12,1921.00,867.00,67.00,40.00,7.2893,-1,-1,-1
678,8,1714.00,1008.00,63.00,67.00,7.8687,-1,-1,-1
678,12,1925.00,866.00,68.00,40.00,7.3510,-1,-1,-1
679,8,1722.00,1007.00,56.00,66.00,7.8527,-1,-1,-1
679,12,1930.00,865.00,68.00,40.00,7.4046,-1,-1,-1
680,8,1724.00,1007.00,60.00,64.00,7.8711,-1,-1,-1
680,12,1932.00,862.00,71.00,42.00,7.3761,-1,-1,-1
681,8,1728.00,1007.00,60.00,64.00,7.8802,-1,-1,-1
681,12,1937.00,861.00,71.00,43.00,7.3938,-1,-1,-1
682,8,1732.00,1003.00,63.00,67.00,7.8848,-1,-1,-1
682,12,1942.00,863.00,68.00,39.00,7.3961,-1,-1,-1
683,8,1736.00,1003.00,62.00,66.00,7.8807,-1,-1,-1
683,12,1944.00,860.00,71.00,41.00,7.3838,-1,-1,-1
684,8,1741.00,1003.00,60.00,65.00,7.8623,-1,-1,-1
684,12,1947.00,857.00,71.00,44.00,7.3656,-1,-1,-1
685,8,1744.00,1000.00,61.00,69.00,7.7770,-1,-1,-1
685,12,1954.00,856.00,64.00,42.00,7.3503,-1,-1,-1
686,8,1749.00,1001.00,59.00,67.00,7.7195,-1,-1,-1
686,12,1958.00,855.00,63.00,42.00,7.3188,-1,-1,-1
687,8,1753.00,999.00,62.00,66.00,7.7211,-1,-1,-1
687,12,1960.00,855.00,65.00,39.00,7.2959,-1,-1,-1
688,8,1757.00,998.00,60.00,64.00,7.7428,-1,-1,-1
688,12,1964.00,852.00,66.00,43.00,7.3060,-1,-1,-1
689,8,1761.00,997.00,61.00,65.00,7.7735,-1,-1,-1
689,12,1967.00,850.00,68.00,45.00,7.2777,-1,-1,-1
690,8,1763.00,996.00,62.00,66.00,7.7711,-1,-1,-1
690,12,1969.00,848.00,71.00,47.00,7.2848,-1,-1,-1
691,8,1767.00,994.00,61.00,67.00,7.7777,-1,-1,-1
691,12,1973.00,848.00,69.00,46.00,7.2844,-1,-1,-1
692,8,1772.00,993.00,59.00,67.00,7.7858,-1,-1,-1
692,12,1976.00,846.00,70.00,46.00,7.2534,-1,-1,-1
693,8,1775.00,992.00,60.00,72.00,7.7961,-1,-1,-1
693,12,1978.00,844.00,71.00,48.00,7.2103,-1,-1,-1
694,8,1777.00,992.00,61.00,70.00,7.8146,-1,-1,-1
694,12,1982.00,845.00,68.00,45.00,7.1768,-1,-1,-1
695,8,1781.00,989.00,62.00,68.00,7.7994,-1,-1,-1
695,12,1984.00,844.00,68.00,44.00,7.1479,-1,-1,-1
696,8,1782.00,989.00,63.00,68.00,7.8077,-1,-1,-1
696,12,1987.00,840.00,70.00,46.00,7.2091,-1,-1,-1
697,8,1784.00,989.00,63.00,67.00,7.8167,-1,-1,-1
697,12,1989.00,839.00,68.00,45.00,7.2519,-1,-1,-1
698,8,1787.00,986.00,63.00,68.00,7.8076,-1,-1,-1
698,12,1989.00,838.00,72.00,46.00,7.2760,-1,-1,-1
699,8,1789.00,985.00,65.00,69.00,7.8193,-1,-1,-1
699,12,1991.00,838.00,71.00,45.00,7.3007,-1,-1,-1
700,8,1790.00,985.00,63.00,67.00,7.8346,-1,-1,-1
700,12,1992.00,837.00,69.00,45.00,7.3185,-1,-1,-1
701,8,1794.00,984.00,60.00,67.00,7.8592,-1,-1,-1
701,12,1994.00,837.00,69.00,43.00,7.3126,-1,-1,-1
702,8,1795.00,984.00,61.00,65.00,7.8953,-1,-1,-1
702,12,1995.00,835.00,67.00,44.00,7.2571,-1,-1,-1
703,8,1796.00,984.00,61.00,65.00,7.9294,-1,-1,-1
703,12,1996.00,834.00,67.00,43.00,7.2584,-1,-1,-1
704,8,1797.00,984.00,62.00,64.00,7.9554,-1,-1,-1
704,12,1996.00,832.00,68.00,44.00,7.2582,-1,-1,-1
705,8,1798.00,983.00,59.00,64.00,7.9750,-1,-1,-1
705,12,1997.00,831.00,65.00,42.00,7.2509,-1,-1,-1
706,8,1797.00,982.00,61.00,64.00,7.9844,-1,-1,-1
706,12,1994.00,828.00,69.00,45.00,7.2685,-1,-1,-1
707,8,1794.00,979.00,64.00,69.00,7.9751,-1,-1,-1
707,12,1992.00,827.00,68.00,45.00,7.2613,-1,-1,-1
708,8,1794.00,979.00,60.00,65.00,7.9129,-1,-1,-1
708,12,1989.00,825.00,67.00,44.00,7.2841,-1,-1,-1
709,8,1791.00,979.00,61.00,65.00,7.8632,-1,-1,-1
709,12,1987.00,824.00,66.00,44.00,7.3054,-1,-1,-1
710,8,1790.00,977.00,60.00,66.00,7.8390,-1,-1,-1
710,12,1984.00,822.00,67.00,46.00,7.2983,-1,-1,-1
711,8,1787.00,976.00,61.00,66.00,7.8392,-1,-1,-1
711,12,1982.00,820.00,66.00,44.00,7.2011,-1,-1,-1
712,8,1783.00,975.00,66.00,65.00,7.8669,-1,-1,-1
712,12,1980.00,819.00,63.00,44.00,7.1977,-1,-1,-1
713,8,1781.00,975.00,64.00,63.00,7.9001,-1,-1,-1
713,12,1977.00,817.00,61.00,43.00,7.2424,-1,-1,-1
714,8,1779.00,975.00,64.00,63.00,7.9193,-1,-1,-1
714,12,1974.00,817.00,63.00,43.00,7.2979,-1,-1,-1
715,8,1777.00,973.00,61.00,66.00,7.8993,-1,-1,-1
715,12,1970.00,816.00,64.00,43.00,7.3025,-1,-1,-1
716,8,1774.00,973.00,61.00,68.00,7.8359,-1,-1,-1
716,12,1967.00,814.00,63.00,43.00,7.2610,-1,-1,-1
717,8,1772.00,972.00,63.00,63.00,7.8312,-1,-1,-1
717,12,1963.00,812.00,63.00,43.00,7.2561,-1,-1,-1
718,8,1767.00,970.00,64.00,65.00,7.8598,-1,-1,-1
718,12,1961.00,810.00,59.00,43.00,7.2765,-1,-1,-1
719,8,1764.00,969.00,64.00,66.00,7.8727,-1,-1,-1
719,12,1957.00,810.00,58.00,42.00,7.2648,-1,-1,-1
720,8,1761.00,970.00,63.00,64.00,7.8822,-1,-1,-1
720,12,1953.00,808.00,60.00,41.00,7.2510,-1,-1,-1
721,8,1759.00,968.00,63.00,65.00,7.8921,-1,-1,-1
721,12,1947.00,806.00,63.00,44.00,7.2621,-1,-1,-1
722,8,1757.00,968.00,63.00,64.00,7.8920,-1,-1,-1
722,12,1943.00,803.00,61.00,46.00,7.3348,-1,-1,-1
723,8,1754.00,967.00,61.00,64.00,7.8622,-1,-1,-1
723,12,1941.00,802.00,58.00,44.00,7.3960,-1,-1,-1
724,8,1751.00,964.00,64.00,66.00,7.8957,-1,-1,-1
724,12,1936.00,801.00,60.00,44.00,7.3907,-1,-1,-1
725,8,1749.00,965.00,60.00,64.00,7.9388,-1,-1,-1
725,12,1932.00,797.00,62.00,47.00,7.3783,-1,-1,-1
726,8,1747.00,963.00,60.00,65.00,7.9630,-1,-1,-1
726,12,1929.00,797.00,61.00,46.00,7.4055,-1,-1,-1
727,8,1745.00,963.00,58.00,63.00,7.9593,-1,-1,-1
727,12,1927.00,796.00,59.00,46.00,7.4269,-1,-1,-1
728,8,1741.00,962.00,60.00,64.00,7.9302,-1,-1,-1
728,12,1923.00,796.00,59.00,45.00,7.4063,-1,-1,-1
729,8,1737.00,962.00,60.00,65.00,7.9040,-1,-1,-1
729,12,1918.00,793.00,61.00,47.00,7.3718,-1,-1,-1
730,8,1734.00,962.00,61.00,63.00,7.8896,-1,-1,-1
730,12,1913.00,790.00,63.00,48.00,7.3443,-1,-1,-1
731,8,1733.00,960.00,60.00,64.00,7.8721,-1,-1,-1
731,12,1911.00,790.00,60.00,48.00,7.3425,-1,-1,-1
732,8,1731.00,961.00,56.00,61.00,7.8788,-1,-1,-1
732,12,1908.00,791.00,56.00,46.00,7.4021,-1,-1,-1
733,8,1728.00,960.00,57.00,63.00,7.9033,-1,-1,-1
733,12,1903.00,789.00,60.00,47.00,7.4615,-1,-1,-1
734,8,1725.00,960.00,56.00,62.00,7.9061,-1,-1,-1
734,12,1901.00,787.00,57.00,47.00,7.4503,-1,-1,-1
735,8,1723.00,960.00,56.00,61.00,7.8836,-1,-1,-1
735,12,1896.00,786.00,57.00,49.00,7.4233,-1,-1,-1
736,8,1721.00,958.00,54.00,66.00,7.8958,-1,-1,-1
736,12,1893.00,784.00,56.00,49.00,7.4266,-1,-1,-1
737,8,1717.00,957.00,57.00,67.00,7.8879,-1,-1,-1
737,12,1890.00,781.00,57.00,50.00,7.4208,-1,-1,-1
738,8,1714.00,956.00,59.00,67.00,7.8670,-1,-1,-1
738,12,1886.00,781.00,56.00,50.00,7.4137,-1,-1,-1
739,8,1711.00,956.00,61.00,66.00,7.8742,-1,-1,-1
739,12,1880.00,780.00,59.00,51.00,7.4186,-1,-1,-1
740,8,1708.00,955.00,60.00,67.00,7.8836,-1,-1,-1
740,12,1877.00,778.00,60.00,53.00,7.4069,-1,-1,-1
741,8,1705.00,956.00,59.00,66.00,7.8521,-1,-1,-1
741,12,1875.00,780.00,54.00,48.00,7.3809,-1,-1,-1
742,8,1704.00,956.00,55.00,64.00,7.8278,-1,-1,-1
742,12,1870.00,777.00,57.00,49.00,7.4093,-1,-1,-1
743,8,1702.00,956.00,53.00,63.00,7.7523,-1,-1,-1
743,12,1866.00,773.00,59.00,53.00,7.3802,-1,-1,-1
744,8,1699.00,954.00,55.00,65.00,7.7230,-1,-1,-1
744,12,1862.00,772.00,59.00,52.00,7.3000,-1,-1,-1
745,8,1695.00,953.00,55.00,66.00,7.6946,-1,-1,-1
745,12,1859.00,772.00,57.00,53.00,7.3048,-1,-1,-1
746,8,1691.00,954.00,56.00,65.00,7.7100,-1,-1,-1
746,12,1853.00,771.00,59.00,52.00,7.3230,-1,-1,-1
747,8,1687.00,953.00,59.00,68.00,7.7533,-1,-1,-1
747,12,1849.00,772.00,56.00,50.00,7.2908,-1,-1,-1
748,8,1682.00,955.00,56.00,65.00,7.7439,-1,-1,-1
748,12,1844.00,770.00,54.00,50.00,7.1634,-1,-1,-1
749,8,1678.00,954.00,54.00,66.00,7.7307,-1,-1,-1
749,12,1839.00,769.00,53.00,51.00,7.1644,-1,-1,-1
750,8,1673.00,953.00,54.00,66.00,7.6858,-1,-1,-1
750,12,1831.00,767.00,57.00,53.00,7.2003,-1,-1,-1
751,8,1667.00,953.00,58.00,67.00,7.7138,-1,-1,-1
751,12,1825.00,768.00,55.00,52.00,7.1209,-1,-1,-1
752,8,1661.00,952.00,60.00,70.00,7.7699,-1,-1,-1
752,12,1819.00,766.00,55.00,54.00,6.9890,-1,-1,-1
753,8,1657.00,954.00,56.00,67.00,7.7636,-1,-1,-1
753,12,1812.00,768.00,54.00,49.00,7.0705,-1,-1,-1
754,8,1651.00,953.00,56.00,68.00,7.7134,-1,-1,-1
754,12,1806.00,767.00,52.00,50.00,7.0661,-1,-1,-1
755,8,1646.00,953.00,57.00,67.00,7.7242,-1,-1,-1
755,12,1799.00,762.00,56.00,57.00,7.1076,-1,-1,-1
756,8,1640.00,952.00,60.00,70.00,7.7747,-1,-1,-1
756,12,1795.00,767.00,49.00,50.00,7.0572,-1,-1,-1
757,8,1635.00,953.00,59.00,70.00,7.8070,-1,-1,-1
757,12,1788.00,763.00,53.00,54.00,7.1685,-1,-1,-1
758,8,1631.00,955.00,56.00,68.00,7.8148,-1,-1,-1
758,12,1781.00,762.00,53.00,55.00,7.2089,-1,-1,-1
759,8,1627.00,954.00,54.00,68.00,7.8048,-1,-1,-1
759,12,1776.00,760.00,52.00,56.00,7.2437,-1,-1,-1
760,8,1620.00,956.00,57.00,68.00,7.8257,-1,-1,-1
760,12,1770.00,762.00,50.00,54.00,7.2637,-1,-1,-1
761,8,1615.00,955.00,58.00,69.00,7.8519,-1,-1,-1
761,12,1764.00,763.00,48.00,51.00,7.2816,-1,-1,-1
762,8,1610.00,959.00,53.00,63.00,7.8698,-1,-1,-1
762,12,1758.00,760.00,49.00,55.00,7.3241,-1,-1,-1
763,8,1606.00,959.00,52.00,63.00,7.8629,-1,-1,-1
763,12,1752.00,760.00,48.00,55.00,7.2918,-1,-1,-1
764,8,1601.00,956.00,53.00,67.00,7.8553,-1,-1,-1
764,12,1745.00,759.00,49.00,56.00,7.3096,-1,-1,-1
765,8,1593.00,958.00,59.00,66.00,7.8438,-1,-1,-1
765,12,1740.00,760.00,47.00,54.00,7.2851,-1,-1,-1
766,8,1589.00,958.00,60.00,66.00,7.8528,-1,-1,-1
766,12,1734.00,759.00,47.00,56.00,7.3333,-1,-1,-1
767,8,1586.00,960.00,56.00,63.00,7.8742,-1,-1,-1
767,12,1728.00,758.00,46.00,58.00,7.2801,-1,-1,-1
768,8,1581.00,960.00,54.00,64.00,7.8785,-1,-1,-1
768,12,1722.00,759.00,45.00,57.00,7.3157,-1,-1,-1
769,8,1576.00,958.00,54.00,68.00,7.8389,-1,-1,-1
769,12,1716.00,758.00,45.00,58.00,7.2579,-1,-1,-1
770,8,1569.00,960.00,58.00,66.00,7.8323,-1,-1,-1
770,12,1711.00,758.00,44.00,58.00,7.3084,-1,-1,-1
771,8,1565.00,961.00,58.00,65.00,7.8276,-1,-1,-1
771,12,1704.00,758.00,45.00,57.00,7.2657,-1,-1,-1
772,8,1561.00,962.00,55.00,64.00,7.8801,-1,-1,-1
772,12,1698.00,758.00,44.00,58.00,7.2910,-1,-1,-1
773,8,1556.00,963.00,54.00,64.00,7.8952,-1,-1,-1
773,12,1691.00,757.00,46.00,61.00,7.2725,-1,-1,-1
774,8,1551.00,964.00,56.00,63.00,7.8795,-1,-1,-1
774,12,1685.00,759.00,45.00,59.00,7.3057,-1,-1,-1
775,8,1546.00,964.00,55.00,66.00,7.8768,-1,-1,-1
775,12,1680.00,757.00,44.00,61.00,7.2687,-1,-1,-1
776,8,1540.00,964.00,58.00,67.00,7.8662,-1,-1,-1
776,12,1673.00,759.00,44.00,59.00,7.2926,-1,-1,-1
777,8,1537.00,965.00,55.00,65.00,7.9048,-1,-1,-1
777,12,1667.00,758.00,44.00,61.00,7.3092,-1,-1,-1
778,8,1532.00,967.00,56.00,65.00,7.9298,-1,-1,-1
778,12,1662.00,760.00,44.00,59.00,7.3237,-1,-1,-1
779,8,1529.00,971.00,51.00,62.00,7.9025,-1,-1,-1
779,12,1657.00,760.00,44.00,59.00,7.2449,-1,-1,-1
780,8,1523.00,971.00,54.00,63.00,7.9040,-1,-1,-1
780,12,1650.00,761.00,45.00,59.00,7.2570,-1,-1,-1
781,8,1519.00,971.00,56.00,64.00,7.8893,-1,-1,-1
781,12,1647.00,764.00,44.00,55.00,7.2503,-1,-1,-1
782,8,1519.00,970.00,53.00,68.00,7.8741,-1,-1,-1
782,12,1644.00,761.00,43.00,60.00,7.2207,-1,-1,-1
783,8,1519.00,971.00,53.00,68.00,7.8507,-1,-1,-1
783,12,1641.00,760.00,46.00,62.00,7.2522,-1,-1,-1
784,8,1519.00,971.00,52.00,68.00,7.8302,-1,-1,-1
784,12,1641.00,760.00,45.00,63.00,7.2534,-1,-1,-1
785,8,1519.00,974.00,53.00,64.00,7.8099,-1,-1,-1
785,12,1641.00,761.00,45.00,62.00,7.2476,-1,-1,-1
786,8,1519.00,974.00,56.00,63.00,7.8209,-1,-1,-1
786,12,1641.00,761.00,45.00,62.00,7.2398,-1,-1,-1
787,8,1523.00,974.00,54.00,65.00,7.8322,-1,-1,-1
787,12,1644.00,764.00,42.00,56.00,7.1936,-1,-1,-1
788,8,1527.00,975.00,53.00,64.00,7.7870,-1,-1,-1
788,12,1646.00,764.00,43.00,57.00,7.1608,-1,-1,-1
789,8,1532.00,973.00,52.00,70.00,7.6784,-1,-1,-1
789,12,1650.00,766.00,39.00,57.00,7.1097,-1,-1,-1
790,8,1536.00,974.00,51.00,66.00,7.4978,-1,-1,-1
790,12,1652.00,764.00,43.00,59.00,7.0825,-1,-1,-1
791,8,1540.00,972.00,50.00,69.00,7.4653,-1,-1,-1
791,12,1658.00,766.00,38.00,57.00,7.0730,-1,-1,-1
792,8,1543.00,974.00,54.00,67.00,7.5130,-1,-1,-1
792,12,1662.00,769.00,38.00,54.00,7.0655,-1,-1,-1
793,8,1550.00,975.00,51.00,67.00,7.5153,-1,-1,-1
793,12,1664.00,764.00,45.00,58.00,7.0198,-1,-1,-1
794,8,1554.00,975.00,52.00,68.00,7.4564,-1,-1,-1
794,12,1671.00,767.00,37.00,58.00,6.9920,-1,-1,-1
795,8,1562.00,978.00,47.00,64.00,7.3608,-1,-1,-1
795,12,1674.00,768.00,38.00,56.00,6.9547,-1,-1,-1
796,8,1565.00,977.00,48.00,67.00,7.3616,-1,-1,-1
796,12,1678.00,767.00,40.00,60.00,6.9373,-1,-1,-1
797,8,1569.00,977.00,53.00,70.00,7.4179,-1,-1,-1
797,12,1684.00,770.00,36.00,56.00,6.9344,-1,-1,-1
798,8,1574.00,975.00,52.00,70.00,7.4599,-1,-1,-1
798,12,1688.00,771.00,36.00,54.00,6.9053,-1,-1,-1
799,8,1579.00,977.00,49.00,71.00,7.4867,-1,-1,-1
799,12,1692.00,768.00,38.00,60.00,6.9316,-1,-1,-1
800,8,1585.00,978.00,51.00,71.00,7.5347,-1,-1,-1
800,12,1696.00,770.00,38.00,59.00,6.8348,-1,-1,-1
801,8,1589.00,984.00,48.00,64.00,7.5549,-1,-1,-1
801,12,1698.00,771.00,40.00,58.00,6.7613,-1,-1,-1
802,8,1593.00,981.00,52.00,70.00,7.5736,-1,-1,-1
802,12,1705.00,772.00,37.00,57.00,6.8144,-1,-1,-1
803,8,1598.00,982.00,52.00,71.00,7.5884,-1,-1,-1
803,12,1707.00,774.00,37.00,56.00,6.8351,-1,-1,-1
804,8,1603.00,982.00,50.00,71.00,7.6033,-1,-1,-1
804,12,1711.00,775.00,38.00,56.00,6.7623,-1,-1,-1
805,8,1605.00,984.00,53.00,70.00,7.6651,-1,-1,-1
805,12,1714.00,775.00,39.00,56.00,6.7927,-1,-1,-1
806,8,1607.00,984.00,56.00,71.00,7.7364,-1,-1,-1
806,12,1716.00,774.00,39.00,59.00,6.7898,-1,-1,-1
807,8,1610.00,985.00,55.00,73.00,7.7911,-1,-1,-1
807,12,1717.00,775.00,39.00,59.00,6.7822,-1,-1,-1
808,8,1612.00,987.00,54.00,74.00,7.8297,-1,-1,-1
808,12,1719.00,777.00,37.00,58.00,6.8053,-1,-1,-1
809,8,1613.00,990.00,54.00,73.00,7.8542,-1,-1,-1
809,12,1722.00,779.00,35.00,59.00,6.7659,-1,-1,-1
810,8,1616.00,992.00,52.00,71.00,7.8547,-1,-1,-1
810,12,1723.00,780.00,36.00,58.00,6.8636,-1,-1,-1
811,8,1618.00,993.00,54.00,70.00,7.8602,-1,-1,-1
811,12,1726.00,781.00,35.00,59.00,6.8993,-1,-1,-1
812,8,1621.00,995.00,53.00,69.00,7.8571,-1,-1,-1
812,12,1727.00,781.00,37.00,61.00,6.9366,-1,-1,-1
813,8,1624.00,997.00,53.00,69.00,7.8183,-1,-1,-1
813,12,1729.00,783.00,36.00,60.00,6.9875,-1,-1,-1
814,8,1626.00,998.00,52.00,71.00,7.8122,-1,-1,-1
814,12,1731.00,783.00,36.00,60.00,7.0391,-1,-1,-1
815,8,1629.00,1000.00,51.00,73.00,7.7763,-1,-1,-1
815,12,1732.00,785.00,37.00,61.00,7.0347,-1,-1,-1
816,8,1631.00,1005.00,49.00,66.00,7.7652,-1,-1,-1
816,12,1734.00,788.00,35.00,57.00,6.9079,-1,-1,-1
817,8,1632.00,1008.00,49.00,66.00,7.7677,-1,-1,-1
817,12,1737.00,790.00,33.00,59.00,6.8212,-1,-1,-1
818,8,1633.00,1009.00,52.00,66.00,7.8048,-1,-1,-1
818,12,1737.00,792.00,35.00,58.00,6.8651,-1,-1,-1
819,8,1635.00,1009.00,55.00,68.00,7.8446,-1,-1,-1
819,12,1737.00,793.00,36.00,61.00,6.9371,-1,-1,-1
820,8,1637.00,1009.00,55.00,70.00,7.8308,-1,-1,-1
820,12,1739.00,795.00,35.00,59.00,6.9819,-1,-1,-1
821,8,1638.00,1011.00,56.00,69.00,7.7997,-1,-1,-1
821,12,1740.00,796.00,36.00,60.00,7.0107,-1,-1,-1
822,8,1639.00,1014.00,57.00,68.00,7.7934,-1,-1,-1
822,12,1739.00,798.00,38.00,60.00,7.0612,-1,-1,-1
823,8,1641.00,1016.00,55.00,68.00,7.7781,-1,-1,-1
823,12,1741.00,798.00,37.00,61.00,7.0343,-1,-1,-1
824,8,1642.00,1019.00,56.00,66.00,7.7873,-1,-1,-1
824,12,1742.00,799.00,37.00,61.00,6.9434,-1,-1,-1
825,8,1645.00,1021.00,55.00,65.00,7.7773,-1,-1,-1
825,12,1745.00,798.00,35.00,62.00,6.8071,-1,-1,-1
826,8,1648.00,1021.00,54.00,70.00,7.7263,-1,-1,-1
826,12,1746.00,801.00,34.00,61.00,6.7786,-1,-1,-1
827,8,1649.00,1024.00,54.00,67.00,7.6508,-1,-1,-1
827,12,1746.00,801.00,37.00,63.00,6.7320,-1,-1,-1
828,8,1652.00,1026.00,50.00,68.00,7.6120,-1,-1,-1
828,12,1748.00,804.00,36.00,61.00,6.7647,-1,-1,-1
829,8,1654.00,1030.00,49.00,66.00,7.5713,-1,-1,-1
829,12,1748.00,806.00,37.00,60.00,6.7910,-1,-1,-1
830,8,1654.00,1032.00,50.00,64.00,7.5541,-1,-1,-1
830,12,1750.00,808.00,36.00,60.00,6.8013,-1,-1,-1
831,8,1656.00,1034.00,51.00,64.00,7.6055,-1,-1,-1
831,12,1751.00,811.00,38.00,60.00,6.7083,-1,-1,-1
832,8,1658.00,1035.00,51.00,63.00,7.6581,-1,-1,-1
832,12,1750.00,812.00,39.00,59.00,6.6460,-1,-1,-1
833,8,1660.00,1035.00,55.00,66.00,7.6866,-1,-1,-1
833,12,1753.00,813.00,36.00,59.00,6.5948,-1,-1,-1
834,8,1662.00,1037.00,52.00,67.00,7.6846,-1,-1,-1
834,12,1753.00,816.00,36.00,59.00,6.6313,-1,-1,-1
835,8,1663.00,1039.00,53.00,68.00,7.6684,-1,-1,-1
835,12,1755.00,817.00,35.00,60.00,6.6693,-1,-1,-1
836,8,1662.00,1044.00,55.00,63.00,7.6530,-1,-1,-1
836,12,1756.00,819.00,33.00,59.00,6.6825,-1,-1,-1
837,8,1665.00,1044.00,55.00,66.00,7.6723,-1,-1,-1
837,12,1756.00,819.00,35.00,60.00,6.6914,-1,-1,-1
838,8,1667.00,1046.00,54.00,65.00,7.6760,-1,-1,-1
838,12,1757.00,819.00,35.00,61.00,6.6449,-1,-1,-1
839,8,1670.00,1046.00,52.00,68.00,7.6590,-1,-1,-1
839,12,1758.00,822.00,37.00,58.00,6.5332,-1,-1,-1
840,8,1672.00,1047.00,53.00,68.00,7.6265,-1,-1,-1
840,12,1761.00,825.00,33.00,59.00,6.4945,-1,-1,-1
841,8,1674.00,1051.00,50.00,67.00,7.6183,-1,-1,-1
841,12,1762.00,827.00,33.00,60.00,6.5908,-1,-1,-1
842,8,1675.00,1054.00,50.00,68.00,7.6041,-1,-1,-1
842,12,1762.00,828.00,35.00,62.00,6.6967,-1,-1,-1
843,8,1677.00,1056.00,50.00,66.00,7.5997,-1,-1,-1
843,12,1761.00,829.00,37.00,63.00,6.7926,-1,-1,-1
844,8,1679.00,1058.00,51.00,67.00,7.6454,-1,-1,-1
844,12,1763.00,831.00,35.00,61.00,6.8698,-1,-1,-1
845,8,1680.00,1059.00,51.00,67.00,7.6947,-1,-1,-1
845,12,1763.00,834.00,36.00,60.00,6.8806,-1,-1,-1
846,8,1681.00,1062.00,51.00,70.00,7.7325,-1,-1,-1
846,12,1763.00,835.00,37.00,61.00,6.8581,-1,-1,-1
847,8,1682.00,1063.00,51.00,70.00,7.7629,-1,-1,-1
847,12,1764.00,837.00,35.00,61.00,6.8809,-1,-1,-1
848,8,1683.00,1065.00,52.00,71.00,7.7546,-1,-1,-1
848,12,1764.00,838.00,37.00,62.00,6.9337,-1,-1,-1
849,8,1685.00,1067.00,50.00,69.00,7.7299,-1,-1,-1
849,12,1764.00,839.00,37.00,63.00,7.0042,-1,-1,-1
850,8,1685.00,1069.00,53.00,71.00,7.7230,-1,-1,-1
850,12,1765.00,843.00,37.00,61.00,7.0786,-1,-1,-1
851,8,1687.00,1072.00,54.00,71.00,7.7431,-1,-1,-1
851,12,1765.00,845.00,37.00,61.00,7.0729,-1,-1,-1
852,8,1688.00,1073.00,55.00,73.00,7.7713,-1,-1,-1
852,12,1766.00,847.00,36.00,60.00,7.0366,-1,-1,-1
853,8,1688.00,1075.00,57.00,71.00,7.7508,-1,-1,-1
853,12,1766.00,849.00,35.00,59.00,6.9993,-1,-1,-1
854,8,1691.00,1077.00,55.00,72.00,7.7021,-1,-1,-1
854,12,1768.00,851.00,33.00,59.00,6.9863,-1,-1,-1
855,8,1692.00,1080.00,56.00,70.00,7.6504,-1,-1,-1
855,12,1769.00,853.00,33.00,59.00,7.0063,-1,-1,-1
856,8,1693.00,1082.00,55.00,73.00,7.6496,-1,-1,-1
856,12,1768.00,854.00,35.00,60.00,7.0296,-1,-1,-1
857,8,1693.00,1086.00,55.00,72.00,7.6912,-1,-1,-1
857,12,1768.00,856.00,36.00,60.00,7.0099,-1,-1,-1
858,8,1694.00,1088.00,56.00,73.00,7.7057,-1,-1,-1
858,12,1766.00,859.00,39.00,60.00,6.9543,-1,-1,-1
859,8,1696.00,1090.00,53.00,73.00,7.7107,-1,-1,-1
859,12,1768.00,860.00,35.00,61.00,6.9246,-1,-1,-1
860,8,1696.00,1091.00,54.00,74.00,7.7202,-1,-1,-1
860,12,1766.00,862.00,36.00,60.00,6.9729,-1,-1,-1
861,8,1696.00,1094.00,53.00,75.00,7.7746,-1,-1,-1
861,12,1766.00,865.00,35.00,62.00,7.0607,-1,-1,-1
862,8,1696.00,1097.00,53.00,74.00,7.7840,-1,-1,-1
862,12,1764.00,867.00,37.00,62.00,7.1025,-1,-1,-1
863,8,1696.00,1101.00,52.00,71.00,7.7374,-1,-1,-1
863,12,1764.00,870.00,36.00,61.00,7.1396,-1,-1,-1
864,8,1696.00,1102.00,53.00,74.00,7.7090,-1,-1,-1
864,12,1764.00,871.00,34.00,61.00,7.1342,-1,-1,-1
865,8,1696.00,1105.00,52.00,75.00,7.7072,-1,-1,-1
865,12,1763.00,874.00,35.00,61.00,7.1972,-1,-1,-1
866,8,1696.00,1110.00,53.00,74.00,7.7306,-1,-1,-1
866,12,1762.00,876.00,36.00,61.00,7.2633,-1,-1,-1
867,8,1696.00,1113.00,51.00,74.00,7.7263,-1,-1,-1
867,12,1761.00,879.00,36.00,61.00,7.2974,-1,-1,-1
868,8,1695.00,1113.00,54.00,77.00,7.7214,-1,-1,-1
868,12,1760.00,881.00,37.00,61.00,7.2897,-1,-1,-1
869,8,1696.00,1116.00,51.00,76.00,7.7436,-1,-1,-1
869,12,1759.00,883.00,36.00,58.00,7.1847,-1,-1,-1
870,8,1697.00,1120.00,51.00,75.00,7.7427,-1,-1,-1
870,12,1758.00,886.00,36.00,60.00,7.1990,-1,-1,-1
871,8,1696.00,1121.00,51.00,76.00,7.7367,-1,-1,-1
871,12,1756.00,890.00,37.00,61.00,7.2022,-1,-1,-1
872,8,1695.00,1126.00,53.00,75.00,7.6611,-1,-1,-1
872,12,1754.00,891.00,38.00,60.00,7.2143,-1,-1,-1
873,8,1696.00,1129.00,51.00,76.00,7.6723,-1,-1,-1
873,12,1754.00,894.00,39.00,59.00,7.1710,-1,-1,-1
874,8,1696.00,1134.00,51.00,73.00,7.6867,-1,-1,-1
874,12,1753.00,895.00,39.00,61.00,7.1388,-1,-1,-1
875,8,1696.00,1136.00,51.00,75.00,7.6918,-1,-1,-1
875,12,1752.00,898.00,38.00,60.00,7.1583,-1,-1,-1
876,8,1696.00,1138.00,50.00,76.00,7.6735,-1,-1,-1
876,12,1751.00,899.00,38.00,61.00,7.1981,-1,-1,-1
877,8,1697.00,1139.00,50.00,79.00,7.6818,-1,-1,-1
877,12,1750.00,902.00,38.00,60.00,7.1929,-1,-1,-1
878,8,1697.00,1143.00,50.00,78.00,7.6908,-1,-1,-1
878,12,1749.00,904.00,39.00,59.00,7.2235,-1,-1,-1
879,8,1697.00,1146.00,49.00,79.00,7.6492,-1,-1,-1
879,12,1748.00,907.00,40.00,59.00,7.1852,-1,-1,-1
880,8,1697.00,1151.00,49.00,76.00,7.6020,-1,-1,-1
880,12,1748.00,909.00,40.00,61.00,7.1997,-1,-1,-1
881,8,1698.00,1153.00,48.00,77.00,7.5949,-1,-1,-1
881,12,1747.00,911.00,40.00,63.00,7.2114,-1,-1,-1
882,8,1696.00,1155.00,51.00,78.00,7.6085,-1,-1,-1
882,12,1746.00,914.00,40.00,63.00,7.2088,-1,-1,-1
883,8,1696.00,1159.00,51.00,79.00,7.5917,-1,-1,-1
883,12,1747.00,917.00,39.00,61.00,7.1213,-1,-1,-1
884,8,1697.00,1164.00,50.00,74.00,7.6107,-1,-1,-1
884,12,1746.00,920.00,39.00,61.00,7.0750,-1,-1,-1
885,8,1697.00,1167.00,50.00,74.00,7.6478,-1,-1,-1
885,12,1745.00,922.00,40.00,63.00,7.0985,-1,-1,-1
886,8,1696.00,1169.00,52.00,75.00,7.6579,-1,-1,-1
886,12,1745.00,924.00,39.00,64.00,7.0947,-1,-1,-1
887,8,1697.00,1176.00,49.00,69.00,7.5645,-1,-1,-1
887,12,1744.00,926.00,39.00,63.00,7.0560,-1,-1,-1
888,8,1697.00,1179.00,49.00,68.00,7.5154,-1,-1,-1
888,12,1741.00,931.00,42.00,59.00,7.0451,-1,-1,-1
889,8,1696.00,1180.00,52.00,70.00,7.5402,-1,-1,-1
889,12,1742.00,933.00,42.00,60.00,7.0251,-1,-1,-1
890,8,1697.00,1183.00,52.00,71.00,7.5913,-1,-1,-1
890,12,1743.00,934.00,40.00,63.00,7.0375,-1,-1,-1
891,8,1698.00,1187.00,52.00,70.00,7.5924,-1,-1,-1
891,12,1742.00,937.00,40.00,63.00,7.0532,-1,-1,-1
892,8,1699.00,1190.00,50.00,70.00,7.5662,-1,-1,-1
892,12,1741.00,939.00,40.00,62.00,7.0065,-1,-1,-1
893,8,1699.00,1192.00,50.00,72.00,7.6137,-1,-1,-1
893,12,1741.00,941.00,41.00,63.00,6.9908,-1,-1,-1
894,8,1700.00,1193.00,50.00,74.00,7.6341,-1,-1,-1
894,12,1739.00,944.00,42.00,63.00,7.0752,-1,-1,-1
895,8,1702.00,1199.00,48.00,69.00,7.6133,-1,-1,-1
895,12,1739.00,948.00,40.00,61.00,7.1256,-1,-1,-1
896,8,1701.00,1202.00,53.00,71.00,7.6511,-1,-1,-1
896,12,1738.00,951.00,42.00,60.00,7.1247,-1,-1,-1
897,8,1700.00,1205.00,55.00,71.00,7.6794,-1,-1,-1
897,12,1736.00,954.00,45.00,63.00,7.1484,-1,-1,-1
898,8,1701.00,1208.00,54.00,70.00,7.6830,-1,-1,-1
898,12,1736.00,956.00,46.00,63.00,7.1766,-1,-1,-1
899,8,1701.00,1209.00,55.00,73.00,7.6475,-1,-1,-1
899,12,1737.00,958.00,44.00,63.00,7.2064,-1,-1,-1
900,8,1702.00,1213.00,54.00,73.00,7.5053,-1,-1,-1
900,12,1736.00,959.00,45.00,65.00,7.2391,-1,-1,-1
901,8,1703.00,1215.00,53.00,74.00,7.5085,-1,-1,-1
901,12,1737.00,962.00,42.00,64.00,7.2123,-1,-1,-1
902,8,1703.00,1219.00,55.00,73.00,7.5759,-1,-1,-1
902,12,1738.00,968.00,39.00,61.00,7.2307,-1,-1,-1
903,8,1704.00,1221.00,55.00,74.00,7.6476,-1,-1,-1
903,12,1737.00,971.00,40.00,62.00,7.2789,-1,-1,-1
904,8,1704.00,1222.00,55.00,77.00,7.6858,-1,-1,-1
904,12,1737.00,973.00,39.00,62.00,7.3028,-1,-1,-1
905,8,1705.00,1225.00,55.00,77.00,7.7049,-1,-1,-1
905,12,1736.00,976.00,40.00,62.00,7.2609,-1,-1,-1
906,8,1705.00,1229.00,55.00,76.00,7.6818,-1,-1,-1
906,12,1735.00,980.00,42.00,61.00,7.2271,-1,-1,-1
907,8,1706.00,1233.00,54.00,76.00,7.6454,-1,-1,-1
907,12,1733.00,982.00,44.00,63.00,7.2262,-1,-1,-1
908,8,1707.00,1236.00,54.00,77.00,7.6471,-1,-1,-1
908,12,1733.00,985.00,42.00,63.00,7.2644,-1,-1,-1
909,8,1707.00,1240.00,55.00,74.00,7.6328,-1,-1,-1
909,12,1732.00,989.00,42.00,61.00,7.2769,-1,-1,-1
910,8,1708.00,1243.00,54.00,77.00,7.6212,-1,-1,-1
910,12,1731.00,992.00,43.00,61.00,7.2831,-1,-1,-1
911,8,1707.00,1247.00,55.00,76.00,7.6064,-1,-1,-1
911,12,1732.00,996.00,40.00,62.00,7.2687,-1,-1,-1
912,8,1705.00,1249.00,57.00,79.00,7.5712,-1,-1,-1
912,12,1726.00,999.00,45.00,61.00,7.2088,-1,-1,-1
913,8,1704.00,1255.00,60.00,76.00,7.4955,-1,-1,-1
913,12,1725.00,1002.00,43.00,60.00,7.1964,-1,-1,-1
914,8,1705.00,1259.00,58.00,76.00,7.4967,-1,-1,-1
914,12,1723.00,1005.00,43.00,62.00,7.2129,-1,-1,-1
915,8,1706.00,1264.00,54.00,74.00,7.4996,-1,-1,-1
915,12,1722.00,1008.00,44.00,61.00,7.2254,-1,-1,-1
916,8,1706.00,1265.00,52.00,75.00,7.5412,-1,-1,-1
916,12,1722.00,1012.00,40.00,59.00,7.2132,-1,-1,-1
917,8,1705.00,1269.00,52.00,76.00,7.5820,-1,-1,-1
917,12,1718.00,1015.00,45.00,60.00,7.1614,-1,-1,-1
918,8,1703.00,1273.00,54.00,75.00,7.6231,-1,-1,-1
918,12,1719.00,1020.00,42.00,60.00,7.1681,-1,-1,-1
919,8,1702.00,1276.00,54.00,78.00,7.5848,-1,-1,-1
919,12,1715.00,1024.00,45.00,59.00,7.2044,-1,-1,-1
920,8,1702.00,1280.00,51.00,76.00,7.4718,-1,-1,-1
920,12,1714.00,1026.00,43.00,59.00,7.2000,-1,-1,-1
921,8,1704.00,1287.00,49.00,73.00,7.3853,-1,-1,-1
921,12,1712.00,1028.00,44.00,59.00,7.2207,-1,-1,-1
922,8,1703.00,1289.00,50.00,77.00,7.4274,-1,-1,-1
922,12,1713.00,1032.00,40.00,59.00,7.2784,-1,-1,-1
923,8,1701.00,1292.00,52.00,81.00,7.4290,-1,-1,-1
923,12,1709.00,1035.00,43.00,59.00,7.3224,-1,-1,-1
924,8,1701.00,1300.00,49.00,74.00,7.4517,-1,-1,-1
924,12,1708.00,1039.00,41.00,58.00,7.3277,-1,-1,-1
925,8,1697.00,1301.00,54.00,76.00,7.4404,-1,-1,-1
925,12,1702.00,1041.00,46.00,61.00,7.3390,-1,-1,-1
926,8,1694.00,1305.00,52.00,76.00,7.4243,-1,-1,-1
926,12,1698.00,1045.00,45.00,60.00,7.3481,-1,-1,-1
927,8,1692.00,1309.00,50.00,77.00,7.3932,-1,-1,-1
927,12,1691.00,1050.00,49.00,60.00,7.3903,-1,-1,-1
928,8,1688.00,1312.00,54.00,77.00,7.4084,-1,-1,-1
928,12,1687.00,1053.00,47.00,58.00,7.3933,-1,-1,-1
929,8,1687.00,1318.00,50.00,75.00,7.3803,-1,-1,-1
929,12,1681.00,1054.00,49.00,62.00,7.3715,-1,-1,-1
930,8,1682.00,1319.00,52.00,80.00,7.3867,-1,-1,-1
930,12,1680.00,1059.00,44.00,60.00,7.3706,-1,-1,-1
931,12,1676.00,1062.00,45.00,62.00,7.4084,-1,-1,-1
931,8,1680.00,1326.00,51.00,78.00,7.3541,-1,-1,-1
932,12,1674.00,1067.00,41.00,60.00,7.3916,-1,-1,-1
932,8,1675.00,1329.00,54.00,77.00,7.2577,-1,-1,-1
933,12,1666.00,1071.00,46.00,60.00,7.3943,-1,-1,-1
933,8,1676.00,1336.00,49.00,76.00,7.2463,-1,-1,-1
934,12,1663.00,1075.00,43.00,57.00,7.3833,-1,-1,-1
934,8,1671.00,1338.00,52.00,81.00,7.2216,-1,-1,-1
935,12,1658.00,1078.00,45.00,59.00,7.3546,-1,-1,-1
935,8,1667.00,1346.00,52.00,76.00,7.1748,-1,-1,-1
936,12,1654.00,1082.00,46.00,59.00,7.4069,-1,-1,-1
936,8,1664.00,1347.00,53.00,78.00,7.1638,-1,-1,-1
937,12,1649.00,1085.00,48.00,61.00,7.3775,-1,-1,-1
937,8,1662.00,1350.00,54.00,78.00,7.1679,-1,-1,-1
938,12,1645.00,1089.00,47.00,58.00,7.3289,-1,-1,-1
938,8,1660.00,1357.00,51.00,78.00,7.1939,-1,-1,-1
939,12,1641.00,1093.00,45.00,59.00,7.3566,-1,-1,-1
939,8,1658.00,1363.00,50.00,77.00,7.2846,-1,-1,-1
940,8,1654.00,1369.00,51.00,77.00,7.3250,-1,-1,-1
940,12,1636.00,1097.00,46.00,58.00,7.3112,-1,-1,-1
941,8,1653.00,1374.00,49.00,75.00,7.3520,-1,-1,-1
941,12,1632.00,1100.00,47.00,59.00,7.2818,-1,-1,-1
942,12,1626.00,1104.00,48.00,62.00,7.3412,-1,-1,-1
942,8,1648.00,1377.00,50.00,75.00,7.3181,-1,-1,-1
943,8,1644.00,1379.00,54.00,78.00,7.3402,-1,-1,-1
943,12,1623.00,1107.00,47.00,61.00,7.3331,-1,-1,-1
944,8,1641.00,1384.00,54.00,78.00,7.3604,-1,-1,-1
944,12,1619.00,1110.00,48.00,61.00,7.3035,-1,-1,-1
945,12,1616.00,1116.00,45.00,60.00,7.3894,-1,-1,-1
945,8,1640.00,1390.00,51.00,75.00,7.3356,-1,-1,-1
946,12,1612.00,1118.00,45.00,61.00,7.3668,-1,-1,-1
946,8,1637.00,1391.00,51.00,80.00,7.3585,-1,-1,-1
947,8,1633.00,1395.00,54.00,80.00,7.3833,-1,-1,-1
947,12,1607.00,1123.00,47.00,61.00,7.3587,-1,-1,-1
948,12,1602.00,1126.00,48.00,61.00,7.4231,-1,-1,-1
948,8,1631.00,1401.00,56.00,77.00,7.2912,-1,-1,-1
949,12,1598.00,1130.00,49.00,61.00,7.4312,-1,-1,-1
949,8,1629.00,1409.00,52.00,73.00,7.3085,-1,-1,-1
950,12,1594.00,1135.00,49.00,58.00,7.3968,-1,-1,-1
950,8,1627.00,1411.00,53.00,75.00,7.3592,-1,-1,-1
951,12,1590.00,1140.00,52.00,61.00,7.4082,-1,-1,-1
951,8,1628.00,1421.00,47.00,72.00,7.3506,-1,-1,-1
952,12,1585.00,1144.00,51.00,59.00,7.3730,-1,-1,-1
952,8,1623.00,1421.00,51.00,73.00,7.3456,-1,-1,-1
953,8,1618.00,1424.00,57.00,77.00,7.4004,-1,-1,-1
953,12,1579.00,1148.00,55.00,60.00,7.3761,-1,-1,-1
954,8,1615.00,1426.00,56.00,78.00,7.4269,-1,-1,-1
954,12,1577.00,1153.00,52.00,60.00,7.4152,-1,-1,-1
955,8,1613.00,1434.00,55.00,73.00,7.4382,-1,-1,-1
955,12,1573.00,1156.00,50.00,60.00,7.4216,-1,-1,-1
956,8,1613.00,1438.00,51.00,78.00,7.4177,-1,-1,-1
956,12,1570.00,1161.00,53.00,59.00,7.3810,-1,-1,-1
957,8,1607.00,1441.00,57.00,79.00,7.4422,-1,-1,-1
957,12,1568.00,1165.00,46.00,62.00,7.4225,-1,-1,-1
958,12,1561.00,1168.00,52.00,60.00,7.4109,-1,-1,-1
958,8,1605.00,1445.00,60.00,80.00,7.3434,-1,-1,-1
959,12,1557.00,1168.00,53.00,65.00,7.3425,-1,-1,-1
959,8,1604.00,1447.00,57.00,77.00,7.2185,-1,-1,-1
960,12,1554.00,1170.00,52.00,64.00,7.4134,-1,-1,-1
960,8,1602.00,1448.00,57.00,75.00,7.1455,-1,-1,-1
961,12,1551.00,1168.00,52.00,63.00,7.4437,-1,-1,-1
961,8,1600.00,1446.00,58.00,77.00,7.1336,-1,-1,-1
962,12,1546.00,1166.00,53.00,63.00,7.4793,-1,-1,-1
962,8,1600.00,1445.00,55.00,75.00,7.2039,-1,-1,-1
963,12,1541.00,1158.00,54.00,65.00,7.5142,-1,-1,-1
963,8,1599.00,1443.00,55.00,73.00,7.2329,-1,-1,-1
964,12,1537.00,1154.00,53.00,65.00,7.5883,-1,-1,-1
964,8,1594.00,1433.00,61.00,77.00,7.2739,-1,-1,-1
965,12,1535.00,1148.00,53.00,64.00,7.5472,-1,-1,-1
965,8,1592.00,1426.00,60.00,78.00,7.3466,-1,-1,-1
966,12,1532.00,1140.00,52.00,63.00,7.5322,-1,-1,-1
966,8,1591.00,1418.00,58.00,76.00,7.3069,-1,-1,-1
967,12,1530.00,1133.00,53.00,61.00,7.5559,-1,-1,-1
967,8,1587.00,1407.00,64.00,80.00,7.3213,-1,-1,-1
968,12,1526.00,1124.00,54.00,64.00,7.5864,-1,-1,-1
968,8,1588.00,1403.00,62.00,77.00,7.3805,-1,-1,-1
969,12,1523.00,1118.00,55.00,59.00,7.6117,-1,-1,-1
969,8,1586.00,1393.00,59.00,80.00,7.3600,-1,-1,-1
970,12,1520.00,1108.00,54.00,61.00,7.5165,-1,-1,-1
970,8,1585.00,1383.00,58.00,80.00,7.3873,-1,-1,-1
971,12,1519.00,1100.00,52.00,59.00,7.5415,-1,-1,-1
971,8,1584.00,1373.00,60.00,82.00,7.3399,-1,-1,-1
972,12,1516.00,1091.00,52.00,63.00,7.5356,-1,-1,-1
972,8,1584.00,1363.00,56.00,84.00,7.3471,-1,-1,-1
973,12,1513.00,1080.00,52.00,66.00,7.5912,-1,-1,-1
973,8,1583.00,1355.00,59.00,82.00,7.3360,-1,-1,-1
974,12,1512.00,1070.00,50.00,65.00,7.5448,-1,-1,-1
974,8,1581.00,1349.00,58.00,80.00,7.2569,-1,-1,-1
975,12,1509.00,1061.00,52.00,65.00,7.5934,-1,-1,-1
975,8,1579.00,1335.00,60.00,85.00,7.3028,-1,-1,-1
976,12,1508.00,1053.00,51.00,61.00,7.6195,-1,-1,-1
976,8,1577.00,1324.00,58.00,85.00,7.2233,-1,-1,-1
977,12,1506.00,1044.00,50.00,62.00,7.5946,-1,-1,-1
977,8,1577.00,1313.00,61.00,90.00,7.2403,-1,-1,-1
978,12,1503.00,1037.00,50.00,61.00,7.5681,-1,-1,-1
978,8,1577.00,1309.00,60.00,86.00,7.3029,-1,-1,-1
979,12,1500.00,1028.00,52.00,63.00,7.6031,-1,-1,-1
979,8,1577.00,1305.00,57.00,82.00,7.2851,-1,-1,-1
980,12,1499.00,1024.00,51.00,63.00,7.6024,-1,-1,-1
980,8,1574.00,1297.00,58.00,83.00,7.2768,-1,-1,-1
981,12,1496.00,1019.00,50.00,62.00,7.5482,-1,-1,-1
981,8,1576.00,1294.00,55.00,84.00,7.2384,-1,-1,-1
982,12,1492.00,1014.00,50.00,64.00,7.5997,-1,-1,-1
982,8,1572.00,1288.00,60.00,90.00,7.1996,-1,-1,-1
983,12,1488.00,1011.00,54.00,66.00,7.6620,-1,-1,-1
983,8,1572.00,1288.00,61.00,88.00,7.1783,-1,-1,-1
984,12,1485.00,1008.00,56.00,67.00,7.7056,-1,-1,-1
984,8,1572.00,1286.00,58.00,91.00,7.2231,-1,-1,-1
985,12,1486.00,1011.00,51.00,65.00,7.7290,-1,-1,-1
985,8,1572.00,1288.00,57.00,87.00,7.2005,-1,-1,-1
986,12,1481.00,1013.00,56.00,62.00,7.7008,-1,-1,-1
986,8,1568.00,1287.00,61.00,89.00,7.1753,-1,-1,-1
987,12,1477.00,1012.00,56.00,66.00,7.6712,-1,-1,-1
987,8,1567.00,1289.00,61.00,89.00,7.1429,-1,-1,-1
988,12,1474.00,1015.00,58.00,64.00,7.6320,-1,-1,-1
988,8,1565.00,1290.00,62.00,91.00,7.1132,-1,-1,-1
989,12,1473.00,1019.00,57.00,61.00,7.5990,-1,-1,-1
989,8,1565.00,1295.00,61.00,87.00,7.1250,-1,-1,-1
990,12,1469.00,1021.00,58.00,63.00,7.5934,-1,-1,-1
990,8,1566.00,1300.00,59.00,86.00,7.1451,-1,-1,-1
991,12,1467.00,1024.00,59.00,64.00,7.6234,-1,-1,-1
991,8,1564.00,1305.00,60.00,82.00,7.1971,-1,-1,-1
992,12,1462.00,1027.00,61.00,64.00,7.5843,-1,-1,-1
992,8,1563.00,1310.00,61.00,84.00,7.2180,-1,-1,-1
993,12,1458.00,1032.00,59.00,64.00,7.6316,-1,-1,-1
993,8,1561.00,1313.00,62.00,85.00,7.2296,-1,-1,-1
994,12,1453.00,1033.00,58.00,63.00,7.6282,-1,-1,-1
994,8,1559.00,1320.00,62.00,83.00,7.1712,-1,-1,-1
995,12,1453.00,1041.00,55.00,61.00,7.5945,-1,-1,-1
995,8,1559.00,1326.00,57.00,83.00,7.0876,-1,-1,-1
996,12,1444.00,1043.00,60.00,63.00,7.5759,-1,-1,-1
996,8,1552.00,1328.00,62.00,89.00,6.9902,-1,-1,-1
997,12,1440.00,1048.00,62.00,63.00,7.5787,-1,-1,-1
997,8,1553.00,1334.00,59.00,82.00,7.0375,-1,-1,-1
998,12,1435.00,1056.00,64.00,63.00,7.6362,-1,-1,-1
998,8,1548.00,1339.00,58.00,83.00,7.0401,-1,-1,-1
999,12,1430.00,1059.00,57.00,61.00,7.6534,-1,-1,-1
999,8,1545.00,1342.00,59.00,84.00,6.9997,-1,-1,-1
1000,12,1425.00,1064.00,60.00,62.00,7.6261,-1,-1,-1
1000,8,1543.00,1352.00,57.00,79.00,7.0815,-1,-1,-1
1001,12,1422.00,1072.00,60.00,58.00,7.6472,-1,-1,-1
1001,8,1540.00,1356.00,59.00,81.00,7.1458,-1,-1,-1
1002,12,1415.00,1075.00,59.00,59.00,7.6314,-1,-1,-1
1002,8,1542.00,1367.00,52.00,77.00,7.1416,-1,-1,-1
1003,12,1410.00,1079.00,63.00,64.00,7.6889,-1,-1,-1
1003,8,1532.00,1365.00,62.00,81.00,7.2081,-1,-1,-1
1004,12,1404.00,1082.00,62.00,63.00,7.6938,-1,-1,-1
1004,8,1529.00,1367.00,63.00,82.00,7.2242,-1,-1,-1
1005,12,1398.00,1085.00,65.00,65.00,7.6522,-1,-1,-1
1005,8,1530.00,1372.00,59.00,79.00,7.1805,-1,-1,-1
1006,12,1394.00,1085.00,60.00,67.00,7.6573,-1,-1,-1
1006,8,1524.00,1371.00,62.00,80.00,7.1557,-1,-1,-1
1007,12,1389.00,1088.00,62.00,65.00,7.6800,-1,-1,-1
1007,8,1524.00,1375.00,56.00,79.00,7.1440,-1,-1,-1
1008,12,1382.00,1089.00,65.00,65.00,7.6812,-1,-1,-1
1008,8,1521.00,1377.00,56.00,77.00,7.1877,-1,-1,-1
1009,12,1376.00,1086.00,67.00,67.00,7.6456,-1,-1,-1
1009,8,1514.00,1367.00,62.00,84.00,7.1712,-1,-1,-1
1010,12,1369.00,1084.00,67.00,67.00,7.5928,-1,-1,-1
1010,8,1507.00,1361.00,66.00,89.00,7.2245,-1,-1,-1
1011,12,1365.00,1082.00,62.00,67.00,7.6551,-1,-1,-1
1011,8,1503.00,1361.00,66.00,86.00,7.2589,-1,-1,-1
1012,12,1355.00,1078.00,67.00,69.00,7.6590,-1,-1,-1
1012,8,1502.00,1357.00,63.00,83.00,7.2844,-1,-1,-1
1013,12,1350.00,1075.00,66.00,65.00,7.6808,-1,-1,-1
1013,8,1497.00,1350.00,64.00,84.00,7.3612,-1,-1,-1
1014,12,1342.00,1068.00,67.00,66.00,7.6197,-1,-1,-1
1014,8,1492.00,1345.00,64.00,84.00,7.3976,-1,-1,-1
1015,12,1335.00,1062.00,68.00,66.00,7.6211,-1,-1,-1
1015,8,1487.00,1337.00,66.00,86.00,7.3877,-1,-1,-1
1016,12,1330.00,1056.00,65.00,67.00,7.6223,-1,-1,-1
1016,8,1486.00,1336.00,61.00,82.00,7.3919,-1,-1,-1
1017,12,1322.00,1051.00,66.00,65.00,7.6526,-1,-1,-1
1017,8,1481.00,1326.00,60.00,80.00,7.2663,-1,-1,-1
1018,12,1314.00,1042.00,70.00,70.00,7.6295,-1,-1,-1
1018,8,1474.00,1316.00,66.00,85.00,7.2757,-1,-1,-1
1019,12,1309.00,1036.00,65.00,66.00,7.6557,-1,-1,-1
1019,8,1471.00,1310.00,69.00,83.00,7.3048,-1,-1,-1
1020,12,1304.00,1031.00,66.00,62.00,7.6524,-1,-1,-1
1020,8,1465.00,1302.00,67.00,82.00,7.3886,-1,-1,-1
1021,12,1296.00,1022.00,66.00,62.00,7.6506,-1,-1,-1
1021,8,1460.00,1290.00,71.00,88.00,7.3835,-1,-1,-1
1022,12,1288.00,1012.00,66.00,65.00,7.6754,-1,-1,-1
1022,8,1459.00,1285.00,70.00,85.00,7.3673,-1,-1,-1
1023,12,1280.00,1005.00,69.00,64.00,7.6825,-1,-1,-1
1023,8,1454.00,1276.00,70.00,81.00,7.2821,-1,-1,-1
1024,12,1275.00,997.00,67.00,63.00,7.7192,-1,-1,-1
1024,8,1449.00,1263.00,74.00,87.00,7.3292,-1,-1,-1
1025,12,1265.00,990.00,72.00,64.00,7.7462,-1,-1,-1
1025,8,1445.00,1256.00,71.00,83.00,7.4033,-1,-1,-1
1026,12,1262.00,983.00,71.00,61.00,7.6654,-1,-1,-1
1026,8,1446.00,1251.00,68.00,78.00,7.3645,-1,-1,-1
1027,12,1252.00,970.00,77.00,66.00,7.6525,-1,-1,-1
1027,8,1438.00,1238.00,71.00,84.00,7.3886,-1,-1,-1
1028,12,1248.00,965.00,74.00,68.00,7.6338,-1,-1,-1
1028,8,1437.00,1232.00,70.00,81.00,7.4322,-1,-1,-1
1029,12,1239.00,955.00,77.00,67.00,7.6373,-1,-1,-1
1029,8,1435.00,1221.00,69.00,83.00,7.3336,-1,-1,-1
1030,12,1231.00,949.00,81.00,65.00,7.6087,-1,-1,-1
1030,8,1428.00,1213.00,74.00,84.00,7.3621,-1,-1,-1
1031,12,1228.00,945.00,75.00,63.00,7.6141,-1,-1,-1
1031,8,1425.00,1206.00,70.00,82.00,7.3484,-1,-1,-1
1032,12,1222.00,940.00,74.00,62.00,7.5755,-1,-1,-1
1032,8,1423.00,1201.00,69.00,84.00,7.3548,-1,-1,-1
1033,12,1219.00,941.00,72.00,59.00,7.5571,-1,-1,-1
1033,8,1419.00,1202.00,71.00,80.00,7.3260,-1,-1,-1
1034,12,1211.00,938.00,78.00,63.00,7.5765,-1,-1,-1
1034,8,1420.00,1202.00,68.00,78.00,7.2831,-1,-1,-1
1035,12,1209.00,938.00,76.00,60.00,7.5886,-1,-1,-1
1035,8,1420.00,1200.00,68.00,80.00,7.2217,-1,-1,-1
1036,12,1203.00,936.00,82.00,62.00,7.6092,-1,-1,-1
1036,8,1419.00,1200.00,69.00,81.00,7.1787,-1,-1,-1
1037,12,1205.00,940.00,73.00,57.00,7.6249,-1,-1,-1
1037,8,1415.00,1196.00,76.00,86.00,7.1523,-1,-1,-1
1038,12,1204.00,941.00,80.00,61.00,7.6336,-1,-1,-1
1038,8,1420.00,1203.00,70.00,81.00,7.1944,-1,-1,-1
1039,12,1206.00,945.00,80.00,61.00,7.6439,-1,-1,-1
1039,8,1423.00,1205.00,69.00,83.00,7.2395,-1,-1,-1
1040,12,1206.00,947.00,83.00,64.00,7.6253,-1,-1,-1
1040,8,1424.00,1208.00,73.00,83.00,7.2512,-1,-1,-1
1041,12,1213.00,956.00,79.00,61.00,7.6193,-1,-1,-1
1041,8,1428.00,1211.00,76.00,86.00,7.3111,-1,-1,-1
1042,12,1214.00,958.00,83.00,64.00,7.6284,-1,-1,-1
1042,8,1433.00,1214.00,74.00,90.00,7.3408,-1,-1,-1
1043,12,1222.00,961.00,75.00,61.00,7.6334,-1,-1,-1
1043,8,1439.00,1221.00,74.00,86.00,7.2323,-1,-1,-1
1044,12,1228.00,968.00,75.00,58.00,7.6189,-1,-1,-1
1044,8,1442.00,1225.00,75.00,85.00,7.2513,-1,-1,-1
1045,12,1232.00,971.00,77.00,60.00,7.5992,-1,-1,-1
1045,8,1449.00,1228.00,76.00,90.00,7.1532,-1,-1,-1
1046,12,1237.00,976.00,79.00,64.00,7.6180,-1,-1,-1
1046,8,1458.00,1238.00,72.00,86.00,7.1644,-1,-1,-1
1047,12,1250.00,986.00,70.00,54.00,7.6407,-1,-1,-1
1047,8,1462.00,1244.00,72.00,84.00,7.1408,-1,-1,-1
1048,12,1252.00,986.00,72.00,60.00,7.6393,-1,-1,-1
1048,8,1469.00,1249.00,71.00,85.00,7.1098,-1,-1,-1
1049,12,1257.00,991.00,71.00,61.00,7.6525,-1,-1,-1
1049,8,1476.00,1257.00,68.00,82.00,7.0353,-1,-1,-1
1050,12,1259.00,993.00,78.00,61.00,7.6440,-1,-1,-1
1050,8,1478.00,1261.00,75.00,84.00,7.1067,-1,-1,-1
1051,12,1268.00,1004.00,72.00,57.00,7.6567,-1,-1,-1
1051,8,1485.00,1266.00,71.00,83.00,7.1470,-1,-1,-1
1052,12,1273.00,1007.00,70.00,57.00,7.6656,-1,-1,-1
1052,8,1488.00,1272.00,71.00,82.00,7.1165,-1,-1,-1
1053,12,1277.00,1010.00,74.00,59.00,7.6184,-1,-1,-1
1053,8,1494.00,1275.00,71.00,86.00,7.1475,-1,-1,-1
1054,12,1283.00,1015.00,74.00,59.00,7.6222,-1,-1,-1
1054,8,1499.00,1283.00,70.00,81.00,7.0958,-1,-1,-1
1055,12,1285.00,1018.00,79.00,65.00,7.6459,-1,-1,-1
1055,8,1507.00,1284.00,70.00,87.00,7.1616,-1,-1,-1
1056,12,1295.00,1026.00,75.00,61.00,7.6977,-1,-1,-1
1056,8,1507.00,1291.00,74.00,84.00,7.1540,-1,-1,-1
1057,12,1300.00,1029.00,71.00,61.00,7.7405,-1,-1,-1
1057,8,1513.00,1296.00,73.00,83.00,7.1405,-1,-1,-1
1058,12,1304.00,1034.00,73.00,62.00,7.7405,-1,-1,-1
1058,8,1519.00,1301.00,74.00,84.00,7.1060,-1,-1,-1
1059,12,1310.00,1038.00,71.00,60.00,7.7721,-1,-1,-1
1059,8,1526.00,1303.00,74.00,89.00,7.0958,-1,-1,-1
1060,12,1311.00,1040.00,81.00,67.00,7.7877,-1,-1,-1
1060,8,1528.00,1309.00,78.00,87.00,7.1664,-1,-1,-1
1061,12,1319.00,1044.00,75.00,66.00,7.7947,-1,-1,-1
1061,8,1535.00,1313.00,71.00,86.00,7.1654,-1,-1,-1
1062,12,1325.00,1049.00,73.00,65.00,7.7804,-1,-1,-1
1062,8,1541.00,1320.00,73.00,83.00,7.1897,-1,-1,-1
1063,12,1329.00,1051.00,81.00,71.00,7.7233,-1,-1,-1
1063,8,1548.00,1331.00,71.00,78.00,7.0538,-1,-1,-1
1064,12,1334.00,1057.00,72.00,65.00,7.6949,-1,-1,-1
1064,8,1554.00,1328.00,69.00,86.00,7.0397,-1,-1,-1
1065,12,1336.00,1060.00,80.00,69.00,7.6720,-1,-1,-1
1065,8,1558.00,1334.00,71.00,85.00,7.0768,-1,-1,-1
1066,12,1343.00,1064.00,73.00,69.00,7.6581,-1,-1,-1
1066,8,1555.00,1330.00,82.00,93.00,7.1479,-1,-1,-1
1067,12,1351.00,1076.00,77.00,61.00,7.7557,-1,-1,-1
1067,8,1566.00,1336.00,77.00,92.00,7.2135,-1,-1,-1
1068,12,1353.00,1079.00,80.00,64.00,7.8363,-1,-1,-1
1068,8,1573.00,1349.00,75.00,84.00,7.2044,-1,-1,-1
1069,12,1360.00,1079.00,72.00,65.00,7.7908,-1,-1,-1
1069,8,1583.00,1358.00,67.00,79.00,7.2265,-1,-1,-1
1070,12,1363.00,1085.00,74.00,63.00,7.7346,-1,-1,-1
1070,8,1587.00,1361.00,71.00,83.00,7.2072,-1,-1,-1
1071,12,1369.00,1089.00,71.00,64.00,7.6959,-1,-1,-1
1071,8,1593.00,1364.00,72.00,87.00,7.1855,-1,-1,-1
1072,12,1371.00,1091.00,81.00,65.00,7.6298,-1,-1,-1
1072,8,1595.00,1363.00,75.00,91.00,7.1756,-1,-1,-1
1073,12,1379.00,1100.00,78.00,63.00,7.4742,-1,-1,-1
1073,8,1607.00,1383.00,67.00,76.00,7.2105,-1,-1,-1
1074,12,1385.00,1105.00,73.00,58.00,7.4717,-1,-1,-1
1074,8,1608.00,1380.00,69.00,85.00,7.2471,-1,-1,-1
1075,12,1387.00,1100.00,75.00,66.00,7.4600,-1,-1,-1
1075,8,1609.00,1384.00,76.00,85.00,7.2288,-1,-1,-1
1076,12,1392.00,1109.00,76.00,61.00,7.3820,-1,-1,-1
1076,8,1610.00,1382.00,81.00,91.00,7.2377,-1,-1,-1
1077,12,1394.00,1115.00,84.00,62.00,7.4073,-1,-1,-1
1077,8,1621.00,1389.00,76.00,87.00,7.2199,-1,-1,-1
1078,12,1398.00,1121.00,90.00,61.00,7.3554,-1,-1,-1
1078,8,1624.00,1389.00,77.00,92.00,7.2256,-1,-1,-1
1079,12,1408.00,1127.00,79.00,58.00,7.3773,-1,-1,-1
1079,8,1633.00,1398.00,71.00,85.00,7.3040,-1,-1,-1
1080,12,1413.00,1129.00,75.00,56.00,7.3794,-1,-1,-1
1080,8,1632.00,1398.00,79.00,93.00,7.3638,-1,-1,-1
1081,12,1420.00,1135.00,77.00,55.00,7.5091,-1,-1,-1
1081,8,1640.00,1403.00,83.00,93.00,7.4433,-1,-1,-1
1082,8,1643.00,1403.00,83.00,98.00,7.5159,-1,-1,-1
1082,12,1424.00,1136.00,68.00,55.00,7.4959,-1,-1,-1
1083,8,1649.00,1410.00,79.00,94.00,7.4837,-1,-1,-1
1083,12,1429.00,1138.00,71.00,62.00,7.4774,-1,-1,-1
1084,12,1431.00,1143.00,77.00,61.00,7.4828,-1,-1,-1
1084,8,1657.00,1421.00,80.00,92.00,7.4771,-1,-1,-1
1085,12,1439.00,1148.00,69.00,57.00,7.5274,-1,-1,-1
1085,8,1660.00,1420.00,78.00,93.00,7.4970,-1,-1,-1
1086,8,1662.00,1424.00,87.00,97.00,7.5362,-1,-1,-1
1086,12,1442.00,1149.00,71.00,61.00,7.5345,-1,-1,-1
1087,8,1668.00,1427.00,82.00,95.00,7.5832,-1,-1,-1
1087,12,1446.00,1154.00,71.00,59.00,7.5205,-1,-1,-1
1088,8,1668.00,1430.00,90.00,99.00,7.5497,-1,-1,-1
1088,12,1449.00,1155.00,76.00,62.00,7.5272,-1,-1,-1
1089,12,1451.00,1162.00,81.00,62.00,7.5749,-1,-1,-1
1089,8,1677.00,1440.00,87.00,93.00,7.5081,-1,-1,-1
1090,12,1459.00,1168.00,75.00,59.00,7.6147,-1,-1,-1
1090,8,1685.00,1443.00,83.00,96.00,7.5513,-1,-1,-1
1091,12,1462.00,1168.00,75.00,62.00,7.6420,-1,-1,-1
1091,8,1692.00,1448.00,81.00,94.00,7.5069,-1,-1,-1
1092,12,1468.00,1173.00,75.00,61.00,7.6550,-1,-1,-1
1092,8,1694.00,1449.00,84.00,96.00,7.4935,-1,-1,-1
1093,12,1472.00,1171.00,79.00,66.00,7.6295,-1,-1,-1
1093,8,1698.00,1451.00,84.00,98.00,7.4685,-1,-1,-1
1094,12,1478.00,1179.00,77.00,60.00,7.6218,-1,-1,-1
1094,8,1704.00,1454.00,83.00,98.00,7.4827,-1,-1,-1
1095,12,1489.00,1185.00,69.00,57.00,7.5432,-1,-1,-1
1095,8,1713.00,1459.00,82.00,101.00,7.4485,-1,-1,-1
1096,12,1489.00,1186.00,82.00,64.00,7.5328,-1,-1,-1
1096,8,1715.00,1463.00,85.00,101.00,7.4550,-1,-1,-1
1097,12,1490.00,1186.00,84.00,66.00,7.5295,-1,-1,-1
1097,8,1718.00,1470.00,88.00,100.00,7.4828,-1,-1,-1
1098,8,1722.00,1474.00,88.00,100.00,7.5101,-1,-1,-1
1098,12,1495.00,1190.00,84.00,69.00,7.4728,-1,-1,-1
1099,8,1729.00,1476.00,90.00,105.00,7.5682,-1,-1,-1
1099,12,1502.00,1195.00,81.00,67.00,7.4900,-1,-1,-1
1100,8,1741.00,1487.00,83.00,98.00,7.5618,-1,-1,-1
1100,12,1509.00,1207.00,76.00,58.00,7.4174,-1,-1,-1
1101,8,1744.00,1489.00,85.00,101.00,7.5796,-1,-1,-1
1101,12,1514.00,1210.00,79.00,61.00,7.3975,-1,-1,-1
1102,8,1754.00,1496.00,80.00,98.00,7.6061,-1,-1,-1
1102,12,1521.00,1211.00,80.00,63.00,7.3652,-1,-1,-1
1103,8,1760.00,1497.00,82.00,99.00,7.6514,-1,-1,-1
1103,12,1531.00,1215.00,71.00,62.00,7.3708,-1,-1,-1
1104,8,1767.00,1505.00,81.00,96.00,7.6800,-1,-1,-1
1104,12,1534.00,1220.00,72.00,61.00,7.4232,-1,-1,-1
1105,8,1773.00,1515.00,81.00,93.00,7.6923,-1,-1,-1
1105,12,1539.00,1220.00,72.00,63.00,7.4551,-1,-1,-1
1106,8,1779.00,1515.00,81.00,100.00,7.6820,-1,-1,-1
1106,12,1540.00,1218.00,78.00,70.00,7.4508,-1,-1,-1
1107,8,1786.00,1529.00,87.00,89.00,7.8443,-1,-1,-1
1107,12,1550.00,1227.00,77.00,67.00,7.4069,-1,-1,-1
1108,8,1793.00,1535.00,83.00,86.00,7.9226,-1,-1,-1
1108,12,1551.00,1232.00,80.00,66.00,7.4401,-1,-1,-1
1109,8,1801.00,1540.00,80.00,84.00,8.0279,-1,-1,-1
1109,12,1558.00,1236.00,73.00,61.00,7.4988,-1,-1,-1
1110,8,1805.00,1543.00,84.00,85.00,8.0694,-1,-1,-1
1110,12,1566.00,1235.00,76.00,68.00,7.4271,-1,-1,-1
1111,8,1815.00,1544.00,80.00,84.00,8.1144,-1,-1,-1
1111,12,1575.00,1245.00,75.00,60.00,7.4187,-1,-1,-1
1112,8,1817.00,1545.00,84.00,81.00,8.1795,-1,-1,-1
1112,12,1584.00,1244.00,77.00,58.00,7.5899,-1,-1,-1
1113,8,1820.00,1534.00,89.00,87.00,8.1251,-1,-1,-1
1113,12,1588.00,1238.00,78.00,59.00,7.6821,-1,-1,-1
1114,8,1829.00,1529.00,87.00,87.00,8.1990,-1,-1,-1
1114,12,1591.00,1224.00,78.00,67.00,7.6346,-1,-1,-1
1115,8,1838.00,1522.00,84.00,88.00,8.2172,-1,-1,-1
1115,12,1597.00,1220.00,77.00,64.00,7.5972,-1,-1,-1
1116,8,1841.00,1509.00,86.00,87.00,8.2654,-1,-1,-1
1116,12,1601.00,1208.00,76.00,62.00,7.5763,-1,-1,-1
1117,8,1847.00,1498.00,89.00,87.00,8.3551,-1,-1,-1
1117,12,1610.00,1195.00,71.00,60.00,7.5929,-1,-1,-1
1118,8,1853.00,1481.00,88.00,90.00,8.4573,-1,-1,-1
1118,12,1613.00,1184.00,77.00,63.00,7.5843,-1,-1,-1
1119,8,1863.00,1470.00,83.00,88.00,8.4846,-1,-1,-1
1119,12,1620.00,1168.00,75.00,63.00,7.4766,-1,-1,-1
1120,8,1868.00,1457.00,85.00,88.00,8.4706,-1,-1,-1
1120,12,1629.00,1153.00,71.00,63.00,7.4324,-1,-1,-1
1121,8,1874.00,1437.00,84.00,92.00,8.4336,-1,-1,-1
1121,12,1634.00,1138.00,72.00,64.00,7.3832,-1,-1,-1
1122,8,1879.00,1424.00,89.00,93.00,8.4721,-1,-1,-1
1122,12,1639.00,1120.00,69.00,67.00,7.3877,-1,-1,-1
1123,8,1887.00,1408.00,86.00,93.00,8.5186,-1,-1,-1
1123,12,1646.00,1106.00,74.00,64.00,7.3288,-1,-1,-1
1124,8,1893.00,1393.00,87.00,90.00,8.5575,-1,-1,-1
1124,12,1655.00,1096.00,69.00,60.00,7.3355,-1,-1,-1
1125,8,1900.00,1381.00,87.00,90.00,8.5795,-1,-1,-1
1125,12,1658.00,1076.00,73.00,63.00,7.3663,-1,-1,-1
1126,8,1905.00,1365.00,87.00,94.00,8.6186,-1,-1,-1
1126,12,1671.00,1070.00,62.00,60.00,7.2731,-1,-1,-1
1127,8,1914.00,1353.00,79.00,100.00,8.4369,-1,-1,-1
1127,12,1669.00,1055.00,74.00,65.00,7.2630,-1,-1,-1
1128,8,1919.00,1347.00,82.00,100.00,8.3105,-1,-1,-1
1128,12,1673.00,1036.00,74.00,77.00,7.2212,-1,-1,-1
1129,8,1929.00,1344.00,81.00,102.00,8.0819,-1,-1,-1
1129,12,1682.00,1043.00,70.00,65.00,7.2333,-1,-1,-1
1130,8,1932.00,1335.00,80.00,106.00,8.0033,-1,-1,-1
1130,12,1689.00,1035.00,66.00,64.00,7.2416,-1,-1,-1
1131,8,1940.00,1338.00,80.00,101.00,7.9108,-1,-1,-1
1131,12,1690.00,1026.00,76.00,75.00,7.2682,-1,-1,-1
1132,8,1945.00,1330.00,80.00,108.00,7.8473,-1,-1,-1
1132,12,1695.00,1030.00,77.00,69.00,7.3018,-1,-1,-1
1133,8,1952.00,1331.00,84.00,112.00,7.8407,-1,-1,-1
1133,12,1701.00,1029.00,77.00,73.00,7.3014,-1,-1,-1
1134,8,1957.00,1337.00,83.00,109.00,7.8249,-1,-1,-1
1134,12,1712.00,1039.00,71.00,64.00,7.3510,-1,-1,-1
1135,8,1964.00,1345.00,83.00,105.00,7.8409,-1,-1,-1
1135,12,1719.00,1041.00,68.00,64.00,7.3266,-1,-1,-1
1136,8,1968.00,1350.00,84.00,103.00,7.8320,-1,-1,-1
1136,12,1723.00,1047.00,75.00,66.00,7.3423,-1,-1,-1
1137,8,1975.00,1352.00,84.00,109.00,7.8643,-1,-1,-1
1137,12,1729.00,1053.00,74.00,64.00,7.3579,-1,-1,-1
1138,8,1980.00,1357.00,86.00,110.00,7.8711,-1,-1,-1
1138,12,1744.00,1062.00,72.00,57.00,7.3021,-1,-1,-1
1139,8,1986.00,1365.00,91.00,112.00,7.8893,-1,-1,-1
1139,12,1741.00,1054.00,72.00,72.00,7.3015,-1,-1,-1
1140,8,1995.00,1371.00,88.00,109.00,7.8983,-1,-1,-1
1140,12,1755.00,1072.00,72.00,62.00,7.3017,-1,-1,-1
1141,8,2002.00,1375.00,86.00,111.00,7.8943,-1,-1,-1
1141,12,1756.00,1070.00,72.00,70.00,7.3479,-1,-1,-1
1142,8,2007.00,1380.00,85.00,109.00,7.8905,-1,-1,-1
1142,12,1761.00,1078.00,76.00,67.00,7.3500,-1,-1,-1
1143,8,2015.00,1388.00,90.00,113.00,7.8894,-1,-1,-1
1143,12,1767.00,1082.00,75.00,68.00,7.3527,-1,-1,-1
1144,8,2017.00,1390.00,92.00,116.00,7.8930,-1,-1,-1
1144,12,1777.00,1088.00,71.00,68.00,7.3723,-1,-1,-1
1145,8,2025.00,1399.00,89.00,111.00,7.8883,-1,-1,-1
1145,12,1775.00,1092.00,78.00,69.00,7.4162,-1,-1,-1
1146,8,2029.00,1399.00,89.00,118.00,7.8745,-1,-1,-1
1146,12,1782.00,1098.00,79.00,70.00,7.4018,-1,-1,-1
1147,8,2037.00,1413.00,87.00,109.00,7.8983,-1,-1,-1
1147,12,1787.00,1102.00,76.00,70.00,7.4042,-1,-1,-1
1148,8,2045.00,1420.00,84.00,107.00,7.8853,-1,-1,-1
1148,12,1792.00,1109.00,70.00,68.00,7.4274,-1,-1,-1
1149,8,2047.00,1420.00,85.00,109.00,7.8988,-1,-1,-1
1149,12,1792.00,1112.00,79.00,71.00,7.4316,-1,-1,-1
1150,8,2052.00,1424.00,90.00,114.00,7.8658,-1,-1,-1
1150,12,1797.00,1118.00,76.00,70.00,7.4768,-1,-1,-1
1151,8,2058.00,1434.00,85.00,107.00,7.8647,-1,-1,-1
1151,12,1800.00,1122.00,67.00,67.00,7.4823,-1,-1,-1
1152,8,2064.00,1439.00,85.00,110.00,7.8507,-1,-1,-1
1152,12,1802.00,1126.00,69.00,67.00,7.3946,-1,-1,-1
1153,8,2073.00,1448.00,83.00,105.00,7.8502,-1,-1,-1
1153,12,1808.00,1136.00,67.00,68.00,7.4197,-1,-1,-1
1154,8,2075.00,1447.00,85.00,109.00,7.8492,-1,-1,-1
1154,12,1816.00,1142.00,71.00,71.00,7.3962,-1,-1,-1
1155,8,2082.00,1455.00,84.00,114.00,7.8528,-1,-1,-1
1155,12,1817.00,1149.00,70.00,66.00,7.4022,-1,-1,-1
1156,8,2085.00,1460.00,84.00,112.00,7.8507,-1,-1,-1
1156,12,1817.00,1150.00,74.00,71.00,7.4235,-1,-1,-1
1157,8,2093.00,1464.00,79.00,110.00,7.8098,-1,-1,-1
1157,12,1826.00,1160.00,65.00,68.00,7.3921,-1,-1,-1
1158,8,2098.00,1470.00,83.00,110.00,7.8287,-1,-1,-1
1158,12,1828.00,1163.00,70.00,73.00,7.4342,-1,-1,-1
1159,8,2100.00,1470.00,84.00,112.00,7.8261,-1,-1,-1
1159,12,1838.00,1178.00,74.00,64.00,7.4919,-1,-1,-1
1160,8,2105.00,1477.00,87.00,113.00,7.8432,-1,-1,-1
1160,12,1839.00,1180.00,78.00,65.00,7.5744,-1,-1,-1
1161,8,2111.00,1485.00,88.00,108.00,7.8428,-1,-1,-1
1161,12,1837.00,1175.00,77.00,76.00,7.5060,-1,-1,-1
1162,8,2117.00,1487.00,87.00,112.00,7.8488,-1,-1,-1
1162,12,1852.00,1188.00,64.00,69.00,7.4856,-1,-1,-1
1163,8,2123.00,1492.00,85.00,113.00,7.8416,-1,-1,-1
1163,12,1850.00,1190.00,77.00,71.00,7.6373,-1,-1,-1
1164,8,2129.00,1504.00,87.00,96.00,7.9777,-1,-1,-1
1164,12,1848.00,1193.00,77.00,76.00,7.5660,-1,-1,-1
1165,8,2133.00,1499.00,83.00,112.00,7.9388,-1,-1,-1
1165,12,1854.00,1197.00,76.00,78.00,7.5051,-1,-1,-1
1166,8,2136.00,1504.00,89.00,110.00,7.9217,-1,-1,-1
1166,12,1857.00,1204.00,71.00,73.00,7.4551,-1,-1,-1
1167,8,2144.00,1507.00,86.00,113.00,7.8518,-1,-1,-1
1167,12,1859.00,1209.00,72.00,73.00,7.3408,-1,-1,-1
1168,8,2148.00,1510.00,85.00,114.00,7.8554,-1,-1,-1
1168,12,1864.00,1213.00,71.00,79.00,7.2705,-1,-1,-1
1169,8,2151.00,1513.00,85.00,114.00,7.8466,-1,-1,-1
1169,12,1866.00,1211.00,73.00,83.00,7.2153,-1,-1,-1
1170,8,2155.00,1515.00,88.00,118.00,7.8342,-1,-1,-1
1170,12,1866.00,1220.00,75.00,80.00,7.1471,-1,-1,-1
1171,8,2162.00,1518.00,84.00,120.00,7.8039,-1,-1,-1
1171,12,1867.00,1227.00,77.00,67.00,7.1688,-1,-1,-1
1172,8,2168.00,1521.00,86.00,121.00,7.7952,-1,-1,-1
1172,12,1876.00,1240.00,79.00,66.00,7.2978,-1,-1,-1
1173,8,2175.00,1530.00,84.00,116.00,7.7957,-1,-1,-1
1173,12,1875.00,1239.00,77.00,64.00,7.3795,-1,-1,-1
1174,8,2177.00,1531.00,87.00,119.00,7.8108,-1,-1,-1
1174,12,1877.00,1239.00,80.00,75.00,7.3447,-1,-1,-1
1175,8,2183.00,1535.00,86.00,121.00,7.7868,-1,-1,-1
1175,12,1881.00,1246.00,77.00,66.00,7.3295,-1,-1,-1
1176,8,2185.00,1537.00,91.00,124.00,7.7932,-1,-1,-1
1176,12,1881.00,1248.00,80.00,75.00,7.3283,-1,-1,-1
1177,8,2191.00,1539.00,92.00,126.00,7.7998,-1,-1,-1
1177,12,1882.00,1253.00,84.00,72.00,7.4484,-1,-1,-1
1178,8,2194.00,1539.00,93.00,126.00,7.7825,-1,-1,-1
1178,12,1889.00,1261.00,75.00,70.00,7.4285,-1,-1,-1
1179,8,2200.00,1544.00,95.00,127.00,7.7335,-1,-1,-1
1179,12,1891.00,1267.00,74.00,71.00,7.4090,-1,-1,-1
1180,8,2209.00,1553.00,92.00,118.00,7.6800,-1,-1,-1
1180,12,1894.00,1270.00,73.00,73.00,7.3689,-1,-1,-1
1181,8,2211.00,1553.00,94.00,123.00,7.6602,-1,-1,-1
1181,12,1896.00,1269.00,73.00,80.00,7.3276,-1,-1,-1
1182,8,2216.00,1559.00,91.00,119.00,7.6810,-1,-1,-1
1182,12,1895.00,1273.00,85.00,79.00,7.3094,-1,-1,-1
1183,8,2221.00,1565.00,91.00,115.00,7.7017,-1,-1,-1
1183,12,1899.00,1277.00,84.00,77.00,7.3082,-1,-1,-1
1184,8,2227.00,1564.00,90.00,121.00,7.7043,-1,-1,-1
1184,12,1909.00,1285.00,70.00,74.00,7.1392,-1,-1,-1
1185,8,2234.00,1569.00,89.00,120.00,7.6236,-1,-1,-1
1185,12,1912.00,1289.00,70.00,73.00,7.1684,-1,-1,-1
1186,8,2243.00,1576.00,86.00,117.00,7.5958,-1,-1,-1
1186,12,1911.00,1290.00,79.00,78.00,7.1553,-1,-1,-1
1187,8,2247.00,1580.00,85.00,114.00,7.6329,-1,-1,-1
1187,12,1917.00,1301.00,77.00,74.00,7.1631,-1,-1,-1
1188,8,2251.00,1582.00,90.00,119.00,7.6498,-1,-1,-1
1188,12,1919.00,1303.00,75.00,71.00,7.1961,-1,-1,-1
1189,8,2257.00,1587.00,94.00,118.00,7.6910,-1,-1,-1
1189,12,1923.00,1312.00,75.00,67.00,7.1828,-1,-1,-1
1190,8,2263.00,1592.00,93.00,114.00,7.7280,-1,-1,-1
1190,12,1926.00,1314.00,81.00,72.00,7.2172,-1,-1,-1
1191,8,2266.00,1590.00,91.00,118.00,7.7522,-1,-1,-1
1191,12,1932.00,1319.00,77.00,73.00,7.2513,-1,-1,-1
1192,8,2272.00,1593.00,97.00,122.00,7.7496,-1,-1,-1
1192,12,1935.00,1320.00,72.00,72.00,7.2421,-1,-1,-1
1193,8,2280.00,1599.00,95.00,119.00,7.6600,-1,-1,-1
1193,12,1932.00,1324.00,89.00,76.00,7.3355,-1,-1,-1
1194,8,2287.00,1602.00,92.00,118.00,7.6185,-1,-1,-1
1194,12,1937.00,1330.00,81.00,74.00,7.3494,-1,-1,-1
1195,8,2292.00,1605.00,93.00,123.00,7.6512,-1,-1,-1
1195,12,1945.00,1338.00,83.00,69.00,7.3178,-1,-1,-1
1196,8,2299.00,1608.00,92.00,125.00,7.6638,-1,-1,-1
1196,12,1951.00,1344.00,80.00,68.00,7.3054,-1,-1,-1
1197,8,2305.00,1613.00,93.00,123.00,7.6416,-1,-1,-1
1197,12,1954.00,1347.00,81.00,67.00,7.2499,-1,-1,-1
1198,8,2313.00,1619.00,94.00,121.00,7.6350,-1,-1,-1
1198,12,1956.00,1351.00,85.00,69.00,7.1471,-1,-1,-1
1199,8,2317.00,1620.00,95.00,125.00,7.6711,-1,-1,-1
1199,12,1963.00,1355.00,82.00,68.00,7.2220,-1,-1,-1
1200,8,2325.00,1626.00,95.00,122.00,7.6810,-1,-1,-1
1200,12,1964.00,1359.00,74.00,63.00,7.1881,-1,-1,-1
1201,8,2334.00,1638.00,91.00,115.00,7.6834,-1,-1,-1
1201,12,1971.00,1364.00,88.00,72.00,7.1683,-1,-1,-1
1202,8,2338.00,1638.00,95.00,119.00,7.7136,-1,-1,-1
1202,12,1981.00,1373.00,84.00,69.00,7.0891,-1,-1,-1
1203,8,2344.00,1637.00,96.00,124.00,7.7320,-1,-1,-1
1203,12,1981.00,1375.00,91.00,69.00,7.1053,-1,-1,-1
1204,8,2351.00,1639.00,96.00,124.00,7.7021,-1,-1,-1
1204,12,1987.00,1382.00,87.00,71.00,7.1646,-1,-1,-1
1205,8,2357.00,1645.00,97.00,123.00,7.7096,-1,-1,-1
1205,12,1993.00,1384.00,84.00,70.00,7.0361,-1,-1,-1
1206,8,2362.00,1646.00,98.00,130.00,7.7579,-1,-1,-1
1206,12,1998.00,1392.00,89.00,68.00,6.9535,-1,-1,-1
1207,8,2372.00,1647.00,97.00,130.00,7.7569,-1,-1,-1
1207,12,2004.00,1396.00,86.00,69.00,6.9292,-1,-1,-1
1208,8,2381.00,1654.00,95.00,125.00,7.7905,-1,-1,-1
1208,12,2009.00,1400.00,84.00,67.00,6.8438,-1,-1,-1
1209,8,2384.00,1658.00,97.00,123.00,7.8189,-1,-1,-1
1209,12,2013.00,1407.00,96.00,70.00,6.8072,-1,-1,-1
1210,8,2390.00,1656.00,98.00,131.00,7.8136,-1,-1,-1
1210,12,2019.00,1413.00,90.00,67.00,6.7299,-1,-1,-1
1211,8,2400.00,1662.00,99.00,128.00,7.7063,-1,-1,-1
1211,12,2027.00,1418.00,82.00,65.00,6.7096,-1,-1,-1
1212,8,2406.00,1668.00,99.00,127.00,7.7137,-1,-1,-1
1212,12,2036.00,1427.00,80.00,65.00,6.6574,-1,-1,-1
1213,8,2411.00,1670.00,101.00,132.00,7.7518,-1,-1,-1
1213,12,2032.00,1426.00,87.00,65.00,6.6349,-1,-1,-1
1214,8,2424.00,1678.00,98.00,127.00,7.7577,-1,-1,-1
1214,12,2040.00,1431.00,91.00,69.00,6.5805,-1,-1,-1
1215,8,2431.00,1685.00,98.00,123.00,7.7753,-1,-1,-1
1215,12,2047.00,1435.00,91.00,71.00,6.7165,-1,-1,-1
1216,8,2435.00,1683.00,100.00,130.00,7.7645,-1,-1,-1
1216,12,2048.00,1435.00,93.00,74.00,6.7984,-1,-1,-1
1217,8,2445.00,1691.00,100.00,127.00,7.7262,-1,-1,-1
1217,12,2055.00,1443.00,96.00,75.00,6.6559,-1,-1,-1
1218,8,2451.00,1696.00,99.00,125.00,7.7089,-1,-1,-1
1218,12,2060.00,1445.00,97.00,77.00,6.6928,-1,-1,-1
1219,8,2459.00,1696.00,99.00,130.00,7.7336,-1,-1,-1
1219,12,2065.00,1450.00,98.00,78.00,6.7424,-1,-1,-1
1220,8,2469.00,1704.00,100.00,128.00,7.7383,-1,-1,-1
1220,12,2071.00,1453.00,99.00,80.00,6.8265,-1,-1,-1
1221,8,2477.00,1709.00,99.00,122.00,7.7472,-1,-1,-1
1221,12,2076.00,1458.00,98.00,78.00,6.8797,-1,-1,-1
1222,8,2485.00,1712.00,100.00,124.00,7.7490,-1,-1,-1
1222,12,2082.00,1460.00,99.00,79.00,6.9595,-1,-1,-1
1223,8,2491.00,1712.00,102.00,127.00,7.6802,-1,-1,-1
1223,12,2089.00,1466.00,97.00,79.00,7.0200,-1,-1,-1
1224,8,2499.00,1715.00,102.00,128.00,7.6762,-1,-1,-1
1224,12,2093.00,1467.00,104.00,81.00,7.1133,-1,-1,-1
1225,8,2506.00,1723.00,102.00,124.00,7.7121,-1,-1,-1
1225,12,2101.00,1477.00,94.00,73.00,7.1969,-1,-1,-1
1226,8,2517.00,1723.00,102.00,130.00,7.7270,-1,-1,-1
1226,12,2108.00,1477.00,100.00,76.00,7.2845,-1,-1,-1
1227,8,2526.00,1730.00,100.00,123.00,7.7292,-1,-1,-1
1227,12,2114.00,1482.00,102.00,78.00,7.3521,-1,-1,-1
1228,8,2532.00,1732.00,102.00,125.00,7.7235,-1,-1,-1
1228,12,2123.00,1487.00,98.00,74.00,7.3147,-1,-1,-1
1229,8,2538.00,1732.00,104.00,129.00,7.6822,-1,-1,-1
1229,12,2128.00,1490.00,103.00,80.00,7.3441,-1,-1,-1
1230,8,2547.00,1738.00,105.00,126.00,7.6515,-1,-1,-1
1230,12,2134.00,1494.00,104.00,81.00,7.4125,-1,-1,-1
1231,8,2556.00,1741.00,105.00,128.00,7.6676,-1,-1,-1
1231,12,2142.00,1500.00,100.00,78.00,7.4664,-1,-1,-1
1232,8,2565.00,1741.00,105.00,134.00,7.6674,-1,-1,-1
1232,12,2144.00,1503.00,107.00,80.00,7.5528,-1,-1,-1
1233,8,2571.00,1746.00,106.00,130.00,7.6845,-1,-1,-1
1233,12,2151.00,1504.00,104.00,83.00,7.6135,-1,-1,-1
1234,8,2580.00,1746.00,104.00,134.00,7.7163,-1,-1,-1
1234,12,2161.00,1512.00,100.00,77.00,7.5981,-1,-1,-1
1235,8,2591.00,1752.00,104.00,130.00,7.7227,-1,-1,-1
1235,12,2166.00,1516.00,103.00,78.00,7.6144,-1,-1,-1
1236,8,2596.00,1754.00,110.00,132.00,7.7246,-1,-1,-1
1236,12,2171.00,1519.00,106.00,79.00,7.6126,-1,-1,-1
1237,8,2606.00,1753.00,105.00,134.00,7.7203,-1,-1,-1
1237,12,2178.00,1520.00,106.00,81.00,7.5794,-1,-1,-1
1238,8,2613.00,1757.00,106.00,136.00,7.6349,-1,-1,-1
1238,12,2186.00,1524.00,107.00,84.00,7.6076,-1,-1,-1
1239,8,2620.00,1762.00,110.00,135.00,7.6807,-1,-1,-1
1239,12,2194.00,1530.00,103.00,80.00,7.5730,-1,-1,-1
1240,8,2631.00,1763.00,107.00,136.00,7.6867,-1,-1,-1
1240,12,2203.00,1537.00,103.00,78.00,7.5552,-1,-1,-1
1241,8,2640.00,1766.00,106.00,137.00,7.6928,-1,-1,-1
1241,12,2210.00,1539.00,105.00,80.00,7.5227,-1,-1,-1
1242,8,2648.00,1771.00,107.00,136.00,7.7145,-1,-1,-1
1242,12,2219.00,1546.00,99.00,71.00,7.4949,-1,-1,-1
1243,8,2656.00,1770.00,108.00,141.00,7.7197,-1,-1,-1
1243,12,2222.00,1545.00,106.00,81.00,7.5136,-1,-1,-1
1244,8,2665.00,1781.00,108.00,136.00,7.6837,-1,-1,-1
1244,12,2235.00,1549.00,103.00,80.00,7.4387,-1,-1,-1
1245,8,2675.00,1782.00,109.00,140.00,7.6983,-1,-1,-1
1245,12,2242.00,1554.00,104.00,81.00,7.3982,-1,-1,-1
1246,8,2683.00,1787.00,109.00,138.00,7.6995,-1,-1,-1
1246,12,2249.00,1562.00,106.00,77.00,7.4530,-1,-1,-1
1247,8,2691.00,1792.00,112.00,139.00,7.7104,-1,-1,-1
1247,12,2255.00,1567.00,109.00,74.00,7.5061,-1,-1,-1
1248,8,2700.00,1793.00,112.00,143.00,7.7181,-1,-1,-1
1248,12,2268.00,1572.00,103.00,75.00,7.4753,-1,-1,-1
1249,8,2709.00,1804.00,113.00,138.00,7.6711,-1,-1,-1
1249,12,2272.00,1570.00,109.00,84.00,7.4802,-1,-1,-1
1250,8,2719.00,1805.00,112.00,145.00,7.7126,-1,-1,-1
1250,12,2285.00,1580.00,104.00,79.00,7.3975,-1,-1,-1
1251,8,2727.00,1807.00,115.00,146.00,7.7194,-1,-1,-1
1251,12,2291.00,1584.00,108.00,80.00,7.3989,-1,-1,-1
1252,8,2737.00,1817.00,115.00,145.00,7.7223,-1,-1,-1
1252,12,2297.00,1589.00,110.00,81.00,7.3594,-1,-1,-1
1253,8,2748.00,1822.00,113.00,144.00,7.6963,-1,-1,-1
1253,12,2307.00,1595.00,105.00,75.00,7.3647,-1,-1,-1
1254,8,2756.00,1829.00,114.00,143.00,7.6643,-1,-1,-1
1254,12,2315.00,1597.00,109.00,81.00,7.4591,-1,-1,-1
1255,8,2766.00,1836.00,114.00,144.00,7.6623,-1,-1,-1
1255,12,2320.00,1602.00,112.00,81.00,7.4874,-1,-1,-1
1256,8,2776.00,1837.00,113.00,145.00,7.6546,-1,-1,-1
1256,12,2332.00,1611.00,109.00,77.00,7.4808,-1,-1,-1
1257,8,2783.00,1845.00,116.00,143.00,7.6321,-1,-1,-1
1257,12,2339.00,1610.00,110.00,82.00,7.5698,-1,-1,-1
1258,8,2793.00,1849.00,116.00,146.00,7.6032,-1,-1,-1
1258,12,2346.00,1614.00,110.00,82.00,7.5454,-1,-1,-1
1259,8,2803.00,1854.00,113.00,147.00,7.6245,-1,-1,-1
1259,12,2357.00,1625.00,101.00,70.00,7.5501,-1,-1,-1
1260,8,2809.00,1860.00,116.00,148.00,7.6418,-1,-1,-1
1260,12,2364.00,1622.00,110.00,79.00,7.6179,-1,-1,-1
1261,12,2370.00,1628.00,110.00,77.00,7.6344,-1,-1,-1
1261,8,2820.00,1863.00,116.00,148.00,7.6222,-1,-1,-1
1262,12,2378.00,1631.00,113.00,79.00,7.5735,-1,-1,-1
1262,8,2830.00,1876.00,113.00,141.00,7.5597,-1,-1,-1
1263,12,2387.00,1635.00,113.00,79.00,7.6311,-1,-1,-1
1263,8,2836.00,1878.00,115.00,143.00,7.5896,-1,-1,-1
1264,12,2394.00,1639.00,109.00,77.00,7.6335,-1,-1,-1
1264,8,2847.00,1882.00,113.00,143.00,7.5929,-1,-1,-1
1265,8,2855.00,1886.00,113.00,144.00,7.6151,-1,-1,-1
1265,12,2402.00,1643.00,105.00,74.00,7.6128,-1,-1,-1
1266,12,2409.00,1645.00,111.00,79.00,7.6531,-1,-1,-1
1266,8,2862.00,1891.00,115.00,144.00,7.6506,-1,-1,-1
1267,12,2417.00,1648.00,108.00,79.00,7.6368,-1,-1,-1
1267,8,2868.00,1889.00,117.00,148.00,7.6333,-1,-1,-1
1268,8,2879.00,1898.00,111.00,143.00,7.6165,-1,-1,-1
1268,12,2425.00,1654.00,108.00,77.00,7.5704,-1,-1,-1
1269,8,2884.00,1899.00,114.00,150.00,7.6670,-1,-1,-1
1269,12,2429.00,1656.00,114.00,81.00,7.5834,-1,-1,-1
1270,8,2892.00,1902.00,116.00,150.00,7.6887,-1,-1,-1
1270,12,2438.00,1656.00,111.00,84.00,7.6252,-1,-1,-1
1271,8,2902.00,1910.00,114.00,146.00,7.7164,-1,-1,-1
1271,12,2444.00,1660.00,111.00,83.00,7.6793,-1,-1,-1
1272,8,2908.00,1914.00,113.00,149.00,7.7249,-1,-1,-1
1272,12,2452.00,1665.00,110.00,80.00,7.6777,-1,-1,-1
1273,12,2455.00,1668.00,115.00,81.00,7.7093,-1,-1,-1
1273,8,2913.00,1914.00,117.00,154.00,7.6898,-1,-1,-1
1274,12,2461.00,1669.00,112.00,80.00,7.7527,-1,-1,-1
1274,8,2920.00,1916.00,116.00,157.00,7.6593,-1,-1,-1
1275,12,2467.00,1674.00,113.00,80.00,7.7574,-1,-1,-1
1275,8,2927.00,1924.00,114.00,152.00,7.6784,-1,-1,-1
1276,8,2933.00,1923.00,115.00,158.00,7.7100,-1,-1,-1
1276,12,2473.00,1674.00,117.00,86.00,7.7065,-1,-1,-1
1277,12,2480.00,1677.00,113.00,83.00,7.7589,-1,-1,-1
1277,8,2940.00,1928.00,113.00,155.00,7.7141,-1,-1,-1
1278,12,2486.00,1681.00,111.00,80.00,7.8135,-1,-1,-1
1278,8,2945.00,1934.00,114.00,149.00,7.7140,-1,-1,-1
1279,12,2491.00,1684.00,111.00,79.00,7.8389,-1,-1,-1
1279,8,2952.00,1935.00,113.00,155.00,7.6994,-1,-1,-1
1279,15,2120.00,949.00,52.00,61.00,1.7579,-1,-1,-1
1280,12,2498.00,1688.00,111.00,76.00,7.8125,-1,-1,-1
1280,8,2959.00,1944.00,111.00,154.00,7.7372,-1,-1,-1
1280,15,2122.00,945.00,52.00,61.00,1.0924,-1,-1,-1
1281,12,2501.00,1691.00,112.00,75.00,7.7819,-1,-1,-1
1281,8,2964.00,1942.00,111.00,156.00,7.7248,-1,-1,-1
1281,15,2125.00,941.00,52.00,61.00,0.5948,-1,-1,-1
1282,12,2505.00,1691.00,114.00,78.00,7.7967,-1,-1,-1
1282,8,2968.00,1943.00,113.00,157.00,7.7073,-1,-1,-1
1282,15,2128.00,937.00,52.00,61.00,0.2196,-1,-1,-1
1283,12,2507.00,1692.00,118.00,80.00,7.8044,-1,-1,-1
1283,8,2972.00,1949.00,114.00,154.00,7.7309,-1,-1,-1
1284,8,2975.00,1948.00,116.00,162.00,7.7643,-1,-1,-1
1284,12,2511.00,1694.00,118.00,81.00,7.7639,-1,-1,-1
1285,8,2981.00,1948.00,115.00,165.00,7.8030,-1,-1,-1
1285,12,2518.00,1694.00,114.00,81.00,7.7832,-1,-1,-1
1286,8,2985.00,1951.00,116.00,161.00,7.8184,-1,-1,-1
1286,12,2524.00,1698.00,110.00,75.00,7.7864,-1,-1,-1
1287,12,2525.00,1697.00,116.00,79.00,7.8092,-1,-1,-1
1287,8,2987.00,1951.00,118.00,163.00,7.7984,-1,-1,-1
1288,12,2529.00,1698.00,116.00,79.00,7.8077,-1,-1,-1
1288,8,2993.00,1955.00,118.00,158.00,7.7878,-1,-1,-1
1289,12,2533.00,1698.00,117.00,81.00,7.8157,-1,-1,-1
1289,8,2997.00,1958.00,118.00,156.00,7.7574,-1,-1,-1
1290,12,2537.00,1699.00,117.00,82.00,7.8263,-1,-1,-1
1290,8,3000.00,1959.00,117.00,160.00,7.7325,-1,-1,-1
1291,12,2542.00,1699.00,116.00,83.00,7.7687,-1,-1,-1
1291,8,3007.00,1968.00,114.00,153.00,7.7417,-1,-1,-1
1292,8,3009.00,1965.00,115.00,157.00,7.7479,-1,-1,-1
1292,12,2545.00,1700.00,116.00,84.00,7.7332,-1,-1,-1
1293,8,3012.00,1966.00,115.00,157.00,7.7260,-1,-1,-1
1293,12,2547.00,1700.00,113.00,83.00,7.6856,-1,-1,-1
1294,8,3012.00,1963.00,117.00,160.00,7.7105,-1,-1,-1
1294,12,2548.00,1699.00,117.00,85.00,7.6592,-1,-1,-1
1295,8,3016.00,1965.00,116.00,160.00,7.6975,-1,-1,-1
1295,12,2549.00,1696.00,115.00,87.00,7.6692,-1,-1,-1
1296,8,3017.00,1967.00,117.00,160.00,7.6972,-1,-1,-1
1296,12,2552.00,1697.00,116.00,87.00,7.6637,-1,-1,-1
1297,8,3019.00,1967.00,117.00,161.00,7.7051,-1,-1,-1
1297,12,2554.00,1697.00,115.00,87.00,7.6846,-1,-1,-1
1298,8,3020.00,1966.00,116.00,162.00,7.7240,-1,-1,-1
1298,12,2557.00,1699.00,114.00,84.00,7.7030,-1,-1,-1
1299,8,3022.00,1967.00,115.00,161.00,7.7505,-1,-1,-1
1299,12,2558.00,1698.00,114.00,84.00,7.7289,-1,-1,-1
1300,8,3022.00,1967.00,115.00,160.00,7.7763,-1,-1,-1
1300,12,2561.00,1699.00,112.00,83.00,7.7436,-1,-1,-1
1301,8,3023.00,1966.00,114.00,162.00,7.8016,-1,-1,-1
1301,12,2562.00,1698.00,113.00,81.00,7.7566,-1,-1,-1
1302,8,3024.00,1967.00,112.00,160.00,7.8226,-1,-1,-1
1302,12,2565.00,1700.00,110.00,78.00,7.7509,-1,-1,-1
1303,8,3024.00,1967.00,114.00,163.00,7.8375,-1,-1,-1
1303,12,2566.00,1699.00,112.00,81.00,7.7300,-1,-1,-1
1304,8,3024.00,1965.00,114.00,165.00,7.8476,-1,-1,-1
1304,12,2567.00,1698.00,114.00,81.00,7.6511,-1,-1,-1
1305,8,3025.00,1964.00,113.00,167.00,7.8602,-1,-1,-1
1305,12,2568.00,1699.00,111.00,78.00,7.5731,-1,-1,-1
1306,8,3027.00,1967.00,111.00,163.00,7.8755,-1,-1,-1
1306,12,2568.00,1692.00,112.00,84.00,7.5328,-1,-1,-1
1307,8,3027.00,1967.00,111.00,163.00,7.8907,-1,-1,-1
1307,12,2572.00,1695.00,105.00,78.00,7.5446,-1,-1,-1
1308,8,3029.00,1970.00,109.00,161.00,7.9031,-1,-1,-1
1308,12,2572.00,1693.00,107.00,79.00,7.5812,-1,-1,-1
1309,8,3029.00,1969.00,110.00,164.00,7.9115,-1,-1,-1
1309,12,2571.00,1693.00,112.00,79.00,7.6311,-1,-1,-1
1310,8,3029.00,1971.00,110.00,162.00,7.9202,-1,-1,-1
1310,12,2572.00,1693.00,111.00,76.00,7.6476,-1,-1,-1
1311,8,3029.00,1972.00,110.00,162.00,7.9308,-1,-1,-1
1311,12,2571.00,1693.00,116.00,76.00,7.6569,-1,-1,-1
1312,8,3029.00,1972.00,110.00,159.00,7.9309,-1,-1,-1
1312,12,2570.00,1694.00,115.00,73.00,7.6468,-1,-1,-1
1313,8,3034.00,1968.00,104.00,153.00,7.9400,-1,-1,-1
1313,12,2568.00,1687.00,116.00,78.00,7.6555,-1,-1,-1
1314,8,3031.00,1957.00,108.00,156.00,7.9231,-1,-1,-1
1314,12,2566.00,1680.00,116.00,80.00,7.6523,-1,-1,-1
1315,8,3028.00,1944.00,109.00,154.00,7.9022,-1,-1,-1
1315,12,2562.00,1670.00,116.00,82.00,7.6658,-1,-1,-1
1316,8,3027.00,1931.00,110.00,155.00,7.8676,-1,-1,-1
1316,12,2558.00,1664.00,116.00,79.00,7.5894,-1,-1,-1
1317,8,3027.00,1921.00,110.00,152.00,7.8668,-1,-1,-1
1317,12,2559.00,1655.00,110.00,80.00,7.6106,-1,-1,-1
1318,8,3026.00,1906.00,110.00,153.00,7.8419,-1,-1,-1
1318,12,2552.00,1649.00,112.00,74.00,7.6829,-1,-1,-1
1319,8,3022.00,1889.00,114.00,151.00,7.7940,-1,-1,-1
1319,12,2549.00,1641.00,118.00,75.00,7.6885,-1,-1,-1
1320,8,3021.00,1877.00,110.00,148.00,7.7595,-1,-1,-1
1320,12,2544.00,1630.00,117.00,74.00,7.6060,-1,-1,-1
1321,8,3020.00,1857.00,112.00,152.00,7.7536,-1,-1,-1
1321,12,2541.00,1619.00,118.00,76.00,7.5762,-1,-1,-1
1322,12,2538.00,1611.00,117.00,74.00,7.6267,-1,-1,-1
1322,8,3016.00,1840.00,113.00,154.00,7.6053,-1,-1,-1
1323,12,2529.00,1601.00,120.00,71.00,7.6715,-1,-1,-1
1323,8,3016.00,1830.00,109.00,151.00,7.6034,-1,-1,-1
1324,12,2526.00,1593.00,122.00,69.00,7.6676,-1,-1,-1
1324,8,3010.00,1814.00,113.00,153.00,7.6201,-1,-1,-1
1325,8,3008.00,1805.00,110.00,149.00,7.6706,-1,-1,-1
1325,12,2526.00,1585.00,120.00,71.00,7.6379,-1,-1,-1
1326,12,2526.00,1580.00,114.00,68.00,7.6537,-1,-1,-1
1326,8,3006.00,1796.00,112.00,147.00,7.6534,-1,-1,-1
1327,8,3005.00,1788.00,112.00,150.00,7.6544,-1,-1,-1
1327,12,2522.00,1577.00,115.00,65.00,7.6154,-1,-1,-1
1328,8,3004.00,1783.00,110.00,145.00,7.6725,-1,-1,-1
1328,12,2521.00,1571.00,116.00,66.00,7.6042,-1,-1,-1
1329,8,3004.00,1778.00,108.00,142.00,7.6265,-1,-1,-1
1329,12,2520.00,1568.00,118.00,66.00,7.6130,-1,-1,-1
1330,8,2999.00,1763.00,116.00,152.00,7.6283,-1,-1,-1
1330,12,2517.00,1564.00,119.00,65.00,7.6170,-1,-1,-1
1331,8,3000.00,1763.00,112.00,145.00,7.6368,-1,-1,-1
1331,12,2518.00,1563.00,115.00,58.00,7.6050,-1,-1,-1
1332,12,2516.00,1557.00,118.00,63.00,7.6630,-1,-1,-1
1332,8,2999.00,1758.00,109.00,139.00,7.5844,-1,-1,-1
1333,12,2513.00,1550.00,121.00,66.00,7.6833,-1,-1,-1
1333,8,2997.00,1749.00,111.00,141.00,7.5431,-1,-1,-1
1334,12,2512.00,1545.00,120.00,68.00,7.7239,-1,-1,-1
1334,8,2999.00,1743.00,109.00,143.00,7.5487,-1,-1,-1
1335,12,2513.00,1541.00,118.00,68.00,7.6754,-1,-1,-1
1335,8,2994.00,1733.00,111.00,146.00,7.5508,-1,-1,-1
1336,12,2511.00,1540.00,112.00,58.00,7.6440,-1,-1,-1
1336,8,2987.00,1720.00,116.00,154.00,7.4455,-1,-1,-1
1337,12,2505.00,1534.00,119.00,63.00,7.6655,-1,-1,-1
1337,8,2990.00,1714.00,110.00,149.00,7.4878,-1,-1,-1
1338,12,2505.00,1530.00,117.00,61.00,7.6516,-1,-1,-1
1338,8,2986.00,1706.00,113.00,149.00,7.5278,-1,-1,-1
1339,12,2502.00,1524.00,117.00,63.00,7.7071,-1,-1,-1
1339,8,2985.00,1698.00,115.00,152.00,7.5587,-1,-1,-1
1340,12,2502.00,1521.00,115.00,61.00,7.6888,-1,-1,-1
1340,8,2985.00,1696.00,111.00,146.00,7.5898,-1,-1,-1
1341,12,2501.00,1516.00,113.00,58.00,7.6969,-1,-1,-1
1341,8,2981.00,1688.00,112.00,144.00,7.6270,-1,-1,-1
1342,12,2499.00,1509.00,115.00,65.00,7.7323,-1,-1,-1
1342,8,2979.00,1683.00,111.00,142.00,7.6441,-1,-1,-1
1343,12,2495.00,1505.00,115.00,62.00,7.7107,-1,-1,-1
1343,8,2975.00,1669.00,115.00,151.00,7.6842,-1,-1,-1
1344,12,2493.00,1500.00,115.00,64.00,7.7126,-1,-1,-1
1344,8,2975.00,1667.00,111.00,142.00,7.7001,-1,-1,-1
1345,12,2490.00,1496.00,116.00,58.00,7.6737,-1,-1,-1
1345,8,2966.00,1653.00,120.00,143.00,7.6284,-1,-1,-1
1346,12,2486.00,1489.00,118.00,61.00,7.6706,-1,-1,-1
1346,8,2965.00,1639.00,120.00,149.00,7.6461,-1,-1,-1
1347,12,2480.00,1480.00,121.00,60.00,7.6211,-1,-1,-1
1347,8,2960.00,1626.00,118.00,148.00,7.5629,-1,-1,-1
1348,8,2959.00,1617.00,114.00,144.00,7.5718,-1,-1,-1
1348,12,2477.00,1472.00,116.00,58.00,7.5608,-1,-1,-1
1349,12,2469.00,1464.00,118.00,57.00,7.5655,-1,-1,-1
1349,8,2951.00,1603.00,119.00,142.00,7.5592,-1,-1,-1
1350,8,2947.00,1591.00,120.00,143.00,7.5387,-1,-1,-1
1350,12,2462.00,1454.00,120.00,56.00,7.4924,-1,-1,-1
1351,8,2944.00,1579.00,120.00,140.00,7.4997,-1,-1,-1
1351,12,2459.00,1447.00,116.00,54.00,7.4632,-1,-1,-1
1352,12,2453.00,1438.00,116.00,55.00,7.5130,-1,-1,-1
1352,8,2935.00,1562.00,120.00,138.00,7.4135,-1,-1,-1
1353,12,2448.00,1428.00,114.00,55.00,7.4793,-1,-1,-1
1353,8,2931.00,1550.00,120.00,141.00,7.3965,-1,-1,-1
1354,12,2438.00,1418.00,125.00,61.00,7.5419,-1,-1,-1
1354,8,2923.00,1536.00,125.00,141.00,7.3699,-1,-1,-1
1355,12,2438.00,1415.00,109.00,52.00,7.4640,-1,-1,-1
1355,8,2925.00,1529.00,118.00,135.00,7.3522,-1,-1,-1
1356,12,2431.00,1404.00,114.00,54.00,7.5053,-1,-1,-1
1356,8,2913.00,1508.00,125.00,140.00,7.3055,-1,-1,-1
1357,12,2421.00,1395.00,118.00,57.00,7.5393,-1,-1,-1
1357,8,2910.00,1504.00,120.00,133.00,7.3042,-1,-1,-1
1358,12,2417.00,1389.00,114.00,53.00,7.4530,-1,-1,-1
1358,8,2908.00,1495.00,117.00,126.00,7.3122,-1,-1,-1
1359,12,2410.00,1381.00,113.00,52.00,7.4824,-1,-1,-1
1359,8,2896.00,1476.00,124.00,134.00,7.2998,-1,-1,-1
1360,12,2400.00,1370.00,122.00,58.00,7.5421,-1,-1,-1
1360,8,2889.00,1464.00,125.00,132.00,7.2436,-1,-1,-1
1361,12,2394.00,1364.00,118.00,54.00,7.5704,-1,-1,-1
1361,8,2884.00,1455.00,124.00,129.00,7.2285,-1,-1,-1
1362,12,2388.00,1357.00,114.00,53.00,7.5440,-1,-1,-1
1362,8,2880.00,1440.00,122.00,132.00,7.1262,-1,-1,-1
1363,12,2380.00,1348.00,121.00,57.00,7.6043,-1,-1,-1
1363,8,2874.00,1429.00,121.00,130.00,7.0799,-1,-1,-1
1364,12,2374.00,1343.00,117.00,55.00,7.5984,-1,-1,-1
1364,8,2867.00,1418.00,122.00,127.00,7.0658,-1,-1,-1
1365,12,2369.00,1335.00,113.00,54.00,7.5883,-1,-1,-1
1365,8,2860.00,1412.00,122.00,122.00,7.0789,-1,-1,-1
1366,12,2364.00,1331.00,111.00,51.00,7.5986,-1,-1,-1
1366,8,2858.00,1396.00,118.00,124.00,7.1129,-1,-1,-1
1367,12,2354.00,1321.00,119.00,57.00,7.6621,-1,-1,-1
1367,8,2853.00,1388.00,118.00,125.00,7.0548,-1,-1,-1
1368,12,2351.00,1318.00,112.00,53.00,7.6474,-1,-1,-1
1368,8,2846.00,1376.00,119.00,123.00,7.0054,-1,-1,-1
1369,12,2347.00,1310.00,111.00,56.00,7.6410,-1,-1,-1
1369,8,2841.00,1371.00,116.00,119.00,7.0032,-1,-1,-1
1370,12,2340.00,1308.00,111.00,50.00,7.6549,-1,-1,-1
1370,8,2835.00,1360.00,119.00,119.00,7.0257,-1,-1,-1
1371,12,2333.00,1298.00,116.00,58.00,7.7064,-1,-1,-1
1371,8,2826.00,1347.00,121.00,124.00,7.0878,-1,-1,-1
1372,12,2330.00,1296.00,109.00,52.00,7.7004,-1,-1,-1
1372,8,2816.00,1342.00,125.00,120.00,7.0708,-1,-1,-1
1373,12,2323.00,1287.00,110.00,57.00,7.6528,-1,-1,-1
1373,8,2815.00,1333.00,119.00,115.00,7.1049,-1,-1,-1
1374,12,2317.00,1284.00,109.00,52.00,7.6664,-1,-1,-1
1374,8,2804.00,1322.00,124.00,119.00,7.0925,-1,-1,-1
1375,12,2312.00,1278.00,113.00,54.00,7.6769,-1,-1,-1
1375,8,2800.00,1315.00,126.00,114.00,7.0634,-1,-1,-1
1376,12,2301.00,1272.00,112.00,54.00,7.6621,-1,-1,-1
1376,8,2793.00,1306.00,124.00,116.00,7.0842,-1,-1,-1
1377,12,2296.00,1265.00,114.00,56.00,7.5297,-1,-1,-1
1377,8,2785.00,1298.00,126.00,114.00,7.1113,-1,-1,-1
1378,12,2291.00,1262.00,114.00,52.00,7.5272,-1,-1,-1
1378,8,2783.00,1290.00,124.00,114.00,7.1582,-1,-1,-1
1379,12,2291.00,1259.00,106.00,49.00,7.5042,-1,-1,-1
1379,8,2772.00,1275.00,128.00,121.00,7.2168,-1,-1,-1
1380,12,2284.00,1255.00,107.00,50.00,7.4415,-1,-1,-1
1380,8,2764.00,1269.00,129.00,118.00,7.2172,-1,-1,-1
1381,12,2278.00,1252.00,107.00,47.00,7.4435,-1,-1,-1
1381,8,2763.00,1264.00,124.00,114.00,7.2345,-1,-1,-1
1382,12,2274.00,1244.00,109.00,51.00,7.3141,-1,-1,-1
1382,8,2753.00,1252.00,128.00,118.00,7.2381,-1,-1,-1
1383,12,2268.00,1239.00,111.00,52.00,7.3307,-1,-1,-1
1383,8,2744.00,1245.00,133.00,118.00,7.1774,-1,-1,-1
1384,12,2262.00,1234.00,109.00,51.00,7.3685,-1,-1,-1
1384,8,2741.00,1238.00,130.00,114.00,7.1167,-1,-1,-1
1385,12,2252.00,1229.00,117.00,56.00,7.3706,-1,-1,-1
1385,8,2734.00,1229.00,130.00,117.00,7.1310,-1,-1,-1
1386,12,2253.00,1227.00,99.00,51.00,7.3713,-1,-1,-1
1386,8,2723.00,1220.00,135.00,117.00,7.1482,-1,-1,-1
1387,12,2243.00,1217.00,112.00,57.00,7.4262,-1,-1,-1
1387,8,2723.00,1216.00,131.00,112.00,7.1558,-1,-1,-1
1388,12,2236.00,1212.00,114.00,57.00,7.4540,-1,-1,-1
1388,8,2716.00,1209.00,130.00,111.00,7.1843,-1,-1,-1
1389,12,2232.00,1213.00,103.00,49.00,7.4435,-1,-1,-1
1389,8,2704.00,1198.00,136.00,115.00,7.1819,-1,-1,-1
1390,12,2224.00,1207.00,106.00,54.00,7.4557,-1,-1,-1
1390,8,2697.00,1186.00,139.00,120.00,7.1539,-1,-1,-1
1391,12,2217.00,1201.00,110.00,57.00,7.5345,-1,-1,-1
1391,8,2696.00,1187.00,133.00,107.00,7.0736,-1,-1,-1
1392,12,2214.00,1197.00,104.00,55.00,7.5134,-1,-1,-1
1392,8,2687.00,1178.00,136.00,109.00,7.0550,-1,-1,-1
1393,12,2204.00,1191.00,110.00,58.00,7.5428,-1,-1,-1
1393,8,2684.00,1173.00,133.00,106.00,6.9924,-1,-1,-1
1394,12,2196.00,1187.00,113.00,56.00,7.5693,-1,-1,-1
1394,8,2677.00,1162.00,132.00,106.00,6.9311,-1,-1,-1
1395,12,2190.00,1184.00,114.00,56.00,7.6282,-1,-1,-1
1395,8,2669.00,1153.00,137.00,106.00,6.9293,-1,-1,-1
1396,12,2185.00,1178.00,110.00,60.00,7.6226,-1,-1,-1
1396,8,2663.00,1147.00,134.00,106.00,6.9060,-1,-1,-1
1397,12,2176.00,1174.00,111.00,60.00,7.5855,-1,-1,-1
1397,8,2657.00,1141.00,130.00,103.00,6.7052,-1,-1,-1
1398,12,2170.00,1168.00,113.00,61.00,7.6129,-1,-1,-1
1398,8,2658.00,1140.00,123.00,96.00,6.5951,-1,-1,-1
1399,12,2167.00,1168.00,105.00,58.00,7.6192,-1,-1,-1
1399,8,2646.00,1135.00,128.00,94.00,6.6266,-1,-1,-1
1400,12,2158.00,1166.00,107.00,56.00,7.6458,-1,-1,-1
1400,8,2650.00,1134.00,113.00,87.00,6.4721,-1,-1,-1
1401,12,2149.00,1162.00,109.00,55.00,7.6543,-1,-1,-1
1401,8,2631.00,1116.00,125.00,98.00,6.4278,-1,-1,-1
1402,12,2144.00,1157.00,110.00,57.00,7.7067,-1,-1,-1
1402,8,2622.00,1108.00,127.00,100.00,6.4999,-1,-1,-1
1403,12,2144.00,1155.00,100.00,55.00,7.7005,-1,-1,-1
1403,8,2627.00,1111.00,118.00,93.00,6.4793,-1,-1,-1
1404,12,2139.00,1152.00,105.00,58.00,7.6741,-1,-1,-1
1404,8,2621.00,1108.00,118.00,93.00,6.4561,-1,-1,-1
1405,12,2136.00,1150.00,105.00,56.00,7.6084,-1,-1,-1
1405,8,2618.00,1105.00,119.00,91.00,6.4106,-1,-1,-1
1406,12,2137.00,1150.00,99.00,54.00,7.4804,-1,-1,-1
1406,8,2607.00,1100.00,127.00,93.00,6.4083,-1,-1,-1
1407,12,2129.00,1143.00,108.00,60.00,7.4624,-1,-1,-1
1407,8,2603.00,1097.00,128.00,93.00,6.4761,-1,-1,-1
1408,12,2123.00,1139.00,111.00,62.00,7.5582,-1,-1,-1
1408,8,2600.00,1095.00,125.00,88.00,6.4581,-1,-1,-1
1409,12,2115.00,1140.00,104.00,55.00,7.5894,-1,-1,-1
1409,8,2590.00,1083.00,124.00,93.00,6.4919,-1,-1,-1
1410,12,2105.00,1134.00,106.00,57.00,7.5849,-1,-1,-1
1410,8,2577.00,1077.00,127.00,87.00,6.5094,-1,-1,-1
1411,12,2094.00,1126.00,104.00,58.00,7.5916,-1,-1,-1
1411,8,2561.00,1060.00,128.00,92.00,6.5711,-1,-1,-1
1412,12,2075.00,1117.00,109.00,66.00,7.6423,-1,-1,-1
1412,8,2542.00,1045.00,129.00,90.00,6.6492,-1,-1,-1
1413,12,2062.00,1115.00,102.00,61.00,7.6317,-1,-1,-1
1413,8,2523.00,1034.00,132.00,88.00,6.5966,-1,-1,-1
1414,12,2046.00,1111.00,101.00,59.00,7.5924,-1,-1,-1
1414,8,2510.00,1026.00,128.00,83.00,6.6310,-1,-1,-1
1415,12,2026.00,1101.00,105.00,65.00,7.6527,-1,-1,-1
1415,8,2484.00,1004.00,133.00,90.00,6.6843,-1,-1,-1
1416,12,2007.00,1096.00,107.00,69.00,7.6521,-1,-1,-1
1416,8,2467.00,996.00,130.00,86.00,6.7277,-1,-1,-1
1417,12,1993.00,1091.00,101.00,67.00,7.6197,-1,-1,-1
1417,8,2447.00,982.00,132.00,84.00,6.6919,-1,-1,-1
1418,12,1978.00,1089.00,99.00,62.00,7.5955,-1,-1,-1
1418,8,2440.00,975.00,119.00,79.00,6.5750,-1,-1,-1
1419,12,1964.00,1084.00,98.00,65.00,7.6141,-1,-1,-1
1419,8,2410.00,954.00,132.00,87.00,6.6493,-1,-1,-1
1420,12,1951.00,1082.00,98.00,62.00,7.5677,-1,-1,-1
1420,8,2395.00,948.00,132.00,86.00,6.6795,-1,-1,-1
1421,12,1944.00,1077.00,101.00,67.00,7.5961,-1,-1,-1
1421,8,2391.00,945.00,128.00,81.00,6.6316,-1,-1,-1
1422,12,1937.00,1076.00,100.00,68.00,7.6549,-1,-1,-1
1422,8,2386.00,940.00,128.00,83.00,6.6103,-1,-1,-1
1423,12,1932.00,1078.00,96.00,62.00,7.7026,-1,-1,-1
1423,8,2382.00,943.00,127.00,76.00,6.4673,-1,-1,-1
1424,12,1928.00,1076.00,97.00,63.00,7.6908,-1,-1,-1
1424,8,2377.00,942.00,124.00,75.00,6.4594,-1,-1,-1
1425,12,1917.00,1074.00,100.00,65.00,7.6448,-1,-1,-1
1425,8,2372.00,935.00,125.00,81.00,6.4749,-1,-1,-1
1426,12,1917.00,1072.00,101.00,69.00,7.5287,-1,-1,-1
1426,8,2374.00,935.00,118.00,78.00,6.4488,-1,-1,-1
1427,12,1912.00,1070.00,104.00,67.00,7.5385,-1,-1,-1
1427,8,2372.00,938.00,117.00,73.00,6.3207,-1,-1,-1
1428,12,1912.00,1070.00,104.00,64.00,7.5566,-1,-1,-1
1428,8,2367.00,934.00,120.00,75.00,6.3424,-1,-1,-1
1429,12,1907.00,1067.00,107.00,68.00,7.6058,-1,-1,-1
1429,8,2373.00,937.00,110.00,73.00,6.3054,-1,-1,-1
1430,12,1906.00,1069.00,102.00,64.00,7.6673,-1,-1,-1
1430,8,2369.00,937.00,111.00,70.00,6.2926,-1,-1,-1
1431,12,1908.00,1068.00,99.00,64.00,7.7231,-1,-1,-1
1431,8,2358.00,930.00,119.00,77.00,6.3179,-1,-1,-1
1432,12,1906.00,1067.00,98.00,64.00,7.7686,-1,-1,-1
1432,8,2368.00,937.00,107.00,67.00,6.1847,-1,-1,-1
1433,12,1904.00,1065.00,100.00,65.00,7.8007,-1,-1,-1
1433,8,2360.00,935.00,114.00,67.00,6.0050,-1,-1,-1
1434,12,1903.00,1066.00,99.00,65.00,7.7954,-1,-1,-1
1434,8,2355.00,932.00,119.00,70.00,5.9315,-1,-1,-1
1435,12,1902.00,1067.00,97.00,63.00,7.8128,-1,-1,-1
1435,8,2355.00,932.00,118.00,68.00,5.8592,-1,-1,-1
1436,12,1899.00,1065.00,100.00,63.00,7.7850,-1,-1,-1
1436,8,2353.00,929.00,117.00,69.00,5.8442,-1,-1,-1
1437,12,1899.00,1064.00,99.00,62.00,7.7757,-1,-1,-1
1437,8,2344.00,927.00,124.00,70.00,5.9647,-1,-1,-1
1438,12,1894.00,1064.00,98.00,60.00,7.7667,-1,-1,-1
1438,8,2344.00,929.00,119.00,67.00,5.9201,-1,-1,-1
1439,12,1890.00,1059.00,99.00,64.00,7.7317,-1,-1,-1
1439,8,2337.00,925.00,120.00,69.00,5.8245,-1,-1,-1
1440,12,1881.00,1055.00,106.00,67.00,7.7082,-1,-1,-1
1440,8,2329.00,919.00,125.00,70.00,5.8022,-1,-1,-1
1441,12,1875.00,1058.00,107.00,63.00,7.6133,-1,-1,-1
1441,8,2315.00,911.00,129.00,75.00,5.9607,-1,-1,-1
1442,12,1865.00,1053.00,108.00,68.00,7.5829,-1,-1,-1
1442,8,2304.00,908.00,126.00,69.00,6.0544,-1,-1,-1
1443,12,1859.00,1054.00,99.00,63.00,7.6270,-1,-1,-1
1443,8,2297.00,905.00,124.00,69.00,6.0495,-1,-1,-1
1444,12,1850.00,1052.00,97.00,64.00,7.5832,-1,-1,-1
1444,8,2282.00,894.00,125.00,75.00,6.1958,-1,-1,-1
1445,12,1835.00,1046.00,104.00,72.00,7.6309,-1,-1,-1
1445,8,2272.00,891.00,126.00,72.00,6.3650,-1,-1,-1
1446,12,1830.00,1049.00,97.00,65.00,7.6267,-1,-1,-1
1446,8,2263.00,888.00,124.00,70.00,6.4579,-1,-1,-1
1447,12,1816.00,1044.00,105.00,70.00,7.6415,-1,-1,-1
1447,8,2250.00,878.00,125.00,74.00,6.5049,-1,-1,-1
1448,12,1811.00,1048.00,97.00,63.00,7.6629,-1,-1,-1
1448,8,2238.00,875.00,127.00,72.00,6.3989,-1,-1,-1
1449,12,1804.00,1044.00,96.00,67.00,7.6418,-1,-1,-1
1449,8,2223.00,874.00,129.00,70.00,6.5000,-1,-1,-1
1450,12,1789.00,1045.00,98.00,67.00,7.6806,-1,-1,-1
1450,8,2215.00,868.00,128.00,73.00,6.6295,-1,-1,-1
1451,12,1788.00,1043.00,92.00,66.00,7.7242,-1,-1,-1
1451,8,2207.00,867.00,125.00,70.00,6.6186,-1,-1,-1
1452,12,1773.00,1041.00,97.00,70.00,7.7244,-1,-1,-1
1452,8,2193.00,858.00,130.00,76.00,6.7158,-1,-1,-1
1453,12,1768.00,1041.00,92.00,70.00,7.7639,-1,-1,-1
1453,8,2187.00,859.00,127.00,65.00,6.6689,-1,-1,-1
1454,12,1761.00,1038.00,94.00,72.00,7.7889,-1,-1,-1
1454,8,2178.00,860.00,123.00,65.00,6.6637,-1,-1,-1
1455,12,1754.00,1039.00,96.00,72.00,7.7676,-1,-1,-1
1455,8,2172.00,853.00,127.00,70.00,6.5310,-1,-1,-1
1456,12,1747.00,1038.00,97.00,76.00,7.7566,-1,-1,-1
1456,8,2166.00,855.00,125.00,69.00,6.5409,-1,-1,-1
1457,12,1743.00,1040.00,94.00,73.00,7.8056,-1,-1,-1
1457,8,2164.00,852.00,118.00,69.00,6.4985,-1,-1,-1
1458,12,1739.00,1042.00,94.00,68.00,7.8293,-1,-1,-1
1458,8,2156.00,849.00,123.00,72.00,6.5141,-1,-1,-1
1459,12,1732.00,1039.00,99.00,76.00,7.8309,-1,-1,-1
1459,8,2147.00,850.00,126.00,69.00,6.6351,-1,-1,-1
1460,12,1729.00,1040.00,98.00,72.00,7.8016,-1,-1,-1
1460,8,2149.00,847.00,122.00,72.00,6.6466,-1,-1,-1
1461,12,1726.00,1042.00,97.00,69.00,7.7419,-1,-1,-1
1461,8,2143.00,846.00,124.00,70.00,6.7197,-1,-1,-1
1462,12,1726.00,1040.00,94.00,70.00,7.7111,-1,-1,-1
1462,8,2144.00,845.00,121.00,69.00,6.8138,-1,-1,-1
1463,12,1726.00,1043.00,95.00,65.00,7.6924,-1,-1,-1
1463,8,2145.00,844.00,121.00,69.00,6.8974,-1,-1,-1
1464,12,1724.00,1042.00,98.00,67.00,7.6761,-1,-1,-1
1464,8,2145.00,844.00,121.00,68.00,6.9651,-1,-1,-1
1465,12,1727.00,1042.00,95.00,64.00,7.6647,-1,-1,-1
1465,8,2145.00,843.00,122.00,68.00,7.0254,-1,-1,-1
1466,12,1728.00,1041.00,94.00,64.00,7.6652,-1,-1,-1
1466,8,2145.00,842.00,123.00,69.00,7.0822,-1,-1,-1
1467,12,1728.00,1041.00,95.00,64.00,7.6768,-1,-1,-1
1467,8,2147.00,844.00,123.00,66.00,7.1235,-1,-1,-1
1468,12,1730.00,1041.00,95.00,63.00,7.6949,-1,-1,-1
1468,8,2146.00,844.00,125.00,67.00,7.1626,-1,-1,-1
1469,12,1732.00,1040.00,93.00,63.00,7.7211,-1,-1,-1
1469,8,2149.00,847.00,122.00,63.00,7.1896,-1,-1,-1
1470,12,1730.00,1039.00,97.00,64.00,7.7489,-1,-1,-1
1470,8,2148.00,847.00,124.00,63.00,7.2284,-1,-1,-1
1471,12,1728.00,1039.00,100.00,64.00,7.7651,-1,-1,-1
1471,8,2147.00,846.00,125.00,66.00,7.2596,-1,-1,-1
1472,12,1728.00,1039.00,99.00,62.00,7.7753,-1,-1,-1
1472,8,2147.00,845.00,128.00,66.00,7.2861,-1,-1,-1
1473,12,1728.00,1038.00,99.00,63.00,7.7910,-1,-1,-1
1473,8,2149.00,844.00,126.00,68.00,7.3326,-1,-1,-1
1474,12,1730.00,1037.00,95.00,63.00,7.7991,-1,-1,-1
1474,8,2150.00,844.00,127.00,69.00,7.3788,-1,-1,-1
1475,12,1730.00,1037.00,96.00,61.00,7.7944,-1,-1,-1
1475,8,2151.00,844.00,126.00,69.00,7.4100,-1,-1,-1
1476,12,1734.00,1036.00,92.00,60.00,7.7920,-1,-1,-1
1476,8,2151.00,843.00,127.00,70.00,7.4426,-1,-1,-1
1477,12,1734.00,1036.00,92.00,59.00,7.7882,-1,-1,-1
1477,8,2150.00,845.00,128.00,69.00,7.4981,-1,-1,-1
1478,12,1735.00,1034.00,92.00,60.00,7.7591,-1,-1,-1
1478,8,2150.00,845.00,128.00,70.00,7.5291,-1,-1,-1
1479,12,1730.00,1030.00,100.00,65.00,7.6992,-1,-1,-1
1479,8,2148.00,846.00,128.00,68.00,7.5275,-1,-1,-1
1480,12,1723.00,1031.00,104.00,62.00,7.6593,-1,-1,-1
1480,8,2150.00,845.00,125.00,69.00,7.4987,-1,-1,-1
1481,12,1721.00,1028.00,106.00,67.00,7.6129,-1,-1,-1
1481,8,2145.00,844.00,127.00,70.00,7.4597,-1,-1,-1
1482,12,1715.00,1025.00,110.00,71.00,7.6536,-1,-1,-1
1482,8,2144.00,838.00,126.00,76.00,7.4549,-1,-1,-1
1483,12,1717.00,1029.00,99.00,63.00,7.6791,-1,-1,-1
1483,8,2140.00,839.00,125.00,72.00,7.3435,-1,-1,-1
1484,12,1712.00,1028.00,101.00,66.00,7.7302,-1,-1,-1
1484,8,2132.00,832.00,131.00,77.00,7.3581,-1,-1,-1
1485,12,1711.00,1029.00,97.00,64.00,7.7441,-1,-1,-1
1485,8,2130.00,835.00,128.00,72.00,7.3088,-1,-1,-1
1486,12,1702.00,1026.00,107.00,69.00,7.7080,-1,-1,-1
1486,8,2124.00,831.00,131.00,76.00,7.3530,-1,-1,-1
1487,12,1696.00,1027.00,108.00,68.00,7.6737,-1,-1,-1
1487,8,2122.00,829.00,128.00,77.00,7.2748,-1,-1,-1
1488,12,1691.00,1027.00,111.00,70.00,7.6871,-1,-1,-1
1488,8,2114.00,830.00,130.00,72.00,7.1273,-1,-1,-1
1489,12,1690.00,1029.00,103.00,65.00,7.7041,-1,-1,-1
1489,8,2112.00,825.00,125.00,77.00,7.1247,-1,-1,-1
1490,12,1686.00,1028.00,103.00,67.00,7.7139,-1,-1,-1
1490,8,2110.00,827.00,124.00,70.00,7.1195,-1,-1,-1
1491,12,1682.00,1028.00,104.00,67.00,7.6982,-1,-1,-1
1491,8,2101.00,823.00,125.00,75.00,7.1697,-1,-1,-1
1492,12,1673.00,1026.00,110.00,69.00,7.6637,-1,-1,-1
1492,8,2105.00,824.00,116.00,71.00,7.1362,-1,-1,-1
1493,12,1668.00,1026.00,114.00,68.00,7.6182,-1,-1,-1
1493,8,2092.00,821.00,124.00,73.00,7.1598,-1,-1,-1
1494,12,1664.00,1027.00,115.00,68.00,7.6528,-1,-1,-1
1494,8,2089.00,822.00,124.00,70.00,7.1723,-1,-1,-1
1495,12,1665.00,1029.00,105.00,65.00,7.6709,-1,-1,-1
1495,8,2087.00,819.00,122.00,73.00,7.1508,-1,-1,-1
1496,12,1660.00,1028.00,107.00,65.00,7.6920,-1,-1,-1
1496,8,2082.00,819.00,123.00,68.00,7.1830,-1,-1,-1
1497,12,1656.00,1029.00,109.00,67.00,7.6673,-1,-1,-1
1497,8,2078.00,818.00,121.00,70.00,7.1881,-1,-1,-1
1498,12,1653.00,1027.00,110.00,68.00,7.6588,-1,-1,-1
1498,8,2074.00,818.00,124.00,69.00,7.1968,-1,-1,-1
1499,12,1651.00,1028.00,108.00,64.00,7.5806,-1,-1,-1
1499,8,2065.00,814.00,127.00,69.00,7.2218,-1,-1,-1
1500,12,1645.00,1024.00,115.00,70.00,7.4623,-1,-1,-1
1500,8,2062.00,812.00,126.00,73.00,7.2154,-1,-1,-1
1501,12,1645.00,1023.00,112.00,71.00,7.4331,-1,-1,-1
1501,8,2058.00,813.00,125.00,69.00,7.2727,-1,-1,-1
1502,12,1642.00,1025.00,108.00,66.00,7.4579,-1,-1,-1
1502,8,2050.00,816.00,130.00,66.00,7.3522,-1,-1,-1
1503,12,1640.00,1023.00,109.00,69.00,7.5007,-1,-1,-1
1503,8,2045.00,813.00,133.00,71.00,7.3416,-1,-1,-1
1504,12,1639.00,1022.00,111.00,69.00,7.5337,-1,-1,-1
1504,8,2044.00,813.00,131.00,69.00,7.3590,-1,-1,-1
1505,12,1638.00,1020.00,111.00,72.00,7.5759,-1,-1,-1
1505,8,2043.00,816.00,130.00,64.00,7.3825,-1,-1,-1
1506,12,1635.00,1018.00,109.00,72.00,7.6072,-1,-1,-1
1506,8,2039.00,815.00,132.00,65.00,7.4119,-1,-1,-1
1507,12,1634.00,1016.00,109.00,74.00,7.6457,-1,-1,-1
1507,8,2035.00,813.00,132.00,67.00,7.3817,-1,-1,-1
1508,12,1629.00,1015.00,113.00,78.00,7.6530,-1,-1,-1
1508,8,2029.00,807.00,137.00,74.00,7.3816,-1,-1,-1
1509,12,1628.00,1015.00,109.00,75.00,7.6123,-1,-1,-1
1509,8,2031.00,808.00,134.00,73.00,7.3432,-1,-1,-1
1510,12,1627.00,1013.00,110.00,78.00,7.5923,-1,-1,-1
1510,8,2028.00,810.00,134.00,68.00,7.3421,-1,-1,-1
1511,12,1626.00,1013.00,107.00,75.00,7.5786,-1,-1,-1
1511,8,2029.00,813.00,130.00,64.00,7.3632,-1,-1,-1
1512,12,1621.00,1013.00,111.00,78.00,7.6097,-1,-1,-1
1512,8,2029.00,815.00,131.00,63.00,7.3974,-1,-1,-1
1513,12,1621.00,1013.00,108.00,77.00,7.6469,-1,-1,-1
1513,8,2031.00,815.00,126.00,62.00,7.3525,-1,-1,-1
1514,12,1620.00,1012.00,108.00,76.00,7.6236,-1,-1,-1
1514,8,2030.00,815.00,127.00,64.00,7.3279,-1,-1,-1
1515,12,1621.00,1013.00,103.00,74.00,7.5829,-1,-1,-1
1515,8,2026.00,813.00,130.00,70.00,7.2988,-1,-1,-1
1516,12,1618.00,1013.00,104.00,75.00,7.5742,-1,-1,-1
1516,8,2025.00,812.00,128.00,69.00,7.2650,-1,-1,-1
1517,12,1619.00,1011.00,102.00,75.00,7.5554,-1,-1,-1
1517,8,2021.00,809.00,129.00,71.00,7.2535,-1,-1,-1
1518,12,1619.00,1011.00,100.00,76.00,7.5327,-1,-1,-1
1518,8,2025.00,809.00,125.00,67.00,7.0258,-1,-1,-1
1519,12,1618.00,1012.00,97.00,75.00,7.5342,-1,-1,-1
1519,8,2021.00,810.00,128.00,65.00,6.8608,-1,-1,-1
1520,12,1615.00,1013.00,99.00,75.00,7.5743,-1,-1,-1
1520,8,2014.00,808.00,134.00,68.00,6.8424,-1,-1,-1
1521,12,1617.00,1013.00,94.00,73.00,7.5925,-1,-1,-1
1521,8,2008.00,803.00,137.00,75.00,6.8836,-1,-1,-1
1522,12,1613.00,1014.00,97.00,73.00,7.5950,-1,-1,-1
1522,8,2013.00,807.00,132.00,70.00,6.9041,-1,-1,-1
1523,12,1613.00,1014.00,98.00,71.00,7.5607,-1,-1,-1
1523,8,2011.00,804.00,132.00,73.00,6.8874,-1,-1,-1
1524,12,1606.00,1015.00,103.00,72.00,7.5237,-1,-1,-1
1524,8,2011.00,807.00,131.00,70.00,6.7681,-1,-1,-1
1525,12,1604.00,1015.00,104.00,71.00,7.5107,-1,-1,-1
1525,8,2009.00,805.00,131.00,69.00,6.6818,-1,-1,-1
1526,12,1606.00,1016.00,102.00,69.00,7.4866,-1,-1,-1
1526,8,2011.00,807.00,129.00,68.00,6.6905,-1,-1,-1
1527,12,1609.00,1015.00,97.00,69.00,7.5029,-1,-1,-1
1527,8,2012.00,807.00,124.00,68.00,6.7124,-1,-1,-1
1528,12,1606.00,1017.00,96.00,67.00,7.4883,-1,-1,-1
1528,8,2007.00,809.00,127.00,67.00,6.8250,-1,-1,-1
1529,12,1608.00,1018.00,91.00,65.00,7.4824,-1,-1,-1
1529,8,2002.00,806.00,131.00,70.00,6.9117,-1,-1,-1
1530,12,1601.00,1017.00,98.00,68.00,7.5129,-1,-1,-1
1530,8,2000.00,805.00,133.00,69.00,7.0113,-1,-1,-1
1531,12,1601.00,1016.00,98.00,68.00,7.5430,-1,-1,-1
1531,8,2000.00,803.00,132.00,71.00,7.0748,-1,-1,-1
1532,12,1599.00,1017.00,95.00,67.00,7.5227,-1,-1,-1
1532,8,2000.00,802.00,131.00,73.00,7.0691,-1,-1,-1
1533,12,1599.00,1014.00,96.00,71.00,7.4998,-1,-1,-1
1533,8,1999.00,802.00,132.00,72.00,6.9584,-1,-1,-1
1534,12,1599.00,1015.00,95.00,67.00,7.4880,-1,-1,-1
1534,8,1994.00,804.00,135.00,68.00,6.8953,-1,-1,-1
1535,12,1600.00,1014.00,93.00,68.00,7.4472,-1,-1,-1
1535,8,1994.00,805.00,133.00,66.00,6.8382,-1,-1,-1
1536,12,1597.00,1011.00,102.00,70.00,7.3921,-1,-1,-1
1536,8,1995.00,804.00,132.00,67.00,6.7733,-1,-1,-1
1537,12,1597.00,1008.00,101.00,72.00,7.3266,-1,-1,-1
1537,8,1998.00,804.00,128.00,67.00,6.7197,-1,-1,-1
1538,12,1595.00,1006.00,103.00,75.00,7.3092,-1,-1,-1
1538,8,1997.00,804.00,129.00,66.00,6.6918,-1,-1,-1
1539,12,1593.00,1006.00,105.00,75.00,7.2973,-1,-1,-1
1539,8,1995.00,806.00,130.00,64.00,6.6968,-1,-1,-1
1540,12,1595.00,1004.00,102.00,75.00,7.3057,-1,-1,-1
1540,8,1993.00,804.00,133.00,66.00,6.7613,-1,-1,-1
1541,12,1595.00,1004.00,102.00,75.00,7.3244,-1,-1,-1
1541,8,1992.00,804.00,134.00,66.00,6.8210,-1,-1,-1
1542,12,1596.00,1003.00,99.00,74.00,7.3542,-1,-1,-1
1542,8,1990.00,803.00,137.00,67.00,6.8942,-1,-1,-1
1543,12,1594.00,1001.00,104.00,78.00,7.4146,-1,-1,-1
1543,8,1992.00,803.00,134.00,66.00,6.9375,-1,-1,-1
1544,12,1593.00,999.00,107.00,81.00,7.4667,-1,-1,-1
1544,8,1996.00,804.00,130.00,64.00,6.9319,-1,-1,-1
1545,12,1592.00,999.00,109.00,82.00,7.4928,-1,-1,-1
1545,8,2000.00,804.00,130.00,65.00,6.8452,-1,-1,-1
1546,12,1592.00,998.00,110.00,82.00,7.5111,-1,-1,-1
1546,8,1999.00,804.00,131.00,67.00,6.7502,-1,-1,-1
1547,12,1594.00,995.00,102.00,84.00,7.5473,-1,-1,-1
1547,8,2002.00,806.00,129.00,64.00,6.6671,-1,-1,-1
1548,12,1596.00,992.00,101.00,86.00,7.5817,-1,-1,-1
1548,8,1999.00,806.00,134.00,62.00,6.6035,-1,-1,-1
1549,12,1595.00,992.00,103.00,86.00,7.6188,-1,-1,-1
1549,8,1997.00,805.00,137.00,64.00,6.5709,-1,-1,-1
1550,12,1597.00,991.00,102.00,86.00,7.6463,-1,-1,-1
1550,8,2003.00,807.00,130.00,61.00,6.5367,-1,-1,-1
1551,12,1597.00,989.00,102.00,88.00,7.6684,-1,-1,-1
1551,8,2005.00,807.00,129.00,61.00,6.5302,-1,-1,-1
1552,12,1597.00,989.00,102.00,87.00,7.6810,-1,-1,-1
1552,8,2004.00,806.00,132.00,64.00,6.5283,-1,-1,-1
1553,12,1597.00,988.00,103.00,87.00,7.6880,-1,-1,-1
1553,8,2007.00,805.00,132.00,67.00,6.4554,-1,-1,-1
1554,12,1598.00,990.00,102.00,84.00,7.6868,-1,-1,-1
1554,8,2011.00,807.00,129.00,65.00,6.3938,-1,-1,-1
1555,12,1598.00,990.00,104.00,85.00,7.6952,-1,-1,-1
1555,8,2012.00,808.00,128.00,63.00,6.3392,-1,-1,-1
1556,12,1599.00,993.00,103.00,80.00,7.6727,-1,-1,-1
1556,8,2017.00,812.00,127.00,59.00,6.1298,-1,-1,-1
1557,12,1597.00,994.00,108.00,82.00,7.6500,-1,-1,-1
1557,8,2018.00,813.00,129.00,60.00,6.0461,-1,-1,-1
1558,12,1597.00,996.00,107.00,79.00,7.6482,-1,-1,-1
1558,8,2017.00,813.00,129.00,61.00,5.9878,-1,-1,-1
1559,12,1600.00,997.00,104.00,77.00,7.6368,-1,-1,-1
1559,8,2028.00,814.00,116.00,59.00,5.8343,-1,-1,-1
1560,12,1604.00,1001.00,100.00,72.00,7.6126,-1,-1,-1
1560,8,2029.00,817.00,118.00,57.00,5.8829,-1,-1,-1
1561,12,1602.00,1000.00,104.00,72.00,7.6216,-1,-1,-1
1561,8,2030.00,816.00,120.00,60.00,5.9854,-1,-1,-1
1562,12,1604.00,1000.00,104.00,74.00,7.6120,-1,-1,-1
1562,8,2028.00,817.00,122.00,60.00,6.1257,-1,-1,-1
1563,12,1603.00,1001.00,107.00,74.00,7.5787,-1,-1,-1
1563,8,2024.00,815.00,126.00,64.00,6.2760,-1,-1,-1
1564,12,1604.00,1003.00,104.00,72.00,7.5660,-1,-1,-1
1564,8,2025.00,814.00,125.00,67.00,6.4112,-1,-1,-1
1565,12,1604.00,1005.00,103.00,69.00,7.5436,-1,-1,-1
1565,8,2031.00,818.00,118.00,63.00,6.5379,-1,-1,-1
1566,12,1606.00,1009.00,100.00,65.00,7.5421,-1,-1,-1
1566,8,2029.00,817.00,120.00,66.00,6.6540,-1,-1,-1
1567,12,1603.00,1009.00,103.00,67.00,7.5380,-1,-1,-1
1567,8,2032.00,819.00,117.00,65.00,6.7488,-1,-1,-1
1568,12,1606.00,1010.00,100.00,68.00,7.5138,-1,-1,-1
1568,8,2035.00,819.00,114.00,68.00,6.7836,-1,-1,-1
1569,12,1609.00,1012.00,97.00,66.00,7.5278,-1,-1,-1
1569,8,2034.00,819.00,116.00,71.00,6.8575,-1,-1,-1
1570,12,1611.00,1014.00,93.00,65.00,7.5324,-1,-1,-1
1570,8,2033.00,823.00,120.00,71.00,6.9463,-1,-1,-1
1571,12,1610.00,1014.00,94.00,67.00,7.5303,-1,-1,-1
1571,8,2033.00,822.00,121.00,73.00,6.9104,-1,-1,-1
1572,12,1610.00,1014.00,97.00,69.00,7.5276,-1,-1,-1
1572,8,2033.00,824.00,123.00,70.00,6.9902,-1,-1,-1
1573,12,1610.00,1015.00,97.00,69.00,7.5061,-1,-1,-1
1573,8,2030.00,825.00,127.00,74.00,7.0416,-1,-1,-1
1574,12,1607.00,1014.00,101.00,74.00,7.4564,-1,-1,-1
1574,8,2038.00,826.00,119.00,76.00,7.0073,-1,-1,-1
1575,12,1608.00,1014.00,104.00,76.00,7.4822,-1,-1,-1
1575,8,2043.00,829.00,116.00,71.00,6.9873,-1,-1,-1
1576,12,1608.00,1014.00,105.00,78.00,7.4888,-1,-1,-1
1576,8,2039.00,830.00,122.00,74.00,7.0365,-1,-1,-1
1577,12,1607.00,1017.00,106.00,75.00,7.4984,-1,-1,-1
1577,8,2039.00,831.00,122.00,78.00,7.0473,-1,-1,-1
1578,12,1604.00,1017.00,112.00,77.00,7.4883,-1,-1,-1
1578,8,2038.00,832.00,128.00,82.00,6.9975,-1,-1,-1
1579,12,1610.00,1022.00,104.00,71.00,7.4766,-1,-1,-1
1579,8,2041.00,838.00,125.00,73.00,6.9018,-1,-1,-1
1580,12,1614.00,1023.00,100.00,70.00,7.5112,-1,-1,-1
1580,8,2045.00,843.00,118.00,69.00,6.7918,-1,-1,-1
1581,12,1613.00,1026.00,101.00,69.00,7.5394,-1,-1,-1
1581,8,2046.00,846.00,116.00,69.00,6.7142,-1,-1,-1
1582,12,1613.00,1028.00,101.00,67.00,7.5650,-1,-1,-1
1582,8,2045.00,845.00,121.00,76.00,6.7400,-1,-1,-1
1583,12,1614.00,1032.00,101.00,68.00,7.5427,-1,-1,-1
1583,8,2040.00,844.00,130.00,79.00,6.8358,-1,-1,-1
1584,12,1615.00,1034.00,99.00,68.00,7.5088,-1,-1,-1
1584,8,2041.00,848.00,123.00,74.00,6.8480,-1,-1,-1
1585,12,1613.00,1034.00,100.00,71.00,7.5179,-1,-1,-1
1585,8,2038.00,850.00,128.00,75.00,6.8263,-1,-1,-1
1586,12,1608.00,1035.00,105.00,75.00,7.5444,-1,-1,-1
1586,8,2043.00,857.00,123.00,71.00,6.8631,-1,-1,-1
1587,12,1611.00,1038.00,101.00,72.00,7.5756,-1,-1,-1
1587,8,2042.00,858.00,125.00,75.00,6.9511,-1,-1,-1
1588,12,1614.00,1039.00,99.00,71.00,7.5751,-1,-1,-1
1588,8,2043.00,861.00,127.00,72.00,7.0032,-1,-1,-1
1589,12,1612.00,1040.00,103.00,73.00,7.5701,-1,-1,-1
1589,8,2041.00,864.00,127.00,71.00,6.9595,-1,-1,-1
1590,12,1613.00,1042.00,103.00,75.00,7.5596,-1,-1,-1
1590,8,2042.00,870.00,123.00,68.00,6.7700,-1,-1,-1
1591,12,1611.00,1043.00,108.00,78.00,7.5826,-1,-1,-1
1591,8,2043.00,875.00,123.00,67.00,6.4919,-1,-1,-1
1592,12,1614.00,1046.00,106.00,76.00,7.6292,-1,-1,-1
1592,8,2043.00,874.00,129.00,72.00,6.4074,-1,-1,-1
1593,12,1611.00,1051.00,109.00,73.00,7.5829,-1,-1,-1
1593,8,2043.00,877.00,127.00,71.00,6.3291,-1,-1,-1
1594,12,1615.00,1058.00,102.00,68.00,7.4910,-1,-1,-1
1594,8,2046.00,885.00,124.00,68.00,6.3510,-1,-1,-1
1595,12,1617.00,1061.00,99.00,69.00,7.5035,-1,-1,-1
1595,8,2046.00,883.00,128.00,75.00,6.4426,-1,-1,-1
1596,12,1616.00,1061.00,103.00,71.00,7.5606,-1,-1,-1
1596,8,2042.00,888.00,133.00,72.00,6.4948,-1,-1,-1
1597,12,1617.00,1066.00,104.00,70.00,7.6262,-1,-1,-1
1597,8,2043.00,890.00,134.00,74.00,6.4222,-1,-1,-1
1598,12,1618.00,1067.00,103.00,71.00,7.6482,-1,-1,-1
1598,8,2045.00,892.00,130.00,79.00,6.4467,-1,-1,-1
1599,12,1619.00,1071.00,100.00,68.00,7.6285,-1,-1,-1
1599,8,2041.00,901.00,131.00,72.00,6.4858,-1,-1,-1
1600,12,1616.00,1073.00,105.00,71.00,7.6474,-1,-1,-1
1600,8,2044.00,908.00,125.00,67.00,6.4614,-1,-1,-1
1601,12,1621.00,1079.00,97.00,66.00,7.5625,-1,-1,-1
1601,8,2051.00,911.00,126.00,70.00,6.5595,-1,-1,-1
1602,12,1617.00,1082.00,104.00,69.00,7.4578,-1,-1,-1
1602,8,2050.00,914.00,126.00,71.00,6.6319,-1,-1,-1
1603,12,1616.00,1083.00,97.00,77.00,7.4967,-1,-1,-1
1603,8,2057.00,914.00,121.00,75.00,6.5647,-1,-1,-1
1604,12,1608.00,1090.00,101.00,70.00,7.4115,-1,-1,-1
1604,8,2047.00,916.00,129.00,81.00,6.4281,-1,-1,-1
1605,12,1614.00,1092.00,96.00,74.00,7.3007,-1,-1,-1
1605,8,2044.00,916.00,130.00,85.00,6.2221,-1,-1,-1
1606,12,1608.00,1099.00,103.00,71.00,7.2355,-1,-1,-1
1606,8,2055.00,926.00,122.00,80.00,6.1540,-1,-1,-1
1607,12,1607.00,1098.00,101.00,72.00,7.1317,-1,-1,-1
1607,8,2053.00,931.00,123.00,79.00,6.2205,-1,-1,-1
1608,12,1611.00,1103.00,94.00,73.00,7.1796,-1,-1,-1
1608,8,2059.00,934.00,118.00,81.00,6.2216,-1,-1,-1
1609,12,1609.00,1108.00,99.00,68.00,7.2387,-1,-1,-1
1609,8,2049.00,935.00,128.00,87.00,6.2342,-1,-1,-1
1610,12,1608.00,1111.00,101.00,66.00,7.2818,-1,-1,-1
1610,8,2043.00,932.00,133.00,97.00,6.1768,-1,-1,-1
1611,12,1611.00,1116.00,96.00,62.00,7.1783,-1,-1,-1
1611,8,2049.00,942.00,125.00,91.00,6.1086,-1,-1,-1
1612,12,1603.00,1119.00,107.00,67.00,7.0147,-1,-1,-1
1612,8,2054.00,947.00,120.00,91.00,6.1451,-1,-1,-1
1613,12,1601.00,1125.00,107.00,65.00,7.0081,-1,-1,-1
1613,8,2046.00,947.00,127.00,94.00,6.2494,-1,-1,-1
1614,12,1603.00,1127.00,104.00,61.00,6.9704,-1,-1,-1
1614,8,2059.00,952.00,114.00,96.00,6.3239,-1,-1,-1
1615,12,1597.00,1129.00,111.00,62.00,6.9066,-1,-1,-1
1615,8,2047.00,953.00,125.00,95.00,6.4263,-1,-1,-1
1616,12,1594.00,1129.00,116.00,65.00,6.8837,-1,-1,-1
1616,8,2050.00,963.00,123.00,80.00,6.4161,-1,-1,-1
1617,12,1595.00,1131.00,112.00,66.00,6.8992,-1,-1,-1
1617,8,2044.00,963.00,130.00,91.00,6.4045,-1,-1,-1
1618,12,1601.00,1133.00,102.00,64.00,6.9426,-1,-1,-1
1618,8,2044.00,965.00,129.00,93.00,6.4719,-1,-1,-1
1619,12,1604.00,1135.00,102.00,66.00,6.9900,-1,-1,-1
1619,8,2042.00,968.00,128.00,90.00,6.5680,-1,-1,-1
1620,12,1600.00,1139.00,107.00,67.00,7.0338,-1,-1,-1
1620,8,2042.00,976.00,128.00,80.00,6.6267,-1,-1,-1
1621,12,1603.00,1139.00,105.00,66.00,6.9960,-1,-1,-1
1621,8,2040.00,977.00,128.00,79.00,6.7048,-1,-1,-1
1622,12,1603.00,1143.00,102.00,64.00,6.9503,-1,-1,-1
1622,8,2036.00,980.00,134.00,80.00,6.7512,-1,-1,-1
1623,12,1597.00,1144.00,108.00,68.00,7.0096,-1,-1,-1
1623,8,2034.00,984.00,136.00,80.00,6.7786,-1,-1,-1
1624,12,1598.00,1148.00,105.00,68.00,7.0434,-1,-1,-1
1624,8,2033.00,984.00,136.00,83.00,6.8661,-1,-1,-1
1625,12,1598.00,1149.00,102.00,67.00,7.0221,-1,-1,-1
1625,8,2036.00,987.00,132.00,83.00,6.9337,-1,-1,-1
1626,12,1596.00,1153.00,104.00,64.00,6.9925,-1,-1,-1
1626,8,2036.00,995.00,134.00,79.00,6.8316,-1,-1,-1
1627,12,1602.00,1157.00,94.00,62.00,6.9373,-1,-1,-1
1627,8,2046.00,1004.00,120.00,70.00,6.7443,-1,-1,-1
1628,12,1601.00,1159.00,95.00,63.00,6.9811,-1,-1,-1
1628,8,2036.00,1006.00,131.00,71.00,6.6644,-1,-1,-1
1629,12,1601.00,1162.00,90.00,61.00,7.0434,-1,-1,-1
1629,8,2030.00,1003.00,141.00,78.00,6.7693,-1,-1,-1
1630,12,1600.00,1164.00,92.00,63.00,7.1449,-1,-1,-1
1630,8,2031.00,1002.00,139.00,81.00,6.8608,-1,-1,-1
1631,12,1598.00,1167.00,95.00,62.00,7.2089,-1,-1,-1
1631,8,2032.00,1004.00,138.00,81.00,6.9348,-1,-1,-1
1632,12,1595.00,1168.00,96.00,64.00,7.2648,-1,-1,-1
1632,8,2029.00,1004.00,143.00,83.00,6.9718,-1,-1,-1
1633,12,1598.00,1167.00,96.00,66.00,7.3290,-1,-1,-1
1633,8,2034.00,1014.00,138.00,76.00,7.0040,-1,-1,-1
1634,12,1602.00,1169.00,91.00,63.00,7.3784,-1,-1,-1
1634,8,2034.00,1009.00,138.00,83.00,7.0964,-1,-1,-1
1635,12,1602.00,1167.00,94.00,66.00,7.4211,-1,-1,-1
1635,8,2032.00,1015.00,141.00,81.00,7.1185,-1,-1,-1
1636,12,1603.00,1166.00,96.00,68.00,7.4259,-1,-1,-1
1636,8,2041.00,1014.00,130.00,78.00,6.9530,-1,-1,-1
1637,12,1601.00,1167.00,100.00,71.00,7.4382,-1,-1,-1
1637,8,2038.00,1015.00,137.00,81.00,6.8167,-1,-1,-1
1638,12,1601.00,1169.00,105.00,69.00,7.3939,-1,-1,-1
1638,8,2037.00,1013.00,141.00,83.00,6.6416,-1,-1,-1
1639,12,1600.00,1168.00,108.00,70.00,7.3401,-1,-1,-1
1639,8,2047.00,1021.00,132.00,77.00,6.4496,-1,-1,-1
1640,12,1599.00,1168.00,109.00,70.00,7.2886,-1,-1,-1
1640,8,2052.00,1022.00,126.00,74.00,6.4109,-1,-1,-1
1641,12,1597.00,1167.00,112.00,71.00,7.2654,-1,-1,-1
1641,8,2056.00,1027.00,124.00,71.00,6.3989,-1,-1,-1
1642,12,1598.00,1167.00,111.00,72.00,7.2593,-1,-1,-1
1642,8,2056.00,1027.00,127.00,74.00,6.4258,-1,-1,-1
1643,12,1598.00,1168.00,110.00,71.00,7.2597,-1,-1,-1
1643,8,2055.00,1026.00,128.00,77.00,6.4916,-1,-1,-1
1644,12,1600.00,1164.00,109.00,70.00,7.2183,-1,-1,-1
1644,8,2057.00,1028.00,127.00,75.00,6.5569,-1,-1,-1
1645,12,1600.00,1164.00,110.00,70.00,7.1792,-1,-1,-1
1645,8,2056.00,1027.00,128.00,77.00,6.6032,-1,-1,-1
1646,12,1604.00,1161.00,107.00,70.00,7.1583,-1,-1,-1
1646,8,2060.00,1030.00,124.00,72.00,6.5959,-1,-1,-1
1647,12,1605.00,1159.00,107.00,70.00,7.2047,-1,-1,-1
1647,8,2062.00,1029.00,123.00,73.00,6.6003,-1,-1,-1
1648,12,1605.00,1158.00,109.00,71.00,7.2411,-1,-1,-1
1648,8,2059.00,1029.00,129.00,71.00,6.5953,-1,-1,-1
1649,12,1609.00,1159.00,103.00,67.00,7.3058,-1,-1,-1
1649,8,2061.00,1031.00,126.00,69.00,6.5792,-1,-1,-1
1650,12,1611.00,1161.00,103.00,65.00,7.3534,-1,-1,-1
1650,8,2058.00,1028.00,130.00,73.00,6.6364,-1,-1,-1
1651,12,1612.00,1161.00,105.00,64.00,7.3690,-1,-1,-1
1651,8,2061.00,1028.00,132.00,73.00,6.6122,-1,-1,-1
1652,12,1612.00,1163.00,105.00,63.00,7.3907,-1,-1,-1
1652,8,2063.00,1028.00,131.00,74.00,6.6088,-1,-1,-1
1653,12,1613.00,1162.00,105.00,65.00,7.4330,-1,-1,-1
1653,8,2061.00,1026.00,135.00,78.00,6.6275,-1,-1,-1
1654,12,1616.00,1163.00,100.00,64.00,7.4770,-1,-1,-1
1654,8,2064.00,1030.00,135.00,74.00,6.5349,-1,-1,-1
1655,12,1616.00,1164.00,98.00,64.00,7.4892,-1,-1,-1
1655,8,2063.00,1031.00,135.00,72.00,6.4222,-1,-1,-1
1656,12,1616.00,1163.00,99.00,65.00,7.4894,-1,-1,-1
1656,8,2074.00,1036.00,123.00,67.00,6.2328,-1,-1,-1
1657,12,1617.00,1163.00,100.00,64.00,7.4980,-1,-1,-1
1657,8,2071.00,1036.00,127.00,67.00,6.1055,-1,-1,-1
1658,12,1619.00,1159.00,99.00,67.00,7.4920,-1,-1,-1
1658,8,2073.00,1037.00,127.00,66.00,6.0909,-1,-1,-1
1659,12,1619.00,1157.00,101.00,69.00,7.4319,-1,-1,-1
1659,8,2085.00,1039.00,113.00,62.00,6.0129,-1,-1,-1
1660,12,1620.00,1157.00,102.00,68.00,7.3771,-1,-1,-1
1660,8,2075.00,1039.00,125.00,64.00,5.9581,-1,-1,-1
1661,12,1619.00,1152.00,110.00,70.00,7.3645,-1,-1,-1
1661,8,2075.00,1039.00,124.00,63.00,5.8533,-1,-1,-1
1662,12,1620.00,1155.00,106.00,67.00,7.3102,-1,-1,-1
1662,8,2076.00,1040.00,126.00,62.00,5.9086,-1,-1,-1
1663,12,1618.00,1153.00,113.00,68.00,7.3160,-1,-1,-1
1663,8,2072.00,1040.00,132.00,63.00,6.0164,-1,-1,-1
1664,12,1620.00,1155.00,110.00,67.00,7.3267,-1,-1,-1
1664,8,2078.00,1041.00,126.00,60.00,6.0468,-1,-1,-1
1665,12,1619.00,1157.00,108.00,64.00,7.3336,-1,-1,-1
1665,8,2076.00,1040.00,131.00,62.00,6.1104,-1,-1,-1
1666,12,1618.00,1154.00,113.00,65.00,7.3868,-1,-1,-1
1666,8,2083.00,1040.00,126.00,61.00,6.1361,-1,-1,-1
1667,12,1619.00,1155.00,112.00,63.00,7.4253,-1,-1,-1
1667,8,2086.00,1041.00,121.00,60.00,6.1444,-1,-1,-1
1668,12,1620.00,1156.00,111.00,60.00,7.4630,-1,-1,-1
1668,8,2084.00,1040.00,123.00,62.00,6.1862,-1,-1,-1
1669,12,1621.00,1156.00,109.00,58.00,7.4907,-1,-1,-1
1669,8,2085.00,1039.00,124.00,63.00,6.2245,-1,-1,-1
1670,12,1627.00,1155.00,103.00,57.00,7.3792,-1,-1,-1
1670,8,2083.00,1039.00,128.00,63.00,6.2884,-1,-1,-1
1671,12,1625.00,1155.00,106.00,58.00,7.3054,-1,-1,-1
1671,8,2087.00,1039.00,125.00,63.00,6.3241,-1,-1,-1
1672,12,1625.00,1155.00,108.00,59.00,7.2576,-1,-1,-1
1672,8,2089.00,1039.00,123.00,63.00,6.3470,-1,-1,-1
1673,12,1627.00,1154.00,109.00,58.00,7.1415,-1,-1,-1
1673,8,2093.00,1040.00,118.00,63.00,6.3528,-1,-1,-1
1674,12,1631.00,1152.00,101.00,59.00,7.0006,-1,-1,-1
1674,8,2094.00,1039.00,117.00,64.00,6.3770,-1,-1,-1
1675,12,1621.00,1154.00,116.00,60.00,6.9666,-1,-1,-1
1675,8,2094.00,1040.00,118.00,64.00,6.4100,-1,-1,-1
1676,12,1624.00,1153.00,112.00,58.00,6.9890,-1,-1,-1
1676,8,2090.00,1040.00,124.00,65.00,6.4156,-1,-1,-1
1677,12,1626.00,1153.00,110.00,57.00,7.0221,-1,-1,-1
1677,8,2087.00,1040.00,128.00,67.00,6.4384,-1,-1,-1
1678,12,1624.00,1153.00,111.00,57.00,7.0888,-1,-1,-1
1678,8,2086.00,1039.00,128.00,67.00,6.4417,-1,-1,-1
1679,12,1623.00,1151.00,114.00,59.00,7.1397,-1,-1,-1
1679,8,2087.00,1042.00,126.00,64.00,6.4812,-1,-1,-1
1680,12,1622.00,1151.00,112.00,59.00,7.1429,-1,-1,-1
1680,8,2089.00,1041.00,125.00,65.00,6.5020,-1,-1,-1
1681,12,1617.00,1149.00,117.00,62.00,7.1991,-1,-1,-1
1681,8,2086.00,1043.00,128.00,63.00,6.4996,-1,-1,-1
1682,12,1617.00,1149.00,113.00,60.00,7.1706,-1,-1,-1
1682,8,2086.00,1044.00,128.00,61.00,6.4693,-1,-1,-1
1683,12,1616.00,1149.00,115.00,61.00,7.2348,-1,-1,-1
1683,8,2089.00,1044.00,125.00,62.00,6.4211,-1,-1,-1
1684,12,1617.00,1149.00,112.00,60.00,7.2090,-1,-1,-1
1684,8,2090.00,1042.00,120.00,64.00,6.4107,-1,-1,-1
1685,12,1619.00,1146.00,108.00,60.00,7.0860,-1,-1,-1
1685,8,2087.00,1039.00,122.00,67.00,6.4343,-1,-1,-1
1686,12,1619.00,1147.00,103.00,56.00,7.0355,-1,-1,-1
1686,8,2082.00,1038.00,127.00,71.00,6.4761,-1,-1,-1
1687,12,1615.00,1145.00,107.00,61.00,7.0281,-1,-1,-1
1687,8,2077.00,1038.00,130.00,74.00,6.5638,-1,-1,-1
1688,12,1612.00,1146.00,106.00,56.00,6.9799,-1,-1,-1
1688,8,2076.00,1037.00,131.00,76.00,6.6956,-1,-1,-1
1689,12,1613.00,1146.00,102.00,57.00,6.9010,-1,-1,-1
1689,8,2077.00,1037.00,129.00,75.00,6.7211,-1,-1,-1
1690,12,1607.00,1144.00,112.00,59.00,6.9364,-1,-1,-1
1690,8,2074.00,1035.00,131.00,79.00,6.7625,-1,-1,-1
1691,12,1607.00,1144.00,113.00,58.00,6.9669,-1,-1,-1
1691,8,2078.00,1035.00,126.00,78.00,6.7745,-1,-1,-1
1692,12,1604.00,1143.00,115.00,61.00,7.0170,-1,-1,-1
1692,8,2075.00,1035.00,128.00,77.00,6.7944,-1,-1,-1
1693,12,1607.00,1142.00,114.00,60.00,7.1155,-1,-1,-1
1693,8,2075.00,1034.00,127.00,80.00,6.8246,-1,-1,-1
1694,12,1604.00,1141.00,115.00,62.00,7.1689,-1,-1,-1
1694,8,2073.00,1034.00,127.00,81.00,6.8195,-1,-1,-1
1695,12,1603.00,1140.00,115.00,61.00,7.2013,-1,-1,-1
1695,8,2075.00,1032.00,124.00,85.00,6.8298,-1,-1,-1
1696,12,1598.00,1142.00,114.00,60.00,7.1618,-1,-1,-1
1696,8,2068.00,1033.00,127.00,83.00,6.8241,-1,-1,-1
1697,12,1597.00,1143.00,115.00,57.00,7.1393,-1,-1,-1
1697,8,2063.00,1031.00,132.00,84.00,6.8643,-1,-1,-1
1698,12,1593.00,1142.00,119.00,58.00,7.1244,-1,-1,-1
1698,8,2059.00,1030.00,135.00,85.00,6.9442,-1,-1,-1
1699,12,1593.00,1138.00,119.00,59.00,7.1067,-1,-1,-1
1699,8,2061.00,1032.00,131.00,81.00,6.9255,-1,-1,-1
1700,12,1593.00,1135.00,119.00,60.00,7.1594,-1,-1,-1
1700,8,2057.00,1031.00,132.00,80.00,6.9521,-1,-1,-1
1701,12,1590.00,1135.00,121.00,61.00,7.1937,-1,-1,-1
1701,8,2055.00,1032.00,133.00,79.00,7.0072,-1,-1,-1
1702,12,1589.00,1133.00,123.00,61.00,7.2280,-1,-1,-1
1702,8,2052.00,1033.00,134.00,79.00,7.0473,-1,-1,-1
1703,12,1588.00,1136.00,115.00,57.00,7.2100,-1,-1,-1
1703,8,2047.00,1029.00,135.00,84.00,7.1043,-1,-1,-1
1704,12,1582.00,1138.00,115.00,55.00,7.1735,-1,-1,-1
1704,8,2045.00,1028.00,135.00,84.00,7.1620,-1,-1,-1
1705,12,1583.00,1138.00,108.00,54.00,7.1347,-1,-1,-1
1705,8,2042.00,1032.00,137.00,81.00,7.1240,-1,-1,-1
1706,8,2043.00,1033.00,134.00,81.00,7.0649,-1,-1,-1
1706,12,1580.00,1138.00,109.00,52.00,7.0176,-1,-1,-1
1707,8,2038.00,1031.00,135.00,84.00,7.0764,-1,-1,-1
1707,12,1573.00,1137.00,114.00,55.00,7.0062,-1,-1,-1
1708,8,2035.00,1031.00,136.00,84.00,7.0706,-1,-1,-1
1708,12,1571.00,1139.00,111.00,53.00,7.0678,-1,-1,-1
1709,8,2033.00,1033.00,132.00,81.00,7.0357,-1,-1,-1
1709,12,1567.00,1138.00,109.00,54.00,6.9763,-1,-1,-1
1710,12,1569.00,1138.00,108.00,54.00,7.0106,-1,-1,-1
1710,8,2032.00,1033.00,131.00,81.00,6.9800,-1,-1,-1
1711,12,1569.00,1134.00,111.00,56.00,7.0107,-1,-1,-1
1711,8,2024.00,1033.00,138.00,84.00,6.9660,-1,-1,-1
1712,12,1567.00,1136.00,104.00,54.00,6.9361,-1,-1,-1
1712,8,2024.00,1039.00,132.00,79.00,6.8826,-1,-1,-1
1713,12,1560.00,1135.00,115.00,56.00,6.9209,-1,-1,-1
1713,8,2016.00,1031.00,138.00,88.00,6.8393,-1,-1,-1
1714,12,1559.00,1133.00,110.00,57.00,6.9890,-1,-1,-1
1714,8,2016.00,1032.00,136.00,89.00,6.8243,-1,-1,-1
1715,12,1548.00,1130.00,120.00,62.00,7.0187,-1,-1,-1
1715,8,2013.00,1033.00,136.00,88.00,6.7616,-1,-1,-1
1716,12,1545.00,1132.00,121.00,59.00,7.1005,-1,-1,-1
1716,8,2010.00,1034.00,134.00,87.00,6.8153,-1,-1,-1
1717,12,1538.00,1130.00,126.00,63.00,7.2055,-1,-1,-1
1717,8,2007.00,1037.00,134.00,84.00,6.8010,-1,-1,-1
1718,12,1541.00,1133.00,113.00,60.00,7.1829,-1,-1,-1
1718,8,1998.00,1031.00,141.00,92.00,6.7435,-1,-1,-1
1719,12,1536.00,1131.00,115.00,61.00,7.2575,-1,-1,-1
1719,8,2001.00,1033.00,135.00,90.00,6.6914,-1,-1,-1
1720,12,1530.00,1129.00,118.00,62.00,7.3599,-1,-1,-1
1720,8,1996.00,1034.00,134.00,90.00,6.5738,-1,-1,-1
1721,12,1527.00,1132.00,115.00,59.00,7.3229,-1,-1,-1
1721,8,1995.00,1044.00,130.00,82.00,6.6001,-1,-1,-1
1722,12,1519.00,1129.00,126.00,63.00,7.3536,-1,-1,-1
1722,8,1993.00,1040.00,130.00,83.00,6.6208,-1,-1,-1
1723,12,1518.00,1127.00,121.00,62.00,7.4471,-1,-1,-1
1723,8,1990.00,1042.00,128.00,81.00,6.6857,-1,-1,-1
1724,12,1516.00,1128.00,115.00,61.00,7.4866,-1,-1,-1
1724,8,1981.00,1045.00,133.00,79.00,6.7768,-1,-1,-1
1725,12,1517.00,1130.00,111.00,57.00,7.4461,-1,-1,-1
1725,8,1978.00,1047.00,136.00,76.00,6.8856,-1,-1,-1
1726,12,1506.00,1128.00,119.00,59.00,7.4408,-1,-1,-1
1726,8,1974.00,1048.00,133.00,75.00,6.9440,-1,-1,-1
1727,12,1501.00,1129.00,121.00,59.00,7.3101,-1,-1,-1
1727,8,1971.00,1046.00,131.00,80.00,6.9839,-1,-1,-1
1728,12,1498.00,1131.00,117.00,55.00,7.3357,-1,-1,-1
1728,8,1965.00,1047.00,134.00,77.00,7.0697,-1,-1,-1
1729,12,1500.00,1132.00,110.00,54.00,7.3505,-1,-1,-1
1729,8,1962.00,1048.00,135.00,77.00,7.1406,-1,-1,-1
1730,12,1496.00,1131.00,107.00,54.00,7.2909,-1,-1,-1
1730,8,1958.00,1048.00,133.00,76.00,7.2169,-1,-1,-1
1731,8,1952.00,1051.00,134.00,75.00,7.3006,-1,-1,-1
1731,12,1495.00,1131.00,106.00,52.00,7.1344,-1,-1,-1
1732,8,1949.00,1049.00,133.00,74.00,7.3286,-1,-1,-1
1732,12,1485.00,1131.00,111.00,53.00,7.1399,-1,-1,-1
1733,8,1944.00,1049.00,134.00,74.00,7.3765,-1,-1,-1
1733,12,1475.00,1130.00,118.00,55.00,7.0548,-1,-1,-1
1734,8,1938.00,1051.00,138.00,74.00,7.4472,-1,-1,-1
1734,12,1473.00,1129.00,114.00,54.00,7.1151,-1,-1,-1
1735,8,1937.00,1051.00,132.00,70.00,7.4895,-1,-1,-1
1735,12,1473.00,1128.00,109.00,56.00,7.1729,-1,-1,-1
1736,8,1934.00,1050.00,132.00,70.00,7.4953,-1,-1,-1
1736,12,1463.00,1128.00,114.00,55.00,7.1550,-1,-1,-1
1737,8,1928.00,1049.00,136.00,71.00,7.5250,-1,-1,-1
1737,12,1463.00,1128.00,107.00,54.00,7.1694,-1,-1,-1
1738,8,1927.00,1050.00,131.00,69.00,7.4343,-1,-1,-1
1738,12,1458.00,1127.00,109.00,56.00,7.0790,-1,-1,-1
1739,8,1919.00,1049.00,136.00,70.00,7.4088,-1,-1,-1
1739,12,1447.00,1126.00,117.00,58.00,7.1501,-1,-1,-1
1740,8,1916.00,1050.00,136.00,69.00,7.3972,-1,-1,-1
1740,12,1449.00,1127.00,107.00,56.00,7.1824,-1,-1,-1
1741,8,1919.00,1051.00,129.00,67.00,7.4073,-1,-1,-1
1741,12,1446.00,1126.00,108.00,56.00,7.1850,-1,-1,-1
1742,8,1916.00,1048.00,126.00,67.00,7.3555,-1,-1,-1
1742,12,1440.00,1126.00,110.00,56.00,7.2025,-1,-1,-1
1743,8,1909.00,1045.00,130.00,72.00,7.3013,-1,-1,-1
1743,12,1434.00,1124.00,114.00,58.00,7.1435,-1,-1,-1
1744,8,1902.00,1046.00,134.00,71.00,7.1405,-1,-1,-1
1744,12,1427.00,1125.00,119.00,56.00,6.9939,-1,-1,-1
1745,8,1898.00,1047.00,132.00,70.00,7.0798,-1,-1,-1
1745,12,1421.00,1122.00,129.00,57.00,6.9482,-1,-1,-1
1746,8,1890.00,1044.00,136.00,74.00,7.1101,-1,-1,-1
1746,12,1420.00,1121.00,127.00,57.00,7.0098,-1,-1,-1
1747,8,1887.00,1050.00,133.00,68.00,7.1329,-1,-1,-1
1747,12,1413.00,1119.00,130.00,63.00,7.0316,-1,-1,-1
1748,8,1879.00,1050.00,135.00,70.00,7.1822,-1,-1,-1
1748,12,1410.00,1120.00,128.00,59.00,7.0557,-1,-1,-1
1749,8,1875.00,1048.00,134.00,74.00,7.2020,-1,-1,-1
1749,12,1411.00,1121.00,120.00,57.00,7.0507,-1,-1,-1
1750,8,1871.00,1051.00,132.00,71.00,7.2492,-1,-1,-1
1750,12,1404.00,1122.00,116.00,57.00,6.9012,-1,-1,-1
1751,8,1862.00,1047.00,139.00,75.00,7.2520,-1,-1,-1
1751,12,1395.00,1120.00,126.00,59.00,6.9372,-1,-1,-1
1752,8,1861.00,1052.00,131.00,70.00,7.2597,-1,-1,-1
1752,12,1395.00,1123.00,113.00,55.00,6.9185,-1,-1,-1
1753,8,1856.00,1049.00,134.00,73.00,7.3110,-1,-1,-1
1753,12,1387.00,1121.00,115.00,57.00,6.9184,-1,-1,-1
1754,8,1855.00,1050.00,132.00,77.00,7.3045,-1,-1,-1
1754,12,1378.00,1120.00,121.00,57.00,6.8783,-1,-1,-1
1755,8,1854.00,1051.00,125.00,72.00,7.2714,-1,-1,-1
1755,12,1377.00,1122.00,114.00,54.00,7.0048,-1,-1,-1
1756,8,1845.00,1053.00,132.00,73.00,7.1848,-1,-1,-1
1756,12,1374.00,1124.00,106.00,51.00,7.0510,-1,-1,-1
1757,8,1836.00,1050.00,137.00,77.00,7.1791,-1,-1,-1
1757,12,1363.00,1121.00,116.00,55.00,7.1372,-1,-1,-1
1758,8,1832.00,1050.00,134.00,76.00,7.1745,-1,-1,-1
1758,12,1361.00,1121.00,111.00,53.00,7.0935,-1,-1,-1
1759,12,1353.00,1120.00,118.00,54.00,7.1797,-1,-1,-1
1759,8,1830.00,1048.00,133.00,78.00,7.1690,-1,-1,-1
1760,12,1349.00,1119.00,119.00,56.00,7.2685,-1,-1,-1
1760,8,1824.00,1051.00,133.00,73.00,7.2019,-1,-1,-1
1761,12,1340.00,1122.00,119.00,51.00,7.2678,-1,-1,-1
1761,8,1814.00,1045.00,136.00,81.00,7.2283,-1,-1,-1
1762,12,1339.00,1122.00,116.00,51.00,7.2690,-1,-1,-1
1762,8,1822.00,1051.00,124.00,72.00,7.2190,-1,-1,-1
1763,8,1810.00,1052.00,132.00,73.00,7.2416,-1,-1,-1
1763,12,1341.00,1121.00,104.00,51.00,7.0575,-1,-1,-1
1764,8,1807.00,1051.00,130.00,75.00,7.2695,-1,-1,-1
1764,12,1331.00,1122.00,115.00,49.00,7.0123,-1,-1,-1
1765,8,1808.00,1055.00,123.00,70.00,7.2378,-1,-1,-1
1765,12,1325.00,1120.00,112.00,52.00,7.0703,-1,-1,-1
1766,8,1800.00,1054.00,128.00,72.00,7.2218,-1,-1,-1
1766,12,1315.00,1119.00,122.00,53.00,7.1455,-1,-1,-1
1767,12,1309.00,1117.00,121.00,59.00,7.1732,-1,-1,-1
1767,8,1795.00,1053.00,132.00,73.00,7.1533,-1,-1,-1
1768,8,1785.00,1053.00,133.00,76.00,7.2046,-1,-1,-1
1768,12,1302.00,1120.00,124.00,55.00,7.1706,-1,-1,-1
1769,8,1782.00,1055.00,131.00,76.00,7.2391,-1,-1,-1
1769,12,1299.00,1118.00,115.00,60.00,7.2203,-1,-1,-1
1770,12,1290.00,1117.00,122.00,57.00,7.2608,-1,-1,-1
1770,8,1778.00,1055.00,130.00,75.00,7.2534,-1,-1,-1
1771,12,1291.00,1118.00,112.00,55.00,7.3036,-1,-1,-1
1771,8,1773.00,1054.00,132.00,81.00,7.2452,-1,-1,-1
1772,8,1769.00,1053.00,133.00,79.00,7.2497,-1,-1,-1
1772,12,1283.00,1121.00,118.00,52.00,7.1508,-1,-1,-1
1773,8,1762.00,1054.00,134.00,80.00,7.2927,-1,-1,-1
1773,12,1282.00,1118.00,114.00,53.00,7.2441,-1,-1,-1
1774,8,1758.00,1052.00,134.00,84.00,7.3136,-1,-1,-1
1774,12,1281.00,1117.00,113.00,56.00,7.3089,-1,-1,-1
1775,8,1755.00,1051.00,134.00,84.00,7.3424,-1,-1,-1
1775,12,1277.00,1117.00,109.00,55.00,7.3191,-1,-1,-1
1776,12,1270.00,1122.00,103.00,53.00,7.3935,-1,-1,-1
1776,8,1750.00,1054.00,134.00,84.00,7.3152,-1,-1,-1
1777,8,1744.00,1054.00,132.00,81.00,7.2903,-1,-1,-1
1777,12,1261.00,1126.00,103.00,53.00,4.9667,-1,-1,-1
1778,8,1740.00,1054.00,132.00,81.00,7.2911,-1,-1,-1
1778,12,1258.00,1120.00,108.00,55.00,5.4600,-1,-1,-1
1779,8,1738.00,1053.00,128.00,81.00,7.3080,-1,-1,-1
1779,12,1257.00,1114.00,114.00,55.00,5.7984,-1,-1,-1
1780,8,1737.00,1054.00,124.00,80.00,7.2874,-1,-1,-1
1780,12,1254.00,1113.00,115.00,60.00,6.0803,-1,-1,-1
1781,8,1735.00,1053.00,126.00,79.00,7.2805,-1,-1,-1
1781,12,1248.00,1115.00,117.00,58.00,6.2659,-1,-1,-1
1782,8,1730.00,1053.00,127.00,78.00,7.2570,-1,-1,-1
1782,12,1242.00,1115.00,121.00,57.00,6.4453,-1,-1,-1
1783,8,1731.00,1054.00,122.00,77.00,7.1551,-1,-1,-1
1783,12,1240.00,1114.00,118.00,59.00,6.6027,-1,-1,-1
1784,8,1724.00,1056.00,126.00,75.00,7.1633,-1,-1,-1
1784,12,1238.00,1117.00,112.00,56.00,6.6715,-1,-1,-1
1785,8,1721.00,1056.00,126.00,74.00,7.1691,-1,-1,-1
1785,12,1236.00,1115.00,117.00,56.00,6.7492,-1,-1,-1
1786,8,1720.00,1060.00,123.00,71.00,7.1706,-1,-1,-1
1786,12,1235.00,1115.00,117.00,55.00,6.7970,-1,-1,-1
1787,8,1714.00,1060.00,126.00,72.00,7.1769,-1,-1,-1
1787,12,1232.00,1117.00,117.00,51.00,6.8361,-1,-1,-1
1788,8,1714.00,1055.00,122.00,74.00,7.1847,-1,-1,-1
1788,12,1230.00,1114.00,118.00,55.00,6.8764,-1,-1,-1
1789,8,1710.00,1059.00,125.00,72.00,7.1947,-1,-1,-1
1789,12,1230.00,1115.00,118.00,54.00,6.9070,-1,-1,-1
1790,8,1706.00,1060.00,128.00,72.00,7.1904,-1,-1,-1
1790,12,1228.00,1116.00,116.00,52.00,6.9268,-1,-1,-1
1791,8,1702.00,1056.00,131.00,75.00,7.1564,-1,-1,-1
1791,12,1228.00,1116.00,116.00,52.00,6.9441,-1,-1,-1
1792,8,1701.00,1059.00,132.00,75.00,7.1739,-1,-1,-1
1792,12,1226.00,1115.00,116.00,54.00,6.9729,-1,-1,-1
1793,8,1699.00,1059.00,130.00,73.00,7.1623,-1,-1,-1
1793,12,1225.00,1114.00,116.00,54.00,7.0127,-1,-1,-1
1794,8,1695.00,1057.00,133.00,76.00,7.1963,-1,-1,-1
1794,12,1218.00,1111.00,123.00,58.00,7.0668,-1,-1,-1
1795,8,1693.00,1054.00,133.00,79.00,7.2248,-1,-1,-1
1795,12,1217.00,1108.00,125.00,59.00,7.1305,-1,-1,-1
1796,8,1692.00,1053.00,133.00,79.00,7.2757,-1,-1,-1
1796,12,1215.00,1109.00,126.00,58.00,7.2074,-1,-1,-1
1797,8,1688.00,1052.00,136.00,81.00,7.3226,-1,-1,-1
1797,12,1213.00,1108.00,128.00,62.00,7.2840,-1,-1,-1
1798,12,1210.00,1107.00,132.00,61.00,7.3526,-1,-1,-1
1798,8,1686.00,1054.00,138.00,81.00,7.3473,-1,-1,-1
1799,12,1207.00,1105.00,134.00,63.00,7.3931,-1,-1,-1
1799,8,1683.00,1055.00,140.00,81.00,7.3544,-1,-1,-1
1800,12,1214.00,1108.00,125.00,57.00,7.3934,-1,-1,-1
1800,8,1683.00,1050.00,141.00,87.00,7.3654,-1,-1,-1
1801,12,1216.00,1109.00,128.00,56.00,7.3444,-1,-1,-1
1801,8,1686.00,1056.00,136.00,81.00,7.3261,-1,-1,-1
1802,8,1682.00,1055.00,141.00,83.00,7.3135,-1,-1,-1
1802,12,1215.00,1108.00,127.00,55.00,7.2662,-1,-1,-1
1803,8,1686.00,1060.00,135.00,77.00,7.2563,-1,-1,-1
1803,12,1217.00,1110.00,121.00,52.00,7.1891,-1,-1,-1
1804,12,1215.00,1108.00,119.00,55.00,7.1932,-1,-1,-1
1804,8,1686.00,1062.00,135.00,74.00,7.1792,-1,-1,-1
1805,12,1211.00,1107.00,121.00,55.00,7.1060,-1,-1,-1
1805,8,1689.00,1066.00,131.00,70.00,7.1039,-1,-1,-1
1806,12,1214.00,1108.00,114.00,55.00,7.0580,-1,-1,-1
1806,8,1692.00,1070.00,129.00,65.00,6.9868,-1,-1,-1
1807,12,1208.00,1105.00,116.00,58.00,7.0070,-1,-1,-1
1807,8,1692.00,1071.00,129.00,65.00,6.8635,-1,-1,-1
1808,12,1212.00,1107.00,110.00,54.00,6.9561,-1,-1,-1
1808,8,1698.00,1074.00,125.00,62.00,6.7568,-1,-1,-1
1809,12,1210.00,1105.00,109.00,55.00,6.7899,-1,-1,-1
1809,8,1694.00,1072.00,130.00,64.00,6.7253,-1,-1,-1
1810,12,1210.00,1106.00,111.00,55.00,6.7823,-1,-1,-1
1810,8,1694.00,1071.00,132.00,67.00,6.7556,-1,-1,-1
1811,12,1218.00,1109.00,108.00,52.00,6.7855,-1,-1,-1
1811,8,1694.00,1074.00,129.00,65.00,6.7823,-1,-1,-1
1812,12,1209.00,1105.00,119.00,59.00,6.8327,-1,-1,-1
1812,8,1700.00,1074.00,129.00,64.00,6.7378,-1,-1,-1
1813,12,1218.00,1109.00,107.00,54.00,6.8487,-1,-1,-1
1813,8,1701.00,1074.00,131.00,65.00,6.6978,-1,-1,-1
1814,12,1220.00,1110.00,105.00,53.00,6.8843,-1,-1,-1
1814,8,1703.00,1074.00,130.00,64.00,6.5963,-1,-1,-1
1815,12,1218.00,1111.00,109.00,53.00,6.9250,-1,-1,-1
1815,8,1701.00,1074.00,132.00,66.00,6.5861,-1,-1,-1
1816,12,1221.00,1113.00,108.00,50.00,6.9357,-1,-1,-1
1816,8,1701.00,1072.00,132.00,69.00,6.5922,-1,-1,-1
1817,12,1224.00,1115.00,104.00,47.00,6.9106,-1,-1,-1
1817,8,1703.00,1073.00,132.00,69.00,6.5935,-1,-1,-1
1818,12,1224.00,1116.00,102.00,46.00,6.8326,-1,-1,-1
1818,8,1705.00,1073.00,130.00,70.00,6.6611,-1,-1,-1
1819,12,1224.00,1116.00,105.00,48.00,6.7896,-1,-1,-1
1819,8,1704.00,1072.00,132.00,72.00,6.7384,-1,-1,-1
1820,8,1702.00,1073.00,135.00,71.00,6.7592,-1,-1,-1
1820,12,1230.00,1115.00,102.00,49.00,6.7565,-1,-1,-1
1821,8,1702.00,1072.00,137.00,76.00,6.8618,-1,-1,-1
1821,12,1234.00,1114.00,99.00,50.00,6.7575,-1,-1,-1
1822,8,1701.00,1072.00,138.00,79.00,6.9928,-1,-1,-1
1822,12,1231.00,1111.00,109.00,55.00,6.7749,-1,-1,-1
1823,8,1702.00,1072.00,136.00,78.00,7.0696,-1,-1,-1
1823,12,1229.00,1109.00,120.00,56.00,6.8258,-1,-1,-1
1824,8,1704.00,1071.00,136.00,79.00,7.0838,-1,-1,-1
1824,12,1228.00,1107.00,123.00,59.00,6.9104,-1,-1,-1
1825,8,1706.00,1069.00,135.00,82.00,7.0854,-1,-1,-1
1825,12,1230.00,1107.00,121.00,58.00,6.9833,-1,-1,-1
1826,8,1707.00,1068.00,134.00,84.00,7.0913,-1,-1,-1
1826,12,1228.00,1106.00,124.00,59.00,7.0766,-1,-1,-1
1827,12,1226.00,1106.00,125.00,59.00,7.1954,-1,-1,-1
1827,8,1710.00,1067.00,131.00,83.00,7.0683,-1,-1,-1
1828,12,1227.00,1107.00,122.00,57.00,7.3103,-1,-1,-1
1828,8,1713.00,1065.00,130.00,84.00,7.0225,-1,-1,-1
1829,12,1229.00,1104.00,121.00,60.00,7.4009,-1,-1,-1
1829,8,1714.00,1064.00,130.00,80.00,6.9923,-1,-1,-1
1830,12,1227.00,1105.00,122.00,59.00,7.4859,-1,-1,-1
1830,8,1711.00,1063.00,133.00,82.00,6.9107,-1,-1,-1
1831,12,1229.00,1109.00,118.00,54.00,7.5251,-1,-1,-1
1831,8,1716.00,1065.00,129.00,78.00,6.9248,-1,-1,-1
1832,12,1227.00,1107.00,122.00,56.00,7.5722,-1,-1,-1
1832,8,1716.00,1066.00,129.00,77.00,6.9443,-1,-1,-1
1833,12,1231.00,1109.00,114.00,52.00,7.5495,-1,-1,-1
1833,8,1715.00,1065.00,131.00,78.00,6.9617,-1,-1,-1
1834,12,1232.00,1108.00,116.00,53.00,7.5350,-1,-1,-1
1834,8,1715.00,1066.00,132.00,77.00,6.9961,-1,-1,-1
1835,12,1234.00,1108.00,114.00,54.00,7.5642,-1,-1,-1
1835,8,1713.00,1065.00,134.00,79.00,7.0250,-1,-1,-1
1836,12,1236.00,1108.00,112.00,53.00,7.5691,-1,-1,-1
1836,8,1712.00,1066.00,135.00,78.00,7.0261,-1,-1,-1
1837,12,1236.00,1108.00,114.00,54.00,7.5692,-1,-1,-1
1837,8,1712.00,1069.00,133.00,75.00,6.9777,-1,-1,-1
1838,12,1234.00,1108.00,114.00,52.00,7.4596,-1,-1,-1
1838,8,1713.00,1067.00,134.00,76.00,6.9382,-1,-1,-1
1839,12,1232.00,1103.00,118.00,58.00,7.4171,-1,-1,-1
1839,8,1713.00,1070.00,133.00,74.00,6.8670,-1,-1,-1
1840,12,1231.00,1104.00,119.00,57.00,7.4039,-1,-1,-1
1840,8,1714.00,1075.00,130.00,70.00,6.8576,-1,-1,-1
1841,12,1228.00,1105.00,117.00,56.00,7.3818,-1,-1,-1
1841,8,1712.00,1075.00,130.00,73.00,6.8893,-1,-1,-1
1842,12,1227.00,1107.00,116.00,54.00,7.3092,-1,-1,-1
1842,8,1711.00,1076.00,130.00,71.00,6.9061,-1,-1,-1
1843,12,1229.00,1106.00,111.00,56.00,7.1261,-1,-1,-1
1843,8,1712.00,1074.00,128.00,72.00,6.8305,-1,-1,-1
1844,12,1223.00,1110.00,111.00,52.00,6.9938,-1,-1,-1
1844,8,1707.00,1071.00,130.00,75.00,6.8252,-1,-1,-1
1845,12,1220.00,1108.00,114.00,53.00,6.9474,-1,-1,-1
1845,8,1706.00,1072.00,131.00,75.00,6.8622,-1,-1,-1
1846,12,1221.00,1109.00,115.00,56.00,6.9912,-1,-1,-1
1846,8,1706.00,1074.00,131.00,73.00,6.8440,-1,-1,-1
1847,12,1219.00,1109.00,122.00,57.00,7.0100,-1,-1,-1
1847,8,1719.00,1082.00,115.00,65.00,6.7505,-1,-1,-1
1848,12,1221.00,1113.00,117.00,53.00,6.9532,-1,-1,-1
1848,8,1701.00,1075.00,133.00,73.00,6.8259,-1,-1,-1
1849,8,1698.00,1073.00,133.00,76.00,6.8095,-1,-1,-1
1849,12,1232.00,1115.00,107.00,52.00,6.6902,-1,-1,-1
1850,8,1696.00,1073.00,134.00,80.00,6.8724,-1,-1,-1
1850,12,1223.00,1115.00,116.00,55.00,6.6328,-1,-1,-1
1851,8,1697.00,1077.00,131.00,76.00,6.8755,-1,-1,-1
1851,12,1223.00,1115.00,115.00,55.00,6.4962,-1,-1,-1
1852,8,1697.00,1075.00,131.00,79.00,6.9011,-1,-1,-1
1852,12,1219.00,1117.00,115.00,58.00,5.9964,-1,-1,-1
1853,8,1694.00,1076.00,133.00,75.00,6.9235,-1,-1,-1
1853,12,1215.00,1121.00,110.00,54.00,5.5726,-1,-1,-1
1854,8,1693.00,1077.00,133.00,75.00,6.9778,-1,-1,-1
1854,12,1211.00,1126.00,103.00,59.00,5.6830,-1,-1,-1
1855,8,1695.00,1080.00,130.00,73.00,6.9794,-1,-1,-1
1855,12,1210.00,1123.00,117.00,62.00,5.7956,-1,-1,-1
1856,8,1704.00,1083.00,119.00,68.00,6.8783,-1,-1,-1
1856,12,1218.00,1122.00,109.00,64.00,5.8558,-1,-1,-1
1857,8,1695.00,1081.00,127.00,73.00,6.9113,-1,-1,-1
1857,12,1212.00,1118.00,119.00,66.00,5.8618,-1,-1,-1
1858,8,1693.00,1083.00,130.00,70.00,6.9301,-1,-1,-1
1858,12,1211.00,1122.00,117.00,66.00,6.0130,-1,-1,-1
1859,8,1693.00,1083.00,130.00,73.00,6.9529,-1,-1,-1
1859,12,1211.00,1125.00,120.00,60.00,6.0877,-1,-1,-1
1860,8,1695.00,1083.00,129.00,75.00,6.9916,-1,-1,-1
1860,12,1211.00,1125.00,118.00,62.00,6.2854,-1,-1,-1
1861,8,1693.00,1079.00,132.00,82.00,7.0375,-1,-1,-1
1861,12,1209.00,1127.00,118.00,62.00,6.5022,-1,-1,-1
1862,8,1690.00,1080.00,134.00,82.00,7.0889,-1,-1,-1
1862,12,1203.00,1127.00,124.00,61.00,6.6410,-1,-1,-1
1863,8,1689.00,1078.00,136.00,83.00,7.1406,-1,-1,-1
1863,12,1202.00,1130.00,116.00,58.00,6.5596,-1,-1,-1
1864,8,1689.00,1078.00,134.00,82.00,7.1779,-1,-1,-1
1864,12,1202.00,1132.00,120.00,56.00,6.6729,-1,-1,-1
1865,8,1688.00,1078.00,134.00,84.00,7.2026,-1,-1,-1
1865,12,1200.00,1134.00,124.00,53.00,6.7587,-1,-1,-1
1866,8,1685.00,1079.00,134.00,83.00,7.2082,-1,-1,-1
1866,12,1202.00,1135.00,117.00,55.00,6.8084,-1,-1,-1
1867,8,1682.00,1082.00,133.00,81.00,7.2387,-1,-1,-1
1867,12,1200.00,1134.00,126.00,57.00,6.9128,-1,-1,-1
1868,8,1679.00,1083.00,133.00,81.00,7.2793,-1,-1,-1
1868,12,1199.00,1136.00,123.00,55.00,6.9110,-1,-1,-1
1869,8,1682.00,1087.00,129.00,78.00,7.1362,-1,-1,-1
1869,12,1200.00,1141.00,118.00,51.00,6.8386,-1,-1,-1
1870,8,1680.00,1086.00,132.00,78.00,7.0515,-1,-1,-1
1870,12,1207.00,1142.00,112.00,50.00,6.7035,-1,-1,-1
1871,8,1676.00,1084.00,137.00,80.00,7.0230,-1,-1,-1
1871,12,1197.00,1143.00,118.00,52.00,6.5908,-1,-1,-1
1872,8,1672.00,1082.00,141.00,84.00,7.0892,-1,-1,-1
1872,12,1203.00,1145.00,113.00,51.00,6.6329,-1,-1,-1
1873,8,1672.00,1079.00,141.00,87.00,7.1852,-1,-1,-1
1873,12,1208.00,1149.00,103.00,49.00,6.5296,-1,-1,-1
1874,8,1673.00,1081.00,140.00,86.00,7.2360,-1,-1,-1
1874,12,1196.00,1148.00,117.00,51.00,6.6185,-1,-1,-1
1875,8,1674.00,1083.00,140.00,83.00,7.2035,-1,-1,-1
1875,12,1215.00,1153.00,93.00,46.00,6.5533,-1,-1,-1
1876,8,1675.00,1087.00,138.00,80.00,7.1950,-1,-1,-1
1876,12,1193.00,1150.00,115.00,53.00,6.5580,-1,-1,-1
1877,8,1676.00,1089.00,137.00,78.00,7.1692,-1,-1,-1
1877,12,1198.00,1150.00,112.00,53.00,6.6553,-1,-1,-1
1878,8,1673.00,1086.00,139.00,79.00,7.1862,-1,-1,-1
1878,12,1194.00,1150.00,113.00,55.00,6.7068,-1,-1,-1
1879,8,1671.00,1086.00,143.00,82.00,7.2081,-1,-1,-1
1879,12,1194.00,1150.00,115.00,58.00,6.8378,-1,-1,-1
1880,8,1673.00,1085.00,142.00,82.00,7.1885,-1,-1,-1
1880,12,1194.00,1152.00,117.00,58.00,6.9659,-1,-1,-1
1881,12,1193.00,1151.00,116.00,60.00,7.0753,-1,-1,-1
1881,8,1678.00,1087.00,136.00,80.00,7.0427,-1,-1,-1
1882,12,1194.00,1152.00,114.00,59.00,7.1674,-1,-1,-1
1882,8,1675.00,1087.00,140.00,80.00,6.9818,-1,-1,-1
1883,12,1191.00,1150.00,118.00,63.00,7.1925,-1,-1,-1
1883,8,1671.00,1086.00,142.00,82.00,7.0343,-1,-1,-1
1884,12,1193.00,1152.00,118.00,63.00,7.2405,-1,-1,-1
1884,8,1673.00,1086.00,140.00,83.00,7.0889,-1,-1,-1
1885,12,1195.00,1156.00,113.00,58.00,7.2519,-1,-1,-1
1885,8,1673.00,1085.00,140.00,85.00,7.1491,-1,-1,-1
1886,12,1195.00,1157.00,115.00,59.00,7.2445,-1,-1,-1
1886,8,1673.00,1088.00,141.00,83.00,7.1559,-1,-1,-1
1887,12,1195.00,1158.00,117.00,60.00,7.2660,-1,-1,-1
1887,8,1674.00,1089.00,139.00,81.00,7.1475,-1,-1,-1
1888,12,1211.00,1160.00,106.00,58.00,7.1463,-1,-1,-1
1888,8,1676.00,1093.00,137.00,77.00,7.0815,-1,-1,-1
1889,12,1200.00,1161.00,115.00,59.00,7.1291,-1,-1,-1
1889,8,1676.00,1095.00,137.00,78.00,7.0384,-1,-1,-1
1890,12,1198.00,1161.00,118.00,61.00,7.0874,-1,-1,-1
1890,8,1677.00,1093.00,135.00,79.00,7.0072,-1,-1,-1
1891,12,1203.00,1162.00,116.00,58.00,7.0740,-1,-1,-1
1891,8,1678.00,1099.00,134.00,72.00,7.0347,-1,-1,-1
1892,8,1679.00,1097.00,133.00,76.00,7.0546,-1,-1,-1
1892,12,1205.00,1162.00,113.00,60.00,7.0463,-1,-1,-1
1893,12,1212.00,1164.00,107.00,58.00,7.0806,-1,-1,-1
1893,8,1681.00,1098.00,134.00,76.00,6.9975,-1,-1,-1
1894,12,1207.00,1165.00,112.00,59.00,7.0615,-1,-1,-1
1894,8,1681.00,1096.00,136.00,79.00,6.9271,-1,-1,-1
1895,12,1203.00,1167.00,114.00,59.00,7.0657,-1,-1,-1
1895,8,1683.00,1098.00,133.00,76.00,6.9628,-1,-1,-1
1896,12,1203.00,1168.00,116.00,58.00,7.0628,-1,-1,-1
1896,8,1681.00,1096.00,134.00,78.00,7.0220,-1,-1,-1
1897,12,1201.00,1170.00,117.00,58.00,7.0692,-1,-1,-1
1897,8,1681.00,1099.00,132.00,73.00,7.0651,-1,-1,-1
1898,8,1684.00,1100.00,135.00,72.00,7.1159,-1,-1,-1
1898,12,1204.00,1171.00,118.00,57.00,7.0749,-1,-1,-1
1899,8,1684.00,1097.00,139.00,78.00,7.1841,-1,-1,-1
1899,12,1202.00,1172.00,126.00,59.00,7.0082,-1,-1,-1
1900,8,1688.00,1100.00,137.00,74.00,7.2071,-1,-1,-1
1900,12,1208.00,1172.00,118.00,58.00,6.9316,-1,-1,-1
1901,8,1684.00,1099.00,141.00,77.00,7.2719,-1,-1,-1
1901,12,1205.00,1173.00,126.00,59.00,6.9384,-1,-1,-1
1902,8,1687.00,1105.00,139.00,68.00,7.2889,-1,-1,-1
1902,12,1206.00,1173.00,126.00,61.00,6.9562,-1,-1,-1
1903,8,1693.00,1105.00,132.00,66.00,7.3018,-1,-1,-1
1903,12,1215.00,1177.00,117.00,56.00,6.9720,-1,-1,-1
1904,8,1697.00,1105.00,133.00,66.00,7.2754,-1,-1,-1
1904,12,1216.00,1179.00,117.00,56.00,6.9738,-1,-1,-1
1905,8,1724.00,1110.00,108.00,56.00,7.1668,-1,-1,-1
1905,12,1221.00,1181.00,113.00,54.00,6.8938,-1,-1,-1
1906,8,1720.00,1109.00,114.00,59.00,7.0923,-1,-1,-1
1906,12,1221.00,1180.00,117.00,55.00,6.7131,-1,-1,-1
1907,8,1724.00,1112.00,112.00,55.00,7.0425,-1,-1,-1
1907,12,1231.00,1181.00,104.00,54.00,6.5489,-1,-1,-1
1908,8,1719.00,1110.00,118.00,58.00,6.9777,-1,-1,-1
1908,12,1231.00,1182.00,108.00,54.00,6.4705,-1,-1,-1
1909,8,1720.00,1111.00,118.00,61.00,6.9199,-1,-1,-1
1909,12,1247.00,1184.00,92.00,50.00,6.5187,-1,-1,-1
1910,8,1708.00,1108.00,131.00,67.00,6.9311,-1,-1,-1
1910,12,1236.00,1184.00,106.00,53.00,6.5731,-1,-1,-1
1911,8,1714.00,1107.00,128.00,66.00,6.9699,-1,-1,-1
1911,12,1235.00,1184.00,112.00,55.00,6.6083,-1,-1,-1
1912,8,1719.00,1106.00,124.00,68.00,6.9811,-1,-1,-1
1912,12,1233.00,1184.00,116.00,57.00,6.6748,-1,-1,-1
1913,8,1718.00,1105.00,127.00,71.00,7.0080,-1,-1,-1
1913,12,1246.00,1187.00,104.00,52.00,6.7404,-1,-1,-1
1914,8,1730.00,1109.00,119.00,68.00,6.8817,-1,-1,-1
1914,12,1245.00,1186.00,109.00,56.00,6.7513,-1,-1,-1
1915,8,1722.00,1105.00,129.00,74.00,6.8816,-1,-1,-1
1915,12,1247.00,1187.00,109.00,56.00,6.7787,-1,-1,-1
1916,8,1721.00,1103.00,131.00,74.00,6.9201,-1,-1,-1
1916,12,1245.00,1189.00,110.00,59.00,6.8812,-1,-1,-1
1917,12,1245.00,1189.00,115.00,60.00,6.9730,-1,-1,-1
1917,8,1724.00,1103.00,132.00,74.00,6.9289,-1,-1,-1
1918,12,1254.00,1191.00,107.00,57.00,7.0243,-1,-1,-1
1918,8,1727.00,1104.00,133.00,73.00,6.8944,-1,-1,-1
1919,12,1252.00,1193.00,111.00,55.00,7.0720,-1,-1,-1
1919,8,1736.00,1105.00,129.00,72.00,6.9276,-1,-1,-1
1920,12,1256.00,1191.00,120.00,58.00,7.0161,-1,-1,-1
1920,8,1741.00,1106.00,127.00,72.00,6.9509,-1,-1,-1
1921,8,1740.00,1106.00,129.00,73.00,6.9991,-1,-1,-1
1921,12,1255.00,1193.00,125.00,58.00,6.9482,-1,-1,-1
1922,8,1736.00,1104.00,136.00,78.00,7.0710,-1,-1,-1
1922,12,1263.00,1194.00,113.00,56.00,6.7955,-1,-1,-1
1923,8,1739.00,1111.00,132.00,69.00,7.1128,-1,-1,-1
1923,12,1266.00,1195.00,113.00,59.00,6.7431,-1,-1,-1
1924,8,1743.00,1109.00,134.00,70.00,7.1207,-1,-1,-1
1924,12,1270.00,1194.00,115.00,60.00,6.6627,-1,-1,-1
1925,8,1749.00,1108.00,132.00,71.00,7.1280,-1,-1,-1
1925,12,1271.00,1195.00,118.00,60.00,6.6199,-1,-1,-1
1926,8,1752.00,1108.00,132.00,73.00,7.1150,-1,-1,-1
1926,12,1274.00,1197.00,119.00,59.00,6.6038,-1,-1,-1
1927,8,1755.00,1108.00,129.00,75.00,7.1527,-1,-1,-1
1927,12,1281.00,1199.00,118.00,60.00,6.6447,-1,-1,-1
1928,8,1756.00,1108.00,132.00,76.00,7.1733,-1,-1,-1
1928,12,1282.00,1197.00,120.00,63.00,6.7208,-1,-1,-1
1929,8,1761.00,1107.00,132.00,77.00,7.2141,-1,-1,-1
1929,12,1292.00,1199.00,114.00,62.00,6.5933,-1,-1,-1
1930,8,1759.00,1108.00,135.00,76.00,7.3057,-1,-1,-1
1930,12,1293.00,1199.00,116.00,63.00,6.6923,-1,-1,-1
1931,8,1762.00,1106.00,138.00,79.00,7.3839,-1,-1,-1
1931,12,1302.00,1200.00,109.00,61.00,6.6736,-1,-1,-1
1932,8,1766.00,1107.00,135.00,79.00,7.4193,-1,-1,-1
1932,12,1299.00,1204.00,111.00,60.00,6.6828,-1,-1,-1
1933,8,1767.00,1107.00,139.00,79.00,7.4426,-1,-1,-1
1933,12,1305.00,1206.00,108.00,58.00,6.7071,-1,-1,-1
1934,8,1772.00,1108.00,137.00,78.00,7.4266,-1,-1,-1
1934,12,1306.00,1206.00,112.00,61.00,6.8290,-1,-1,-1
1935,8,1776.00,1108.00,134.00,79.00,7.4552,-1,-1,-1
1935,12,1312.00,1207.00,110.00,59.00,6.9028,-1,-1,-1
1936,8,1779.00,1111.00,133.00,76.00,7.3963,-1,-1,-1
1936,12,1313.00,1208.00,111.00,60.00,6.9703,-1,-1,-1
1937,8,1780.00,1113.00,139.00,74.00,7.3071,-1,-1,-1
1937,12,1315.00,1209.00,112.00,60.00,7.0174,-1,-1,-1
1938,8,1786.00,1115.00,136.00,73.00,7.2457,-1,-1,-1
1938,12,1316.00,1211.00,114.00,59.00,7.0205,-1,-1,-1
1939,8,1788.00,1114.00,137.00,74.00,7.1847,-1,-1,-1
1939,12,1313.00,1211.00,122.00,64.00,7.0330,-1,-1,-1
1940,8,1793.00,1114.00,136.00,73.00,7.1716,-1,-1,-1
1940,12,1325.00,1215.00,110.00,58.00,7.0487,-1,-1,-1
1941,8,1800.00,1117.00,130.00,70.00,7.0827,-1,-1,-1
1941,12,1327.00,1215.00,113.00,62.00,7.0438,-1,-1,-1
1942,8,1803.00,1113.00,131.00,73.00,7.0594,-1,-1,-1
1942,12,1330.00,1216.00,122.00,61.00,7.0259,-1,-1,-1
1943,12,1335.00,1212.00,119.00,67.00,7.0617,-1,-1,-1
1943,8,1807.00,1113.00,130.00,74.00,6.9961,-1,-1,-1
1944,12,1337.00,1214.00,122.00,66.00,7.0863,-1,-1,-1
1944,8,1808.00,1115.00,134.00,73.00,6.9587,-1,-1,-1
1945,12,1346.00,1215.00,113.00,64.00,7.0534,-1,-1,-1
1945,8,1813.00,1117.00,131.00,70.00,6.9541,-1,-1,-1
1946,12,1350.00,1217.00,112.00,63.00,7.0434,-1,-1,-1
1946,8,1813.00,1116.00,137.00,72.00,7.0373,-1,-1,-1
1947,8,1817.00,1117.00,138.00,72.00,7.1031,-1,-1,-1
1947,12,1354.00,1217.00,117.00,65.00,7.0769,-1,-1,-1
1948,8,1820.00,1118.00,137.00,74.00,7.1747,-1,-1,-1
1948,12,1360.00,1218.00,114.00,65.00,7.0676,-1,-1,-1
1949,8,1824.00,1119.00,132.00,74.00,7.2657,-1,-1,-1
1949,12,1372.00,1221.00,105.00,62.00,7.1079,-1,-1,-1
1950,8,1830.00,1118.00,135.00,72.00,7.2353,-1,-1,-1
1950,12,1377.00,1222.00,104.00,61.00,7.1306,-1,-1,-1
1951,8,1832.00,1123.00,138.00,68.00,7.2350,-1,-1,-1
1951,12,1377.00,1221.00,113.00,62.00,7.1993,-1,-1,-1
1952,12,1383.00,1224.00,113.00,61.00,7.2063,-1,-1,-1
1952,8,1842.00,1121.00,132.00,67.00,7.1904,-1,-1,-1
1953,8,1842.00,1119.00,139.00,72.00,7.2252,-1,-1,-1
1953,12,1386.00,1226.00,111.00,60.00,7.1496,-1,-1,-1
1954,12,1395.00,1227.00,108.00,61.00,7.1634,-1,-1,-1
1954,8,1852.00,1120.00,129.00,71.00,7.1513,-1,-1,-1
1955,12,1399.00,1229.00,107.00,58.00,7.0922,-1,-1,-1
1955,8,1856.00,1118.00,132.00,68.00,7.0383,-1,-1,-1
1956,12,1400.00,1229.00,110.00,63.00,7.0864,-1,-1,-1
1956,8,1862.00,1118.00,131.00,68.00,7.0059,-1,-1,-1
1957,12,1401.00,1231.00,115.00,62.00,7.1323,-1,-1,-1
1957,8,1866.00,1119.00,131.00,67.00,7.0303,-1,-1,-1
1958,12,1411.00,1232.00,110.00,62.00,7.1590,-1,-1,-1
1958,8,1870.00,1117.00,133.00,67.00,7.0984,-1,-1,-1
1959,12,1407.00,1230.00,120.00,68.00,7.2159,-1,-1,-1
1959,8,1877.00,1116.00,131.00,68.00,7.0324,-1,-1,-1
1960,12,1411.00,1231.00,122.00,68.00,7.2732,-1,-1,-1
1960,8,1881.00,1117.00,128.00,68.00,6.9803,-1,-1,-1
1961,12,1417.00,1233.00,115.00,65.00,7.3051,-1,-1,-1
1961,8,1883.00,1116.00,129.00,68.00,7.0431,-1,-1,-1
1962,12,1431.00,1235.00,109.00,62.00,7.3258,-1,-1,-1
1962,8,1892.00,1115.00,125.00,68.00,7.1205,-1,-1,-1
1963,12,1427.00,1234.00,118.00,68.00,7.3437,-1,-1,-1
1963,8,1894.00,1113.00,132.00,71.00,7.1949,-1,-1,-1
1964,12,1435.00,1235.00,113.00,66.00,7.3210,-1,-1,-1
1964,8,1896.00,1112.00,133.00,71.00,7.2428,-1,-1,-1
1965,12,1438.00,1235.00,116.00,69.00,7.3709,-1,-1,-1
1965,8,1904.00,1111.00,127.00,72.00,7.2021,-1,-1,-1
1966,12,1442.00,1237.00,111.00,65.00,7.4213,-1,-1,-1
1966,8,1905.00,1108.00,129.00,73.00,7.2713,-1,-1,-1
1967,12,1444.00,1231.00,120.00,69.00,7.4610,-1,-1,-1
1967,8,1908.00,1102.00,130.00,72.00,7.3095,-1,-1,-1
1968,12,1451.00,1228.00,117.00,64.00,7.3937,-1,-1,-1
1968,8,1916.00,1099.00,128.00,72.00,7.3693,-1,-1,-1
1969,8,1916.00,1088.00,135.00,76.00,7.3852,-1,-1,-1
1969,12,1458.00,1221.00,115.00,65.00,7.3547,-1,-1,-1
1970,8,1920.00,1084.00,133.00,75.00,7.4072,-1,-1,-1
1970,12,1464.00,1215.00,115.00,65.00,7.3581,-1,-1,-1
1971,8,1927.00,1078.00,129.00,73.00,7.4266,-1,-1,-1
1971,12,1468.00,1210.00,112.00,67.00,7.4247,-1,-1,-1
1972,12,1467.00,1204.00,117.00,71.00,7.4895,-1,-1,-1
1972,8,1925.00,1071.00,131.00,75.00,7.3558,-1,-1,-1
1973,12,1475.00,1202.00,114.00,65.00,7.5092,-1,-1,-1
1973,8,1926.00,1061.00,136.00,77.00,7.3986,-1,-1,-1
1974,12,1479.00,1199.00,111.00,66.00,7.5211,-1,-1,-1
1974,8,1936.00,1061.00,128.00,73.00,7.3960,-1,-1,-1
1975,12,1485.00,1196.00,107.00,67.00,7.5574,-1,-1,-1
1975,8,1942.00,1055.00,127.00,74.00,7.3705,-1,-1,-1
1976,12,1489.00,1195.00,106.00,68.00,7.5829,-1,-1,-1
1976,8,1937.00,1051.00,134.00,76.00,7.3964,-1,-1,-1
1977,12,1497.00,1193.00,102.00,66.00,7.5812,-1,-1,-1
1977,8,1940.00,1048.00,135.00,76.00,7.4698,-1,-1,-1
1978,12,1497.00,1191.00,106.00,70.00,7.5968,-1,-1,-1
1978,8,1945.00,1045.00,132.00,76.00,7.4922,-1,-1,-1
1979,12,1499.00,1189.00,110.00,73.00,7.6005,-1,-1,-1
1979,8,1945.00,1044.00,130.00,75.00,7.4473,-1,-1,-1
1980,12,1502.00,1192.00,114.00,72.00,7.5154,-1,-1,-1
1980,8,1947.00,1040.00,134.00,77.00,7.3107,-1,-1,-1
1981,12,1514.00,1193.00,102.00,69.00,7.4958,-1,-1,-1
1981,8,1952.00,1039.00,133.00,77.00,7.2625,-1,-1,-1
1982,12,1515.00,1195.00,105.00,70.00,7.5127,-1,-1,-1
1982,8,1951.00,1038.00,140.00,76.00,7.2974,-1,-1,-1
1983,12,1523.00,1197.00,99.00,65.00,7.4552,-1,-1,-1
1983,8,1962.00,1039.00,130.00,72.00,7.2715,-1,-1,-1
1984,12,1524.00,1199.00,103.00,63.00,7.4303,-1,-1,-1
1984,8,1965.00,1039.00,129.00,72.00,7.2584,-1,-1,-1
1985,12,1531.00,1201.00,102.00,60.00,7.3812,-1,-1,-1
1985,8,1962.00,1035.00,138.00,77.00,7.2751,-1,-1,-1
1986,12,1534.00,1201.00,102.00,64.00,7.3444,-1,-1,-1
1986,8,1967.00,1033.00,136.00,80.00,7.3030,-1,-1,-1
1987,8,1968.00,1030.00,135.00,84.00,7.3572,-1,-1,-1
1987,12,1533.00,1205.00,105.00,64.00,7.3484,-1,-1,-1
1988,12,1535.00,1206.00,107.00,66.00,7.3957,-1,-1,-1
1988,8,1972.00,1029.00,133.00,82.00,7.3502,-1,-1,-1
1989,12,1537.00,1206.00,108.00,67.00,7.4276,-1,-1,-1
1989,8,1972.00,1029.00,135.00,81.00,7.3613,-1,-1,-1
1990,12,1538.00,1207.00,111.00,70.00,7.4650,-1,-1,-1
1990,8,1975.00,1028.00,134.00,81.00,7.3651,-1,-1,-1
1991,12,1542.00,1208.00,108.00,71.00,7.5133,-1,-1,-1
1991,8,1975.00,1026.00,133.00,81.00,7.3505,-1,-1,-1
1992,12,1541.00,1212.00,109.00,71.00,7.5482,-1,-1,-1
1992,8,1976.00,1025.00,130.00,79.00,7.2662,-1,-1,-1
1993,12,1541.00,1212.00,108.00,74.00,7.5539,-1,-1,-1
1993,8,1973.00,1021.00,133.00,84.00,7.2405,-1,-1,-1
1994,12,1541.00,1213.00,107.00,75.00,7.5798,-1,-1,-1
1994,8,1972.00,1023.00,130.00,78.00,7.1824,-1,-1,-1
1995,12,1540.00,1212.00,110.00,82.00,7.6182,-1,-1,-1
1995,8,1971.00,1020.00,130.00,80.00,7.1003,-1,-1,-1
1996,12,1542.00,1214.00,108.00,79.00,7.6266,-1,-1,-1
1996,8,1972.00,1015.00,128.00,79.00,6.9377,-1,-1,-1
1997,12,1546.00,1216.00,103.00,78.00,7.5438,-1,-1,-1
1997,8,1966.00,1012.00,130.00,82.00,6.9247,-1,-1,-1
1998,12,1542.00,1219.00,108.00,80.00,7.4572,-1,-1,-1
1998,8,1968.00,1009.00,126.00,83.00,7.0114,-1,-1,-1
1999,12,1541.00,1224.00,106.00,81.00,7.4593,-1,-1,-1
1999,8,1965.00,1004.00,128.00,88.00,7.0625,-1,-1,-1
2000,12,1541.00,1226.00,105.00,81.00,7.4294,-1,-1,-1
2000,8,1961.00,1002.00,128.00,88.00,7.0648,-1,-1,-1
2001,12,1541.00,1229.00,105.00,83.00,7.4557,-1,-1,-1
2001,8,1958.00,1003.00,126.00,83.00,7.1087,-1,-1,-1
2002,12,1539.00,1231.00,107.00,82.00,7.4455,-1,-1,-1
2002,8,1957.00,998.00,124.00,85.00,7.1310,-1,-1,-1
2003,12,1540.00,1236.00,105.00,79.00,7.4695,-1,-1,-1
2003,8,1955.00,995.00,121.00,85.00,7.0674,-1,-1,-1
2004,12,1543.00,1233.00,102.00,81.00,7.4990,-1,-1,-1
2004,8,1956.00,994.00,117.00,86.00,7.0242,-1,-1,-1
2005,12,1538.00,1237.00,108.00,84.00,7.5288,-1,-1,-1
2005,8,1952.00,991.00,120.00,86.00,7.0098,-1,-1,-1
2006,12,1538.00,1240.00,108.00,83.00,7.4677,-1,-1,-1
2006,8,1951.00,988.00,118.00,89.00,7.0556,-1,-1,-1
2007,12,1543.00,1240.00,104.00,82.00,7.3811,-1,-1,-1
2007,8,1950.00,985.00,116.00,91.00,7.1347,-1,-1,-1
2008,12,1543.00,1242.00,102.00,79.00,7.2957,-1,-1,-1
2008,8,1947.00,984.00,116.00,91.00,7.2342,-1,-1,-1
2009,8,1940.00,980.00,120.00,92.00,7.2761,-1,-1,-1
2009,12,1544.00,1244.00,101.00,80.00,7.2348,-1,-1,-1
2010,8,1935.00,979.00,121.00,91.00,7.3128,-1,-1,-1
2010,12,1543.00,1247.00,103.00,83.00,7.2278,-1,-1,-1
2011,8,1930.00,973.00,123.00,96.00,7.3606,-1,-1,-1
2011,12,1546.00,1248.00,99.00,82.00,7.1916,-1,-1,-1
2012,8,1929.00,969.00,123.00,97.00,7.3773,-1,-1,-1
2012,12,1547.00,1251.00,98.00,82.00,7.2505,-1,-1,-1
2013,8,1924.00,966.00,126.00,97.00,7.3646,-1,-1,-1
2013,12,1546.00,1254.00,100.00,83.00,7.3109,-1,-1,-1
2014,8,1922.00,959.00,123.00,102.00,7.3871,-1,-1,-1
2014,12,1548.00,1255.00,96.00,84.00,7.3759,-1,-1,-1
2015,12,1548.00,1257.00,97.00,80.00,7.4393,-1,-1,-1
2015,8,1922.00,957.00,122.00,100.00,7.4300,-1,-1,-1
2016,8,1917.00,953.00,125.00,105.00,7.4751,-1,-1,-1
2016,12,1551.00,1259.00,95.00,81.00,7.4258,-1,-1,-1
2017,8,1914.00,949.00,126.00,108.00,7.4676,-1,-1,-1
2017,12,1549.00,1261.00,98.00,83.00,7.3953,-1,-1,-1
2018,8,1908.00,946.00,127.00,114.00,7.4448,-1,-1,-1
2018,12,1548.00,1263.00,100.00,85.00,7.3270,-1,-1,-1
2019,8,1908.00,945.00,119.00,111.00,7.4626,-1,-1,-1
2019,12,1552.00,1265.00,94.00,82.00,7.2798,-1,-1,-1
2020,8,1902.00,943.00,123.00,111.00,7.4580,-1,-1,-1
2020,12,1553.00,1265.00,94.00,84.00,7.2177,-1,-1,-1
2021,8,1900.00,940.00,122.00,115.00,7.4244,-1,-1,-1
2021,12,1552.00,1271.00,94.00,86.00,7.2837,-1,-1,-1
2022,8,1893.00,944.00,123.00,107.00,7.3996,-1,-1,-1
2022,12,1552.00,1274.00,93.00,86.00,7.3681,-1,-1,-1
2023,12,1550.00,1276.00,93.00,85.00,7.4586,-1,-1,-1
2023,8,1887.00,938.00,124.00,115.00,7.4130,-1,-1,-1
2024,12,1551.00,1277.00,91.00,87.00,7.5378,-1,-1,-1
2024,8,1885.00,936.00,121.00,110.00,7.4005,-1,-1,-1
2025,12,1555.00,1277.00,87.00,89.00,7.6090,-1,-1,-1
2025,8,1877.00,936.00,118.00,111.00,7.3590,-1,-1,-1
2026,12,1555.00,1279.00,88.00,87.00,7.6715,-1,-1,-1
2026,8,1876.00,932.00,116.00,112.00,7.3659,-1,-1,-1
2027,12,1556.00,1280.00,86.00,90.00,7.7063,-1,-1,-1
2027,8,1869.00,931.00,116.00,110.00,7.3887,-1,-1,-1
2028,12,1557.00,1283.00,84.00,87.00,7.6979,-1,-1,-1
2028,8,1866.00,925.00,116.00,113.00,7.2627,-1,-1,-1
2029,12,1556.00,1283.00,85.00,92.00,7.6694,-1,-1,-1
2029,8,1860.00,921.00,113.00,118.00,7.2493,-1,-1,-1
2030,12,1553.00,1283.00,88.00,97.00,7.6417,-1,-1,-1
2030,8,1859.00,921.00,106.00,116.00,7.2527,-1,-1,-1
2031,12,1554.00,1284.00,88.00,99.00,7.5978,-1,-1,-1
2031,8,1850.00,920.00,110.00,115.00,7.2421,-1,-1,-1
2032,12,1556.00,1285.00,86.00,100.00,7.5552,-1,-1,-1
2032,8,1849.00,916.00,105.00,112.00,7.2097,-1,-1,-1
2033,12,1552.00,1288.00,90.00,102.00,7.6055,-1,-1,-1
2033,8,1839.00,913.00,111.00,122.00,7.2352,-1,-1,-1
2034,12,1551.00,1291.00,91.00,103.00,7.6712,-1,-1,-1
2034,8,1833.00,912.00,109.00,120.00,7.2335,-1,-1,-1
2035,12,1553.00,1294.00,86.00,101.00,7.6958,-1,-1,-1
2035,8,1833.00,909.00,102.00,116.00,7.2166,-1,-1,-1
2036,12,1553.00,1294.00,86.00,105.00,7.6896,-1,-1,-1
2036,8,1828.00,908.00,101.00,117.00,7.2617,-1,-1,-1
2037,12,1553.00,1297.00,84.00,104.00,7.6796,-1,-1,-1
2037,8,1823.00,905.00,100.00,116.00,7.2409,-1,-1,-1
2038,12,1552.00,1299.00,86.00,103.00,7.6647,-1,-1,-1
2038,8,1815.00,904.00,103.00,116.00,7.2178,-1,-1,-1
2039,12,1553.00,1301.00,85.00,102.00,7.6520,-1,-1,-1
2039,8,1816.00,901.00,95.00,110.00,7.2453,-1,-1,-1
2040,12,1555.00,1301.00,82.00,106.00,7.6028,-1,-1,-1
2040,8,1811.00,899.00,93.00,110.00,7.2333,-1,-1,-1
2041,12,1555.00,1303.00,83.00,108.00,7.5484,-1,-1,-1
2041,8,1803.00,896.00,96.00,111.00,7.2800,-1,-1,-1
2042,12,1556.00,1304.00,80.00,110.00,7.4575,-1,-1,-1
2042,8,1802.00,894.00,90.00,114.00,7.3045,-1,-1,-1
2043,12,1562.00,1306.00,73.00,108.00,7.3158,-1,-1,-1
2043,8,1797.00,893.00,89.00,111.00,7.2844,-1,-1,-1
2044,8,1790.00,893.00,90.00,114.00,7.2734,-1,-1,-1
2044,12,1563.00,1307.00,72.00,109.00,7.1694,-1,-1,-1
2045,8,1784.00,892.00,92.00,112.00,7.3101,-1,-1,-1
2045,12,1559.00,1308.00,78.00,115.00,7.1132,-1,-1,-1
2046,8,1781.00,890.00,89.00,115.00,7.3488,-1,-1,-1
2046,12,1559.00,1310.00,80.00,115.00,7.1305,-1,-1,-1
2047,8,1781.00,889.00,82.00,114.00,7.2743,-1,-1,-1
2047,12,1561.00,1315.00,77.00,109.00,7.1491,-1,-1,-1
2048,8,1773.00,888.00,88.00,113.00,7.2598,-1,-1,-1
2048,12,1563.00,1317.00,76.00,107.00,7.1825,-1,-1,-1
2049,8,1770.00,887.00,84.00,114.00,7.2281,-1,-1,-1
2049,12,1565.00,1318.00,75.00,106.00,7.2204,-1,-1,-1
2050,12,1566.00,1321.00,75.00,105.00,7.2604,-1,-1,-1
2050,8,1767.00,884.00,86.00,117.00,7.2403,-1,-1,-1
2051,12,1567.00,1323.00,76.00,104.00,7.2654,-1,-1,-1
2051,8,1762.00,882.00,87.00,120.00,7.2612,-1,-1,-1
2052,12,1567.00,1323.00,78.00,107.00,7.2677,-1,-1,-1
2052,8,1759.00,882.00,86.00,119.00,7.1875,-1,-1,-1
2053,12,1567.00,1320.00,79.00,111.00,7.3130,-1,-1,-1
2053,8,1757.00,881.00,84.00,118.00,7.0140,-1,-1,-1
2054,12,1569.00,1322.00,79.00,112.00,7.3581,-1,-1,-1
2054,8,1752.00,878.00,86.00,120.00,6.9589,-1,-1,-1
2055,12,1571.00,1324.00,80.00,114.00,7.4006,-1,-1,-1
2055,8,1752.00,877.00,82.00,123.00,6.9616,-1,-1,-1
2056,12,1577.00,1323.00,77.00,113.00,7.3960,-1,-1,-1
2056,8,1752.00,876.00,82.00,122.00,7.0147,-1,-1,-1
2057,12,1584.00,1324.00,73.00,110.00,7.3739,-1,-1,-1
2057,8,1751.00,875.00,85.00,122.00,7.0698,-1,-1,-1
2058,12,1588.00,1322.00,75.00,111.00,7.3307,-1,-1,-1
2058,8,1752.00,873.00,86.00,122.00,7.0606,-1,-1,-1
2059,12,1589.00,1323.00,78.00,110.00,7.3364,-1,-1,-1
2059,8,1754.00,872.00,86.00,124.00,7.0358,-1,-1,-1
2060,12,1594.00,1323.00,78.00,114.00,7.3645,-1,-1,-1
2060,8,1756.00,871.00,88.00,123.00,7.0039,-1,-1,-1
2061,12,1601.00,1322.00,76.00,111.00,7.3732,-1,-1,-1
2061,8,1759.00,870.00,91.00,124.00,7.0495,-1,-1,-1
2062,12,1608.00,1319.00,72.00,110.00,7.3490,-1,-1,-1
2062,8,1763.00,870.00,90.00,120.00,7.1300,-1,-1,-1
2063,12,1615.00,1321.00,72.00,109.00,7.3750,-1,-1,-1
2063,8,1767.00,867.00,89.00,123.00,7.1768,-1,-1,-1
2064,12,1616.00,1319.00,75.00,113.00,7.3365,-1,-1,-1
2064,8,1771.00,867.00,85.00,122.00,7.2040,-1,-1,-1
2065,12,1623.00,1321.00,74.00,107.00,7.2947,-1,-1,-1
2065,8,1773.00,864.00,85.00,126.00,7.1520,-1,-1,-1
2066,12,1632.00,1315.00,71.00,112.00,7.3039,-1,-1,-1
2066,8,1778.00,863.00,85.00,119.00,7.1322,-1,-1,-1
2067,12,1640.00,1317.00,73.00,108.00,7.2627,-1,-1,-1
2067,8,1782.00,861.00,89.00,125.00,7.1680,-1,-1,-1
2068,12,1646.00,1314.00,77.00,111.00,7.2527,-1,-1,-1
2068,8,1793.00,860.00,84.00,121.00,7.2239,-1,-1,-1
2069,12,1658.00,1310.00,70.00,114.00,7.3009,-1,-1,-1
2069,8,1800.00,859.00,81.00,122.00,7.2325,-1,-1,-1
2070,8,1806.00,857.00,87.00,124.00,7.2659,-1,-1,-1
2070,12,1666.00,1307.00,73.00,116.00,7.2335,-1,-1,-1
2071,8,1816.00,856.00,85.00,121.00,7.3385,-1,-1,-1
2071,12,1672.00,1304.00,74.00,118.00,7.1416,-1,-1,-1
2072,8,1823.00,855.00,83.00,122.00,7.3699,-1,-1,-1
2072,12,1680.00,1305.00,72.00,117.00,7.1386,-1,-1,-1
2073,8,1832.00,854.00,84.00,124.00,7.3325,-1,-1,-1
2073,12,1690.00,1300.00,72.00,119.00,7.1143,-1,-1,-1
2074,8,1840.00,853.00,83.00,122.00,7.4038,-1,-1,-1
2074,12,1696.00,1301.00,78.00,118.00,7.1177,-1,-1,-1
2075,8,1850.00,853.00,77.00,119.00,7.3910,-1,-1,-1
2075,12,1704.00,1303.00,75.00,112.00,7.1753,-1,-1,-1
2076,12,1713.00,1298.00,76.00,121.00,7.2141,-1,-1,-1
2076,8,1853.00,851.00,84.00,127.00,7.1946,-1,-1,-1
2077,8,1866.00,850.00,77.00,121.00,7.2273,-1,-1,-1
2077,12,1723.00,1299.00,74.00,116.00,7.1974,-1,-1,-1
2078,8,1872.00,851.00,79.00,123.00,7.2420,-1,-1,-1
2078,12,1728.00,1302.00,75.00,112.00,7.1995,-1,-1,-1
2079,12,1737.00,1299.00,78.00,114.00,7.2175,-1,-1,-1
2079,8,1880.00,849.00,76.00,124.00,7.0358,-1,-1,-1
2080,12,1746.00,1299.00,78.00,114.00,7.2285,-1,-1,-1
2080,8,1886.00,850.00,80.00,122.00,7.0537,-1,-1,-1
2081,12,1753.00,1299.00,78.00,116.00,7.2187,-1,-1,-1
2081,8,1895.00,850.00,78.00,121.00,7.1000,-1,-1,-1
2082,12,1758.00,1298.00,79.00,115.00,7.1832,-1,-1,-1
2082,8,1904.00,849.00,73.00,119.00,7.0624,-1,-1,-1
2083,12,1767.00,1299.00,80.00,115.00,7.1448,-1,-1,-1
2083,8,1905.00,852.00,82.00,125.00,6.9785,-1,-1,-1
2084,8,1917.00,850.00,76.00,119.00,7.0469,-1,-1,-1
2084,12,1776.00,1300.00,76.00,113.00,7.0336,-1,-1,-1
2085,12,1777.00,1303.00,80.00,110.00,7.1030,-1,-1,-1
2085,8,1924.00,849.00,72.00,121.00,7.0581,-1,-1,-1
2086,12,1786.00,1301.00,80.00,114.00,7.0995,-1,-1,-1
2086,8,1930.00,850.00,72.00,119.00,6.9712,-1,-1,-1
2087,12,1794.00,1299.00,80.00,117.00,7.0810,-1,-1,-1
2087,8,1932.00,854.00,79.00,119.00,6.9357,-1,-1,-1
2088,12,1801.00,1300.00,76.00,115.00,7.0516,-1,-1,-1
2088,8,1942.00,851.00,75.00,118.00,7.0329,-1,-1,-1
2089,12,1802.00,1303.00,78.00,109.00,7.1000,-1,-1,-1
2089,8,1948.00,850.00,73.00,118.00,7.0913,-1,-1,-1
2090,12,1815.00,1302.00,72.00,105.00,7.0597,-1,-1,-1
2090,8,1954.00,850.00,72.00,118.00,7.0076,-1,-1,-1
2091,12,1819.00,1299.00,75.00,109.00,7.0875,-1,-1,-1
2091,8,1957.00,853.00,76.00,120.00,6.9617,-1,-1,-1
2092,12,1826.00,1299.00,72.00,110.00,7.0581,-1,-1,-1
2092,8,1969.00,849.00,68.00,116.00,6.9924,-1,-1,-1
2093,8,1970.00,846.00,74.00,122.00,7.0506,-1,-1,-1
2093,12,1829.00,1299.00,74.00,110.00,7.0299,-1,-1,-1
2094,8,1972.00,844.00,80.00,120.00,7.0499,-1,-1,-1
2094,12,1835.00,1300.00,74.00,108.00,7.0432,-1,-1,-1
2095,8,1981.00,843.00,73.00,120.00,7.0210,-1,-1,-1
2095,12,1842.00,1296.00,73.00,111.00,7.0039,-1,-1,-1
2096,8,1986.00,845.00,73.00,121.00,7.0414,-1,-1,-1
2096,12,1847.00,1296.00,71.00,107.00,6.9922,-1,-1,-1
2097,12,1851.00,1298.00,72.00,106.00,7.0264,-1,-1,-1
2097,8,1993.00,844.00,70.00,120.00,6.9917,-1,-1,-1
2098,12,1855.00,1297.00,71.00,104.00,7.1089,-1,-1,-1
2098,8,1991.00,842.00,79.00,119.00,6.9418,-1,-1,-1
2099,12,1858.00,1295.00,75.00,108.00,7.0850,-1,-1,-1
2099,8,1996.00,842.00,78.00,118.00,6.8995,-1,-1,-1
2100,12,1863.00,1297.00,74.00,107.00,7.1265,-1,-1,-1
2100,8,2000.00,839.00,80.00,120.00,6.8945,-1,-1,-1
2101,12,1870.00,1289.00,69.00,109.00,7.1438,-1,-1,-1
2101,8,2005.00,840.00,80.00,114.00,6.9859,-1,-1,-1
2102,12,1874.00,1287.00,69.00,109.00,7.1526,-1,-1,-1
2102,8,2010.00,840.00,81.00,120.00,7.0294,-1,-1,-1
2103,12,1875.00,1287.00,72.00,114.00,7.1593,-1,-1,-1
2103,8,2013.00,836.00,82.00,123.00,7.0885,-1,-1,-1
2104,8,2016.00,836.00,82.00,116.00,7.1313,-1,-1,-1
2104,12,1884.00,1282.00,69.00,110.00,7.0561,-1,-1,-1
2105,8,2018.00,834.00,85.00,117.00,7.0527,-1,-1,-1
2105,12,1886.00,1281.00,70.00,111.00,6.8914,-1,-1,-1
2106,8,2023.00,833.00,85.00,118.00,6.9519,-1,-1,-1
2106,12,1889.00,1280.00,70.00,113.00,6.7643,-1,-1,-1
2107,8,2025.00,831.00,89.00,125.00,7.0191,-1,-1,-1
2107,12,1893.00,1280.00,68.00,109.00,6.7142,-1,-1,-1
2108,8,2030.00,829.00,86.00,124.00,7.0815,-1,-1,-1
2108,12,1897.00,1278.00,67.00,107.00,6.6906,-1,-1,-1
2109,8,2030.00,828.00,86.00,126.00,7.1479,-1,-1,-1
2109,12,1902.00,1274.00,63.00,107.00,6.6018,-1,-1,-1
2110,8,2033.00,826.00,84.00,126.00,7.1769,-1,-1,-1
2110,12,1902.00,1281.00,66.00,99.00,6.6450,-1,-1,-1
2111,8,2035.00,825.00,83.00,126.00,7.1964,-1,-1,-1
2111,12,1903.00,1282.00,67.00,100.00,6.6525,-1,-1,-1
2112,8,2037.00,824.00,83.00,126.00,7.2244,-1,-1,-1
2112,12,1909.00,1277.00,62.00,97.00,6.6086,-1,-1,-1
2113,8,2038.00,824.00,83.00,120.00,7.1861,-1,-1,-1
2113,12,1910.00,1275.00,64.00,98.00,6.6198,-1,-1,-1
2114,8,2045.00,823.00,76.00,119.00,7.0184,-1,-1,-1
2114,12,1912.00,1271.00,65.00,101.00,6.6169,-1,-1,-1
2115,8,2048.00,821.00,76.00,116.00,6.9354,-1,-1,-1
2115,12,1921.00,1268.00,54.00,89.00,6.6757,-1,-1,-1
2116,8,2051.00,821.00,72.00,114.00,6.7152,-1,-1,-1
2116,12,1915.00,1269.00,63.00,102.00,6.6103,-1,-1,-1
2117,8,2054.00,819.00,71.00,107.00,6.6021,-1,-1,-1
2117,12,1916.00,1268.00,64.00,102.00,6.5504,-1,-1,-1
2118,12,1915.00,1268.00,69.00,104.00,6.6186,-1,-1,-1
2118,8,2053.00,817.00,73.00,110.00,6.5206,-1,-1,-1
2119,12,1919.00,1262.00,66.00,107.00,6.6824,-1,-1,-1
2119,8,2055.00,816.00,72.00,109.00,6.4784,-1,-1,-1
2120,12,1920.00,1261.00,65.00,105.00,6.7570,-1,-1,-1
2120,8,2053.00,815.00,76.00,115.00,6.5148,-1,-1,-1
2121,12,1920.00,1264.00,67.00,106.00,6.8030,-1,-1,-1
2121,8,2052.00,814.00,80.00,117.00,6.5884,-1,-1,-1
2121,16,2637.00,514.00,29.00,29.00,2.4078,-1,-1,-1
2122,12,1922.00,1259.00,63.00,105.00,6.8184,-1,-1,-1
2122,8,2053.00,812.00,79.00,118.00,6.6572,-1,-1,-1
2122,16,2637.00,515.00,29.00,29.00,2.7923,-1,-1,-1
2123,12,1924.00,1257.00,60.00,104.00,6.7685,-1,-1,-1
2123,8,2053.00,812.00,80.00,116.00,6.7362,-1,-1,-1
2123,16,2637.00,516.00,29.00,29.00,3.2373,-1,-1,-1
2124,8,2054.00,810.00,80.00,117.00,6.8411,-1,-1,-1
2124,12,1924.00,1255.00,60.00,105.00,6.6912,-1,-1,-1
2124,16,2638.00,517.00,29.00,28.00,3.8596,-1,-1,-1
2125,8,2053.00,809.00,82.00,120.00,6.9484,-1,-1,-1
2125,12,1924.00,1254.00,61.00,107.00,6.6240,-1,-1,-1
2125,16,2639.00,518.00,29.00,28.00,4.4079,-1,-1,-1
2126,8,2054.00,808.00,82.00,119.00,7.0489,-1,-1,-1
2126,12,1923.00,1254.00,64.00,109.00,6.6073,-1,-1,-1
2126,16,2639.00,519.00,29.00,28.00,4.8268,-1,-1,-1
2127,8,2055.00,807.00,82.00,119.00,7.1479,-1,-1,-1
2127,12,1923.00,1253.00,66.00,108.00,6.6318,-1,-1,-1
2127,16,2639.00,520.00,29.00,29.00,5.2107,-1,-1,-1
2128,8,2056.00,805.00,81.00,120.00,7.2168,-1,-1,-1
2128,12,1922.00,1251.00,67.00,110.00,6.6637,-1,-1,-1
2128,16,2639.00,521.00,30.00,29.00,5.5198,-1,-1,-1
2129,8,2059.00,804.00,78.00,118.00,7.2544,-1,-1,-1
2129,12,1922.00,1251.00,68.00,108.00,6.7099,-1,-1,-1
2129,16,2639.00,521.00,30.00,29.00,5.7834,-1,-1,-1
2130,8,2059.00,804.00,79.00,118.00,7.3033,-1,-1,-1
2130,12,1922.00,1251.00,69.00,107.00,6.7745,-1,-1,-1
2130,16,2639.00,522.00,30.00,29.00,5.9844,-1,-1,-1
2131,8,2059.00,802.00,80.00,121.00,7.3276,-1,-1,-1
2131,12,1921.00,1250.00,70.00,108.00,6.8473,-1,-1,-1
2131,16,2639.00,523.00,30.00,28.00,5.8845,-1,-1,-1
2132,8,2061.00,802.00,79.00,118.00,7.3076,-1,-1,-1
2132,12,1921.00,1249.00,70.00,108.00,6.9256,-1,-1,-1
2132,16,2639.00,524.00,30.00,28.00,5.7249,-1,-1,-1
2133,8,2063.00,800.00,76.00,120.00,7.1375,-1,-1,-1
2133,12,1922.00,1247.00,70.00,107.00,7.0224,-1,-1,-1
2133,16,2638.00,525.00,30.00,29.00,5.5748,-1,-1,-1
2134,12,1921.00,1246.00,71.00,108.00,7.1023,-1,-1,-1
2134,8,2063.00,799.00,76.00,121.00,6.9910,-1,-1,-1
2134,16,2639.00,525.00,30.00,29.00,5.5004,-1,-1,-1
2135,12,1922.00,1245.00,70.00,108.00,7.1696,-1,-1,-1
2135,8,2063.00,797.00,77.00,123.00,6.7953,-1,-1,-1
2135,16,2638.00,525.00,30.00,29.00,5.3819,-1,-1,-1
2136,12,1921.00,1244.00,70.00,108.00,7.2272,-1,-1,-1
2136,8,2068.00,799.00,70.00,114.00,6.5803,-1,-1,-1
2136,16,2638.00,525.00,30.00,29.00,5.1433,-1,-1,-1
2137,12,1921.00,1242.00,70.00,109.00,7.2619,-1,-1,-1
2137,8,2067.00,797.00,71.00,117.00,6.4245,-1,-1,-1
2137,16,2638.00,526.00,30.00,29.00,3.5475,-1,-1,-1
2138,12,1921.00,1241.00,71.00,109.00,7.3163,-1,-1,-1
2138,8,2064.00,795.00,76.00,119.00,6.3721,-1,-1,-1
2138,16,2637.00,526.00,30.00,29.00,2.3817,-1,-1,-1
2139,12,1921.00,1240.00,72.00,110.00,7.3942,-1,-1,-1
2139,8,2063.00,793.00,79.00,119.00,6.4390,-1,-1,-1
2139,16,2637.00,526.00,30.00,29.00,1.5345,-1,-1,-1
2140,12,1922.00,1240.00,73.00,108.00,7.4622,-1,-1,-1
2140,8,2061.00,791.00,83.00,121.00,6.5441,-1,-1,-1
2141,12,1923.00,1239.00,72.00,107.00,7.4895,-1,-1,-1
2141,8,2061.00,790.00,84.00,121.00,6.6459,-1,-1,-1
2142,12,1922.00,1237.00,74.00,106.00,7.5136,-1,-1,-1
2142,8,2062.00,789.00,84.00,121.00,6.7437,-1,-1,-1
2143,12,1923.00,1235.00,75.00,106.00,7.5609,-1,-1,-1
2143,8,2062.00,788.00,86.00,119.00,6.8216,-1,-1,-1
2144,12,1922.00,1232.00,77.00,109.00,7.5827,-1,-1,-1
2144,8,2061.00,787.00,90.00,121.00,6.8868,-1,-1,-1
2145,12,1922.00,1230.00,77.00,112.00,7.5864,-1,-1,-1
2145,8,2061.00,785.00,94.00,123.00,6.9526,-1,-1,-1
2146,12,1922.00,1229.00,78.00,113.00,7.5596,-1,-1,-1
2146,8,2060.00,784.00,96.00,125.00,7.0200,-1,-1,-1
2147,12,1923.00,1228.00,77.00,113.00,7.5258,-1,-1,-1
2147,8,2060.00,782.00,97.00,129.00,7.0768,-1,-1,-1
2148,12,1927.00,1225.00,73.00,114.00,7.4912,-1,-1,-1
2148,8,2060.00,781.00,97.00,128.00,7.1266,-1,-1,-1
2149,12,1928.00,1224.00,72.00,114.00,7.4491,-1,-1,-1
2149,8,2060.00,778.00,98.00,132.00,7.1570,-1,-1,-1
2150,12,1927.00,1226.00,76.00,109.00,7.4250,-1,-1,-1
2150,8,2060.00,776.00,98.00,135.00,7.1856,-1,-1,-1
2151,12,1926.00,1226.00,77.00,109.00,7.4171,-1,-1,-1
2151,8,2061.00,774.00,97.00,135.00,7.1796,-1,-1,-1
2152,12,1928.00,1225.00,74.00,108.00,7.4468,-1,-1,-1
2152,8,2061.00,773.00,99.00,137.00,7.1358,-1,-1,-1
2153,12,1929.00,1222.00,72.00,110.00,7.4818,-1,-1,-1
2153,8,2062.00,775.00,100.00,133.00,7.0567,-1,-1,-1
2154,12,1929.00,1221.00,72.00,110.00,7.4733,-1,-1,-1
2154,8,2065.00,776.00,97.00,129.00,7.0014,-1,-1,-1
2155,12,1930.00,1221.00,71.00,110.00,7.4807,-1,-1,-1
2155,8,2067.00,775.00,96.00,131.00,7.0032,-1,-1,-1
2156,12,1930.00,1219.00,70.00,112.00,7.4585,-1,-1,-1
2156,8,2066.00,774.00,97.00,131.00,6.9883,-1,-1,-1
2157,12,1930.00,1220.00,71.00,111.00,7.4172,-1,-1,-1
2157,8,2066.00,772.00,96.00,132.00,6.9748,-1,-1,-1
2158,12,1929.00,1218.00,73.00,111.00,7.3700,-1,-1,-1
2158,8,2066.00,771.00,97.00,131.00,6.9600,-1,-1,-1
2159,12,1929.00,1219.00,72.00,110.00,7.2932,-1,-1,-1
2159,8,2066.00,770.00,98.00,130.00,6.9785,-1,-1,-1
2160,12,1929.00,1218.00,72.00,111.00,7.1286,-1,-1,-1
2160,8,2065.00,769.00,97.00,130.00,7.0158,-1,-1,-1
2161,8,2066.00,769.00,95.00,128.00,7.0543,-1,-1,-1
2161,12,1932.00,1212.00,70.00,113.00,6.9878,-1,-1,-1
2162,8,2066.00,768.00,95.00,129.00,7.0920,-1,-1,-1
2162,12,1932.00,1212.00,70.00,112.00,6.8682,-1,-1,-1
2163,8,2067.00,767.00,94.00,130.00,7.1301,-1,-1,-1
2163,12,1932.00,1211.00,70.00,111.00,6.7979,-1,-1,-1
2164,8,2067.00,766.00,94.00,130.00,7.1725,-1,-1,-1
2164,12,1932.00,1210.00,71.00,112.00,6.7388,-1,-1,-1
2165,8,2069.00,765.00,90.00,129.00,7.2124,-1,-1,-1
2165,12,1932.00,1209.00,71.00,111.00,6.7445,-1,-1,-1
2166,8,2070.00,765.00,90.00,129.00,7.2557,-1,-1,-1
2166,12,1933.00,1208.00,71.00,112.00,6.7470,-1,-1,-1
2167,8,2070.00,765.00,90.00,128.00,7.2946,-1,-1,-1
2167,12,1932.00,1207.00,74.00,112.00,6.7643,-1,-1,-1
2168,8,2072.00,764.00,86.00,128.00,7.3172,-1,-1,-1
2168,12,1933.00,1206.00,73.00,111.00,6.7960,-1,-1,-1
2169,8,2072.00,762.00,87.00,130.00,7.3275,-1,-1,-1
2169,12,1935.00,1205.00,72.00,109.00,6.8084,-1,-1,-1
2170,8,2073.00,761.00,84.00,128.00,7.2870,-1,-1,-1
2170,12,1937.00,1204.00,70.00,105.00,6.8581,-1,-1,-1
2171,8,2074.00,759.00,83.00,127.00,7.2321,-1,-1,-1
2171,12,1936.00,1203.00,72.00,106.00,6.9385,-1,-1,-1
2172,8,2076.00,757.00,81.00,125.00,7.1536,-1,-1,-1
2172,12,1937.00,1203.00,72.00,105.00,7.0264,-1,-1,-1
2173,12,1938.00,1202.00,71.00,105.00,7.1011,-1,-1,-1
2173,8,2075.00,756.00,82.00,127.00,7.0689,-1,-1,-1
2174,12,1939.00,1201.00,70.00,105.00,7.1615,-1,-1,-1
2174,8,2078.00,754.00,78.00,124.00,6.9817,-1,-1,-1
2175,12,1940.00,1199.00,69.00,106.00,7.2026,-1,-1,-1
2175,8,2078.00,752.00,79.00,126.00,6.8717,-1,-1,-1
2176,12,1940.00,1195.00,70.00,110.00,7.2477,-1,-1,-1
2176,8,2078.00,751.00,79.00,127.00,6.7362,-1,-1,-1
2177,12,1939.00,1193.00,72.00,111.00,7.1925,-1,-1,-1
2177,8,2080.00,751.00,77.00,127.00,6.6455,-1,-1,-1
2178,12,1941.00,1188.00,70.00,112.00,7.1461,-1,-1,-1
2178,8,2081.00,750.00,77.00,127.00,6.4964,-1,-1,-1
2179,12,1943.00,1188.00,69.00,109.00,7.1472,-1,-1,-1
2179,8,2089.00,755.00,66.00,108.00,6.3403,-1,-1,-1
2180,12,1943.00,1187.00,71.00,108.00,7.1893,-1,-1,-1
2180,8,2089.00,754.00,65.00,109.00,6.2216,-1,-1,-1
2181,12,1944.00,1185.00,71.00,108.00,7.1887,-1,-1,-1
2181,8,2091.00,752.00,63.00,105.00,6.1874,-1,-1,-1
2182,12,1943.00,1184.00,75.00,109.00,7.2113,-1,-1,-1
2182,8,2092.00,751.00,63.00,104.00,6.1562,-1,-1,-1
2183,12,1946.00,1180.00,71.00,111.00,7.1997,-1,-1,-1
2183,8,2091.00,750.00,66.00,106.00,6.1925,-1,-1,-1
2184,12,1946.00,1179.00,73.00,112.00,7.2014,-1,-1,-1
2184,8,2092.00,748.00,66.00,107.00,6.2514,-1,-1,-1
2185,12,1946.00,1179.00,73.00,113.00,7.2037,-1,-1,-1
2185,8,2090.00,747.00,69.00,110.00,6.3346,-1,-1,-1
2186,12,1947.00,1178.00,72.00,113.00,7.1619,-1,-1,-1
2186,8,2089.00,746.00,72.00,114.00,6.4441,-1,-1,-1
2187,12,1949.00,1177.00,68.00,111.00,7.0594,-1,-1,-1
2187,8,2089.00,744.00,74.00,117.00,6.5364,-1,-1,-1
2188,12,1949.00,1177.00,69.00,112.00,7.0021,-1,-1,-1
2188,8,2089.00,743.00,75.00,119.00,6.6039,-1,-1,-1
2189,12,1949.00,1176.00,70.00,112.00,6.9665,-1,-1,-1
2189,8,2089.00,742.00,75.00,120.00,6.6823,-1,-1,-1
2190,12,1948.00,1183.00,70.00,103.00,6.9686,-1,-1,-1
2190,8,2089.00,740.00,76.00,121.00,6.7677,-1,-1,-1
2191,12,1950.00,1183.00,69.00,103.00,6.9242,-1,-1,-1
2191,8,2089.00,739.00,77.00,122.00,6.8582,-1,-1,-1
2192,8,2089.00,739.00,77.00,120.00,6.9449,-1,-1,-1
2192,12,1951.00,1182.00,67.00,102.00,6.9086,-1,-1,-1
2193,8,2089.00,738.00,78.00,120.00,7.0141,-1,-1,-1
2193,12,1952.00,1181.00,65.00,102.00,6.9188,-1,-1,-1
2194,8,2089.00,737.00,79.00,121.00,7.0828,-1,-1,-1
2194,12,1952.00,1178.00,65.00,103.00,6.9736,-1,-1,-1
2195,8,2089.00,736.00,79.00,122.00,7.1451,-1,-1,-1
2195,12,1953.00,1177.00,63.00,102.00,7.0275,-1,-1,-1
2196,8,2089.00,734.00,79.00,123.00,7.1939,-1,-1,-1
2196,12,1953.00,1175.00,63.00,102.00,7.1043,-1,-1,-1
2197,8,2090.00,733.00,78.00,122.00,7.2322,-1,-1,-1
2197,12,1953.00,1174.00,63.00,102.00,7.1013,-1,-1,-1
2198,8,2089.00,731.00,80.00,125.00,7.2442,-1,-1,-1
2198,12,1955.00,1171.00,61.00,102.00,7.0749,-1,-1,-1
2199,8,2090.00,730.00,79.00,126.00,7.2441,-1,-1,-1
2199,12,1956.00,1170.00,61.00,102.00,7.1041,-1,-1,-1
2200,8,2089.00,729.00,81.00,129.00,7.2502,-1,-1,-1
2200,12,1955.00,1169.00,64.00,104.00,7.1590,-1,-1,-1
2201,12,1953.00,1167.00,66.00,105.00,7.2391,-1,-1,-1
2201,8,2089.00,727.00,82.00,131.00,7.2259,-1,-1,-1
2202,12,1953.00,1166.00,67.00,105.00,7.2982,-1,-1,-1
2202,8,2089.00,726.00,82.00,130.00,7.1693,-1,-1,-1
2203,12,1953.00,1165.00,69.00,105.00,7.3519,-1,-1,-1
2203,8,2089.00,725.00,82.00,131.00,7.1137,-1,-1,-1
2204,12,1954.00,1165.00,69.00,105.00,7.3803,-1,-1,-1
2204,8,2089.00,723.00,82.00,134.00,6.9871,-1,-1,-1
2205,12,1954.00,1164.00,69.00,105.00,7.3820,-1,-1,-1
2205,8,2088.00,723.00,83.00,134.00,6.8403,-1,-1,-1
2206,12,1954.00,1163.00,69.00,106.00,7.3742,-1,-1,-1
2206,8,2092.00,722.00,78.00,130.00,6.6756,-1,-1,-1
2207,12,1953.00,1162.00,71.00,107.00,7.3903,-1,-1,-1
2207,8,2092.00,721.00,79.00,131.00,6.4709,-1,-1,-1
2208,12,1952.00,1160.00,72.00,108.00,7.4034,-1,-1,-1
2208,8,2093.00,720.00,78.00,131.00,6.3620,-1,-1,-1
2209,12,1954.00,1160.00,71.00,103.00,7.3736,-1,-1,-1
2209,8,2093.00,718.00,79.00,131.00,6.2717,-1,-1,-1
2210,12,1954.00,1158.00,72.00,105.00,7.3300,-1,-1,-1
2210,8,2094.00,718.00,78.00,128.00,6.1413,-1,-1,-1
2211,12,1953.00,1154.00,73.00,110.00,7.3085,-1,-1,-1
2211,8,2110.00,716.00,57.00,99.00,5.9933,-1,-1,-1
2212,12,1954.00,1156.00,74.00,106.00,7.2880,-1,-1,-1
2212,8,2111.00,715.00,56.00,99.00,5.9491,-1,-1,-1
2213,12,1955.00,1153.00,71.00,107.00,7.2777,-1,-1,-1
2213,8,2111.00,714.00,56.00,101.00,5.8902,-1,-1,-1
2214,12,1955.00,1155.00,72.00,105.00,7.2464,-1,-1,-1
2214,8,2103.00,711.00,69.00,118.00,5.8383,-1,-1,-1
2215,12,1956.00,1152.00,71.00,107.00,7.2041,-1,-1,-1
2215,8,2108.00,713.00,61.00,104.00,5.8619,-1,-1,-1
2216,12,1957.00,1151.00,70.00,108.00,7.1603,-1,-1,-1
2216,8,2109.00,711.00,60.00,109.00,5.8295,-1,-1,-1
2217,12,1959.00,1150.00,68.00,107.00,7.1520,-1,-1,-1
2217,8,2109.00,711.00,60.00,108.00,5.8708,-1,-1,-1
2218,12,1960.00,1149.00,67.00,105.00,7.1588,-1,-1,-1
2218,8,2109.00,710.00,61.00,109.00,5.8846,-1,-1,-1
2219,12,1961.00,1148.00,66.00,105.00,7.1086,-1,-1,-1
2219,8,2109.00,707.00,61.00,111.00,5.9624,-1,-1,-1
2220,12,1960.00,1146.00,67.00,108.00,6.9905,-1,-1,-1
2220,8,2110.00,707.00,61.00,111.00,6.1132,-1,-1,-1
2221,12,1962.00,1142.00,67.00,110.00,6.9279,-1,-1,-1
2221,8,2111.00,706.00,61.00,114.00,6.1215,-1,-1,-1
2222,12,1963.00,1140.00,66.00,109.00,6.9545,-1,-1,-1
2222,8,2112.00,705.00,61.00,117.00,6.0199,-1,-1,-1
2223,12,1963.00,1138.00,67.00,109.00,7.0237,-1,-1,-1
2223,8,2112.00,705.00,61.00,116.00,5.9554,-1,-1,-1
2224,12,1963.00,1136.00,67.00,111.00,7.0758,-1,-1,-1
2224,8,2119.00,704.00,52.00,94.00,5.9067,-1,-1,-1
2225,12,1963.00,1135.00,68.00,112.00,7.1176,-1,-1,-1
2225,8,2112.00,703.00,63.00,113.00,5.9854,-1,-1,-1
2226,12,1963.00,1134.00,70.00,114.00,7.1477,-1,-1,-1
2226,8,2110.00,702.00,67.00,114.00,6.1525,-1,-1,-1
2227,12,1963.00,1134.00,70.00,114.00,7.1524,-1,-1,-1
2227,8,2108.00,701.00,71.00,117.00,6.3023,-1,-1,-1
2228,12,1965.00,1134.00,68.00,113.00,7.1080,-1,-1,-1
2228,8,2106.00,700.00,75.00,119.00,6.4348,-1,-1,-1
2229,12,1965.00,1134.00,69.00,111.00,7.0841,-1,-1,-1
2229,8,2107.00,700.00,75.00,114.00,6.5489,-1,-1,-1
2230,12,1966.00,1135.00,68.00,108.00,7.0421,-1,-1,-1
2230,8,2106.00,699.00,78.00,117.00,6.6501,-1,-1,-1
2231,12,1967.00,1135.00,68.00,107.00,7.0140,-1,-1,-1
2231,8,2105.00,698.00,81.00,118.00,6.7371,-1,-1,-1
2232,12,1970.00,1129.00,68.00,111.00,6.9787,-1,-1,-1
2232,8,2106.00,696.00,80.00,120.00,6.8277,-1,-1,-1
2233,12,1970.00,1129.00,68.00,109.00,6.9486,-1,-1,-1
2233,8,2105.00,694.00,83.00,122.00,6.9114,-1,-1,-1
2234,8,2105.00,693.00,83.00,120.00,7.0044,-1,-1,-1
2234,12,1970.00,1128.00,68.00,109.00,6.9205,-1,-1,-1
2235,8,2104.00,692.00,85.00,122.00,7.0955,-1,-1,-1
2235,12,1971.00,1127.00,68.00,108.00,6.8946,-1,-1,-1
2236,8,2105.00,690.00,84.00,122.00,7.1651,-1,-1,-1
2236,12,1971.00,1126.00,69.00,109.00,6.9103,-1,-1,-1
2237,8,2104.00,689.00,86.00,123.00,7.2439,-1,-1,-1
2237,12,1970.00,1132.00,69.00,103.00,6.9497,-1,-1,-1
2238,8,2104.00,687.00,86.00,122.00,7.2989,-1,-1,-1
2238,12,1970.00,1130.00,69.00,103.00,7.0095,-1,-1,-1
2239,8,2105.00,687.00,85.00,121.00,7.3417,-1,-1,-1
2239,12,1971.00,1123.00,68.00,109.00,7.0394,-1,-1,-1
2240,8,2107.00,686.00,82.00,119.00,7.3880,-1,-1,-1
2240,12,1970.00,1122.00,68.00,108.00,7.0917,-1,-1,-1
2241,8,2107.00,684.00,81.00,122.00,7.3994,-1,-1,-1
2241,12,1971.00,1120.00,67.00,108.00,7.1497,-1,-1,-1
2242,8,2108.00,683.00,80.00,123.00,7.3902,-1,-1,-1
2242,12,1973.00,1120.00,65.00,106.00,7.1646,-1,-1,-1
2243,8,2109.00,683.00,79.00,122.00,7.3744,-1,-1,-1
2243,12,1974.00,1119.00,65.00,107.00,7.1835,-1,-1,-1
2244,8,2110.00,682.00,79.00,125.00,7.2869,-1,-1,-1
2244,12,1973.00,1119.00,66.00,106.00,7.2234,-1,-1,-1
2245,8,2111.00,682.00,78.00,122.00,7.2673,-1,-1,-1
2245,12,1974.00,1119.00,66.00,105.00,7.2475,-1,-1,-1
2246,12,1973.00,1117.00,69.00,105.00,7.3088,-1,-1,-1
2246,8,2110.00,681.00,80.00,124.00,7.2598,-1,-1,-1
2247,12,1973.00,1115.00,71.00,107.00,7.3808,-1,-1,-1
2247,8,2110.00,680.00,81.00,126.00,7.2434,-1,-1,-1
2248,12,1973.00,1112.00,73.00,111.00,7.4332,-1,-1,-1
2248,8,2110.00,678.00,82.00,128.00,7.1915,-1,-1,-1
2249,12,1973.00,1111.00,74.00,112.00,7.4713,-1,-1,-1
2249,8,2111.00,677.00,81.00,128.00,7.1278,-1,-1,-1
2250,12,1973.00,1110.00,74.00,111.00,7.4729,-1,-1,-1
2250,8,2112.00,673.00,81.00,133.00,7.0576,-1,-1,-1
2251,12,1974.00,1108.00,74.00,114.00,7.4395,-1,-1,-1
2251,8,2112.00,672.00,81.00,132.00,7.0467,-1,-1,-1
2252,12,1975.00,1107.00,73.00,111.00,7.3754,-1,-1,-1
2252,8,2113.00,672.00,80.00,132.00,7.0147,-1,-1,-1
2253,12,1976.00,1109.00,74.00,107.00,7.3308,-1,-1,-1
2253,8,2113.00,671.00,81.00,132.00,7.0048,-1,-1,-1
2254,12,1978.00,1107.00,72.00,107.00,7.2614,-1,-1,-1
2254,8,2113.00,670.00,82.00,134.00,6.9866,-1,-1,-1
2255,12,1978.00,1106.00,72.00,107.00,7.1822,-1,-1,-1
2255,8,2112.00,669.00,83.00,135.00,6.9453,-1,-1,-1
2256,12,1979.00,1105.00,71.00,106.00,7.1244,-1,-1,-1
2256,8,2114.00,669.00,81.00,132.00,6.9497,-1,-1,-1
2257,12,1978.00,1104.00,73.00,107.00,7.1361,-1,-1,-1
2257,8,2115.00,669.00,80.00,130.00,6.9364,-1,-1,-1
2258,12,1979.00,1103.00,71.00,106.00,7.1187,-1,-1,-1
2258,8,2115.00,669.00,80.00,127.00,6.8920,-1,-1,-1
2259,12,1979.00,1102.00,71.00,107.00,7.1363,-1,-1,-1
2259,8,2118.00,670.00,76.00,122.00,6.8031,-1,-1,-1
2260,12,1979.00,1101.00,70.00,107.00,7.1142,-1,-1,-1
2260,8,2118.00,668.00,77.00,124.00,6.6443,-1,-1,-1
2261,12,1979.00,1100.00,70.00,107.00,7.0739,-1,-1,-1
2261,8,2120.00,665.00,76.00,125.00,6.4267,-1,-1,-1
2262,12,1979.00,1100.00,70.00,105.00,6.9466,-1,-1,-1
2262,8,2120.00,663.00,76.00,126.00,6.2187,-1,-1,-1
2263,12,1982.00,1095.00,66.00,107.00,6.8212,-1,-1,-1
2263,8,2128.00,663.00,63.00,102.00,5.9538,-1,-1,-1
2264,12,1982.00,1094.00,66.00,108.00,6.6722,-1,-1,-1
2264,8,2127.00,661.00,65.00,105.00,5.8181,-1,-1,-1
2265,12,1984.00,1093.00,64.00,108.00,6.5132,-1,-1,-1
2265,8,2125.00,660.00,69.00,109.00,5.7266,-1,-1,-1
2266,12,1985.00,1093.00,65.00,111.00,6.3491,-1,-1,-1
2266,8,2119.00,664.00,77.00,120.00,5.5640,-1,-1,-1
2267,12,1985.00,1092.00,66.00,112.00,6.2697,-1,-1,-1
2267,8,2131.00,660.00,64.00,102.00,5.4650,-1,-1,-1
2268,12,1985.00,1091.00,66.00,113.00,6.2557,-1,-1,-1
2268,8,2132.00,659.00,65.00,100.00,5.4276,-1,-1,-1
2269,12,1985.00,1090.00,67.00,110.00,6.3885,-1,-1,-1
2269,8,2135.00,660.00,63.00,96.00,5.3781,-1,-1,-1
2270,12,1986.00,1088.00,68.00,111.00,6.5438,-1,-1,-1
2270,8,2131.00,658.00,70.00,107.00,5.4739,-1,-1,-1
2271,12,1986.00,1087.00,69.00,111.00,6.6674,-1,-1,-1
2271,8,2128.00,653.00,73.00,117.00,5.6497,-1,-1,-1
2272,12,1986.00,1086.00,70.00,111.00,6.7518,-1,-1,-1
2272,8,2127.00,652.00,74.00,120.00,5.8360,-1,-1,-1
2273,12,1986.00,1084.00,70.00,111.00,6.7612,-1,-1,-1
2273,8,2128.00,651.00,72.00,120.00,5.9975,-1,-1,-1
2274,12,1989.00,1084.00,67.00,108.00,6.7469,-1,-1,-1
2274,8,2129.00,651.00,71.00,120.00,6.0887,-1,-1,-1
2275,12,1989.00,1084.00,68.00,105.00,6.7575,-1,-1,-1
2275,8,2138.00,651.00,60.00,106.00,6.2012,-1,-1,-1
2276,12,1989.00,1082.00,69.00,108.00,6.7932,-1,-1,-1
2276,8,2138.00,649.00,61.00,107.00,6.2961,-1,-1,-1
2277,12,1989.00,1082.00,70.00,107.00,6.8203,-1,-1,-1
2277,8,2140.00,648.00,58.00,107.00,6.3013,-1,-1,-1
2278,12,1990.00,1081.00,68.00,105.00,6.8865,-1,-1,-1
2278,8,2138.00,647.00,62.00,111.00,6.3340,-1,-1,-1
2279,12,1991.00,1081.00,68.00,105.00,6.9404,-1,-1,-1
2279,8,2138.00,646.00,63.00,110.00,6.3885,-1,-1,-1
2280,12,1992.00,1081.00,67.00,104.00,6.9645,-1,-1,-1
2280,8,2139.00,644.00,62.00,107.00,6.4142,-1,-1,-1
2281,12,1994.00,1075.00,64.00,107.00,6.9937,-1,-1,-1
2281,8,2135.00,645.00,69.00,114.00,6.4967,-1,-1,-1
2282,12,1994.00,1074.00,65.00,108.00,7.0127,-1,-1,-1
2282,8,2136.00,641.00,67.00,113.00,6.5547,-1,-1,-1
2283,12,1994.00,1073.00,65.00,108.00,7.0170,-1,-1,-1
2283,8,2137.00,639.00,66.00,113.00,6.5537,-1,-1,-1
2284,12,1995.00,1071.00,64.00,109.00,6.9723,-1,-1,-1
2284,8,2137.00,638.00,66.00,114.00,6.5734,-1,-1,-1
2285,12,1995.00,1071.00,64.00,108.00,6.9421,-1,-1,-1
2285,8,2137.00,636.00,67.00,115.00,6.6054,-1,-1,-1
2286,12,1997.00,1071.00,62.00,107.00,6.9044,-1,-1,-1
2286,8,2138.00,635.00,66.00,114.00,6.5834,-1,-1,-1
2287,12,1997.00,1069.00,63.00,107.00,6.8639,-1,-1,-1
2287,8,2137.00,635.00,68.00,118.00,6.6396,-1,-1,-1
2288,12,1997.00,1068.00,63.00,106.00,6.8274,-1,-1,-1
2288,8,2136.00,634.00,69.00,119.00,6.6410,-1,-1,-1
2289,12,1994.00,1066.00,66.00,109.00,6.7826,-1,-1,-1
2289,8,2136.00,632.00,71.00,120.00,6.6406,-1,-1,-1
2290,12,1994.00,1066.00,67.00,108.00,6.8318,-1,-1,-1
2290,8,2138.00,635.00,69.00,110.00,6.6353,-1,-1,-1
2291,12,1995.00,1066.00,66.00,108.00,6.8690,-1,-1,-1
2291,8,2139.00,634.00,68.00,111.00,6.5764,-1,-1,-1
2292,12,1995.00,1064.00,66.00,108.00,6.8448,-1,-1,-1
2292,8,2139.00,633.00,69.00,113.00,6.4789,-1,-1,-1
2293,12,1998.00,1062.00,63.00,105.00,6.7946,-1,-1,-1
2293,8,2137.00,628.00,74.00,122.00,6.4778,-1,-1,-1
2294,12,1997.00,1060.00,64.00,106.00,6.7391,-1,-1,-1
2294,8,2137.00,627.00,75.00,122.00,6.4578,-1,-1,-1
2295,12,1997.00,1061.00,65.00,103.00,6.7758,-1,-1,-1
2295,8,2144.00,628.00,66.00,105.00,6.4137,-1,-1,-1
2296,12,1997.00,1060.00,65.00,104.00,6.8245,-1,-1,-1
2296,8,2145.00,627.00,64.00,104.00,6.3820,-1,-1,-1
2297,12,1998.00,1059.00,65.00,104.00,6.9132,-1,-1,-1
2297,8,2147.00,625.00,60.00,104.00,6.2825,-1,-1,-1
2298,12,1999.00,1058.00,64.00,102.00,7.0079,-1,-1,-1
2298,8,2157.00,628.00,47.00,80.00,6.1256,-1,-1,-1
2299,12,2000.00,1056.00,64.00,103.00,7.0776,-1,-1,-1
2299,8,2157.00,627.00,47.00,82.00,6.0491,-1,-1,-1
2300,12,2001.00,1054.00,64.00,103.00,7.1181,-1,-1,-1
2300,8,2148.00,624.00,60.00,105.00,6.0226,-1,-1,-1
2301,12,2002.00,1055.00,63.00,102.00,7.1441,-1,-1,-1
2301,8,2147.00,624.00,62.00,107.00,6.0281,-1,-1,-1
2302,12,2003.00,1054.00,63.00,104.00,7.1429,-1,-1,-1
2302,8,2146.00,623.00,63.00,110.00,5.9402,-1,-1,-1
2303,12,2003.00,1055.00,65.00,102.00,7.1411,-1,-1,-1
2303,8,2146.00,624.00,65.00,109.00,6.0204,-1,-1,-1
2304,12,2004.00,1052.00,64.00,105.00,7.0574,-1,-1,-1
2304,8,2146.00,623.00,65.00,109.00,6.1019,-1,-1,-1
2305,12,2003.00,1051.00,66.00,106.00,6.9636,-1,-1,-1
2305,8,2146.00,623.00,66.00,108.00,6.2537,-1,-1,-1
2306,12,2005.00,1046.00,65.00,108.00,6.8851,-1,-1,-1
2306,8,2148.00,623.00,64.00,105.00,6.3719,-1,-1,-1
2307,12,2007.00,1045.00,63.00,108.00,6.7952,-1,-1,-1
2307,8,2149.00,622.00,64.00,105.00,6.4501,-1,-1,-1
2308,12,2008.00,1046.00,63.00,108.00,6.6521,-1,-1,-1
2308,8,2148.00,622.00,66.00,107.00,6.5812,-1,-1,-1
2309,8,2148.00,622.00,66.00,108.00,6.6593,-1,-1,-1
2309,12,2009.00,1048.00,65.00,104.00,6.5555,-1,-1,-1
2310,8,2147.00,622.00,68.00,112.00,6.7316,-1,-1,-1
2310,12,2008.00,1048.00,67.00,106.00,6.4515,-1,-1,-1
2311,8,2147.00,623.00,69.00,114.00,6.7525,-1,-1,-1
2311,12,2007.00,1047.00,69.00,107.00,6.3879,-1,-1,-1
2312,8,2148.00,623.00,68.00,114.00,6.7501,-1,-1,-1
2312,12,2007.00,1048.00,69.00,107.00,6.2964,-1,-1,-1
2313,8,2150.00,623.00,66.00,114.00,6.6386,-1,-1,-1
2313,12,2009.00,1052.00,66.00,106.00,6.2367,-1,-1,-1
2314,8,2150.00,624.00,65.00,109.00,6.5142,-1,-1,-1
2314,12,2010.00,1053.00,65.00,105.00,6.2231,-1,-1,-1
2315,8,2154.00,621.00,62.00,111.00,6.3873,-1,-1,-1
2315,12,2010.00,1055.00,65.00,102.00,6.2964,-1,-1,-1
2316,8,2155.00,621.00,61.00,109.00,6.3920,-1,-1,-1
2316,12,2010.00,1055.00,65.00,103.00,6.3607,-1,-1,-1
2317,8,2152.00,622.00,66.00,111.00,6.4759,-1,-1,-1
2317,12,2010.00,1057.00,66.00,102.00,6.4644,-1,-1,-1
2318,8,2154.00,623.00,63.00,108.00,6.5493,-1,-1,-1
2318,12,2011.00,1057.00,65.00,104.00,6.5404,-1,-1,-1
2319,8,2156.00,622.00,61.00,107.00,6.5486,-1,-1,-1
2319,12,2013.00,1057.00,62.00,102.00,6.4732,-1,-1,-1
2320,8,2158.00,624.00,59.00,106.00,6.5589,-1,-1,-1
2320,12,2016.00,1059.00,59.00,99.00,6.2063,-1,-1,-1
2321,8,2158.00,625.00,60.00,107.00,6.5687,-1,-1,-1
2321,12,2016.00,1058.00,60.00,101.00,6.0749,-1,-1,-1
2322,8,2159.00,627.00,59.00,104.00,6.6274,-1,-1,-1
2322,12,2016.00,1059.00,61.00,103.00,5.8991,-1,-1,-1
2323,8,2159.00,628.00,60.00,104.00,6.7147,-1,-1,-1
2323,12,2015.00,1059.00,63.00,104.00,5.8923,-1,-1,-1
2324,8,2157.00,628.00,64.00,117.00,6.7432,-1,-1,-1
2324,12,2014.00,1062.00,65.00,103.00,6.0084,-1,-1,-1
2325,8,2157.00,630.00,64.00,118.00,6.7535,-1,-1,-1
2325,12,2016.00,1063.00,62.00,102.00,6.0806,-1,-1,-1
2326,8,2165.00,631.00,54.00,97.00,6.7236,-1,-1,-1
2326,12,2016.00,1063.00,64.00,102.00,6.2238,-1,-1,-1
2327,8,2166.00,633.00,54.00,96.00,6.6977,-1,-1,-1
2327,12,2018.00,1061.00,59.00,101.00,6.3082,-1,-1,-1
2328,8,2160.00,633.00,62.00,111.00,6.7932,-1,-1,-1
2328,12,2016.00,1067.00,64.00,106.00,6.3799,-1,-1,-1
2329,8,2161.00,635.00,62.00,110.00,6.8784,-1,-1,-1
2329,12,2017.00,1067.00,63.00,105.00,6.4657,-1,-1,-1
2330,8,2162.00,636.00,62.00,106.00,6.9577,-1,-1,-1
2330,12,2018.00,1069.00,64.00,104.00,6.5458,-1,-1,-1
2331,8,2164.00,638.00,60.00,101.00,6.9385,-1,-1,-1
2331,12,2019.00,1069.00,61.00,101.00,6.6084,-1,-1,-1
2332,8,2163.00,641.00,62.00,102.00,6.9438,-1,-1,-1
2332,12,2020.00,1072.00,61.00,100.00,6.6689,-1,-1,-1
2333,8,2164.00,642.00,61.00,100.00,6.8984,-1,-1,-1
2333,12,2021.00,1074.00,60.00,102.00,6.6744,-1,-1,-1
2334,8,2163.00,642.00,63.00,102.00,6.8223,-1,-1,-1
2334,12,2017.00,1074.00,66.00,106.00,6.7731,-1,-1,-1
2335,12,2019.00,1075.00,64.00,106.00,6.8429,-1,-1,-1
2335,8,2165.00,645.00,61.00,97.00,6.7930,-1,-1,-1
2336,12,2021.00,1076.00,63.00,104.00,6.8523,-1,-1,-1
2336,8,2164.00,646.00,63.00,102.00,6.7776,-1,-1,-1
2337,12,2022.00,1079.00,61.00,104.00,6.8596,-1,-1,-1
2337,8,2164.00,647.00,63.00,104.00,6.7584,-1,-1,-1
2338,12,2021.00,1080.00,62.00,104.00,6.9041,-1,-1,-1
2338,8,2165.00,648.00,63.00,102.00,6.7472,-1,-1,-1
2339,12,2020.00,1081.00,63.00,104.00,6.9305,-1,-1,-1
2339,8,2165.00,649.00,63.00,104.00,6.7159,-1,-1,-1
2340,12,2023.00,1082.00,60.00,101.00,6.9967,-1,-1,-1
2340,8,2166.00,650.00,63.00,103.00,6.7101,-1,-1,-1
2341,12,2025.00,1084.00,57.00,100.00,6.9452,-1,-1,-1
2341,8,2165.00,651.00,65.00,104.00,6.6921,-1,-1,-1
2342,12,2024.00,1085.00,60.00,102.00,6.9033,-1,-1,-1
2342,8,2166.00,650.00,63.00,103.00,6.6888,-1,-1,-1
2343,12,2024.00,1085.00,61.00,101.00,6.9519,-1,-1,-1
2343,8,2166.00,650.00,63.00,105.00,6.6745,-1,-1,-1
2344,12,2024.00,1086.00,63.00,101.00,6.9831,-1,-1,-1
2344,8,2165.00,652.00,66.00,110.00,6.6126,-1,-1,-1
2345,12,2023.00,1086.00,67.00,104.00,6.9894,-1,-1,-1
2345,8,2166.00,653.00,65.00,110.00,6.5380,-1,-1,-1
2346,12,2025.00,1086.00,66.00,102.00,6.9765,-1,-1,-1
2346,8,2167.00,650.00,63.00,108.00,6.5510,-1,-1,-1
2347,12,2025.00,1087.00,67.00,101.00,6.9791,-1,-1,-1
2347,8,2163.00,649.00,70.00,123.00,6.5366,-1,-1,-1
2348,12,2026.00,1086.00,68.00,104.00,6.9268,-1,-1,-1
2348,8,2168.00,651.00,63.00,109.00,6.5536,-1,-1,-1
2349,12,2027.00,1086.00,69.00,103.00,6.9144,-1,-1,-1
2349,8,2169.00,652.00,62.00,107.00,6.5791,-1,-1,-1
2350,12,2027.00,1084.00,70.00,106.00,6.8833,-1,-1,-1
2350,8,2169.00,653.00,64.00,105.00,6.6583,-1,-1,-1
2351,12,2029.00,1084.00,67.00,104.00,6.8341,-1,-1,-1
2351,8,2170.00,652.00,63.00,105.00,6.6772,-1,-1,-1
2352,12,2029.00,1084.00,66.00,104.00,6.7186,-1,-1,-1
2352,8,2171.00,651.00,63.00,106.00,6.6515,-1,-1,-1
2353,8,2170.00,650.00,65.00,110.00,6.5639,-1,-1,-1
2353,12,2030.00,1084.00,64.00,101.00,6.5457,-1,-1,-1
2354,12,2032.00,1082.00,64.00,100.00,6.4711,-1,-1,-1
2354,8,2170.00,650.00,66.00,111.00,6.4515,-1,-1,-1
2355,12,2031.00,1081.00,67.00,102.00,6.4676,-1,-1,-1
2355,8,2165.00,650.00,74.00,123.00,6.3964,-1,-1,-1
2356,12,2031.00,1081.00,67.00,102.00,6.4695,-1,-1,-1
2356,8,2171.00,649.00,65.00,111.00,6.2616,-1,-1,-1
2357,12,2032.00,1081.00,67.00,102.00,6.5157,-1,-1,-1
2357,8,2172.00,646.00,65.00,115.00,6.0276,-1,-1,-1
2358,12,2033.00,1081.00,66.00,101.00,6.5785,-1,-1,-1
2358,8,2171.00,646.00,67.00,116.00,5.8034,-1,-1,-1
2359,12,2034.00,1079.00,65.00,103.00,6.6284,-1,-1,-1
2359,8,2171.00,645.00,67.00,115.00,5.6595,-1,-1,-1
2360,12,2033.00,1079.00,67.00,103.00,6.6965,-1,-1,-1
2360,8,2167.00,646.00,72.00,128.00,5.0192,-1,-1,-1
2361,12,2033.00,1078.00,68.00,104.00,6.7611,-1,-1,-1
2361,8,2172.00,643.00,66.00,113.00,4.9746,-1,-1,-1
2362,12,2034.00,1078.00,68.00,104.00,6.8014,-1,-1,-1
2362,8,2180.00,643.00,54.00,95.00,5.0643,-1,-1,-1
2363,12,2034.00,1075.00,68.00,107.00,6.8010,-1,-1,-1
2363,8,2181.00,641.00,54.00,97.00,5.1933,-1,-1,-1
2364,12,2034.00,1069.00,70.00,112.00,6.7401,-1,-1,-1
2364,8,2180.00,639.00,57.00,101.00,5.3164,-1,-1,-1
2365,12,2035.00,1069.00,70.00,110.00,6.7236,-1,-1,-1
2365,8,2180.00,638.00,58.00,103.00,5.3531,-1,-1,-1
2366,12,2036.00,1067.00,70.00,111.00,6.7019,-1,-1,-1
2366,8,2182.00,639.00,56.00,96.00,5.0205,-1,-1,-1
2367,12,2037.00,1067.00,68.00,111.00,6.6765,-1,-1,-1
2367,8,2180.00,637.00,59.00,100.00,4.9877,-1,-1,-1
2368,12,2037.00,1066.00,69.00,111.00,6.6490,-1,-1,-1
2368,8,2180.00,636.00,60.00,102.00,4.9998,-1,-1,-1
2369,12,2040.00,1060.00,64.00,109.00,6.6299,-1,-1,-1
2369,8,2177.00,635.00,66.00,106.00,5.0299,-1,-1,-1
2370,12,2039.00,1059.00,66.00,110.00,6.6417,-1,-1,-1
2370,8,2178.00,633.00,66.00,104.00,5.1135,-1,-1,-1
2371,12,2038.00,1059.00,67.00,110.00,6.6831,-1,-1,-1
2371,8,2174.00,631.00,73.00,112.00,5.2833,-1,-1,-1
2372,12,2037.00,1058.00,69.00,109.00,6.7402,-1,-1,-1
2372,8,2174.00,630.00,76.00,115.00,5.4804,-1,-1,-1
2373,12,2037.00,1057.00,69.00,109.00,6.8020,-1,-1,-1
2373,8,2174.00,630.00,77.00,115.00,5.6686,-1,-1,-1
2374,12,2038.00,1056.00,68.00,107.00,6.8595,-1,-1,-1
2374,8,2174.00,629.00,78.00,115.00,5.8337,-1,-1,-1
2375,12,2037.00,1058.00,70.00,105.00,6.9299,-1,-1,-1
2375,8,2177.00,627.00,74.00,110.00,5.9619,-1,-1,-1
2376,12,2039.00,1054.00,67.00,106.00,6.9491,-1,-1,-1
2376,8,2178.00,626.00,72.00,109.00,6.0401,-1,-1,-1
2377,12,2038.00,1054.00,69.00,106.00,7.0037,-1,-1,-1
2377,8,2179.00,624.00,70.00,109.00,6.1111,-1,-1,-1
2378,12,2038.00,1053.00,70.00,106.00,7.0329,-1,-1,-1
2378,8,2179.00,623.00,70.00,110.00,6.1495,-1,-1,-1
2379,12,2039.00,1052.00,69.00,104.00,7.0744,-1,-1,-1
2379,8,2178.00,620.00,72.00,118.00,6.1622,-1,-1,-1
2380,12,2041.00,1051.00,67.00,104.00,7.0922,-1,-1,-1
2380,8,2179.00,619.00,72.00,118.00,6.1568,-1,-1,-1
2381,12,2043.00,1050.00,65.00,103.00,7.1203,-1,-1,-1
2381,8,2178.00,618.00,74.00,120.00,6.1960,-1,-1,-1
2382,12,2043.00,1050.00,65.00,102.00,7.1252,-1,-1,-1
2382,8,2179.00,617.00,72.00,117.00,6.2176,-1,-1,-1
2383,12,2042.00,1050.00,66.00,101.00,7.1192,-1,-1,-1
2383,8,2179.00,616.00,72.00,117.00,6.2162,-1,-1,-1
2384,12,2042.00,1049.00,65.00,101.00,7.0155,-1,-1,-1
2384,8,2178.00,616.00,74.00,117.00,6.2866,-1,-1,-1
2385,12,2044.00,1048.00,63.00,100.00,6.9257,-1,-1,-1
2385,8,2185.00,615.00,63.00,105.00,6.3781,-1,-1,-1
2386,12,2045.00,1047.00,63.00,98.00,6.9177,-1,-1,-1
2386,8,2185.00,614.00,65.00,108.00,6.4298,-1,-1,-1
2387,12,2046.00,1043.00,63.00,101.00,6.8475,-1,-1,-1
2387,8,2185.00,613.00,66.00,110.00,6.4879,-1,-1,-1
2388,12,2047.00,1042.00,64.00,97.00,6.7391,-1,-1,-1
2388,8,2185.00,611.00,66.00,111.00,6.4918,-1,-1,-1
2389,12,2048.00,1041.00,64.00,97.00,6.6571,-1,-1,-1
2389,8,2184.00,610.00,69.00,113.00,6.5337,-1,-1,-1
2390,12,2049.00,1041.00,64.00,95.00,6.6193,-1,-1,-1
2390,8,2188.00,610.00,63.00,103.00,6.5339,-1,-1,-1
2391,12,2049.00,1040.00,65.00,96.00,6.6358,-1,-1,-1
2391,8,2187.00,609.00,65.00,106.00,6.5353,-1,-1,-1
2392,12,2049.00,1039.00,67.00,96.00,6.7091,-1,-1,-1
2392,8,2186.00,608.00,67.00,109.00,6.5594,-1,-1,-1
2393,12,2050.00,1036.00,66.00,98.00,6.7871,-1,-1,-1
2393,8,2188.00,607.00,65.00,103.00,6.5814,-1,-1,-1
2394,12,2049.00,1034.00,68.00,100.00,6.8914,-1,-1,-1
2394,8,2188.00,606.00,65.00,105.00,6.6079,-1,-1,-1
2395,12,2049.00,1033.00,69.00,101.00,6.9549,-1,-1,-1
2395,8,2187.00,605.00,68.00,105.00,6.6553,-1,-1,-1
2396,12,2050.00,1032.00,69.00,102.00,7.0009,-1,-1,-1
2396,8,2188.00,603.00,67.00,107.00,6.7251,-1,-1,-1
2397,12,2050.00,1030.00,69.00,105.00,7.0073,-1,-1,-1
2397,8,2187.00,602.00,68.00,109.00,6.8005,-1,-1,-1
2398,12,2050.00,1030.00,70.00,106.00,6.9786,-1,-1,-1
2398,8,2188.00,601.00,68.00,110.00,6.8857,-1,-1,-1
2399,8,2188.00,601.00,69.00,110.00,6.9743,-1,-1,-1
2399,12,2050.00,1029.00,70.00,106.00,6.9360,-1,-1,-1
2400,8,2188.00,601.00,70.00,110.00,7.0428,-1,-1,-1
2400,12,2050.00,1028.00,69.00,106.00,6.8855,-1,-1,-1
2401,8,2188.00,600.00,71.00,113.00,7.1219,-1,-1,-1
2401,12,2050.00,1028.00,69.00,105.00,6.8262,-1,-1,-1
2402,8,2188.00,599.00,72.00,114.00,7.1869,-1,-1,-1
2402,12,2052.00,1022.00,70.00,110.00,6.7501,-1,-1,-1
2403,8,2188.00,597.00,73.00,116.00,7.2432,-1,-1,-1
2403,12,2053.00,1022.00,69.00,108.00,6.7050,-1,-1,-1
2404,8,2188.00,596.00,73.00,114.00,7.3117,-1,-1,-1
2404,12,2054.00,1020.00,70.00,108.00,6.7115,-1,-1,-1
2405,8,2189.00,594.00,72.00,114.00,7.3533,-1,-1,-1
2405,12,2054.00,1018.00,73.00,110.00,6.6999,-1,-1,-1
2406,8,2195.00,594.00,63.00,106.00,7.3313,-1,-1,-1
2406,12,2055.00,1017.00,72.00,109.00,6.7147,-1,-1,-1
2407,8,2196.00,593.00,62.00,105.00,7.3464,-1,-1,-1
2407,12,2055.00,1016.00,72.00,110.00,6.7283,-1,-1,-1
2408,8,2197.00,591.00,62.00,105.00,7.3581,-1,-1,-1
2408,12,2055.00,1014.00,73.00,113.00,6.7275,-1,-1,-1
2409,8,2197.00,589.00,62.00,106.00,7.3253,-1,-1,-1
2409,12,2056.00,1014.00,72.00,112.00,6.7342,-1,-1,-1
2410,8,2197.00,589.00,64.00,109.00,7.3243,-1,-1,-1
2410,12,2058.00,1014.00,69.00,110.00,6.6565,-1,-1,-1
2411,8,2196.00,588.00,65.00,110.00,7.2813,-1,-1,-1
2411,12,2058.00,1014.00,70.00,108.00,6.5959,-1,-1,-1
2412,8,2197.00,586.00,65.00,109.00,7.1662,-1,-1,-1
2412,12,2061.00,1014.00,68.00,102.00,6.6072,-1,-1,-1
2413,8,2195.00,585.00,69.00,112.00,7.1295,-1,-1,-1
2413,12,2062.00,1013.00,67.00,102.00,6.6733,-1,-1,-1
2414,8,2193.00,583.00,72.00,114.00,7.0864,-1,-1,-1
2414,12,2062.00,1012.00,67.00,102.00,6.7484,-1,-1,-1
2415,8,2195.00,583.00,69.00,106.00,6.9918,-1,-1,-1
2415,12,2063.00,1012.00,67.00,102.00,6.7874,-1,-1,-1
2416,8,2196.00,582.00,69.00,107.00,6.8946,-1,-1,-1
2416,12,2063.00,1011.00,67.00,102.00,6.8554,-1,-1,-1
2417,12,2063.00,1011.00,67.00,101.00,6.9270,-1,-1,-1
2417,8,2197.00,581.00,67.00,103.00,6.8157,-1,-1,-1
2418,12,2063.00,1009.00,67.00,103.00,7.0093,-1,-1,-1
2418,8,2195.00,581.00,71.00,106.00,6.7016,-1,-1,-1
2419,12,2063.00,1009.00,68.00,104.00,7.0627,-1,-1,-1
2419,8,2195.00,580.00,72.00,109.00,6.6073,-1,-1,-1
2420,12,2066.00,1007.00,64.00,102.00,7.0885,-1,-1,-1
2420,8,2197.00,580.00,70.00,105.00,6.4796,-1,-1,-1
2421,12,2066.00,1007.00,65.00,102.00,7.1613,-1,-1,-1
2421,8,2197.00,579.00,71.00,107.00,6.3414,-1,-1,-1
2422,12,2066.00,1005.00,67.00,103.00,7.2389,-1,-1,-1
2422,8,2197.00,578.00,71.00,108.00,6.1603,-1,-1,-1
2423,12,2068.00,1004.00,65.00,104.00,7.2895,-1,-1,-1
2423,8,2199.00,578.00,71.00,106.00,6.0701,-1,-1,-1
2424,12,2070.00,1002.00,66.00,106.00,7.3227,-1,-1,-1
2424,8,2199.00,578.00,71.00,106.00,6.0031,-1,-1,-1
2425,12,2070.00,1001.00,67.00,105.00,7.3357,-1,-1,-1
2425,8,2208.00,578.00,57.00,84.00,6.0236,-1,-1,-1
2426,12,2070.00,1001.00,69.00,104.00,7.3434,-1,-1,-1
2426,8,2209.00,577.00,57.00,85.00,6.0600,-1,-1,-1
2427,12,2071.00,1001.00,69.00,104.00,7.3420,-1,-1,-1
2427,8,2207.00,577.00,60.00,88.00,6.0857,-1,-1,-1
2428,12,2073.00,1001.00,67.00,102.00,7.3316,-1,-1,-1
2428,8,2200.00,575.00,73.00,108.00,6.1252,-1,-1,-1
2429,12,2072.00,1001.00,70.00,102.00,7.3399,-1,-1,-1
2429,8,2200.00,575.00,72.00,109.00,6.1383,-1,-1,-1
2430,12,2072.00,1001.00,71.00,103.00,7.3324,-1,-1,-1
2430,8,2200.00,573.00,71.00,113.00,6.1364,-1,-1,-1
2431,12,2072.00,1001.00,72.00,104.00,7.3145,-1,-1,-1
2431,8,2201.00,574.00,69.00,113.00,6.1399,-1,-1,-1
2432,12,2073.00,1002.00,71.00,103.00,7.2352,-1,-1,-1
2432,8,2203.00,574.00,67.00,111.00,6.1313,-1,-1,-1
2433,12,2076.00,1000.00,68.00,102.00,7.1585,-1,-1,-1
2433,8,2200.00,573.00,72.00,129.00,5.4690,-1,-1,-1
2434,12,2075.00,1001.00,71.00,104.00,7.0678,-1,-1,-1
2434,8,2208.00,575.00,61.00,107.00,5.5190,-1,-1,-1
2435,12,2074.00,1007.00,71.00,102.00,7.0306,-1,-1,-1
2435,8,2210.00,576.00,59.00,106.00,5.5880,-1,-1,-1
2436,12,2076.00,1008.00,68.00,102.00,7.0210,-1,-1,-1
2436,8,2209.00,579.00,60.00,106.00,5.6935,-1,-1,-1
2437,12,2075.00,1011.00,74.00,103.00,7.0141,-1,-1,-1
2437,8,2204.00,582.00,68.00,118.00,5.8164,-1,-1,-1
2438,12,2076.00,1009.00,71.00,107.00,6.9799,-1,-1,-1
2438,8,2207.00,586.00,64.00,112.00,5.9153,-1,-1,-1
2439,12,2075.00,1013.00,73.00,108.00,7.0070,-1,-1,-1
2439,8,2207.00,590.00,64.00,108.00,6.0806,-1,-1,-1
2440,12,2075.00,1021.00,77.00,104.00,6.9958,-1,-1,-1
2440,8,2204.00,594.00,71.00,115.00,6.1779,-1,-1,-1
2441,12,2075.00,1028.00,76.00,109.00,6.9607,-1,-1,-1
2441,8,2205.00,599.00,69.00,114.00,6.2894,-1,-1,-1
2442,12,2077.00,1033.00,72.00,106.00,6.9670,-1,-1,-1
2442,8,2202.00,605.00,73.00,117.00,6.4404,-1,-1,-1
2443,12,2077.00,1037.00,73.00,108.00,6.9928,-1,-1,-1
2443,8,2203.00,612.00,74.00,116.00,6.5357,-1,-1,-1
2444,12,2079.00,1046.00,67.00,106.00,6.7970,-1,-1,-1
2444,8,2203.00,622.00,72.00,111.00,6.6307,-1,-1,-1
2445,12,2077.00,1054.00,71.00,108.00,6.8163,-1,-1,-1
2445,8,2205.00,627.00,70.00,111.00,6.7263,-1,-1,-1
2446,8,2204.00,635.00,75.00,118.00,6.7927,-1,-1,-1
2446,12,2081.00,1060.00,67.00,105.00,6.7480,-1,-1,-1
2447,8,2203.00,644.00,76.00,114.00,6.8037,-1,-1,-1
2447,12,2081.00,1068.00,69.00,106.00,6.7653,-1,-1,-1
2448,8,2205.00,649.00,74.00,112.00,6.8521,-1,-1,-1
2448,12,2081.00,1076.00,67.00,105.00,6.7381,-1,-1,-1
2449,8,2207.00,657.00,71.00,116.00,6.9451,-1,-1,-1
2449,12,2082.00,1081.00,68.00,106.00,6.8127,-1,-1,-1
2450,8,2206.00,664.00,73.00,110.00,6.9905,-1,-1,-1
2450,12,2087.00,1087.00,62.00,99.00,6.7020,-1,-1,-1
2451,8,2207.00,672.00,72.00,111.00,7.0062,-1,-1,-1
2451,12,2084.00,1097.00,68.00,104.00,6.7266,-1,-1,-1
2452,8,2208.00,679.00,71.00,118.00,7.0394,-1,-1,-1
2452,12,2083.00,1102.00,69.00,104.00,6.7946,-1,-1,-1
2453,8,2207.00,684.00,72.00,116.00,7.0473,-1,-1,-1
2453,12,2084.00,1107.00,69.00,104.00,6.9162,-1,-1,-1
2454,8,2209.00,692.00,69.00,109.00,7.0463,-1,-1,-1
2454,12,2085.00,1114.00,70.00,104.00,6.9521,-1,-1,-1
2455,8,2209.00,696.00,70.00,124.00,6.9827,-1,-1,-1
2455,12,2089.00,1119.00,63.00,99.00,6.9493,-1,-1,-1
2456,12,2086.00,1126.00,67.00,102.00,7.0149,-1,-1,-1
2456,8,2210.00,705.00,66.00,117.00,6.9923,-1,-1,-1
2457,12,2087.00,1130.00,68.00,103.00,7.1096,-1,-1,-1
2457,8,2210.00,709.00,67.00,113.00,6.9562,-1,-1,-1
2458,12,2087.00,1137.00,66.00,100.00,7.0810,-1,-1,-1
2458,8,2210.00,716.00,68.00,112.00,7.0145,-1,-1,-1
2459,12,2087.00,1142.00,68.00,103.00,7.0896,-1,-1,-1
2459,8,2213.00,722.00,62.00,110.00,6.9950,-1,-1,-1
2460,12,2088.00,1148.00,67.00,101.00,7.1452,-1,-1,-1
2460,8,2210.00,726.00,68.00,121.00,7.0044,-1,-1,-1
2461,12,2090.00,1149.00,67.00,105.00,7.1754,-1,-1,-1
2461,8,2210.00,731.00,69.00,115.00,6.9519,-1,-1,-1
2462,12,2089.00,1153.00,66.00,105.00,7.1698,-1,-1,-1
2462,8,2214.00,736.00,62.00,103.00,6.9649,-1,-1,-1
2463,12,2089.00,1154.00,68.00,108.00,7.1750,-1,-1,-1
2463,8,2211.00,740.00,69.00,113.00,6.9883,-1,-1,-1
2464,12,2090.00,1159.00,65.00,105.00,7.1359,-1,-1,-1
2464,8,2214.00,742.00,65.00,111.00,7.0031,-1,-1,-1
2465,12,2091.00,1161.00,67.00,110.00,7.1495,-1,-1,-1
2465,8,2215.00,745.00,63.00,108.00,7.0385,-1,-1,-1
2466,12,2093.00,1163.00,65.00,108.00,7.2216,-1,-1,-1
2466,8,2217.00,749.00,60.00,104.00,7.0636,-1,-1,-1
2467,12,2094.00,1165.00,65.00,107.00,7.2796,-1,-1,-1
2467,8,2217.00,749.00,60.00,104.00,7.1129,-1,-1,-1
2468,12,2095.00,1168.00,63.00,107.00,7.2908,-1,-1,-1
2468,8,2214.00,749.00,66.00,114.00,7.1584,-1,-1,-1
2469,12,2095.00,1168.00,64.00,108.00,7.2975,-1,-1,-1
2469,8,2215.00,749.00,66.00,113.00,7.2239,-1,-1,-1
2470,8,2216.00,750.00,64.00,113.00,7.2772,-1,-1,-1
2470,12,2094.00,1167.00,65.00,110.00,7.2745,-1,-1,-1
2471,8,2217.00,750.00,64.00,115.00,7.3316,-1,-1,-1
2471,12,2095.00,1168.00,63.00,107.00,7.2453,-1,-1,-1
2472,8,2217.00,750.00,64.00,117.00,7.3585,-1,-1,-1
2472,12,2094.00,1169.00,65.00,106.00,7.2120,-1,-1,-1
2473,8,2216.00,751.00,66.00,116.00,7.3991,-1,-1,-1
2473,12,2095.00,1169.00,66.00,107.00,7.1924,-1,-1,-1
2474,8,2217.00,751.00,64.00,117.00,7.4151,-1,-1,-1
2474,12,2097.00,1169.00,64.00,106.00,7.1752,-1,-1,-1
2475,8,2217.00,752.00,65.00,116.00,7.4375,-1,-1,-1
2475,12,2098.00,1170.00,62.00,106.00,7.1098,-1,-1,-1
2476,8,2217.00,752.00,65.00,116.00,7.4497,-1,-1,-1
2476,12,2097.00,1169.00,66.00,107.00,7.0935,-1,-1,-1
2477,8,2217.00,752.00,66.00,118.00,7.4325,-1,-1,-1
2477,12,2097.00,1170.00,65.00,107.00,7.1008,-1,-1,-1
2478,8,2217.00,753.00,65.00,116.00,7.4081,-1,-1,-1
2478,12,2097.00,1171.00,66.00,108.00,7.1378,-1,-1,-1
2479,8,2217.00,753.00,66.00,117.00,7.3790,-1,-1,-1
2479,12,2098.00,1172.00,63.00,105.00,7.1147,-1,-1,-1
2480,8,2218.00,753.00,64.00,116.00,7.3713,-1,-1,-1
2480,12,2099.00,1173.00,62.00,102.00,7.0586,-1,-1,-1
2481,8,2219.00,753.00,63.00,114.00,7.3529,-1,-1,-1
2481,12,2099.00,1173.00,63.00,103.00,7.0322,-1,-1,-1
2482,8,2221.00,753.00,61.00,113.00,7.2967,-1,-1,-1
2482,12,2099.00,1174.00,63.00,104.00,7.0241,-1,-1,-1
2483,8,2221.00,754.00,61.00,114.00,7.2170,-1,-1,-1
2483,12,2100.00,1174.00,63.00,101.00,6.9755,-1,-1,-1
2484,8,2221.00,754.00,62.00,114.00,7.2042,-1,-1,-1
2484,12,2100.00,1175.00,63.00,100.00,6.9450,-1,-1,-1
2485,8,2221.00,754.00,63.00,114.00,7.1683,-1,-1,-1
2485,12,2103.00,1174.00,61.00,98.00,6.8826,-1,-1,-1
2486,8,2221.00,754.00,63.00,115.00,7.1102,-1,-1,-1
2486,12,2105.00,1174.00,59.00,96.00,6.7919,-1,-1,-1
2487,8,2222.00,755.00,61.00,114.00,7.0275,-1,-1,-1
2487,12,2105.00,1173.00,60.00,96.00,6.7590,-1,-1,-1
2488,8,2223.00,755.00,60.00,111.00,6.9394,-1,-1,-1
2488,12,2106.00,1171.00,58.00,98.00,6.7166,-1,-1,-1
2489,8,2224.00,757.00,59.00,110.00,6.8184,-1,-1,-1
2489,12,2105.00,1172.00,60.00,98.00,6.6728,-1,-1,-1
2490,8,2225.00,758.00,57.00,105.00,6.7077,-1,-1,-1
2490,12,2106.00,1171.00,59.00,98.00,6.6487,-1,-1,-1
2491,12,2105.00,1173.00,65.00,103.00,6.6662,-1,-1,-1
2491,8,2225.00,760.00,58.00,104.00,6.6624,-1,-1,-1
2492,12,2105.00,1173.00,65.00,104.00,6.7227,-1,-1,-1
2492,8,2227.00,760.00,57.00,102.00,6.5961,-1,-1,-1
2493,12,2106.00,1174.00,66.00,104.00,6.8646,-1,-1,-1
2493,8,2229.00,760.00,53.00,97.00,6.5767,-1,-1,-1
2494,12,2106.00,1174.00,66.00,106.00,6.9801,-1,-1,-1
2494,8,2229.00,761.00,53.00,98.00,6.5840,-1,-1,-1
2495,12,2107.00,1174.00,67.00,106.00,7.1118,-1,-1,-1
2495,8,2229.00,763.00,54.00,96.00,6.5660,-1,-1,-1
2496,12,2107.00,1176.00,67.00,104.00,7.2242,-1,-1,-1
2496,8,2230.00,763.00,53.00,97.00,6.5200,-1,-1,-1
2497,12,2108.00,1177.00,66.00,104.00,7.3146,-1,-1,-1
2497,8,2231.00,764.00,53.00,96.00,6.5444,-1,-1,-1
2498,12,2108.00,1178.00,66.00,105.00,7.3818,-1,-1,-1
2498,8,2227.00,763.00,61.00,110.00,6.5617,-1,-1,-1
2499,12,2109.00,1179.00,67.00,105.00,7.4420,-1,-1,-1
2499,8,2229.00,764.00,61.00,109.00,6.6619,-1,-1,-1
2500,12,2109.00,1178.00,67.00,106.00,7.4938,-1,-1,-1
2500,8,2230.00,765.00,59.00,108.00,6.7377,-1,-1,-1
2501,12,2110.00,1180.00,66.00,104.00,7.5044,-1,-1,-1
2501,8,2231.00,766.00,58.00,107.00,6.8029,-1,-1,-1
2502,12,2112.00,1184.00,63.00,100.00,7.4817,-1,-1,-1
2502,8,2231.00,767.00,59.00,107.00,6.8832,-1,-1,-1
2503,12,2112.00,1184.00,64.00,101.00,7.4516,-1,-1,-1
2503,8,2230.00,769.00,60.00,107.00,6.9720,-1,-1,-1
2504,12,2112.00,1185.00,64.00,102.00,7.4265,-1,-1,-1
2504,8,2230.00,770.00,60.00,109.00,7.0256,-1,-1,-1
2505,12,2111.00,1186.00,67.00,103.00,7.4180,-1,-1,-1
2505,8,2227.00,771.00,67.00,119.00,7.0982,-1,-1,-1
2506,12,2112.00,1189.00,66.00,102.00,7.4071,-1,-1,-1
2506,8,2234.00,773.00,56.00,101.00,7.1361,-1,-1,-1
2507,12,2111.00,1190.00,67.00,101.00,7.4178,-1,-1,-1
2507,8,2231.00,774.00,62.00,115.00,7.1851,-1,-1,-1
2508,12,2110.00,1191.00,67.00,99.00,7.4319,-1,-1,-1
2508,8,2232.00,774.00,60.00,113.00,7.2067,-1,-1,-1
2509,12,2111.00,1191.00,66.00,100.00,7.4408,-1,-1,-1
2509,8,2237.00,776.00,52.00,96.00,7.1826,-1,-1,-1
2510,12,2113.00,1192.00,65.00,101.00,7.4016,-1,-1,-1
2510,8,2232.00,776.00,60.00,114.00,7.1799,-1,-1,-1
2511,12,2114.00,1193.00,65.00,101.00,7.3523,-1,-1,-1
2511,8,2234.00,777.00,57.00,111.00,7.1029,-1,-1,-1
2512,12,2117.00,1192.00,60.00,102.00,7.2956,-1,-1,-1
2512,8,2233.00,776.00,59.00,112.00,7.0094,-1,-1,-1
2513,12,2118.00,1192.00,61.00,103.00,7.2891,-1,-1,-1
2513,8,2239.00,776.00,51.00,94.00,6.9777,-1,-1,-1
2514,12,2118.00,1192.00,62.00,101.00,7.3227,-1,-1,-1
2514,8,2240.00,776.00,50.00,93.00,6.8863,-1,-1,-1
2515,12,2117.00,1191.00,63.00,100.00,7.3397,-1,-1,-1
2515,8,2239.00,777.00,51.00,93.00,6.8495,-1,-1,-1
2516,12,2118.00,1191.00,64.00,100.00,7.3898,-1,-1,-1
2516,8,2239.00,776.00,52.00,94.00,6.8606,-1,-1,-1
2517,12,2119.00,1191.00,64.00,100.00,7.4460,-1,-1,-1
2517,8,2238.00,776.00,54.00,98.00,6.8353,-1,-1,-1
2518,12,2119.00,1190.00,64.00,101.00,7.4935,-1,-1,-1
2518,8,2238.00,775.00,55.00,99.00,6.8076,-1,-1,-1
2519,12,2119.00,1190.00,65.00,101.00,7.5340,-1,-1,-1
2519,8,2239.00,775.00,54.00,100.00,6.7401,-1,-1,-1
2520,12,2120.00,1188.00,64.00,101.00,7.5553,-1,-1,-1
2520,8,2237.00,775.00,57.00,101.00,6.6317,-1,-1,-1
2521,12,2121.00,1188.00,63.00,100.00,7.5471,-1,-1,-1
2521,8,2238.00,775.00,57.00,100.00,6.5118,-1,-1,-1
2522,12,2120.00,1187.00,65.00,101.00,7.5409,-1,-1,-1
2522,8,2239.00,776.00,56.00,97.00,6.4028,-1,-1,-1
2523,12,2120.00,1187.00,65.00,102.00,7.5365,-1,-1,-1
2523,8,2240.00,774.00,54.00,99.00,6.3516,-1,-1,-1
2524,12,2121.00,1186.00,66.00,105.00,7.5457,-1,-1,-1
2524,8,2240.00,774.00,55.00,100.00,6.3413,-1,-1,-1
2525,12,2121.00,1185.00,67.00,105.00,7.5464,-1,-1,-1
2525,8,2238.00,777.00,59.00,101.00,6.2682,-1,-1,-1
2526,12,2119.00,1182.00,70.00,108.00,7.4777,-1,-1,-1
2526,8,2235.00,773.00,64.00,120.00,6.2299,-1,-1,-1
2527,12,2120.00,1184.00,69.00,106.00,7.4128,-1,-1,-1
2527,8,2235.00,774.00,64.00,120.00,6.2215,-1,-1,-1
2528,12,2121.00,1183.00,68.00,106.00,7.3122,-1,-1,-1
2528,8,2235.00,774.00,65.00,119.00,6.2871,-1,-1,-1
2529,12,2123.00,1182.00,68.00,107.00,7.2083,-1,-1,-1
2529,8,2235.00,774.00,65.00,120.00,6.3178,-1,-1,-1
2530,12,2122.00,1182.00,68.00,107.00,7.0872,-1,-1,-1
2530,8,2235.00,773.00,66.00,119.00,6.3985,-1,-1,-1
2531,12,2124.00,1181.00,68.00,107.00,7.0014,-1,-1,-1
2531,8,2236.00,773.00,65.00,117.00,6.4774,-1,-1,-1
2532,12,2124.00,1180.00,69.00,107.00,6.9691,-1,-1,-1
2532,8,2237.00,773.00,64.00,116.00,6.4869,-1,-1,-1
2533,12,2125.00,1180.00,68.00,106.00,6.9690,-1,-1,-1
2533,8,2237.00,773.00,64.00,116.00,6.5130,-1,-1,-1
2534,12,2125.00,1179.00,68.00,107.00,6.9831,-1,-1,-1
2534,8,2237.00,772.00,64.00,117.00,6.4700,-1,-1,-1
2535,12,2126.00,1177.00,67.00,107.00,6.9681,-1,-1,-1
2535,8,2238.00,773.00,62.00,117.00,6.3348,-1,-1,-1
2536,12,2127.00,1176.00,65.00,106.00,6.9192,-1,-1,-1
2536,8,2238.00,774.00,63.00,115.00,6.2554,-1,-1,-1
2537,12,2127.00,1175.00,66.00,107.00,6.9337,-1,-1,-1
2537,8,2238.00,772.00,63.00,116.00,6.2633,-1,-1,-1
2538,12,2127.00,1173.00,67.00,107.00,6.9209,-1,-1,-1
2538,8,2242.00,770.00,57.00,111.00,6.2585,-1,-1,-1
2539,12,2126.00,1172.00,69.00,109.00,6.8699,-1,-1,-1
2539,8,2241.00,770.00,59.00,112.00,6.2537,-1,-1,-1
2540,12,2126.00,1172.00,69.00,109.00,6.8207,-1,-1,-1
2540,8,2240.00,769.00,61.00,109.00,6.3957,-1,-1,-1
2541,12,2128.00,1172.00,66.00,107.00,6.7569,-1,-1,-1
2541,8,2240.00,767.00,63.00,110.00,6.5434,-1,-1,-1
2542,12,2130.00,1173.00,64.00,105.00,6.6633,-1,-1,-1
2542,8,2239.00,766.00,65.00,111.00,6.6539,-1,-1,-1
2543,8,2237.00,765.00,69.00,111.00,6.7862,-1,-1,-1
2543,12,2135.00,1172.00,57.00,97.00,6.4420,-1,-1,-1
2544,8,2237.00,764.00,70.00,113.00,6.8607,-1,-1,-1
2544,12,2136.00,1171.00,57.00,96.00,6.3907,-1,-1,-1
2545,8,2236.00,763.00,71.00,114.00,6.8824,-1,-1,-1
2545,12,2136.00,1170.00,57.00,97.00,6.3979,-1,-1,-1
2546,8,2237.00,761.00,72.00,116.00,6.9101,-1,-1,-1
2546,12,2135.00,1169.00,59.00,97.00,6.4822,-1,-1,-1
2547,8,2238.00,758.00,71.00,116.00,6.8928,-1,-1,-1
2547,12,2137.00,1169.00,57.00,96.00,6.5502,-1,-1,-1
2548,8,2236.00,756.00,74.00,121.00,6.9241,-1,-1,-1
2548,12,2137.00,1169.00,58.00,96.00,6.6210,-1,-1,-1
2549,8,2234.00,755.00,77.00,121.00,6.9644,-1,-1,-1
2549,12,2137.00,1168.00,58.00,95.00,6.6587,-1,-1,-1
2550,8,2234.00,755.00,78.00,120.00,7.0072,-1,-1,-1
2550,12,2137.00,1169.00,57.00,94.00,6.6381,-1,-1,-1
2551,8,2238.00,759.00,75.00,105.00,6.9655,-1,-1,-1
2551,12,2137.00,1171.00,57.00,96.00,6.6424,-1,-1,-1
2552,8,2235.00,758.00,80.00,113.00,6.9512,-1,-1,-1
2552,12,2137.00,1172.00,58.00,95.00,6.6182,-1,-1,-1
2553,8,2235.00,760.00,82.00,114.00,6.9121,-1,-1,-1
2553,12,2138.00,1174.00,57.00,93.00,6.6421,-1,-1,-1
2554,8,2235.00,764.00,82.00,120.00,6.8931,-1,-1,-1
2554,12,2141.00,1176.00,52.00,86.00,6.6615,-1,-1,-1
2555,8,2238.00,768.00,77.00,112.00,6.7391,-1,-1,-1
2555,12,2137.00,1177.00,60.00,96.00,6.7309,-1,-1,-1
2556,12,2138.00,1179.00,59.00,97.00,6.8446,-1,-1,-1
2556,8,2238.00,771.00,79.00,117.00,6.6669,-1,-1,-1
2557,12,2139.00,1182.00,59.00,97.00,6.9503,-1,-1,-1
2557,8,2240.00,775.00,76.00,112.00,6.4854,-1,-1,-1
2558,12,2141.00,1186.00,57.00,95.00,6.9053,-1,-1,-1
2558,8,2247.00,779.00,69.00,103.00,6.1975,-1,-1,-1
2559,12,2144.00,1195.00,54.00,89.00,6.8836,-1,-1,-1
2559,8,2246.00,783.00,69.00,103.00,5.7523,-1,-1,-1
2560,12,2141.00,1199.00,59.00,96.00,6.9073,-1,-1,-1
2560,8,2255.00,794.00,53.00,83.00,5.3709,-1,-1,-1
2561,12,2140.00,1204.00,61.00,102.00,6.9024,-1,-1,-1
2561,8,2249.00,801.00,64.00,98.00,5.3558,-1,-1,-1
2562,12,2142.00,1218.00,60.00,101.00,6.9161,-1,-1,-1
2562,8,2252.00,814.00,58.00,92.00,5.3141,-1,-1,-1
2563,12,2144.00,1234.00,60.00,96.00,6.9261,-1,-1,-1
2563,8,2259.00,826.00,48.00,79.00,4.9428,-1,-1,-1
2564,12,2143.00,1249.00,61.00,100.00,7.0173,-1,-1,-1
2564,8,2248.00,841.00,66.00,103.00,5.0402,-1,-1,-1
2565,12,2143.00,1264.00,63.00,102.00,7.1000,-1,-1,-1
2565,8,2252.00,858.00,59.00,98.00,5.2546,-1,-1,-1
2566,12,2144.00,1283.00,63.00,98.00,7.0749,-1,-1,-1
2566,8,2248.00,874.00,67.00,112.00,5.4552,-1,-1,-1
2567,12,2144.00,1302.00,65.00,103.00,7.1226,-1,-1,-1
2567,8,2253.00,895.00,59.00,97.00,5.6040,-1,-1,-1
2568,12,2146.00,1322.00,64.00,103.00,7.2144,-1,-1,-1
2568,8,2250.00,915.00,66.00,106.00,5.8455,-1,-1,-1
2569,12,2146.00,1342.00,63.00,101.00,7.2079,-1,-1,-1
2569,8,2257.00,937.00,52.00,87.00,5.9269,-1,-1,-1
2570,12,2145.00,1362.00,68.00,101.00,7.2275,-1,-1,-1
2570,8,2254.00,957.00,56.00,94.00,6.0175,-1,-1,-1
2571,12,2144.00,1382.00,70.00,101.00,7.2606,-1,-1,-1
2571,8,2251.00,974.00,62.00,102.00,6.2356,-1,-1,-1
2572,12,2145.00,1402.00,68.00,103.00,7.2434,-1,-1,-1
2572,8,2249.00,993.00,66.00,106.00,6.3613,-1,-1,-1
2573,12,2148.00,1423.00,67.00,101.00,7.1215,-1,-1,-1
2573,8,2252.00,1015.00,60.00,98.00,6.5096,-1,-1,-1
2574,12,2149.00,1443.00,66.00,102.00,7.1299,-1,-1,-1
2574,8,2251.00,1035.00,65.00,102.00,6.6656,-1,-1,-1
2575,12,2149.00,1461.00,66.00,105.00,7.1074,-1,-1,-1
2575,8,2250.00,1054.00,67.00,103.00,6.6463,-1,-1,-1
2576,12,2150.00,1475.00,67.00,108.00,7.0540,-1,-1,-1
2576,8,2253.00,1068.00,64.00,105.00,6.7728,-1,-1,-1
2577,12,2150.00,1489.00,68.00,109.00,6.9659,-1,-1,-1
2577,8,2254.00,1086.00,64.00,96.00,6.9070,-1,-1,-1
2578,8,2255.00,1100.00,61.00,98.00,6.9727,-1,-1,-1
2578,12,2151.00,1508.00,67.00,105.00,6.8426,-1,-1,-1
2579,8,2253.00,1110.00,65.00,97.00,7.0730,-1,-1,-1
2579,12,2151.00,1512.00,67.00,109.00,6.7471,-1,-1,-1
2580,8,2255.00,1116.00,63.00,107.00,7.0639,-1,-1,-1
2580,12,2153.00,1523.00,65.00,105.00,6.7581,-1,-1,-1
2581,8,2257.00,1127.00,61.00,98.00,7.0881,-1,-1,-1
2581,12,2152.00,1533.00,67.00,104.00,6.6637,-1,-1,-1
2582,8,2253.00,1130.00,67.00,103.00,7.1679,-1,-1,-1
2582,12,2154.00,1538.00,65.00,104.00,6.7337,-1,-1,-1
2583,8,2256.00,1134.00,64.00,98.00,7.2466,-1,-1,-1
2583,12,2153.00,1540.00,68.00,107.00,6.7922,-1,-1,-1
2584,8,2259.00,1137.00,60.00,97.00,7.2169,-1,-1,-1
2584,12,2154.00,1547.00,67.00,103.00,6.8343,-1,-1,-1
2585,8,2254.00,1137.00,68.00,105.00,7.2118,-1,-1,-1
2585,12,2156.00,1550.00,65.00,102.00,6.9078,-1,-1,-1
2586,8,2253.00,1138.00,70.00,105.00,7.2572,-1,-1,-1
2586,12,2157.00,1550.00,64.00,102.00,6.9692,-1,-1,-1
2587,8,2253.00,1138.00,71.00,108.00,7.3208,-1,-1,-1
2587,12,2158.00,1550.00,63.00,100.00,7.0177,-1,-1,-1
2588,8,2251.00,1136.00,75.00,111.00,7.3580,-1,-1,-1
2588,12,2157.00,1548.00,64.00,101.00,7.0457,-1,-1,-1
2589,8,2253.00,1134.00,74.00,112.00,7.3658,-1,-1,-1
2589,12,2157.00,1547.00,64.00,100.00,7.0552,-1,-1,-1
2590,8,2253.00,1134.00,72.00,108.00,7.3595,-1,-1,-1
2590,12,2159.00,1545.00,62.00,100.00,7.0451,-1,-1,-1
2591,8,2252.00,1134.00,74.00,108.00,7.3508,-1,-1,-1
2591,12,2159.00,1544.00,62.00,101.00,7.0559,-1,-1,-1
2592,8,2252.00,1133.00,75.00,108.00,7.3402,-1,-1,-1
2592,12,2160.00,1542.00,62.00,103.00,7.0782,-1,-1,-1
2593,8,2252.00,1132.00,76.00,109.00,7.3309,-1,-1,-1
2593,12,2161.00,1541.00,62.00,103.00,7.0705,-1,-1,-1
2594,8,2253.00,1131.00,75.00,111.00,7.3244,-1,-1,-1
2594,12,2159.00,1539.00,65.00,104.00,7.0986,-1,-1,-1
2595,8,2254.00,1130.00,75.00,110.00,7.3220,-1,-1,-1
2595,12,2161.00,1537.00,64.00,104.00,7.1282,-1,-1,-1
2596,8,2254.00,1128.00,76.00,113.00,7.3249,-1,-1,-1
2596,12,2164.00,1532.00,61.00,106.00,7.0900,-1,-1,-1
2597,8,2256.00,1127.00,74.00,110.00,7.3146,-1,-1,-1
2597,12,2165.00,1530.00,61.00,106.00,7.0495,-1,-1,-1
2598,8,2257.00,1126.00,72.00,109.00,7.3030,-1,-1,-1
2598,12,2166.00,1529.00,61.00,104.00,7.0380,-1,-1,-1
2599,8,2258.00,1124.00,71.00,109.00,7.2905,-1,-1,-1
2599,12,2167.00,1529.00,60.00,103.00,7.0376,-1,-1,-1
2600,8,2259.00,1123.00,70.00,109.00,7.2551,-1,-1,-1
2600,12,2166.00,1529.00,62.00,104.00,7.0660,-1,-1,-1
2601,8,2260.00,1122.00,69.00,108.00,7.1912,-1,-1,-1
2601,12,2165.00,1529.00,64.00,106.00,7.0915,-1,-1,-1
2602,12,2166.00,1528.00,63.00,105.00,7.1589,-1,-1,-1
2602,8,2260.00,1121.00,69.00,111.00,7.1575,-1,-1,-1
2603,12,2166.00,1528.00,64.00,104.00,7.2281,-1,-1,-1
2603,8,2260.00,1119.00,69.00,113.00,7.1264,-1,-1,-1
2604,12,2167.00,1528.00,63.00,102.00,7.3126,-1,-1,-1
2604,8,2260.00,1118.00,71.00,116.00,7.0872,-1,-1,-1
2605,12,2168.00,1526.00,64.00,102.00,7.4024,-1,-1,-1
2605,8,2260.00,1117.00,71.00,119.00,7.0495,-1,-1,-1
2606,12,2168.00,1525.00,64.00,102.00,7.4755,-1,-1,-1
2606,8,2263.00,1116.00,64.00,115.00,6.9963,-1,-1,-1
2607,12,2168.00,1524.00,64.00,101.00,7.5246,-1,-1,-1
2607,8,2264.00,1116.00,63.00,114.00,6.9873,-1,-1,-1
2608,12,2168.00,1523.00,65.00,102.00,7.5575,-1,-1,-1
2608,8,2265.00,1114.00,63.00,113.00,7.0214,-1,-1,-1
2609,12,2168.00,1522.00,66.00,101.00,7.5627,-1,-1,-1
2609,8,2266.00,1113.00,62.00,110.00,7.0702,-1,-1,-1
2610,12,2167.00,1521.00,67.00,101.00,7.5084,-1,-1,-1
2610,8,2266.00,1113.00,62.00,110.00,7.0962,-1,-1,-1
2611,12,2168.00,1519.00,65.00,103.00,7.4675,-1,-1,-1
2611,8,2267.00,1112.00,61.00,110.00,7.1053,-1,-1,-1
2612,12,2168.00,1517.00,65.00,104.00,7.4470,-1,-1,-1
2612,8,2270.00,1114.00,55.00,97.00,7.0972,-1,-1,-1
2613,12,2169.00,1516.00,64.00,104.00,7.4203,-1,-1,-1
2613,8,2270.00,1113.00,55.00,99.00,7.1024,-1,-1,-1
2614,12,2170.00,1515.00,64.00,105.00,7.4057,-1,-1,-1
2614,8,2270.00,1114.00,56.00,98.00,7.1196,-1,-1,-1
2615,12,2170.00,1515.00,63.00,104.00,7.3968,-1,-1,-1
2615,8,2271.00,1113.00,55.00,98.00,7.1655,-1,-1,-1
2616,12,2172.00,1515.00,60.00,101.00,7.3750,-1,-1,-1
2616,8,2270.00,1112.00,56.00,98.00,7.2210,-1,-1,-1
2617,12,2173.00,1513.00,58.00,101.00,7.3365,-1,-1,-1
2617,8,2270.00,1111.00,57.00,99.00,7.2697,-1,-1,-1
2618,8,2269.00,1109.00,59.00,101.00,7.3185,-1,-1,-1
2618,12,2174.00,1512.00,57.00,101.00,7.2816,-1,-1,-1
2619,8,2268.00,1108.00,60.00,102.00,7.3714,-1,-1,-1
2619,12,2174.00,1511.00,58.00,102.00,7.2259,-1,-1,-1
2620,8,2269.00,1106.00,59.00,104.00,7.4297,-1,-1,-1
2620,12,2175.00,1511.00,58.00,97.00,7.1036,-1,-1,-1
2621,8,2268.00,1104.00,61.00,106.00,7.4659,-1,-1,-1
2621,12,2175.00,1510.00,59.00,97.00,7.0298,-1,-1,-1
2622,8,2268.00,1104.00,61.00,104.00,7.4807,-1,-1,-1
2622,12,2175.00,1508.00,60.00,99.00,6.9848,-1,-1,-1
2623,8,2267.00,1103.00,63.00,106.00,7.5011,-1,-1,-1
2623,12,2175.00,1507.00,61.00,100.00,6.9395,-1,-1,-1
2624,8,2267.00,1102.00,64.00,107.00,7.5145,-1,-1,-1
2624,12,2175.00,1505.00,62.00,102.00,6.9064,-1,-1,-1
2625,8,2267.00,1100.00,65.00,109.00,7.5095,-1,-1,-1
2625,12,2174.00,1502.00,64.00,103.00,6.9035,-1,-1,-1
2626,8,2267.00,1099.00,66.00,110.00,7.4974,-1,-1,-1
2626,12,2174.00,1502.00,65.00,102.00,6.9121,-1,-1,-1
2627,8,2267.00,1099.00,67.00,109.00,7.4360,-1,-1,-1
2627,12,2176.00,1502.00,64.00,100.00,6.9045,-1,-1,-1
2628,8,2271.00,1097.00,59.00,104.00,7.4011,-1,-1,-1
2628,12,2177.00,1502.00,62.00,99.00,6.9054,-1,-1,-1
2629,8,2270.00,1095.00,62.00,107.00,7.3664,-1,-1,-1
2629,12,2177.00,1500.00,63.00,100.00,6.8847,-1,-1,-1
2630,8,2271.00,1094.00,61.00,107.00,7.3624,-1,-1,-1
2630,12,2179.00,1498.00,62.00,100.00,6.8452,-1,-1,-1
2631,8,2271.00,1092.00,60.00,107.00,7.3779,-1,-1,-1
2631,12,2181.00,1498.00,59.00,97.00,6.8430,-1,-1,-1
2632,8,2270.00,1090.00,62.00,107.00,7.4028,-1,-1,-1
2632,12,2183.00,1499.00,56.00,94.00,6.8670,-1,-1,-1
2633,8,2270.00,1090.00,62.00,106.00,7.4155,-1,-1,-1
2633,12,2183.00,1497.00,57.00,95.00,6.8784,-1,-1,-1
2634,8,2270.00,1090.00,62.00,105.00,7.4196,-1,-1,-1
2634,12,2184.00,1496.00,56.00,94.00,6.8979,-1,-1,-1
2635,8,2271.00,1089.00,61.00,105.00,7.4115,-1,-1,-1
2635,12,2185.00,1496.00,55.00,93.00,6.8901,-1,-1,-1
2636,8,2272.00,1089.00,60.00,103.00,7.3190,-1,-1,-1
2636,12,2186.00,1495.00,55.00,94.00,6.8668,-1,-1,-1
2637,8,2276.00,1091.00,53.00,95.00,7.2046,-1,-1,-1
2637,12,2186.00,1494.00,56.00,95.00,6.8064,-1,-1,-1
2638,8,2276.00,1090.00,54.00,95.00,7.1535,-1,-1,-1
2638,12,2187.00,1493.00,55.00,95.00,6.7527,-1,-1,-1
2639,8,2276.00,1089.00,54.00,93.00,7.1452,-1,-1,-1
2639,12,2187.00,1492.00,56.00,96.00,6.6726,-1,-1,-1
2640,8,2277.00,1087.00,53.00,93.00,7.1133,-1,-1,-1
2640,12,2187.00,1491.00,57.00,97.00,6.6128,-1,-1,-1
2641,8,2277.00,1086.00,53.00,94.00,7.0826,-1,-1,-1
2641,12,2187.00,1492.00,56.00,96.00,6.5373,-1,-1,-1
2642,8,2277.00,1084.00,53.00,94.00,7.0341,-1,-1,-1
2642,12,2188.00,1492.00,56.00,94.00,6.4571,-1,-1,-1
2643,8,2277.00,1082.00,52.00,95.00,6.8820,-1,-1,-1
2643,12,2188.00,1490.00,57.00,95.00,6.3958,-1,-1,-1
2644,8,2280.00,1081.00,47.00,87.00,6.7283,-1,-1,-1
2644,12,2189.00,1490.00,56.00,93.00,6.2325,-1,-1,-1
2645,8,2279.00,1079.00,48.00,88.00,6.6182,-1,-1,-1
2645,12,2190.00,1484.00,56.00,96.00,6.1371,-1,-1,-1
2646,8,2280.00,1079.00,48.00,86.00,6.5857,-1,-1,-1
2646,12,2191.00,1482.00,56.00,97.00,6.1294,-1,-1,-1
2647,8,2280.00,1077.00,48.00,88.00,6.5395,-1,-1,-1
2647,12,2192.00,1479.00,54.00,100.00,6.0932,-1,-1,-1
2648,8,2280.00,1076.00,47.00,84.00,6.4379,-1,-1,-1
2648,12,2193.00,1478.00,53.00,98.00,5.9731,-1,-1,-1
2649,8,2281.00,1076.00,47.00,79.00,6.3866,-1,-1,-1
2649,12,2195.00,1472.00,50.00,97.00,5.8558,-1,-1,-1
2650,8,2283.00,1075.00,44.00,74.00,6.3528,-1,-1,-1
2650,12,2193.00,1475.00,53.00,94.00,5.8740,-1,-1,-1
2651,8,2281.00,1074.00,47.00,80.00,6.3206,-1,-1,-1
2651,12,2193.00,1474.00,54.00,95.00,5.9569,-1,-1,-1
2652,8,2281.00,1074.00,48.00,80.00,6.2852,-1,-1,-1
2652,12,2193.00,1474.00,55.00,95.00,6.0384,-1,-1,-1
2653,8,2282.00,1073.00,48.00,79.00,6.2929,-1,-1,-1
2653,12,2194.00,1474.00,55.00,95.00,6.1088,-1,-1,-1
2654,8,2282.00,1071.00,49.00,82.00,6.3396,-1,-1,-1
2654,12,2194.00,1473.00,55.00,95.00,6.1722,-1,-1,-1
2655,8,2282.00,1070.00,49.00,86.00,6.3469,-1,-1,-1
2655,12,2195.00,1473.00,55.00,97.00,6.2360,-1,-1,-1
2656,8,2278.00,1067.00,57.00,103.00,6.3893,-1,-1,-1
2656,12,2195.00,1472.00,56.00,98.00,6.2674,-1,-1,-1
2657,8,2278.00,1066.00,58.00,106.00,6.4942,-1,-1,-1
2657,12,2195.00,1470.00,56.00,99.00,6.3426,-1,-1,-1
2658,8,2282.00,1067.00,52.00,93.00,6.5307,-1,-1,-1
2658,12,2195.00,1469.00,57.00,99.00,6.4103,-1,-1,-1
2659,8,2278.00,1064.00,59.00,109.00,6.5918,-1,-1,-1
2659,12,2196.00,1468.00,56.00,99.00,6.4061,-1,-1,-1
2660,8,2282.00,1065.00,53.00,95.00,6.6392,-1,-1,-1
2660,12,2196.00,1468.00,56.00,98.00,6.3574,-1,-1,-1
2661,8,2276.00,1062.00,62.00,113.00,6.7528,-1,-1,-1
2661,12,2196.00,1466.00,57.00,100.00,6.3037,-1,-1,-1
2662,8,2278.00,1062.00,60.00,113.00,6.8309,-1,-1,-1
2662,12,2196.00,1465.00,56.00,101.00,6.2575,-1,-1,-1
2663,8,2278.00,1060.00,61.00,117.00,6.9338,-1,-1,-1
2663,12,2196.00,1464.00,56.00,100.00,6.2018,-1,-1,-1
2664,8,2278.00,1060.00,62.00,115.00,7.0218,-1,-1,-1
2664,12,2196.00,1458.00,59.00,101.00,6.1872,-1,-1,-1
2665,8,2282.00,1062.00,56.00,103.00,7.0940,-1,-1,-1
2665,12,2196.00,1458.00,59.00,100.00,6.2292,-1,-1,-1
2666,8,2283.00,1061.00,54.00,100.00,7.1547,-1,-1,-1
2666,12,2196.00,1457.00,60.00,100.00,6.2943,-1,-1,-1
2667,8,2281.00,1060.00,57.00,103.00,7.2286,-1,-1,-1
2667,12,2196.00,1457.00,60.00,100.00,6.3387,-1,-1,-1
2668,8,2281.00,1059.00,57.00,103.00,7.2767,-1,-1,-1
2668,12,2196.00,1456.00,61.00,101.00,6.3880,-1,-1,-1
2669,8,2284.00,1057.00,53.00,99.00,7.2058,-1,-1,-1
2669,12,2197.00,1456.00,60.00,100.00,6.3963,-1,-1,-1
2670,8,2288.00,1058.00,47.00,85.00,7.1632,-1,-1,-1
2670,12,2197.00,1455.00,60.00,100.00,6.4274,-1,-1,-1
2671,8,2287.00,1057.00,49.00,88.00,7.1723,-1,-1,-1
2671,12,2197.00,1455.00,60.00,100.00,6.4481,-1,-1,-1
2672,8,2287.00,1056.00,50.00,88.00,7.2144,-1,-1,-1
2672,12,2197.00,1454.00,60.00,99.00,6.4729,-1,-1,-1
2673,8,2286.00,1055.00,51.00,92.00,7.2701,-1,-1,-1
2673,12,2198.00,1453.00,59.00,98.00,6.4877,-1,-1,-1
2674,8,2285.00,1055.00,53.00,94.00,7.3264,-1,-1,-1
2674,12,2198.00,1452.00,59.00,97.00,6.4939,-1,-1,-1
2675,8,2285.00,1054.00,53.00,94.00,7.3739,-1,-1,-1
2675,12,2200.00,1451.00,58.00,95.00,6.4168,-1,-1,-1
2676,8,2285.00,1052.00,54.00,98.00,7.3876,-1,-1,-1
2676,12,2202.00,1450.00,56.00,93.00,6.3562,-1,-1,-1
2677,8,2284.00,1050.00,57.00,102.00,7.4073,-1,-1,-1
2677,12,2203.00,1448.00,55.00,93.00,6.3408,-1,-1,-1
2678,8,2283.00,1049.00,58.00,104.00,7.3837,-1,-1,-1
2678,12,2202.00,1447.00,57.00,95.00,6.4152,-1,-1,-1
2679,8,2284.00,1047.00,57.00,106.00,7.2881,-1,-1,-1
2679,12,2202.00,1445.00,56.00,95.00,6.4742,-1,-1,-1
2680,8,2285.00,1045.00,57.00,104.00,7.2408,-1,-1,-1
2680,12,2203.00,1444.00,56.00,96.00,6.5065,-1,-1,-1
2681,8,2286.00,1044.00,56.00,103.00,7.1743,-1,-1,-1
2681,12,2203.00,1443.00,57.00,96.00,6.4944,-1,-1,-1
2682,8,2286.00,1043.00,57.00,104.00,7.0953,-1,-1,-1
2682,12,2205.00,1442.00,55.00,97.00,6.4213,-1,-1,-1
2683,8,2286.00,1042.00,59.00,106.00,7.0418,-1,-1,-1
2683,12,2205.00,1441.00,55.00,97.00,6.3449,-1,-1,-1
2684,8,2289.00,1042.00,52.00,94.00,6.9630,-1,-1,-1
2684,12,2208.00,1439.00,52.00,92.00,6.2608,-1,-1,-1
2685,8,2290.00,1042.00,50.00,92.00,6.9040,-1,-1,-1
2685,12,2208.00,1438.00,52.00,92.00,6.2906,-1,-1,-1
2686,8,2289.00,1041.00,53.00,93.00,6.9035,-1,-1,-1
2686,12,2207.00,1438.00,54.00,94.00,6.3835,-1,-1,-1
2687,8,2287.00,1040.00,56.00,95.00,6.9284,-1,-1,-1
2687,12,2207.00,1436.00,56.00,95.00,6.5120,-1,-1,-1
2688,8,2287.00,1040.00,58.00,95.00,6.9358,-1,-1,-1
2688,12,2207.00,1435.00,56.00,95.00,6.6414,-1,-1,-1
2689,8,2287.00,1038.00,57.00,98.00,6.9319,-1,-1,-1
2689,12,2206.00,1433.00,58.00,96.00,6.7506,-1,-1,-1
2690,8,2286.00,1037.00,59.00,101.00,6.9126,-1,-1,-1
2690,12,2205.00,1432.00,60.00,96.00,6.8859,-1,-1,-1
2691,12,2204.00,1431.00,62.00,97.00,6.9877,-1,-1,-1
2691,8,2285.00,1037.00,61.00,101.00,6.9112,-1,-1,-1
2692,12,2206.00,1434.00,60.00,94.00,7.1045,-1,-1,-1
2692,8,2283.00,1038.00,65.00,110.00,6.9175,-1,-1,-1
2693,12,2207.00,1437.00,60.00,99.00,7.1309,-1,-1,-1
2693,8,2284.00,1041.00,64.00,109.00,6.8752,-1,-1,-1
2694,12,2209.00,1444.00,58.00,95.00,7.1942,-1,-1,-1
2694,8,2286.00,1048.00,60.00,104.00,6.8582,-1,-1,-1
2695,12,2209.00,1450.00,59.00,98.00,7.1815,-1,-1,-1
2695,8,2286.00,1055.00,61.00,105.00,6.8325,-1,-1,-1
2696,12,2211.00,1461.00,60.00,98.00,7.1351,-1,-1,-1
2696,8,2287.00,1063.00,60.00,104.00,6.7362,-1,-1,-1
2697,12,2211.00,1470.00,60.00,100.00,7.1779,-1,-1,-1
2697,8,2289.00,1073.00,57.00,96.00,6.7756,-1,-1,-1
2698,12,2213.00,1481.00,59.00,97.00,7.1240,-1,-1,-1
2698,8,2291.00,1082.00,54.00,98.00,6.6236,-1,-1,-1
2699,12,2214.00,1492.00,56.00,98.00,7.0549,-1,-1,-1
2699,8,2287.00,1094.00,62.00,106.00,6.6415,-1,-1,-1
2700,12,2216.00,1502.00,54.00,98.00,6.9676,-1,-1,-1
2700,8,2288.00,1105.00,60.00,105.00,6.5372,-1,-1,-1
2701,12,2214.00,1512.00,57.00,101.00,6.9343,-1,-1,-1
2701,8,2289.00,1116.00,59.00,103.00,6.4835,-1,-1,-1
2702,12,2215.00,1528.00,57.00,101.00,6.9005,-1,-1,-1
2702,8,2295.00,1132.00,48.00,78.00,6.4326,-1,-1,-1
2703,12,2215.00,1539.00,59.00,104.00,6.9380,-1,-1,-1
2703,8,2293.00,1143.00,52.00,83.00,6.4635,-1,-1,-1
2704,12,2216.00,1553.00,59.00,103.00,6.9920,-1,-1,-1
2704,8,2289.00,1153.00,59.00,99.00,6.5257,-1,-1,-1
2705,12,2217.00,1563.00,61.00,107.00,7.0565,-1,-1,-1
2705,8,2291.00,1165.00,57.00,98.00,6.5757,-1,-1,-1
2706,12,2217.00,1575.00,60.00,105.00,7.1086,-1,-1,-1
2706,8,2290.00,1179.00,58.00,97.00,6.6686,-1,-1,-1
2707,12,2218.00,1587.00,62.00,107.00,7.1680,-1,-1,-1
2707,8,2291.00,1190.00,56.00,99.00,6.7098,-1,-1,-1
2708,12,2219.00,1600.00,60.00,104.00,7.2447,-1,-1,-1
2708,8,2290.00,1203.00,60.00,102.00,6.8340,-1,-1,-1
2709,12,2219.00,1613.00,63.00,104.00,7.2759,-1,-1,-1
2709,8,2291.00,1212.00,58.00,105.00,6.8925,-1,-1,-1
2710,12,2219.00,1622.00,61.00,101.00,7.3347,-1,-1,-1
2710,8,2291.00,1223.00,60.00,102.00,6.9334,-1,-1,-1
2711,12,2221.00,1633.00,59.00,103.00,7.3592,-1,-1,-1
2711,8,2294.00,1236.00,54.00,90.00,7.0105,-1,-1,-1
2712,12,2220.00,1641.00,63.00,100.00,7.3061,-1,-1,-1
2712,8,2293.00,1241.00,56.00,98.00,7.1431,-1,-1,-1
2713,12,2220.00,1645.00,62.00,102.00,7.3122,-1,-1,-1
2713,8,2294.00,1248.00,56.00,95.00,7.2313,-1,-1,-1
2714,8,2292.00,1253.00,60.00,98.00,7.3033,-1,-1,-1
2714,12,2222.00,1651.00,61.00,101.00,7.2323,-1,-1,-1
2715,8,2293.00,1258.00,59.00,98.00,7.3120,-1,-1,-1
2715,12,2223.00,1654.00,59.00,102.00,7.1102,-1,-1,-1
2716,8,2292.00,1258.00,63.00,101.00,7.3214,-1,-1,-1
2716,12,2223.00,1660.00,59.00,100.00,7.1119,-1,-1,-1
2717,8,2292.00,1259.00,62.00,104.00,7.3849,-1,-1,-1
2717,12,2223.00,1661.00,59.00,99.00,7.1050,-1,-1,-1
2718,8,2292.00,1260.00,63.00,105.00,7.4506,-1,-1,-1
2718,12,2224.00,1663.00,58.00,97.00,7.0565,-1,-1,-1
2719,8,2291.00,1261.00,66.00,106.00,7.5036,-1,-1,-1
2719,12,2225.00,1663.00,56.00,95.00,6.9776,-1,-1,-1
2720,8,2291.00,1259.00,68.00,111.00,7.5164,-1,-1,-1
2720,12,2226.00,1663.00,55.00,93.00,6.8710,-1,-1,-1
2721,8,2290.00,1259.00,70.00,110.00,7.5295,-1,-1,-1
2721,12,2226.00,1662.00,56.00,95.00,6.7951,-1,-1,-1
2722,8,2290.00,1259.00,70.00,105.00,7.5463,-1,-1,-1
2722,12,2226.00,1660.00,57.00,97.00,6.7614,-1,-1,-1
2723,8,2290.00,1259.00,70.00,103.00,7.5346,-1,-1,-1
2723,12,2225.00,1659.00,59.00,98.00,6.7804,-1,-1,-1
2724,8,2289.00,1258.00,72.00,106.00,7.4983,-1,-1,-1
2724,12,2225.00,1659.00,60.00,98.00,6.8084,-1,-1,-1
2725,8,2288.00,1258.00,75.00,104.00,7.4418,-1,-1,-1
2725,12,2226.00,1657.00,58.00,98.00,6.7541,-1,-1,-1
2726,8,2289.00,1255.00,75.00,105.00,7.3914,-1,-1,-1
2726,12,2226.00,1657.00,58.00,97.00,6.6571,-1,-1,-1
2727,8,2289.00,1254.00,76.00,106.00,7.3540,-1,-1,-1
2727,12,2227.00,1656.00,57.00,98.00,6.4988,-1,-1,-1
2728,8,2288.00,1253.00,79.00,108.00,7.3206,-1,-1,-1
2728,12,2228.00,1652.00,55.00,96.00,6.3744,-1,-1,-1
2729,8,2288.00,1252.00,80.00,109.00,7.2838,-1,-1,-1
2729,12,2229.00,1653.00,56.00,93.00,6.4107,-1,-1,-1
2730,8,2288.00,1251.00,81.00,110.00,7.2492,-1,-1,-1
2730,12,2229.00,1653.00,57.00,93.00,6.5080,-1,-1,-1
2731,8,2287.00,1252.00,80.00,107.00,7.2374,-1,-1,-1
2731,12,2229.00,1653.00,57.00,93.00,6.5959,-1,-1,-1
2732,8,2287.00,1251.00,79.00,104.00,7.2226,-1,-1,-1
2732,12,2230.00,1653.00,57.00,93.00,6.6834,-1,-1,-1
2733,8,2287.00,1250.00,78.00,105.00,7.2310,-1,-1,-1
2733,12,2231.00,1652.00,56.00,93.00,6.7705,-1,-1,-1
2734,8,2286.00,1248.00,79.00,108.00,7.2390,-1,-1,-1
2734,12,2232.00,1651.00,55.00,91.00,6.8597,-1,-1,-1
2735,8,2287.00,1247.00,77.00,107.00,7.2701,-1,-1,-1
2735,12,2231.00,1650.00,57.00,89.00,6.9416,-1,-1,-1
2736,8,2288.00,1245.00,78.00,109.00,7.2405,-1,-1,-1
2736,12,2231.00,1647.00,57.00,91.00,6.9481,-1,-1,-1
2737,8,2288.00,1242.00,82.00,116.00,7.1563,-1,-1,-1
2737,12,2232.00,1644.00,56.00,92.00,6.9425,-1,-1,-1
2738,8,2289.00,1240.00,82.00,116.00,7.0806,-1,-1,-1
2738,12,2232.00,1643.00,56.00,92.00,6.9858,-1,-1,-1
2739,8,2292.00,1241.00,74.00,109.00,7.0241,-1,-1,-1
2739,12,2232.00,1640.00,57.00,94.00,7.0024,-1,-1,-1
2740,12,2232.00,1637.00,59.00,97.00,7.0243,-1,-1,-1
2740,8,2294.00,1240.00,71.00,108.00,7.0194,-1,-1,-1
2741,8,2295.00,1240.00,70.00,108.00,7.0316,-1,-1,-1
2741,12,2232.00,1634.00,60.00,100.00,7.0168,-1,-1,-1
2742,8,2296.00,1239.00,69.00,109.00,7.0584,-1,-1,-1
2742,12,2231.00,1632.00,63.00,102.00,6.9694,-1,-1,-1
2743,8,2296.00,1238.00,69.00,111.00,7.0801,-1,-1,-1
2743,12,2233.00,1632.00,61.00,102.00,6.8583,-1,-1,-1
2744,8,2296.00,1238.00,70.00,113.00,7.1165,-1,-1,-1
2744,12,2234.00,1632.00,60.00,102.00,6.7190,-1,-1,-1
2745,8,2297.00,1237.00,68.00,114.00,7.1225,-1,-1,-1
2745,12,2234.00,1631.00,61.00,103.00,6.6034,-1,-1,-1
2746,8,2297.00,1237.00,67.00,113.00,7.1472,-1,-1,-1
2746,12,2234.00,1631.00,61.00,104.00,6.4795,-1,-1,-1
2747,8,2297.00,1237.00,67.00,113.00,7.1911,-1,-1,-1
2747,12,2234.00,1631.00,62.00,104.00,6.3353,-1,-1,-1
2748,8,2298.00,1236.00,66.00,113.00,7.2273,-1,-1,-1
2748,12,2236.00,1621.00,58.00,105.00,6.2226,-1,-1,-1
2749,8,2299.00,1235.00,64.00,113.00,7.2542,-1,-1,-1
2749,12,2236.00,1621.00,59.00,106.00,6.1913,-1,-1,-1
2750,8,2299.00,1235.00,63.00,111.00,7.2804,-1,-1,-1
2750,12,2235.00,1621.00,62.00,107.00,6.2571,-1,-1,-1
2751,8,2299.00,1234.00,62.00,109.00,7.2824,-1,-1,-1
2751,12,2235.00,1620.00,63.00,108.00,6.3331,-1,-1,-1
2752,8,2298.00,1233.00,65.00,110.00,7.3210,-1,-1,-1
2752,12,2235.00,1620.00,65.00,108.00,6.4266,-1,-1,-1
2753,8,2298.00,1232.00,66.00,111.00,7.3848,-1,-1,-1
2753,12,2235.00,1619.00,66.00,109.00,6.5191,-1,-1,-1
2754,8,2299.00,1231.00,66.00,111.00,7.4357,-1,-1,-1
2754,12,2235.00,1618.00,66.00,108.00,6.5849,-1,-1,-1
2755,8,2300.00,1230.00,64.00,110.00,7.4489,-1,-1,-1
2755,12,2236.00,1618.00,66.00,106.00,6.6394,-1,-1,-1
2756,8,2301.00,1230.00,64.00,110.00,7.4685,-1,-1,-1
2756,12,2237.00,1618.00,65.00,103.00,6.6613,-1,-1,-1
2757,8,2302.00,1230.00,64.00,110.00,7.4871,-1,-1,-1
2757,12,2237.00,1618.00,65.00,102.00,6.6690,-1,-1,-1
2758,8,2302.00,1229.00,66.00,114.00,7.4866,-1,-1,-1
2758,12,2239.00,1618.00,63.00,100.00,6.6436,-1,-1,-1
2759,8,2303.00,1228.00,67.00,116.00,7.4449,-1,-1,-1
2759,12,2240.00,1618.00,63.00,98.00,6.6012,-1,-1,-1
2760,8,2303.00,1227.00,65.00,111.00,7.3822,-1,-1,-1
2760,12,2241.00,1617.00,62.00,99.00,6.5467,-1,-1,-1
2761,8,2302.00,1227.00,67.00,109.00,7.3547,-1,-1,-1
2761,12,2242.00,1621.00,61.00,91.00,6.5102,-1,-1,-1
2762,8,2302.00,1226.00,69.00,110.00,7.3395,-1,-1,-1
2762,12,2243.00,1621.00,60.00,90.00,6.5109,-1,-1,-1
2763,8,2302.00,1227.00,70.00,109.00,7.3340,-1,-1,-1
2763,12,2244.00,1620.00,59.00,89.00,6.5150,-1,-1,-1
2764,8,2301.00,1226.00,72.00,109.00,7.3347,-1,-1,-1
2764,12,2245.00,1619.00,58.00,90.00,6.5310,-1,-1,-1
2765,8,2302.00,1223.00,69.00,111.00,7.3493,-1,-1,-1
2765,12,2244.00,1618.00,59.00,91.00,6.5729,-1,-1,-1
2766,8,2302.00,1222.00,70.00,112.00,7.3640,-1,-1,-1
2766,12,2244.00,1618.00,60.00,90.00,6.6472,-1,-1,-1
2767,8,2302.00,1222.00,71.00,113.00,7.3824,-1,-1,-1
2767,12,2245.00,1616.00,59.00,91.00,6.7169,-1,-1,-1
2768,8,2302.00,1221.00,71.00,112.00,7.4091,-1,-1,-1
2768,12,2246.00,1616.00,58.00,91.00,6.7506,-1,-1,-1
2769,8,2302.00,1220.00,72.00,112.00,7.4478,-1,-1,-1
2769,12,2248.00,1615.00,57.00,90.00,6.7407,-1,-1,-1
2770,8,2302.00,1219.00,72.00,113.00,7.4813,-1,-1,-1
2770,12,2249.00,1614.00,57.00,90.00,6.6924,-1,-1,-1
2771,8,2302.00,1217.00,73.00,116.00,7.5149,-1,-1,-1
2771,12,2249.00,1613.00,58.00,91.00,6.6060,-1,-1,-1
2772,8,2302.00,1215.00,72.00,117.00,7.5367,-1,-1,-1
2772,12,2251.00,1609.00,55.00,89.00,6.5656,-1,-1,-1
2773,8,2303.00,1212.00,71.00,119.00,7.5235,-1,-1,-1
2773,12,2251.00,1607.00,56.00,89.00,6.5219,-1,-1,-1
2774,8,2303.00,1211.00,70.00,120.00,7.4824,-1,-1,-1
2774,12,2250.00,1606.00,58.00,92.00,6.4827,-1,-1,-1
2775,8,2303.00,1210.00,70.00,120.00,7.4341,-1,-1,-1
2775,12,2250.00,1605.00,60.00,94.00,6.4422,-1,-1,-1
2776,8,2304.00,1209.00,69.00,120.00,7.3687,-1,-1,-1
2776,12,2250.00,1605.00,63.00,93.00,6.4680,-1,-1,-1
2777,8,2306.00,1210.00,65.00,114.00,7.2903,-1,-1,-1
2777,12,2251.00,1604.00,64.00,93.00,6.5388,-1,-1,-1
2778,8,2307.00,1210.00,64.00,117.00,7.2391,-1,-1,-1
2778,12,2252.00,1603.00,64.00,94.00,6.6243,-1,-1,-1
2779,8,2307.00,1209.00,65.00,119.00,7.2051,-1,-1,-1
2779,12,2254.00,1603.00,61.00,92.00,6.6897,-1,-1,-1
2780,8,2306.00,1210.00,65.00,114.00,7.1737,-1,-1,-1
2780,12,2253.00,1602.00,62.00,94.00,6.7194,-1,-1,-1
2781,8,2307.00,1209.00,65.00,119.00,7.1522,-1,-1,-1
2781,12,2252.00,1600.00,65.00,94.00,6.7474,-1,-1,-1
2782,8,2308.00,1208.00,64.00,118.00,7.1470,-1,-1,-1
2782,12,2251.00,1598.00,68.00,97.00,6.7626,-1,-1,-1
2783,8,2308.00,1208.00,63.00,116.00,7.1357,-1,-1,-1
2783,12,2253.00,1597.00,66.00,95.00,6.7610,-1,-1,-1
2784,8,2309.00,1208.00,61.00,113.00,7.1325,-1,-1,-1
2784,12,2254.00,1595.00,65.00,96.00,6.7564,-1,-1,-1
2785,8,2309.00,1207.00,60.00,111.00,7.0908,-1,-1,-1
2785,12,2254.00,1595.00,68.00,98.00,6.7637,-1,-1,-1
2786,8,2309.00,1207.00,60.00,110.00,7.0436,-1,-1,-1
2786,12,2254.00,1594.00,71.00,100.00,6.7645,-1,-1,-1
2787,8,2312.00,1208.00,54.00,99.00,6.9826,-1,-1,-1
2787,12,2255.00,1593.00,72.00,100.00,6.7729,-1,-1,-1
2788,8,2313.00,1207.00,52.00,95.00,6.9553,-1,-1,-1
2788,12,2256.00,1592.00,73.00,100.00,6.7792,-1,-1,-1
2789,8,2313.00,1206.00,52.00,94.00,6.9436,-1,-1,-1
2789,12,2257.00,1592.00,72.00,99.00,6.7864,-1,-1,-1
2790,8,2314.00,1204.00,51.00,95.00,6.8930,-1,-1,-1
2790,12,2256.00,1592.00,71.00,100.00,6.7995,-1,-1,-1
2791,8,2313.00,1206.00,51.00,87.00,6.8457,-1,-1,-1
2791,12,2256.00,1592.00,72.00,101.00,6.8250,-1,-1,-1
2792,12,2257.00,1592.00,69.00,100.00,6.8358,-1,-1,-1
2792,8,2312.00,1205.00,52.00,87.00,6.8059,-1,-1,-1
2793,12,2259.00,1593.00,65.00,98.00,6.8426,-1,-1,-1
2793,8,2313.00,1205.00,51.00,87.00,6.7508,-1,-1,-1
2794,12,2259.00,1592.00,65.00,99.00,6.8412,-1,-1,-1
2794,8,2313.00,1204.00,52.00,88.00,6.6633,-1,-1,-1
2795,12,2260.00,1592.00,62.00,96.00,6.8567,-1,-1,-1
2795,8,2314.00,1203.00,51.00,88.00,6.5772,-1,-1,-1
2796,12,2261.00,1591.00,61.00,95.00,6.8865,-1,-1,-1
2796,8,2315.00,1201.00,50.00,87.00,6.5001,-1,-1,-1
2797,12,2261.00,1590.00,60.00,94.00,6.9195,-1,-1,-1
2797,8,2316.00,1201.00,48.00,86.00,6.4379,-1,-1,-1
2798,12,2262.00,1589.00,60.00,95.00,6.9462,-1,-1,-1
2798,8,2317.00,1200.00,47.00,85.00,6.3873,-1,-1,-1
2799,12,2263.00,1591.00,60.00,94.00,6.9841,-1,-1,-1
2799,8,2317.00,1199.00,47.00,85.00,6.3935,-1,-1,-1
2800,12,2264.00,1591.00,61.00,94.00,7.0465,-1,-1,-1
2800,8,2317.00,1198.00,47.00,84.00,6.4052,-1,-1,-1
2801,12,2265.00,1592.00,61.00,95.00,7.0575,-1,-1,-1
2801,8,2317.00,1198.00,47.00,82.00,6.3857,-1,-1,-1
2802,12,2265.00,1592.00,61.00,94.00,7.0755,-1,-1,-1
2802,8,2317.00,1198.00,47.00,83.00,6.3130,-1,-1,-1
2803,12,2266.00,1592.00,61.00,93.00,7.0827,-1,-1,-1
2803,8,2317.00,1197.00,47.00,86.00,6.2532,-1,-1,-1
2804,12,2267.00,1592.00,60.00,92.00,7.1004,-1,-1,-1
2804,8,2316.00,1196.00,48.00,88.00,6.2073,-1,-1,-1
2805,12,2266.00,1591.00,61.00,92.00,7.1216,-1,-1,-1
2805,8,2314.00,1196.00,51.00,92.00,6.2258,-1,-1,-1
2806,12,2267.00,1589.00,60.00,92.00,7.1341,-1,-1,-1
2806,8,2314.00,1195.00,52.00,94.00,6.2747,-1,-1,-1
2807,12,2267.00,1588.00,59.00,92.00,7.1432,-1,-1,-1
2807,8,2313.00,1195.00,54.00,96.00,6.3460,-1,-1,-1
2808,12,2267.00,1588.00,57.00,93.00,7.1489,-1,-1,-1
2808,8,2313.00,1194.00,54.00,99.00,6.4117,-1,-1,-1
2809,12,2268.00,1587.00,56.00,93.00,7.1270,-1,-1,-1
2809,8,2312.00,1194.00,56.00,100.00,6.4843,-1,-1,-1
2810,12,2268.00,1587.00,57.00,95.00,7.1124,-1,-1,-1
2810,8,2313.00,1193.00,55.00,100.00,6.5365,-1,-1,-1
2811,12,2269.00,1586.00,56.00,96.00,7.0990,-1,-1,-1
2811,8,2315.00,1193.00,52.00,96.00,6.6004,-1,-1,-1
2812,12,2268.00,1586.00,58.00,98.00,7.1417,-1,-1,-1
2812,8,2315.00,1192.00,52.00,94.00,6.6694,-1,-1,-1
2813,12,2269.00,1586.00,56.00,97.00,7.1542,-1,-1,-1
2813,8,2315.00,1193.00,52.00,93.00,6.7633,-1,-1,-1
2814,12,2269.00,1587.00,55.00,96.00,7.1964,-1,-1,-1
2814,8,2316.00,1192.00,51.00,93.00,6.8453,-1,-1,-1
2815,12,2269.00,1587.00,55.00,96.00,7.1832,-1,-1,-1
2815,8,2317.00,1192.00,50.00,93.00,6.9241,-1,-1,-1
2816,12,2270.00,1585.00,55.00,96.00,7.1753,-1,-1,-1
2816,8,2316.00,1193.00,52.00,93.00,7.0198,-1,-1,-1
2817,12,2270.00,1586.00,56.00,96.00,7.1906,-1,-1,-1
2817,8,2317.00,1193.00,51.00,94.00,7.1133,-1,-1,-1
2818,8,2316.00,1194.00,52.00,95.00,7.2237,-1,-1,-1
2818,12,2271.00,1587.00,55.00,96.00,7.2183,-1,-1,-1
2819,8,2318.00,1193.00,50.00,92.00,7.3109,-1,-1,-1
2819,12,2271.00,1587.00,57.00,98.00,7.2645,-1,-1,-1
2820,8,2318.00,1194.00,50.00,91.00,7.3907,-1,-1,-1
2820,12,2272.00,1586.00,58.00,100.00,7.2712,-1,-1,-1
2821,8,2318.00,1195.00,50.00,91.00,7.4696,-1,-1,-1
2821,12,2273.00,1587.00,57.00,98.00,7.1609,-1,-1,-1
2822,8,2318.00,1196.00,51.00,92.00,7.5417,-1,-1,-1
2822,12,2273.00,1587.00,59.00,101.00,7.0882,-1,-1,-1
2823,8,2319.00,1196.00,50.00,91.00,7.5955,-1,-1,-1
2823,12,2274.00,1587.00,59.00,101.00,7.0917,-1,-1,-1
2824,8,2318.00,1198.00,52.00,93.00,7.6324,-1,-1,-1
2824,12,2276.00,1588.00,56.00,99.00,7.0621,-1,-1,-1
2825,8,2318.00,1199.00,53.00,94.00,7.6592,-1,-1,-1
2825,12,2277.00,1589.00,55.00,94.00,7.0126,-1,-1,-1
2826,8,2316.00,1196.00,57.00,103.00,7.6564,-1,-1,-1
2826,12,2277.00,1588.00,55.00,97.00,6.9246,-1,-1,-1
2827,8,2318.00,1198.00,55.00,102.00,7.6650,-1,-1,-1
2827,12,2276.00,1590.00,58.00,97.00,6.9345,-1,-1,-1
2828,8,2319.00,1199.00,54.00,102.00,7.6572,-1,-1,-1
2828,12,2276.00,1591.00,58.00,97.00,6.9581,-1,-1,-1
2829,8,2319.00,1201.00,55.00,99.00,7.6706,-1,-1,-1
2829,12,2277.00,1592.00,57.00,96.00,6.9639,-1,-1,-1
2830,8,2319.00,1202.00,55.00,99.00,7.6692,-1,-1,-1
2830,12,2279.00,1594.00,55.00,93.00,6.9641,-1,-1,-1
2831,8,2320.00,1204.00,55.00,97.00,7.6582,-1,-1,-1
2831,12,2279.00,1595.00,55.00,92.00,6.9113,-1,-1,-1
2832,8,2320.00,1206.00,56.00,96.00,7.6302,-1,-1,-1
2832,12,2278.00,1596.00,58.00,100.00,6.9385,-1,-1,-1
2833,8,2319.00,1207.00,58.00,100.00,7.6005,-1,-1,-1
2833,12,2278.00,1600.00,58.00,100.00,6.9189,-1,-1,-1
2834,8,2319.00,1208.00,58.00,98.00,7.6063,-1,-1,-1
2834,12,2280.00,1602.00,56.00,98.00,6.8038,-1,-1,-1
2835,8,2320.00,1209.00,57.00,98.00,7.5719,-1,-1,-1
2835,12,2281.00,1604.00,55.00,97.00,6.6731,-1,-1,-1
2836,8,2322.00,1211.00,54.00,96.00,7.4884,-1,-1,-1
2836,12,2281.00,1605.00,55.00,95.00,6.6312,-1,-1,-1
2837,8,2321.00,1210.00,56.00,100.00,7.3835,-1,-1,-1
2837,12,2283.00,1606.00,53.00,92.00,6.6275,-1,-1,-1
2838,8,2321.00,1210.00,58.00,107.00,7.3336,-1,-1,-1
2838,12,2280.00,1608.00,58.00,101.00,6.6105,-1,-1,-1
2839,8,2323.00,1212.00,55.00,108.00,7.1150,-1,-1,-1
2839,12,2279.00,1608.00,61.00,100.00,6.6531,-1,-1,-1
2840,8,2322.00,1213.00,57.00,108.00,7.0104,-1,-1,-1
2840,12,2283.00,1610.00,57.00,99.00,6.7088,-1,-1,-1
2841,8,2321.00,1216.00,58.00,104.00,6.9535,-1,-1,-1
2841,12,2283.00,1610.00,59.00,102.00,6.7984,-1,-1,-1
2842,8,2323.00,1216.00,56.00,104.00,6.9008,-1,-1,-1
2842,12,2285.00,1612.00,58.00,100.00,6.7966,-1,-1,-1
2843,8,2326.00,1219.00,52.00,98.00,6.9306,-1,-1,-1
2843,12,2286.00,1616.00,56.00,97.00,6.7829,-1,-1,-1
2844,8,2327.00,1222.00,51.00,94.00,6.9903,-1,-1,-1
2844,12,2287.00,1618.00,54.00,94.00,6.7759,-1,-1,-1
2845,8,2328.00,1224.00,50.00,89.00,7.0003,-1,-1,-1
2845,12,2288.00,1622.00,54.00,99.00,6.7819,-1,-1,-1
2846,8,2325.00,1224.00,56.00,100.00,6.9748,-1,-1,-1
2846,12,2288.00,1623.00,54.00,99.00,6.8650,-1,-1,-1
2847,8,2326.00,1227.00,55.00,99.00,7.0322,-1,-1,-1
2847,12,2289.00,1626.00,54.00,101.00,6.9138,-1,-1,-1
2848,8,2328.00,1230.00,52.00,94.00,7.0996,-1,-1,-1
2848,12,2290.00,1628.00,53.00,99.00,6.8986,-1,-1,-1
2849,8,2330.00,1230.00,50.00,95.00,7.1387,-1,-1,-1
2849,12,2290.00,1630.00,54.00,97.00,6.9304,-1,-1,-1
2850,8,2331.00,1234.00,50.00,91.00,7.2000,-1,-1,-1
2850,12,2291.00,1632.00,54.00,103.00,7.0186,-1,-1,-1
2851,8,2332.00,1236.00,49.00,89.00,7.2486,-1,-1,-1
2851,12,2291.00,1636.00,55.00,101.00,7.1091,-1,-1,-1
2852,8,2330.00,1236.00,53.00,98.00,7.3195,-1,-1,-1
2852,12,2291.00,1637.00,57.00,103.00,7.1691,-1,-1,-1
2853,8,2331.00,1240.00,52.00,97.00,7.4249,-1,-1,-1
2853,12,2291.00,1638.00,58.00,108.00,7.2026,-1,-1,-1
2854,8,2332.00,1243.00,52.00,94.00,7.5104,-1,-1,-1
2854,12,2291.00,1642.00,59.00,105.00,7.2687,-1,-1,-1
2855,8,2332.00,1245.00,52.00,97.00,7.5598,-1,-1,-1
2855,12,2292.00,1645.00,60.00,103.00,7.3248,-1,-1,-1
2856,8,2330.00,1247.00,57.00,107.00,7.6067,-1,-1,-1
2856,12,2292.00,1647.00,61.00,103.00,7.3614,-1,-1,-1
2857,8,2332.00,1249.00,54.00,103.00,7.6132,-1,-1,-1
2857,12,2294.00,1650.00,60.00,104.00,7.3264,-1,-1,-1
2858,8,2334.00,1251.00,52.00,98.00,7.5798,-1,-1,-1
2858,12,2295.00,1654.00,60.00,106.00,7.2768,-1,-1,-1
2859,8,2334.00,1255.00,53.00,98.00,7.5644,-1,-1,-1
2859,12,2295.00,1657.00,62.00,106.00,7.1861,-1,-1,-1
2860,8,2334.00,1258.00,53.00,96.00,7.5565,-1,-1,-1
2860,12,2296.00,1661.00,60.00,102.00,7.0729,-1,-1,-1
2861,8,2333.00,1257.00,56.00,105.00,7.5386,-1,-1,-1
2861,12,2296.00,1666.00,61.00,104.00,6.9648,-1,-1,-1
2862,8,2334.00,1261.00,56.00,103.00,7.4715,-1,-1,-1
2862,12,2298.00,1668.00,59.00,105.00,6.7907,-1,-1,-1
2863,8,2337.00,1265.00,52.00,98.00,7.2658,-1,-1,-1
2863,12,2298.00,1669.00,60.00,104.00,6.7866,-1,-1,-1
2864,8,2338.00,1268.00,51.00,94.00,7.1384,-1,-1,-1
2864,12,2299.00,1670.00,58.00,106.00,6.6627,-1,-1,-1
2865,8,2337.00,1272.00,52.00,93.00,7.0335,-1,-1,-1
2865,12,2299.00,1676.00,57.00,108.00,6.4877,-1,-1,-1
2866,8,2335.00,1274.00,56.00,99.00,7.0627,-1,-1,-1
2866,12,2300.00,1681.00,57.00,104.00,6.4321,-1,-1,-1
2867,8,2329.00,1275.00,63.00,105.00,7.1386,-1,-1,-1
2867,12,2300.00,1683.00,58.00,101.00,6.4721,-1,-1,-1
2868,8,2332.00,1278.00,61.00,102.00,7.1559,-1,-1,-1
2868,12,2299.00,1683.00,59.00,105.00,6.5325,-1,-1,-1
2869,8,2333.00,1279.00,61.00,109.00,7.1850,-1,-1,-1
2869,12,2301.00,1685.00,56.00,103.00,6.4937,-1,-1,-1
2870,8,2333.00,1282.00,61.00,112.00,7.2519,-1,-1,-1
2870,12,2302.00,1689.00,58.00,108.00,6.5030,-1,-1,-1
2871,8,2334.00,1284.00,60.00,111.00,7.3208,-1,-1,-1
2871,12,2303.00,1690.00,58.00,103.00,6.5096,-1,-1,-1
2872,8,2335.00,1286.00,58.00,110.00,7.3347,-1,-1,-1
2872,12,2302.00,1694.00,61.00,105.00,6.6682,-1,-1,-1
2873,8,2336.00,1288.00,55.00,103.00,7.3711,-1,-1,-1
2873,12,2302.00,1697.00,61.00,106.00,6.7730,-1,-1,-1
2874,8,2336.00,1290.00,57.00,102.00,7.4194,-1,-1,-1
2874,12,2302.00,1698.00,61.00,106.00,6.8266,-1,-1,-1
2875,8,2336.00,1292.00,59.00,109.00,7.4391,-1,-1,-1
2875,12,2303.00,1700.00,62.00,110.00,6.8979,-1,-1,-1
2876,8,2338.00,1294.00,56.00,107.00,7.4450,-1,-1,-1
2876,12,2304.00,1703.00,61.00,108.00,6.9295,-1,-1,-1
2877,8,2338.00,1297.00,56.00,107.00,7.4802,-1,-1,-1
2877,12,2306.00,1707.00,59.00,103.00,6.9238,-1,-1,-1
2878,8,2337.00,1300.00,62.00,116.00,7.5129,-1,-1,-1
2878,12,2307.00,1712.00,58.00,100.00,6.8751,-1,-1,-1
2879,8,2337.00,1303.00,62.00,115.00,7.5898,-1,-1,-1
2879,12,2307.00,1714.00,60.00,108.00,6.8135,-1,-1,-1
2880,8,2337.00,1304.00,63.00,116.00,7.6665,-1,-1,-1
2880,12,2308.00,1718.00,59.00,105.00,6.8299,-1,-1,-1
2881,8,2336.00,1307.00,67.00,116.00,7.7179,-1,-1,-1
2881,12,2308.00,1719.00,59.00,101.00,6.9332,-1,-1,-1
2882,8,2339.00,1308.00,62.00,114.00,7.7291,-1,-1,-1
2882,12,2307.00,1723.00,61.00,99.00,6.9909,-1,-1,-1
2883,8,2341.00,1309.00,59.00,113.00,7.7311,-1,-1,-1
2883,12,2308.00,1725.00,58.00,99.00,7.0060,-1,-1,-1
2884,8,2341.00,1310.00,60.00,113.00,7.6691,-1,-1,-1
2884,12,2308.00,1727.00,62.00,105.00,7.0211,-1,-1,-1
2885,8,2340.00,1313.00,63.00,112.00,7.6183,-1,-1,-1
2885,12,2310.00,1730.00,60.00,104.00,7.0274,-1,-1,-1
2886,8,2341.00,1315.00,63.00,110.00,7.6049,-1,-1,-1
2886,12,2312.00,1733.00,55.00,103.00,6.9843,-1,-1,-1
2887,8,2342.00,1317.00,63.00,110.00,7.6108,-1,-1,-1
2887,12,2310.00,1735.00,58.00,100.00,6.9475,-1,-1,-1
2888,8,2343.00,1319.00,62.00,111.00,7.5867,-1,-1,-1
2888,12,2310.00,1734.00,57.00,104.00,6.8906,-1,-1,-1
2889,8,2344.00,1321.00,60.00,109.00,7.5029,-1,-1,-1
2889,12,2313.00,1738.00,55.00,104.00,6.9094,-1,-1,-1
2890,8,2345.00,1322.00,60.00,108.00,7.3222,-1,-1,-1
2890,12,2313.00,1738.00,56.00,106.00,6.9629,-1,-1,-1
2891,8,2346.00,1322.00,60.00,107.00,7.1612,-1,-1,-1
2891,12,2313.00,1741.00,58.00,108.00,7.0383,-1,-1,-1
2892,12,2314.00,1743.00,58.00,107.00,7.1097,-1,-1,-1
2892,8,2347.00,1325.00,58.00,104.00,6.9946,-1,-1,-1
2893,12,2311.00,1744.00,60.00,103.00,7.1675,-1,-1,-1
2893,8,2346.00,1326.00,59.00,105.00,6.8801,-1,-1,-1
2894,12,2311.00,1745.00,61.00,104.00,7.1763,-1,-1,-1
2894,8,2343.00,1325.00,65.00,115.00,6.8169,-1,-1,-1
2895,12,2313.00,1748.00,59.00,106.00,7.2197,-1,-1,-1
2895,8,2343.00,1328.00,64.00,114.00,6.7985,-1,-1,-1
2896,12,2313.00,1750.00,60.00,105.00,7.2750,-1,-1,-1
2896,8,2344.00,1330.00,62.00,114.00,6.7916,-1,-1,-1
2897,12,2313.00,1750.00,61.00,106.00,7.3292,-1,-1,-1
2897,8,2347.00,1331.00,58.00,114.00,6.7404,-1,-1,-1
2898,12,2314.00,1753.00,63.00,107.00,7.3254,-1,-1,-1
2898,8,2351.00,1333.00,52.00,106.00,6.6810,-1,-1,-1
2899,12,2314.00,1753.00,62.00,104.00,7.3262,-1,-1,-1
2899,8,2351.00,1336.00,52.00,104.00,6.7364,-1,-1,-1
2900,12,2314.00,1754.00,63.00,104.00,7.3324,-1,-1,-1
2900,8,2352.00,1338.00,52.00,102.00,6.8849,-1,-1,-1
2901,12,2313.00,1756.00,66.00,108.00,7.3266,-1,-1,-1
2901,8,2352.00,1340.00,52.00,102.00,6.9896,-1,-1,-1
2902,12,2314.00,1758.00,65.00,106.00,7.2633,-1,-1,-1
2902,8,2350.00,1341.00,59.00,109.00,7.1016,-1,-1,-1
2903,8,2349.00,1343.00,60.00,110.00,7.2102,-1,-1,-1
2903,12,2315.00,1759.00,65.00,111.00,7.1577,-1,-1,-1
2904,8,2349.00,1344.00,60.00,110.00,7.2882,-1,-1,-1
2904,12,2316.00,1762.00,64.00,111.00,7.0832,-1,-1,-1
2905,8,2348.00,1345.00,62.00,113.00,7.3442,-1,-1,-1
2905,12,2318.00,1765.00,62.00,109.00,7.0049,-1,-1,-1
2906,8,2347.00,1346.00,65.00,118.00,7.3986,-1,-1,-1
2906,12,2318.00,1768.00,61.00,105.00,7.0302,-1,-1,-1
2907,8,2346.00,1348.00,67.00,118.00,7.4775,-1,-1,-1
2907,12,2318.00,1770.00,61.00,103.00,7.0649,-1,-1,-1
2908,8,2346.00,1350.00,69.00,117.00,7.5506,-1,-1,-1
2908,12,2318.00,1772.00,60.00,105.00,7.0392,-1,-1,-1
2909,8,2347.00,1351.00,69.00,118.00,7.6057,-1,-1,-1
2909,12,2319.00,1775.00,59.00,104.00,7.0477,-1,-1,-1
2910,8,2346.00,1354.00,70.00,116.00,7.6332,-1,-1,-1
2910,12,2320.00,1777.00,59.00,104.00,7.0389,-1,-1,-1
2911,8,2347.00,1355.00,69.00,114.00,7.6459,-1,-1,-1
2911,12,2321.00,1776.00,60.00,105.00,7.0238,-1,-1,-1
2912,8,2346.00,1355.00,71.00,114.00,7.6280,-1,-1,-1
2912,12,2322.00,1778.00,59.00,102.00,6.9305,-1,-1,-1
2913,8,2346.00,1356.00,73.00,116.00,7.5489,-1,-1,-1
2913,12,2322.00,1779.00,57.00,100.00,6.9838,-1,-1,-1
2914,8,2345.00,1355.00,76.00,122.00,7.5078,-1,-1,-1
2914,12,2322.00,1781.00,58.00,99.00,7.0162,-1,-1,-1
2915,8,2345.00,1355.00,76.00,120.00,7.4503,-1,-1,-1
2915,12,2323.00,1781.00,58.00,104.00,6.9182,-1,-1,-1
2916,8,2346.00,1355.00,75.00,120.00,7.3526,-1,-1,-1
2916,12,2323.00,1783.00,57.00,101.00,6.7287,-1,-1,-1
2917,8,2348.00,1356.00,73.00,119.00,7.3126,-1,-1,-1
2917,12,2325.00,1784.00,54.00,98.00,6.6185,-1,-1,-1
2918,8,2348.00,1358.00,75.00,121.00,7.3429,-1,-1,-1
2918,12,2325.00,1785.00,54.00,97.00,6.5010,-1,-1,-1
2919,8,2349.00,1359.00,75.00,121.00,7.3757,-1,-1,-1
2919,12,2325.00,1784.00,57.00,105.00,6.4588,-1,-1,-1
2920,8,2350.00,1358.00,75.00,122.00,7.3744,-1,-1,-1
2920,12,2322.00,1783.00,61.00,103.00,6.5284,-1,-1,-1
2921,8,2350.00,1359.00,76.00,121.00,7.3683,-1,-1,-1
2921,12,2317.00,1783.00,66.00,108.00,6.6936,-1,-1,-1
2922,8,2350.00,1362.00,75.00,117.00,7.3695,-1,-1,-1
2922,12,2318.00,1786.00,66.00,106.00,6.8416,-1,-1,-1
2923,8,2351.00,1364.00,74.00,116.00,7.3730,-1,-1,-1
2923,12,2321.00,1789.00,64.00,101.00,6.9203,-1,-1,-1
2924,8,2349.00,1364.00,77.00,120.00,7.3887,-1,-1,-1
2924,12,2322.00,1789.00,65.00,102.00,7.0343,-1,-1,-1
2925,8,2350.00,1364.00,75.00,119.00,7.3984,-1,-1,-1
2925,12,2324.00,1792.00,64.00,102.00,7.1511,-1,-1,-1
2926,8,2352.00,1365.00,72.00,117.00,7.3735,-1,-1,-1
2926,12,2324.00,1794.00,65.00,102.00,7.2222,-1,-1,-1
2927,8,2353.00,1365.00,71.00,118.00,7.3232,-1,-1,-1
2927,12,2325.00,1793.00,65.00,107.00,7.2470,-1,-1,-1
2928,8,2357.00,1367.00,64.00,116.00,7.2438,-1,-1,-1
2928,12,2326.00,1794.00,65.00,107.00,7.2352,-1,-1,-1
2929,12,2325.00,1795.00,66.00,104.00,7.2220,-1,-1,-1
2929,8,2354.00,1366.00,69.00,116.00,7.1677,-1,-1,-1
2930,12,2325.00,1796.00,66.00,107.00,7.2742,-1,-1,-1
2930,8,2354.00,1368.00,69.00,112.00,7.1526,-1,-1,-1
2931,12,2328.00,1797.00,65.00,109.00,7.3108,-1,-1,-1
2931,8,2352.00,1368.00,72.00,114.00,7.1751,-1,-1,-1
2932,12,2329.00,1798.00,65.00,109.00,7.3077,-1,-1,-1
2932,8,2352.00,1369.00,72.00,114.00,7.1960,-1,-1,-1
2933,12,2329.00,1800.00,64.00,108.00,7.2469,-1,-1,-1
2933,8,2351.00,1371.00,73.00,113.00,7.2166,-1,-1,-1
2934,8,2353.00,1372.00,70.00,111.00,7.2096,-1,-1,-1
2934,12,2331.00,1802.00,63.00,107.00,7.0952,-1,-1,-1
2935,8,2354.00,1370.00,69.00,120.00,7.1795,-1,-1,-1
2935,12,2331.00,1802.00,63.00,108.00,7.0323,-1,-1,-1
2936,8,2355.00,1372.00,68.00,117.00,7.2028,-1,-1,-1
2936,12,2330.00,1802.00,64.00,108.00,7.0457,-1,-1,-1
2937,8,2356.00,1374.00,67.00,113.00,7.2564,-1,-1,-1
2937,12,2330.00,1800.00,64.00,111.00,7.0185,-1,-1,-1
2938,8,2357.00,1375.00,64.00,109.00,7.3066,-1,-1,-1
2938,12,2333.00,1801.00,61.00,112.00,6.9030,-1,-1,-1
2939,8,2357.00,1376.00,66.00,109.00,7.3831,-1,-1,-1
2939,12,2335.00,1805.00,60.00,114.00,6.8659,-1,-1,-1
2940,8,2358.00,1378.00,65.00,109.00,7.4679,-1,-1,-1
2940,12,2334.00,1804.00,63.00,116.00,6.8615,-1,-1,-1
2941,8,2358.00,1380.00,65.00,109.00,7.5456,-1,-1,-1
2941,12,2334.00,1807.00,65.00,115.00,6.9379,-1,-1,-1
2942,8,2359.00,1380.00,62.00,108.00,7.5983,-1,-1,-1
2942,12,2334.00,1810.00,64.00,113.00,7.0086,-1,-1,-1
2943,8,2360.00,1381.00,62.00,110.00,7.6263,-1,-1,-1
2943,12,2335.00,1812.00,62.00,111.00,7.0760,-1,-1,-1
2944,8,2359.00,1382.00,65.00,111.00,7.6136,-1,-1,-1
2944,12,2335.00,1813.00,62.00,110.00,7.1459,-1,-1,-1
2945,8,2357.00,1384.00,70.00,109.00,7.5866,-1,-1,-1
2945,12,2335.00,1814.00,63.00,111.00,7.1719,-1,-1,-1
2946,8,2357.00,1385.00,72.00,112.00,7.5691,-1,-1,-1
2946,12,2335.00,1815.00,63.00,110.00,7.1818,-1,-1,-1
2947,8,2358.00,1383.00,74.00,119.00,7.5439,-1,-1,-1
2947,12,2336.00,1816.00,64.00,110.00,7.1683,-1,-1,-1
2948,8,2357.00,1384.00,75.00,120.00,7.5309,-1,-1,-1
2948,12,2338.00,1819.00,60.00,110.00,7.1673,-1,-1,-1
2949,8,2357.00,1384.00,76.00,119.00,7.5142,-1,-1,-1
2949,12,2339.00,1819.00,59.00,110.00,7.1894,-1,-1,-1
2950,8,2354.00,1387.00,79.00,115.00,7.5022,-1,-1,-1
2950,12,2340.00,1819.00,58.00,107.00,7.2183,-1,-1,-1
2951,8,2353.00,1388.00,81.00,115.00,7.4820,-1,-1,-1
2951,12,2339.00,1819.00,60.00,107.00,7.2634,-1,-1,-1
2952,8,2350.00,1389.00,85.00,119.00,7.4474,-1,-1,-1
2952,12,2338.00,1820.00,61.00,105.00,7.3172,-1,-1,-1
2953,8,2351.00,1389.00,84.00,117.00,7.4165,-1,-1,-1
2953,12,2341.00,1824.00,58.00,103.00,7.3831,-1,-1,-1
2954,12,2341.00,1824.00,59.00,103.00,7.4385,-1,-1,-1
2954,8,2353.00,1390.00,83.00,114.00,7.3874,-1,-1,-1
2955,12,2342.00,1825.00,58.00,105.00,7.4608,-1,-1,-1
2955,8,2354.00,1392.00,81.00,109.00,7.3484,-1,-1,-1
2956,12,2342.00,1828.00,59.00,108.00,7.3398,-1,-1,-1
2956,8,2353.00,1393.00,85.00,108.00,7.3200,-1,-1,-1
2957,8,2355.00,1394.00,84.00,105.00,7.2792,-1,-1,-1
2957,12,2342.00,1830.00,59.00,108.00,7.2004,-1,-1,-1
2958,8,2357.00,1395.00,84.00,108.00,7.2454,-1,-1,-1
2958,12,2343.00,1831.00,58.00,105.00,7.0932,-1,-1,-1
2959,8,2357.00,1395.00,83.00,109.00,7.2171,-1,-1,-1
2959,12,2343.00,1833.00,58.00,104.00,7.0450,-1,-1,-1
2960,8,2357.00,1394.00,84.00,111.00,7.2027,-1,-1,-1
2960,12,2343.00,1832.00,56.00,101.00,6.9821,-1,-1,-1
2961,8,2356.00,1395.00,87.00,115.00,7.1700,-1,-1,-1
2961,12,2344.00,1831.00,56.00,103.00,6.8927,-1,-1,-1
2962,8,2357.00,1395.00,84.00,112.00,7.1331,-1,-1,-1
2962,12,2343.00,1830.00,59.00,111.00,6.8279,-1,-1,-1
2963,8,2359.00,1396.00,80.00,107.00,7.0968,-1,-1,-1
2963,12,2343.00,1830.00,60.00,110.00,6.6978,-1,-1,-1
2964,8,2360.00,1398.00,70.00,102.00,7.0189,-1,-1,-1
2964,12,2343.00,1830.00,60.00,111.00,6.6138,-1,-1,-1
2965,8,2362.00,1397.00,65.00,100.00,6.9896,-1,-1,-1
2965,12,2342.00,1830.00,62.00,111.00,6.5954,-1,-1,-1
2966,8,2362.00,1398.00,65.00,99.00,6.9784,-1,-1,-1
2966,12,2342.00,1828.00,63.00,113.00,6.5547,-1,-1,-1
2967,8,2364.00,1398.00,63.00,99.00,6.9754,-1,-1,-1
2967,12,2343.00,1828.00,62.00,109.00,6.4868,-1,-1,-1
2968,8,2364.00,1398.00,65.00,101.00,6.9820,-1,-1,-1
2968,12,2343.00,1828.00,63.00,110.00,6.4154,-1,-1,-1
2969,8,2363.00,1398.00,66.00,101.00,7.0242,-1,-1,-1
2969,12,2343.00,1828.00,63.00,109.00,6.3669,-1,-1,-1
2970,8,2363.00,1397.00,65.00,103.00,7.0534,-1,-1,-1
2970,12,2343.00,1827.00,60.00,110.00,6.2922,-1,-1,-1
2971,8,2363.00,1398.00,67.00,106.00,7.0422,-1,-1,-1
2971,12,2345.00,1828.00,59.00,108.00,6.2695,-1,-1,-1
2972,8,2364.00,1398.00,64.00,104.00,7.0410,-1,-1,-1
2972,12,2344.00,1828.00,60.00,108.00,6.2575,-1,-1,-1
2973,8,2366.00,1398.00,62.00,105.00,6.9649,-1,-1,-1
2973,12,2345.00,1828.00,60.00,108.00,6.2812,-1,-1,-1
2974,8,2367.00,1398.00,59.00,104.00,6.9080,-1,-1,-1
2974,12,2344.00,1828.00,61.00,108.00,6.3135,-1,-1,-1
2975,8,2368.00,1399.00,56.00,102.00,6.8302,-1,-1,-1
2975,12,2344.00,1827.00,60.00,109.00,6.2814,-1,-1,-1
2976,8,2368.00,1398.00,56.00,104.00,6.7762,-1,-1,-1
2976,12,2344.00,1829.00,62.00,106.00,6.3113,-1,-1,-1
2977,8,2368.00,1397.00,56.00,105.00,6.7335,-1,-1,-1
2977,12,2344.00,1828.00,62.00,107.00,6.3731,-1,-1,-1
2978,8,2368.00,1396.00,54.00,106.00,6.7114,-1,-1,-1
2978,12,2343.00,1827.00,63.00,108.00,6.4297,-1,-1,-1
2979,8,2368.00,1395.00,54.00,105.00,6.6798,-1,-1,-1
2979,12,2343.00,1827.00,64.00,108.00,6.4504,-1,-1,-1
2980,8,2366.00,1394.00,59.00,110.00,6.6013,-1,-1,-1
2980,12,2344.00,1828.00,62.00,106.00,6.4895,-1,-1,-1
2981,8,2365.00,1392.00,61.00,110.00,6.5613,-1,-1,-1
2981,12,2345.00,1827.00,61.00,106.00,6.5252,-1,-1,-1
2982,12,2345.00,1827.00,62.00,106.00,6.6143,-1,-1,-1
2982,8,2364.00,1390.00,64.00,110.00,6.5481,-1,-1,-1
2983,12,2345.00,1826.00,62.00,106.00,6.7057,-1,-1,-1
2983,8,2364.00,1390.00,66.00,111.00,6.5085,-1,-1,-1
2984,12,2345.00,1827.00,63.00,104.00,6.7928,-1,-1,-1
2984,8,2363.00,1391.00,72.00,111.00,6.4805,-1,-1,-1
2985,12,2345.00,1825.00,63.00,105.00,6.8975,-1,-1,-1
2985,8,2363.00,1390.00,75.00,116.00,6.4661,-1,-1,-1
2986,12,2346.00,1825.00,62.00,103.00,6.9656,-1,-1,-1
2986,8,2361.00,1389.00,77.00,117.00,6.3971,-1,-1,-1
2987,12,2346.00,1824.00,62.00,103.00,6.9902,-1,-1,-1
2987,8,2361.00,1387.00,75.00,111.00,6.2832,-1,-1,-1
2988,12,2347.00,1823.00,60.00,102.00,6.9749,-1,-1,-1
2988,8,2362.00,1384.00,71.00,107.00,6.1599,-1,-1,-1
2989,12,2348.00,1820.00,59.00,103.00,6.9619,-1,-1,-1
2989,8,2364.00,1383.00,73.00,108.00,6.0338,-1,-1,-1
2990,12,2349.00,1819.00,58.00,102.00,7.0009,-1,-1,-1
2990,8,2367.00,1382.00,70.00,103.00,6.0630,-1,-1,-1
2991,12,2349.00,1817.00,58.00,104.00,7.0487,-1,-1,-1
2991,8,2367.00,1380.00,69.00,102.00,6.0935,-1,-1,-1
2992,12,2349.00,1816.00,58.00,103.00,7.0877,-1,-1,-1
2992,8,2367.00,1379.00,69.00,100.00,6.1393,-1,-1,-1
2993,12,2349.00,1815.00,57.00,104.00,7.1181,-1,-1,-1
2993,8,2366.00,1379.00,70.00,99.00,6.2117,-1,-1,-1
2994,12,2349.00,1813.00,57.00,105.00,7.0741,-1,-1,-1
2994,8,2365.00,1378.00,71.00,100.00,6.2882,-1,-1,-1
2995,12,2348.00,1811.00,58.00,106.00,6.9930,-1,-1,-1
2995,8,2363.00,1377.00,72.00,99.00,6.3259,-1,-1,-1
2996,12,2348.00,1809.00,58.00,107.00,6.8950,-1,-1,-1
2996,8,2363.00,1376.00,70.00,98.00,6.3414,-1,-1,-1
2997,12,2348.00,1805.00,57.00,103.00,6.8223,-1,-1,-1
2997,8,2363.00,1377.00,67.00,95.00,6.3514,-1,-1,-1
2998,12,2348.00,1803.00,58.00,104.00,6.8168,-1,-1,-1
2998,8,2364.00,1375.00,65.00,94.00,6.4177,-1,-1,-1
2999,12,2348.00,1801.00,59.00,106.00,6.8469,-1,-1,-1
2999,8,2365.00,1373.00,64.00,95.00,6.4813,-1,-1,-1
3000,12,2348.00,1801.00,59.00,104.00,6.8841,-1,-1,-1
3000,8,2365.00,1372.00,63.00,94.00,6.5117,-1,-1,-1
3001,12,2348.00,1799.00,60.00,106.00,6.9178,-1,-1,-1
3001,8,2364.00,1371.00,67.00,98.00,6.5700,-1,-1,-1
3002,12,2348.00,1798.00,60.00,105.00,6.9173,-1,-1,-1
3002,8,2365.00,1370.00,65.00,98.00,6.6220,-1,-1,-1
3003,12,2349.00,1798.00,59.00,104.00,6.9265,-1,-1,-1
3003,8,2365.00,1369.00,65.00,99.00,6.6162,-1,-1,-1
3004,12,2349.00,1798.00,59.00,104.00,6.9221,-1,-1,-1
3004,8,2365.00,1368.00,66.00,103.00,6.6246,-1,-1,-1
3005,12,2349.00,1796.00,60.00,105.00,6.8641,-1,-1,-1
3005,8,2366.00,1367.00,64.00,104.00,6.6073,-1,-1,-1
3006,12,2349.00,1795.00,59.00,101.00,6.8784,-1,-1,-1
3006,8,2366.00,1365.00,64.00,107.00,6.5108,-1,-1,-1
3007,12,2348.00,1792.00,60.00,102.00,6.9389,-1,-1,-1
3007,8,2368.00,1365.00,56.00,98.00,6.4932,-1,-1,-1
3008,12,2348.00,1791.00,60.00,101.00,6.9892,-1,-1,-1
3008,8,2369.00,1364.00,54.00,98.00,6.5137,-1,-1,-1
3009,12,2346.00,1790.00,62.00,99.00,6.9913,-1,-1,-1
3009,8,2369.00,1363.00,54.00,98.00,6.5647,-1,-1,-1
3010,12,2347.00,1786.00,60.00,101.00,6.9786,-1,-1,-1
3010,8,2369.00,1361.00,53.00,97.00,6.6524,-1,-1,-1
3011,12,2348.00,1784.00,59.00,101.00,6.9662,-1,-1,-1
3011,8,2369.00,1360.00,52.00,94.00,6.7609,-1,-1,-1
3012,12,2348.00,1783.00,59.00,102.00,6.9415,-1,-1,-1
3012,8,2369.00,1359.00,53.00,97.00,6.8516,-1,-1,-1
3013,8,2369.00,1358.00,53.00,97.00,6.9273,-1,-1,-1
3013,12,2348.00,1781.00,58.00,103.00,6.9017,-1,-1,-1
3014,8,2369.00,1357.00,53.00,98.00,6.9553,-1,-1,-1
3014,12,2350.00,1783.00,57.00,99.00,6.9087,-1,-1,-1
3015,8,2369.00,1356.00,53.00,100.00,6.9652,-1,-1,-1
3015,12,2350.00,1782.00,57.00,100.00,6.9223,-1,-1,-1
3016,8,2369.00,1356.00,53.00,99.00,6.9510,-1,-1,-1
3016,12,2351.00,1782.00,55.00,100.00,6.9108,-1,-1,-1
3017,8,2369.00,1355.00,55.00,102.00,6.9220,-1,-1,-1
3017,12,2351.00,1781.00,55.00,101.00,6.8892,-1,-1,-1
3018,8,2368.00,1354.00,58.00,104.00,6.8799,-1,-1,-1
3018,12,2351.00,1780.00,56.00,102.00,6.8768,-1,-1,-1
3019,12,2352.00,1778.00,55.00,102.00,6.9002,-1,-1,-1
3019,8,2368.00,1353.00,59.00,106.00,6.8501,-1,-1,-1
3020,12,2352.00,1776.00,56.00,103.00,6.9152,-1,-1,-1
3020,8,2366.00,1352.00,62.00,107.00,6.8552,-1,-1,-1
3021,12,2353.00,1775.00,56.00,104.00,6.9110,-1,-1,-1
3021,8,2364.00,1352.00,64.00,104.00,6.8052,-1,-1,-1
3022,12,2353.00,1774.00,57.00,103.00,6.9154,-1,-1,-1
3022,8,2363.00,1351.00,66.00,104.00,6.7704,-1,-1,-1
3023,12,2353.00,1773.00,57.00,103.00,6.9223,-1,-1,-1
3023,8,2363.00,1350.00,68.00,106.00,6.7276,-1,-1,-1
3024,12,2353.00,1772.00,59.00,103.00,6.9431,-1,-1,-1
3024,8,2362.00,1348.00,71.00,109.00,6.6960,-1,-1,-1
3025,12,2353.00,1770.00,60.00,104.00,6.9892,-1,-1,-1
3025,8,2363.00,1347.00,69.00,108.00,6.6914,-1,-1,-1
3026,12,2353.00,1769.00,61.00,103.00,7.0517,-1,-1,-1
3026,8,2363.00,1346.00,69.00,108.00,6.6849,-1,-1,-1
3027,12,2352.00,1767.00,62.00,104.00,7.1220,-1,-1,-1
3027,8,2363.00,1345.00,70.00,110.00,6.6526,-1,-1,-1
3028,12,2351.00,1765.00,63.00,104.00,7.1959,-1,-1,-1
3028,8,2362.00,1346.00,75.00,112.00,6.6639,-1,-1,-1
3029,12,2351.00,1764.00,64.00,104.00,7.2537,-1,-1,-1
3029,8,2360.00,1345.00,77.00,111.00,6.6872,-1,-1,-1
3030,12,2351.00,1762.00,64.00,105.00,7.2683,-1,-1,-1
3030,8,2360.00,1344.00,77.00,111.00,6.6986,-1,-1,-1
3031,12,2350.00,1760.00,66.00,105.00,7.2341,-1,-1,-1
3031,8,2359.00,1343.00,78.00,112.00,6.7289,-1,-1,-1
3032,12,2350.00,1759.00,66.00,105.00,7.1645,-1,-1,-1
3032,8,2360.00,1341.00,77.00,113.00,6.7000,-1,-1,-1
3033,12,2350.00,1760.00,66.00,102.00,7.0805,-1,-1,-1
3033,8,2361.00,1340.00,77.00,115.00,6.6733,-1,-1,-1
3034,12,2350.00,1758.00,66.00,104.00,7.0264,-1,-1,-1
3034,8,2361.00,1339.00,76.00,114.00,6.6239,-1,-1,-1
3035,12,2350.00,1757.00,66.00,106.00,6.9377,-1,-1,-1
3035,8,2362.00,1338.00,73.00,110.00,6.5349,-1,-1,-1
3036,12,2350.00,1756.00,67.00,107.00,6.8763,-1,-1,-1
3036,8,2362.00,1333.00,70.00,112.00,6.6087,-1,-1,-1
3037,12,2349.00,1754.00,68.00,108.00,6.8788,-1,-1,-1
3037,8,2362.00,1332.00,69.00,111.00,6.7388,-1,-1,-1
3038,8,2364.00,1331.00,65.00,109.00,6.8879,-1,-1,-1
3038,12,2350.00,1753.00,67.00,109.00,6.8825,-1,-1,-1
3039,8,2364.00,1331.00,66.00,110.00,7.0273,-1,-1,-1
3039,12,2351.00,1753.00,66.00,108.00,6.8643,-1,-1,-1
3040,8,2364.00,1330.00,65.00,110.00,7.1623,-1,-1,-1
3040,12,2351.00,1753.00,67.00,109.00,6.8639,-1,-1,-1
3041,8,2364.00,1329.00,64.00,110.00,7.2738,-1,-1,-1
3041,12,2352.00,1753.00,65.00,108.00,6.8445,-1,-1,-1
3042,8,2364.00,1328.00,63.00,110.00,7.3558,-1,-1,-1
3042,12,2352.00,1753.00,65.00,108.00,6.8490,-1,-1,-1
3043,8,2364.00,1328.00,63.00,110.00,7.4208,-1,-1,-1
3043,12,2352.00,1752.00,65.00,108.00,6.8767,-1,-1,-1
3044,8,2363.00,1327.00,62.00,108.00,7.4533,-1,-1,-1
3044,12,2353.00,1753.00,63.00,106.00,6.8524,-1,-1,-1
3045,8,2365.00,1329.00,56.00,99.00,7.4861,-1,-1,-1
3045,12,2353.00,1752.00,63.00,107.00,6.8116,-1,-1,-1
3046,8,2364.00,1329.00,57.00,98.00,7.5332,-1,-1,-1
3046,12,2353.00,1751.00,63.00,107.00,6.7941,-1,-1,-1
3047,8,2364.00,1328.00,57.00,99.00,7.5741,-1,-1,-1
3047,12,2353.00,1752.00,63.00,106.00,6.7856,-1,-1,-1
3048,8,2365.00,1328.00,56.00,97.00,7.6157,-1,-1,-1
3048,12,2354.00,1751.00,62.00,105.00,6.7920,-1,-1,-1
3049,8,2365.00,1328.00,55.00,93.00,7.6548,-1,-1,-1
3049,12,2354.00,1750.00,62.00,105.00,6.8125,-1,-1,-1
3050,8,2365.00,1327.00,54.00,94.00,7.6634,-1,-1,-1
3050,12,2354.00,1749.00,61.00,105.00,6.8037,-1,-1,-1
3051,8,2366.00,1327.00,52.00,92.00,7.6569,-1,-1,-1
3051,12,2355.00,1749.00,60.00,105.00,6.7625,-1,-1,-1
3052,8,2365.00,1327.00,53.00,91.00,7.6467,-1,-1,-1
3052,12,2355.00,1749.00,59.00,105.00,6.6817,-1,-1,-1
3053,8,2365.00,1327.00,54.00,95.00,7.6256,-1,-1,-1
3053,12,2355.00,1749.00,60.00,106.00,6.6023,-1,-1,-1
3054,8,2364.00,1327.00,55.00,97.00,7.5943,-1,-1,-1
3054,12,2358.00,1742.00,54.00,103.00,6.5253,-1,-1,-1
3055,8,2362.00,1327.00,59.00,103.00,7.5474,-1,-1,-1
3055,12,2355.00,1743.00,61.00,108.00,6.5333,-1,-1,-1
3056,8,2361.00,1324.00,62.00,112.00,7.5247,-1,-1,-1
3056,12,2355.00,1743.00,60.00,106.00,6.5848,-1,-1,-1
3057,8,2361.00,1325.00,63.00,110.00,7.5286,-1,-1,-1
3057,12,2355.00,1742.00,60.00,106.00,6.6557,-1,-1,-1
3058,8,2361.00,1325.00,63.00,111.00,7.5465,-1,-1,-1
3058,12,2355.00,1741.00,60.00,106.00,6.7351,-1,-1,-1
3059,8,2360.00,1325.00,63.00,111.00,7.5704,-1,-1,-1
3059,12,2355.00,1741.00,59.00,104.00,6.8289,-1,-1,-1
3060,8,2359.00,1325.00,63.00,110.00,7.5585,-1,-1,-1
3060,12,2355.00,1740.00,60.00,104.00,6.9353,-1,-1,-1
3061,8,2359.00,1325.00,62.00,110.00,7.4965,-1,-1,-1
3061,12,2355.00,1740.00,60.00,103.00,7.0401,-1,-1,-1
3062,8,2359.00,1327.00,59.00,101.00,7.4086,-1,-1,-1
3062,12,2354.00,1739.00,61.00,103.00,7.1332,-1,-1,-1
3063,8,2357.00,1324.00,64.00,113.00,7.3290,-1,-1,-1
3063,12,2353.00,1739.00,61.00,102.00,7.2023,-1,-1,-1
3064,8,2356.00,1326.00,63.00,102.00,7.2619,-1,-1,-1
3064,12,2353.00,1739.00,61.00,101.00,7.2509,-1,-1,-1
3065,12,2352.00,1739.00,61.00,101.00,7.2914,-1,-1,-1
3065,8,2354.00,1326.00,65.00,104.00,7.2422,-1,-1,-1
3066,12,2352.00,1738.00,60.00,102.00,7.3245,-1,-1,-1
3066,8,2353.00,1327.00,66.00,105.00,7.2384,-1,-1,-1
3067,12,2352.00,1738.00,59.00,101.00,7.3351,-1,-1,-1
3067,8,2353.00,1326.00,67.00,108.00,7.2301,-1,-1,-1
3068,12,2351.00,1738.00,60.00,101.00,7.3464,-1,-1,-1
3068,8,2353.00,1326.00,65.00,104.00,7.2141,-1,-1,-1
3069,12,2349.00,1738.00,62.00,101.00,7.3625,-1,-1,-1
3069,8,2354.00,1327.00,63.00,100.00,7.2004,-1,-1,-1
3070,12,2349.00,1738.00,62.00,102.00,7.3740,-1,-1,-1
3070,8,2353.00,1328.00,63.00,100.00,7.2006,-1,-1,-1
3071,12,2349.00,1739.00,61.00,100.00,7.3814,-1,-1,-1
3071,8,2354.00,1329.00,62.00,100.00,7.1931,-1,-1,-1
3072,12,2348.00,1739.00,62.00,101.00,7.4192,-1,-1,-1
3072,8,2354.00,1329.00,62.00,103.00,7.2004,-1,-1,-1
3073,12,2347.00,1737.00,64.00,104.00,7.4478,-1,-1,-1
3073,8,2354.00,1328.00,65.00,110.00,7.2200,-1,-1,-1
3074,12,2346.00,1737.00,64.00,104.00,7.4574,-1,-1,-1
3074,8,2354.00,1329.00,63.00,109.00,7.2518,-1,-1,-1
3075,12,2347.00,1738.00,63.00,103.00,7.4720,-1,-1,-1
3075,8,2356.00,1330.00,59.00,105.00,7.2141,-1,-1,-1
3076,12,2351.00,1738.00,57.00,103.00,7.4131,-1,-1,-1
3076,8,2355.00,1331.00,61.00,107.00,7.2794,-1,-1,-1
3077,8,2354.00,1332.00,61.00,108.00,7.3608,-1,-1,-1
3077,12,2351.00,1737.00,55.00,105.00,7.3028,-1,-1,-1
3078,8,2354.00,1332.00,60.00,108.00,7.4285,-1,-1,-1
3078,12,2349.00,1736.00,57.00,106.00,7.2223,-1,-1,-1
3079,8,2354.00,1333.00,58.00,106.00,7.4961,-1,-1,-1
3079,12,2349.00,1736.00,58.00,106.00,7.2074,-1,-1,-1
3080,8,2353.00,1333.00,55.00,105.00,7.5695,-1,-1,-1
3080,12,2348.00,1736.00,58.00,107.00,7.1931,-1,-1,-1
3081,8,2351.00,1334.00,57.00,109.00,7.6151,-1,-1,-1
3081,12,2346.00,1736.00,60.00,107.00,7.1856,-1,-1,-1
3082,8,2350.00,1335.00,58.00,111.00,7.6115,-1,-1,-1
3082,12,2345.00,1737.00,60.00,106.00,7.1617,-1,-1,-1
3083,8,2351.00,1335.00,55.00,108.00,7.5848,-1,-1,-1
3083,12,2344.00,1737.00,61.00,107.00,7.1431,-1,-1,-1
3084,8,2349.00,1335.00,58.00,111.00,7.5560,-1,-1,-1
3084,12,2344.00,1738.00,63.00,105.00,7.1442,-1,-1,-1
3085,8,2349.00,1336.00,56.00,108.00,7.5294,-1,-1,-1
3085,12,2344.00,1738.00,62.00,104.00,7.1776,-1,-1,-1
3086,8,2349.00,1337.00,55.00,104.00,7.4851,-1,-1,-1
3086,12,2345.00,1739.00,61.00,104.00,7.1687,-1,-1,-1
3087,8,2350.00,1338.00,52.00,99.00,7.4759,-1,-1,-1
3087,12,2344.00,1740.00,60.00,103.00,7.1911,-1,-1,-1
3088,8,2350.00,1339.00,52.00,98.00,7.4471,-1,-1,-1
3088,12,2342.00,1740.00,61.00,104.00,7.2689,-1,-1,-1
3089,8,2350.00,1340.00,51.00,97.00,7.3615,-1,-1,-1
3089,12,2343.00,1741.00,59.00,102.00,7.3366,-1,-1,-1
3090,12,2344.00,1743.00,57.00,100.00,7.3489,-1,-1,-1
3090,8,2351.00,1340.00,49.00,97.00,7.2070,-1,-1,-1
3091,12,2343.00,1743.00,58.00,97.00,7.3842,-1,-1,-1
3091,8,2350.00,1341.00,49.00,96.00,7.0996,-1,-1,-1
3092,12,2343.00,1744.00,57.00,95.00,7.4017,-1,-1,-1
3092,8,2348.00,1342.00,51.00,94.00,7.1074,-1,-1,-1
3093,12,2343.00,1746.00,56.00,92.00,7.4229,-1,-1,-1
3093,8,2347.00,1342.00,51.00,94.00,7.0960,-1,-1,-1
3094,12,2344.00,1746.00,54.00,92.00,7.4323,-1,-1,-1
3094,8,2345.00,1343.00,52.00,94.00,7.0809,-1,-1,-1
3095,12,2344.00,1746.00,53.00,91.00,7.4360,-1,-1,-1
3095,8,2342.00,1342.00,59.00,105.00,7.1450,-1,-1,-1
3096,12,2344.00,1747.00,52.00,93.00,7.3719,-1,-1,-1
3096,8,2340.00,1343.00,61.00,106.00,7.2454,-1,-1,-1
3097,12,2342.00,1746.00,55.00,99.00,7.3234,-1,-1,-1
3097,8,2340.00,1344.00,60.00,104.00,7.3195,-1,-1,-1
3098,8,2338.00,1344.00,62.00,105.00,7.4034,-1,-1,-1
3098,12,2341.00,1747.00,56.00,99.00,7.2697,-1,-1,-1
3099,8,2338.00,1345.00,62.00,107.00,7.4550,-1,-1,-1
3099,12,2342.00,1748.00,54.00,97.00,7.2215,-1,-1,-1
3100,8,2337.00,1345.00,62.00,108.00,7.5189,-1,-1,-1
3100,12,2341.00,1749.00,54.00,94.00,7.2225,-1,-1,-1
3101,8,2337.00,1346.00,62.00,109.00,7.5351,-1,-1,-1
3101,12,2341.00,1749.00,53.00,93.00,7.2615,-1,-1,-1
3102,8,2335.00,1348.00,64.00,108.00,7.5128,-1,-1,-1
3102,12,2342.00,1749.00,51.00,92.00,7.2645,-1,-1,-1
3103,8,2334.00,1349.00,64.00,105.00,7.4796,-1,-1,-1
3103,12,2341.00,1749.00,53.00,93.00,7.2876,-1,-1,-1
3104,8,2333.00,1348.00,67.00,114.00,7.4596,-1,-1,-1
3104,12,2340.00,1748.00,54.00,95.00,7.2902,-1,-1,-1
3105,8,2332.00,1349.00,68.00,115.00,7.4759,-1,-1,-1
3105,12,2338.00,1748.00,55.00,96.00,7.3513,-1,-1,-1
3106,8,2332.00,1349.00,68.00,114.00,7.5095,-1,-1,-1
3106,12,2337.00,1748.00,56.00,96.00,7.4067,-1,-1,-1
3107,8,2331.00,1349.00,68.00,113.00,7.5130,-1,-1,-1
3107,12,2338.00,1748.00,55.00,96.00,7.4470,-1,-1,-1
3108,12,2337.00,1749.00,55.00,95.00,7.4734,-1,-1,-1
3108,8,2331.00,1351.00,65.00,101.00,7.4669,-1,-1,-1
3109,12,2336.00,1747.00,56.00,97.00,7.4758,-1,-1,-1
3109,8,2332.00,1352.00,62.00,97.00,7.4116,-1,-1,-1
3110,12,2337.00,1747.00,56.00,97.00,7.4801,-1,-1,-1
3110,8,2334.00,1352.00,60.00,97.00,7.3723,-1,-1,-1
3111,12,2338.00,1746.00,56.00,98.00,7.4645,-1,-1,-1
3111,8,2332.00,1353.00,61.00,100.00,7.3491,-1,-1,-1
3112,12,2337.00,1746.00,57.00,99.00,7.4928,-1,-1,-1
3112,8,2333.00,1354.00,58.00,98.00,7.3262,-1,-1,-1
3113,12,2337.00,1747.00,57.00,100.00,7.4938,-1,-1,-1
3113,8,2331.00,1351.00,63.00,108.00,7.3478,-1,-1,-1
3114,12,2337.00,1747.00,56.00,101.00,7.5080,-1,-1,-1
3114,8,2332.00,1352.00,61.00,107.00,7.3562,-1,-1,-1
3115,12,2336.00,1746.00,56.00,100.00,7.5350,-1,-1,-1
3115,8,2331.00,1352.00,60.00,106.00,7.3817,-1,-1,-1
3116,12,2335.00,1745.00,57.00,102.00,7.5672,-1,-1,-1
3116,8,2329.00,1351.00,62.00,109.00,7.4190,-1,-1,-1
3117,12,2335.00,1742.00,58.00,104.00,7.5962,-1,-1,-1
3117,8,2328.00,1350.00,64.00,109.00,7.4611,-1,-1,-1
3118,12,2335.00,1739.00,58.00,105.00,7.5522,-1,-1,-1
3118,8,2327.00,1353.00,61.00,96.00,7.5149,-1,-1,-1
3119,8,2325.00,1349.00,63.00,99.00,7.5844,-1,-1,-1
3119,12,2333.00,1735.00,59.00,102.00,7.3892,-1,-1,-1
3120,8,2324.00,1345.00,61.00,102.00,7.6361,-1,-1,-1
3120,12,2330.00,1729.00,62.00,104.00,7.4323,-1,-1,-1
3121,8,2324.00,1339.00,56.00,100.00,7.6473,-1,-1,-1
3121,12,2327.00,1725.00,63.00,102.00,7.4321,-1,-1,-1
3122,8,2321.00,1332.00,64.00,102.00,7.6599,-1,-1,-1
3122,12,2330.00,1718.00,62.00,102.00,7.4325,-1,-1,-1
3123,8,2321.00,1329.00,60.00,95.00,7.5762,-1,-1,-1
3123,12,2330.00,1713.00,60.00,97.00,7.2562,-1,-1,-1
3124,8,2323.00,1320.00,59.00,104.00,7.4811,-1,-1,-1
3124,12,2329.00,1705.00,60.00,101.00,7.1947,-1,-1,-1
3125,8,2321.00,1310.00,56.00,98.00,7.5467,-1,-1,-1
3125,12,2328.00,1697.00,60.00,97.00,7.2418,-1,-1,-1
3126,8,2321.00,1305.00,55.00,94.00,7.5721,-1,-1,-1
3126,12,2329.00,1688.00,58.00,97.00,7.2118,-1,-1,-1
3127,8,2319.00,1295.00,60.00,103.00,7.5677,-1,-1,-1
3127,12,2326.00,1676.00,61.00,101.00,7.1889,-1,-1,-1
3128,8,2317.00,1284.00,59.00,99.00,7.5953,-1,-1,-1
3128,12,2326.00,1665.00,57.00,100.00,7.1388,-1,-1,-1
3129,8,2315.00,1277.00,63.00,98.00,7.6507,-1,-1,-1
3129,12,2323.00,1656.00,61.00,98.00,7.1227,-1,-1,-1
3130,8,2314.00,1266.00,63.00,99.00,7.6836,-1,-1,-1
3130,12,2326.00,1646.00,56.00,92.00,7.0280,-1,-1,-1
3131,8,2312.00,1256.00,64.00,101.00,7.6671,-1,-1,-1
3131,12,2327.00,1637.00,54.00,93.00,6.9630,-1,-1,-1
3132,8,2310.00,1243.00,67.00,101.00,7.6146,-1,-1,-1
3132,12,2324.00,1623.00,56.00,96.00,6.8906,-1,-1,-1
3133,8,2308.00,1233.00,68.00,99.00,7.5731,-1,-1,-1
3133,12,2324.00,1610.00,55.00,97.00,6.8736,-1,-1,-1
3134,8,2305.00,1221.00,73.00,104.00,7.5813,-1,-1,-1
3134,12,2323.00,1600.00,55.00,91.00,6.8232,-1,-1,-1
3135,8,2305.00,1209.00,74.00,106.00,7.6046,-1,-1,-1
3135,12,2324.00,1586.00,54.00,95.00,6.6786,-1,-1,-1
3136,8,2305.00,1199.00,75.00,106.00,7.6370,-1,-1,-1
3136,12,2320.00,1574.00,57.00,94.00,6.6985,-1,-1,-1
3137,8,2304.00,1188.00,75.00,104.00,7.6507,-1,-1,-1
3137,12,2320.00,1562.00,56.00,94.00,6.7715,-1,-1,-1
3138,8,2304.00,1182.00,74.00,100.00,7.6661,-1,-1,-1
3138,12,2320.00,1553.00,55.00,90.00,6.9333,-1,-1,-1
3139,8,2305.00,1169.00,71.00,102.00,7.6633,-1,-1,-1
3139,12,2323.00,1548.00,51.00,88.00,6.8710,-1,-1,-1
3140,8,2303.00,1163.00,75.00,103.00,7.6485,-1,-1,-1
3140,12,2322.00,1537.00,49.00,86.00,6.8261,-1,-1,-1
3141,8,2302.00,1158.00,73.00,100.00,7.6295,-1,-1,-1
3141,12,2321.00,1532.00,51.00,89.00,6.7798,-1,-1,-1
3142,8,2302.00,1153.00,74.00,103.00,7.6230,-1,-1,-1
3142,12,2321.00,1527.00,48.00,87.00,6.6400,-1,-1,-1
3143,8,2303.00,1148.00,73.00,102.00,7.6575,-1,-1,-1
3143,12,2318.00,1525.00,52.00,85.00,6.7470,-1,-1,-1
3144,8,2304.00,1143.00,72.00,104.00,7.6621,-1,-1,-1
3144,12,2318.00,1520.00,51.00,82.00,6.8002,-1,-1,-1
3145,8,2304.00,1142.00,71.00,100.00,7.6516,-1,-1,-1
3145,12,2321.00,1516.00,46.00,83.00,6.7555,-1,-1,-1
3146,8,2303.00,1141.00,70.00,98.00,7.6314,-1,-1,-1
3146,12,2319.00,1514.00,47.00,86.00,6.8079,-1,-1,-1
3147,8,2303.00,1141.00,69.00,96.00,7.6104,-1,-1,-1
3147,12,2318.00,1515.00,48.00,84.00,6.8722,-1,-1,-1
3148,8,2304.00,1140.00,69.00,101.00,7.6223,-1,-1,-1
3148,12,2317.00,1514.00,48.00,84.00,6.9623,-1,-1,-1
3149,8,2304.00,1141.00,68.00,102.00,7.6458,-1,-1,-1
3149,12,2316.00,1515.00,50.00,85.00,6.9955,-1,-1,-1
3150,8,2304.00,1141.00,67.00,103.00,7.6672,-1,-1,-1
3150,12,2314.00,1514.00,52.00,85.00,7.0108,-1,-1,-1
3151,8,2303.00,1141.00,66.00,102.00,7.6956,-1,-1,-1
3151,12,2310.00,1513.00,56.00,87.00,7.0791,-1,-1,-1
3152,8,2304.00,1143.00,64.00,102.00,7.7034,-1,-1,-1
3152,12,2311.00,1513.00,56.00,87.00,7.1258,-1,-1,-1
3153,8,2303.00,1144.00,65.00,102.00,7.7248,-1,-1,-1
3153,12,2318.00,1514.00,49.00,88.00,7.0499,-1,-1,-1
3154,8,2302.00,1144.00,66.00,104.00,7.7397,-1,-1,-1
3154,12,2317.00,1514.00,50.00,88.00,6.9991,-1,-1,-1
3155,8,2302.00,1144.00,64.00,104.00,7.7442,-1,-1,-1
3155,12,2316.00,1513.00,51.00,89.00,6.9717,-1,-1,-1
3156,8,2301.00,1147.00,63.00,102.00,7.7427,-1,-1,-1
3156,12,2316.00,1512.00,50.00,90.00,6.9438,-1,-1,-1
3157,8,2300.00,1148.00,61.00,100.00,7.7150,-1,-1,-1
3157,12,2315.00,1512.00,51.00,91.00,6.8990,-1,-1,-1
3158,8,2298.00,1149.00,64.00,101.00,7.6482,-1,-1,-1
3158,12,2314.00,1512.00,52.00,92.00,6.8819,-1,-1,-1
3159,8,2297.00,1149.00,69.00,106.00,7.5815,-1,-1,-1
3159,12,2313.00,1510.00,53.00,92.00,6.8426,-1,-1,-1
3160,8,2299.00,1150.00,59.00,98.00,7.4578,-1,-1,-1
3160,12,2312.00,1509.00,53.00,92.00,6.8251,-1,-1,-1
3161,8,2300.00,1150.00,54.00,95.00,7.2783,-1,-1,-1
3161,12,2313.00,1509.00,51.00,91.00,6.7192,-1,-1,-1
3162,8,2300.00,1151.00,53.00,89.00,7.2445,-1,-1,-1
3162,12,2312.00,1510.00,52.00,91.00,6.6419,-1,-1,-1
3163,8,2298.00,1151.00,54.00,89.00,7.2384,-1,-1,-1
3163,12,2310.00,1511.00,56.00,91.00,6.6265,-1,-1,-1
3164,8,2296.00,1152.00,56.00,92.00,7.2296,-1,-1,-1
3164,12,2309.00,1511.00,57.00,92.00,6.6629,-1,-1,-1
3165,8,2295.00,1151.00,59.00,100.00,7.2685,-1,-1,-1
3165,12,2308.00,1510.00,58.00,93.00,6.7590,-1,-1,-1
3166,8,2294.00,1152.00,60.00,99.00,7.3176,-1,-1,-1
3166,12,2306.00,1510.00,60.00,95.00,6.8533,-1,-1,-1
3167,8,2293.00,1152.00,63.00,98.00,7.3578,-1,-1,-1
3167,12,2306.00,1511.00,60.00,93.00,6.9274,-1,-1,-1
3168,8,2293.00,1154.00,63.00,97.00,7.4083,-1,-1,-1
3168,12,2305.00,1511.00,60.00,93.00,6.9719,-1,-1,-1
3169,8,2292.00,1155.00,62.00,96.00,7.4627,-1,-1,-1
3169,12,2306.00,1513.00,58.00,90.00,7.0236,-1,-1,-1
3170,8,2291.00,1155.00,62.00,97.00,7.4958,-1,-1,-1
3170,12,2307.00,1514.00,56.00,89.00,7.0278,-1,-1,-1
3171,8,2288.00,1155.00,67.00,100.00,7.5375,-1,-1,-1
3171,12,2309.00,1516.00,53.00,92.00,6.8579,-1,-1,-1
3172,8,2287.00,1157.00,66.00,97.00,7.5488,-1,-1,-1
3172,12,2310.00,1518.00,51.00,91.00,6.6989,-1,-1,-1
3173,8,2283.00,1158.00,68.00,95.00,7.5720,-1,-1,-1
3173,12,2310.00,1520.00,50.00,88.00,6.5308,-1,-1,-1
3174,8,2283.00,1158.00,66.00,95.00,7.5916,-1,-1,-1
3174,12,2309.00,1519.00,50.00,88.00,6.4540,-1,-1,-1
3175,8,2281.00,1158.00,66.00,94.00,7.6134,-1,-1,-1
3175,12,2310.00,1520.00,48.00,86.00,6.3539,-1,-1,-1
3176,8,2281.00,1158.00,68.00,96.00,7.6061,-1,-1,-1
3176,12,2309.00,1521.00,48.00,85.00,6.1793,-1,-1,-1
3177,8,2280.00,1159.00,69.00,96.00,7.6074,-1,-1,-1
3177,12,2310.00,1523.00,47.00,83.00,6.0930,-1,-1,-1
3178,8,2279.00,1160.00,71.00,96.00,7.6046,-1,-1,-1
3178,12,2310.00,1522.00,46.00,84.00,5.9757,-1,-1,-1
3179,8,2280.00,1161.00,69.00,94.00,7.6024,-1,-1,-1
3179,12,2310.00,1524.00,46.00,82.00,5.9919,-1,-1,-1
3180,8,2280.00,1161.00,69.00,95.00,7.5864,-1,-1,-1
3180,12,2310.00,1524.00,46.00,82.00,6.0202,-1,-1,-1
3181,8,2280.00,1160.00,69.00,98.00,7.5801,-1,-1,-1
3181,12,2309.00,1523.00,46.00,83.00,5.9384,-1,-1,-1
3182,8,2280.00,1161.00,69.00,97.00,7.5731,-1,-1,-1
3182,12,2308.00,1524.00,47.00,84.00,5.9275,-1,-1,-1
3183,8,2280.00,1162.00,68.00,94.00,7.5797,-1,-1,-1
3183,12,2307.00,1524.00,47.00,83.00,5.9312,-1,-1,-1
3184,8,2281.00,1162.00,67.00,94.00,7.5776,-1,-1,-1
3184,12,2305.00,1525.00,48.00,82.00,6.0412,-1,-1,-1
3185,8,2280.00,1162.00,69.00,96.00,7.5710,-1,-1,-1
3185,12,2304.00,1523.00,49.00,83.00,6.0893,-1,-1,-1
3186,8,2279.00,1162.00,72.00,97.00,7.5747,-1,-1,-1
3186,12,2302.00,1521.00,50.00,87.00,6.1705,-1,-1,-1
3187,8,2279.00,1162.00,71.00,98.00,7.5699,-1,-1,-1
3187,12,2300.00,1520.00,53.00,90.00,6.3039,-1,-1,-1
3188,8,2278.00,1162.00,71.00,99.00,7.5521,-1,-1,-1
3188,12,2299.00,1519.00,55.00,90.00,6.4292,-1,-1,-1
3189,8,2280.00,1163.00,69.00,99.00,7.5278,-1,-1,-1
3189,12,2299.00,1518.00,55.00,92.00,6.5139,-1,-1,-1
3190,8,2280.00,1164.00,68.00,98.00,7.5332,-1,-1,-1
3190,12,2303.00,1521.00,50.00,87.00,6.3817,-1,-1,-1
3191,8,2280.00,1164.00,67.00,98.00,7.5555,-1,-1,-1
3191,12,2303.00,1520.00,50.00,88.00,6.2106,-1,-1,-1
3192,8,2279.00,1164.00,68.00,98.00,7.5982,-1,-1,-1
3192,12,2302.00,1521.00,52.00,89.00,6.1334,-1,-1,-1
3193,8,2279.00,1165.00,67.00,98.00,7.6331,-1,-1,-1
3193,12,2300.00,1520.00,55.00,92.00,6.1845,-1,-1,-1
3194,8,2278.00,1165.00,65.00,97.00,7.6609,-1,-1,-1
3194,12,2299.00,1518.00,56.00,92.00,6.3303,-1,-1,-1
3195,8,2277.00,1167.00,66.00,95.00,7.6941,-1,-1,-1
3195,12,2300.00,1520.00,54.00,89.00,6.4117,-1,-1,-1
3196,8,2278.00,1168.00,65.00,94.00,7.7199,-1,-1,-1
3196,12,2300.00,1520.00,54.00,91.00,6.3926,-1,-1,-1
3197,8,2278.00,1168.00,64.00,96.00,7.7478,-1,-1,-1
3197,12,2300.00,1520.00,53.00,90.00,6.3253,-1,-1,-1
3198,8,2278.00,1170.00,63.00,96.00,7.7715,-1,-1,-1
3198,12,2300.00,1519.00,52.00,89.00,6.1543,-1,-1,-1
3199,8,2279.00,1170.00,59.00,95.00,7.7756,-1,-1,-1
3199,12,2300.00,1520.00,52.00,89.00,5.9439,-1,-1,-1
3200,8,2279.00,1171.00,56.00,93.00,7.7651,-1,-1,-1
3200,12,2298.00,1519.00,53.00,91.00,5.7757,-1,-1,-1
3201,8,2277.00,1172.00,59.00,95.00,7.7469,-1,-1,-1
3201,12,2296.00,1519.00,55.00,91.00,5.7045,-1,-1,-1
3202,8,2277.00,1173.00,55.00,91.00,7.6821,-1,-1,-1
3202,12,2295.00,1520.00,55.00,89.00,5.8261,-1,-1,-1
3203,8,2276.00,1174.00,55.00,91.00,7.5899,-1,-1,-1
3203,12,2295.00,1522.00,57.00,89.00,5.9743,-1,-1,-1
3204,8,2278.00,1174.00,49.00,86.00,7.5032,-1,-1,-1
3204,12,2295.00,1523.00,57.00,87.00,6.1239,-1,-1,-1
3205,8,2277.00,1175.00,50.00,88.00,7.4265,-1,-1,-1
3205,12,2295.00,1525.00,56.00,86.00,6.2512,-1,-1,-1
3206,8,2276.00,1176.00,50.00,86.00,7.3906,-1,-1,-1
3206,12,2295.00,1526.00,55.00,85.00,6.3357,-1,-1,-1
3207,8,2274.00,1177.00,52.00,88.00,7.3559,-1,-1,-1
3207,12,2297.00,1527.00,52.00,83.00,6.3583,-1,-1,-1
3208,8,2273.00,1178.00,53.00,88.00,7.3156,-1,-1,-1
3208,12,2296.00,1528.00,52.00,83.00,6.3525,-1,-1,-1
3209,8,2272.00,1176.00,58.00,95.00,7.3119,-1,-1,-1
3209,12,2297.00,1528.00,50.00,82.00,6.3052,-1,-1,-1
3210,8,2271.00,1177.00,59.00,96.00,7.3520,-1,-1,-1
3210,12,2296.00,1529.00,51.00,84.00,6.2180,-1,-1,-1
3211,8,2271.00,1178.00,60.00,95.00,7.3758,-1,-1,-1
3211,12,2294.00,1528.00,54.00,90.00,6.2193,-1,-1,-1
3212,8,2269.00,1179.00,62.00,94.00,7.4452,-1,-1,-1
3212,12,2294.00,1528.00,53.00,90.00,6.2167,-1,-1,-1
3213,8,2267.00,1180.00,64.00,95.00,7.5310,-1,-1,-1
3213,12,2295.00,1529.00,52.00,88.00,6.1781,-1,-1,-1
3214,8,2265.00,1181.00,65.00,96.00,7.5892,-1,-1,-1
3214,12,2295.00,1531.00,50.00,85.00,6.1549,-1,-1,-1
3215,8,2264.00,1182.00,65.00,93.00,7.6188,-1,-1,-1
3215,12,2295.00,1532.00,50.00,84.00,6.2154,-1,-1,-1
3216,8,2264.00,1183.00,64.00,91.00,7.6370,-1,-1,-1
3216,12,2295.00,1533.00,51.00,83.00,6.3062,-1,-1,-1
3217,8,2264.00,1185.00,64.00,90.00,7.6457,-1,-1,-1
3217,12,2295.00,1533.00,50.00,84.00,6.3975,-1,-1,-1
3218,8,2262.00,1186.00,66.00,91.00,7.6037,-1,-1,-1
3218,12,2294.00,1532.00,51.00,86.00,6.4994,-1,-1,-1
3219,8,2258.00,1184.00,69.00,94.00,7.5636,-1,-1,-1
3219,12,2293.00,1532.00,51.00,86.00,6.5662,-1,-1,-1
3220,8,2258.00,1185.00,68.00,91.00,7.5547,-1,-1,-1
3220,12,2292.00,1531.00,52.00,86.00,6.5996,-1,-1,-1
3221,8,2258.00,1184.00,68.00,94.00,7.5192,-1,-1,-1
3221,12,2291.00,1532.00,52.00,86.00,6.6305,-1,-1,-1
3222,8,2258.00,1184.00,68.00,96.00,7.4732,-1,-1,-1
3222,12,2290.00,1532.00,52.00,86.00,6.6232,-1,-1,-1
3223,8,2259.00,1184.00,66.00,95.00,7.4152,-1,-1,-1
3223,12,2290.00,1532.00,52.00,85.00,6.6428,-1,-1,-1
3224,8,2259.00,1184.00,66.00,95.00,7.3713,-1,-1,-1
3224,12,2288.00,1531.00,54.00,87.00,6.7108,-1,-1,-1
3225,8,2256.00,1184.00,69.00,96.00,7.3641,-1,-1,-1
3225,12,2287.00,1531.00,55.00,87.00,6.8087,-1,-1,-1
3226,8,2257.00,1185.00,68.00,95.00,7.3613,-1,-1,-1
3226,12,2288.00,1531.00,54.00,88.00,6.9031,-1,-1,-1
3227,8,2257.00,1185.00,68.00,95.00,7.3639,-1,-1,-1
3227,12,2289.00,1531.00,54.00,88.00,6.9051,-1,-1,-1
3228,8,2258.00,1187.00,67.00,92.00,7.3629,-1,-1,-1
3228,12,2290.00,1531.00,51.00,90.00,6.8357,-1,-1,-1
3229,8,2259.00,1187.00,66.00,92.00,7.3660,-1,-1,-1
3229,12,2288.00,1529.00,54.00,91.00,6.7787,-1,-1,-1
3230,8,2258.00,1187.00,66.00,93.00,7.3844,-1,-1,-1
3230,12,2287.00,1528.00,54.00,90.00,6.6890,-1,-1,-1
3231,8,2257.00,1188.00,68.00,93.00,7.4082,-1,-1,-1
3231,12,2286.00,1527.00,54.00,90.00,6.6323,-1,-1,-1
3232,8,2257.00,1189.00,67.00,93.00,7.4245,-1,-1,-1
3232,12,2286.00,1528.00,53.00,86.00,6.6137,-1,-1,-1
3233,8,2256.00,1189.00,68.00,92.00,7.4427,-1,-1,-1
3233,12,2284.00,1527.00,54.00,88.00,6.6320,-1,-1,-1
3234,8,2257.00,1190.00,66.00,91.00,7.4463,-1,-1,-1
3234,12,2284.00,1527.00,54.00,86.00,6.6595,-1,-1,-1
3235,8,2257.00,1190.00,66.00,92.00,7.4407,-1,-1,-1
3235,12,2285.00,1527.00,53.00,85.00,6.6461,-1,-1,-1
3236,8,2258.00,1191.00,65.00,92.00,7.4505,-1,-1,-1
3236,12,2284.00,1526.00,53.00,87.00,6.6480,-1,-1,-1
3237,8,2258.00,1191.00,65.00,94.00,7.4846,-1,-1,-1
3237,12,2284.00,1525.00,54.00,89.00,6.6205,-1,-1,-1
3238,8,2257.00,1191.00,65.00,94.00,7.5389,-1,-1,-1
3238,12,2283.00,1525.00,55.00,89.00,6.5871,-1,-1,-1
3239,8,2257.00,1191.00,65.00,94.00,7.5940,-1,-1,-1
3239,12,2284.00,1525.00,53.00,88.00,6.4973,-1,-1,-1
3240,8,2257.00,1192.00,65.00,94.00,7.6330,-1,-1,-1
3240,12,2281.00,1526.00,56.00,89.00,6.4251,-1,-1,-1
3241,8,2256.00,1193.00,65.00,93.00,7.6537,-1,-1,-1
3241,12,2281.00,1527.00,56.00,91.00,6.3730,-1,-1,-1
3242,8,2255.00,1193.00,67.00,93.00,7.6733,-1,-1,-1
3242,12,2281.00,1528.00,57.00,90.00,6.3900,-1,-1,-1
3243,8,2254.00,1193.00,67.00,94.00,7.6845,-1,-1,-1
3243,12,2280.00,1528.00,59.00,92.00,6.4917,-1,-1,-1
3244,8,2253.00,1194.00,68.00,93.00,7.6924,-1,-1,-1
3244,12,2280.00,1528.00,59.00,93.00,6.5983,-1,-1,-1
3245,8,2253.00,1194.00,67.00,92.00,7.6937,-1,-1,-1
3245,12,2280.00,1528.00,58.00,92.00,6.6857,-1,-1,-1
3246,8,2253.00,1195.00,65.00,92.00,7.6812,-1,-1,-1
3246,12,2279.00,1528.00,59.00,92.00,6.7604,-1,-1,-1
3247,8,2252.00,1197.00,66.00,91.00,7.6626,-1,-1,-1
3247,12,2278.00,1529.00,60.00,91.00,6.8381,-1,-1,-1
3248,8,2251.00,1197.00,65.00,91.00,7.6167,-1,-1,-1
3248,12,2278.00,1529.00,59.00,91.00,6.9048,-1,-1,-1
3249,8,2249.00,1197.00,66.00,92.00,7.5522,-1,-1,-1
3249,12,2278.00,1530.00,59.00,89.00,6.9569,-1,-1,-1
3250,8,2248.00,1196.00,67.00,94.00,7.5028,-1,-1,-1
3250,12,2279.00,1532.00,57.00,88.00,7.0197,-1,-1,-1
3251,8,2247.00,1196.00,68.00,94.00,7.4669,-1,-1,-1
3251,12,2279.00,1532.00,56.00,87.00,7.0652,-1,-1,-1
3252,8,2246.00,1196.00,69.00,96.00,7.4322,-1,-1,-1
3252,12,2280.00,1533.00,55.00,86.00,7.0868,-1,-1,-1
3253,8,2245.00,1197.00,69.00,94.00,7.3949,-1,-1,-1
3253,12,2279.00,1531.00,55.00,87.00,7.0716,-1,-1,-1
3254,8,2244.00,1197.00,68.00,94.00,7.3863,-1,-1,-1
3254,12,2280.00,1531.00,54.00,87.00,7.0401,-1,-1,-1
3255,8,2243.00,1197.00,67.00,94.00,7.4041,-1,-1,-1
3255,12,2280.00,1531.00,53.00,87.00,6.9767,-1,-1,-1
3256,8,2243.00,1197.00,66.00,93.00,7.4432,-1,-1,-1
3256,12,2280.00,1532.00,52.00,86.00,6.9161,-1,-1,-1
3257,8,2242.00,1197.00,66.00,94.00,7.4906,-1,-1,-1
3257,12,2280.00,1532.00,52.00,87.00,6.8747,-1,-1,-1
3258,8,2241.00,1197.00,67.00,94.00,7.5318,-1,-1,-1
3258,12,2280.00,1532.00,53.00,87.00,6.8688,-1,-1,-1
3259,8,2241.00,1197.00,67.00,93.00,7.5932,-1,-1,-1
3259,12,2279.00,1532.00,54.00,88.00,6.8919,-1,-1,-1
3260,8,2242.00,1196.00,66.00,94.00,7.6581,-1,-1,-1
3260,12,2280.00,1531.00,54.00,88.00,6.9256,-1,-1,-1
3261,8,2242.00,1197.00,65.00,91.00,7.7093,-1,-1,-1
3261,12,2281.00,1531.00,54.00,86.00,6.9211,-1,-1,-1
3262,8,2241.00,1198.00,65.00,89.00,7.7318,-1,-1,-1
3262,12,2280.00,1531.00,55.00,87.00,6.9547,-1,-1,-1
3263,8,2240.00,1198.00,67.00,90.00,7.7428,-1,-1,-1
3263,12,2280.00,1532.00,55.00,85.00,6.9279,-1,-1,-1
3264,8,2240.00,1197.00,67.00,92.00,7.7497,-1,-1,-1
3264,12,2281.00,1532.00,54.00,84.00,6.8862,-1,-1,-1
3265,8,2240.00,1197.00,67.00,92.00,7.7588,-1,-1,-1
3265,12,2281.00,1532.00,55.00,83.00,6.8499,-1,-1,-1
3266,8,2240.00,1195.00,68.00,95.00,7.7702,-1,-1,-1
3266,12,2282.00,1531.00,54.00,84.00,6.8149,-1,-1,-1
3267,8,2239.00,1194.00,70.00,97.00,7.7877,-1,-1,-1
3267,12,2281.00,1528.00,53.00,84.00,6.7356,-1,-1,-1
3268,8,2239.00,1194.00,71.00,97.00,7.7939,-1,-1,-1
3268,12,2281.00,1527.00,53.00,84.00,6.7031,-1,-1,-1
3269,8,2240.00,1193.00,69.00,98.00,7.8028,-1,-1,-1
3269,12,2280.00,1525.00,55.00,85.00,6.7283,-1,-1,-1
3270,8,2240.00,1192.00,69.00,98.00,7.8115,-1,-1,-1
3270,12,2282.00,1523.00,53.00,85.00,6.7681,-1,-1,-1
3271,8,2239.00,1192.00,69.00,96.00,7.8375,-1,-1,-1
3271,12,2282.00,1522.00,54.00,84.00,6.7798,-1,-1,-1
3272,8,2239.00,1192.00,68.00,95.00,7.8481,-1,-1,-1
3272,12,2282.00,1522.00,54.00,83.00,6.7760,-1,-1,-1
3273,8,2239.00,1191.00,68.00,95.00,7.8487,-1,-1,-1
3273,12,2283.00,1521.00,53.00,83.00,6.7606,-1,-1,-1
3274,8,2239.00,1191.00,67.00,94.00,7.8289,-1,-1,-1
3274,12,2283.00,1520.00,53.00,84.00,6.7300,-1,-1,-1
3275,8,2238.00,1189.00,67.00,96.00,7.7930,-1,-1,-1
3275,12,2282.00,1519.00,55.00,85.00,6.6970,-1,-1,-1
3276,8,2238.00,1189.00,66.00,96.00,7.7492,-1,-1,-1
3276,12,2282.00,1518.00,56.00,87.00,6.6857,-1,-1,-1
3277,8,2238.00,1189.00,65.00,96.00,7.6888,-1,-1,-1
3277,12,2281.00,1518.00,56.00,87.00,6.6616,-1,-1,-1
3278,8,2236.00,1186.00,66.00,97.00,7.5951,-1,-1,-1
3278,12,2281.00,1518.00,56.00,87.00,6.6604,-1,-1,-1
3279,8,2237.00,1187.00,64.00,94.00,7.5036,-1,-1,-1
3279,12,2282.00,1519.00,53.00,86.00,6.5820,-1,-1,-1
3280,8,2237.00,1187.00,62.00,92.00,7.4021,-1,-1,-1
3280,12,2284.00,1520.00,49.00,84.00,6.3961,-1,-1,-1
3281,8,2237.00,1187.00,60.00,90.00,7.3069,-1,-1,-1
3281,12,2285.00,1520.00,47.00,83.00,6.2509,-1,-1,-1
3282,8,2238.00,1191.00,56.00,84.00,7.2385,-1,-1,-1
3282,12,2284.00,1521.00,49.00,84.00,6.1528,-1,-1,-1
3283,8,2237.00,1190.00,56.00,84.00,7.2244,-1,-1,-1
3283,12,2283.00,1522.00,51.00,86.00,6.1666,-1,-1,-1
3284,8,2235.00,1190.00,55.00,83.00,7.2447,-1,-1,-1
3284,12,2284.00,1522.00,50.00,87.00,6.1551,-1,-1,-1
3285,8,2235.00,1190.00,56.00,84.00,7.2520,-1,-1,-1
3285,12,2283.00,1524.00,50.00,87.00,6.1438,-1,-1,-1
3286,8,2235.00,1192.00,57.00,84.00,7.2500,-1,-1,-1
3286,12,2283.00,1526.00,50.00,86.00,6.1486,-1,-1,-1
3287,8,2235.00,1192.00,58.00,85.00,7.2472,-1,-1,-1
3287,12,2281.00,1526.00,52.00,90.00,6.1017,-1,-1,-1
3288,8,2234.00,1193.00,59.00,84.00,7.2616,-1,-1,-1
3288,12,2283.00,1526.00,50.00,86.00,6.0734,-1,-1,-1
3289,8,2234.00,1193.00,59.00,85.00,7.2841,-1,-1,-1
3289,12,2282.00,1525.00,51.00,87.00,6.0354,-1,-1,-1
3290,8,2235.00,1191.00,60.00,89.00,7.2738,-1,-1,-1
3290,12,2282.00,1524.00,51.00,87.00,6.0656,-1,-1,-1
3291,8,2234.00,1194.00,59.00,84.00,7.2626,-1,-1,-1
3291,12,2280.00,1523.00,54.00,90.00,6.1398,-1,-1,-1
3292,8,2236.00,1193.00,59.00,87.00,7.2845,-1,-1,-1
3292,12,2279.00,1523.00,55.00,92.00,6.1857,-1,-1,-1
3293,8,2234.00,1194.00,62.00,88.00,7.3544,-1,-1,-1
3293,12,2279.00,1522.00,55.00,94.00,6.2128,-1,-1,-1
3294,8,2234.00,1196.00,64.00,89.00,7.4192,-1,-1,-1
3294,12,2278.00,1521.00,56.00,95.00,6.2252,-1,-1,-1
3295,8,2233.00,1196.00,65.00,91.00,7.4768,-1,-1,-1
3295,12,2278.00,1522.00,57.00,94.00,6.3214,-1,-1,-1
3296,8,2232.00,1197.00,66.00,91.00,7.5313,-1,-1,-1
3296,12,2278.00,1522.00,57.00,95.00,6.3664,-1,-1,-1
3297,8,2232.00,1198.00,64.00,89.00,7.5728,-1,-1,-1
3297,12,2280.00,1523.00,56.00,92.00,6.4352,-1,-1,-1
3298,8,2233.00,1199.00,62.00,89.00,7.6094,-1,-1,-1
3298,12,2279.00,1526.00,56.00,91.00,6.4673,-1,-1,-1
3299,8,2232.00,1200.00,61.00,89.00,7.6429,-1,-1,-1
3299,12,2280.00,1527.00,55.00,90.00,6.4723,-1,-1,-1
3300,8,2232.00,1200.00,61.00,88.00,7.6851,-1,-1,-1
3300,12,2282.00,1528.00,54.00,89.00,6.5140,-1,-1,-1
3301,8,2231.00,1201.00,63.00,88.00,7.7048,-1,-1,-1
3301,12,2281.00,1528.00,56.00,90.00,6.5978,-1,-1,-1
3302,8,2232.00,1201.00,61.00,89.00,7.7093,-1,-1,-1
3302,12,2281.00,1530.00,56.00,88.00,6.6988,-1,-1,-1
3303,8,2231.00,1202.00,61.00,87.00,7.7211,-1,-1,-1
3303,12,2281.00,1530.00,58.00,89.00,6.8232,-1,-1,-1
3304,8,2230.00,1203.00,63.00,89.00,7.7063,-1,-1,-1
3304,12,2281.00,1530.00,57.00,89.00,6.9019,-1,-1,-1
3305,8,2231.00,1204.00,60.00,88.00,7.6754,-1,-1,-1
3305,12,2281.00,1530.00,59.00,90.00,6.9764,-1,-1,-1
3306,8,2230.00,1204.00,62.00,90.00,7.6448,-1,-1,-1
3306,12,2281.00,1530.00,60.00,93.00,7.0478,-1,-1,-1
3307,8,2231.00,1204.00,61.00,90.00,7.6386,-1,-1,-1
3307,12,2281.00,1530.00,61.00,95.00,7.0911,-1,-1,-1
3308,8,2230.00,1205.00,62.00,89.00,7.6384,-1,-1,-1
3308,12,2280.00,1531.00,62.00,93.00,7.1230,-1,-1,-1
3309,8,2230.00,1204.00,62.00,92.00,7.6489,-1,-1,-1
3309,12,2281.00,1531.00,62.00,94.00,7.1556,-1,-1,-1
3310,8,2229.00,1205.00,63.00,91.00,7.6679,-1,-1,-1
3310,12,2282.00,1532.00,60.00,93.00,7.2057,-1,-1,-1
3311,8,2228.00,1206.00,63.00,91.00,7.6830,-1,-1,-1
3311,12,2283.00,1533.00,59.00,92.00,7.2109,-1,-1,-1
3312,8,2228.00,1207.00,63.00,91.00,7.6900,-1,-1,-1
3312,12,2282.00,1535.00,60.00,92.00,7.1924,-1,-1,-1
3313,8,2228.00,1207.00,63.00,91.00,7.6917,-1,-1,-1
3313,12,2281.00,1534.00,59.00,95.00,7.1614,-1,-1,-1
3314,8,2227.00,1208.00,63.00,90.00,7.6913,-1,-1,-1
3314,12,2281.00,1535.00,59.00,94.00,7.1385,-1,-1,-1
3315,8,2227.00,1209.00,63.00,89.00,7.6885,-1,-1,-1
3315,12,2281.00,1536.00,59.00,94.00,7.0879,-1,-1,-1
3316,8,2227.00,1210.00,62.00,87.00,7.6790,-1,-1,-1
3316,12,2281.00,1537.00,60.00,95.00,7.0408,-1,-1,-1
3317,8,2227.00,1210.00,61.00,87.00,7.6600,-1,-1,-1
3317,12,2283.00,1536.00,55.00,91.00,6.9813,-1,-1,-1
3318,8,2227.00,1210.00,60.00,86.00,7.6299,-1,-1,-1
3318,12,2282.00,1538.00,59.00,93.00,6.9611,-1,-1,-1
3319,8,2228.00,1211.00,59.00,86.00,7.6058,-1,-1,-1
3319,12,2283.00,1537.00,56.00,91.00,6.9303,-1,-1,-1
3320,8,2228.00,1210.00,58.00,86.00,7.5815,-1,-1,-1
3320,12,2285.00,1537.00,54.00,90.00,6.8858,-1,-1,-1
3321,8,2227.00,1209.00,59.00,87.00,7.5488,-1,-1,-1
3321,12,2286.00,1536.00,53.00,89.00,6.8133,-1,-1,-1
3322,8,2228.00,1205.00,56.00,90.00,7.5177,-1,-1,-1
3322,12,2286.00,1536.00,53.00,89.00,6.7432,-1,-1,-1
3323,8,2228.00,1206.00,57.00,90.00,7.4871,-1,-1,-1
3323,12,2286.00,1536.00,52.00,88.00,6.6634,-1,-1,-1
3324,8,2227.00,1205.00,57.00,91.00,7.4998,-1,-1,-1
3324,12,2286.00,1538.00,53.00,86.00,6.5837,-1,-1,-1
3325,8,2228.00,1205.00,56.00,90.00,7.4991,-1,-1,-1
3325,12,2287.00,1538.00,52.00,85.00,6.5188,-1,-1,-1
3326,8,2227.00,1204.00,56.00,90.00,7.5159,-1,-1,-1
3326,12,2287.00,1538.00,52.00,86.00,6.4625,-1,-1,-1
3327,8,2226.00,1203.00,57.00,91.00,7.5100,-1,-1,-1
3327,12,2286.00,1538.00,53.00,84.00,6.4936,-1,-1,-1
3328,8,2225.00,1202.00,58.00,91.00,7.4651,-1,-1,-1
3328,12,2286.00,1538.00,53.00,82.00,6.5745,-1,-1,-1
3329,8,2224.00,1202.00,55.00,88.00,7.4540,-1,-1,-1
3329,12,2286.00,1537.00,52.00,82.00,6.6584,-1,-1,-1
3330,8,2224.00,1201.00,54.00,87.00,7.4815,-1,-1,-1
3330,12,2286.00,1535.00,52.00,84.00,6.7699,-1,-1,-1
3331,8,2223.00,1199.00,54.00,89.00,7.5432,-1,-1,-1
3331,12,2286.00,1534.00,53.00,84.00,6.8751,-1,-1,-1
3332,8,2222.00,1198.00,54.00,90.00,7.6125,-1,-1,-1
3332,12,2286.00,1533.00,53.00,86.00,6.9854,-1,-1,-1
3333,8,2221.00,1197.00,56.00,90.00,7.6762,-1,-1,-1
3333,12,2286.00,1532.00,54.00,86.00,7.0727,-1,-1,-1
3334,8,2221.00,1197.00,56.00,91.00,7.7313,-1,-1,-1
3334,12,2286.00,1531.00,54.00,86.00,7.1358,-1,-1,-1
3335,8,2220.00,1196.00,59.00,93.00,7.7781,-1,-1,-1
3335,12,2286.00,1530.00,54.00,85.00,7.1237,-1,-1,-1
3336,8,2219.00,1195.00,61.00,95.00,7.8184,-1,-1,-1
3336,12,2285.00,1528.00,54.00,85.00,7.0751,-1,-1,-1
3337,8,2219.00,1194.00,60.00,95.00,7.8507,-1,-1,-1
3337,12,2286.00,1527.00,54.00,85.00,7.0222,-1,-1,-1
3338,8,2219.00,1194.00,59.00,95.00,7.8776,-1,-1,-1
3338,12,2284.00,1525.00,56.00,86.00,7.0026,-1,-1,-1
3339,8,2219.00,1195.00,57.00,92.00,7.8965,-1,-1,-1
3339,12,2285.00,1524.00,55.00,87.00,7.0047,-1,-1,-1
3340,8,2219.00,1194.00,55.00,90.00,7.8897,-1,-1,-1
3340,12,2286.00,1521.00,54.00,87.00,6.9743,-1,-1,-1
3341,8,2218.00,1193.00,57.00,92.00,7.8781,-1,-1,-1
3341,12,2286.00,1519.00,54.00,88.00,6.9117,-1,-1,-1
3342,8,2217.00,1192.00,58.00,92.00,7.8463,-1,-1,-1
3342,12,2287.00,1517.00,50.00,83.00,6.8393,-1,-1,-1
3343,8,2217.00,1191.00,59.00,92.00,7.7806,-1,-1,-1
3343,12,2287.00,1515.00,50.00,83.00,6.7235,-1,-1,-1
3344,8,2217.00,1192.00,56.00,87.00,7.6931,-1,-1,-1
3344,12,2286.00,1516.00,53.00,81.00,6.6268,-1,-1,-1
3345,8,2216.00,1191.00,57.00,87.00,7.6298,-1,-1,-1
3345,12,2286.00,1515.00,54.00,83.00,6.5415,-1,-1,-1
3346,8,2216.00,1190.00,57.00,87.00,7.5965,-1,-1,-1
3346,12,2288.00,1513.00,51.00,84.00,6.4619,-1,-1,-1
3347,8,2216.00,1190.00,57.00,87.00,7.5844,-1,-1,-1
3347,12,2288.00,1513.00,53.00,84.00,6.4596,-1,-1,-1
3348,8,2215.00,1190.00,58.00,86.00,7.5736,-1,-1,-1
3348,12,2288.00,1512.00,53.00,84.00,6.4791,-1,-1,-1
3349,8,2215.00,1189.00,59.00,86.00,7.5795,-1,-1,-1
3349,12,2288.00,1512.00,52.00,82.00,6.4790,-1,-1,-1
3350,8,2214.00,1189.00,60.00,85.00,7.5936,-1,-1,-1
3350,12,2289.00,1511.00,51.00,82.00,6.4800,-1,-1,-1
3351,8,2214.00,1187.00,60.00,87.00,7.6001,-1,-1,-1
3351,12,2288.00,1511.00,52.00,82.00,6.5155,-1,-1,-1
3352,8,2214.00,1184.00,60.00,90.00,7.6086,-1,-1,-1
3352,12,2288.00,1510.00,52.00,83.00,6.5399,-1,-1,-1
3353,8,2214.00,1183.00,59.00,89.00,7.6175,-1,-1,-1
3353,12,2288.00,1510.00,51.00,83.00,6.5485,-1,-1,-1
3354,8,2214.00,1182.00,58.00,88.00,7.6125,-1,-1,-1
3354,12,2287.00,1509.00,53.00,86.00,6.6092,-1,-1,-1
3355,8,2214.00,1181.00,57.00,87.00,7.6006,-1,-1,-1
3355,12,2286.00,1508.00,55.00,88.00,6.6772,-1,-1,-1
3356,8,2214.00,1180.00,56.00,87.00,7.6002,-1,-1,-1
3356,12,2286.00,1508.00,54.00,87.00,6.7069,-1,-1,-1
3357,8,2213.00,1179.00,57.00,87.00,7.5987,-1,-1,-1
3357,12,2287.00,1507.00,52.00,86.00,6.7061,-1,-1,-1
3358,8,2213.00,1178.00,54.00,87.00,7.5957,-1,-1,-1
3358,12,2287.00,1507.00,52.00,85.00,6.6761,-1,-1,-1
3359,8,2213.00,1176.00,53.00,87.00,7.6223,-1,-1,-1
3359,12,2286.00,1506.00,53.00,86.00,6.6164,-1,-1,-1
3360,8,2213.00,1175.00,53.00,88.00,7.6548,-1,-1,-1
3360,12,2285.00,1505.00,54.00,88.00,6.6187,-1,-1,-1
3361,8,2213.00,1175.00,53.00,89.00,7.6819,-1,-1,-1
3361,12,2286.00,1505.00,51.00,84.00,6.6330,-1,-1,-1
3362,8,2213.00,1174.00,53.00,89.00,7.7153,-1,-1,-1
3362,12,2286.00,1504.00,51.00,85.00,6.6663,-1,-1,-1
3363,8,2212.00,1173.00,55.00,89.00,7.7584,-1,-1,-1
3363,12,2285.00,1503.00,52.00,85.00,6.7102,-1,-1,-1
3364,8,2211.00,1173.00,57.00,90.00,7.7966,-1,-1,-1
3364,12,2286.00,1502.00,51.00,84.00,6.7572,-1,-1,-1
3365,8,2210.00,1173.00,59.00,91.00,7.8255,-1,-1,-1
3365,12,2286.00,1501.00,51.00,83.00,6.7862,-1,-1,-1
3366,8,2209.00,1173.00,60.00,90.00,7.8468,-1,-1,-1
3366,12,2286.00,1500.00,51.00,82.00,6.8348,-1,-1,-1
3367,8,2208.00,1172.00,61.00,90.00,7.8744,-1,-1,-1
3367,12,2286.00,1499.00,50.00,81.00,6.8692,-1,-1,-1
3368,8,2206.00,1172.00,63.00,90.00,7.8990,-1,-1,-1
3368,12,2285.00,1496.00,51.00,81.00,6.8662,-1,-1,-1
3369,8,2206.00,1171.00,63.00,90.00,7.9146,-1,-1,-1
3369,12,2285.00,1493.00,50.00,82.00,6.8806,-1,-1,-1
3370,8,2205.00,1170.00,64.00,90.00,7.9091,-1,-1,-1
3370,12,2285.00,1492.00,51.00,81.00,6.9171,-1,-1,-1
3371,8,2205.00,1169.00,64.00,90.00,7.8821,-1,-1,-1
3371,12,2285.00,1491.00,51.00,82.00,6.9800,-1,-1,-1
3372,8,2205.00,1168.00,64.00,91.00,7.8454,-1,-1,-1
3372,12,2285.00,1490.00,51.00,82.00,7.0455,-1,-1,-1
3373,8,2204.00,1168.00,65.00,90.00,7.7954,-1,-1,-1
3373,12,2285.00,1489.00,52.00,83.00,7.1210,-1,-1,-1
3374,8,2204.00,1167.00,64.00,89.00,7.7537,-1,-1,-1
3374,12,2285.00,1488.00,52.00,83.00,7.1818,-1,-1,-1
3375,8,2203.00,1166.00,65.00,88.00,7.7216,-1,-1,-1
3375,12,2285.00,1488.00,52.00,82.00,7.2495,-1,-1,-1
3376,8,2202.00,1166.00,67.00,86.00,7.6685,-1,-1,-1
3376,12,2284.00,1486.00,52.00,84.00,7.3208,-1,-1,-1
3377,8,2201.00,1165.00,66.00,84.00,7.6401,-1,-1,-1
3377,12,2282.00,1484.00,55.00,86.00,7.3898,-1,-1,-1
3378,8,2201.00,1164.00,66.00,85.00,7.6275,-1,-1,-1
3378,12,2282.00,1484.00,55.00,86.00,7.4480,-1,-1,-1
3379,8,2200.00,1163.00,67.00,85.00,7.6146,-1,-1,-1
3379,12,2281.00,1483.00,57.00,87.00,7.4918,-1,-1,-1
3380,8,2201.00,1161.00,64.00,87.00,7.5887,-1,-1,-1
3380,12,2281.00,1482.00,57.00,88.00,7.5131,-1,-1,-1
3381,8,2200.00,1161.00,63.00,86.00,7.5847,-1,-1,-1
3381,12,2281.00,1482.00,57.00,88.00,7.5170,-1,-1,-1
3382,8,2200.00,1159.00,63.00,87.00,7.5912,-1,-1,-1
3382,12,2280.00,1482.00,57.00,87.00,7.4978,-1,-1,-1
3383,8,2200.00,1158.00,63.00,87.00,7.5849,-1,-1,-1
3383,12,2281.00,1481.00,56.00,87.00,7.4341,-1,-1,-1
3384,8,2199.00,1156.00,63.00,87.00,7.5550,-1,-1,-1
3384,12,2282.00,1477.00,53.00,90.00,7.3511,-1,-1,-1
3385,8,2200.00,1156.00,59.00,85.00,7.5125,-1,-1,-1
3385,12,2281.00,1480.00,54.00,86.00,7.2957,-1,-1,-1
3386,8,2199.00,1155.00,60.00,86.00,7.5030,-1,-1,-1
3386,12,2283.00,1479.00,52.00,85.00,7.2533,-1,-1,-1
3387,8,2197.00,1154.00,62.00,87.00,7.5232,-1,-1,-1
3387,12,2282.00,1478.00,53.00,86.00,7.2300,-1,-1,-1
3388,8,2198.00,1153.00,59.00,85.00,7.5706,-1,-1,-1
3388,12,2283.00,1477.00,52.00,85.00,7.2256,-1,-1,-1
3389,8,2197.00,1152.00,58.00,84.00,7.6265,-1,-1,-1
3389,12,2283.00,1475.00,52.00,85.00,7.2398,-1,-1,-1
3390,8,2197.00,1151.00,58.00,84.00,7.6820,-1,-1,-1
3390,12,2283.00,1473.00,52.00,86.00,7.2466,-1,-1,-1
3391,8,2196.00,1151.00,60.00,85.00,7.7321,-1,-1,-1
3391,12,2283.00,1472.00,51.00,84.00,7.2087,-1,-1,-1
3392,8,2196.00,1149.00,59.00,88.00,7.7823,-1,-1,-1
3392,12,2283.00,1471.00,52.00,85.00,7.1508,-1,-1,-1
3393,8,2196.00,1148.00,59.00,90.00,7.8281,-1,-1,-1
3393,12,2283.00,1471.00,51.00,82.00,7.0691,-1,-1,-1
3394,8,2196.00,1148.00,58.00,89.00,7.8677,-1,-1,-1
3394,12,2282.00,1470.00,52.00,83.00,7.0283,-1,-1,-1
3395,8,2196.00,1147.00,57.00,90.00,7.9036,-1,-1,-1
3395,12,2282.00,1469.00,52.00,84.00,7.0227,-1,-1,-1
3396,8,2196.00,1147.00,57.00,89.00,7.9279,-1,-1,-1
3396,12,2282.00,1467.00,53.00,85.00,7.0722,-1,-1,-1
3397,8,2196.00,1147.00,58.00,89.00,7.9454,-1,-1,-1
3397,12,2281.00,1466.00,54.00,86.00,7.1207,-1,-1,-1
3398,8,2195.00,1147.00,59.00,89.00,7.9568,-1,-1,-1
3398,12,2280.00,1465.00,55.00,87.00,7.1764,-1,-1,-1
3399,8,2195.00,1147.00,59.00,89.00,7.9606,-1,-1,-1
3399,12,2280.00,1464.00,55.00,87.00,7.2423,-1,-1,-1
3400,8,2194.00,1147.00,61.00,89.00,7.9444,-1,-1,-1
3400,12,2279.00,1463.00,56.00,88.00,7.2946,-1,-1,-1
3401,8,2193.00,1146.00,61.00,89.00,7.9193,-1,-1,-1
3401,12,2279.00,1462.00,56.00,88.00,7.3398,-1,-1,-1
3402,8,2193.00,1146.00,61.00,89.00,7.8890,-1,-1,-1
3402,12,2279.00,1461.00,56.00,88.00,7.3752,-1,-1,-1
3403,8,2193.00,1145.00,61.00,90.00,7.8514,-1,-1,-1
3403,12,2279.00,1461.00,56.00,87.00,7.4102,-1,-1,-1
3404,8,2193.00,1145.00,61.00,90.00,7.8182,-1,-1,-1
3404,12,2279.00,1461.00,56.00,86.00,7.4405,-1,-1,-1
3405,8,2193.00,1144.00,61.00,91.00,7.7652,-1,-1,-1
3405,12,2280.00,1460.00,55.00,85.00,7.4697,-1,-1,-1
3406,8,2192.00,1143.00,60.00,91.00,7.6924,-1,-1,-1
3406,12,2280.00,1460.00,55.00,84.00,7.4855,-1,-1,-1
3407,8,2192.00,1143.00,59.00,90.00,7.6616,-1,-1,-1
3407,12,2280.00,1461.00,54.00,82.00,7.4824,-1,-1,-1
3408,8,2192.00,1142.00,60.00,91.00,7.6386,-1,-1,-1
3408,12,2281.00,1461.00,54.00,81.00,7.4839,-1,-1,-1
3409,8,2192.00,1142.00,60.00,91.00,7.6248,-1,-1,-1
3409,12,2281.00,1459.00,54.00,84.00,7.4674,-1,-1,-1
3410,8,2192.00,1141.00,60.00,91.00,7.6157,-1,-1,-1
3410,12,2281.00,1459.00,54.00,82.00,7.4734,-1,-1,-1
3411,8,2191.00,1140.00,60.00,90.00,7.6082,-1,-1,-1
3411,12,2281.00,1458.00,54.00,83.00,7.4673,-1,-1,-1
3412,8,2191.00,1139.00,61.00,91.00,7.6155,-1,-1,-1
3412,12,2281.00,1458.00,54.00,83.00,7.4541,-1,-1,-1
3413,8,2191.00,1138.00,61.00,91.00,7.6128,-1,-1,-1
3413,12,2280.00,1456.00,55.00,85.00,7.4298,-1,-1,-1
3414,8,2191.00,1137.00,61.00,92.00,7.5952,-1,-1,-1
3414,12,2280.00,1455.00,55.00,84.00,7.4038,-1,-1,-1
3415,8,2190.00,1136.00,61.00,91.00,7.5476,-1,-1,-1
3415,12,2279.00,1453.00,56.00,85.00,7.3686,-1,-1,-1
3416,8,2190.00,1132.00,58.00,90.00,7.5070,-1,-1,-1
3416,12,2279.00,1453.00,57.00,84.00,7.3608,-1,-1,-1
3417,8,2190.00,1131.00,58.00,91.00,7.4818,-1,-1,-1
3417,12,2279.00,1450.00,57.00,85.00,7.3630,-1,-1,-1
3418,8,2189.00,1130.00,60.00,92.00,7.4609,-1,-1,-1
3418,12,2279.00,1449.00,56.00,84.00,7.3472,-1,-1,-1
3419,8,2188.00,1129.00,61.00,94.00,7.4707,-1,-1,-1
3419,12,2278.00,1448.00,57.00,84.00,7.3062,-1,-1,-1
3420,8,2187.00,1128.00,62.00,94.00,7.4847,-1,-1,-1
3420,12,2277.00,1448.00,57.00,82.00,7.2262,-1,-1,-1
3421,8,2187.00,1128.00,60.00,91.00,7.5045,-1,-1,-1
3421,12,2276.00,1445.00,57.00,84.00,7.1245,-1,-1,-1
3422,8,2188.00,1128.00,58.00,89.00,7.5273,-1,-1,-1
3422,12,2276.00,1445.00,57.00,83.00,7.0692,-1,-1,-1
3423,8,2189.00,1127.00,56.00,90.00,7.5490,-1,-1,-1
3423,12,2276.00,1443.00,57.00,85.00,7.0664,-1,-1,-1
3424,8,2188.00,1126.00,56.00,89.00,7.5831,-1,-1,-1
3424,12,2277.00,1442.00,56.00,85.00,7.0859,-1,-1,-1
3425,8,2189.00,1125.00,55.00,89.00,7.6008,-1,-1,-1
3425,12,2276.00,1440.00,57.00,85.00,7.1096,-1,-1,-1
3426,8,2189.00,1123.00,54.00,90.00,7.6113,-1,-1,-1
3426,12,2276.00,1439.00,57.00,86.00,7.1324,-1,-1,-1
3427,8,2189.00,1122.00,53.00,90.00,7.6159,-1,-1,-1
3427,12,2275.00,1437.00,59.00,88.00,7.1495,-1,-1,-1
3428,8,2189.00,1122.00,54.00,89.00,7.6248,-1,-1,-1
3428,12,2275.00,1433.00,58.00,91.00,7.1378,-1,-1,-1
3429,8,2188.00,1122.00,55.00,90.00,7.6427,-1,-1,-1
3429,12,2275.00,1432.00,58.00,91.00,7.1229,-1,-1,-1
3430,8,2188.00,1121.00,55.00,90.00,7.6430,-1,-1,-1
3430,12,2274.00,1431.00,59.00,91.00,7.1037,-1,-1,-1
3431,8,2188.00,1120.00,54.00,89.00,7.6036,-1,-1,-1
3431,12,2273.00,1429.00,60.00,93.00,7.0970,-1,-1,-1
3432,8,2188.00,1119.00,54.00,89.00,7.5597,-1,-1,-1
3432,12,2272.00,1428.00,61.00,93.00,7.0846,-1,-1,-1
3433,8,2187.00,1121.00,53.00,85.00,7.5377,-1,-1,-1
3433,12,2270.00,1428.00,65.00,92.00,7.0889,-1,-1,-1
3434,8,2186.00,1120.00,54.00,86.00,7.5484,-1,-1,-1
3434,12,2270.00,1427.00,65.00,93.00,7.1323,-1,-1,-1
3435,8,2186.00,1120.00,55.00,87.00,7.5605,-1,-1,-1
3435,12,2271.00,1427.00,63.00,92.00,7.1635,-1,-1,-1
3436,8,2184.00,1119.00,58.00,89.00,7.5812,-1,-1,-1
3436,12,2271.00,1427.00,63.00,90.00,7.1847,-1,-1,-1
3437,8,2183.00,1118.00,59.00,89.00,7.6167,-1,-1,-1
3437,12,2272.00,1427.00,61.00,89.00,7.2056,-1,-1,-1
3438,8,2183.00,1116.00,58.00,89.00,7.6406,-1,-1,-1
3438,12,2272.00,1427.00,60.00,88.00,7.2061,-1,-1,-1
3439,8,2183.00,1115.00,58.00,89.00,7.6729,-1,-1,-1
3439,12,2272.00,1427.00,60.00,86.00,7.1930,-1,-1,-1
3440,8,2182.00,1115.00,59.00,88.00,7.7124,-1,-1,-1
3440,12,2273.00,1427.00,59.00,86.00,7.1710,-1,-1,-1
3441,8,2182.00,1114.00,58.00,88.00,7.7472,-1,-1,-1
3441,12,2273.00,1426.00,59.00,87.00,7.1519,-1,-1,-1
3442,8,2181.00,1113.00,60.00,89.00,7.7772,-1,-1,-1
3442,12,2274.00,1426.00,59.00,86.00,7.1259,-1,-1,-1
3443,8,2181.00,1114.00,59.00,87.00,7.7916,-1,-1,-1
3443,12,2274.00,1425.00,58.00,86.00,7.0966,-1,-1,-1
3444,8,2181.00,1112.00,60.00,90.00,7.7961,-1,-1,-1
3444,12,2274.00,1424.00,58.00,86.00,7.0979,-1,-1,-1
3445,8,2180.00,1111.00,60.00,91.00,7.7867,-1,-1,-1
3445,12,2274.00,1424.00,58.00,85.00,7.0995,-1,-1,-1
3446,8,2179.00,1110.00,61.00,91.00,7.7712,-1,-1,-1
3446,12,2274.00,1423.00,58.00,85.00,7.0846,-1,-1,-1
3447,8,2179.00,1109.00,60.00,90.00,7.7170,-1,-1,-1
3447,12,2274.00,1423.00,57.00,84.00,7.0606,-1,-1,-1
3448,8,2180.00,1107.00,58.00,92.00,7.6403,-1,-1,-1
3448,12,2274.00,1422.00,57.00,84.00,6.9804,-1,-1,-1
3449,8,2179.00,1107.00,54.00,87.00,7.5249,-1,-1,-1
3449,12,2274.00,1421.00,54.00,80.00,6.9191,-1,-1,-1
3450,8,2179.00,1106.00,54.00,87.00,7.4574,-1,-1,-1
3450,12,2275.00,1421.00,53.00,77.00,6.8810,-1,-1,-1
3451,8,2178.00,1106.00,56.00,87.00,7.4012,-1,-1,-1
3451,12,2275.00,1419.00,53.00,78.00,6.9028,-1,-1,-1
3452,8,2177.00,1104.00,56.00,87.00,7.4164,-1,-1,-1
3452,12,2275.00,1418.00,53.00,79.00,6.9381,-1,-1,-1
3453,8,2175.00,1103.00,60.00,88.00,7.4631,-1,-1,-1
3453,12,2274.00,1417.00,54.00,81.00,7.0005,-1,-1,-1
3454,8,2175.00,1101.00,60.00,91.00,7.5183,-1,-1,-1
3454,12,2273.00,1417.00,54.00,79.00,7.0724,-1,-1,-1
3455,8,2174.00,1101.00,60.00,91.00,7.5783,-1,-1,-1
3455,12,2272.00,1416.00,55.00,80.00,7.1571,-1,-1,-1
3456,8,2174.00,1101.00,60.00,90.00,7.6422,-1,-1,-1
3456,12,2271.00,1413.00,56.00,83.00,7.2467,-1,-1,-1
3457,8,2174.00,1100.00,61.00,92.00,7.6859,-1,-1,-1
3457,12,2271.00,1413.00,56.00,82.00,7.3169,-1,-1,-1
3458,8,2174.00,1100.00,61.00,91.00,7.7284,-1,-1,-1
3458,12,2271.00,1411.00,56.00,84.00,7.3540,-1,-1,-1
3459,8,2174.00,1100.00,61.00,90.00,7.7659,-1,-1,-1
3459,12,2271.00,1410.00,56.00,85.00,7.3745,-1,-1,-1
3460,8,2174.00,1100.00,60.00,89.00,7.8066,-1,-1,-1
3460,12,2271.00,1410.00,57.00,85.00,7.3727,-1,-1,-1
3461,8,2173.00,1099.00,62.00,90.00,7.8458,-1,-1,-1
3461,12,2270.00,1408.00,58.00,86.00,7.3250,-1,-1,-1
3462,8,2173.00,1099.00,61.00,89.00,7.8791,-1,-1,-1
3462,12,2269.00,1408.00,59.00,87.00,7.2721,-1,-1,-1
3463,8,2173.00,1098.00,61.00,89.00,7.8986,-1,-1,-1
3463,12,2269.00,1407.00,60.00,87.00,7.2597,-1,-1,-1
3464,8,2173.00,1097.00,60.00,90.00,7.8973,-1,-1,-1
3464,12,2270.00,1406.00,60.00,88.00,7.2534,-1,-1,-1
3465,8,2172.00,1096.00,61.00,91.00,7.8875,-1,-1,-1
3465,12,2270.00,1405.00,60.00,89.00,7.2598,-1,-1,-1
3466,8,2173.00,1095.00,59.00,91.00,7.8572,-1,-1,-1
3466,12,2270.00,1404.00,60.00,89.00,7.2974,-1,-1,-1
3467,8,2173.00,1098.00,57.00,85.00,7.7904,-1,-1,-1
3467,12,2269.00,1402.00,60.00,89.00,7.3552,-1,-1,-1
3468,8,2173.00,1097.00,57.00,85.00,7.7524,-1,-1,-1
3468,12,2269.00,1401.00,60.00,88.00,7.4050,-1,-1,-1
3469,8,2172.00,1097.00,58.00,85.00,7.7366,-1,-1,-1
3469,12,2268.00,1398.00,61.00,88.00,7.4345,-1,-1,-1
3470,8,2171.00,1095.00,59.00,86.00,7.7260,-1,-1,-1
3470,12,2267.00,1396.00,63.00,89.00,7.4650,-1,-1,-1
3471,8,2170.00,1094.00,59.00,87.00,7.7223,-1,-1,-1
3471,12,2266.00,1396.00,64.00,88.00,7.4718,-1,-1,-1
3472,8,2170.00,1093.00,60.00,88.00,7.7272,-1,-1,-1
3472,12,2266.00,1397.00,63.00,84.00,7.4851,-1,-1,-1
3473,8,2170.00,1092.00,59.00,88.00,7.7290,-1,-1,-1
3473,12,2265.00,1397.00,64.00,83.00,7.5226,-1,-1,-1
3474,8,2169.00,1091.00,59.00,88.00,7.7132,-1,-1,-1
3474,12,2266.00,1396.00,63.00,84.00,7.5551,-1,-1,-1
3475,8,2169.00,1090.00,59.00,87.00,7.6771,-1,-1,-1
3475,12,2265.00,1396.00,64.00,84.00,7.5936,-1,-1,-1
3476,12,2266.00,1395.00,63.00,85.00,7.6241,-1,-1,-1
3476,8,2170.00,1086.00,55.00,87.00,7.6162,-1,-1,-1
3477,12,2266.00,1396.00,62.00,83.00,7.6384,-1,-1,-1
3477,8,2169.00,1085.00,57.00,88.00,7.5755,-1,-1,-1
3478,12,2266.00,1395.00,62.00,84.00,7.6497,-1,-1,-1
3478,8,2169.00,1084.00,56.00,86.00,7.5387,-1,-1,-1
3479,12,2267.00,1394.00,60.00,84.00,7.6546,-1,-1,-1
3479,8,2169.00,1083.00,57.00,87.00,7.5142,-1,-1,-1
3480,12,2267.00,1394.00,59.00,81.00,7.6534,-1,-1,-1
3480,8,2168.00,1082.00,58.00,87.00,7.4978,-1,-1,-1
3481,12,2268.00,1392.00,58.00,81.00,7.6465,-1,-1,-1
3481,8,2168.00,1082.00,58.00,85.00,7.4908,-1,-1,-1
3482,12,2268.00,1392.00,55.00,79.00,7.6035,-1,-1,-1
3482,8,2167.00,1081.00,59.00,85.00,7.4905,-1,-1,-1
3483,12,2268.00,1391.00,55.00,78.00,7.5181,-1,-1,-1
3483,8,2167.00,1081.00,59.00,85.00,7.5071,-1,-1,-1
3484,8,2165.00,1080.00,61.00,84.00,7.4981,-1,-1,-1
3484,12,2268.00,1390.00,54.00,78.00,7.3301,-1,-1,-1
3485,8,2165.00,1079.00,62.00,84.00,7.4762,-1,-1,-1
3485,12,2267.00,1388.00,53.00,79.00,7.1770,-1,-1,-1
3486,8,2165.00,1078.00,61.00,85.00,7.4507,-1,-1,-1
3486,12,2267.00,1388.00,53.00,78.00,7.0530,-1,-1,-1
3487,8,2166.00,1076.00,58.00,87.00,7.4454,-1,-1,-1
3487,12,2266.00,1387.00,54.00,79.00,6.9643,-1,-1,-1
3488,8,2165.00,1076.00,59.00,86.00,7.4499,-1,-1,-1
3488,12,2267.00,1386.00,51.00,77.00,6.8824,-1,-1,-1
3489,8,2165.00,1076.00,59.00,86.00,7.4722,-1,-1,-1
3489,12,2269.00,1386.00,48.00,74.00,6.8192,-1,-1,-1
3490,8,2164.00,1076.00,60.00,86.00,7.5238,-1,-1,-1
3490,12,2269.00,1386.00,49.00,74.00,6.8113,-1,-1,-1
3491,8,2163.00,1076.00,61.00,86.00,7.5612,-1,-1,-1
3491,12,2269.00,1385.00,48.00,74.00,6.8290,-1,-1,-1
3492,8,2163.00,1075.00,60.00,87.00,7.6031,-1,-1,-1
3492,12,2269.00,1384.00,48.00,74.00,6.8801,-1,-1,-1
3493,8,2162.00,1075.00,61.00,86.00,7.6314,-1,-1,-1
3493,12,2268.00,1383.00,49.00,74.00,6.9416,-1,-1,-1
3494,8,2160.00,1075.00,64.00,87.00,7.6520,-1,-1,-1
3494,12,2268.00,1382.00,49.00,75.00,7.0008,-1,-1,-1
3495,8,2159.00,1075.00,64.00,85.00,7.6382,-1,-1,-1
3495,12,2268.00,1382.00,49.00,75.00,7.0474,-1,-1,-1
3496,8,2158.00,1074.00,64.00,86.00,7.6344,-1,-1,-1
3496,12,2267.00,1381.00,50.00,76.00,7.0982,-1,-1,-1
3497,8,2157.00,1073.00,65.00,86.00,7.6306,-1,-1,-1
3497,12,2267.00,1380.00,50.00,75.00,7.1345,-1,-1,-1
3498,8,2156.00,1072.00,66.00,88.00,7.6206,-1,-1,-1
3498,12,2266.00,1379.00,51.00,74.00,7.1671,-1,-1,-1
3499,8,2155.00,1071.00,66.00,89.00,7.5951,-1,-1,-1
3499,12,2265.00,1377.00,52.00,75.00,7.1857,-1,-1,-1
3500,8,2154.00,1069.00,67.00,90.00,7.5726,-1,-1,-1
3500,12,2265.00,1376.00,51.00,75.00,7.1874,-1,-1,-1
3501,8,2154.00,1069.00,66.00,88.00,7.5285,-1,-1,-1
3501,12,2264.00,1375.00,52.00,74.00,7.1747,-1,-1,-1
3502,8,2153.00,1068.00,67.00,87.00,7.4874,-1,-1,-1
3502,12,2263.00,1373.00,53.00,76.00,7.1769,-1,-1,-1
3503,8,2151.00,1067.00,69.00,87.00,7.4505,-1,-1,-1
3503,12,2262.00,1371.00,54.00,77.00,7.1969,-1,-1,-1
3504,8,2150.00,1066.00,72.00,89.00,7.4472,-1,-1,-1
3504,12,2261.00,1370.00,55.00,78.00,7.2406,-1,-1,-1
3505,8,2151.00,1066.00,71.00,88.00,7.4657,-1,-1,-1
3505,12,2260.00,1369.00,56.00,79.00,7.2859,-1,-1,-1
3506,8,2152.00,1065.00,70.00,90.00,7.4935,-1,-1,-1
3506,12,2259.00,1368.00,57.00,79.00,7.3282,-1,-1,-1
3507,8,2152.00,1064.00,70.00,90.00,7.5269,-1,-1,-1
3507,12,2258.00,1367.00,58.00,80.00,7.3548,-1,-1,-1
3508,8,2152.00,1063.00,70.00,90.00,7.5586,-1,-1,-1
3508,12,2259.00,1366.00,57.00,80.00,7.3687,-1,-1,-1
3509,8,2152.00,1063.00,70.00,90.00,7.5716,-1,-1,-1
3509,12,2259.00,1365.00,56.00,80.00,7.3691,-1,-1,-1
3510,8,2152.00,1062.00,71.00,91.00,7.5673,-1,-1,-1
3510,12,2259.00,1364.00,56.00,80.00,7.3777,-1,-1,-1
3511,8,2152.00,1061.00,71.00,91.00,7.5670,-1,-1,-1
3511,12,2259.00,1362.00,55.00,81.00,7.3672,-1,-1,-1
3512,8,2152.00,1059.00,71.00,93.00,7.5641,-1,-1,-1
3512,12,2258.00,1362.00,56.00,80.00,7.3583,-1,-1,-1
3513,8,2152.00,1059.00,71.00,92.00,7.5459,-1,-1,-1
3513,12,2258.00,1362.00,56.00,81.00,7.3613,-1,-1,-1
3514,8,2152.00,1059.00,71.00,91.00,7.4960,-1,-1,-1
3514,12,2258.00,1362.00,57.00,81.00,7.3509,-1,-1,-1
3515,8,2151.00,1058.00,70.00,91.00,7.4712,-1,-1,-1
3515,12,2258.00,1362.00,57.00,80.00,7.3509,-1,-1,-1
3516,8,2151.00,1057.00,70.00,91.00,7.4631,-1,-1,-1
3516,12,2258.00,1361.00,57.00,81.00,7.3423,-1,-1,-1
3517,8,2150.00,1056.00,71.00,91.00,7.4699,-1,-1,-1
3517,12,2257.00,1360.00,58.00,82.00,7.3368,-1,-1,-1
3518,8,2150.00,1055.00,70.00,90.00,7.4810,-1,-1,-1
3518,12,2256.00,1359.00,60.00,85.00,7.3367,-1,-1,-1
3519,8,2150.00,1054.00,69.00,90.00,7.4896,-1,-1,-1
3519,12,2256.00,1358.00,60.00,85.00,7.3281,-1,-1,-1
3520,8,2150.00,1054.00,69.00,91.00,7.4937,-1,-1,-1
3520,12,2255.00,1358.00,62.00,84.00,7.3318,-1,-1,-1
3521,8,2149.00,1053.00,70.00,92.00,7.4893,-1,-1,-1
3521,12,2254.00,1357.00,63.00,84.00,7.3434,-1,-1,-1
3522,8,2148.00,1053.00,72.00,92.00,7.4640,-1,-1,-1
3522,12,2254.00,1356.00,62.00,83.00,7.3572,-1,-1,-1
3523,8,2148.00,1052.00,72.00,93.00,7.4222,-1,-1,-1
3523,12,2253.00,1354.00,62.00,84.00,7.3661,-1,-1,-1
3524,8,2149.00,1050.00,68.00,93.00,7.3796,-1,-1,-1
3524,12,2253.00,1353.00,62.00,85.00,7.3778,-1,-1,-1
3525,12,2253.00,1352.00,62.00,84.00,7.3691,-1,-1,-1
3525,8,2149.00,1050.00,67.00,91.00,7.3324,-1,-1,-1
3526,12,2253.00,1352.00,61.00,83.00,7.3473,-1,-1,-1
3526,8,2148.00,1050.00,69.00,92.00,7.3141,-1,-1,-1
3527,8,2147.00,1050.00,69.00,92.00,7.3147,-1,-1,-1
3527,12,2253.00,1352.00,60.00,82.00,7.3013,-1,-1,-1
3528,8,2147.00,1049.00,68.00,92.00,7.3199,-1,-1,-1
3528,12,2253.00,1351.00,59.00,82.00,7.2365,-1,-1,-1
3529,8,2146.00,1049.00,68.00,91.00,7.3297,-1,-1,-1
3529,12,2252.00,1350.00,60.00,82.00,7.2214,-1,-1,-1
3530,8,2145.00,1050.00,68.00,90.00,7.3527,-1,-1,-1
3530,12,2252.00,1350.00,59.00,81.00,7.2432,-1,-1,-1
3531,8,2145.00,1050.00,68.00,91.00,7.4020,-1,-1,-1
3531,12,2252.00,1349.00,59.00,80.00,7.2687,-1,-1,-1
3532,8,2145.00,1049.00,67.00,91.00,7.4536,-1,-1,-1
3532,12,2252.00,1349.00,58.00,79.00,7.2895,-1,-1,-1
3533,8,2145.00,1048.00,68.00,91.00,7.4854,-1,-1,-1
3533,12,2251.00,1349.00,60.00,78.00,7.3069,-1,-1,-1
3534,8,2145.00,1047.00,68.00,92.00,7.4719,-1,-1,-1
3534,12,2251.00,1349.00,59.00,77.00,7.3048,-1,-1,-1
3535,8,2142.00,1045.00,69.00,93.00,7.4495,-1,-1,-1
3535,12,2251.00,1348.00,59.00,77.00,7.2972,-1,-1,-1
3536,8,2141.00,1044.00,70.00,94.00,7.4429,-1,-1,-1
3536,12,2250.00,1346.00,59.00,79.00,7.2944,-1,-1,-1
3537,8,2141.00,1043.00,70.00,93.00,7.4377,-1,-1,-1
3537,12,2249.00,1345.00,60.00,80.00,7.2930,-1,-1,-1
3538,8,2140.00,1042.00,72.00,94.00,7.4386,-1,-1,-1
3538,12,2249.00,1344.00,61.00,81.00,7.2943,-1,-1,-1
3539,8,2141.00,1043.00,73.00,92.00,7.4540,-1,-1,-1
3539,12,2248.00,1342.00,61.00,82.00,7.3168,-1,-1,-1
3540,8,2141.00,1043.00,74.00,92.00,7.4755,-1,-1,-1
3540,12,2248.00,1340.00,61.00,83.00,7.3459,-1,-1,-1
3541,8,2140.00,1042.00,75.00,92.00,7.5071,-1,-1,-1
3541,12,2248.00,1339.00,60.00,81.00,7.3775,-1,-1,-1
3542,8,2139.00,1041.00,75.00,91.00,7.5377,-1,-1,-1
3542,12,2248.00,1337.00,59.00,82.00,7.3875,-1,-1,-1
3543,8,2139.00,1040.00,74.00,90.00,7.5683,-1,-1,-1
3543,12,2247.00,1337.00,59.00,80.00,7.4005,-1,-1,-1
3544,8,2139.00,1038.00,71.00,90.00,7.6091,-1,-1,-1
3544,12,2247.00,1335.00,58.00,79.00,7.4440,-1,-1,-1
3545,8,2138.00,1037.00,70.00,90.00,7.6444,-1,-1,-1
3545,12,2247.00,1334.00,57.00,79.00,7.4720,-1,-1,-1
3546,8,2138.00,1036.00,69.00,88.00,7.6684,-1,-1,-1
3546,12,2246.00,1333.00,58.00,79.00,7.4864,-1,-1,-1
3547,8,2138.00,1036.00,67.00,87.00,7.6875,-1,-1,-1
3547,12,2246.00,1332.00,57.00,79.00,7.4981,-1,-1,-1
3548,8,2137.00,1036.00,68.00,86.00,7.7035,-1,-1,-1
3548,12,2245.00,1330.00,58.00,80.00,7.5057,-1,-1,-1
3549,8,2137.00,1035.00,67.00,86.00,7.7180,-1,-1,-1
3549,12,2244.00,1329.00,59.00,80.00,7.4832,-1,-1,-1
3550,8,2136.00,1033.00,68.00,86.00,7.7238,-1,-1,-1
3550,12,2245.00,1327.00,56.00,80.00,7.4323,-1,-1,-1
3551,8,2136.00,1033.00,68.00,85.00,7.7209,-1,-1,-1
3551,12,2245.00,1327.00,56.00,78.00,7.3959,-1,-1,-1
3552,8,2136.00,1032.00,68.00,86.00,7.7160,-1,-1,-1
3552,12,2245.00,1326.00,56.00,77.00,7.3952,-1,-1,-1
3553,8,2137.00,1031.00,65.00,87.00,7.6819,-1,-1,-1
3553,12,2244.00,1325.00,57.00,77.00,7.4057,-1,-1,-1
3554,8,2136.00,1030.00,67.00,88.00,7.6536,-1,-1,-1
3554,12,2243.00,1324.00,57.00,78.00,7.4116,-1,-1,-1
3555,8,2136.00,1029.00,67.00,88.00,7.6212,-1,-1,-1
3555,12,2243.00,1323.00,57.00,78.00,7.4229,-1,-1,-1
3556,8,2135.00,1028.00,67.00,88.00,7.5780,-1,-1,-1
3556,12,2242.00,1323.00,58.00,78.00,7.4169,-1,-1,-1
3557,8,2135.00,1028.00,67.00,88.00,7.5363,-1,-1,-1
3557,12,2242.00,1323.00,57.00,77.00,7.4032,-1,-1,-1
3558,8,2136.00,1027.00,65.00,87.00,7.4906,-1,-1,-1
3558,12,2242.00,1323.00,57.00,77.00,7.3868,-1,-1,-1
3559,8,2135.00,1027.00,66.00,88.00,7.4311,-1,-1,-1
3559,12,2241.00,1322.00,57.00,78.00,7.3705,-1,-1,-1
3560,8,2136.00,1026.00,63.00,88.00,7.3565,-1,-1,-1
3560,12,2240.00,1319.00,58.00,81.00,7.3526,-1,-1,-1
3561,12,2240.00,1318.00,58.00,82.00,7.3391,-1,-1,-1
3561,8,2135.00,1025.00,64.00,89.00,7.2839,-1,-1,-1
3562,12,2240.00,1318.00,57.00,81.00,7.3271,-1,-1,-1
3562,8,2133.00,1025.00,66.00,88.00,7.2195,-1,-1,-1
3563,12,2239.00,1317.00,58.00,81.00,7.3207,-1,-1,-1
3563,8,2133.00,1024.00,66.00,87.00,7.1581,-1,-1,-1
3564,12,2239.00,1317.00,58.00,81.00,7.3194,-1,-1,-1
3564,8,2133.00,1023.00,65.00,88.00,7.1378,-1,-1,-1
3565,12,2238.00,1317.00,59.00,81.00,7.3241,-1,-1,-1
3565,8,2132.00,1023.00,65.00,86.00,7.1467,-1,-1,-1
3566,12,2238.00,1316.00,60.00,83.00,7.3304,-1,-1,-1
3566,8,2132.00,1023.00,65.00,85.00,7.1728,-1,-1,-1
3567,12,2237.00,1316.00,61.00,83.00,7.3422,-1,-1,-1
3567,8,2131.00,1022.00,65.00,85.00,7.1834,-1,-1,-1
3568,12,2237.00,1314.00,60.00,84.00,7.3463,-1,-1,-1
3568,8,2131.00,1022.00,64.00,84.00,7.1941,-1,-1,-1
3569,12,2238.00,1313.00,57.00,84.00,7.3359,-1,-1,-1
3569,8,2131.00,1021.00,63.00,84.00,7.1988,-1,-1,-1
3570,12,2237.00,1312.00,57.00,83.00,7.3243,-1,-1,-1
3570,8,2131.00,1021.00,63.00,83.00,7.2100,-1,-1,-1
3571,12,2237.00,1311.00,57.00,83.00,7.3220,-1,-1,-1
3571,8,2129.00,1020.00,64.00,85.00,7.2288,-1,-1,-1
3572,12,2237.00,1310.00,57.00,82.00,7.3342,-1,-1,-1
3572,8,2128.00,1020.00,66.00,85.00,7.2527,-1,-1,-1
3573,12,2238.00,1310.00,56.00,82.00,7.3390,-1,-1,-1
3573,8,2128.00,1018.00,64.00,84.00,7.2653,-1,-1,-1
3574,12,2238.00,1309.00,56.00,81.00,7.3430,-1,-1,-1
3574,8,2128.00,1018.00,62.00,81.00,7.2656,-1,-1,-1
3575,12,2237.00,1307.00,56.00,82.00,7.3559,-1,-1,-1
3575,8,2128.00,1017.00,62.00,81.00,7.2684,-1,-1,-1
3576,12,2236.00,1305.00,57.00,82.00,7.3756,-1,-1,-1
3576,8,2126.00,1016.00,63.00,80.00,7.2602,-1,-1,-1
3577,12,2236.00,1304.00,57.00,81.00,7.3732,-1,-1,-1
3577,8,2125.00,1015.00,65.00,82.00,7.2540,-1,-1,-1
3578,12,2235.00,1303.00,57.00,82.00,7.3575,-1,-1,-1
3578,8,2124.00,1014.00,67.00,83.00,7.2331,-1,-1,-1
3579,12,2234.00,1302.00,58.00,82.00,7.3357,-1,-1,-1
3579,8,2122.00,1013.00,67.00,82.00,7.2458,-1,-1,-1
3580,12,2232.00,1302.00,62.00,79.00,7.3577,-1,-1,-1
3580,8,2121.00,1012.00,68.00,82.00,7.2719,-1,-1,-1
3581,12,2233.00,1300.00,61.00,81.00,7.3917,-1,-1,-1
3581,8,2122.00,1011.00,65.00,82.00,7.2989,-1,-1,-1
3582,12,2233.00,1300.00,61.00,80.00,7.4242,-1,-1,-1
3582,8,2122.00,1009.00,64.00,83.00,7.3126,-1,-1,-1
3583,12,2233.00,1300.00,60.00,81.00,7.4575,-1,-1,-1
3583,8,2122.00,1008.00,64.00,83.00,7.3203,-1,-1,-1
3584,12,2233.00,1300.00,60.00,82.00,7.4786,-1,-1,-1
3584,8,2119.00,1007.00,68.00,85.00,7.3398,-1,-1,-1
3585,12,2232.00,1299.00,62.00,83.00,7.5058,-1,-1,-1
3585,8,2118.00,1006.00,71.00,88.00,7.3639,-1,-1,-1
3586,12,2232.00,1299.00,62.00,82.00,7.5365,-1,-1,-1
3586,8,2117.00,1006.00,70.00,87.00,7.3817,-1,-1,-1
3587,12,2233.00,1299.00,61.00,83.00,7.5449,-1,-1,-1
3587,8,2117.00,1006.00,67.00,84.00,7.3795,-1,-1,-1
3588,12,2232.00,1299.00,62.00,84.00,7.5468,-1,-1,-1
3588,8,2116.00,1005.00,66.00,83.00,7.3776,-1,-1,-1
3589,12,2231.00,1299.00,63.00,83.00,7.5624,-1,-1,-1
3589,8,2115.00,1003.00,66.00,84.00,7.3812,-1,-1,-1
3590,12,2231.00,1299.00,63.00,82.00,7.5756,-1,-1,-1
3590,8,2114.00,1002.00,67.00,84.00,7.3886,-1,-1,-1
3591,12,2230.00,1298.00,64.00,82.00,7.5865,-1,-1,-1
3591,8,2115.00,1002.00,65.00,82.00,7.3918,-1,-1,-1
3592,12,2230.00,1297.00,63.00,83.00,7.6032,-1,-1,-1
3592,8,2115.00,1000.00,65.00,83.00,7.3875,-1,-1,-1
3593,12,2230.00,1297.00,62.00,81.00,7.6158,-1,-1,-1
3593,8,2116.00,1000.00,63.00,81.00,7.3858,-1,-1,-1
3594,12,2230.00,1296.00,61.00,82.00,7.6253,-1,-1,-1
3594,8,2116.00,999.00,63.00,81.00,7.3843,-1,-1,-1
3595,12,2230.00,1295.00,60.00,82.00,7.6268,-1,-1,-1
3595,8,2116.00,999.00,63.00,80.00,7.3843,-1,-1,-1
3596,12,2229.00,1293.00,60.00,82.00,7.5967,-1,-1,-1
3596,8,2115.00,999.00,64.00,81.00,7.3841,-1,-1,-1
3597,12,2230.00,1289.00,56.00,85.00,7.5503,-1,-1,-1
3597,8,2114.00,998.00,65.00,82.00,7.4012,-1,-1,-1
3598,12,2229.00,1289.00,56.00,84.00,7.5129,-1,-1,-1
3598,8,2114.00,998.00,64.00,81.00,7.4194,-1,-1,-1
3599,12,2229.00,1289.00,55.00,82.00,7.4791,-1,-1,-1
3599,8,2114.00,998.00,64.00,81.00,7.4408,-1,-1,-1
3600,8,2114.00,998.00,64.00,81.00,7.4554,-1,-1,-1
3600,12,2229.00,1288.00,55.00,82.00,7.4291,-1,-1,-1
3601,8,2113.00,998.00,66.00,80.00,7.4748,-1,-1,-1
3601,12,2228.00,1288.00,55.00,81.00,7.3742,-1,-1,-1
3602,8,2112.00,997.00,67.00,80.00,7.5000,-1,-1,-1
3602,12,2228.00,1287.00,55.00,80.00,7.3426,-1,-1,-1
3603,8,2111.00,997.00,68.00,80.00,7.5147,-1,-1,-1
3603,12,2228.00,1287.00,54.00,78.00,7.3403,-1,-1,-1
3604,8,2111.00,996.00,67.00,82.00,7.5292,-1,-1,-1
3604,12,2228.00,1286.00,54.00,77.00,7.3398,-1,-1,-1
3605,8,2110.00,996.00,68.00,81.00,7.5405,-1,-1,-1
3605,12,2227.00,1285.00,54.00,77.00,7.3558,-1,-1,-1
3606,8,2109.00,996.00,68.00,81.00,7.5244,-1,-1,-1
3606,12,2227.00,1285.00,53.00,76.00,7.3736,-1,-1,-1
3607,8,2108.00,996.00,69.00,81.00,7.4918,-1,-1,-1
3607,12,2227.00,1284.00,53.00,75.00,7.3551,-1,-1,-1
3608,8,2108.00,997.00,69.00,79.00,7.4663,-1,-1,-1
3608,12,2226.00,1282.00,54.00,75.00,7.2555,-1,-1,-1
3609,8,2107.00,996.00,69.00,80.00,7.4367,-1,-1,-1
3609,12,2225.00,1281.00,54.00,73.00,7.2167,-1,-1,-1
3610,8,2106.00,996.00,70.00,79.00,7.4010,-1,-1,-1
3610,12,2224.00,1279.00,56.00,73.00,7.2370,-1,-1,-1
3611,8,2106.00,995.00,69.00,79.00,7.3223,-1,-1,-1
3611,12,2222.00,1278.00,58.00,74.00,7.2739,-1,-1,-1
3612,12,2223.00,1277.00,56.00,73.00,7.2990,-1,-1,-1
3612,8,2105.00,993.00,69.00,82.00,7.2271,-1,-1,-1
3613,12,2224.00,1277.00,54.00,73.00,7.3130,-1,-1,-1
3613,8,2104.00,991.00,70.00,84.00,7.1466,-1,-1,-1
3614,12,2223.00,1277.00,55.00,72.00,7.3331,-1,-1,-1
3614,8,2105.00,990.00,69.00,85.00,7.0950,-1,-1,-1
3615,12,2223.00,1278.00,55.00,72.00,7.3516,-1,-1,-1
3615,8,2104.00,990.00,71.00,85.00,7.0686,-1,-1,-1
3616,12,2222.00,1278.00,56.00,72.00,7.3658,-1,-1,-1
3616,8,2104.00,989.00,71.00,85.00,7.0625,-1,-1,-1
3617,12,2223.00,1278.00,55.00,72.00,7.3659,-1,-1,-1
3617,8,2103.00,988.00,73.00,86.00,7.0644,-1,-1,-1
3618,12,2223.00,1277.00,55.00,73.00,7.3572,-1,-1,-1
3618,8,2102.00,987.00,74.00,87.00,7.0685,-1,-1,-1
3619,12,2223.00,1276.00,54.00,74.00,7.3564,-1,-1,-1
3619,8,2102.00,986.00,73.00,87.00,7.1048,-1,-1,-1
3620,12,2223.00,1276.00,54.00,73.00,7.3602,-1,-1,-1
3620,8,2102.00,985.00,73.00,87.00,7.1403,-1,-1,-1
3621,12,2222.00,1276.00,55.00,73.00,7.3618,-1,-1,-1
3621,8,2102.00,984.00,73.00,86.00,7.1813,-1,-1,-1
3622,12,2222.00,1274.00,54.00,74.00,7.3223,-1,-1,-1
3622,8,2101.00,983.00,73.00,87.00,7.2211,-1,-1,-1
3623,8,2101.00,983.00,72.00,86.00,7.2382,-1,-1,-1
3623,12,2219.00,1269.00,56.00,79.00,7.2329,-1,-1,-1
3624,8,2099.00,980.00,73.00,89.00,7.2637,-1,-1,-1
3624,12,2219.00,1267.00,55.00,80.00,7.1750,-1,-1,-1
3625,8,2099.00,979.00,73.00,90.00,7.3060,-1,-1,-1
3625,12,2218.00,1266.00,56.00,79.00,7.1320,-1,-1,-1
3626,8,2099.00,979.00,73.00,89.00,7.3585,-1,-1,-1
3626,12,2217.00,1264.00,56.00,81.00,7.1122,-1,-1,-1
3627,8,2098.00,977.00,73.00,90.00,7.4082,-1,-1,-1
3627,12,2218.00,1263.00,55.00,80.00,7.1253,-1,-1,-1
3628,8,2098.00,977.00,72.00,89.00,7.4586,-1,-1,-1
3628,12,2218.00,1263.00,54.00,79.00,7.1529,-1,-1,-1
3629,8,2097.00,977.00,72.00,88.00,7.4932,-1,-1,-1
3629,12,2218.00,1261.00,54.00,80.00,7.1994,-1,-1,-1
3630,8,2096.00,976.00,72.00,88.00,7.5130,-1,-1,-1
3630,12,2217.00,1261.00,54.00,79.00,7.2465,-1,-1,-1
3631,8,2096.00,976.00,72.00,87.00,7.5244,-1,-1,-1
3631,12,2218.00,1260.00,54.00,80.00,7.2981,-1,-1,-1
3632,8,2096.00,975.00,72.00,87.00,7.5318,-1,-1,-1
3632,12,2218.00,1260.00,55.00,80.00,7.3493,-1,-1,-1
3633,8,2095.00,975.00,73.00,86.00,7.5313,-1,-1,-1
3633,12,2218.00,1259.00,54.00,79.00,7.3926,-1,-1,-1
3634,8,2095.00,974.00,73.00,87.00,7.5224,-1,-1,-1
3634,12,2218.00,1257.00,54.00,81.00,7.4236,-1,-1,-1
3635,8,2093.00,974.00,73.00,84.00,7.5337,-1,-1,-1
3635,12,2217.00,1255.00,54.00,80.00,7.4450,-1,-1,-1
3636,8,2094.00,973.00,70.00,82.00,7.5483,-1,-1,-1
3636,12,2217.00,1254.00,54.00,80.00,7.4622,-1,-1,-1
3637,8,2093.00,973.00,70.00,81.00,7.5638,-1,-1,-1
3637,12,2216.00,1253.00,54.00,80.00,7.4652,-1,-1,-1
3638,8,2092.00,971.00,72.00,84.00,7.5852,-1,-1,-1
3638,12,2217.00,1252.00,54.00,77.00,7.4564,-1,-1,-1
3639,8,2091.00,970.00,74.00,86.00,7.6004,-1,-1,-1
3639,12,2217.00,1251.00,54.00,76.00,7.4774,-1,-1,-1
3640,8,2091.00,970.00,73.00,85.00,7.6164,-1,-1,-1
3640,12,2217.00,1250.00,54.00,76.00,7.5164,-1,-1,-1
3641,8,2091.00,969.00,73.00,85.00,7.6401,-1,-1,-1
3641,12,2217.00,1250.00,53.00,76.00,7.5605,-1,-1,-1
3642,8,2091.00,968.00,72.00,85.00,7.6605,-1,-1,-1
3642,12,2216.00,1249.00,54.00,78.00,7.6083,-1,-1,-1
3643,8,2090.00,968.00,72.00,84.00,7.6738,-1,-1,-1
3643,12,2216.00,1247.00,54.00,79.00,7.6468,-1,-1,-1
3644,8,2089.00,967.00,72.00,85.00,7.6962,-1,-1,-1
3644,12,2216.00,1247.00,53.00,78.00,7.6573,-1,-1,-1
3645,8,2088.00,966.00,71.00,84.00,7.7204,-1,-1,-1
3645,12,2215.00,1246.00,54.00,79.00,7.6561,-1,-1,-1
3646,8,2088.00,964.00,69.00,83.00,7.7465,-1,-1,-1
3646,12,2213.00,1244.00,55.00,80.00,7.6172,-1,-1,-1
3647,8,2087.00,962.00,69.00,83.00,7.7636,-1,-1,-1
3647,12,2213.00,1243.00,55.00,79.00,7.5776,-1,-1,-1
3648,8,2086.00,960.00,70.00,84.00,7.7704,-1,-1,-1
3648,12,2212.00,1242.00,56.00,78.00,7.5609,-1,-1,-1
3649,8,2085.00,958.00,71.00,86.00,7.7468,-1,-1,-1
3649,12,2213.00,1242.00,56.00,77.00,7.5543,-1,-1,-1
3650,8,2084.00,956.00,70.00,85.00,7.7227,-1,-1,-1
3650,12,2213.00,1239.00,56.00,78.00,7.5705,-1,-1,-1
3651,8,2082.00,954.00,72.00,86.00,7.6902,-1,-1,-1
3651,12,2212.00,1237.00,57.00,79.00,7.5810,-1,-1,-1
3652,8,2083.00,952.00,70.00,85.00,7.6841,-1,-1,-1
3652,12,2213.00,1237.00,56.00,78.00,7.5792,-1,-1,-1
3653,8,2083.00,950.00,70.00,85.00,7.6902,-1,-1,-1
3653,12,2212.00,1235.00,56.00,80.00,7.5763,-1,-1,-1
3654,8,2081.00,947.00,73.00,88.00,7.6731,-1,-1,-1
3654,12,2212.00,1234.00,56.00,79.00,7.5815,-1,-1,-1
3655,8,2080.00,945.00,75.00,89.00,7.6680,-1,-1,-1
3655,12,2212.00,1231.00,55.00,80.00,7.5695,-1,-1,-1
3656,8,2080.00,943.00,75.00,89.00,7.6392,-1,-1,-1
3656,12,2212.00,1229.00,56.00,79.00,7.5721,-1,-1,-1
3657,12,2212.00,1226.00,55.00,77.00,7.6124,-1,-1,-1
3657,8,2081.00,940.00,72.00,90.00,7.5903,-1,-1,-1
3658,12,2212.00,1224.00,55.00,77.00,7.6477,-1,-1,-1
3658,8,2082.00,938.00,71.00,89.00,7.5510,-1,-1,-1
3659,12,2211.00,1221.00,55.00,80.00,7.6434,-1,-1,-1
3659,8,2082.00,937.00,72.00,87.00,7.5202,-1,-1,-1
3660,12,2211.00,1219.00,55.00,80.00,7.6545,-1,-1,-1
3660,8,2081.00,935.00,73.00,88.00,7.5049,-1,-1,-1
3661,12,2211.00,1218.00,55.00,79.00,7.6583,-1,-1,-1
3661,8,2081.00,933.00,74.00,87.00,7.5070,-1,-1,-1
3662,12,2211.00,1216.00,56.00,79.00,7.6311,-1,-1,-1
3662,8,2080.00,931.00,75.00,87.00,7.5021,-1,-1,-1
3663,12,2210.00,1216.00,57.00,75.00,7.6157,-1,-1,-1
3663,8,2080.00,928.00,73.00,88.00,7.5030,-1,-1,-1
3664,12,2210.00,1214.00,58.00,75.00,7.6092,-1,-1,-1
3664,8,2079.00,926.00,74.00,88.00,7.5196,-1,-1,-1
3665,12,2209.00,1210.00,57.00,78.00,7.5498,-1,-1,-1
3665,8,2078.00,925.00,76.00,88.00,7.5357,-1,-1,-1
3666,8,2077.00,922.00,77.00,89.00,7.5469,-1,-1,-1
3666,12,2208.00,1208.00,58.00,77.00,7.4837,-1,-1,-1
3667,8,2077.00,921.00,76.00,88.00,7.5252,-1,-1,-1
3667,12,2208.00,1206.00,56.00,75.00,7.4576,-1,-1,-1
3668,12,2208.00,1204.00,56.00,75.00,7.4630,-1,-1,-1
3668,8,2076.00,920.00,75.00,87.00,7.4562,-1,-1,-1
3669,12,2208.00,1202.00,55.00,75.00,7.4709,-1,-1,-1
3669,8,2076.00,918.00,76.00,88.00,7.3705,-1,-1,-1
3670,12,2207.00,1198.00,55.00,79.00,7.4822,-1,-1,-1
3670,8,2076.00,916.00,76.00,89.00,7.1987,-1,-1,-1
3671,12,2208.00,1197.00,54.00,77.00,7.4794,-1,-1,-1
3671,8,2074.00,913.00,77.00,89.00,7.0992,-1,-1,-1
3672,12,2208.00,1196.00,52.00,75.00,7.4761,-1,-1,-1
3672,8,2073.00,910.00,79.00,91.00,7.0828,-1,-1,-1
3673,12,2208.00,1195.00,53.00,73.00,7.4622,-1,-1,-1
3673,8,2072.00,908.00,80.00,92.00,7.1377,-1,-1,-1
3674,12,2208.00,1193.00,53.00,74.00,7.4170,-1,-1,-1
3674,8,2072.00,906.00,81.00,92.00,7.2022,-1,-1,-1
3675,12,2208.00,1192.00,56.00,74.00,7.3788,-1,-1,-1
3675,8,2072.00,904.00,82.00,91.00,7.2756,-1,-1,-1
3676,12,2208.00,1191.00,56.00,73.00,7.3459,-1,-1,-1
3676,8,2073.00,903.00,79.00,90.00,7.3271,-1,-1,-1
3677,8,2074.00,903.00,76.00,87.00,7.3504,-1,-1,-1
3677,12,2207.00,1188.00,58.00,75.00,7.3007,-1,-1,-1
3678,8,2072.00,901.00,77.00,89.00,7.3694,-1,-1,-1
3678,12,2207.00,1184.00,56.00,77.00,7.2991,-1,-1,-1
3679,8,2071.00,899.00,78.00,90.00,7.3945,-1,-1,-1
3679,12,2207.00,1182.00,55.00,76.00,7.3082,-1,-1,-1
3680,8,2070.00,898.00,77.00,89.00,7.3960,-1,-1,-1
3680,12,2205.00,1179.00,56.00,77.00,7.3261,-1,-1,-1
3681,8,2069.00,895.00,78.00,91.00,7.3925,-1,-1,-1
3681,12,2205.00,1176.00,56.00,78.00,7.3362,-1,-1,-1
3682,12,2204.00,1173.00,58.00,80.00,7.3706,-1,-1,-1
3682,8,2069.00,894.00,81.00,89.00,7.3601,-1,-1,-1
3683,12,2205.00,1171.00,56.00,80.00,7.4067,-1,-1,-1
3683,8,2069.00,891.00,79.00,89.00,7.3078,-1,-1,-1
3684,12,2205.00,1170.00,56.00,79.00,7.4425,-1,-1,-1
3684,8,2069.00,888.00,79.00,90.00,7.2721,-1,-1,-1
3685,12,2206.00,1169.00,55.00,78.00,7.4798,-1,-1,-1
3685,8,2070.00,888.00,76.00,86.00,7.2760,-1,-1,-1
3686,12,2206.00,1168.00,56.00,77.00,7.4914,-1,-1,-1
3686,8,2068.00,885.00,81.00,89.00,7.2963,-1,-1,-1
3687,12,2205.00,1167.00,57.00,76.00,7.4818,-1,-1,-1
3687,8,2069.00,884.00,80.00,87.00,7.3137,-1,-1,-1
3688,12,2205.00,1166.00,57.00,76.00,7.4278,-1,-1,-1
3688,8,2068.00,882.00,79.00,86.00,7.3292,-1,-1,-1
3689,8,2067.00,880.00,78.00,86.00,7.3341,-1,-1,-1
3689,12,2205.00,1164.00,56.00,76.00,7.3093,-1,-1,-1
3690,8,2068.00,878.00,80.00,87.00,7.3477,-1,-1,-1
3690,12,2203.00,1162.00,59.00,78.00,7.1716,-1,-1,-1
3691,8,2068.00,877.00,80.00,87.00,7.3665,-1,-1,-1
3691,12,2204.00,1158.00,56.00,78.00,7.1382,-1,-1,-1
3692,8,2067.00,875.00,82.00,88.00,7.3860,-1,-1,-1
3692,12,2204.00,1157.00,56.00,76.00,7.1348,-1,-1,-1
3693,8,2067.00,874.00,82.00,87.00,7.4035,-1,-1,-1
3693,12,2205.00,1154.00,53.00,77.00,7.1502,-1,-1,-1
3694,8,2065.00,872.00,84.00,88.00,7.4074,-1,-1,-1
3694,12,2205.00,1151.00,53.00,79.00,7.1641,-1,-1,-1
3695,8,2065.00,871.00,84.00,87.00,7.4168,-1,-1,-1
3695,12,2204.00,1149.00,53.00,79.00,7.1774,-1,-1,-1
3696,8,2065.00,869.00,81.00,87.00,7.4339,-1,-1,-1
3696,12,2203.00,1148.00,54.00,78.00,7.1941,-1,-1,-1
3697,8,2064.00,867.00,82.00,87.00,7.4503,-1,-1,-1
3697,12,2203.00,1147.00,54.00,75.00,7.2100,-1,-1,-1
3698,8,2064.00,865.00,81.00,86.00,7.4594,-1,-1,-1
3698,12,2201.00,1144.00,57.00,77.00,7.2599,-1,-1,-1
3699,8,2064.00,864.00,80.00,85.00,7.4293,-1,-1,-1
3699,12,2200.00,1142.00,58.00,77.00,7.3287,-1,-1,-1
3700,12,2200.00,1141.00,58.00,78.00,7.4131,-1,-1,-1
3700,8,2063.00,862.00,82.00,85.00,7.3600,-1,-1,-1
3701,12,2199.00,1139.00,59.00,79.00,7.4997,-1,-1,-1
3701,8,2062.00,860.00,81.00,85.00,7.3124,-1,-1,-1
3702,12,2198.00,1137.00,58.00,79.00,7.5636,-1,-1,-1
3702,8,2061.00,858.00,82.00,85.00,7.2627,-1,-1,-1
3703,12,2197.00,1134.00,59.00,80.00,7.5693,-1,-1,-1
3703,8,2059.00,856.00,81.00,83.00,7.2078,-1,-1,-1
3704,12,2198.00,1133.00,57.00,78.00,7.6147,-1,-1,-1
3704,8,2059.00,855.00,79.00,82.00,7.1800,-1,-1,-1
3705,12,2198.00,1131.00,57.00,77.00,7.6509,-1,-1,-1
3705,8,2059.00,853.00,77.00,82.00,7.1611,-1,-1,-1
3706,12,2197.00,1130.00,59.00,78.00,7.6918,-1,-1,-1
3706,8,2058.00,852.00,76.00,79.00,7.1730,-1,-1,-1
3707,12,2197.00,1129.00,59.00,76.00,7.7184,-1,-1,-1
3707,8,2057.00,850.00,77.00,82.00,7.1760,-1,-1,-1
3708,12,2196.00,1128.00,59.00,76.00,7.7195,-1,-1,-1
3708,8,2057.00,850.00,76.00,79.00,7.1721,-1,-1,-1
3709,12,2196.00,1126.00,59.00,78.00,7.7095,-1,-1,-1
3709,8,2056.00,848.00,77.00,82.00,7.1571,-1,-1,-1
3710,12,2196.00,1126.00,59.00,78.00,7.6814,-1,-1,-1
3710,8,2056.00,847.00,73.00,79.00,7.0982,-1,-1,-1
3711,12,2195.00,1124.00,59.00,79.00,7.6091,-1,-1,-1
3711,8,2054.00,844.00,75.00,83.00,7.0479,-1,-1,-1
3712,12,2195.00,1121.00,58.00,81.00,7.5774,-1,-1,-1
3712,8,2053.00,843.00,78.00,83.00,7.0258,-1,-1,-1
3713,12,2194.00,1119.00,58.00,82.00,7.5683,-1,-1,-1
3713,8,2053.00,841.00,79.00,84.00,7.0158,-1,-1,-1
3714,12,2193.00,1117.00,59.00,82.00,7.5467,-1,-1,-1
3714,8,2052.00,840.00,79.00,85.00,7.0320,-1,-1,-1
3715,12,2194.00,1114.00,57.00,82.00,7.5218,-1,-1,-1
3715,8,2051.00,839.00,82.00,85.00,7.0419,-1,-1,-1
3716,12,2194.00,1112.00,57.00,82.00,7.4994,-1,-1,-1
3716,8,2051.00,837.00,81.00,87.00,7.0519,-1,-1,-1
3717,12,2195.00,1111.00,55.00,80.00,7.4546,-1,-1,-1
3717,8,2051.00,836.00,81.00,86.00,7.0333,-1,-1,-1
3718,12,2194.00,1109.00,56.00,81.00,7.3927,-1,-1,-1
3718,8,2051.00,835.00,81.00,86.00,7.0293,-1,-1,-1
3719,12,2194.00,1107.00,56.00,82.00,7.3390,-1,-1,-1
3719,8,2052.00,835.00,78.00,81.00,7.0324,-1,-1,-1
3720,12,2195.00,1107.00,56.00,81.00,7.2679,-1,-1,-1
3720,8,2051.00,834.00,76.00,80.00,7.0369,-1,-1,-1
3721,12,2196.00,1107.00,55.00,80.00,7.2313,-1,-1,-1
3721,8,2050.00,832.00,77.00,81.00,7.0211,-1,-1,-1
3722,12,2196.00,1108.00,55.00,77.00,7.1952,-1,-1,-1
3722,8,2050.00,831.00,75.00,80.00,7.0068,-1,-1,-1
3723,12,2196.00,1108.00,55.00,75.00,7.1903,-1,-1,-1
3723,8,2049.00,829.00,76.00,79.00,6.9827,-1,-1,-1
3724,12,2196.00,1107.00,55.00,76.00,7.2131,-1,-1,-1
3724,8,2048.00,828.00,76.00,80.00,6.9389,-1,-1,-1
3725,12,2195.00,1106.00,56.00,76.00,7.2072,-1,-1,-1
3725,8,2048.00,826.00,75.00,81.00,6.9029,-1,-1,-1
3726,12,2193.00,1102.00,58.00,80.00,7.1743,-1,-1,-1
3726,8,2047.00,825.00,73.00,79.00,6.9349,-1,-1,-1
3727,12,2192.00,1101.00,58.00,80.00,7.1533,-1,-1,-1
3727,8,2047.00,825.00,74.00,77.00,6.9488,-1,-1,-1
3728,12,2192.00,1099.00,57.00,80.00,7.1515,-1,-1,-1
3728,8,2046.00,823.00,76.00,80.00,6.9513,-1,-1,-1
3729,12,2192.00,1098.00,57.00,80.00,7.1431,-1,-1,-1
3729,8,2044.00,822.00,81.00,80.00,6.9284,-1,-1,-1
3730,12,2192.00,1096.00,57.00,80.00,7.1435,-1,-1,-1
3730,8,2043.00,820.00,84.00,80.00,6.8685,-1,-1,-1
3731,12,2192.00,1094.00,57.00,80.00,7.1635,-1,-1,-1
3731,8,2043.00,820.00,80.00,79.00,6.8683,-1,-1,-1
3732,12,2192.00,1092.00,57.00,82.00,7.1877,-1,-1,-1
3732,8,2043.00,818.00,79.00,81.00,6.9152,-1,-1,-1
3733,12,2193.00,1091.00,57.00,81.00,7.2218,-1,-1,-1
3733,8,2041.00,816.00,81.00,82.00,6.9550,-1,-1,-1
3734,12,2191.00,1089.00,58.00,82.00,7.2644,-1,-1,-1
3734,8,2040.00,815.00,82.00,82.00,6.9987,-1,-1,-1
3735,12,2190.00,1087.00,58.00,81.00,7.2887,-1,-1,-1
3735,8,2040.00,814.00,78.00,80.00,7.0191,-1,-1,-1
3736,12,2190.00,1084.00,57.00,82.00,7.3000,-1,-1,-1
3736,8,2039.00,814.00,75.00,77.00,7.0222,-1,-1,-1
3737,12,2189.00,1084.00,58.00,81.00,7.3134,-1,-1,-1
3737,8,2038.00,813.00,75.00,78.00,7.0510,-1,-1,-1
3738,12,2189.00,1083.00,57.00,80.00,7.3011,-1,-1,-1
3738,8,2037.00,812.00,75.00,78.00,7.0874,-1,-1,-1
3739,12,2189.00,1083.00,58.00,80.00,7.2651,-1,-1,-1
3739,8,2036.00,811.00,74.00,78.00,7.1295,-1,-1,-1
3740,12,2189.00,1082.00,58.00,79.00,7.2313,-1,-1,-1
3740,8,2035.00,810.00,73.00,77.00,7.1850,-1,-1,-1
3741,8,2035.00,809.00,73.00,77.00,7.2246,-1,-1,-1
3741,12,2190.00,1081.00,56.00,78.00,7.2167,-1,-1,-1
3742,8,2033.00,807.00,76.00,78.00,7.2648,-1,-1,-1
3742,12,2188.00,1078.00,57.00,80.00,7.2220,-1,-1,-1
3743,8,2032.00,805.00,77.00,79.00,7.2972,-1,-1,-1
3743,12,2188.00,1078.00,57.00,79.00,7.2271,-1,-1,-1
3744,8,2031.00,804.00,79.00,80.00,7.3343,-1,-1,-1
3744,12,2187.00,1078.00,58.00,78.00,7.2099,-1,-1,-1
3745,8,2030.00,803.00,79.00,80.00,7.3603,-1,-1,-1
3745,12,2186.00,1075.00,60.00,82.00,7.1829,-1,-1,-1
3746,8,2029.00,802.00,80.00,80.00,7.3558,-1,-1,-1
3746,12,2185.00,1073.00,61.00,82.00,7.1988,-1,-1,-1
3747,8,2028.00,801.00,82.00,81.00,7.3378,-1,-1,-1
3747,12,2184.00,1073.00,62.00,81.00,7.2272,-1,-1,-1
3748,8,2027.00,801.00,83.00,80.00,7.2689,-1,-1,-1
3748,12,2183.00,1072.00,62.00,80.00,7.2635,-1,-1,-1
3749,12,2183.00,1072.00,61.00,79.00,7.3015,-1,-1,-1
3749,8,2027.00,800.00,81.00,78.00,7.1933,-1,-1,-1
3750,12,2182.00,1072.00,61.00,77.00,7.3304,-1,-1,-1
3750,8,2025.00,799.00,82.00,80.00,7.1387,-1,-1,-1
3751,12,2182.00,1071.00,61.00,78.00,7.3624,-1,-1,-1
3751,8,2024.00,798.00,83.00,81.00,7.0987,-1,-1,-1
3752,12,2182.00,1072.00,61.00,77.00,7.3950,-1,-1,-1
3752,8,2024.00,798.00,83.00,81.00,7.0679,-1,-1,-1
3753,12,2183.00,1072.00,59.00,77.00,7.4305,-1,-1,-1
3753,8,2023.00,797.00,84.00,82.00,7.0528,-1,-1,-1
3754,12,2183.00,1073.00,60.00,77.00,7.4654,-1,-1,-1
3754,8,2023.00,797.00,84.00,81.00,7.0568,-1,-1,-1
3755,12,2185.00,1073.00,58.00,79.00,7.4679,-1,-1,-1
3755,8,2021.00,796.00,87.00,82.00,7.0625,-1,-1,-1
3756,12,2186.00,1072.00,57.00,81.00,7.4624,-1,-1,-1
3756,8,2021.00,796.00,84.00,81.00,7.0502,-1,-1,-1
3757,12,2185.00,1072.00,58.00,82.00,7.4690,-1,-1,-1
3757,8,2022.00,796.00,80.00,81.00,7.0634,-1,-1,-1
3758,12,2185.00,1072.00,58.00,83.00,7.4824,-1,-1,-1
3758,8,2021.00,796.00,80.00,81.00,7.0617,-1,-1,-1
3759,12,2184.00,1071.00,58.00,84.00,7.4836,-1,-1,-1
3759,8,2021.00,796.00,81.00,81.00,7.0255,-1,-1,-1
3760,12,2184.00,1070.00,58.00,85.00,7.4675,-1,-1,-1
3760,8,2020.00,797.00,82.00,80.00,7.0181,-1,-1,-1
3761,12,2183.00,1071.00,58.00,81.00,7.4304,-1,-1,-1
3761,8,2020.00,797.00,80.00,79.00,7.0430,-1,-1,-1
3762,12,2183.00,1071.00,57.00,80.00,7.4091,-1,-1,-1
3762,8,2019.00,798.00,80.00,77.00,7.0729,-1,-1,-1
3763,12,2183.00,1071.00,57.00,78.00,7.3858,-1,-1,-1
3763,8,2018.00,798.00,82.00,78.00,7.1016,-1,-1,-1
3764,12,2183.00,1071.00,57.00,79.00,7.3682,-1,-1,-1
3764,8,2018.00,797.00,81.00,79.00,7.1559,-1,-1,-1
3765,12,2183.00,1071.00,57.00,78.00,7.3348,-1,-1,-1
3765,8,2018.00,797.00,80.00,78.00,7.2085,-1,-1,-1
3766,12,2183.00,1070.00,58.00,79.00,7.3217,-1,-1,-1
3766,8,2017.00,796.00,80.00,80.00,7.2798,-1,-1,-1
3767,8,2017.00,796.00,78.00,79.00,7.3487,-1,-1,-1
3767,12,2183.00,1070.00,58.00,79.00,7.3182,-1,-1,-1
3768,8,2016.00,796.00,78.00,79.00,7.4090,-1,-1,-1
3768,12,2182.00,1069.00,60.00,80.00,7.3120,-1,-1,-1
3769,8,2016.00,796.00,78.00,79.00,7.4661,-1,-1,-1
3769,12,2182.00,1070.00,60.00,80.00,7.3122,-1,-1,-1
3770,8,2015.00,796.00,78.00,81.00,7.5278,-1,-1,-1
3770,12,2182.00,1070.00,59.00,79.00,7.3003,-1,-1,-1
3771,8,2014.00,795.00,80.00,82.00,7.5847,-1,-1,-1
3771,12,2182.00,1070.00,58.00,78.00,7.2817,-1,-1,-1
3772,8,2013.00,795.00,80.00,80.00,7.6293,-1,-1,-1
3772,12,2181.00,1070.00,59.00,78.00,7.2764,-1,-1,-1
3773,8,2012.00,795.00,80.00,80.00,7.6685,-1,-1,-1
3773,12,2181.00,1071.00,59.00,75.00,7.2675,-1,-1,-1
3774,8,2011.00,795.00,80.00,80.00,7.7010,-1,-1,-1
3774,12,2181.00,1071.00,59.00,75.00,7.2591,-1,-1,-1
3775,8,2010.00,795.00,82.00,80.00,7.7264,-1,-1,-1
3775,12,2181.00,1071.00,59.00,76.00,7.2488,-1,-1,-1
3776,8,2009.00,796.00,84.00,80.00,7.7598,-1,-1,-1
3776,12,2181.00,1071.00,59.00,77.00,7.2317,-1,-1,-1
3777,8,2008.00,796.00,85.00,81.00,7.7929,-1,-1,-1
3777,12,2180.00,1071.00,59.00,76.00,7.1936,-1,-1,-1
3778,8,2007.00,796.00,85.00,81.00,7.7980,-1,-1,-1
3778,12,2180.00,1071.00,59.00,76.00,7.1597,-1,-1,-1
3779,8,2007.00,797.00,83.00,80.00,7.7916,-1,-1,-1
3779,12,2180.00,1070.00,58.00,78.00,7.1753,-1,-1,-1
3780,8,2006.00,797.00,84.00,80.00,7.7814,-1,-1,-1
3780,12,2179.00,1069.00,58.00,79.00,7.2142,-1,-1,-1
3781,8,2005.00,797.00,84.00,81.00,7.7448,-1,-1,-1
3781,12,2178.00,1069.00,58.00,77.00,7.2868,-1,-1,-1
3782,8,2004.00,796.00,85.00,83.00,7.7108,-1,-1,-1
3782,12,2179.00,1070.00,57.00,77.00,7.3232,-1,-1,-1
3783,8,2003.00,796.00,87.00,83.00,7.6849,-1,-1,-1
3783,12,2179.00,1070.00,58.00,80.00,7.3110,-1,-1,-1
3784,8,2002.00,795.00,87.00,85.00,7.6467,-1,-1,-1
3784,12,2179.00,1071.00,58.00,79.00,7.2723,-1,-1,-1
3785,8,2002.00,796.00,84.00,83.00,7.5823,-1,-1,-1
3785,12,2179.00,1071.00,57.00,80.00,7.2483,-1,-1,-1
3786,8,2001.00,797.00,86.00,84.00,7.5352,-1,-1,-1
3786,12,2178.00,1072.00,59.00,80.00,7.2196,-1,-1,-1
3787,8,2000.00,795.00,86.00,88.00,7.4763,-1,-1,-1
3787,12,2177.00,1073.00,60.00,80.00,7.2388,-1,-1,-1
3788,8,1999.00,795.00,86.00,88.00,7.4121,-1,-1,-1
3788,12,2177.00,1073.00,60.00,80.00,7.2324,-1,-1,-1
3789,8,1999.00,795.00,86.00,90.00,7.3098,-1,-1,-1
3789,12,2177.00,1074.00,60.00,79.00,7.2483,-1,-1,-1
3790,12,2177.00,1075.00,60.00,77.00,7.2674,-1,-1,-1
3790,8,1999.00,797.00,86.00,88.00,7.2424,-1,-1,-1
3791,12,2176.00,1075.00,62.00,80.00,7.2774,-1,-1,-1
3791,8,2000.00,799.00,84.00,87.00,7.2132,-1,-1,-1
3792,12,2175.00,1074.00,61.00,79.00,7.3018,-1,-1,-1
3792,8,1998.00,800.00,83.00,86.00,7.2001,-1,-1,-1
3793,12,2175.00,1074.00,61.00,80.00,7.3027,-1,-1,-1
3793,8,1998.00,801.00,84.00,86.00,7.2141,-1,-1,-1
3794,12,2173.00,1075.00,65.00,81.00,7.3466,-1,-1,-1
3794,8,1997.00,802.00,85.00,85.00,7.2352,-1,-1,-1
3795,12,2172.00,1076.00,64.00,80.00,7.3883,-1,-1,-1
3795,8,1997.00,803.00,86.00,85.00,7.2631,-1,-1,-1
3796,12,2173.00,1078.00,62.00,77.00,7.4298,-1,-1,-1
3796,8,1997.00,804.00,85.00,86.00,7.3016,-1,-1,-1
3797,12,2173.00,1080.00,60.00,73.00,7.4553,-1,-1,-1
3797,8,1996.00,805.00,87.00,89.00,7.3563,-1,-1,-1
3798,12,2173.00,1081.00,57.00,73.00,7.4638,-1,-1,-1
3798,8,1995.00,806.00,88.00,89.00,7.4146,-1,-1,-1
3799,12,2173.00,1083.00,58.00,73.00,7.5111,-1,-1,-1
3799,8,1995.00,807.00,88.00,89.00,7.4661,-1,-1,-1
3800,12,2172.00,1083.00,60.00,76.00,7.5611,-1,-1,-1
3800,8,1994.00,808.00,87.00,89.00,7.4911,-1,-1,-1
3801,12,2171.00,1084.00,60.00,76.00,7.6029,-1,-1,-1
3801,8,1992.00,809.00,87.00,86.00,7.5026,-1,-1,-1
3802,12,2171.00,1085.00,60.00,76.00,7.6230,-1,-1,-1
3802,8,1994.00,811.00,83.00,85.00,7.4825,-1,-1,-1
3803,12,2170.00,1086.00,62.00,76.00,7.6242,-1,-1,-1
3803,8,1992.00,811.00,85.00,87.00,7.4645,-1,-1,-1
3804,12,2170.00,1089.00,62.00,75.00,7.5946,-1,-1,-1
3804,8,1991.00,813.00,80.00,83.00,7.4440,-1,-1,-1
3805,12,2172.00,1089.00,59.00,78.00,7.5740,-1,-1,-1
3805,8,1991.00,814.00,82.00,85.00,7.4474,-1,-1,-1
3806,12,2172.00,1092.00,59.00,75.00,7.5822,-1,-1,-1
3806,8,1989.00,814.00,84.00,88.00,7.4880,-1,-1,-1
3807,12,2172.00,1093.00,58.00,75.00,7.6038,-1,-1,-1
3807,8,1988.00,816.00,82.00,85.00,7.5534,-1,-1,-1
3808,12,2167.00,1097.00,67.00,69.00,7.7396,-1,-1,-1
3808,8,1988.00,817.00,85.00,86.00,7.6167,-1,-1,-1
3809,12,2166.00,1099.00,67.00,69.00,7.8542,-1,-1,-1
3809,8,1988.00,819.00,82.00,85.00,7.6560,-1,-1,-1
3810,12,2173.00,1098.00,55.00,75.00,7.7562,-1,-1,-1
3810,8,1987.00,823.00,82.00,84.00,7.6725,-1,-1,-1
3811,12,2166.00,1103.00,67.00,69.00,7.8003,-1,-1,-1
3811,8,1985.00,825.00,85.00,84.00,7.6733,-1,-1,-1
3812,12,2171.00,1102.00,57.00,75.00,7.6990,-1,-1,-1
3812,8,1984.00,827.00,82.00,79.00,7.6574,-1,-1,-1
3813,12,2171.00,1105.00,57.00,75.00,7.6897,-1,-1,-1
3813,8,1982.00,827.00,85.00,80.00,7.6377,-1,-1,-1
3814,12,2167.00,1108.00,67.00,68.00,7.8308,-1,-1,-1
3814,8,1983.00,829.00,84.00,83.00,7.5700,-1,-1,-1
3815,12,2166.00,1110.00,67.00,69.00,7.9546,-1,-1,-1
3815,8,1982.00,830.00,85.00,83.00,7.5058,-1,-1,-1
3816,12,2165.00,1110.00,67.00,69.00,8.0513,-1,-1,-1
3816,8,1981.00,832.00,83.00,81.00,7.4863,-1,-1,-1
3817,12,2165.00,1111.00,67.00,70.00,8.1283,-1,-1,-1
3817,8,1978.00,834.00,84.00,80.00,7.4734,-1,-1,-1
3818,12,2169.00,1111.00,58.00,78.00,8.0529,-1,-1,-1
3818,8,1978.00,836.00,83.00,80.00,7.4791,-1,-1,-1
3819,12,2168.00,1113.00,60.00,79.00,8.0063,-1,-1,-1
3819,8,1976.00,838.00,84.00,81.00,7.4857,-1,-1,-1
3820,12,2164.00,1118.00,69.00,73.00,8.1056,-1,-1,-1
3820,8,1975.00,839.00,84.00,82.00,7.4751,-1,-1,-1
3821,12,2164.00,1126.00,69.00,72.00,8.1370,-1,-1,-1
3821,8,1973.00,840.00,85.00,84.00,7.4191,-1,-1,-1
3822,12,2164.00,1119.00,64.00,84.00,8.0168,-1,-1,-1
3822,8,1973.00,841.00,83.00,84.00,7.3257,-1,-1,-1
3823,12,2161.00,1131.00,72.00,75.00,8.0578,-1,-1,-1
3823,8,1970.00,844.00,88.00,86.00,7.2490,-1,-1,-1
3824,12,2163.00,1135.00,70.00,70.00,8.1029,-1,-1,-1
3824,8,1971.00,847.00,86.00,86.00,7.2367,-1,-1,-1
3825,12,2165.00,1129.00,63.00,78.00,8.0319,-1,-1,-1
3825,8,1971.00,849.00,86.00,86.00,7.2366,-1,-1,-1
3826,12,2162.00,1129.00,64.00,82.00,7.9772,-1,-1,-1
3826,8,1970.00,851.00,87.00,87.00,7.2615,-1,-1,-1
3827,12,2163.00,1132.00,64.00,83.00,7.9523,-1,-1,-1
3827,8,1970.00,854.00,90.00,86.00,7.2885,-1,-1,-1
3828,12,2161.00,1136.00,66.00,83.00,7.9440,-1,-1,-1
3828,8,1969.00,857.00,88.00,88.00,7.2944,-1,-1,-1
3829,12,2161.00,1137.00,66.00,87.00,7.9096,-1,-1,-1
3829,8,1966.00,860.00,88.00,90.00,7.2902,-1,-1,-1
3830,12,2158.00,1143.00,69.00,83.00,7.8583,-1,-1,-1
3830,8,1965.00,861.00,88.00,92.00,7.3559,-1,-1,-1
3831,12,2159.00,1144.00,66.00,84.00,7.7953,-1,-1,-1
3831,8,1964.00,864.00,89.00,88.00,7.4112,-1,-1,-1
3832,12,2158.00,1146.00,68.00,83.00,7.7682,-1,-1,-1
3832,8,1964.00,868.00,87.00,86.00,7.4522,-1,-1,-1
3833,12,2159.00,1150.00,66.00,81.00,7.7661,-1,-1,-1
3833,8,1962.00,873.00,91.00,84.00,7.4448,-1,-1,-1
3834,12,2159.00,1153.00,67.00,83.00,7.7757,-1,-1,-1
3834,8,1962.00,874.00,90.00,85.00,7.4269,-1,-1,-1
3835,12,2157.00,1157.00,69.00,82.00,7.7578,-1,-1,-1
3835,8,1961.00,877.00,92.00,83.00,7.3790,-1,-1,-1
3836,12,2157.00,1159.00,68.00,84.00,7.7409,-1,-1,-1
3836,8,1960.00,880.00,99.00,85.00,7.2881,-1,-1,-1
3837,12,2158.00,1164.00,68.00,81.00,7.7092,-1,-1,-1
3837,8,1960.00,883.00,92.00,82.00,7.1762,-1,-1,-1
3838,12,2158.00,1165.00,65.00,82.00,7.6993,-1,-1,-1
3838,8,1960.00,883.00,91.00,87.00,7.1367,-1,-1,-1
3839,12,2158.00,1167.00,64.00,82.00,7.6932,-1,-1,-1
3839,8,1961.00,886.00,91.00,87.00,7.2016,-1,-1,-1
3840,12,2159.00,1169.00,62.00,82.00,7.7124,-1,-1,-1
3840,8,1960.00,889.00,92.00,88.00,7.2911,-1,-1,-1
3841,12,2158.00,1171.00,64.00,82.00,7.7276,-1,-1,-1
3841,8,1959.00,891.00,88.00,84.00,7.3565,-1,-1,-1
3842,12,2159.00,1173.00,63.00,80.00,7.7348,-1,-1,-1
3842,8,1957.00,894.00,92.00,84.00,7.3889,-1,-1,-1
3843,12,2158.00,1175.00,64.00,78.00,7.7534,-1,-1,-1
3843,8,1957.00,895.00,93.00,85.00,7.4046,-1,-1,-1
3844,12,2158.00,1178.00,65.00,78.00,7.7734,-1,-1,-1
3844,8,1955.00,898.00,93.00,83.00,7.3871,-1,-1,-1
3845,12,2157.00,1180.00,65.00,79.00,7.7664,-1,-1,-1
3845,8,1955.00,900.00,92.00,80.00,7.3419,-1,-1,-1
3846,12,2157.00,1180.00,64.00,81.00,7.7333,-1,-1,-1
3846,8,1952.00,901.00,99.00,82.00,7.2633,-1,-1,-1
3847,12,2158.00,1183.00,62.00,79.00,7.6662,-1,-1,-1
3847,8,1951.00,903.00,92.00,80.00,7.2972,-1,-1,-1
3848,12,2156.00,1183.00,63.00,79.00,7.5884,-1,-1,-1
3848,8,1951.00,905.00,91.00,80.00,7.3069,-1,-1,-1
3849,12,2157.00,1184.00,61.00,77.00,7.5017,-1,-1,-1
3849,8,1949.00,906.00,92.00,77.00,7.3171,-1,-1,-1
3850,12,2156.00,1184.00,62.00,78.00,7.4161,-1,-1,-1
3850,8,1947.00,907.00,95.00,76.00,7.3305,-1,-1,-1
3851,8,1947.00,907.00,93.00,77.00,7.3592,-1,-1,-1
3851,12,2155.00,1184.00,62.00,78.00,7.3180,-1,-1,-1
3852,8,1944.00,906.00,95.00,78.00,7.3779,-1,-1,-1
3852,12,2152.00,1185.00,66.00,80.00,7.1866,-1,-1,-1
3853,8,1944.00,906.00,95.00,79.00,7.3936,-1,-1,-1
3853,12,2150.00,1185.00,68.00,82.00,7.0898,-1,-1,-1
3854,8,1943.00,905.00,94.00,82.00,7.3979,-1,-1,-1
3854,12,2149.00,1184.00,69.00,82.00,7.0216,-1,-1,-1
3855,8,1943.00,906.00,93.00,82.00,7.4003,-1,-1,-1
3855,12,2149.00,1185.00,68.00,81.00,7.0137,-1,-1,-1
3856,8,1942.00,905.00,96.00,84.00,7.4006,-1,-1,-1
3856,12,2149.00,1185.00,66.00,80.00,7.0101,-1,-1,-1
3857,8,1944.00,906.00,88.00,81.00,7.3351,-1,-1,-1
3857,12,2149.00,1185.00,65.00,80.00,7.0340,-1,-1,-1
3858,8,1941.00,904.00,85.00,82.00,7.2349,-1,-1,-1
3858,12,2147.00,1184.00,67.00,83.00,7.0903,-1,-1,-1
3859,8,1940.00,903.00,87.00,83.00,7.1460,-1,-1,-1
3859,12,2145.00,1183.00,69.00,84.00,7.1446,-1,-1,-1
3860,12,2146.00,1182.00,68.00,85.00,7.1741,-1,-1,-1
3860,8,1939.00,904.00,89.00,82.00,7.0812,-1,-1,-1
3861,12,2147.00,1184.00,66.00,82.00,7.1928,-1,-1,-1
3861,8,1940.00,903.00,87.00,84.00,7.0321,-1,-1,-1
3862,12,2146.00,1183.00,64.00,83.00,7.2212,-1,-1,-1
3862,8,1940.00,902.00,86.00,86.00,7.0044,-1,-1,-1
3863,12,2146.00,1183.00,64.00,82.00,7.2563,-1,-1,-1
3863,8,1940.00,903.00,84.00,85.00,6.9892,-1,-1,-1
3864,12,2146.00,1184.00,65.00,81.00,7.2901,-1,-1,-1
3864,8,1939.00,903.00,86.00,84.00,6.9645,-1,-1,-1
3865,12,2146.00,1182.00,63.00,81.00,7.3182,-1,-1,-1
3865,8,1937.00,903.00,88.00,83.00,6.9351,-1,-1,-1
3866,12,2146.00,1182.00,62.00,81.00,7.3559,-1,-1,-1
3866,8,1936.00,904.00,88.00,80.00,6.8802,-1,-1,-1
3867,12,2146.00,1182.00,62.00,81.00,7.3846,-1,-1,-1
3867,8,1935.00,904.00,89.00,80.00,6.8292,-1,-1,-1
3868,12,2146.00,1182.00,61.00,80.00,7.4102,-1,-1,-1
3868,8,1934.00,904.00,92.00,81.00,6.7834,-1,-1,-1
3869,12,2145.00,1181.00,63.00,81.00,7.4418,-1,-1,-1
3869,8,1933.00,903.00,93.00,82.00,6.7449,-1,-1,-1
3870,12,2144.00,1181.00,63.00,82.00,7.4817,-1,-1,-1
3870,8,1932.00,903.00,94.00,83.00,6.7064,-1,-1,-1
3871,12,2143.00,1180.00,63.00,82.00,7.5084,-1,-1,-1
3871,8,1930.00,903.00,94.00,82.00,6.6466,-1,-1,-1
3872,12,2143.00,1179.00,63.00,83.00,7.5343,-1,-1,-1
3872,8,1929.00,902.00,96.00,83.00,6.6127,-1,-1,-1
3873,12,2141.00,1177.00,64.00,84.00,7.5526,-1,-1,-1
3873,8,1928.00,902.00,97.00,82.00,6.6051,-1,-1,-1
3874,12,2141.00,1176.00,64.00,84.00,7.5495,-1,-1,-1
3874,8,1930.00,902.00,93.00,81.00,6.6149,-1,-1,-1
3875,12,2141.00,1176.00,63.00,82.00,7.5195,-1,-1,-1
3875,8,1929.00,901.00,94.00,82.00,6.6363,-1,-1,-1
3876,12,2140.00,1175.00,64.00,82.00,7.4898,-1,-1,-1
3876,8,1928.00,900.00,94.00,83.00,6.6887,-1,-1,-1
3877,12,2139.00,1174.00,64.00,81.00,7.4669,-1,-1,-1
3877,8,1927.00,899.00,96.00,83.00,6.7438,-1,-1,-1
3878,12,2139.00,1173.00,64.00,81.00,7.4487,-1,-1,-1
3878,8,1925.00,899.00,98.00,83.00,6.7911,-1,-1,-1
3879,12,2139.00,1173.00,63.00,81.00,7.4347,-1,-1,-1
3879,8,1925.00,899.00,97.00,83.00,6.8420,-1,-1,-1
3880,12,2138.00,1173.00,63.00,79.00,7.4213,-1,-1,-1
3880,8,1923.00,899.00,98.00,82.00,6.8631,-1,-1,-1
3881,12,2138.00,1172.00,63.00,78.00,7.4137,-1,-1,-1
3881,8,1922.00,899.00,100.00,82.00,6.8873,-1,-1,-1
3882,12,2137.00,1170.00,63.00,80.00,7.3896,-1,-1,-1
3882,8,1921.00,900.00,102.00,81.00,6.9227,-1,-1,-1
3883,12,2137.00,1170.00,62.00,80.00,7.3751,-1,-1,-1
3883,8,1920.00,900.00,104.00,80.00,6.9449,-1,-1,-1
3884,12,2137.00,1170.00,62.00,81.00,7.3796,-1,-1,-1
3884,8,1920.00,901.00,103.00,79.00,6.9560,-1,-1,-1
3885,12,2136.00,1168.00,63.00,84.00,7.3890,-1,-1,-1
3885,8,1920.00,901.00,103.00,78.00,6.9266,-1,-1,-1
3886,12,2135.00,1168.00,64.00,83.00,7.4230,-1,-1,-1
3886,8,1918.00,900.00,108.00,80.00,6.8869,-1,-1,-1
3887,12,2134.00,1169.00,64.00,80.00,7.4414,-1,-1,-1
3887,8,1916.00,901.00,111.00,80.00,6.8383,-1,-1,-1
3888,12,2132.00,1170.00,66.00,80.00,7.4741,-1,-1,-1
3888,8,1913.00,901.00,109.00,78.00,6.7431,-1,-1,-1
3889,12,2130.00,1169.00,69.00,81.00,7.5144,-1,-1,-1
3889,8,1913.00,902.00,105.00,76.00,6.6528,-1,-1,-1
3890,12,2130.00,1169.00,68.00,80.00,7.5474,-1,-1,-1
3890,8,1912.00,902.00,99.00,76.00,6.5847,-1,-1,-1
3891,12,2129.00,1169.00,68.00,79.00,7.5660,-1,-1,-1
3891,8,1909.00,901.00,102.00,78.00,6.5476,-1,-1,-1
3892,12,2130.00,1169.00,66.00,80.00,7.5765,-1,-1,-1
3892,8,1908.00,901.00,98.00,78.00,6.5816,-1,-1,-1
3893,12,2130.00,1169.00,66.00,80.00,7.5945,-1,-1,-1
3893,8,1908.00,901.00,97.00,80.00,6.6196,-1,-1,-1
3894,12,2129.00,1169.00,66.00,80.00,7.6113,-1,-1,-1
3894,8,1908.00,901.00,98.00,82.00,6.6173,-1,-1,-1
3895,12,2128.00,1169.00,67.00,80.00,7.6198,-1,-1,-1
3895,8,1907.00,902.00,100.00,83.00,6.5660,-1,-1,-1
3896,12,2127.00,1169.00,68.00,80.00,7.6192,-1,-1,-1
3896,8,1906.00,902.00,104.00,83.00,6.5130,-1,-1,-1
3897,12,2126.00,1169.00,70.00,79.00,7.6125,-1,-1,-1
3897,8,1905.00,903.00,100.00,82.00,6.4604,-1,-1,-1
3898,12,2126.00,1169.00,70.00,78.00,7.5964,-1,-1,-1
3898,8,1904.00,903.00,103.00,80.00,6.4042,-1,-1,-1
3899,12,2126.00,1169.00,69.00,79.00,7.5730,-1,-1,-1
3899,8,1903.00,903.00,106.00,81.00,6.3293,-1,-1,-1
3900,12,2125.00,1168.00,70.00,80.00,7.5484,-1,-1,-1
3900,8,1902.00,905.00,110.00,80.00,6.2584,-1,-1,-1
3901,12,2124.00,1168.00,69.00,80.00,7.5052,-1,-1,-1
3901,8,1901.00,905.00,110.00,81.00,6.1925,-1,-1,-1
3902,12,2124.00,1168.00,69.00,80.00,7.4664,-1,-1,-1
3902,8,1900.00,905.00,108.00,81.00,6.1443,-1,-1,-1
3903,12,2124.00,1168.00,69.00,80.00,7.4463,-1,-1,-1
3903,8,1899.00,905.00,108.00,81.00,6.0519,-1,-1,-1
3904,12,2124.00,1168.00,69.00,80.00,7.4339,-1,-1,-1
3904,8,1898.00,905.00,111.00,81.00,5.9742,-1,-1,-1
3905,12,2123.00,1168.00,70.00,82.00,7.4260,-1,-1,-1
3905,8,1896.00,906.00,111.00,79.00,5.9459,-1,-1,-1
3906,12,2123.00,1168.00,69.00,81.00,7.4081,-1,-1,-1
3906,8,1895.00,906.00,108.00,79.00,5.9832,-1,-1,-1
3907,12,2123.00,1168.00,68.00,81.00,7.3865,-1,-1,-1
3907,8,1896.00,906.00,112.00,79.00,5.9043,-1,-1,-1
3908,12,2123.00,1168.00,66.00,80.00,7.3650,-1,-1,-1
3908,8,1894.00,905.00,111.00,82.00,5.8888,-1,-1,-1
3909,12,2122.00,1168.00,67.00,81.00,7.3457,-1,-1,-1
3909,8,1893.00,906.00,111.00,81.00,5.9245,-1,-1,-1
3910,12,2122.00,1168.00,67.00,81.00,7.3156,-1,-1,-1
3910,8,1892.00,906.00,113.00,80.00,5.9405,-1,-1,-1
3911,12,2122.00,1167.00,66.00,82.00,7.3028,-1,-1,-1
3911,8,1890.00,907.00,123.00,80.00,5.8988,-1,-1,-1
3912,12,2120.00,1168.00,68.00,80.00,7.2903,-1,-1,-1
3912,8,1889.00,907.00,126.00,82.00,5.8649,-1,-1,-1
3913,12,2120.00,1167.00,67.00,79.00,7.2784,-1,-1,-1
3913,8,1888.00,908.00,131.00,80.00,5.8551,-1,-1,-1
3914,12,2120.00,1166.00,64.00,78.00,7.2806,-1,-1,-1
3914,8,1887.00,909.00,132.00,80.00,5.8755,-1,-1,-1
3915,12,2119.00,1167.00,66.00,81.00,7.2689,-1,-1,-1
3915,8,1886.00,909.00,127.00,79.00,5.9141,-1,-1,-1
3916,12,2118.00,1168.00,67.00,80.00,7.2936,-1,-1,-1
3916,8,1886.00,910.00,112.00,76.00,5.9277,-1,-1,-1
3917,12,2117.00,1167.00,69.00,81.00,7.3205,-1,-1,-1
3917,8,1884.00,909.00,114.00,77.00,5.9609,-1,-1,-1
3918,12,2117.00,1166.00,66.00,81.00,7.3504,-1,-1,-1
3918,8,1883.00,909.00,118.00,78.00,5.9551,-1,-1,-1
3919,12,2117.00,1166.00,65.00,82.00,7.3670,-1,-1,-1
3919,8,1882.00,909.00,113.00,78.00,5.9175,-1,-1,-1
3920,12,2117.00,1166.00,65.00,82.00,7.3979,-1,-1,-1
3920,8,1880.00,909.00,109.00,78.00,5.9102,-1,-1,-1
3921,12,2115.00,1167.00,66.00,82.00,7.4179,-1,-1,-1
3921,8,1879.00,911.00,109.00,75.00,5.8700,-1,-1,-1
3922,12,2114.00,1169.00,67.00,81.00,7.4266,-1,-1,-1
3922,8,1878.00,912.00,110.00,77.00,5.8270,-1,-1,-1
3923,12,2113.00,1170.00,69.00,82.00,7.4368,-1,-1,-1
3923,8,1877.00,914.00,112.00,75.00,5.8664,-1,-1,-1
3924,12,2112.00,1171.00,70.00,82.00,7.4503,-1,-1,-1
3924,8,1875.00,916.00,115.00,73.00,5.9622,-1,-1,-1
3925,12,2112.00,1172.00,70.00,81.00,7.4646,-1,-1,-1
3925,8,1874.00,917.00,110.00,74.00,6.1046,-1,-1,-1
3926,12,2113.00,1175.00,68.00,80.00,7.4855,-1,-1,-1
3926,8,1872.00,918.00,110.00,74.00,6.0621,-1,-1,-1
3927,12,2114.00,1175.00,67.00,80.00,7.4952,-1,-1,-1
3927,8,1870.00,919.00,109.00,73.00,6.0008,-1,-1,-1
3928,12,2114.00,1176.00,66.00,79.00,7.4930,-1,-1,-1
3928,8,1868.00,920.00,105.00,71.00,5.9365,-1,-1,-1
3929,12,2115.00,1179.00,65.00,77.00,7.4896,-1,-1,-1
3929,8,1867.00,921.00,108.00,71.00,5.9391,-1,-1,-1
3930,12,2114.00,1179.00,66.00,78.00,7.5129,-1,-1,-1
3930,8,1867.00,922.00,107.00,73.00,5.9861,-1,-1,-1
3931,12,2115.00,1180.00,65.00,78.00,7.5605,-1,-1,-1
3931,8,1867.00,925.00,104.00,73.00,6.0964,-1,-1,-1
3932,12,2115.00,1183.00,67.00,79.00,7.6159,-1,-1,-1
3932,8,1868.00,925.00,109.00,73.00,6.1546,-1,-1,-1
3933,12,2115.00,1185.00,68.00,80.00,7.6480,-1,-1,-1
3933,8,1869.00,928.00,103.00,71.00,6.1975,-1,-1,-1
3934,12,2115.00,1187.00,69.00,82.00,7.6702,-1,-1,-1
3934,8,1868.00,931.00,100.00,69.00,6.2929,-1,-1,-1
3935,12,2114.00,1188.00,70.00,82.00,7.6732,-1,-1,-1
3935,8,1867.00,933.00,99.00,69.00,6.4578,-1,-1,-1
3936,12,2114.00,1189.00,69.00,81.00,7.6796,-1,-1,-1
3936,8,1867.00,934.00,97.00,68.00,6.6097,-1,-1,-1
3937,12,2113.00,1190.00,66.00,79.00,7.6751,-1,-1,-1
3937,8,1866.00,936.00,98.00,67.00,6.6963,-1,-1,-1
3938,12,2108.00,1193.00,74.00,72.00,7.8024,-1,-1,-1
3938,8,1864.00,938.00,94.00,66.00,6.7459,-1,-1,-1
3939,12,2108.00,1196.00,74.00,70.00,7.8899,-1,-1,-1
3939,8,1863.00,939.00,94.00,66.00,6.7723,-1,-1,-1
3940,12,2108.00,1198.00,73.00,69.00,7.9614,-1,-1,-1
3940,8,1862.00,940.00,95.00,66.00,6.7811,-1,-1,-1
3941,12,2107.00,1199.00,74.00,70.00,8.0178,-1,-1,-1
3941,8,1859.00,940.00,108.00,71.00,6.8586,-1,-1,-1
3942,12,2106.00,1199.00,75.00,70.00,8.0703,-1,-1,-1
3942,8,1859.00,942.00,98.00,70.00,6.9221,-1,-1,-1
3943,12,2106.00,1199.00,74.00,70.00,8.1207,-1,-1,-1
3943,8,1857.00,942.00,99.00,68.00,6.9673,-1,-1,-1
3944,12,2106.00,1200.00,75.00,71.00,8.1916,-1,-1,-1
3944,8,1855.00,942.00,103.00,70.00,7.0275,-1,-1,-1
3945,12,2105.00,1200.00,76.00,70.00,8.2359,-1,-1,-1
3945,8,1855.00,944.00,106.00,66.00,7.0589,-1,-1,-1
3946,12,2103.00,1199.00,77.00,73.00,8.2767,-1,-1,-1
3946,8,1853.00,944.00,103.00,68.00,7.0839,-1,-1,-1
3947,12,2103.00,1200.00,76.00,71.00,8.3016,-1,-1,-1
3947,8,1850.00,944.00,106.00,68.00,7.0840,-1,-1,-1
3948,12,2105.00,1195.00,68.00,79.00,8.1782,-1,-1,-1
3948,8,1849.00,944.00,106.00,68.00,7.0827,-1,-1,-1
3949,12,2105.00,1195.00,69.00,80.00,8.0839,-1,-1,-1
3949,8,1849.00,945.00,109.00,68.00,7.0583,-1,-1,-1
3950,12,2104.00,1194.00,69.00,83.00,7.9968,-1,-1,-1
3950,8,1848.00,945.00,110.00,69.00,7.0304,-1,-1,-1
3951,12,2102.00,1194.00,73.00,84.00,7.9376,-1,-1,-1
3951,8,1843.00,944.00,113.00,70.00,7.0220,-1,-1,-1
3952,12,2101.00,1194.00,75.00,85.00,7.8923,-1,-1,-1
3952,8,1841.00,943.00,114.00,71.00,7.0187,-1,-1,-1
3953,12,2101.00,1194.00,74.00,85.00,7.8547,-1,-1,-1
3953,8,1844.00,944.00,109.00,69.00,6.9953,-1,-1,-1
3954,12,2101.00,1195.00,73.00,83.00,7.8169,-1,-1,-1
3954,8,1843.00,943.00,109.00,69.00,7.0058,-1,-1,-1
3955,12,2101.00,1194.00,73.00,84.00,7.7778,-1,-1,-1
3955,8,1843.00,943.00,107.00,69.00,7.0168,-1,-1,-1
3956,12,2100.00,1194.00,73.00,83.00,7.7518,-1,-1,-1
3956,8,1842.00,943.00,104.00,68.00,7.0123,-1,-1,-1
3957,12,2100.00,1193.00,72.00,83.00,7.7259,-1,-1,-1
3957,8,1841.00,943.00,104.00,67.00,6.9917,-1,-1,-1
3958,12,2099.00,1192.00,73.00,84.00,7.7027,-1,-1,-1
3958,8,1839.00,942.00,104.00,66.00,6.9574,-1,-1,-1
3959,12,2099.00,1191.00,72.00,85.00,7.6776,-1,-1,-1
3959,8,1838.00,941.00,106.00,69.00,6.9295,-1,-1,-1
3960,12,2098.00,1191.00,72.00,84.00,7.6379,-1,-1,-1
3960,8,1838.00,942.00,98.00,65.00,6.8490,-1,-1,-1
3961,12,2097.00,1191.00,72.00,84.00,7.6129,-1,-1,-1
3961,8,1836.00,942.00,96.00,64.00,6.7965,-1,-1,-1
3962,12,2097.00,1191.00,72.00,84.00,7.5935,-1,-1,-1
3962,8,1835.00,941.00,98.00,66.00,6.7642,-1,-1,-1
3963,12,2096.00,1190.00,74.00,86.00,7.5752,-1,-1,-1
3963,8,1833.00,940.00,103.00,68.00,6.7235,-1,-1,-1
3964,12,2097.00,1191.00,72.00,83.00,7.5643,-1,-1,-1
3964,8,1832.00,940.00,106.00,68.00,6.6877,-1,-1,-1
3965,12,2097.00,1192.00,71.00,83.00,7.5606,-1,-1,-1
3965,8,1832.00,941.00,103.00,68.00,6.6584,-1,-1,-1
3966,12,2097.00,1192.00,69.00,82.00,7.5366,-1,-1,-1
3966,8,1831.00,942.00,103.00,66.00,6.6149,-1,-1,-1
3967,12,2096.00,1193.00,70.00,81.00,7.5251,-1,-1,-1
3967,8,1831.00,942.00,101.00,66.00,6.5893,-1,-1,-1
3968,12,2097.00,1194.00,68.00,79.00,7.5191,-1,-1,-1
3968,8,1828.00,941.00,103.00,67.00,6.5652,-1,-1,-1
3969,12,2096.00,1194.00,68.00,79.00,7.5154,-1,-1,-1
3969,8,1828.00,942.00,96.00,65.00,6.6148,-1,-1,-1
3970,12,2096.00,1193.00,68.00,80.00,7.5202,-1,-1,-1
3970,8,1827.00,942.00,96.00,66.00,6.6973,-1,-1,-1
3971,12,2096.00,1194.00,68.00,79.00,7.5147,-1,-1,-1
3971,8,1826.00,942.00,98.00,66.00,6.7836,-1,-1,-1
3972,12,2096.00,1194.00,69.00,79.00,7.5141,-1,-1,-1
3972,8,1825.00,941.00,98.00,67.00,6.8617,-1,-1,-1
3973,12,2097.00,1194.00,70.00,80.00,7.5266,-1,-1,-1
3973,8,1824.00,941.00,97.00,67.00,6.9199,-1,-1,-1
3974,12,2098.00,1195.00,70.00,79.00,7.5408,-1,-1,-1
3974,8,1823.00,941.00,99.00,67.00,6.9632,-1,-1,-1
3975,12,2099.00,1195.00,70.00,79.00,7.5686,-1,-1,-1
3975,8,1823.00,941.00,99.00,68.00,7.0140,-1,-1,-1
3976,12,2099.00,1196.00,71.00,80.00,7.5963,-1,-1,-1
3976,8,1823.00,941.00,99.00,69.00,7.0605,-1,-1,-1
3977,12,2101.00,1197.00,71.00,79.00,7.6206,-1,-1,-1
3977,8,1824.00,942.00,99.00,69.00,7.0867,-1,-1,-1
3978,12,2100.00,1198.00,73.00,78.00,7.6475,-1,-1,-1
3978,8,1822.00,941.00,102.00,72.00,7.1111,-1,-1,-1
3979,12,2100.00,1197.00,73.00,80.00,7.6711,-1,-1,-1
3979,8,1822.00,941.00,103.00,73.00,7.1244,-1,-1,-1
3980,12,2101.00,1198.00,71.00,78.00,7.6865,-1,-1,-1
3980,8,1822.00,942.00,103.00,71.00,7.1503,-1,-1,-1
3981,12,2102.00,1199.00,70.00,78.00,7.6945,-1,-1,-1
3981,8,1823.00,943.00,100.00,71.00,7.1310,-1,-1,-1
3982,12,2101.00,1199.00,73.00,79.00,7.7017,-1,-1,-1
3982,8,1823.00,944.00,100.00,72.00,7.1296,-1,-1,-1
3983,12,2101.00,1198.00,73.00,81.00,7.7042,-1,-1,-1
3983,8,1821.00,944.00,104.00,73.00,7.1065,-1,-1,-1
3984,12,2101.00,1199.00,74.00,81.00,7.7056,-1,-1,-1
3984,8,1820.00,945.00,105.00,72.00,7.0700,-1,-1,-1
3985,12,2100.00,1200.00,75.00,82.00,7.7043,-1,-1,-1
3985,8,1821.00,948.00,103.00,70.00,6.9599,-1,-1,-1
3986,12,2100.00,1200.00,75.00,82.00,7.6877,-1,-1,-1
3986,8,1819.00,949.00,106.00,73.00,6.9607,-1,-1,-1
3987,12,2098.00,1200.00,78.00,84.00,7.6748,-1,-1,-1
3987,8,1819.00,950.00,105.00,73.00,6.9935,-1,-1,-1
3988,12,2098.00,1202.00,76.00,82.00,7.6201,-1,-1,-1
3988,8,1818.00,952.00,106.00,74.00,7.0493,-1,-1,-1
3989,12,2096.00,1203.00,77.00,83.00,7.5774,-1,-1,-1
3989,8,1817.00,953.00,108.00,75.00,7.0987,-1,-1,-1
3990,12,2095.00,1203.00,79.00,84.00,7.5660,-1,-1,-1
3990,8,1816.00,955.00,107.00,75.00,7.1317,-1,-1,-1
3991,12,2094.00,1205.00,78.00,84.00,7.5393,-1,-1,-1
3991,8,1812.00,956.00,113.00,75.00,7.1763,-1,-1,-1
3992,12,2092.00,1206.00,81.00,84.00,7.5470,-1,-1,-1
3992,8,1811.00,958.00,112.00,76.00,7.2283,-1,-1,-1
3993,12,2091.00,1208.00,79.00,84.00,7.5740,-1,-1,-1
3993,8,1809.00,961.00,113.00,72.00,7.3078,-1,-1,-1
3994,12,2093.00,1210.00,77.00,83.00,7.5943,-1,-1,-1
3994,8,1808.00,964.00,112.00,72.00,7.3943,-1,-1,-1
3995,12,2092.00,1212.00,79.00,87.00,7.6010,-1,-1,-1
3995,8,1807.00,965.00,114.00,73.00,7.4681,-1,-1,-1
3996,12,2091.00,1214.00,75.00,84.00,7.5583,-1,-1,-1
3996,8,1805.00,967.00,114.00,73.00,7.4951,-1,-1,-1
3997,12,2089.00,1215.00,77.00,86.00,7.5433,-1,-1,-1
3997,8,1806.00,971.00,107.00,70.00,7.4716,-1,-1,-1
3998,12,2087.00,1217.00,80.00,88.00,7.5424,-1,-1,-1
3998,8,1804.00,974.00,108.00,70.00,7.4511,-1,-1,-1
3999,12,2085.00,1220.00,82.00,88.00,7.5726,-1,-1,-1
3999,8,1804.00,977.00,110.00,69.00,7.4554,-1,-1,-1
4000,12,2084.00,1222.00,82.00,87.00,7.6285,-1,-1,-1
4000,8,1803.00,980.00,111.00,70.00,7.4447,-1,-1,-1
4001,12,2083.00,1223.00,84.00,88.00,7.6912,-1,-1,-1
4001,8,1801.00,980.00,118.00,74.00,7.3915,-1,-1,-1
4002,12,2081.00,1228.00,85.00,86.00,7.7313,-1,-1,-1
4002,8,1799.00,982.00,120.00,79.00,7.3695,-1,-1,-1
4003,12,2081.00,1233.00,84.00,84.00,7.7631,-1,-1,-1
4003,8,1797.00,986.00,115.00,72.00,7.3936,-1,-1,-1
4004,12,2083.00,1235.00,78.00,85.00,7.7457,-1,-1,-1
4004,8,1796.00,989.00,111.00,71.00,7.4273,-1,-1,-1
4005,12,2082.00,1237.00,80.00,85.00,7.7002,-1,-1,-1
4005,8,1793.00,991.00,116.00,74.00,7.4296,-1,-1,-1
4006,12,2081.00,1241.00,81.00,84.00,7.6658,-1,-1,-1
4006,8,1793.00,997.00,113.00,69.00,7.2975,-1,-1,-1
4007,12,2081.00,1245.00,79.00,82.00,7.6282,-1,-1,-1
4007,8,1793.00,1001.00,110.00,68.00,7.2377,-1,-1,-1
4008,12,2081.00,1250.00,81.00,81.00,7.6378,-1,-1,-1
4008,8,1791.00,1002.00,115.00,70.00,7.2799,-1,-1,-1
4009,12,2081.00,1254.00,82.00,80.00,7.6698,-1,-1,-1
4009,8,1791.00,1006.00,114.00,70.00,7.3051,-1,-1,-1
4010,12,2082.00,1258.00,80.00,79.00,7.6990,-1,-1,-1
4010,8,1790.00,1010.00,113.00,67.00,7.3213,-1,-1,-1
4011,12,2082.00,1259.00,77.00,77.00,7.7111,-1,-1,-1
4011,8,1787.00,1013.00,113.00,67.00,7.3152,-1,-1,-1
4012,12,2082.00,1262.00,78.00,80.00,7.6838,-1,-1,-1
4012,8,1785.00,1016.00,114.00,70.00,7.3419,-1,-1,-1
4013,12,2080.00,1267.00,79.00,80.00,7.6783,-1,-1,-1
4013,8,1784.00,1020.00,112.00,67.00,7.3686,-1,-1,-1
4014,12,2079.00,1270.00,80.00,79.00,7.6752,-1,-1,-1
4014,8,1783.00,1022.00,117.00,70.00,7.3946,-1,-1,-1
4015,12,2078.00,1274.00,81.00,77.00,7.6656,-1,-1,-1
4015,8,1782.00,1025.00,115.00,69.00,7.4342,-1,-1,-1
4016,12,2073.00,1279.00,83.00,71.00,7.7816,-1,-1,-1
4016,8,1780.00,1028.00,120.00,70.00,7.5034,-1,-1,-1
4017,12,2073.00,1283.00,82.00,71.00,7.8811,-1,-1,-1
4017,8,1778.00,1032.00,117.00,69.00,7.4320,-1,-1,-1
4018,12,2073.00,1283.00,82.00,73.00,7.9265,-1,-1,-1
4018,8,1776.00,1035.00,113.00,69.00,7.3760,-1,-1,-1
4019,12,2074.00,1291.00,82.00,73.00,8.0304,-1,-1,-1
4019,8,1774.00,1038.00,114.00,70.00,7.3184,-1,-1,-1
4020,12,2072.00,1294.00,85.00,75.00,8.1171,-1,-1,-1
4020,8,1773.00,1042.00,116.00,71.00,7.2937,-1,-1,-1
4021,12,2071.00,1298.00,85.00,74.00,8.2061,-1,-1,-1
4021,8,1772.00,1047.00,114.00,67.00,7.2476,-1,-1,-1
4022,12,2070.00,1301.00,85.00,74.00,8.2972,-1,-1,-1
4022,8,1770.00,1049.00,116.00,69.00,7.2377,-1,-1,-1
4023,12,2069.00,1305.00,85.00,74.00,8.3351,-1,-1,-1
4023,8,1768.00,1051.00,122.00,70.00,7.2522,-1,-1,-1
4024,12,2069.00,1298.00,80.00,81.00,8.2046,-1,-1,-1
4024,8,1768.00,1056.00,114.00,70.00,7.2905,-1,-1,-1
4025,12,2067.00,1299.00,83.00,85.00,8.1077,-1,-1,-1
4025,8,1766.00,1060.00,116.00,71.00,7.3007,-1,-1,-1
4026,12,2067.00,1304.00,81.00,83.00,8.0341,-1,-1,-1
4026,8,1764.00,1063.00,119.00,71.00,7.2444,-1,-1,-1
4027,12,2066.00,1307.00,84.00,88.00,7.9961,-1,-1,-1
4027,8,1763.00,1065.00,118.00,72.00,7.1587,-1,-1,-1
4028,12,2066.00,1312.00,76.00,82.00,7.9445,-1,-1,-1
4028,8,1763.00,1070.00,115.00,70.00,7.0781,-1,-1,-1
4029,12,2065.00,1316.00,78.00,84.00,7.8734,-1,-1,-1
4029,8,1763.00,1074.00,115.00,70.00,7.0794,-1,-1,-1
4030,12,2062.00,1319.00,80.00,84.00,7.8754,-1,-1,-1
4030,8,1761.00,1077.00,110.00,70.00,7.1108,-1,-1,-1
4031,12,2061.00,1322.00,83.00,85.00,7.8954,-1,-1,-1
4031,8,1760.00,1083.00,107.00,67.00,7.0371,-1,-1,-1
4032,12,2059.00,1327.00,87.00,87.00,7.9048,-1,-1,-1
4032,8,1758.00,1086.00,109.00,71.00,7.0571,-1,-1,-1
4033,12,2059.00,1331.00,84.00,84.00,7.8948,-1,-1,-1
4033,8,1756.00,1091.00,107.00,69.00,7.0071,-1,-1,-1
4034,12,2057.00,1333.00,83.00,88.00,7.8292,-1,-1,-1
4034,8,1755.00,1096.00,104.00,69.00,6.9733,-1,-1,-1
4035,12,2056.00,1335.00,86.00,92.00,7.7925,-1,-1,-1
4035,8,1753.00,1099.00,106.00,68.00,7.0362,-1,-1,-1
4036,12,2054.00,1342.00,87.00,88.00,7.8030,-1,-1,-1
4036,8,1750.00,1103.00,112.00,69.00,7.1297,-1,-1,-1
4037,12,2054.00,1346.00,87.00,86.00,7.7793,-1,-1,-1
4037,8,1749.00,1107.00,111.00,69.00,7.1892,-1,-1,-1
4038,12,2054.00,1351.00,87.00,85.00,7.7800,-1,-1,-1
4038,8,1745.00,1112.00,111.00,69.00,7.1915,-1,-1,-1
4039,12,2054.00,1354.00,81.00,83.00,7.6894,-1,-1,-1
4039,8,1745.00,1119.00,109.00,67.00,7.0199,-1,-1,-1
4040,12,2053.00,1359.00,85.00,85.00,7.6529,-1,-1,-1
4040,8,1746.00,1122.00,107.00,68.00,7.0075,-1,-1,-1
4041,12,2052.00,1364.00,83.00,86.00,7.6347,-1,-1,-1
4041,8,1745.00,1128.00,108.00,65.00,7.0321,-1,-1,-1
4042,12,2053.00,1370.00,81.00,80.00,7.5864,-1,-1,-1
4042,8,1742.00,1132.00,110.00,62.00,7.0702,-1,-1,-1
4043,12,2053.00,1375.00,84.00,82.00,7.5714,-1,-1,-1
4043,8,1738.00,1134.00,115.00,71.00,7.1766,-1,-1,-1
4044,12,2053.00,1379.00,81.00,80.00,7.5253,-1,-1,-1
4044,8,1738.00,1140.00,113.00,68.00,7.1557,-1,-1,-1
4045,12,2052.00,1383.00,84.00,84.00,7.5290,-1,-1,-1
4045,8,1737.00,1143.00,114.00,70.00,7.2341,-1,-1,-1
4046,12,2053.00,1390.00,76.00,75.00,7.5327,-1,-1,-1
4046,8,1735.00,1147.00,118.00,70.00,7.3268,-1,-1,-1
4047,12,2051.00,1396.00,85.00,80.00,7.5625,-1,-1,-1
4047,8,1732.00,1152.00,119.00,67.00,7.3931,-1,-1,-1
4048,12,2050.00,1401.00,82.00,78.00,7.5301,-1,-1,-1
4048,8,1731.00,1158.00,121.00,68.00,7.4200,-1,-1,-1
4049,12,2051.00,1404.00,83.00,81.00,7.5302,-1,-1,-1
4049,8,1730.00,1163.00,115.00,69.00,7.4268,-1,-1,-1
4050,12,2052.00,1409.00,80.00,81.00,7.5527,-1,-1,-1
4050,8,1730.00,1171.00,110.00,60.00,7.3997,-1,-1,-1
4051,12,2051.00,1418.00,80.00,74.00,7.5265,-1,-1,-1
4051,8,1729.00,1174.00,114.00,65.00,7.4257,-1,-1,-1
4052,12,2050.00,1421.00,82.00,78.00,7.5329,-1,-1,-1
4052,8,1725.00,1177.00,118.00,67.00,7.3907,-1,-1,-1
4053,12,2049.00,1426.00,80.00,76.00,7.3925,-1,-1,-1
4053,8,1723.00,1183.00,117.00,66.00,7.3572,-1,-1,-1
4054,12,2050.00,1430.00,81.00,79.00,7.4057,-1,-1,-1
4054,8,1722.00,1187.00,119.00,67.00,7.3064,-1,-1,-1
4055,12,2049.00,1436.00,79.00,77.00,7.4295,-1,-1,-1
4055,8,1720.00,1192.00,120.00,65.00,7.2175,-1,-1,-1
4056,12,2048.00,1441.00,84.00,78.00,7.4670,-1,-1,-1
4056,8,1718.00,1195.00,122.00,67.00,7.2181,-1,-1,-1
4057,12,2048.00,1446.00,78.00,76.00,7.4006,-1,-1,-1
4057,8,1717.00,1202.00,116.00,63.00,7.2305,-1,-1,-1
4058,12,2046.00,1449.00,82.00,80.00,7.3805,-1,-1,-1
4058,8,1716.00,1206.00,117.00,67.00,7.2575,-1,-1,-1
4059,12,2046.00,1452.00,79.00,81.00,7.3890,-1,-1,-1
4059,8,1711.00,1209.00,125.00,71.00,7.2024,-1,-1,-1
4060,12,2044.00,1456.00,83.00,84.00,7.4434,-1,-1,-1
4060,8,1714.00,1218.00,117.00,66.00,7.0909,-1,-1,-1
4061,12,2041.00,1462.00,83.00,80.00,7.4598,-1,-1,-1
4061,8,1710.00,1220.00,123.00,68.00,7.0873,-1,-1,-1
4062,12,2038.00,1464.00,84.00,85.00,7.5034,-1,-1,-1
4062,8,1708.00,1224.00,123.00,68.00,7.0673,-1,-1,-1
4063,12,2039.00,1470.00,81.00,80.00,7.5453,-1,-1,-1
4063,8,1705.00,1230.00,128.00,68.00,7.0987,-1,-1,-1
4064,12,2035.00,1475.00,84.00,80.00,7.5699,-1,-1,-1
4064,8,1707.00,1236.00,123.00,66.00,7.1000,-1,-1,-1
4065,12,2031.00,1476.00,87.00,84.00,7.5603,-1,-1,-1
4065,8,1706.00,1243.00,116.00,64.00,7.1339,-1,-1,-1
4066,12,2031.00,1480.00,89.00,89.00,7.5183,-1,-1,-1
4066,8,1703.00,1246.00,116.00,66.00,7.1735,-1,-1,-1
4067,12,2029.00,1485.00,91.00,86.00,7.5375,-1,-1,-1
4067,8,1702.00,1251.00,117.00,66.00,7.1463,-1,-1,-1
4068,12,2029.00,1490.00,88.00,86.00,7.5752,-1,-1,-1
4068,8,1700.00,1255.00,118.00,67.00,7.1023,-1,-1,-1
4069,12,2029.00,1495.00,89.00,87.00,7.6087,-1,-1,-1
4069,8,1695.00,1256.00,121.00,72.00,7.1528,-1,-1,-1
4070,12,2028.00,1500.00,93.00,92.00,7.5784,-1,-1,-1
4070,8,1695.00,1263.00,122.00,69.00,7.1549,-1,-1,-1
4071,12,2028.00,1505.00,91.00,89.00,7.5646,-1,-1,-1
4071,8,1696.00,1268.00,116.00,68.00,7.2053,-1,-1,-1
4072,12,2028.00,1509.00,89.00,88.00,7.5500,-1,-1,-1
4072,8,1695.00,1271.00,111.00,68.00,7.2016,-1,-1,-1
4073,12,2027.00,1513.00,87.00,89.00,7.5471,-1,-1,-1
4073,8,1694.00,1275.00,113.00,69.00,7.1849,-1,-1,-1
4074,12,2026.00,1516.00,88.00,91.00,7.5265,-1,-1,-1
4074,8,1690.00,1276.00,118.00,73.00,7.1655,-1,-1,-1
4075,12,2026.00,1522.00,88.00,91.00,7.4870,-1,-1,-1
4075,8,1692.00,1281.00,115.00,73.00,7.1228,-1,-1,-1
4076,12,2025.00,1527.00,87.00,89.00,7.5092,-1,-1,-1
4076,8,1689.00,1285.00,118.00,75.00,7.1316,-1,-1,-1
4077,12,2026.00,1532.00,86.00,88.00,7.5170,-1,-1,-1
4077,8,1687.00,1289.00,115.00,73.00,7.1555,-1,-1,-1
4078,12,2023.00,1537.00,89.00,87.00,7.5041,-1,-1,-1
4078,8,1684.00,1291.00,120.00,74.00,7.2031,-1,-1,-1
4079,12,2024.00,1539.00,87.00,90.00,7.4110,-1,-1,-1
4079,8,1682.00,1297.00,118.00,73.00,7.1665,-1,-1,-1
4080,12,2023.00,1546.00,88.00,88.00,7.3631,-1,-1,-1
4080,8,1681.00,1302.00,118.00,73.00,7.1738,-1,-1,-1
4081,12,2022.00,1551.00,88.00,85.00,7.3726,-1,-1,-1
4081,8,1678.00,1305.00,117.00,74.00,7.1781,-1,-1,-1
4082,12,2021.00,1554.00,88.00,86.00,7.3916,-1,-1,-1
4082,8,1675.00,1313.00,115.00,70.00,7.2035,-1,-1,-1
4083,12,2020.00,1559.00,88.00,85.00,7.3972,-1,-1,-1
4083,8,1672.00,1315.00,121.00,73.00,7.2684,-1,-1,-1
4084,12,2020.00,1562.00,87.00,84.00,7.3548,-1,-1,-1
4084,8,1670.00,1316.00,125.00,75.00,7.3018,-1,-1,-1
4085,8,1669.00,1322.00,120.00,71.00,7.3099,-1,-1,-1
4085,12,2020.00,1565.00,85.00,84.00,7.2898,-1,-1,-1
4086,12,2018.00,1570.00,88.00,83.00,7.3082,-1,-1,-1
4086,8,1668.00,1325.00,119.00,71.00,7.2959,-1,-1,-1
4087,12,2016.00,1573.00,86.00,78.00,7.3511,-1,-1,-1
4087,8,1668.00,1328.00,120.00,73.00,7.2230,-1,-1,-1
4088,12,2016.00,1575.00,85.00,81.00,7.3566,-1,-1,-1
4088,8,1666.00,1329.00,120.00,74.00,7.1347,-1,-1,-1
4089,12,2017.00,1579.00,86.00,81.00,7.3937,-1,-1,-1
4089,8,1664.00,1332.00,122.00,77.00,7.1722,-1,-1,-1
4090,12,2016.00,1584.00,86.00,77.00,7.3807,-1,-1,-1
4090,8,1663.00,1335.00,121.00,76.00,7.2492,-1,-1,-1
4091,12,2015.00,1586.00,86.00,76.00,7.3469,-1,-1,-1
4091,8,1661.00,1338.00,124.00,75.00,7.3173,-1,-1,-1
4092,8,1658.00,1339.00,128.00,77.00,7.3812,-1,-1,-1
4092,12,2014.00,1589.00,81.00,72.00,7.3303,-1,-1,-1
4093,8,1655.00,1341.00,133.00,76.00,7.4064,-1,-1,-1
4093,12,2014.00,1591.00,79.00,71.00,7.3743,-1,-1,-1
4094,12,2013.00,1593.00,81.00,72.00,7.4440,-1,-1,-1
4094,8,1654.00,1343.00,130.00,78.00,7.4004,-1,-1,-1
4095,12,2011.00,1595.00,82.00,71.00,7.4764,-1,-1,-1
4095,8,1655.00,1346.00,128.00,75.00,7.3550,-1,-1,-1
4096,12,2010.00,1596.00,81.00,73.00,7.4672,-1,-1,-1
4096,8,1652.00,1348.00,133.00,77.00,7.3369,-1,-1,-1
4097,12,2008.00,1598.00,84.00,72.00,7.4705,-1,-1,-1
4097,8,1650.00,1350.00,140.00,77.00,7.3400,-1,-1,-1
4098,12,2007.00,1600.00,82.00,71.00,7.4614,-1,-1,-1
4098,8,1649.00,1356.00,131.00,73.00,7.3717,-1,-1,-1
4099,12,2005.00,1601.00,83.00,70.00,7.4394,-1,-1,-1
4099,8,1648.00,1359.00,128.00,70.00,7.3780,-1,-1,-1
4100,12,2001.00,1611.00,88.00,67.00,7.5496,-1,-1,-1
4100,8,1647.00,1361.00,130.00,71.00,7.4089,-1,-1,-1
4101,8,1647.00,1362.00,131.00,70.00,7.4228,-1,-1,-1
4101,12,2000.00,1620.00,88.00,67.00,5.0881,-1,-1,-1
4102,8,1646.00,1362.00,133.00,72.00,7.4397,-1,-1,-1
4102,12,1999.00,1628.00,88.00,67.00,3.3078,-1,-1,-1
4103,8,1644.00,1365.00,131.00,67.00,7.4106,-1,-1,-1
4104,8,1644.00,1367.00,127.00,66.00,7.3876,-1,-1,-1
4105,8,1642.00,1369.00,126.00,65.00,7.3553,-1,-1,-1
4106,8,1641.00,1369.00,132.00,66.00,7.3300,-1,-1,-1
4107,8,1637.00,1368.00,137.00,67.00,7.3136,-1,-1,-1
4108,8,1636.00,1369.00,131.00,65.00,7.2901,-1,-1,-1
4109,8,1633.00,1369.00,135.00,65.00,7.2193,-1,-1,-1
4110,8,1634.00,1370.00,124.00,63.00,7.1131,-1,-1,-1
4111,8,1631.00,1374.00,115.00,59.00,7.0545,-1,-1,-1
4112,8,1630.00,1373.00,115.00,61.00,7.0055,-1,-1,-1
4113,8,1627.00,1374.00,118.00,62.00,7.0044,-1,-1,-1
4114,8,1625.00,1373.00,120.00,64.00,7.0001,-1,-1,-1
4114,17,1984.00,1597.00,87.00,80.00,3.5787,-1,-1,-1
4115,8,1624.00,1373.00,122.00,64.00,7.0237,-1,-1,-1
4115,17,1984.00,1597.00,87.00,80.00,4.5794,-1,-1,-1
4116,8,1623.00,1374.00,122.00,63.00,7.0343,-1,-1,-1
4116,17,1983.00,1597.00,87.00,80.00,5.4380,-1,-1,-1
4117,8,1621.00,1374.00,120.00,62.00,7.0451,-1,-1,-1
4117,17,1982.00,1596.00,87.00,79.00,6.1512,-1,-1,-1
4118,8,1619.00,1376.00,116.00,60.00,7.0536,-1,-1,-1
4118,17,1982.00,1597.00,87.00,78.00,6.7480,-1,-1,-1
4119,17,1981.00,1596.00,88.00,79.00,7.2400,-1,-1,-1
4119,8,1618.00,1375.00,113.00,62.00,7.0328,-1,-1,-1
4120,17,1981.00,1596.00,87.00,79.00,7.6491,-1,-1,-1
4120,8,1617.00,1374.00,113.00,63.00,7.0289,-1,-1,-1
4121,17,1981.00,1597.00,88.00,79.00,7.9953,-1,-1,-1
4121,8,1616.00,1374.00,114.00,63.00,7.0272,-1,-1,-1
4122,17,1981.00,1597.00,88.00,79.00,8.2870,-1,-1,-1
4122,8,1614.00,1373.00,116.00,65.00,7.0351,-1,-1,-1
4123,17,1980.00,1597.00,89.00,79.00,8.5233,-1,-1,-1
4123,8,1613.00,1374.00,118.00,65.00,7.0395,-1,-1,-1
4124,17,1979.00,1596.00,90.00,80.00,8.7024,-1,-1,-1
4124,8,1612.00,1373.00,119.00,66.00,7.0304,-1,-1,-1
4125,17,1979.00,1597.00,89.00,77.00,8.8354,-1,-1,-1
4125,8,1611.00,1373.00,119.00,65.00,7.0081,-1,-1,-1
4126,17,1979.00,1597.00,90.00,77.00,8.9317,-1,-1,-1
4126,8,1608.00,1372.00,121.00,66.00,6.9828,-1,-1,-1
4127,17,1979.00,1597.00,89.00,76.00,9.0087,-1,-1,-1
4127,8,1608.00,1372.00,121.00,66.00,6.9625,-1,-1,-1
4128,17,1977.00,1596.00,91.00,77.00,9.0921,-1,-1,-1
4128,8,1605.00,1372.00,122.00,67.00,6.9592,-1,-1,-1
4129,17,1976.00,1595.00,91.00,78.00,9.1476,-1,-1,-1
4129,8,1604.00,1371.00,123.00,68.00,6.9639,-1,-1,-1
4130,17,1976.00,1595.00,89.00,78.00,9.1725,-1,-1,-1
4130,8,1601.00,1372.00,124.00,67.00,6.9956,-1,-1,-1
4131,17,1975.00,1595.00,89.00,78.00,9.2256,-1,-1,-1
4131,8,1599.00,1371.00,126.00,68.00,7.0311,-1,-1,-1
4132,17,1975.00,1595.00,89.00,77.00,9.2899,-1,-1,-1
4132,8,1597.00,1371.00,123.00,66.00,7.0653,-1,-1,-1
4133,17,1974.00,1595.00,90.00,77.00,9.3737,-1,-1,-1
4133,8,1597.00,1372.00,123.00,65.00,7.0881,-1,-1,-1
4134,17,1974.00,1594.00,91.00,77.00,9.4699,-1,-1,-1
4134,8,1595.00,1373.00,121.00,63.00,7.1158,-1,-1,-1
4135,17,1973.00,1594.00,93.00,77.00,9.5664,-1,-1,-1
4135,8,1595.00,1372.00,120.00,64.00,7.1507,-1,-1,-1
4136,17,1973.00,1594.00,92.00,77.00,9.6500,-1,-1,-1
4136,8,1594.00,1372.00,119.00,65.00,7.1770,-1,-1,-1
4137,17,1972.00,1594.00,92.00,77.00,9.7267,-1,-1,-1
4137,8,1592.00,1373.00,118.00,65.00,7.1926,-1,-1,-1
4138,17,1972.00,1594.00,90.00,76.00,9.7885,-1,-1,-1
4138,8,1589.00,1373.00,121.00,65.00,7.1998,-1,-1,-1
4139,17,1971.00,1594.00,92.00,76.00,9.8175,-1,-1,-1
4139,8,1588.00,1373.00,121.00,65.00,7.1785,-1,-1,-1
4140,8,1588.00,1373.00,119.00,65.00,7.1722,-1,-1,-1
4140,17,1971.00,1593.00,92.00,76.00,6.9258,-1,-1,-1
4141,8,1585.00,1373.00,118.00,64.00,7.1332,-1,-1,-1
4141,17,1971.00,1592.00,92.00,76.00,4.8216,-1,-1,-1
4142,8,1582.00,1373.00,120.00,65.00,7.1171,-1,-1,-1
4143,8,1581.00,1372.00,123.00,67.00,7.0931,-1,-1,-1
4144,8,1580.00,1372.00,123.00,67.00,7.1007,-1,-1,-1
4145,8,1577.00,1373.00,123.00,66.00,7.1067,-1,-1,-1
4146,8,1576.00,1373.00,124.00,67.00,7.1137,-1,-1,-1
4147,8,1575.00,1375.00,121.00,64.00,7.0866,-1,-1,-1
4148,8,1574.00,1376.00,117.00,62.00,7.0399,-1,-1,-1
4149,8,1572.00,1376.00,116.00,61.00,6.9762,-1,-1,-1
4150,8,1572.00,1374.00,120.00,63.00,6.9856,-1,-1,-1
4151,8,1571.00,1373.00,111.00,64.00,6.9653,-1,-1,-1
4152,8,1570.00,1374.00,110.00,64.00,6.9750,-1,-1,-1
4153,8,1568.00,1373.00,111.00,65.00,6.9724,-1,-1,-1
4154,8,1567.00,1375.00,112.00,64.00,6.9398,-1,-1,-1
4155,8,1567.00,1375.00,110.00,63.00,6.9084,-1,-1,-1
4156,8,1564.00,1375.00,113.00,64.00,6.8716,-1,-1,-1
4157,8,1561.00,1375.00,112.00,64.00,6.8234,-1,-1,-1
4158,8,1560.00,1374.00,114.00,65.00,6.7744,-1,-1,-1
4159,8,1558.00,1374.00,118.00,65.00,6.7539,-1,-1,-1
4159,18,1935.00,1575.00,84.00,71.00,3.6927,-1,-1,-1
4160,8,1557.00,1373.00,117.00,67.00,6.6982,-1,-1,-1
4160,18,1935.00,1575.00,83.00,71.00,4.6661,-1,-1,-1
4161,8,1556.00,1372.00,118.00,69.00,6.6754,-1,-1,-1
4161,18,1935.00,1575.00,84.00,71.00,5.4883,-1,-1,-1
4162,8,1555.00,1371.00,118.00,69.00,6.6759,-1,-1,-1
4162,18,1934.00,1575.00,84.00,70.00,6.1820,-1,-1,-1
4163,18,1933.00,1575.00,84.00,71.00,6.7558,-1,-1,-1
4163,8,1554.00,1368.00,120.00,72.00,6.7250,-1,-1,-1
4164,18,1933.00,1575.00,84.00,70.00,7.2337,-1,-1,-1
4164,8,1551.00,1367.00,123.00,73.00,6.7965,-1,-1,-1
4165,18,1931.00,1575.00,86.00,71.00,7.6100,-1,-1,-1
4165,8,1550.00,1367.00,124.00,72.00,6.8704,-1,-1,-1
4166,18,1930.00,1573.00,87.00,73.00,7.9030,-1,-1,-1
4166,8,1548.00,1365.00,127.00,74.00,6.9376,-1,-1,-1
4167,18,1928.00,1573.00,87.00,73.00,8.1603,-1,-1,-1
4167,8,1545.00,1364.00,131.00,76.00,7.0177,-1,-1,-1
4168,18,1928.00,1573.00,88.00,73.00,8.3231,-1,-1,-1
4168,8,1545.00,1364.00,129.00,76.00,7.0779,-1,-1,-1
4169,18,1928.00,1574.00,87.00,71.00,8.4792,-1,-1,-1
4169,8,1543.00,1364.00,123.00,76.00,7.1251,-1,-1,-1
4170,18,1927.00,1573.00,87.00,73.00,8.6301,-1,-1,-1
4170,8,1541.00,1362.00,124.00,80.00,7.1604,-1,-1,-1
4171,18,1926.00,1572.00,88.00,73.00,8.8195,-1,-1,-1
4171,8,1536.00,1360.00,130.00,83.00,7.2022,-1,-1,-1
4172,18,1925.00,1572.00,89.00,74.00,9.0126,-1,-1,-1
4172,8,1535.00,1360.00,129.00,85.00,7.2411,-1,-1,-1
4173,18,1924.00,1571.00,90.00,74.00,9.2063,-1,-1,-1
4173,8,1534.00,1360.00,128.00,84.00,7.2790,-1,-1,-1
4174,18,1924.00,1571.00,89.00,74.00,9.3747,-1,-1,-1
4174,8,1533.00,1359.00,130.00,86.00,7.2994,-1,-1,-1
4175,18,1924.00,1571.00,88.00,72.00,9.5224,-1,-1,-1
4175,8,1532.00,1360.00,131.00,85.00,7.3250,-1,-1,-1
4176,18,1923.00,1571.00,89.00,73.00,9.6432,-1,-1,-1
4176,8,1531.00,1361.00,131.00,83.00,7.3281,-1,-1,-1
4177,18,1923.00,1571.00,90.00,73.00,9.7352,-1,-1,-1
4177,8,1531.00,1363.00,129.00,81.00,7.3246,-1,-1,-1
4178,18,1924.00,1571.00,88.00,72.00,9.8012,-1,-1,-1
4178,8,1530.00,1365.00,128.00,79.00,7.3164,-1,-1,-1
4179,18,1923.00,1571.00,89.00,71.00,9.8513,-1,-1,-1
4179,8,1529.00,1365.00,129.00,80.00,7.2991,-1,-1,-1
4180,18,1922.00,1570.00,90.00,72.00,9.8953,-1,-1,-1
4180,8,1526.00,1366.00,130.00,79.00,7.2796,-1,-1,-1
4181,18,1922.00,1570.00,89.00,71.00,9.9277,-1,-1,-1
4181,8,1525.00,1367.00,130.00,79.00,7.2701,-1,-1,-1
4182,8,1522.00,1368.00,133.00,78.00,7.2547,-1,-1,-1
4182,18,1921.00,1570.00,89.00,71.00,7.0042,-1,-1,-1
4183,8,1520.00,1369.00,134.00,78.00,7.2475,-1,-1,-1
4183,18,1920.00,1570.00,89.00,71.00,4.8798,-1,-1,-1
4184,8,1516.00,1368.00,135.00,80.00,7.2453,-1,-1,-1
4185,8,1514.00,1369.00,135.00,80.00,7.2405,-1,-1,-1
4186,8,1511.00,1368.00,139.00,81.00,7.2342,-1,-1,-1
4187,8,1511.00,1369.00,140.00,80.00,7.2155,-1,-1,-1
4188,8,1508.00,1370.00,139.00,79.00,7.2030,-1,-1,-1
4189,8,1507.00,1372.00,134.00,77.00,7.1758,-1,-1,-1
4189,19,1900.00,1562.00,93.00,70.00,3.4846,-1,-1,-1
4190,8,1505.00,1373.00,131.00,76.00,7.1179,-1,-1,-1
4190,19,1900.00,1562.00,92.00,70.00,4.4387,-1,-1,-1
4191,8,1503.00,1376.00,129.00,73.00,7.0374,-1,-1,-1
4191,19,1900.00,1562.00,91.00,70.00,5.2639,-1,-1,-1
4192,8,1501.00,1373.00,134.00,76.00,6.9931,-1,-1,-1
4192,19,1899.00,1562.00,92.00,70.00,5.9803,-1,-1,-1
4193,8,1499.00,1375.00,133.00,74.00,6.8943,-1,-1,-1
4193,19,1898.00,1562.00,92.00,70.00,6.5945,-1,-1,-1
4194,19,1896.00,1558.00,93.00,70.00,7.1130,-1,-1,-1
4194,8,1499.00,1375.00,126.00,70.00,6.7985,-1,-1,-1
4195,19,1897.00,1554.00,93.00,69.00,7.5412,-1,-1,-1
4195,8,1500.00,1376.00,119.00,65.00,6.7539,-1,-1,-1
4196,19,1895.00,1546.00,93.00,70.00,7.9108,-1,-1,-1
4196,8,1501.00,1370.00,104.00,60.00,6.7304,-1,-1,-1
4197,19,1894.00,1531.00,94.00,69.00,8.2118,-1,-1,-1
4197,8,1498.00,1355.00,115.00,63.00,6.6794,-1,-1,-1
4198,19,1893.00,1511.00,95.00,71.00,8.4946,-1,-1,-1
4198,8,1496.00,1333.00,125.00,68.00,6.5641,-1,-1,-1
4199,19,1893.00,1488.00,92.00,70.00,8.6770,-1,-1,-1
4199,8,1496.00,1309.00,125.00,68.00,6.4981,-1,-1,-1
4200,19,1891.00,1461.00,93.00,69.00,8.9153,-1,-1,-1
4200,8,1495.00,1287.00,121.00,65.00,6.5004,-1,-1,-1
4201,19,1891.00,1432.00,93.00,69.00,9.0603,-1,-1,-1
4201,8,1494.00,1261.00,112.00,61.00,6.5772,-1,-1,-1
4202,19,1890.00,1400.00,96.00,70.00,9.1732,-1,-1,-1
4202,8,1493.00,1229.00,115.00,62.00,6.5633,-1,-1,-1
4203,19,1890.00,1367.00,94.00,70.00,9.3421,-1,-1,-1
4203,8,1492.00,1201.00,114.00,60.00,6.6563,-1,-1,-1
4204,19,1889.00,1335.00,94.00,70.00,9.4921,-1,-1,-1
4204,8,1492.00,1169.00,112.00,60.00,6.7472,-1,-1,-1
4205,19,1890.00,1302.00,93.00,70.00,9.5469,-1,-1,-1
4205,8,1490.00,1134.00,113.00,60.00,6.7548,-1,-1,-1
4206,19,1888.00,1268.00,94.00,70.00,9.6023,-1,-1,-1
4206,8,1487.00,1102.00,114.00,60.00,6.8560,-1,-1,-1
4207,19,1887.00,1238.00,95.00,70.00,9.7186,-1,-1,-1
4207,8,1485.00,1068.00,116.00,64.00,6.8401,-1,-1,-1
4208,19,1873.00,1207.00,96.00,68.00,9.3471,-1,-1,-1
4208,8,1485.00,1042.00,116.00,62.00,6.8369,-1,-1,-1
4209,19,1886.00,1187.00,94.00,70.00,9.4141,-1,-1,-1
4209,8,1483.00,1017.00,119.00,64.00,6.8115,-1,-1,-1
4210,19,1885.00,1166.00,97.00,71.00,9.5177,-1,-1,-1
4210,8,1481.00,995.00,118.00,64.00,6.7763,-1,-1,-1
4211,8,1480.00,980.00,120.00,64.00,6.8081,-1,-1,-1
4211,19,1884.00,1145.00,97.00,71.00,6.7043,-1,-1,-1
4212,8,1479.00,964.00,118.00,65.00,6.8472,-1,-1,-1
4212,19,1884.00,1125.00,97.00,71.00,4.6634,-1,-1,-1
4213,8,1475.00,950.00,125.00,66.00,6.7893,-1,-1,-1
4214,8,1476.00,944.00,118.00,63.00,6.8366,-1,-1,-1
4215,8,1474.00,937.00,118.00,63.00,6.8658,-1,-1,-1
4216,8,1473.00,932.00,119.00,64.00,6.8619,-1,-1,-1
4217,8,1471.00,931.00,121.00,65.00,6.8527,-1,-1,-1
4218,8,1469.00,931.00,122.00,66.00,6.8724,-1,-1,-1
4219,8,1466.00,931.00,123.00,67.00,6.8834,-1,-1,-1
4219,20,1860.00,1087.00,98.00,72.00,3.6893,-1,-1,-1
4220,8,1464.00,932.00,125.00,67.00,6.8906,-1,-1,-1
4220,20,1859.00,1087.00,98.00,72.00,4.6774,-1,-1,-1
4221,8,1463.00,933.00,118.00,63.00,6.8554,-1,-1,-1
4221,20,1858.00,1087.00,98.00,72.00,5.5106,-1,-1,-1
4222,8,1462.00,934.00,114.00,62.00,6.8283,-1,-1,-1
4222,20,1858.00,1087.00,97.00,72.00,6.2261,-1,-1,-1
4223,20,1857.00,1086.00,97.00,73.00,6.8241,-1,-1,-1
4223,8,1460.00,935.00,116.00,63.00,6.8220,-1,-1,-1
4224,20,1857.00,1086.00,96.00,72.00,7.3462,-1,-1,-1
4224,8,1459.00,936.00,116.00,61.00,6.8251,-1,-1,-1
4225,20,1856.00,1086.00,95.00,72.00,7.7981,-1,-1,-1
4225,8,1457.00,936.00,116.00,62.00,6.8512,-1,-1,-1
4226,20,1856.00,1087.00,95.00,71.00,8.1790,-1,-1,-1
4226,8,1456.00,937.00,112.00,61.00,6.8515,-1,-1,-1
4227,20,1856.00,1087.00,95.00,70.00,8.4987,-1,-1,-1
4227,8,1454.00,938.00,117.00,61.00,6.8288,-1,-1,-1
4228,20,1855.00,1087.00,95.00,70.00,8.7700,-1,-1,-1
4228,8,1454.00,938.00,116.00,61.00,6.8244,-1,-1,-1
4229,20,1855.00,1087.00,94.00,70.00,8.9701,-1,-1,-1
4229,8,1453.00,938.00,123.00,63.00,6.8316,-1,-1,-1
4230,20,1855.00,1087.00,93.00,69.00,9.1057,-1,-1,-1
4230,8,1451.00,937.00,123.00,63.00,6.8320,-1,-1,-1
4231,20,1854.00,1087.00,94.00,69.00,9.2176,-1,-1,-1
4231,8,1450.00,938.00,121.00,61.00,6.7833,-1,-1,-1
4232,20,1853.00,1087.00,95.00,69.00,9.3137,-1,-1,-1
4232,8,1449.00,938.00,119.00,60.00,6.6989,-1,-1,-1
4233,20,1852.00,1086.00,96.00,70.00,9.4055,-1,-1,-1
4233,8,1449.00,938.00,110.00,61.00,6.6347,-1,-1,-1
4234,20,1851.00,1086.00,97.00,71.00,9.5117,-1,-1,-1
4234,8,1448.00,939.00,108.00,60.00,6.5843,-1,-1,-1
4235,20,1850.00,1085.00,97.00,71.00,9.5673,-1,-1,-1
4235,8,1447.00,941.00,97.00,58.00,6.5751,-1,-1,-1
4236,20,1849.00,1085.00,97.00,69.00,9.6130,-1,-1,-1
4236,8,1445.00,942.00,101.00,57.00,6.5672,-1,-1,-1
4237,20,1847.00,1084.00,98.00,70.00,9.6492,-1,-1,-1
4237,8,1443.00,942.00,100.00,57.00,6.5870,-1,-1,-1
4238,20,1847.00,1084.00,99.00,70.00,9.6260,-1,-1,-1
4238,8,1441.00,942.00,106.00,57.00,6.5650,-1,-1,-1
4239,20,1847.00,1084.00,99.00,70.00,6.7863,-1,-1,-1
4239,8,1439.00,941.00,108.00,58.00,6.5651,-1,-1,-1
4240,8,1437.00,941.00,114.00,58.00,6.5524,-1,-1,-1
4240,20,1847.00,1084.00,99.00,70.00,4.7227,-1,-1,-1
4241,8,1434.00,941.00,115.00,60.00,6.5582,-1,-1,-1
4242,8,1434.00,941.00,112.00,60.00,6.5790,-1,-1,-1
4243,8,1433.00,942.00,110.00,60.00,6.5640,-1,-1,-1
4244,8,1432.00,942.00,110.00,60.00,6.5920,-1,-1,-1
4245,8,1430.00,942.00,107.00,60.00,6.6045,-1,-1,-1
4246,8,1428.00,943.00,106.00,60.00,6.5913,-1,-1,-1
4247,8,1427.00,944.00,106.00,59.00,6.5713,-1,-1,-1
4248,8,1425.00,943.00,110.00,60.00,6.5396,-1,-1,-1
4249,8,1424.00,943.00,108.00,61.00,6.5481,-1,-1,-1
4249,21,1822.00,1074.00,99.00,73.00,3.5685,-1,-1,-1
4250,8,1422.00,943.00,114.00,61.00,6.5695,-1,-1,-1
4250,21,1821.00,1074.00,99.00,73.00,4.5228,-1,-1,-1
4251,8,1420.00,943.00,114.00,62.00,6.6035,-1,-1,-1
4251,21,1820.00,1074.00,100.00,73.00,5.3369,-1,-1,-1
4252,8,1419.00,943.00,114.00,62.00,6.6231,-1,-1,-1
4252,21,1819.00,1074.00,100.00,72.00,6.0317,-1,-1,-1
4253,8,1417.00,945.00,113.00,62.00,6.6258,-1,-1,-1
4253,21,1818.00,1074.00,99.00,71.00,6.6107,-1,-1,-1
4254,21,1818.00,1074.00,99.00,71.00,7.1220,-1,-1,-1
4254,8,1415.00,944.00,116.00,64.00,6.6590,-1,-1,-1
4255,21,1817.00,1075.00,98.00,70.00,7.5567,-1,-1,-1
4255,8,1414.00,943.00,117.00,64.00,6.6738,-1,-1,-1
4256,21,1817.00,1075.00,98.00,69.00,7.9107,-1,-1,-1
4256,8,1413.00,945.00,112.00,63.00,6.6832,-1,-1,-1
4257,21,1817.00,1076.00,95.00,68.00,8.2077,-1,-1,-1
4257,8,1411.00,945.00,112.00,63.00,6.7208,-1,-1,-1
4258,21,1817.00,1075.00,96.00,68.00,8.4755,-1,-1,-1
4258,8,1409.00,945.00,111.00,63.00,6.7550,-1,-1,-1
4259,21,1815.00,1075.00,97.00,69.00,8.7277,-1,-1,-1
4259,8,1406.00,944.00,118.00,66.00,6.7754,-1,-1,-1
4260,21,1815.00,1075.00,96.00,69.00,8.9474,-1,-1,-1
4260,8,1405.00,945.00,116.00,65.00,6.7912,-1,-1,-1
4261,21,1814.00,1075.00,96.00,69.00,9.1306,-1,-1,-1
4261,8,1404.00,945.00,111.00,65.00,6.8293,-1,-1,-1
4262,21,1814.00,1075.00,96.00,68.00,9.2893,-1,-1,-1
4262,8,1401.00,944.00,119.00,66.00,6.8250,-1,-1,-1
4263,21,1813.00,1074.00,96.00,70.00,9.4060,-1,-1,-1
4263,8,1399.00,943.00,118.00,69.00,6.8404,-1,-1,-1
4264,21,1813.00,1074.00,97.00,69.00,9.5194,-1,-1,-1
4264,8,1399.00,945.00,117.00,66.00,6.8453,-1,-1,-1
4265,21,1812.00,1074.00,97.00,70.00,9.6364,-1,-1,-1
4265,8,1398.00,945.00,114.00,66.00,6.8762,-1,-1,-1
4266,21,1812.00,1074.00,96.00,70.00,9.7405,-1,-1,-1
4266,8,1396.00,945.00,118.00,66.00,6.9024,-1,-1,-1
4267,21,1811.00,1074.00,97.00,70.00,9.8218,-1,-1,-1
4267,8,1394.00,947.00,116.00,65.00,6.9320,-1,-1,-1
4268,21,1811.00,1074.00,97.00,69.00,9.8795,-1,-1,-1
4268,8,1394.00,946.00,117.00,66.00,6.9354,-1,-1,-1
4269,21,1810.00,1074.00,97.00,69.00,9.9054,-1,-1,-1
4269,8,1392.00,948.00,119.00,65.00,6.9299,-1,-1,-1
4270,21,1811.00,1074.00,97.00,69.00,9.9003,-1,-1,-1
4270,8,1390.00,948.00,118.00,64.00,6.9068,-1,-1,-1
4271,21,1809.00,1074.00,98.00,69.00,9.8262,-1,-1,-1
4271,8,1389.00,948.00,114.00,64.00,6.8769,-1,-1,-1
4272,21,1809.00,1074.00,98.00,69.00,9.7643,-1,-1,-1
4272,8,1387.00,947.00,121.00,66.00,6.8919,-1,-1,-1
4273,21,1808.00,1074.00,98.00,68.00,9.7557,-1,-1,-1
4273,8,1383.00,947.00,128.00,67.00,6.9285,-1,-1,-1
4274,21,1807.00,1074.00,99.00,68.00,9.7916,-1,-1,-1
4274,8,1381.00,947.00,127.00,68.00,6.9404,-1,-1,-1
4275,21,1807.00,1074.00,98.00,68.00,9.8503,-1,-1,-1
4275,8,1381.00,948.00,126.00,67.00,6.9223,-1,-1,-1
4276,21,1806.00,1074.00,99.00,68.00,9.9175,-1,-1,-1
4276,8,1379.00,949.00,121.00,66.00,6.8254,-1,-1,-1
4277,21,1805.00,1074.00,99.00,67.00,9.9509,-1,-1,-1
4277,8,1378.00,950.00,119.00,65.00,6.7365,-1,-1,-1
4278,21,1805.00,1074.00,99.00,67.00,9.9566,-1,-1,-1
4278,8,1377.00,948.00,121.00,68.00,6.6816,-1,-1,-1
4279,21,1805.00,1074.00,99.00,67.00,7.0250,-1,-1,-1
4279,8,1375.00,950.00,116.00,66.00,6.6735,-1,-1,-1
4280,8,1374.00,949.00,119.00,68.00,6.6714,-1,-1,-1
4280,21,1804.00,1074.00,99.00,67.00,4.8949,-1,-1,-1
4281,8,1372.00,947.00,124.00,71.00,6.6978,-1,-1,-1
4282,8,1369.00,949.00,123.00,70.00,6.7191,-1,-1,-1
4283,8,1368.00,953.00,118.00,66.00,6.7198,-1,-1,-1
4284,8,1367.00,954.00,118.00,66.00,6.7369,-1,-1,-1
4285,8,1365.00,954.00,121.00,66.00,6.7627,-1,-1,-1
4286,8,1366.00,956.00,118.00,63.00,6.7809,-1,-1,-1
4287,8,1363.00,956.00,122.00,64.00,6.8124,-1,-1,-1
4288,8,1362.00,956.00,124.00,65.00,6.8555,-1,-1,-1
4289,8,1360.00,955.00,127.00,68.00,6.9153,-1,-1,-1
4290,8,1359.00,958.00,120.00,64.00,6.9157,-1,-1,-1
4291,8,1359.00,959.00,118.00,62.00,6.9100,-1,-1,-1
4292,8,1357.00,960.00,119.00,61.00,6.8897,-1,-1,-1
4293,8,1355.00,960.00,121.00,63.00,6.8836,-1,-1,-1
4294,8,1354.00,960.00,122.00,64.00,6.8727,-1,-1,-1
4294,22,1764.00,1069.00,103.00,60.00,3.4166,-1,-1,-1
4295,8,1351.00,960.00,126.00,65.00,6.8406,-1,-1,-1
4295,22,1763.00,1069.00,103.00,60.00,4.3794,-1,-1,-1
4296,8,1350.00,963.00,119.00,63.00,6.7729,-1,-1,-1
4296,22,1763.00,1069.00,103.00,60.00,5.2193,-1,-1,-1
4297,8,1349.00,964.00,117.00,62.00,6.7638,-1,-1,-1
4297,22,1762.00,1069.00,103.00,59.00,5.9136,-1,-1,-1
4298,8,1348.00,966.00,115.00,60.00,6.7730,-1,-1,-1
4298,22,1761.00,1069.00,101.00,59.00,6.5189,-1,-1,-1
4299,22,1761.00,1069.00,100.00,59.00,7.0235,-1,-1,-1
4299,8,1346.00,967.00,112.00,60.00,6.8190,-1,-1,-1
4300,22,1759.00,1069.00,102.00,60.00,7.4388,-1,-1,-1
4300,8,1345.00,965.00,111.00,63.00,6.8518,-1,-1,-1
4301,22,1758.00,1068.00,103.00,60.00,7.8286,-1,-1,-1
4301,8,1343.00,964.00,106.00,63.00,6.8713,-1,-1,-1
4302,22,1757.00,1068.00,102.00,61.00,8.1913,-1,-1,-1
4302,8,1342.00,964.00,106.00,63.00,6.8810,-1,-1,-1
4303,22,1756.00,1067.00,102.00,61.00,8.5105,-1,-1,-1
4303,8,1339.00,962.00,110.00,67.00,6.9088,-1,-1,-1
4304,22,1755.00,1067.00,101.00,61.00,8.7788,-1,-1,-1
4304,8,1337.00,961.00,108.00,67.00,6.9513,-1,-1,-1
4305,22,1754.00,1068.00,101.00,60.00,9.0152,-1,-1,-1
4305,8,1334.00,962.00,109.00,68.00,7.0044,-1,-1,-1
4306,22,1753.00,1068.00,101.00,60.00,9.2034,-1,-1,-1
4306,8,1334.00,963.00,104.00,68.00,7.0198,-1,-1,-1
4307,22,1752.00,1068.00,102.00,60.00,9.3612,-1,-1,-1
4307,8,1332.00,963.00,105.00,68.00,7.0231,-1,-1,-1
4308,22,1752.00,1068.00,101.00,60.00,9.4895,-1,-1,-1
4308,8,1331.00,964.00,103.00,68.00,7.0161,-1,-1,-1
4309,22,1751.00,1068.00,100.00,60.00,9.5590,-1,-1,-1
4309,8,1330.00,964.00,106.00,68.00,7.0231,-1,-1,-1
4310,22,1750.00,1068.00,101.00,60.00,9.6199,-1,-1,-1
4310,8,1328.00,965.00,106.00,68.00,7.0378,-1,-1,-1
4311,22,1749.00,1068.00,101.00,59.00,9.6562,-1,-1,-1
4311,8,1326.00,965.00,110.00,70.00,7.0540,-1,-1,-1
4312,22,1747.00,1068.00,102.00,59.00,9.6835,-1,-1,-1
4312,8,1325.00,966.00,110.00,68.00,7.0617,-1,-1,-1
4313,22,1746.00,1068.00,102.00,59.00,9.7104,-1,-1,-1
4313,8,1323.00,968.00,112.00,67.00,7.1036,-1,-1,-1
4314,22,1745.00,1067.00,102.00,59.00,9.7369,-1,-1,-1
4314,8,1321.00,967.00,116.00,70.00,7.1762,-1,-1,-1
4315,22,1745.00,1068.00,99.00,58.00,9.7414,-1,-1,-1
4315,8,1319.00,967.00,119.00,70.00,7.2358,-1,-1,-1
4316,22,1744.00,1067.00,100.00,59.00,9.7355,-1,-1,-1
4316,8,1317.00,967.00,120.00,70.00,7.2533,-1,-1,-1
4317,22,1743.00,1067.00,99.00,58.00,9.7419,-1,-1,-1
4317,8,1316.00,967.00,121.00,71.00,7.2700,-1,-1,-1
4318,22,1742.00,1067.00,98.00,57.00,9.7402,-1,-1,-1
4318,8,1310.00,965.00,129.00,77.00,7.2832,-1,-1,-1
4319,22,1741.00,1067.00,98.00,57.00,9.7541,-1,-1,-1
4319,8,1308.00,965.00,130.00,78.00,7.2826,-1,-1,-1
4320,22,1740.00,1068.00,97.00,57.00,9.7640,-1,-1,-1
4320,8,1307.00,966.00,129.00,77.00,7.2602,-1,-1,-1
4321,22,1740.00,1068.00,96.00,56.00,9.7685,-1,-1,-1
4321,8,1309.00,973.00,111.00,67.00,7.1355,-1,-1,-1
4322,22,1738.00,1068.00,97.00,56.00,9.7802,-1,-1,-1
4322,8,1308.00,974.00,110.00,67.00,7.0447,-1,-1,-1
4323,22,1736.00,1067.00,98.00,57.00,9.8076,-1,-1,-1
4323,8,1306.00,975.00,110.00,66.00,6.9739,-1,-1,-1
4324,22,1734.00,1067.00,99.00,57.00,9.8582,-1,-1,-1
4324,8,1305.00,977.00,109.00,65.00,6.9047,-1,-1,-1
4325,22,1732.00,1067.00,102.00,58.00,9.9041,-1,-1,-1
4325,8,1303.00,975.00,115.00,68.00,6.8558,-1,-1,-1
4326,22,1732.00,1067.00,101.00,57.00,9.9059,-1,-1,-1
4326,8,1302.00,976.00,115.00,67.00,6.8430,-1,-1,-1
4327,22,1730.00,1067.00,102.00,58.00,9.9096,-1,-1,-1
4327,8,1300.00,978.00,116.00,66.00,6.8406,-1,-1,-1
4328,22,1729.00,1065.00,103.00,59.00,9.9205,-1,-1,-1
4328,8,1299.00,978.00,115.00,66.00,6.8420,-1,-1,-1
4329,22,1727.00,1065.00,103.00,59.00,9.9773,-1,-1,-1
4329,8,1297.00,979.00,115.00,66.00,6.8120,-1,-1,-1
4330,22,1726.00,1064.00,103.00,60.00,10.0618,-1,-1,-1
4330,8,1296.00,979.00,117.00,67.00,6.7693,-1,-1,-1
4331,22,1725.00,1064.00,103.00,60.00,7.1011,-1,-1,-1
4331,8,1295.00,981.00,115.00,66.00,6.7138,-1,-1,-1
4332,8,1294.00,982.00,109.00,65.00,6.6310,-1,-1,-1
4332,22,1725.00,1064.00,103.00,60.00,4.9550,-1,-1,-1
4333,8,1292.00,982.00,110.00,65.00,6.5669,-1,-1,-1
4334,8,1291.00,980.00,117.00,68.00,6.5338,-1,-1,-1
4335,8,1289.00,981.00,117.00,67.00,6.5443,-1,-1,-1
4336,8,1287.00,982.00,115.00,66.00,6.5722,-1,-1,-1
4337,8,1287.00,983.00,105.00,65.00,6.5559,-1,-1,-1
4338,8,1284.00,984.00,109.00,65.00,6.5476,-1,-1,-1
4339,8,1283.00,985.00,109.00,64.00,6.5252,-1,-1,-1
4339,23,1701.00,1055.00,108.00,62.00,3.5867,-1,-1,-1
4340,8,1282.00,987.00,106.00,65.00,6.4957,-1,-1,-1
4340,23,1700.00,1055.00,108.00,61.00,4.5448,-1,-1,-1
4341,8,1282.00,988.00,104.00,64.00,6.5178,-1,-1,-1
4341,23,1701.00,1056.00,105.00,59.00,5.3282,-1,-1,-1
4342,8,1281.00,989.00,103.00,63.00,6.5470,-1,-1,-1
4342,23,1701.00,1056.00,103.00,59.00,5.9931,-1,-1,-1
4343,8,1280.00,990.00,100.00,62.00,6.5893,-1,-1,-1
4343,23,1700.00,1055.00,104.00,61.00,6.5624,-1,-1,-1
4344,23,1699.00,1055.00,104.00,61.00,7.0480,-1,-1,-1
4344,8,1277.00,991.00,102.00,63.00,6.6397,-1,-1,-1
4345,23,1699.00,1055.00,103.00,60.00,7.4687,-1,-1,-1
4345,8,1276.00,992.00,104.00,62.00,6.6945,-1,-1,-1
4346,23,1698.00,1055.00,104.00,61.00,7.8628,-1,-1,-1
4346,8,1273.00,991.00,112.00,65.00,6.7631,-1,-1,-1
4347,23,1697.00,1055.00,105.00,61.00,8.2362,-1,-1,-1
4347,8,1272.00,991.00,112.00,65.00,6.8103,-1,-1,-1
4348,23,1696.00,1055.00,105.00,61.00,8.5549,-1,-1,-1
4348,8,1270.00,990.00,116.00,68.00,6.8569,-1,-1,-1
4349,23,1696.00,1055.00,105.00,61.00,8.8238,-1,-1,-1
4349,8,1269.00,990.00,114.00,68.00,6.9042,-1,-1,-1
4350,23,1695.00,1055.00,106.00,62.00,9.0508,-1,-1,-1
4350,8,1266.00,991.00,115.00,68.00,6.9480,-1,-1,-1
4351,23,1695.00,1055.00,106.00,63.00,9.2038,-1,-1,-1
4351,8,1265.00,992.00,116.00,67.00,6.9803,-1,-1,-1
4352,23,1695.00,1055.00,104.00,62.00,9.3389,-1,-1,-1
4352,8,1263.00,992.00,115.00,67.00,7.0001,-1,-1,-1
4353,23,1694.00,1055.00,103.00,61.00,9.4542,-1,-1,-1
4353,8,1261.00,991.00,118.00,69.00,7.0103,-1,-1,-1
4354,23,1694.00,1055.00,102.00,61.00,9.5546,-1,-1,-1
4354,8,1259.00,990.00,122.00,70.00,7.0288,-1,-1,-1
4355,23,1694.00,1055.00,102.00,60.00,9.6277,-1,-1,-1
4355,8,1258.00,989.00,124.00,72.00,7.0523,-1,-1,-1
4356,23,1694.00,1055.00,101.00,59.00,9.6759,-1,-1,-1
4356,8,1257.00,990.00,120.00,70.00,7.0369,-1,-1,-1
4357,23,1692.00,1055.00,103.00,60.00,9.6747,-1,-1,-1
4357,8,1257.00,991.00,113.00,68.00,6.9985,-1,-1,-1
4358,23,1692.00,1054.00,103.00,60.00,9.7107,-1,-1,-1
4358,8,1256.00,990.00,117.00,69.00,6.9888,-1,-1,-1
4359,23,1691.00,1054.00,104.00,60.00,9.7495,-1,-1,-1
4359,8,1253.00,989.00,120.00,72.00,7.0070,-1,-1,-1
4360,23,1690.00,1054.00,105.00,61.00,9.8019,-1,-1,-1
4360,8,1251.00,991.00,120.00,72.00,7.0008,-1,-1,-1
4361,23,1689.00,1055.00,105.00,60.00,9.8293,-1,-1,-1
4361,8,1250.00,991.00,122.00,72.00,6.9974,-1,-1,-1
4362,23,1689.00,1055.00,104.00,59.00,9.8036,-1,-1,-1
4362,8,1249.00,992.00,123.00,72.00,7.0030,-1,-1,-1
4363,23,1687.00,1054.00,106.00,62.00,9.8374,-1,-1,-1
4363,8,1247.00,993.00,123.00,72.00,6.9987,-1,-1,-1
4364,23,1685.00,1054.00,108.00,62.00,9.9237,-1,-1,-1
4364,8,1245.00,993.00,124.00,73.00,6.9664,-1,-1,-1
4365,23,1684.00,1054.00,109.00,62.00,10.0204,-1,-1,-1
4365,8,1243.00,997.00,122.00,71.00,6.8990,-1,-1,-1
4366,23,1682.00,1053.00,110.00,62.00,10.1229,-1,-1,-1
4366,8,1241.00,1000.00,115.00,68.00,6.6983,-1,-1,-1
4367,23,1681.00,1053.00,110.00,63.00,10.2179,-1,-1,-1
4367,8,1239.00,1003.00,107.00,66.00,6.5547,-1,-1,-1
4368,23,1681.00,1053.00,110.00,63.00,7.2147,-1,-1,-1
4368,8,1239.00,1005.00,103.00,64.00,6.4627,-1,-1,-1
4369,8,1237.00,1004.00,104.00,64.00,6.3967,-1,-1,-1
4369,23,1680.00,1054.00,110.00,63.00,5.0339,-1,-1,-1
4370,8,1235.00,1005.00,103.00,64.00,6.3871,-1,-1,-1
4371,8,1234.00,1006.00,99.00,63.00,6.4114,-1,-1,-1
4372,8,1235.00,1010.00,94.00,61.00,6.4292,-1,-1,-1
4373,8,1232.00,1007.00,96.00,63.00,6.4708,-1,-1,-1
4374,8,1232.00,1006.00,97.00,65.00,6.5285,-1,-1,-1
4375,8,1230.00,1007.00,98.00,67.00,6.5606,-1,-1,-1
4376,8,1228.00,1006.00,97.00,71.00,6.6043,-1,-1,-1
4377,8,1226.00,1005.00,101.00,74.00,6.6509,-1,-1,-1
4378,8,1225.00,1005.00,96.00,73.00,6.7037,-1,-1,-1
4379,8,1223.00,1003.00,101.00,77.00,6.7782,-1,-1,-1
4380,8,1221.00,1003.00,105.00,78.00,6.8400,-1,-1,-1
4381,8,1220.00,1004.00,99.00,77.00,6.8696,-1,-1,-1
4382,8,1217.00,1003.00,100.00,79.00,6.8856,-1,-1,-1
4383,8,1215.00,1005.00,102.00,77.00,6.9032,-1,-1,-1
4384,8,1213.00,1006.00,103.00,78.00,6.9240,-1,-1,-1
4384,24,1649.00,1052.00,99.00,59.00,3.4290,-1,-1,-1
4384,23,1402.00,1136.00,23.00,16.00,0.7378,-1,-1,-1
4385,8,1212.00,1009.00,104.00,74.00,6.9358,-1,-1,-1
4385,24,1649.00,1052.00,99.00,59.00,4.3682,-1,-1,-1
4385,23,1218.00,1150.00,23.00,16.00,0.1271,-1,-1,-1
4386,8,1211.00,1011.00,106.00,73.00,6.9405,-1,-1,-1
4386,24,1648.00,1052.00,100.00,60.00,5.2197,-1,-1,-1
4387,8,1207.00,1011.00,113.00,76.00,6.9694,-1,-1,-1
4387,24,1647.00,1053.00,100.00,59.00,5.9242,-1,-1,-1
4388,8,1207.00,1013.00,111.00,75.00,7.0087,-1,-1,-1
4388,24,1647.00,1053.00,97.00,58.00,6.5199,-1,-1,-1
4389,24,1646.00,1052.00,98.00,58.00,7.0377,-1,-1,-1
4389,8,1206.00,1014.00,109.00,73.00,7.0313,-1,-1,-1
4390,24,1645.00,1052.00,98.00,58.00,7.4700,-1,-1,-1
4390,8,1205.00,1015.00,108.00,73.00,7.0594,-1,-1,-1
4391,24,1645.00,1052.00,97.00,59.00,7.8519,-1,-1,-1
4391,8,1205.00,1015.00,108.00,73.00,7.0915,-1,-1,-1
4392,24,1645.00,1053.00,97.00,58.00,8.1779,-1,-1,-1
4392,8,1204.00,1017.00,106.00,71.00,7.0964,-1,-1,-1
4393,24,1644.00,1052.00,98.00,59.00,8.4639,-1,-1,-1
4393,8,1203.00,1019.00,106.00,70.00,7.0541,-1,-1,-1
4394,24,1643.00,1052.00,99.00,59.00,8.7145,-1,-1,-1
4394,8,1202.00,1018.00,107.00,72.00,7.0088,-1,-1,-1
4395,24,1643.00,1052.00,98.00,59.00,8.9115,-1,-1,-1
4395,8,1200.00,1017.00,112.00,74.00,6.9616,-1,-1,-1
4396,24,1642.00,1052.00,99.00,59.00,9.0951,-1,-1,-1
4396,8,1199.00,1021.00,110.00,69.00,6.8513,-1,-1,-1
4397,24,1642.00,1052.00,99.00,59.00,9.2570,-1,-1,-1
4397,8,1200.00,1024.00,101.00,68.00,6.6816,-1,-1,-1
4398,24,1640.00,1052.00,101.00,59.00,9.4181,-1,-1,-1
4398,8,1199.00,1027.00,91.00,67.00,6.5848,-1,-1,-1
4399,24,1639.00,1052.00,102.00,59.00,9.5570,-1,-1,-1
4399,8,1198.00,1028.00,92.00,66.00,6.5479,-1,-1,-1
4400,24,1639.00,1052.00,103.00,59.00,9.6547,-1,-1,-1
4400,8,1198.00,1029.00,91.00,65.00,6.5656,-1,-1,-1
4401,24,1639.00,1052.00,103.00,59.00,9.6963,-1,-1,-1
4401,8,1196.00,1031.00,92.00,63.00,6.5959,-1,-1,-1
4402,24,1638.00,1052.00,103.00,59.00,9.7352,-1,-1,-1
4402,8,1196.00,1033.00,93.00,61.00,6.6043,-1,-1,-1
4403,24,1637.00,1052.00,104.00,59.00,9.7568,-1,-1,-1
4403,8,1194.00,1037.00,94.00,59.00,6.6267,-1,-1,-1
4404,24,1638.00,1052.00,102.00,59.00,9.7474,-1,-1,-1
4404,8,1194.00,1038.00,91.00,58.00,6.6426,-1,-1,-1
4405,24,1639.00,1053.00,102.00,58.00,9.7596,-1,-1,-1
4405,8,1194.00,1038.00,92.00,59.00,6.6730,-1,-1,-1
4406,24,1639.00,1054.00,102.00,57.00,9.7706,-1,-1,-1
4406,8,1194.00,1038.00,94.00,59.00,6.7029,-1,-1,-1
4407,24,1639.00,1054.00,102.00,57.00,9.7910,-1,-1,-1
4407,8,1192.00,1038.00,97.00,61.00,6.7104,-1,-1,-1
4408,24,1640.00,1054.00,103.00,57.00,9.8076,-1,-1,-1
4408,8,1192.00,1037.00,98.00,63.00,6.7487,-1,-1,-1
4409,24,1641.00,1054.00,102.00,56.00,9.7888,-1,-1,-1
4409,8,1192.00,1036.00,101.00,64.00,6.7594,-1,-1,-1
4410,24,1642.00,1054.00,102.00,56.00,9.7805,-1,-1,-1
4410,8,1191.00,1037.00,104.00,64.00,6.7537,-1,-1,-1
4411,24,1641.00,1053.00,104.00,57.00,9.7528,-1,-1,-1
4411,8,1191.00,1037.00,105.00,65.00,6.7315,-1,-1,-1
4412,24,1642.00,1054.00,102.00,57.00,9.7217,-1,-1,-1
4412,8,1191.00,1036.00,112.00,67.00,6.7138,-1,-1,-1
4413,24,1642.00,1053.00,102.00,57.00,9.6752,-1,-1,-1
4413,8,1192.00,1036.00,112.00,68.00,6.7287,-1,-1,-1
4414,24,1643.00,1054.00,101.00,57.00,9.6250,-1,-1,-1
4414,8,1192.00,1038.00,104.00,65.00,6.7324,-1,-1,-1
4415,24,1644.00,1054.00,101.00,57.00,6.7864,-1,-1,-1
4415,8,1190.00,1037.00,112.00,67.00,6.7609,-1,-1,-1
4416,8,1190.00,1037.00,117.00,68.00,6.8113,-1,-1,-1
4416,24,1645.00,1054.00,101.00,57.00,4.7232,-1,-1,-1
4417,8,1189.00,1038.00,120.00,68.00,6.8545,-1,-1,-1
4418,8,1188.00,1038.00,118.00,69.00,6.8826,-1,-1,-1
4419,8,1187.00,1039.00,117.00,67.00,6.9215,-1,-1,-1
4420,8,1187.00,1039.00,116.00,68.00,6.9509,-1,-1,-1
4421,8,1186.00,1039.00,113.00,68.00,6.9873,-1,-1,-1
4422,8,1184.00,1041.00,113.00,67.00,7.0200,-1,-1,-1
4423,8,1184.00,1042.00,114.00,66.00,7.0508,-1,-1,-1
4424,8,1184.00,1043.00,112.00,67.00,7.0927,-1,-1,-1
4425,8,1183.00,1044.00,112.00,67.00,7.1508,-1,-1,-1
4426,8,1183.00,1045.00,109.00,66.00,7.2096,-1,-1,-1
4427,8,1183.00,1046.00,108.00,66.00,7.2430,-1,-1,-1
4428,8,1182.00,1046.00,107.00,66.00,7.2432,-1,-1,-1
4429,8,1180.00,1047.00,109.00,66.00,7.2282,-1,-1,-1
4429,25,1613.00,1061.00,104.00,52.00,3.5150,-1,-1,-1
4430,8,1179.00,1051.00,102.00,63.00,7.1301,-1,-1,-1
4430,25,1612.00,1060.00,106.00,54.00,4.4970,-1,-1,-1
4431,8,1177.00,1050.00,102.00,66.00,7.0562,-1,-1,-1
4431,25,1612.00,1060.00,105.00,53.00,5.3521,-1,-1,-1
4432,8,1174.00,1052.00,103.00,65.00,6.9926,-1,-1,-1
4432,25,1611.00,1061.00,105.00,52.00,6.0736,-1,-1,-1
4433,8,1171.00,1052.00,109.00,67.00,6.9472,-1,-1,-1
4433,25,1610.00,1061.00,106.00,52.00,6.6822,-1,-1,-1
4434,25,1609.00,1061.00,106.00,52.00,7.2117,-1,-1,-1
4434,8,1169.00,1054.00,106.00,65.00,6.8972,-1,-1,-1
4435,25,1608.00,1061.00,106.00,52.00,7.6494,-1,-1,-1
4435,8,1168.00,1053.00,109.00,66.00,6.8466,-1,-1,-1
4436,25,1609.00,1062.00,103.00,50.00,8.0021,-1,-1,-1
4436,8,1165.00,1051.00,114.00,69.00,6.7535,-1,-1,-1
4437,25,1607.00,1062.00,104.00,51.00,8.3137,-1,-1,-1
4437,8,1163.00,1050.00,114.00,73.00,6.6862,-1,-1,-1
4438,25,1606.00,1062.00,105.00,51.00,8.5684,-1,-1,-1
4438,8,1160.00,1046.00,118.00,75.00,6.6407,-1,-1,-1
4439,25,1604.00,1062.00,106.00,52.00,8.7883,-1,-1,-1
4439,8,1158.00,1049.00,118.00,75.00,6.6250,-1,-1,-1
4440,25,1601.00,1061.00,108.00,53.00,8.9807,-1,-1,-1
4440,8,1158.00,1048.00,113.00,74.00,6.6128,-1,-1,-1
4441,25,1600.00,1061.00,109.00,53.00,9.1428,-1,-1,-1
4441,8,1157.00,1058.00,103.00,68.00,6.5451,-1,-1,-1
4442,25,1599.00,1061.00,109.00,53.00,9.2949,-1,-1,-1
4442,8,1158.00,1063.00,87.00,62.00,6.5346,-1,-1,-1
4443,25,1597.00,1061.00,110.00,53.00,9.4267,-1,-1,-1
4443,8,1156.00,1057.00,102.00,70.00,6.5113,-1,-1,-1
4444,25,1596.00,1061.00,109.00,53.00,9.5042,-1,-1,-1
4444,8,1154.00,1058.00,102.00,70.00,6.5133,-1,-1,-1
4445,25,1595.00,1061.00,109.00,53.00,9.5619,-1,-1,-1
4445,8,1152.00,1054.00,110.00,75.00,6.5337,-1,-1,-1
4446,25,1595.00,1061.00,109.00,54.00,9.5873,-1,-1,-1
4446,8,1150.00,1052.00,115.00,76.00,6.5770,-1,-1,-1
4447,25,1595.00,1061.00,105.00,52.00,9.5880,-1,-1,-1
4447,8,1148.00,1054.00,112.00,75.00,6.6132,-1,-1,-1
4448,25,1594.00,1061.00,105.00,52.00,9.5828,-1,-1,-1
4448,8,1144.00,1054.00,118.00,77.00,6.6723,-1,-1,-1
4449,25,1591.00,1061.00,106.00,54.00,9.6388,-1,-1,-1
4449,8,1142.00,1057.00,111.00,74.00,6.7281,-1,-1,-1
4450,25,1590.00,1061.00,105.00,54.00,9.7346,-1,-1,-1
4450,8,1140.00,1053.00,124.00,79.00,6.8057,-1,-1,-1
4451,25,1590.00,1061.00,104.00,54.00,9.8141,-1,-1,-1
4451,8,1139.00,1054.00,119.00,79.00,6.8873,-1,-1,-1
4452,25,1588.00,1061.00,104.00,54.00,9.8533,-1,-1,-1
4452,8,1137.00,1054.00,121.00,80.00,6.9465,-1,-1,-1
4453,25,1587.00,1061.00,104.00,53.00,9.8736,-1,-1,-1
4453,8,1136.00,1056.00,119.00,78.00,6.9827,-1,-1,-1
4454,25,1586.00,1061.00,104.00,52.00,9.8889,-1,-1,-1
4454,8,1134.00,1058.00,119.00,77.00,7.0168,-1,-1,-1
4455,25,1582.00,1060.00,108.00,54.00,9.8822,-1,-1,-1
4455,8,1132.00,1062.00,114.00,74.00,7.0023,-1,-1,-1
4456,25,1581.00,1060.00,108.00,54.00,9.9256,-1,-1,-1
4456,8,1132.00,1065.00,112.00,72.00,6.9977,-1,-1,-1
4457,25,1579.00,1060.00,108.00,54.00,9.9851,-1,-1,-1
4457,8,1130.00,1065.00,114.00,72.00,6.9996,-1,-1,-1
4458,25,1578.00,1060.00,108.00,54.00,10.0290,-1,-1,-1
4458,8,1129.00,1070.00,109.00,68.00,6.9974,-1,-1,-1
4459,25,1579.00,1061.00,103.00,52.00,10.0521,-1,-1,-1
4459,8,1127.00,1072.00,108.00,67.00,6.9527,-1,-1,-1
4460,25,1577.00,1061.00,104.00,52.00,10.0682,-1,-1,-1
4460,8,1128.00,1075.00,103.00,64.00,6.8430,-1,-1,-1
4461,25,1575.00,1060.00,104.00,54.00,10.1222,-1,-1,-1
4461,8,1125.00,1076.00,104.00,63.00,6.7264,-1,-1,-1
4462,25,1574.00,1060.00,104.00,54.00,10.1812,-1,-1,-1
4462,8,1124.00,1079.00,93.00,62.00,6.6525,-1,-1,-1
4463,25,1573.00,1061.00,104.00,54.00,10.2275,-1,-1,-1
4463,8,1123.00,1083.00,92.00,59.00,6.5774,-1,-1,-1
4464,25,1571.00,1061.00,105.00,54.00,10.2758,-1,-1,-1
4464,8,1121.00,1084.00,94.00,59.00,6.5874,-1,-1,-1
4465,25,1569.00,1061.00,106.00,54.00,10.3060,-1,-1,-1
4465,8,1119.00,1084.00,94.00,60.00,6.5737,-1,-1,-1
4466,25,1568.00,1061.00,105.00,53.00,10.2867,-1,-1,-1
4466,8,1118.00,1083.00,96.00,62.00,6.5566,-1,-1,-1
4467,25,1567.00,1061.00,105.00,54.00,10.2709,-1,-1,-1
4467,8,1115.00,1083.00,99.00,63.00,6.5572,-1,-1,-1
4468,25,1566.00,1061.00,106.00,53.00,10.2583,-1,-1,-1
4468,8,1115.00,1079.00,102.00,66.00,6.5718,-1,-1,-1
4469,25,1565.00,1060.00,107.00,55.00,10.2773,-1,-1,-1
4469,8,1112.00,1084.00,100.00,64.00,6.5796,-1,-1,-1
4470,25,1565.00,1059.00,108.00,56.00,10.2965,-1,-1,-1
4470,8,1110.00,1086.00,101.00,63.00,6.5883,-1,-1,-1
4471,25,1563.00,1060.00,109.00,55.00,10.3082,-1,-1,-1
4471,8,1109.00,1084.00,106.00,66.00,6.6147,-1,-1,-1
4472,25,1562.00,1059.00,110.00,56.00,10.3439,-1,-1,-1
4472,8,1107.00,1083.00,109.00,69.00,6.6500,-1,-1,-1
4473,25,1561.00,1059.00,111.00,56.00,10.3802,-1,-1,-1
4473,8,1105.00,1084.00,111.00,69.00,6.6809,-1,-1,-1
4474,25,1561.00,1060.00,110.00,55.00,10.3954,-1,-1,-1
4474,8,1105.00,1084.00,109.00,70.00,6.6932,-1,-1,-1
4475,25,1541.00,1057.00,117.00,60.00,10.0328,-1,-1,-1
4475,8,1103.00,1084.00,112.00,72.00,6.7519,-1,-1,-1
4476,25,1561.00,1061.00,109.00,54.00,10.0957,-1,-1,-1
4476,8,1100.00,1084.00,111.00,73.00,6.7995,-1,-1,-1
4477,25,1561.00,1061.00,108.00,54.00,10.1288,-1,-1,-1
4477,8,1097.00,1082.00,117.00,77.00,6.8489,-1,-1,-1
4478,25,1562.00,1061.00,108.00,54.00,7.1488,-1,-1,-1
4478,8,1095.00,1085.00,113.00,75.00,6.8946,-1,-1,-1
4479,8,1093.00,1085.00,118.00,76.00,6.9307,-1,-1,-1
4479,25,1562.00,1062.00,108.00,54.00,4.9836,-1,-1,-1
4480,8,1091.00,1086.00,120.00,76.00,6.9527,-1,-1,-1
4481,8,1090.00,1083.00,125.00,80.00,6.9662,-1,-1,-1
4482,8,1089.00,1082.00,127.00,82.00,6.9959,-1,-1,-1
4483,8,1088.00,1084.00,129.00,81.00,6.9931,-1,-1,-1
4484,8,1086.00,1084.00,129.00,81.00,6.9977,-1,-1,-1
4485,8,1084.00,1085.00,127.00,81.00,6.9872,-1,-1,-1
4486,8,1083.00,1086.00,127.00,80.00,6.9593,-1,-1,-1
4486,25,1790.00,1054.00,23.00,12.00,0.2002,-1,-1,-1
4487,8,1083.00,1087.00,126.00,77.00,6.9094,-1,-1,-1
4488,8,1080.00,1090.00,125.00,75.00,6.7943,-1,-1,-1
4489,8,1080.00,1095.00,115.00,72.00,6.6919,-1,-1,-1
4489,26,1527.00,1068.00,102.00,51.00,3.4247,-1,-1,-1
4490,8,1078.00,1092.00,121.00,76.00,6.6367,-1,-1,-1
4490,26,1526.00,1068.00,102.00,51.00,4.3467,-1,-1,-1
4491,8,1074.00,1097.00,120.00,76.00,6.5885,-1,-1,-1
4491,26,1525.00,1068.00,102.00,51.00,5.1292,-1,-1,-1
4492,8,1072.00,1104.00,112.00,68.00,6.4771,-1,-1,-1
4492,26,1523.00,1068.00,102.00,51.00,5.8083,-1,-1,-1
4493,8,1072.00,1103.00,115.00,69.00,6.4173,-1,-1,-1
4493,26,1522.00,1068.00,102.00,51.00,6.3870,-1,-1,-1
4494,26,1521.00,1068.00,102.00,51.00,6.8825,-1,-1,-1
4494,8,1074.00,1109.00,96.00,63.00,6.3338,-1,-1,-1
4495,26,1519.00,1069.00,102.00,51.00,7.2807,-1,-1,-1
4495,8,1068.00,1104.00,120.00,72.00,6.3742,-1,-1,-1
4496,26,1516.00,1068.00,105.00,54.00,7.6509,-1,-1,-1
4496,8,1071.00,1108.00,101.00,66.00,6.3581,-1,-1,-1
4497,26,1517.00,1069.00,103.00,51.00,7.9283,-1,-1,-1
4497,8,1069.00,1110.00,98.00,65.00,6.3894,-1,-1,-1
4498,26,1514.00,1069.00,107.00,53.00,8.2224,-1,-1,-1
4498,8,1067.00,1108.00,100.00,68.00,6.4399,-1,-1,-1
4499,26,1513.00,1069.00,108.00,53.00,8.4353,-1,-1,-1
4499,8,1067.00,1109.00,99.00,66.00,6.4928,-1,-1,-1
4500,26,1513.00,1069.00,105.00,53.00,8.6341,-1,-1,-1
4500,8,1064.00,1110.00,98.00,67.00,6.5552,-1,-1,-1
4501,26,1511.00,1069.00,106.00,53.00,8.7802,-1,-1,-1
4501,8,1062.00,1111.00,102.00,68.00,6.6254,-1,-1,-1
4502,26,1510.00,1069.00,106.00,53.00,8.9114,-1,-1,-1
4502,8,1061.00,1112.00,103.00,69.00,6.6718,-1,-1,-1
4503,26,1509.00,1070.00,105.00,53.00,9.0249,-1,-1,-1
4503,8,1059.00,1111.00,108.00,71.00,6.7119,-1,-1,-1
4504,26,1507.00,1070.00,106.00,52.00,9.1013,-1,-1,-1
4504,8,1059.00,1110.00,106.00,71.00,6.6970,-1,-1,-1
4505,26,1507.00,1071.00,106.00,52.00,9.1710,-1,-1,-1
4505,8,1058.00,1111.00,103.00,71.00,6.7031,-1,-1,-1
4506,26,1505.00,1071.00,106.00,52.00,9.1995,-1,-1,-1
4506,8,1057.00,1110.00,103.00,72.00,6.6901,-1,-1,-1
4507,26,1505.00,1071.00,105.00,52.00,9.2149,-1,-1,-1
4507,8,1055.00,1110.00,105.00,74.00,6.6884,-1,-1,-1
4508,8,1053.00,1115.00,100.00,71.00,6.6161,-1,-1,-1
4508,26,1504.00,1071.00,105.00,52.00,6.4904,-1,-1,-1
4509,8,1049.00,1117.00,100.00,71.00,6.6248,-1,-1,-1
4509,26,1503.00,1071.00,105.00,52.00,4.5109,-1,-1,-1
4510,8,1046.00,1117.00,105.00,71.00,6.6826,-1,-1,-1
4511,8,1045.00,1117.00,109.00,73.00,6.7126,-1,-1,-1
4512,8,1042.00,1117.00,111.00,74.00,6.7664,-1,-1,-1
4513,8,1041.00,1118.00,111.00,73.00,6.7976,-1,-1,-1
4514,8,1041.00,1119.00,111.00,71.00,6.8013,-1,-1,-1
4515,8,1039.00,1123.00,107.00,69.00,6.7155,-1,-1,-1
4516,8,1038.00,1121.00,108.00,72.00,6.6197,-1,-1,-1
4516,26,1468.00,1176.00,18.00,12.00,0.3957,-1,-1,-1
4517,8,1038.00,1127.00,101.00,69.00,6.4827,-1,-1,-1
4518,8,1037.00,1127.00,104.00,71.00,6.4059,-1,-1,-1
4519,8,1036.00,1130.00,98.00,69.00,6.3664,-1,-1,-1
4519,27,1477.00,1073.00,111.00,62.00,3.5384,-1,-1,-1
4520,8,1032.00,1130.00,105.00,71.00,6.3276,-1,-1,-1
4520,27,1477.00,1073.00,111.00,62.00,4.4292,-1,-1,-1
4521,8,1028.00,1129.00,112.00,73.00,6.2457,-1,-1,-1
4521,27,1476.00,1073.00,111.00,62.00,5.2101,-1,-1,-1
4522,8,1029.00,1133.00,94.00,68.00,6.1716,-1,-1,-1
4522,27,1475.00,1074.00,111.00,62.00,5.8775,-1,-1,-1
4523,27,1475.00,1074.00,111.00,61.00,6.4513,-1,-1,-1
4523,8,1026.00,1133.00,97.00,69.00,6.1332,-1,-1,-1
4524,27,1475.00,1075.00,109.00,60.00,6.9321,-1,-1,-1
4524,8,1025.00,1135.00,96.00,68.00,6.1484,-1,-1,-1
4525,27,1474.00,1075.00,109.00,60.00,7.3567,-1,-1,-1
4525,8,1023.00,1134.00,100.00,69.00,6.1898,-1,-1,-1
4526,27,1474.00,1075.00,109.00,60.00,7.7322,-1,-1,-1
4526,8,1021.00,1133.00,103.00,71.00,6.2062,-1,-1,-1
4527,27,1472.00,1076.00,108.00,59.00,8.0324,-1,-1,-1
4527,8,1020.00,1131.00,103.00,75.00,6.2371,-1,-1,-1
4528,27,1472.00,1076.00,108.00,60.00,8.2961,-1,-1,-1
4528,8,1020.00,1130.00,103.00,77.00,6.2351,-1,-1,-1
4529,27,1472.00,1076.00,107.00,60.00,8.5075,-1,-1,-1
4529,8,1019.00,1126.00,110.00,82.00,6.3059,-1,-1,-1
4530,27,1470.00,1076.00,108.00,60.00,8.6641,-1,-1,-1
4530,8,1018.00,1130.00,108.00,79.00,6.3410,-1,-1,-1
4531,27,1470.00,1076.00,108.00,61.00,8.8372,-1,-1,-1
4531,8,1017.00,1131.00,105.00,78.00,6.3609,-1,-1,-1
4532,27,1469.00,1077.00,106.00,60.00,9.0118,-1,-1,-1
4532,8,1017.00,1135.00,99.00,75.00,6.3621,-1,-1,-1
4533,27,1469.00,1077.00,106.00,60.00,9.1683,-1,-1,-1
4533,8,1015.00,1139.00,98.00,72.00,6.3288,-1,-1,-1
4534,27,1468.00,1077.00,106.00,60.00,9.2986,-1,-1,-1
4534,8,1014.00,1139.00,99.00,73.00,6.3132,-1,-1,-1
4535,27,1465.00,1078.00,108.00,60.00,9.3813,-1,-1,-1
4535,8,1013.00,1142.00,97.00,71.00,6.2771,-1,-1,-1
4536,27,1464.00,1077.00,108.00,60.00,9.4124,-1,-1,-1
4536,8,1010.00,1145.00,97.00,70.00,6.2612,-1,-1,-1
4537,27,1464.00,1077.00,107.00,60.00,9.3755,-1,-1,-1
4537,8,1008.00,1144.00,99.00,72.00,6.2624,-1,-1,-1
4538,27,1464.00,1077.00,108.00,60.00,9.3425,-1,-1,-1
4538,8,1007.00,1148.00,97.00,70.00,6.2793,-1,-1,-1
4539,27,1462.00,1077.00,107.00,59.00,9.3344,-1,-1,-1
4539,8,1006.00,1150.00,96.00,68.00,6.2843,-1,-1,-1
4540,27,1460.00,1077.00,107.00,59.00,6.5683,-1,-1,-1
4540,8,1006.00,1153.00,86.00,66.00,6.2722,-1,-1,-1
4541,8,1006.00,1148.00,89.00,72.00,6.2790,-1,-1,-1
4541,27,1458.00,1077.00,107.00,59.00,4.5535,-1,-1,-1
4542,8,1003.00,1154.00,85.00,66.00,6.2948,-1,-1,-1
4543,8,1001.00,1155.00,86.00,66.00,6.3397,-1,-1,-1
4544,8,1001.00,1157.00,81.00,64.00,6.3692,-1,-1,-1
4545,8,999.00,1155.00,85.00,68.00,6.4061,-1,-1,-1
4546,8,998.00,1156.00,86.00,68.00,6.4387,-1,-1,-1
4546,27,1653.00,1050.00,22.00,12.00,0.7667,-1,-1,-1
4547,8,996.00,1156.00,90.00,70.00,6.4607,-1,-1,-1
4547,27,1802.00,999.00,22.00,12.00,0.1517,-1,-1,-1
4548,8,995.00,1158.00,85.00,69.00,6.4926,-1,-1,-1
4549,8,993.00,1159.00,85.00,69.00,6.5434,-1,-1,-1
4549,28,1430.00,1081.00,112.00,60.00,3.5152,-1,-1,-1
4550,8,991.00,1156.00,98.00,74.00,6.5435,-1,-1,-1
4550,28,1428.00,1081.00,113.00,61.00,4.5053,-1,-1,-1
4551,8,989.00,1154.00,105.00,77.00,6.5563,-1,-1,-1
4551,28,1428.00,1081.00,113.00,61.00,5.3334,-1,-1,-1
4552,8,989.00,1156.00,95.00,76.00,6.5526,-1,-1,-1
4552,28,1427.00,1081.00,114.00,61.00,6.0333,-1,-1,-1
4553,28,1427.00,1081.00,113.00,61.00,6.6283,-1,-1,-1
4553,8,988.00,1156.00,94.00,76.00,6.5685,-1,-1,-1
4554,28,1427.00,1081.00,112.00,61.00,7.1611,-1,-1,-1
4554,8,986.00,1157.00,96.00,77.00,6.6360,-1,-1,-1
4555,28,1427.00,1082.00,112.00,60.00,7.6054,-1,-1,-1
4555,8,984.00,1157.00,98.00,78.00,6.6698,-1,-1,-1
4556,28,1427.00,1082.00,111.00,60.00,7.9862,-1,-1,-1
4556,8,981.00,1160.00,95.00,76.00,6.7228,-1,-1,-1
4557,28,1426.00,1082.00,112.00,60.00,8.3124,-1,-1,-1
4557,8,980.00,1157.00,99.00,80.00,6.7812,-1,-1,-1
4558,28,1426.00,1082.00,111.00,60.00,8.5106,-1,-1,-1
4558,8,977.00,1158.00,101.00,82.00,6.8148,-1,-1,-1
4559,28,1426.00,1084.00,108.00,59.00,8.6396,-1,-1,-1
4559,8,975.00,1162.00,96.00,80.00,6.7804,-1,-1,-1
4560,28,1425.00,1084.00,109.00,59.00,8.7616,-1,-1,-1
4560,8,974.00,1166.00,94.00,76.00,6.6320,-1,-1,-1
4561,28,1424.00,1085.00,108.00,58.00,8.8218,-1,-1,-1
4561,8,975.00,1174.00,88.00,70.00,6.5050,-1,-1,-1
4562,28,1424.00,1085.00,109.00,58.00,8.8656,-1,-1,-1
4562,8,974.00,1174.00,89.00,70.00,6.3513,-1,-1,-1
4563,28,1423.00,1085.00,110.00,59.00,8.9199,-1,-1,-1
4563,8,971.00,1172.00,96.00,74.00,6.2563,-1,-1,-1
4564,28,1423.00,1085.00,109.00,59.00,8.9865,-1,-1,-1
4564,8,971.00,1177.00,90.00,70.00,6.2140,-1,-1,-1
4565,28,1421.00,1085.00,107.00,59.00,9.0726,-1,-1,-1
4565,8,967.00,1169.00,108.00,81.00,6.2350,-1,-1,-1
4566,28,1421.00,1085.00,108.00,60.00,9.1567,-1,-1,-1
4566,8,965.00,1169.00,112.00,82.00,6.3007,-1,-1,-1
4567,28,1420.00,1085.00,108.00,60.00,9.2136,-1,-1,-1
4567,8,964.00,1171.00,109.00,80.00,6.3378,-1,-1,-1
4568,28,1419.00,1085.00,108.00,60.00,9.2647,-1,-1,-1
4568,8,962.00,1172.00,110.00,80.00,6.3372,-1,-1,-1
4569,28,1419.00,1085.00,108.00,60.00,6.5259,-1,-1,-1
4569,8,962.00,1172.00,110.00,81.00,6.3228,-1,-1,-1
4570,8,962.00,1171.00,111.00,81.00,6.3216,-1,-1,-1
4570,28,1419.00,1085.00,108.00,60.00,4.5386,-1,-1,-1
4571,8,959.00,1174.00,111.00,79.00,6.2953,-1,-1,-1
4572,8,962.00,1176.00,96.00,77.00,6.2617,-1,-1,-1
4573,8,960.00,1165.00,123.00,94.00,6.3718,-1,-1,-1
4574,8,959.00,1165.00,124.00,96.00,6.4457,-1,-1,-1
4575,8,956.00,1167.00,122.00,94.00,6.4823,-1,-1,-1
4576,8,953.00,1170.00,120.00,90.00,6.5204,-1,-1,-1
4577,8,946.00,1174.00,114.00,86.00,6.5702,-1,-1,-1
4578,8,939.00,1171.00,124.00,93.00,6.6473,-1,-1,-1
4579,8,938.00,1172.00,122.00,94.00,6.6938,-1,-1,-1
4580,8,934.00,1174.00,123.00,96.00,6.6815,-1,-1,-1
4581,8,935.00,1172.00,127.00,98.00,6.7572,-1,-1,-1
4582,8,944.00,1186.00,102.00,79.00,6.5904,-1,-1,-1
4583,8,941.00,1189.00,100.00,78.00,6.5048,-1,-1,-1
4584,8,939.00,1189.00,101.00,80.00,6.4222,-1,-1,-1
4585,8,938.00,1194.00,93.00,75.00,6.3706,-1,-1,-1
4586,8,937.00,1196.00,89.00,73.00,6.3244,-1,-1,-1
4587,8,936.00,1197.00,91.00,73.00,6.2973,-1,-1,-1
4588,8,936.00,1203.00,78.00,66.00,6.2553,-1,-1,-1
4589,8,933.00,1202.00,83.00,69.00,6.2260,-1,-1,-1
4590,8,931.00,1203.00,84.00,70.00,6.1920,-1,-1,-1
4591,8,929.00,1209.00,78.00,65.00,6.2093,-1,-1,-1
4592,8,929.00,1208.00,78.00,68.00,6.2030,-1,-1,-1
4593,8,928.00,1209.00,77.00,68.00,6.1825,-1,-1,-1
4594,8,928.00,1209.00,78.00,70.00,6.2061,-1,-1,-1
4595,8,926.00,1210.00,82.00,71.00,6.2085,-1,-1,-1
4596,8,924.00,1210.00,83.00,73.00,6.2269,-1,-1,-1
4597,8,921.00,1211.00,85.00,74.00,6.1843,-1,-1,-1
4598,8,921.00,1207.00,92.00,76.00,6.1586,-1,-1,-1
4599,8,921.00,1207.00,93.00,77.00,6.1627,-1,-1,-1
4600,8,920.00,1206.00,98.00,81.00,6.2046,-1,-1,-1
4600,29,1364.00,1107.00,100.00,58.00,3.3084,-1,-1,-1
4601,8,918.00,1207.00,101.00,80.00,6.2457,-1,-1,-1
4601,29,1363.00,1106.00,102.00,60.00,4.2251,-1,-1,-1
4602,8,917.00,1207.00,104.00,81.00,6.3165,-1,-1,-1
4602,29,1362.00,1107.00,100.00,58.00,4.9507,-1,-1,-1
4603,8,914.00,1210.00,99.00,80.00,6.2031,-1,-1,-1
4603,29,1362.00,1107.00,99.00,58.00,5.5310,-1,-1,-1
4604,8,911.00,1210.00,107.00,82.00,6.0666,-1,-1,-1
4604,29,1361.00,1109.00,96.00,56.00,6.0318,-1,-1,-1
4605,29,1359.00,1109.00,99.00,56.00,6.4514,-1,-1,-1
4605,8,907.00,1211.00,110.00,82.00,5.8315,-1,-1,-1
4606,29,1357.00,1110.00,97.00,56.00,6.8353,-1,-1,-1
4606,8,904.00,1211.00,114.00,85.00,5.7272,-1,-1,-1
4607,29,1356.00,1110.00,96.00,56.00,7.1678,-1,-1,-1
4607,8,903.00,1207.00,118.00,90.00,5.6490,-1,-1,-1
4608,29,1355.00,1110.00,96.00,56.00,7.4811,-1,-1,-1
4608,8,902.00,1214.00,104.00,84.00,5.5737,-1,-1,-1
4609,29,1354.00,1110.00,96.00,56.00,7.7396,-1,-1,-1
4609,8,900.00,1216.00,102.00,83.00,5.5733,-1,-1,-1
4610,29,1352.00,1110.00,99.00,56.00,7.9735,-1,-1,-1
4610,8,899.00,1214.00,103.00,86.00,5.5241,-1,-1,-1
4611,29,1350.00,1110.00,98.00,56.00,8.1862,-1,-1,-1
4611,8,899.00,1218.00,99.00,82.00,5.4239,-1,-1,-1
4612,29,1348.00,1110.00,100.00,57.00,8.4063,-1,-1,-1
4612,8,899.00,1220.00,97.00,81.00,5.3644,-1,-1,-1
4613,29,1347.00,1111.00,100.00,56.00,8.6051,-1,-1,-1
4613,8,896.00,1220.00,101.00,82.00,5.2857,-1,-1,-1
4614,29,1347.00,1110.00,101.00,57.00,8.7700,-1,-1,-1
4614,8,898.00,1233.00,78.00,68.00,5.2074,-1,-1,-1
4615,29,1347.00,1110.00,101.00,57.00,6.1661,-1,-1,-1
4615,8,896.00,1223.00,95.00,80.00,4.8411,-1,-1,-1
4616,29,1345.00,1110.00,101.00,58.00,6.6625,-1,-1,-1
4616,8,892.00,1218.00,107.00,87.00,4.6038,-1,-1,-1
4617,29,1343.00,1111.00,101.00,58.00,4.6440,-1,-1,-1
4617,8,893.00,1228.00,88.00,76.00,4.6142,-1,-1,-1
4618,8,890.00,1231.00,89.00,75.00,4.7540,-1,-1,-1
4618,29,1341.00,1111.00,101.00,58.00,3.1679,-1,-1,-1
4619,8,890.00,1233.00,86.00,74.00,4.8679,-1,-1,-1
4620,8,888.00,1236.00,85.00,72.00,5.0596,-1,-1,-1
4621,8,886.00,1234.00,88.00,76.00,5.2367,-1,-1,-1
4622,8,885.00,1239.00,85.00,72.00,5.3733,-1,-1,-1
4623,8,882.00,1241.00,86.00,73.00,5.3967,-1,-1,-1
4624,8,880.00,1240.00,90.00,75.00,5.3867,-1,-1,-1
4624,30,1321.00,1114.00,105.00,64.00,3.2875,-1,-1,-1
4625,8,880.00,1237.00,93.00,80.00,5.4218,-1,-1,-1
4625,30,1320.00,1113.00,106.00,66.00,4.2203,-1,-1,-1
4626,8,877.00,1235.00,100.00,83.00,5.4572,-1,-1,-1
4626,30,1320.00,1114.00,104.00,64.00,5.0024,-1,-1,-1
4627,30,1320.00,1114.00,104.00,64.00,5.7196,-1,-1,-1
4627,8,875.00,1233.00,106.00,88.00,5.4461,-1,-1,-1
4628,30,1319.00,1114.00,105.00,64.00,6.3042,-1,-1,-1
4628,8,875.00,1235.00,105.00,85.00,5.4161,-1,-1,-1
4629,30,1319.00,1116.00,103.00,63.00,6.7631,-1,-1,-1
4629,8,873.00,1238.00,109.00,86.00,5.4755,-1,-1,-1
4630,30,1318.00,1116.00,102.00,63.00,7.1756,-1,-1,-1
4630,8,873.00,1241.00,105.00,83.00,5.5210,-1,-1,-1
4631,30,1317.00,1117.00,102.00,62.00,7.5359,-1,-1,-1
4631,8,871.00,1243.00,103.00,81.00,5.5851,-1,-1,-1
4632,30,1317.00,1117.00,102.00,62.00,7.8633,-1,-1,-1
4632,8,872.00,1247.00,94.00,79.00,5.6435,-1,-1,-1
4633,30,1317.00,1117.00,103.00,62.00,8.1264,-1,-1,-1
4633,8,872.00,1253.00,84.00,72.00,5.7138,-1,-1,-1
4634,30,1316.00,1118.00,102.00,63.00,8.3798,-1,-1,-1
4634,8,871.00,1255.00,84.00,72.00,5.8555,-1,-1,-1
4635,30,1315.00,1119.00,101.00,62.00,8.6001,-1,-1,-1
4635,8,867.00,1252.00,95.00,78.00,5.9607,-1,-1,-1
4636,30,1314.00,1119.00,101.00,62.00,8.7870,-1,-1,-1
4636,8,865.00,1253.00,92.00,78.00,6.0865,-1,-1,-1
4637,30,1312.00,1120.00,104.00,61.00,8.9558,-1,-1,-1
4637,8,862.00,1250.00,102.00,84.00,6.1714,-1,-1,-1
4638,30,1312.00,1121.00,104.00,61.00,6.3035,-1,-1,-1
4638,8,861.00,1252.00,101.00,81.00,6.2851,-1,-1,-1
4639,8,860.00,1253.00,98.00,81.00,6.3690,-1,-1,-1
4639,30,1312.00,1121.00,104.00,61.00,4.3770,-1,-1,-1
4640,8,858.00,1251.00,103.00,85.00,6.4584,-1,-1,-1
4641,8,857.00,1252.00,102.00,85.00,6.5485,-1,-1,-1
4642,8,854.00,1251.00,107.00,87.00,6.6389,-1,-1,-1
4643,8,853.00,1249.00,112.00,90.00,6.7088,-1,-1,-1
4644,8,852.00,1253.00,106.00,87.00,6.6770,-1,-1,-1
4645,8,851.00,1254.00,106.00,86.00,6.5645,-1,-1,-1
4646,8,850.00,1255.00,106.00,85.00,6.3951,-1,-1,-1
4647,8,848.00,1253.00,113.00,89.00,6.2947,-1,-1,-1
4648,8,845.00,1260.00,112.00,85.00,6.1406,-1,-1,-1
4649,8,845.00,1254.00,114.00,89.00,5.9322,-1,-1,-1
4650,8,843.00,1262.00,111.00,84.00,5.8290,-1,-1,-1
4651,8,841.00,1265.00,107.00,82.00,5.7017,-1,-1,-1
4652,8,839.00,1263.00,112.00,86.00,5.6253,-1,-1,-1
4653,8,835.00,1264.00,114.00,86.00,5.4488,-1,-1,-1
4654,8,836.00,1262.00,115.00,86.00,5.2852,-1,-1,-1
4654,31,1279.00,1137.00,94.00,56.00,3.2076,-1,-1,-1
4655,8,836.00,1270.00,92.00,78.00,5.2386,-1,-1,-1
4655,31,1278.00,1136.00,94.00,57.00,3.9913,-1,-1,-1
4656,8,834.00,1271.00,94.00,79.00,5.2339,-1,-1,-1
4656,31,1278.00,1137.00,96.00,56.00,4.6566,-1,-1,-1
4657,8,833.00,1271.00,95.00,82.00,5.3105,-1,-1,-1
4657,31,1276.00,1137.00,95.00,56.00,5.2300,-1,-1,-1
4658,31,1275.00,1136.00,96.00,58.00,5.7227,-1,-1,-1
4658,8,830.00,1274.00,93.00,81.00,5.3403,-1,-1,-1
4659,31,1274.00,1137.00,96.00,59.00,6.1843,-1,-1,-1
4659,8,831.00,1282.00,79.00,75.00,5.3697,-1,-1,-1
4660,31,1273.00,1137.00,95.00,59.00,6.5896,-1,-1,-1
4660,8,829.00,1281.00,86.00,77.00,5.3801,-1,-1,-1
4661,31,1273.00,1138.00,94.00,57.00,6.9550,-1,-1,-1
4661,8,828.00,1284.00,81.00,75.00,5.3680,-1,-1,-1
4662,31,1272.00,1137.00,95.00,58.00,7.2908,-1,-1,-1
4662,8,827.00,1279.00,89.00,80.00,5.3562,-1,-1,-1
4663,31,1271.00,1138.00,95.00,57.00,7.5582,-1,-1,-1
4663,8,825.00,1277.00,95.00,84.00,5.3750,-1,-1,-1
4664,31,1270.00,1137.00,96.00,58.00,7.8159,-1,-1,-1
4664,8,823.00,1268.00,109.00,94.00,5.4718,-1,-1,-1
4665,31,1269.00,1137.00,98.00,59.00,8.0459,-1,-1,-1
4665,8,821.00,1266.00,115.00,99.00,5.5369,-1,-1,-1
4666,31,1268.00,1138.00,98.00,58.00,8.2426,-1,-1,-1
4666,8,820.00,1274.00,107.00,91.00,5.4922,-1,-1,-1
4667,31,1267.00,1138.00,97.00,58.00,8.3805,-1,-1,-1
4667,8,818.00,1272.00,112.00,95.00,5.5050,-1,-1,-1
4668,31,1265.00,1139.00,96.00,57.00,8.5193,-1,-1,-1
4668,8,816.00,1274.00,114.00,94.00,5.4814,-1,-1,-1
4669,31,1265.00,1139.00,95.00,58.00,8.6279,-1,-1,-1
4669,8,814.00,1282.00,107.00,89.00,5.3583,-1,-1,-1
4670,31,1264.00,1137.00,96.00,61.00,8.7219,-1,-1,-1
4670,8,813.00,1283.00,107.00,89.00,5.2119,-1,-1,-1
4671,31,1262.00,1137.00,97.00,61.00,8.7889,-1,-1,-1
4671,8,814.00,1298.00,80.00,72.00,5.1750,-1,-1,-1
4672,31,1262.00,1137.00,98.00,61.00,8.9025,-1,-1,-1
4672,8,810.00,1306.00,63.00,66.00,4.6057,-1,-1,-1
4673,31,1261.00,1137.00,98.00,61.00,8.9940,-1,-1,-1
4673,8,809.00,1305.00,64.00,69.00,4.1395,-1,-1,-1
4674,31,1260.00,1138.00,97.00,60.00,9.0690,-1,-1,-1
4674,8,807.00,1286.00,106.00,91.00,4.5083,-1,-1,-1
4675,31,1259.00,1138.00,99.00,60.00,9.0854,-1,-1,-1
4675,8,806.00,1282.00,111.00,97.00,4.8545,-1,-1,-1
4676,31,1258.00,1138.00,101.00,60.00,9.0503,-1,-1,-1
4676,8,805.00,1285.00,111.00,94.00,5.1579,-1,-1,-1
4677,31,1258.00,1138.00,101.00,60.00,6.3686,-1,-1,-1
4677,8,801.00,1287.00,114.00,96.00,5.4209,-1,-1,-1
4678,8,801.00,1284.00,119.00,97.00,5.6561,-1,-1,-1
4678,31,1258.00,1138.00,101.00,60.00,4.4193,-1,-1,-1
4679,8,798.00,1282.00,122.00,101.00,5.8311,-1,-1,-1
4680,8,798.00,1279.00,127.00,104.00,6.0308,-1,-1,-1
4681,8,796.00,1280.00,127.00,106.00,6.1819,-1,-1,-1
4682,8,794.00,1281.00,126.00,107.00,6.2948,-1,-1,-1
4683,8,793.00,1282.00,127.00,108.00,6.3995,-1,-1,-1
4684,8,792.00,1283.00,130.00,107.00,6.4731,-1,-1,-1
4684,32,1237.00,1148.00,97.00,61.00,3.4171,-1,-1,-1
4685,8,792.00,1285.00,129.00,106.00,6.3895,-1,-1,-1
4685,32,1237.00,1148.00,97.00,61.00,4.3974,-1,-1,-1
4686,8,790.00,1294.00,118.00,101.00,6.0967,-1,-1,-1
4686,32,1235.00,1148.00,98.00,61.00,5.2330,-1,-1,-1
4687,32,1234.00,1149.00,97.00,61.00,5.9395,-1,-1,-1
4687,8,787.00,1294.00,122.00,101.00,5.6168,-1,-1,-1
4688,32,1234.00,1149.00,98.00,61.00,6.5563,-1,-1,-1
4688,8,788.00,1294.00,120.00,101.00,5.1681,-1,-1,-1
4689,32,1233.00,1149.00,98.00,62.00,7.0914,-1,-1,-1
4689,8,790.00,1286.00,125.00,108.00,4.5907,-1,-1,-1
4690,32,1233.00,1149.00,97.00,62.00,7.5306,-1,-1,-1
4690,8,787.00,1315.00,85.00,83.00,4.3845,-1,-1,-1
4691,32,1232.00,1149.00,97.00,62.00,7.8991,-1,-1,-1
4691,8,784.00,1312.00,92.00,88.00,4.1930,-1,-1,-1
4692,32,1231.00,1149.00,98.00,62.00,8.2002,-1,-1,-1
4692,8,782.00,1314.00,92.00,87.00,4.2272,-1,-1,-1
4693,32,1231.00,1150.00,99.00,62.00,8.4396,-1,-1,-1
4693,8,784.00,1318.00,87.00,82.00,4.3303,-1,-1,-1
4694,32,1230.00,1150.00,101.00,62.00,8.6790,-1,-1,-1
4694,8,780.00,1318.00,96.00,84.00,4.4834,-1,-1,-1
4695,32,1228.00,1151.00,100.00,61.00,8.8270,-1,-1,-1
4695,8,780.00,1316.00,99.00,86.00,4.6890,-1,-1,-1
4696,32,1227.00,1152.00,101.00,61.00,8.9558,-1,-1,-1
4696,8,779.00,1316.00,99.00,88.00,4.7923,-1,-1,-1
4697,32,1226.00,1152.00,102.00,61.00,9.0602,-1,-1,-1
4697,8,777.00,1320.00,93.00,85.00,4.7660,-1,-1,-1
4698,32,1226.00,1152.00,102.00,61.00,9.1452,-1,-1,-1
4698,8,775.00,1320.00,97.00,85.00,4.7675,-1,-1,-1
4699,32,1226.00,1152.00,102.00,61.00,6.4368,-1,-1,-1
4699,8,773.00,1315.00,105.00,92.00,4.8478,-1,-1,-1
4700,8,770.00,1312.00,112.00,97.00,4.9551,-1,-1,-1
4700,32,1225.00,1153.00,102.00,61.00,4.4680,-1,-1,-1
4701,8,770.00,1316.00,106.00,95.00,4.9161,-1,-1,-1
4702,8,770.00,1333.00,85.00,79.00,4.9105,-1,-1,-1
4703,8,769.00,1322.00,94.00,90.00,4.9487,-1,-1,-1
4704,8,767.00,1331.00,89.00,84.00,4.9882,-1,-1,-1
4705,8,765.00,1333.00,89.00,83.00,5.0523,-1,-1,-1
4706,8,764.00,1334.00,90.00,83.00,5.1608,-1,-1,-1
4707,8,762.00,1332.00,96.00,86.00,5.2274,-1,-1,-1
4708,8,759.00,1323.00,103.00,99.00,5.2749,-1,-1,-1
4709,8,757.00,1329.00,103.00,93.00,5.3172,-1,-1,-1
4710,8,755.00,1327.00,105.00,97.00,5.3732,-1,-1,-1
4711,8,755.00,1331.00,102.00,94.00,5.4570,-1,-1,-1
4712,8,752.00,1327.00,109.00,99.00,5.5554,-1,-1,-1
4713,8,751.00,1327.00,108.00,99.00,5.6347,-1,-1,-1
4714,8,748.00,1329.00,107.00,101.00,5.6440,-1,-1,-1
4714,33,1184.00,1169.00,110.00,65.00,3.3034,-1,-1,-1
4715,8,748.00,1331.00,105.00,100.00,5.6185,-1,-1,-1
4715,33,1183.00,1169.00,110.00,66.00,4.2548,-1,-1,-1
4716,8,745.00,1328.00,111.00,106.00,5.5913,-1,-1,-1
4716,33,1182.00,1170.00,110.00,66.00,5.0902,-1,-1,-1
4717,33,1181.00,1171.00,108.00,66.00,5.7964,-1,-1,-1
4717,8,748.00,1340.00,91.00,94.00,5.5322,-1,-1,-1
4718,33,1180.00,1171.00,110.00,67.00,6.4248,-1,-1,-1
4718,8,746.00,1340.00,93.00,96.00,5.4390,-1,-1,-1
4719,33,1179.00,1172.00,110.00,68.00,6.9668,-1,-1,-1
4719,8,745.00,1348.00,86.00,89.00,5.4841,-1,-1,-1
4720,33,1177.00,1172.00,110.00,68.00,7.4421,-1,-1,-1
4720,8,744.00,1350.00,85.00,88.00,5.5211,-1,-1,-1
4721,33,1177.00,1173.00,109.00,67.00,7.7673,-1,-1,-1
4721,8,743.00,1354.00,82.00,85.00,5.4587,-1,-1,-1
4722,33,1176.00,1174.00,107.00,65.00,8.0545,-1,-1,-1
4722,8,742.00,1368.00,70.00,70.00,5.4293,-1,-1,-1
4723,33,1175.00,1174.00,108.00,66.00,8.3108,-1,-1,-1
4723,8,741.00,1367.00,72.00,71.00,5.4280,-1,-1,-1
4724,33,1175.00,1173.00,109.00,68.00,8.5361,-1,-1,-1
4724,8,740.00,1374.00,65.00,65.00,5.5164,-1,-1,-1
4725,33,1175.00,1176.00,106.00,65.00,8.6822,-1,-1,-1
4725,8,737.00,1368.00,76.00,73.00,5.5426,-1,-1,-1
4726,33,1175.00,1177.00,103.00,63.00,8.7626,-1,-1,-1
4726,8,735.00,1362.00,85.00,81.00,5.5647,-1,-1,-1
4727,33,1174.00,1177.00,103.00,63.00,8.8466,-1,-1,-1
4727,8,734.00,1364.00,83.00,81.00,5.6080,-1,-1,-1
4728,33,1174.00,1177.00,104.00,64.00,8.9198,-1,-1,-1
4728,8,732.00,1359.00,93.00,86.00,5.6730,-1,-1,-1
4729,33,1174.00,1177.00,104.00,63.00,8.9672,-1,-1,-1
4729,8,730.00,1357.00,97.00,88.00,5.7578,-1,-1,-1
4730,33,1174.00,1178.00,103.00,62.00,8.9621,-1,-1,-1
4730,8,728.00,1355.00,102.00,92.00,5.8186,-1,-1,-1
4731,33,1174.00,1178.00,101.00,61.00,8.8683,-1,-1,-1
4731,8,725.00,1353.00,108.00,96.00,5.8543,-1,-1,-1
4732,33,1173.00,1178.00,101.00,61.00,6.2365,-1,-1,-1
4732,8,723.00,1354.00,112.00,96.00,5.9452,-1,-1,-1
4733,8,722.00,1355.00,113.00,97.00,6.0446,-1,-1,-1
4733,33,1172.00,1178.00,101.00,61.00,4.3209,-1,-1,-1
4734,8,722.00,1365.00,96.00,88.00,6.1252,-1,-1,-1
4735,8,721.00,1365.00,99.00,88.00,6.2466,-1,-1,-1
4736,8,720.00,1372.00,91.00,82.00,6.3316,-1,-1,-1
4737,8,717.00,1369.00,100.00,88.00,6.4429,-1,-1,-1
4738,8,714.00,1370.00,100.00,89.00,6.4977,-1,-1,-1
4739,8,712.00,1373.00,99.00,89.00,6.4910,-1,-1,-1
4740,8,710.00,1373.00,101.00,92.00,6.4027,-1,-1,-1
4741,8,711.00,1381.00,95.00,84.00,6.2876,-1,-1,-1
4742,8,709.00,1381.00,98.00,85.00,6.2167,-1,-1,-1
4743,8,709.00,1383.00,96.00,85.00,6.2056,-1,-1,-1
4744,8,707.00,1378.00,106.00,92.00,6.2731,-1,-1,-1
4744,34,1144.00,1187.00,98.00,63.00,3.4261,-1,-1,-1
4745,8,706.00,1377.00,107.00,96.00,6.3541,-1,-1,-1
4745,34,1144.00,1187.00,98.00,63.00,4.3156,-1,-1,-1
4746,8,704.00,1373.00,113.00,103.00,6.4399,-1,-1,-1
4746,34,1143.00,1187.00,99.00,63.00,5.0883,-1,-1,-1
4747,8,703.00,1378.00,109.00,98.00,6.5033,-1,-1,-1
4747,34,1142.00,1188.00,101.00,63.00,5.7457,-1,-1,-1
4748,8,701.00,1375.00,113.00,104.00,6.4959,-1,-1,-1
4748,34,1141.00,1188.00,101.00,63.00,6.2897,-1,-1,-1
4749,34,1140.00,1188.00,102.00,64.00,6.7724,-1,-1,-1
4749,8,700.00,1376.00,113.00,103.00,6.4440,-1,-1,-1
4750,34,1139.00,1188.00,101.00,65.00,7.1736,-1,-1,-1
4750,8,699.00,1376.00,113.00,104.00,6.3480,-1,-1,-1
4751,34,1139.00,1190.00,101.00,63.00,7.5001,-1,-1,-1
4751,8,709.00,1369.00,118.00,107.00,5.6386,-1,-1,-1
4752,34,1138.00,1190.00,101.00,64.00,7.8202,-1,-1,-1
4752,8,700.00,1395.00,84.00,87.00,5.5961,-1,-1,-1
4753,34,1138.00,1191.00,101.00,63.00,8.1079,-1,-1,-1
4753,8,698.00,1394.00,90.00,90.00,5.5946,-1,-1,-1
4754,34,1137.00,1192.00,100.00,63.00,8.3813,-1,-1,-1
4754,8,697.00,1395.00,91.00,90.00,5.5577,-1,-1,-1
4755,34,1137.00,1192.00,100.00,63.00,8.6110,-1,-1,-1
4755,8,696.00,1397.00,88.00,90.00,5.5609,-1,-1,-1
4756,34,1137.00,1192.00,99.00,62.00,8.7807,-1,-1,-1
4756,8,694.00,1404.00,79.00,83.00,5.3937,-1,-1,-1
4757,34,1136.00,1192.00,100.00,63.00,8.9551,-1,-1,-1
4757,8,694.00,1423.00,63.00,62.00,5.0775,-1,-1,-1
4758,34,1136.00,1193.00,101.00,62.00,9.0936,-1,-1,-1
4758,8,693.00,1415.00,72.00,72.00,4.9673,-1,-1,-1
4759,34,1135.00,1195.00,100.00,60.00,9.1988,-1,-1,-1
4759,8,692.00,1424.00,65.00,63.00,5.1026,-1,-1,-1
4760,34,1133.00,1196.00,100.00,60.00,6.4778,-1,-1,-1
4760,8,690.00,1420.00,70.00,72.00,5.2356,-1,-1,-1
4761,8,691.00,1422.00,72.00,71.00,5.3564,-1,-1,-1
4761,34,1131.00,1197.00,100.00,60.00,4.4948,-1,-1,-1
4762,8,689.00,1423.00,73.00,73.00,5.4621,-1,-1,-1
4763,8,689.00,1424.00,67.00,72.00,5.5362,-1,-1,-1
4764,8,688.00,1423.00,69.00,75.00,5.5338,-1,-1,-1
4765,8,687.00,1425.00,68.00,74.00,5.5186,-1,-1,-1
4766,8,686.00,1424.00,76.00,77.00,5.4424,-1,-1,-1
4767,8,684.00,1427.00,76.00,76.00,5.3745,-1,-1,-1
4768,8,683.00,1426.00,79.00,78.00,5.3158,-1,-1,-1
4769,8,681.00,1423.00,84.00,83.00,5.2978,-1,-1,-1
4770,8,679.00,1418.00,93.00,91.00,5.2850,-1,-1,-1
4771,8,676.00,1419.00,95.00,93.00,5.2195,-1,-1,-1
4772,8,675.00,1418.00,96.00,96.00,4.9217,-1,-1,-1
