4,1,2166.00,1347.00,66.00,87.00,3.8554,-1,-1,-1
4,2,1859.00,1164.00,87.00,106.00,3.8173,-1,-1,-1
5,1,2166.00,1348.00,66.00,87.00,4.8776,-1,-1,-1
5,2,1859.00,1165.00,87.00,106.00,4.8469,-1,-1,-1
6,1,2166.00,1349.00,66.00,87.00,5.7442,-1,-1,-1
6,2,1860.00,1165.00,86.00,106.00,5.7211,-1,-1,-1
7,1,2166.00,1350.00,66.00,87.00,6.4757,-1,-1,-1
7,2,1859.00,1166.00,87.00,106.00,6.4484,-1,-1,-1
8,1,2166.00,1351.00,66.00,87.00,7.0881,-1,-1,-1
8,2,1859.00,1168.00,87.00,106.00,7.0634,-1,-1,-1
9,2,1859.00,1169.00,87.00,106.00,7.6025,-1,-1,-1
9,1,2166.00,1352.00,65.00,88.00,7.5891,-1,-1,-1
10,2,1859.00,1170.00,87.00,106.00,8.0586,-1,-1,-1
10,1,2166.00,1353.00,65.00,88.00,8.0246,-1,-1,-1
11,2,1859.00,1170.00,87.00,106.00,8.4487,-1,-1,-1
11,1,2166.00,1354.00,65.00,88.00,8.3897,-1,-1,-1
12,2,1860.00,1171.00,86.00,106.00,8.7906,-1,-1,-1
12,1,2167.00,1355.00,65.00,87.00,8.7060,-1,-1,-1
13,2,1860.00,1171.00,86.00,107.00,9.0856,-1,-1,-1
13,1,2167.00,1355.00,65.00,88.00,8.9751,-1,-1,-1
14,2,1860.00,1171.00,86.00,107.00,9.3383,-1,-1,-1
14,1,2167.00,1355.00,65.00,88.00,9.2079,-1,-1,-1
15,2,1860.00,1171.00,86.00,107.00,9.5528,-1,-1,-1
15,1,2167.00,1355.00,65.00,88.00,9.4100,-1,-1,-1
16,2,1860.00,1171.00,86.00,108.00,9.7287,-1,-1,-1
16,1,2167.00,1355.00,66.00,89.00,9.5783,-1,-1,-1
17,2,1860.00,1171.00,86.00,108.00,9.8834,-1,-1,-1
17,1,2167.00,1355.00,65.00,89.00,9.7252,-1,-1,-1
18,2,1861.00,1171.00,85.00,107.00,10.0068,-1,-1,-1
18,1,2167.00,1355.00,66.00,89.00,9.8467,-1,-1,-1
19,2,1861.00,1171.00,85.00,107.00,10.1139,-1,-1,-1
19,1,2167.00,1356.00,66.00,89.00,9.9526,-1,-1,-1
20,2,1861.00,1170.00,85.00,108.00,10.2001,-1,-1,-1
20,1,2167.00,1355.00,66.00,89.00,10.0380,-1,-1,-1
21,2,1861.00,1170.00,85.00,109.00,10.2763,-1,-1,-1
21,1,2167.00,1356.00,66.00,89.00,10.1189,-1,-1,-1
22,2,1861.00,1170.00,85.00,110.00,10.3364,-1,-1,-1
22,1,2167.00,1356.00,66.00,89.00,10.1919,-1,-1,-1
23,2,1860.00,1169.00,86.00,111.00,10.3904,-1,-1,-1
23,1,2167.00,1356.00,66.00,89.00,10.2547,-1,-1,-1
24,2,1860.00,1169.00,86.00,111.00,10.4347,-1,-1,-1
24,1,2167.00,1356.00,66.00,89.00,10.3084,-1,-1,-1
25,2,1860.00,1169.00,87.00,111.00,10.4693,-1,-1,-1
25,1,2168.00,1355.00,66.00,90.00,10.3569,-1,-1,-1
26,2,1860.00,1169.00,86.00,112.00,10.4967,-1,-1,-1
26,1,2168.00,1355.00,66.00,90.00,10.3952,-1,-1,-1
27,2,1861.00,1169.00,86.00,112.00,10.5237,-1,-1,-1
27,1,2168.00,1355.00,66.00,90.00,10.4303,-1,-1,-1
28,2,1862.00,1169.00,85.00,111.00,10.5489,-1,-1,-1
28,1,2168.00,1355.00,66.00,90.00,10.4677,-1,-1,-1
29,2,1862.00,1169.00,85.00,111.00,10.5741,-1,-1,-1
29,1,2168.00,1355.00,66.00,90.00,10.4938,-1,-1,-1
30,2,1862.00,1168.00,85.00,112.00,10.5843,-1,-1,-1
30,1,2168.00,1355.00,66.00,90.00,10.5171,-1,-1,-1
31,2,1862.00,1168.00,85.00,112.00,10.5917,-1,-1,-1
31,1,2168.00,1355.00,66.00,90.00,10.5311,-1,-1,-1
32,2,1862.00,1168.00,85.00,111.00,10.5947,-1,-1,-1
32,1,2168.00,1355.00,66.00,91.00,10.5404,-1,-1,-1
33,2,1862.00,1168.00,85.00,112.00,10.5843,-1,-1,-1
33,1,2168.00,1355.00,66.00,91.00,10.5500,-1,-1,-1
34,2,1863.00,1168.00,85.00,112.00,10.5739,-1,-1,-1
34,1,2169.00,1355.00,66.00,90.00,10.5555,-1,-1,-1
35,1,2168.00,1354.00,67.00,91.00,10.5707,-1,-1,-1
35,2,1863.00,1167.00,84.00,112.00,10.5337,-1,-1,-1
36,1,2165.00,1354.00,66.00,89.00,10.5867,-1,-1,-1
36,2,1859.00,1167.00,85.00,113.00,10.4638,-1,-1,-1
37,1,2162.00,1353.00,65.00,89.00,10.5935,-1,-1,-1
37,2,1857.00,1167.00,82.00,113.00,10.4058,-1,-1,-1
38,1,2158.00,1351.00,66.00,90.00,10.5950,-1,-1,-1
38,2,1853.00,1165.00,81.00,112.00,10.3769,-1,-1,-1
39,1,2154.00,1351.00,65.00,90.00,10.6046,-1,-1,-1
39,2,1849.00,1165.00,80.00,110.00,10.3772,-1,-1,-1
40,1,2149.00,1351.00,65.00,88.00,10.5443,-1,-1,-1
40,2,1846.00,1164.00,79.00,109.00,10.3995,-1,-1,-1
41,1,2145.00,1348.00,67.00,89.00,10.4886,-1,-1,-1
41,2,1842.00,1163.00,79.00,110.00,10.3498,-1,-1,-1
42,1,2141.00,1347.00,67.00,89.00,10.5060,-1,-1,-1
42,2,1836.00,1163.00,81.00,113.00,10.3268,-1,-1,-1
43,1,2138.00,1346.00,66.00,88.00,10.5527,-1,-1,-1
43,2,1833.00,1161.00,80.00,112.00,10.3599,-1,-1,-1
44,1,2133.00,1346.00,67.00,89.00,10.5594,-1,-1,-1
44,2,1829.00,1161.00,80.00,109.00,10.3028,-1,-1,-1
45,1,2129.00,1345.00,66.00,87.00,10.5626,-1,-1,-1
45,2,1825.00,1161.00,77.00,107.00,10.3195,-1,-1,-1
46,1,2122.00,1343.00,67.00,89.00,10.5090,-1,-1,-1
46,2,1818.00,1159.00,79.00,112.00,10.2142,-1,-1,-1
47,1,2115.00,1342.00,67.00,89.00,10.5534,-1,-1,-1
47,2,1811.00,1158.00,78.00,111.00,10.2337,-1,-1,-1
48,1,2106.00,1340.00,67.00,89.00,10.5542,-1,-1,-1
48,2,1804.00,1159.00,74.00,105.00,10.2669,-1,-1,-1
49,1,2096.00,1339.00,67.00,89.00,10.5628,-1,-1,-1
49,2,1792.00,1157.00,76.00,111.00,10.2490,-1,-1,-1
50,1,2088.00,1336.00,66.00,89.00,10.5028,-1,-1,-1
50,2,1783.00,1156.00,76.00,107.00,10.2176,-1,-1,-1
51,1,2080.00,1336.00,68.00,88.00,10.5056,-1,-1,-1
51,2,1775.00,1156.00,75.00,106.00,10.2563,-1,-1,-1
52,1,2076.00,1334.00,68.00,89.00,10.4982,-1,-1,-1
52,2,1769.00,1155.00,76.00,110.00,10.1989,-1,-1,-1
53,1,2074.00,1334.00,67.00,89.00,10.4484,-1,-1,-1
53,2,1767.00,1152.00,76.00,117.00,10.2297,-1,-1,-1
54,1,2073.00,1333.00,68.00,89.00,10.4185,-1,-1,-1
54,2,1768.00,1153.00,75.00,111.00,10.2553,-1,-1,-1
55,1,2073.00,1333.00,68.00,91.00,10.3948,-1,-1,-1
55,2,1767.00,1152.00,74.00,112.00,10.3020,-1,-1,-1
56,1,2073.00,1333.00,68.00,90.00,10.3808,-1,-1,-1
56,2,1767.00,1151.00,74.00,112.00,10.3503,-1,-1,-1
57,1,2073.00,1332.00,69.00,91.00,10.3811,-1,-1,-1
57,2,1766.00,1149.00,75.00,113.00,10.3766,-1,-1,-1
58,2,1766.00,1149.00,75.00,112.00,10.4006,-1,-1,-1
58,1,2073.00,1332.00,68.00,90.00,10.3811,-1,-1,-1
59,2,1765.00,1148.00,75.00,112.00,10.4082,-1,-1,-1
59,1,2073.00,1332.00,68.00,89.00,10.3915,-1,-1,-1
60,1,2073.00,1331.00,68.00,89.00,10.4091,-1,-1,-1
60,2,1765.00,1148.00,76.00,112.00,10.3938,-1,-1,-1
61,1,2073.00,1331.00,68.00,89.00,10.4171,-1,-1,-1
61,2,1765.00,1147.00,76.00,110.00,10.3769,-1,-1,-1
62,1,2073.00,1331.00,68.00,89.00,10.4261,-1,-1,-1
62,2,1766.00,1146.00,74.00,107.00,10.3039,-1,-1,-1
63,1,2073.00,1331.00,68.00,89.00,10.4336,-1,-1,-1
63,2,1764.00,1144.00,77.00,114.00,10.2230,-1,-1,-1
64,1,2073.00,1330.00,68.00,89.00,10.4425,-1,-1,-1
64,2,1765.00,1144.00,75.00,109.00,10.1582,-1,-1,-1
65,1,2072.00,1330.00,69.00,89.00,10.4491,-1,-1,-1
65,2,1764.00,1142.00,75.00,111.00,10.0625,-1,-1,-1
66,1,2072.00,1330.00,69.00,89.00,10.4446,-1,-1,-1
66,2,1765.00,1141.00,75.00,111.00,10.0046,-1,-1,-1
67,1,2072.00,1330.00,68.00,89.00,10.4429,-1,-1,-1
67,2,1765.00,1141.00,75.00,110.00,10.0095,-1,-1,-1
68,1,2072.00,1330.00,69.00,89.00,10.4244,-1,-1,-1
68,2,1765.00,1139.00,75.00,111.00,9.9700,-1,-1,-1
69,1,2072.00,1330.00,68.00,89.00,10.4123,-1,-1,-1
69,2,1765.00,1139.00,74.00,108.00,9.8871,-1,-1,-1
70,1,2072.00,1330.00,68.00,88.00,10.4037,-1,-1,-1
70,2,1765.00,1138.00,75.00,108.00,9.7876,-1,-1,-1
71,1,2072.00,1329.00,68.00,89.00,10.3964,-1,-1,-1
71,2,1765.00,1138.00,73.00,104.00,9.7676,-1,-1,-1
72,1,2072.00,1329.00,67.00,88.00,10.3903,-1,-1,-1
72,2,1764.00,1137.00,73.00,104.00,9.7951,-1,-1,-1
73,1,2072.00,1329.00,67.00,88.00,10.3817,-1,-1,-1
73,2,1763.00,1135.00,74.00,105.00,9.8376,-1,-1,-1
74,1,2072.00,1329.00,67.00,88.00,10.3605,-1,-1,-1
74,2,1763.00,1134.00,74.00,103.00,9.9236,-1,-1,-1
75,1,2072.00,1329.00,66.00,88.00,10.3451,-1,-1,-1
75,2,1762.00,1132.00,75.00,106.00,9.9488,-1,-1,-1
76,1,2073.00,1329.00,67.00,87.00,10.3306,-1,-1,-1
76,2,1762.00,1131.00,75.00,106.00,9.9684,-1,-1,-1
77,1,2072.00,1329.00,67.00,87.00,10.3260,-1,-1,-1
77,2,1762.00,1129.00,77.00,111.00,9.9381,-1,-1,-1
78,1,2073.00,1329.00,66.00,87.00,10.3215,-1,-1,-1
78,2,1761.00,1128.00,77.00,110.00,9.9256,-1,-1,-1
79,1,2072.00,1328.00,67.00,87.00,10.3159,-1,-1,-1
79,2,1760.00,1127.00,79.00,111.00,9.9171,-1,-1,-1
80,1,2072.00,1328.00,67.00,87.00,10.3154,-1,-1,-1
80,2,1760.00,1126.00,80.00,112.00,9.9357,-1,-1,-1
81,1,2072.00,1327.00,67.00,88.00,10.3099,-1,-1,-1
81,2,1760.00,1125.00,81.00,115.00,9.9227,-1,-1,-1
82,1,2072.00,1327.00,67.00,88.00,10.3029,-1,-1,-1
82,2,1759.00,1124.00,81.00,114.00,9.9377,-1,-1,-1
82,3,1703.00,1257.00,73.00,45.00,2.7509,-1,-1,-1
83,1,2072.00,1327.00,67.00,88.00,10.2992,-1,-1,-1
83,2,1759.00,1122.00,82.00,116.00,9.9283,-1,-1,-1
83,3,1703.00,1257.00,74.00,45.00,3.5088,-1,-1,-1
84,1,2073.00,1326.00,67.00,88.00,10.2919,-1,-1,-1
84,2,1759.00,1121.00,84.00,119.00,9.8585,-1,-1,-1
84,3,1703.00,1257.00,73.00,45.00,4.1447,-1,-1,-1
85,1,2073.00,1326.00,67.00,88.00,10.2763,-1,-1,-1
85,2,1759.00,1119.00,84.00,120.00,9.7588,-1,-1,-1
85,3,1702.00,1256.00,73.00,45.00,4.7131,-1,-1,-1
86,1,2073.00,1326.00,67.00,88.00,10.2675,-1,-1,-1
86,2,1760.00,1119.00,80.00,114.00,9.6593,-1,-1,-1
86,3,1702.00,1256.00,72.00,45.00,5.1786,-1,-1,-1
87,1,2074.00,1325.00,67.00,88.00,10.2533,-1,-1,-1
87,2,1760.00,1117.00,81.00,114.00,9.7031,-1,-1,-1
87,3,1702.00,1256.00,71.00,45.00,5.5516,-1,-1,-1
88,1,2075.00,1325.00,67.00,88.00,10.2427,-1,-1,-1
88,2,1760.00,1115.00,81.00,113.00,9.7419,-1,-1,-1
88,3,1703.00,1257.00,70.00,45.00,5.8962,-1,-1,-1
89,1,2076.00,1324.00,67.00,88.00,10.2432,-1,-1,-1
89,2,1760.00,1113.00,81.00,113.00,9.7843,-1,-1,-1
89,3,1703.00,1256.00,70.00,45.00,6.2150,-1,-1,-1
90,1,2076.00,1322.00,68.00,88.00,10.2694,-1,-1,-1
90,2,1760.00,1112.00,81.00,114.00,9.7919,-1,-1,-1
90,3,1703.00,1257.00,69.00,44.00,6.5361,-1,-1,-1
91,1,2077.00,1322.00,68.00,88.00,10.3219,-1,-1,-1
91,2,1761.00,1109.00,83.00,117.00,9.7111,-1,-1,-1
91,3,1703.00,1257.00,68.00,44.00,6.7886,-1,-1,-1
92,1,2078.00,1321.00,68.00,88.00,10.3838,-1,-1,-1
92,2,1762.00,1109.00,81.00,108.00,9.7247,-1,-1,-1
92,3,1703.00,1256.00,68.00,45.00,7.0571,-1,-1,-1
93,1,2080.00,1321.00,67.00,88.00,10.4266,-1,-1,-1
93,2,1763.00,1107.00,79.00,106.00,9.7862,-1,-1,-1
93,3,1704.00,1256.00,69.00,44.00,7.2657,-1,-1,-1
94,1,2081.00,1320.00,67.00,88.00,10.4564,-1,-1,-1
94,2,1764.00,1106.00,79.00,109.00,9.7588,-1,-1,-1
94,3,1704.00,1255.00,70.00,44.00,7.4272,-1,-1,-1
95,1,2083.00,1319.00,66.00,88.00,10.4547,-1,-1,-1
95,2,1764.00,1105.00,79.00,105.00,9.7359,-1,-1,-1
95,3,1705.00,1255.00,71.00,44.00,7.5805,-1,-1,-1
96,1,2084.00,1318.00,67.00,88.00,10.4284,-1,-1,-1
96,2,1765.00,1104.00,81.00,108.00,9.6197,-1,-1,-1
96,3,1706.00,1255.00,71.00,44.00,7.7227,-1,-1,-1
97,1,2084.00,1317.00,68.00,89.00,10.3698,-1,-1,-1
97,2,1767.00,1106.00,78.00,102.00,9.5367,-1,-1,-1
97,3,1706.00,1254.00,72.00,45.00,7.8191,-1,-1,-1
98,1,2087.00,1315.00,67.00,89.00,10.3079,-1,-1,-1
98,2,1767.00,1104.00,82.00,103.00,9.6102,-1,-1,-1
98,3,1707.00,1253.00,72.00,45.00,7.9496,-1,-1,-1
99,1,2089.00,1313.00,66.00,89.00,10.2982,-1,-1,-1
99,2,1767.00,1102.00,85.00,104.00,9.7151,-1,-1,-1
99,3,1708.00,1252.00,70.00,44.00,8.0822,-1,-1,-1
100,1,2090.00,1313.00,67.00,90.00,10.3079,-1,-1,-1
100,2,1769.00,1100.00,82.00,102.00,9.8023,-1,-1,-1
100,3,1709.00,1251.00,71.00,45.00,8.2490,-1,-1,-1
101,1,2092.00,1312.00,66.00,89.00,10.3467,-1,-1,-1
101,2,1770.00,1098.00,83.00,103.00,9.8689,-1,-1,-1
101,3,1711.00,1250.00,70.00,45.00,8.3714,-1,-1,-1
102,1,2094.00,1311.00,66.00,89.00,10.3863,-1,-1,-1
102,2,1769.00,1096.00,89.00,106.00,9.9788,-1,-1,-1
102,3,1712.00,1249.00,70.00,46.00,8.4201,-1,-1,-1
103,1,2095.00,1309.00,68.00,89.00,10.4100,-1,-1,-1
103,2,1770.00,1095.00,89.00,106.00,10.0666,-1,-1,-1
103,3,1714.00,1248.00,70.00,45.00,8.4108,-1,-1,-1
104,1,2097.00,1309.00,67.00,89.00,10.4171,-1,-1,-1
104,2,1771.00,1093.00,89.00,104.00,10.1368,-1,-1,-1
104,3,1715.00,1247.00,71.00,46.00,8.3956,-1,-1,-1
105,1,2099.00,1309.00,66.00,88.00,10.3975,-1,-1,-1
105,2,1772.00,1092.00,89.00,102.00,10.1782,-1,-1,-1
105,3,1717.00,1245.00,74.00,46.00,8.3646,-1,-1,-1
106,1,2101.00,1308.00,66.00,88.00,10.3962,-1,-1,-1
106,2,1773.00,1091.00,91.00,102.00,10.2059,-1,-1,-1
106,3,1718.00,1245.00,73.00,46.00,8.3867,-1,-1,-1
107,1,2103.00,1306.00,67.00,89.00,10.4130,-1,-1,-1
107,2,1775.00,1089.00,89.00,101.00,10.2235,-1,-1,-1
107,3,1720.00,1245.00,72.00,45.00,8.4305,-1,-1,-1
108,1,2106.00,1305.00,67.00,87.00,10.4172,-1,-1,-1
108,2,1776.00,1088.00,89.00,100.00,10.2437,-1,-1,-1
108,3,1722.00,1243.00,72.00,46.00,8.3105,-1,-1,-1
109,1,2107.00,1304.00,68.00,88.00,10.4303,-1,-1,-1
109,2,1779.00,1086.00,89.00,100.00,10.2806,-1,-1,-1
109,3,1724.00,1242.00,73.00,46.00,8.2691,-1,-1,-1
110,1,2109.00,1302.00,68.00,88.00,10.4300,-1,-1,-1
110,2,1779.00,1085.00,90.00,100.00,10.2985,-1,-1,-1
110,3,1726.00,1241.00,76.00,46.00,8.2679,-1,-1,-1
111,1,2112.00,1299.00,68.00,89.00,10.4633,-1,-1,-1
111,2,1781.00,1083.00,88.00,97.00,10.2956,-1,-1,-1
111,3,1727.00,1239.00,77.00,46.00,8.3548,-1,-1,-1
112,1,2113.00,1298.00,68.00,89.00,10.5028,-1,-1,-1
112,2,1782.00,1081.00,88.00,97.00,10.2911,-1,-1,-1
112,3,1727.00,1238.00,78.00,46.00,8.4909,-1,-1,-1
113,1,2115.00,1297.00,67.00,88.00,10.5434,-1,-1,-1
113,2,1782.00,1079.00,88.00,98.00,10.2815,-1,-1,-1
113,3,1728.00,1238.00,77.00,45.00,8.5884,-1,-1,-1
114,1,2117.00,1294.00,66.00,90.00,10.5684,-1,-1,-1
114,2,1783.00,1076.00,88.00,98.00,10.2332,-1,-1,-1
114,3,1729.00,1236.00,79.00,46.00,8.6603,-1,-1,-1
115,1,2119.00,1293.00,66.00,90.00,10.5486,-1,-1,-1
115,2,1783.00,1075.00,89.00,98.00,10.1827,-1,-1,-1
115,3,1730.00,1235.00,76.00,46.00,8.7413,-1,-1,-1
116,1,2120.00,1292.00,65.00,89.00,10.5013,-1,-1,-1
116,2,1783.00,1073.00,90.00,99.00,10.1777,-1,-1,-1
116,3,1731.00,1234.00,77.00,46.00,8.8238,-1,-1,-1
117,1,2122.00,1290.00,67.00,91.00,10.4418,-1,-1,-1
117,2,1783.00,1071.00,92.00,99.00,10.1924,-1,-1,-1
117,3,1732.00,1233.00,76.00,45.00,8.8903,-1,-1,-1
118,1,2123.00,1288.00,67.00,89.00,10.3664,-1,-1,-1
118,2,1783.00,1068.00,94.00,100.00,10.2465,-1,-1,-1
118,3,1733.00,1233.00,73.00,45.00,8.9473,-1,-1,-1
119,1,2126.00,1286.00,66.00,89.00,10.3321,-1,-1,-1
119,2,1783.00,1066.00,95.00,99.00,10.3056,-1,-1,-1
119,3,1734.00,1232.00,74.00,45.00,8.9659,-1,-1,-1
120,2,1784.00,1064.00,95.00,99.00,10.3496,-1,-1,-1
120,1,2127.00,1284.00,66.00,89.00,10.3469,-1,-1,-1
120,3,1735.00,1231.00,73.00,45.00,8.9894,-1,-1,-1
121,2,1784.00,1062.00,95.00,98.00,10.3719,-1,-1,-1
121,1,2129.00,1282.00,66.00,89.00,10.3628,-1,-1,-1
121,3,1736.00,1229.00,73.00,45.00,8.9917,-1,-1,-1
122,2,1785.00,1060.00,95.00,98.00,10.3504,-1,-1,-1
122,1,2131.00,1280.00,65.00,89.00,10.3388,-1,-1,-1
122,3,1737.00,1228.00,72.00,46.00,9.0098,-1,-1,-1
123,1,2133.00,1278.00,67.00,88.00,10.3456,-1,-1,-1
123,2,1786.00,1058.00,97.00,100.00,10.2906,-1,-1,-1
123,3,1738.00,1226.00,75.00,47.00,8.8921,-1,-1,-1
124,1,2135.00,1275.00,66.00,88.00,10.3684,-1,-1,-1
124,2,1786.00,1054.00,97.00,100.00,10.2538,-1,-1,-1
124,3,1739.00,1225.00,69.00,46.00,8.9142,-1,-1,-1
125,1,2138.00,1273.00,64.00,89.00,10.3871,-1,-1,-1
125,2,1786.00,1052.00,100.00,102.00,10.2652,-1,-1,-1
125,3,1740.00,1223.00,71.00,46.00,8.8860,-1,-1,-1
126,1,2140.00,1271.00,63.00,89.00,10.4065,-1,-1,-1
126,2,1787.00,1049.00,97.00,99.00,10.2730,-1,-1,-1
126,3,1742.00,1221.00,73.00,47.00,8.8241,-1,-1,-1
127,1,2142.00,1269.00,62.00,90.00,10.3841,-1,-1,-1
127,2,1788.00,1047.00,97.00,99.00,10.2661,-1,-1,-1
127,3,1744.00,1219.00,76.00,46.00,8.8412,-1,-1,-1
128,1,2144.00,1266.00,62.00,90.00,10.3757,-1,-1,-1
128,2,1788.00,1043.00,98.00,99.00,10.2728,-1,-1,-1
128,3,1745.00,1217.00,75.00,46.00,8.7601,-1,-1,-1
129,1,2146.00,1263.00,62.00,91.00,10.3804,-1,-1,-1
129,2,1790.00,1040.00,97.00,99.00,10.2545,-1,-1,-1
129,3,1747.00,1214.00,77.00,47.00,8.7101,-1,-1,-1
130,1,2148.00,1261.00,62.00,89.00,10.3767,-1,-1,-1
130,2,1790.00,1038.00,102.00,101.00,10.2347,-1,-1,-1
130,3,1749.00,1212.00,78.00,47.00,8.7067,-1,-1,-1
131,1,2151.00,1258.00,61.00,90.00,10.3602,-1,-1,-1
131,2,1791.00,1035.00,101.00,102.00,10.2188,-1,-1,-1
131,3,1751.00,1210.00,78.00,48.00,8.7017,-1,-1,-1
132,1,2153.00,1256.00,60.00,88.00,10.2750,-1,-1,-1
132,2,1792.00,1032.00,102.00,103.00,10.2421,-1,-1,-1
132,3,1753.00,1208.00,74.00,47.00,8.7181,-1,-1,-1
133,1,2155.00,1253.00,61.00,88.00,10.2885,-1,-1,-1
133,2,1793.00,1028.00,103.00,105.00,10.2840,-1,-1,-1
133,3,1754.00,1206.00,77.00,47.00,8.7074,-1,-1,-1
134,2,1794.00,1024.00,101.00,103.00,10.3383,-1,-1,-1
134,1,2156.00,1250.00,60.00,88.00,10.3101,-1,-1,-1
134,3,1756.00,1205.00,74.00,47.00,8.7171,-1,-1,-1
135,2,1796.00,1022.00,100.00,101.00,10.3421,-1,-1,-1
135,1,2158.00,1246.00,60.00,90.00,10.3222,-1,-1,-1
135,3,1758.00,1203.00,72.00,47.00,8.6692,-1,-1,-1
136,2,1798.00,1019.00,102.00,103.00,10.3430,-1,-1,-1
136,1,2161.00,1243.00,59.00,91.00,10.2973,-1,-1,-1
136,3,1759.00,1200.00,73.00,48.00,8.7475,-1,-1,-1
137,2,1799.00,1016.00,101.00,102.00,10.3577,-1,-1,-1
137,1,2164.00,1241.00,60.00,90.00,10.2599,-1,-1,-1
137,3,1761.00,1198.00,71.00,47.00,8.8219,-1,-1,-1
138,2,1800.00,1014.00,102.00,101.00,10.3716,-1,-1,-1
138,1,2166.00,1238.00,59.00,91.00,10.2420,-1,-1,-1
138,3,1763.00,1196.00,71.00,47.00,8.8404,-1,-1,-1
139,2,1802.00,1012.00,101.00,100.00,10.3554,-1,-1,-1
139,1,2168.00,1237.00,57.00,89.00,10.2512,-1,-1,-1
139,3,1766.00,1194.00,73.00,47.00,8.7939,-1,-1,-1
140,2,1804.00,1008.00,102.00,102.00,10.3174,-1,-1,-1
140,1,2170.00,1233.00,57.00,91.00,10.2904,-1,-1,-1
140,3,1768.00,1193.00,72.00,46.00,8.7195,-1,-1,-1
141,1,2172.00,1230.00,58.00,89.00,10.3137,-1,-1,-1
141,2,1807.00,1006.00,100.00,102.00,10.2062,-1,-1,-1
141,3,1770.00,1190.00,74.00,46.00,8.6586,-1,-1,-1
142,1,2173.00,1226.00,60.00,89.00,10.3193,-1,-1,-1
142,2,1807.00,1004.00,103.00,102.00,10.2078,-1,-1,-1
142,3,1773.00,1187.00,74.00,47.00,8.5993,-1,-1,-1
143,1,2175.00,1223.00,61.00,89.00,10.3330,-1,-1,-1
143,2,1809.00,1000.00,104.00,104.00,10.1956,-1,-1,-1
143,3,1775.00,1185.00,74.00,47.00,8.6239,-1,-1,-1
144,1,2178.00,1220.00,60.00,90.00,10.2973,-1,-1,-1
144,2,1811.00,997.00,102.00,100.00,10.1534,-1,-1,-1
144,3,1777.00,1184.00,74.00,46.00,8.5037,-1,-1,-1
145,1,2180.00,1217.00,58.00,89.00,10.3150,-1,-1,-1
145,2,1812.00,994.00,103.00,101.00,10.1318,-1,-1,-1
145,3,1779.00,1181.00,72.00,47.00,8.4803,-1,-1,-1
146,1,2182.00,1215.00,59.00,90.00,10.3568,-1,-1,-1
146,2,1814.00,991.00,104.00,102.00,10.0777,-1,-1,-1
146,3,1781.00,1178.00,72.00,48.00,8.5341,-1,-1,-1
147,1,2183.00,1210.00,60.00,90.00,10.3431,-1,-1,-1
147,2,1815.00,989.00,103.00,99.00,10.0233,-1,-1,-1
147,3,1782.00,1176.00,71.00,48.00,8.6582,-1,-1,-1
148,1,2185.00,1206.00,62.00,89.00,10.3383,-1,-1,-1
148,2,1817.00,986.00,102.00,99.00,9.9788,-1,-1,-1
148,3,1785.00,1173.00,72.00,48.00,8.6510,-1,-1,-1
149,1,2187.00,1204.00,63.00,88.00,10.3133,-1,-1,-1
149,2,1819.00,983.00,102.00,99.00,10.0178,-1,-1,-1
149,3,1788.00,1171.00,73.00,47.00,8.5495,-1,-1,-1
150,1,2189.00,1200.00,63.00,88.00,10.3448,-1,-1,-1
150,2,1819.00,979.00,103.00,100.00,10.0826,-1,-1,-1
150,3,1790.00,1168.00,71.00,47.00,8.4937,-1,-1,-1
151,1,2192.00,1198.00,61.00,88.00,10.3319,-1,-1,-1
151,2,1821.00,976.00,105.00,99.00,10.1316,-1,-1,-1
151,3,1793.00,1165.00,71.00,47.00,8.3994,-1,-1,-1
152,1,2192.00,1193.00,64.00,90.00,10.3810,-1,-1,-1
152,2,1825.00,973.00,101.00,99.00,10.0139,-1,-1,-1
152,3,1796.00,1162.00,75.00,47.00,8.3295,-1,-1,-1
153,1,2196.00,1190.00,63.00,89.00,10.4443,-1,-1,-1
153,2,1826.00,970.00,102.00,98.00,9.9825,-1,-1,-1
153,3,1799.00,1159.00,74.00,47.00,8.2844,-1,-1,-1
154,1,2197.00,1185.00,64.00,89.00,10.4961,-1,-1,-1
154,2,1828.00,967.00,100.00,99.00,9.9191,-1,-1,-1
154,3,1802.00,1158.00,73.00,47.00,7.6314,-1,-1,-1
155,1,2199.00,1181.00,66.00,89.00,10.4659,-1,-1,-1
155,2,1829.00,964.00,102.00,99.00,9.9107,-1,-1,-1
155,3,1803.00,1153.00,74.00,48.00,7.6834,-1,-1,-1
156,1,2202.00,1179.00,65.00,87.00,10.4395,-1,-1,-1
156,2,1831.00,961.00,104.00,99.00,9.9159,-1,-1,-1
156,3,1805.00,1150.00,73.00,48.00,7.8961,-1,-1,-1
157,1,2204.00,1175.00,66.00,89.00,10.4373,-1,-1,-1
157,2,1834.00,957.00,103.00,99.00,9.8737,-1,-1,-1
157,3,1807.00,1146.00,75.00,49.00,8.0275,-1,-1,-1
158,1,2205.00,1171.00,68.00,90.00,10.4538,-1,-1,-1
158,2,1835.00,954.00,105.00,99.00,9.9413,-1,-1,-1
158,3,1810.00,1144.00,73.00,48.00,8.0973,-1,-1,-1
159,1,2207.00,1167.00,69.00,91.00,10.4559,-1,-1,-1
159,2,1835.00,950.00,108.00,101.00,10.0088,-1,-1,-1
159,3,1814.00,1142.00,73.00,47.00,7.9788,-1,-1,-1
160,1,2208.00,1164.00,71.00,90.00,10.4744,-1,-1,-1
160,2,1838.00,947.00,107.00,98.00,9.9923,-1,-1,-1
160,3,1816.00,1138.00,73.00,47.00,8.0091,-1,-1,-1
161,1,2211.00,1161.00,71.00,89.00,10.5068,-1,-1,-1
161,2,1840.00,943.00,106.00,100.00,9.9516,-1,-1,-1
161,3,1820.00,1136.00,75.00,47.00,7.9969,-1,-1,-1
162,1,2213.00,1157.00,71.00,88.00,10.5414,-1,-1,-1
162,2,1842.00,940.00,106.00,98.00,9.9909,-1,-1,-1
162,3,1822.00,1133.00,74.00,47.00,7.9012,-1,-1,-1
163,1,2215.00,1153.00,73.00,89.00,10.5465,-1,-1,-1
163,2,1843.00,936.00,104.00,97.00,10.0261,-1,-1,-1
163,3,1825.00,1130.00,72.00,48.00,7.8642,-1,-1,-1
164,1,2217.00,1149.00,74.00,90.00,10.5599,-1,-1,-1
164,2,1844.00,931.00,107.00,98.00,10.0961,-1,-1,-1
164,3,1828.00,1127.00,71.00,47.00,8.0182,-1,-1,-1
165,1,2219.00,1145.00,76.00,90.00,10.5748,-1,-1,-1
165,2,1845.00,928.00,108.00,99.00,10.1428,-1,-1,-1
165,3,1829.00,1124.00,76.00,48.00,8.1557,-1,-1,-1
166,1,2221.00,1143.00,77.00,89.00,10.5874,-1,-1,-1
166,2,1848.00,924.00,104.00,98.00,10.0147,-1,-1,-1
166,3,1832.00,1121.00,74.00,48.00,8.2592,-1,-1,-1
167,1,2224.00,1139.00,77.00,89.00,10.5597,-1,-1,-1
167,2,1849.00,920.00,106.00,97.00,9.9956,-1,-1,-1
167,3,1835.00,1118.00,72.00,47.00,8.2826,-1,-1,-1
168,1,2228.00,1137.00,78.00,87.00,10.5764,-1,-1,-1
168,2,1854.00,917.00,105.00,98.00,9.9430,-1,-1,-1
168,3,1840.00,1114.00,71.00,47.00,8.2674,-1,-1,-1
169,1,2231.00,1133.00,79.00,88.00,10.6007,-1,-1,-1
169,2,1857.00,914.00,109.00,100.00,9.8810,-1,-1,-1
169,3,1845.00,1111.00,74.00,48.00,8.1467,-1,-1,-1
170,1,2235.00,1130.00,79.00,87.00,10.5806,-1,-1,-1
170,2,1861.00,911.00,108.00,97.00,9.8898,-1,-1,-1
170,3,1848.00,1107.00,74.00,50.00,8.1232,-1,-1,-1
171,1,2239.00,1127.00,80.00,87.00,10.5602,-1,-1,-1
171,2,1864.00,907.00,110.00,99.00,9.9127,-1,-1,-1
171,3,1854.00,1106.00,71.00,48.00,8.2046,-1,-1,-1
172,1,2243.00,1124.00,83.00,88.00,10.5754,-1,-1,-1
172,2,1866.00,903.00,113.00,101.00,9.9662,-1,-1,-1
172,3,1858.00,1102.00,71.00,48.00,8.3367,-1,-1,-1
173,1,2247.00,1122.00,84.00,87.00,10.5733,-1,-1,-1
173,2,1870.00,901.00,107.00,97.00,9.9255,-1,-1,-1
173,3,1862.00,1100.00,70.00,48.00,8.4416,-1,-1,-1
174,1,2250.00,1119.00,83.00,87.00,10.5165,-1,-1,-1
174,2,1874.00,899.00,105.00,95.00,9.8448,-1,-1,-1
174,3,1866.00,1097.00,72.00,47.00,8.4416,-1,-1,-1
175,1,2253.00,1116.00,84.00,86.00,10.5011,-1,-1,-1
175,2,1875.00,896.00,109.00,96.00,9.8178,-1,-1,-1
175,3,1869.00,1094.00,69.00,48.00,8.5888,-1,-1,-1
176,1,2253.00,1112.00,85.00,87.00,10.4912,-1,-1,-1
176,2,1876.00,893.00,107.00,96.00,9.8406,-1,-1,-1
176,3,1871.00,1091.00,72.00,48.00,8.6509,-1,-1,-1
177,1,2254.00,1109.00,85.00,87.00,10.4749,-1,-1,-1
177,2,1877.00,890.00,109.00,96.00,9.8124,-1,-1,-1
177,3,1873.00,1088.00,73.00,48.00,8.6858,-1,-1,-1
178,1,2256.00,1105.00,84.00,85.00,10.3967,-1,-1,-1
178,2,1876.00,887.00,111.00,97.00,9.7991,-1,-1,-1
178,3,1873.00,1085.00,74.00,48.00,8.7158,-1,-1,-1
179,1,2255.00,1101.00,86.00,85.00,10.3347,-1,-1,-1
179,2,1875.00,883.00,112.00,98.00,9.7663,-1,-1,-1
179,3,1874.00,1082.00,73.00,48.00,8.7050,-1,-1,-1
180,1,2254.00,1098.00,87.00,85.00,10.2938,-1,-1,-1
180,3,1873.00,1078.00,74.00,50.00,8.7655,-1,-1,-1
180,2,1875.00,879.00,112.00,98.00,6.8921,-1,-1,-1
181,1,2253.00,1094.00,86.00,83.00,10.2562,-1,-1,-1
181,3,1872.00,1075.00,74.00,50.00,8.8643,-1,-1,-1
181,2,1875.00,876.00,112.00,98.00,4.8127,-1,-1,-1
182,1,2251.00,1090.00,86.00,82.00,10.2003,-1,-1,-1
182,3,1871.00,1074.00,76.00,48.00,8.6886,-1,-1,-1
183,1,2243.00,1085.00,88.00,81.00,10.1928,-1,-1,-1
183,3,1867.00,1070.00,71.00,47.00,8.5905,-1,-1,-1
184,3,1859.00,1066.00,73.00,49.00,8.6180,-1,-1,-1
184,1,2237.00,1080.00,88.00,81.00,7.2003,-1,-1,-1
185,3,1850.00,1063.00,76.00,49.00,8.6627,-1,-1,-1
185,1,2231.00,1074.00,88.00,81.00,5.0327,-1,-1,-1
186,3,1841.00,1061.00,72.00,47.00,8.5719,-1,-1,-1
187,3,1829.00,1058.00,73.00,48.00,8.5695,-1,-1,-1
188,3,1815.00,1055.00,71.00,48.00,8.6315,-1,-1,-1
189,3,1801.00,1052.00,76.00,49.00,8.6433,-1,-1,-1
190,3,1787.00,1049.00,73.00,49.00,8.5998,-1,-1,-1
191,3,1773.00,1046.00,71.00,48.00,8.6719,-1,-1,-1
192,3,1758.00,1043.00,74.00,49.00,8.6984,-1,-1,-1
193,3,1742.00,1040.00,73.00,48.00,8.7380,-1,-1,-1
194,3,1729.00,1039.00,74.00,48.00,8.7185,-1,-1,-1
195,3,1712.00,1036.00,73.00,48.00,8.7912,-1,-1,-1
195,4,1649.00,841.00,130.00,67.00,3.6642,-1,-1,-1
196,3,1699.00,1035.00,71.00,48.00,8.6259,-1,-1,-1
196,4,1630.00,838.00,133.00,69.00,4.6965,-1,-1,-1
196,5,2023.00,1006.00,117.00,60.00,3.4483,-1,-1,-1
197,3,1685.00,1033.00,73.00,48.00,8.5808,-1,-1,-1
197,4,1615.00,837.00,128.00,67.00,5.5102,-1,-1,-1
197,5,2008.00,1001.00,112.00,57.00,4.2778,-1,-1,-1
198,3,1678.00,1029.00,77.00,50.00,8.4475,-1,-1,-1
198,4,1605.00,835.00,129.00,67.00,6.2497,-1,-1,-1
198,5,1999.00,996.00,116.00,58.00,5.1217,-1,-1,-1
199,3,1679.00,1027.00,77.00,49.00,8.4184,-1,-1,-1
199,4,1605.00,832.00,128.00,67.00,6.8644,-1,-1,-1
199,5,1999.00,993.00,117.00,57.00,5.7602,-1,-1,-1
200,3,1683.00,1025.00,74.00,49.00,8.4161,-1,-1,-1
200,4,1609.00,830.00,127.00,65.00,7.3841,-1,-1,-1
200,5,2003.00,990.00,113.00,57.00,6.3332,-1,-1,-1
201,3,1688.00,1021.00,75.00,50.00,8.4165,-1,-1,-1
201,4,1611.00,826.00,129.00,65.00,7.7745,-1,-1,-1
201,5,2008.00,987.00,111.00,56.00,6.8009,-1,-1,-1
202,3,1692.00,1017.00,72.00,50.00,8.5229,-1,-1,-1
202,4,1615.00,823.00,129.00,65.00,8.1311,-1,-1,-1
202,5,2012.00,984.00,105.00,55.00,7.2172,-1,-1,-1
203,4,1619.00,820.00,131.00,65.00,8.4712,-1,-1,-1
203,3,1698.00,1015.00,73.00,48.00,8.4671,-1,-1,-1
203,5,2016.00,980.00,111.00,56.00,7.4207,-1,-1,-1
204,4,1624.00,818.00,129.00,64.00,8.7371,-1,-1,-1
204,3,1704.00,1013.00,72.00,48.00,8.3135,-1,-1,-1
204,5,2019.00,977.00,112.00,57.00,7.6093,-1,-1,-1
205,4,1627.00,816.00,131.00,64.00,8.9624,-1,-1,-1
205,3,1708.00,1010.00,71.00,48.00,8.2485,-1,-1,-1
205,5,2024.00,974.00,109.00,56.00,7.8133,-1,-1,-1
206,4,1631.00,812.00,131.00,65.00,9.1524,-1,-1,-1
206,3,1712.00,1005.00,75.00,49.00,8.2882,-1,-1,-1
206,5,2028.00,971.00,113.00,57.00,8.0159,-1,-1,-1
207,4,1635.00,810.00,128.00,63.00,9.3008,-1,-1,-1
207,5,2031.00,967.00,110.00,58.00,8.2600,-1,-1,-1
207,3,1717.00,1002.00,75.00,49.00,5.8247,-1,-1,-1
208,4,1639.00,806.00,129.00,65.00,9.4035,-1,-1,-1
208,5,2035.00,964.00,110.00,58.00,8.4475,-1,-1,-1
208,3,1723.00,1002.00,73.00,48.00,6.1684,-1,-1,-1
209,4,1645.00,802.00,126.00,67.00,9.5521,-1,-1,-1
209,5,2039.00,961.00,109.00,58.00,8.4836,-1,-1,-1
209,3,1729.00,997.00,75.00,50.00,6.5294,-1,-1,-1
210,4,1647.00,800.00,130.00,65.00,9.6342,-1,-1,-1
210,5,2043.00,957.00,110.00,59.00,8.5994,-1,-1,-1
210,3,1734.00,995.00,75.00,50.00,6.8342,-1,-1,-1
211,4,1651.00,797.00,129.00,65.00,9.7195,-1,-1,-1
211,5,2046.00,954.00,109.00,58.00,8.6576,-1,-1,-1
211,3,1738.00,991.00,75.00,50.00,7.1275,-1,-1,-1
212,4,1656.00,794.00,128.00,64.00,9.7695,-1,-1,-1
212,5,2050.00,951.00,109.00,58.00,8.7573,-1,-1,-1
212,3,1745.00,990.00,73.00,49.00,7.3925,-1,-1,-1
213,4,1660.00,794.00,130.00,64.00,9.8175,-1,-1,-1
213,5,2055.00,948.00,109.00,57.00,8.8772,-1,-1,-1
213,3,1751.00,988.00,72.00,48.00,7.4550,-1,-1,-1
214,4,1664.00,791.00,129.00,63.00,9.8573,-1,-1,-1
214,5,2058.00,944.00,110.00,59.00,8.9706,-1,-1,-1
214,3,1756.00,986.00,72.00,47.00,7.5846,-1,-1,-1
215,4,1668.00,786.00,125.00,65.00,9.8683,-1,-1,-1
215,5,2062.00,943.00,110.00,58.00,9.0921,-1,-1,-1
215,3,1761.00,983.00,73.00,48.00,7.7474,-1,-1,-1
216,4,1672.00,783.00,125.00,66.00,9.8871,-1,-1,-1
216,5,2067.00,938.00,110.00,60.00,9.2037,-1,-1,-1
216,3,1768.00,981.00,69.00,47.00,7.8608,-1,-1,-1
217,4,1674.00,781.00,129.00,66.00,9.9211,-1,-1,-1
217,5,2071.00,936.00,110.00,58.00,9.1215,-1,-1,-1
217,3,1774.00,979.00,73.00,47.00,7.8062,-1,-1,-1
218,4,1680.00,779.00,128.00,66.00,10.0177,-1,-1,-1
218,5,2074.00,934.00,108.00,58.00,9.1266,-1,-1,-1
218,3,1780.00,977.00,75.00,48.00,7.8256,-1,-1,-1
219,4,1683.00,777.00,128.00,65.00,10.0357,-1,-1,-1
219,5,2078.00,931.00,110.00,58.00,9.2574,-1,-1,-1
219,3,1785.00,975.00,74.00,49.00,7.8954,-1,-1,-1
220,4,1689.00,774.00,126.00,65.00,10.0490,-1,-1,-1
220,5,2080.00,928.00,112.00,60.00,9.3830,-1,-1,-1
220,3,1790.00,973.00,74.00,49.00,5.5400,-1,-1,-1
221,4,1692.00,772.00,129.00,65.00,10.0636,-1,-1,-1
221,5,2085.00,925.00,112.00,61.00,9.4441,-1,-1,-1
221,3,1797.00,971.00,72.00,47.00,5.9815,-1,-1,-1
222,4,1697.00,770.00,126.00,65.00,10.0678,-1,-1,-1
222,5,2090.00,922.00,112.00,61.00,6.6581,-1,-1,-1
222,3,1807.00,967.00,72.00,47.00,4.1600,-1,-1,-1
223,4,1701.00,770.00,127.00,63.00,10.0626,-1,-1,-1
223,5,2095.00,919.00,112.00,61.00,4.6372,-1,-1,-1
223,3,1818.00,963.00,72.00,47.00,2.8421,-1,-1,-1
224,4,1707.00,767.00,124.00,64.00,10.0607,-1,-1,-1
224,3,1803.00,964.00,61.00,49.00,3.3952,-1,-1,-1
225,4,1710.00,764.00,124.00,66.00,10.0554,-1,-1,-1
225,3,1810.00,961.00,63.00,50.00,3.7443,-1,-1,-1
226,4,1715.00,764.00,123.00,64.00,10.0423,-1,-1,-1
226,3,1816.00,960.00,62.00,49.00,3.8748,-1,-1,-1
227,4,1720.00,760.00,125.00,65.00,9.9632,-1,-1,-1
227,3,1820.00,957.00,70.00,53.00,4.1537,-1,-1,-1
228,4,1724.00,758.00,123.00,66.00,9.9188,-1,-1,-1
228,3,1825.00,956.00,65.00,51.00,4.4941,-1,-1,-1
229,4,1730.00,758.00,123.00,64.00,9.9720,-1,-1,-1
229,3,1831.00,954.00,65.00,50.00,4.7028,-1,-1,-1
230,4,1735.00,756.00,123.00,64.00,9.9946,-1,-1,-1
230,3,1838.00,952.00,63.00,54.00,4.8527,-1,-1,-1
231,4,1740.00,753.00,122.00,64.00,9.9431,-1,-1,-1
231,3,1844.00,949.00,72.00,55.00,5.0100,-1,-1,-1
232,4,1745.00,753.00,122.00,64.00,9.8956,-1,-1,-1
232,3,1849.00,947.00,68.00,55.00,5.1526,-1,-1,-1
233,4,1750.00,750.00,121.00,64.00,9.8493,-1,-1,-1
233,3,1855.00,944.00,67.00,55.00,5.2592,-1,-1,-1
234,4,1755.00,749.00,119.00,63.00,9.7746,-1,-1,-1
234,3,1862.00,944.00,61.00,53.00,5.4052,-1,-1,-1
235,4,1760.00,747.00,121.00,63.00,9.7365,-1,-1,-1
235,3,1867.00,941.00,71.00,56.00,5.4172,-1,-1,-1
236,4,1765.00,745.00,120.00,63.00,9.7196,-1,-1,-1
236,3,1872.00,940.00,66.00,54.00,5.5430,-1,-1,-1
237,4,1769.00,741.00,125.00,65.00,9.8021,-1,-1,-1
237,3,1879.00,939.00,63.00,53.00,5.6082,-1,-1,-1
238,4,1775.00,743.00,122.00,62.00,9.8215,-1,-1,-1
238,3,1886.00,940.00,58.00,52.00,5.7362,-1,-1,-1
239,4,1780.00,741.00,120.00,62.00,9.7883,-1,-1,-1
239,3,1892.00,938.00,58.00,52.00,5.7720,-1,-1,-1
240,4,1786.00,738.00,121.00,64.00,9.7973,-1,-1,-1
240,3,1898.00,935.00,59.00,53.00,5.9159,-1,-1,-1
241,4,1790.00,737.00,121.00,64.00,9.7524,-1,-1,-1
241,3,1905.00,934.00,57.00,53.00,6.0396,-1,-1,-1
242,4,1796.00,736.00,120.00,64.00,9.7048,-1,-1,-1
242,3,1911.00,934.00,58.00,52.00,5.8819,-1,-1,-1
243,4,1800.00,734.00,122.00,66.00,9.7708,-1,-1,-1
243,3,1916.00,931.00,65.00,56.00,5.8217,-1,-1,-1
244,4,1805.00,733.00,121.00,65.00,9.8497,-1,-1,-1
244,3,1923.00,930.00,60.00,54.00,5.8390,-1,-1,-1
245,4,1810.00,730.00,124.00,68.00,9.9452,-1,-1,-1
245,3,1929.00,929.00,61.00,54.00,5.9109,-1,-1,-1
246,4,1815.00,730.00,121.00,67.00,9.9667,-1,-1,-1
246,3,1936.00,929.00,60.00,54.00,5.7614,-1,-1,-1
247,4,1820.00,729.00,121.00,66.00,9.9749,-1,-1,-1
247,3,1941.00,925.00,69.00,57.00,5.8108,-1,-1,-1
248,4,1825.00,729.00,122.00,66.00,9.9466,-1,-1,-1
248,3,1950.00,926.00,63.00,53.00,5.8621,-1,-1,-1
249,4,1831.00,728.00,121.00,65.00,9.8884,-1,-1,-1
249,3,1955.00,924.00,62.00,57.00,5.9312,-1,-1,-1
250,4,1836.00,727.00,121.00,65.00,9.8836,-1,-1,-1
250,3,1963.00,924.00,64.00,55.00,5.8974,-1,-1,-1
251,4,1841.00,726.00,121.00,66.00,9.8938,-1,-1,-1
251,3,1969.00,923.00,64.00,55.00,5.8484,-1,-1,-1
252,4,1846.00,725.00,121.00,65.00,9.8865,-1,-1,-1
252,3,1976.00,923.00,61.00,53.00,5.7411,-1,-1,-1
253,4,1851.00,724.00,122.00,66.00,9.8203,-1,-1,-1
253,3,1982.00,922.00,60.00,55.00,5.7408,-1,-1,-1
254,4,1856.00,724.00,121.00,65.00,9.7908,-1,-1,-1
254,3,1990.00,922.00,60.00,54.00,5.6366,-1,-1,-1
255,4,1862.00,722.00,122.00,66.00,9.8213,-1,-1,-1
255,3,1995.00,921.00,62.00,52.00,5.5401,-1,-1,-1
256,4,1866.00,721.00,127.00,67.00,9.8691,-1,-1,-1
256,3,2003.00,921.00,58.00,54.00,5.4347,-1,-1,-1
257,4,1871.00,722.00,124.00,66.00,9.8494,-1,-1,-1
257,3,2009.00,919.00,64.00,55.00,5.3396,-1,-1,-1
258,4,1876.00,720.00,128.00,68.00,9.8983,-1,-1,-1
258,3,2015.00,920.00,64.00,53.00,5.2448,-1,-1,-1
259,4,1882.00,721.00,124.00,67.00,9.8715,-1,-1,-1
259,3,2021.00,920.00,60.00,51.00,5.2259,-1,-1,-1
260,4,1887.00,720.00,126.00,68.00,9.8952,-1,-1,-1
260,3,2028.00,920.00,60.00,51.00,5.2002,-1,-1,-1
261,4,1892.00,721.00,125.00,68.00,9.9717,-1,-1,-1
261,3,2035.00,921.00,57.00,51.00,5.1988,-1,-1,-1
262,4,1897.00,722.00,124.00,66.00,9.9377,-1,-1,-1
262,3,2040.00,919.00,64.00,51.00,5.1674,-1,-1,-1
263,4,1902.00,722.00,122.00,66.00,9.8570,-1,-1,-1
263,3,2048.00,920.00,56.00,48.00,5.1204,-1,-1,-1
263,6,2283.00,848.00,110.00,61.00,3.4693,-1,-1,-1
264,4,1908.00,721.00,124.00,66.00,9.8587,-1,-1,-1
264,3,2055.00,918.00,58.00,52.00,5.0428,-1,-1,-1
264,6,2290.00,848.00,110.00,60.00,4.3751,-1,-1,-1
265,4,1913.00,720.00,124.00,69.00,9.9726,-1,-1,-1
265,6,2294.00,847.00,110.00,60.00,5.1748,-1,-1,-1
265,3,2063.00,918.00,58.00,52.00,3.4800,-1,-1,-1
266,4,1919.00,721.00,124.00,67.00,10.0102,-1,-1,-1
266,6,2299.00,846.00,110.00,60.00,5.8734,-1,-1,-1
266,3,2066.00,918.00,61.00,50.00,3.7021,-1,-1,-1
267,4,1924.00,720.00,125.00,67.00,10.0723,-1,-1,-1
267,6,2304.00,846.00,109.00,59.00,6.4545,-1,-1,-1
267,3,2078.00,917.00,61.00,50.00,2.5116,-1,-1,-1
268,4,1930.00,720.00,126.00,67.00,10.0785,-1,-1,-1
268,6,2310.00,846.00,110.00,59.00,6.8976,-1,-1,-1
268,3,2081.00,919.00,54.00,50.00,2.9247,-1,-1,-1
269,4,1935.00,720.00,123.00,67.00,10.1368,-1,-1,-1
269,6,2314.00,845.00,112.00,60.00,7.2985,-1,-1,-1
269,3,2086.00,918.00,60.00,51.00,3.1954,-1,-1,-1
270,4,1940.00,721.00,123.00,67.00,10.2125,-1,-1,-1
270,6,2320.00,846.00,111.00,59.00,7.6729,-1,-1,-1
270,3,2093.00,919.00,57.00,50.00,3.5272,-1,-1,-1
271,4,1945.00,722.00,122.00,66.00,10.1968,-1,-1,-1
271,6,2324.00,845.00,116.00,60.00,8.0117,-1,-1,-1
271,3,2100.00,917.00,60.00,52.00,3.6504,-1,-1,-1
272,4,1950.00,720.00,126.00,67.00,10.2532,-1,-1,-1
272,6,2330.00,846.00,113.00,59.00,8.2766,-1,-1,-1
272,3,2108.00,916.00,60.00,52.00,2.4757,-1,-1,-1
273,4,1955.00,721.00,125.00,67.00,10.1999,-1,-1,-1
273,6,2336.00,846.00,112.00,60.00,8.3994,-1,-1,-1
273,3,2117.00,915.00,60.00,52.00,1.6242,-1,-1,-1
274,4,1960.00,721.00,122.00,66.00,10.1553,-1,-1,-1
274,6,2340.00,846.00,114.00,59.00,8.5919,-1,-1,-1
274,3,2118.00,920.00,58.00,50.00,2.1048,-1,-1,-1
275,4,1964.00,721.00,123.00,67.00,10.1784,-1,-1,-1
275,6,2345.00,845.00,114.00,61.00,8.7043,-1,-1,-1
275,3,2135.00,922.00,58.00,50.00,1.3570,-1,-1,-1
276,4,1970.00,723.00,122.00,65.00,10.1440,-1,-1,-1
276,6,2351.00,846.00,112.00,60.00,8.8658,-1,-1,-1
276,3,2131.00,922.00,57.00,51.00,1.9821,-1,-1,-1
277,4,1975.00,724.00,123.00,65.00,10.1095,-1,-1,-1
277,6,2357.00,848.00,113.00,60.00,8.9578,-1,-1,-1
277,3,2136.00,923.00,59.00,50.00,2.3547,-1,-1,-1
278,4,1980.00,725.00,123.00,65.00,10.0977,-1,-1,-1
278,6,2363.00,848.00,113.00,61.00,9.0443,-1,-1,-1
278,3,2141.00,923.00,62.00,51.00,2.7439,-1,-1,-1
279,4,1985.00,725.00,124.00,67.00,10.1086,-1,-1,-1
279,6,2369.00,848.00,113.00,61.00,9.1317,-1,-1,-1
279,3,2149.00,925.00,58.00,51.00,2.9968,-1,-1,-1
280,4,1991.00,728.00,120.00,64.00,10.1002,-1,-1,-1
280,6,2376.00,851.00,110.00,59.00,9.2388,-1,-1,-1
280,3,2157.00,926.00,61.00,51.00,3.2253,-1,-1,-1
281,4,1996.00,728.00,124.00,65.00,10.0658,-1,-1,-1
281,6,2381.00,851.00,110.00,60.00,9.3103,-1,-1,-1
281,3,2160.00,926.00,61.00,55.00,3.5304,-1,-1,-1
282,4,2001.00,731.00,119.00,63.00,10.0585,-1,-1,-1
282,6,2388.00,854.00,109.00,59.00,9.4318,-1,-1,-1
282,3,2166.00,928.00,59.00,51.00,3.8257,-1,-1,-1
283,4,2006.00,734.00,118.00,63.00,9.9828,-1,-1,-1
283,6,2394.00,856.00,108.00,59.00,9.5512,-1,-1,-1
283,3,2172.00,931.00,59.00,52.00,4.0447,-1,-1,-1
284,4,2011.00,735.00,117.00,64.00,9.8834,-1,-1,-1
284,6,2400.00,857.00,108.00,60.00,9.4946,-1,-1,-1
284,3,2180.00,936.00,53.00,49.00,4.1179,-1,-1,-1
285,4,2015.00,737.00,119.00,64.00,9.9496,-1,-1,-1
285,6,2404.00,859.00,108.00,59.00,9.3406,-1,-1,-1
285,3,2183.00,935.00,58.00,52.00,4.2864,-1,-1,-1
286,4,2019.00,739.00,122.00,64.00,9.9656,-1,-1,-1
286,6,2409.00,862.00,107.00,58.00,9.2005,-1,-1,-1
286,3,2189.00,935.00,59.00,52.00,4.5639,-1,-1,-1
287,4,2022.00,740.00,126.00,66.00,9.9987,-1,-1,-1
287,6,2415.00,864.00,106.00,58.00,9.2634,-1,-1,-1
287,3,2195.00,937.00,59.00,54.00,4.7330,-1,-1,-1
288,4,2026.00,743.00,124.00,65.00,10.0201,-1,-1,-1
288,6,2418.00,866.00,107.00,58.00,9.3752,-1,-1,-1
288,3,2199.00,940.00,57.00,54.00,4.9715,-1,-1,-1
289,4,2031.00,748.00,117.00,62.00,10.0241,-1,-1,-1
289,6,2421.00,868.00,107.00,57.00,9.4426,-1,-1,-1
289,3,2205.00,943.00,57.00,52.00,5.0365,-1,-1,-1
290,4,2032.00,749.00,120.00,64.00,10.0511,-1,-1,-1
290,6,2425.00,871.00,107.00,56.00,9.4898,-1,-1,-1
290,3,2209.00,947.00,57.00,52.00,5.0325,-1,-1,-1
291,4,2037.00,752.00,115.00,62.00,10.0861,-1,-1,-1
291,6,2428.00,873.00,107.00,56.00,9.5264,-1,-1,-1
291,3,2212.00,947.00,62.00,53.00,5.0143,-1,-1,-1
292,4,2040.00,752.00,119.00,65.00,10.1000,-1,-1,-1
292,6,2432.00,875.00,107.00,57.00,9.5189,-1,-1,-1
292,3,2215.00,944.00,67.00,57.00,5.0972,-1,-1,-1
293,4,2044.00,755.00,118.00,63.00,10.0205,-1,-1,-1
293,6,2435.00,876.00,107.00,58.00,9.4368,-1,-1,-1
293,3,2218.00,949.00,65.00,58.00,5.2189,-1,-1,-1
294,4,2046.00,755.00,120.00,65.00,10.0386,-1,-1,-1
294,6,2437.00,878.00,108.00,57.00,9.4607,-1,-1,-1
294,3,2223.00,953.00,60.00,56.00,5.2815,-1,-1,-1
295,4,2048.00,759.00,116.00,63.00,10.0350,-1,-1,-1
295,6,2439.00,880.00,107.00,57.00,9.5816,-1,-1,-1
295,3,2226.00,958.00,57.00,52.00,5.2135,-1,-1,-1
296,4,2049.00,761.00,119.00,64.00,10.0128,-1,-1,-1
296,6,2441.00,882.00,107.00,57.00,9.6581,-1,-1,-1
296,3,2229.00,960.00,57.00,52.00,5.2027,-1,-1,-1
297,4,2051.00,764.00,120.00,64.00,9.9868,-1,-1,-1
297,6,2442.00,884.00,109.00,57.00,9.7050,-1,-1,-1
297,3,2230.00,961.00,58.00,54.00,5.3152,-1,-1,-1
298,4,2051.00,765.00,123.00,66.00,9.9740,-1,-1,-1
298,6,2444.00,886.00,107.00,57.00,9.6995,-1,-1,-1
298,3,2231.00,961.00,59.00,54.00,5.3716,-1,-1,-1
299,4,2051.00,768.00,122.00,64.00,9.9653,-1,-1,-1
299,6,2443.00,887.00,108.00,58.00,9.6865,-1,-1,-1
299,3,2231.00,964.00,59.00,55.00,5.5668,-1,-1,-1
300,4,2052.00,769.00,118.00,64.00,9.9675,-1,-1,-1
300,6,2443.00,888.00,108.00,59.00,9.7322,-1,-1,-1
300,3,2231.00,965.00,61.00,55.00,5.7084,-1,-1,-1
301,4,2052.00,772.00,115.00,62.00,9.9926,-1,-1,-1
301,6,2442.00,890.00,109.00,59.00,9.8602,-1,-1,-1
301,3,2232.00,966.00,65.00,56.00,5.7505,-1,-1,-1
301,5,2315.00,820.00,31.00,32.00,0.4004,-1,-1,-1
302,4,2051.00,775.00,112.00,63.00,10.0377,-1,-1,-1
302,6,2441.00,892.00,110.00,58.00,9.9952,-1,-1,-1
302,3,2232.00,970.00,64.00,54.00,5.7314,-1,-1,-1
303,6,2440.00,894.00,110.00,58.00,10.0949,-1,-1,-1
303,4,2050.00,775.00,113.00,64.00,10.0713,-1,-1,-1
303,3,2232.00,971.00,65.00,56.00,5.6581,-1,-1,-1
304,6,2438.00,895.00,111.00,58.00,10.1188,-1,-1,-1
304,4,2049.00,778.00,116.00,64.00,10.0796,-1,-1,-1
304,3,2232.00,973.00,66.00,56.00,5.7601,-1,-1,-1
305,6,2437.00,897.00,111.00,59.00,10.1228,-1,-1,-1
305,4,2049.00,779.00,117.00,64.00,10.0666,-1,-1,-1
305,3,2231.00,973.00,65.00,59.00,5.8782,-1,-1,-1
306,4,2046.00,781.00,114.00,64.00,10.0067,-1,-1,-1
306,6,2435.00,899.00,111.00,59.00,7.1463,-1,-1,-1
306,3,2230.00,975.00,67.00,59.00,5.9957,-1,-1,-1
307,4,2042.00,784.00,114.00,64.00,10.0220,-1,-1,-1
307,6,2429.00,899.00,113.00,59.00,7.5356,-1,-1,-1
307,3,2229.00,979.00,65.00,55.00,5.9894,-1,-1,-1
308,4,2036.00,785.00,117.00,65.00,10.0330,-1,-1,-1
308,3,2223.00,982.00,61.00,55.00,5.8895,-1,-1,-1
308,6,2423.00,902.00,113.00,59.00,5.2797,-1,-1,-1
309,4,2029.00,787.00,119.00,66.00,10.0683,-1,-1,-1
309,3,2218.00,980.00,62.00,55.00,5.9076,-1,-1,-1
309,6,2417.00,905.00,113.00,59.00,3.6440,-1,-1,-1
310,4,2022.00,788.00,122.00,67.00,10.0582,-1,-1,-1
310,3,2213.00,981.00,65.00,56.00,5.9828,-1,-1,-1
311,4,2017.00,793.00,117.00,64.00,10.0390,-1,-1,-1
311,3,2207.00,984.00,63.00,54.00,5.9565,-1,-1,-1
312,4,2011.00,794.00,117.00,64.00,10.0597,-1,-1,-1
312,3,2203.00,985.00,63.00,54.00,5.9948,-1,-1,-1
313,4,2005.00,795.00,117.00,66.00,10.0656,-1,-1,-1
313,3,2198.00,985.00,60.00,55.00,5.9561,-1,-1,-1
314,4,1999.00,797.00,114.00,66.00,10.1315,-1,-1,-1
314,3,2192.00,986.00,63.00,54.00,5.9838,-1,-1,-1
315,4,1993.00,799.00,118.00,67.00,10.0942,-1,-1,-1
315,3,2185.00,987.00,67.00,57.00,5.9882,-1,-1,-1
316,4,1989.00,801.00,114.00,65.00,10.0635,-1,-1,-1
316,3,2182.00,992.00,63.00,54.00,5.9816,-1,-1,-1
317,4,1983.00,805.00,112.00,63.00,10.0527,-1,-1,-1
317,3,2177.00,993.00,63.00,55.00,5.9662,-1,-1,-1
318,4,1976.00,806.00,117.00,65.00,10.0287,-1,-1,-1
318,3,2172.00,995.00,63.00,53.00,5.9050,-1,-1,-1
319,4,1971.00,808.00,115.00,66.00,10.1174,-1,-1,-1
319,3,2168.00,994.00,67.00,54.00,5.9432,-1,-1,-1
319,7,2347.00,906.00,107.00,54.00,3.4417,-1,-1,-1
320,4,1967.00,809.00,117.00,67.00,10.1700,-1,-1,-1
320,3,2165.00,997.00,63.00,55.00,5.9251,-1,-1,-1
320,7,2343.00,908.00,106.00,54.00,4.2536,-1,-1,-1
321,4,1963.00,812.00,118.00,66.00,10.1579,-1,-1,-1
321,3,2163.00,1001.00,58.00,52.00,5.8572,-1,-1,-1
321,7,2341.00,908.00,104.00,54.00,4.9982,-1,-1,-1
322,4,1960.00,815.00,115.00,66.00,10.1274,-1,-1,-1
322,3,2160.00,1003.00,63.00,52.00,5.8305,-1,-1,-1
322,7,2337.00,911.00,104.00,53.00,5.6503,-1,-1,-1
323,4,1958.00,816.00,116.00,66.00,10.0890,-1,-1,-1
323,7,2334.00,912.00,105.00,54.00,6.2399,-1,-1,-1
323,3,2159.00,1006.00,63.00,51.00,5.7476,-1,-1,-1
324,4,1955.00,816.00,120.00,69.00,10.0770,-1,-1,-1
324,7,2332.00,914.00,104.00,54.00,6.8478,-1,-1,-1
324,3,2157.00,1009.00,57.00,49.00,5.5507,-1,-1,-1
325,4,1955.00,820.00,115.00,66.00,10.1038,-1,-1,-1
325,7,2330.00,916.00,105.00,54.00,7.3942,-1,-1,-1
325,3,2152.00,1011.00,57.00,49.00,3.8475,-1,-1,-1
326,4,1953.00,821.00,115.00,68.00,10.1436,-1,-1,-1
326,7,2329.00,918.00,107.00,54.00,7.8171,-1,-1,-1
326,3,2147.00,1013.00,57.00,49.00,2.6145,-1,-1,-1
327,4,1953.00,822.00,114.00,69.00,10.1610,-1,-1,-1
327,7,2328.00,920.00,105.00,54.00,8.1942,-1,-1,-1
327,3,2153.00,1011.00,58.00,53.00,2.9188,-1,-1,-1
328,4,1951.00,826.00,117.00,67.00,10.1114,-1,-1,-1
328,7,2327.00,922.00,105.00,54.00,8.4587,-1,-1,-1
328,3,2152.00,1014.00,59.00,55.00,3.3088,-1,-1,-1
329,4,1950.00,828.00,117.00,68.00,10.1331,-1,-1,-1
329,7,2326.00,924.00,104.00,53.00,8.6339,-1,-1,-1
329,3,2152.00,1018.00,58.00,54.00,3.5831,-1,-1,-1
330,4,1950.00,829.00,117.00,69.00,10.2130,-1,-1,-1
330,7,2325.00,926.00,102.00,51.00,8.8177,-1,-1,-1
330,3,2152.00,1018.00,63.00,55.00,3.7893,-1,-1,-1
330,8,2194.00,866.00,60.00,51.00,2.7466,-1,-1,-1
331,4,1949.00,831.00,117.00,70.00,10.2844,-1,-1,-1
331,7,2324.00,928.00,103.00,52.00,8.9615,-1,-1,-1
331,3,2152.00,1018.00,66.00,56.00,4.0110,-1,-1,-1
331,8,2193.00,868.00,62.00,51.00,3.4452,-1,-1,-1
332,4,1948.00,833.00,118.00,69.00,10.2963,-1,-1,-1
332,7,2324.00,931.00,102.00,52.00,9.0774,-1,-1,-1
332,3,2152.00,1022.00,64.00,55.00,4.2751,-1,-1,-1
332,8,2192.00,869.00,62.00,51.00,2.3285,-1,-1,-1
333,7,2323.00,933.00,101.00,51.00,9.1925,-1,-1,-1
333,4,1947.00,835.00,118.00,69.00,7.2750,-1,-1,-1
333,3,2153.00,1026.00,59.00,54.00,4.4444,-1,-1,-1
333,8,2191.00,872.00,63.00,51.00,3.1929,-1,-1,-1
334,7,2322.00,934.00,102.00,52.00,9.3262,-1,-1,-1
334,4,1946.00,838.00,119.00,67.00,7.6749,-1,-1,-1
334,3,2152.00,1032.00,57.00,50.00,4.6340,-1,-1,-1
334,8,2190.00,873.00,63.00,51.00,3.9054,-1,-1,-1
335,7,2321.00,936.00,101.00,52.00,9.4714,-1,-1,-1
335,4,1947.00,840.00,114.00,67.00,8.0089,-1,-1,-1
335,3,2151.00,1032.00,59.00,50.00,4.6543,-1,-1,-1
335,8,2191.00,875.00,62.00,52.00,4.4139,-1,-1,-1
336,7,2319.00,938.00,102.00,52.00,9.6374,-1,-1,-1
336,4,1946.00,842.00,114.00,67.00,5.6237,-1,-1,-1
336,8,2194.00,878.00,60.00,51.00,4.8047,-1,-1,-1
336,3,2151.00,1032.00,59.00,50.00,3.2007,-1,-1,-1
337,7,2318.00,940.00,104.00,52.00,9.7808,-1,-1,-1
337,4,1946.00,843.00,114.00,67.00,6.2810,-1,-1,-1
337,8,2193.00,880.00,60.00,51.00,5.3612,-1,-1,-1
337,3,2151.00,1034.00,58.00,52.00,3.5385,-1,-1,-1
338,7,2317.00,942.00,103.00,51.00,9.9073,-1,-1,-1
338,4,1946.00,845.00,114.00,67.00,6.8400,-1,-1,-1
338,8,2194.00,883.00,60.00,50.00,5.8994,-1,-1,-1
338,3,2151.00,1034.00,60.00,54.00,3.8629,-1,-1,-1
339,7,2315.00,944.00,103.00,51.00,9.9741,-1,-1,-1
339,4,1946.00,847.00,116.00,68.00,7.2110,-1,-1,-1
339,8,2192.00,884.00,61.00,51.00,6.4317,-1,-1,-1
339,3,2151.00,1038.00,60.00,54.00,4.2477,-1,-1,-1
340,7,2315.00,946.00,101.00,50.00,9.9593,-1,-1,-1
340,8,2192.00,886.00,61.00,52.00,6.8537,-1,-1,-1
340,4,1947.00,850.00,116.00,68.00,5.0474,-1,-1,-1
340,3,2151.00,1041.00,58.00,54.00,4.5735,-1,-1,-1
341,7,2313.00,948.00,102.00,52.00,9.9824,-1,-1,-1
341,8,2194.00,888.00,60.00,51.00,7.0790,-1,-1,-1
341,3,2150.00,1041.00,66.00,54.00,4.5977,-1,-1,-1
341,4,1947.00,852.00,116.00,68.00,3.4776,-1,-1,-1
342,7,2311.00,950.00,102.00,51.00,10.0407,-1,-1,-1
342,8,2193.00,890.00,60.00,50.00,7.0954,-1,-1,-1
342,3,2153.00,1041.00,66.00,54.00,3.1601,-1,-1,-1
343,7,2310.00,953.00,102.00,51.00,10.1109,-1,-1,-1
343,8,2192.00,892.00,61.00,50.00,7.0878,-1,-1,-1
343,3,2150.00,1047.00,62.00,55.00,3.3795,-1,-1,-1
344,7,2308.00,955.00,104.00,51.00,10.1236,-1,-1,-1
344,8,2193.00,894.00,60.00,50.00,7.1110,-1,-1,-1
344,3,2150.00,1049.00,59.00,52.00,3.6559,-1,-1,-1
345,7,2308.00,956.00,103.00,52.00,10.1514,-1,-1,-1
345,8,2191.00,896.00,61.00,50.00,7.1161,-1,-1,-1
345,3,2149.00,1053.00,57.00,52.00,4.0163,-1,-1,-1
346,7,2307.00,958.00,102.00,53.00,10.1200,-1,-1,-1
346,8,2190.00,898.00,61.00,50.00,4.9807,-1,-1,-1
346,3,2149.00,1054.00,61.00,51.00,4.1056,-1,-1,-1
347,7,2307.00,960.00,102.00,53.00,9.9077,-1,-1,-1
347,8,2192.00,901.00,62.00,51.00,5.3437,-1,-1,-1
347,3,2151.00,1054.00,61.00,51.00,2.8041,-1,-1,-1
348,7,2306.00,962.00,101.00,51.00,9.8145,-1,-1,-1
348,8,2192.00,903.00,61.00,50.00,5.6119,-1,-1,-1
348,3,2153.00,1055.00,61.00,51.00,1.8607,-1,-1,-1
349,7,2306.00,964.00,101.00,51.00,9.7655,-1,-1,-1
349,8,2191.00,904.00,61.00,50.00,3.8937,-1,-1,-1
349,9,1937.00,883.00,93.00,64.00,3.5048,-1,-1,-1
349,3,2147.00,1059.00,64.00,55.00,2.2766,-1,-1,-1
350,7,2304.00,966.00,101.00,51.00,9.8216,-1,-1,-1
350,8,2192.00,907.00,62.00,50.00,4.6352,-1,-1,-1
350,9,1935.00,884.00,99.00,67.00,4.5195,-1,-1,-1
350,3,2149.00,1062.00,60.00,54.00,2.7088,-1,-1,-1
351,7,2304.00,968.00,100.00,50.00,9.8723,-1,-1,-1
351,9,1935.00,886.00,97.00,67.00,5.3703,-1,-1,-1
351,8,2194.00,910.00,60.00,50.00,5.2097,-1,-1,-1
351,3,2150.00,1066.00,60.00,55.00,3.1794,-1,-1,-1
352,7,2303.00,970.00,101.00,51.00,9.9176,-1,-1,-1
352,9,1935.00,891.00,91.00,63.00,6.0101,-1,-1,-1
352,8,2194.00,911.00,60.00,51.00,5.5290,-1,-1,-1
352,3,2151.00,1070.00,60.00,55.00,2.1341,-1,-1,-1
353,7,2302.00,972.00,100.00,50.00,9.9605,-1,-1,-1
353,9,1935.00,893.00,91.00,63.00,6.5427,-1,-1,-1
353,8,2191.00,912.00,62.00,51.00,5.9315,-1,-1,-1
353,3,2152.00,1075.00,60.00,55.00,1.3754,-1,-1,-1
354,7,2302.00,975.00,98.00,50.00,10.0206,-1,-1,-1
354,9,1935.00,897.00,88.00,61.00,7.0011,-1,-1,-1
354,8,2190.00,914.00,61.00,50.00,6.1148,-1,-1,-1
354,3,2148.00,1069.00,65.00,55.00,2.0312,-1,-1,-1
355,7,2300.00,977.00,100.00,50.00,10.0922,-1,-1,-1
355,9,1934.00,900.00,85.00,60.00,7.3575,-1,-1,-1
355,8,2190.00,917.00,62.00,50.00,6.3173,-1,-1,-1
355,3,2149.00,1071.00,64.00,54.00,2.4401,-1,-1,-1
356,7,2299.00,979.00,99.00,49.00,10.1433,-1,-1,-1
356,9,1934.00,901.00,89.00,62.00,7.7607,-1,-1,-1
356,8,2188.00,918.00,62.00,50.00,6.6288,-1,-1,-1
356,3,2147.00,1076.00,63.00,55.00,2.8699,-1,-1,-1
357,7,2299.00,981.00,99.00,50.00,10.1805,-1,-1,-1
357,9,1934.00,901.00,93.00,64.00,8.1607,-1,-1,-1
357,8,2187.00,920.00,62.00,50.00,4.6283,-1,-1,-1
357,3,2144.00,1082.00,63.00,55.00,1.9113,-1,-1,-1
358,7,2297.00,982.00,99.00,50.00,10.1914,-1,-1,-1
358,9,1932.00,904.00,94.00,64.00,8.4942,-1,-1,-1
358,8,2186.00,921.00,62.00,50.00,3.1809,-1,-1,-1
358,3,2148.00,1081.00,60.00,53.00,2.3066,-1,-1,-1
359,7,2296.00,984.00,100.00,50.00,10.1232,-1,-1,-1
359,9,1932.00,906.00,93.00,64.00,8.7635,-1,-1,-1
359,8,2190.00,925.00,61.00,50.00,3.7618,-1,-1,-1
359,3,2146.00,1080.00,64.00,56.00,2.7784,-1,-1,-1
360,7,2296.00,987.00,99.00,50.00,10.0522,-1,-1,-1
360,9,1932.00,908.00,92.00,65.00,8.9732,-1,-1,-1
360,8,2188.00,926.00,63.00,51.00,4.3723,-1,-1,-1
360,3,2144.00,1079.00,69.00,58.00,3.1758,-1,-1,-1
361,7,2296.00,989.00,98.00,49.00,10.0034,-1,-1,-1
361,9,1932.00,910.00,93.00,65.00,9.1079,-1,-1,-1
361,8,2189.00,928.00,61.00,50.00,4.8546,-1,-1,-1
361,3,2147.00,1082.00,67.00,55.00,3.4805,-1,-1,-1
362,7,2295.00,991.00,98.00,49.00,10.0166,-1,-1,-1
362,9,1932.00,913.00,94.00,64.00,9.2247,-1,-1,-1
362,8,2189.00,931.00,60.00,50.00,5.3065,-1,-1,-1
362,3,2146.00,1084.00,66.00,55.00,3.7952,-1,-1,-1
363,7,2295.00,994.00,97.00,48.00,10.0730,-1,-1,-1
363,9,1931.00,914.00,94.00,65.00,9.4035,-1,-1,-1
363,8,2190.00,933.00,60.00,50.00,5.6434,-1,-1,-1
363,3,2144.00,1086.00,70.00,54.00,4.0267,-1,-1,-1
364,7,2291.00,995.00,100.00,49.00,10.0764,-1,-1,-1
364,9,1931.00,917.00,93.00,65.00,9.5583,-1,-1,-1
364,3,2143.00,1089.00,70.00,57.00,4.4012,-1,-1,-1
364,8,2190.00,936.00,60.00,50.00,3.9167,-1,-1,-1
365,7,2291.00,997.00,98.00,49.00,10.0165,-1,-1,-1
365,9,1930.00,918.00,93.00,65.00,9.6911,-1,-1,-1
365,3,2143.00,1092.00,68.00,53.00,4.6593,-1,-1,-1
365,8,2191.00,938.00,60.00,50.00,2.6669,-1,-1,-1
366,7,2291.00,999.00,98.00,50.00,10.0245,-1,-1,-1
366,9,1930.00,921.00,93.00,65.00,9.7365,-1,-1,-1
366,3,2144.00,1092.00,69.00,54.00,4.8167,-1,-1,-1
366,8,2186.00,938.00,62.00,50.00,3.5056,-1,-1,-1
367,7,2290.00,1001.00,98.00,50.00,10.0315,-1,-1,-1
367,9,1930.00,924.00,93.00,64.00,9.7803,-1,-1,-1
367,3,2144.00,1093.00,72.00,56.00,4.9816,-1,-1,-1
367,8,2187.00,940.00,61.00,51.00,4.2545,-1,-1,-1
368,7,2290.00,1002.00,98.00,50.00,10.0080,-1,-1,-1
368,9,1930.00,926.00,94.00,64.00,9.9145,-1,-1,-1
368,3,2144.00,1098.00,64.00,56.00,5.1621,-1,-1,-1
368,8,2186.00,942.00,60.00,51.00,4.9589,-1,-1,-1
369,9,1930.00,929.00,93.00,64.00,10.0256,-1,-1,-1
369,7,2290.00,1004.00,98.00,50.00,10.0044,-1,-1,-1
369,8,2189.00,945.00,60.00,51.00,5.5630,-1,-1,-1
369,3,2142.00,1101.00,63.00,50.00,5.1047,-1,-1,-1
370,9,1929.00,930.00,93.00,64.00,10.0739,-1,-1,-1
370,7,2289.00,1006.00,98.00,50.00,10.0150,-1,-1,-1
370,8,2188.00,946.00,61.00,52.00,6.0599,-1,-1,-1
370,3,2141.00,1100.00,69.00,56.00,5.1808,-1,-1,-1
371,9,1929.00,933.00,93.00,64.00,10.0874,-1,-1,-1
371,7,2289.00,1008.00,97.00,49.00,10.0036,-1,-1,-1
371,8,2187.00,948.00,61.00,51.00,6.5650,-1,-1,-1
371,3,2138.00,1101.00,73.00,59.00,5.1765,-1,-1,-1
372,9,1929.00,935.00,93.00,64.00,10.1233,-1,-1,-1
372,7,2288.00,1010.00,99.00,50.00,9.8242,-1,-1,-1
372,8,2187.00,951.00,61.00,50.00,6.9181,-1,-1,-1
372,3,2137.00,1104.00,73.00,59.00,3.5786,-1,-1,-1
373,9,1928.00,937.00,95.00,64.00,10.2017,-1,-1,-1
373,7,2289.00,1013.00,97.00,49.00,9.7052,-1,-1,-1
373,8,2188.00,953.00,60.00,50.00,7.1492,-1,-1,-1
373,3,2136.00,1106.00,73.00,59.00,2.4211,-1,-1,-1
374,9,1927.00,939.00,94.00,65.00,10.2505,-1,-1,-1
374,7,2288.00,1015.00,97.00,49.00,9.5679,-1,-1,-1
374,8,2189.00,955.00,58.00,49.00,7.3610,-1,-1,-1
375,9,1926.00,940.00,95.00,65.00,10.2358,-1,-1,-1
375,7,2285.00,1016.00,98.00,50.00,9.5223,-1,-1,-1
375,8,2188.00,957.00,58.00,50.00,7.4112,-1,-1,-1
376,9,1927.00,941.00,95.00,66.00,10.1920,-1,-1,-1
376,7,2284.00,1017.00,100.00,51.00,9.4950,-1,-1,-1
376,8,2188.00,959.00,59.00,50.00,7.4569,-1,-1,-1
377,9,1927.00,943.00,94.00,65.00,10.0859,-1,-1,-1
377,7,2282.00,1020.00,94.00,48.00,9.4990,-1,-1,-1
377,8,2188.00,961.00,59.00,50.00,5.2268,-1,-1,-1
377,3,2406.00,928.00,51.00,31.00,0.3338,-1,-1,-1
378,9,1927.00,947.00,94.00,65.00,10.0653,-1,-1,-1
378,7,2278.00,1024.00,80.00,43.00,9.1618,-1,-1,-1
378,8,2188.00,962.00,59.00,50.00,3.6140,-1,-1,-1
379,9,1918.00,956.00,95.00,68.00,9.7088,-1,-1,-1
379,7,2277.00,1026.00,81.00,43.00,8.9541,-1,-1,-1
380,9,1918.00,959.00,93.00,65.00,9.4211,-1,-1,-1
380,7,2284.00,1027.00,98.00,48.00,9.0439,-1,-1,-1
381,7,2280.00,1029.00,93.00,48.00,9.1693,-1,-1,-1
381,9,1918.00,963.00,90.00,63.00,9.1377,-1,-1,-1
382,7,2282.00,1030.00,98.00,49.00,9.3061,-1,-1,-1
382,9,1918.00,965.00,92.00,63.00,8.9330,-1,-1,-1
383,7,2283.00,1032.00,96.00,48.00,9.4645,-1,-1,-1
383,9,1916.00,966.00,93.00,65.00,8.7689,-1,-1,-1
384,7,2282.00,1034.00,97.00,49.00,9.5142,-1,-1,-1
384,9,1915.00,968.00,94.00,67.00,8.6657,-1,-1,-1
385,9,1914.00,971.00,93.00,66.00,8.5632,-1,-1,-1
385,7,2283.00,1036.00,97.00,49.00,6.7106,-1,-1,-1
386,9,1915.00,974.00,87.00,62.00,8.4625,-1,-1,-1
386,7,2283.00,1038.00,97.00,49.00,4.6806,-1,-1,-1
387,9,1913.00,975.00,89.00,64.00,8.3791,-1,-1,-1
388,9,1913.00,975.00,90.00,66.00,8.3068,-1,-1,-1
389,9,1910.00,977.00,94.00,66.00,8.2371,-1,-1,-1
390,9,1908.00,978.00,94.00,69.00,8.1891,-1,-1,-1
391,9,1907.00,981.00,92.00,69.00,8.1441,-1,-1,-1
392,9,1905.00,982.00,95.00,70.00,8.1161,-1,-1,-1
393,9,1905.00,985.00,92.00,67.00,8.0581,-1,-1,-1
394,9,1903.00,986.00,93.00,68.00,8.0311,-1,-1,-1
395,9,1900.00,988.00,95.00,68.00,8.0155,-1,-1,-1
396,9,1898.00,992.00,93.00,68.00,8.0146,-1,-1,-1
397,9,1896.00,995.00,93.00,68.00,7.9766,-1,-1,-1
398,9,1896.00,994.00,93.00,72.00,7.9263,-1,-1,-1
399,9,1894.00,996.00,92.00,71.00,7.8810,-1,-1,-1
400,9,1891.00,1001.00,93.00,68.00,7.9015,-1,-1,-1
401,9,1888.00,1003.00,94.00,69.00,7.9212,-1,-1,-1
402,9,1886.00,1008.00,89.00,64.00,7.8855,-1,-1,-1
403,9,1884.00,1008.00,91.00,67.00,7.8598,-1,-1,-1
404,9,1881.00,1010.00,92.00,67.00,7.8283,-1,-1,-1
405,9,1878.00,1014.00,91.00,64.00,7.8314,-1,-1,-1
406,9,1876.00,1017.00,87.00,63.00,7.8446,-1,-1,-1
407,9,1874.00,1018.00,88.00,65.00,7.8507,-1,-1,-1
408,9,1873.00,1020.00,85.00,65.00,7.8502,-1,-1,-1
409,9,1869.00,1018.00,92.00,71.00,7.8472,-1,-1,-1
410,9,1868.00,1023.00,89.00,68.00,7.8530,-1,-1,-1
411,9,1865.00,1024.00,93.00,70.00,7.8849,-1,-1,-1
412,9,1863.00,1026.00,91.00,70.00,7.8991,-1,-1,-1
413,9,1860.00,1028.00,92.00,71.00,7.8932,-1,-1,-1
414,9,1858.00,1028.00,94.00,74.00,7.8833,-1,-1,-1
415,9,1856.00,1033.00,91.00,70.00,7.8739,-1,-1,-1
416,9,1854.00,1038.00,89.00,66.00,7.8884,-1,-1,-1
417,9,1852.00,1040.00,89.00,67.00,7.9008,-1,-1,-1
418,9,1847.00,1038.00,94.00,74.00,7.9109,-1,-1,-1
419,9,1845.00,1040.00,92.00,75.00,7.9099,-1,-1,-1
420,9,1845.00,1045.00,87.00,71.00,7.9146,-1,-1,-1
421,9,1841.00,1046.00,90.00,73.00,7.9331,-1,-1,-1
422,9,1840.00,1048.00,88.00,74.00,7.9552,-1,-1,-1
423,9,1836.00,1050.00,92.00,74.00,7.9554,-1,-1,-1
424,9,1833.00,1053.00,93.00,73.00,7.9455,-1,-1,-1
425,9,1831.00,1056.00,88.00,70.00,7.9559,-1,-1,-1
426,9,1828.00,1059.00,88.00,69.00,7.9597,-1,-1,-1
427,9,1826.00,1063.00,87.00,68.00,7.9793,-1,-1,-1
428,9,1821.00,1062.00,90.00,74.00,8.0002,-1,-1,-1
429,9,1821.00,1065.00,84.00,72.00,8.0240,-1,-1,-1
430,9,1819.00,1067.00,83.00,72.00,8.0407,-1,-1,-1
431,9,1816.00,1069.00,84.00,72.00,8.0440,-1,-1,-1
432,9,1811.00,1070.00,88.00,74.00,8.0328,-1,-1,-1
433,9,1809.00,1072.00,87.00,74.00,8.0381,-1,-1,-1
434,9,1806.00,1074.00,88.00,74.00,8.0406,-1,-1,-1
435,9,1802.00,1075.00,90.00,75.00,8.0212,-1,-1,-1
436,9,1800.00,1077.00,88.00,75.00,8.0084,-1,-1,-1
437,9,1797.00,1078.00,89.00,76.00,7.9941,-1,-1,-1
438,9,1796.00,1082.00,84.00,74.00,7.9742,-1,-1,-1
439,9,1792.00,1083.00,87.00,75.00,8.0144,-1,-1,-1
440,9,1789.00,1086.00,88.00,74.00,8.0410,-1,-1,-1
441,9,1786.00,1088.00,86.00,76.00,8.0201,-1,-1,-1
442,9,1784.00,1091.00,85.00,72.00,7.9619,-1,-1,-1
443,9,1781.00,1096.00,84.00,73.00,7.9386,-1,-1,-1
444,9,1776.00,1096.00,87.00,74.00,7.9588,-1,-1,-1
445,9,1773.00,1097.00,89.00,76.00,7.9768,-1,-1,-1
446,9,1771.00,1099.00,90.00,75.00,7.9837,-1,-1,-1
446,11,2122.00,1122.00,71.00,36.00,3.5170,-1,-1,-1
446,10,2046.00,1073.00,61.00,48.00,2.8672,-1,-1,-1
447,9,1770.00,1100.00,87.00,75.00,7.9506,-1,-1,-1
447,11,2120.00,1123.00,70.00,35.00,4.4296,-1,-1,-1
447,10,2045.00,1075.00,60.00,48.00,3.5709,-1,-1,-1
448,9,1767.00,1100.00,89.00,77.00,7.9193,-1,-1,-1
448,11,2115.00,1124.00,72.00,36.00,5.2533,-1,-1,-1
448,10,2044.00,1076.00,60.00,48.00,2.4117,-1,-1,-1
449,9,1763.00,1103.00,89.00,75.00,7.8820,-1,-1,-1
449,11,2113.00,1125.00,70.00,36.00,5.9449,-1,-1,-1
449,10,2042.00,1078.00,60.00,48.00,1.5771,-1,-1,-1
450,9,1760.00,1107.00,89.00,72.00,7.9011,-1,-1,-1
450,11,2109.00,1126.00,72.00,37.00,6.5566,-1,-1,-1
451,9,1758.00,1108.00,88.00,72.00,7.9213,-1,-1,-1
451,11,2106.00,1127.00,73.00,37.00,7.0861,-1,-1,-1
452,9,1756.00,1110.00,85.00,72.00,7.9266,-1,-1,-1
452,11,2104.00,1128.00,71.00,36.00,7.5351,-1,-1,-1
453,9,1751.00,1109.00,89.00,78.00,7.9244,-1,-1,-1
453,11,2101.00,1129.00,71.00,36.00,7.8766,-1,-1,-1
454,11,2095.00,1130.00,74.00,37.00,8.2052,-1,-1,-1
454,9,1750.00,1114.00,84.00,73.00,7.9459,-1,-1,-1
455,11,2093.00,1130.00,73.00,38.00,8.5555,-1,-1,-1
455,9,1747.00,1116.00,86.00,73.00,7.9595,-1,-1,-1
456,11,2092.00,1131.00,71.00,38.00,8.8326,-1,-1,-1
456,9,1745.00,1116.00,87.00,76.00,7.9834,-1,-1,-1
457,11,2091.00,1133.00,70.00,37.00,9.0207,-1,-1,-1
457,9,1741.00,1119.00,86.00,74.00,7.9938,-1,-1,-1
458,11,2088.00,1134.00,69.00,36.00,9.0853,-1,-1,-1
458,9,1740.00,1121.00,85.00,74.00,7.9944,-1,-1,-1
459,11,2083.00,1135.00,71.00,36.00,9.0945,-1,-1,-1
459,9,1736.00,1122.00,87.00,74.00,7.9974,-1,-1,-1
460,11,2079.00,1136.00,72.00,36.00,9.1126,-1,-1,-1
460,9,1734.00,1126.00,86.00,72.00,7.9976,-1,-1,-1
461,11,2077.00,1138.00,71.00,36.00,9.1507,-1,-1,-1
461,9,1732.00,1126.00,87.00,74.00,7.9939,-1,-1,-1
462,11,2073.00,1138.00,73.00,37.00,9.1445,-1,-1,-1
462,9,1728.00,1129.00,87.00,74.00,7.9826,-1,-1,-1
463,11,2071.00,1139.00,73.00,37.00,9.1866,-1,-1,-1
463,9,1724.00,1129.00,89.00,77.00,7.9800,-1,-1,-1
464,11,2068.00,1139.00,72.00,38.00,9.2241,-1,-1,-1
464,9,1724.00,1132.00,85.00,74.00,8.0006,-1,-1,-1
465,11,2066.00,1141.00,72.00,37.00,9.2781,-1,-1,-1
465,9,1723.00,1132.00,85.00,75.00,8.0287,-1,-1,-1
466,11,2065.00,1142.00,70.00,36.00,9.3681,-1,-1,-1
466,9,1723.00,1135.00,82.00,74.00,8.0595,-1,-1,-1
467,11,2065.00,1143.00,68.00,36.00,9.4360,-1,-1,-1
467,9,1720.00,1136.00,83.00,75.00,8.0742,-1,-1,-1
468,11,2061.00,1143.00,71.00,37.00,9.4869,-1,-1,-1
468,9,1718.00,1137.00,83.00,76.00,8.0648,-1,-1,-1
469,11,2057.00,1144.00,73.00,37.00,9.5523,-1,-1,-1
469,9,1716.00,1139.00,81.00,76.00,7.9966,-1,-1,-1
470,11,2056.00,1144.00,72.00,37.00,9.6411,-1,-1,-1
470,9,1713.00,1142.00,81.00,74.00,7.9147,-1,-1,-1
471,11,2054.00,1144.00,71.00,37.00,9.6883,-1,-1,-1
471,9,1710.00,1143.00,84.00,74.00,7.8512,-1,-1,-1
472,11,2053.00,1145.00,71.00,36.00,9.6545,-1,-1,-1
472,9,1710.00,1145.00,83.00,75.00,7.8178,-1,-1,-1
473,11,2051.00,1146.00,70.00,36.00,9.5649,-1,-1,-1
473,9,1708.00,1145.00,83.00,76.00,7.8258,-1,-1,-1
474,11,2049.00,1146.00,70.00,36.00,9.4890,-1,-1,-1
474,9,1706.00,1146.00,84.00,76.00,7.8321,-1,-1,-1
475,11,2046.00,1146.00,72.00,37.00,9.4779,-1,-1,-1
475,9,1706.00,1147.00,82.00,76.00,7.8302,-1,-1,-1
476,11,2043.00,1145.00,73.00,38.00,9.4862,-1,-1,-1
476,9,1705.00,1148.00,81.00,76.00,7.8111,-1,-1,-1
477,11,2042.00,1146.00,72.00,37.00,9.4832,-1,-1,-1
477,9,1702.00,1149.00,83.00,77.00,7.7966,-1,-1,-1
478,11,2039.00,1145.00,72.00,37.00,9.4085,-1,-1,-1
478,9,1701.00,1149.00,84.00,78.00,7.7838,-1,-1,-1
479,11,2037.00,1146.00,72.00,37.00,9.3384,-1,-1,-1
479,9,1700.00,1152.00,83.00,76.00,7.7757,-1,-1,-1
480,11,2035.00,1146.00,72.00,37.00,9.2673,-1,-1,-1
480,9,1698.00,1154.00,83.00,75.00,7.7764,-1,-1,-1
481,11,2033.00,1146.00,74.00,37.00,9.1886,-1,-1,-1
481,9,1697.00,1152.00,83.00,78.00,7.7803,-1,-1,-1
482,11,2032.00,1146.00,72.00,36.00,9.1335,-1,-1,-1
482,9,1694.00,1153.00,83.00,80.00,7.7950,-1,-1,-1
483,11,2028.00,1145.00,75.00,37.00,9.0095,-1,-1,-1
483,9,1692.00,1154.00,84.00,80.00,7.8144,-1,-1,-1
484,11,2029.00,1146.00,73.00,37.00,8.8823,-1,-1,-1
484,9,1691.00,1155.00,85.00,79.00,7.8336,-1,-1,-1
485,11,2028.00,1146.00,73.00,36.00,8.7920,-1,-1,-1
485,9,1689.00,1156.00,86.00,78.00,7.8465,-1,-1,-1
486,11,2026.00,1145.00,74.00,37.00,8.7789,-1,-1,-1
486,9,1689.00,1158.00,84.00,76.00,7.8406,-1,-1,-1
487,11,2024.00,1145.00,74.00,37.00,8.7614,-1,-1,-1
487,9,1689.00,1158.00,81.00,76.00,7.8306,-1,-1,-1
488,11,2023.00,1144.00,74.00,38.00,8.7944,-1,-1,-1
488,9,1688.00,1158.00,81.00,77.00,7.7741,-1,-1,-1
489,11,2021.00,1144.00,75.00,38.00,8.8654,-1,-1,-1
489,9,1686.00,1159.00,80.00,76.00,7.7260,-1,-1,-1
490,11,2021.00,1143.00,74.00,38.00,8.9089,-1,-1,-1
490,9,1687.00,1159.00,81.00,78.00,7.6938,-1,-1,-1
491,11,2019.00,1143.00,75.00,39.00,8.9329,-1,-1,-1
491,9,1686.00,1159.00,80.00,78.00,7.6832,-1,-1,-1
492,11,2017.00,1142.00,76.00,39.00,8.8712,-1,-1,-1
492,9,1685.00,1159.00,80.00,79.00,7.6503,-1,-1,-1
493,11,2020.00,1143.00,71.00,38.00,8.9263,-1,-1,-1
493,9,1683.00,1160.00,82.00,77.00,7.6367,-1,-1,-1
494,11,2012.00,1140.00,79.00,42.00,8.8125,-1,-1,-1
494,9,1683.00,1160.00,81.00,77.00,7.6425,-1,-1,-1
495,11,2012.00,1140.00,78.00,41.00,8.7268,-1,-1,-1
495,9,1683.00,1161.00,80.00,77.00,7.6570,-1,-1,-1
496,11,2015.00,1142.00,74.00,39.00,8.7582,-1,-1,-1
496,9,1682.00,1161.00,80.00,76.00,7.6800,-1,-1,-1
497,11,2015.00,1142.00,73.00,39.00,8.7708,-1,-1,-1
497,9,1681.00,1162.00,80.00,76.00,7.7150,-1,-1,-1
498,11,2013.00,1141.00,73.00,38.00,8.7400,-1,-1,-1
498,9,1680.00,1162.00,80.00,76.00,7.7530,-1,-1,-1
499,11,2013.00,1141.00,72.00,38.00,8.7217,-1,-1,-1
499,9,1680.00,1164.00,79.00,74.00,7.7871,-1,-1,-1
500,11,2011.00,1140.00,73.00,37.00,8.6467,-1,-1,-1
500,9,1679.00,1164.00,80.00,74.00,7.8160,-1,-1,-1
501,11,2007.00,1137.00,77.00,40.00,8.5015,-1,-1,-1
501,9,1679.00,1163.00,79.00,75.00,7.8370,-1,-1,-1
502,11,2006.00,1136.00,77.00,40.00,8.3974,-1,-1,-1
502,9,1680.00,1163.00,77.00,74.00,7.8544,-1,-1,-1
503,11,2003.00,1135.00,78.00,40.00,8.4181,-1,-1,-1
503,9,1678.00,1163.00,79.00,74.00,7.8791,-1,-1,-1
504,11,2001.00,1133.00,78.00,41.00,8.4627,-1,-1,-1
504,9,1679.00,1163.00,77.00,74.00,7.8999,-1,-1,-1
504,12,3709.00,191.00,66.00,53.00,2.5226,-1,-1,-1
505,11,2000.00,1133.00,80.00,41.00,8.5273,-1,-1,-1
505,9,1678.00,1164.00,78.00,73.00,7.9165,-1,-1,-1
505,12,3705.00,190.00,66.00,53.00,3.4903,-1,-1,-1
506,11,1999.00,1133.00,80.00,40.00,8.6043,-1,-1,-1
506,9,1678.00,1163.00,77.00,74.00,7.9303,-1,-1,-1
506,12,3701.00,188.00,66.00,54.00,4.2900,-1,-1,-1
507,11,1998.00,1132.00,81.00,40.00,8.7044,-1,-1,-1
507,9,1678.00,1163.00,76.00,74.00,7.9423,-1,-1,-1
507,12,3698.00,188.00,65.00,53.00,4.8773,-1,-1,-1
508,11,1998.00,1131.00,79.00,40.00,8.8612,-1,-1,-1
508,9,1678.00,1164.00,76.00,72.00,7.9526,-1,-1,-1
508,12,3694.00,186.00,64.00,53.00,5.2135,-1,-1,-1
509,11,1998.00,1130.00,77.00,40.00,9.0333,-1,-1,-1
509,9,1678.00,1163.00,77.00,73.00,7.9681,-1,-1,-1
509,12,3690.00,184.00,64.00,53.00,3.6054,-1,-1,-1
510,11,1997.00,1127.00,78.00,41.00,9.1795,-1,-1,-1
510,9,1678.00,1163.00,77.00,73.00,7.9845,-1,-1,-1
510,12,3686.00,183.00,65.00,53.00,4.1832,-1,-1,-1
511,11,1997.00,1127.00,78.00,41.00,9.3085,-1,-1,-1
511,9,1678.00,1163.00,76.00,73.00,7.9938,-1,-1,-1
511,12,3682.00,181.00,64.00,53.00,4.7636,-1,-1,-1
512,11,1996.00,1125.00,78.00,42.00,9.3358,-1,-1,-1
512,9,1679.00,1162.00,75.00,74.00,8.0032,-1,-1,-1
512,12,3678.00,180.00,64.00,53.00,3.2797,-1,-1,-1
513,11,1996.00,1125.00,78.00,41.00,9.3447,-1,-1,-1
513,9,1679.00,1162.00,75.00,73.00,8.0085,-1,-1,-1
513,12,3675.00,179.00,64.00,53.00,2.2089,-1,-1,-1
514,11,1996.00,1124.00,78.00,41.00,9.3504,-1,-1,-1
514,9,1679.00,1162.00,75.00,73.00,8.0134,-1,-1,-1
514,12,3668.00,178.00,67.00,53.00,2.9719,-1,-1,-1
515,11,1996.00,1124.00,77.00,40.00,9.3418,-1,-1,-1
515,9,1679.00,1162.00,75.00,73.00,8.0150,-1,-1,-1
515,12,3664.00,176.00,67.00,53.00,3.7313,-1,-1,-1
516,11,1995.00,1122.00,78.00,40.00,9.3439,-1,-1,-1
516,9,1679.00,1161.00,75.00,74.00,8.0182,-1,-1,-1
516,12,3661.00,176.00,66.00,52.00,4.4356,-1,-1,-1
517,11,1995.00,1121.00,78.00,41.00,9.3556,-1,-1,-1
517,9,1679.00,1161.00,75.00,74.00,8.0219,-1,-1,-1
517,12,3659.00,174.00,65.00,53.00,5.0700,-1,-1,-1
518,9,1680.00,1161.00,74.00,74.00,8.0240,-1,-1,-1
518,11,1995.00,1119.00,78.00,41.00,6.5976,-1,-1,-1
518,12,3654.00,172.00,66.00,53.00,5.5827,-1,-1,-1
519,9,1680.00,1161.00,74.00,73.00,8.0280,-1,-1,-1
519,11,1993.00,1118.00,79.00,42.00,7.0246,-1,-1,-1
519,12,3649.00,170.00,66.00,53.00,6.0699,-1,-1,-1
520,9,1680.00,1161.00,74.00,72.00,8.0301,-1,-1,-1
520,12,3646.00,169.00,63.00,52.00,6.4525,-1,-1,-1
520,11,1992.00,1115.00,79.00,42.00,4.9127,-1,-1,-1
521,9,1680.00,1160.00,75.00,73.00,8.0307,-1,-1,-1
521,12,3642.00,167.00,65.00,53.00,6.7118,-1,-1,-1
521,11,1992.00,1113.00,79.00,42.00,3.3859,-1,-1,-1
522,9,1680.00,1161.00,75.00,71.00,8.0299,-1,-1,-1
522,12,3638.00,166.00,65.00,51.00,6.9038,-1,-1,-1
523,9,1680.00,1161.00,75.00,71.00,8.0289,-1,-1,-1
523,12,3634.00,163.00,65.00,53.00,7.1914,-1,-1,-1
524,9,1680.00,1160.00,76.00,71.00,8.0296,-1,-1,-1
524,12,3630.00,161.00,66.00,53.00,7.4321,-1,-1,-1
525,9,1680.00,1159.00,76.00,72.00,8.0355,-1,-1,-1
525,12,3626.00,159.00,66.00,53.00,7.5001,-1,-1,-1
526,9,1680.00,1157.00,78.00,73.00,8.0390,-1,-1,-1
526,12,3623.00,157.00,65.00,53.00,7.4722,-1,-1,-1
527,9,1681.00,1156.00,78.00,73.00,8.0230,-1,-1,-1
527,12,3619.00,155.00,65.00,53.00,7.5632,-1,-1,-1
528,9,1684.00,1155.00,75.00,74.00,8.0007,-1,-1,-1
528,12,3615.00,154.00,65.00,52.00,7.5028,-1,-1,-1
529,9,1685.00,1156.00,74.00,72.00,7.9819,-1,-1,-1
529,12,3611.00,153.00,66.00,51.00,7.6380,-1,-1,-1
529,13,1979.00,1098.00,89.00,52.00,3.2536,-1,-1,-1
530,9,1685.00,1156.00,74.00,73.00,7.9664,-1,-1,-1
530,12,3608.00,150.00,65.00,52.00,7.7761,-1,-1,-1
530,13,1979.00,1097.00,89.00,52.00,4.2353,-1,-1,-1
531,9,1684.00,1156.00,75.00,73.00,7.9477,-1,-1,-1
531,12,3603.00,148.00,66.00,52.00,7.6860,-1,-1,-1
531,13,1981.00,1097.00,86.00,50.00,5.0845,-1,-1,-1
532,9,1684.00,1154.00,76.00,74.00,7.9337,-1,-1,-1
532,12,3601.00,147.00,62.00,51.00,7.6751,-1,-1,-1
532,13,1981.00,1096.00,86.00,50.00,5.7997,-1,-1,-1
533,9,1685.00,1154.00,75.00,74.00,7.9178,-1,-1,-1
533,13,1980.00,1094.00,87.00,51.00,6.3610,-1,-1,-1
533,12,3598.00,146.00,62.00,51.00,5.3831,-1,-1,-1
534,9,1685.00,1152.00,77.00,76.00,7.9084,-1,-1,-1
534,13,1980.00,1093.00,88.00,51.00,6.8088,-1,-1,-1
534,12,3594.00,144.00,62.00,51.00,5.6804,-1,-1,-1
535,9,1686.00,1151.00,77.00,75.00,7.9066,-1,-1,-1
535,13,1979.00,1091.00,89.00,52.00,7.2007,-1,-1,-1
535,12,3586.00,141.00,62.00,51.00,3.9421,-1,-1,-1
536,9,1686.00,1151.00,77.00,73.00,7.9025,-1,-1,-1
536,13,1979.00,1090.00,89.00,52.00,7.5478,-1,-1,-1
536,12,3586.00,141.00,64.00,51.00,4.6221,-1,-1,-1
537,9,1688.00,1150.00,75.00,74.00,7.8948,-1,-1,-1
537,13,1980.00,1089.00,88.00,52.00,7.8375,-1,-1,-1
537,12,3582.00,139.00,64.00,52.00,5.2420,-1,-1,-1
538,13,1979.00,1086.00,91.00,53.00,8.1354,-1,-1,-1
538,9,1687.00,1151.00,77.00,72.00,7.8910,-1,-1,-1
538,12,3578.00,137.00,64.00,51.00,5.6648,-1,-1,-1
539,13,1978.00,1084.00,91.00,54.00,8.3630,-1,-1,-1
539,9,1687.00,1150.00,77.00,73.00,7.8894,-1,-1,-1
539,12,3575.00,135.00,64.00,52.00,5.9771,-1,-1,-1
540,13,1979.00,1084.00,91.00,53.00,8.5598,-1,-1,-1
540,9,1687.00,1149.00,76.00,73.00,7.8916,-1,-1,-1
540,12,3573.00,133.00,62.00,52.00,6.1341,-1,-1,-1
541,13,1980.00,1084.00,89.00,52.00,8.7534,-1,-1,-1
541,9,1688.00,1149.00,76.00,73.00,7.8954,-1,-1,-1
541,12,3571.00,132.00,62.00,52.00,4.2695,-1,-1,-1
542,13,1981.00,1083.00,88.00,51.00,8.8748,-1,-1,-1
542,9,1689.00,1150.00,74.00,70.00,7.9038,-1,-1,-1
542,12,3569.00,130.00,62.00,52.00,2.9229,-1,-1,-1
543,13,1979.00,1080.00,91.00,53.00,8.9788,-1,-1,-1
543,9,1689.00,1148.00,77.00,73.00,7.9012,-1,-1,-1
543,12,3560.00,127.00,65.00,52.00,3.5977,-1,-1,-1
544,13,1980.00,1080.00,91.00,52.00,9.0603,-1,-1,-1
544,9,1691.00,1148.00,74.00,69.00,7.8932,-1,-1,-1
544,12,3557.00,125.00,65.00,52.00,4.1782,-1,-1,-1
545,13,1981.00,1079.00,90.00,52.00,9.1417,-1,-1,-1
545,9,1693.00,1149.00,72.00,67.00,7.8967,-1,-1,-1
545,12,3553.00,123.00,65.00,52.00,2.8564,-1,-1,-1
546,13,1982.00,1078.00,90.00,52.00,9.2200,-1,-1,-1
546,9,1693.00,1147.00,74.00,68.00,7.8926,-1,-1,-1
546,12,3550.00,121.00,65.00,52.00,1.9016,-1,-1,-1
547,13,1982.00,1077.00,89.00,52.00,9.3041,-1,-1,-1
547,9,1693.00,1146.00,74.00,68.00,7.8762,-1,-1,-1
548,13,1984.00,1077.00,86.00,49.00,9.3861,-1,-1,-1
548,9,1696.00,1145.00,72.00,69.00,7.8814,-1,-1,-1
549,13,1984.00,1076.00,87.00,49.00,9.4607,-1,-1,-1
549,9,1697.00,1144.00,72.00,71.00,7.8875,-1,-1,-1
550,13,1984.00,1074.00,88.00,51.00,9.4493,-1,-1,-1
550,9,1698.00,1144.00,72.00,69.00,7.8598,-1,-1,-1
551,13,1984.00,1073.00,88.00,50.00,9.4537,-1,-1,-1
551,9,1699.00,1142.00,73.00,70.00,7.8570,-1,-1,-1
552,13,1986.00,1072.00,87.00,50.00,9.4591,-1,-1,-1
552,9,1700.00,1142.00,73.00,69.00,7.8582,-1,-1,-1
553,13,1986.00,1070.00,88.00,49.00,9.4445,-1,-1,-1
553,9,1699.00,1142.00,75.00,67.00,7.8607,-1,-1,-1
554,13,1986.00,1069.00,89.00,50.00,9.5132,-1,-1,-1
554,9,1701.00,1141.00,74.00,68.00,7.8781,-1,-1,-1
555,13,1986.00,1069.00,88.00,49.00,9.6099,-1,-1,-1
555,9,1702.00,1141.00,74.00,67.00,7.8974,-1,-1,-1
556,13,1987.00,1068.00,88.00,49.00,9.7103,-1,-1,-1
556,9,1702.00,1139.00,74.00,68.00,7.9142,-1,-1,-1
557,13,1987.00,1067.00,89.00,48.00,9.7880,-1,-1,-1
557,9,1703.00,1137.00,74.00,69.00,7.9300,-1,-1,-1
558,13,1987.00,1065.00,89.00,50.00,9.8119,-1,-1,-1
558,9,1703.00,1137.00,76.00,69.00,7.9458,-1,-1,-1
559,13,1988.00,1065.00,89.00,49.00,9.8609,-1,-1,-1
559,9,1702.00,1134.00,81.00,73.00,7.9585,-1,-1,-1
560,13,1989.00,1064.00,88.00,48.00,9.8373,-1,-1,-1
560,9,1705.00,1133.00,78.00,74.00,7.9709,-1,-1,-1
561,13,1989.00,1060.00,90.00,52.00,9.8308,-1,-1,-1
561,9,1706.00,1133.00,77.00,73.00,7.9759,-1,-1,-1
562,13,1991.00,1060.00,88.00,50.00,9.9003,-1,-1,-1
562,9,1709.00,1133.00,75.00,71.00,7.9744,-1,-1,-1
563,13,1993.00,1059.00,87.00,50.00,9.9897,-1,-1,-1
563,9,1711.00,1132.00,73.00,71.00,7.9782,-1,-1,-1
564,13,1994.00,1058.00,86.00,49.00,10.0658,-1,-1,-1
564,9,1712.00,1132.00,71.00,70.00,7.9771,-1,-1,-1
565,13,1994.00,1057.00,87.00,49.00,10.1318,-1,-1,-1
565,9,1714.00,1129.00,72.00,72.00,7.9775,-1,-1,-1
566,13,1995.00,1056.00,88.00,49.00,10.1504,-1,-1,-1
566,9,1714.00,1127.00,74.00,74.00,7.9778,-1,-1,-1
567,13,1995.00,1055.00,89.00,50.00,10.1648,-1,-1,-1
567,9,1715.00,1127.00,74.00,72.00,7.9858,-1,-1,-1
568,13,1996.00,1054.00,88.00,49.00,10.1685,-1,-1,-1
568,9,1717.00,1126.00,74.00,72.00,8.0012,-1,-1,-1
569,9,1718.00,1125.00,74.00,73.00,8.0126,-1,-1,-1
569,13,1996.00,1052.00,88.00,49.00,7.1824,-1,-1,-1
570,9,1720.00,1125.00,73.00,71.00,8.0230,-1,-1,-1
570,13,1997.00,1051.00,88.00,49.00,5.0218,-1,-1,-1
571,9,1723.00,1124.00,71.00,71.00,8.0290,-1,-1,-1
571,13,1999.00,1049.00,86.00,49.00,5.7497,-1,-1,-1
572,9,1723.00,1124.00,71.00,70.00,8.0198,-1,-1,-1
572,13,2001.00,1049.00,86.00,49.00,6.3781,-1,-1,-1
573,9,1723.00,1122.00,74.00,72.00,7.9869,-1,-1,-1
573,13,2002.00,1048.00,86.00,48.00,6.9770,-1,-1,-1
574,9,1725.00,1122.00,72.00,71.00,7.9738,-1,-1,-1
574,13,2003.00,1046.00,86.00,50.00,7.4976,-1,-1,-1
575,9,1727.00,1120.00,71.00,72.00,7.9772,-1,-1,-1
575,13,2004.00,1044.00,86.00,50.00,5.2521,-1,-1,-1
576,9,1728.00,1120.00,70.00,71.00,7.9857,-1,-1,-1
576,13,2003.00,1043.00,87.00,50.00,6.0353,-1,-1,-1
577,9,1729.00,1118.00,72.00,71.00,7.9852,-1,-1,-1
577,13,2002.00,1036.00,82.00,46.00,6.2960,-1,-1,-1
578,9,1729.00,1118.00,73.00,70.00,7.9752,-1,-1,-1
578,13,2000.00,1033.00,84.00,48.00,6.4712,-1,-1,-1
579,9,1731.00,1117.00,73.00,71.00,7.9595,-1,-1,-1
579,13,2002.00,1034.00,81.00,45.00,6.6023,-1,-1,-1
580,9,1732.00,1117.00,73.00,71.00,7.9494,-1,-1,-1
580,13,2003.00,1031.00,83.00,48.00,6.8036,-1,-1,-1
581,9,1735.00,1117.00,69.00,69.00,7.9316,-1,-1,-1
581,13,2005.00,1033.00,81.00,44.00,6.9757,-1,-1,-1
582,9,1737.00,1116.00,67.00,68.00,7.9117,-1,-1,-1
582,13,2006.00,1033.00,80.00,43.00,7.1072,-1,-1,-1
583,9,1738.00,1116.00,66.00,67.00,7.9047,-1,-1,-1
583,13,2007.00,1031.00,81.00,44.00,7.2017,-1,-1,-1
584,9,1739.00,1114.00,68.00,68.00,7.9069,-1,-1,-1
584,13,2009.00,1030.00,80.00,43.00,7.2625,-1,-1,-1
585,9,1739.00,1113.00,69.00,67.00,7.9233,-1,-1,-1
585,13,2008.00,1029.00,82.00,43.00,7.3192,-1,-1,-1
586,9,1741.00,1114.00,68.00,64.00,7.9465,-1,-1,-1
586,13,2009.00,1028.00,80.00,43.00,7.3229,-1,-1,-1
587,9,1741.00,1113.00,69.00,66.00,7.9630,-1,-1,-1
587,13,2011.00,1026.00,79.00,42.00,7.3044,-1,-1,-1
588,9,1744.00,1113.00,67.00,65.00,7.9691,-1,-1,-1
588,13,2011.00,1024.00,81.00,42.00,7.3023,-1,-1,-1
589,9,1746.00,1110.00,70.00,68.00,7.9543,-1,-1,-1
589,13,2012.00,1022.00,83.00,45.00,7.3236,-1,-1,-1
590,9,1747.00,1111.00,69.00,67.00,7.9398,-1,-1,-1
590,13,2012.00,1021.00,83.00,44.00,7.3935,-1,-1,-1
591,9,1747.00,1111.00,70.00,67.00,7.9236,-1,-1,-1
591,13,2012.00,1021.00,83.00,42.00,7.4502,-1,-1,-1
592,9,1752.00,1109.00,67.00,66.00,7.8822,-1,-1,-1
592,13,2015.00,1019.00,81.00,42.00,7.4855,-1,-1,-1
593,9,1754.00,1109.00,69.00,66.00,7.8762,-1,-1,-1
593,13,2016.00,1018.00,83.00,43.00,7.4774,-1,-1,-1
594,9,1757.00,1106.00,71.00,69.00,7.8608,-1,-1,-1
594,13,2022.00,1017.00,78.00,41.00,7.4568,-1,-1,-1
595,9,1762.00,1106.00,67.00,67.00,7.8283,-1,-1,-1
595,13,2026.00,1016.00,79.00,44.00,7.5079,-1,-1,-1
596,9,1765.00,1104.00,69.00,68.00,7.8428,-1,-1,-1
596,13,2027.00,1014.00,80.00,44.00,7.5328,-1,-1,-1
597,9,1770.00,1104.00,68.00,67.00,7.8820,-1,-1,-1
597,13,2028.00,1011.00,83.00,45.00,7.5449,-1,-1,-1
598,9,1776.00,1103.00,65.00,68.00,7.8890,-1,-1,-1
598,13,2036.00,1009.00,77.00,45.00,7.5264,-1,-1,-1
599,9,1779.00,1102.00,68.00,67.00,7.8819,-1,-1,-1
599,13,2037.00,1007.00,83.00,47.00,7.5942,-1,-1,-1
600,9,1782.00,1100.00,70.00,70.00,7.8591,-1,-1,-1
600,13,2039.00,1008.00,81.00,44.00,7.6142,-1,-1,-1
601,9,1788.00,1102.00,63.00,65.00,7.8534,-1,-1,-1
601,13,2046.00,1010.00,76.00,39.00,7.5605,-1,-1,-1
602,9,1792.00,1100.00,64.00,65.00,7.8035,-1,-1,-1
602,13,2052.00,1008.00,77.00,40.00,7.6160,-1,-1,-1
603,9,1797.00,1098.00,63.00,68.00,7.8060,-1,-1,-1
603,13,2055.00,1007.00,78.00,41.00,7.6157,-1,-1,-1
604,9,1799.00,1097.00,67.00,67.00,7.8082,-1,-1,-1
604,13,2057.00,1005.00,79.00,41.00,7.5813,-1,-1,-1
605,9,1802.00,1094.00,69.00,69.00,7.8303,-1,-1,-1
605,13,2058.00,1004.00,81.00,41.00,7.5136,-1,-1,-1
606,9,1806.00,1094.00,68.00,68.00,7.8331,-1,-1,-1
606,13,2062.00,1000.00,79.00,42.00,7.4467,-1,-1,-1
607,9,1811.00,1094.00,65.00,66.00,7.8110,-1,-1,-1
607,13,2064.00,999.00,83.00,42.00,7.4620,-1,-1,-1
608,9,1815.00,1092.00,65.00,66.00,7.7977,-1,-1,-1
608,13,2070.00,998.00,78.00,40.00,7.4276,-1,-1,-1
609,9,1818.00,1091.00,67.00,69.00,7.7767,-1,-1,-1
609,13,2075.00,996.00,80.00,44.00,7.4713,-1,-1,-1
610,9,1824.00,1090.00,63.00,71.00,7.7819,-1,-1,-1
610,13,2077.00,995.00,78.00,42.00,7.5085,-1,-1,-1
611,9,1823.00,1090.00,70.00,65.00,7.8207,-1,-1,-1
611,13,2079.00,992.00,80.00,44.00,7.5027,-1,-1,-1
612,9,1826.00,1087.00,71.00,68.00,7.8589,-1,-1,-1
612,13,2082.00,987.00,80.00,46.00,7.4464,-1,-1,-1
613,9,1829.00,1086.00,71.00,68.00,7.8686,-1,-1,-1
613,13,2085.00,986.00,78.00,45.00,7.4196,-1,-1,-1
614,9,1833.00,1084.00,71.00,68.00,7.8756,-1,-1,-1
614,13,2090.00,990.00,70.00,38.00,7.3964,-1,-1,-1
615,9,1837.00,1081.00,70.00,70.00,7.9088,-1,-1,-1
615,13,2090.00,986.00,80.00,43.00,7.4325,-1,-1,-1
616,9,1840.00,1080.00,70.00,70.00,7.9525,-1,-1,-1
616,13,2094.00,985.00,76.00,42.00,7.4172,-1,-1,-1
617,9,1843.00,1080.00,70.00,68.00,7.9760,-1,-1,-1
617,13,2099.00,984.00,77.00,42.00,7.4751,-1,-1,-1
618,9,1847.00,1080.00,67.00,66.00,7.9529,-1,-1,-1
618,13,2100.00,982.00,79.00,42.00,7.4944,-1,-1,-1
619,9,1849.00,1079.00,68.00,65.00,7.9358,-1,-1,-1
619,13,2101.00,980.00,82.00,44.00,7.5149,-1,-1,-1
620,9,1851.00,1076.00,71.00,68.00,7.9241,-1,-1,-1
620,13,2104.00,979.00,80.00,43.00,7.5134,-1,-1,-1
621,9,1854.00,1076.00,69.00,68.00,7.9139,-1,-1,-1
621,13,2106.00,976.00,80.00,43.00,7.4827,-1,-1,-1
622,9,1858.00,1075.00,68.00,67.00,7.9137,-1,-1,-1
622,13,2110.00,975.00,78.00,41.00,7.4713,-1,-1,-1
623,9,1861.00,1074.00,67.00,67.00,7.8870,-1,-1,-1
623,13,2110.00,974.00,81.00,41.00,7.5055,-1,-1,-1
624,9,1865.00,1071.00,67.00,67.00,7.7955,-1,-1,-1
624,13,2115.00,973.00,78.00,39.00,7.4991,-1,-1,-1
625,9,1867.00,1070.00,70.00,67.00,7.7709,-1,-1,-1
625,13,2118.00,967.00,79.00,44.00,7.4229,-1,-1,-1
626,9,1870.00,1069.00,70.00,66.00,7.8033,-1,-1,-1
626,13,2122.00,968.00,79.00,42.00,7.4759,-1,-1,-1
627,9,1874.00,1068.00,68.00,63.00,7.8373,-1,-1,-1
627,13,2124.00,966.00,79.00,42.00,7.5156,-1,-1,-1
628,9,1876.00,1065.00,71.00,65.00,7.8606,-1,-1,-1
628,13,2127.00,962.00,81.00,45.00,7.5590,-1,-1,-1
629,9,1880.00,1065.00,70.00,65.00,7.8681,-1,-1,-1
629,13,2132.00,962.00,77.00,42.00,7.5340,-1,-1,-1
630,9,1884.00,1061.00,69.00,67.00,7.8795,-1,-1,-1
630,13,2133.00,961.00,82.00,43.00,7.5913,-1,-1,-1
631,9,1889.00,1059.00,68.00,68.00,7.9206,-1,-1,-1
631,13,2137.00,961.00,80.00,40.00,7.6247,-1,-1,-1
632,9,1895.00,1059.00,67.00,66.00,7.9217,-1,-1,-1
632,13,2143.00,959.00,76.00,40.00,7.6179,-1,-1,-1
633,9,1897.00,1059.00,67.00,63.00,7.9046,-1,-1,-1
633,13,2144.00,956.00,78.00,41.00,7.5765,-1,-1,-1
634,9,1899.00,1056.00,69.00,66.00,7.8967,-1,-1,-1
634,13,2148.00,956.00,77.00,41.00,7.5657,-1,-1,-1
635,9,1901.00,1055.00,67.00,65.00,7.8841,-1,-1,-1
635,13,2149.00,954.00,77.00,40.00,7.5679,-1,-1,-1
636,9,1897.00,1054.00,67.00,65.00,7.8641,-1,-1,-1
636,13,2146.00,952.00,73.00,37.00,7.5374,-1,-1,-1
637,9,1888.00,1052.00,68.00,64.00,7.8365,-1,-1,-1
637,13,2135.00,950.00,77.00,38.00,7.5749,-1,-1,-1
638,9,1876.00,1048.00,68.00,67.00,7.8487,-1,-1,-1
638,13,2124.00,943.00,74.00,41.00,7.6169,-1,-1,-1
639,9,1866.00,1048.00,60.00,64.00,7.7061,-1,-1,-1
639,13,2107.00,938.00,77.00,43.00,7.5740,-1,-1,-1
640,9,1849.00,1046.00,68.00,65.00,7.7517,-1,-1,-1
640,13,2093.00,937.00,74.00,40.00,7.6081,-1,-1,-1
641,9,1836.00,1043.00,65.00,67.00,7.7518,-1,-1,-1
641,13,2078.00,934.00,73.00,39.00,7.6324,-1,-1,-1
642,9,1823.00,1041.00,60.00,71.00,7.7288,-1,-1,-1
642,13,2061.00,930.00,73.00,38.00,7.5689,-1,-1,-1
643,9,1804.00,1041.00,65.00,65.00,7.7670,-1,-1,-1
643,13,2042.00,927.00,74.00,38.00,7.5836,-1,-1,-1
644,9,1785.00,1041.00,64.00,66.00,7.7834,-1,-1,-1
644,13,2024.00,924.00,68.00,38.00,7.6221,-1,-1,-1
645,9,1765.00,1039.00,63.00,67.00,7.8071,-1,-1,-1
645,13,2001.00,920.00,69.00,38.00,7.5899,-1,-1,-1
646,9,1742.00,1037.00,63.00,68.00,7.8353,-1,-1,-1
646,13,1975.00,914.00,71.00,41.00,7.5763,-1,-1,-1
647,9,1720.00,1035.00,62.00,70.00,7.8660,-1,-1,-1
647,13,1951.00,912.00,71.00,41.00,7.5912,-1,-1,-1
648,9,1697.00,1036.00,61.00,69.00,7.8967,-1,-1,-1
648,13,1925.00,911.00,72.00,37.00,7.5718,-1,-1,-1
649,9,1673.00,1036.00,61.00,70.00,7.9288,-1,-1,-1
649,13,1899.00,907.00,70.00,37.00,7.5053,-1,-1,-1
650,9,1654.00,1041.00,60.00,65.00,8.1436,-1,-1,-1
650,13,1875.00,905.00,73.00,37.00,7.4619,-1,-1,-1
651,9,1635.00,1037.00,64.00,69.00,8.0991,-1,-1,-1
651,13,1859.00,902.00,67.00,39.00,7.4099,-1,-1,-1
652,9,1625.00,1036.00,61.00,70.00,8.1083,-1,-1,-1
652,13,1846.00,897.00,72.00,43.00,7.3849,-1,-1,-1
653,9,1617.00,1036.00,65.00,71.00,8.0770,-1,-1,-1
653,13,1839.00,899.00,71.00,39.00,7.4602,-1,-1,-1
654,9,1615.00,1037.00,64.00,69.00,8.0489,-1,-1,-1
654,13,1836.00,897.00,72.00,40.00,7.4860,-1,-1,-1
655,9,1618.00,1034.00,63.00,70.00,8.0186,-1,-1,-1
655,13,1837.00,895.00,72.00,40.00,7.4258,-1,-1,-1
656,9,1622.00,1032.00,62.00,70.00,7.9912,-1,-1,-1
656,13,1838.00,893.00,76.00,39.00,7.4350,-1,-1,-1
657,9,1626.00,1031.00,63.00,70.00,8.0059,-1,-1,-1
657,13,1842.00,891.00,76.00,41.00,7.4465,-1,-1,-1
658,9,1631.00,1031.00,61.00,68.00,8.0243,-1,-1,-1
658,13,1844.00,889.00,79.00,41.00,7.4103,-1,-1,-1
659,9,1634.00,1030.00,61.00,69.00,8.0055,-1,-1,-1
659,13,1850.00,889.00,75.00,40.00,7.4422,-1,-1,-1
660,9,1639.00,1029.00,59.00,66.00,7.9641,-1,-1,-1
660,13,1855.00,888.00,70.00,40.00,7.4294,-1,-1,-1
661,9,1643.00,1026.00,60.00,71.00,7.9438,-1,-1,-1
661,13,1859.00,886.00,72.00,40.00,7.3361,-1,-1,-1
662,9,1648.00,1027.00,58.00,68.00,7.9375,-1,-1,-1
662,13,1864.00,887.00,70.00,37.00,7.3563,-1,-1,-1
663,9,1652.00,1025.00,59.00,69.00,7.8733,-1,-1,-1
663,13,1867.00,886.00,72.00,37.00,7.3645,-1,-1,-1
664,9,1656.00,1025.00,61.00,67.00,7.8470,-1,-1,-1
664,13,1870.00,886.00,69.00,36.00,7.3195,-1,-1,-1
665,9,1660.00,1023.00,62.00,68.00,7.8647,-1,-1,-1
665,13,1873.00,882.00,70.00,37.00,7.2840,-1,-1,-1
666,9,1663.00,1022.00,64.00,66.00,7.8827,-1,-1,-1
666,13,1877.00,880.00,70.00,38.00,7.2775,-1,-1,-1
667,9,1669.00,1022.00,58.00,64.00,7.8561,-1,-1,-1
667,13,1880.00,878.00,71.00,38.00,7.2664,-1,-1,-1
668,9,1674.00,1021.00,58.00,63.00,7.8245,-1,-1,-1
668,13,1885.00,876.00,73.00,41.00,7.3238,-1,-1,-1
669,9,1677.00,1018.00,61.00,69.00,7.8139,-1,-1,-1
669,13,1892.00,876.00,69.00,40.00,7.3771,-1,-1,-1
670,9,1681.00,1018.00,60.00,67.00,7.8253,-1,-1,-1
670,13,1895.00,874.00,70.00,40.00,7.3651,-1,-1,-1
671,9,1684.00,1017.00,64.00,63.00,7.8320,-1,-1,-1
671,13,1899.00,874.00,70.00,39.00,7.3893,-1,-1,-1
672,9,1689.00,1015.00,63.00,66.00,7.8312,-1,-1,-1
672,13,1903.00,871.00,70.00,39.00,7.3794,-1,-1,-1
673,9,1692.00,1014.00,64.00,66.00,7.8260,-1,-1,-1
673,13,1907.00,869.00,67.00,41.00,7.3369,-1,-1,-1
674,9,1698.00,1011.00,62.00,67.00,7.8719,-1,-1,-1
674,13,1911.00,870.00,63.00,39.00,7.1877,-1,-1,-1
675,9,1703.00,1011.00,61.00,65.00,7.9069,-1,-1,-1
675,13,1913.00,868.00,70.00,39.00,7.2286,-1,-1,-1
676,9,1706.00,1010.00,63.00,65.00,7.8975,-1,-1,-1
676,13,1917.00,867.00,69.00,40.00,7.2838,-1,-1,-1
677,9,1710.00,1009.00,64.00,66.00,7.8920,-1,-1,-1
677,13,1921.00,867.00,67.00,40.00,7.2893,-1,-1,-1
678,9,1714.00,1008.00,63.00,67.00,7.8707,-1,-1,-1
678,13,1925.00,866.00,68.00,40.00,7.3510,-1,-1,-1
679,9,1722.00,1007.00,56.00,66.00,7.8544,-1,-1,-1
679,13,1930.00,865.00,68.00,40.00,7.4046,-1,-1,-1
680,9,1724.00,1007.00,60.00,64.00,7.8725,-1,-1,-1
680,13,1932.00,862.00,71.00,42.00,7.3761,-1,-1,-1
681,9,1728.00,1007.00,60.00,64.00,7.8814,-1,-1,-1
681,13,1937.00,861.00,71.00,43.00,7.3938,-1,-1,-1
682,9,1732.00,1003.00,63.00,67.00,7.8858,-1,-1,-1
682,13,1942.00,863.00,68.00,39.00,7.3961,-1,-1,-1
683,9,1736.00,1003.00,62.00,66.00,7.8815,-1,-1,-1
683,13,1944.00,860.00,71.00,41.00,7.3838,-1,-1,-1
684,9,1741.00,1003.00,60.00,65.00,7.8630,-1,-1,-1
684,13,1947.00,857.00,71.00,44.00,7.3656,-1,-1,-1
685,9,1744.00,1000.00,61.00,69.00,7.7776,-1,-1,-1
685,13,1954.00,856.00,64.00,42.00,7.3503,-1,-1,-1
686,9,1749.00,1001.00,59.00,67.00,7.7201,-1,-1,-1
686,13,1958.00,855.00,63.00,42.00,7.3188,-1,-1,-1
687,9,1753.00,999.00,62.00,66.00,7.7216,-1,-1,-1
687,13,1960.00,855.00,65.00,39.00,7.2959,-1,-1,-1
688,9,1757.00,998.00,60.00,64.00,7.7433,-1,-1,-1
688,13,1964.00,852.00,66.00,43.00,7.3060,-1,-1,-1
689,9,1761.00,997.00,61.00,65.00,7.7739,-1,-1,-1
689,13,1967.00,850.00,68.00,45.00,7.2777,-1,-1,-1
690,9,1763.00,996.00,62.00,66.00,7.7714,-1,-1,-1
690,13,1969.00,848.00,71.00,47.00,7.2848,-1,-1,-1
691,9,1767.00,994.00,61.00,67.00,7.7780,-1,-1,-1
691,13,1973.00,848.00,69.00,46.00,7.2844,-1,-1,-1
692,9,1772.00,993.00,59.00,67.00,7.7861,-1,-1,-1
692,13,1976.00,846.00,70.00,46.00,7.2534,-1,-1,-1
693,9,1775.00,992.00,60.00,72.00,7.7964,-1,-1,-1
693,13,1978.00,844.00,71.00,48.00,7.2103,-1,-1,-1
694,9,1777.00,992.00,61.00,70.00,7.8148,-1,-1,-1
694,13,1982.00,845.00,68.00,45.00,7.1768,-1,-1,-1
695,9,1781.00,989.00,62.00,68.00,7.7996,-1,-1,-1
695,13,1984.00,844.00,68.00,44.00,7.1479,-1,-1,-1
696,9,1782.00,989.00,63.00,68.00,7.8079,-1,-1,-1
696,13,1987.00,840.00,70.00,46.00,7.2091,-1,-1,-1
697,9,1784.00,989.00,63.00,67.00,7.8169,-1,-1,-1
697,13,1989.00,839.00,68.00,45.00,7.2519,-1,-1,-1
698,9,1787.00,986.00,63.00,68.00,7.8078,-1,-1,-1
698,13,1989.00,838.00,72.00,46.00,7.2760,-1,-1,-1
699,9,1789.00,985.00,65.00,69.00,7.8194,-1,-1,-1
699,13,1991.00,838.00,71.00,45.00,7.3007,-1,-1,-1
700,9,1790.00,985.00,63.00,67.00,7.8347,-1,-1,-1
700,13,1992.00,837.00,69.00,45.00,7.3185,-1,-1,-1
701,9,1794.00,984.00,60.00,67.00,7.8593,-1,-1,-1
701,13,1994.00,837.00,69.00,43.00,7.3126,-1,-1,-1
702,9,1795.00,984.00,61.00,65.00,7.8954,-1,-1,-1
702,13,1995.00,835.00,67.00,44.00,7.2571,-1,-1,-1
703,9,1796.00,984.00,61.00,65.00,7.9295,-1,-1,-1
703,13,1996.00,834.00,67.00,43.00,7.2584,-1,-1,-1
704,9,1797.00,984.00,62.00,64.00,7.9555,-1,-1,-1
704,13,1996.00,832.00,68.00,44.00,7.2582,-1,-1,-1
705,9,1798.00,983.00,59.00,64.00,7.9751,-1,-1,-1
705,13,1997.00,831.00,65.00,42.00,7.2509,-1,-1,-1
706,9,1797.00,982.00,61.00,64.00,7.9845,-1,-1,-1
706,13,1994.00,828.00,69.00,45.00,7.2685,-1,-1,-1
707,9,1794.00,979.00,64.00,69.00,7.9752,-1,-1,-1
707,13,1992.00,827.00,68.00,45.00,7.2613,-1,-1,-1
708,9,1794.00,979.00,60.00,65.00,7.9130,-1,-1,-1
708,13,1989.00,825.00,67.00,44.00,7.2841,-1,-1,-1
709,9,1791.00,979.00,61.00,65.00,7.8632,-1,-1,-1
709,13,1987.00,824.00,66.00,44.00,7.3054,-1,-1,-1
710,9,1790.00,977.00,60.00,66.00,7.8390,-1,-1,-1
710,13,1984.00,822.00,67.00,46.00,7.2983,-1,-1,-1
711,9,1787.00,976.00,61.00,66.00,7.8392,-1,-1,-1
711,13,1982.00,820.00,66.00,44.00,7.2011,-1,-1,-1
712,9,1783.00,975.00,66.00,65.00,7.8669,-1,-1,-1
712,13,1980.00,819.00,63.00,44.00,7.1977,-1,-1,-1
713,9,1781.00,975.00,64.00,63.00,7.9001,-1,-1,-1
713,13,1977.00,817.00,61.00,43.00,7.2424,-1,-1,-1
714,9,1779.00,975.00,64.00,63.00,7.9193,-1,-1,-1
714,13,1974.00,817.00,63.00,43.00,7.2979,-1,-1,-1
715,9,1777.00,973.00,61.00,66.00,7.8993,-1,-1,-1
715,13,1970.00,816.00,64.00,43.00,7.3025,-1,-1,-1
716,9,1774.00,973.00,61.00,68.00,7.8359,-1,-1,-1
716,13,1967.00,814.00,63.00,43.00,7.2610,-1,-1,-1
717,9,1772.00,972.00,63.00,63.00,7.8312,-1,-1,-1
717,13,1963.00,812.00,63.00,43.00,7.2561,-1,-1,-1
718,9,1767.00,970.00,64.00,65.00,7.8598,-1,-1,-1
718,13,1961.00,810.00,59.00,43.00,7.2765,-1,-1,-1
719,9,1764.00,969.00,64.00,66.00,7.8727,-1,-1,-1
719,13,1957.00,810.00,58.00,42.00,7.2648,-1,-1,-1
720,9,1761.00,970.00,63.00,64.00,7.8822,-1,-1,-1
720,13,1953.00,808.00,60.00,41.00,7.2510,-1,-1,-1
721,9,1759.00,968.00,63.00,65.00,7.8921,-1,-1,-1
721,13,1947.00,806.00,63.00,44.00,7.2621,-1,-1,-1
722,9,1757.00,968.00,63.00,64.00,7.8920,-1,-1,-1
722,13,1943.00,803.00,61.00,46.00,7.3348,-1,-1,-1
723,9,1754.00,967.00,61.00,64.00,7.8622,-1,-1,-1
723,13,1941.00,802.00,58.00,44.00,7.3960,-1,-1,-1
724,9,1751.00,964.00,64.00,66.00,7.8957,-1,-1,-1
724,13,1936.00,801.00,60.00,44.00,7.3907,-1,-1,-1
725,9,1749.00,965.00,60.00,64.00,7.9388,-1,-1,-1
725,13,1932.00,797.00,62.00,47.00,7.3783,-1,-1,-1
726,9,1747.00,963.00,60.00,65.00,7.9630,-1,-1,-1
726,13,1929.00,797.00,61.00,46.00,7.4055,-1,-1,-1
727,9,1745.00,963.00,58.00,63.00,7.9593,-1,-1,-1
727,13,1927.00,796.00,59.00,46.00,7.4269,-1,-1,-1
728,9,1741.00,962.00,60.00,64.00,7.9302,-1,-1,-1
728,13,1923.00,796.00,59.00,45.00,7.4063,-1,-1,-1
729,9,1737.00,962.00,60.00,65.00,7.9040,-1,-1,-1
729,13,1918.00,793.00,61.00,47.00,7.3718,-1,-1,-1
730,9,1734.00,962.00,61.00,63.00,7.8896,-1,-1,-1
730,13,1913.00,790.00,63.00,48.00,7.3443,-1,-1,-1
731,9,1733.00,960.00,60.00,64.00,7.8721,-1,-1,-1
731,13,1911.00,790.00,60.00,48.00,7.3425,-1,-1,-1
732,9,1731.00,961.00,56.00,61.00,7.8788,-1,-1,-1
732,13,1908.00,791.00,56.00,46.00,7.4021,-1,-1,-1
733,9,1728.00,960.00,57.00,63.00,7.9033,-1,-1,-1
733,13,1903.00,789.00,60.00,47.00,7.4615,-1,-1,-1
734,9,1725.00,960.00,56.00,62.00,7.9061,-1,-1,-1
734,13,1901.00,787.00,57.00,47.00,7.4503,-1,-1,-1
735,9,1723.00,960.00,56.00,61.00,7.8836,-1,-1,-1
735,13,1896.00,786.00,57.00,49.00,7.4233,-1,-1,-1
736,9,1721.00,958.00,54.00,66.00,7.8958,-1,-1,-1
736,13,1893.00,784.00,56.00,49.00,7.4266,-1,-1,-1
737,9,1717.00,957.00,57.00,67.00,7.8879,-1,-1,-1
737,13,1890.00,781.00,57.00,50.00,7.4208,-1,-1,-1
738,9,1714.00,956.00,59.00,67.00,7.8670,-1,-1,-1
738,13,1886.00,781.00,56.00,50.00,7.4137,-1,-1,-1
739,9,1711.00,956.00,61.00,66.00,7.8742,-1,-1,-1
739,13,1880.00,780.00,59.00,51.00,7.4186,-1,-1,-1
740,9,1708.00,955.00,60.00,67.00,7.8836,-1,-1,-1
740,13,1877.00,778.00,60.00,53.00,7.4069,-1,-1,-1
741,9,1705.00,956.00,59.00,66.00,7.8521,-1,-1,-1
741,13,1875.00,780.00,54.00,48.00,7.3809,-1,-1,-1
742,9,1704.00,956.00,55.00,64.00,7.8278,-1,-1,-1
742,13,1870.00,777.00,57.00,49.00,7.4093,-1,-1,-1
743,9,1702.00,956.00,53.00,63.00,7.7523,-1,-1,-1
743,13,1866.00,773.00,59.00,53.00,7.3802,-1,-1,-1
744,9,1699.00,954.00,55.00,65.00,7.7230,-1,-1,-1
744,13,1862.00,772.00,59.00,52.00,7.3000,-1,-1,-1
745,9,1695.00,953.00,55.00,66.00,7.6946,-1,-1,-1
745,13,1859.00,772.00,57.00,53.00,7.3048,-1,-1,-1
746,9,1691.00,954.00,56.00,65.00,7.7100,-1,-1,-1
746,13,1853.00,771.00,59.00,52.00,7.3230,-1,-1,-1
747,9,1687.00,953.00,59.00,68.00,7.7533,-1,-1,-1
747,13,1849.00,772.00,56.00,50.00,7.2908,-1,-1,-1
748,9,1682.00,955.00,56.00,65.00,7.7439,-1,-1,-1
748,13,1844.00,770.00,54.00,50.00,7.1634,-1,-1,-1
749,9,1678.00,954.00,54.00,66.00,7.7307,-1,-1,-1
749,13,1839.00,769.00,53.00,51.00,7.1644,-1,-1,-1
750,9,1673.00,953.00,54.00,66.00,7.6858,-1,-1,-1
750,13,1831.00,767.00,57.00,53.00,7.2003,-1,-1,-1
751,9,1667.00,953.00,58.00,67.00,7.7138,-1,-1,-1
751,13,1825.00,768.00,55.00,52.00,7.1209,-1,-1,-1
752,9,1661.00,952.00,60.00,70.00,7.7699,-1,-1,-1
752,13,1819.00,766.00,55.00,54.00,6.9890,-1,-1,-1
753,9,1657.00,954.00,56.00,67.00,7.7636,-1,-1,-1
753,13,1812.00,768.00,54.00,49.00,7.0705,-1,-1,-1
754,9,1651.00,953.00,56.00,68.00,7.7134,-1,-1,-1
754,13,1806.00,767.00,52.00,50.00,7.0661,-1,-1,-1
755,9,1646.00,953.00,57.00,67.00,7.7242,-1,-1,-1
755,13,1799.00,762.00,56.00,57.00,7.1076,-1,-1,-1
756,9,1640.00,952.00,60.00,70.00,7.7747,-1,-1,-1
756,13,1795.00,767.00,49.00,50.00,7.0572,-1,-1,-1
757,9,1635.00,953.00,59.00,70.00,7.8070,-1,-1,-1
757,13,1788.00,763.00,53.00,54.00,7.1685,-1,-1,-1
758,9,1631.00,955.00,56.00,68.00,7.8148,-1,-1,-1
758,13,1781.00,762.00,53.00,55.00,7.2089,-1,-1,-1
759,9,1627.00,954.00,54.00,68.00,7.8048,-1,-1,-1
759,13,1776.00,760.00,52.00,56.00,7.2437,-1,-1,-1
760,9,1620.00,956.00,57.00,68.00,7.8257,-1,-1,-1
760,13,1770.00,762.00,50.00,54.00,7.2637,-1,-1,-1
761,9,1615.00,955.00,58.00,69.00,7.8519,-1,-1,-1
761,13,1764.00,763.00,48.00,51.00,7.2816,-1,-1,-1
762,9,1610.00,959.00,53.00,63.00,7.8698,-1,-1,-1
762,13,1758.00,760.00,49.00,55.00,7.3241,-1,-1,-1
763,9,1606.00,959.00,52.00,63.00,7.8629,-1,-1,-1
763,13,1752.00,760.00,48.00,55.00,7.2918,-1,-1,-1
764,9,1601.00,956.00,53.00,67.00,7.8553,-1,-1,-1
764,13,1745.00,759.00,49.00,56.00,7.3096,-1,-1,-1
765,9,1593.00,958.00,59.00,66.00,7.8438,-1,-1,-1
765,13,1740.00,760.00,47.00,54.00,7.2851,-1,-1,-1
766,9,1589.00,958.00,60.00,66.00,7.8528,-1,-1,-1
766,13,1734.00,759.00,47.00,56.00,7.3333,-1,-1,-1
767,9,1586.00,960.00,56.00,63.00,7.8742,-1,-1,-1
767,13,1728.00,758.00,46.00,58.00,7.2801,-1,-1,-1
768,9,1581.00,960.00,54.00,64.00,7.8785,-1,-1,-1
768,13,1722.00,759.00,45.00,57.00,7.3157,-1,-1,-1
769,9,1576.00,958.00,54.00,68.00,7.8389,-1,-1,-1
769,13,1716.00,758.00,45.00,58.00,7.2579,-1,-1,-1
770,9,1569.00,960.00,58.00,66.00,7.8323,-1,-1,-1
770,13,1711.00,758.00,44.00,58.00,7.3084,-1,-1,-1
771,9,1565.00,961.00,58.00,65.00,7.8276,-1,-1,-1
771,13,1704.00,758.00,45.00,57.00,7.2657,-1,-1,-1
772,9,1561.00,962.00,55.00,64.00,7.8801,-1,-1,-1
772,13,1698.00,758.00,44.00,58.00,7.2910,-1,-1,-1
773,9,1556.00,963.00,54.00,64.00,7.8952,-1,-1,-1
773,13,1691.00,757.00,46.00,61.00,7.2725,-1,-1,-1
774,9,1551.00,964.00,56.00,63.00,7.8795,-1,-1,-1
774,13,1685.00,759.00,45.00,59.00,7.3057,-1,-1,-1
775,9,1546.00,964.00,55.00,66.00,7.8768,-1,-1,-1
775,13,1680.00,757.00,44.00,61.00,7.2687,-1,-1,-1
776,9,1540.00,964.00,58.00,67.00,7.8662,-1,-1,-1
776,13,1673.00,759.00,44.00,59.00,7.2926,-1,-1,-1
777,9,1537.00,965.00,55.00,65.00,7.9048,-1,-1,-1
777,13,1667.00,758.00,44.00,61.00,7.3092,-1,-1,-1
778,9,1532.00,967.00,56.00,65.00,7.9298,-1,-1,-1
778,13,1662.00,760.00,44.00,59.00,7.3237,-1,-1,-1
779,9,1529.00,971.00,51.00,62.00,7.9025,-1,-1,-1
779,13,1657.00,760.00,44.00,59.00,7.2449,-1,-1,-1
780,9,1523.00,971.00,54.00,63.00,7.9040,-1,-1,-1
780,13,1650.00,761.00,45.00,59.00,7.2570,-1,-1,-1
781,9,1519.00,971.00,56.00,64.00,7.8893,-1,-1,-1
781,13,1647.00,764.00,44.00,55.00,7.2503,-1,-1,-1
782,9,1519.00,970.00,53.00,68.00,7.8741,-1,-1,-1
782,13,1644.00,761.00,43.00,60.00,7.2207,-1,-1,-1
783,9,1519.00,971.00,53.00,68.00,7.8507,-1,-1,-1
783,13,1641.00,760.00,46.00,62.00,7.2522,-1,-1,-1
784,9,1519.00,971.00,52.00,68.00,7.8302,-1,-1,-1
784,13,1641.00,760.00,45.00,63.00,7.2534,-1,-1,-1
785,9,1519.00,974.00,53.00,64.00,7.8099,-1,-1,-1
785,13,1641.00,761.00,45.00,62.00,7.2476,-1,-1,-1
786,9,1519.00,974.00,56.00,63.00,7.8209,-1,-1,-1
786,13,1641.00,761.00,45.00,62.00,7.2398,-1,-1,-1
787,9,1523.00,974.00,54.00,65.00,7.8322,-1,-1,-1
787,13,1644.00,764.00,42.00,56.00,7.1936,-1,-1,-1
788,9,1527.00,975.00,53.00,64.00,7.7870,-1,-1,-1
788,13,1646.00,764.00,43.00,57.00,7.1608,-1,-1,-1
789,9,1532.00,973.00,52.00,70.00,7.6784,-1,-1,-1
789,13,1650.00,766.00,39.00,57.00,7.1097,-1,-1,-1
790,9,1536.00,974.00,51.00,66.00,7.4978,-1,-1,-1
790,13,1652.00,764.00,43.00,59.00,7.0825,-1,-1,-1
791,9,1540.00,972.00,50.00,69.00,7.4653,-1,-1,-1
791,13,1658.00,766.00,38.00,57.00,7.0730,-1,-1,-1
792,9,1543.00,974.00,54.00,67.00,7.5130,-1,-1,-1
792,13,1662.00,769.00,38.00,54.00,7.0655,-1,-1,-1
793,9,1550.00,975.00,51.00,67.00,7.5153,-1,-1,-1
793,13,1664.00,764.00,45.00,58.00,7.0198,-1,-1,-1
794,9,1554.00,975.00,52.00,68.00,7.4564,-1,-1,-1
794,13,1671.00,767.00,37.00,58.00,6.9920,-1,-1,-1
795,9,1562.00,978.00,47.00,64.00,7.3608,-1,-1,-1
795,13,1674.00,768.00,38.00,56.00,6.9547,-1,-1,-1
796,9,1565.00,977.00,48.00,67.00,7.3616,-1,-1,-1
796,13,1678.00,767.00,40.00,60.00,6.9373,-1,-1,-1
797,9,1569.00,977.00,53.00,70.00,7.4179,-1,-1,-1
797,13,1684.00,770.00,36.00,56.00,6.9344,-1,-1,-1
798,9,1574.00,975.00,52.00,70.00,7.4599,-1,-1,-1
798,13,1688.00,771.00,36.00,54.00,6.9053,-1,-1,-1
799,9,1579.00,977.00,49.00,71.00,7.4867,-1,-1,-1
799,13,1692.00,768.00,38.00,60.00,6.9316,-1,-1,-1
800,9,1585.00,978.00,51.00,71.00,7.5347,-1,-1,-1
800,13,1696.00,770.00,38.00,59.00,6.8348,-1,-1,-1
801,9,1589.00,984.00,48.00,64.00,7.5549,-1,-1,-1
801,13,1698.00,771.00,40.00,58.00,6.7613,-1,-1,-1
802,9,1593.00,981.00,52.00,70.00,7.5736,-1,-1,-1
802,13,1705.00,772.00,37.00,57.00,6.8144,-1,-1,-1
803,9,1598.00,982.00,52.00,71.00,7.5884,-1,-1,-1
803,13,1707.00,774.00,37.00,56.00,6.8351,-1,-1,-1
804,9,1603.00,982.00,50.00,71.00,7.6033,-1,-1,-1
804,13,1711.00,775.00,38.00,56.00,6.7623,-1,-1,-1
805,9,1605.00,984.00,53.00,70.00,7.6651,-1,-1,-1
805,13,1714.00,775.00,39.00,56.00,6.7927,-1,-1,-1
806,9,1607.00,984.00,56.00,71.00,7.7364,-1,-1,-1
806,13,1716.00,774.00,39.00,59.00,6.7898,-1,-1,-1
807,9,1610.00,985.00,55.00,73.00,7.7911,-1,-1,-1
807,13,1717.00,775.00,39.00,59.00,6.7822,-1,-1,-1
808,9,1612.00,987.00,54.00,74.00,7.8297,-1,-1,-1
808,13,1719.00,777.00,37.00,58.00,6.8053,-1,-1,-1
809,9,1613.00,990.00,54.00,73.00,7.8542,-1,-1,-1
809,13,1722.00,779.00,35.00,59.00,6.7659,-1,-1,-1
810,9,1616.00,992.00,52.00,71.00,7.8547,-1,-1,-1
810,13,1723.00,780.00,36.00,58.00,6.8636,-1,-1,-1
811,9,1618.00,993.00,54.00,70.00,7.8602,-1,-1,-1
811,13,1726.00,781.00,35.00,59.00,6.8993,-1,-1,-1
812,9,1621.00,995.00,53.00,69.00,7.8571,-1,-1,-1
812,13,1727.00,781.00,37.00,61.00,6.9366,-1,-1,-1
813,9,1624.00,997.00,53.00,69.00,7.8183,-1,-1,-1
813,13,1729.00,783.00,36.00,60.00,6.9875,-1,-1,-1
814,9,1626.00,998.00,52.00,71.00,7.8122,-1,-1,-1
814,13,1731.00,783.00,36.00,60.00,7.0391,-1,-1,-1
815,9,1629.00,1000.00,51.00,73.00,7.7763,-1,-1,-1
815,13,1732.00,785.00,37.00,61.00,7.0347,-1,-1,-1
816,9,1631.00,1005.00,49.00,66.00,7.7652,-1,-1,-1
816,13,1734.00,788.00,35.00,57.00,6.9079,-1,-1,-1
817,9,1632.00,1008.00,49.00,66.00,7.7677,-1,-1,-1
817,13,1737.00,790.00,33.00,59.00,6.8212,-1,-1,-1
818,9,1633.00,1009.00,52.00,66.00,7.8048,-1,-1,-1
818,13,1737.00,792.00,35.00,58.00,6.8651,-1,-1,-1
819,9,1635.00,1009.00,55.00,68.00,7.8446,-1,-1,-1
819,13,1737.00,793.00,36.00,61.00,6.9371,-1,-1,-1
820,9,1637.00,1009.00,55.00,70.00,7.8308,-1,-1,-1
820,13,1739.00,795.00,35.00,59.00,6.9819,-1,-1,-1
821,9,1638.00,1011.00,56.00,69.00,7.7997,-1,-1,-1
821,13,1740.00,796.00,36.00,60.00,7.0107,-1,-1,-1
822,9,1639.00,1014.00,57.00,68.00,7.7934,-1,-1,-1
822,13,1739.00,798.00,38.00,60.00,7.0612,-1,-1,-1
823,9,1641.00,1016.00,55.00,68.00,7.7781,-1,-1,-1
823,13,1741.00,798.00,37.00,61.00,7.0343,-1,-1,-1
824,9,1642.00,1019.00,56.00,66.00,7.7873,-1,-1,-1
824,13,1742.00,799.00,37.00,61.00,6.9434,-1,-1,-1
825,9,1645.00,1021.00,55.00,65.00,7.7773,-1,-1,-1
825,13,1745.00,798.00,35.00,62.00,6.8071,-1,-1,-1
826,9,1648.00,1021.00,54.00,70.00,7.7263,-1,-1,-1
826,13,1746.00,801.00,34.00,61.00,6.7786,-1,-1,-1
827,9,1649.00,1024.00,54.00,67.00,7.6508,-1,-1,-1
827,13,1746.00,801.00,37.00,63.00,6.7320,-1,-1,-1
828,9,1652.00,1026.00,50.00,68.00,7.6120,-1,-1,-1
828,13,1748.00,804.00,36.00,61.00,6.7647,-1,-1,-1
829,9,1654.00,1030.00,49.00,66.00,7.5713,-1,-1,-1
829,13,1748.00,806.00,37.00,60.00,6.7910,-1,-1,-1
830,9,1654.00,1032.00,50.00,64.00,7.5541,-1,-1,-1
830,13,1750.00,808.00,36.00,60.00,6.8013,-1,-1,-1
831,9,1656.00,1034.00,51.00,64.00,7.6055,-1,-1,-1
831,13,1751.00,811.00,38.00,60.00,6.7083,-1,-1,-1
832,9,1658.00,1035.00,51.00,63.00,7.6581,-1,-1,-1
832,13,1750.00,812.00,39.00,59.00,6.6460,-1,-1,-1
833,9,1660.00,1035.00,55.00,66.00,7.6866,-1,-1,-1
833,13,1753.00,813.00,36.00,59.00,6.5948,-1,-1,-1
834,9,1662.00,1037.00,52.00,67.00,7.6846,-1,-1,-1
834,13,1753.00,816.00,36.00,59.00,6.6313,-1,-1,-1
835,9,1663.00,1039.00,53.00,68.00,7.6684,-1,-1,-1
835,13,1755.00,817.00,35.00,60.00,6.6693,-1,-1,-1
836,9,1662.00,1044.00,55.00,63.00,7.6530,-1,-1,-1
836,13,1756.00,819.00,33.00,59.00,6.6825,-1,-1,-1
837,9,1665.00,1044.00,55.00,66.00,7.6723,-1,-1,-1
837,13,1756.00,819.00,35.00,60.00,6.6914,-1,-1,-1
838,9,1667.00,1046.00,54.00,65.00,7.6760,-1,-1,-1
838,13,1757.00,819.00,35.00,61.00,6.6449,-1,-1,-1
839,9,1670.00,1046.00,52.00,68.00,7.6590,-1,-1,-1
839,13,1758.00,822.00,37.00,58.00,6.5332,-1,-1,-1
840,9,1672.00,1047.00,53.00,68.00,7.6265,-1,-1,-1
840,13,1761.00,825.00,33.00,59.00,6.4945,-1,-1,-1
841,9,1674.00,1051.00,50.00,67.00,7.6183,-1,-1,-1
841,13,1762.00,827.00,33.00,60.00,6.5908,-1,-1,-1
842,9,1675.00,1054.00,50.00,68.00,7.6041,-1,-1,-1
842,13,1762.00,828.00,35.00,62.00,6.6967,-1,-1,-1
843,9,1677.00,1056.00,50.00,66.00,7.5997,-1,-1,-1
843,13,1761.00,829.00,37.00,63.00,6.7926,-1,-1,-1
844,9,1679.00,1058.00,51.00,67.00,7.6454,-1,-1,-1
844,13,1763.00,831.00,35.00,61.00,6.8698,-1,-1,-1
845,9,1680.00,1059.00,51.00,67.00,7.6947,-1,-1,-1
845,13,1763.00,834.00,36.00,60.00,6.8806,-1,-1,-1
846,9,1681.00,1062.00,51.00,70.00,7.7325,-1,-1,-1
846,13,1763.00,835.00,37.00,61.00,6.8581,-1,-1,-1
847,9,1682.00,1063.00,51.00,70.00,7.7629,-1,-1,-1
847,13,1764.00,837.00,35.00,61.00,6.8809,-1,-1,-1
848,9,1683.00,1065.00,52.00,71.00,7.7546,-1,-1,-1
848,13,1764.00,838.00,37.00,62.00,6.9337,-1,-1,-1
849,9,1685.00,1067.00,50.00,69.00,7.7299,-1,-1,-1
849,13,1764.00,839.00,37.00,63.00,7.0042,-1,-1,-1
850,9,1685.00,1069.00,53.00,71.00,7.7230,-1,-1,-1
850,13,1765.00,843.00,37.00,61.00,7.0786,-1,-1,-1
851,9,1687.00,1072.00,54.00,71.00,7.7431,-1,-1,-1
851,13,1765.00,845.00,37.00,61.00,7.0729,-1,-1,-1
852,9,1688.00,1073.00,55.00,73.00,7.7713,-1,-1,-1
852,13,1766.00,847.00,36.00,60.00,7.0366,-1,-1,-1
853,9,1688.00,1075.00,57.00,71.00,7.7508,-1,-1,-1
853,13,1766.00,849.00,35.00,59.00,6.9993,-1,-1,-1
854,9,1691.00,1077.00,55.00,72.00,7.7021,-1,-1,-1
854,13,1768.00,851.00,33.00,59.00,6.9863,-1,-1,-1
855,9,1692.00,1080.00,56.00,70.00,7.6504,-1,-1,-1
855,13,1769.00,853.00,33.00,59.00,7.0063,-1,-1,-1
856,9,1693.00,1082.00,55.00,73.00,7.6496,-1,-1,-1
856,13,1768.00,854.00,35.00,60.00,7.0296,-1,-1,-1
857,9,1693.00,1086.00,55.00,72.00,7.6912,-1,-1,-1
857,13,1768.00,856.00,36.00,60.00,7.0099,-1,-1,-1
858,9,1694.00,1088.00,56.00,73.00,7.7057,-1,-1,-1
858,13,1766.00,859.00,39.00,60.00,6.9543,-1,-1,-1
859,9,1696.00,1090.00,53.00,73.00,7.7107,-1,-1,-1
859,13,1768.00,860.00,35.00,61.00,6.9246,-1,-1,-1
860,9,1696.00,1091.00,54.00,74.00,7.7202,-1,-1,-1
860,13,1766.00,862.00,36.00,60.00,6.9729,-1,-1,-1
861,9,1696.00,1094.00,53.00,75.00,7.7746,-1,-1,-1
861,13,1766.00,865.00,35.00,62.00,7.0607,-1,-1,-1
862,9,1696.00,1097.00,53.00,74.00,7.7840,-1,-1,-1
862,13,1764.00,867.00,37.00,62.00,7.1025,-1,-1,-1
863,9,1696.00,1101.00,52.00,71.00,7.7374,-1,-1,-1
863,13,1764.00,870.00,36.00,61.00,7.1396,-1,-1,-1
864,9,1696.00,1102.00,53.00,74.00,7.7090,-1,-1,-1
864,13,1764.00,871.00,34.00,61.00,7.1342,-1,-1,-1
865,9,1696.00,1105.00,52.00,75.00,7.7072,-1,-1,-1
865,13,1763.00,874.00,35.00,61.00,7.1972,-1,-1,-1
866,9,1696.00,1110.00,53.00,74.00,7.7306,-1,-1,-1
866,13,1762.00,876.00,36.00,61.00,7.2633,-1,-1,-1
867,9,1696.00,1113.00,51.00,74.00,7.7263,-1,-1,-1
867,13,1761.00,879.00,36.00,61.00,7.2974,-1,-1,-1
868,9,1695.00,1113.00,54.00,77.00,7.7214,-1,-1,-1
868,13,1760.00,881.00,37.00,61.00,7.2897,-1,-1,-1
869,9,1696.00,1116.00,51.00,76.00,7.7436,-1,-1,-1
869,13,1759.00,883.00,36.00,58.00,7.1847,-1,-1,-1
870,9,1697.00,1120.00,51.00,75.00,7.7427,-1,-1,-1
870,13,1758.00,886.00,36.00,60.00,7.1990,-1,-1,-1
871,9,1696.00,1121.00,51.00,76.00,7.7367,-1,-1,-1
871,13,1756.00,890.00,37.00,61.00,7.2022,-1,-1,-1
872,9,1695.00,1126.00,53.00,75.00,7.6611,-1,-1,-1
872,13,1754.00,891.00,38.00,60.00,7.2143,-1,-1,-1
873,9,1696.00,1129.00,51.00,76.00,7.6723,-1,-1,-1
873,13,1754.00,894.00,39.00,59.00,7.1710,-1,-1,-1
874,9,1696.00,1134.00,51.00,73.00,7.6867,-1,-1,-1
874,13,1753.00,895.00,39.00,61.00,7.1388,-1,-1,-1
875,9,1696.00,1136.00,51.00,75.00,7.6918,-1,-1,-1
875,13,1752.00,898.00,38.00,60.00,7.1583,-1,-1,-1
876,9,1696.00,1138.00,50.00,76.00,7.6735,-1,-1,-1
876,13,1751.00,899.00,38.00,61.00,7.1981,-1,-1,-1
877,9,1697.00,1139.00,50.00,79.00,7.6818,-1,-1,-1
877,13,1750.00,902.00,38.00,60.00,7.1929,-1,-1,-1
878,9,1697.00,1143.00,50.00,78.00,7.6908,-1,-1,-1
878,13,1749.00,904.00,39.00,59.00,7.2235,-1,-1,-1
879,9,1697.00,1146.00,49.00,79.00,7.6492,-1,-1,-1
879,13,1748.00,907.00,40.00,59.00,7.1852,-1,-1,-1
880,9,1697.00,1151.00,49.00,76.00,7.6020,-1,-1,-1
880,13,1748.00,909.00,40.00,61.00,7.1997,-1,-1,-1
881,9,1698.00,1153.00,48.00,77.00,7.5949,-1,-1,-1
881,13,1747.00,911.00,40.00,63.00,7.2114,-1,-1,-1
882,9,1696.00,1155.00,51.00,78.00,7.6085,-1,-1,-1
882,13,1746.00,914.00,40.00,63.00,7.2088,-1,-1,-1
883,9,1696.00,1159.00,51.00,79.00,7.5917,-1,-1,-1
883,13,1747.00,917.00,39.00,61.00,7.1213,-1,-1,-1
884,9,1697.00,1164.00,50.00,74.00,7.6107,-1,-1,-1
884,13,1746.00,920.00,39.00,61.00,7.0750,-1,-1,-1
885,9,1697.00,1167.00,50.00,74.00,7.6478,-1,-1,-1
885,13,1745.00,922.00,40.00,63.00,7.0985,-1,-1,-1
886,9,1696.00,1169.00,52.00,75.00,7.6579,-1,-1,-1
886,13,1745.00,924.00,39.00,64.00,7.0947,-1,-1,-1
887,9,1697.00,1176.00,49.00,69.00,7.5645,-1,-1,-1
887,13,1744.00,926.00,39.00,63.00,7.0560,-1,-1,-1
888,9,1697.00,1179.00,49.00,68.00,7.5154,-1,-1,-1
888,13,1741.00,931.00,42.00,59.00,7.0451,-1,-1,-1
889,9,1696.00,1180.00,52.00,70.00,7.5402,-1,-1,-1
889,13,1742.00,933.00,42.00,60.00,7.0251,-1,-1,-1
890,9,1697.00,1183.00,52.00,71.00,7.5913,-1,-1,-1
890,13,1743.00,934.00,40.00,63.00,7.0375,-1,-1,-1
891,9,1698.00,1187.00,52.00,70.00,7.5924,-1,-1,-1
891,13,1742.00,937.00,40.00,63.00,7.0532,-1,-1,-1
892,9,1699.00,1190.00,50.00,70.00,7.5662,-1,-1,-1
892,13,1741.00,939.00,40.00,62.00,7.0065,-1,-1,-1
893,9,1699.00,1192.00,50.00,72.00,7.6137,-1,-1,-1
893,13,1741.00,941.00,41.00,63.00,6.9908,-1,-1,-1
894,9,1700.00,1193.00,50.00,74.00,7.6341,-1,-1,-1
894,13,1739.00,944.00,42.00,63.00,7.0752,-1,-1,-1
895,9,1702.00,1199.00,48.00,69.00,7.6133,-1,-1,-1
895,13,1739.00,948.00,40.00,61.00,7.1256,-1,-1,-1
896,9,1701.00,1202.00,53.00,71.00,7.6511,-1,-1,-1
896,13,1738.00,951.00,42.00,60.00,7.1247,-1,-1,-1
897,9,1700.00,1205.00,55.00,71.00,7.6794,-1,-1,-1
897,13,1736.00,954.00,45.00,63.00,7.1484,-1,-1,-1
898,9,1701.00,1208.00,54.00,70.00,7.6830,-1,-1,-1
898,13,1736.00,956.00,46.00,63.00,7.1766,-1,-1,-1
899,9,1701.00,1209.00,55.00,73.00,7.6475,-1,-1,-1
899,13,1737.00,958.00,44.00,63.00,7.2064,-1,-1,-1
900,9,1702.00,1213.00,54.00,73.00,7.5053,-1,-1,-1
900,13,1736.00,959.00,45.00,65.00,7.2391,-1,-1,-1
901,9,1703.00,1215.00,53.00,74.00,7.5085,-1,-1,-1
901,13,1737.00,962.00,42.00,64.00,7.2123,-1,-1,-1
902,9,1703.00,1219.00,55.00,73.00,7.5759,-1,-1,-1
902,13,1738.00,968.00,39.00,61.00,7.2307,-1,-1,-1
903,9,1704.00,1221.00,55.00,74.00,7.6476,-1,-1,-1
903,13,1737.00,971.00,40.00,62.00,7.2789,-1,-1,-1
904,9,1704.00,1222.00,55.00,77.00,7.6858,-1,-1,-1
904,13,1737.00,973.00,39.00,62.00,7.3028,-1,-1,-1
905,9,1705.00,1225.00,55.00,77.00,7.7049,-1,-1,-1
905,13,1736.00,976.00,40.00,62.00,7.2609,-1,-1,-1
906,9,1705.00,1229.00,55.00,76.00,7.6818,-1,-1,-1
906,13,1735.00,980.00,42.00,61.00,7.2271,-1,-1,-1
907,9,1706.00,1233.00,54.00,76.00,7.6454,-1,-1,-1
907,13,1733.00,982.00,44.00,63.00,7.2262,-1,-1,-1
908,9,1707.00,1236.00,54.00,77.00,7.6471,-1,-1,-1
908,13,1733.00,985.00,42.00,63.00,7.2644,-1,-1,-1
909,9,1707.00,1240.00,55.00,74.00,7.6328,-1,-1,-1
909,13,1732.00,989.00,42.00,61.00,7.2769,-1,-1,-1
910,9,1708.00,1243.00,54.00,77.00,7.6212,-1,-1,-1
910,13,1731.00,992.00,43.00,61.00,7.2831,-1,-1,-1
911,9,1707.00,1247.00,55.00,76.00,7.6064,-1,-1,-1
911,13,1732.00,996.00,40.00,62.00,7.2687,-1,-1,-1
912,9,1705.00,1249.00,57.00,79.00,7.5712,-1,-1,-1
912,13,1726.00,999.00,45.00,61.00,7.2088,-1,-1,-1
913,9,1704.00,1255.00,60.00,76.00,7.4955,-1,-1,-1
913,13,1725.00,1002.00,43.00,60.00,7.1964,-1,-1,-1
914,9,1705.00,1259.00,58.00,76.00,7.4967,-1,-1,-1
914,13,1723.00,1005.00,43.00,62.00,7.2129,-1,-1,-1
915,9,1706.00,1264.00,54.00,74.00,7.4996,-1,-1,-1
915,13,1722.00,1008.00,44.00,61.00,7.2254,-1,-1,-1
916,9,1706.00,1265.00,52.00,75.00,7.5412,-1,-1,-1
916,13,1722.00,1012.00,40.00,59.00,7.2132,-1,-1,-1
917,9,1705.00,1269.00,52.00,76.00,7.5820,-1,-1,-1
917,13,1718.00,1015.00,45.00,60.00,7.1614,-1,-1,-1
918,9,1703.00,1273.00,54.00,75.00,7.6231,-1,-1,-1
918,13,1719.00,1020.00,42.00,60.00,7.1681,-1,-1,-1
919,9,1702.00,1276.00,54.00,78.00,7.5848,-1,-1,-1
919,13,1715.00,1024.00,45.00,59.00,7.2044,-1,-1,-1
920,9,1702.00,1280.00,51.00,76.00,7.4718,-1,-1,-1
920,13,1714.00,1026.00,43.00,59.00,7.2000,-1,-1,-1
921,9,1704.00,1287.00,49.00,73.00,7.3853,-1,-1,-1
921,13,1712.00,1028.00,44.00,59.00,7.2207,-1,-1,-1
922,9,1703.00,1289.00,50.00,77.00,7.4274,-1,-1,-1
922,13,1713.00,1032.00,40.00,59.00,7.2784,-1,-1,-1
923,9,1701.00,1292.00,52.00,81.00,7.4290,-1,-1,-1
923,13,1709.00,1035.00,43.00,59.00,7.3224,-1,-1,-1
924,9,1701.00,1300.00,49.00,74.00,7.4517,-1,-1,-1
924,13,1708.00,1039.00,41.00,58.00,7.3277,-1,-1,-1
925,9,1697.00,1301.00,54.00,76.00,7.4404,-1,-1,-1
925,13,1702.00,1041.00,46.00,61.00,7.3390,-1,-1,-1
926,9,1694.00,1305.00,52.00,76.00,7.4243,-1,-1,-1
926,13,1698.00,1045.00,45.00,60.00,7.3481,-1,-1,-1
927,9,1692.00,1309.00,50.00,77.00,7.3932,-1,-1,-1
927,13,1691.00,1050.00,49.00,60.00,7.3903,-1,-1,-1
928,9,1688.00,1312.00,54.00,77.00,7.4084,-1,-1,-1
928,13,1687.00,1053.00,47.00,58.00,7.3933,-1,-1,-1
929,9,1687.00,1318.00,50.00,75.00,7.3803,-1,-1,-1
929,13,1681.00,1054.00,49.00,62.00,7.3715,-1,-1,-1
930,9,1682.00,1319.00,52.00,80.00,7.3867,-1,-1,-1
930,13,1680.00,1059.00,44.00,60.00,7.3706,-1,-1,-1
931,13,1676.00,1062.00,45.00,62.00,7.4084,-1,-1,-1
931,9,1680.00,1326.00,51.00,78.00,7.3541,-1,-1,-1
932,13,1674.00,1067.00,41.00,60.00,7.3916,-1,-1,-1
932,9,1675.00,1329.00,54.00,77.00,7.2577,-1,-1,-1
933,13,1666.00,1071.00,46.00,60.00,7.3943,-1,-1,-1
933,9,1676.00,1336.00,49.00,76.00,7.2463,-1,-1,-1
934,13,1663.00,1075.00,43.00,57.00,7.3833,-1,-1,-1
934,9,1671.00,1338.00,52.00,81.00,7.2216,-1,-1,-1
935,13,1658.00,1078.00,45.00,59.00,7.3546,-1,-1,-1
935,9,1667.00,1346.00,52.00,76.00,7.1748,-1,-1,-1
936,13,1654.00,1082.00,46.00,59.00,7.4069,-1,-1,-1
936,9,1664.00,1347.00,53.00,78.00,7.1638,-1,-1,-1
937,13,1649.00,1085.00,48.00,61.00,7.3775,-1,-1,-1
937,9,1662.00,1350.00,54.00,78.00,7.1679,-1,-1,-1
938,13,1645.00,1089.00,47.00,58.00,7.3289,-1,-1,-1
938,9,1660.00,1357.00,51.00,78.00,7.1939,-1,-1,-1
939,13,1641.00,1093.00,45.00,59.00,7.3566,-1,-1,-1
939,9,1658.00,1363.00,50.00,77.00,7.2846,-1,-1,-1
940,9,1654.00,1369.00,51.00,77.00,7.3250,-1,-1,-1
940,13,1636.00,1097.00,46.00,58.00,7.3112,-1,-1,-1
941,9,1653.00,1374.00,49.00,75.00,7.3520,-1,-1,-1
941,13,1632.00,1100.00,47.00,59.00,7.2818,-1,-1,-1
942,13,1626.00,1104.00,48.00,62.00,7.3412,-1,-1,-1
942,9,1648.00,1377.00,50.00,75.00,7.3181,-1,-1,-1
943,9,1644.00,1379.00,54.00,78.00,7.3402,-1,-1,-1
943,13,1623.00,1107.00,47.00,61.00,7.3331,-1,-1,-1
944,9,1641.00,1384.00,54.00,78.00,7.3604,-1,-1,-1
944,13,1619.00,1110.00,48.00,61.00,7.3035,-1,-1,-1
945,13,1616.00,1116.00,45.00,60.00,7.3894,-1,-1,-1
945,9,1640.00,1390.00,51.00,75.00,7.3356,-1,-1,-1
946,13,1612.00,1118.00,45.00,61.00,7.3668,-1,-1,-1
946,9,1637.00,1391.00,51.00,80.00,7.3585,-1,-1,-1
947,9,1633.00,1395.00,54.00,80.00,7.3833,-1,-1,-1
947,13,1607.00,1123.00,47.00,61.00,7.3587,-1,-1,-1
948,13,1602.00,1126.00,48.00,61.00,7.4231,-1,-1,-1
948,9,1631.00,1401.00,56.00,77.00,7.2912,-1,-1,-1
949,13,1598.00,1130.00,49.00,61.00,7.4312,-1,-1,-1
949,9,1629.00,1409.00,52.00,73.00,7.3085,-1,-1,-1
950,13,1594.00,1135.00,49.00,58.00,7.3968,-1,-1,-1
950,9,1627.00,1411.00,53.00,75.00,7.3592,-1,-1,-1
951,13,1590.00,1140.00,52.00,61.00,7.4082,-1,-1,-1
951,9,1628.00,1421.00,47.00,72.00,7.3506,-1,-1,-1
952,13,1585.00,1144.00,51.00,59.00,7.3730,-1,-1,-1
952,9,1623.00,1421.00,51.00,73.00,7.3456,-1,-1,-1
953,9,1618.00,1424.00,57.00,77.00,7.4004,-1,-1,-1
953,13,1579.00,1148.00,55.00,60.00,7.3761,-1,-1,-1
954,9,1615.00,1426.00,56.00,78.00,7.4269,-1,-1,-1
954,13,1577.00,1153.00,52.00,60.00,7.4152,-1,-1,-1
955,9,1613.00,1434.00,55.00,73.00,7.4382,-1,-1,-1
955,13,1573.00,1156.00,50.00,60.00,7.4216,-1,-1,-1
956,9,1613.00,1438.00,51.00,78.00,7.4177,-1,-1,-1
956,13,1570.00,1161.00,53.00,59.00,7.3810,-1,-1,-1
957,9,1607.00,1441.00,57.00,79.00,7.4422,-1,-1,-1
957,13,1568.00,1165.00,46.00,62.00,7.4225,-1,-1,-1
958,13,1561.00,1168.00,52.00,60.00,7.4109,-1,-1,-1
958,9,1605.00,1445.00,60.00,80.00,7.3434,-1,-1,-1
959,13,1557.00,1168.00,53.00,65.00,7.3425,-1,-1,-1
959,9,1604.00,1447.00,57.00,77.00,7.2185,-1,-1,-1
960,13,1554.00,1170.00,52.00,64.00,7.4134,-1,-1,-1
960,9,1602.00,1448.00,57.00,75.00,7.1455,-1,-1,-1
961,13,1551.00,1168.00,52.00,63.00,7.4437,-1,-1,-1
961,9,1600.00,1446.00,58.00,77.00,7.1336,-1,-1,-1
962,13,1546.00,1166.00,53.00,63.00,7.4793,-1,-1,-1
962,9,1600.00,1445.00,55.00,75.00,7.2039,-1,-1,-1
963,13,1541.00,1158.00,54.00,65.00,7.5142,-1,-1,-1
963,9,1599.00,1443.00,55.00,73.00,7.2329,-1,-1,-1
964,13,1537.00,1154.00,53.00,65.00,7.5883,-1,-1,-1
964,9,1594.00,1433.00,61.00,77.00,7.2739,-1,-1,-1
965,13,1535.00,1148.00,53.00,64.00,7.5472,-1,-1,-1
965,9,1592.00,1426.00,60.00,78.00,7.3466,-1,-1,-1
966,13,1532.00,1140.00,52.00,63.00,7.5322,-1,-1,-1
966,9,1591.00,1418.00,58.00,76.00,7.3069,-1,-1,-1
967,13,1530.00,1133.00,53.00,61.00,7.5559,-1,-1,-1
967,9,1587.00,1407.00,64.00,80.00,7.3213,-1,-1,-1
968,13,1526.00,1124.00,54.00,64.00,7.5864,-1,-1,-1
968,9,1588.00,1403.00,62.00,77.00,7.3805,-1,-1,-1
969,13,1523.00,1118.00,55.00,59.00,7.6117,-1,-1,-1
969,9,1586.00,1393.00,59.00,80.00,7.3600,-1,-1,-1
970,13,1520.00,1108.00,54.00,61.00,7.5165,-1,-1,-1
970,9,1585.00,1383.00,58.00,80.00,7.3873,-1,-1,-1
971,13,1519.00,1100.00,52.00,59.00,7.5415,-1,-1,-1
971,9,1584.00,1373.00,60.00,82.00,7.3399,-1,-1,-1
972,13,1516.00,1091.00,52.00,63.00,7.5356,-1,-1,-1
972,9,1584.00,1363.00,56.00,84.00,7.3471,-1,-1,-1
973,13,1513.00,1080.00,52.00,66.00,7.5912,-1,-1,-1
973,9,1583.00,1355.00,59.00,82.00,7.3360,-1,-1,-1
974,13,1512.00,1070.00,50.00,65.00,7.5448,-1,-1,-1
974,9,1581.00,1349.00,58.00,80.00,7.2569,-1,-1,-1
975,13,1509.00,1061.00,52.00,65.00,7.5934,-1,-1,-1
975,9,1579.00,1335.00,60.00,85.00,7.3028,-1,-1,-1
976,13,1508.00,1053.00,51.00,61.00,7.6195,-1,-1,-1
976,9,1577.00,1324.00,58.00,85.00,7.2233,-1,-1,-1
977,13,1506.00,1044.00,50.00,62.00,7.5946,-1,-1,-1
977,9,1577.00,1313.00,61.00,90.00,7.2403,-1,-1,-1
978,13,1503.00,1037.00,50.00,61.00,7.5681,-1,-1,-1
978,9,1577.00,1309.00,60.00,86.00,7.3029,-1,-1,-1
979,13,1500.00,1028.00,52.00,63.00,7.6031,-1,-1,-1
979,9,1577.00,1305.00,57.00,82.00,7.2851,-1,-1,-1
980,13,1499.00,1024.00,51.00,63.00,7.6024,-1,-1,-1
980,9,1574.00,1297.00,58.00,83.00,7.2768,-1,-1,-1
981,13,1496.00,1019.00,50.00,62.00,7.5482,-1,-1,-1
981,9,1576.00,1294.00,55.00,84.00,7.2384,-1,-1,-1
982,13,1492.00,1014.00,50.00,64.00,7.5997,-1,-1,-1
982,9,1572.00,1288.00,60.00,90.00,7.1996,-1,-1,-1
983,13,1488.00,1011.00,54.00,66.00,7.6620,-1,-1,-1
983,9,1572.00,1288.00,61.00,88.00,7.1783,-1,-1,-1
984,13,1485.00,1008.00,56.00,67.00,7.7056,-1,-1,-1
984,9,1572.00,1286.00,58.00,91.00,7.2231,-1,-1,-1
985,13,1486.00,1011.00,51.00,65.00,7.7290,-1,-1,-1
985,9,1572.00,1288.00,57.00,87.00,7.2005,-1,-1,-1
986,13,1481.00,1013.00,56.00,62.00,7.7008,-1,-1,-1
986,9,1568.00,1287.00,61.00,89.00,7.1753,-1,-1,-1
987,13,1477.00,1012.00,56.00,66.00,7.6712,-1,-1,-1
987,9,1567.00,1289.00,61.00,89.00,7.1429,-1,-1,-1
988,13,1474.00,1015.00,58.00,64.00,7.6320,-1,-1,-1
988,9,1565.00,1290.00,62.00,91.00,7.1132,-1,-1,-1
989,13,1473.00,1019.00,57.00,61.00,7.5990,-1,-1,-1
989,9,1565.00,1295.00,61.00,87.00,7.1250,-1,-1,-1
990,13,1469.00,1021.00,58.00,63.00,7.5934,-1,-1,-1
990,9,1566.00,1300.00,59.00,86.00,7.1451,-1,-1,-1
991,13,1467.00,1024.00,59.00,64.00,7.6234,-1,-1,-1
991,9,1564.00,1305.00,60.00,82.00,7.1971,-1,-1,-1
992,13,1462.00,1027.00,61.00,64.00,7.5843,-1,-1,-1
992,9,1563.00,1310.00,61.00,84.00,7.2180,-1,-1,-1
993,13,1458.00,1032.00,59.00,64.00,7.6316,-1,-1,-1
993,9,1561.00,1313.00,62.00,85.00,7.2296,-1,-1,-1
994,13,1453.00,1033.00,58.00,63.00,7.6282,-1,-1,-1
994,9,1559.00,1320.00,62.00,83.00,7.1712,-1,-1,-1
995,13,1453.00,1041.00,55.00,61.00,7.5945,-1,-1,-1
995,9,1559.00,1326.00,57.00,83.00,7.0876,-1,-1,-1
996,13,1444.00,1043.00,60.00,63.00,7.5759,-1,-1,-1
996,9,1552.00,1328.00,62.00,89.00,6.9902,-1,-1,-1
997,13,1440.00,1048.00,62.00,63.00,7.5787,-1,-1,-1
997,9,1553.00,1334.00,59.00,82.00,7.0375,-1,-1,-1
998,13,1435.00,1056.00,64.00,63.00,7.6362,-1,-1,-1
998,9,1548.00,1339.00,58.00,83.00,7.0401,-1,-1,-1
999,13,1430.00,1059.00,57.00,61.00,7.6534,-1,-1,-1
999,9,1545.00,1342.00,59.00,84.00,6.9997,-1,-1,-1
1000,13,1425.00,1064.00,60.00,62.00,7.6261,-1,-1,-1
1000,9,1543.00,1352.00,57.00,79.00,7.0815,-1,-1,-1
1001,13,1422.00,1072.00,60.00,58.00,7.6472,-1,-1,-1
1001,9,1540.00,1356.00,59.00,81.00,7.1458,-1,-1,-1
1002,13,1415.00,1075.00,59.00,59.00,7.6314,-1,-1,-1
1002,9,1542.00,1367.00,52.00,77.00,7.1416,-1,-1,-1
1003,13,1410.00,1079.00,63.00,64.00,7.6889,-1,-1,-1
1003,9,1532.00,1365.00,62.00,81.00,7.2081,-1,-1,-1
1004,13,1404.00,1082.00,62.00,63.00,7.6938,-1,-1,-1
1004,9,1529.00,1367.00,63.00,82.00,7.2242,-1,-1,-1
1005,13,1398.00,1085.00,65.00,65.00,7.6522,-1,-1,-1
1005,9,1530.00,1372.00,59.00,79.00,7.1805,-1,-1,-1
1006,13,1394.00,1085.00,60.00,67.00,7.6573,-1,-1,-1
1006,9,1524.00,1371.00,62.00,80.00,7.1557,-1,-1,-1
1007,13,1389.00,1088.00,62.00,65.00,7.6800,-1,-1,-1
1007,9,1524.00,1375.00,56.00,79.00,7.1440,-1,-1,-1
1008,13,1382.00,1089.00,65.00,65.00,7.6812,-1,-1,-1
1008,9,1521.00,1377.00,56.00,77.00,7.1877,-1,-1,-1
1009,13,1376.00,1086.00,67.00,67.00,7.6456,-1,-1,-1
1009,9,1514.00,1367.00,62.00,84.00,7.1712,-1,-1,-1
1010,13,1369.00,1084.00,67.00,67.00,7.5928,-1,-1,-1
1010,9,1507.00,1361.00,66.00,89.00,7.2245,-1,-1,-1
1011,13,1365.00,1082.00,62.00,67.00,7.6551,-1,-1,-1
1011,9,1503.00,1361.00,66.00,86.00,7.2589,-1,-1,-1
1012,13,1355.00,1078.00,67.00,69.00,7.6590,-1,-1,-1
1012,9,1502.00,1357.00,63.00,83.00,7.2844,-1,-1,-1
1013,13,1350.00,1075.00,66.00,65.00,7.6808,-1,-1,-1
1013,9,1497.00,1350.00,64.00,84.00,7.3612,-1,-1,-1
1014,13,1342.00,1068.00,67.00,66.00,7.6197,-1,-1,-1
1014,9,1492.00,1345.00,64.00,84.00,7.3976,-1,-1,-1
1015,13,1335.00,1062.00,68.00,66.00,7.6211,-1,-1,-1
1015,9,1487.00,1337.00,66.00,86.00,7.3877,-1,-1,-1
1016,13,1330.00,1056.00,65.00,67.00,7.6223,-1,-1,-1
1016,9,1486.00,1336.00,61.00,82.00,7.3919,-1,-1,-1
1017,13,1322.00,1051.00,66.00,65.00,7.6526,-1,-1,-1
1017,9,1481.00,1326.00,60.00,80.00,7.2663,-1,-1,-1
1018,13,1314.00,1042.00,70.00,70.00,7.6295,-1,-1,-1
1018,9,1474.00,1316.00,66.00,85.00,7.2757,-1,-1,-1
1019,13,1309.00,1036.00,65.00,66.00,7.6557,-1,-1,-1
1019,9,1471.00,1310.00,69.00,83.00,7.3048,-1,-1,-1
1020,13,1304.00,1031.00,66.00,62.00,7.6524,-1,-1,-1
1020,9,1465.00,1302.00,67.00,82.00,7.3886,-1,-1,-1
1021,13,1296.00,1022.00,66.00,62.00,7.6506,-1,-1,-1
1021,9,1460.00,1290.00,71.00,88.00,7.3835,-1,-1,-1
1022,13,1288.00,1012.00,66.00,65.00,7.6754,-1,-1,-1
1022,9,1459.00,1285.00,70.00,85.00,7.3673,-1,-1,-1
1023,13,1280.00,1005.00,69.00,64.00,7.6825,-1,-1,-1
1023,9,1454.00,1276.00,70.00,81.00,7.2821,-1,-1,-1
1024,13,1275.00,997.00,67.00,63.00,7.7192,-1,-1,-1
1024,9,1449.00,1263.00,74.00,87.00,7.3292,-1,-1,-1
1025,13,1265.00,990.00,72.00,64.00,7.7462,-1,-1,-1
1025,9,1445.00,1256.00,71.00,83.00,7.4033,-1,-1,-1
1026,13,1262.00,983.00,71.00,61.00,7.6654,-1,-1,-1
1026,9,1446.00,1251.00,68.00,78.00,7.3645,-1,-1,-1
1027,13,1252.00,970.00,77.00,66.00,7.6525,-1,-1,-1
1027,9,1438.00,1238.00,71.00,84.00,7.3886,-1,-1,-1
1028,13,1248.00,965.00,74.00,68.00,7.6338,-1,-1,-1
1028,9,1437.00,1232.00,70.00,81.00,7.4322,-1,-1,-1
1029,13,1239.00,955.00,77.00,67.00,7.6373,-1,-1,-1
1029,9,1435.00,1221.00,69.00,83.00,7.3336,-1,-1,-1
1030,13,1231.00,949.00,81.00,65.00,7.6087,-1,-1,-1
1030,9,1428.00,1213.00,74.00,84.00,7.3621,-1,-1,-1
1031,13,1228.00,945.00,75.00,63.00,7.6141,-1,-1,-1
1031,9,1425.00,1206.00,70.00,82.00,7.3484,-1,-1,-1
1032,13,1222.00,940.00,74.00,62.00,7.5755,-1,-1,-1
1032,9,1423.00,1201.00,69.00,84.00,7.3548,-1,-1,-1
1033,13,1219.00,941.00,72.00,59.00,7.5571,-1,-1,-1
1033,9,1419.00,1202.00,71.00,80.00,7.3260,-1,-1,-1
1034,13,1211.00,938.00,78.00,63.00,7.5765,-1,-1,-1
1034,9,1420.00,1202.00,68.00,78.00,7.2831,-1,-1,-1
1035,13,1209.00,938.00,76.00,60.00,7.5886,-1,-1,-1
1035,9,1420.00,1200.00,68.00,80.00,7.2217,-1,-1,-1
1036,13,1203.00,936.00,82.00,62.00,7.6092,-1,-1,-1
1036,9,1419.00,1200.00,69.00,81.00,7.1787,-1,-1,-1
1037,13,1205.00,940.00,73.00,57.00,7.6249,-1,-1,-1
1037,9,1415.00,1196.00,76.00,86.00,7.1523,-1,-1,-1
1038,13,1204.00,941.00,80.00,61.00,7.6336,-1,-1,-1
1038,9,1420.00,1203.00,70.00,81.00,7.1944,-1,-1,-1
1039,13,1206.00,945.00,80.00,61.00,7.6439,-1,-1,-1
1039,9,1423.00,1205.00,69.00,83.00,7.2395,-1,-1,-1
1040,13,1206.00,947.00,83.00,64.00,7.6253,-1,-1,-1
1040,9,1424.00,1208.00,73.00,83.00,7.2512,-1,-1,-1
1041,13,1213.00,956.00,79.00,61.00,7.6193,-1,-1,-1
1041,9,1428.00,1211.00,76.00,86.00,7.3111,-1,-1,-1
1042,13,1214.00,958.00,83.00,64.00,7.6284,-1,-1,-1
1042,9,1433.00,1214.00,74.00,90.00,7.3408,-1,-1,-1
1043,13,1222.00,961.00,75.00,61.00,7.6334,-1,-1,-1
1043,9,1439.00,1221.00,74.00,86.00,7.2323,-1,-1,-1
1044,13,1228.00,968.00,75.00,58.00,7.6189,-1,-1,-1
1044,9,1442.00,1225.00,75.00,85.00,7.2513,-1,-1,-1
1045,13,1232.00,971.00,77.00,60.00,7.5992,-1,-1,-1
1045,9,1449.00,1228.00,76.00,90.00,7.1532,-1,-1,-1
1046,13,1237.00,976.00,79.00,64.00,7.6180,-1,-1,-1
1046,9,1458.00,1238.00,72.00,86.00,7.1644,-1,-1,-1
1047,13,1250.00,986.00,70.00,54.00,7.6407,-1,-1,-1
1047,9,1462.00,1244.00,72.00,84.00,7.1408,-1,-1,-1
1048,13,1252.00,986.00,72.00,60.00,7.6393,-1,-1,-1
1048,9,1469.00,1249.00,71.00,85.00,7.1098,-1,-1,-1
1049,13,1257.00,991.00,71.00,61.00,7.6525,-1,-1,-1
1049,9,1476.00,1257.00,68.00,82.00,7.0353,-1,-1,-1
1050,13,1259.00,993.00,78.00,61.00,7.6440,-1,-1,-1
1050,9,1478.00,1261.00,75.00,84.00,7.1067,-1,-1,-1
1051,13,1268.00,1004.00,72.00,57.00,7.6567,-1,-1,-1
1051,9,1485.00,1266.00,71.00,83.00,7.1470,-1,-1,-1
1052,13,1273.00,1007.00,70.00,57.00,7.6656,-1,-1,-1
1052,9,1488.00,1272.00,71.00,82.00,7.1165,-1,-1,-1
1053,13,1277.00,1010.00,74.00,59.00,7.6184,-1,-1,-1
1053,9,1494.00,1275.00,71.00,86.00,7.1475,-1,-1,-1
1054,13,1283.00,1015.00,74.00,59.00,7.6222,-1,-1,-1
1054,9,1499.00,1283.00,70.00,81.00,7.0958,-1,-1,-1
1055,13,1285.00,1018.00,79.00,65.00,7.6459,-1,-1,-1
1055,9,1507.00,1284.00,70.00,87.00,7.1616,-1,-1,-1
1056,13,1295.00,1026.00,75.00,61.00,7.6977,-1,-1,-1
1056,9,1507.00,1291.00,74.00,84.00,7.1540,-1,-1,-1
1057,13,1300.00,1029.00,71.00,61.00,7.7405,-1,-1,-1
1057,9,1513.00,1296.00,73.00,83.00,7.1405,-1,-1,-1
1058,13,1304.00,1034.00,73.00,62.00,7.7405,-1,-1,-1
1058,9,1519.00,1301.00,74.00,84.00,7.1060,-1,-1,-1
1059,13,1310.00,1038.00,71.00,60.00,7.7721,-1,-1,-1
1059,9,1526.00,1303.00,74.00,89.00,7.0958,-1,-1,-1
1060,13,1311.00,1040.00,81.00,67.00,7.7877,-1,-1,-1
1060,9,1528.00,1309.00,78.00,87.00,7.1664,-1,-1,-1
1061,13,1319.00,1044.00,75.00,66.00,7.7947,-1,-1,-1
1061,9,1535.00,1313.00,71.00,86.00,7.1654,-1,-1,-1
1062,13,1325.00,1049.00,73.00,65.00,7.7804,-1,-1,-1
1062,9,1541.00,1320.00,73.00,83.00,7.1897,-1,-1,-1
1063,13,1329.00,1051.00,81.00,71.00,7.7233,-1,-1,-1
1063,9,1548.00,1331.00,71.00,78.00,7.0538,-1,-1,-1
1064,13,1334.00,1057.00,72.00,65.00,7.6949,-1,-1,-1
1064,9,1554.00,1328.00,69.00,86.00,7.0397,-1,-1,-1
1065,13,1336.00,1060.00,80.00,69.00,7.6720,-1,-1,-1
1065,9,1558.00,1334.00,71.00,85.00,7.0768,-1,-1,-1
1066,13,1343.00,1064.00,73.00,69.00,7.6581,-1,-1,-1
1066,9,1555.00,1330.00,82.00,93.00,7.1479,-1,-1,-1
1067,13,1351.00,1076.00,77.00,61.00,7.7557,-1,-1,-1
1067,9,1566.00,1336.00,77.00,92.00,7.2135,-1,-1,-1
1068,13,1353.00,1079.00,80.00,64.00,7.8363,-1,-1,-1
1068,9,1573.00,1349.00,75.00,84.00,7.2044,-1,-1,-1
1069,13,1360.00,1079.00,72.00,65.00,7.7908,-1,-1,-1
1069,9,1583.00,1358.00,67.00,79.00,7.2265,-1,-1,-1
1070,13,1363.00,1085.00,74.00,63.00,7.7346,-1,-1,-1
1070,9,1587.00,1361.00,71.00,83.00,7.2072,-1,-1,-1
1071,13,1369.00,1089.00,71.00,64.00,7.6959,-1,-1,-1
1071,9,1593.00,1364.00,72.00,87.00,7.1855,-1,-1,-1
1072,13,1371.00,1091.00,81.00,65.00,7.6298,-1,-1,-1
1072,9,1595.00,1363.00,75.00,91.00,7.1756,-1,-1,-1
1073,13,1379.00,1100.00,78.00,63.00,7.4742,-1,-1,-1
1073,9,1607.00,1383.00,67.00,76.00,7.2105,-1,-1,-1
1074,13,1385.00,1105.00,73.00,58.00,7.4717,-1,-1,-1
1074,9,1608.00,1380.00,69.00,85.00,7.2471,-1,-1,-1
1075,13,1387.00,1100.00,75.00,66.00,7.4600,-1,-1,-1
1075,9,1609.00,1384.00,76.00,85.00,7.2288,-1,-1,-1
1076,13,1392.00,1109.00,76.00,61.00,7.3820,-1,-1,-1
1076,9,1610.00,1382.00,81.00,91.00,7.2377,-1,-1,-1
1077,13,1394.00,1115.00,84.00,62.00,7.4073,-1,-1,-1
1077,9,1621.00,1389.00,76.00,87.00,7.2199,-1,-1,-1
1078,13,1398.00,1121.00,90.00,61.00,7.3554,-1,-1,-1
1078,9,1624.00,1389.00,77.00,92.00,7.2256,-1,-1,-1
1079,13,1408.00,1127.00,79.00,58.00,7.3773,-1,-1,-1
1079,9,1633.00,1398.00,71.00,85.00,7.3040,-1,-1,-1
1080,13,1413.00,1129.00,75.00,56.00,7.3794,-1,-1,-1
1080,9,1632.00,1398.00,79.00,93.00,7.3638,-1,-1,-1
1081,13,1420.00,1135.00,77.00,55.00,7.5091,-1,-1,-1
1081,9,1640.00,1403.00,83.00,93.00,7.4433,-1,-1,-1
1082,9,1643.00,1403.00,83.00,98.00,7.5159,-1,-1,-1
1082,13,1424.00,1136.00,68.00,55.00,7.4959,-1,-1,-1
1083,9,1649.00,1410.00,79.00,94.00,7.4837,-1,-1,-1
1083,13,1429.00,1138.00,71.00,62.00,7.4774,-1,-1,-1
1084,13,1431.00,1143.00,77.00,61.00,7.4828,-1,-1,-1
1084,9,1657.00,1421.00,80.00,92.00,7.4771,-1,-1,-1
1085,13,1439.00,1148.00,69.00,57.00,7.5274,-1,-1,-1
1085,9,1660.00,1420.00,78.00,93.00,7.4970,-1,-1,-1
1086,9,1662.00,1424.00,87.00,97.00,7.5362,-1,-1,-1
1086,13,1442.00,1149.00,71.00,61.00,7.5345,-1,-1,-1
1087,9,1668.00,1427.00,82.00,95.00,7.5832,-1,-1,-1
1087,13,1446.00,1154.00,71.00,59.00,7.5205,-1,-1,-1
1088,9,1668.00,1430.00,90.00,99.00,7.5497,-1,-1,-1
1088,13,1449.00,1155.00,76.00,62.00,7.5272,-1,-1,-1
1089,13,1451.00,1162.00,81.00,62.00,7.5749,-1,-1,-1
1089,9,1677.00,1440.00,87.00,93.00,7.5081,-1,-1,-1
1090,13,1459.00,1168.00,75.00,59.00,7.6147,-1,-1,-1
1090,9,1685.00,1443.00,83.00,96.00,7.5513,-1,-1,-1
1091,13,1462.00,1168.00,75.00,62.00,7.6420,-1,-1,-1
1091,9,1692.00,1448.00,81.00,94.00,7.5069,-1,-1,-1
1092,13,1468.00,1173.00,75.00,61.00,7.6550,-1,-1,-1
1092,9,1694.00,1449.00,84.00,96.00,7.4935,-1,-1,-1
1093,13,1472.00,1171.00,79.00,66.00,7.6295,-1,-1,-1
1093,9,1698.00,1451.00,84.00,98.00,7.4685,-1,-1,-1
1094,13,1478.00,1179.00,77.00,60.00,7.6218,-1,-1,-1
1094,9,1704.00,1454.00,83.00,98.00,7.4827,-1,-1,-1
1095,13,1489.00,1185.00,69.00,57.00,7.5432,-1,-1,-1
1095,9,1713.00,1459.00,82.00,101.00,7.4485,-1,-1,-1
1096,13,1489.00,1186.00,82.00,64.00,7.5328,-1,-1,-1
1096,9,1715.00,1463.00,85.00,101.00,7.4550,-1,-1,-1
1097,13,1490.00,1186.00,84.00,66.00,7.5295,-1,-1,-1
1097,9,1718.00,1470.00,88.00,100.00,7.4828,-1,-1,-1
1098,9,1722.00,1474.00,88.00,100.00,7.5101,-1,-1,-1
1098,13,1495.00,1190.00,84.00,69.00,7.4728,-1,-1,-1
1099,9,1729.00,1476.00,90.00,105.00,7.5682,-1,-1,-1
1099,13,1502.00,1195.00,81.00,67.00,7.4900,-1,-1,-1
1100,9,1741.00,1487.00,83.00,98.00,7.5618,-1,-1,-1
1100,13,1509.00,1207.00,76.00,58.00,7.4174,-1,-1,-1
1101,9,1744.00,1489.00,85.00,101.00,7.5796,-1,-1,-1
1101,13,1514.00,1210.00,79.00,61.00,7.3975,-1,-1,-1
1102,9,1754.00,1496.00,80.00,98.00,7.6061,-1,-1,-1
1102,13,1521.00,1211.00,80.00,63.00,7.3652,-1,-1,-1
1103,9,1760.00,1497.00,82.00,99.00,7.6514,-1,-1,-1
1103,13,1531.00,1215.00,71.00,62.00,7.3708,-1,-1,-1
1104,9,1767.00,1505.00,81.00,96.00,7.6800,-1,-1,-1
1104,13,1534.00,1220.00,72.00,61.00,7.4232,-1,-1,-1
1105,9,1773.00,1515.00,81.00,93.00,7.6923,-1,-1,-1
1105,13,1539.00,1220.00,72.00,63.00,7.4551,-1,-1,-1
1106,9,1779.00,1515.00,81.00,100.00,7.6820,-1,-1,-1
1106,13,1540.00,1218.00,78.00,70.00,7.4508,-1,-1,-1
1107,9,1786.00,1529.00,87.00,89.00,7.8443,-1,-1,-1
1107,13,1550.00,1227.00,77.00,67.00,7.4069,-1,-1,-1
1108,9,1793.00,1535.00,83.00,86.00,7.9226,-1,-1,-1
1108,13,1551.00,1232.00,80.00,66.00,7.4401,-1,-1,-1
1109,9,1801.00,1540.00,80.00,84.00,8.0279,-1,-1,-1
1109,13,1558.00,1236.00,73.00,61.00,7.4988,-1,-1,-1
1110,9,1805.00,1543.00,84.00,85.00,8.0694,-1,-1,-1
1110,13,1566.00,1235.00,76.00,68.00,7.4271,-1,-1,-1
1111,9,1815.00,1544.00,80.00,84.00,8.1144,-1,-1,-1
1111,13,1575.00,1245.00,75.00,60.00,7.4187,-1,-1,-1
1112,9,1817.00,1545.00,84.00,81.00,8.1795,-1,-1,-1
1112,13,1584.00,1244.00,77.00,58.00,7.5899,-1,-1,-1
1113,9,1820.00,1534.00,89.00,87.00,8.1251,-1,-1,-1
1113,13,1588.00,1238.00,78.00,59.00,7.6821,-1,-1,-1
1114,9,1829.00,1529.00,87.00,87.00,8.1990,-1,-1,-1
1114,13,1591.00,1224.00,78.00,67.00,7.6346,-1,-1,-1
1115,9,1838.00,1522.00,84.00,88.00,8.2172,-1,-1,-1
1115,13,1597.00,1220.00,77.00,64.00,7.5972,-1,-1,-1
1116,9,1841.00,1509.00,86.00,87.00,8.2654,-1,-1,-1
1116,13,1601.00,1208.00,76.00,62.00,7.5763,-1,-1,-1
1117,9,1847.00,1498.00,89.00,87.00,8.3551,-1,-1,-1
1117,13,1610.00,1195.00,71.00,60.00,7.5929,-1,-1,-1
1118,9,1853.00,1481.00,88.00,90.00,8.4573,-1,-1,-1
1118,13,1613.00,1184.00,77.00,63.00,7.5843,-1,-1,-1
1119,9,1863.00,1470.00,83.00,88.00,8.4846,-1,-1,-1
1119,13,1620.00,1168.00,75.00,63.00,7.4766,-1,-1,-1
1120,9,1868.00,1457.00,85.00,88.00,8.4706,-1,-1,-1
1120,13,1629.00,1153.00,71.00,63.00,7.4324,-1,-1,-1
1121,9,1874.00,1437.00,84.00,92.00,8.4336,-1,-1,-1
1121,13,1634.00,1138.00,72.00,64.00,7.3832,-1,-1,-1
1122,9,1879.00,1424.00,89.00,93.00,8.4721,-1,-1,-1
1122,13,1639.00,1120.00,69.00,67.00,7.3877,-1,-1,-1
1123,9,1887.00,1408.00,86.00,93.00,8.5186,-1,-1,-1
1123,13,1646.00,1106.00,74.00,64.00,7.3288,-1,-1,-1
1124,9,1893.00,1393.00,87.00,90.00,8.5575,-1,-1,-1
1124,13,1655.00,1096.00,69.00,60.00,7.3355,-1,-1,-1
1125,9,1900.00,1381.00,87.00,90.00,8.5795,-1,-1,-1
1125,13,1658.00,1076.00,73.00,63.00,7.3663,-1,-1,-1
1126,9,1905.00,1365.00,87.00,94.00,8.6186,-1,-1,-1
1126,13,1671.00,1070.00,62.00,60.00,7.2731,-1,-1,-1
1127,9,1914.00,1353.00,79.00,100.00,8.4369,-1,-1,-1
1127,13,1669.00,1055.00,74.00,65.00,7.2630,-1,-1,-1
1128,9,1919.00,1347.00,82.00,100.00,8.3105,-1,-1,-1
1128,13,1673.00,1036.00,74.00,77.00,7.2212,-1,-1,-1
1129,9,1929.00,1344.00,81.00,102.00,8.0819,-1,-1,-1
1129,13,1682.00,1043.00,70.00,65.00,7.2333,-1,-1,-1
1130,9,1932.00,1335.00,80.00,106.00,8.0033,-1,-1,-1
1130,13,1689.00,1035.00,66.00,64.00,7.2416,-1,-1,-1
1131,9,1940.00,1338.00,80.00,101.00,7.9108,-1,-1,-1
1131,13,1690.00,1026.00,76.00,75.00,7.2682,-1,-1,-1
1132,9,1945.00,1330.00,80.00,108.00,7.8473,-1,-1,-1
1132,13,1695.00,1030.00,77.00,69.00,7.3018,-1,-1,-1
1133,9,1952.00,1331.00,84.00,112.00,7.8407,-1,-1,-1
1133,13,1701.00,1029.00,77.00,73.00,7.3014,-1,-1,-1
1134,9,1957.00,1337.00,83.00,109.00,7.8249,-1,-1,-1
1134,13,1712.00,1039.00,71.00,64.00,7.3510,-1,-1,-1
1135,9,1964.00,1345.00,83.00,105.00,7.8409,-1,-1,-1
1135,13,1719.00,1041.00,68.00,64.00,7.3266,-1,-1,-1
1136,9,1968.00,1350.00,84.00,103.00,7.8320,-1,-1,-1
1136,13,1723.00,1047.00,75.00,66.00,7.3423,-1,-1,-1
1137,9,1975.00,1352.00,84.00,109.00,7.8643,-1,-1,-1
1137,13,1729.00,1053.00,74.00,64.00,7.3579,-1,-1,-1
1138,9,1980.00,1357.00,86.00,110.00,7.8711,-1,-1,-1
1138,13,1744.00,1062.00,72.00,57.00,7.3021,-1,-1,-1
1139,9,1986.00,1365.00,91.00,112.00,7.8893,-1,-1,-1
1139,13,1741.00,1054.00,72.00,72.00,7.3015,-1,-1,-1
1140,9,1995.00,1371.00,88.00,109.00,7.8983,-1,-1,-1
1140,13,1755.00,1072.00,72.00,62.00,7.3017,-1,-1,-1
1141,9,2002.00,1375.00,86.00,111.00,7.8943,-1,-1,-1
1141,13,1756.00,1070.00,72.00,70.00,7.3479,-1,-1,-1
1142,9,2007.00,1380.00,85.00,109.00,7.8905,-1,-1,-1
1142,13,1761.00,1078.00,76.00,67.00,7.3500,-1,-1,-1
1143,9,2015.00,1388.00,90.00,113.00,7.8894,-1,-1,-1
1143,13,1767.00,1082.00,75.00,68.00,7.3527,-1,-1,-1
1144,9,2017.00,1390.00,92.00,116.00,7.8930,-1,-1,-1
1144,13,1777.00,1088.00,71.00,68.00,7.3723,-1,-1,-1
1145,9,2025.00,1399.00,89.00,111.00,7.8883,-1,-1,-1
1145,13,1775.00,1092.00,78.00,69.00,7.4162,-1,-1,-1
1146,9,2029.00,1399.00,89.00,118.00,7.8745,-1,-1,-1
1146,13,1782.00,1098.00,79.00,70.00,7.4018,-1,-1,-1
1147,9,2037.00,1413.00,87.00,109.00,7.8983,-1,-1,-1
1147,13,1787.00,1102.00,76.00,70.00,7.4042,-1,-1,-1
1148,9,2045.00,1420.00,84.00,107.00,7.8853,-1,-1,-1
1148,13,1792.00,1109.00,70.00,68.00,7.4274,-1,-1,-1
1149,9,2047.00,1420.00,85.00,109.00,7.8988,-1,-1,-1
1149,13,1792.00,1112.00,79.00,71.00,7.4316,-1,-1,-1
1150,9,2052.00,1424.00,90.00,114.00,7.8658,-1,-1,-1
1150,13,1797.00,1118.00,76.00,70.00,7.4768,-1,-1,-1
1151,9,2058.00,1434.00,85.00,107.00,7.8647,-1,-1,-1
1151,13,1800.00,1122.00,67.00,67.00,7.4823,-1,-1,-1
1152,9,2064.00,1439.00,85.00,110.00,7.8507,-1,-1,-1
1152,13,1802.00,1126.00,69.00,67.00,7.3946,-1,-1,-1
1153,9,2073.00,1448.00,83.00,105.00,7.8502,-1,-1,-1
1153,13,1808.00,1136.00,67.00,68.00,7.4197,-1,-1,-1
1154,9,2075.00,1447.00,85.00,109.00,7.8492,-1,-1,-1
1154,13,1816.00,1142.00,71.00,71.00,7.3962,-1,-1,-1
1155,9,2082.00,1455.00,84.00,114.00,7.8528,-1,-1,-1
1155,13,1817.00,1149.00,70.00,66.00,7.4022,-1,-1,-1
1156,9,2085.00,1460.00,84.00,112.00,7.8507,-1,-1,-1
1156,13,1817.00,1150.00,74.00,71.00,7.4235,-1,-1,-1
1157,9,2093.00,1464.00,79.00,110.00,7.8098,-1,-1,-1
1157,13,1826.00,1160.00,65.00,68.00,7.3921,-1,-1,-1
1158,9,2098.00,1470.00,83.00,110.00,7.8287,-1,-1,-1
1158,13,1828.00,1163.00,70.00,73.00,7.4342,-1,-1,-1
1159,9,2100.00,1470.00,84.00,112.00,7.8261,-1,-1,-1
1159,13,1838.00,1178.00,74.00,64.00,7.4919,-1,-1,-1
1160,9,2105.00,1477.00,87.00,113.00,7.8432,-1,-1,-1
1160,13,1839.00,1180.00,78.00,65.00,7.5744,-1,-1,-1
1161,9,2111.00,1485.00,88.00,108.00,7.8428,-1,-1,-1
1161,13,1837.00,1175.00,77.00,76.00,7.5060,-1,-1,-1
1162,9,2117.00,1487.00,87.00,112.00,7.8488,-1,-1,-1
1162,13,1852.00,1188.00,64.00,69.00,7.4856,-1,-1,-1
1163,9,2123.00,1492.00,85.00,113.00,7.8416,-1,-1,-1
1163,13,1850.00,1190.00,77.00,71.00,7.6373,-1,-1,-1
1164,9,2129.00,1504.00,87.00,96.00,7.9777,-1,-1,-1
1164,13,1848.00,1193.00,77.00,76.00,7.5660,-1,-1,-1
1165,9,2133.00,1499.00,83.00,112.00,7.9388,-1,-1,-1
1165,13,1854.00,1197.00,76.00,78.00,7.5051,-1,-1,-1
1166,9,2136.00,1504.00,89.00,110.00,7.9217,-1,-1,-1
1166,13,1857.00,1204.00,71.00,73.00,7.4551,-1,-1,-1
1167,9,2144.00,1507.00,86.00,113.00,7.8518,-1,-1,-1
1167,13,1859.00,1209.00,72.00,73.00,7.3408,-1,-1,-1
1168,9,2148.00,1510.00,85.00,114.00,7.8554,-1,-1,-1
1168,13,1864.00,1213.00,71.00,79.00,7.2705,-1,-1,-1
1169,9,2151.00,1513.00,85.00,114.00,7.8466,-1,-1,-1
1169,13,1866.00,1211.00,73.00,83.00,7.2153,-1,-1,-1
1170,9,2155.00,1515.00,88.00,118.00,7.8342,-1,-1,-1
1170,13,1866.00,1220.00,75.00,80.00,7.1471,-1,-1,-1
1171,9,2162.00,1518.00,84.00,120.00,7.8039,-1,-1,-1
1171,13,1867.00,1227.00,77.00,67.00,7.1688,-1,-1,-1
1172,9,2168.00,1521.00,86.00,121.00,7.7952,-1,-1,-1
1172,13,1876.00,1240.00,79.00,66.00,7.2978,-1,-1,-1
1173,9,2175.00,1530.00,84.00,116.00,7.7957,-1,-1,-1
1173,13,1875.00,1239.00,77.00,64.00,7.3795,-1,-1,-1
1174,9,2177.00,1531.00,87.00,119.00,7.8108,-1,-1,-1
1174,13,1877.00,1239.00,80.00,75.00,7.3447,-1,-1,-1
1175,9,2183.00,1535.00,86.00,121.00,7.7868,-1,-1,-1
1175,13,1881.00,1246.00,77.00,66.00,7.3295,-1,-1,-1
1176,9,2185.00,1537.00,91.00,124.00,7.7932,-1,-1,-1
1176,13,1881.00,1248.00,80.00,75.00,7.3283,-1,-1,-1
1177,9,2191.00,1539.00,92.00,126.00,7.7998,-1,-1,-1
1177,13,1882.00,1253.00,84.00,72.00,7.4484,-1,-1,-1
1178,9,2194.00,1539.00,93.00,126.00,7.7825,-1,-1,-1
1178,13,1889.00,1261.00,75.00,70.00,7.4285,-1,-1,-1
1179,9,2200.00,1544.00,95.00,127.00,7.7335,-1,-1,-1
1179,13,1891.00,1267.00,74.00,71.00,7.4090,-1,-1,-1
1180,9,2209.00,1553.00,92.00,118.00,7.6800,-1,-1,-1
1180,13,1894.00,1270.00,73.00,73.00,7.3689,-1,-1,-1
1181,9,2211.00,1553.00,94.00,123.00,7.6602,-1,-1,-1
1181,13,1896.00,1269.00,73.00,80.00,7.3276,-1,-1,-1
1182,9,2216.00,1559.00,91.00,119.00,7.6810,-1,-1,-1
1182,13,1895.00,1273.00,85.00,79.00,7.3094,-1,-1,-1
1183,9,2221.00,1565.00,91.00,115.00,7.7017,-1,-1,-1
1183,13,1899.00,1277.00,84.00,77.00,7.3082,-1,-1,-1
1184,9,2227.00,1564.00,90.00,121.00,7.7043,-1,-1,-1
1184,13,1909.00,1285.00,70.00,74.00,7.1392,-1,-1,-1
1185,9,2234.00,1569.00,89.00,120.00,7.6236,-1,-1,-1
1185,13,1912.00,1289.00,70.00,73.00,7.1684,-1,-1,-1
1186,9,2243.00,1576.00,86.00,117.00,7.5958,-1,-1,-1
1186,13,1911.00,1290.00,79.00,78.00,7.1553,-1,-1,-1
1187,9,2247.00,1580.00,85.00,114.00,7.6329,-1,-1,-1
1187,13,1917.00,1301.00,77.00,74.00,7.1631,-1,-1,-1
1188,9,2251.00,1582.00,90.00,119.00,7.6498,-1,-1,-1
1188,13,1919.00,1303.00,75.00,71.00,7.1961,-1,-1,-1
1189,9,2257.00,1587.00,94.00,118.00,7.6910,-1,-1,-1
1189,13,1923.00,1312.00,75.00,67.00,7.1828,-1,-1,-1
1190,9,2263.00,1592.00,93.00,114.00,7.7280,-1,-1,-1
1190,13,1926.00,1314.00,81.00,72.00,7.2172,-1,-1,-1
1191,9,2266.00,1590.00,91.00,118.00,7.7522,-1,-1,-1
1191,13,1932.00,1319.00,77.00,73.00,7.2513,-1,-1,-1
1192,9,2272.00,1593.00,97.00,122.00,7.7496,-1,-1,-1
1192,13,1935.00,1320.00,72.00,72.00,7.2421,-1,-1,-1
1193,9,2280.00,1599.00,95.00,119.00,7.6600,-1,-1,-1
1193,13,1932.00,1324.00,89.00,76.00,7.3355,-1,-1,-1
1194,9,2287.00,1602.00,92.00,118.00,7.6185,-1,-1,-1
1194,13,1937.00,1330.00,81.00,74.00,7.3494,-1,-1,-1
1195,9,2292.00,1605.00,93.00,123.00,7.6512,-1,-1,-1
1195,13,1945.00,1338.00,83.00,69.00,7.3178,-1,-1,-1
1196,9,2299.00,1608.00,92.00,125.00,7.6638,-1,-1,-1
1196,13,1951.00,1344.00,80.00,68.00,7.3054,-1,-1,-1
1197,9,2305.00,1613.00,93.00,123.00,7.6416,-1,-1,-1
1197,13,1954.00,1347.00,81.00,67.00,7.2499,-1,-1,-1
1198,9,2313.00,1619.00,94.00,121.00,7.6350,-1,-1,-1
1198,13,1956.00,1351.00,85.00,69.00,7.1471,-1,-1,-1
1199,9,2317.00,1620.00,95.00,125.00,7.6711,-1,-1,-1
1199,13,1963.00,1355.00,82.00,68.00,7.2220,-1,-1,-1
1200,9,2325.00,1626.00,95.00,122.00,7.6810,-1,-1,-1
1200,13,1964.00,1359.00,74.00,63.00,7.1881,-1,-1,-1
1201,9,2334.00,1638.00,91.00,115.00,7.6834,-1,-1,-1
1201,13,1971.00,1364.00,88.00,72.00,7.1683,-1,-1,-1
1202,9,2338.00,1638.00,95.00,119.00,7.7136,-1,-1,-1
1202,13,1981.00,1373.00,84.00,69.00,7.0891,-1,-1,-1
1203,9,2344.00,1637.00,96.00,124.00,7.7320,-1,-1,-1
1203,13,1981.00,1375.00,91.00,69.00,7.1053,-1,-1,-1
1204,9,2351.00,1639.00,96.00,124.00,7.7021,-1,-1,-1
1204,13,1987.00,1382.00,87.00,71.00,7.1646,-1,-1,-1
1205,9,2357.00,1645.00,97.00,123.00,7.7096,-1,-1,-1
1205,13,1993.00,1384.00,84.00,70.00,7.0361,-1,-1,-1
1206,9,2362.00,1646.00,98.00,130.00,7.7579,-1,-1,-1
1206,13,1998.00,1392.00,89.00,68.00,6.9535,-1,-1,-1
1207,9,2372.00,1647.00,97.00,130.00,7.7569,-1,-1,-1
1207,13,2004.00,1396.00,86.00,69.00,6.9292,-1,-1,-1
1208,9,2381.00,1654.00,95.00,125.00,7.7905,-1,-1,-1
1208,13,2009.00,1400.00,84.00,67.00,6.8438,-1,-1,-1
1209,9,2384.00,1658.00,97.00,123.00,7.8189,-1,-1,-1
1209,13,2013.00,1407.00,96.00,70.00,6.8072,-1,-1,-1
1210,9,2390.00,1656.00,98.00,131.00,7.8136,-1,-1,-1
1210,13,2019.00,1413.00,90.00,67.00,6.7299,-1,-1,-1
1211,9,2400.00,1662.00,99.00,128.00,7.7063,-1,-1,-1
1211,13,2027.00,1418.00,82.00,65.00,6.7096,-1,-1,-1
1212,9,2406.00,1668.00,99.00,127.00,7.7137,-1,-1,-1
1212,13,2036.00,1427.00,80.00,65.00,6.6574,-1,-1,-1
1213,9,2411.00,1670.00,101.00,132.00,7.7518,-1,-1,-1
1213,13,2032.00,1426.00,87.00,65.00,6.6349,-1,-1,-1
1214,9,2424.00,1678.00,98.00,127.00,7.7577,-1,-1,-1
1214,13,2040.00,1431.00,91.00,69.00,6.5805,-1,-1,-1
1215,9,2431.00,1685.00,98.00,123.00,7.7753,-1,-1,-1
1215,13,2047.00,1435.00,91.00,71.00,6.7165,-1,-1,-1
1216,9,2435.00,1683.00,100.00,130.00,7.7645,-1,-1,-1
1216,13,2048.00,1435.00,93.00,74.00,6.7984,-1,-1,-1
1217,9,2445.00,1691.00,100.00,127.00,7.7262,-1,-1,-1
1217,13,2055.00,1443.00,96.00,75.00,6.6559,-1,-1,-1
1218,9,2451.00,1696.00,99.00,125.00,7.7089,-1,-1,-1
1218,13,2060.00,1445.00,97.00,77.00,6.6928,-1,-1,-1
1219,9,2459.00,1696.00,99.00,130.00,7.7336,-1,-1,-1
1219,13,2065.00,1450.00,98.00,78.00,6.7424,-1,-1,-1
1220,9,2469.00,1704.00,100.00,128.00,7.7383,-1,-1,-1
1220,13,2071.00,1453.00,99.00,80.00,6.8265,-1,-1,-1
1221,9,2477.00,1709.00,99.00,122.00,7.7472,-1,-1,-1
1221,13,2076.00,1458.00,98.00,78.00,6.8797,-1,-1,-1
1222,9,2485.00,1712.00,100.00,124.00,7.7490,-1,-1,-1
1222,13,2082.00,1460.00,99.00,79.00,6.9595,-1,-1,-1
1223,9,2491.00,1712.00,102.00,127.00,7.6802,-1,-1,-1
1223,13,2089.00,1466.00,97.00,79.00,7.0200,-1,-1,-1
1224,9,2499.00,1715.00,102.00,128.00,7.6762,-1,-1,-1
1224,13,2093.00,1467.00,104.00,81.00,7.1133,-1,-1,-1
1225,9,2506.00,1723.00,102.00,124.00,7.7121,-1,-1,-1
1225,13,2101.00,1477.00,94.00,73.00,7.1969,-1,-1,-1
1226,9,2517.00,1723.00,102.00,130.00,7.7270,-1,-1,-1
1226,13,2108.00,1477.00,100.00,76.00,7.2845,-1,-1,-1
1227,9,2526.00,1730.00,100.00,123.00,7.7292,-1,-1,-1
1227,13,2114.00,1482.00,102.00,78.00,7.3521,-1,-1,-1
1228,9,2532.00,1732.00,102.00,125.00,7.7235,-1,-1,-1
1228,13,2123.00,1487.00,98.00,74.00,7.3147,-1,-1,-1
1229,9,2538.00,1732.00,104.00,129.00,7.6822,-1,-1,-1
1229,13,2128.00,1490.00,103.00,80.00,7.3441,-1,-1,-1
1230,9,2547.00,1738.00,105.00,126.00,7.6515,-1,-1,-1
1230,13,2134.00,1494.00,104.00,81.00,7.4125,-1,-1,-1
1231,9,2556.00,1741.00,105.00,128.00,7.6676,-1,-1,-1
1231,13,2142.00,1500.00,100.00,78.00,7.4664,-1,-1,-1
1232,9,2565.00,1741.00,105.00,134.00,7.6674,-1,-1,-1
1232,13,2144.00,1503.00,107.00,80.00,7.5528,-1,-1,-1
1233,9,2571.00,1746.00,106.00,130.00,7.6845,-1,-1,-1
1233,13,2151.00,1504.00,104.00,83.00,7.6135,-1,-1,-1
1234,9,2580.00,1746.00,104.00,134.00,7.7163,-1,-1,-1
1234,13,2161.00,1512.00,100.00,77.00,7.5981,-1,-1,-1
1235,9,2591.00,1752.00,104.00,130.00,7.7227,-1,-1,-1
1235,13,2166.00,1516.00,103.00,78.00,7.6144,-1,-1,-1
1236,9,2596.00,1754.00,110.00,132.00,7.7246,-1,-1,-1
1236,13,2171.00,1519.00,106.00,79.00,7.6126,-1,-1,-1
1237,9,2606.00,1753.00,105.00,134.00,7.7203,-1,-1,-1
1237,13,2178.00,1520.00,106.00,81.00,7.5794,-1,-1,-1
1238,9,2613.00,1757.00,106.00,136.00,7.6349,-1,-1,-1
1238,13,2186.00,1524.00,107.00,84.00,7.6076,-1,-1,-1
1239,9,2620.00,1762.00,110.00,135.00,7.6807,-1,-1,-1
1239,13,2194.00,1530.00,103.00,80.00,7.5730,-1,-1,-1
1240,9,2631.00,1763.00,107.00,136.00,7.6867,-1,-1,-1
1240,13,2203.00,1537.00,103.00,78.00,7.5552,-1,-1,-1
1241,9,2640.00,1766.00,106.00,137.00,7.6928,-1,-1,-1
1241,13,2210.00,1539.00,105.00,80.00,7.5227,-1,-1,-1
1242,9,2648.00,1771.00,107.00,136.00,7.7145,-1,-1,-1
1242,13,2219.00,1546.00,99.00,71.00,7.4949,-1,-1,-1
1243,9,2656.00,1770.00,108.00,141.00,7.7197,-1,-1,-1
1243,13,2222.00,1545.00,106.00,81.00,7.5136,-1,-1,-1
1244,9,2665.00,1781.00,108.00,136.00,7.6837,-1,-1,-1
1244,13,2235.00,1549.00,103.00,80.00,7.4387,-1,-1,-1
1245,9,2675.00,1782.00,109.00,140.00,7.6983,-1,-1,-1
1245,13,2242.00,1554.00,104.00,81.00,7.3982,-1,-1,-1
1246,9,2683.00,1787.00,109.00,138.00,7.6995,-1,-1,-1
1246,13,2249.00,1562.00,106.00,77.00,7.4530,-1,-1,-1
1247,9,2691.00,1792.00,112.00,139.00,7.7104,-1,-1,-1
1247,13,2255.00,1567.00,109.00,74.00,7.5061,-1,-1,-1
1248,9,2700.00,1793.00,112.00,143.00,7.7181,-1,-1,-1
1248,13,2268.00,1572.00,103.00,75.00,7.4753,-1,-1,-1
1249,9,2709.00,1804.00,113.00,138.00,7.6711,-1,-1,-1
1249,13,2272.00,1570.00,109.00,84.00,7.4802,-1,-1,-1
1250,9,2719.00,1805.00,112.00,145.00,7.7126,-1,-1,-1
1250,13,2285.00,1580.00,104.00,79.00,7.3975,-1,-1,-1
1251,9,2727.00,1807.00,115.00,146.00,7.7194,-1,-1,-1
1251,13,2291.00,1584.00,108.00,80.00,7.3989,-1,-1,-1
1252,9,2737.00,1817.00,115.00,145.00,7.7223,-1,-1,-1
1252,13,2297.00,1589.00,110.00,81.00,7.3594,-1,-1,-1
1253,9,2748.00,1822.00,113.00,144.00,7.6963,-1,-1,-1
1253,13,2307.00,1595.00,105.00,75.00,7.3647,-1,-1,-1
1254,9,2756.00,1829.00,114.00,143.00,7.6643,-1,-1,-1
1254,13,2315.00,1597.00,109.00,81.00,7.4591,-1,-1,-1
1255,9,2766.00,1836.00,114.00,144.00,7.6623,-1,-1,-1
1255,13,2320.00,1602.00,112.00,81.00,7.4874,-1,-1,-1
1256,9,2776.00,1837.00,113.00,145.00,7.6546,-1,-1,-1
1256,13,2332.00,1611.00,109.00,77.00,7.4808,-1,-1,-1
1257,9,2783.00,1845.00,116.00,143.00,7.6321,-1,-1,-1
1257,13,2339.00,1610.00,110.00,82.00,7.5698,-1,-1,-1
1258,9,2793.00,1849.00,116.00,146.00,7.6032,-1,-1,-1
1258,13,2346.00,1614.00,110.00,82.00,7.5454,-1,-1,-1
1259,9,2803.00,1854.00,113.00,147.00,7.6245,-1,-1,-1
1259,13,2357.00,1625.00,101.00,70.00,7.5501,-1,-1,-1
1260,9,2809.00,1860.00,116.00,148.00,7.6418,-1,-1,-1
1260,13,2364.00,1622.00,110.00,79.00,7.6179,-1,-1,-1
1261,13,2370.00,1628.00,110.00,77.00,7.6344,-1,-1,-1
1261,9,2820.00,1863.00,116.00,148.00,7.6222,-1,-1,-1
1262,13,2378.00,1631.00,113.00,79.00,7.5735,-1,-1,-1
1262,9,2830.00,1876.00,113.00,141.00,7.5597,-1,-1,-1
1263,13,2387.00,1635.00,113.00,79.00,7.6311,-1,-1,-1
1263,9,2836.00,1878.00,115.00,143.00,7.5896,-1,-1,-1
1264,13,2394.00,1639.00,109.00,77.00,7.6335,-1,-1,-1
1264,9,2847.00,1882.00,113.00,143.00,7.5929,-1,-1,-1
1265,9,2855.00,1886.00,113.00,144.00,7.6151,-1,-1,-1
1265,13,2402.00,1643.00,105.00,74.00,7.6128,-1,-1,-1
1266,13,2409.00,1645.00,111.00,79.00,7.6531,-1,-1,-1
1266,9,2862.00,1891.00,115.00,144.00,7.6506,-1,-1,-1
1267,13,2417.00,1648.00,108.00,79.00,7.6368,-1,-1,-1
1267,9,2868.00,1889.00,117.00,148.00,7.6333,-1,-1,-1
1268,9,2879.00,1898.00,111.00,143.00,7.6165,-1,-1,-1
1268,13,2425.00,1654.00,108.00,77.00,7.5704,-1,-1,-1
1269,9,2884.00,1899.00,114.00,150.00,7.6670,-1,-1,-1
1269,13,2429.00,1656.00,114.00,81.00,7.5834,-1,-1,-1
1270,9,2892.00,1902.00,116.00,150.00,7.6887,-1,-1,-1
1270,13,2438.00,1656.00,111.00,84.00,7.6252,-1,-1,-1
1271,9,2902.00,1910.00,114.00,146.00,7.7164,-1,-1,-1
1271,13,2444.00,1660.00,111.00,83.00,7.6793,-1,-1,-1
1272,9,2908.00,1914.00,113.00,149.00,7.7249,-1,-1,-1
1272,13,2452.00,1665.00,110.00,80.00,7.6777,-1,-1,-1
1273,13,2455.00,1668.00,115.00,81.00,7.7093,-1,-1,-1
1273,9,2913.00,1914.00,117.00,154.00,7.6898,-1,-1,-1
1274,13,2461.00,1669.00,112.00,80.00,7.7527,-1,-1,-1
1274,9,2920.00,1916.00,116.00,157.00,7.6593,-1,-1,-1
1275,13,2467.00,1674.00,113.00,80.00,7.7574,-1,-1,-1
1275,9,2927.00,1924.00,114.00,152.00,7.6784,-1,-1,-1
1276,9,2933.00,1923.00,115.00,158.00,7.7100,-1,-1,-1
1276,13,2473.00,1674.00,117.00,86.00,7.7065,-1,-1,-1
1277,13,2480.00,1677.00,113.00,83.00,7.7589,-1,-1,-1
1277,9,2940.00,1928.00,113.00,155.00,7.7141,-1,-1,-1
1278,13,2486.00,1681.00,111.00,80.00,7.8135,-1,-1,-1
1278,9,2945.00,1934.00,114.00,149.00,7.7140,-1,-1,-1
1279,13,2491.00,1684.00,111.00,79.00,7.8389,-1,-1,-1
1279,9,2952.00,1935.00,113.00,155.00,7.6994,-1,-1,-1
1280,13,2498.00,1688.00,111.00,76.00,7.8125,-1,-1,-1
1280,9,2959.00,1944.00,111.00,154.00,7.7372,-1,-1,-1
1281,13,2501.00,1691.00,112.00,75.00,7.7819,-1,-1,-1
1281,9,2964.00,1942.00,111.00,156.00,7.7248,-1,-1,-1
1282,13,2505.00,1691.00,114.00,78.00,7.7967,-1,-1,-1
1282,9,2968.00,1943.00,113.00,157.00,7.7073,-1,-1,-1
1283,13,2507.00,1692.00,118.00,80.00,7.8044,-1,-1,-1
1283,9,2972.00,1949.00,114.00,154.00,7.7309,-1,-1,-1
1284,9,2975.00,1948.00,116.00,162.00,7.7643,-1,-1,-1
1284,13,2511.00,1694.00,118.00,81.00,7.7639,-1,-1,-1
1285,9,2981.00,1948.00,115.00,165.00,7.8030,-1,-1,-1
1285,13,2518.00,1694.00,114.00,81.00,7.7832,-1,-1,-1
1286,9,2985.00,1951.00,116.00,161.00,7.8184,-1,-1,-1
1286,13,2524.00,1698.00,110.00,75.00,7.7864,-1,-1,-1
1287,13,2525.00,1697.00,116.00,79.00,7.8092,-1,-1,-1
1287,9,2987.00,1951.00,118.00,163.00,7.7984,-1,-1,-1
1288,13,2529.00,1698.00,116.00,79.00,7.8077,-1,-1,-1
1288,9,2993.00,1955.00,118.00,158.00,7.7878,-1,-1,-1
1289,13,2533.00,1698.00,117.00,81.00,7.8157,-1,-1,-1
1289,9,2997.00,1958.00,118.00,156.00,7.7574,-1,-1,-1
1290,13,2537.00,1699.00,117.00,82.00,7.8263,-1,-1,-1
1290,9,3000.00,1959.00,117.00,160.00,7.7325,-1,-1,-1
1291,13,2542.00,1699.00,116.00,83.00,7.7687,-1,-1,-1
1291,9,3007.00,1968.00,114.00,153.00,7.7417,-1,-1,-1
1292,9,3009.00,1965.00,115.00,157.00,7.7479,-1,-1,-1
1292,13,2545.00,1700.00,116.00,84.00,7.7332,-1,-1,-1
1293,9,3012.00,1966.00,115.00,157.00,7.7260,-1,-1,-1
1293,13,2547.00,1700.00,113.00,83.00,7.6856,-1,-1,-1
1294,9,3012.00,1963.00,117.00,160.00,7.7105,-1,-1,-1
1294,13,2548.00,1699.00,117.00,85.00,7.6592,-1,-1,-1
1295,9,3016.00,1965.00,116.00,160.00,7.6975,-1,-1,-1
1295,13,2549.00,1696.00,115.00,87.00,7.6692,-1,-1,-1
1296,9,3017.00,1967.00,117.00,160.00,7.6972,-1,-1,-1
1296,13,2552.00,1697.00,116.00,87.00,7.6637,-1,-1,-1
1297,9,3019.00,1967.00,117.00,161.00,7.7051,-1,-1,-1
1297,13,2554.00,1697.00,115.00,87.00,7.6846,-1,-1,-1
1298,9,3020.00,1966.00,116.00,162.00,7.7240,-1,-1,-1
1298,13,2557.00,1699.00,114.00,84.00,7.7030,-1,-1,-1
1299,9,3022.00,1967.00,115.00,161.00,7.7505,-1,-1,-1
1299,13,2558.00,1698.00,114.00,84.00,7.7289,-1,-1,-1
1300,9,3022.00,1967.00,115.00,160.00,7.7763,-1,-1,-1
1300,13,2561.00,1699.00,112.00,83.00,7.7436,-1,-1,-1
1301,9,3023.00,1966.00,114.00,162.00,7.8016,-1,-1,-1
1301,13,2562.00,1698.00,113.00,81.00,7.7566,-1,-1,-1
1302,9,3024.00,1967.00,112.00,160.00,7.8226,-1,-1,-1
1302,13,2565.00,1700.00,110.00,78.00,7.7509,-1,-1,-1
1303,9,3024.00,1967.00,114.00,163.00,7.8375,-1,-1,-1
1303,13,2566.00,1699.00,112.00,81.00,7.7300,-1,-1,-1
1304,9,3024.00,1965.00,114.00,165.00,7.8476,-1,-1,-1
1304,13,2567.00,1698.00,114.00,81.00,7.6511,-1,-1,-1
1305,9,3025.00,1964.00,113.00,167.00,7.8602,-1,-1,-1
1305,13,2568.00,1699.00,111.00,78.00,7.5731,-1,-1,-1
1306,9,3027.00,1967.00,111.00,163.00,7.8755,-1,-1,-1
1306,13,2568.00,1692.00,112.00,84.00,7.5328,-1,-1,-1
1307,9,3027.00,1967.00,111.00,163.00,7.8907,-1,-1,-1
1307,13,2572.00,1695.00,105.00,78.00,7.5446,-1,-1,-1
1308,9,3029.00,1970.00,109.00,161.00,7.9031,-1,-1,-1
1308,13,2572.00,1693.00,107.00,79.00,7.5812,-1,-1,-1
1309,9,3029.00,1969.00,110.00,164.00,7.9115,-1,-1,-1
1309,13,2571.00,1693.00,112.00,79.00,7.6311,-1,-1,-1
1310,9,3029.00,1971.00,110.00,162.00,7.9202,-1,-1,-1
1310,13,2572.00,1693.00,111.00,76.00,7.6476,-1,-1,-1
1311,9,3029.00,1972.00,110.00,162.00,7.9308,-1,-1,-1
1311,13,2571.00,1693.00,116.00,76.00,7.6569,-1,-1,-1
1312,9,3029.00,1972.00,110.00,159.00,7.9309,-1,-1,-1
1312,13,2570.00,1694.00,115.00,73.00,7.6468,-1,-1,-1
1313,9,3034.00,1968.00,104.00,153.00,7.9400,-1,-1,-1
1313,13,2568.00,1687.00,116.00,78.00,7.6555,-1,-1,-1
1314,9,3031.00,1957.00,108.00,156.00,7.9231,-1,-1,-1
1314,13,2566.00,1680.00,116.00,80.00,7.6523,-1,-1,-1
1315,9,3028.00,1944.00,109.00,154.00,7.9022,-1,-1,-1
1315,13,2562.00,1670.00,116.00,82.00,7.6658,-1,-1,-1
1316,9,3027.00,1931.00,110.00,155.00,7.8676,-1,-1,-1
1316,13,2558.00,1664.00,116.00,79.00,7.5894,-1,-1,-1
1317,9,3027.00,1921.00,110.00,152.00,7.8668,-1,-1,-1
1317,13,2559.00,1655.00,110.00,80.00,7.6106,-1,-1,-1
1318,9,3026.00,1906.00,110.00,153.00,7.8419,-1,-1,-1
1318,13,2552.00,1649.00,112.00,74.00,7.6829,-1,-1,-1
1319,9,3022.00,1889.00,114.00,151.00,7.7940,-1,-1,-1
1319,13,2549.00,1641.00,118.00,75.00,7.6885,-1,-1,-1
1320,9,3021.00,1877.00,110.00,148.00,7.7595,-1,-1,-1
1320,13,2544.00,1630.00,117.00,74.00,7.6060,-1,-1,-1
1321,9,3020.00,1857.00,112.00,152.00,7.7536,-1,-1,-1
1321,13,2541.00,1619.00,118.00,76.00,7.5762,-1,-1,-1
1322,13,2538.00,1611.00,117.00,74.00,7.6267,-1,-1,-1
1322,9,3016.00,1840.00,113.00,154.00,7.6053,-1,-1,-1
1323,13,2529.00,1601.00,120.00,71.00,7.6715,-1,-1,-1
1323,9,3016.00,1830.00,109.00,151.00,7.6034,-1,-1,-1
1324,13,2526.00,1593.00,122.00,69.00,7.6676,-1,-1,-1
1324,9,3010.00,1814.00,113.00,153.00,7.6201,-1,-1,-1
1325,9,3008.00,1805.00,110.00,149.00,7.6706,-1,-1,-1
1325,13,2526.00,1585.00,120.00,71.00,7.6379,-1,-1,-1
1326,13,2526.00,1580.00,114.00,68.00,7.6537,-1,-1,-1
1326,9,3006.00,1796.00,112.00,147.00,7.6534,-1,-1,-1
1327,9,3005.00,1788.00,112.00,150.00,7.6544,-1,-1,-1
1327,13,2522.00,1577.00,115.00,65.00,7.6154,-1,-1,-1
1328,9,3004.00,1783.00,110.00,145.00,7.6725,-1,-1,-1
1328,13,2521.00,1571.00,116.00,66.00,7.6042,-1,-1,-1
1329,9,3004.00,1778.00,108.00,142.00,7.6265,-1,-1,-1
1329,13,2520.00,1568.00,118.00,66.00,7.6130,-1,-1,-1
1330,9,2999.00,1763.00,116.00,152.00,7.6283,-1,-1,-1
1330,13,2517.00,1564.00,119.00,65.00,7.6170,-1,-1,-1
1331,9,3000.00,1763.00,112.00,145.00,7.6368,-1,-1,-1
1331,13,2518.00,1563.00,115.00,58.00,7.6050,-1,-1,-1
1332,13,2516.00,1557.00,118.00,63.00,7.6630,-1,-1,-1
1332,9,2999.00,1758.00,109.00,139.00,7.5844,-1,-1,-1
1333,13,2513.00,1550.00,121.00,66.00,7.6833,-1,-1,-1
1333,9,2997.00,1749.00,111.00,141.00,7.5431,-1,-1,-1
1334,13,2512.00,1545.00,120.00,68.00,7.7239,-1,-1,-1
1334,9,2999.00,1743.00,109.00,143.00,7.5487,-1,-1,-1
1335,13,2513.00,1541.00,118.00,68.00,7.6754,-1,-1,-1
1335,9,2994.00,1733.00,111.00,146.00,7.5508,-1,-1,-1
1336,13,2511.00,1540.00,112.00,58.00,7.6440,-1,-1,-1
1336,9,2987.00,1720.00,116.00,154.00,7.4455,-1,-1,-1
1337,13,2505.00,1534.00,119.00,63.00,7.6655,-1,-1,-1
1337,9,2990.00,1714.00,110.00,149.00,7.4878,-1,-1,-1
1338,13,2505.00,1530.00,117.00,61.00,7.6516,-1,-1,-1
1338,9,2986.00,1706.00,113.00,149.00,7.5278,-1,-1,-1
1339,13,2502.00,1524.00,117.00,63.00,7.7071,-1,-1,-1
1339,9,2985.00,1698.00,115.00,152.00,7.5587,-1,-1,-1
1340,13,2502.00,1521.00,115.00,61.00,7.6888,-1,-1,-1
1340,9,2985.00,1696.00,111.00,146.00,7.5898,-1,-1,-1
1341,13,2501.00,1516.00,113.00,58.00,7.6969,-1,-1,-1
1341,9,2981.00,1688.00,112.00,144.00,7.6270,-1,-1,-1
1342,13,2499.00,1509.00,115.00,65.00,7.7323,-1,-1,-1
1342,9,2979.00,1683.00,111.00,142.00,7.6441,-1,-1,-1
1343,13,2495.00,1505.00,115.00,62.00,7.7107,-1,-1,-1
1343,9,2975.00,1669.00,115.00,151.00,7.6842,-1,-1,-1
1344,13,2493.00,1500.00,115.00,64.00,7.7126,-1,-1,-1
1344,9,2975.00,1667.00,111.00,142.00,7.7001,-1,-1,-1
1345,13,2490.00,1496.00,116.00,58.00,7.6737,-1,-1,-1
1345,9,2966.00,1653.00,120.00,143.00,7.6284,-1,-1,-1
1346,13,2486.00,1489.00,118.00,61.00,7.6706,-1,-1,-1
1346,9,2965.00,1639.00,120.00,149.00,7.6461,-1,-1,-1
1347,13,2480.00,1480.00,121.00,60.00,7.6211,-1,-1,-1
1347,9,2960.00,1626.00,118.00,148.00,7.5629,-1,-1,-1
1348,9,2959.00,1617.00,114.00,144.00,7.5718,-1,-1,-1
1348,13,2477.00,1472.00,116.00,58.00,7.5608,-1,-1,-1
1349,13,2469.00,1464.00,118.00,57.00,7.5655,-1,-1,-1
1349,9,2951.00,1603.00,119.00,142.00,7.5592,-1,-1,-1
1350,9,2947.00,1591.00,120.00,143.00,7.5387,-1,-1,-1
1350,13,2462.00,1454.00,120.00,56.00,7.4924,-1,-1,-1
1351,9,2944.00,1579.00,120.00,140.00,7.4997,-1,-1,-1
1351,13,2459.00,1447.00,116.00,54.00,7.4632,-1,-1,-1
1352,13,2453.00,1438.00,116.00,55.00,7.5130,-1,-1,-1
1352,9,2935.00,1562.00,120.00,138.00,7.4135,-1,-1,-1
1353,13,2448.00,1428.00,114.00,55.00,7.4793,-1,-1,-1
1353,9,2931.00,1550.00,120.00,141.00,7.3965,-1,-1,-1
1354,13,2438.00,1418.00,125.00,61.00,7.5419,-1,-1,-1
1354,9,2923.00,1536.00,125.00,141.00,7.3699,-1,-1,-1
1355,13,2438.00,1415.00,109.00,52.00,7.4640,-1,-1,-1
1355,9,2925.00,1529.00,118.00,135.00,7.3522,-1,-1,-1
1356,13,2431.00,1404.00,114.00,54.00,7.5053,-1,-1,-1
1356,9,2913.00,1508.00,125.00,140.00,7.3055,-1,-1,-1
1357,13,2421.00,1395.00,118.00,57.00,7.5393,-1,-1,-1
1357,9,2910.00,1504.00,120.00,133.00,7.3042,-1,-1,-1
1358,13,2417.00,1389.00,114.00,53.00,7.4530,-1,-1,-1
1358,9,2908.00,1495.00,117.00,126.00,7.3122,-1,-1,-1
1359,13,2410.00,1381.00,113.00,52.00,7.4824,-1,-1,-1
1359,9,2896.00,1476.00,124.00,134.00,7.2998,-1,-1,-1
1360,13,2400.00,1370.00,122.00,58.00,7.5421,-1,-1,-1
1360,9,2889.00,1464.00,125.00,132.00,7.2436,-1,-1,-1
1361,13,2394.00,1364.00,118.00,54.00,7.5704,-1,-1,-1
1361,9,2884.00,1455.00,124.00,129.00,7.2285,-1,-1,-1
1362,13,2388.00,1357.00,114.00,53.00,7.5440,-1,-1,-1
1362,9,2880.00,1440.00,122.00,132.00,7.1262,-1,-1,-1
1363,13,2380.00,1348.00,121.00,57.00,7.6043,-1,-1,-1
1363,9,2874.00,1429.00,121.00,130.00,7.0799,-1,-1,-1
1364,13,2374.00,1343.00,117.00,55.00,7.5984,-1,-1,-1
1364,9,2867.00,1418.00,122.00,127.00,7.0658,-1,-1,-1
1365,13,2369.00,1335.00,113.00,54.00,7.5883,-1,-1,-1
1365,9,2860.00,1412.00,122.00,122.00,7.0789,-1,-1,-1
1366,13,2364.00,1331.00,111.00,51.00,7.5986,-1,-1,-1
1366,9,2858.00,1396.00,118.00,124.00,7.1129,-1,-1,-1
1367,13,2354.00,1321.00,119.00,57.00,7.6621,-1,-1,-1
1367,9,2853.00,1388.00,118.00,125.00,7.0548,-1,-1,-1
1368,13,2351.00,1318.00,112.00,53.00,7.6474,-1,-1,-1
1368,9,2846.00,1376.00,119.00,123.00,7.0054,-1,-1,-1
1369,13,2347.00,1310.00,111.00,56.00,7.6410,-1,-1,-1
1369,9,2841.00,1371.00,116.00,119.00,7.0032,-1,-1,-1
1370,13,2340.00,1308.00,111.00,50.00,7.6549,-1,-1,-1
1370,9,2835.00,1360.00,119.00,119.00,7.0257,-1,-1,-1
1371,13,2333.00,1298.00,116.00,58.00,7.7064,-1,-1,-1
1371,9,2826.00,1347.00,121.00,124.00,7.0878,-1,-1,-1
1372,13,2330.00,1296.00,109.00,52.00,7.7004,-1,-1,-1
1372,9,2816.00,1342.00,125.00,120.00,7.0708,-1,-1,-1
1373,13,2323.00,1287.00,110.00,57.00,7.6528,-1,-1,-1
1373,9,2815.00,1333.00,119.00,115.00,7.1049,-1,-1,-1
1374,13,2317.00,1284.00,109.00,52.00,7.6664,-1,-1,-1
1374,9,2804.00,1322.00,124.00,119.00,7.0925,-1,-1,-1
1375,13,2312.00,1278.00,113.00,54.00,7.6769,-1,-1,-1
1375,9,2800.00,1315.00,126.00,114.00,7.0634,-1,-1,-1
1376,13,2301.00,1272.00,112.00,54.00,7.6621,-1,-1,-1
1376,9,2793.00,1306.00,124.00,116.00,7.0842,-1,-1,-1
1377,13,2296.00,1265.00,114.00,56.00,7.5297,-1,-1,-1
1377,9,2785.00,1298.00,126.00,114.00,7.1113,-1,-1,-1
1378,13,2291.00,1262.00,114.00,52.00,7.5272,-1,-1,-1
1378,9,2783.00,1290.00,124.00,114.00,7.1582,-1,-1,-1
1379,13,2291.00,1259.00,106.00,49.00,7.5042,-1,-1,-1
1379,9,2772.00,1275.00,128.00,121.00,7.2168,-1,-1,-1
1380,13,2284.00,1255.00,107.00,50.00,7.4415,-1,-1,-1
1380,9,2764.00,1269.00,129.00,118.00,7.2172,-1,-1,-1
1381,13,2278.00,1252.00,107.00,47.00,7.4435,-1,-1,-1
1381,9,2763.00,1264.00,124.00,114.00,7.2345,-1,-1,-1
1382,13,2274.00,1244.00,109.00,51.00,7.3141,-1,-1,-1
1382,9,2753.00,1252.00,128.00,118.00,7.2381,-1,-1,-1
1383,13,2268.00,1239.00,111.00,52.00,7.3307,-1,-1,-1
1383,9,2744.00,1245.00,133.00,118.00,7.1774,-1,-1,-1
1384,13,2262.00,1234.00,109.00,51.00,7.3685,-1,-1,-1
1384,9,2741.00,1238.00,130.00,114.00,7.1167,-1,-1,-1
1385,13,2252.00,1229.00,117.00,56.00,7.3706,-1,-1,-1
1385,9,2734.00,1229.00,130.00,117.00,7.1310,-1,-1,-1
1386,13,2253.00,1227.00,99.00,51.00,7.3713,-1,-1,-1
1386,9,2723.00,1220.00,135.00,117.00,7.1482,-1,-1,-1
1387,13,2243.00,1217.00,112.00,57.00,7.4262,-1,-1,-1
1387,9,2723.00,1216.00,131.00,112.00,7.1558,-1,-1,-1
1388,13,2236.00,1212.00,114.00,57.00,7.4540,-1,-1,-1
1388,9,2716.00,1209.00,130.00,111.00,7.1843,-1,-1,-1
1389,13,2232.00,1213.00,103.00,49.00,7.4435,-1,-1,-1
1389,9,2704.00,1198.00,136.00,115.00,7.1819,-1,-1,-1
1390,13,2224.00,1207.00,106.00,54.00,7.4557,-1,-1,-1
1390,9,2697.00,1186.00,139.00,120.00,7.1539,-1,-1,-1
1391,13,2217.00,1201.00,110.00,57.00,7.5345,-1,-1,-1
1391,9,2696.00,1187.00,133.00,107.00,7.0736,-1,-1,-1
1392,13,2214.00,1197.00,104.00,55.00,7.5134,-1,-1,-1
1392,9,2687.00,1178.00,136.00,109.00,7.0550,-1,-1,-1
1393,13,2204.00,1191.00,110.00,58.00,7.5428,-1,-1,-1
1393,9,2684.00,1173.00,133.00,106.00,6.9924,-1,-1,-1
1394,13,2196.00,1187.00,113.00,56.00,7.5693,-1,-1,-1
1394,9,2677.00,1162.00,132.00,106.00,6.9311,-1,-1,-1
1395,13,2190.00,1184.00,114.00,56.00,7.6282,-1,-1,-1
1395,9,2669.00,1153.00,137.00,106.00,6.9293,-1,-1,-1
1396,13,2185.00,1178.00,110.00,60.00,7.6226,-1,-1,-1
1396,9,2663.00,1147.00,134.00,106.00,6.9060,-1,-1,-1
1397,13,2176.00,1174.00,111.00,60.00,7.5855,-1,-1,-1
1397,9,2657.00,1141.00,130.00,103.00,6.7052,-1,-1,-1
1398,13,2170.00,1168.00,113.00,61.00,7.6129,-1,-1,-1
1398,9,2658.00,1140.00,123.00,96.00,6.5951,-1,-1,-1
1399,13,2167.00,1168.00,105.00,58.00,7.6192,-1,-1,-1
1399,9,2646.00,1135.00,128.00,94.00,6.6266,-1,-1,-1
1400,13,2158.00,1166.00,107.00,56.00,7.6458,-1,-1,-1
1400,9,2650.00,1134.00,113.00,87.00,6.4721,-1,-1,-1
1401,13,2149.00,1162.00,109.00,55.00,7.6543,-1,-1,-1
1401,9,2631.00,1116.00,125.00,98.00,6.4278,-1,-1,-1
1402,13,2144.00,1157.00,110.00,57.00,7.7067,-1,-1,-1
1402,9,2622.00,1108.00,127.00,100.00,6.4999,-1,-1,-1
1403,13,2144.00,1155.00,100.00,55.00,7.7005,-1,-1,-1
1403,9,2627.00,1111.00,118.00,93.00,6.4793,-1,-1,-1
1404,13,2139.00,1152.00,105.00,58.00,7.6741,-1,-1,-1
1404,9,2621.00,1108.00,118.00,93.00,6.4561,-1,-1,-1
1405,13,2136.00,1150.00,105.00,56.00,7.6084,-1,-1,-1
1405,9,2618.00,1105.00,119.00,91.00,6.4106,-1,-1,-1
1406,13,2137.00,1150.00,99.00,54.00,7.4804,-1,-1,-1
1406,9,2607.00,1100.00,127.00,93.00,6.4083,-1,-1,-1
1407,13,2129.00,1143.00,108.00,60.00,7.4624,-1,-1,-1
1407,9,2603.00,1097.00,128.00,93.00,6.4761,-1,-1,-1
1408,13,2123.00,1139.00,111.00,62.00,7.5582,-1,-1,-1
1408,9,2600.00,1095.00,125.00,88.00,6.4581,-1,-1,-1
1409,13,2115.00,1140.00,104.00,55.00,7.5894,-1,-1,-1
1409,9,2590.00,1083.00,124.00,93.00,6.4919,-1,-1,-1
1410,13,2105.00,1134.00,106.00,57.00,7.5849,-1,-1,-1
1410,9,2577.00,1077.00,127.00,87.00,6.5094,-1,-1,-1
1411,13,2094.00,1126.00,104.00,58.00,7.5916,-1,-1,-1
1411,9,2561.00,1060.00,128.00,92.00,6.5711,-1,-1,-1
1412,13,2075.00,1117.00,109.00,66.00,7.6423,-1,-1,-1
1412,9,2542.00,1045.00,129.00,90.00,6.6492,-1,-1,-1
1413,13,2062.00,1115.00,102.00,61.00,7.6317,-1,-1,-1
1413,9,2523.00,1034.00,132.00,88.00,6.5966,-1,-1,-1
1414,13,2046.00,1111.00,101.00,59.00,7.5924,-1,-1,-1
1414,9,2510.00,1026.00,128.00,83.00,6.6310,-1,-1,-1
1415,13,2026.00,1101.00,105.00,65.00,7.6527,-1,-1,-1
1415,9,2484.00,1004.00,133.00,90.00,6.6843,-1,-1,-1
1416,13,2007.00,1096.00,107.00,69.00,7.6521,-1,-1,-1
1416,9,2467.00,996.00,130.00,86.00,6.7277,-1,-1,-1
1417,13,1993.00,1091.00,101.00,67.00,7.6197,-1,-1,-1
1417,9,2447.00,982.00,132.00,84.00,6.6919,-1,-1,-1
1418,13,1978.00,1089.00,99.00,62.00,7.5955,-1,-1,-1
1418,9,2440.00,975.00,119.00,79.00,6.5750,-1,-1,-1
1419,13,1964.00,1084.00,98.00,65.00,7.6141,-1,-1,-1
1419,9,2410.00,954.00,132.00,87.00,6.6493,-1,-1,-1
1420,13,1951.00,1082.00,98.00,62.00,7.5677,-1,-1,-1
1420,9,2395.00,948.00,132.00,86.00,6.6795,-1,-1,-1
1421,13,1944.00,1077.00,101.00,67.00,7.5961,-1,-1,-1
1421,9,2391.00,945.00,128.00,81.00,6.6316,-1,-1,-1
1422,13,1937.00,1076.00,100.00,68.00,7.6549,-1,-1,-1
1422,9,2386.00,940.00,128.00,83.00,6.6103,-1,-1,-1
1423,13,1932.00,1078.00,96.00,62.00,7.7026,-1,-1,-1
1423,9,2382.00,943.00,127.00,76.00,6.4673,-1,-1,-1
1424,13,1928.00,1076.00,97.00,63.00,7.6908,-1,-1,-1
1424,9,2377.00,942.00,124.00,75.00,6.4594,-1,-1,-1
1425,13,1917.00,1074.00,100.00,65.00,7.6448,-1,-1,-1
1425,9,2372.00,935.00,125.00,81.00,6.4749,-1,-1,-1
1426,13,1917.00,1072.00,101.00,69.00,7.5287,-1,-1,-1
1426,9,2374.00,935.00,118.00,78.00,6.4488,-1,-1,-1
1427,13,1912.00,1070.00,104.00,67.00,7.5385,-1,-1,-1
1427,9,2372.00,938.00,117.00,73.00,6.3207,-1,-1,-1
1428,13,1912.00,1070.00,104.00,64.00,7.5566,-1,-1,-1
1428,9,2367.00,934.00,120.00,75.00,6.3424,-1,-1,-1
1429,13,1907.00,1067.00,107.00,68.00,7.6058,-1,-1,-1
1429,9,2373.00,937.00,110.00,73.00,6.3054,-1,-1,-1
1430,13,1906.00,1069.00,102.00,64.00,7.6673,-1,-1,-1
1430,9,2369.00,937.00,111.00,70.00,6.2926,-1,-1,-1
1431,13,1908.00,1068.00,99.00,64.00,7.7231,-1,-1,-1
1431,9,2358.00,930.00,119.00,77.00,6.3179,-1,-1,-1
1432,13,1906.00,1067.00,98.00,64.00,7.7686,-1,-1,-1
1432,9,2368.00,937.00,107.00,67.00,6.1847,-1,-1,-1
1433,13,1904.00,1065.00,100.00,65.00,7.8007,-1,-1,-1
1433,9,2360.00,935.00,114.00,67.00,6.0050,-1,-1,-1
1434,13,1903.00,1066.00,99.00,65.00,7.7954,-1,-1,-1
1434,9,2355.00,932.00,119.00,70.00,5.9315,-1,-1,-1
1435,13,1902.00,1067.00,97.00,63.00,7.8128,-1,-1,-1
1435,9,2355.00,932.00,118.00,68.00,5.8592,-1,-1,-1
1436,13,1899.00,1065.00,100.00,63.00,7.7850,-1,-1,-1
1436,9,2353.00,929.00,117.00,69.00,5.8442,-1,-1,-1
1437,13,1899.00,1064.00,99.00,62.00,7.7757,-1,-1,-1
1437,9,2344.00,927.00,124.00,70.00,5.9647,-1,-1,-1
1438,13,1894.00,1064.00,98.00,60.00,7.7667,-1,-1,-1
1438,9,2344.00,929.00,119.00,67.00,5.9201,-1,-1,-1
1439,13,1890.00,1059.00,99.00,64.00,7.7317,-1,-1,-1
1439,9,2337.00,925.00,120.00,69.00,5.8245,-1,-1,-1
1440,13,1881.00,1055.00,106.00,67.00,7.7082,-1,-1,-1
1440,9,2329.00,919.00,125.00,70.00,5.8022,-1,-1,-1
1441,13,1875.00,1058.00,107.00,63.00,7.6133,-1,-1,-1
1441,9,2315.00,911.00,129.00,75.00,5.9607,-1,-1,-1
1442,13,1865.00,1053.00,108.00,68.00,7.5829,-1,-1,-1
1442,9,2304.00,908.00,126.00,69.00,6.0544,-1,-1,-1
1443,13,1859.00,1054.00,99.00,63.00,7.6270,-1,-1,-1
1443,9,2297.00,905.00,124.00,69.00,6.0495,-1,-1,-1
1444,13,1850.00,1052.00,97.00,64.00,7.5832,-1,-1,-1
1444,9,2282.00,894.00,125.00,75.00,6.1958,-1,-1,-1
1445,13,1835.00,1046.00,104.00,72.00,7.6309,-1,-1,-1
1445,9,2272.00,891.00,126.00,72.00,6.3650,-1,-1,-1
1446,13,1830.00,1049.00,97.00,65.00,7.6267,-1,-1,-1
1446,9,2263.00,888.00,124.00,70.00,6.4579,-1,-1,-1
1447,13,1816.00,1044.00,105.00,70.00,7.6415,-1,-1,-1
1447,9,2250.00,878.00,125.00,74.00,6.5049,-1,-1,-1
1448,13,1811.00,1048.00,97.00,63.00,7.6629,-1,-1,-1
1448,9,2238.00,875.00,127.00,72.00,6.3989,-1,-1,-1
1449,13,1804.00,1044.00,96.00,67.00,7.6418,-1,-1,-1
1449,9,2223.00,874.00,129.00,70.00,6.5000,-1,-1,-1
1450,13,1789.00,1045.00,98.00,67.00,7.6806,-1,-1,-1
1450,9,2215.00,868.00,128.00,73.00,6.6295,-1,-1,-1
1451,13,1788.00,1043.00,92.00,66.00,7.7242,-1,-1,-1
1451,9,2207.00,867.00,125.00,70.00,6.6186,-1,-1,-1
1452,13,1773.00,1041.00,97.00,70.00,7.7244,-1,-1,-1
1452,9,2193.00,858.00,130.00,76.00,6.7158,-1,-1,-1
1453,13,1768.00,1041.00,92.00,70.00,7.7639,-1,-1,-1
1453,9,2187.00,859.00,127.00,65.00,6.6689,-1,-1,-1
1454,13,1761.00,1038.00,94.00,72.00,7.7889,-1,-1,-1
1454,9,2178.00,860.00,123.00,65.00,6.6637,-1,-1,-1
1455,13,1754.00,1039.00,96.00,72.00,7.7676,-1,-1,-1
1455,9,2172.00,853.00,127.00,70.00,6.5310,-1,-1,-1
1456,13,1747.00,1038.00,97.00,76.00,7.7566,-1,-1,-1
1456,9,2166.00,855.00,125.00,69.00,6.5409,-1,-1,-1
1457,13,1743.00,1040.00,94.00,73.00,7.8056,-1,-1,-1
1457,9,2164.00,852.00,118.00,69.00,6.4985,-1,-1,-1
1458,13,1739.00,1042.00,94.00,68.00,7.8293,-1,-1,-1
1458,9,2156.00,849.00,123.00,72.00,6.5141,-1,-1,-1
1459,13,1732.00,1039.00,99.00,76.00,7.8309,-1,-1,-1
1459,9,2147.00,850.00,126.00,69.00,6.6351,-1,-1,-1
1460,13,1729.00,1040.00,98.00,72.00,7.8016,-1,-1,-1
1460,9,2149.00,847.00,122.00,72.00,6.6466,-1,-1,-1
1461,13,1726.00,1042.00,97.00,69.00,7.7419,-1,-1,-1
1461,9,2143.00,846.00,124.00,70.00,6.7197,-1,-1,-1
1462,13,1726.00,1040.00,94.00,70.00,7.7111,-1,-1,-1
1462,9,2144.00,845.00,121.00,69.00,6.8138,-1,-1,-1
1463,13,1726.00,1043.00,95.00,65.00,7.6924,-1,-1,-1
1463,9,2145.00,844.00,121.00,69.00,6.8974,-1,-1,-1
1464,13,1724.00,1042.00,98.00,67.00,7.6761,-1,-1,-1
1464,9,2145.00,844.00,121.00,68.00,6.9651,-1,-1,-1
1465,13,1727.00,1042.00,95.00,64.00,7.6647,-1,-1,-1
1465,9,2145.00,843.00,122.00,68.00,7.0254,-1,-1,-1
1466,13,1728.00,1041.00,94.00,64.00,7.6652,-1,-1,-1
1466,9,2145.00,842.00,123.00,69.00,7.0822,-1,-1,-1
1467,13,1728.00,1041.00,95.00,64.00,7.6768,-1,-1,-1
1467,9,2147.00,844.00,123.00,66.00,7.1235,-1,-1,-1
1468,13,1730.00,1041.00,95.00,63.00,7.6949,-1,-1,-1
1468,9,2146.00,844.00,125.00,67.00,7.1626,-1,-1,-1
1469,13,1732.00,1040.00,93.00,63.00,7.7211,-1,-1,-1
1469,9,2149.00,847.00,122.00,63.00,7.1896,-1,-1,-1
1470,13,1730.00,1039.00,97.00,64.00,7.7489,-1,-1,-1
1470,9,2148.00,847.00,124.00,63.00,7.2284,-1,-1,-1
1471,13,1728.00,1039.00,100.00,64.00,7.7651,-1,-1,-1
1471,9,2147.00,846.00,125.00,66.00,7.2596,-1,-1,-1
1472,13,1728.00,1039.00,99.00,62.00,7.7753,-1,-1,-1
1472,9,2147.00,845.00,128.00,66.00,7.2861,-1,-1,-1
1473,13,1728.00,1038.00,99.00,63.00,7.7910,-1,-1,-1
1473,9,2149.00,844.00,126.00,68.00,7.3326,-1,-1,-1
1474,13,1730.00,1037.00,95.00,63.00,7.7991,-1,-1,-1
1474,9,2150.00,844.00,127.00,69.00,7.3788,-1,-1,-1
1475,13,1730.00,1037.00,96.00,61.00,7.7944,-1,-1,-1
1475,9,2151.00,844.00,126.00,69.00,7.4100,-1,-1,-1
1476,13,1734.00,1036.00,92.00,60.00,7.7920,-1,-1,-1
1476,9,2151.00,843.00,127.00,70.00,7.4426,-1,-1,-1
1477,13,1734.00,1036.00,92.00,59.00,7.7882,-1,-1,-1
1477,9,2150.00,845.00,128.00,69.00,7.4981,-1,-1,-1
1478,13,1735.00,1034.00,92.00,60.00,7.7591,-1,-1,-1
1478,9,2150.00,845.00,128.00,70.00,7.5291,-1,-1,-1
1479,13,1730.00,1030.00,100.00,65.00,7.6992,-1,-1,-1
1479,9,2148.00,846.00,128.00,68.00,7.5275,-1,-1,-1
1480,13,1723.00,1031.00,104.00,62.00,7.6593,-1,-1,-1
1480,9,2150.00,845.00,125.00,69.00,7.4987,-1,-1,-1
1481,13,1721.00,1028.00,106.00,67.00,7.6129,-1,-1,-1
1481,9,2145.00,844.00,127.00,70.00,7.4597,-1,-1,-1
1482,13,1715.00,1025.00,110.00,71.00,7.6536,-1,-1,-1
1482,9,2144.00,838.00,126.00,76.00,7.4549,-1,-1,-1
1483,13,1717.00,1029.00,99.00,63.00,7.6791,-1,-1,-1
1483,9,2140.00,839.00,125.00,72.00,7.3435,-1,-1,-1
1484,13,1712.00,1028.00,101.00,66.00,7.7302,-1,-1,-1
1484,9,2132.00,832.00,131.00,77.00,7.3581,-1,-1,-1
1485,13,1711.00,1029.00,97.00,64.00,7.7441,-1,-1,-1
1485,9,2130.00,835.00,128.00,72.00,7.3088,-1,-1,-1
1486,13,1702.00,1026.00,107.00,69.00,7.7080,-1,-1,-1
1486,9,2124.00,831.00,131.00,76.00,7.3530,-1,-1,-1
1487,13,1696.00,1027.00,108.00,68.00,7.6737,-1,-1,-1
1487,9,2122.00,829.00,128.00,77.00,7.2748,-1,-1,-1
1488,13,1691.00,1027.00,111.00,70.00,7.6871,-1,-1,-1
1488,9,2114.00,830.00,130.00,72.00,7.1273,-1,-1,-1
1489,13,1690.00,1029.00,103.00,65.00,7.7041,-1,-1,-1
1489,9,2112.00,825.00,125.00,77.00,7.1247,-1,-1,-1
1490,13,1686.00,1028.00,103.00,67.00,7.7139,-1,-1,-1
1490,9,2110.00,827.00,124.00,70.00,7.1195,-1,-1,-1
1491,13,1682.00,1028.00,104.00,67.00,7.6982,-1,-1,-1
1491,9,2101.00,823.00,125.00,75.00,7.1697,-1,-1,-1
1492,13,1673.00,1026.00,110.00,69.00,7.6637,-1,-1,-1
1492,9,2105.00,824.00,116.00,71.00,7.1362,-1,-1,-1
1493,13,1668.00,1026.00,114.00,68.00,7.6182,-1,-1,-1
1493,9,2092.00,821.00,124.00,73.00,7.1598,-1,-1,-1
1494,13,1664.00,1027.00,115.00,68.00,7.6528,-1,-1,-1
1494,9,2089.00,822.00,124.00,70.00,7.1723,-1,-1,-1
1495,13,1665.00,1029.00,105.00,65.00,7.6709,-1,-1,-1
1495,9,2087.00,819.00,122.00,73.00,7.1508,-1,-1,-1
1496,13,1660.00,1028.00,107.00,65.00,7.6920,-1,-1,-1
1496,9,2082.00,819.00,123.00,68.00,7.1830,-1,-1,-1
1497,13,1656.00,1029.00,109.00,67.00,7.6673,-1,-1,-1
1497,9,2078.00,818.00,121.00,70.00,7.1881,-1,-1,-1
1498,13,1653.00,1027.00,110.00,68.00,7.6588,-1,-1,-1
1498,9,2074.00,818.00,124.00,69.00,7.1968,-1,-1,-1
1499,13,1651.00,1028.00,108.00,64.00,7.5806,-1,-1,-1
1499,9,2065.00,814.00,127.00,69.00,7.2218,-1,-1,-1
1500,13,1645.00,1024.00,115.00,70.00,7.4623,-1,-1,-1
1500,9,2062.00,812.00,126.00,73.00,7.2154,-1,-1,-1
1501,13,1645.00,1023.00,112.00,71.00,7.4331,-1,-1,-1
1501,9,2058.00,813.00,125.00,69.00,7.2727,-1,-1,-1
1502,13,1642.00,1025.00,108.00,66.00,7.4579,-1,-1,-1
1502,9,2050.00,816.00,130.00,66.00,7.3522,-1,-1,-1
1503,13,1640.00,1023.00,109.00,69.00,7.5007,-1,-1,-1
1503,9,2045.00,813.00,133.00,71.00,7.3416,-1,-1,-1
1504,13,1639.00,1022.00,111.00,69.00,7.5337,-1,-1,-1
1504,9,2044.00,813.00,131.00,69.00,7.3590,-1,-1,-1
1505,13,1638.00,1020.00,111.00,72.00,7.5759,-1,-1,-1
1505,9,2043.00,816.00,130.00,64.00,7.3825,-1,-1,-1
1506,13,1635.00,1018.00,109.00,72.00,7.6072,-1,-1,-1
1506,9,2039.00,815.00,132.00,65.00,7.4119,-1,-1,-1
1507,13,1634.00,1016.00,109.00,74.00,7.6457,-1,-1,-1
1507,9,2035.00,813.00,132.00,67.00,7.3817,-1,-1,-1
1508,13,1629.00,1015.00,113.00,78.00,7.6530,-1,-1,-1
1508,9,2029.00,807.00,137.00,74.00,7.3816,-1,-1,-1
1509,13,1628.00,1015.00,109.00,75.00,7.6123,-1,-1,-1
1509,9,2031.00,808.00,134.00,73.00,7.3432,-1,-1,-1
1510,13,1627.00,1013.00,110.00,78.00,7.5923,-1,-1,-1
1510,9,2028.00,810.00,134.00,68.00,7.3421,-1,-1,-1
1511,13,1626.00,1013.00,107.00,75.00,7.5786,-1,-1,-1
1511,9,2029.00,813.00,130.00,64.00,7.3632,-1,-1,-1
1512,13,1621.00,1013.00,111.00,78.00,7.6097,-1,-1,-1
1512,9,2029.00,815.00,131.00,63.00,7.3974,-1,-1,-1
1513,13,1621.00,1013.00,108.00,77.00,7.6469,-1,-1,-1
1513,9,2031.00,815.00,126.00,62.00,7.3525,-1,-1,-1
1514,13,1620.00,1012.00,108.00,76.00,7.6236,-1,-1,-1
1514,9,2030.00,815.00,127.00,64.00,7.3279,-1,-1,-1
1515,13,1621.00,1013.00,103.00,74.00,7.5829,-1,-1,-1
1515,9,2026.00,813.00,130.00,70.00,7.2988,-1,-1,-1
1516,13,1618.00,1013.00,104.00,75.00,7.5742,-1,-1,-1
1516,9,2025.00,812.00,128.00,69.00,7.2650,-1,-1,-1
1517,13,1619.00,1011.00,102.00,75.00,7.5554,-1,-1,-1
1517,9,2021.00,809.00,129.00,71.00,7.2535,-1,-1,-1
1518,13,1619.00,1011.00,100.00,76.00,7.5327,-1,-1,-1
1518,9,2025.00,809.00,125.00,67.00,7.0258,-1,-1,-1
1519,13,1618.00,1012.00,97.00,75.00,7.5342,-1,-1,-1
1519,9,2021.00,810.00,128.00,65.00,6.8608,-1,-1,-1
1520,13,1615.00,1013.00,99.00,75.00,7.5743,-1,-1,-1
1520,9,2014.00,808.00,134.00,68.00,6.8424,-1,-1,-1
1521,13,1617.00,1013.00,94.00,73.00,7.5925,-1,-1,-1
1521,9,2008.00,803.00,137.00,75.00,6.8836,-1,-1,-1
1522,13,1613.00,1014.00,97.00,73.00,7.5950,-1,-1,-1
1522,9,2013.00,807.00,132.00,70.00,6.9041,-1,-1,-1
1523,13,1613.00,1014.00,98.00,71.00,7.5607,-1,-1,-1
1523,9,2011.00,804.00,132.00,73.00,6.8874,-1,-1,-1
1524,13,1606.00,1015.00,103.00,72.00,7.5237,-1,-1,-1
1524,9,2011.00,807.00,131.00,70.00,6.7681,-1,-1,-1
1525,13,1604.00,1015.00,104.00,71.00,7.5107,-1,-1,-1
1525,9,2009.00,805.00,131.00,69.00,6.6818,-1,-1,-1
1526,13,1606.00,1016.00,102.00,69.00,7.4866,-1,-1,-1
1526,9,2011.00,807.00,129.00,68.00,6.6905,-1,-1,-1
1527,13,1609.00,1015.00,97.00,69.00,7.5029,-1,-1,-1
1527,9,2012.00,807.00,124.00,68.00,6.7124,-1,-1,-1
1528,13,1606.00,1017.00,96.00,67.00,7.4883,-1,-1,-1
1528,9,2007.00,809.00,127.00,67.00,6.8250,-1,-1,-1
1529,13,1608.00,1018.00,91.00,65.00,7.4824,-1,-1,-1
1529,9,2002.00,806.00,131.00,70.00,6.9117,-1,-1,-1
1530,13,1601.00,1017.00,98.00,68.00,7.5129,-1,-1,-1
1530,9,2000.00,805.00,133.00,69.00,7.0113,-1,-1,-1
1531,13,1601.00,1016.00,98.00,68.00,7.5430,-1,-1,-1
1531,9,2000.00,803.00,132.00,71.00,7.0748,-1,-1,-1
1532,13,1599.00,1017.00,95.00,67.00,7.5227,-1,-1,-1
1532,9,2000.00,802.00,131.00,73.00,7.0691,-1,-1,-1
1533,13,1599.00,1014.00,96.00,71.00,7.4998,-1,-1,-1
1533,9,1999.00,802.00,132.00,72.00,6.9584,-1,-1,-1
1534,13,1599.00,1015.00,95.00,67.00,7.4880,-1,-1,-1
1534,9,1994.00,804.00,135.00,68.00,6.8953,-1,-1,-1
1535,13,1600.00,1014.00,93.00,68.00,7.4472,-1,-1,-1
1535,9,1994.00,805.00,133.00,66.00,6.8382,-1,-1,-1
1536,13,1597.00,1011.00,102.00,70.00,7.3921,-1,-1,-1
1536,9,1995.00,804.00,132.00,67.00,6.7733,-1,-1,-1
1537,13,1597.00,1008.00,101.00,72.00,7.3266,-1,-1,-1
1537,9,1998.00,804.00,128.00,67.00,6.7197,-1,-1,-1
1538,13,1595.00,1006.00,103.00,75.00,7.3092,-1,-1,-1
1538,9,1997.00,804.00,129.00,66.00,6.6918,-1,-1,-1
1539,13,1593.00,1006.00,105.00,75.00,7.2973,-1,-1,-1
1539,9,1995.00,806.00,130.00,64.00,6.6968,-1,-1,-1
1540,13,1595.00,1004.00,102.00,75.00,7.3057,-1,-1,-1
1540,9,1993.00,804.00,133.00,66.00,6.7613,-1,-1,-1
1541,13,1595.00,1004.00,102.00,75.00,7.3244,-1,-1,-1
1541,9,1992.00,804.00,134.00,66.00,6.8210,-1,-1,-1
1542,13,1596.00,1003.00,99.00,74.00,7.3542,-1,-1,-1
1542,9,1990.00,803.00,137.00,67.00,6.8942,-1,-1,-1
1543,13,1594.00,1001.00,104.00,78.00,7.4146,-1,-1,-1
1543,9,1992.00,803.00,134.00,66.00,6.9375,-1,-1,-1
1544,13,1593.00,999.00,107.00,81.00,7.4667,-1,-1,-1
1544,9,1996.00,804.00,130.00,64.00,6.9319,-1,-1,-1
1545,13,1592.00,999.00,109.00,82.00,7.4928,-1,-1,-1
1545,9,2000.00,804.00,130.00,65.00,6.8452,-1,-1,-1
1546,13,1592.00,998.00,110.00,82.00,7.5111,-1,-1,-1
1546,9,1999.00,804.00,131.00,67.00,6.7502,-1,-1,-1
1547,13,1594.00,995.00,102.00,84.00,7.5473,-1,-1,-1
1547,9,2002.00,806.00,129.00,64.00,6.6671,-1,-1,-1
1548,13,1596.00,992.00,101.00,86.00,7.5817,-1,-1,-1
1548,9,1999.00,806.00,134.00,62.00,6.6035,-1,-1,-1
1549,13,1595.00,992.00,103.00,86.00,7.6188,-1,-1,-1
1549,9,1997.00,805.00,137.00,64.00,6.5709,-1,-1,-1
1550,13,1597.00,991.00,102.00,86.00,7.6463,-1,-1,-1
1550,9,2003.00,807.00,130.00,61.00,6.5367,-1,-1,-1
1551,13,1597.00,989.00,102.00,88.00,7.6684,-1,-1,-1
1551,9,2005.00,807.00,129.00,61.00,6.5302,-1,-1,-1
1552,13,1597.00,989.00,102.00,87.00,7.6810,-1,-1,-1
1552,9,2004.00,806.00,132.00,64.00,6.5283,-1,-1,-1
1553,13,1597.00,988.00,103.00,87.00,7.6880,-1,-1,-1
1553,9,2007.00,805.00,132.00,67.00,6.4554,-1,-1,-1
1554,13,1598.00,990.00,102.00,84.00,7.6868,-1,-1,-1
1554,9,2011.00,807.00,129.00,65.00,6.3938,-1,-1,-1
1555,13,1598.00,990.00,104.00,85.00,7.6952,-1,-1,-1
1555,9,2012.00,808.00,128.00,63.00,6.3392,-1,-1,-1
1556,13,1599.00,993.00,103.00,80.00,7.6727,-1,-1,-1
1556,9,2017.00,812.00,127.00,59.00,6.1298,-1,-1,-1
1557,13,1597.00,994.00,108.00,82.00,7.6500,-1,-1,-1
1557,9,2018.00,813.00,129.00,60.00,6.0461,-1,-1,-1
1558,13,1597.00,996.00,107.00,79.00,7.6482,-1,-1,-1
1558,9,2017.00,813.00,129.00,61.00,5.9878,-1,-1,-1
1559,13,1600.00,997.00,104.00,77.00,7.6368,-1,-1,-1
1559,9,2028.00,814.00,116.00,59.00,5.8343,-1,-1,-1
1560,13,1604.00,1001.00,100.00,72.00,7.6126,-1,-1,-1
1560,9,2029.00,817.00,118.00,57.00,5.8829,-1,-1,-1
1561,13,1602.00,1000.00,104.00,72.00,7.6216,-1,-1,-1
1561,9,2030.00,816.00,120.00,60.00,5.9854,-1,-1,-1
1562,13,1604.00,1000.00,104.00,74.00,7.6120,-1,-1,-1
1562,9,2028.00,817.00,122.00,60.00,6.1257,-1,-1,-1
1563,13,1603.00,1001.00,107.00,74.00,7.5787,-1,-1,-1
1563,9,2024.00,815.00,126.00,64.00,6.2760,-1,-1,-1
1564,13,1604.00,1003.00,104.00,72.00,7.5660,-1,-1,-1
1564,9,2025.00,814.00,125.00,67.00,6.4112,-1,-1,-1
1565,13,1604.00,1005.00,103.00,69.00,7.5436,-1,-1,-1
1565,9,2031.00,818.00,118.00,63.00,6.5379,-1,-1,-1
1566,13,1606.00,1009.00,100.00,65.00,7.5421,-1,-1,-1
1566,9,2029.00,817.00,120.00,66.00,6.6540,-1,-1,-1
1567,13,1603.00,1009.00,103.00,67.00,7.5380,-1,-1,-1
1567,9,2032.00,819.00,117.00,65.00,6.7488,-1,-1,-1
1568,13,1606.00,1010.00,100.00,68.00,7.5138,-1,-1,-1
1568,9,2035.00,819.00,114.00,68.00,6.7836,-1,-1,-1
1569,13,1609.00,1012.00,97.00,66.00,7.5278,-1,-1,-1
1569,9,2034.00,819.00,116.00,71.00,6.8575,-1,-1,-1
1570,13,1611.00,1014.00,93.00,65.00,7.5324,-1,-1,-1
1570,9,2033.00,823.00,120.00,71.00,6.9463,-1,-1,-1
1571,13,1610.00,1014.00,94.00,67.00,7.5303,-1,-1,-1
1571,9,2033.00,822.00,121.00,73.00,6.9104,-1,-1,-1
1572,13,1610.00,1014.00,97.00,69.00,7.5276,-1,-1,-1
1572,9,2033.00,824.00,123.00,70.00,6.9902,-1,-1,-1
1573,13,1610.00,1015.00,97.00,69.00,7.5061,-1,-1,-1
1573,9,2030.00,825.00,127.00,74.00,7.0416,-1,-1,-1
1574,13,1607.00,1014.00,101.00,74.00,7.4564,-1,-1,-1
1574,9,2038.00,826.00,119.00,76.00,7.0073,-1,-1,-1
1575,13,1608.00,1014.00,104.00,76.00,7.4822,-1,-1,-1
1575,9,2043.00,829.00,116.00,71.00,6.9873,-1,-1,-1
1576,13,1608.00,1014.00,105.00,78.00,7.4888,-1,-1,-1
1576,9,2039.00,830.00,122.00,74.00,7.0365,-1,-1,-1
1577,13,1607.00,1017.00,106.00,75.00,7.4984,-1,-1,-1
1577,9,2039.00,831.00,122.00,78.00,7.0473,-1,-1,-1
1578,13,1604.00,1017.00,112.00,77.00,7.4883,-1,-1,-1
1578,9,2038.00,832.00,128.00,82.00,6.9975,-1,-1,-1
1579,13,1610.00,1022.00,104.00,71.00,7.4766,-1,-1,-1
1579,9,2041.00,838.00,125.00,73.00,6.9018,-1,-1,-1
1580,13,1614.00,1023.00,100.00,70.00,7.5112,-1,-1,-1
1580,9,2045.00,843.00,118.00,69.00,6.7918,-1,-1,-1
1581,13,1613.00,1026.00,101.00,69.00,7.5394,-1,-1,-1
1581,9,2046.00,846.00,116.00,69.00,6.7142,-1,-1,-1
1582,13,1613.00,1028.00,101.00,67.00,7.5650,-1,-1,-1
1582,9,2045.00,845.00,121.00,76.00,6.7400,-1,-1,-1
1583,13,1614.00,1032.00,101.00,68.00,7.5427,-1,-1,-1
1583,9,2040.00,844.00,130.00,79.00,6.8358,-1,-1,-1
1584,13,1615.00,1034.00,99.00,68.00,7.5088,-1,-1,-1
1584,9,2041.00,848.00,123.00,74.00,6.8480,-1,-1,-1
1585,13,1613.00,1034.00,100.00,71.00,7.5179,-1,-1,-1
1585,9,2038.00,850.00,128.00,75.00,6.8263,-1,-1,-1
1586,13,1608.00,1035.00,105.00,75.00,7.5444,-1,-1,-1
1586,9,2043.00,857.00,123.00,71.00,6.8631,-1,-1,-1
1587,13,1611.00,1038.00,101.00,72.00,7.5756,-1,-1,-1
1587,9,2042.00,858.00,125.00,75.00,6.9511,-1,-1,-1
1588,13,1614.00,1039.00,99.00,71.00,7.5751,-1,-1,-1
1588,9,2043.00,861.00,127.00,72.00,7.0032,-1,-1,-1
1589,13,1612.00,1040.00,103.00,73.00,7.5701,-1,-1,-1
1589,9,2041.00,864.00,127.00,71.00,6.9595,-1,-1,-1
1590,13,1613.00,1042.00,103.00,75.00,7.5596,-1,-1,-1
1590,9,2042.00,870.00,123.00,68.00,6.7700,-1,-1,-1
1591,13,1611.00,1043.00,108.00,78.00,7.5826,-1,-1,-1
1591,9,2043.00,875.00,123.00,67.00,6.4919,-1,-1,-1
1592,13,1614.00,1046.00,106.00,76.00,7.6292,-1,-1,-1
1592,9,2043.00,874.00,129.00,72.00,6.4074,-1,-1,-1
1593,13,1611.00,1051.00,109.00,73.00,7.5829,-1,-1,-1
1593,9,2043.00,877.00,127.00,71.00,6.3291,-1,-1,-1
1594,13,1615.00,1058.00,102.00,68.00,7.4910,-1,-1,-1
1594,9,2046.00,885.00,124.00,68.00,6.3510,-1,-1,-1
1595,13,1617.00,1061.00,99.00,69.00,7.5035,-1,-1,-1
1595,9,2046.00,883.00,128.00,75.00,6.4426,-1,-1,-1
1596,13,1616.00,1061.00,103.00,71.00,7.5606,-1,-1,-1
1596,9,2042.00,888.00,133.00,72.00,6.4948,-1,-1,-1
1597,13,1617.00,1066.00,104.00,70.00,7.6262,-1,-1,-1
1597,9,2043.00,890.00,134.00,74.00,6.4222,-1,-1,-1
1598,13,1618.00,1067.00,103.00,71.00,7.6482,-1,-1,-1
1598,9,2045.00,892.00,130.00,79.00,6.4467,-1,-1,-1
1599,13,1619.00,1071.00,100.00,68.00,7.6285,-1,-1,-1
1599,9,2041.00,901.00,131.00,72.00,6.4858,-1,-1,-1
1600,13,1616.00,1073.00,105.00,71.00,7.6474,-1,-1,-1
1600,9,2044.00,908.00,125.00,67.00,6.4614,-1,-1,-1
1601,13,1621.00,1079.00,97.00,66.00,7.5625,-1,-1,-1
1601,9,2051.00,911.00,126.00,70.00,6.5595,-1,-1,-1
1602,13,1617.00,1082.00,104.00,69.00,7.4578,-1,-1,-1
1602,9,2050.00,914.00,126.00,71.00,6.6319,-1,-1,-1
1603,13,1616.00,1083.00,97.00,77.00,7.4967,-1,-1,-1
1603,9,2057.00,914.00,121.00,75.00,6.5647,-1,-1,-1
1604,13,1608.00,1090.00,101.00,70.00,7.4115,-1,-1,-1
1604,9,2047.00,916.00,129.00,81.00,6.4281,-1,-1,-1
1605,13,1614.00,1092.00,96.00,74.00,7.3007,-1,-1,-1
1605,9,2044.00,916.00,130.00,85.00,6.2221,-1,-1,-1
1606,13,1608.00,1099.00,103.00,71.00,7.2355,-1,-1,-1
1606,9,2055.00,926.00,122.00,80.00,6.1540,-1,-1,-1
1607,13,1607.00,1098.00,101.00,72.00,7.1317,-1,-1,-1
1607,9,2053.00,931.00,123.00,79.00,6.2205,-1,-1,-1
1608,13,1611.00,1103.00,94.00,73.00,7.1796,-1,-1,-1
1608,9,2059.00,934.00,118.00,81.00,6.2216,-1,-1,-1
1609,13,1609.00,1108.00,99.00,68.00,7.2387,-1,-1,-1
1609,9,2049.00,935.00,128.00,87.00,6.2342,-1,-1,-1
1610,13,1608.00,1111.00,101.00,66.00,7.2818,-1,-1,-1
1610,9,2043.00,932.00,133.00,97.00,6.1768,-1,-1,-1
1611,13,1611.00,1116.00,96.00,62.00,7.1783,-1,-1,-1
1611,9,2049.00,942.00,125.00,91.00,6.1086,-1,-1,-1
1612,13,1603.00,1119.00,107.00,67.00,7.0147,-1,-1,-1
1612,9,2054.00,947.00,120.00,91.00,6.1451,-1,-1,-1
1613,13,1601.00,1125.00,107.00,65.00,7.0081,-1,-1,-1
1613,9,2046.00,947.00,127.00,94.00,6.2494,-1,-1,-1
1614,13,1603.00,1127.00,104.00,61.00,6.9704,-1,-1,-1
1614,9,2059.00,952.00,114.00,96.00,6.3239,-1,-1,-1
1615,13,1597.00,1129.00,111.00,62.00,6.9066,-1,-1,-1
1615,9,2047.00,953.00,125.00,95.00,6.4263,-1,-1,-1
1616,13,1594.00,1129.00,116.00,65.00,6.8837,-1,-1,-1
1616,9,2050.00,963.00,123.00,80.00,6.4161,-1,-1,-1
1617,13,1595.00,1131.00,112.00,66.00,6.8992,-1,-1,-1
1617,9,2044.00,963.00,130.00,91.00,6.4045,-1,-1,-1
1618,13,1601.00,1133.00,102.00,64.00,6.9426,-1,-1,-1
1618,9,2044.00,965.00,129.00,93.00,6.4719,-1,-1,-1
1619,13,1604.00,1135.00,102.00,66.00,6.9900,-1,-1,-1
1619,9,2042.00,968.00,128.00,90.00,6.5680,-1,-1,-1
1620,13,1600.00,1139.00,107.00,67.00,7.0338,-1,-1,-1
1620,9,2042.00,976.00,128.00,80.00,6.6267,-1,-1,-1
1621,13,1603.00,1139.00,105.00,66.00,6.9960,-1,-1,-1
1621,9,2040.00,977.00,128.00,79.00,6.7048,-1,-1,-1
1622,13,1603.00,1143.00,102.00,64.00,6.9503,-1,-1,-1
1622,9,2036.00,980.00,134.00,80.00,6.7512,-1,-1,-1
1623,13,1597.00,1144.00,108.00,68.00,7.0096,-1,-1,-1
1623,9,2034.00,984.00,136.00,80.00,6.7786,-1,-1,-1
1624,13,1598.00,1148.00,105.00,68.00,7.0434,-1,-1,-1
1624,9,2033.00,984.00,136.00,83.00,6.8661,-1,-1,-1
1625,13,1598.00,1149.00,102.00,67.00,7.0221,-1,-1,-1
1625,9,2036.00,987.00,132.00,83.00,6.9337,-1,-1,-1
1626,13,1596.00,1153.00,104.00,64.00,6.9925,-1,-1,-1
1626,9,2036.00,995.00,134.00,79.00,6.8316,-1,-1,-1
1627,13,1602.00,1157.00,94.00,62.00,6.9373,-1,-1,-1
1627,9,2046.00,1004.00,120.00,70.00,6.7443,-1,-1,-1
1628,13,1601.00,1159.00,95.00,63.00,6.9811,-1,-1,-1
1628,9,2036.00,1006.00,131.00,71.00,6.6644,-1,-1,-1
1629,13,1601.00,1162.00,90.00,61.00,7.0434,-1,-1,-1
1629,9,2030.00,1003.00,141.00,78.00,6.7693,-1,-1,-1
1630,13,1600.00,1164.00,92.00,63.00,7.1449,-1,-1,-1
1630,9,2031.00,1002.00,139.00,81.00,6.8608,-1,-1,-1
1631,13,1598.00,1167.00,95.00,62.00,7.2089,-1,-1,-1
1631,9,2032.00,1004.00,138.00,81.00,6.9348,-1,-1,-1
1632,13,1595.00,1168.00,96.00,64.00,7.2648,-1,-1,-1
1632,9,2029.00,1004.00,143.00,83.00,6.9718,-1,-1,-1
1633,13,1598.00,1167.00,96.00,66.00,7.3290,-1,-1,-1
1633,9,2034.00,1014.00,138.00,76.00,7.0040,-1,-1,-1
1634,13,1602.00,1169.00,91.00,63.00,7.3784,-1,-1,-1
1634,9,2034.00,1009.00,138.00,83.00,7.0964,-1,-1,-1
1635,13,1602.00,1167.00,94.00,66.00,7.4211,-1,-1,-1
1635,9,2032.00,1015.00,141.00,81.00,7.1185,-1,-1,-1
1636,13,1603.00,1166.00,96.00,68.00,7.4259,-1,-1,-1
1636,9,2041.00,1014.00,130.00,78.00,6.9530,-1,-1,-1
1637,13,1601.00,1167.00,100.00,71.00,7.4382,-1,-1,-1
1637,9,2038.00,1015.00,137.00,81.00,6.8167,-1,-1,-1
1638,13,1601.00,1169.00,105.00,69.00,7.3939,-1,-1,-1
1638,9,2037.00,1013.00,141.00,83.00,6.6416,-1,-1,-1
1639,13,1600.00,1168.00,108.00,70.00,7.3401,-1,-1,-1
1639,9,2047.00,1021.00,132.00,77.00,6.4496,-1,-1,-1
1640,13,1599.00,1168.00,109.00,70.00,7.2886,-1,-1,-1
1640,9,2052.00,1022.00,126.00,74.00,6.4109,-1,-1,-1
1641,13,1597.00,1167.00,112.00,71.00,7.2654,-1,-1,-1
1641,9,2056.00,1027.00,124.00,71.00,6.3989,-1,-1,-1
1642,13,1598.00,1167.00,111.00,72.00,7.2593,-1,-1,-1
1642,9,2056.00,1027.00,127.00,74.00,6.4258,-1,-1,-1
1643,13,1598.00,1168.00,110.00,71.00,7.2597,-1,-1,-1
1643,9,2055.00,1026.00,128.00,77.00,6.4916,-1,-1,-1
1644,13,1600.00,1164.00,109.00,70.00,7.2183,-1,-1,-1
1644,9,2057.00,1028.00,127.00,75.00,6.5569,-1,-1,-1
1645,13,1600.00,1164.00,110.00,70.00,7.1792,-1,-1,-1
1645,9,2056.00,1027.00,128.00,77.00,6.6032,-1,-1,-1
1646,13,1604.00,1161.00,107.00,70.00,7.1583,-1,-1,-1
1646,9,2060.00,1030.00,124.00,72.00,6.5959,-1,-1,-1
1647,13,1605.00,1159.00,107.00,70.00,7.2047,-1,-1,-1
1647,9,2062.00,1029.00,123.00,73.00,6.6003,-1,-1,-1
1648,13,1605.00,1158.00,109.00,71.00,7.2411,-1,-1,-1
1648,9,2059.00,1029.00,129.00,71.00,6.5953,-1,-1,-1
1649,13,1609.00,1159.00,103.00,67.00,7.3058,-1,-1,-1
1649,9,2061.00,1031.00,126.00,69.00,6.5792,-1,-1,-1
1650,13,1611.00,1161.00,103.00,65.00,7.3534,-1,-1,-1
1650,9,2058.00,1028.00,130.00,73.00,6.6364,-1,-1,-1
1651,13,1612.00,1161.00,105.00,64.00,7.3690,-1,-1,-1
1651,9,2061.00,1028.00,132.00,73.00,6.6122,-1,-1,-1
1652,13,1612.00,1163.00,105.00,63.00,7.3907,-1,-1,-1
1652,9,2063.00,1028.00,131.00,74.00,6.6088,-1,-1,-1
1653,13,1613.00,1162.00,105.00,65.00,7.4330,-1,-1,-1
1653,9,2061.00,1026.00,135.00,78.00,6.6275,-1,-1,-1
1654,13,1616.00,1163.00,100.00,64.00,7.4770,-1,-1,-1
1654,9,2064.00,1030.00,135.00,74.00,6.5349,-1,-1,-1
1655,13,1616.00,1164.00,98.00,64.00,7.4892,-1,-1,-1
1655,9,2063.00,1031.00,135.00,72.00,6.4222,-1,-1,-1
1656,13,1616.00,1163.00,99.00,65.00,7.4894,-1,-1,-1
1656,9,2074.00,1036.00,123.00,67.00,6.2328,-1,-1,-1
1657,13,1617.00,1163.00,100.00,64.00,7.4980,-1,-1,-1
1657,9,2071.00,1036.00,127.00,67.00,6.1055,-1,-1,-1
1658,13,1619.00,1159.00,99.00,67.00,7.4920,-1,-1,-1
1658,9,2073.00,1037.00,127.00,66.00,6.0909,-1,-1,-1
1659,13,1619.00,1157.00,101.00,69.00,7.4319,-1,-1,-1
1659,9,2085.00,1039.00,113.00,62.00,6.0129,-1,-1,-1
1660,13,1620.00,1157.00,102.00,68.00,7.3771,-1,-1,-1
1660,9,2075.00,1039.00,125.00,64.00,5.9581,-1,-1,-1
1661,13,1619.00,1152.00,110.00,70.00,7.3645,-1,-1,-1
1661,9,2075.00,1039.00,124.00,63.00,5.8533,-1,-1,-1
1662,13,1620.00,1155.00,106.00,67.00,7.3102,-1,-1,-1
1662,9,2076.00,1040.00,126.00,62.00,5.9086,-1,-1,-1
1663,13,1618.00,1153.00,113.00,68.00,7.3160,-1,-1,-1
1663,9,2072.00,1040.00,132.00,63.00,6.0164,-1,-1,-1
1664,13,1620.00,1155.00,110.00,67.00,7.3267,-1,-1,-1
1664,9,2078.00,1041.00,126.00,60.00,6.0468,-1,-1,-1
1665,13,1619.00,1157.00,108.00,64.00,7.3336,-1,-1,-1
1665,9,2076.00,1040.00,131.00,62.00,6.1104,-1,-1,-1
1666,13,1618.00,1154.00,113.00,65.00,7.3868,-1,-1,-1
1666,9,2083.00,1040.00,126.00,61.00,6.1361,-1,-1,-1
1667,13,1619.00,1155.00,112.00,63.00,7.4253,-1,-1,-1
1667,9,2086.00,1041.00,121.00,60.00,6.1444,-1,-1,-1
1668,13,1620.00,1156.00,111.00,60.00,7.4630,-1,-1,-1
1668,9,2084.00,1040.00,123.00,62.00,6.1862,-1,-1,-1
1669,13,1621.00,1156.00,109.00,58.00,7.4907,-1,-1,-1
1669,9,2085.00,1039.00,124.00,63.00,6.2245,-1,-1,-1
1670,13,1627.00,1155.00,103.00,57.00,7.3792,-1,-1,-1
1670,9,2083.00,1039.00,128.00,63.00,6.2884,-1,-1,-1
1671,13,1625.00,1155.00,106.00,58.00,7.3054,-1,-1,-1
1671,9,2087.00,1039.00,125.00,63.00,6.3241,-1,-1,-1
1672,13,1625.00,1155.00,108.00,59.00,7.2576,-1,-1,-1
1672,9,2089.00,1039.00,123.00,63.00,6.3470,-1,-1,-1
1673,13,1627.00,1154.00,109.00,58.00,7.1415,-1,-1,-1
1673,9,2093.00,1040.00,118.00,63.00,6.3528,-1,-1,-1
1674,13,1631.00,1152.00,101.00,59.00,7.0006,-1,-1,-1
1674,9,2094.00,1039.00,117.00,64.00,6.3770,-1,-1,-1
1675,13,1621.00,1154.00,116.00,60.00,6.9666,-1,-1,-1
1675,9,2094.00,1040.00,118.00,64.00,6.4100,-1,-1,-1
1676,13,1624.00,1153.00,112.00,58.00,6.9890,-1,-1,-1
1676,9,2090.00,1040.00,124.00,65.00,6.4156,-1,-1,-1
1677,13,1626.00,1153.00,110.00,57.00,7.0221,-1,-1,-1
1677,9,2087.00,1040.00,128.00,67.00,6.4384,-1,-1,-1
1678,13,1624.00,1153.00,111.00,57.00,7.0888,-1,-1,-1
1678,9,2086.00,1039.00,128.00,67.00,6.4417,-1,-1,-1
1679,13,1623.00,1151.00,114.00,59.00,7.1397,-1,-1,-1
1679,9,2087.00,1042.00,126.00,64.00,6.4812,-1,-1,-1
1680,13,1622.00,1151.00,112.00,59.00,7.1429,-1,-1,-1
1680,9,2089.00,1041.00,125.00,65.00,6.5020,-1,-1,-1
1681,13,1617.00,1149.00,117.00,62.00,7.1991,-1,-1,-1
1681,9,2086.00,1043.00,128.00,63.00,6.4996,-1,-1,-1
1682,13,1617.00,1149.00,113.00,60.00,7.1706,-1,-1,-1
1682,9,2086.00,1044.00,128.00,61.00,6.4693,-1,-1,-1
1683,13,1616.00,1149.00,115.00,61.00,7.2348,-1,-1,-1
1683,9,2089.00,1044.00,125.00,62.00,6.4211,-1,-1,-1
1684,13,1617.00,1149.00,112.00,60.00,7.2090,-1,-1,-1
1684,9,2090.00,1042.00,120.00,64.00,6.4107,-1,-1,-1
1685,13,1619.00,1146.00,108.00,60.00,7.0860,-1,-1,-1
1685,9,2087.00,1039.00,122.00,67.00,6.4343,-1,-1,-1
1686,13,1619.00,1147.00,103.00,56.00,7.0355,-1,-1,-1
1686,9,2082.00,1038.00,127.00,71.00,6.4761,-1,-1,-1
1687,13,1615.00,1145.00,107.00,61.00,7.0281,-1,-1,-1
1687,9,2077.00,1038.00,130.00,74.00,6.5638,-1,-1,-1
1688,13,1612.00,1146.00,106.00,56.00,6.9799,-1,-1,-1
1688,9,2076.00,1037.00,131.00,76.00,6.6956,-1,-1,-1
1689,13,1613.00,1146.00,102.00,57.00,6.9010,-1,-1,-1
1689,9,2077.00,1037.00,129.00,75.00,6.7211,-1,-1,-1
1690,13,1607.00,1144.00,112.00,59.00,6.9364,-1,-1,-1
1690,9,2074.00,1035.00,131.00,79.00,6.7625,-1,-1,-1
1691,13,1607.00,1144.00,113.00,58.00,6.9669,-1,-1,-1
1691,9,2078.00,1035.00,126.00,78.00,6.7745,-1,-1,-1
1692,13,1604.00,1143.00,115.00,61.00,7.0170,-1,-1,-1
1692,9,2075.00,1035.00,128.00,77.00,6.7944,-1,-1,-1
1693,13,1607.00,1142.00,114.00,60.00,7.1155,-1,-1,-1
1693,9,2075.00,1034.00,127.00,80.00,6.8246,-1,-1,-1
1694,13,1604.00,1141.00,115.00,62.00,7.1689,-1,-1,-1
1694,9,2073.00,1034.00,127.00,81.00,6.8195,-1,-1,-1
1695,13,1603.00,1140.00,115.00,61.00,7.2013,-1,-1,-1
1695,9,2075.00,1032.00,124.00,85.00,6.8298,-1,-1,-1
1696,13,1598.00,1142.00,114.00,60.00,7.1618,-1,-1,-1
1696,9,2068.00,1033.00,127.00,83.00,6.8241,-1,-1,-1
1697,13,1597.00,1143.00,115.00,57.00,7.1393,-1,-1,-1
1697,9,2063.00,1031.00,132.00,84.00,6.8643,-1,-1,-1
1698,13,1593.00,1142.00,119.00,58.00,7.1244,-1,-1,-1
1698,9,2059.00,1030.00,135.00,85.00,6.9442,-1,-1,-1
1699,13,1593.00,1138.00,119.00,59.00,7.1067,-1,-1,-1
1699,9,2061.00,1032.00,131.00,81.00,6.9255,-1,-1,-1
1700,13,1593.00,1135.00,119.00,60.00,7.1594,-1,-1,-1
1700,9,2057.00,1031.00,132.00,80.00,6.9521,-1,-1,-1
1701,13,1590.00,1135.00,121.00,61.00,7.1937,-1,-1,-1
1701,9,2055.00,1032.00,133.00,79.00,7.0072,-1,-1,-1
1702,13,1589.00,1133.00,123.00,61.00,7.2280,-1,-1,-1
1702,9,2052.00,1033.00,134.00,79.00,7.0473,-1,-1,-1
1703,13,1588.00,1136.00,115.00,57.00,7.2100,-1,-1,-1
1703,9,2047.00,1029.00,135.00,84.00,7.1043,-1,-1,-1
1704,13,1582.00,1138.00,115.00,55.00,7.1735,-1,-1,-1
1704,9,2045.00,1028.00,135.00,84.00,7.1620,-1,-1,-1
1705,13,1583.00,1138.00,108.00,54.00,7.1347,-1,-1,-1
1705,9,2042.00,1032.00,137.00,81.00,7.1240,-1,-1,-1
1706,9,2043.00,1033.00,134.00,81.00,7.0649,-1,-1,-1
1706,13,1580.00,1138.00,109.00,52.00,7.0176,-1,-1,-1
1707,9,2038.00,1031.00,135.00,84.00,7.0764,-1,-1,-1
1707,13,1573.00,1137.00,114.00,55.00,7.0062,-1,-1,-1
1708,9,2035.00,1031.00,136.00,84.00,7.0706,-1,-1,-1
1708,13,1571.00,1139.00,111.00,53.00,7.0678,-1,-1,-1
1709,9,2033.00,1033.00,132.00,81.00,7.0357,-1,-1,-1
1709,13,1567.00,1138.00,109.00,54.00,6.9763,-1,-1,-1
1710,13,1569.00,1138.00,108.00,54.00,7.0106,-1,-1,-1
1710,9,2032.00,1033.00,131.00,81.00,6.9800,-1,-1,-1
1711,13,1569.00,1134.00,111.00,56.00,7.0107,-1,-1,-1
1711,9,2024.00,1033.00,138.00,84.00,6.9660,-1,-1,-1
1712,13,1567.00,1136.00,104.00,54.00,6.9361,-1,-1,-1
1712,9,2024.00,1039.00,132.00,79.00,6.8826,-1,-1,-1
1713,13,1560.00,1135.00,115.00,56.00,6.9209,-1,-1,-1
1713,9,2016.00,1031.00,138.00,88.00,6.8393,-1,-1,-1
1714,13,1559.00,1133.00,110.00,57.00,6.9890,-1,-1,-1
1714,9,2016.00,1032.00,136.00,89.00,6.8243,-1,-1,-1
1715,13,1548.00,1130.00,120.00,62.00,7.0187,-1,-1,-1
1715,9,2013.00,1033.00,136.00,88.00,6.7616,-1,-1,-1
1716,13,1545.00,1132.00,121.00,59.00,7.1005,-1,-1,-1
1716,9,2010.00,1034.00,134.00,87.00,6.8153,-1,-1,-1
1717,13,1538.00,1130.00,126.00,63.00,7.2055,-1,-1,-1
1717,9,2007.00,1037.00,134.00,84.00,6.8010,-1,-1,-1
1718,13,1541.00,1133.00,113.00,60.00,7.1829,-1,-1,-1
1718,9,1998.00,1031.00,141.00,92.00,6.7435,-1,-1,-1
1719,13,1536.00,1131.00,115.00,61.00,7.2575,-1,-1,-1
1719,9,2001.00,1033.00,135.00,90.00,6.6914,-1,-1,-1
1720,13,1530.00,1129.00,118.00,62.00,7.3599,-1,-1,-1
1720,9,1996.00,1034.00,134.00,90.00,6.5738,-1,-1,-1
1721,13,1527.00,1132.00,115.00,59.00,7.3229,-1,-1,-1
1721,9,1995.00,1044.00,130.00,82.00,6.6001,-1,-1,-1
1722,13,1519.00,1129.00,126.00,63.00,7.3536,-1,-1,-1
1722,9,1993.00,1040.00,130.00,83.00,6.6208,-1,-1,-1
1723,13,1518.00,1127.00,121.00,62.00,7.4471,-1,-1,-1
1723,9,1990.00,1042.00,128.00,81.00,6.6857,-1,-1,-1
1724,13,1516.00,1128.00,115.00,61.00,7.4866,-1,-1,-1
1724,9,1981.00,1045.00,133.00,79.00,6.7768,-1,-1,-1
1725,13,1517.00,1130.00,111.00,57.00,7.4461,-1,-1,-1
1725,9,1978.00,1047.00,136.00,76.00,6.8856,-1,-1,-1
1726,13,1506.00,1128.00,119.00,59.00,7.4408,-1,-1,-1
1726,9,1974.00,1048.00,133.00,75.00,6.9440,-1,-1,-1
1727,13,1501.00,1129.00,121.00,59.00,7.3101,-1,-1,-1
1727,9,1971.00,1046.00,131.00,80.00,6.9839,-1,-1,-1
1728,13,1498.00,1131.00,117.00,55.00,7.3357,-1,-1,-1
1728,9,1965.00,1047.00,134.00,77.00,7.0697,-1,-1,-1
1729,13,1500.00,1132.00,110.00,54.00,7.3505,-1,-1,-1
1729,9,1962.00,1048.00,135.00,77.00,7.1406,-1,-1,-1
1730,13,1496.00,1131.00,107.00,54.00,7.2909,-1,-1,-1
1730,9,1958.00,1048.00,133.00,76.00,7.2169,-1,-1,-1
1731,9,1952.00,1051.00,134.00,75.00,7.3006,-1,-1,-1
1731,13,1495.00,1131.00,106.00,52.00,7.1344,-1,-1,-1
1732,9,1949.00,1049.00,133.00,74.00,7.3286,-1,-1,-1
1732,13,1485.00,1131.00,111.00,53.00,7.1399,-1,-1,-1
1733,9,1944.00,1049.00,134.00,74.00,7.3765,-1,-1,-1
1733,13,1475.00,1130.00,118.00,55.00,7.0548,-1,-1,-1
1734,9,1938.00,1051.00,138.00,74.00,7.4472,-1,-1,-1
1734,13,1473.00,1129.00,114.00,54.00,7.1151,-1,-1,-1
1735,9,1937.00,1051.00,132.00,70.00,7.4895,-1,-1,-1
1735,13,1473.00,1128.00,109.00,56.00,7.1729,-1,-1,-1
1736,9,1934.00,1050.00,132.00,70.00,7.4953,-1,-1,-1
1736,13,1463.00,1128.00,114.00,55.00,7.1550,-1,-1,-1
1737,9,1928.00,1049.00,136.00,71.00,7.5250,-1,-1,-1
1737,13,1463.00,1128.00,107.00,54.00,7.1694,-1,-1,-1
1738,9,1927.00,1050.00,131.00,69.00,7.4343,-1,-1,-1
1738,13,1458.00,1127.00,109.00,56.00,7.0790,-1,-1,-1
1739,9,1919.00,1049.00,136.00,70.00,7.4088,-1,-1,-1
1739,13,1447.00,1126.00,117.00,58.00,7.1501,-1,-1,-1
1740,9,1916.00,1050.00,136.00,69.00,7.3972,-1,-1,-1
1740,13,1449.00,1127.00,107.00,56.00,7.1824,-1,-1,-1
1741,9,1919.00,1051.00,129.00,67.00,7.4073,-1,-1,-1
1741,13,1446.00,1126.00,108.00,56.00,7.1850,-1,-1,-1
1742,9,1916.00,1048.00,126.00,67.00,7.3555,-1,-1,-1
1742,13,1440.00,1126.00,110.00,56.00,7.2025,-1,-1,-1
1743,9,1909.00,1045.00,130.00,72.00,7.3013,-1,-1,-1
1743,13,1434.00,1124.00,114.00,58.00,7.1435,-1,-1,-1
1744,9,1902.00,1046.00,134.00,71.00,7.1405,-1,-1,-1
1744,13,1427.00,1125.00,119.00,56.00,6.9939,-1,-1,-1
1745,9,1898.00,1047.00,132.00,70.00,7.0798,-1,-1,-1
1745,13,1421.00,1122.00,129.00,57.00,6.9482,-1,-1,-1
1746,9,1890.00,1044.00,136.00,74.00,7.1101,-1,-1,-1
1746,13,1420.00,1121.00,127.00,57.00,7.0098,-1,-1,-1
1747,9,1887.00,1050.00,133.00,68.00,7.1329,-1,-1,-1
1747,13,1413.00,1119.00,130.00,63.00,7.0316,-1,-1,-1
1748,9,1879.00,1050.00,135.00,70.00,7.1822,-1,-1,-1
1748,13,1410.00,1120.00,128.00,59.00,7.0557,-1,-1,-1
1749,9,1875.00,1048.00,134.00,74.00,7.2020,-1,-1,-1
1749,13,1411.00,1121.00,120.00,57.00,7.0507,-1,-1,-1
1750,9,1871.00,1051.00,132.00,71.00,7.2492,-1,-1,-1
1750,13,1404.00,1122.00,116.00,57.00,6.9012,-1,-1,-1
1751,9,1862.00,1047.00,139.00,75.00,7.2520,-1,-1,-1
1751,13,1395.00,1120.00,126.00,59.00,6.9372,-1,-1,-1
1752,9,1861.00,1052.00,131.00,70.00,7.2597,-1,-1,-1
1752,13,1395.00,1123.00,113.00,55.00,6.9185,-1,-1,-1
1753,9,1856.00,1049.00,134.00,73.00,7.3110,-1,-1,-1
1753,13,1387.00,1121.00,115.00,57.00,6.9184,-1,-1,-1
1754,9,1855.00,1050.00,132.00,77.00,7.3045,-1,-1,-1
1754,13,1378.00,1120.00,121.00,57.00,6.8783,-1,-1,-1
1755,9,1854.00,1051.00,125.00,72.00,7.2714,-1,-1,-1
1755,13,1377.00,1122.00,114.00,54.00,7.0048,-1,-1,-1
1756,9,1845.00,1053.00,132.00,73.00,7.1848,-1,-1,-1
1756,13,1374.00,1124.00,106.00,51.00,7.0510,-1,-1,-1
1757,9,1836.00,1050.00,137.00,77.00,7.1791,-1,-1,-1
1757,13,1363.00,1121.00,116.00,55.00,7.1372,-1,-1,-1
1758,9,1832.00,1050.00,134.00,76.00,7.1745,-1,-1,-1
1758,13,1361.00,1121.00,111.00,53.00,7.0935,-1,-1,-1
1759,13,1353.00,1120.00,118.00,54.00,7.1797,-1,-1,-1
1759,9,1830.00,1048.00,133.00,78.00,7.1690,-1,-1,-1
1760,13,1349.00,1119.00,119.00,56.00,7.2685,-1,-1,-1
1760,9,1824.00,1051.00,133.00,73.00,7.2019,-1,-1,-1
1761,13,1340.00,1122.00,119.00,51.00,7.2678,-1,-1,-1
1761,9,1814.00,1045.00,136.00,81.00,7.2283,-1,-1,-1
1762,13,1339.00,1122.00,116.00,51.00,7.2690,-1,-1,-1
1762,9,1822.00,1051.00,124.00,72.00,7.2190,-1,-1,-1
1763,9,1810.00,1052.00,132.00,73.00,7.2416,-1,-1,-1
1763,13,1341.00,1121.00,104.00,51.00,7.0575,-1,-1,-1
1764,9,1807.00,1051.00,130.00,75.00,7.2695,-1,-1,-1
1764,13,1331.00,1122.00,115.00,49.00,7.0123,-1,-1,-1
1765,9,1808.00,1055.00,123.00,70.00,7.2378,-1,-1,-1
1765,13,1325.00,1120.00,112.00,52.00,7.0703,-1,-1,-1
1766,9,1800.00,1054.00,128.00,72.00,7.2218,-1,-1,-1
1766,13,1315.00,1119.00,122.00,53.00,7.1455,-1,-1,-1
1767,13,1309.00,1117.00,121.00,59.00,7.1732,-1,-1,-1
1767,9,1795.00,1053.00,132.00,73.00,7.1533,-1,-1,-1
1768,9,1785.00,1053.00,133.00,76.00,7.2046,-1,-1,-1
1768,13,1302.00,1120.00,124.00,55.00,7.1706,-1,-1,-1
1769,9,1782.00,1055.00,131.00,76.00,7.2391,-1,-1,-1
1769,13,1299.00,1118.00,115.00,60.00,7.2203,-1,-1,-1
1770,13,1290.00,1117.00,122.00,57.00,7.2608,-1,-1,-1
1770,9,1778.00,1055.00,130.00,75.00,7.2534,-1,-1,-1
1771,13,1291.00,1118.00,112.00,55.00,7.3036,-1,-1,-1
1771,9,1773.00,1054.00,132.00,81.00,7.2452,-1,-1,-1
1772,9,1769.00,1053.00,133.00,79.00,7.2497,-1,-1,-1
1772,13,1283.00,1121.00,118.00,52.00,7.1508,-1,-1,-1
1773,9,1762.00,1054.00,134.00,80.00,7.2927,-1,-1,-1
1773,13,1282.00,1118.00,114.00,53.00,7.2441,-1,-1,-1
1774,9,1758.00,1052.00,134.00,84.00,7.3136,-1,-1,-1
1774,13,1281.00,1117.00,113.00,56.00,7.3089,-1,-1,-1
1775,9,1755.00,1051.00,134.00,84.00,7.3424,-1,-1,-1
1775,13,1277.00,1117.00,109.00,55.00,7.3191,-1,-1,-1
1776,13,1270.00,1122.00,103.00,53.00,7.3935,-1,-1,-1
1776,9,1750.00,1054.00,134.00,84.00,7.3152,-1,-1,-1
1777,9,1744.00,1054.00,132.00,81.00,7.2903,-1,-1,-1
1777,13,1261.00,1126.00,103.00,53.00,4.9667,-1,-1,-1
1778,9,1740.00,1054.00,132.00,81.00,7.2911,-1,-1,-1
1778,13,1258.00,1120.00,108.00,55.00,5.4600,-1,-1,-1
1779,9,1738.00,1053.00,128.00,81.00,7.3080,-1,-1,-1
1779,13,1257.00,1114.00,114.00,55.00,5.7984,-1,-1,-1
1780,9,1737.00,1054.00,124.00,80.00,7.2874,-1,-1,-1
1780,13,1254.00,1113.00,115.00,60.00,6.0803,-1,-1,-1
1781,9,1735.00,1053.00,126.00,79.00,7.2805,-1,-1,-1
1781,13,1248.00,1115.00,117.00,58.00,6.2659,-1,-1,-1
1782,9,1730.00,1053.00,127.00,78.00,7.2570,-1,-1,-1
1782,13,1242.00,1115.00,121.00,57.00,6.4453,-1,-1,-1
1783,9,1731.00,1054.00,122.00,77.00,7.1551,-1,-1,-1
1783,13,1240.00,1114.00,118.00,59.00,6.6027,-1,-1,-1
1784,9,1724.00,1056.00,126.00,75.00,7.1633,-1,-1,-1
1784,13,1238.00,1117.00,112.00,56.00,6.6715,-1,-1,-1
1785,9,1721.00,1056.00,126.00,74.00,7.1691,-1,-1,-1
1785,13,1236.00,1115.00,117.00,56.00,6.7492,-1,-1,-1
1786,9,1720.00,1060.00,123.00,71.00,7.1706,-1,-1,-1
1786,13,1235.00,1115.00,117.00,55.00,6.7970,-1,-1,-1
1787,9,1714.00,1060.00,126.00,72.00,7.1769,-1,-1,-1
1787,13,1232.00,1117.00,117.00,51.00,6.8361,-1,-1,-1
1788,9,1714.00,1055.00,122.00,74.00,7.1847,-1,-1,-1
1788,13,1230.00,1114.00,118.00,55.00,6.8764,-1,-1,-1
1789,9,1710.00,1059.00,125.00,72.00,7.1947,-1,-1,-1
1789,13,1230.00,1115.00,118.00,54.00,6.9070,-1,-1,-1
1790,9,1706.00,1060.00,128.00,72.00,7.1904,-1,-1,-1
1790,13,1228.00,1116.00,116.00,52.00,6.9268,-1,-1,-1
1791,9,1702.00,1056.00,131.00,75.00,7.1564,-1,-1,-1
1791,13,1228.00,1116.00,116.00,52.00,6.9441,-1,-1,-1
1792,9,1701.00,1059.00,132.00,75.00,7.1739,-1,-1,-1
1792,13,1226.00,1115.00,116.00,54.00,6.9729,-1,-1,-1
1793,9,1699.00,1059.00,130.00,73.00,7.1623,-1,-1,-1
1793,13,1225.00,1114.00,116.00,54.00,7.0127,-1,-1,-1
1794,9,1695.00,1057.00,133.00,76.00,7.1963,-1,-1,-1
1794,13,1218.00,1111.00,123.00,58.00,7.0668,-1,-1,-1
1795,9,1693.00,1054.00,133.00,79.00,7.2248,-1,-1,-1
1795,13,1217.00,1108.00,125.00,59.00,7.1305,-1,-1,-1
1796,9,1692.00,1053.00,133.00,79.00,7.2757,-1,-1,-1
1796,13,1215.00,1109.00,126.00,58.00,7.2074,-1,-1,-1
1797,9,1688.00,1052.00,136.00,81.00,7.3226,-1,-1,-1
1797,13,1213.00,1108.00,128.00,62.00,7.2840,-1,-1,-1
1798,13,1210.00,1107.00,132.00,61.00,7.3526,-1,-1,-1
1798,9,1686.00,1054.00,138.00,81.00,7.3473,-1,-1,-1
1799,13,1207.00,1105.00,134.00,63.00,7.3931,-1,-1,-1
1799,9,1683.00,1055.00,140.00,81.00,7.3544,-1,-1,-1
1800,13,1214.00,1108.00,125.00,57.00,7.3934,-1,-1,-1
1800,9,1683.00,1050.00,141.00,87.00,7.3654,-1,-1,-1
1801,13,1216.00,1109.00,128.00,56.00,7.3444,-1,-1,-1
1801,9,1686.00,1056.00,136.00,81.00,7.3261,-1,-1,-1
1802,9,1682.00,1055.00,141.00,83.00,7.3135,-1,-1,-1
1802,13,1215.00,1108.00,127.00,55.00,7.2662,-1,-1,-1
1803,9,1686.00,1060.00,135.00,77.00,7.2563,-1,-1,-1
1803,13,1217.00,1110.00,121.00,52.00,7.1891,-1,-1,-1
1804,13,1215.00,1108.00,119.00,55.00,7.1932,-1,-1,-1
1804,9,1686.00,1062.00,135.00,74.00,7.1792,-1,-1,-1
1805,13,1211.00,1107.00,121.00,55.00,7.1060,-1,-1,-1
1805,9,1689.00,1066.00,131.00,70.00,7.1039,-1,-1,-1
1806,13,1214.00,1108.00,114.00,55.00,7.0580,-1,-1,-1
1806,9,1692.00,1070.00,129.00,65.00,6.9868,-1,-1,-1
1807,13,1208.00,1105.00,116.00,58.00,7.0070,-1,-1,-1
1807,9,1692.00,1071.00,129.00,65.00,6.8635,-1,-1,-1
1808,13,1212.00,1107.00,110.00,54.00,6.9561,-1,-1,-1
1808,9,1698.00,1074.00,125.00,62.00,6.7568,-1,-1,-1
1809,13,1210.00,1105.00,109.00,55.00,6.7899,-1,-1,-1
1809,9,1694.00,1072.00,130.00,64.00,6.7253,-1,-1,-1
1810,13,1210.00,1106.00,111.00,55.00,6.7823,-1,-1,-1
1810,9,1694.00,1071.00,132.00,67.00,6.7556,-1,-1,-1
1811,13,1218.00,1109.00,108.00,52.00,6.7855,-1,-1,-1
1811,9,1694.00,1074.00,129.00,65.00,6.7823,-1,-1,-1
1812,13,1209.00,1105.00,119.00,59.00,6.8327,-1,-1,-1
1812,9,1700.00,1074.00,129.00,64.00,6.7378,-1,-1,-1
1813,13,1218.00,1109.00,107.00,54.00,6.8487,-1,-1,-1
1813,9,1701.00,1074.00,131.00,65.00,6.6978,-1,-1,-1
1814,13,1220.00,1110.00,105.00,53.00,6.8843,-1,-1,-1
1814,9,1703.00,1074.00,130.00,64.00,6.5963,-1,-1,-1
1815,13,1218.00,1111.00,109.00,53.00,6.9250,-1,-1,-1
1815,9,1701.00,1074.00,132.00,66.00,6.5861,-1,-1,-1
1816,13,1221.00,1113.00,108.00,50.00,6.9357,-1,-1,-1
1816,9,1701.00,1072.00,132.00,69.00,6.5922,-1,-1,-1
1817,13,1224.00,1115.00,104.00,47.00,6.9106,-1,-1,-1
1817,9,1703.00,1073.00,132.00,69.00,6.5935,-1,-1,-1
1818,13,1224.00,1116.00,102.00,46.00,6.8326,-1,-1,-1
1818,9,1705.00,1073.00,130.00,70.00,6.6611,-1,-1,-1
1819,13,1224.00,1116.00,105.00,48.00,6.7896,-1,-1,-1
1819,9,1704.00,1072.00,132.00,72.00,6.7384,-1,-1,-1
1820,9,1702.00,1073.00,135.00,71.00,6.7592,-1,-1,-1
1820,13,1230.00,1115.00,102.00,49.00,6.7565,-1,-1,-1
1821,9,1702.00,1072.00,137.00,76.00,6.8618,-1,-1,-1
1821,13,1234.00,1114.00,99.00,50.00,6.7575,-1,-1,-1
1822,9,1701.00,1072.00,138.00,79.00,6.9928,-1,-1,-1
1822,13,1231.00,1111.00,109.00,55.00,6.7749,-1,-1,-1
1823,9,1702.00,1072.00,136.00,78.00,7.0696,-1,-1,-1
1823,13,1229.00,1109.00,120.00,56.00,6.8258,-1,-1,-1
1824,9,1704.00,1071.00,136.00,79.00,7.0838,-1,-1,-1
1824,13,1228.00,1107.00,123.00,59.00,6.9104,-1,-1,-1
1825,9,1706.00,1069.00,135.00,82.00,7.0854,-1,-1,-1
1825,13,1230.00,1107.00,121.00,58.00,6.9833,-1,-1,-1
1826,9,1707.00,1068.00,134.00,84.00,7.0913,-1,-1,-1
1826,13,1228.00,1106.00,124.00,59.00,7.0766,-1,-1,-1
1827,13,1226.00,1106.00,125.00,59.00,7.1954,-1,-1,-1
1827,9,1710.00,1067.00,131.00,83.00,7.0683,-1,-1,-1
1828,13,1227.00,1107.00,122.00,57.00,7.3103,-1,-1,-1
1828,9,1713.00,1065.00,130.00,84.00,7.0225,-1,-1,-1
1829,13,1229.00,1104.00,121.00,60.00,7.4009,-1,-1,-1
1829,9,1714.00,1064.00,130.00,80.00,6.9923,-1,-1,-1
1830,13,1227.00,1105.00,122.00,59.00,7.4859,-1,-1,-1
1830,9,1711.00,1063.00,133.00,82.00,6.9107,-1,-1,-1
1831,13,1229.00,1109.00,118.00,54.00,7.5251,-1,-1,-1
1831,9,1716.00,1065.00,129.00,78.00,6.9248,-1,-1,-1
1832,13,1227.00,1107.00,122.00,56.00,7.5722,-1,-1,-1
1832,9,1716.00,1066.00,129.00,77.00,6.9443,-1,-1,-1
1833,13,1231.00,1109.00,114.00,52.00,7.5495,-1,-1,-1
1833,9,1715.00,1065.00,131.00,78.00,6.9617,-1,-1,-1
1834,13,1232.00,1108.00,116.00,53.00,7.5350,-1,-1,-1
1834,9,1715.00,1066.00,132.00,77.00,6.9961,-1,-1,-1
1835,13,1234.00,1108.00,114.00,54.00,7.5642,-1,-1,-1
1835,9,1713.00,1065.00,134.00,79.00,7.0250,-1,-1,-1
1836,13,1236.00,1108.00,112.00,53.00,7.5691,-1,-1,-1
1836,9,1712.00,1066.00,135.00,78.00,7.0261,-1,-1,-1
1837,13,1236.00,1108.00,114.00,54.00,7.5692,-1,-1,-1
1837,9,1712.00,1069.00,133.00,75.00,6.9777,-1,-1,-1
1838,13,1234.00,1108.00,114.00,52.00,7.4596,-1,-1,-1
1838,9,1713.00,1067.00,134.00,76.00,6.9382,-1,-1,-1
1839,13,1232.00,1103.00,118.00,58.00,7.4171,-1,-1,-1
1839,9,1713.00,1070.00,133.00,74.00,6.8670,-1,-1,-1
1840,13,1231.00,1104.00,119.00,57.00,7.4039,-1,-1,-1
1840,9,1714.00,1075.00,130.00,70.00,6.8576,-1,-1,-1
1841,13,1228.00,1105.00,117.00,56.00,7.3818,-1,-1,-1
1841,9,1712.00,1075.00,130.00,73.00,6.8893,-1,-1,-1
1842,13,1227.00,1107.00,116.00,54.00,7.3092,-1,-1,-1
1842,9,1711.00,1076.00,130.00,71.00,6.9061,-1,-1,-1
1843,13,1229.00,1106.00,111.00,56.00,7.1261,-1,-1,-1
1843,9,1712.00,1074.00,128.00,72.00,6.8305,-1,-1,-1
1844,13,1223.00,1110.00,111.00,52.00,6.9938,-1,-1,-1
1844,9,1707.00,1071.00,130.00,75.00,6.8252,-1,-1,-1
1845,13,1220.00,1108.00,114.00,53.00,6.9474,-1,-1,-1
1845,9,1706.00,1072.00,131.00,75.00,6.8622,-1,-1,-1
1846,13,1221.00,1109.00,115.00,56.00,6.9912,-1,-1,-1
1846,9,1706.00,1074.00,131.00,73.00,6.8440,-1,-1,-1
1847,13,1219.00,1109.00,122.00,57.00,7.0100,-1,-1,-1
1847,9,1719.00,1082.00,115.00,65.00,6.7505,-1,-1,-1
1848,13,1221.00,1113.00,117.00,53.00,6.9532,-1,-1,-1
1848,9,1701.00,1075.00,133.00,73.00,6.8259,-1,-1,-1
1849,9,1698.00,1073.00,133.00,76.00,6.8095,-1,-1,-1
1849,13,1232.00,1115.00,107.00,52.00,6.6902,-1,-1,-1
1850,9,1696.00,1073.00,134.00,80.00,6.8724,-1,-1,-1
1850,13,1223.00,1115.00,116.00,55.00,6.6328,-1,-1,-1
1851,9,1697.00,1077.00,131.00,76.00,6.8755,-1,-1,-1
1851,13,1223.00,1115.00,115.00,55.00,6.4962,-1,-1,-1
1852,9,1697.00,1075.00,131.00,79.00,6.9011,-1,-1,-1
1852,13,1222.00,1115.00,115.00,55.00,4.3039,-1,-1,-1
1853,9,1694.00,1076.00,133.00,75.00,6.9235,-1,-1,-1
1853,13,1222.00,1115.00,115.00,55.00,2.7219,-1,-1,-1
1854,9,1693.00,1077.00,133.00,75.00,6.9778,-1,-1,-1
1854,13,1215.00,1122.00,111.00,62.00,3.1270,-1,-1,-1
1855,9,1695.00,1080.00,130.00,73.00,6.9794,-1,-1,-1
1855,13,1210.00,1123.00,117.00,62.00,3.6230,-1,-1,-1
1856,9,1704.00,1083.00,119.00,68.00,6.8783,-1,-1,-1
1856,13,1218.00,1122.00,109.00,64.00,4.0091,-1,-1,-1
1857,9,1695.00,1081.00,127.00,73.00,6.9113,-1,-1,-1
1857,13,1212.00,1118.00,119.00,66.00,4.2921,-1,-1,-1
1858,9,1693.00,1083.00,130.00,70.00,6.9301,-1,-1,-1
1858,13,1211.00,1122.00,117.00,66.00,4.6788,-1,-1,-1
1859,9,1693.00,1083.00,130.00,73.00,6.9529,-1,-1,-1
1859,13,1211.00,1125.00,120.00,60.00,4.9536,-1,-1,-1
1860,9,1695.00,1083.00,129.00,75.00,6.9916,-1,-1,-1
1860,13,1211.00,1125.00,118.00,62.00,5.3215,-1,-1,-1
1861,9,1693.00,1079.00,132.00,82.00,7.0375,-1,-1,-1
1861,13,1209.00,1127.00,118.00,62.00,5.6829,-1,-1,-1
1862,9,1690.00,1080.00,134.00,82.00,7.0889,-1,-1,-1
1862,13,1203.00,1127.00,124.00,61.00,5.9446,-1,-1,-1
1863,9,1689.00,1078.00,136.00,83.00,7.1406,-1,-1,-1
1863,13,1202.00,1130.00,116.00,58.00,5.9677,-1,-1,-1
1864,9,1689.00,1078.00,134.00,82.00,7.1779,-1,-1,-1
1864,13,1202.00,1132.00,120.00,56.00,6.1697,-1,-1,-1
1865,9,1688.00,1078.00,134.00,84.00,7.2026,-1,-1,-1
1865,13,1200.00,1134.00,124.00,53.00,6.3309,-1,-1,-1
1866,9,1685.00,1079.00,134.00,83.00,7.2082,-1,-1,-1
1866,13,1202.00,1135.00,117.00,55.00,6.4448,-1,-1,-1
1867,9,1682.00,1082.00,133.00,81.00,7.2387,-1,-1,-1
1867,13,1200.00,1134.00,126.00,57.00,6.6038,-1,-1,-1
1868,9,1679.00,1083.00,133.00,81.00,7.2793,-1,-1,-1
1868,13,1199.00,1136.00,123.00,55.00,6.6483,-1,-1,-1
1869,9,1682.00,1087.00,129.00,78.00,7.1362,-1,-1,-1
1869,13,1200.00,1141.00,118.00,51.00,6.6154,-1,-1,-1
1870,9,1680.00,1086.00,132.00,78.00,7.0515,-1,-1,-1
1870,13,1207.00,1142.00,112.00,50.00,6.5138,-1,-1,-1
1871,9,1676.00,1084.00,137.00,80.00,7.0230,-1,-1,-1
1871,13,1197.00,1143.00,118.00,52.00,6.4295,-1,-1,-1
1872,9,1672.00,1082.00,141.00,84.00,7.0892,-1,-1,-1
1872,13,1203.00,1145.00,113.00,51.00,6.4958,-1,-1,-1
1873,9,1672.00,1079.00,141.00,87.00,7.1852,-1,-1,-1
1873,13,1208.00,1149.00,103.00,49.00,6.4130,-1,-1,-1
1874,9,1673.00,1081.00,140.00,86.00,7.2360,-1,-1,-1
1874,13,1196.00,1148.00,117.00,51.00,6.5194,-1,-1,-1
1875,9,1674.00,1083.00,140.00,83.00,7.2035,-1,-1,-1
1875,13,1215.00,1153.00,93.00,46.00,6.4691,-1,-1,-1
1876,9,1675.00,1087.00,138.00,80.00,7.1950,-1,-1,-1
1876,13,1193.00,1150.00,115.00,53.00,6.4864,-1,-1,-1
1877,9,1676.00,1089.00,137.00,78.00,7.1692,-1,-1,-1
1877,13,1198.00,1150.00,112.00,53.00,6.5944,-1,-1,-1
1878,9,1673.00,1086.00,139.00,79.00,7.1862,-1,-1,-1
1878,13,1194.00,1150.00,113.00,55.00,6.6550,-1,-1,-1
1879,9,1671.00,1086.00,143.00,82.00,7.2081,-1,-1,-1
1879,13,1194.00,1150.00,115.00,58.00,6.7937,-1,-1,-1
1880,9,1673.00,1085.00,142.00,82.00,7.1885,-1,-1,-1
1880,13,1194.00,1152.00,117.00,58.00,6.9284,-1,-1,-1
1881,13,1193.00,1151.00,116.00,60.00,7.0434,-1,-1,-1
1881,9,1678.00,1087.00,136.00,80.00,7.0427,-1,-1,-1
1882,13,1194.00,1152.00,114.00,59.00,7.1403,-1,-1,-1
1882,9,1675.00,1087.00,140.00,80.00,6.9818,-1,-1,-1
1883,13,1191.00,1150.00,118.00,63.00,7.1695,-1,-1,-1
1883,9,1671.00,1086.00,142.00,82.00,7.0343,-1,-1,-1
1884,13,1193.00,1152.00,118.00,63.00,7.2210,-1,-1,-1
1884,9,1673.00,1086.00,140.00,83.00,7.0889,-1,-1,-1
1885,13,1195.00,1156.00,113.00,58.00,7.2354,-1,-1,-1
1885,9,1673.00,1085.00,140.00,85.00,7.1491,-1,-1,-1
1886,13,1195.00,1157.00,115.00,59.00,7.2305,-1,-1,-1
1886,9,1673.00,1088.00,141.00,83.00,7.1559,-1,-1,-1
1887,13,1195.00,1158.00,117.00,60.00,7.2541,-1,-1,-1
1887,9,1674.00,1089.00,139.00,81.00,7.1475,-1,-1,-1
1888,13,1211.00,1160.00,106.00,58.00,7.1362,-1,-1,-1
1888,9,1676.00,1093.00,137.00,77.00,7.0815,-1,-1,-1
1889,13,1200.00,1161.00,115.00,59.00,7.1205,-1,-1,-1
1889,9,1676.00,1095.00,137.00,78.00,7.0384,-1,-1,-1
1890,13,1198.00,1161.00,118.00,61.00,7.0801,-1,-1,-1
1890,9,1677.00,1093.00,135.00,79.00,7.0072,-1,-1,-1
1891,13,1203.00,1162.00,116.00,58.00,7.0678,-1,-1,-1
1891,9,1678.00,1099.00,134.00,72.00,7.0347,-1,-1,-1
1892,9,1679.00,1097.00,133.00,76.00,7.0546,-1,-1,-1
1892,13,1205.00,1162.00,113.00,60.00,7.0410,-1,-1,-1
1893,13,1212.00,1164.00,107.00,58.00,7.0760,-1,-1,-1
1893,9,1681.00,1098.00,134.00,76.00,6.9975,-1,-1,-1
1894,13,1207.00,1165.00,112.00,59.00,7.0576,-1,-1,-1
1894,9,1681.00,1096.00,136.00,79.00,6.9271,-1,-1,-1
1895,13,1203.00,1167.00,114.00,59.00,7.0624,-1,-1,-1
1895,9,1683.00,1098.00,133.00,76.00,6.9628,-1,-1,-1
1896,13,1203.00,1168.00,116.00,58.00,7.0600,-1,-1,-1
1896,9,1681.00,1096.00,134.00,78.00,7.0220,-1,-1,-1
1897,13,1201.00,1170.00,117.00,58.00,7.0668,-1,-1,-1
1897,9,1681.00,1099.00,132.00,73.00,7.0651,-1,-1,-1
1898,9,1684.00,1100.00,135.00,72.00,7.1159,-1,-1,-1
1898,13,1204.00,1171.00,118.00,57.00,7.0729,-1,-1,-1
1899,9,1684.00,1097.00,139.00,78.00,7.1841,-1,-1,-1
1899,13,1202.00,1172.00,126.00,59.00,7.0065,-1,-1,-1
1900,9,1688.00,1100.00,137.00,74.00,7.2071,-1,-1,-1
1900,13,1208.00,1172.00,118.00,58.00,6.9301,-1,-1,-1
1901,9,1684.00,1099.00,141.00,77.00,7.2719,-1,-1,-1
1901,13,1205.00,1173.00,126.00,59.00,6.9371,-1,-1,-1
1902,9,1687.00,1105.00,139.00,68.00,7.2889,-1,-1,-1
1902,13,1206.00,1173.00,126.00,61.00,6.9551,-1,-1,-1
1903,9,1693.00,1105.00,132.00,66.00,7.3018,-1,-1,-1
1903,13,1215.00,1177.00,117.00,56.00,6.9710,-1,-1,-1
1904,9,1697.00,1105.00,133.00,66.00,7.2754,-1,-1,-1
1904,13,1216.00,1179.00,117.00,56.00,6.9729,-1,-1,-1
1905,9,1724.00,1110.00,108.00,56.00,7.1668,-1,-1,-1
1905,13,1221.00,1181.00,113.00,54.00,6.8931,-1,-1,-1
1906,9,1720.00,1109.00,114.00,59.00,7.0923,-1,-1,-1
1906,13,1221.00,1180.00,117.00,55.00,6.7125,-1,-1,-1
1907,9,1724.00,1112.00,112.00,55.00,7.0425,-1,-1,-1
1907,13,1231.00,1181.00,104.00,54.00,6.5484,-1,-1,-1
1908,9,1719.00,1110.00,118.00,58.00,6.9777,-1,-1,-1
1908,13,1231.00,1182.00,108.00,54.00,6.4700,-1,-1,-1
1909,9,1720.00,1111.00,118.00,61.00,6.9199,-1,-1,-1
1909,13,1247.00,1184.00,92.00,50.00,6.5183,-1,-1,-1
1910,9,1708.00,1108.00,131.00,67.00,6.9311,-1,-1,-1
1910,13,1236.00,1184.00,106.00,53.00,6.5728,-1,-1,-1
1911,9,1714.00,1107.00,128.00,66.00,6.9699,-1,-1,-1
1911,13,1235.00,1184.00,112.00,55.00,6.6081,-1,-1,-1
1912,9,1719.00,1106.00,124.00,68.00,6.9811,-1,-1,-1
1912,13,1233.00,1184.00,116.00,57.00,6.6746,-1,-1,-1
1913,9,1718.00,1105.00,127.00,71.00,7.0080,-1,-1,-1
1913,13,1246.00,1187.00,104.00,52.00,6.7402,-1,-1,-1
1914,9,1730.00,1109.00,119.00,68.00,6.8817,-1,-1,-1
1914,13,1245.00,1186.00,109.00,56.00,6.7512,-1,-1,-1
1915,9,1722.00,1105.00,129.00,74.00,6.8816,-1,-1,-1
1915,13,1247.00,1187.00,109.00,56.00,6.7786,-1,-1,-1
1916,9,1721.00,1103.00,131.00,74.00,6.9201,-1,-1,-1
1916,13,1245.00,1189.00,110.00,59.00,6.8811,-1,-1,-1
1917,13,1245.00,1189.00,115.00,60.00,6.9729,-1,-1,-1
1917,9,1724.00,1103.00,132.00,74.00,6.9289,-1,-1,-1
1918,13,1254.00,1191.00,107.00,57.00,7.0243,-1,-1,-1
1918,9,1727.00,1104.00,133.00,73.00,6.8944,-1,-1,-1
1919,13,1252.00,1193.00,111.00,55.00,7.0720,-1,-1,-1
1919,9,1736.00,1105.00,129.00,72.00,6.9276,-1,-1,-1
1920,13,1256.00,1191.00,120.00,58.00,7.0161,-1,-1,-1
1920,9,1741.00,1106.00,127.00,72.00,6.9509,-1,-1,-1
1921,9,1740.00,1106.00,129.00,73.00,6.9991,-1,-1,-1
1921,13,1255.00,1193.00,125.00,58.00,6.9482,-1,-1,-1
1922,9,1736.00,1104.00,136.00,78.00,7.0710,-1,-1,-1
1922,13,1263.00,1194.00,113.00,56.00,6.7955,-1,-1,-1
1923,9,1739.00,1111.00,132.00,69.00,7.1128,-1,-1,-1
1923,13,1266.00,1195.00,113.00,59.00,6.7431,-1,-1,-1
1924,9,1743.00,1109.00,134.00,70.00,7.1207,-1,-1,-1
1924,13,1270.00,1194.00,115.00,60.00,6.6627,-1,-1,-1
1925,9,1749.00,1108.00,132.00,71.00,7.1280,-1,-1,-1
1925,13,1271.00,1195.00,118.00,60.00,6.6199,-1,-1,-1
1926,9,1752.00,1108.00,132.00,73.00,7.1150,-1,-1,-1
1926,13,1274.00,1197.00,119.00,59.00,6.6038,-1,-1,-1
1927,9,1755.00,1108.00,129.00,75.00,7.1527,-1,-1,-1
1927,13,1281.00,1199.00,118.00,60.00,6.6447,-1,-1,-1
1928,9,1756.00,1108.00,132.00,76.00,7.1733,-1,-1,-1
1928,13,1282.00,1197.00,120.00,63.00,6.7208,-1,-1,-1
1929,9,1761.00,1107.00,132.00,77.00,7.2141,-1,-1,-1
1929,13,1292.00,1199.00,114.00,62.00,6.5933,-1,-1,-1
1930,9,1759.00,1108.00,135.00,76.00,7.3057,-1,-1,-1
1930,13,1293.00,1199.00,116.00,63.00,6.6923,-1,-1,-1
1931,9,1762.00,1106.00,138.00,79.00,7.3839,-1,-1,-1
1931,13,1302.00,1200.00,109.00,61.00,6.6736,-1,-1,-1
1932,9,1766.00,1107.00,135.00,79.00,7.4193,-1,-1,-1
1932,13,1299.00,1204.00,111.00,60.00,6.6828,-1,-1,-1
1933,9,1767.00,1107.00,139.00,79.00,7.4426,-1,-1,-1
1933,13,1305.00,1206.00,108.00,58.00,6.7071,-1,-1,-1
1934,9,1772.00,1108.00,137.00,78.00,7.4266,-1,-1,-1
1934,13,1306.00,1206.00,112.00,61.00,6.8290,-1,-1,-1
1935,9,1776.00,1108.00,134.00,79.00,7.4552,-1,-1,-1
1935,13,1312.00,1207.00,110.00,59.00,6.9028,-1,-1,-1
1936,9,1779.00,1111.00,133.00,76.00,7.3963,-1,-1,-1
1936,13,1313.00,1208.00,111.00,60.00,6.9703,-1,-1,-1
1937,9,1780.00,1113.00,139.00,74.00,7.3071,-1,-1,-1
1937,13,1315.00,1209.00,112.00,60.00,7.0174,-1,-1,-1
1938,9,1786.00,1115.00,136.00,73.00,7.2457,-1,-1,-1
1938,13,1316.00,1211.00,114.00,59.00,7.0205,-1,-1,-1
1939,9,1788.00,1114.00,137.00,74.00,7.1847,-1,-1,-1
1939,13,1313.00,1211.00,122.00,64.00,7.0330,-1,-1,-1
1940,9,1793.00,1114.00,136.00,73.00,7.1716,-1,-1,-1
1940,13,1325.00,1215.00,110.00,58.00,7.0487,-1,-1,-1
1941,9,1800.00,1117.00,130.00,70.00,7.0827,-1,-1,-1
1941,13,1327.00,1215.00,113.00,62.00,7.0438,-1,-1,-1
1942,9,1803.00,1113.00,131.00,73.00,7.0594,-1,-1,-1
1942,13,1330.00,1216.00,122.00,61.00,7.0259,-1,-1,-1
1943,13,1335.00,1212.00,119.00,67.00,7.0617,-1,-1,-1
1943,9,1807.00,1113.00,130.00,74.00,6.9961,-1,-1,-1
1944,13,1337.00,1214.00,122.00,66.00,7.0863,-1,-1,-1
1944,9,1808.00,1115.00,134.00,73.00,6.9587,-1,-1,-1
1945,13,1346.00,1215.00,113.00,64.00,7.0534,-1,-1,-1
1945,9,1813.00,1117.00,131.00,70.00,6.9541,-1,-1,-1
1946,13,1350.00,1217.00,112.00,63.00,7.0434,-1,-1,-1
1946,9,1813.00,1116.00,137.00,72.00,7.0373,-1,-1,-1
1947,9,1817.00,1117.00,138.00,72.00,7.1031,-1,-1,-1
1947,13,1354.00,1217.00,117.00,65.00,7.0769,-1,-1,-1
1948,9,1820.00,1118.00,137.00,74.00,7.1747,-1,-1,-1
1948,13,1360.00,1218.00,114.00,65.00,7.0676,-1,-1,-1
1949,9,1824.00,1119.00,132.00,74.00,7.2657,-1,-1,-1
1949,13,1372.00,1221.00,105.00,62.00,7.1079,-1,-1,-1
1950,9,1830.00,1118.00,135.00,72.00,7.2353,-1,-1,-1
1950,13,1377.00,1222.00,104.00,61.00,7.1306,-1,-1,-1
1951,9,1832.00,1123.00,138.00,68.00,7.2350,-1,-1,-1
1951,13,1377.00,1221.00,113.00,62.00,7.1993,-1,-1,-1
1952,13,1383.00,1224.00,113.00,61.00,7.2063,-1,-1,-1
1952,9,1842.00,1121.00,132.00,67.00,7.1904,-1,-1,-1
1953,9,1842.00,1119.00,139.00,72.00,7.2252,-1,-1,-1
1953,13,1386.00,1226.00,111.00,60.00,7.1496,-1,-1,-1
1954,13,1395.00,1227.00,108.00,61.00,7.1634,-1,-1,-1
1954,9,1852.00,1120.00,129.00,71.00,7.1513,-1,-1,-1
1955,13,1399.00,1229.00,107.00,58.00,7.0922,-1,-1,-1
1955,9,1856.00,1118.00,132.00,68.00,7.0383,-1,-1,-1
1956,13,1400.00,1229.00,110.00,63.00,7.0864,-1,-1,-1
1956,9,1862.00,1118.00,131.00,68.00,7.0059,-1,-1,-1
1957,13,1401.00,1231.00,115.00,62.00,7.1323,-1,-1,-1
1957,9,1866.00,1119.00,131.00,67.00,7.0303,-1,-1,-1
1958,13,1411.00,1232.00,110.00,62.00,7.1590,-1,-1,-1
1958,9,1870.00,1117.00,133.00,67.00,7.0984,-1,-1,-1
1959,13,1407.00,1230.00,120.00,68.00,7.2159,-1,-1,-1
1959,9,1877.00,1116.00,131.00,68.00,7.0324,-1,-1,-1
1960,13,1411.00,1231.00,122.00,68.00,7.2732,-1,-1,-1
1960,9,1881.00,1117.00,128.00,68.00,6.9803,-1,-1,-1
1961,13,1417.00,1233.00,115.00,65.00,7.3051,-1,-1,-1
1961,9,1883.00,1116.00,129.00,68.00,7.0431,-1,-1,-1
1962,13,1431.00,1235.00,109.00,62.00,7.3258,-1,-1,-1
1962,9,1892.00,1115.00,125.00,68.00,7.1205,-1,-1,-1
1963,13,1427.00,1234.00,118.00,68.00,7.3437,-1,-1,-1
1963,9,1894.00,1113.00,132.00,71.00,7.1949,-1,-1,-1
1964,13,1435.00,1235.00,113.00,66.00,7.3210,-1,-1,-1
1964,9,1896.00,1112.00,133.00,71.00,7.2428,-1,-1,-1
1965,13,1438.00,1235.00,116.00,69.00,7.3709,-1,-1,-1
1965,9,1904.00,1111.00,127.00,72.00,7.2021,-1,-1,-1
1966,13,1442.00,1237.00,111.00,65.00,7.4213,-1,-1,-1
1966,9,1905.00,1108.00,129.00,73.00,7.2713,-1,-1,-1
1967,13,1444.00,1231.00,120.00,69.00,7.4610,-1,-1,-1
1967,9,1908.00,1102.00,130.00,72.00,7.3095,-1,-1,-1
1968,13,1451.00,1228.00,117.00,64.00,7.3937,-1,-1,-1
1968,9,1916.00,1099.00,128.00,72.00,7.3693,-1,-1,-1
1969,9,1916.00,1088.00,135.00,76.00,7.3852,-1,-1,-1
1969,13,1458.00,1221.00,115.00,65.00,7.3547,-1,-1,-1
1970,9,1920.00,1084.00,133.00,75.00,7.4072,-1,-1,-1
1970,13,1464.00,1215.00,115.00,65.00,7.3581,-1,-1,-1
1971,9,1927.00,1078.00,129.00,73.00,7.4266,-1,-1,-1
1971,13,1468.00,1210.00,112.00,67.00,7.4247,-1,-1,-1
1972,13,1467.00,1204.00,117.00,71.00,7.4895,-1,-1,-1
1972,9,1925.00,1071.00,131.00,75.00,7.3558,-1,-1,-1
1973,13,1475.00,1202.00,114.00,65.00,7.5092,-1,-1,-1
1973,9,1926.00,1061.00,136.00,77.00,7.3986,-1,-1,-1
1974,13,1479.00,1199.00,111.00,66.00,7.5211,-1,-1,-1
1974,9,1936.00,1061.00,128.00,73.00,7.3960,-1,-1,-1
1975,13,1485.00,1196.00,107.00,67.00,7.5574,-1,-1,-1
1975,9,1942.00,1055.00,127.00,74.00,7.3705,-1,-1,-1
1976,13,1489.00,1195.00,106.00,68.00,7.5829,-1,-1,-1
1976,9,1937.00,1051.00,134.00,76.00,7.3964,-1,-1,-1
1977,13,1497.00,1193.00,102.00,66.00,7.5812,-1,-1,-1
1977,9,1940.00,1048.00,135.00,76.00,7.4698,-1,-1,-1
1978,13,1497.00,1191.00,106.00,70.00,7.5968,-1,-1,-1
1978,9,1945.00,1045.00,132.00,76.00,7.4922,-1,-1,-1
1979,13,1499.00,1189.00,110.00,73.00,7.6005,-1,-1,-1
1979,9,1945.00,1044.00,130.00,75.00,7.4473,-1,-1,-1
1980,13,1502.00,1192.00,114.00,72.00,7.5154,-1,-1,-1
1980,9,1947.00,1040.00,134.00,77.00,7.3107,-1,-1,-1
1981,13,1514.00,1193.00,102.00,69.00,7.4958,-1,-1,-1
1981,9,1952.00,1039.00,133.00,77.00,7.2625,-1,-1,-1
1982,13,1515.00,1195.00,105.00,70.00,7.5127,-1,-1,-1
1982,9,1951.00,1038.00,140.00,76.00,7.2974,-1,-1,-1
1983,13,1523.00,1197.00,99.00,65.00,7.4552,-1,-1,-1
1983,9,1962.00,1039.00,130.00,72.00,7.2715,-1,-1,-1
1984,13,1524.00,1199.00,103.00,63.00,7.4303,-1,-1,-1
1984,9,1965.00,1039.00,129.00,72.00,7.2584,-1,-1,-1
1985,13,1531.00,1201.00,102.00,60.00,7.3812,-1,-1,-1
1985,9,1962.00,1035.00,138.00,77.00,7.2751,-1,-1,-1
1986,13,1534.00,1201.00,102.00,64.00,7.3444,-1,-1,-1
1986,9,1967.00,1033.00,136.00,80.00,7.3030,-1,-1,-1
1987,9,1968.00,1030.00,135.00,84.00,7.3572,-1,-1,-1
1987,13,1533.00,1205.00,105.00,64.00,7.3484,-1,-1,-1
1988,13,1535.00,1206.00,107.00,66.00,7.3957,-1,-1,-1
1988,9,1972.00,1029.00,133.00,82.00,7.3502,-1,-1,-1
1989,13,1537.00,1206.00,108.00,67.00,7.4276,-1,-1,-1
1989,9,1972.00,1029.00,135.00,81.00,7.3613,-1,-1,-1
1990,13,1538.00,1207.00,111.00,70.00,7.4650,-1,-1,-1
1990,9,1975.00,1028.00,134.00,81.00,7.3651,-1,-1,-1
1991,13,1542.00,1208.00,108.00,71.00,7.5133,-1,-1,-1
1991,9,1975.00,1026.00,133.00,81.00,7.3505,-1,-1,-1
1992,13,1541.00,1212.00,109.00,71.00,7.5482,-1,-1,-1
1992,9,1976.00,1025.00,130.00,79.00,7.2662,-1,-1,-1
1993,13,1541.00,1212.00,108.00,74.00,7.5539,-1,-1,-1
1993,9,1973.00,1021.00,133.00,84.00,7.2405,-1,-1,-1
1994,13,1541.00,1213.00,107.00,75.00,7.5798,-1,-1,-1
1994,9,1972.00,1023.00,130.00,78.00,7.1824,-1,-1,-1
1995,13,1540.00,1212.00,110.00,82.00,7.6182,-1,-1,-1
1995,9,1971.00,1020.00,130.00,80.00,7.1003,-1,-1,-1
1996,13,1542.00,1214.00,108.00,79.00,7.6266,-1,-1,-1
1996,9,1972.00,1015.00,128.00,79.00,6.9377,-1,-1,-1
1997,13,1546.00,1216.00,103.00,78.00,7.5438,-1,-1,-1
1997,9,1966.00,1012.00,130.00,82.00,6.9247,-1,-1,-1
1998,13,1542.00,1219.00,108.00,80.00,7.4572,-1,-1,-1
1998,9,1968.00,1009.00,126.00,83.00,7.0114,-1,-1,-1
1999,13,1541.00,1224.00,106.00,81.00,7.4593,-1,-1,-1
1999,9,1965.00,1004.00,128.00,88.00,7.0625,-1,-1,-1
2000,13,1541.00,1226.00,105.00,81.00,7.4294,-1,-1,-1
2000,9,1961.00,1002.00,128.00,88.00,7.0648,-1,-1,-1
2001,13,1541.00,1229.00,105.00,83.00,7.4557,-1,-1,-1
2001,9,1958.00,1003.00,126.00,83.00,7.1087,-1,-1,-1
2002,13,1539.00,1231.00,107.00,82.00,7.4455,-1,-1,-1
2002,9,1957.00,998.00,124.00,85.00,7.1310,-1,-1,-1
2003,13,1540.00,1236.00,105.00,79.00,7.4695,-1,-1,-1
2003,9,1955.00,995.00,121.00,85.00,7.0674,-1,-1,-1
2004,13,1543.00,1233.00,102.00,81.00,7.4990,-1,-1,-1
2004,9,1956.00,994.00,117.00,86.00,7.0242,-1,-1,-1
2005,13,1538.00,1237.00,108.00,84.00,7.5288,-1,-1,-1
2005,9,1952.00,991.00,120.00,86.00,7.0098,-1,-1,-1
2006,13,1538.00,1240.00,108.00,83.00,7.4677,-1,-1,-1
2006,9,1951.00,988.00,118.00,89.00,7.0556,-1,-1,-1
2007,13,1543.00,1240.00,104.00,82.00,7.3811,-1,-1,-1
2007,9,1950.00,985.00,116.00,91.00,7.1347,-1,-1,-1
2008,13,1543.00,1242.00,102.00,79.00,7.2957,-1,-1,-1
2008,9,1947.00,984.00,116.00,91.00,7.2342,-1,-1,-1
2009,9,1940.00,980.00,120.00,92.00,7.2761,-1,-1,-1
2009,13,1544.00,1244.00,101.00,80.00,7.2348,-1,-1,-1
2010,9,1935.00,979.00,121.00,91.00,7.3128,-1,-1,-1
2010,13,1543.00,1247.00,103.00,83.00,7.2278,-1,-1,-1
2011,9,1930.00,973.00,123.00,96.00,7.3606,-1,-1,-1
2011,13,1546.00,1248.00,99.00,82.00,7.1916,-1,-1,-1
2012,9,1929.00,969.00,123.00,97.00,7.3773,-1,-1,-1
2012,13,1547.00,1251.00,98.00,82.00,7.2505,-1,-1,-1
2013,9,1924.00,966.00,126.00,97.00,7.3646,-1,-1,-1
2013,13,1546.00,1254.00,100.00,83.00,7.3109,-1,-1,-1
2014,9,1922.00,959.00,123.00,102.00,7.3871,-1,-1,-1
2014,13,1548.00,1255.00,96.00,84.00,7.3759,-1,-1,-1
2015,13,1548.00,1257.00,97.00,80.00,7.4393,-1,-1,-1
2015,9,1922.00,957.00,122.00,100.00,7.4300,-1,-1,-1
2016,9,1917.00,953.00,125.00,105.00,7.4751,-1,-1,-1
2016,13,1551.00,1259.00,95.00,81.00,7.4258,-1,-1,-1
2017,9,1914.00,949.00,126.00,108.00,7.4676,-1,-1,-1
2017,13,1549.00,1261.00,98.00,83.00,7.3953,-1,-1,-1
2018,9,1908.00,946.00,127.00,114.00,7.4448,-1,-1,-1
2018,13,1548.00,1263.00,100.00,85.00,7.3270,-1,-1,-1
2019,9,1908.00,945.00,119.00,111.00,7.4626,-1,-1,-1
2019,13,1552.00,1265.00,94.00,82.00,7.2798,-1,-1,-1
2020,9,1902.00,943.00,123.00,111.00,7.4580,-1,-1,-1
2020,13,1553.00,1265.00,94.00,84.00,7.2177,-1,-1,-1
2021,9,1900.00,940.00,122.00,115.00,7.4244,-1,-1,-1
2021,13,1552.00,1271.00,94.00,86.00,7.2837,-1,-1,-1
2022,9,1893.00,944.00,123.00,107.00,7.3996,-1,-1,-1
2022,13,1552.00,1274.00,93.00,86.00,7.3681,-1,-1,-1
2023,13,1550.00,1276.00,93.00,85.00,7.4586,-1,-1,-1
2023,9,1887.00,938.00,124.00,115.00,7.4130,-1,-1,-1
2024,13,1551.00,1277.00,91.00,87.00,7.5378,-1,-1,-1
2024,9,1885.00,936.00,121.00,110.00,7.4005,-1,-1,-1
2025,13,1555.00,1277.00,87.00,89.00,7.6090,-1,-1,-1
2025,9,1877.00,936.00,118.00,111.00,7.3590,-1,-1,-1
2026,13,1555.00,1279.00,88.00,87.00,7.6715,-1,-1,-1
2026,9,1876.00,932.00,116.00,112.00,7.3659,-1,-1,-1
2027,13,1556.00,1280.00,86.00,90.00,7.7063,-1,-1,-1
2027,9,1869.00,931.00,116.00,110.00,7.3887,-1,-1,-1
2028,13,1557.00,1283.00,84.00,87.00,7.6979,-1,-1,-1
2028,9,1866.00,925.00,116.00,113.00,7.2627,-1,-1,-1
2029,13,1556.00,1283.00,85.00,92.00,7.6694,-1,-1,-1
2029,9,1860.00,921.00,113.00,118.00,7.2493,-1,-1,-1
2030,13,1553.00,1283.00,88.00,97.00,7.6417,-1,-1,-1
2030,9,1859.00,921.00,106.00,116.00,7.2527,-1,-1,-1
2031,13,1554.00,1284.00,88.00,99.00,7.5978,-1,-1,-1
2031,9,1850.00,920.00,110.00,115.00,7.2421,-1,-1,-1
2032,13,1556.00,1285.00,86.00,100.00,7.5552,-1,-1,-1
2032,9,1849.00,916.00,105.00,112.00,7.2097,-1,-1,-1
2033,13,1552.00,1288.00,90.00,102.00,7.6055,-1,-1,-1
2033,9,1839.00,913.00,111.00,122.00,7.2352,-1,-1,-1
2034,13,1551.00,1291.00,91.00,103.00,7.6712,-1,-1,-1
2034,9,1833.00,912.00,109.00,120.00,7.2335,-1,-1,-1
2035,13,1553.00,1294.00,86.00,101.00,7.6958,-1,-1,-1
2035,9,1833.00,909.00,102.00,116.00,7.2166,-1,-1,-1
2036,13,1553.00,1294.00,86.00,105.00,7.6896,-1,-1,-1
2036,9,1828.00,908.00,101.00,117.00,7.2617,-1,-1,-1
2037,13,1553.00,1297.00,84.00,104.00,7.6796,-1,-1,-1
2037,9,1823.00,905.00,100.00,116.00,7.2409,-1,-1,-1
2038,13,1552.00,1299.00,86.00,103.00,7.6647,-1,-1,-1
2038,9,1815.00,904.00,103.00,116.00,7.2178,-1,-1,-1
2039,13,1553.00,1301.00,85.00,102.00,7.6520,-1,-1,-1
2039,9,1816.00,901.00,95.00,110.00,7.2453,-1,-1,-1
2040,13,1555.00,1301.00,82.00,106.00,7.6028,-1,-1,-1
2040,9,1811.00,899.00,93.00,110.00,7.2333,-1,-1,-1
2041,13,1555.00,1303.00,83.00,108.00,7.5484,-1,-1,-1
2041,9,1803.00,896.00,96.00,111.00,7.2800,-1,-1,-1
2042,13,1556.00,1304.00,80.00,110.00,7.4575,-1,-1,-1
2042,9,1802.00,894.00,90.00,114.00,7.3045,-1,-1,-1
2043,13,1562.00,1306.00,73.00,108.00,7.3158,-1,-1,-1
2043,9,1797.00,893.00,89.00,111.00,7.2844,-1,-1,-1
2044,9,1790.00,893.00,90.00,114.00,7.2734,-1,-1,-1
2044,13,1563.00,1307.00,72.00,109.00,7.1694,-1,-1,-1
2045,9,1784.00,892.00,92.00,112.00,7.3101,-1,-1,-1
2045,13,1559.00,1308.00,78.00,115.00,7.1132,-1,-1,-1
2046,9,1781.00,890.00,89.00,115.00,7.3488,-1,-1,-1
2046,13,1559.00,1310.00,80.00,115.00,7.1305,-1,-1,-1
2047,9,1781.00,889.00,82.00,114.00,7.2743,-1,-1,-1
2047,13,1561.00,1315.00,77.00,109.00,7.1491,-1,-1,-1
2048,9,1773.00,888.00,88.00,113.00,7.2598,-1,-1,-1
2048,13,1563.00,1317.00,76.00,107.00,7.1825,-1,-1,-1
2049,9,1770.00,887.00,84.00,114.00,7.2281,-1,-1,-1
2049,13,1565.00,1318.00,75.00,106.00,7.2204,-1,-1,-1
2050,13,1566.00,1321.00,75.00,105.00,7.2604,-1,-1,-1
2050,9,1767.00,884.00,86.00,117.00,7.2403,-1,-1,-1
2051,13,1567.00,1323.00,76.00,104.00,7.2654,-1,-1,-1
2051,9,1762.00,882.00,87.00,120.00,7.2612,-1,-1,-1
2052,13,1567.00,1323.00,78.00,107.00,7.2677,-1,-1,-1
2052,9,1759.00,882.00,86.00,119.00,7.1875,-1,-1,-1
2053,13,1567.00,1320.00,79.00,111.00,7.3130,-1,-1,-1
2053,9,1757.00,881.00,84.00,118.00,7.0140,-1,-1,-1
2054,13,1569.00,1322.00,79.00,112.00,7.3581,-1,-1,-1
2054,9,1752.00,878.00,86.00,120.00,6.9589,-1,-1,-1
2055,13,1571.00,1324.00,80.00,114.00,7.4006,-1,-1,-1
2055,9,1752.00,877.00,82.00,123.00,6.9616,-1,-1,-1
2056,13,1577.00,1323.00,77.00,113.00,7.3960,-1,-1,-1
2056,9,1752.00,876.00,82.00,122.00,7.0147,-1,-1,-1
2057,13,1584.00,1324.00,73.00,110.00,7.3739,-1,-1,-1
2057,9,1751.00,875.00,85.00,122.00,7.0698,-1,-1,-1
2058,13,1588.00,1322.00,75.00,111.00,7.3307,-1,-1,-1
2058,9,1752.00,873.00,86.00,122.00,7.0606,-1,-1,-1
2059,13,1589.00,1323.00,78.00,110.00,7.3364,-1,-1,-1
2059,9,1754.00,872.00,86.00,124.00,7.0358,-1,-1,-1
2060,13,1594.00,1323.00,78.00,114.00,7.3645,-1,-1,-1
2060,9,1756.00,871.00,88.00,123.00,7.0039,-1,-1,-1
2061,13,1601.00,1322.00,76.00,111.00,7.3732,-1,-1,-1
2061,9,1759.00,870.00,91.00,124.00,7.0495,-1,-1,-1
2062,13,1608.00,1319.00,72.00,110.00,7.3490,-1,-1,-1
2062,9,1763.00,870.00,90.00,120.00,7.1300,-1,-1,-1
2063,13,1615.00,1321.00,72.00,109.00,7.3750,-1,-1,-1
2063,9,1767.00,867.00,89.00,123.00,7.1768,-1,-1,-1
2064,13,1616.00,1319.00,75.00,113.00,7.3365,-1,-1,-1
2064,9,1771.00,867.00,85.00,122.00,7.2040,-1,-1,-1
2065,13,1623.00,1321.00,74.00,107.00,7.2947,-1,-1,-1
2065,9,1773.00,864.00,85.00,126.00,7.1520,-1,-1,-1
2066,13,1632.00,1315.00,71.00,112.00,7.3039,-1,-1,-1
2066,9,1778.00,863.00,85.00,119.00,7.1322,-1,-1,-1
2067,13,1640.00,1317.00,73.00,108.00,7.2627,-1,-1,-1
2067,9,1782.00,861.00,89.00,125.00,7.1680,-1,-1,-1
2068,13,1646.00,1314.00,77.00,111.00,7.2527,-1,-1,-1
2068,9,1793.00,860.00,84.00,121.00,7.2239,-1,-1,-1
2069,13,1658.00,1310.00,70.00,114.00,7.3009,-1,-1,-1
2069,9,1800.00,859.00,81.00,122.00,7.2325,-1,-1,-1
2070,9,1806.00,857.00,87.00,124.00,7.2659,-1,-1,-1
2070,13,1666.00,1307.00,73.00,116.00,7.2335,-1,-1,-1
2071,9,1816.00,856.00,85.00,121.00,7.3385,-1,-1,-1
2071,13,1672.00,1304.00,74.00,118.00,7.1416,-1,-1,-1
2072,9,1823.00,855.00,83.00,122.00,7.3699,-1,-1,-1
2072,13,1680.00,1305.00,72.00,117.00,7.1386,-1,-1,-1
2073,9,1832.00,854.00,84.00,124.00,7.3325,-1,-1,-1
2073,13,1690.00,1300.00,72.00,119.00,7.1143,-1,-1,-1
2074,9,1840.00,853.00,83.00,122.00,7.4038,-1,-1,-1
2074,13,1696.00,1301.00,78.00,118.00,7.1177,-1,-1,-1
2075,9,1850.00,853.00,77.00,119.00,7.3910,-1,-1,-1
2075,13,1704.00,1303.00,75.00,112.00,7.1753,-1,-1,-1
2076,13,1713.00,1298.00,76.00,121.00,7.2141,-1,-1,-1
2076,9,1853.00,851.00,84.00,127.00,7.1946,-1,-1,-1
2077,9,1866.00,850.00,77.00,121.00,7.2273,-1,-1,-1
2077,13,1723.00,1299.00,74.00,116.00,7.1974,-1,-1,-1
2078,9,1872.00,851.00,79.00,123.00,7.2420,-1,-1,-1
2078,13,1728.00,1302.00,75.00,112.00,7.1995,-1,-1,-1
2079,13,1737.00,1299.00,78.00,114.00,7.2175,-1,-1,-1
2079,9,1880.00,849.00,76.00,124.00,7.0358,-1,-1,-1
2080,13,1746.00,1299.00,78.00,114.00,7.2285,-1,-1,-1
2080,9,1886.00,850.00,80.00,122.00,7.0537,-1,-1,-1
2081,13,1753.00,1299.00,78.00,116.00,7.2187,-1,-1,-1
2081,9,1895.00,850.00,78.00,121.00,7.1000,-1,-1,-1
2082,13,1758.00,1298.00,79.00,115.00,7.1832,-1,-1,-1
2082,9,1904.00,849.00,73.00,119.00,7.0624,-1,-1,-1
2083,13,1767.00,1299.00,80.00,115.00,7.1448,-1,-1,-1
2083,9,1905.00,852.00,82.00,125.00,6.9785,-1,-1,-1
2084,9,1917.00,850.00,76.00,119.00,7.0469,-1,-1,-1
2084,13,1776.00,1300.00,76.00,113.00,7.0336,-1,-1,-1
2085,13,1777.00,1303.00,80.00,110.00,7.1030,-1,-1,-1
2085,9,1924.00,849.00,72.00,121.00,7.0581,-1,-1,-1
2086,13,1786.00,1301.00,80.00,114.00,7.0995,-1,-1,-1
2086,9,1930.00,850.00,72.00,119.00,6.9712,-1,-1,-1
2087,13,1794.00,1299.00,80.00,117.00,7.0810,-1,-1,-1
2087,9,1932.00,854.00,79.00,119.00,6.9357,-1,-1,-1
2088,13,1801.00,1300.00,76.00,115.00,7.0516,-1,-1,-1
2088,9,1942.00,851.00,75.00,118.00,7.0329,-1,-1,-1
2089,13,1802.00,1303.00,78.00,109.00,7.1000,-1,-1,-1
2089,9,1948.00,850.00,73.00,118.00,7.0913,-1,-1,-1
2090,13,1815.00,1302.00,72.00,105.00,7.0597,-1,-1,-1
2090,9,1954.00,850.00,72.00,118.00,7.0076,-1,-1,-1
2091,13,1819.00,1299.00,75.00,109.00,7.0875,-1,-1,-1
2091,9,1957.00,853.00,76.00,120.00,6.9617,-1,-1,-1
2092,13,1826.00,1299.00,72.00,110.00,7.0581,-1,-1,-1
2092,9,1969.00,849.00,68.00,116.00,6.9924,-1,-1,-1
2093,9,1970.00,846.00,74.00,122.00,7.0506,-1,-1,-1
2093,13,1829.00,1299.00,74.00,110.00,7.0299,-1,-1,-1
2094,9,1972.00,844.00,80.00,120.00,7.0499,-1,-1,-1
2094,13,1835.00,1300.00,74.00,108.00,7.0432,-1,-1,-1
2095,9,1981.00,843.00,73.00,120.00,7.0210,-1,-1,-1
2095,13,1842.00,1296.00,73.00,111.00,7.0039,-1,-1,-1
2096,9,1986.00,845.00,73.00,121.00,7.0414,-1,-1,-1
2096,13,1847.00,1296.00,71.00,107.00,6.9922,-1,-1,-1
2097,13,1851.00,1298.00,72.00,106.00,7.0264,-1,-1,-1
2097,9,1993.00,844.00,70.00,120.00,6.9917,-1,-1,-1
2098,13,1855.00,1297.00,71.00,104.00,7.1089,-1,-1,-1
2098,9,1991.00,842.00,79.00,119.00,6.9418,-1,-1,-1
2099,13,1858.00,1295.00,75.00,108.00,7.0850,-1,-1,-1
2099,9,1996.00,842.00,78.00,118.00,6.8995,-1,-1,-1
2100,13,1863.00,1297.00,74.00,107.00,7.1265,-1,-1,-1
2100,9,2000.00,839.00,80.00,120.00,6.8945,-1,-1,-1
2101,13,1870.00,1289.00,69.00,109.00,7.1438,-1,-1,-1
2101,9,2005.00,840.00,80.00,114.00,6.9859,-1,-1,-1
2102,13,1874.00,1287.00,69.00,109.00,7.1526,-1,-1,-1
2102,9,2010.00,840.00,81.00,120.00,7.0294,-1,-1,-1
2103,13,1875.00,1287.00,72.00,114.00,7.1593,-1,-1,-1
2103,9,2013.00,836.00,82.00,123.00,7.0885,-1,-1,-1
2104,9,2016.00,836.00,82.00,116.00,7.1313,-1,-1,-1
2104,13,1884.00,1282.00,69.00,110.00,7.0561,-1,-1,-1
2105,9,2018.00,834.00,85.00,117.00,7.0527,-1,-1,-1
2105,13,1886.00,1281.00,70.00,111.00,6.8914,-1,-1,-1
2106,9,2023.00,833.00,85.00,118.00,6.9519,-1,-1,-1
2106,13,1889.00,1280.00,70.00,113.00,6.7643,-1,-1,-1
2107,9,2025.00,831.00,89.00,125.00,7.0191,-1,-1,-1
2107,13,1893.00,1280.00,68.00,109.00,6.7142,-1,-1,-1
2108,9,2030.00,829.00,86.00,124.00,7.0815,-1,-1,-1
2108,13,1897.00,1278.00,67.00,107.00,6.6906,-1,-1,-1
2109,9,2030.00,828.00,86.00,126.00,7.1479,-1,-1,-1
2109,13,1902.00,1274.00,63.00,107.00,6.6018,-1,-1,-1
2110,9,2033.00,826.00,84.00,126.00,7.1769,-1,-1,-1
2110,13,1902.00,1281.00,66.00,99.00,6.6450,-1,-1,-1
2111,9,2035.00,825.00,83.00,126.00,7.1964,-1,-1,-1
2111,13,1903.00,1282.00,67.00,100.00,6.6525,-1,-1,-1
2112,9,2037.00,824.00,83.00,126.00,7.2244,-1,-1,-1
2112,13,1909.00,1277.00,62.00,97.00,6.6086,-1,-1,-1
2113,9,2038.00,824.00,83.00,120.00,7.1861,-1,-1,-1
2113,13,1910.00,1275.00,64.00,98.00,6.6198,-1,-1,-1
2114,9,2045.00,823.00,76.00,119.00,7.0184,-1,-1,-1
2114,13,1912.00,1271.00,65.00,101.00,6.6169,-1,-1,-1
2115,9,2048.00,821.00,76.00,116.00,6.9354,-1,-1,-1
2115,13,1921.00,1268.00,54.00,89.00,6.6757,-1,-1,-1
2116,9,2051.00,821.00,72.00,114.00,6.7152,-1,-1,-1
2116,13,1915.00,1269.00,63.00,102.00,6.6103,-1,-1,-1
2117,9,2054.00,819.00,71.00,107.00,6.6021,-1,-1,-1
2117,13,1916.00,1268.00,64.00,102.00,6.5504,-1,-1,-1
2118,13,1915.00,1268.00,69.00,104.00,6.6186,-1,-1,-1
2118,9,2053.00,817.00,73.00,110.00,6.5206,-1,-1,-1
2119,13,1919.00,1262.00,66.00,107.00,6.6824,-1,-1,-1
2119,9,2055.00,816.00,72.00,109.00,6.4784,-1,-1,-1
2120,13,1920.00,1261.00,65.00,105.00,6.7570,-1,-1,-1
2120,9,2053.00,815.00,76.00,115.00,6.5148,-1,-1,-1
2121,13,1920.00,1264.00,67.00,106.00,6.8030,-1,-1,-1
2121,9,2052.00,814.00,80.00,117.00,6.5884,-1,-1,-1
2122,13,1922.00,1259.00,63.00,105.00,6.8184,-1,-1,-1
2122,9,2053.00,812.00,79.00,118.00,6.6572,-1,-1,-1
2123,13,1924.00,1257.00,60.00,104.00,6.7685,-1,-1,-1
2123,9,2053.00,812.00,80.00,116.00,6.7362,-1,-1,-1
2124,9,2054.00,810.00,80.00,117.00,6.8411,-1,-1,-1
2124,13,1924.00,1255.00,60.00,105.00,6.6912,-1,-1,-1
2125,9,2053.00,809.00,82.00,120.00,6.9484,-1,-1,-1
2125,13,1924.00,1254.00,61.00,107.00,6.6240,-1,-1,-1
2126,9,2054.00,808.00,82.00,119.00,7.0489,-1,-1,-1
2126,13,1923.00,1254.00,64.00,109.00,6.6073,-1,-1,-1
2127,9,2055.00,807.00,82.00,119.00,7.1479,-1,-1,-1
2127,13,1923.00,1253.00,66.00,108.00,6.6318,-1,-1,-1
2128,9,2056.00,805.00,81.00,120.00,7.2168,-1,-1,-1
2128,13,1922.00,1251.00,67.00,110.00,6.6637,-1,-1,-1
2128,14,2641.00,520.00,31.00,28.00,2.6341,-1,-1,-1
2129,9,2059.00,804.00,78.00,118.00,7.2544,-1,-1,-1
2129,13,1922.00,1251.00,68.00,108.00,6.7099,-1,-1,-1
2129,14,2641.00,521.00,31.00,28.00,3.3298,-1,-1,-1
2130,9,2059.00,804.00,79.00,118.00,7.3033,-1,-1,-1
2130,13,1922.00,1251.00,69.00,107.00,6.7745,-1,-1,-1
2130,14,2641.00,521.00,31.00,28.00,3.8982,-1,-1,-1
2131,9,2059.00,802.00,80.00,121.00,7.3276,-1,-1,-1
2131,13,1921.00,1250.00,70.00,108.00,6.8473,-1,-1,-1
2131,14,2641.00,522.00,31.00,28.00,2.6427,-1,-1,-1
2132,9,2061.00,802.00,79.00,118.00,7.3076,-1,-1,-1
2132,13,1921.00,1249.00,70.00,108.00,6.9256,-1,-1,-1
2132,14,2641.00,523.00,31.00,28.00,1.7279,-1,-1,-1
2133,9,2063.00,800.00,76.00,120.00,7.1375,-1,-1,-1
2133,13,1922.00,1247.00,70.00,107.00,7.0224,-1,-1,-1
2134,13,1921.00,1246.00,71.00,108.00,7.1023,-1,-1,-1
2134,9,2063.00,799.00,76.00,121.00,6.9910,-1,-1,-1
2135,13,1922.00,1245.00,70.00,108.00,7.1696,-1,-1,-1
2135,9,2063.00,797.00,77.00,123.00,6.7953,-1,-1,-1
2136,13,1921.00,1244.00,70.00,108.00,7.2272,-1,-1,-1
2136,9,2068.00,799.00,70.00,114.00,6.5803,-1,-1,-1
2137,13,1921.00,1242.00,70.00,109.00,7.2619,-1,-1,-1
2137,9,2067.00,797.00,71.00,117.00,6.4245,-1,-1,-1
2138,13,1921.00,1241.00,71.00,109.00,7.3163,-1,-1,-1
2138,9,2064.00,795.00,76.00,119.00,6.3721,-1,-1,-1
2139,13,1921.00,1240.00,72.00,110.00,7.3942,-1,-1,-1
2139,9,2063.00,793.00,79.00,119.00,6.4390,-1,-1,-1
2140,13,1922.00,1240.00,73.00,108.00,7.4622,-1,-1,-1
2140,9,2061.00,791.00,83.00,121.00,6.5441,-1,-1,-1
2141,13,1923.00,1239.00,72.00,107.00,7.4895,-1,-1,-1
2141,9,2061.00,790.00,84.00,121.00,6.6459,-1,-1,-1
2142,13,1922.00,1237.00,74.00,106.00,7.5136,-1,-1,-1
2142,9,2062.00,789.00,84.00,121.00,6.7437,-1,-1,-1
2143,13,1923.00,1235.00,75.00,106.00,7.5609,-1,-1,-1
2143,9,2062.00,788.00,86.00,119.00,6.8216,-1,-1,-1
2144,13,1922.00,1232.00,77.00,109.00,7.5827,-1,-1,-1
2144,9,2061.00,787.00,90.00,121.00,6.8868,-1,-1,-1
2145,13,1922.00,1230.00,77.00,112.00,7.5864,-1,-1,-1
2145,9,2061.00,785.00,94.00,123.00,6.9526,-1,-1,-1
2146,13,1922.00,1229.00,78.00,113.00,7.5596,-1,-1,-1
2146,9,2060.00,784.00,96.00,125.00,7.0200,-1,-1,-1
2147,13,1923.00,1228.00,77.00,113.00,7.5258,-1,-1,-1
2147,9,2060.00,782.00,97.00,129.00,7.0768,-1,-1,-1
2148,13,1927.00,1225.00,73.00,114.00,7.4912,-1,-1,-1
2148,9,2060.00,781.00,97.00,128.00,7.1266,-1,-1,-1
2149,13,1928.00,1224.00,72.00,114.00,7.4491,-1,-1,-1
2149,9,2060.00,778.00,98.00,132.00,7.1570,-1,-1,-1
2150,13,1927.00,1226.00,76.00,109.00,7.4250,-1,-1,-1
2150,9,2060.00,776.00,98.00,135.00,7.1856,-1,-1,-1
2151,13,1926.00,1226.00,77.00,109.00,7.4171,-1,-1,-1
2151,9,2061.00,774.00,97.00,135.00,7.1796,-1,-1,-1
2152,13,1928.00,1225.00,74.00,108.00,7.4468,-1,-1,-1
2152,9,2061.00,773.00,99.00,137.00,7.1358,-1,-1,-1
2153,13,1929.00,1222.00,72.00,110.00,7.4818,-1,-1,-1
2153,9,2062.00,775.00,100.00,133.00,7.0567,-1,-1,-1
2154,13,1929.00,1221.00,72.00,110.00,7.4733,-1,-1,-1
2154,9,2065.00,776.00,97.00,129.00,7.0014,-1,-1,-1
2155,13,1930.00,1221.00,71.00,110.00,7.4807,-1,-1,-1
2155,9,2067.00,775.00,96.00,131.00,7.0032,-1,-1,-1
2156,13,1930.00,1219.00,70.00,112.00,7.4585,-1,-1,-1
2156,9,2066.00,774.00,97.00,131.00,6.9883,-1,-1,-1
2157,13,1930.00,1220.00,71.00,111.00,7.4172,-1,-1,-1
2157,9,2066.00,772.00,96.00,132.00,6.9748,-1,-1,-1
2158,13,1929.00,1218.00,73.00,111.00,7.3700,-1,-1,-1
2158,9,2066.00,771.00,97.00,131.00,6.9600,-1,-1,-1
2159,13,1929.00,1219.00,72.00,110.00,7.2932,-1,-1,-1
2159,9,2066.00,770.00,98.00,130.00,6.9785,-1,-1,-1
2160,13,1929.00,1218.00,72.00,111.00,7.1286,-1,-1,-1
2160,9,2065.00,769.00,97.00,130.00,7.0158,-1,-1,-1
2161,9,2066.00,769.00,95.00,128.00,7.0543,-1,-1,-1
2161,13,1932.00,1212.00,70.00,113.00,6.9878,-1,-1,-1
2162,9,2066.00,768.00,95.00,129.00,7.0920,-1,-1,-1
2162,13,1932.00,1212.00,70.00,112.00,6.8682,-1,-1,-1
2163,9,2067.00,767.00,94.00,130.00,7.1301,-1,-1,-1
2163,13,1932.00,1211.00,70.00,111.00,6.7979,-1,-1,-1
2164,9,2067.00,766.00,94.00,130.00,7.1725,-1,-1,-1
2164,13,1932.00,1210.00,71.00,112.00,6.7388,-1,-1,-1
2165,9,2069.00,765.00,90.00,129.00,7.2124,-1,-1,-1
2165,13,1932.00,1209.00,71.00,111.00,6.7445,-1,-1,-1
2166,9,2070.00,765.00,90.00,129.00,7.2557,-1,-1,-1
2166,13,1933.00,1208.00,71.00,112.00,6.7470,-1,-1,-1
2167,9,2070.00,765.00,90.00,128.00,7.2946,-1,-1,-1
2167,13,1932.00,1207.00,74.00,112.00,6.7643,-1,-1,-1
2168,9,2072.00,764.00,86.00,128.00,7.3172,-1,-1,-1
2168,13,1933.00,1206.00,73.00,111.00,6.7960,-1,-1,-1
2169,9,2072.00,762.00,87.00,130.00,7.3275,-1,-1,-1
2169,13,1935.00,1205.00,72.00,109.00,6.8084,-1,-1,-1
2170,9,2073.00,761.00,84.00,128.00,7.2870,-1,-1,-1
2170,13,1937.00,1204.00,70.00,105.00,6.8581,-1,-1,-1
2171,9,2074.00,759.00,83.00,127.00,7.2321,-1,-1,-1
2171,13,1936.00,1203.00,72.00,106.00,6.9385,-1,-1,-1
2172,9,2076.00,757.00,81.00,125.00,7.1536,-1,-1,-1
2172,13,1937.00,1203.00,72.00,105.00,7.0264,-1,-1,-1
2173,13,1938.00,1202.00,71.00,105.00,7.1011,-1,-1,-1
2173,9,2075.00,756.00,82.00,127.00,7.0689,-1,-1,-1
2174,13,1939.00,1201.00,70.00,105.00,7.1615,-1,-1,-1
2174,9,2078.00,754.00,78.00,124.00,6.9817,-1,-1,-1
2175,13,1940.00,1199.00,69.00,106.00,7.2026,-1,-1,-1
2175,9,2078.00,752.00,79.00,126.00,6.8717,-1,-1,-1
2176,13,1940.00,1195.00,70.00,110.00,7.2477,-1,-1,-1
2176,9,2078.00,751.00,79.00,127.00,6.7362,-1,-1,-1
2177,13,1939.00,1193.00,72.00,111.00,7.1925,-1,-1,-1
2177,9,2080.00,751.00,77.00,127.00,6.6455,-1,-1,-1
2178,13,1941.00,1188.00,70.00,112.00,7.1461,-1,-1,-1
2178,9,2081.00,750.00,77.00,127.00,6.4964,-1,-1,-1
2179,13,1943.00,1188.00,69.00,109.00,7.1472,-1,-1,-1
2179,9,2089.00,755.00,66.00,108.00,6.3403,-1,-1,-1
2180,13,1943.00,1187.00,71.00,108.00,7.1893,-1,-1,-1
2180,9,2089.00,754.00,65.00,109.00,6.2216,-1,-1,-1
2181,13,1944.00,1185.00,71.00,108.00,7.1887,-1,-1,-1
2181,9,2091.00,752.00,63.00,105.00,6.1874,-1,-1,-1
2182,13,1943.00,1184.00,75.00,109.00,7.2113,-1,-1,-1
2182,9,2092.00,751.00,63.00,104.00,6.1562,-1,-1,-1
2183,13,1946.00,1180.00,71.00,111.00,7.1997,-1,-1,-1
2183,9,2091.00,750.00,66.00,106.00,6.1925,-1,-1,-1
2184,13,1946.00,1179.00,73.00,112.00,7.2014,-1,-1,-1
2184,9,2092.00,748.00,66.00,107.00,6.2514,-1,-1,-1
2185,13,1946.00,1179.00,73.00,113.00,7.2037,-1,-1,-1
2185,9,2090.00,747.00,69.00,110.00,6.3346,-1,-1,-1
2186,13,1947.00,1178.00,72.00,113.00,7.1619,-1,-1,-1
2186,9,2089.00,746.00,72.00,114.00,6.4441,-1,-1,-1
2187,13,1949.00,1177.00,68.00,111.00,7.0594,-1,-1,-1
2187,9,2089.00,744.00,74.00,117.00,6.5364,-1,-1,-1
2188,13,1949.00,1177.00,69.00,112.00,7.0021,-1,-1,-1
2188,9,2089.00,743.00,75.00,119.00,6.6039,-1,-1,-1
2189,13,1949.00,1176.00,70.00,112.00,6.9665,-1,-1,-1
2189,9,2089.00,742.00,75.00,120.00,6.6823,-1,-1,-1
2190,13,1948.00,1183.00,70.00,103.00,6.9686,-1,-1,-1
2190,9,2089.00,740.00,76.00,121.00,6.7677,-1,-1,-1
2191,13,1950.00,1183.00,69.00,103.00,6.9242,-1,-1,-1
2191,9,2089.00,739.00,77.00,122.00,6.8582,-1,-1,-1
2192,9,2089.00,739.00,77.00,120.00,6.9449,-1,-1,-1
2192,13,1951.00,1182.00,67.00,102.00,6.9086,-1,-1,-1
2193,9,2089.00,738.00,78.00,120.00,7.0141,-1,-1,-1
2193,13,1952.00,1181.00,65.00,102.00,6.9188,-1,-1,-1
2194,9,2089.00,737.00,79.00,121.00,7.0828,-1,-1,-1
2194,13,1952.00,1178.00,65.00,103.00,6.9736,-1,-1,-1
2195,9,2089.00,736.00,79.00,122.00,7.1451,-1,-1,-1
2195,13,1953.00,1177.00,63.00,102.00,7.0275,-1,-1,-1
2196,9,2089.00,734.00,79.00,123.00,7.1939,-1,-1,-1
2196,13,1953.00,1175.00,63.00,102.00,7.1043,-1,-1,-1
2197,9,2090.00,733.00,78.00,122.00,7.2322,-1,-1,-1
2197,13,1953.00,1174.00,63.00,102.00,7.1013,-1,-1,-1
2198,9,2089.00,731.00,80.00,125.00,7.2442,-1,-1,-1
2198,13,1955.00,1171.00,61.00,102.00,7.0749,-1,-1,-1
2199,9,2090.00,730.00,79.00,126.00,7.2441,-1,-1,-1
2199,13,1956.00,1170.00,61.00,102.00,7.1041,-1,-1,-1
2200,9,2089.00,729.00,81.00,129.00,7.2502,-1,-1,-1
2200,13,1955.00,1169.00,64.00,104.00,7.1590,-1,-1,-1
2201,13,1953.00,1167.00,66.00,105.00,7.2391,-1,-1,-1
2201,9,2089.00,727.00,82.00,131.00,7.2259,-1,-1,-1
2202,13,1953.00,1166.00,67.00,105.00,7.2982,-1,-1,-1
2202,9,2089.00,726.00,82.00,130.00,7.1693,-1,-1,-1
2203,13,1953.00,1165.00,69.00,105.00,7.3519,-1,-1,-1
2203,9,2089.00,725.00,82.00,131.00,7.1137,-1,-1,-1
2204,13,1954.00,1165.00,69.00,105.00,7.3803,-1,-1,-1
2204,9,2089.00,723.00,82.00,134.00,6.9871,-1,-1,-1
2205,13,1954.00,1164.00,69.00,105.00,7.3820,-1,-1,-1
2205,9,2088.00,723.00,83.00,134.00,6.8403,-1,-1,-1
2206,13,1954.00,1163.00,69.00,106.00,7.3742,-1,-1,-1
2206,9,2092.00,722.00,78.00,130.00,6.6756,-1,-1,-1
2207,13,1953.00,1162.00,71.00,107.00,7.3903,-1,-1,-1
2207,9,2092.00,721.00,79.00,131.00,6.4709,-1,-1,-1
2208,13,1952.00,1160.00,72.00,108.00,7.4034,-1,-1,-1
2208,9,2093.00,720.00,78.00,131.00,6.3620,-1,-1,-1
2209,13,1954.00,1160.00,71.00,103.00,7.3736,-1,-1,-1
2209,9,2093.00,718.00,79.00,131.00,6.2717,-1,-1,-1
2210,13,1954.00,1158.00,72.00,105.00,7.3300,-1,-1,-1
2210,9,2094.00,718.00,78.00,128.00,6.1413,-1,-1,-1
2211,13,1953.00,1154.00,73.00,110.00,7.3085,-1,-1,-1
2211,9,2110.00,716.00,57.00,99.00,5.9933,-1,-1,-1
2212,13,1954.00,1156.00,74.00,106.00,7.2880,-1,-1,-1
2212,9,2111.00,715.00,56.00,99.00,5.9491,-1,-1,-1
2213,13,1955.00,1153.00,71.00,107.00,7.2777,-1,-1,-1
2213,9,2111.00,714.00,56.00,101.00,5.8902,-1,-1,-1
2214,13,1955.00,1155.00,72.00,105.00,7.2464,-1,-1,-1
2214,9,2103.00,711.00,69.00,118.00,5.8383,-1,-1,-1
2215,13,1956.00,1152.00,71.00,107.00,7.2041,-1,-1,-1
2215,9,2108.00,713.00,61.00,104.00,5.8619,-1,-1,-1
2216,13,1957.00,1151.00,70.00,108.00,7.1603,-1,-1,-1
2216,9,2109.00,711.00,60.00,109.00,5.8295,-1,-1,-1
2217,13,1959.00,1150.00,68.00,107.00,7.1520,-1,-1,-1
2217,9,2109.00,711.00,60.00,108.00,5.8708,-1,-1,-1
2218,13,1960.00,1149.00,67.00,105.00,7.1588,-1,-1,-1
2218,9,2109.00,710.00,61.00,109.00,5.8846,-1,-1,-1
2219,13,1961.00,1148.00,66.00,105.00,7.1086,-1,-1,-1
2219,9,2109.00,707.00,61.00,111.00,5.9624,-1,-1,-1
2220,13,1960.00,1146.00,67.00,108.00,6.9905,-1,-1,-1
2220,9,2110.00,707.00,61.00,111.00,6.1132,-1,-1,-1
2221,13,1962.00,1142.00,67.00,110.00,6.9279,-1,-1,-1
2221,9,2111.00,706.00,61.00,114.00,6.1215,-1,-1,-1
2222,13,1963.00,1140.00,66.00,109.00,6.9545,-1,-1,-1
2222,9,2112.00,705.00,61.00,117.00,6.0199,-1,-1,-1
2223,13,1963.00,1138.00,67.00,109.00,7.0237,-1,-1,-1
2223,9,2112.00,705.00,61.00,116.00,5.9554,-1,-1,-1
2224,13,1963.00,1136.00,67.00,111.00,7.0758,-1,-1,-1
2224,9,2119.00,704.00,52.00,94.00,5.9067,-1,-1,-1
2225,13,1963.00,1135.00,68.00,112.00,7.1176,-1,-1,-1
2225,9,2112.00,703.00,63.00,113.00,5.9854,-1,-1,-1
2226,13,1963.00,1134.00,70.00,114.00,7.1477,-1,-1,-1
2226,9,2110.00,702.00,67.00,114.00,6.1525,-1,-1,-1
2227,13,1963.00,1134.00,70.00,114.00,7.1524,-1,-1,-1
2227,9,2108.00,701.00,71.00,117.00,6.3023,-1,-1,-1
2228,13,1965.00,1134.00,68.00,113.00,7.1080,-1,-1,-1
2228,9,2106.00,700.00,75.00,119.00,6.4348,-1,-1,-1
2229,13,1965.00,1134.00,69.00,111.00,7.0841,-1,-1,-1
2229,9,2107.00,700.00,75.00,114.00,6.5489,-1,-1,-1
2230,13,1966.00,1135.00,68.00,108.00,7.0421,-1,-1,-1
2230,9,2106.00,699.00,78.00,117.00,6.6501,-1,-1,-1
2231,13,1967.00,1135.00,68.00,107.00,7.0140,-1,-1,-1
2231,9,2105.00,698.00,81.00,118.00,6.7371,-1,-1,-1
2232,13,1970.00,1129.00,68.00,111.00,6.9787,-1,-1,-1
2232,9,2106.00,696.00,80.00,120.00,6.8277,-1,-1,-1
2233,13,1970.00,1129.00,68.00,109.00,6.9486,-1,-1,-1
2233,9,2105.00,694.00,83.00,122.00,6.9114,-1,-1,-1
2234,9,2105.00,693.00,83.00,120.00,7.0044,-1,-1,-1
2234,13,1970.00,1128.00,68.00,109.00,6.9205,-1,-1,-1
2235,9,2104.00,692.00,85.00,122.00,7.0955,-1,-1,-1
2235,13,1971.00,1127.00,68.00,108.00,6.8946,-1,-1,-1
2236,9,2105.00,690.00,84.00,122.00,7.1651,-1,-1,-1
2236,13,1971.00,1126.00,69.00,109.00,6.9103,-1,-1,-1
2237,9,2104.00,689.00,86.00,123.00,7.2439,-1,-1,-1
2237,13,1970.00,1132.00,69.00,103.00,6.9497,-1,-1,-1
2238,9,2104.00,687.00,86.00,122.00,7.2989,-1,-1,-1
2238,13,1970.00,1130.00,69.00,103.00,7.0095,-1,-1,-1
2239,9,2105.00,687.00,85.00,121.00,7.3417,-1,-1,-1
2239,13,1971.00,1123.00,68.00,109.00,7.0394,-1,-1,-1
2240,9,2107.00,686.00,82.00,119.00,7.3880,-1,-1,-1
2240,13,1970.00,1122.00,68.00,108.00,7.0917,-1,-1,-1
2241,9,2107.00,684.00,81.00,122.00,7.3994,-1,-1,-1
2241,13,1971.00,1120.00,67.00,108.00,7.1497,-1,-1,-1
2242,9,2108.00,683.00,80.00,123.00,7.3902,-1,-1,-1
2242,13,1973.00,1120.00,65.00,106.00,7.1646,-1,-1,-1
2243,9,2109.00,683.00,79.00,122.00,7.3744,-1,-1,-1
2243,13,1974.00,1119.00,65.00,107.00,7.1835,-1,-1,-1
2244,9,2110.00,682.00,79.00,125.00,7.2869,-1,-1,-1
2244,13,1973.00,1119.00,66.00,106.00,7.2234,-1,-1,-1
2245,9,2111.00,682.00,78.00,122.00,7.2673,-1,-1,-1
2245,13,1974.00,1119.00,66.00,105.00,7.2475,-1,-1,-1
2246,13,1973.00,1117.00,69.00,105.00,7.3088,-1,-1,-1
2246,9,2110.00,681.00,80.00,124.00,7.2598,-1,-1,-1
2247,13,1973.00,1115.00,71.00,107.00,7.3808,-1,-1,-1
2247,9,2110.00,680.00,81.00,126.00,7.2434,-1,-1,-1
2248,13,1973.00,1112.00,73.00,111.00,7.4332,-1,-1,-1
2248,9,2110.00,678.00,82.00,128.00,7.1915,-1,-1,-1
2249,13,1973.00,1111.00,74.00,112.00,7.4713,-1,-1,-1
2249,9,2111.00,677.00,81.00,128.00,7.1278,-1,-1,-1
2250,13,1973.00,1110.00,74.00,111.00,7.4729,-1,-1,-1
2250,9,2112.00,673.00,81.00,133.00,7.0576,-1,-1,-1
2251,13,1974.00,1108.00,74.00,114.00,7.4395,-1,-1,-1
2251,9,2112.00,672.00,81.00,132.00,7.0467,-1,-1,-1
2252,13,1975.00,1107.00,73.00,111.00,7.3754,-1,-1,-1
2252,9,2113.00,672.00,80.00,132.00,7.0147,-1,-1,-1
2253,13,1976.00,1109.00,74.00,107.00,7.3308,-1,-1,-1
2253,9,2113.00,671.00,81.00,132.00,7.0048,-1,-1,-1
2254,13,1978.00,1107.00,72.00,107.00,7.2614,-1,-1,-1
2254,9,2113.00,670.00,82.00,134.00,6.9866,-1,-1,-1
2255,13,1978.00,1106.00,72.00,107.00,7.1822,-1,-1,-1
2255,9,2112.00,669.00,83.00,135.00,6.9453,-1,-1,-1
2256,13,1979.00,1105.00,71.00,106.00,7.1244,-1,-1,-1
2256,9,2114.00,669.00,81.00,132.00,6.9497,-1,-1,-1
2257,13,1978.00,1104.00,73.00,107.00,7.1361,-1,-1,-1
2257,9,2115.00,669.00,80.00,130.00,6.9364,-1,-1,-1
2258,13,1979.00,1103.00,71.00,106.00,7.1187,-1,-1,-1
2258,9,2115.00,669.00,80.00,127.00,6.8920,-1,-1,-1
2259,13,1979.00,1102.00,71.00,107.00,7.1363,-1,-1,-1
2259,9,2118.00,670.00,76.00,122.00,6.8031,-1,-1,-1
2260,13,1979.00,1101.00,70.00,107.00,7.1142,-1,-1,-1
2260,9,2118.00,668.00,77.00,124.00,6.6443,-1,-1,-1
2261,13,1979.00,1100.00,70.00,107.00,7.0739,-1,-1,-1
2261,9,2120.00,665.00,76.00,125.00,6.4267,-1,-1,-1
2262,13,1979.00,1100.00,70.00,105.00,6.9466,-1,-1,-1
2262,9,2120.00,663.00,76.00,126.00,6.2187,-1,-1,-1
2263,13,1982.00,1095.00,66.00,107.00,6.8212,-1,-1,-1
2263,9,2128.00,663.00,63.00,102.00,5.9538,-1,-1,-1
2264,13,1982.00,1094.00,66.00,108.00,6.6722,-1,-1,-1
2264,9,2127.00,661.00,65.00,105.00,5.8181,-1,-1,-1
2265,13,1984.00,1093.00,64.00,108.00,6.5132,-1,-1,-1
2265,9,2125.00,660.00,69.00,109.00,5.7266,-1,-1,-1
2266,13,1985.00,1093.00,65.00,111.00,6.3491,-1,-1,-1
2266,9,2119.00,664.00,77.00,120.00,5.5640,-1,-1,-1
2267,13,1985.00,1092.00,66.00,112.00,6.2697,-1,-1,-1
2267,9,2131.00,660.00,64.00,102.00,5.4650,-1,-1,-1
2268,13,1985.00,1091.00,66.00,113.00,6.2557,-1,-1,-1
2268,9,2132.00,659.00,65.00,100.00,5.4276,-1,-1,-1
2269,13,1985.00,1090.00,67.00,110.00,6.3885,-1,-1,-1
2269,9,2135.00,660.00,63.00,96.00,5.3781,-1,-1,-1
2270,13,1986.00,1088.00,68.00,111.00,6.5438,-1,-1,-1
2270,9,2131.00,658.00,70.00,107.00,5.4739,-1,-1,-1
2271,13,1986.00,1087.00,69.00,111.00,6.6674,-1,-1,-1
2271,9,2128.00,653.00,73.00,117.00,5.6497,-1,-1,-1
2272,13,1986.00,1086.00,70.00,111.00,6.7518,-1,-1,-1
2272,9,2127.00,652.00,74.00,120.00,5.8360,-1,-1,-1
2273,13,1986.00,1084.00,70.00,111.00,6.7612,-1,-1,-1
2273,9,2128.00,651.00,72.00,120.00,5.9975,-1,-1,-1
2274,13,1989.00,1084.00,67.00,108.00,6.7469,-1,-1,-1
2274,9,2129.00,651.00,71.00,120.00,6.0887,-1,-1,-1
2275,13,1989.00,1084.00,68.00,105.00,6.7575,-1,-1,-1
2275,9,2138.00,651.00,60.00,106.00,6.2012,-1,-1,-1
2276,13,1989.00,1082.00,69.00,108.00,6.7932,-1,-1,-1
2276,9,2138.00,649.00,61.00,107.00,6.2961,-1,-1,-1
2277,13,1989.00,1082.00,70.00,107.00,6.8203,-1,-1,-1
2277,9,2140.00,648.00,58.00,107.00,6.3013,-1,-1,-1
2278,13,1990.00,1081.00,68.00,105.00,6.8865,-1,-1,-1
2278,9,2138.00,647.00,62.00,111.00,6.3340,-1,-1,-1
2279,13,1991.00,1081.00,68.00,105.00,6.9404,-1,-1,-1
2279,9,2138.00,646.00,63.00,110.00,6.3885,-1,-1,-1
2280,13,1992.00,1081.00,67.00,104.00,6.9645,-1,-1,-1
2280,9,2139.00,644.00,62.00,107.00,6.4142,-1,-1,-1
2281,13,1994.00,1075.00,64.00,107.00,6.9937,-1,-1,-1
2281,9,2135.00,645.00,69.00,114.00,6.4967,-1,-1,-1
2282,13,1994.00,1074.00,65.00,108.00,7.0127,-1,-1,-1
2282,9,2136.00,641.00,67.00,113.00,6.5547,-1,-1,-1
2283,13,1994.00,1073.00,65.00,108.00,7.0170,-1,-1,-1
2283,9,2137.00,639.00,66.00,113.00,6.5537,-1,-1,-1
2284,13,1995.00,1071.00,64.00,109.00,6.9723,-1,-1,-1
2284,9,2137.00,638.00,66.00,114.00,6.5734,-1,-1,-1
2285,13,1995.00,1071.00,64.00,108.00,6.9421,-1,-1,-1
2285,9,2137.00,636.00,67.00,115.00,6.6054,-1,-1,-1
2286,13,1997.00,1071.00,62.00,107.00,6.9044,-1,-1,-1
2286,9,2138.00,635.00,66.00,114.00,6.5834,-1,-1,-1
2287,13,1997.00,1069.00,63.00,107.00,6.8639,-1,-1,-1
2287,9,2137.00,635.00,68.00,118.00,6.6396,-1,-1,-1
2288,13,1997.00,1068.00,63.00,106.00,6.8274,-1,-1,-1
2288,9,2136.00,634.00,69.00,119.00,6.6410,-1,-1,-1
2289,13,1994.00,1066.00,66.00,109.00,6.7826,-1,-1,-1
2289,9,2136.00,632.00,71.00,120.00,6.6406,-1,-1,-1
2290,13,1994.00,1066.00,67.00,108.00,6.8318,-1,-1,-1
2290,9,2138.00,635.00,69.00,110.00,6.6353,-1,-1,-1
2291,13,1995.00,1066.00,66.00,108.00,6.8690,-1,-1,-1
2291,9,2139.00,634.00,68.00,111.00,6.5764,-1,-1,-1
2292,13,1995.00,1064.00,66.00,108.00,6.8448,-1,-1,-1
2292,9,2139.00,633.00,69.00,113.00,6.4789,-1,-1,-1
2293,13,1998.00,1062.00,63.00,105.00,6.7946,-1,-1,-1
2293,9,2137.00,628.00,74.00,122.00,6.4778,-1,-1,-1
2294,13,1997.00,1060.00,64.00,106.00,6.7391,-1,-1,-1
2294,9,2137.00,627.00,75.00,122.00,6.4578,-1,-1,-1
2295,13,1997.00,1061.00,65.00,103.00,6.7758,-1,-1,-1
2295,9,2144.00,628.00,66.00,105.00,6.4137,-1,-1,-1
2296,13,1997.00,1060.00,65.00,104.00,6.8245,-1,-1,-1
2296,9,2145.00,627.00,64.00,104.00,6.3820,-1,-1,-1
2297,13,1998.00,1059.00,65.00,104.00,6.9132,-1,-1,-1
2297,9,2147.00,625.00,60.00,104.00,6.2825,-1,-1,-1
2298,13,1999.00,1058.00,64.00,102.00,7.0079,-1,-1,-1
2298,9,2157.00,628.00,47.00,80.00,6.1256,-1,-1,-1
2299,13,2000.00,1056.00,64.00,103.00,7.0776,-1,-1,-1
2299,9,2157.00,627.00,47.00,82.00,6.0491,-1,-1,-1
2300,13,2001.00,1054.00,64.00,103.00,7.1181,-1,-1,-1
2300,9,2148.00,624.00,60.00,105.00,6.0226,-1,-1,-1
2301,13,2002.00,1055.00,63.00,102.00,7.1441,-1,-1,-1
2301,9,2147.00,624.00,62.00,107.00,6.0281,-1,-1,-1
2302,13,2003.00,1054.00,63.00,104.00,7.1429,-1,-1,-1
2302,9,2146.00,623.00,63.00,110.00,5.9402,-1,-1,-1
2303,13,2003.00,1055.00,65.00,102.00,7.1411,-1,-1,-1
2303,9,2146.00,624.00,65.00,109.00,6.0204,-1,-1,-1
2304,13,2004.00,1052.00,64.00,105.00,7.0574,-1,-1,-1
2304,9,2146.00,623.00,65.00,109.00,6.1019,-1,-1,-1
2305,13,2003.00,1051.00,66.00,106.00,6.9636,-1,-1,-1
2305,9,2146.00,623.00,66.00,108.00,6.2537,-1,-1,-1
2306,13,2005.00,1046.00,65.00,108.00,6.8851,-1,-1,-1
2306,9,2148.00,623.00,64.00,105.00,6.3719,-1,-1,-1
2307,13,2007.00,1045.00,63.00,108.00,6.7952,-1,-1,-1
2307,9,2149.00,622.00,64.00,105.00,6.4501,-1,-1,-1
2308,13,2008.00,1046.00,63.00,108.00,6.6521,-1,-1,-1
2308,9,2148.00,622.00,66.00,107.00,6.5812,-1,-1,-1
2309,9,2148.00,622.00,66.00,108.00,6.6593,-1,-1,-1
2309,13,2009.00,1048.00,65.00,104.00,6.5555,-1,-1,-1
2310,9,2147.00,622.00,68.00,112.00,6.7316,-1,-1,-1
2310,13,2008.00,1048.00,67.00,106.00,6.4515,-1,-1,-1
2311,9,2147.00,623.00,69.00,114.00,6.7525,-1,-1,-1
2311,13,2007.00,1047.00,69.00,107.00,6.3879,-1,-1,-1
2312,9,2148.00,623.00,68.00,114.00,6.7501,-1,-1,-1
2312,13,2007.00,1048.00,69.00,107.00,6.2964,-1,-1,-1
2313,9,2150.00,623.00,66.00,114.00,6.6386,-1,-1,-1
2313,13,2009.00,1052.00,66.00,106.00,6.2367,-1,-1,-1
2314,9,2150.00,624.00,65.00,109.00,6.5142,-1,-1,-1
2314,13,2010.00,1053.00,65.00,105.00,6.2231,-1,-1,-1
2315,9,2154.00,621.00,62.00,111.00,6.3873,-1,-1,-1
2315,13,2010.00,1055.00,65.00,102.00,6.2964,-1,-1,-1
2316,9,2155.00,621.00,61.00,109.00,6.3920,-1,-1,-1
2316,13,2010.00,1055.00,65.00,103.00,6.3607,-1,-1,-1
2317,9,2152.00,622.00,66.00,111.00,6.4759,-1,-1,-1
2317,13,2010.00,1057.00,66.00,102.00,6.4644,-1,-1,-1
2318,9,2154.00,623.00,63.00,108.00,6.5493,-1,-1,-1
2318,13,2011.00,1057.00,65.00,104.00,6.5404,-1,-1,-1
2319,9,2156.00,622.00,61.00,107.00,6.5486,-1,-1,-1
2319,13,2013.00,1057.00,62.00,102.00,6.4732,-1,-1,-1
2320,9,2158.00,624.00,59.00,106.00,6.5589,-1,-1,-1
2320,13,2016.00,1059.00,59.00,99.00,6.2063,-1,-1,-1
2321,9,2158.00,625.00,60.00,107.00,6.5687,-1,-1,-1
2321,13,2016.00,1058.00,60.00,101.00,6.0749,-1,-1,-1
2322,9,2159.00,627.00,59.00,104.00,6.6274,-1,-1,-1
2322,13,2016.00,1059.00,61.00,103.00,5.8991,-1,-1,-1
2323,9,2159.00,628.00,60.00,104.00,6.7147,-1,-1,-1
2323,13,2015.00,1059.00,63.00,104.00,5.8923,-1,-1,-1
2324,9,2157.00,628.00,64.00,117.00,6.7432,-1,-1,-1
2324,13,2014.00,1062.00,65.00,103.00,6.0084,-1,-1,-1
2325,9,2157.00,630.00,64.00,118.00,6.7535,-1,-1,-1
2325,13,2016.00,1063.00,62.00,102.00,6.0806,-1,-1,-1
2326,9,2165.00,631.00,54.00,97.00,6.7236,-1,-1,-1
2326,13,2016.00,1063.00,64.00,102.00,6.2238,-1,-1,-1
2327,9,2166.00,633.00,54.00,96.00,6.6977,-1,-1,-1
2327,13,2018.00,1061.00,59.00,101.00,6.3082,-1,-1,-1
2328,9,2160.00,633.00,62.00,111.00,6.7932,-1,-1,-1
2328,13,2016.00,1067.00,64.00,106.00,6.3799,-1,-1,-1
2329,9,2161.00,635.00,62.00,110.00,6.8784,-1,-1,-1
2329,13,2017.00,1067.00,63.00,105.00,6.4657,-1,-1,-1
2330,9,2162.00,636.00,62.00,106.00,6.9577,-1,-1,-1
2330,13,2018.00,1069.00,64.00,104.00,6.5458,-1,-1,-1
2331,9,2164.00,638.00,60.00,101.00,6.9385,-1,-1,-1
2331,13,2019.00,1069.00,61.00,101.00,6.6084,-1,-1,-1
2332,9,2163.00,641.00,62.00,102.00,6.9438,-1,-1,-1
2332,13,2020.00,1072.00,61.00,100.00,6.6689,-1,-1,-1
2333,9,2164.00,642.00,61.00,100.00,6.8984,-1,-1,-1
2333,13,2021.00,1074.00,60.00,102.00,6.6744,-1,-1,-1
2334,9,2163.00,642.00,63.00,102.00,6.8223,-1,-1,-1
2334,13,2017.00,1074.00,66.00,106.00,6.7731,-1,-1,-1
2335,13,2019.00,1075.00,64.00,106.00,6.8429,-1,-1,-1
2335,9,2165.00,645.00,61.00,97.00,6.7930,-1,-1,-1
2336,13,2021.00,1076.00,63.00,104.00,6.8523,-1,-1,-1
2336,9,2164.00,646.00,63.00,102.00,6.7776,-1,-1,-1
2337,13,2022.00,1079.00,61.00,104.00,6.8596,-1,-1,-1
2337,9,2164.00,647.00,63.00,104.00,6.7584,-1,-1,-1
2338,13,2021.00,1080.00,62.00,104.00,6.9041,-1,-1,-1
2338,9,2165.00,648.00,63.00,102.00,6.7472,-1,-1,-1
2339,13,2020.00,1081.00,63.00,104.00,6.9305,-1,-1,-1
2339,9,2165.00,649.00,63.00,104.00,6.7159,-1,-1,-1
2340,13,2023.00,1082.00,60.00,101.00,6.9967,-1,-1,-1
2340,9,2166.00,650.00,63.00,103.00,6.7101,-1,-1,-1
2341,13,2025.00,1084.00,57.00,100.00,6.9452,-1,-1,-1
2341,9,2165.00,651.00,65.00,104.00,6.6921,-1,-1,-1
2342,13,2024.00,1085.00,60.00,102.00,6.9033,-1,-1,-1
2342,9,2166.00,650.00,63.00,103.00,6.6888,-1,-1,-1
2343,13,2024.00,1085.00,61.00,101.00,6.9519,-1,-1,-1
2343,9,2166.00,650.00,63.00,105.00,6.6745,-1,-1,-1
2344,13,2024.00,1086.00,63.00,101.00,6.9831,-1,-1,-1
2344,9,2165.00,652.00,66.00,110.00,6.6126,-1,-1,-1
2345,13,2023.00,1086.00,67.00,104.00,6.9894,-1,-1,-1
2345,9,2166.00,653.00,65.00,110.00,6.5380,-1,-1,-1
2346,13,2025.00,1086.00,66.00,102.00,6.9765,-1,-1,-1
2346,9,2167.00,650.00,63.00,108.00,6.5510,-1,-1,-1
2347,13,2025.00,1087.00,67.00,101.00,6.9791,-1,-1,-1
2347,9,2163.00,649.00,70.00,123.00,6.5366,-1,-1,-1
2348,13,2026.00,1086.00,68.00,104.00,6.9268,-1,-1,-1
2348,9,2168.00,651.00,63.00,109.00,6.5536,-1,-1,-1
2349,13,2027.00,1086.00,69.00,103.00,6.9144,-1,-1,-1
2349,9,2169.00,652.00,62.00,107.00,6.5791,-1,-1,-1
2350,13,2027.00,1084.00,70.00,106.00,6.8833,-1,-1,-1
2350,9,2169.00,653.00,64.00,105.00,6.6583,-1,-1,-1
2351,13,2029.00,1084.00,67.00,104.00,6.8341,-1,-1,-1
2351,9,2170.00,652.00,63.00,105.00,6.6772,-1,-1,-1
2352,13,2029.00,1084.00,66.00,104.00,6.7186,-1,-1,-1
2352,9,2171.00,651.00,63.00,106.00,6.6515,-1,-1,-1
2353,9,2170.00,650.00,65.00,110.00,6.5639,-1,-1,-1
2353,13,2030.00,1084.00,64.00,101.00,6.5457,-1,-1,-1
2354,13,2032.00,1082.00,64.00,100.00,6.4711,-1,-1,-1
2354,9,2170.00,650.00,66.00,111.00,6.4515,-1,-1,-1
2355,13,2031.00,1081.00,67.00,102.00,6.4676,-1,-1,-1
2355,9,2165.00,650.00,74.00,123.00,6.3964,-1,-1,-1
2356,13,2031.00,1081.00,67.00,102.00,6.4695,-1,-1,-1
2356,9,2171.00,649.00,65.00,111.00,6.2616,-1,-1,-1
2357,13,2032.00,1081.00,67.00,102.00,6.5157,-1,-1,-1
2357,9,2172.00,646.00,65.00,115.00,6.0276,-1,-1,-1
2358,13,2033.00,1081.00,66.00,101.00,6.5785,-1,-1,-1
2358,9,2171.00,646.00,67.00,116.00,5.8034,-1,-1,-1
2359,13,2034.00,1079.00,65.00,103.00,6.6284,-1,-1,-1
2359,9,2171.00,645.00,67.00,115.00,5.6595,-1,-1,-1
2360,13,2033.00,1079.00,67.00,103.00,6.6965,-1,-1,-1
2360,9,2171.00,644.00,67.00,115.00,3.8113,-1,-1,-1
2361,13,2033.00,1078.00,68.00,104.00,6.7611,-1,-1,-1
2361,9,2172.00,643.00,66.00,113.00,3.9479,-1,-1,-1
2362,13,2034.00,1078.00,68.00,104.00,6.8014,-1,-1,-1
2362,9,2180.00,643.00,54.00,95.00,4.1916,-1,-1,-1
2363,13,2034.00,1075.00,68.00,107.00,6.8010,-1,-1,-1
2363,9,2181.00,641.00,54.00,97.00,4.4515,-1,-1,-1
2364,13,2034.00,1069.00,70.00,112.00,6.7401,-1,-1,-1
2364,9,2180.00,639.00,57.00,101.00,4.6859,-1,-1,-1
2365,13,2035.00,1069.00,70.00,110.00,6.7236,-1,-1,-1
2365,9,2180.00,638.00,58.00,103.00,4.8172,-1,-1,-1
2366,13,2036.00,1067.00,70.00,111.00,6.7019,-1,-1,-1
2366,9,2180.00,638.00,58.00,103.00,3.1853,-1,-1,-1
2367,13,2037.00,1067.00,68.00,111.00,6.6765,-1,-1,-1
2367,9,2180.00,637.00,59.00,100.00,3.4278,-1,-1,-1
2368,13,2037.00,1066.00,69.00,111.00,6.6490,-1,-1,-1
2368,9,2180.00,636.00,60.00,102.00,3.6739,-1,-1,-1
2369,13,2040.00,1060.00,64.00,109.00,6.6299,-1,-1,-1
2369,9,2177.00,635.00,66.00,106.00,3.9029,-1,-1,-1
2370,13,2039.00,1059.00,66.00,110.00,6.6417,-1,-1,-1
2370,9,2178.00,633.00,66.00,104.00,4.1556,-1,-1,-1
2371,13,2038.00,1059.00,67.00,110.00,6.6831,-1,-1,-1
2371,9,2174.00,631.00,73.00,112.00,4.4691,-1,-1,-1
2372,13,2037.00,1058.00,69.00,109.00,6.7402,-1,-1,-1
2372,9,2174.00,630.00,76.00,115.00,4.7883,-1,-1,-1
2373,13,2037.00,1057.00,69.00,109.00,6.8020,-1,-1,-1
2373,9,2174.00,630.00,77.00,115.00,5.0804,-1,-1,-1
2374,13,2038.00,1056.00,68.00,107.00,6.8595,-1,-1,-1
2374,9,2174.00,629.00,78.00,115.00,5.3337,-1,-1,-1
2375,13,2037.00,1058.00,70.00,105.00,6.9299,-1,-1,-1
2375,9,2177.00,627.00,74.00,110.00,5.5369,-1,-1,-1
2376,13,2039.00,1054.00,67.00,106.00,6.9491,-1,-1,-1
2376,9,2178.00,626.00,72.00,109.00,5.6789,-1,-1,-1
2377,13,2038.00,1054.00,69.00,106.00,7.0037,-1,-1,-1
2377,9,2179.00,624.00,70.00,109.00,5.8041,-1,-1,-1
2378,13,2038.00,1053.00,70.00,106.00,7.0329,-1,-1,-1
2378,9,2179.00,623.00,70.00,110.00,5.8886,-1,-1,-1
2379,13,2039.00,1052.00,69.00,104.00,7.0744,-1,-1,-1
2379,9,2178.00,620.00,72.00,118.00,5.9404,-1,-1,-1
2380,13,2041.00,1051.00,67.00,104.00,7.0922,-1,-1,-1
2380,9,2179.00,619.00,72.00,118.00,5.9682,-1,-1,-1
2381,13,2043.00,1050.00,65.00,103.00,7.1203,-1,-1,-1
2381,9,2178.00,618.00,74.00,120.00,6.0357,-1,-1,-1
2382,13,2043.00,1050.00,65.00,102.00,7.1252,-1,-1,-1
2382,9,2179.00,617.00,72.00,117.00,6.0813,-1,-1,-1
2383,13,2042.00,1050.00,66.00,101.00,7.1192,-1,-1,-1
2383,9,2179.00,616.00,72.00,117.00,6.1003,-1,-1,-1
2384,13,2042.00,1049.00,65.00,101.00,7.0155,-1,-1,-1
2384,9,2178.00,616.00,74.00,117.00,6.1881,-1,-1,-1
2385,13,2044.00,1048.00,63.00,100.00,6.9257,-1,-1,-1
2385,9,2185.00,615.00,63.00,105.00,6.2944,-1,-1,-1
2386,13,2045.00,1047.00,63.00,98.00,6.9177,-1,-1,-1
2386,9,2185.00,614.00,65.00,108.00,6.3586,-1,-1,-1
2387,13,2046.00,1043.00,63.00,101.00,6.8475,-1,-1,-1
2387,9,2185.00,613.00,66.00,110.00,6.4274,-1,-1,-1
2388,13,2047.00,1042.00,64.00,97.00,6.7391,-1,-1,-1
2388,9,2185.00,611.00,66.00,111.00,6.4404,-1,-1,-1
2389,13,2048.00,1041.00,64.00,97.00,6.6571,-1,-1,-1
2389,9,2184.00,610.00,69.00,113.00,6.4900,-1,-1,-1
2390,13,2049.00,1041.00,64.00,95.00,6.6193,-1,-1,-1
2390,9,2188.00,610.00,63.00,103.00,6.4968,-1,-1,-1
2391,13,2049.00,1040.00,65.00,96.00,6.6358,-1,-1,-1
2391,9,2187.00,609.00,65.00,106.00,6.5038,-1,-1,-1
2392,13,2049.00,1039.00,67.00,96.00,6.7091,-1,-1,-1
2392,9,2186.00,608.00,67.00,109.00,6.5326,-1,-1,-1
2393,13,2050.00,1036.00,66.00,98.00,6.7871,-1,-1,-1
2393,9,2188.00,607.00,65.00,103.00,6.5586,-1,-1,-1
2394,13,2049.00,1034.00,68.00,100.00,6.8914,-1,-1,-1
2394,9,2188.00,606.00,65.00,105.00,6.5885,-1,-1,-1
2395,13,2049.00,1033.00,69.00,101.00,6.9549,-1,-1,-1
2395,9,2187.00,605.00,68.00,105.00,6.6388,-1,-1,-1
2396,13,2050.00,1032.00,69.00,102.00,7.0009,-1,-1,-1
2396,9,2188.00,603.00,67.00,107.00,6.7111,-1,-1,-1
2397,13,2050.00,1030.00,69.00,105.00,7.0073,-1,-1,-1
2397,9,2187.00,602.00,68.00,109.00,6.7886,-1,-1,-1
2398,13,2050.00,1030.00,70.00,106.00,6.9786,-1,-1,-1
2398,9,2188.00,601.00,68.00,110.00,6.8756,-1,-1,-1
2399,9,2188.00,601.00,69.00,110.00,6.9658,-1,-1,-1
2399,13,2050.00,1029.00,70.00,106.00,6.9360,-1,-1,-1
2400,9,2188.00,601.00,70.00,110.00,7.0355,-1,-1,-1
2400,13,2050.00,1028.00,69.00,106.00,6.8855,-1,-1,-1
2401,9,2188.00,600.00,71.00,113.00,7.1157,-1,-1,-1
2401,13,2050.00,1028.00,69.00,105.00,6.8262,-1,-1,-1
2402,9,2188.00,599.00,72.00,114.00,7.1816,-1,-1,-1
2402,13,2052.00,1022.00,70.00,110.00,6.7501,-1,-1,-1
2403,9,2188.00,597.00,73.00,116.00,7.2387,-1,-1,-1
2403,13,2053.00,1022.00,69.00,108.00,6.7050,-1,-1,-1
2404,9,2188.00,596.00,73.00,114.00,7.3079,-1,-1,-1
2404,13,2054.00,1020.00,70.00,108.00,6.7115,-1,-1,-1
2405,9,2189.00,594.00,72.00,114.00,7.3501,-1,-1,-1
2405,13,2054.00,1018.00,73.00,110.00,6.6999,-1,-1,-1
2406,9,2195.00,594.00,63.00,106.00,7.3286,-1,-1,-1
2406,13,2055.00,1017.00,72.00,109.00,6.7147,-1,-1,-1
2407,9,2196.00,593.00,62.00,105.00,7.3441,-1,-1,-1
2407,13,2055.00,1016.00,72.00,110.00,6.7283,-1,-1,-1
2408,9,2197.00,591.00,62.00,105.00,7.3562,-1,-1,-1
2408,13,2055.00,1014.00,73.00,113.00,6.7275,-1,-1,-1
2409,9,2197.00,589.00,62.00,106.00,7.3237,-1,-1,-1
2409,13,2056.00,1014.00,72.00,112.00,6.7342,-1,-1,-1
2410,9,2197.00,589.00,64.00,109.00,7.3229,-1,-1,-1
2410,13,2058.00,1014.00,69.00,110.00,6.6565,-1,-1,-1
2411,9,2196.00,588.00,65.00,110.00,7.2801,-1,-1,-1
2411,13,2058.00,1014.00,70.00,108.00,6.5959,-1,-1,-1
2412,9,2197.00,586.00,65.00,109.00,7.1652,-1,-1,-1
2412,13,2061.00,1014.00,68.00,102.00,6.6072,-1,-1,-1
2413,9,2195.00,585.00,69.00,112.00,7.1286,-1,-1,-1
2413,13,2062.00,1013.00,67.00,102.00,6.6733,-1,-1,-1
2414,9,2193.00,583.00,72.00,114.00,7.0856,-1,-1,-1
2414,13,2062.00,1012.00,67.00,102.00,6.7484,-1,-1,-1
2415,9,2195.00,583.00,69.00,106.00,6.9912,-1,-1,-1
2415,13,2063.00,1012.00,67.00,102.00,6.7874,-1,-1,-1
2416,9,2196.00,582.00,69.00,107.00,6.8941,-1,-1,-1
2416,13,2063.00,1011.00,67.00,102.00,6.8554,-1,-1,-1
2417,13,2063.00,1011.00,67.00,101.00,6.9270,-1,-1,-1
2417,9,2197.00,581.00,67.00,103.00,6.8153,-1,-1,-1
2418,13,2063.00,1009.00,67.00,103.00,7.0093,-1,-1,-1
2418,9,2195.00,581.00,71.00,106.00,6.7013,-1,-1,-1
2419,13,2063.00,1009.00,68.00,104.00,7.0627,-1,-1,-1
2419,9,2195.00,580.00,72.00,109.00,6.6070,-1,-1,-1
2420,13,2066.00,1007.00,64.00,102.00,7.0885,-1,-1,-1
2420,9,2197.00,580.00,70.00,105.00,6.4794,-1,-1,-1
2421,13,2066.00,1007.00,65.00,102.00,7.1613,-1,-1,-1
2421,9,2197.00,579.00,71.00,107.00,6.3412,-1,-1,-1
2422,13,2066.00,1005.00,67.00,103.00,7.2389,-1,-1,-1
2422,9,2197.00,578.00,71.00,108.00,6.1601,-1,-1,-1
2423,13,2068.00,1004.00,65.00,104.00,7.2895,-1,-1,-1
2423,9,2199.00,578.00,71.00,106.00,6.0699,-1,-1,-1
2424,13,2070.00,1002.00,66.00,106.00,7.3227,-1,-1,-1
2424,9,2199.00,578.00,71.00,106.00,6.0029,-1,-1,-1
2425,13,2070.00,1001.00,67.00,105.00,7.3357,-1,-1,-1
2425,9,2208.00,578.00,57.00,84.00,6.0235,-1,-1,-1
2426,13,2070.00,1001.00,69.00,104.00,7.3434,-1,-1,-1
2426,9,2209.00,577.00,57.00,85.00,6.0599,-1,-1,-1
2427,13,2071.00,1001.00,69.00,104.00,7.3420,-1,-1,-1
2427,9,2207.00,577.00,60.00,88.00,6.0856,-1,-1,-1
2428,13,2073.00,1001.00,67.00,102.00,7.3316,-1,-1,-1
2428,9,2200.00,575.00,73.00,108.00,6.1252,-1,-1,-1
2429,13,2072.00,1001.00,70.00,102.00,7.3399,-1,-1,-1
2429,9,2200.00,575.00,72.00,109.00,6.1383,-1,-1,-1
2430,13,2072.00,1001.00,71.00,103.00,7.3324,-1,-1,-1
2430,9,2200.00,573.00,71.00,113.00,6.1364,-1,-1,-1
2431,13,2072.00,1001.00,72.00,104.00,7.3145,-1,-1,-1
2431,9,2201.00,574.00,69.00,113.00,6.1399,-1,-1,-1
2432,13,2073.00,1002.00,71.00,103.00,7.2352,-1,-1,-1
2432,9,2203.00,574.00,67.00,111.00,6.1313,-1,-1,-1
2433,13,2076.00,1000.00,68.00,102.00,7.1585,-1,-1,-1
2433,9,2214.00,578.00,52.00,89.00,6.0521,-1,-1,-1
2434,13,2075.00,1001.00,71.00,104.00,7.0678,-1,-1,-1
2434,9,2208.00,575.00,61.00,107.00,6.0146,-1,-1,-1
2435,13,2074.00,1007.00,71.00,102.00,7.0306,-1,-1,-1
2435,9,2210.00,576.00,59.00,106.00,6.0092,-1,-1,-1
2436,13,2076.00,1008.00,68.00,102.00,7.0210,-1,-1,-1
2436,9,2209.00,579.00,60.00,106.00,6.0515,-1,-1,-1
2437,13,2075.00,1011.00,74.00,103.00,7.0141,-1,-1,-1
2437,9,2204.00,582.00,68.00,118.00,6.1207,-1,-1,-1
2438,13,2076.00,1009.00,71.00,107.00,6.9799,-1,-1,-1
2438,9,2207.00,586.00,64.00,112.00,6.1740,-1,-1,-1
2439,13,2075.00,1013.00,73.00,108.00,7.0070,-1,-1,-1
2439,9,2207.00,590.00,64.00,108.00,6.3005,-1,-1,-1
2440,13,2075.00,1021.00,77.00,104.00,6.9958,-1,-1,-1
2440,9,2204.00,594.00,71.00,115.00,6.3648,-1,-1,-1
2441,13,2075.00,1028.00,76.00,109.00,6.9607,-1,-1,-1
2441,9,2205.00,599.00,69.00,114.00,6.4483,-1,-1,-1
2442,13,2077.00,1033.00,72.00,106.00,6.9670,-1,-1,-1
2442,9,2202.00,605.00,73.00,117.00,6.5755,-1,-1,-1
2443,13,2077.00,1037.00,73.00,108.00,6.9928,-1,-1,-1
2443,9,2203.00,612.00,74.00,116.00,6.6506,-1,-1,-1
2444,13,2079.00,1046.00,67.00,106.00,6.7970,-1,-1,-1
2444,9,2203.00,622.00,72.00,111.00,6.7284,-1,-1,-1
2445,13,2077.00,1054.00,71.00,108.00,6.8163,-1,-1,-1
2445,9,2205.00,627.00,70.00,111.00,6.8093,-1,-1,-1
2446,9,2204.00,635.00,75.00,118.00,6.8632,-1,-1,-1
2446,13,2081.00,1060.00,67.00,105.00,6.7480,-1,-1,-1
2447,9,2203.00,644.00,76.00,114.00,6.8636,-1,-1,-1
2447,13,2081.00,1068.00,69.00,106.00,6.7653,-1,-1,-1
2448,9,2205.00,649.00,74.00,112.00,6.9031,-1,-1,-1
2448,13,2081.00,1076.00,67.00,105.00,6.7381,-1,-1,-1
2449,9,2207.00,657.00,71.00,116.00,6.9884,-1,-1,-1
2449,13,2082.00,1081.00,68.00,106.00,6.8127,-1,-1,-1
2450,9,2206.00,664.00,73.00,110.00,7.0273,-1,-1,-1
2450,13,2087.00,1087.00,62.00,99.00,6.7020,-1,-1,-1
2451,9,2207.00,672.00,72.00,111.00,7.0375,-1,-1,-1
2451,13,2084.00,1097.00,68.00,104.00,6.7266,-1,-1,-1
2452,9,2208.00,679.00,71.00,118.00,7.0660,-1,-1,-1
2452,13,2083.00,1102.00,69.00,104.00,6.7946,-1,-1,-1
2453,9,2207.00,684.00,72.00,116.00,7.0699,-1,-1,-1
2453,13,2084.00,1107.00,69.00,104.00,6.9162,-1,-1,-1
2454,9,2209.00,692.00,69.00,109.00,7.0655,-1,-1,-1
2454,13,2085.00,1114.00,70.00,104.00,6.9521,-1,-1,-1
2455,9,2209.00,696.00,70.00,124.00,6.9990,-1,-1,-1
2455,13,2089.00,1119.00,63.00,99.00,6.9493,-1,-1,-1
2456,13,2086.00,1126.00,67.00,102.00,7.0149,-1,-1,-1
2456,9,2210.00,705.00,66.00,117.00,7.0061,-1,-1,-1
2457,13,2087.00,1130.00,68.00,103.00,7.1096,-1,-1,-1
2457,9,2210.00,709.00,67.00,113.00,6.9679,-1,-1,-1
2458,13,2087.00,1137.00,66.00,100.00,7.0810,-1,-1,-1
2458,9,2210.00,716.00,68.00,112.00,7.0244,-1,-1,-1
2459,13,2087.00,1142.00,68.00,103.00,7.0896,-1,-1,-1
2459,9,2213.00,722.00,62.00,110.00,7.0034,-1,-1,-1
2460,13,2088.00,1148.00,67.00,101.00,7.1452,-1,-1,-1
2460,9,2210.00,726.00,68.00,121.00,7.0115,-1,-1,-1
2461,13,2090.00,1149.00,67.00,105.00,7.1754,-1,-1,-1
2461,9,2210.00,731.00,69.00,115.00,6.9580,-1,-1,-1
2462,13,2089.00,1153.00,66.00,105.00,7.1698,-1,-1,-1
2462,9,2214.00,736.00,62.00,103.00,6.9701,-1,-1,-1
2463,13,2089.00,1154.00,68.00,108.00,7.1750,-1,-1,-1
2463,9,2211.00,740.00,69.00,113.00,6.9927,-1,-1,-1
2464,13,2090.00,1159.00,65.00,105.00,7.1359,-1,-1,-1
2464,9,2214.00,742.00,65.00,111.00,7.0068,-1,-1,-1
2465,13,2091.00,1161.00,67.00,110.00,7.1495,-1,-1,-1
2465,9,2215.00,745.00,63.00,108.00,7.0417,-1,-1,-1
2466,13,2093.00,1163.00,65.00,108.00,7.2216,-1,-1,-1
2466,9,2217.00,749.00,60.00,104.00,7.0663,-1,-1,-1
2467,13,2094.00,1165.00,65.00,107.00,7.2796,-1,-1,-1
2467,9,2217.00,749.00,60.00,104.00,7.1152,-1,-1,-1
2468,13,2095.00,1168.00,63.00,107.00,7.2908,-1,-1,-1
2468,9,2214.00,749.00,66.00,114.00,7.1603,-1,-1,-1
2469,13,2095.00,1168.00,64.00,108.00,7.2975,-1,-1,-1
2469,9,2215.00,749.00,66.00,113.00,7.2256,-1,-1,-1
2470,9,2216.00,750.00,64.00,113.00,7.2787,-1,-1,-1
2470,13,2094.00,1167.00,65.00,110.00,7.2745,-1,-1,-1
2471,9,2217.00,750.00,64.00,115.00,7.3329,-1,-1,-1
2471,13,2095.00,1168.00,63.00,107.00,7.2453,-1,-1,-1
2472,9,2217.00,750.00,64.00,117.00,7.3596,-1,-1,-1
2472,13,2094.00,1169.00,65.00,106.00,7.2120,-1,-1,-1
2473,9,2216.00,751.00,66.00,116.00,7.4001,-1,-1,-1
2473,13,2095.00,1169.00,66.00,107.00,7.1924,-1,-1,-1
2474,9,2217.00,751.00,64.00,117.00,7.4160,-1,-1,-1
2474,13,2097.00,1169.00,64.00,106.00,7.1752,-1,-1,-1
2475,9,2217.00,752.00,65.00,116.00,7.4383,-1,-1,-1
2475,13,2098.00,1170.00,62.00,106.00,7.1098,-1,-1,-1
2476,9,2217.00,752.00,65.00,116.00,7.4504,-1,-1,-1
2476,13,2097.00,1169.00,66.00,107.00,7.0935,-1,-1,-1
2477,9,2217.00,752.00,66.00,118.00,7.4331,-1,-1,-1
2477,13,2097.00,1170.00,65.00,107.00,7.1008,-1,-1,-1
2478,9,2217.00,753.00,65.00,116.00,7.4086,-1,-1,-1
2478,13,2097.00,1171.00,66.00,108.00,7.1378,-1,-1,-1
2479,9,2217.00,753.00,66.00,117.00,7.3794,-1,-1,-1
2479,13,2098.00,1172.00,63.00,105.00,7.1147,-1,-1,-1
2480,9,2218.00,753.00,64.00,116.00,7.3717,-1,-1,-1
2480,13,2099.00,1173.00,62.00,102.00,7.0586,-1,-1,-1
2481,9,2219.00,753.00,63.00,114.00,7.3532,-1,-1,-1
2481,13,2099.00,1173.00,63.00,103.00,7.0322,-1,-1,-1
2482,9,2221.00,753.00,61.00,113.00,7.2969,-1,-1,-1
2482,13,2099.00,1174.00,63.00,104.00,7.0241,-1,-1,-1
2483,9,2221.00,754.00,61.00,114.00,7.2172,-1,-1,-1
2483,13,2100.00,1174.00,63.00,101.00,6.9755,-1,-1,-1
2484,9,2221.00,754.00,62.00,114.00,7.2044,-1,-1,-1
2484,13,2100.00,1175.00,63.00,100.00,6.9450,-1,-1,-1
2485,9,2221.00,754.00,63.00,114.00,7.1684,-1,-1,-1
2485,13,2103.00,1174.00,61.00,98.00,6.8826,-1,-1,-1
2486,9,2221.00,754.00,63.00,115.00,7.1102,-1,-1,-1
2486,13,2105.00,1174.00,59.00,96.00,6.7919,-1,-1,-1
2487,9,2222.00,755.00,61.00,114.00,7.0275,-1,-1,-1
2487,13,2105.00,1173.00,60.00,96.00,6.7590,-1,-1,-1
2488,9,2223.00,755.00,60.00,111.00,6.9394,-1,-1,-1
2488,13,2106.00,1171.00,58.00,98.00,6.7166,-1,-1,-1
2489,9,2224.00,757.00,59.00,110.00,6.8184,-1,-1,-1
2489,13,2105.00,1172.00,60.00,98.00,6.6728,-1,-1,-1
2490,9,2225.00,758.00,57.00,105.00,6.7077,-1,-1,-1
2490,13,2106.00,1171.00,59.00,98.00,6.6487,-1,-1,-1
2491,13,2105.00,1173.00,65.00,103.00,6.6662,-1,-1,-1
2491,9,2225.00,760.00,58.00,104.00,6.6624,-1,-1,-1
2492,13,2105.00,1173.00,65.00,104.00,6.7227,-1,-1,-1
2492,9,2227.00,760.00,57.00,102.00,6.5961,-1,-1,-1
2493,13,2106.00,1174.00,66.00,104.00,6.8646,-1,-1,-1
2493,9,2229.00,760.00,53.00,97.00,6.5767,-1,-1,-1
2494,13,2106.00,1174.00,66.00,106.00,6.9801,-1,-1,-1
2494,9,2229.00,761.00,53.00,98.00,6.5840,-1,-1,-1
2495,13,2107.00,1174.00,67.00,106.00,7.1118,-1,-1,-1
2495,9,2229.00,763.00,54.00,96.00,6.5660,-1,-1,-1
2496,13,2107.00,1176.00,67.00,104.00,7.2242,-1,-1,-1
2496,9,2230.00,763.00,53.00,97.00,6.5200,-1,-1,-1
2497,13,2108.00,1177.00,66.00,104.00,7.3146,-1,-1,-1
2497,9,2231.00,764.00,53.00,96.00,6.5444,-1,-1,-1
2498,13,2108.00,1178.00,66.00,105.00,7.3818,-1,-1,-1
2498,9,2227.00,763.00,61.00,110.00,6.5617,-1,-1,-1
2499,13,2109.00,1179.00,67.00,105.00,7.4420,-1,-1,-1
2499,9,2229.00,764.00,61.00,109.00,6.6619,-1,-1,-1
2500,13,2109.00,1178.00,67.00,106.00,7.4938,-1,-1,-1
2500,9,2230.00,765.00,59.00,108.00,6.7377,-1,-1,-1
2501,13,2110.00,1180.00,66.00,104.00,7.5044,-1,-1,-1
2501,9,2231.00,766.00,58.00,107.00,6.8029,-1,-1,-1
2502,13,2112.00,1184.00,63.00,100.00,7.4817,-1,-1,-1
2502,9,2231.00,767.00,59.00,107.00,6.8832,-1,-1,-1
2503,13,2112.00,1184.00,64.00,101.00,7.4516,-1,-1,-1
2503,9,2230.00,769.00,60.00,107.00,6.9720,-1,-1,-1
2504,13,2112.00,1185.00,64.00,102.00,7.4265,-1,-1,-1
2504,9,2230.00,770.00,60.00,109.00,7.0256,-1,-1,-1
2505,13,2111.00,1186.00,67.00,103.00,7.4180,-1,-1,-1
2505,9,2227.00,771.00,67.00,119.00,7.0982,-1,-1,-1
2506,13,2112.00,1189.00,66.00,102.00,7.4071,-1,-1,-1
2506,9,2234.00,773.00,56.00,101.00,7.1361,-1,-1,-1
2507,13,2111.00,1190.00,67.00,101.00,7.4178,-1,-1,-1
2507,9,2231.00,774.00,62.00,115.00,7.1851,-1,-1,-1
2508,13,2110.00,1191.00,67.00,99.00,7.4319,-1,-1,-1
2508,9,2232.00,774.00,60.00,113.00,7.2067,-1,-1,-1
2509,13,2111.00,1191.00,66.00,100.00,7.4408,-1,-1,-1
2509,9,2237.00,776.00,52.00,96.00,7.1826,-1,-1,-1
2510,13,2113.00,1192.00,65.00,101.00,7.4016,-1,-1,-1
2510,9,2232.00,776.00,60.00,114.00,7.1799,-1,-1,-1
2511,13,2114.00,1193.00,65.00,101.00,7.3523,-1,-1,-1
2511,9,2234.00,777.00,57.00,111.00,7.1029,-1,-1,-1
2512,13,2117.00,1192.00,60.00,102.00,7.2956,-1,-1,-1
2512,9,2233.00,776.00,59.00,112.00,7.0094,-1,-1,-1
2513,13,2118.00,1192.00,61.00,103.00,7.2891,-1,-1,-1
2513,9,2239.00,776.00,51.00,94.00,6.9777,-1,-1,-1
2514,13,2118.00,1192.00,62.00,101.00,7.3227,-1,-1,-1
2514,9,2240.00,776.00,50.00,93.00,6.8863,-1,-1,-1
2515,13,2117.00,1191.00,63.00,100.00,7.3397,-1,-1,-1
2515,9,2239.00,777.00,51.00,93.00,6.8495,-1,-1,-1
2516,13,2118.00,1191.00,64.00,100.00,7.3898,-1,-1,-1
2516,9,2239.00,776.00,52.00,94.00,6.8606,-1,-1,-1
2517,13,2119.00,1191.00,64.00,100.00,7.4460,-1,-1,-1
2517,9,2238.00,776.00,54.00,98.00,6.8353,-1,-1,-1
2518,13,2119.00,1190.00,64.00,101.00,7.4935,-1,-1,-1
2518,9,2238.00,775.00,55.00,99.00,6.8076,-1,-1,-1
2519,13,2119.00,1190.00,65.00,101.00,7.5340,-1,-1,-1
2519,9,2239.00,775.00,54.00,100.00,6.7401,-1,-1,-1
2520,13,2120.00,1188.00,64.00,101.00,7.5553,-1,-1,-1
2520,9,2237.00,775.00,57.00,101.00,6.6317,-1,-1,-1
2521,13,2121.00,1188.00,63.00,100.00,7.5471,-1,-1,-1
2521,9,2238.00,775.00,57.00,100.00,6.5118,-1,-1,-1
2522,13,2120.00,1187.00,65.00,101.00,7.5409,-1,-1,-1
2522,9,2239.00,776.00,56.00,97.00,6.4028,-1,-1,-1
2523,13,2120.00,1187.00,65.00,102.00,7.5365,-1,-1,-1
2523,9,2240.00,774.00,54.00,99.00,6.3516,-1,-1,-1
2524,13,2121.00,1186.00,66.00,105.00,7.5457,-1,-1,-1
2524,9,2240.00,774.00,55.00,100.00,6.3413,-1,-1,-1
2525,13,2121.00,1185.00,67.00,105.00,7.5464,-1,-1,-1
2525,9,2238.00,777.00,59.00,101.00,6.2682,-1,-1,-1
2526,13,2119.00,1182.00,70.00,108.00,7.4777,-1,-1,-1
2526,9,2235.00,773.00,64.00,120.00,6.2299,-1,-1,-1
2527,13,2120.00,1184.00,69.00,106.00,7.4128,-1,-1,-1
2527,9,2235.00,774.00,64.00,120.00,6.2215,-1,-1,-1
2528,13,2121.00,1183.00,68.00,106.00,7.3122,-1,-1,-1
2528,9,2235.00,774.00,65.00,119.00,6.2871,-1,-1,-1
2529,13,2123.00,1182.00,68.00,107.00,7.2083,-1,-1,-1
2529,9,2235.00,774.00,65.00,120.00,6.3178,-1,-1,-1
2530,13,2122.00,1182.00,68.00,107.00,7.0872,-1,-1,-1
2530,9,2235.00,773.00,66.00,119.00,6.3985,-1,-1,-1
2531,13,2124.00,1181.00,68.00,107.00,7.0014,-1,-1,-1
2531,9,2236.00,773.00,65.00,117.00,6.4774,-1,-1,-1
2532,13,2124.00,1180.00,69.00,107.00,6.9691,-1,-1,-1
2532,9,2237.00,773.00,64.00,116.00,6.4869,-1,-1,-1
2533,13,2125.00,1180.00,68.00,106.00,6.9690,-1,-1,-1
2533,9,2237.00,773.00,64.00,116.00,6.5130,-1,-1,-1
2534,13,2125.00,1179.00,68.00,107.00,6.9831,-1,-1,-1
2534,9,2237.00,772.00,64.00,117.00,6.4700,-1,-1,-1
2535,13,2126.00,1177.00,67.00,107.00,6.9681,-1,-1,-1
2535,9,2238.00,773.00,62.00,117.00,6.3348,-1,-1,-1
2536,13,2127.00,1176.00,65.00,106.00,6.9192,-1,-1,-1
2536,9,2238.00,774.00,63.00,115.00,6.2554,-1,-1,-1
2537,13,2127.00,1175.00,66.00,107.00,6.9337,-1,-1,-1
2537,9,2238.00,772.00,63.00,116.00,6.2633,-1,-1,-1
2538,13,2127.00,1173.00,67.00,107.00,6.9209,-1,-1,-1
2538,9,2242.00,770.00,57.00,111.00,6.2585,-1,-1,-1
2539,13,2126.00,1172.00,69.00,109.00,6.8699,-1,-1,-1
2539,9,2241.00,770.00,59.00,112.00,6.2537,-1,-1,-1
2540,13,2126.00,1172.00,69.00,109.00,6.8207,-1,-1,-1
2540,9,2240.00,769.00,61.00,109.00,6.3957,-1,-1,-1
2541,13,2128.00,1172.00,66.00,107.00,6.7569,-1,-1,-1
2541,9,2240.00,767.00,63.00,110.00,6.5434,-1,-1,-1
2542,13,2130.00,1173.00,64.00,105.00,6.6633,-1,-1,-1
2542,9,2239.00,766.00,65.00,111.00,6.6539,-1,-1,-1
2543,9,2237.00,765.00,69.00,111.00,6.7862,-1,-1,-1
2543,13,2135.00,1172.00,57.00,97.00,6.4420,-1,-1,-1
2544,9,2237.00,764.00,70.00,113.00,6.8607,-1,-1,-1
2544,13,2136.00,1171.00,57.00,96.00,6.3907,-1,-1,-1
2545,9,2236.00,763.00,71.00,114.00,6.8824,-1,-1,-1
2545,13,2136.00,1170.00,57.00,97.00,6.3979,-1,-1,-1
2546,9,2237.00,761.00,72.00,116.00,6.9101,-1,-1,-1
2546,13,2135.00,1169.00,59.00,97.00,6.4822,-1,-1,-1
2547,9,2238.00,758.00,71.00,116.00,6.8928,-1,-1,-1
2547,13,2137.00,1169.00,57.00,96.00,6.5502,-1,-1,-1
2548,9,2236.00,756.00,74.00,121.00,6.9241,-1,-1,-1
2548,13,2137.00,1169.00,58.00,96.00,6.6210,-1,-1,-1
2549,9,2234.00,755.00,77.00,121.00,6.9644,-1,-1,-1
2549,13,2137.00,1168.00,58.00,95.00,6.6587,-1,-1,-1
2550,9,2234.00,755.00,78.00,120.00,7.0072,-1,-1,-1
2550,13,2137.00,1169.00,57.00,94.00,6.6381,-1,-1,-1
2551,9,2238.00,759.00,75.00,105.00,6.9655,-1,-1,-1
2551,13,2137.00,1171.00,57.00,96.00,6.6424,-1,-1,-1
2552,9,2235.00,758.00,80.00,113.00,6.9512,-1,-1,-1
2552,13,2137.00,1172.00,58.00,95.00,6.6182,-1,-1,-1
2553,9,2235.00,760.00,82.00,114.00,6.9121,-1,-1,-1
2553,13,2138.00,1174.00,57.00,93.00,6.6421,-1,-1,-1
2554,9,2235.00,764.00,82.00,120.00,6.8931,-1,-1,-1
2554,13,2141.00,1176.00,52.00,86.00,6.6615,-1,-1,-1
2555,9,2238.00,768.00,77.00,112.00,6.7391,-1,-1,-1
2555,13,2137.00,1177.00,60.00,96.00,6.7309,-1,-1,-1
2556,13,2138.00,1179.00,59.00,97.00,6.8446,-1,-1,-1
2556,9,2238.00,771.00,79.00,117.00,6.6669,-1,-1,-1
2557,13,2139.00,1182.00,59.00,97.00,6.9503,-1,-1,-1
2557,9,2240.00,775.00,76.00,112.00,6.4854,-1,-1,-1
2558,13,2141.00,1186.00,57.00,95.00,6.9053,-1,-1,-1
2558,9,2247.00,779.00,69.00,103.00,6.1975,-1,-1,-1
2559,13,2144.00,1195.00,54.00,89.00,6.8836,-1,-1,-1
2559,9,2250.00,778.00,69.00,103.00,4.1497,-1,-1,-1
2560,13,2141.00,1199.00,59.00,96.00,6.9073,-1,-1,-1
2560,9,2254.00,778.00,69.00,103.00,2.6753,-1,-1,-1
2561,13,2140.00,1204.00,61.00,102.00,6.9024,-1,-1,-1
2561,9,2249.00,801.00,64.00,98.00,3.0645,-1,-1,-1
2562,13,2142.00,1218.00,60.00,101.00,6.9161,-1,-1,-1
2562,9,2252.00,814.00,58.00,92.00,3.3665,-1,-1,-1
2563,13,2144.00,1234.00,60.00,96.00,6.9261,-1,-1,-1
2563,9,2246.00,824.00,69.00,115.00,3.6057,-1,-1,-1
2564,13,2143.00,1249.00,61.00,100.00,7.0173,-1,-1,-1
2564,9,2248.00,841.00,66.00,103.00,3.9036,-1,-1,-1
2565,13,2143.00,1264.00,63.00,102.00,7.1000,-1,-1,-1
2565,9,2252.00,858.00,59.00,98.00,4.2885,-1,-1,-1
2566,13,2144.00,1283.00,63.00,98.00,7.0749,-1,-1,-1
2566,9,2248.00,874.00,67.00,112.00,4.6340,-1,-1,-1
2567,13,2144.00,1302.00,65.00,103.00,7.1226,-1,-1,-1
2567,9,2253.00,895.00,59.00,97.00,4.9060,-1,-1,-1
2568,13,2146.00,1322.00,64.00,103.00,7.2144,-1,-1,-1
2568,9,2250.00,915.00,66.00,106.00,5.2522,-1,-1,-1
2569,13,2146.00,1342.00,63.00,101.00,7.2079,-1,-1,-1
2569,9,2257.00,937.00,52.00,87.00,5.4226,-1,-1,-1
2570,13,2145.00,1362.00,68.00,101.00,7.2275,-1,-1,-1
2570,9,2254.00,957.00,56.00,94.00,5.5888,-1,-1,-1
2571,13,2144.00,1382.00,70.00,101.00,7.2606,-1,-1,-1
2571,9,2251.00,974.00,62.00,102.00,5.8712,-1,-1,-1
2572,13,2145.00,1402.00,68.00,103.00,7.2434,-1,-1,-1
2572,9,2249.00,993.00,66.00,106.00,6.0515,-1,-1,-1
2573,13,2148.00,1423.00,67.00,101.00,7.1215,-1,-1,-1
2573,9,2252.00,1015.00,60.00,98.00,6.2463,-1,-1,-1
2574,13,2149.00,1443.00,66.00,102.00,7.1299,-1,-1,-1
2574,9,2251.00,1035.00,65.00,102.00,6.4418,-1,-1,-1
2575,13,2149.00,1461.00,66.00,105.00,7.1074,-1,-1,-1
2575,9,2250.00,1054.00,67.00,103.00,6.4560,-1,-1,-1
2576,13,2150.00,1475.00,67.00,108.00,7.0540,-1,-1,-1
2576,9,2253.00,1068.00,64.00,105.00,6.6110,-1,-1,-1
2577,13,2150.00,1489.00,68.00,109.00,6.9659,-1,-1,-1
2577,9,2254.00,1086.00,64.00,96.00,6.7694,-1,-1,-1
2578,9,2255.00,1100.00,61.00,98.00,6.8558,-1,-1,-1
2578,13,2151.00,1508.00,67.00,105.00,6.8426,-1,-1,-1
2579,9,2253.00,1110.00,65.00,97.00,6.9736,-1,-1,-1
2579,13,2151.00,1512.00,67.00,109.00,6.7471,-1,-1,-1
2580,9,2255.00,1116.00,63.00,107.00,6.9794,-1,-1,-1
2580,13,2153.00,1523.00,65.00,105.00,6.7581,-1,-1,-1
2581,9,2257.00,1127.00,61.00,98.00,7.0163,-1,-1,-1
2581,13,2152.00,1533.00,67.00,104.00,6.6637,-1,-1,-1
2582,9,2253.00,1130.00,67.00,103.00,7.1069,-1,-1,-1
2582,13,2154.00,1538.00,65.00,104.00,6.7337,-1,-1,-1
2583,9,2256.00,1134.00,64.00,98.00,7.1948,-1,-1,-1
2583,13,2153.00,1540.00,68.00,107.00,6.7922,-1,-1,-1
2584,9,2259.00,1137.00,60.00,97.00,7.1729,-1,-1,-1
2584,13,2154.00,1547.00,67.00,103.00,6.8343,-1,-1,-1
2585,9,2254.00,1137.00,68.00,105.00,7.1744,-1,-1,-1
2585,13,2156.00,1550.00,65.00,102.00,6.9078,-1,-1,-1
2586,9,2253.00,1138.00,70.00,105.00,7.2254,-1,-1,-1
2586,13,2157.00,1550.00,64.00,102.00,6.9692,-1,-1,-1
2587,9,2253.00,1138.00,71.00,108.00,7.2938,-1,-1,-1
2587,13,2158.00,1550.00,63.00,100.00,7.0177,-1,-1,-1
2588,9,2251.00,1136.00,75.00,111.00,7.3350,-1,-1,-1
2588,13,2157.00,1548.00,64.00,101.00,7.0457,-1,-1,-1
2589,9,2253.00,1134.00,74.00,112.00,7.3462,-1,-1,-1
2589,13,2157.00,1547.00,64.00,100.00,7.0552,-1,-1,-1
2590,9,2253.00,1134.00,72.00,108.00,7.3429,-1,-1,-1
2590,13,2159.00,1545.00,62.00,100.00,7.0451,-1,-1,-1
2591,9,2252.00,1134.00,74.00,108.00,7.3367,-1,-1,-1
2591,13,2159.00,1544.00,62.00,101.00,7.0559,-1,-1,-1
2592,9,2252.00,1133.00,75.00,108.00,7.3282,-1,-1,-1
2592,13,2160.00,1542.00,62.00,103.00,7.0782,-1,-1,-1
2593,9,2252.00,1132.00,76.00,109.00,7.3207,-1,-1,-1
2593,13,2161.00,1541.00,62.00,103.00,7.0705,-1,-1,-1
2594,9,2253.00,1131.00,75.00,111.00,7.3157,-1,-1,-1
2594,13,2159.00,1539.00,65.00,104.00,7.0986,-1,-1,-1
2595,9,2254.00,1130.00,75.00,110.00,7.3146,-1,-1,-1
2595,13,2161.00,1537.00,64.00,104.00,7.1282,-1,-1,-1
2596,9,2254.00,1128.00,76.00,113.00,7.3186,-1,-1,-1
2596,13,2164.00,1532.00,61.00,106.00,7.0900,-1,-1,-1
2597,9,2256.00,1127.00,74.00,110.00,7.3092,-1,-1,-1
2597,13,2165.00,1530.00,61.00,106.00,7.0495,-1,-1,-1
2598,9,2257.00,1126.00,72.00,109.00,7.2984,-1,-1,-1
2598,13,2166.00,1529.00,61.00,104.00,7.0380,-1,-1,-1
2599,9,2258.00,1124.00,71.00,109.00,7.2866,-1,-1,-1
2599,13,2167.00,1529.00,60.00,103.00,7.0376,-1,-1,-1
2600,9,2259.00,1123.00,70.00,109.00,7.2518,-1,-1,-1
2600,13,2166.00,1529.00,62.00,104.00,7.0660,-1,-1,-1
2601,9,2260.00,1122.00,69.00,108.00,7.1884,-1,-1,-1
2601,13,2165.00,1529.00,64.00,106.00,7.0915,-1,-1,-1
2602,13,2166.00,1528.00,63.00,105.00,7.1589,-1,-1,-1
2602,9,2260.00,1121.00,69.00,111.00,7.1551,-1,-1,-1
2603,13,2166.00,1528.00,64.00,104.00,7.2281,-1,-1,-1
2603,9,2260.00,1119.00,69.00,113.00,7.1243,-1,-1,-1
2604,13,2167.00,1528.00,63.00,102.00,7.3126,-1,-1,-1
2604,9,2260.00,1118.00,71.00,116.00,7.0855,-1,-1,-1
2605,13,2168.00,1526.00,64.00,102.00,7.4024,-1,-1,-1
2605,9,2260.00,1117.00,71.00,119.00,7.0481,-1,-1,-1
2606,13,2168.00,1525.00,64.00,102.00,7.4755,-1,-1,-1
2606,9,2263.00,1116.00,64.00,115.00,6.9951,-1,-1,-1
2607,13,2168.00,1524.00,64.00,101.00,7.5246,-1,-1,-1
2607,9,2264.00,1116.00,63.00,114.00,6.9862,-1,-1,-1
2608,13,2168.00,1523.00,65.00,102.00,7.5575,-1,-1,-1
2608,9,2265.00,1114.00,63.00,113.00,7.0205,-1,-1,-1
2609,13,2168.00,1522.00,66.00,101.00,7.5627,-1,-1,-1
2609,9,2266.00,1113.00,62.00,110.00,7.0694,-1,-1,-1
2610,13,2167.00,1521.00,67.00,101.00,7.5084,-1,-1,-1
2610,9,2266.00,1113.00,62.00,110.00,7.0955,-1,-1,-1
2611,13,2168.00,1519.00,65.00,103.00,7.4675,-1,-1,-1
2611,9,2267.00,1112.00,61.00,110.00,7.1047,-1,-1,-1
2612,13,2168.00,1517.00,65.00,104.00,7.4470,-1,-1,-1
2612,9,2270.00,1114.00,55.00,97.00,7.0967,-1,-1,-1
2613,13,2169.00,1516.00,64.00,104.00,7.4203,-1,-1,-1
2613,9,2270.00,1113.00,55.00,99.00,7.1020,-1,-1,-1
2614,13,2170.00,1515.00,64.00,105.00,7.4057,-1,-1,-1
2614,9,2270.00,1114.00,56.00,98.00,7.1193,-1,-1,-1
2615,13,2170.00,1515.00,63.00,104.00,7.3968,-1,-1,-1
2615,9,2271.00,1113.00,55.00,98.00,7.1652,-1,-1,-1
2616,13,2172.00,1515.00,60.00,101.00,7.3750,-1,-1,-1
2616,9,2270.00,1112.00,56.00,98.00,7.2207,-1,-1,-1
2617,13,2173.00,1513.00,58.00,101.00,7.3365,-1,-1,-1
2617,9,2270.00,1111.00,57.00,99.00,7.2694,-1,-1,-1
2618,9,2269.00,1109.00,59.00,101.00,7.3183,-1,-1,-1
2618,13,2174.00,1512.00,57.00,101.00,7.2816,-1,-1,-1
2619,9,2268.00,1108.00,60.00,102.00,7.3713,-1,-1,-1
2619,13,2174.00,1511.00,58.00,102.00,7.2259,-1,-1,-1
2620,9,2269.00,1106.00,59.00,104.00,7.4296,-1,-1,-1
2620,13,2175.00,1511.00,58.00,97.00,7.1036,-1,-1,-1
2621,9,2268.00,1104.00,61.00,106.00,7.4659,-1,-1,-1
2621,13,2175.00,1510.00,59.00,97.00,7.0298,-1,-1,-1
2622,9,2268.00,1104.00,61.00,104.00,7.4807,-1,-1,-1
2622,13,2175.00,1508.00,60.00,99.00,6.9848,-1,-1,-1
2623,9,2267.00,1103.00,63.00,106.00,7.5011,-1,-1,-1
2623,13,2175.00,1507.00,61.00,100.00,6.9395,-1,-1,-1
2624,9,2267.00,1102.00,64.00,107.00,7.5145,-1,-1,-1
2624,13,2175.00,1505.00,62.00,102.00,6.9064,-1,-1,-1
2625,9,2267.00,1100.00,65.00,109.00,7.5095,-1,-1,-1
2625,13,2174.00,1502.00,64.00,103.00,6.9035,-1,-1,-1
2626,9,2267.00,1099.00,66.00,110.00,7.4974,-1,-1,-1
2626,13,2174.00,1502.00,65.00,102.00,6.9121,-1,-1,-1
2627,9,2267.00,1099.00,67.00,109.00,7.4360,-1,-1,-1
2627,13,2176.00,1502.00,64.00,100.00,6.9045,-1,-1,-1
2628,9,2271.00,1097.00,59.00,104.00,7.4011,-1,-1,-1
2628,13,2177.00,1502.00,62.00,99.00,6.9054,-1,-1,-1
2629,9,2270.00,1095.00,62.00,107.00,7.3664,-1,-1,-1
2629,13,2177.00,1500.00,63.00,100.00,6.8847,-1,-1,-1
2630,9,2271.00,1094.00,61.00,107.00,7.3624,-1,-1,-1
2630,13,2179.00,1498.00,62.00,100.00,6.8452,-1,-1,-1
2631,9,2271.00,1092.00,60.00,107.00,7.3779,-1,-1,-1
2631,13,2181.00,1498.00,59.00,97.00,6.8430,-1,-1,-1
2632,9,2270.00,1090.00,62.00,107.00,7.4028,-1,-1,-1
2632,13,2183.00,1499.00,56.00,94.00,6.8670,-1,-1,-1
2633,9,2270.00,1090.00,62.00,106.00,7.4155,-1,-1,-1
2633,13,2183.00,1497.00,57.00,95.00,6.8784,-1,-1,-1
2634,9,2270.00,1090.00,62.00,105.00,7.4196,-1,-1,-1
2634,13,2184.00,1496.00,56.00,94.00,6.8979,-1,-1,-1
2635,9,2271.00,1089.00,61.00,105.00,7.4115,-1,-1,-1
2635,13,2185.00,1496.00,55.00,93.00,6.8901,-1,-1,-1
2636,9,2272.00,1089.00,60.00,103.00,7.3190,-1,-1,-1
2636,13,2186.00,1495.00,55.00,94.00,6.8668,-1,-1,-1
2637,9,2276.00,1091.00,53.00,95.00,7.2046,-1,-1,-1
2637,13,2186.00,1494.00,56.00,95.00,6.8064,-1,-1,-1
2638,9,2276.00,1090.00,54.00,95.00,7.1535,-1,-1,-1
2638,13,2187.00,1493.00,55.00,95.00,6.7527,-1,-1,-1
2639,9,2276.00,1089.00,54.00,93.00,7.1452,-1,-1,-1
2639,13,2187.00,1492.00,56.00,96.00,6.6726,-1,-1,-1
2640,9,2277.00,1087.00,53.00,93.00,7.1133,-1,-1,-1
2640,13,2187.00,1491.00,57.00,97.00,6.6128,-1,-1,-1
2641,9,2277.00,1086.00,53.00,94.00,7.0826,-1,-1,-1
2641,13,2187.00,1492.00,56.00,96.00,6.5373,-1,-1,-1
2642,9,2277.00,1084.00,53.00,94.00,7.0341,-1,-1,-1
2642,13,2188.00,1492.00,56.00,94.00,6.4571,-1,-1,-1
2643,9,2277.00,1082.00,52.00,95.00,6.8820,-1,-1,-1
2643,13,2188.00,1490.00,57.00,95.00,6.3958,-1,-1,-1
2644,9,2280.00,1081.00,47.00,87.00,6.7283,-1,-1,-1
2644,13,2189.00,1490.00,56.00,93.00,6.2325,-1,-1,-1
2645,9,2279.00,1079.00,48.00,88.00,6.6182,-1,-1,-1
2645,13,2190.00,1484.00,56.00,96.00,6.1371,-1,-1,-1
2646,9,2280.00,1079.00,48.00,86.00,6.5857,-1,-1,-1
2646,13,2191.00,1482.00,56.00,97.00,6.1294,-1,-1,-1
2647,9,2280.00,1077.00,48.00,88.00,6.5395,-1,-1,-1
2647,13,2192.00,1479.00,54.00,100.00,6.0932,-1,-1,-1
2648,9,2280.00,1076.00,47.00,84.00,6.4379,-1,-1,-1
2648,13,2193.00,1478.00,53.00,98.00,5.9731,-1,-1,-1
2649,9,2281.00,1076.00,47.00,79.00,6.3866,-1,-1,-1
2649,13,2195.00,1472.00,50.00,97.00,5.8558,-1,-1,-1
2650,9,2283.00,1075.00,44.00,74.00,6.3528,-1,-1,-1
2650,13,2193.00,1475.00,53.00,94.00,5.8740,-1,-1,-1
2651,9,2281.00,1074.00,47.00,80.00,6.3206,-1,-1,-1
2651,13,2193.00,1474.00,54.00,95.00,5.9569,-1,-1,-1
2652,9,2281.00,1074.00,48.00,80.00,6.2852,-1,-1,-1
2652,13,2193.00,1474.00,55.00,95.00,6.0384,-1,-1,-1
2653,9,2282.00,1073.00,48.00,79.00,6.2929,-1,-1,-1
2653,13,2194.00,1474.00,55.00,95.00,6.1088,-1,-1,-1
2654,9,2282.00,1071.00,49.00,82.00,6.3396,-1,-1,-1
2654,13,2194.00,1473.00,55.00,95.00,6.1722,-1,-1,-1
2655,9,2282.00,1070.00,49.00,86.00,6.3469,-1,-1,-1
2655,13,2195.00,1473.00,55.00,97.00,6.2360,-1,-1,-1
2656,9,2278.00,1067.00,57.00,103.00,6.3893,-1,-1,-1
2656,13,2195.00,1472.00,56.00,98.00,6.2674,-1,-1,-1
2657,9,2278.00,1066.00,58.00,106.00,6.4942,-1,-1,-1
2657,13,2195.00,1470.00,56.00,99.00,6.3426,-1,-1,-1
2658,9,2282.00,1067.00,52.00,93.00,6.5307,-1,-1,-1
2658,13,2195.00,1469.00,57.00,99.00,6.4103,-1,-1,-1
2659,9,2278.00,1064.00,59.00,109.00,6.5918,-1,-1,-1
2659,13,2196.00,1468.00,56.00,99.00,6.4061,-1,-1,-1
2660,9,2282.00,1065.00,53.00,95.00,6.6392,-1,-1,-1
2660,13,2196.00,1468.00,56.00,98.00,6.3574,-1,-1,-1
2661,9,2276.00,1062.00,62.00,113.00,6.7528,-1,-1,-1
2661,13,2196.00,1466.00,57.00,100.00,6.3037,-1,-1,-1
2662,9,2278.00,1062.00,60.00,113.00,6.8309,-1,-1,-1
2662,13,2196.00,1465.00,56.00,101.00,6.2575,-1,-1,-1
2663,9,2278.00,1060.00,61.00,117.00,6.9338,-1,-1,-1
2663,13,2196.00,1464.00,56.00,100.00,6.2018,-1,-1,-1
2664,9,2278.00,1060.00,62.00,115.00,7.0218,-1,-1,-1
2664,13,2196.00,1458.00,59.00,101.00,6.1872,-1,-1,-1
2665,9,2282.00,1062.00,56.00,103.00,7.0940,-1,-1,-1
2665,13,2196.00,1458.00,59.00,100.00,6.2292,-1,-1,-1
2666,9,2283.00,1061.00,54.00,100.00,7.1547,-1,-1,-1
2666,13,2196.00,1457.00,60.00,100.00,6.2943,-1,-1,-1
2667,9,2281.00,1060.00,57.00,103.00,7.2286,-1,-1,-1
2667,13,2196.00,1457.00,60.00,100.00,6.3387,-1,-1,-1
2668,9,2281.00,1059.00,57.00,103.00,7.2767,-1,-1,-1
2668,13,2196.00,1456.00,61.00,101.00,6.3880,-1,-1,-1
2669,9,2284.00,1057.00,53.00,99.00,7.2058,-1,-1,-1
2669,13,2197.00,1456.00,60.00,100.00,6.3963,-1,-1,-1
2670,9,2288.00,1058.00,47.00,85.00,7.1632,-1,-1,-1
2670,13,2197.00,1455.00,60.00,100.00,6.4274,-1,-1,-1
2671,9,2287.00,1057.00,49.00,88.00,7.1723,-1,-1,-1
2671,13,2197.00,1455.00,60.00,100.00,6.4481,-1,-1,-1
2672,9,2287.00,1056.00,50.00,88.00,7.2144,-1,-1,-1
2672,13,2197.00,1454.00,60.00,99.00,6.4729,-1,-1,-1
2673,9,2286.00,1055.00,51.00,92.00,7.2701,-1,-1,-1
2673,13,2198.00,1453.00,59.00,98.00,6.4877,-1,-1,-1
2674,9,2285.00,1055.00,53.00,94.00,7.3264,-1,-1,-1
2674,13,2198.00,1452.00,59.00,97.00,6.4939,-1,-1,-1
2675,9,2285.00,1054.00,53.00,94.00,7.3739,-1,-1,-1
2675,13,2200.00,1451.00,58.00,95.00,6.4168,-1,-1,-1
2676,9,2285.00,1052.00,54.00,98.00,7.3876,-1,-1,-1
2676,13,2202.00,1450.00,56.00,93.00,6.3562,-1,-1,-1
2677,9,2284.00,1050.00,57.00,102.00,7.4073,-1,-1,-1
2677,13,2203.00,1448.00,55.00,93.00,6.3408,-1,-1,-1
2678,9,2283.00,1049.00,58.00,104.00,7.3837,-1,-1,-1
2678,13,2202.00,1447.00,57.00,95.00,6.4152,-1,-1,-1
2679,9,2284.00,1047.00,57.00,106.00,7.2881,-1,-1,-1
2679,13,2202.00,1445.00,56.00,95.00,6.4742,-1,-1,-1
2680,9,2285.00,1045.00,57.00,104.00,7.2408,-1,-1,-1
2680,13,2203.00,1444.00,56.00,96.00,6.5065,-1,-1,-1
2681,9,2286.00,1044.00,56.00,103.00,7.1743,-1,-1,-1
2681,13,2203.00,1443.00,57.00,96.00,6.4944,-1,-1,-1
2682,9,2286.00,1043.00,57.00,104.00,7.0953,-1,-1,-1
2682,13,2205.00,1442.00,55.00,97.00,6.4213,-1,-1,-1
2683,9,2286.00,1042.00,59.00,106.00,7.0418,-1,-1,-1
2683,13,2205.00,1441.00,55.00,97.00,6.3449,-1,-1,-1
2684,9,2289.00,1042.00,52.00,94.00,6.9630,-1,-1,-1
2684,13,2208.00,1439.00,52.00,92.00,6.2608,-1,-1,-1
2685,9,2290.00,1042.00,50.00,92.00,6.9040,-1,-1,-1
2685,13,2208.00,1438.00,52.00,92.00,6.2906,-1,-1,-1
2686,9,2289.00,1041.00,53.00,93.00,6.9035,-1,-1,-1
2686,13,2207.00,1438.00,54.00,94.00,6.3835,-1,-1,-1
2687,9,2287.00,1040.00,56.00,95.00,6.9284,-1,-1,-1
2687,13,2207.00,1436.00,56.00,95.00,6.5120,-1,-1,-1
2688,9,2287.00,1040.00,58.00,95.00,6.9358,-1,-1,-1
2688,13,2207.00,1435.00,56.00,95.00,6.6414,-1,-1,-1
2689,9,2287.00,1038.00,57.00,98.00,6.9319,-1,-1,-1
2689,13,2206.00,1433.00,58.00,96.00,6.7506,-1,-1,-1
2690,9,2286.00,1037.00,59.00,101.00,6.9126,-1,-1,-1
2690,13,2205.00,1432.00,60.00,96.00,6.8859,-1,-1,-1
2691,13,2204.00,1431.00,62.00,97.00,6.9877,-1,-1,-1
2691,9,2285.00,1037.00,61.00,101.00,6.9112,-1,-1,-1
2692,13,2206.00,1434.00,60.00,94.00,7.1045,-1,-1,-1
2692,9,2283.00,1038.00,65.00,110.00,6.9175,-1,-1,-1
2693,13,2207.00,1437.00,60.00,99.00,7.1309,-1,-1,-1
2693,9,2284.00,1041.00,64.00,109.00,6.8752,-1,-1,-1
2694,13,2209.00,1444.00,58.00,95.00,7.1942,-1,-1,-1
2694,9,2286.00,1048.00,60.00,104.00,6.8582,-1,-1,-1
2695,13,2209.00,1450.00,59.00,98.00,7.1815,-1,-1,-1
2695,9,2286.00,1055.00,61.00,105.00,6.8325,-1,-1,-1
2696,13,2211.00,1461.00,60.00,98.00,7.1351,-1,-1,-1
2696,9,2287.00,1063.00,60.00,104.00,6.7362,-1,-1,-1
2697,13,2211.00,1470.00,60.00,100.00,7.1779,-1,-1,-1
2697,9,2289.00,1073.00,57.00,96.00,6.7756,-1,-1,-1
2698,13,2213.00,1481.00,59.00,97.00,7.1240,-1,-1,-1
2698,9,2291.00,1082.00,54.00,98.00,6.6236,-1,-1,-1
2699,13,2214.00,1492.00,56.00,98.00,7.0549,-1,-1,-1
2699,9,2287.00,1094.00,62.00,106.00,6.6415,-1,-1,-1
2700,13,2216.00,1502.00,54.00,98.00,6.9676,-1,-1,-1
2700,9,2288.00,1105.00,60.00,105.00,6.5372,-1,-1,-1
2701,13,2214.00,1512.00,57.00,101.00,6.9343,-1,-1,-1
2701,9,2289.00,1116.00,59.00,103.00,6.4835,-1,-1,-1
2702,13,2215.00,1528.00,57.00,101.00,6.9005,-1,-1,-1
2702,9,2295.00,1132.00,48.00,78.00,6.4326,-1,-1,-1
2703,13,2215.00,1539.00,59.00,104.00,6.9380,-1,-1,-1
2703,9,2293.00,1143.00,52.00,83.00,6.4635,-1,-1,-1
2704,13,2216.00,1553.00,59.00,103.00,6.9920,-1,-1,-1
2704,9,2289.00,1153.00,59.00,99.00,6.5257,-1,-1,-1
2705,13,2217.00,1563.00,61.00,107.00,7.0565,-1,-1,-1
2705,9,2291.00,1165.00,57.00,98.00,6.5757,-1,-1,-1
2706,13,2217.00,1575.00,60.00,105.00,7.1086,-1,-1,-1
2706,9,2290.00,1179.00,58.00,97.00,6.6686,-1,-1,-1
2707,13,2218.00,1587.00,62.00,107.00,7.1680,-1,-1,-1
2707,9,2291.00,1190.00,56.00,99.00,6.7098,-1,-1,-1
2708,13,2219.00,1600.00,60.00,104.00,7.2447,-1,-1,-1
2708,9,2290.00,1203.00,60.00,102.00,6.8340,-1,-1,-1
2709,13,2219.00,1613.00,63.00,104.00,7.2759,-1,-1,-1
2709,9,2291.00,1212.00,58.00,105.00,6.8925,-1,-1,-1
2710,13,2219.00,1622.00,61.00,101.00,7.3347,-1,-1,-1
2710,9,2291.00,1223.00,60.00,102.00,6.9334,-1,-1,-1
2711,13,2221.00,1633.00,59.00,103.00,7.3592,-1,-1,-1
2711,9,2294.00,1236.00,54.00,90.00,7.0105,-1,-1,-1
2712,13,2220.00,1641.00,63.00,100.00,7.3061,-1,-1,-1
2712,9,2293.00,1241.00,56.00,98.00,7.1431,-1,-1,-1
2713,13,2220.00,1645.00,62.00,102.00,7.3122,-1,-1,-1
2713,9,2294.00,1248.00,56.00,95.00,7.2313,-1,-1,-1
2714,9,2292.00,1253.00,60.00,98.00,7.3033,-1,-1,-1
2714,13,2222.00,1651.00,61.00,101.00,7.2323,-1,-1,-1
2715,9,2293.00,1258.00,59.00,98.00,7.3120,-1,-1,-1
2715,13,2223.00,1654.00,59.00,102.00,7.1102,-1,-1,-1
2716,9,2292.00,1258.00,63.00,101.00,7.3214,-1,-1,-1
2716,13,2223.00,1660.00,59.00,100.00,7.1119,-1,-1,-1
2717,9,2292.00,1259.00,62.00,104.00,7.3849,-1,-1,-1
2717,13,2223.00,1661.00,59.00,99.00,7.1050,-1,-1,-1
2718,9,2292.00,1260.00,63.00,105.00,7.4506,-1,-1,-1
2718,13,2224.00,1663.00,58.00,97.00,7.0565,-1,-1,-1
2719,9,2291.00,1261.00,66.00,106.00,7.5036,-1,-1,-1
2719,13,2225.00,1663.00,56.00,95.00,6.9776,-1,-1,-1
2720,9,2291.00,1259.00,68.00,111.00,7.5164,-1,-1,-1
2720,13,2226.00,1663.00,55.00,93.00,6.8710,-1,-1,-1
2721,9,2290.00,1259.00,70.00,110.00,7.5295,-1,-1,-1
2721,13,2226.00,1662.00,56.00,95.00,6.7951,-1,-1,-1
2722,9,2290.00,1259.00,70.00,105.00,7.5463,-1,-1,-1
2722,13,2226.00,1660.00,57.00,97.00,6.7614,-1,-1,-1
2723,9,2290.00,1259.00,70.00,103.00,7.5346,-1,-1,-1
2723,13,2225.00,1659.00,59.00,98.00,6.7804,-1,-1,-1
2724,9,2289.00,1258.00,72.00,106.00,7.4983,-1,-1,-1
2724,13,2225.00,1659.00,60.00,98.00,6.8084,-1,-1,-1
2725,9,2288.00,1258.00,75.00,104.00,7.4418,-1,-1,-1
2725,13,2226.00,1657.00,58.00,98.00,6.7541,-1,-1,-1
2726,9,2289.00,1255.00,75.00,105.00,7.3914,-1,-1,-1
2726,13,2226.00,1657.00,58.00,97.00,6.6571,-1,-1,-1
2727,9,2289.00,1254.00,76.00,106.00,7.3540,-1,-1,-1
2727,13,2227.00,1656.00,57.00,98.00,6.4988,-1,-1,-1
2728,9,2288.00,1253.00,79.00,108.00,7.3206,-1,-1,-1
2728,13,2228.00,1652.00,55.00,96.00,6.3744,-1,-1,-1
2729,9,2288.00,1252.00,80.00,109.00,7.2838,-1,-1,-1
2729,13,2229.00,1653.00,56.00,93.00,6.4107,-1,-1,-1
2730,9,2288.00,1251.00,81.00,110.00,7.2492,-1,-1,-1
2730,13,2229.00,1653.00,57.00,93.00,6.5080,-1,-1,-1
2731,9,2287.00,1252.00,80.00,107.00,7.2374,-1,-1,-1
2731,13,2229.00,1653.00,57.00,93.00,6.5959,-1,-1,-1
2732,9,2287.00,1251.00,79.00,104.00,7.2226,-1,-1,-1
2732,13,2230.00,1653.00,57.00,93.00,6.6834,-1,-1,-1
2733,9,2287.00,1250.00,78.00,105.00,7.2310,-1,-1,-1
2733,13,2231.00,1652.00,56.00,93.00,6.7705,-1,-1,-1
2734,9,2286.00,1248.00,79.00,108.00,7.2390,-1,-1,-1
2734,13,2232.00,1651.00,55.00,91.00,6.8597,-1,-1,-1
2735,9,2287.00,1247.00,77.00,107.00,7.2701,-1,-1,-1
2735,13,2231.00,1650.00,57.00,89.00,6.9416,-1,-1,-1
2736,9,2288.00,1245.00,78.00,109.00,7.2405,-1,-1,-1
2736,13,2231.00,1647.00,57.00,91.00,6.9481,-1,-1,-1
2737,9,2288.00,1242.00,82.00,116.00,7.1563,-1,-1,-1
2737,13,2232.00,1644.00,56.00,92.00,6.9425,-1,-1,-1
2738,9,2289.00,1240.00,82.00,116.00,7.0806,-1,-1,-1
2738,13,2232.00,1643.00,56.00,92.00,6.9858,-1,-1,-1
2739,9,2292.00,1241.00,74.00,109.00,7.0241,-1,-1,-1
2739,13,2232.00,1640.00,57.00,94.00,7.0024,-1,-1,-1
2740,13,2232.00,1637.00,59.00,97.00,7.0243,-1,-1,-1
2740,9,2294.00,1240.00,71.00,108.00,7.0194,-1,-1,-1
2741,9,2295.00,1240.00,70.00,108.00,7.0316,-1,-1,-1
2741,13,2232.00,1634.00,60.00,100.00,7.0168,-1,-1,-1
2742,9,2296.00,1239.00,69.00,109.00,7.0584,-1,-1,-1
2742,13,2231.00,1632.00,63.00,102.00,6.9694,-1,-1,-1
2743,9,2296.00,1238.00,69.00,111.00,7.0801,-1,-1,-1
2743,13,2233.00,1632.00,61.00,102.00,6.8583,-1,-1,-1
2744,9,2296.00,1238.00,70.00,113.00,7.1165,-1,-1,-1
2744,13,2234.00,1632.00,60.00,102.00,6.7190,-1,-1,-1
2745,9,2297.00,1237.00,68.00,114.00,7.1225,-1,-1,-1
2745,13,2234.00,1631.00,61.00,103.00,6.6034,-1,-1,-1
2746,9,2297.00,1237.00,67.00,113.00,7.1472,-1,-1,-1
2746,13,2234.00,1631.00,61.00,104.00,6.4795,-1,-1,-1
2747,9,2297.00,1237.00,67.00,113.00,7.1911,-1,-1,-1
2747,13,2234.00,1631.00,62.00,104.00,6.3353,-1,-1,-1
2748,9,2298.00,1236.00,66.00,113.00,7.2273,-1,-1,-1
2748,13,2236.00,1621.00,58.00,105.00,6.2226,-1,-1,-1
2749,9,2299.00,1235.00,64.00,113.00,7.2542,-1,-1,-1
2749,13,2236.00,1621.00,59.00,106.00,6.1913,-1,-1,-1
2750,9,2299.00,1235.00,63.00,111.00,7.2804,-1,-1,-1
2750,13,2235.00,1621.00,62.00,107.00,6.2571,-1,-1,-1
2751,9,2299.00,1234.00,62.00,109.00,7.2824,-1,-1,-1
2751,13,2235.00,1620.00,63.00,108.00,6.3331,-1,-1,-1
2752,9,2298.00,1233.00,65.00,110.00,7.3210,-1,-1,-1
2752,13,2235.00,1620.00,65.00,108.00,6.4266,-1,-1,-1
2753,9,2298.00,1232.00,66.00,111.00,7.3848,-1,-1,-1
2753,13,2235.00,1619.00,66.00,109.00,6.5191,-1,-1,-1
2754,9,2299.00,1231.00,66.00,111.00,7.4357,-1,-1,-1
2754,13,2235.00,1618.00,66.00,108.00,6.5849,-1,-1,-1
2755,9,2300.00,1230.00,64.00,110.00,7.4489,-1,-1,-1
2755,13,2236.00,1618.00,66.00,106.00,6.6394,-1,-1,-1
2756,9,2301.00,1230.00,64.00,110.00,7.4685,-1,-1,-1
2756,13,2237.00,1618.00,65.00,103.00,6.6613,-1,-1,-1
2757,9,2302.00,1230.00,64.00,110.00,7.4871,-1,-1,-1
2757,13,2237.00,1618.00,65.00,102.00,6.6690,-1,-1,-1
2758,9,2302.00,1229.00,66.00,114.00,7.4866,-1,-1,-1
2758,13,2239.00,1618.00,63.00,100.00,6.6436,-1,-1,-1
2759,9,2303.00,1228.00,67.00,116.00,7.4449,-1,-1,-1
2759,13,2240.00,1618.00,63.00,98.00,6.6012,-1,-1,-1
2760,9,2303.00,1227.00,65.00,111.00,7.3822,-1,-1,-1
2760,13,2241.00,1617.00,62.00,99.00,6.5467,-1,-1,-1
2761,9,2302.00,1227.00,67.00,109.00,7.3547,-1,-1,-1
2761,13,2242.00,1621.00,61.00,91.00,6.5102,-1,-1,-1
2762,9,2302.00,1226.00,69.00,110.00,7.3395,-1,-1,-1
2762,13,2243.00,1621.00,60.00,90.00,6.5109,-1,-1,-1
2763,9,2302.00,1227.00,70.00,109.00,7.3340,-1,-1,-1
2763,13,2244.00,1620.00,59.00,89.00,6.5150,-1,-1,-1
2764,9,2301.00,1226.00,72.00,109.00,7.3347,-1,-1,-1
2764,13,2245.00,1619.00,58.00,90.00,6.5310,-1,-1,-1
2765,9,2302.00,1223.00,69.00,111.00,7.3493,-1,-1,-1
2765,13,2244.00,1618.00,59.00,91.00,6.5729,-1,-1,-1
2766,9,2302.00,1222.00,70.00,112.00,7.3640,-1,-1,-1
2766,13,2244.00,1618.00,60.00,90.00,6.6472,-1,-1,-1
2767,9,2302.00,1222.00,71.00,113.00,7.3824,-1,-1,-1
2767,13,2245.00,1616.00,59.00,91.00,6.7169,-1,-1,-1
2768,9,2302.00,1221.00,71.00,112.00,7.4091,-1,-1,-1
2768,13,2246.00,1616.00,58.00,91.00,6.7506,-1,-1,-1
2769,9,2302.00,1220.00,72.00,112.00,7.4478,-1,-1,-1
2769,13,2248.00,1615.00,57.00,90.00,6.7407,-1,-1,-1
2770,9,2302.00,1219.00,72.00,113.00,7.4813,-1,-1,-1
2770,13,2249.00,1614.00,57.00,90.00,6.6924,-1,-1,-1
2771,9,2302.00,1217.00,73.00,116.00,7.5149,-1,-1,-1
2771,13,2249.00,1613.00,58.00,91.00,6.6060,-1,-1,-1
2772,9,2302.00,1215.00,72.00,117.00,7.5367,-1,-1,-1
2772,13,2251.00,1609.00,55.00,89.00,6.5656,-1,-1,-1
2773,9,2303.00,1212.00,71.00,119.00,7.5235,-1,-1,-1
2773,13,2251.00,1607.00,56.00,89.00,6.5219,-1,-1,-1
2774,9,2303.00,1211.00,70.00,120.00,7.4824,-1,-1,-1
2774,13,2250.00,1606.00,58.00,92.00,6.4827,-1,-1,-1
2775,9,2303.00,1210.00,70.00,120.00,7.4341,-1,-1,-1
2775,13,2250.00,1605.00,60.00,94.00,6.4422,-1,-1,-1
2776,9,2304.00,1209.00,69.00,120.00,7.3687,-1,-1,-1
2776,13,2250.00,1605.00,63.00,93.00,6.4680,-1,-1,-1
2777,9,2306.00,1210.00,65.00,114.00,7.2903,-1,-1,-1
2777,13,2251.00,1604.00,64.00,93.00,6.5388,-1,-1,-1
2778,9,2307.00,1210.00,64.00,117.00,7.2391,-1,-1,-1
2778,13,2252.00,1603.00,64.00,94.00,6.6243,-1,-1,-1
2779,9,2307.00,1209.00,65.00,119.00,7.2051,-1,-1,-1
2779,13,2254.00,1603.00,61.00,92.00,6.6897,-1,-1,-1
2780,9,2306.00,1210.00,65.00,114.00,7.1737,-1,-1,-1
2780,13,2253.00,1602.00,62.00,94.00,6.7194,-1,-1,-1
2781,9,2307.00,1209.00,65.00,119.00,7.1522,-1,-1,-1
2781,13,2252.00,1600.00,65.00,94.00,6.7474,-1,-1,-1
2782,9,2308.00,1208.00,64.00,118.00,7.1470,-1,-1,-1
2782,13,2251.00,1598.00,68.00,97.00,6.7626,-1,-1,-1
2783,9,2308.00,1208.00,63.00,116.00,7.1357,-1,-1,-1
2783,13,2253.00,1597.00,66.00,95.00,6.7610,-1,-1,-1
2784,9,2309.00,1208.00,61.00,113.00,7.1325,-1,-1,-1
2784,13,2254.00,1595.00,65.00,96.00,6.7564,-1,-1,-1
2785,9,2309.00,1207.00,60.00,111.00,7.0908,-1,-1,-1
2785,13,2254.00,1595.00,68.00,98.00,6.7637,-1,-1,-1
2786,9,2309.00,1207.00,60.00,110.00,7.0436,-1,-1,-1
2786,13,2254.00,1594.00,71.00,100.00,6.7645,-1,-1,-1
2787,9,2312.00,1208.00,54.00,99.00,6.9826,-1,-1,-1
2787,13,2255.00,1593.00,72.00,100.00,6.7729,-1,-1,-1
2788,9,2313.00,1207.00,52.00,95.00,6.9553,-1,-1,-1
2788,13,2256.00,1592.00,73.00,100.00,6.7792,-1,-1,-1
2789,9,2313.00,1206.00,52.00,94.00,6.9436,-1,-1,-1
2789,13,2257.00,1592.00,72.00,99.00,6.7864,-1,-1,-1
2790,9,2314.00,1204.00,51.00,95.00,6.8930,-1,-1,-1
2790,13,2256.00,1592.00,71.00,100.00,6.7995,-1,-1,-1
2791,9,2313.00,1206.00,51.00,87.00,6.8457,-1,-1,-1
2791,13,2256.00,1592.00,72.00,101.00,6.8250,-1,-1,-1
2792,13,2257.00,1592.00,69.00,100.00,6.8358,-1,-1,-1
2792,9,2312.00,1205.00,52.00,87.00,6.8059,-1,-1,-1
2793,13,2259.00,1593.00,65.00,98.00,6.8426,-1,-1,-1
2793,9,2313.00,1205.00,51.00,87.00,6.7508,-1,-1,-1
2794,13,2259.00,1592.00,65.00,99.00,6.8412,-1,-1,-1
2794,9,2313.00,1204.00,52.00,88.00,6.6633,-1,-1,-1
2795,13,2260.00,1592.00,62.00,96.00,6.8567,-1,-1,-1
2795,9,2314.00,1203.00,51.00,88.00,6.5772,-1,-1,-1
2796,13,2261.00,1591.00,61.00,95.00,6.8865,-1,-1,-1
2796,9,2315.00,1201.00,50.00,87.00,6.5001,-1,-1,-1
2797,13,2261.00,1590.00,60.00,94.00,6.9195,-1,-1,-1
2797,9,2316.00,1201.00,48.00,86.00,6.4379,-1,-1,-1
2798,13,2262.00,1589.00,60.00,95.00,6.9462,-1,-1,-1
2798,9,2317.00,1200.00,47.00,85.00,6.3873,-1,-1,-1
2799,13,2263.00,1591.00,60.00,94.00,6.9841,-1,-1,-1
2799,9,2317.00,1199.00,47.00,85.00,6.3935,-1,-1,-1
2800,13,2264.00,1591.00,61.00,94.00,7.0465,-1,-1,-1
2800,9,2317.00,1198.00,47.00,84.00,6.4052,-1,-1,-1
2801,13,2265.00,1592.00,61.00,95.00,7.0575,-1,-1,-1
2801,9,2317.00,1198.00,47.00,82.00,6.3857,-1,-1,-1
2802,13,2265.00,1592.00,61.00,94.00,7.0755,-1,-1,-1
2802,9,2317.00,1198.00,47.00,83.00,6.3130,-1,-1,-1
2803,13,2266.00,1592.00,61.00,93.00,7.0827,-1,-1,-1
2803,9,2317.00,1197.00,47.00,86.00,6.2532,-1,-1,-1
2804,13,2267.00,1592.00,60.00,92.00,7.1004,-1,-1,-1
2804,9,2316.00,1196.00,48.00,88.00,6.2073,-1,-1,-1
2805,13,2266.00,1591.00,61.00,92.00,7.1216,-1,-1,-1
2805,9,2314.00,1196.00,51.00,92.00,6.2258,-1,-1,-1
2806,13,2267.00,1589.00,60.00,92.00,7.1341,-1,-1,-1
2806,9,2314.00,1195.00,52.00,94.00,6.2747,-1,-1,-1
2807,13,2267.00,1588.00,59.00,92.00,7.1432,-1,-1,-1
2807,9,2313.00,1195.00,54.00,96.00,6.3460,-1,-1,-1
2808,13,2267.00,1588.00,57.00,93.00,7.1489,-1,-1,-1
2808,9,2313.00,1194.00,54.00,99.00,6.4117,-1,-1,-1
2809,13,2268.00,1587.00,56.00,93.00,7.1270,-1,-1,-1
2809,9,2312.00,1194.00,56.00,100.00,6.4843,-1,-1,-1
2810,13,2268.00,1587.00,57.00,95.00,7.1124,-1,-1,-1
2810,9,2313.00,1193.00,55.00,100.00,6.5365,-1,-1,-1
2811,13,2269.00,1586.00,56.00,96.00,7.0990,-1,-1,-1
2811,9,2315.00,1193.00,52.00,96.00,6.6004,-1,-1,-1
2812,13,2268.00,1586.00,58.00,98.00,7.1417,-1,-1,-1
2812,9,2315.00,1192.00,52.00,94.00,6.6694,-1,-1,-1
2813,13,2269.00,1586.00,56.00,97.00,7.1542,-1,-1,-1
2813,9,2315.00,1193.00,52.00,93.00,6.7633,-1,-1,-1
2814,13,2269.00,1587.00,55.00,96.00,7.1964,-1,-1,-1
2814,9,2316.00,1192.00,51.00,93.00,6.8453,-1,-1,-1
2815,13,2269.00,1587.00,55.00,96.00,7.1832,-1,-1,-1
2815,9,2317.00,1192.00,50.00,93.00,6.9241,-1,-1,-1
2816,13,2270.00,1585.00,55.00,96.00,7.1753,-1,-1,-1
2816,9,2316.00,1193.00,52.00,93.00,7.0198,-1,-1,-1
2817,13,2270.00,1586.00,56.00,96.00,7.1906,-1,-1,-1
2817,9,2317.00,1193.00,51.00,94.00,7.1133,-1,-1,-1
2818,9,2316.00,1194.00,52.00,95.00,7.2237,-1,-1,-1
2818,13,2271.00,1587.00,55.00,96.00,7.2183,-1,-1,-1
2819,9,2318.00,1193.00,50.00,92.00,7.3109,-1,-1,-1
2819,13,2271.00,1587.00,57.00,98.00,7.2645,-1,-1,-1
2820,9,2318.00,1194.00,50.00,91.00,7.3907,-1,-1,-1
2820,13,2272.00,1586.00,58.00,100.00,7.2712,-1,-1,-1
2821,9,2318.00,1195.00,50.00,91.00,7.4696,-1,-1,-1
2821,13,2273.00,1587.00,57.00,98.00,7.1609,-1,-1,-1
2822,9,2318.00,1196.00,51.00,92.00,7.5417,-1,-1,-1
2822,13,2273.00,1587.00,59.00,101.00,7.0882,-1,-1,-1
2823,9,2319.00,1196.00,50.00,91.00,7.5955,-1,-1,-1
2823,13,2274.00,1587.00,59.00,101.00,7.0917,-1,-1,-1
2824,9,2318.00,1198.00,52.00,93.00,7.6324,-1,-1,-1
2824,13,2276.00,1588.00,56.00,99.00,7.0621,-1,-1,-1
2825,9,2318.00,1199.00,53.00,94.00,7.6592,-1,-1,-1
2825,13,2277.00,1589.00,55.00,94.00,7.0126,-1,-1,-1
2826,9,2316.00,1196.00,57.00,103.00,7.6564,-1,-1,-1
2826,13,2277.00,1588.00,55.00,97.00,6.9246,-1,-1,-1
2827,9,2318.00,1198.00,55.00,102.00,7.6650,-1,-1,-1
2827,13,2276.00,1590.00,58.00,97.00,6.9345,-1,-1,-1
2828,9,2319.00,1199.00,54.00,102.00,7.6572,-1,-1,-1
2828,13,2276.00,1591.00,58.00,97.00,6.9581,-1,-1,-1
2829,9,2319.00,1201.00,55.00,99.00,7.6706,-1,-1,-1
2829,13,2277.00,1592.00,57.00,96.00,6.9639,-1,-1,-1
2830,9,2319.00,1202.00,55.00,99.00,7.6692,-1,-1,-1
2830,13,2279.00,1594.00,55.00,93.00,6.9641,-1,-1,-1
2831,9,2320.00,1204.00,55.00,97.00,7.6582,-1,-1,-1
2831,13,2279.00,1595.00,55.00,92.00,6.9113,-1,-1,-1
2832,9,2320.00,1206.00,56.00,96.00,7.6302,-1,-1,-1
2832,13,2278.00,1596.00,58.00,100.00,6.9385,-1,-1,-1
2833,9,2319.00,1207.00,58.00,100.00,7.6005,-1,-1,-1
2833,13,2278.00,1600.00,58.00,100.00,6.9189,-1,-1,-1
2834,9,2319.00,1208.00,58.00,98.00,7.6063,-1,-1,-1
2834,13,2280.00,1602.00,56.00,98.00,6.8038,-1,-1,-1
2835,9,2320.00,1209.00,57.00,98.00,7.5719,-1,-1,-1
2835,13,2281.00,1604.00,55.00,97.00,6.6731,-1,-1,-1
2836,9,2322.00,1211.00,54.00,96.00,7.4884,-1,-1,-1
2836,13,2281.00,1605.00,55.00,95.00,6.6312,-1,-1,-1
2837,9,2321.00,1210.00,56.00,100.00,7.3835,-1,-1,-1
2837,13,2283.00,1606.00,53.00,92.00,6.6275,-1,-1,-1
2838,9,2321.00,1210.00,58.00,107.00,7.3336,-1,-1,-1
2838,13,2280.00,1608.00,58.00,101.00,6.6105,-1,-1,-1
2839,9,2323.00,1212.00,55.00,108.00,7.1150,-1,-1,-1
2839,13,2279.00,1608.00,61.00,100.00,6.6531,-1,-1,-1
2840,9,2322.00,1213.00,57.00,108.00,7.0104,-1,-1,-1
2840,13,2283.00,1610.00,57.00,99.00,6.7088,-1,-1,-1
2841,9,2321.00,1216.00,58.00,104.00,6.9535,-1,-1,-1
2841,13,2283.00,1610.00,59.00,102.00,6.7984,-1,-1,-1
2842,9,2323.00,1216.00,56.00,104.00,6.9008,-1,-1,-1
2842,13,2285.00,1612.00,58.00,100.00,6.7966,-1,-1,-1
2843,9,2326.00,1219.00,52.00,98.00,6.9306,-1,-1,-1
2843,13,2286.00,1616.00,56.00,97.00,6.7829,-1,-1,-1
2844,9,2327.00,1222.00,51.00,94.00,6.9903,-1,-1,-1
2844,13,2287.00,1618.00,54.00,94.00,6.7759,-1,-1,-1
2845,9,2328.00,1224.00,50.00,89.00,7.0003,-1,-1,-1
2845,13,2288.00,1622.00,54.00,99.00,6.7819,-1,-1,-1
2846,9,2325.00,1224.00,56.00,100.00,6.9748,-1,-1,-1
2846,13,2288.00,1623.00,54.00,99.00,6.8650,-1,-1,-1
2847,9,2326.00,1227.00,55.00,99.00,7.0322,-1,-1,-1
2847,13,2289.00,1626.00,54.00,101.00,6.9138,-1,-1,-1
2848,9,2328.00,1230.00,52.00,94.00,7.0996,-1,-1,-1
2848,13,2290.00,1628.00,53.00,99.00,6.8986,-1,-1,-1
2849,9,2330.00,1230.00,50.00,95.00,7.1387,-1,-1,-1
2849,13,2290.00,1630.00,54.00,97.00,6.9304,-1,-1,-1
2850,9,2331.00,1234.00,50.00,91.00,7.2000,-1,-1,-1
2850,13,2291.00,1632.00,54.00,103.00,7.0186,-1,-1,-1
2851,9,2332.00,1236.00,49.00,89.00,7.2486,-1,-1,-1
2851,13,2291.00,1636.00,55.00,101.00,7.1091,-1,-1,-1
2852,9,2330.00,1236.00,53.00,98.00,7.3195,-1,-1,-1
2852,13,2291.00,1637.00,57.00,103.00,7.1691,-1,-1,-1
2853,9,2331.00,1240.00,52.00,97.00,7.4249,-1,-1,-1
2853,13,2291.00,1638.00,58.00,108.00,7.2026,-1,-1,-1
2854,9,2332.00,1243.00,52.00,94.00,7.5104,-1,-1,-1
2854,13,2291.00,1642.00,59.00,105.00,7.2687,-1,-1,-1
2855,9,2332.00,1245.00,52.00,97.00,7.5598,-1,-1,-1
2855,13,2292.00,1645.00,60.00,103.00,7.3248,-1,-1,-1
2856,9,2330.00,1247.00,57.00,107.00,7.6067,-1,-1,-1
2856,13,2292.00,1647.00,61.00,103.00,7.3614,-1,-1,-1
2857,9,2332.00,1249.00,54.00,103.00,7.6132,-1,-1,-1
2857,13,2294.00,1650.00,60.00,104.00,7.3264,-1,-1,-1
2858,9,2334.00,1251.00,52.00,98.00,7.5798,-1,-1,-1
2858,13,2295.00,1654.00,60.00,106.00,7.2768,-1,-1,-1
2859,9,2334.00,1255.00,53.00,98.00,7.5644,-1,-1,-1
2859,13,2295.00,1657.00,62.00,106.00,7.1861,-1,-1,-1
2860,9,2334.00,1258.00,53.00,96.00,7.5565,-1,-1,-1
2860,13,2296.00,1661.00,60.00,102.00,7.0729,-1,-1,-1
2861,9,2333.00,1257.00,56.00,105.00,7.5386,-1,-1,-1
2861,13,2296.00,1666.00,61.00,104.00,6.9648,-1,-1,-1
2862,9,2334.00,1261.00,56.00,103.00,7.4715,-1,-1,-1
2862,13,2298.00,1668.00,59.00,105.00,6.7907,-1,-1,-1
2863,9,2337.00,1265.00,52.00,98.00,7.2658,-1,-1,-1
2863,13,2298.00,1669.00,60.00,104.00,6.7866,-1,-1,-1
2864,9,2338.00,1268.00,51.00,94.00,7.1384,-1,-1,-1
2864,13,2299.00,1670.00,58.00,106.00,6.6627,-1,-1,-1
2865,9,2337.00,1272.00,52.00,93.00,7.0335,-1,-1,-1
2865,13,2299.00,1676.00,57.00,108.00,6.4877,-1,-1,-1
2866,9,2335.00,1274.00,56.00,99.00,7.0627,-1,-1,-1
2866,13,2300.00,1681.00,57.00,104.00,6.4321,-1,-1,-1
2867,9,2329.00,1275.00,63.00,105.00,7.1386,-1,-1,-1
2867,13,2300.00,1683.00,58.00,101.00,6.4721,-1,-1,-1
2868,9,2332.00,1278.00,61.00,102.00,7.1559,-1,-1,-1
2868,13,2299.00,1683.00,59.00,105.00,6.5325,-1,-1,-1
2869,9,2333.00,1279.00,61.00,109.00,7.1850,-1,-1,-1
2869,13,2301.00,1685.00,56.00,103.00,6.4937,-1,-1,-1
2870,9,2333.00,1282.00,61.00,112.00,7.2519,-1,-1,-1
2870,13,2302.00,1689.00,58.00,108.00,6.5030,-1,-1,-1
2871,9,2334.00,1284.00,60.00,111.00,7.3208,-1,-1,-1
2871,13,2303.00,1690.00,58.00,103.00,6.5096,-1,-1,-1
2872,9,2335.00,1286.00,58.00,110.00,7.3347,-1,-1,-1
2872,13,2302.00,1694.00,61.00,105.00,6.6682,-1,-1,-1
2873,9,2336.00,1288.00,55.00,103.00,7.3711,-1,-1,-1
2873,13,2302.00,1697.00,61.00,106.00,6.7730,-1,-1,-1
2874,9,2336.00,1290.00,57.00,102.00,7.4194,-1,-1,-1
2874,13,2302.00,1698.00,61.00,106.00,6.8266,-1,-1,-1
2875,9,2336.00,1292.00,59.00,109.00,7.4391,-1,-1,-1
2875,13,2303.00,1700.00,62.00,110.00,6.8979,-1,-1,-1
2876,9,2338.00,1294.00,56.00,107.00,7.4450,-1,-1,-1
2876,13,2304.00,1703.00,61.00,108.00,6.9295,-1,-1,-1
2877,9,2338.00,1297.00,56.00,107.00,7.4802,-1,-1,-1
2877,13,2306.00,1707.00,59.00,103.00,6.9238,-1,-1,-1
2878,9,2337.00,1300.00,62.00,116.00,7.5129,-1,-1,-1
2878,13,2307.00,1712.00,58.00,100.00,6.8751,-1,-1,-1
2879,9,2337.00,1303.00,62.00,115.00,7.5898,-1,-1,-1
2879,13,2307.00,1714.00,60.00,108.00,6.8135,-1,-1,-1
2880,9,2337.00,1304.00,63.00,116.00,7.6665,-1,-1,-1
2880,13,2308.00,1718.00,59.00,105.00,6.8299,-1,-1,-1
2881,9,2336.00,1307.00,67.00,116.00,7.7179,-1,-1,-1
2881,13,2308.00,1719.00,59.00,101.00,6.9332,-1,-1,-1
2882,9,2339.00,1308.00,62.00,114.00,7.7291,-1,-1,-1
2882,13,2307.00,1723.00,61.00,99.00,6.9909,-1,-1,-1
2883,9,2341.00,1309.00,59.00,113.00,7.7311,-1,-1,-1
2883,13,2308.00,1725.00,58.00,99.00,7.0060,-1,-1,-1
2884,9,2341.00,1310.00,60.00,113.00,7.6691,-1,-1,-1
2884,13,2308.00,1727.00,62.00,105.00,7.0211,-1,-1,-1
2885,9,2340.00,1313.00,63.00,112.00,7.6183,-1,-1,-1
2885,13,2310.00,1730.00,60.00,104.00,7.0274,-1,-1,-1
2886,9,2341.00,1315.00,63.00,110.00,7.6049,-1,-1,-1
2886,13,2312.00,1733.00,55.00,103.00,6.9843,-1,-1,-1
2887,9,2342.00,1317.00,63.00,110.00,7.6108,-1,-1,-1
2887,13,2310.00,1735.00,58.00,100.00,6.9475,-1,-1,-1
2888,9,2343.00,1319.00,62.00,111.00,7.5867,-1,-1,-1
2888,13,2310.00,1734.00,57.00,104.00,6.8906,-1,-1,-1
2889,9,2344.00,1321.00,60.00,109.00,7.5029,-1,-1,-1
2889,13,2313.00,1738.00,55.00,104.00,6.9094,-1,-1,-1
2890,9,2345.00,1322.00,60.00,108.00,7.3222,-1,-1,-1
2890,13,2313.00,1738.00,56.00,106.00,6.9629,-1,-1,-1
2891,9,2346.00,1322.00,60.00,107.00,7.1612,-1,-1,-1
2891,13,2313.00,1741.00,58.00,108.00,7.0383,-1,-1,-1
2892,13,2314.00,1743.00,58.00,107.00,7.1097,-1,-1,-1
2892,9,2347.00,1325.00,58.00,104.00,6.9946,-1,-1,-1
2893,13,2311.00,1744.00,60.00,103.00,7.1675,-1,-1,-1
2893,9,2346.00,1326.00,59.00,105.00,6.8801,-1,-1,-1
2894,13,2311.00,1745.00,61.00,104.00,7.1763,-1,-1,-1
2894,9,2343.00,1325.00,65.00,115.00,6.8169,-1,-1,-1
2895,13,2313.00,1748.00,59.00,106.00,7.2197,-1,-1,-1
2895,9,2343.00,1328.00,64.00,114.00,6.7985,-1,-1,-1
2896,13,2313.00,1750.00,60.00,105.00,7.2750,-1,-1,-1
2896,9,2344.00,1330.00,62.00,114.00,6.7916,-1,-1,-1
2897,13,2313.00,1750.00,61.00,106.00,7.3292,-1,-1,-1
2897,9,2347.00,1331.00,58.00,114.00,6.7404,-1,-1,-1
2898,13,2314.00,1753.00,63.00,107.00,7.3254,-1,-1,-1
2898,9,2351.00,1333.00,52.00,106.00,6.6810,-1,-1,-1
2899,13,2314.00,1753.00,62.00,104.00,7.3262,-1,-1,-1
2899,9,2351.00,1336.00,52.00,104.00,6.7364,-1,-1,-1
2900,13,2314.00,1754.00,63.00,104.00,7.3324,-1,-1,-1
2900,9,2352.00,1338.00,52.00,102.00,6.8849,-1,-1,-1
2901,13,2313.00,1756.00,66.00,108.00,7.3266,-1,-1,-1
2901,9,2352.00,1340.00,52.00,102.00,6.9896,-1,-1,-1
2902,13,2314.00,1758.00,65.00,106.00,7.2633,-1,-1,-1
2902,9,2350.00,1341.00,59.00,109.00,7.1016,-1,-1,-1
2903,9,2349.00,1343.00,60.00,110.00,7.2102,-1,-1,-1
2903,13,2315.00,1759.00,65.00,111.00,7.1577,-1,-1,-1
2904,9,2349.00,1344.00,60.00,110.00,7.2882,-1,-1,-1
2904,13,2316.00,1762.00,64.00,111.00,7.0832,-1,-1,-1
2905,9,2348.00,1345.00,62.00,113.00,7.3442,-1,-1,-1
2905,13,2318.00,1765.00,62.00,109.00,7.0049,-1,-1,-1
2906,9,2347.00,1346.00,65.00,118.00,7.3986,-1,-1,-1
2906,13,2318.00,1768.00,61.00,105.00,7.0302,-1,-1,-1
2907,9,2346.00,1348.00,67.00,118.00,7.4775,-1,-1,-1
2907,13,2318.00,1770.00,61.00,103.00,7.0649,-1,-1,-1
2908,9,2346.00,1350.00,69.00,117.00,7.5506,-1,-1,-1
2908,13,2318.00,1772.00,60.00,105.00,7.0392,-1,-1,-1
2909,9,2347.00,1351.00,69.00,118.00,7.6057,-1,-1,-1
2909,13,2319.00,1775.00,59.00,104.00,7.0477,-1,-1,-1
2910,9,2346.00,1354.00,70.00,116.00,7.6332,-1,-1,-1
2910,13,2320.00,1777.00,59.00,104.00,7.0389,-1,-1,-1
2911,9,2347.00,1355.00,69.00,114.00,7.6459,-1,-1,-1
2911,13,2321.00,1776.00,60.00,105.00,7.0238,-1,-1,-1
2912,9,2346.00,1355.00,71.00,114.00,7.6280,-1,-1,-1
2912,13,2322.00,1778.00,59.00,102.00,6.9305,-1,-1,-1
2913,9,2346.00,1356.00,73.00,116.00,7.5489,-1,-1,-1
2913,13,2322.00,1779.00,57.00,100.00,6.9838,-1,-1,-1
2914,9,2345.00,1355.00,76.00,122.00,7.5078,-1,-1,-1
2914,13,2322.00,1781.00,58.00,99.00,7.0162,-1,-1,-1
2915,9,2345.00,1355.00,76.00,120.00,7.4503,-1,-1,-1
2915,13,2323.00,1781.00,58.00,104.00,6.9182,-1,-1,-1
2916,9,2346.00,1355.00,75.00,120.00,7.3526,-1,-1,-1
2916,13,2323.00,1783.00,57.00,101.00,6.7287,-1,-1,-1
2917,9,2348.00,1356.00,73.00,119.00,7.3126,-1,-1,-1
2917,13,2325.00,1784.00,54.00,98.00,6.6185,-1,-1,-1
2918,9,2348.00,1358.00,75.00,121.00,7.3429,-1,-1,-1
2918,13,2325.00,1785.00,54.00,97.00,6.5010,-1,-1,-1
2919,9,2349.00,1359.00,75.00,121.00,7.3757,-1,-1,-1
2919,13,2325.00,1784.00,57.00,105.00,6.4588,-1,-1,-1
2920,9,2350.00,1358.00,75.00,122.00,7.3744,-1,-1,-1
2920,13,2322.00,1783.00,61.00,103.00,6.5284,-1,-1,-1
2921,9,2350.00,1359.00,76.00,121.00,7.3683,-1,-1,-1
2921,13,2317.00,1783.00,66.00,108.00,6.6936,-1,-1,-1
2922,9,2350.00,1362.00,75.00,117.00,7.3695,-1,-1,-1
2922,13,2318.00,1786.00,66.00,106.00,6.8416,-1,-1,-1
2923,9,2351.00,1364.00,74.00,116.00,7.3730,-1,-1,-1
2923,13,2321.00,1789.00,64.00,101.00,6.9203,-1,-1,-1
2924,9,2349.00,1364.00,77.00,120.00,7.3887,-1,-1,-1
2924,13,2322.00,1789.00,65.00,102.00,7.0343,-1,-1,-1
2925,9,2350.00,1364.00,75.00,119.00,7.3984,-1,-1,-1
2925,13,2324.00,1792.00,64.00,102.00,7.1511,-1,-1,-1
2926,9,2352.00,1365.00,72.00,117.00,7.3735,-1,-1,-1
2926,13,2324.00,1794.00,65.00,102.00,7.2222,-1,-1,-1
2927,9,2353.00,1365.00,71.00,118.00,7.3232,-1,-1,-1
2927,13,2325.00,1793.00,65.00,107.00,7.2470,-1,-1,-1
2928,9,2357.00,1367.00,64.00,116.00,7.2438,-1,-1,-1
2928,13,2326.00,1794.00,65.00,107.00,7.2352,-1,-1,-1
2929,13,2325.00,1795.00,66.00,104.00,7.2220,-1,-1,-1
2929,9,2354.00,1366.00,69.00,116.00,7.1677,-1,-1,-1
2930,13,2325.00,1796.00,66.00,107.00,7.2742,-1,-1,-1
2930,9,2354.00,1368.00,69.00,112.00,7.1526,-1,-1,-1
2931,13,2328.00,1797.00,65.00,109.00,7.3108,-1,-1,-1
2931,9,2352.00,1368.00,72.00,114.00,7.1751,-1,-1,-1
2932,13,2329.00,1798.00,65.00,109.00,7.3077,-1,-1,-1
2932,9,2352.00,1369.00,72.00,114.00,7.1960,-1,-1,-1
2933,13,2329.00,1800.00,64.00,108.00,7.2469,-1,-1,-1
2933,9,2351.00,1371.00,73.00,113.00,7.2166,-1,-1,-1
2934,9,2353.00,1372.00,70.00,111.00,7.2096,-1,-1,-1
2934,13,2331.00,1802.00,63.00,107.00,7.0952,-1,-1,-1
2935,9,2354.00,1370.00,69.00,120.00,7.1795,-1,-1,-1
2935,13,2331.00,1802.00,63.00,108.00,7.0323,-1,-1,-1
2936,9,2355.00,1372.00,68.00,117.00,7.2028,-1,-1,-1
2936,13,2330.00,1802.00,64.00,108.00,7.0457,-1,-1,-1
2937,9,2356.00,1374.00,67.00,113.00,7.2564,-1,-1,-1
2937,13,2330.00,1800.00,64.00,111.00,7.0185,-1,-1,-1
2938,9,2357.00,1375.00,64.00,109.00,7.3066,-1,-1,-1
2938,13,2333.00,1801.00,61.00,112.00,6.9030,-1,-1,-1
2939,9,2357.00,1376.00,66.00,109.00,7.3831,-1,-1,-1
2939,13,2335.00,1805.00,60.00,114.00,6.8659,-1,-1,-1
2940,9,2358.00,1378.00,65.00,109.00,7.4679,-1,-1,-1
2940,13,2334.00,1804.00,63.00,116.00,6.8615,-1,-1,-1
2941,9,2358.00,1380.00,65.00,109.00,7.5456,-1,-1,-1
2941,13,2334.00,1807.00,65.00,115.00,6.9379,-1,-1,-1
2942,9,2359.00,1380.00,62.00,108.00,7.5983,-1,-1,-1
2942,13,2334.00,1810.00,64.00,113.00,7.0086,-1,-1,-1
2943,9,2360.00,1381.00,62.00,110.00,7.6263,-1,-1,-1
2943,13,2335.00,1812.00,62.00,111.00,7.0760,-1,-1,-1
2944,9,2359.00,1382.00,65.00,111.00,7.6136,-1,-1,-1
2944,13,2335.00,1813.00,62.00,110.00,7.1459,-1,-1,-1
2945,9,2357.00,1384.00,70.00,109.00,7.5866,-1,-1,-1
2945,13,2335.00,1814.00,63.00,111.00,7.1719,-1,-1,-1
2946,9,2357.00,1385.00,72.00,112.00,7.5691,-1,-1,-1
2946,13,2335.00,1815.00,63.00,110.00,7.1818,-1,-1,-1
2947,9,2358.00,1383.00,74.00,119.00,7.5439,-1,-1,-1
2947,13,2336.00,1816.00,64.00,110.00,7.1683,-1,-1,-1
2948,9,2357.00,1384.00,75.00,120.00,7.5309,-1,-1,-1
2948,13,2338.00,1819.00,60.00,110.00,7.1673,-1,-1,-1
2949,9,2357.00,1384.00,76.00,119.00,7.5142,-1,-1,-1
2949,13,2339.00,1819.00,59.00,110.00,7.1894,-1,-1,-1
2950,9,2354.00,1387.00,79.00,115.00,7.5022,-1,-1,-1
2950,13,2340.00,1819.00,58.00,107.00,7.2183,-1,-1,-1
2951,9,2353.00,1388.00,81.00,115.00,7.4820,-1,-1,-1
2951,13,2339.00,1819.00,60.00,107.00,7.2634,-1,-1,-1
2952,9,2350.00,1389.00,85.00,119.00,7.4474,-1,-1,-1
2952,13,2338.00,1820.00,61.00,105.00,7.3172,-1,-1,-1
2953,9,2351.00,1389.00,84.00,117.00,7.4165,-1,-1,-1
2953,13,2341.00,1824.00,58.00,103.00,7.3831,-1,-1,-1
2954,13,2341.00,1824.00,59.00,103.00,7.4385,-1,-1,-1
2954,9,2353.00,1390.00,83.00,114.00,7.3874,-1,-1,-1
2955,13,2342.00,1825.00,58.00,105.00,7.4608,-1,-1,-1
2955,9,2354.00,1392.00,81.00,109.00,7.3484,-1,-1,-1
2956,13,2342.00,1828.00,59.00,108.00,7.3398,-1,-1,-1
2956,9,2353.00,1393.00,85.00,108.00,7.3200,-1,-1,-1
2957,9,2355.00,1394.00,84.00,105.00,7.2792,-1,-1,-1
2957,13,2342.00,1830.00,59.00,108.00,7.2004,-1,-1,-1
2958,9,2357.00,1395.00,84.00,108.00,7.2454,-1,-1,-1
2958,13,2343.00,1831.00,58.00,105.00,7.0932,-1,-1,-1
2959,9,2357.00,1395.00,83.00,109.00,7.2171,-1,-1,-1
2959,13,2343.00,1833.00,58.00,104.00,7.0450,-1,-1,-1
2960,9,2357.00,1394.00,84.00,111.00,7.2027,-1,-1,-1
2960,13,2343.00,1832.00,56.00,101.00,6.9821,-1,-1,-1
2961,9,2356.00,1395.00,87.00,115.00,7.1700,-1,-1,-1
2961,13,2344.00,1831.00,56.00,103.00,6.8927,-1,-1,-1
2962,9,2357.00,1395.00,84.00,112.00,7.1331,-1,-1,-1
2962,13,2343.00,1830.00,59.00,111.00,6.8279,-1,-1,-1
2963,9,2359.00,1396.00,80.00,107.00,7.0968,-1,-1,-1
2963,13,2343.00,1830.00,60.00,110.00,6.6978,-1,-1,-1
2964,9,2360.00,1398.00,70.00,102.00,7.0189,-1,-1,-1
2964,13,2343.00,1830.00,60.00,111.00,6.6138,-1,-1,-1
2965,9,2362.00,1397.00,65.00,100.00,6.9896,-1,-1,-1
2965,13,2342.00,1830.00,62.00,111.00,6.5954,-1,-1,-1
2966,9,2362.00,1398.00,65.00,99.00,6.9784,-1,-1,-1
2966,13,2342.00,1828.00,63.00,113.00,6.5547,-1,-1,-1
2967,9,2364.00,1398.00,63.00,99.00,6.9754,-1,-1,-1
2967,13,2343.00,1828.00,62.00,109.00,6.4868,-1,-1,-1
2968,9,2364.00,1398.00,65.00,101.00,6.9820,-1,-1,-1
2968,13,2343.00,1828.00,63.00,110.00,6.4154,-1,-1,-1
2969,9,2363.00,1398.00,66.00,101.00,7.0242,-1,-1,-1
2969,13,2343.00,1828.00,63.00,109.00,6.3669,-1,-1,-1
2970,9,2363.00,1397.00,65.00,103.00,7.0534,-1,-1,-1
2970,13,2343.00,1827.00,60.00,110.00,6.2922,-1,-1,-1
2971,9,2363.00,1398.00,67.00,106.00,7.0422,-1,-1,-1
2971,13,2345.00,1828.00,59.00,108.00,6.2695,-1,-1,-1
2972,9,2364.00,1398.00,64.00,104.00,7.0410,-1,-1,-1
2972,13,2344.00,1828.00,60.00,108.00,6.2575,-1,-1,-1
2973,9,2366.00,1398.00,62.00,105.00,6.9649,-1,-1,-1
2973,13,2345.00,1828.00,60.00,108.00,6.2812,-1,-1,-1
2974,9,2367.00,1398.00,59.00,104.00,6.9080,-1,-1,-1
2974,13,2344.00,1828.00,61.00,108.00,6.3135,-1,-1,-1
2975,9,2368.00,1399.00,56.00,102.00,6.8302,-1,-1,-1
2975,13,2344.00,1827.00,60.00,109.00,6.2814,-1,-1,-1
2976,9,2368.00,1398.00,56.00,104.00,6.7762,-1,-1,-1
2976,13,2344.00,1829.00,62.00,106.00,6.3113,-1,-1,-1
2977,9,2368.00,1397.00,56.00,105.00,6.7335,-1,-1,-1
2977,13,2344.00,1828.00,62.00,107.00,6.3731,-1,-1,-1
2978,9,2368.00,1396.00,54.00,106.00,6.7114,-1,-1,-1
2978,13,2343.00,1827.00,63.00,108.00,6.4297,-1,-1,-1
2979,9,2368.00,1395.00,54.00,105.00,6.6798,-1,-1,-1
2979,13,2343.00,1827.00,64.00,108.00,6.4504,-1,-1,-1
2980,9,2366.00,1394.00,59.00,110.00,6.6013,-1,-1,-1
2980,13,2344.00,1828.00,62.00,106.00,6.4895,-1,-1,-1
2981,9,2365.00,1392.00,61.00,110.00,6.5613,-1,-1,-1
2981,13,2345.00,1827.00,61.00,106.00,6.5252,-1,-1,-1
2982,13,2345.00,1827.00,62.00,106.00,6.6143,-1,-1,-1
2982,9,2364.00,1390.00,64.00,110.00,6.5481,-1,-1,-1
2983,13,2345.00,1826.00,62.00,106.00,6.7057,-1,-1,-1
2983,9,2364.00,1390.00,66.00,111.00,6.5085,-1,-1,-1
2984,13,2345.00,1827.00,63.00,104.00,6.7928,-1,-1,-1
2984,9,2363.00,1391.00,72.00,111.00,6.4805,-1,-1,-1
2985,13,2345.00,1825.00,63.00,105.00,6.8975,-1,-1,-1
2985,9,2363.00,1390.00,75.00,116.00,6.4661,-1,-1,-1
2986,13,2346.00,1825.00,62.00,103.00,6.9656,-1,-1,-1
2986,9,2361.00,1389.00,77.00,117.00,6.3971,-1,-1,-1
2987,13,2346.00,1824.00,62.00,103.00,6.9902,-1,-1,-1
2987,9,2361.00,1387.00,75.00,111.00,6.2832,-1,-1,-1
2988,13,2347.00,1823.00,60.00,102.00,6.9749,-1,-1,-1
2988,9,2362.00,1384.00,71.00,107.00,6.1599,-1,-1,-1
2989,13,2348.00,1820.00,59.00,103.00,6.9619,-1,-1,-1
2989,9,2364.00,1383.00,73.00,108.00,6.0338,-1,-1,-1
2990,13,2349.00,1819.00,58.00,102.00,7.0009,-1,-1,-1
2990,9,2367.00,1382.00,70.00,103.00,6.0630,-1,-1,-1
2991,13,2349.00,1817.00,58.00,104.00,7.0487,-1,-1,-1
2991,9,2367.00,1380.00,69.00,102.00,6.0935,-1,-1,-1
2992,13,2349.00,1816.00,58.00,103.00,7.0877,-1,-1,-1
2992,9,2367.00,1379.00,69.00,100.00,6.1393,-1,-1,-1
2993,13,2349.00,1815.00,57.00,104.00,7.1181,-1,-1,-1
2993,9,2366.00,1379.00,70.00,99.00,6.2117,-1,-1,-1
2994,13,2349.00,1813.00,57.00,105.00,7.0741,-1,-1,-1
2994,9,2365.00,1378.00,71.00,100.00,6.2882,-1,-1,-1
2995,13,2348.00,1811.00,58.00,106.00,6.9930,-1,-1,-1
2995,9,2363.00,1377.00,72.00,99.00,6.3259,-1,-1,-1
2996,13,2348.00,1809.00,58.00,107.00,6.8950,-1,-1,-1
2996,9,2363.00,1376.00,70.00,98.00,6.3414,-1,-1,-1
2997,13,2348.00,1805.00,57.00,103.00,6.8223,-1,-1,-1
2997,9,2363.00,1377.00,67.00,95.00,6.3514,-1,-1,-1
2998,13,2348.00,1803.00,58.00,104.00,6.8168,-1,-1,-1
2998,9,2364.00,1375.00,65.00,94.00,6.4177,-1,-1,-1
2999,13,2348.00,1801.00,59.00,106.00,6.8469,-1,-1,-1
2999,9,2365.00,1373.00,64.00,95.00,6.4813,-1,-1,-1
3000,13,2348.00,1801.00,59.00,104.00,6.8841,-1,-1,-1
3000,9,2365.00,1372.00,63.00,94.00,6.5117,-1,-1,-1
3001,13,2348.00,1799.00,60.00,106.00,6.9178,-1,-1,-1
3001,9,2364.00,1371.00,67.00,98.00,6.5700,-1,-1,-1
3002,13,2348.00,1798.00,60.00,105.00,6.9173,-1,-1,-1
3002,9,2365.00,1370.00,65.00,98.00,6.6220,-1,-1,-1
3003,13,2349.00,1798.00,59.00,104.00,6.9265,-1,-1,-1
3003,9,2365.00,1369.00,65.00,99.00,6.6162,-1,-1,-1
3004,13,2349.00,1798.00,59.00,104.00,6.9221,-1,-1,-1
3004,9,2365.00,1368.00,66.00,103.00,6.6246,-1,-1,-1
3005,13,2349.00,1796.00,60.00,105.00,6.8641,-1,-1,-1
3005,9,2366.00,1367.00,64.00,104.00,6.6073,-1,-1,-1
3006,13,2349.00,1795.00,59.00,101.00,6.8784,-1,-1,-1
3006,9,2366.00,1365.00,64.00,107.00,6.5108,-1,-1,-1
3007,13,2348.00,1792.00,60.00,102.00,6.9389,-1,-1,-1
3007,9,2368.00,1365.00,56.00,98.00,6.4932,-1,-1,-1
3008,13,2348.00,1791.00,60.00,101.00,6.9892,-1,-1,-1
3008,9,2369.00,1364.00,54.00,98.00,6.5137,-1,-1,-1
3009,13,2346.00,1790.00,62.00,99.00,6.9913,-1,-1,-1
3009,9,2369.00,1363.00,54.00,98.00,6.5647,-1,-1,-1
3010,13,2347.00,1786.00,60.00,101.00,6.9786,-1,-1,-1
3010,9,2369.00,1361.00,53.00,97.00,6.6524,-1,-1,-1
3011,13,2348.00,1784.00,59.00,101.00,6.9662,-1,-1,-1
3011,9,2369.00,1360.00,52.00,94.00,6.7609,-1,-1,-1
3012,13,2348.00,1783.00,59.00,102.00,6.9415,-1,-1,-1
3012,9,2369.00,1359.00,53.00,97.00,6.8516,-1,-1,-1
3013,9,2369.00,1358.00,53.00,97.00,6.9273,-1,-1,-1
3013,13,2348.00,1781.00,58.00,103.00,6.9017,-1,-1,-1
3014,9,2369.00,1357.00,53.00,98.00,6.9553,-1,-1,-1
3014,13,2350.00,1783.00,57.00,99.00,6.9087,-1,-1,-1
3015,9,2369.00,1356.00,53.00,100.00,6.9652,-1,-1,-1
3015,13,2350.00,1782.00,57.00,100.00,6.9223,-1,-1,-1
3016,9,2369.00,1356.00,53.00,99.00,6.9510,-1,-1,-1
3016,13,2351.00,1782.00,55.00,100.00,6.9108,-1,-1,-1
3017,9,2369.00,1355.00,55.00,102.00,6.9220,-1,-1,-1
3017,13,2351.00,1781.00,55.00,101.00,6.8892,-1,-1,-1
3018,9,2368.00,1354.00,58.00,104.00,6.8799,-1,-1,-1
3018,13,2351.00,1780.00,56.00,102.00,6.8768,-1,-1,-1
3019,13,2352.00,1778.00,55.00,102.00,6.9002,-1,-1,-1
3019,9,2368.00,1353.00,59.00,106.00,6.8501,-1,-1,-1
3020,13,2352.00,1776.00,56.00,103.00,6.9152,-1,-1,-1
3020,9,2366.00,1352.00,62.00,107.00,6.8552,-1,-1,-1
3021,13,2353.00,1775.00,56.00,104.00,6.9110,-1,-1,-1
3021,9,2364.00,1352.00,64.00,104.00,6.8052,-1,-1,-1
3022,13,2353.00,1774.00,57.00,103.00,6.9154,-1,-1,-1
3022,9,2363.00,1351.00,66.00,104.00,6.7704,-1,-1,-1
3023,13,2353.00,1773.00,57.00,103.00,6.9223,-1,-1,-1
3023,9,2363.00,1350.00,68.00,106.00,6.7276,-1,-1,-1
3024,13,2353.00,1772.00,59.00,103.00,6.9431,-1,-1,-1
3024,9,2362.00,1348.00,71.00,109.00,6.6960,-1,-1,-1
3025,13,2353.00,1770.00,60.00,104.00,6.9892,-1,-1,-1
3025,9,2363.00,1347.00,69.00,108.00,6.6914,-1,-1,-1
3026,13,2353.00,1769.00,61.00,103.00,7.0517,-1,-1,-1
3026,9,2363.00,1346.00,69.00,108.00,6.6849,-1,-1,-1
3027,13,2352.00,1767.00,62.00,104.00,7.1220,-1,-1,-1
3027,9,2363.00,1345.00,70.00,110.00,6.6526,-1,-1,-1
3028,13,2351.00,1765.00,63.00,104.00,7.1959,-1,-1,-1
3028,9,2362.00,1346.00,75.00,112.00,6.6639,-1,-1,-1
3029,13,2351.00,1764.00,64.00,104.00,7.2537,-1,-1,-1
3029,9,2360.00,1345.00,77.00,111.00,6.6872,-1,-1,-1
3030,13,2351.00,1762.00,64.00,105.00,7.2683,-1,-1,-1
3030,9,2360.00,1344.00,77.00,111.00,6.6986,-1,-1,-1
3031,13,2350.00,1760.00,66.00,105.00,7.2341,-1,-1,-1
3031,9,2359.00,1343.00,78.00,112.00,6.7289,-1,-1,-1
3032,13,2350.00,1759.00,66.00,105.00,7.1645,-1,-1,-1
3032,9,2360.00,1341.00,77.00,113.00,6.7000,-1,-1,-1
3033,13,2350.00,1760.00,66.00,102.00,7.0805,-1,-1,-1
3033,9,2361.00,1340.00,77.00,115.00,6.6733,-1,-1,-1
3034,13,2350.00,1758.00,66.00,104.00,7.0264,-1,-1,-1
3034,9,2361.00,1339.00,76.00,114.00,6.6239,-1,-1,-1
3035,13,2350.00,1757.00,66.00,106.00,6.9377,-1,-1,-1
3035,9,2362.00,1338.00,73.00,110.00,6.5349,-1,-1,-1
3036,13,2350.00,1756.00,67.00,107.00,6.8763,-1,-1,-1
3036,9,2362.00,1333.00,70.00,112.00,6.6087,-1,-1,-1
3037,13,2349.00,1754.00,68.00,108.00,6.8788,-1,-1,-1
3037,9,2362.00,1332.00,69.00,111.00,6.7388,-1,-1,-1
3038,9,2364.00,1331.00,65.00,109.00,6.8879,-1,-1,-1
3038,13,2350.00,1753.00,67.00,109.00,6.8825,-1,-1,-1
3039,9,2364.00,1331.00,66.00,110.00,7.0273,-1,-1,-1
3039,13,2351.00,1753.00,66.00,108.00,6.8643,-1,-1,-1
3040,9,2364.00,1330.00,65.00,110.00,7.1623,-1,-1,-1
3040,13,2351.00,1753.00,67.00,109.00,6.8639,-1,-1,-1
3041,9,2364.00,1329.00,64.00,110.00,7.2738,-1,-1,-1
3041,13,2352.00,1753.00,65.00,108.00,6.8445,-1,-1,-1
3042,9,2364.00,1328.00,63.00,110.00,7.3558,-1,-1,-1
3042,13,2352.00,1753.00,65.00,108.00,6.8490,-1,-1,-1
3043,9,2364.00,1328.00,63.00,110.00,7.4208,-1,-1,-1
3043,13,2352.00,1752.00,65.00,108.00,6.8767,-1,-1,-1
3044,9,2363.00,1327.00,62.00,108.00,7.4533,-1,-1,-1
3044,13,2353.00,1753.00,63.00,106.00,6.8524,-1,-1,-1
3045,9,2365.00,1329.00,56.00,99.00,7.4861,-1,-1,-1
3045,13,2353.00,1752.00,63.00,107.00,6.8116,-1,-1,-1
3046,9,2364.00,1329.00,57.00,98.00,7.5332,-1,-1,-1
3046,13,2353.00,1751.00,63.00,107.00,6.7941,-1,-1,-1
3047,9,2364.00,1328.00,57.00,99.00,7.5741,-1,-1,-1
3047,13,2353.00,1752.00,63.00,106.00,6.7856,-1,-1,-1
3048,9,2365.00,1328.00,56.00,97.00,7.6157,-1,-1,-1
3048,13,2354.00,1751.00,62.00,105.00,6.7920,-1,-1,-1
3049,9,2365.00,1328.00,55.00,93.00,7.6548,-1,-1,-1
3049,13,2354.00,1750.00,62.00,105.00,6.8125,-1,-1,-1
3050,9,2365.00,1327.00,54.00,94.00,7.6634,-1,-1,-1
3050,13,2354.00,1749.00,61.00,105.00,6.8037,-1,-1,-1
3051,9,2366.00,1327.00,52.00,92.00,7.6569,-1,-1,-1
3051,13,2355.00,1749.00,60.00,105.00,6.7625,-1,-1,-1
3052,9,2365.00,1327.00,53.00,91.00,7.6467,-1,-1,-1
3052,13,2355.00,1749.00,59.00,105.00,6.6817,-1,-1,-1
3053,9,2365.00,1327.00,54.00,95.00,7.6256,-1,-1,-1
3053,13,2355.00,1749.00,60.00,106.00,6.6023,-1,-1,-1
3054,9,2364.00,1327.00,55.00,97.00,7.5943,-1,-1,-1
3054,13,2358.00,1742.00,54.00,103.00,6.5253,-1,-1,-1
3055,9,2362.00,1327.00,59.00,103.00,7.5474,-1,-1,-1
3055,13,2355.00,1743.00,61.00,108.00,6.5333,-1,-1,-1
3056,9,2361.00,1324.00,62.00,112.00,7.5247,-1,-1,-1
3056,13,2355.00,1743.00,60.00,106.00,6.5848,-1,-1,-1
3057,9,2361.00,1325.00,63.00,110.00,7.5286,-1,-1,-1
3057,13,2355.00,1742.00,60.00,106.00,6.6557,-1,-1,-1
3058,9,2361.00,1325.00,63.00,111.00,7.5465,-1,-1,-1
3058,13,2355.00,1741.00,60.00,106.00,6.7351,-1,-1,-1
3059,9,2360.00,1325.00,63.00,111.00,7.5704,-1,-1,-1
3059,13,2355.00,1741.00,59.00,104.00,6.8289,-1,-1,-1
3060,9,2359.00,1325.00,63.00,110.00,7.5585,-1,-1,-1
3060,13,2355.00,1740.00,60.00,104.00,6.9353,-1,-1,-1
3061,9,2359.00,1325.00,62.00,110.00,7.4965,-1,-1,-1
3061,13,2355.00,1740.00,60.00,103.00,7.0401,-1,-1,-1
3062,9,2359.00,1327.00,59.00,101.00,7.4086,-1,-1,-1
3062,13,2354.00,1739.00,61.00,103.00,7.1332,-1,-1,-1
3063,9,2357.00,1324.00,64.00,113.00,7.3290,-1,-1,-1
3063,13,2353.00,1739.00,61.00,102.00,7.2023,-1,-1,-1
3064,9,2356.00,1326.00,63.00,102.00,7.2619,-1,-1,-1
3064,13,2353.00,1739.00,61.00,101.00,7.2509,-1,-1,-1
3065,13,2352.00,1739.00,61.00,101.00,7.2914,-1,-1,-1
3065,9,2354.00,1326.00,65.00,104.00,7.2422,-1,-1,-1
3066,13,2352.00,1738.00,60.00,102.00,7.3245,-1,-1,-1
3066,9,2353.00,1327.00,66.00,105.00,7.2384,-1,-1,-1
3067,13,2352.00,1738.00,59.00,101.00,7.3351,-1,-1,-1
3067,9,2353.00,1326.00,67.00,108.00,7.2301,-1,-1,-1
3068,13,2351.00,1738.00,60.00,101.00,7.3464,-1,-1,-1
3068,9,2353.00,1326.00,65.00,104.00,7.2141,-1,-1,-1
3069,13,2349.00,1738.00,62.00,101.00,7.3625,-1,-1,-1
3069,9,2354.00,1327.00,63.00,100.00,7.2004,-1,-1,-1
3070,13,2349.00,1738.00,62.00,102.00,7.3740,-1,-1,-1
3070,9,2353.00,1328.00,63.00,100.00,7.2006,-1,-1,-1
3071,13,2349.00,1739.00,61.00,100.00,7.3814,-1,-1,-1
3071,9,2354.00,1329.00,62.00,100.00,7.1931,-1,-1,-1
3072,13,2348.00,1739.00,62.00,101.00,7.4192,-1,-1,-1
3072,9,2354.00,1329.00,62.00,103.00,7.2004,-1,-1,-1
3073,13,2347.00,1737.00,64.00,104.00,7.4478,-1,-1,-1
3073,9,2354.00,1328.00,65.00,110.00,7.2200,-1,-1,-1
3074,13,2346.00,1737.00,64.00,104.00,7.4574,-1,-1,-1
3074,9,2354.00,1329.00,63.00,109.00,7.2518,-1,-1,-1
3075,13,2347.00,1738.00,63.00,103.00,7.4720,-1,-1,-1
3075,9,2356.00,1330.00,59.00,105.00,7.2141,-1,-1,-1
3076,13,2351.00,1738.00,57.00,103.00,7.4131,-1,-1,-1
3076,9,2355.00,1331.00,61.00,107.00,7.2794,-1,-1,-1
3077,9,2354.00,1332.00,61.00,108.00,7.3608,-1,-1,-1
3077,13,2351.00,1737.00,55.00,105.00,7.3028,-1,-1,-1
3078,9,2354.00,1332.00,60.00,108.00,7.4285,-1,-1,-1
3078,13,2349.00,1736.00,57.00,106.00,7.2223,-1,-1,-1
3079,9,2354.00,1333.00,58.00,106.00,7.4961,-1,-1,-1
3079,13,2349.00,1736.00,58.00,106.00,7.2074,-1,-1,-1
3080,9,2353.00,1333.00,55.00,105.00,7.5695,-1,-1,-1
3080,13,2348.00,1736.00,58.00,107.00,7.1931,-1,-1,-1
3081,9,2351.00,1334.00,57.00,109.00,7.6151,-1,-1,-1
3081,13,2346.00,1736.00,60.00,107.00,7.1856,-1,-1,-1
3082,9,2350.00,1335.00,58.00,111.00,7.6115,-1,-1,-1
3082,13,2345.00,1737.00,60.00,106.00,7.1617,-1,-1,-1
3083,9,2351.00,1335.00,55.00,108.00,7.5848,-1,-1,-1
3083,13,2344.00,1737.00,61.00,107.00,7.1431,-1,-1,-1
3084,9,2349.00,1335.00,58.00,111.00,7.5560,-1,-1,-1
3084,13,2344.00,1738.00,63.00,105.00,7.1442,-1,-1,-1
3085,9,2349.00,1336.00,56.00,108.00,7.5294,-1,-1,-1
3085,13,2344.00,1738.00,62.00,104.00,7.1776,-1,-1,-1
3086,9,2349.00,1337.00,55.00,104.00,7.4851,-1,-1,-1
3086,13,2345.00,1739.00,61.00,104.00,7.1687,-1,-1,-1
3087,9,2350.00,1338.00,52.00,99.00,7.4759,-1,-1,-1
3087,13,2344.00,1740.00,60.00,103.00,7.1911,-1,-1,-1
3088,9,2350.00,1339.00,52.00,98.00,7.4471,-1,-1,-1
3088,13,2342.00,1740.00,61.00,104.00,7.2689,-1,-1,-1
3089,9,2350.00,1340.00,51.00,97.00,7.3615,-1,-1,-1
3089,13,2343.00,1741.00,59.00,102.00,7.3366,-1,-1,-1
3090,13,2344.00,1743.00,57.00,100.00,7.3489,-1,-1,-1
3090,9,2351.00,1340.00,49.00,97.00,7.2070,-1,-1,-1
3091,13,2343.00,1743.00,58.00,97.00,7.3842,-1,-1,-1
3091,9,2350.00,1341.00,49.00,96.00,7.0996,-1,-1,-1
3092,13,2343.00,1744.00,57.00,95.00,7.4017,-1,-1,-1
3092,9,2348.00,1342.00,51.00,94.00,7.1074,-1,-1,-1
3093,13,2343.00,1746.00,56.00,92.00,7.4229,-1,-1,-1
3093,9,2347.00,1342.00,51.00,94.00,7.0960,-1,-1,-1
3094,13,2344.00,1746.00,54.00,92.00,7.4323,-1,-1,-1
3094,9,2345.00,1343.00,52.00,94.00,7.0809,-1,-1,-1
3095,13,2344.00,1746.00,53.00,91.00,7.4360,-1,-1,-1
3095,9,2342.00,1342.00,59.00,105.00,7.1450,-1,-1,-1
3096,13,2344.00,1747.00,52.00,93.00,7.3719,-1,-1,-1
3096,9,2340.00,1343.00,61.00,106.00,7.2454,-1,-1,-1
3097,13,2342.00,1746.00,55.00,99.00,7.3234,-1,-1,-1
3097,9,2340.00,1344.00,60.00,104.00,7.3195,-1,-1,-1
3098,9,2338.00,1344.00,62.00,105.00,7.4034,-1,-1,-1
3098,13,2341.00,1747.00,56.00,99.00,7.2697,-1,-1,-1
3099,9,2338.00,1345.00,62.00,107.00,7.4550,-1,-1,-1
3099,13,2342.00,1748.00,54.00,97.00,7.2215,-1,-1,-1
3100,9,2337.00,1345.00,62.00,108.00,7.5189,-1,-1,-1
3100,13,2341.00,1749.00,54.00,94.00,7.2225,-1,-1,-1
3101,9,2337.00,1346.00,62.00,109.00,7.5351,-1,-1,-1
3101,13,2341.00,1749.00,53.00,93.00,7.2615,-1,-1,-1
3102,9,2335.00,1348.00,64.00,108.00,7.5128,-1,-1,-1
3102,13,2342.00,1749.00,51.00,92.00,7.2645,-1,-1,-1
3103,9,2334.00,1349.00,64.00,105.00,7.4796,-1,-1,-1
3103,13,2341.00,1749.00,53.00,93.00,7.2876,-1,-1,-1
3104,9,2333.00,1348.00,67.00,114.00,7.4596,-1,-1,-1
3104,13,2340.00,1748.00,54.00,95.00,7.2902,-1,-1,-1
3105,9,2332.00,1349.00,68.00,115.00,7.4759,-1,-1,-1
3105,13,2338.00,1748.00,55.00,96.00,7.3513,-1,-1,-1
3106,9,2332.00,1349.00,68.00,114.00,7.5095,-1,-1,-1
3106,13,2337.00,1748.00,56.00,96.00,7.4067,-1,-1,-1
3107,9,2331.00,1349.00,68.00,113.00,7.5130,-1,-1,-1
3107,13,2338.00,1748.00,55.00,96.00,7.4470,-1,-1,-1
3108,13,2337.00,1749.00,55.00,95.00,7.4734,-1,-1,-1
3108,9,2331.00,1351.00,65.00,101.00,7.4669,-1,-1,-1
3109,13,2336.00,1747.00,56.00,97.00,7.4758,-1,-1,-1
3109,9,2332.00,1352.00,62.00,97.00,7.4116,-1,-1,-1
3110,13,2337.00,1747.00,56.00,97.00,7.4801,-1,-1,-1
3110,9,2334.00,1352.00,60.00,97.00,7.3723,-1,-1,-1
3111,13,2338.00,1746.00,56.00,98.00,7.4645,-1,-1,-1
3111,9,2332.00,1353.00,61.00,100.00,7.3491,-1,-1,-1
3112,13,2337.00,1746.00,57.00,99.00,7.4928,-1,-1,-1
3112,9,2333.00,1354.00,58.00,98.00,7.3262,-1,-1,-1
3113,13,2337.00,1747.00,57.00,100.00,7.4938,-1,-1,-1
3113,9,2331.00,1351.00,63.00,108.00,7.3478,-1,-1,-1
3114,13,2337.00,1747.00,56.00,101.00,7.5080,-1,-1,-1
3114,9,2332.00,1352.00,61.00,107.00,7.3562,-1,-1,-1
3115,13,2336.00,1746.00,56.00,100.00,7.5350,-1,-1,-1
3115,9,2331.00,1352.00,60.00,106.00,7.3817,-1,-1,-1
3116,13,2335.00,1745.00,57.00,102.00,7.5672,-1,-1,-1
3116,9,2329.00,1351.00,62.00,109.00,7.4190,-1,-1,-1
3117,13,2335.00,1742.00,58.00,104.00,7.5962,-1,-1,-1
3117,9,2328.00,1350.00,64.00,109.00,7.4611,-1,-1,-1
3118,13,2335.00,1739.00,58.00,105.00,7.5522,-1,-1,-1
3118,9,2327.00,1353.00,61.00,96.00,7.5149,-1,-1,-1
3119,9,2325.00,1349.00,63.00,99.00,7.5844,-1,-1,-1
3119,13,2333.00,1735.00,59.00,102.00,7.3892,-1,-1,-1
3120,9,2324.00,1345.00,61.00,102.00,7.6361,-1,-1,-1
3120,13,2330.00,1729.00,62.00,104.00,7.4323,-1,-1,-1
3121,9,2324.00,1339.00,56.00,100.00,7.6473,-1,-1,-1
3121,13,2327.00,1725.00,63.00,102.00,7.4321,-1,-1,-1
3122,9,2321.00,1332.00,64.00,102.00,7.6599,-1,-1,-1
3122,13,2330.00,1718.00,62.00,102.00,7.4325,-1,-1,-1
3123,9,2321.00,1329.00,60.00,95.00,7.5762,-1,-1,-1
3123,13,2330.00,1713.00,60.00,97.00,7.2562,-1,-1,-1
3124,9,2323.00,1320.00,59.00,104.00,7.4811,-1,-1,-1
3124,13,2329.00,1705.00,60.00,101.00,7.1947,-1,-1,-1
3125,9,2321.00,1310.00,56.00,98.00,7.5467,-1,-1,-1
3125,13,2328.00,1697.00,60.00,97.00,7.2418,-1,-1,-1
3126,9,2321.00,1305.00,55.00,94.00,7.5721,-1,-1,-1
3126,13,2329.00,1688.00,58.00,97.00,7.2118,-1,-1,-1
3127,9,2319.00,1295.00,60.00,103.00,7.5677,-1,-1,-1
3127,13,2326.00,1676.00,61.00,101.00,7.1889,-1,-1,-1
3128,9,2317.00,1284.00,59.00,99.00,7.5953,-1,-1,-1
3128,13,2326.00,1665.00,57.00,100.00,7.1388,-1,-1,-1
3129,9,2315.00,1277.00,63.00,98.00,7.6507,-1,-1,-1
3129,13,2323.00,1656.00,61.00,98.00,7.1227,-1,-1,-1
3130,9,2314.00,1266.00,63.00,99.00,7.6836,-1,-1,-1
3130,13,2326.00,1646.00,56.00,92.00,7.0280,-1,-1,-1
3131,9,2312.00,1256.00,64.00,101.00,7.6671,-1,-1,-1
3131,13,2327.00,1637.00,54.00,93.00,6.9630,-1,-1,-1
3132,9,2310.00,1243.00,67.00,101.00,7.6146,-1,-1,-1
3132,13,2324.00,1623.00,56.00,96.00,6.8906,-1,-1,-1
3133,9,2308.00,1233.00,68.00,99.00,7.5731,-1,-1,-1
3133,13,2324.00,1610.00,55.00,97.00,6.8736,-1,-1,-1
3134,9,2305.00,1221.00,73.00,104.00,7.5813,-1,-1,-1
3134,13,2323.00,1600.00,55.00,91.00,6.8232,-1,-1,-1
3135,9,2305.00,1209.00,74.00,106.00,7.6046,-1,-1,-1
3135,13,2324.00,1586.00,54.00,95.00,6.6786,-1,-1,-1
3136,9,2305.00,1199.00,75.00,106.00,7.6370,-1,-1,-1
3136,13,2320.00,1574.00,57.00,94.00,6.6985,-1,-1,-1
3137,9,2304.00,1188.00,75.00,104.00,7.6507,-1,-1,-1
3137,13,2320.00,1562.00,56.00,94.00,6.7715,-1,-1,-1
3138,9,2304.00,1182.00,74.00,100.00,7.6661,-1,-1,-1
3138,13,2320.00,1553.00,55.00,90.00,6.9333,-1,-1,-1
3139,9,2305.00,1169.00,71.00,102.00,7.6633,-1,-1,-1
3139,13,2323.00,1548.00,51.00,88.00,6.8710,-1,-1,-1
3140,9,2303.00,1163.00,75.00,103.00,7.6485,-1,-1,-1
3140,13,2322.00,1537.00,49.00,86.00,6.8261,-1,-1,-1
3141,9,2302.00,1158.00,73.00,100.00,7.6295,-1,-1,-1
3141,13,2321.00,1532.00,51.00,89.00,6.7798,-1,-1,-1
3142,9,2302.00,1153.00,74.00,103.00,7.6230,-1,-1,-1
3142,13,2321.00,1527.00,48.00,87.00,6.6400,-1,-1,-1
3143,9,2303.00,1148.00,73.00,102.00,7.6575,-1,-1,-1
3143,13,2318.00,1525.00,52.00,85.00,6.7470,-1,-1,-1
3144,9,2304.00,1143.00,72.00,104.00,7.6621,-1,-1,-1
3144,13,2318.00,1520.00,51.00,82.00,6.8002,-1,-1,-1
3145,9,2304.00,1142.00,71.00,100.00,7.6516,-1,-1,-1
3145,13,2321.00,1516.00,46.00,83.00,6.7555,-1,-1,-1
3146,9,2303.00,1141.00,70.00,98.00,7.6314,-1,-1,-1
3146,13,2319.00,1514.00,47.00,86.00,6.8079,-1,-1,-1
3147,9,2303.00,1141.00,69.00,96.00,7.6104,-1,-1,-1
3147,13,2318.00,1515.00,48.00,84.00,6.8722,-1,-1,-1
3148,9,2304.00,1140.00,69.00,101.00,7.6223,-1,-1,-1
3148,13,2317.00,1514.00,48.00,84.00,6.9623,-1,-1,-1
3149,9,2304.00,1141.00,68.00,102.00,7.6458,-1,-1,-1
3149,13,2316.00,1515.00,50.00,85.00,6.9955,-1,-1,-1
3150,9,2304.00,1141.00,67.00,103.00,7.6672,-1,-1,-1
3150,13,2314.00,1514.00,52.00,85.00,7.0108,-1,-1,-1
3151,9,2303.00,1141.00,66.00,102.00,7.6956,-1,-1,-1
3151,13,2310.00,1513.00,56.00,87.00,7.0791,-1,-1,-1
3152,9,2304.00,1143.00,64.00,102.00,7.7034,-1,-1,-1
3152,13,2311.00,1513.00,56.00,87.00,7.1258,-1,-1,-1
3153,9,2303.00,1144.00,65.00,102.00,7.7248,-1,-1,-1
3153,13,2318.00,1514.00,49.00,88.00,7.0499,-1,-1,-1
3154,9,2302.00,1144.00,66.00,104.00,7.7397,-1,-1,-1
3154,13,2317.00,1514.00,50.00,88.00,6.9991,-1,-1,-1
3155,9,2302.00,1144.00,64.00,104.00,7.7442,-1,-1,-1
3155,13,2316.00,1513.00,51.00,89.00,6.9717,-1,-1,-1
3156,9,2301.00,1147.00,63.00,102.00,7.7427,-1,-1,-1
3156,13,2316.00,1512.00,50.00,90.00,6.9438,-1,-1,-1
3157,9,2300.00,1148.00,61.00,100.00,7.7150,-1,-1,-1
3157,13,2315.00,1512.00,51.00,91.00,6.8990,-1,-1,-1
3158,9,2298.00,1149.00,64.00,101.00,7.6482,-1,-1,-1
3158,13,2314.00,1512.00,52.00,92.00,6.8819,-1,-1,-1
3159,9,2297.00,1149.00,69.00,106.00,7.5815,-1,-1,-1
3159,13,2313.00,1510.00,53.00,92.00,6.8426,-1,-1,-1
3160,9,2299.00,1150.00,59.00,98.00,7.4578,-1,-1,-1
3160,13,2312.00,1509.00,53.00,92.00,6.8251,-1,-1,-1
3161,9,2300.00,1150.00,54.00,95.00,7.2783,-1,-1,-1
3161,13,2313.00,1509.00,51.00,91.00,6.7192,-1,-1,-1
3162,9,2300.00,1151.00,53.00,89.00,7.2445,-1,-1,-1
3162,13,2312.00,1510.00,52.00,91.00,6.6419,-1,-1,-1
3163,9,2298.00,1151.00,54.00,89.00,7.2384,-1,-1,-1
3163,13,2310.00,1511.00,56.00,91.00,6.6265,-1,-1,-1
3164,9,2296.00,1152.00,56.00,92.00,7.2296,-1,-1,-1
3164,13,2309.00,1511.00,57.00,92.00,6.6629,-1,-1,-1
3165,9,2295.00,1151.00,59.00,100.00,7.2685,-1,-1,-1
3165,13,2308.00,1510.00,58.00,93.00,6.7590,-1,-1,-1
3166,9,2294.00,1152.00,60.00,99.00,7.3176,-1,-1,-1
3166,13,2306.00,1510.00,60.00,95.00,6.8533,-1,-1,-1
3167,9,2293.00,1152.00,63.00,98.00,7.3578,-1,-1,-1
3167,13,2306.00,1511.00,60.00,93.00,6.9274,-1,-1,-1
3168,9,2293.00,1154.00,63.00,97.00,7.4083,-1,-1,-1
3168,13,2305.00,1511.00,60.00,93.00,6.9719,-1,-1,-1
3169,9,2292.00,1155.00,62.00,96.00,7.4627,-1,-1,-1
3169,13,2306.00,1513.00,58.00,90.00,7.0236,-1,-1,-1
3170,9,2291.00,1155.00,62.00,97.00,7.4958,-1,-1,-1
3170,13,2307.00,1514.00,56.00,89.00,7.0278,-1,-1,-1
3171,9,2288.00,1155.00,67.00,100.00,7.5375,-1,-1,-1
3171,13,2309.00,1516.00,53.00,92.00,6.8579,-1,-1,-1
3172,9,2287.00,1157.00,66.00,97.00,7.5488,-1,-1,-1
3172,13,2310.00,1518.00,51.00,91.00,6.6989,-1,-1,-1
3173,9,2283.00,1158.00,68.00,95.00,7.5720,-1,-1,-1
3173,13,2310.00,1520.00,50.00,88.00,6.5308,-1,-1,-1
3174,9,2283.00,1158.00,66.00,95.00,7.5916,-1,-1,-1
3174,13,2309.00,1519.00,50.00,88.00,6.4540,-1,-1,-1
3175,9,2281.00,1158.00,66.00,94.00,7.6134,-1,-1,-1
3175,13,2310.00,1520.00,48.00,86.00,6.3539,-1,-1,-1
3176,9,2281.00,1158.00,68.00,96.00,7.6061,-1,-1,-1
3176,13,2309.00,1521.00,48.00,85.00,6.1793,-1,-1,-1
3177,9,2280.00,1159.00,69.00,96.00,7.6074,-1,-1,-1
3177,13,2310.00,1523.00,47.00,83.00,6.0930,-1,-1,-1
3178,9,2279.00,1160.00,71.00,96.00,7.6046,-1,-1,-1
3178,13,2310.00,1522.00,46.00,84.00,5.9757,-1,-1,-1
3179,9,2280.00,1161.00,69.00,94.00,7.6024,-1,-1,-1
3179,13,2310.00,1524.00,46.00,82.00,5.9919,-1,-1,-1
3180,9,2280.00,1161.00,69.00,95.00,7.5864,-1,-1,-1
3180,13,2310.00,1524.00,46.00,82.00,6.0202,-1,-1,-1
3181,9,2280.00,1160.00,69.00,98.00,7.5801,-1,-1,-1
3181,13,2309.00,1523.00,46.00,83.00,5.9384,-1,-1,-1
3182,9,2280.00,1161.00,69.00,97.00,7.5731,-1,-1,-1
3182,13,2308.00,1524.00,47.00,84.00,5.9275,-1,-1,-1
3183,9,2280.00,1162.00,68.00,94.00,7.5797,-1,-1,-1
3183,13,2307.00,1524.00,47.00,83.00,5.9312,-1,-1,-1
3184,9,2281.00,1162.00,67.00,94.00,7.5776,-1,-1,-1
3184,13,2305.00,1525.00,48.00,82.00,6.0412,-1,-1,-1
3185,9,2280.00,1162.00,69.00,96.00,7.5710,-1,-1,-1
3185,13,2304.00,1523.00,49.00,83.00,6.0893,-1,-1,-1
3186,9,2279.00,1162.00,72.00,97.00,7.5747,-1,-1,-1
3186,13,2302.00,1521.00,50.00,87.00,6.1705,-1,-1,-1
3187,9,2279.00,1162.00,71.00,98.00,7.5699,-1,-1,-1
3187,13,2300.00,1520.00,53.00,90.00,6.3039,-1,-1,-1
3188,9,2278.00,1162.00,71.00,99.00,7.5521,-1,-1,-1
3188,13,2299.00,1519.00,55.00,90.00,6.4292,-1,-1,-1
3189,9,2280.00,1163.00,69.00,99.00,7.5278,-1,-1,-1
3189,13,2299.00,1518.00,55.00,92.00,6.5139,-1,-1,-1
3190,9,2280.00,1164.00,68.00,98.00,7.5332,-1,-1,-1
3190,13,2303.00,1521.00,50.00,87.00,6.3817,-1,-1,-1
3191,9,2280.00,1164.00,67.00,98.00,7.5555,-1,-1,-1
3191,13,2303.00,1520.00,50.00,88.00,6.2106,-1,-1,-1
3192,9,2279.00,1164.00,68.00,98.00,7.5982,-1,-1,-1
3192,13,2302.00,1521.00,52.00,89.00,6.1334,-1,-1,-1
3193,9,2279.00,1165.00,67.00,98.00,7.6331,-1,-1,-1
3193,13,2300.00,1520.00,55.00,92.00,6.1845,-1,-1,-1
3194,9,2278.00,1165.00,65.00,97.00,7.6609,-1,-1,-1
3194,13,2299.00,1518.00,56.00,92.00,6.3303,-1,-1,-1
3195,9,2277.00,1167.00,66.00,95.00,7.6941,-1,-1,-1
3195,13,2300.00,1520.00,54.00,89.00,6.4117,-1,-1,-1
3196,9,2278.00,1168.00,65.00,94.00,7.7199,-1,-1,-1
3196,13,2300.00,1520.00,54.00,91.00,6.3926,-1,-1,-1
3197,9,2278.00,1168.00,64.00,96.00,7.7478,-1,-1,-1
3197,13,2300.00,1520.00,53.00,90.00,6.3253,-1,-1,-1
3198,9,2278.00,1170.00,63.00,96.00,7.7715,-1,-1,-1
3198,13,2300.00,1519.00,52.00,89.00,6.1543,-1,-1,-1
3199,9,2279.00,1170.00,59.00,95.00,7.7756,-1,-1,-1
3199,13,2300.00,1520.00,52.00,89.00,5.9439,-1,-1,-1
3200,9,2279.00,1171.00,56.00,93.00,7.7651,-1,-1,-1
3200,13,2298.00,1519.00,53.00,91.00,5.7757,-1,-1,-1
3201,9,2277.00,1172.00,59.00,95.00,7.7469,-1,-1,-1
3201,13,2296.00,1519.00,55.00,91.00,5.7045,-1,-1,-1
3202,9,2277.00,1173.00,55.00,91.00,7.6821,-1,-1,-1
3202,13,2295.00,1520.00,55.00,89.00,5.8261,-1,-1,-1
3203,9,2276.00,1174.00,55.00,91.00,7.5899,-1,-1,-1
3203,13,2295.00,1522.00,57.00,89.00,5.9743,-1,-1,-1
3204,9,2278.00,1174.00,49.00,86.00,7.5032,-1,-1,-1
3204,13,2295.00,1523.00,57.00,87.00,6.1239,-1,-1,-1
3205,9,2277.00,1175.00,50.00,88.00,7.4265,-1,-1,-1
3205,13,2295.00,1525.00,56.00,86.00,6.2512,-1,-1,-1
3206,9,2276.00,1176.00,50.00,86.00,7.3906,-1,-1,-1
3206,13,2295.00,1526.00,55.00,85.00,6.3357,-1,-1,-1
3207,9,2274.00,1177.00,52.00,88.00,7.3559,-1,-1,-1
3207,13,2297.00,1527.00,52.00,83.00,6.3583,-1,-1,-1
3208,9,2273.00,1178.00,53.00,88.00,7.3156,-1,-1,-1
3208,13,2296.00,1528.00,52.00,83.00,6.3525,-1,-1,-1
3209,9,2272.00,1176.00,58.00,95.00,7.3119,-1,-1,-1
3209,13,2297.00,1528.00,50.00,82.00,6.3052,-1,-1,-1
3210,9,2271.00,1177.00,59.00,96.00,7.3520,-1,-1,-1
3210,13,2296.00,1529.00,51.00,84.00,6.2180,-1,-1,-1
3211,9,2271.00,1178.00,60.00,95.00,7.3758,-1,-1,-1
3211,13,2294.00,1528.00,54.00,90.00,6.2193,-1,-1,-1
3212,9,2269.00,1179.00,62.00,94.00,7.4452,-1,-1,-1
3212,13,2294.00,1528.00,53.00,90.00,6.2167,-1,-1,-1
3213,9,2267.00,1180.00,64.00,95.00,7.5310,-1,-1,-1
3213,13,2295.00,1529.00,52.00,88.00,6.1781,-1,-1,-1
3214,9,2265.00,1181.00,65.00,96.00,7.5892,-1,-1,-1
3214,13,2295.00,1531.00,50.00,85.00,6.1549,-1,-1,-1
3215,9,2264.00,1182.00,65.00,93.00,7.6188,-1,-1,-1
3215,13,2295.00,1532.00,50.00,84.00,6.2154,-1,-1,-1
3216,9,2264.00,1183.00,64.00,91.00,7.6370,-1,-1,-1
3216,13,2295.00,1533.00,51.00,83.00,6.3062,-1,-1,-1
3217,9,2264.00,1185.00,64.00,90.00,7.6457,-1,-1,-1
3217,13,2295.00,1533.00,50.00,84.00,6.3975,-1,-1,-1
3218,9,2262.00,1186.00,66.00,91.00,7.6037,-1,-1,-1
3218,13,2294.00,1532.00,51.00,86.00,6.4994,-1,-1,-1
3219,9,2258.00,1184.00,69.00,94.00,7.5636,-1,-1,-1
3219,13,2293.00,1532.00,51.00,86.00,6.5662,-1,-1,-1
3220,9,2258.00,1185.00,68.00,91.00,7.5547,-1,-1,-1
3220,13,2292.00,1531.00,52.00,86.00,6.5996,-1,-1,-1
3221,9,2258.00,1184.00,68.00,94.00,7.5192,-1,-1,-1
3221,13,2291.00,1532.00,52.00,86.00,6.6305,-1,-1,-1
3222,9,2258.00,1184.00,68.00,96.00,7.4732,-1,-1,-1
3222,13,2290.00,1532.00,52.00,86.00,6.6232,-1,-1,-1
3223,9,2259.00,1184.00,66.00,95.00,7.4152,-1,-1,-1
3223,13,2290.00,1532.00,52.00,85.00,6.6428,-1,-1,-1
3224,9,2259.00,1184.00,66.00,95.00,7.3713,-1,-1,-1
3224,13,2288.00,1531.00,54.00,87.00,6.7108,-1,-1,-1
3225,9,2256.00,1184.00,69.00,96.00,7.3641,-1,-1,-1
3225,13,2287.00,1531.00,55.00,87.00,6.8087,-1,-1,-1
3226,9,2257.00,1185.00,68.00,95.00,7.3613,-1,-1,-1
3226,13,2288.00,1531.00,54.00,88.00,6.9031,-1,-1,-1
3227,9,2257.00,1185.00,68.00,95.00,7.3639,-1,-1,-1
3227,13,2289.00,1531.00,54.00,88.00,6.9051,-1,-1,-1
3228,9,2258.00,1187.00,67.00,92.00,7.3629,-1,-1,-1
3228,13,2290.00,1531.00,51.00,90.00,6.8357,-1,-1,-1
3229,9,2259.00,1187.00,66.00,92.00,7.3660,-1,-1,-1
3229,13,2288.00,1529.00,54.00,91.00,6.7787,-1,-1,-1
3230,9,2258.00,1187.00,66.00,93.00,7.3844,-1,-1,-1
3230,13,2287.00,1528.00,54.00,90.00,6.6890,-1,-1,-1
3231,9,2257.00,1188.00,68.00,93.00,7.4082,-1,-1,-1
3231,13,2286.00,1527.00,54.00,90.00,6.6323,-1,-1,-1
3232,9,2257.00,1189.00,67.00,93.00,7.4245,-1,-1,-1
3232,13,2286.00,1528.00,53.00,86.00,6.6137,-1,-1,-1
3233,9,2256.00,1189.00,68.00,92.00,7.4427,-1,-1,-1
3233,13,2284.00,1527.00,54.00,88.00,6.6320,-1,-1,-1
3234,9,2257.00,1190.00,66.00,91.00,7.4463,-1,-1,-1
3234,13,2284.00,1527.00,54.00,86.00,6.6595,-1,-1,-1
3235,9,2257.00,1190.00,66.00,92.00,7.4407,-1,-1,-1
3235,13,2285.00,1527.00,53.00,85.00,6.6461,-1,-1,-1
3236,9,2258.00,1191.00,65.00,92.00,7.4505,-1,-1,-1
3236,13,2284.00,1526.00,53.00,87.00,6.6480,-1,-1,-1
3237,9,2258.00,1191.00,65.00,94.00,7.4846,-1,-1,-1
3237,13,2284.00,1525.00,54.00,89.00,6.6205,-1,-1,-1
3238,9,2257.00,1191.00,65.00,94.00,7.5389,-1,-1,-1
3238,13,2283.00,1525.00,55.00,89.00,6.5871,-1,-1,-1
3239,9,2257.00,1191.00,65.00,94.00,7.5940,-1,-1,-1
3239,13,2284.00,1525.00,53.00,88.00,6.4973,-1,-1,-1
3240,9,2257.00,1192.00,65.00,94.00,7.6330,-1,-1,-1
3240,13,2281.00,1526.00,56.00,89.00,6.4251,-1,-1,-1
3241,9,2256.00,1193.00,65.00,93.00,7.6537,-1,-1,-1
3241,13,2281.00,1527.00,56.00,91.00,6.3730,-1,-1,-1
3242,9,2255.00,1193.00,67.00,93.00,7.6733,-1,-1,-1
3242,13,2281.00,1528.00,57.00,90.00,6.3900,-1,-1,-1
3243,9,2254.00,1193.00,67.00,94.00,7.6845,-1,-1,-1
3243,13,2280.00,1528.00,59.00,92.00,6.4917,-1,-1,-1
3244,9,2253.00,1194.00,68.00,93.00,7.6924,-1,-1,-1
3244,13,2280.00,1528.00,59.00,93.00,6.5983,-1,-1,-1
3245,9,2253.00,1194.00,67.00,92.00,7.6937,-1,-1,-1
3245,13,2280.00,1528.00,58.00,92.00,6.6857,-1,-1,-1
3246,9,2253.00,1195.00,65.00,92.00,7.6812,-1,-1,-1
3246,13,2279.00,1528.00,59.00,92.00,6.7604,-1,-1,-1
3247,9,2252.00,1197.00,66.00,91.00,7.6626,-1,-1,-1
3247,13,2278.00,1529.00,60.00,91.00,6.8381,-1,-1,-1
3248,9,2251.00,1197.00,65.00,91.00,7.6167,-1,-1,-1
3248,13,2278.00,1529.00,59.00,91.00,6.9048,-1,-1,-1
3249,9,2249.00,1197.00,66.00,92.00,7.5522,-1,-1,-1
3249,13,2278.00,1530.00,59.00,89.00,6.9569,-1,-1,-1
3250,9,2248.00,1196.00,67.00,94.00,7.5028,-1,-1,-1
3250,13,2279.00,1532.00,57.00,88.00,7.0197,-1,-1,-1
3251,9,2247.00,1196.00,68.00,94.00,7.4669,-1,-1,-1
3251,13,2279.00,1532.00,56.00,87.00,7.0652,-1,-1,-1
3252,9,2246.00,1196.00,69.00,96.00,7.4322,-1,-1,-1
3252,13,2280.00,1533.00,55.00,86.00,7.0868,-1,-1,-1
3253,9,2245.00,1197.00,69.00,94.00,7.3949,-1,-1,-1
3253,13,2279.00,1531.00,55.00,87.00,7.0716,-1,-1,-1
3254,9,2244.00,1197.00,68.00,94.00,7.3863,-1,-1,-1
3254,13,2280.00,1531.00,54.00,87.00,7.0401,-1,-1,-1
3255,9,2243.00,1197.00,67.00,94.00,7.4041,-1,-1,-1
3255,13,2280.00,1531.00,53.00,87.00,6.9767,-1,-1,-1
3256,9,2243.00,1197.00,66.00,93.00,7.4432,-1,-1,-1
3256,13,2280.00,1532.00,52.00,86.00,6.9161,-1,-1,-1
3257,9,2242.00,1197.00,66.00,94.00,7.4906,-1,-1,-1
3257,13,2280.00,1532.00,52.00,87.00,6.8747,-1,-1,-1
3258,9,2241.00,1197.00,67.00,94.00,7.5318,-1,-1,-1
3258,13,2280.00,1532.00,53.00,87.00,6.8688,-1,-1,-1
3259,9,2241.00,1197.00,67.00,93.00,7.5932,-1,-1,-1
3259,13,2279.00,1532.00,54.00,88.00,6.8919,-1,-1,-1
3260,9,2242.00,1196.00,66.00,94.00,7.6581,-1,-1,-1
3260,13,2280.00,1531.00,54.00,88.00,6.9256,-1,-1,-1
3261,9,2242.00,1197.00,65.00,91.00,7.7093,-1,-1,-1
3261,13,2281.00,1531.00,54.00,86.00,6.9211,-1,-1,-1
3262,9,2241.00,1198.00,65.00,89.00,7.7318,-1,-1,-1
3262,13,2280.00,1531.00,55.00,87.00,6.9547,-1,-1,-1
3263,9,2240.00,1198.00,67.00,90.00,7.7428,-1,-1,-1
3263,13,2280.00,1532.00,55.00,85.00,6.9279,-1,-1,-1
3264,9,2240.00,1197.00,67.00,92.00,7.7497,-1,-1,-1
3264,13,2281.00,1532.00,54.00,84.00,6.8862,-1,-1,-1
3265,9,2240.00,1197.00,67.00,92.00,7.7588,-1,-1,-1
3265,13,2281.00,1532.00,55.00,83.00,6.8499,-1,-1,-1
3266,9,2240.00,1195.00,68.00,95.00,7.7702,-1,-1,-1
3266,13,2282.00,1531.00,54.00,84.00,6.8149,-1,-1,-1
3267,9,2239.00,1194.00,70.00,97.00,7.7877,-1,-1,-1
3267,13,2281.00,1528.00,53.00,84.00,6.7356,-1,-1,-1
3268,9,2239.00,1194.00,71.00,97.00,7.7939,-1,-1,-1
3268,13,2281.00,1527.00,53.00,84.00,6.7031,-1,-1,-1
3269,9,2240.00,1193.00,69.00,98.00,7.8028,-1,-1,-1
3269,13,2280.00,1525.00,55.00,85.00,6.7283,-1,-1,-1
3270,9,2240.00,1192.00,69.00,98.00,7.8115,-1,-1,-1
3270,13,2282.00,1523.00,53.00,85.00,6.7681,-1,-1,-1
3271,9,2239.00,1192.00,69.00,96.00,7.8375,-1,-1,-1
3271,13,2282.00,1522.00,54.00,84.00,6.7798,-1,-1,-1
3272,9,2239.00,1192.00,68.00,95.00,7.8481,-1,-1,-1
3272,13,2282.00,1522.00,54.00,83.00,6.7760,-1,-1,-1
3273,9,2239.00,1191.00,68.00,95.00,7.8487,-1,-1,-1
3273,13,2283.00,1521.00,53.00,83.00,6.7606,-1,-1,-1
3274,9,2239.00,1191.00,67.00,94.00,7.8289,-1,-1,-1
3274,13,2283.00,1520.00,53.00,84.00,6.7300,-1,-1,-1
3275,9,2238.00,1189.00,67.00,96.00,7.7930,-1,-1,-1
3275,13,2282.00,1519.00,55.00,85.00,6.6970,-1,-1,-1
3276,9,2238.00,1189.00,66.00,96.00,7.7492,-1,-1,-1
3276,13,2282.00,1518.00,56.00,87.00,6.6857,-1,-1,-1
3277,9,2238.00,1189.00,65.00,96.00,7.6888,-1,-1,-1
3277,13,2281.00,1518.00,56.00,87.00,6.6616,-1,-1,-1
3278,9,2236.00,1186.00,66.00,97.00,7.5951,-1,-1,-1
3278,13,2281.00,1518.00,56.00,87.00,6.6604,-1,-1,-1
3279,9,2237.00,1187.00,64.00,94.00,7.5036,-1,-1,-1
3279,13,2282.00,1519.00,53.00,86.00,6.5820,-1,-1,-1
3280,9,2237.00,1187.00,62.00,92.00,7.4021,-1,-1,-1
3280,13,2284.00,1520.00,49.00,84.00,6.3961,-1,-1,-1
3281,9,2237.00,1187.00,60.00,90.00,7.3069,-1,-1,-1
3281,13,2285.00,1520.00,47.00,83.00,6.2509,-1,-1,-1
3282,9,2238.00,1191.00,56.00,84.00,7.2385,-1,-1,-1
3282,13,2284.00,1521.00,49.00,84.00,6.1528,-1,-1,-1
3283,9,2237.00,1190.00,56.00,84.00,7.2244,-1,-1,-1
3283,13,2283.00,1522.00,51.00,86.00,6.1666,-1,-1,-1
3284,9,2235.00,1190.00,55.00,83.00,7.2447,-1,-1,-1
3284,13,2284.00,1522.00,50.00,87.00,6.1551,-1,-1,-1
3285,9,2235.00,1190.00,56.00,84.00,7.2520,-1,-1,-1
3285,13,2283.00,1524.00,50.00,87.00,6.1438,-1,-1,-1
3286,9,2235.00,1192.00,57.00,84.00,7.2500,-1,-1,-1
3286,13,2283.00,1526.00,50.00,86.00,6.1486,-1,-1,-1
3287,9,2235.00,1192.00,58.00,85.00,7.2472,-1,-1,-1
3287,13,2281.00,1526.00,52.00,90.00,6.1017,-1,-1,-1
3288,9,2234.00,1193.00,59.00,84.00,7.2616,-1,-1,-1
3288,13,2283.00,1526.00,50.00,86.00,6.0734,-1,-1,-1
3289,9,2234.00,1193.00,59.00,85.00,7.2841,-1,-1,-1
3289,13,2282.00,1525.00,51.00,87.00,6.0354,-1,-1,-1
3290,9,2235.00,1191.00,60.00,89.00,7.2738,-1,-1,-1
3290,13,2282.00,1524.00,51.00,87.00,6.0656,-1,-1,-1
3291,9,2234.00,1194.00,59.00,84.00,7.2626,-1,-1,-1
3291,13,2280.00,1523.00,54.00,90.00,6.1398,-1,-1,-1
3292,9,2236.00,1193.00,59.00,87.00,7.2845,-1,-1,-1
3292,13,2279.00,1523.00,55.00,92.00,6.1857,-1,-1,-1
3293,9,2234.00,1194.00,62.00,88.00,7.3544,-1,-1,-1
3293,13,2279.00,1522.00,55.00,94.00,6.2128,-1,-1,-1
3294,9,2234.00,1196.00,64.00,89.00,7.4192,-1,-1,-1
3294,13,2278.00,1521.00,56.00,95.00,6.2252,-1,-1,-1
3295,9,2233.00,1196.00,65.00,91.00,7.4768,-1,-1,-1
3295,13,2278.00,1522.00,57.00,94.00,6.3214,-1,-1,-1
3296,9,2232.00,1197.00,66.00,91.00,7.5313,-1,-1,-1
3296,13,2278.00,1522.00,57.00,95.00,6.3664,-1,-1,-1
3297,9,2232.00,1198.00,64.00,89.00,7.5728,-1,-1,-1
3297,13,2280.00,1523.00,56.00,92.00,6.4352,-1,-1,-1
3298,9,2233.00,1199.00,62.00,89.00,7.6094,-1,-1,-1
3298,13,2279.00,1526.00,56.00,91.00,6.4673,-1,-1,-1
3299,9,2232.00,1200.00,61.00,89.00,7.6429,-1,-1,-1
3299,13,2280.00,1527.00,55.00,90.00,6.4723,-1,-1,-1
3300,9,2232.00,1200.00,61.00,88.00,7.6851,-1,-1,-1
3300,13,2282.00,1528.00,54.00,89.00,6.5140,-1,-1,-1
3301,9,2231.00,1201.00,63.00,88.00,7.7048,-1,-1,-1
3301,13,2281.00,1528.00,56.00,90.00,6.5978,-1,-1,-1
3302,9,2232.00,1201.00,61.00,89.00,7.7093,-1,-1,-1
3302,13,2281.00,1530.00,56.00,88.00,6.6988,-1,-1,-1
3303,9,2231.00,1202.00,61.00,87.00,7.7211,-1,-1,-1
3303,13,2281.00,1530.00,58.00,89.00,6.8232,-1,-1,-1
3304,9,2230.00,1203.00,63.00,89.00,7.7063,-1,-1,-1
3304,13,2281.00,1530.00,57.00,89.00,6.9019,-1,-1,-1
3305,9,2231.00,1204.00,60.00,88.00,7.6754,-1,-1,-1
3305,13,2281.00,1530.00,59.00,90.00,6.9764,-1,-1,-1
3306,9,2230.00,1204.00,62.00,90.00,7.6448,-1,-1,-1
3306,13,2281.00,1530.00,60.00,93.00,7.0478,-1,-1,-1
3307,9,2231.00,1204.00,61.00,90.00,7.6386,-1,-1,-1
3307,13,2281.00,1530.00,61.00,95.00,7.0911,-1,-1,-1
3308,9,2230.00,1205.00,62.00,89.00,7.6384,-1,-1,-1
3308,13,2280.00,1531.00,62.00,93.00,7.1230,-1,-1,-1
3309,9,2230.00,1204.00,62.00,92.00,7.6489,-1,-1,-1
3309,13,2281.00,1531.00,62.00,94.00,7.1556,-1,-1,-1
3310,9,2229.00,1205.00,63.00,91.00,7.6679,-1,-1,-1
3310,13,2282.00,1532.00,60.00,93.00,7.2057,-1,-1,-1
3311,9,2228.00,1206.00,63.00,91.00,7.6830,-1,-1,-1
3311,13,2283.00,1533.00,59.00,92.00,7.2109,-1,-1,-1
3312,9,2228.00,1207.00,63.00,91.00,7.6900,-1,-1,-1
3312,13,2282.00,1535.00,60.00,92.00,7.1924,-1,-1,-1
3313,9,2228.00,1207.00,63.00,91.00,7.6917,-1,-1,-1
3313,13,2281.00,1534.00,59.00,95.00,7.1614,-1,-1,-1
3314,9,2227.00,1208.00,63.00,90.00,7.6913,-1,-1,-1
3314,13,2281.00,1535.00,59.00,94.00,7.1385,-1,-1,-1
3315,9,2227.00,1209.00,63.00,89.00,7.6885,-1,-1,-1
3315,13,2281.00,1536.00,59.00,94.00,7.0879,-1,-1,-1
3316,9,2227.00,1210.00,62.00,87.00,7.6790,-1,-1,-1
3316,13,2281.00,1537.00,60.00,95.00,7.0408,-1,-1,-1
3317,9,2227.00,1210.00,61.00,87.00,7.6600,-1,-1,-1
3317,13,2283.00,1536.00,55.00,91.00,6.9813,-1,-1,-1
3318,9,2227.00,1210.00,60.00,86.00,7.6299,-1,-1,-1
3318,13,2282.00,1538.00,59.00,93.00,6.9611,-1,-1,-1
3319,9,2228.00,1211.00,59.00,86.00,7.6058,-1,-1,-1
3319,13,2283.00,1537.00,56.00,91.00,6.9303,-1,-1,-1
3320,9,2228.00,1210.00,58.00,86.00,7.5815,-1,-1,-1
3320,13,2285.00,1537.00,54.00,90.00,6.8858,-1,-1,-1
3321,9,2227.00,1209.00,59.00,87.00,7.5488,-1,-1,-1
3321,13,2286.00,1536.00,53.00,89.00,6.8133,-1,-1,-1
3322,9,2228.00,1205.00,56.00,90.00,7.5177,-1,-1,-1
3322,13,2286.00,1536.00,53.00,89.00,6.7432,-1,-1,-1
3323,9,2228.00,1206.00,57.00,90.00,7.4871,-1,-1,-1
3323,13,2286.00,1536.00,52.00,88.00,6.6634,-1,-1,-1
3324,9,2227.00,1205.00,57.00,91.00,7.4998,-1,-1,-1
3324,13,2286.00,1538.00,53.00,86.00,6.5837,-1,-1,-1
3325,9,2228.00,1205.00,56.00,90.00,7.4991,-1,-1,-1
3325,13,2287.00,1538.00,52.00,85.00,6.5188,-1,-1,-1
3326,9,2227.00,1204.00,56.00,90.00,7.5159,-1,-1,-1
3326,13,2287.00,1538.00,52.00,86.00,6.4625,-1,-1,-1
3327,9,2226.00,1203.00,57.00,91.00,7.5100,-1,-1,-1
3327,13,2286.00,1538.00,53.00,84.00,6.4936,-1,-1,-1
3328,9,2225.00,1202.00,58.00,91.00,7.4651,-1,-1,-1
3328,13,2286.00,1538.00,53.00,82.00,6.5745,-1,-1,-1
3329,9,2224.00,1202.00,55.00,88.00,7.4540,-1,-1,-1
3329,13,2286.00,1537.00,52.00,82.00,6.6584,-1,-1,-1
3330,9,2224.00,1201.00,54.00,87.00,7.4815,-1,-1,-1
3330,13,2286.00,1535.00,52.00,84.00,6.7699,-1,-1,-1
3331,9,2223.00,1199.00,54.00,89.00,7.5432,-1,-1,-1
3331,13,2286.00,1534.00,53.00,84.00,6.8751,-1,-1,-1
3332,9,2222.00,1198.00,54.00,90.00,7.6125,-1,-1,-1
3332,13,2286.00,1533.00,53.00,86.00,6.9854,-1,-1,-1
3333,9,2221.00,1197.00,56.00,90.00,7.6762,-1,-1,-1
3333,13,2286.00,1532.00,54.00,86.00,7.0727,-1,-1,-1
3334,9,2221.00,1197.00,56.00,91.00,7.7313,-1,-1,-1
3334,13,2286.00,1531.00,54.00,86.00,7.1358,-1,-1,-1
3335,9,2220.00,1196.00,59.00,93.00,7.7781,-1,-1,-1
3335,13,2286.00,1530.00,54.00,85.00,7.1237,-1,-1,-1
3336,9,2219.00,1195.00,61.00,95.00,7.8184,-1,-1,-1
3336,13,2285.00,1528.00,54.00,85.00,7.0751,-1,-1,-1
3337,9,2219.00,1194.00,60.00,95.00,7.8507,-1,-1,-1
3337,13,2286.00,1527.00,54.00,85.00,7.0222,-1,-1,-1
3338,9,2219.00,1194.00,59.00,95.00,7.8776,-1,-1,-1
3338,13,2284.00,1525.00,56.00,86.00,7.0026,-1,-1,-1
3339,9,2219.00,1195.00,57.00,92.00,7.8965,-1,-1,-1
3339,13,2285.00,1524.00,55.00,87.00,7.0047,-1,-1,-1
3340,9,2219.00,1194.00,55.00,90.00,7.8897,-1,-1,-1
3340,13,2286.00,1521.00,54.00,87.00,6.9743,-1,-1,-1
3341,9,2218.00,1193.00,57.00,92.00,7.8781,-1,-1,-1
3341,13,2286.00,1519.00,54.00,88.00,6.9117,-1,-1,-1
3342,9,2217.00,1192.00,58.00,92.00,7.8463,-1,-1,-1
3342,13,2287.00,1517.00,50.00,83.00,6.8393,-1,-1,-1
3343,9,2217.00,1191.00,59.00,92.00,7.7806,-1,-1,-1
3343,13,2287.00,1515.00,50.00,83.00,6.7235,-1,-1,-1
3344,9,2217.00,1192.00,56.00,87.00,7.6931,-1,-1,-1
3344,13,2286.00,1516.00,53.00,81.00,6.6268,-1,-1,-1
3345,9,2216.00,1191.00,57.00,87.00,7.6298,-1,-1,-1
3345,13,2286.00,1515.00,54.00,83.00,6.5415,-1,-1,-1
3346,9,2216.00,1190.00,57.00,87.00,7.5965,-1,-1,-1
3346,13,2288.00,1513.00,51.00,84.00,6.4619,-1,-1,-1
3347,9,2216.00,1190.00,57.00,87.00,7.5844,-1,-1,-1
3347,13,2288.00,1513.00,53.00,84.00,6.4596,-1,-1,-1
3348,9,2215.00,1190.00,58.00,86.00,7.5736,-1,-1,-1
3348,13,2288.00,1512.00,53.00,84.00,6.4791,-1,-1,-1
3349,9,2215.00,1189.00,59.00,86.00,7.5795,-1,-1,-1
3349,13,2288.00,1512.00,52.00,82.00,6.4790,-1,-1,-1
3350,9,2214.00,1189.00,60.00,85.00,7.5936,-1,-1,-1
3350,13,2289.00,1511.00,51.00,82.00,6.4800,-1,-1,-1
3351,9,2214.00,1187.00,60.00,87.00,7.6001,-1,-1,-1
3351,13,2288.00,1511.00,52.00,82.00,6.5155,-1,-1,-1
3352,9,2214.00,1184.00,60.00,90.00,7.6086,-1,-1,-1
3352,13,2288.00,1510.00,52.00,83.00,6.5399,-1,-1,-1
3353,9,2214.00,1183.00,59.00,89.00,7.6175,-1,-1,-1
3353,13,2288.00,1510.00,51.00,83.00,6.5485,-1,-1,-1
3354,9,2214.00,1182.00,58.00,88.00,7.6125,-1,-1,-1
3354,13,2287.00,1509.00,53.00,86.00,6.6092,-1,-1,-1
3355,9,2214.00,1181.00,57.00,87.00,7.6006,-1,-1,-1
3355,13,2286.00,1508.00,55.00,88.00,6.6772,-1,-1,-1
3356,9,2214.00,1180.00,56.00,87.00,7.6002,-1,-1,-1
3356,13,2286.00,1508.00,54.00,87.00,6.7069,-1,-1,-1
3357,9,2213.00,1179.00,57.00,87.00,7.5987,-1,-1,-1
3357,13,2287.00,1507.00,52.00,86.00,6.7061,-1,-1,-1
3358,9,2213.00,1178.00,54.00,87.00,7.5957,-1,-1,-1
3358,13,2287.00,1507.00,52.00,85.00,6.6761,-1,-1,-1
3359,9,2213.00,1176.00,53.00,87.00,7.6223,-1,-1,-1
3359,13,2286.00,1506.00,53.00,86.00,6.6164,-1,-1,-1
3360,9,2213.00,1175.00,53.00,88.00,7.6548,-1,-1,-1
3360,13,2285.00,1505.00,54.00,88.00,6.6187,-1,-1,-1
3361,9,2213.00,1175.00,53.00,89.00,7.6819,-1,-1,-1
3361,13,2286.00,1505.00,51.00,84.00,6.6330,-1,-1,-1
3362,9,2213.00,1174.00,53.00,89.00,7.7153,-1,-1,-1
3362,13,2286.00,1504.00,51.00,85.00,6.6663,-1,-1,-1
3363,9,2212.00,1173.00,55.00,89.00,7.7584,-1,-1,-1
3363,13,2285.00,1503.00,52.00,85.00,6.7102,-1,-1,-1
3364,9,2211.00,1173.00,57.00,90.00,7.7966,-1,-1,-1
3364,13,2286.00,1502.00,51.00,84.00,6.7572,-1,-1,-1
3365,9,2210.00,1173.00,59.00,91.00,7.8255,-1,-1,-1
3365,13,2286.00,1501.00,51.00,83.00,6.7862,-1,-1,-1
3366,9,2209.00,1173.00,60.00,90.00,7.8468,-1,-1,-1
3366,13,2286.00,1500.00,51.00,82.00,6.8348,-1,-1,-1
3367,9,2208.00,1172.00,61.00,90.00,7.8744,-1,-1,-1
3367,13,2286.00,1499.00,50.00,81.00,6.8692,-1,-1,-1
3368,9,2206.00,1172.00,63.00,90.00,7.8990,-1,-1,-1
3368,13,2285.00,1496.00,51.00,81.00,6.8662,-1,-1,-1
3369,9,2206.00,1171.00,63.00,90.00,7.9146,-1,-1,-1
3369,13,2285.00,1493.00,50.00,82.00,6.8806,-1,-1,-1
3370,9,2205.00,1170.00,64.00,90.00,7.9091,-1,-1,-1
3370,13,2285.00,1492.00,51.00,81.00,6.9171,-1,-1,-1
3371,9,2205.00,1169.00,64.00,90.00,7.8821,-1,-1,-1
3371,13,2285.00,1491.00,51.00,82.00,6.9800,-1,-1,-1
3372,9,2205.00,1168.00,64.00,91.00,7.8454,-1,-1,-1
3372,13,2285.00,1490.00,51.00,82.00,7.0455,-1,-1,-1
3373,9,2204.00,1168.00,65.00,90.00,7.7954,-1,-1,-1
3373,13,2285.00,1489.00,52.00,83.00,7.1210,-1,-1,-1
3374,9,2204.00,1167.00,64.00,89.00,7.7537,-1,-1,-1
3374,13,2285.00,1488.00,52.00,83.00,7.1818,-1,-1,-1
3375,9,2203.00,1166.00,65.00,88.00,7.7216,-1,-1,-1
3375,13,2285.00,1488.00,52.00,82.00,7.2495,-1,-1,-1
3376,9,2202.00,1166.00,67.00,86.00,7.6685,-1,-1,-1
3376,13,2284.00,1486.00,52.00,84.00,7.3208,-1,-1,-1
3377,9,2201.00,1165.00,66.00,84.00,7.6401,-1,-1,-1
3377,13,2282.00,1484.00,55.00,86.00,7.3898,-1,-1,-1
3378,9,2201.00,1164.00,66.00,85.00,7.6275,-1,-1,-1
3378,13,2282.00,1484.00,55.00,86.00,7.4480,-1,-1,-1
3379,9,2200.00,1163.00,67.00,85.00,7.6146,-1,-1,-1
3379,13,2281.00,1483.00,57.00,87.00,7.4918,-1,-1,-1
3380,9,2201.00,1161.00,64.00,87.00,7.5887,-1,-1,-1
3380,13,2281.00,1482.00,57.00,88.00,7.5131,-1,-1,-1
3381,9,2200.00,1161.00,63.00,86.00,7.5847,-1,-1,-1
3381,13,2281.00,1482.00,57.00,88.00,7.5170,-1,-1,-1
3382,9,2200.00,1159.00,63.00,87.00,7.5912,-1,-1,-1
3382,13,2280.00,1482.00,57.00,87.00,7.4978,-1,-1,-1
3383,9,2200.00,1158.00,63.00,87.00,7.5849,-1,-1,-1
3383,13,2281.00,1481.00,56.00,87.00,7.4341,-1,-1,-1
3384,9,2199.00,1156.00,63.00,87.00,7.5550,-1,-1,-1
3384,13,2282.00,1477.00,53.00,90.00,7.3511,-1,-1,-1
3385,9,2200.00,1156.00,59.00,85.00,7.5125,-1,-1,-1
3385,13,2281.00,1480.00,54.00,86.00,7.2957,-1,-1,-1
3386,9,2199.00,1155.00,60.00,86.00,7.5030,-1,-1,-1
3386,13,2283.00,1479.00,52.00,85.00,7.2533,-1,-1,-1
3387,9,2197.00,1154.00,62.00,87.00,7.5232,-1,-1,-1
3387,13,2282.00,1478.00,53.00,86.00,7.2300,-1,-1,-1
3388,9,2198.00,1153.00,59.00,85.00,7.5706,-1,-1,-1
3388,13,2283.00,1477.00,52.00,85.00,7.2256,-1,-1,-1
3389,9,2197.00,1152.00,58.00,84.00,7.6265,-1,-1,-1
3389,13,2283.00,1475.00,52.00,85.00,7.2398,-1,-1,-1
3390,9,2197.00,1151.00,58.00,84.00,7.6820,-1,-1,-1
3390,13,2283.00,1473.00,52.00,86.00,7.2466,-1,-1,-1
3391,9,2196.00,1151.00,60.00,85.00,7.7321,-1,-1,-1
3391,13,2283.00,1472.00,51.00,84.00,7.2087,-1,-1,-1
3392,9,2196.00,1149.00,59.00,88.00,7.7823,-1,-1,-1
3392,13,2283.00,1471.00,52.00,85.00,7.1508,-1,-1,-1
3393,9,2196.00,1148.00,59.00,90.00,7.8281,-1,-1,-1
3393,13,2283.00,1471.00,51.00,82.00,7.0691,-1,-1,-1
3394,9,2196.00,1148.00,58.00,89.00,7.8677,-1,-1,-1
3394,13,2282.00,1470.00,52.00,83.00,7.0283,-1,-1,-1
3395,9,2196.00,1147.00,57.00,90.00,7.9036,-1,-1,-1
3395,13,2282.00,1469.00,52.00,84.00,7.0227,-1,-1,-1
3396,9,2196.00,1147.00,57.00,89.00,7.9279,-1,-1,-1
3396,13,2282.00,1467.00,53.00,85.00,7.0722,-1,-1,-1
3397,9,2196.00,1147.00,58.00,89.00,7.9454,-1,-1,-1
3397,13,2281.00,1466.00,54.00,86.00,7.1207,-1,-1,-1
3398,9,2195.00,1147.00,59.00,89.00,7.9568,-1,-1,-1
3398,13,2280.00,1465.00,55.00,87.00,7.1764,-1,-1,-1
3399,9,2195.00,1147.00,59.00,89.00,7.9606,-1,-1,-1
3399,13,2280.00,1464.00,55.00,87.00,7.2423,-1,-1,-1
3400,9,2194.00,1147.00,61.00,89.00,7.9444,-1,-1,-1
3400,13,2279.00,1463.00,56.00,88.00,7.2946,-1,-1,-1
3401,9,2193.00,1146.00,61.00,89.00,7.9193,-1,-1,-1
3401,13,2279.00,1462.00,56.00,88.00,7.3398,-1,-1,-1
3402,9,2193.00,1146.00,61.00,89.00,7.8890,-1,-1,-1
3402,13,2279.00,1461.00,56.00,88.00,7.3752,-1,-1,-1
3403,9,2193.00,1145.00,61.00,90.00,7.8514,-1,-1,-1
3403,13,2279.00,1461.00,56.00,87.00,7.4102,-1,-1,-1
3404,9,2193.00,1145.00,61.00,90.00,7.8182,-1,-1,-1
3404,13,2279.00,1461.00,56.00,86.00,7.4405,-1,-1,-1
3405,9,2193.00,1144.00,61.00,91.00,7.7652,-1,-1,-1
3405,13,2280.00,1460.00,55.00,85.00,7.4697,-1,-1,-1
3406,9,2192.00,1143.00,60.00,91.00,7.6924,-1,-1,-1
3406,13,2280.00,1460.00,55.00,84.00,7.4855,-1,-1,-1
3407,9,2192.00,1143.00,59.00,90.00,7.6616,-1,-1,-1
3407,13,2280.00,1461.00,54.00,82.00,7.4824,-1,-1,-1
3408,9,2192.00,1142.00,60.00,91.00,7.6386,-1,-1,-1
3408,13,2281.00,1461.00,54.00,81.00,7.4839,-1,-1,-1
3409,9,2192.00,1142.00,60.00,91.00,7.6248,-1,-1,-1
3409,13,2281.00,1459.00,54.00,84.00,7.4674,-1,-1,-1
3410,9,2192.00,1141.00,60.00,91.00,7.6157,-1,-1,-1
3410,13,2281.00,1459.00,54.00,82.00,7.4734,-1,-1,-1
3411,9,2191.00,1140.00,60.00,90.00,7.6082,-1,-1,-1
3411,13,2281.00,1458.00,54.00,83.00,7.4673,-1,-1,-1
3412,9,2191.00,1139.00,61.00,91.00,7.6155,-1,-1,-1
3412,13,2281.00,1458.00,54.00,83.00,7.4541,-1,-1,-1
3413,9,2191.00,1138.00,61.00,91.00,7.6128,-1,-1,-1
3413,13,2280.00,1456.00,55.00,85.00,7.4298,-1,-1,-1
3414,9,2191.00,1137.00,61.00,92.00,7.5952,-1,-1,-1
3414,13,2280.00,1455.00,55.00,84.00,7.4038,-1,-1,-1
3415,9,2190.00,1136.00,61.00,91.00,7.5476,-1,-1,-1
3415,13,2279.00,1453.00,56.00,85.00,7.3686,-1,-1,-1
3416,9,2190.00,1132.00,58.00,90.00,7.5070,-1,-1,-1
3416,13,2279.00,1453.00,57.00,84.00,7.3608,-1,-1,-1
3417,9,2190.00,1131.00,58.00,91.00,7.4818,-1,-1,-1
3417,13,2279.00,1450.00,57.00,85.00,7.3630,-1,-1,-1
3418,9,2189.00,1130.00,60.00,92.00,7.4609,-1,-1,-1
3418,13,2279.00,1449.00,56.00,84.00,7.3472,-1,-1,-1
3419,9,2188.00,1129.00,61.00,94.00,7.4707,-1,-1,-1
3419,13,2278.00,1448.00,57.00,84.00,7.3062,-1,-1,-1
3420,9,2187.00,1128.00,62.00,94.00,7.4847,-1,-1,-1
3420,13,2277.00,1448.00,57.00,82.00,7.2262,-1,-1,-1
3421,9,2187.00,1128.00,60.00,91.00,7.5045,-1,-1,-1
3421,13,2276.00,1445.00,57.00,84.00,7.1245,-1,-1,-1
3422,9,2188.00,1128.00,58.00,89.00,7.5273,-1,-1,-1
3422,13,2276.00,1445.00,57.00,83.00,7.0692,-1,-1,-1
3423,9,2189.00,1127.00,56.00,90.00,7.5490,-1,-1,-1
3423,13,2276.00,1443.00,57.00,85.00,7.0664,-1,-1,-1
3424,9,2188.00,1126.00,56.00,89.00,7.5831,-1,-1,-1
3424,13,2277.00,1442.00,56.00,85.00,7.0859,-1,-1,-1
3425,9,2189.00,1125.00,55.00,89.00,7.6008,-1,-1,-1
3425,13,2276.00,1440.00,57.00,85.00,7.1096,-1,-1,-1
3426,9,2189.00,1123.00,54.00,90.00,7.6113,-1,-1,-1
3426,13,2276.00,1439.00,57.00,86.00,7.1324,-1,-1,-1
3427,9,2189.00,1122.00,53.00,90.00,7.6159,-1,-1,-1
3427,13,2275.00,1437.00,59.00,88.00,7.1495,-1,-1,-1
3428,9,2189.00,1122.00,54.00,89.00,7.6248,-1,-1,-1
3428,13,2275.00,1433.00,58.00,91.00,7.1378,-1,-1,-1
3429,9,2188.00,1122.00,55.00,90.00,7.6427,-1,-1,-1
3429,13,2275.00,1432.00,58.00,91.00,7.1229,-1,-1,-1
3430,9,2188.00,1121.00,55.00,90.00,7.6430,-1,-1,-1
3430,13,2274.00,1431.00,59.00,91.00,7.1037,-1,-1,-1
3431,9,2188.00,1120.00,54.00,89.00,7.6036,-1,-1,-1
3431,13,2273.00,1429.00,60.00,93.00,7.0970,-1,-1,-1
3432,9,2188.00,1119.00,54.00,89.00,7.5597,-1,-1,-1
3432,13,2272.00,1428.00,61.00,93.00,7.0846,-1,-1,-1
3433,9,2187.00,1121.00,53.00,85.00,7.5377,-1,-1,-1
3433,13,2270.00,1428.00,65.00,92.00,7.0889,-1,-1,-1
3434,9,2186.00,1120.00,54.00,86.00,7.5484,-1,-1,-1
3434,13,2270.00,1427.00,65.00,93.00,7.1323,-1,-1,-1
3435,9,2186.00,1120.00,55.00,87.00,7.5605,-1,-1,-1
3435,13,2271.00,1427.00,63.00,92.00,7.1635,-1,-1,-1
3436,9,2184.00,1119.00,58.00,89.00,7.5812,-1,-1,-1
3436,13,2271.00,1427.00,63.00,90.00,7.1847,-1,-1,-1
3437,9,2183.00,1118.00,59.00,89.00,7.6167,-1,-1,-1
3437,13,2272.00,1427.00,61.00,89.00,7.2056,-1,-1,-1
3438,9,2183.00,1116.00,58.00,89.00,7.6406,-1,-1,-1
3438,13,2272.00,1427.00,60.00,88.00,7.2061,-1,-1,-1
3439,9,2183.00,1115.00,58.00,89.00,7.6729,-1,-1,-1
3439,13,2272.00,1427.00,60.00,86.00,7.1930,-1,-1,-1
3440,9,2182.00,1115.00,59.00,88.00,7.7124,-1,-1,-1
3440,13,2273.00,1427.00,59.00,86.00,7.1710,-1,-1,-1
3441,9,2182.00,1114.00,58.00,88.00,7.7472,-1,-1,-1
3441,13,2273.00,1426.00,59.00,87.00,7.1519,-1,-1,-1
3442,9,2181.00,1113.00,60.00,89.00,7.7772,-1,-1,-1
3442,13,2274.00,1426.00,59.00,86.00,7.1259,-1,-1,-1
3443,9,2181.00,1114.00,59.00,87.00,7.7916,-1,-1,-1
3443,13,2274.00,1425.00,58.00,86.00,7.0966,-1,-1,-1
3444,9,2181.00,1112.00,60.00,90.00,7.7961,-1,-1,-1
3444,13,2274.00,1424.00,58.00,86.00,7.0979,-1,-1,-1
3445,9,2180.00,1111.00,60.00,91.00,7.7867,-1,-1,-1
3445,13,2274.00,1424.00,58.00,85.00,7.0995,-1,-1,-1
3446,9,2179.00,1110.00,61.00,91.00,7.7712,-1,-1,-1
3446,13,2274.00,1423.00,58.00,85.00,7.0846,-1,-1,-1
3447,9,2179.00,1109.00,60.00,90.00,7.7170,-1,-1,-1
3447,13,2274.00,1423.00,57.00,84.00,7.0606,-1,-1,-1
3448,9,2180.00,1107.00,58.00,92.00,7.6403,-1,-1,-1
3448,13,2274.00,1422.00,57.00,84.00,6.9804,-1,-1,-1
3449,9,2179.00,1107.00,54.00,87.00,7.5249,-1,-1,-1
3449,13,2274.00,1421.00,54.00,80.00,6.9191,-1,-1,-1
3450,9,2179.00,1106.00,54.00,87.00,7.4574,-1,-1,-1
3450,13,2275.00,1421.00,53.00,77.00,6.8810,-1,-1,-1
3451,9,2178.00,1106.00,56.00,87.00,7.4012,-1,-1,-1
3451,13,2275.00,1419.00,53.00,78.00,6.9028,-1,-1,-1
3452,9,2177.00,1104.00,56.00,87.00,7.4164,-1,-1,-1
3452,13,2275.00,1418.00,53.00,79.00,6.9381,-1,-1,-1
3453,9,2175.00,1103.00,60.00,88.00,7.4631,-1,-1,-1
3453,13,2274.00,1417.00,54.00,81.00,7.0005,-1,-1,-1
3454,9,2175.00,1101.00,60.00,91.00,7.5183,-1,-1,-1
3454,13,2273.00,1417.00,54.00,79.00,7.0724,-1,-1,-1
3455,9,2174.00,1101.00,60.00,91.00,7.5783,-1,-1,-1
3455,13,2272.00,1416.00,55.00,80.00,7.1571,-1,-1,-1
3456,9,2174.00,1101.00,60.00,90.00,7.6422,-1,-1,-1
3456,13,2271.00,1413.00,56.00,83.00,7.2467,-1,-1,-1
3457,9,2174.00,1100.00,61.00,92.00,7.6859,-1,-1,-1
3457,13,2271.00,1413.00,56.00,82.00,7.3169,-1,-1,-1
3458,9,2174.00,1100.00,61.00,91.00,7.7284,-1,-1,-1
3458,13,2271.00,1411.00,56.00,84.00,7.3540,-1,-1,-1
3459,9,2174.00,1100.00,61.00,90.00,7.7659,-1,-1,-1
3459,13,2271.00,1410.00,56.00,85.00,7.3745,-1,-1,-1
3460,9,2174.00,1100.00,60.00,89.00,7.8066,-1,-1,-1
3460,13,2271.00,1410.00,57.00,85.00,7.3727,-1,-1,-1
3461,9,2173.00,1099.00,62.00,90.00,7.8458,-1,-1,-1
3461,13,2270.00,1408.00,58.00,86.00,7.3250,-1,-1,-1
3462,9,2173.00,1099.00,61.00,89.00,7.8791,-1,-1,-1
3462,13,2269.00,1408.00,59.00,87.00,7.2721,-1,-1,-1
3463,9,2173.00,1098.00,61.00,89.00,7.8986,-1,-1,-1
3463,13,2269.00,1407.00,60.00,87.00,7.2597,-1,-1,-1
3464,9,2173.00,1097.00,60.00,90.00,7.8973,-1,-1,-1
3464,13,2270.00,1406.00,60.00,88.00,7.2534,-1,-1,-1
3465,9,2172.00,1096.00,61.00,91.00,7.8875,-1,-1,-1
3465,13,2270.00,1405.00,60.00,89.00,7.2598,-1,-1,-1
3466,9,2173.00,1095.00,59.00,91.00,7.8572,-1,-1,-1
3466,13,2270.00,1404.00,60.00,89.00,7.2974,-1,-1,-1
3467,9,2173.00,1098.00,57.00,85.00,7.7904,-1,-1,-1
3467,13,2269.00,1402.00,60.00,89.00,7.3552,-1,-1,-1
3468,9,2173.00,1097.00,57.00,85.00,7.7524,-1,-1,-1
3468,13,2269.00,1401.00,60.00,88.00,7.4050,-1,-1,-1
3469,9,2172.00,1097.00,58.00,85.00,7.7366,-1,-1,-1
3469,13,2268.00,1398.00,61.00,88.00,7.4345,-1,-1,-1
3470,9,2171.00,1095.00,59.00,86.00,7.7260,-1,-1,-1
3470,13,2267.00,1396.00,63.00,89.00,7.4650,-1,-1,-1
3471,9,2170.00,1094.00,59.00,87.00,7.7223,-1,-1,-1
3471,13,2266.00,1396.00,64.00,88.00,7.4718,-1,-1,-1
3472,9,2170.00,1093.00,60.00,88.00,7.7272,-1,-1,-1
3472,13,2266.00,1397.00,63.00,84.00,7.4851,-1,-1,-1
3473,9,2170.00,1092.00,59.00,88.00,7.7290,-1,-1,-1
3473,13,2265.00,1397.00,64.00,83.00,7.5226,-1,-1,-1
3474,9,2169.00,1091.00,59.00,88.00,7.7132,-1,-1,-1
3474,13,2266.00,1396.00,63.00,84.00,7.5551,-1,-1,-1
3475,9,2169.00,1090.00,59.00,87.00,7.6771,-1,-1,-1
3475,13,2265.00,1396.00,64.00,84.00,7.5936,-1,-1,-1
3476,13,2266.00,1395.00,63.00,85.00,7.6241,-1,-1,-1
3476,9,2170.00,1086.00,55.00,87.00,7.6162,-1,-1,-1
3477,13,2266.00,1396.00,62.00,83.00,7.6384,-1,-1,-1
3477,9,2169.00,1085.00,57.00,88.00,7.5755,-1,-1,-1
3478,13,2266.00,1395.00,62.00,84.00,7.6497,-1,-1,-1
3478,9,2169.00,1084.00,56.00,86.00,7.5387,-1,-1,-1
3479,13,2267.00,1394.00,60.00,84.00,7.6546,-1,-1,-1
3479,9,2169.00,1083.00,57.00,87.00,7.5142,-1,-1,-1
3480,13,2267.00,1394.00,59.00,81.00,7.6534,-1,-1,-1
3480,9,2168.00,1082.00,58.00,87.00,7.4978,-1,-1,-1
3481,13,2268.00,1392.00,58.00,81.00,7.6465,-1,-1,-1
3481,9,2168.00,1082.00,58.00,85.00,7.4908,-1,-1,-1
3482,13,2268.00,1392.00,55.00,79.00,7.6035,-1,-1,-1
3482,9,2167.00,1081.00,59.00,85.00,7.4905,-1,-1,-1
3483,13,2268.00,1391.00,55.00,78.00,7.5181,-1,-1,-1
3483,9,2167.00,1081.00,59.00,85.00,7.5071,-1,-1,-1
3484,9,2165.00,1080.00,61.00,84.00,7.4981,-1,-1,-1
3484,13,2268.00,1390.00,54.00,78.00,7.3301,-1,-1,-1
3485,9,2165.00,1079.00,62.00,84.00,7.4762,-1,-1,-1
3485,13,2267.00,1388.00,53.00,79.00,7.1770,-1,-1,-1
3486,9,2165.00,1078.00,61.00,85.00,7.4507,-1,-1,-1
3486,13,2267.00,1388.00,53.00,78.00,7.0530,-1,-1,-1
3487,9,2166.00,1076.00,58.00,87.00,7.4454,-1,-1,-1
3487,13,2266.00,1387.00,54.00,79.00,6.9643,-1,-1,-1
3488,9,2165.00,1076.00,59.00,86.00,7.4499,-1,-1,-1
3488,13,2267.00,1386.00,51.00,77.00,6.8824,-1,-1,-1
3489,9,2165.00,1076.00,59.00,86.00,7.4722,-1,-1,-1
3489,13,2269.00,1386.00,48.00,74.00,6.8192,-1,-1,-1
3490,9,2164.00,1076.00,60.00,86.00,7.5238,-1,-1,-1
3490,13,2269.00,1386.00,49.00,74.00,6.8113,-1,-1,-1
3491,9,2163.00,1076.00,61.00,86.00,7.5612,-1,-1,-1
3491,13,2269.00,1385.00,48.00,74.00,6.8290,-1,-1,-1
3492,9,2163.00,1075.00,60.00,87.00,7.6031,-1,-1,-1
3492,13,2269.00,1384.00,48.00,74.00,6.8801,-1,-1,-1
3493,9,2162.00,1075.00,61.00,86.00,7.6314,-1,-1,-1
3493,13,2268.00,1383.00,49.00,74.00,6.9416,-1,-1,-1
3494,9,2160.00,1075.00,64.00,87.00,7.6520,-1,-1,-1
3494,13,2268.00,1382.00,49.00,75.00,7.0008,-1,-1,-1
3495,9,2159.00,1075.00,64.00,85.00,7.6382,-1,-1,-1
3495,13,2268.00,1382.00,49.00,75.00,7.0474,-1,-1,-1
3496,9,2158.00,1074.00,64.00,86.00,7.6344,-1,-1,-1
3496,13,2267.00,1381.00,50.00,76.00,7.0982,-1,-1,-1
3497,9,2157.00,1073.00,65.00,86.00,7.6306,-1,-1,-1
3497,13,2267.00,1380.00,50.00,75.00,7.1345,-1,-1,-1
3498,9,2156.00,1072.00,66.00,88.00,7.6206,-1,-1,-1
3498,13,2266.00,1379.00,51.00,74.00,7.1671,-1,-1,-1
3499,9,2155.00,1071.00,66.00,89.00,7.5951,-1,-1,-1
3499,13,2265.00,1377.00,52.00,75.00,7.1857,-1,-1,-1
3500,9,2154.00,1069.00,67.00,90.00,7.5726,-1,-1,-1
3500,13,2265.00,1376.00,51.00,75.00,7.1874,-1,-1,-1
3501,9,2154.00,1069.00,66.00,88.00,7.5285,-1,-1,-1
3501,13,2264.00,1375.00,52.00,74.00,7.1747,-1,-1,-1
3502,9,2153.00,1068.00,67.00,87.00,7.4874,-1,-1,-1
3502,13,2263.00,1373.00,53.00,76.00,7.1769,-1,-1,-1
3503,9,2151.00,1067.00,69.00,87.00,7.4505,-1,-1,-1
3503,13,2262.00,1371.00,54.00,77.00,7.1969,-1,-1,-1
3504,9,2150.00,1066.00,72.00,89.00,7.4472,-1,-1,-1
3504,13,2261.00,1370.00,55.00,78.00,7.2406,-1,-1,-1
3505,9,2151.00,1066.00,71.00,88.00,7.4657,-1,-1,-1
3505,13,2260.00,1369.00,56.00,79.00,7.2859,-1,-1,-1
3506,9,2152.00,1065.00,70.00,90.00,7.4935,-1,-1,-1
3506,13,2259.00,1368.00,57.00,79.00,7.3282,-1,-1,-1
3507,9,2152.00,1064.00,70.00,90.00,7.5269,-1,-1,-1
3507,13,2258.00,1367.00,58.00,80.00,7.3548,-1,-1,-1
3508,9,2152.00,1063.00,70.00,90.00,7.5586,-1,-1,-1
3508,13,2259.00,1366.00,57.00,80.00,7.3687,-1,-1,-1
3509,9,2152.00,1063.00,70.00,90.00,7.5716,-1,-1,-1
3509,13,2259.00,1365.00,56.00,80.00,7.3691,-1,-1,-1
3510,9,2152.00,1062.00,71.00,91.00,7.5673,-1,-1,-1
3510,13,2259.00,1364.00,56.00,80.00,7.3777,-1,-1,-1
3511,9,2152.00,1061.00,71.00,91.00,7.5670,-1,-1,-1
3511,13,2259.00,1362.00,55.00,81.00,7.3672,-1,-1,-1
3512,9,2152.00,1059.00,71.00,93.00,7.5641,-1,-1,-1
3512,13,2258.00,1362.00,56.00,80.00,7.3583,-1,-1,-1
3513,9,2152.00,1059.00,71.00,92.00,7.5459,-1,-1,-1
3513,13,2258.00,1362.00,56.00,81.00,7.3613,-1,-1,-1
3514,9,2152.00,1059.00,71.00,91.00,7.4960,-1,-1,-1
3514,13,2258.00,1362.00,57.00,81.00,7.3509,-1,-1,-1
3515,9,2151.00,1058.00,70.00,91.00,7.4712,-1,-1,-1
3515,13,2258.00,1362.00,57.00,80.00,7.3509,-1,-1,-1
3516,9,2151.00,1057.00,70.00,91.00,7.4631,-1,-1,-1
3516,13,2258.00,1361.00,57.00,81.00,7.3423,-1,-1,-1
3517,9,2150.00,1056.00,71.00,91.00,7.4699,-1,-1,-1
3517,13,2257.00,1360.00,58.00,82.00,7.3368,-1,-1,-1
3518,9,2150.00,1055.00,70.00,90.00,7.4810,-1,-1,-1
3518,13,2256.00,1359.00,60.00,85.00,7.3367,-1,-1,-1
3519,9,2150.00,1054.00,69.00,90.00,7.4896,-1,-1,-1
3519,13,2256.00,1358.00,60.00,85.00,7.3281,-1,-1,-1
3520,9,2150.00,1054.00,69.00,91.00,7.4937,-1,-1,-1
3520,13,2255.00,1358.00,62.00,84.00,7.3318,-1,-1,-1
3521,9,2149.00,1053.00,70.00,92.00,7.4893,-1,-1,-1
3521,13,2254.00,1357.00,63.00,84.00,7.3434,-1,-1,-1
3522,9,2148.00,1053.00,72.00,92.00,7.4640,-1,-1,-1
3522,13,2254.00,1356.00,62.00,83.00,7.3572,-1,-1,-1
3523,9,2148.00,1052.00,72.00,93.00,7.4222,-1,-1,-1
3523,13,2253.00,1354.00,62.00,84.00,7.3661,-1,-1,-1
3524,9,2149.00,1050.00,68.00,93.00,7.3796,-1,-1,-1
3524,13,2253.00,1353.00,62.00,85.00,7.3778,-1,-1,-1
3525,13,2253.00,1352.00,62.00,84.00,7.3691,-1,-1,-1
3525,9,2149.00,1050.00,67.00,91.00,7.3324,-1,-1,-1
3526,13,2253.00,1352.00,61.00,83.00,7.3473,-1,-1,-1
3526,9,2148.00,1050.00,69.00,92.00,7.3141,-1,-1,-1
3527,9,2147.00,1050.00,69.00,92.00,7.3147,-1,-1,-1
3527,13,2253.00,1352.00,60.00,82.00,7.3013,-1,-1,-1
3528,9,2147.00,1049.00,68.00,92.00,7.3199,-1,-1,-1
3528,13,2253.00,1351.00,59.00,82.00,7.2365,-1,-1,-1
3529,9,2146.00,1049.00,68.00,91.00,7.3297,-1,-1,-1
3529,13,2252.00,1350.00,60.00,82.00,7.2214,-1,-1,-1
3530,9,2145.00,1050.00,68.00,90.00,7.3527,-1,-1,-1
3530,13,2252.00,1350.00,59.00,81.00,7.2432,-1,-1,-1
3531,9,2145.00,1050.00,68.00,91.00,7.4020,-1,-1,-1
3531,13,2252.00,1349.00,59.00,80.00,7.2687,-1,-1,-1
3532,9,2145.00,1049.00,67.00,91.00,7.4536,-1,-1,-1
3532,13,2252.00,1349.00,58.00,79.00,7.2895,-1,-1,-1
3533,9,2145.00,1048.00,68.00,91.00,7.4854,-1,-1,-1
3533,13,2251.00,1349.00,60.00,78.00,7.3069,-1,-1,-1
3534,9,2145.00,1047.00,68.00,92.00,7.4719,-1,-1,-1
3534,13,2251.00,1349.00,59.00,77.00,7.3048,-1,-1,-1
3535,9,2142.00,1045.00,69.00,93.00,7.4495,-1,-1,-1
3535,13,2251.00,1348.00,59.00,77.00,7.2972,-1,-1,-1
3536,9,2141.00,1044.00,70.00,94.00,7.4429,-1,-1,-1
3536,13,2250.00,1346.00,59.00,79.00,7.2944,-1,-1,-1
3537,9,2141.00,1043.00,70.00,93.00,7.4377,-1,-1,-1
3537,13,2249.00,1345.00,60.00,80.00,7.2930,-1,-1,-1
3538,9,2140.00,1042.00,72.00,94.00,7.4386,-1,-1,-1
3538,13,2249.00,1344.00,61.00,81.00,7.2943,-1,-1,-1
3539,9,2141.00,1043.00,73.00,92.00,7.4540,-1,-1,-1
3539,13,2248.00,1342.00,61.00,82.00,7.3168,-1,-1,-1
3540,9,2141.00,1043.00,74.00,92.00,7.4755,-1,-1,-1
3540,13,2248.00,1340.00,61.00,83.00,7.3459,-1,-1,-1
3541,9,2140.00,1042.00,75.00,92.00,7.5071,-1,-1,-1
3541,13,2248.00,1339.00,60.00,81.00,7.3775,-1,-1,-1
3542,9,2139.00,1041.00,75.00,91.00,7.5377,-1,-1,-1
3542,13,2248.00,1337.00,59.00,82.00,7.3875,-1,-1,-1
3543,9,2139.00,1040.00,74.00,90.00,7.5683,-1,-1,-1
3543,13,2247.00,1337.00,59.00,80.00,7.4005,-1,-1,-1
3544,9,2139.00,1038.00,71.00,90.00,7.6091,-1,-1,-1
3544,13,2247.00,1335.00,58.00,79.00,7.4440,-1,-1,-1
3545,9,2138.00,1037.00,70.00,90.00,7.6444,-1,-1,-1
3545,13,2247.00,1334.00,57.00,79.00,7.4720,-1,-1,-1
3546,9,2138.00,1036.00,69.00,88.00,7.6684,-1,-1,-1
3546,13,2246.00,1333.00,58.00,79.00,7.4864,-1,-1,-1
3547,9,2138.00,1036.00,67.00,87.00,7.6875,-1,-1,-1
3547,13,2246.00,1332.00,57.00,79.00,7.4981,-1,-1,-1
3548,9,2137.00,1036.00,68.00,86.00,7.7035,-1,-1,-1
3548,13,2245.00,1330.00,58.00,80.00,7.5057,-1,-1,-1
3549,9,2137.00,1035.00,67.00,86.00,7.7180,-1,-1,-1
3549,13,2244.00,1329.00,59.00,80.00,7.4832,-1,-1,-1
3550,9,2136.00,1033.00,68.00,86.00,7.7238,-1,-1,-1
3550,13,2245.00,1327.00,56.00,80.00,7.4323,-1,-1,-1
3551,9,2136.00,1033.00,68.00,85.00,7.7209,-1,-1,-1
3551,13,2245.00,1327.00,56.00,78.00,7.3959,-1,-1,-1
3552,9,2136.00,1032.00,68.00,86.00,7.7160,-1,-1,-1
3552,13,2245.00,1326.00,56.00,77.00,7.3952,-1,-1,-1
3553,9,2137.00,1031.00,65.00,87.00,7.6819,-1,-1,-1
3553,13,2244.00,1325.00,57.00,77.00,7.4057,-1,-1,-1
3554,9,2136.00,1030.00,67.00,88.00,7.6536,-1,-1,-1
3554,13,2243.00,1324.00,57.00,78.00,7.4116,-1,-1,-1
3555,9,2136.00,1029.00,67.00,88.00,7.6212,-1,-1,-1
3555,13,2243.00,1323.00,57.00,78.00,7.4229,-1,-1,-1
3556,9,2135.00,1028.00,67.00,88.00,7.5780,-1,-1,-1
3556,13,2242.00,1323.00,58.00,78.00,7.4169,-1,-1,-1
3557,9,2135.00,1028.00,67.00,88.00,7.5363,-1,-1,-1
3557,13,2242.00,1323.00,57.00,77.00,7.4032,-1,-1,-1
3558,9,2136.00,1027.00,65.00,87.00,7.4906,-1,-1,-1
3558,13,2242.00,1323.00,57.00,77.00,7.3868,-1,-1,-1
3559,9,2135.00,1027.00,66.00,88.00,7.4311,-1,-1,-1
3559,13,2241.00,1322.00,57.00,78.00,7.3705,-1,-1,-1
3560,9,2136.00,1026.00,63.00,88.00,7.3565,-1,-1,-1
3560,13,2240.00,1319.00,58.00,81.00,7.3526,-1,-1,-1
3561,13,2240.00,1318.00,58.00,82.00,7.3391,-1,-1,-1
3561,9,2135.00,1025.00,64.00,89.00,7.2839,-1,-1,-1
3562,13,2240.00,1318.00,57.00,81.00,7.3271,-1,-1,-1
3562,9,2133.00,1025.00,66.00,88.00,7.2195,-1,-1,-1
3563,13,2239.00,1317.00,58.00,81.00,7.3207,-1,-1,-1
3563,9,2133.00,1024.00,66.00,87.00,7.1581,-1,-1,-1
3564,13,2239.00,1317.00,58.00,81.00,7.3194,-1,-1,-1
3564,9,2133.00,1023.00,65.00,88.00,7.1378,-1,-1,-1
3565,13,2238.00,1317.00,59.00,81.00,7.3241,-1,-1,-1
3565,9,2132.00,1023.00,65.00,86.00,7.1467,-1,-1,-1
3566,13,2238.00,1316.00,60.00,83.00,7.3304,-1,-1,-1
3566,9,2132.00,1023.00,65.00,85.00,7.1728,-1,-1,-1
3567,13,2237.00,1316.00,61.00,83.00,7.3422,-1,-1,-1
3567,9,2131.00,1022.00,65.00,85.00,7.1834,-1,-1,-1
3568,13,2237.00,1314.00,60.00,84.00,7.3463,-1,-1,-1
3568,9,2131.00,1022.00,64.00,84.00,7.1941,-1,-1,-1
3569,13,2238.00,1313.00,57.00,84.00,7.3359,-1,-1,-1
3569,9,2131.00,1021.00,63.00,84.00,7.1988,-1,-1,-1
3570,13,2237.00,1312.00,57.00,83.00,7.3243,-1,-1,-1
3570,9,2131.00,1021.00,63.00,83.00,7.2100,-1,-1,-1
3571,13,2237.00,1311.00,57.00,83.00,7.3220,-1,-1,-1
3571,9,2129.00,1020.00,64.00,85.00,7.2288,-1,-1,-1
3572,13,2237.00,1310.00,57.00,82.00,7.3342,-1,-1,-1
3572,9,2128.00,1020.00,66.00,85.00,7.2527,-1,-1,-1
3573,13,2238.00,1310.00,56.00,82.00,7.3390,-1,-1,-1
3573,9,2128.00,1018.00,64.00,84.00,7.2653,-1,-1,-1
3574,13,2238.00,1309.00,56.00,81.00,7.3430,-1,-1,-1
3574,9,2128.00,1018.00,62.00,81.00,7.2656,-1,-1,-1
3575,13,2237.00,1307.00,56.00,82.00,7.3559,-1,-1,-1
3575,9,2128.00,1017.00,62.00,81.00,7.2684,-1,-1,-1
3576,13,2236.00,1305.00,57.00,82.00,7.3756,-1,-1,-1
3576,9,2126.00,1016.00,63.00,80.00,7.2602,-1,-1,-1
3577,13,2236.00,1304.00,57.00,81.00,7.3732,-1,-1,-1
3577,9,2125.00,1015.00,65.00,82.00,7.2540,-1,-1,-1
3578,13,2235.00,1303.00,57.00,82.00,7.3575,-1,-1,-1
3578,9,2124.00,1014.00,67.00,83.00,7.2331,-1,-1,-1
3579,13,2234.00,1302.00,58.00,82.00,7.3357,-1,-1,-1
3579,9,2122.00,1013.00,67.00,82.00,7.2458,-1,-1,-1
3580,13,2232.00,1302.00,62.00,79.00,7.3577,-1,-1,-1
3580,9,2121.00,1012.00,68.00,82.00,7.2719,-1,-1,-1
3581,13,2233.00,1300.00,61.00,81.00,7.3917,-1,-1,-1
3581,9,2122.00,1011.00,65.00,82.00,7.2989,-1,-1,-1
3582,13,2233.00,1300.00,61.00,80.00,7.4242,-1,-1,-1
3582,9,2122.00,1009.00,64.00,83.00,7.3126,-1,-1,-1
3583,13,2233.00,1300.00,60.00,81.00,7.4575,-1,-1,-1
3583,9,2122.00,1008.00,64.00,83.00,7.3203,-1,-1,-1
3584,13,2233.00,1300.00,60.00,82.00,7.4786,-1,-1,-1
3584,9,2119.00,1007.00,68.00,85.00,7.3398,-1,-1,-1
3585,13,2232.00,1299.00,62.00,83.00,7.5058,-1,-1,-1
3585,9,2118.00,1006.00,71.00,88.00,7.3639,-1,-1,-1
3586,13,2232.00,1299.00,62.00,82.00,7.5365,-1,-1,-1
3586,9,2117.00,1006.00,70.00,87.00,7.3817,-1,-1,-1
3587,13,2233.00,1299.00,61.00,83.00,7.5449,-1,-1,-1
3587,9,2117.00,1006.00,67.00,84.00,7.3795,-1,-1,-1
3588,13,2232.00,1299.00,62.00,84.00,7.5468,-1,-1,-1
3588,9,2116.00,1005.00,66.00,83.00,7.3776,-1,-1,-1
3589,13,2231.00,1299.00,63.00,83.00,7.5624,-1,-1,-1
3589,9,2115.00,1003.00,66.00,84.00,7.3812,-1,-1,-1
3590,13,2231.00,1299.00,63.00,82.00,7.5756,-1,-1,-1
3590,9,2114.00,1002.00,67.00,84.00,7.3886,-1,-1,-1
3591,13,2230.00,1298.00,64.00,82.00,7.5865,-1,-1,-1
3591,9,2115.00,1002.00,65.00,82.00,7.3918,-1,-1,-1
3592,13,2230.00,1297.00,63.00,83.00,7.6032,-1,-1,-1
3592,9,2115.00,1000.00,65.00,83.00,7.3875,-1,-1,-1
3593,13,2230.00,1297.00,62.00,81.00,7.6158,-1,-1,-1
3593,9,2116.00,1000.00,63.00,81.00,7.3858,-1,-1,-1
3594,13,2230.00,1296.00,61.00,82.00,7.6253,-1,-1,-1
3594,9,2116.00,999.00,63.00,81.00,7.3843,-1,-1,-1
3595,13,2230.00,1295.00,60.00,82.00,7.6268,-1,-1,-1
3595,9,2116.00,999.00,63.00,80.00,7.3843,-1,-1,-1
3596,13,2229.00,1293.00,60.00,82.00,7.5967,-1,-1,-1
3596,9,2115.00,999.00,64.00,81.00,7.3841,-1,-1,-1
3597,13,2230.00,1289.00,56.00,85.00,7.5503,-1,-1,-1
3597,9,2114.00,998.00,65.00,82.00,7.4012,-1,-1,-1
3598,13,2229.00,1289.00,56.00,84.00,7.5129,-1,-1,-1
3598,9,2114.00,998.00,64.00,81.00,7.4194,-1,-1,-1
3599,13,2229.00,1289.00,55.00,82.00,7.4791,-1,-1,-1
3599,9,2114.00,998.00,64.00,81.00,7.4408,-1,-1,-1
3600,9,2114.00,998.00,64.00,81.00,7.4554,-1,-1,-1
3600,13,2229.00,1288.00,55.00,82.00,7.4291,-1,-1,-1
3601,9,2113.00,998.00,66.00,80.00,7.4748,-1,-1,-1
3601,13,2228.00,1288.00,55.00,81.00,7.3742,-1,-1,-1
3602,9,2112.00,997.00,67.00,80.00,7.5000,-1,-1,-1
3602,13,2228.00,1287.00,55.00,80.00,7.3426,-1,-1,-1
3603,9,2111.00,997.00,68.00,80.00,7.5147,-1,-1,-1
3603,13,2228.00,1287.00,54.00,78.00,7.3403,-1,-1,-1
3604,9,2111.00,996.00,67.00,82.00,7.5292,-1,-1,-1
3604,13,2228.00,1286.00,54.00,77.00,7.3398,-1,-1,-1
3605,9,2110.00,996.00,68.00,81.00,7.5405,-1,-1,-1
3605,13,2227.00,1285.00,54.00,77.00,7.3558,-1,-1,-1
3606,9,2109.00,996.00,68.00,81.00,7.5244,-1,-1,-1
3606,13,2227.00,1285.00,53.00,76.00,7.3736,-1,-1,-1
3607,9,2108.00,996.00,69.00,81.00,7.4918,-1,-1,-1
3607,13,2227.00,1284.00,53.00,75.00,7.3551,-1,-1,-1
3608,9,2108.00,997.00,69.00,79.00,7.4663,-1,-1,-1
3608,13,2226.00,1282.00,54.00,75.00,7.2555,-1,-1,-1
3609,9,2107.00,996.00,69.00,80.00,7.4367,-1,-1,-1
3609,13,2225.00,1281.00,54.00,73.00,7.2167,-1,-1,-1
3610,9,2106.00,996.00,70.00,79.00,7.4010,-1,-1,-1
3610,13,2224.00,1279.00,56.00,73.00,7.2370,-1,-1,-1
3611,9,2106.00,995.00,69.00,79.00,7.3223,-1,-1,-1
3611,13,2222.00,1278.00,58.00,74.00,7.2739,-1,-1,-1
3612,13,2223.00,1277.00,56.00,73.00,7.2990,-1,-1,-1
3612,9,2105.00,993.00,69.00,82.00,7.2271,-1,-1,-1
3613,13,2224.00,1277.00,54.00,73.00,7.3130,-1,-1,-1
3613,9,2104.00,991.00,70.00,84.00,7.1466,-1,-1,-1
3614,13,2223.00,1277.00,55.00,72.00,7.3331,-1,-1,-1
3614,9,2105.00,990.00,69.00,85.00,7.0950,-1,-1,-1
3615,13,2223.00,1278.00,55.00,72.00,7.3516,-1,-1,-1
3615,9,2104.00,990.00,71.00,85.00,7.0686,-1,-1,-1
3616,13,2222.00,1278.00,56.00,72.00,7.3658,-1,-1,-1
3616,9,2104.00,989.00,71.00,85.00,7.0625,-1,-1,-1
3617,13,2223.00,1278.00,55.00,72.00,7.3659,-1,-1,-1
3617,9,2103.00,988.00,73.00,86.00,7.0644,-1,-1,-1
3618,13,2223.00,1277.00,55.00,73.00,7.3572,-1,-1,-1
3618,9,2102.00,987.00,74.00,87.00,7.0685,-1,-1,-1
3619,13,2223.00,1276.00,54.00,74.00,7.3564,-1,-1,-1
3619,9,2102.00,986.00,73.00,87.00,7.1048,-1,-1,-1
3620,13,2223.00,1276.00,54.00,73.00,7.3602,-1,-1,-1
3620,9,2102.00,985.00,73.00,87.00,7.1403,-1,-1,-1
3621,13,2222.00,1276.00,55.00,73.00,7.3618,-1,-1,-1
3621,9,2102.00,984.00,73.00,86.00,7.1813,-1,-1,-1
3622,13,2222.00,1274.00,54.00,74.00,7.3223,-1,-1,-1
3622,9,2101.00,983.00,73.00,87.00,7.2211,-1,-1,-1
3623,9,2101.00,983.00,72.00,86.00,7.2382,-1,-1,-1
3623,13,2219.00,1269.00,56.00,79.00,7.2329,-1,-1,-1
3624,9,2099.00,980.00,73.00,89.00,7.2637,-1,-1,-1
3624,13,2219.00,1267.00,55.00,80.00,7.1750,-1,-1,-1
3625,9,2099.00,979.00,73.00,90.00,7.3060,-1,-1,-1
3625,13,2218.00,1266.00,56.00,79.00,7.1320,-1,-1,-1
3626,9,2099.00,979.00,73.00,89.00,7.3585,-1,-1,-1
3626,13,2217.00,1264.00,56.00,81.00,7.1122,-1,-1,-1
3627,9,2098.00,977.00,73.00,90.00,7.4082,-1,-1,-1
3627,13,2218.00,1263.00,55.00,80.00,7.1253,-1,-1,-1
3628,9,2098.00,977.00,72.00,89.00,7.4586,-1,-1,-1
3628,13,2218.00,1263.00,54.00,79.00,7.1529,-1,-1,-1
3629,9,2097.00,977.00,72.00,88.00,7.4932,-1,-1,-1
3629,13,2218.00,1261.00,54.00,80.00,7.1994,-1,-1,-1
3630,9,2096.00,976.00,72.00,88.00,7.5130,-1,-1,-1
3630,13,2217.00,1261.00,54.00,79.00,7.2465,-1,-1,-1
3631,9,2096.00,976.00,72.00,87.00,7.5244,-1,-1,-1
3631,13,2218.00,1260.00,54.00,80.00,7.2981,-1,-1,-1
3632,9,2096.00,975.00,72.00,87.00,7.5318,-1,-1,-1
3632,13,2218.00,1260.00,55.00,80.00,7.3493,-1,-1,-1
3633,9,2095.00,975.00,73.00,86.00,7.5313,-1,-1,-1
3633,13,2218.00,1259.00,54.00,79.00,7.3926,-1,-1,-1
3634,9,2095.00,974.00,73.00,87.00,7.5224,-1,-1,-1
3634,13,2218.00,1257.00,54.00,81.00,7.4236,-1,-1,-1
3635,9,2093.00,974.00,73.00,84.00,7.5337,-1,-1,-1
3635,13,2217.00,1255.00,54.00,80.00,7.4450,-1,-1,-1
3636,9,2094.00,973.00,70.00,82.00,7.5483,-1,-1,-1
3636,13,2217.00,1254.00,54.00,80.00,7.4622,-1,-1,-1
3637,9,2093.00,973.00,70.00,81.00,7.5638,-1,-1,-1
3637,13,2216.00,1253.00,54.00,80.00,7.4652,-1,-1,-1
3638,9,2092.00,971.00,72.00,84.00,7.5852,-1,-1,-1
3638,13,2217.00,1252.00,54.00,77.00,7.4564,-1,-1,-1
3639,9,2091.00,970.00,74.00,86.00,7.6004,-1,-1,-1
3639,13,2217.00,1251.00,54.00,76.00,7.4774,-1,-1,-1
3640,9,2091.00,970.00,73.00,85.00,7.6164,-1,-1,-1
3640,13,2217.00,1250.00,54.00,76.00,7.5164,-1,-1,-1
3641,9,2091.00,969.00,73.00,85.00,7.6401,-1,-1,-1
3641,13,2217.00,1250.00,53.00,76.00,7.5605,-1,-1,-1
3642,9,2091.00,968.00,72.00,85.00,7.6605,-1,-1,-1
3642,13,2216.00,1249.00,54.00,78.00,7.6083,-1,-1,-1
3643,9,2090.00,968.00,72.00,84.00,7.6738,-1,-1,-1
3643,13,2216.00,1247.00,54.00,79.00,7.6468,-1,-1,-1
3644,9,2089.00,967.00,72.00,85.00,7.6962,-1,-1,-1
3644,13,2216.00,1247.00,53.00,78.00,7.6573,-1,-1,-1
3645,9,2088.00,966.00,71.00,84.00,7.7204,-1,-1,-1
3645,13,2215.00,1246.00,54.00,79.00,7.6561,-1,-1,-1
3646,9,2088.00,964.00,69.00,83.00,7.7465,-1,-1,-1
3646,13,2213.00,1244.00,55.00,80.00,7.6172,-1,-1,-1
3647,9,2087.00,962.00,69.00,83.00,7.7636,-1,-1,-1
3647,13,2213.00,1243.00,55.00,79.00,7.5776,-1,-1,-1
3648,9,2086.00,960.00,70.00,84.00,7.7704,-1,-1,-1
3648,13,2212.00,1242.00,56.00,78.00,7.5609,-1,-1,-1
3649,9,2085.00,958.00,71.00,86.00,7.7468,-1,-1,-1
3649,13,2213.00,1242.00,56.00,77.00,7.5543,-1,-1,-1
3650,9,2084.00,956.00,70.00,85.00,7.7227,-1,-1,-1
3650,13,2213.00,1239.00,56.00,78.00,7.5705,-1,-1,-1
3651,9,2082.00,954.00,72.00,86.00,7.6902,-1,-1,-1
3651,13,2212.00,1237.00,57.00,79.00,7.5810,-1,-1,-1
3652,9,2083.00,952.00,70.00,85.00,7.6841,-1,-1,-1
3652,13,2213.00,1237.00,56.00,78.00,7.5792,-1,-1,-1
3653,9,2083.00,950.00,70.00,85.00,7.6902,-1,-1,-1
3653,13,2212.00,1235.00,56.00,80.00,7.5763,-1,-1,-1
3654,9,2081.00,947.00,73.00,88.00,7.6731,-1,-1,-1
3654,13,2212.00,1234.00,56.00,79.00,7.5815,-1,-1,-1
3655,9,2080.00,945.00,75.00,89.00,7.6680,-1,-1,-1
3655,13,2212.00,1231.00,55.00,80.00,7.5695,-1,-1,-1
3656,9,2080.00,943.00,75.00,89.00,7.6392,-1,-1,-1
3656,13,2212.00,1229.00,56.00,79.00,7.5721,-1,-1,-1
3657,13,2212.00,1226.00,55.00,77.00,7.6124,-1,-1,-1
3657,9,2081.00,940.00,72.00,90.00,7.5903,-1,-1,-1
3658,13,2212.00,1224.00,55.00,77.00,7.6477,-1,-1,-1
3658,9,2082.00,938.00,71.00,89.00,7.5510,-1,-1,-1
3659,13,2211.00,1221.00,55.00,80.00,7.6434,-1,-1,-1
3659,9,2082.00,937.00,72.00,87.00,7.5202,-1,-1,-1
3660,13,2211.00,1219.00,55.00,80.00,7.6545,-1,-1,-1
3660,9,2081.00,935.00,73.00,88.00,7.5049,-1,-1,-1
3661,13,2211.00,1218.00,55.00,79.00,7.6583,-1,-1,-1
3661,9,2081.00,933.00,74.00,87.00,7.5070,-1,-1,-1
3662,13,2211.00,1216.00,56.00,79.00,7.6311,-1,-1,-1
3662,9,2080.00,931.00,75.00,87.00,7.5021,-1,-1,-1
3663,13,2210.00,1216.00,57.00,75.00,7.6157,-1,-1,-1
3663,9,2080.00,928.00,73.00,88.00,7.5030,-1,-1,-1
3664,13,2210.00,1214.00,58.00,75.00,7.6092,-1,-1,-1
3664,9,2079.00,926.00,74.00,88.00,7.5196,-1,-1,-1
3665,13,2209.00,1210.00,57.00,78.00,7.5498,-1,-1,-1
3665,9,2078.00,925.00,76.00,88.00,7.5357,-1,-1,-1
3666,9,2077.00,922.00,77.00,89.00,7.5469,-1,-1,-1
3666,13,2208.00,1208.00,58.00,77.00,7.4837,-1,-1,-1
3667,9,2077.00,921.00,76.00,88.00,7.5252,-1,-1,-1
3667,13,2208.00,1206.00,56.00,75.00,7.4576,-1,-1,-1
3668,13,2208.00,1204.00,56.00,75.00,7.4630,-1,-1,-1
3668,9,2076.00,920.00,75.00,87.00,7.4562,-1,-1,-1
3669,13,2208.00,1202.00,55.00,75.00,7.4709,-1,-1,-1
3669,9,2076.00,918.00,76.00,88.00,7.3705,-1,-1,-1
3670,13,2207.00,1198.00,55.00,79.00,7.4822,-1,-1,-1
3670,9,2076.00,916.00,76.00,89.00,7.1987,-1,-1,-1
3671,13,2208.00,1197.00,54.00,77.00,7.4794,-1,-1,-1
3671,9,2074.00,913.00,77.00,89.00,7.0992,-1,-1,-1
3672,13,2208.00,1196.00,52.00,75.00,7.4761,-1,-1,-1
3672,9,2073.00,910.00,79.00,91.00,7.0828,-1,-1,-1
3673,13,2208.00,1195.00,53.00,73.00,7.4622,-1,-1,-1
3673,9,2072.00,908.00,80.00,92.00,7.1377,-1,-1,-1
3674,13,2208.00,1193.00,53.00,74.00,7.4170,-1,-1,-1
3674,9,2072.00,906.00,81.00,92.00,7.2022,-1,-1,-1
3675,13,2208.00,1192.00,56.00,74.00,7.3788,-1,-1,-1
3675,9,2072.00,904.00,82.00,91.00,7.2756,-1,-1,-1
3676,13,2208.00,1191.00,56.00,73.00,7.3459,-1,-1,-1
3676,9,2073.00,903.00,79.00,90.00,7.3271,-1,-1,-1
3677,9,2074.00,903.00,76.00,87.00,7.3504,-1,-1,-1
3677,13,2207.00,1188.00,58.00,75.00,7.3007,-1,-1,-1
3678,9,2072.00,901.00,77.00,89.00,7.3694,-1,-1,-1
3678,13,2207.00,1184.00,56.00,77.00,7.2991,-1,-1,-1
3679,9,2071.00,899.00,78.00,90.00,7.3945,-1,-1,-1
3679,13,2207.00,1182.00,55.00,76.00,7.3082,-1,-1,-1
3680,9,2070.00,898.00,77.00,89.00,7.3960,-1,-1,-1
3680,13,2205.00,1179.00,56.00,77.00,7.3261,-1,-1,-1
3681,9,2069.00,895.00,78.00,91.00,7.3925,-1,-1,-1
3681,13,2205.00,1176.00,56.00,78.00,7.3362,-1,-1,-1
3682,13,2204.00,1173.00,58.00,80.00,7.3706,-1,-1,-1
3682,9,2069.00,894.00,81.00,89.00,7.3601,-1,-1,-1
3683,13,2205.00,1171.00,56.00,80.00,7.4067,-1,-1,-1
3683,9,2069.00,891.00,79.00,89.00,7.3078,-1,-1,-1
3684,13,2205.00,1170.00,56.00,79.00,7.4425,-1,-1,-1
3684,9,2069.00,888.00,79.00,90.00,7.2721,-1,-1,-1
3685,13,2206.00,1169.00,55.00,78.00,7.4798,-1,-1,-1
3685,9,2070.00,888.00,76.00,86.00,7.2760,-1,-1,-1
3686,13,2206.00,1168.00,56.00,77.00,7.4914,-1,-1,-1
3686,9,2068.00,885.00,81.00,89.00,7.2963,-1,-1,-1
3687,13,2205.00,1167.00,57.00,76.00,7.4818,-1,-1,-1
3687,9,2069.00,884.00,80.00,87.00,7.3137,-1,-1,-1
3688,13,2205.00,1166.00,57.00,76.00,7.4278,-1,-1,-1
3688,9,2068.00,882.00,79.00,86.00,7.3292,-1,-1,-1
3689,9,2067.00,880.00,78.00,86.00,7.3341,-1,-1,-1
3689,13,2205.00,1164.00,56.00,76.00,7.3093,-1,-1,-1
3690,9,2068.00,878.00,80.00,87.00,7.3477,-1,-1,-1
3690,13,2203.00,1162.00,59.00,78.00,7.1716,-1,-1,-1
3691,9,2068.00,877.00,80.00,87.00,7.3665,-1,-1,-1
3691,13,2204.00,1158.00,56.00,78.00,7.1382,-1,-1,-1
3692,9,2067.00,875.00,82.00,88.00,7.3860,-1,-1,-1
3692,13,2204.00,1157.00,56.00,76.00,7.1348,-1,-1,-1
3693,9,2067.00,874.00,82.00,87.00,7.4035,-1,-1,-1
3693,13,2205.00,1154.00,53.00,77.00,7.1502,-1,-1,-1
3694,9,2065.00,872.00,84.00,88.00,7.4074,-1,-1,-1
3694,13,2205.00,1151.00,53.00,79.00,7.1641,-1,-1,-1
3695,9,2065.00,871.00,84.00,87.00,7.4168,-1,-1,-1
3695,13,2204.00,1149.00,53.00,79.00,7.1774,-1,-1,-1
3696,9,2065.00,869.00,81.00,87.00,7.4339,-1,-1,-1
3696,13,2203.00,1148.00,54.00,78.00,7.1941,-1,-1,-1
3697,9,2064.00,867.00,82.00,87.00,7.4503,-1,-1,-1
3697,13,2203.00,1147.00,54.00,75.00,7.2100,-1,-1,-1
3698,9,2064.00,865.00,81.00,86.00,7.4594,-1,-1,-1
3698,13,2201.00,1144.00,57.00,77.00,7.2599,-1,-1,-1
3699,9,2064.00,864.00,80.00,85.00,7.4293,-1,-1,-1
3699,13,2200.00,1142.00,58.00,77.00,7.3287,-1,-1,-1
3700,13,2200.00,1141.00,58.00,78.00,7.4131,-1,-1,-1
3700,9,2063.00,862.00,82.00,85.00,7.3600,-1,-1,-1
3701,13,2199.00,1139.00,59.00,79.00,7.4997,-1,-1,-1
3701,9,2062.00,860.00,81.00,85.00,7.3124,-1,-1,-1
3702,13,2198.00,1137.00,58.00,79.00,7.5636,-1,-1,-1
3702,9,2061.00,858.00,82.00,85.00,7.2627,-1,-1,-1
3703,13,2197.00,1134.00,59.00,80.00,7.5693,-1,-1,-1
3703,9,2059.00,856.00,81.00,83.00,7.2078,-1,-1,-1
3704,13,2198.00,1133.00,57.00,78.00,7.6147,-1,-1,-1
3704,9,2059.00,855.00,79.00,82.00,7.1800,-1,-1,-1
3705,13,2198.00,1131.00,57.00,77.00,7.6509,-1,-1,-1
3705,9,2059.00,853.00,77.00,82.00,7.1611,-1,-1,-1
3706,13,2197.00,1130.00,59.00,78.00,7.6918,-1,-1,-1
3706,9,2058.00,852.00,76.00,79.00,7.1730,-1,-1,-1
3707,13,2197.00,1129.00,59.00,76.00,7.7184,-1,-1,-1
3707,9,2057.00,850.00,77.00,82.00,7.1760,-1,-1,-1
3708,13,2196.00,1128.00,59.00,76.00,7.7195,-1,-1,-1
3708,9,2057.00,850.00,76.00,79.00,7.1721,-1,-1,-1
3709,13,2196.00,1126.00,59.00,78.00,7.7095,-1,-1,-1
3709,9,2056.00,848.00,77.00,82.00,7.1571,-1,-1,-1
3710,13,2196.00,1126.00,59.00,78.00,7.6814,-1,-1,-1
3710,9,2056.00,847.00,73.00,79.00,7.0982,-1,-1,-1
3711,13,2195.00,1124.00,59.00,79.00,7.6091,-1,-1,-1
3711,9,2054.00,844.00,75.00,83.00,7.0479,-1,-1,-1
3712,13,2195.00,1121.00,58.00,81.00,7.5774,-1,-1,-1
3712,9,2053.00,843.00,78.00,83.00,7.0258,-1,-1,-1
3713,13,2194.00,1119.00,58.00,82.00,7.5683,-1,-1,-1
3713,9,2053.00,841.00,79.00,84.00,7.0158,-1,-1,-1
3714,13,2193.00,1117.00,59.00,82.00,7.5467,-1,-1,-1
3714,9,2052.00,840.00,79.00,85.00,7.0320,-1,-1,-1
3715,13,2194.00,1114.00,57.00,82.00,7.5218,-1,-1,-1
3715,9,2051.00,839.00,82.00,85.00,7.0419,-1,-1,-1
3716,13,2194.00,1112.00,57.00,82.00,7.4994,-1,-1,-1
3716,9,2051.00,837.00,81.00,87.00,7.0519,-1,-1,-1
3717,13,2195.00,1111.00,55.00,80.00,7.4546,-1,-1,-1
3717,9,2051.00,836.00,81.00,86.00,7.0333,-1,-1,-1
3718,13,2194.00,1109.00,56.00,81.00,7.3927,-1,-1,-1
3718,9,2051.00,835.00,81.00,86.00,7.0293,-1,-1,-1
3719,13,2194.00,1107.00,56.00,82.00,7.3390,-1,-1,-1
3719,9,2052.00,835.00,78.00,81.00,7.0324,-1,-1,-1
3720,13,2195.00,1107.00,56.00,81.00,7.2679,-1,-1,-1
3720,9,2051.00,834.00,76.00,80.00,7.0369,-1,-1,-1
3721,13,2196.00,1107.00,55.00,80.00,7.2313,-1,-1,-1
3721,9,2050.00,832.00,77.00,81.00,7.0211,-1,-1,-1
3722,13,2196.00,1108.00,55.00,77.00,7.1952,-1,-1,-1
3722,9,2050.00,831.00,75.00,80.00,7.0068,-1,-1,-1
3723,13,2196.00,1108.00,55.00,75.00,7.1903,-1,-1,-1
3723,9,2049.00,829.00,76.00,79.00,6.9827,-1,-1,-1
3724,13,2196.00,1107.00,55.00,76.00,7.2131,-1,-1,-1
3724,9,2048.00,828.00,76.00,80.00,6.9389,-1,-1,-1
3725,13,2195.00,1106.00,56.00,76.00,7.2072,-1,-1,-1
3725,9,2048.00,826.00,75.00,81.00,6.9029,-1,-1,-1
3726,13,2193.00,1102.00,58.00,80.00,7.1743,-1,-1,-1
3726,9,2047.00,825.00,73.00,79.00,6.9349,-1,-1,-1
3727,13,2192.00,1101.00,58.00,80.00,7.1533,-1,-1,-1
3727,9,2047.00,825.00,74.00,77.00,6.9488,-1,-1,-1
3728,13,2192.00,1099.00,57.00,80.00,7.1515,-1,-1,-1
3728,9,2046.00,823.00,76.00,80.00,6.9513,-1,-1,-1
3729,13,2192.00,1098.00,57.00,80.00,7.1431,-1,-1,-1
3729,9,2044.00,822.00,81.00,80.00,6.9284,-1,-1,-1
3730,13,2192.00,1096.00,57.00,80.00,7.1435,-1,-1,-1
3730,9,2043.00,820.00,84.00,80.00,6.8685,-1,-1,-1
3731,13,2192.00,1094.00,57.00,80.00,7.1635,-1,-1,-1
3731,9,2043.00,820.00,80.00,79.00,6.8683,-1,-1,-1
3732,13,2192.00,1092.00,57.00,82.00,7.1877,-1,-1,-1
3732,9,2043.00,818.00,79.00,81.00,6.9152,-1,-1,-1
3733,13,2193.00,1091.00,57.00,81.00,7.2218,-1,-1,-1
3733,9,2041.00,816.00,81.00,82.00,6.9550,-1,-1,-1
3734,13,2191.00,1089.00,58.00,82.00,7.2644,-1,-1,-1
3734,9,2040.00,815.00,82.00,82.00,6.9987,-1,-1,-1
3735,13,2190.00,1087.00,58.00,81.00,7.2887,-1,-1,-1
3735,9,2040.00,814.00,78.00,80.00,7.0191,-1,-1,-1
3736,13,2190.00,1084.00,57.00,82.00,7.3000,-1,-1,-1
3736,9,2039.00,814.00,75.00,77.00,7.0222,-1,-1,-1
3737,13,2189.00,1084.00,58.00,81.00,7.3134,-1,-1,-1
3737,9,2038.00,813.00,75.00,78.00,7.0510,-1,-1,-1
3738,13,2189.00,1083.00,57.00,80.00,7.3011,-1,-1,-1
3738,9,2037.00,812.00,75.00,78.00,7.0874,-1,-1,-1
3739,13,2189.00,1083.00,58.00,80.00,7.2651,-1,-1,-1
3739,9,2036.00,811.00,74.00,78.00,7.1295,-1,-1,-1
3740,13,2189.00,1082.00,58.00,79.00,7.2313,-1,-1,-1
3740,9,2035.00,810.00,73.00,77.00,7.1850,-1,-1,-1
3741,9,2035.00,809.00,73.00,77.00,7.2246,-1,-1,-1
3741,13,2190.00,1081.00,56.00,78.00,7.2167,-1,-1,-1
3742,9,2033.00,807.00,76.00,78.00,7.2648,-1,-1,-1
3742,13,2188.00,1078.00,57.00,80.00,7.2220,-1,-1,-1
3743,9,2032.00,805.00,77.00,79.00,7.2972,-1,-1,-1
3743,13,2188.00,1078.00,57.00,79.00,7.2271,-1,-1,-1
3744,9,2031.00,804.00,79.00,80.00,7.3343,-1,-1,-1
3744,13,2187.00,1078.00,58.00,78.00,7.2099,-1,-1,-1
3745,9,2030.00,803.00,79.00,80.00,7.3603,-1,-1,-1
3745,13,2186.00,1075.00,60.00,82.00,7.1829,-1,-1,-1
3746,9,2029.00,802.00,80.00,80.00,7.3558,-1,-1,-1
3746,13,2185.00,1073.00,61.00,82.00,7.1988,-1,-1,-1
3747,9,2028.00,801.00,82.00,81.00,7.3378,-1,-1,-1
3747,13,2184.00,1073.00,62.00,81.00,7.2272,-1,-1,-1
3748,9,2027.00,801.00,83.00,80.00,7.2689,-1,-1,-1
3748,13,2183.00,1072.00,62.00,80.00,7.2635,-1,-1,-1
3749,13,2183.00,1072.00,61.00,79.00,7.3015,-1,-1,-1
3749,9,2027.00,800.00,81.00,78.00,7.1933,-1,-1,-1
3750,13,2182.00,1072.00,61.00,77.00,7.3304,-1,-1,-1
3750,9,2025.00,799.00,82.00,80.00,7.1387,-1,-1,-1
3751,13,2182.00,1071.00,61.00,78.00,7.3624,-1,-1,-1
3751,9,2024.00,798.00,83.00,81.00,7.0987,-1,-1,-1
3752,13,2182.00,1072.00,61.00,77.00,7.3950,-1,-1,-1
3752,9,2024.00,798.00,83.00,81.00,7.0679,-1,-1,-1
3753,13,2183.00,1072.00,59.00,77.00,7.4305,-1,-1,-1
3753,9,2023.00,797.00,84.00,82.00,7.0528,-1,-1,-1
3754,13,2183.00,1073.00,60.00,77.00,7.4654,-1,-1,-1
3754,9,2023.00,797.00,84.00,81.00,7.0568,-1,-1,-1
3755,13,2185.00,1073.00,58.00,79.00,7.4679,-1,-1,-1
3755,9,2021.00,796.00,87.00,82.00,7.0625,-1,-1,-1
3756,13,2186.00,1072.00,57.00,81.00,7.4624,-1,-1,-1
3756,9,2021.00,796.00,84.00,81.00,7.0502,-1,-1,-1
3757,13,2185.00,1072.00,58.00,82.00,7.4690,-1,-1,-1
3757,9,2022.00,796.00,80.00,81.00,7.0634,-1,-1,-1
3758,13,2185.00,1072.00,58.00,83.00,7.4824,-1,-1,-1
3758,9,2021.00,796.00,80.00,81.00,7.0617,-1,-1,-1
3759,13,2184.00,1071.00,58.00,84.00,7.4836,-1,-1,-1
3759,9,2021.00,796.00,81.00,81.00,7.0255,-1,-1,-1
3760,13,2184.00,1070.00,58.00,85.00,7.4675,-1,-1,-1
3760,9,2020.00,797.00,82.00,80.00,7.0181,-1,-1,-1
3761,13,2183.00,1071.00,58.00,81.00,7.4304,-1,-1,-1
3761,9,2020.00,797.00,80.00,79.00,7.0430,-1,-1,-1
3762,13,2183.00,1071.00,57.00,80.00,7.4091,-1,-1,-1
3762,9,2019.00,798.00,80.00,77.00,7.0729,-1,-1,-1
3763,13,2183.00,1071.00,57.00,78.00,7.3858,-1,-1,-1
3763,9,2018.00,798.00,82.00,78.00,7.1016,-1,-1,-1
3764,13,2183.00,1071.00,57.00,79.00,7.3682,-1,-1,-1
3764,9,2018.00,797.00,81.00,79.00,7.1559,-1,-1,-1
3765,13,2183.00,1071.00,57.00,78.00,7.3348,-1,-1,-1
3765,9,2018.00,797.00,80.00,78.00,7.2085,-1,-1,-1
3766,13,2183.00,1070.00,58.00,79.00,7.3217,-1,-1,-1
3766,9,2017.00,796.00,80.00,80.00,7.2798,-1,-1,-1
3767,9,2017.00,796.00,78.00,79.00,7.3487,-1,-1,-1
3767,13,2183.00,1070.00,58.00,79.00,7.3182,-1,-1,-1
3768,9,2016.00,796.00,78.00,79.00,7.4090,-1,-1,-1
3768,13,2182.00,1069.00,60.00,80.00,7.3120,-1,-1,-1
3769,9,2016.00,796.00,78.00,79.00,7.4661,-1,-1,-1
3769,13,2182.00,1070.00,60.00,80.00,7.3122,-1,-1,-1
3770,9,2015.00,796.00,78.00,81.00,7.5278,-1,-1,-1
3770,13,2182.00,1070.00,59.00,79.00,7.3003,-1,-1,-1
3771,9,2014.00,795.00,80.00,82.00,7.5847,-1,-1,-1
3771,13,2182.00,1070.00,58.00,78.00,7.2817,-1,-1,-1
3772,9,2013.00,795.00,80.00,80.00,7.6293,-1,-1,-1
3772,13,2181.00,1070.00,59.00,78.00,7.2764,-1,-1,-1
3773,9,2012.00,795.00,80.00,80.00,7.6685,-1,-1,-1
3773,13,2181.00,1071.00,59.00,75.00,7.2675,-1,-1,-1
3774,9,2011.00,795.00,80.00,80.00,7.7010,-1,-1,-1
3774,13,2181.00,1071.00,59.00,75.00,7.2591,-1,-1,-1
3775,9,2010.00,795.00,82.00,80.00,7.7264,-1,-1,-1
3775,13,2181.00,1071.00,59.00,76.00,7.2488,-1,-1,-1
3776,9,2009.00,796.00,84.00,80.00,7.7598,-1,-1,-1
3776,13,2181.00,1071.00,59.00,77.00,7.2317,-1,-1,-1
3777,9,2008.00,796.00,85.00,81.00,7.7929,-1,-1,-1
3777,13,2180.00,1071.00,59.00,76.00,7.1936,-1,-1,-1
3778,9,2007.00,796.00,85.00,81.00,7.7980,-1,-1,-1
3778,13,2180.00,1071.00,59.00,76.00,7.1597,-1,-1,-1
3779,9,2007.00,797.00,83.00,80.00,7.7916,-1,-1,-1
3779,13,2180.00,1070.00,58.00,78.00,7.1753,-1,-1,-1
3780,9,2006.00,797.00,84.00,80.00,7.7814,-1,-1,-1
3780,13,2179.00,1069.00,58.00,79.00,7.2142,-1,-1,-1
3781,9,2005.00,797.00,84.00,81.00,7.7448,-1,-1,-1
3781,13,2178.00,1069.00,58.00,77.00,7.2868,-1,-1,-1
3782,9,2004.00,796.00,85.00,83.00,7.7108,-1,-1,-1
3782,13,2179.00,1070.00,57.00,77.00,7.3232,-1,-1,-1
3783,9,2003.00,796.00,87.00,83.00,7.6849,-1,-1,-1
3783,13,2179.00,1070.00,58.00,80.00,7.3110,-1,-1,-1
3784,9,2002.00,795.00,87.00,85.00,7.6467,-1,-1,-1
3784,13,2179.00,1071.00,58.00,79.00,7.2723,-1,-1,-1
3785,9,2002.00,796.00,84.00,83.00,7.5823,-1,-1,-1
3785,13,2179.00,1071.00,57.00,80.00,7.2483,-1,-1,-1
3786,9,2001.00,797.00,86.00,84.00,7.5352,-1,-1,-1
3786,13,2178.00,1072.00,59.00,80.00,7.2196,-1,-1,-1
3787,9,2000.00,795.00,86.00,88.00,7.4763,-1,-1,-1
3787,13,2177.00,1073.00,60.00,80.00,7.2388,-1,-1,-1
3788,9,1999.00,795.00,86.00,88.00,7.4121,-1,-1,-1
3788,13,2177.00,1073.00,60.00,80.00,7.2324,-1,-1,-1
3789,9,1999.00,795.00,86.00,90.00,7.3098,-1,-1,-1
3789,13,2177.00,1074.00,60.00,79.00,7.2483,-1,-1,-1
3790,13,2177.00,1075.00,60.00,77.00,7.2674,-1,-1,-1
3790,9,1999.00,797.00,86.00,88.00,7.2424,-1,-1,-1
3791,13,2176.00,1075.00,62.00,80.00,7.2774,-1,-1,-1
3791,9,2000.00,799.00,84.00,87.00,7.2132,-1,-1,-1
3792,13,2175.00,1074.00,61.00,79.00,7.3018,-1,-1,-1
3792,9,1998.00,800.00,83.00,86.00,7.2001,-1,-1,-1
3793,13,2175.00,1074.00,61.00,80.00,7.3027,-1,-1,-1
3793,9,1998.00,801.00,84.00,86.00,7.2141,-1,-1,-1
3794,13,2173.00,1075.00,65.00,81.00,7.3466,-1,-1,-1
3794,9,1997.00,802.00,85.00,85.00,7.2352,-1,-1,-1
3795,13,2172.00,1076.00,64.00,80.00,7.3883,-1,-1,-1
3795,9,1997.00,803.00,86.00,85.00,7.2631,-1,-1,-1
3796,13,2173.00,1078.00,62.00,77.00,7.4298,-1,-1,-1
3796,9,1997.00,804.00,85.00,86.00,7.3016,-1,-1,-1
3797,13,2173.00,1080.00,60.00,73.00,7.4553,-1,-1,-1
3797,9,1996.00,805.00,87.00,89.00,7.3563,-1,-1,-1
3798,13,2173.00,1081.00,57.00,73.00,7.4638,-1,-1,-1
3798,9,1995.00,806.00,88.00,89.00,7.4146,-1,-1,-1
3799,13,2173.00,1083.00,58.00,73.00,7.5111,-1,-1,-1
3799,9,1995.00,807.00,88.00,89.00,7.4661,-1,-1,-1
3800,13,2172.00,1083.00,60.00,76.00,7.5611,-1,-1,-1
3800,9,1994.00,808.00,87.00,89.00,7.4911,-1,-1,-1
3801,13,2171.00,1084.00,60.00,76.00,7.6029,-1,-1,-1
3801,9,1992.00,809.00,87.00,86.00,7.5026,-1,-1,-1
3802,13,2171.00,1085.00,60.00,76.00,7.6230,-1,-1,-1
3802,9,1994.00,811.00,83.00,85.00,7.4825,-1,-1,-1
3803,13,2170.00,1086.00,62.00,76.00,7.6242,-1,-1,-1
3803,9,1992.00,811.00,85.00,87.00,7.4645,-1,-1,-1
3804,13,2170.00,1089.00,62.00,75.00,7.5946,-1,-1,-1
3804,9,1991.00,813.00,80.00,83.00,7.4440,-1,-1,-1
3805,13,2172.00,1089.00,59.00,78.00,7.5740,-1,-1,-1
3805,9,1991.00,814.00,82.00,85.00,7.4474,-1,-1,-1
3806,13,2172.00,1092.00,59.00,75.00,7.5822,-1,-1,-1
3806,9,1989.00,814.00,84.00,88.00,7.4880,-1,-1,-1
3807,13,2172.00,1093.00,58.00,75.00,7.6038,-1,-1,-1
3807,9,1988.00,816.00,82.00,85.00,7.5534,-1,-1,-1
3808,13,2167.00,1097.00,67.00,69.00,7.7396,-1,-1,-1
3808,9,1988.00,817.00,85.00,86.00,7.6167,-1,-1,-1
3809,13,2166.00,1099.00,67.00,69.00,7.8542,-1,-1,-1
3809,9,1988.00,819.00,82.00,85.00,7.6560,-1,-1,-1
3810,13,2173.00,1098.00,55.00,75.00,7.7562,-1,-1,-1
3810,9,1987.00,823.00,82.00,84.00,7.6725,-1,-1,-1
3811,13,2166.00,1103.00,67.00,69.00,7.8003,-1,-1,-1
3811,9,1985.00,825.00,85.00,84.00,7.6733,-1,-1,-1
3812,13,2171.00,1102.00,57.00,75.00,7.6990,-1,-1,-1
3812,9,1984.00,827.00,82.00,79.00,7.6574,-1,-1,-1
3813,13,2171.00,1105.00,57.00,75.00,7.6897,-1,-1,-1
3813,9,1982.00,827.00,85.00,80.00,7.6377,-1,-1,-1
3814,13,2167.00,1108.00,67.00,68.00,7.8308,-1,-1,-1
3814,9,1983.00,829.00,84.00,83.00,7.5700,-1,-1,-1
3815,13,2166.00,1110.00,67.00,69.00,7.9546,-1,-1,-1
3815,9,1982.00,830.00,85.00,83.00,7.5058,-1,-1,-1
3816,13,2165.00,1110.00,67.00,69.00,8.0513,-1,-1,-1
3816,9,1981.00,832.00,83.00,81.00,7.4863,-1,-1,-1
3817,13,2165.00,1111.00,67.00,70.00,8.1283,-1,-1,-1
3817,9,1978.00,834.00,84.00,80.00,7.4734,-1,-1,-1
3818,13,2169.00,1111.00,58.00,78.00,8.0529,-1,-1,-1
3818,9,1978.00,836.00,83.00,80.00,7.4791,-1,-1,-1
3819,13,2168.00,1113.00,60.00,79.00,8.0063,-1,-1,-1
3819,9,1976.00,838.00,84.00,81.00,7.4857,-1,-1,-1
3820,13,2164.00,1118.00,69.00,73.00,8.1056,-1,-1,-1
3820,9,1975.00,839.00,84.00,82.00,7.4751,-1,-1,-1
3821,13,2164.00,1126.00,69.00,72.00,8.1370,-1,-1,-1
3821,9,1973.00,840.00,85.00,84.00,7.4191,-1,-1,-1
3822,13,2164.00,1119.00,64.00,84.00,8.0168,-1,-1,-1
3822,9,1973.00,841.00,83.00,84.00,7.3257,-1,-1,-1
3823,13,2161.00,1131.00,72.00,75.00,8.0578,-1,-1,-1
3823,9,1970.00,844.00,88.00,86.00,7.2490,-1,-1,-1
3824,13,2163.00,1135.00,70.00,70.00,8.1029,-1,-1,-1
3824,9,1971.00,847.00,86.00,86.00,7.2367,-1,-1,-1
3825,13,2165.00,1129.00,63.00,78.00,8.0319,-1,-1,-1
3825,9,1971.00,849.00,86.00,86.00,7.2366,-1,-1,-1
3826,13,2162.00,1129.00,64.00,82.00,7.9772,-1,-1,-1
3826,9,1970.00,851.00,87.00,87.00,7.2615,-1,-1,-1
3827,13,2163.00,1132.00,64.00,83.00,7.9523,-1,-1,-1
3827,9,1970.00,854.00,90.00,86.00,7.2885,-1,-1,-1
3828,13,2161.00,1136.00,66.00,83.00,7.9440,-1,-1,-1
3828,9,1969.00,857.00,88.00,88.00,7.2944,-1,-1,-1
3829,13,2161.00,1137.00,66.00,87.00,7.9096,-1,-1,-1
3829,9,1966.00,860.00,88.00,90.00,7.2902,-1,-1,-1
3830,13,2158.00,1143.00,69.00,83.00,7.8583,-1,-1,-1
3830,9,1965.00,861.00,88.00,92.00,7.3559,-1,-1,-1
3831,13,2159.00,1144.00,66.00,84.00,7.7953,-1,-1,-1
3831,9,1964.00,864.00,89.00,88.00,7.4112,-1,-1,-1
3832,13,2158.00,1146.00,68.00,83.00,7.7682,-1,-1,-1
3832,9,1964.00,868.00,87.00,86.00,7.4522,-1,-1,-1
3833,13,2159.00,1150.00,66.00,81.00,7.7661,-1,-1,-1
3833,9,1962.00,873.00,91.00,84.00,7.4448,-1,-1,-1
3834,13,2159.00,1153.00,67.00,83.00,7.7757,-1,-1,-1
3834,9,1962.00,874.00,90.00,85.00,7.4269,-1,-1,-1
3835,13,2157.00,1157.00,69.00,82.00,7.7578,-1,-1,-1
3835,9,1961.00,877.00,92.00,83.00,7.3790,-1,-1,-1
3836,13,2157.00,1159.00,68.00,84.00,7.7409,-1,-1,-1
3836,9,1960.00,880.00,99.00,85.00,7.2881,-1,-1,-1
3837,13,2158.00,1164.00,68.00,81.00,7.7092,-1,-1,-1
3837,9,1960.00,883.00,92.00,82.00,7.1762,-1,-1,-1
3838,13,2158.00,1165.00,65.00,82.00,7.6993,-1,-1,-1
3838,9,1960.00,883.00,91.00,87.00,7.1367,-1,-1,-1
3839,13,2158.00,1167.00,64.00,82.00,7.6932,-1,-1,-1
3839,9,1961.00,886.00,91.00,87.00,7.2016,-1,-1,-1
3840,13,2159.00,1169.00,62.00,82.00,7.7124,-1,-1,-1
3840,9,1960.00,889.00,92.00,88.00,7.2911,-1,-1,-1
3841,13,2158.00,1171.00,64.00,82.00,7.7276,-1,-1,-1
3841,9,1959.00,891.00,88.00,84.00,7.3565,-1,-1,-1
3842,13,2159.00,1173.00,63.00,80.00,7.7348,-1,-1,-1
3842,9,1957.00,894.00,92.00,84.00,7.3889,-1,-1,-1
3843,13,2158.00,1175.00,64.00,78.00,7.7534,-1,-1,-1
3843,9,1957.00,895.00,93.00,85.00,7.4046,-1,-1,-1
3844,13,2158.00,1178.00,65.00,78.00,7.7734,-1,-1,-1
3844,9,1955.00,898.00,93.00,83.00,7.3871,-1,-1,-1
3845,13,2157.00,1180.00,65.00,79.00,7.7664,-1,-1,-1
3845,9,1955.00,900.00,92.00,80.00,7.3419,-1,-1,-1
3846,13,2157.00,1180.00,64.00,81.00,7.7333,-1,-1,-1
3846,9,1952.00,901.00,99.00,82.00,7.2633,-1,-1,-1
3847,13,2158.00,1183.00,62.00,79.00,7.6662,-1,-1,-1
3847,9,1951.00,903.00,92.00,80.00,7.2972,-1,-1,-1
3848,13,2156.00,1183.00,63.00,79.00,7.5884,-1,-1,-1
3848,9,1951.00,905.00,91.00,80.00,7.3069,-1,-1,-1
3849,13,2157.00,1184.00,61.00,77.00,7.5017,-1,-1,-1
3849,9,1949.00,906.00,92.00,77.00,7.3171,-1,-1,-1
3850,13,2156.00,1184.00,62.00,78.00,7.4161,-1,-1,-1
3850,9,1947.00,907.00,95.00,76.00,7.3305,-1,-1,-1
3851,9,1947.00,907.00,93.00,77.00,7.3592,-1,-1,-1
3851,13,2155.00,1184.00,62.00,78.00,7.3180,-1,-1,-1
3852,9,1944.00,906.00,95.00,78.00,7.3779,-1,-1,-1
3852,13,2152.00,1185.00,66.00,80.00,7.1866,-1,-1,-1
3853,9,1944.00,906.00,95.00,79.00,7.3936,-1,-1,-1
3853,13,2150.00,1185.00,68.00,82.00,7.0898,-1,-1,-1
3854,9,1943.00,905.00,94.00,82.00,7.3979,-1,-1,-1
3854,13,2149.00,1184.00,69.00,82.00,7.0216,-1,-1,-1
3855,9,1943.00,906.00,93.00,82.00,7.4003,-1,-1,-1
3855,13,2149.00,1185.00,68.00,81.00,7.0137,-1,-1,-1
3856,9,1942.00,905.00,96.00,84.00,7.4006,-1,-1,-1
3856,13,2149.00,1185.00,66.00,80.00,7.0101,-1,-1,-1
3857,9,1944.00,906.00,88.00,81.00,7.3351,-1,-1,-1
3857,13,2149.00,1185.00,65.00,80.00,7.0340,-1,-1,-1
3858,9,1941.00,904.00,85.00,82.00,7.2349,-1,-1,-1
3858,13,2147.00,1184.00,67.00,83.00,7.0903,-1,-1,-1
3859,9,1940.00,903.00,87.00,83.00,7.1460,-1,-1,-1
3859,13,2145.00,1183.00,69.00,84.00,7.1446,-1,-1,-1
3860,13,2146.00,1182.00,68.00,85.00,7.1741,-1,-1,-1
3860,9,1939.00,904.00,89.00,82.00,7.0812,-1,-1,-1
3861,13,2147.00,1184.00,66.00,82.00,7.1928,-1,-1,-1
3861,9,1940.00,903.00,87.00,84.00,7.0321,-1,-1,-1
3862,13,2146.00,1183.00,64.00,83.00,7.2212,-1,-1,-1
3862,9,1940.00,902.00,86.00,86.00,7.0044,-1,-1,-1
3863,13,2146.00,1183.00,64.00,82.00,7.2563,-1,-1,-1
3863,9,1940.00,903.00,84.00,85.00,6.9892,-1,-1,-1
3864,13,2146.00,1184.00,65.00,81.00,7.2901,-1,-1,-1
3864,9,1939.00,903.00,86.00,84.00,6.9645,-1,-1,-1
3865,13,2146.00,1182.00,63.00,81.00,7.3182,-1,-1,-1
3865,9,1937.00,903.00,88.00,83.00,6.9351,-1,-1,-1
3866,13,2146.00,1182.00,62.00,81.00,7.3559,-1,-1,-1
3866,9,1936.00,904.00,88.00,80.00,6.8802,-1,-1,-1
3867,13,2146.00,1182.00,62.00,81.00,7.3846,-1,-1,-1
3867,9,1935.00,904.00,89.00,80.00,6.8292,-1,-1,-1
3868,13,2146.00,1182.00,61.00,80.00,7.4102,-1,-1,-1
3868,9,1934.00,904.00,92.00,81.00,6.7834,-1,-1,-1
3869,13,2145.00,1181.00,63.00,81.00,7.4418,-1,-1,-1
3869,9,1933.00,903.00,93.00,82.00,6.7449,-1,-1,-1
3870,13,2144.00,1181.00,63.00,82.00,7.4817,-1,-1,-1
3870,9,1932.00,903.00,94.00,83.00,6.7064,-1,-1,-1
3871,13,2143.00,1180.00,63.00,82.00,7.5084,-1,-1,-1
3871,9,1930.00,903.00,94.00,82.00,6.6466,-1,-1,-1
3872,13,2143.00,1179.00,63.00,83.00,7.5343,-1,-1,-1
3872,9,1929.00,902.00,96.00,83.00,6.6127,-1,-1,-1
3873,13,2141.00,1177.00,64.00,84.00,7.5526,-1,-1,-1
3873,9,1928.00,902.00,97.00,82.00,6.6051,-1,-1,-1
3874,13,2141.00,1176.00,64.00,84.00,7.5495,-1,-1,-1
3874,9,1930.00,902.00,93.00,81.00,6.6149,-1,-1,-1
3875,13,2141.00,1176.00,63.00,82.00,7.5195,-1,-1,-1
3875,9,1929.00,901.00,94.00,82.00,6.6363,-1,-1,-1
3876,13,2140.00,1175.00,64.00,82.00,7.4898,-1,-1,-1
3876,9,1928.00,900.00,94.00,83.00,6.6887,-1,-1,-1
3877,13,2139.00,1174.00,64.00,81.00,7.4669,-1,-1,-1
3877,9,1927.00,899.00,96.00,83.00,6.7438,-1,-1,-1
3878,13,2139.00,1173.00,64.00,81.00,7.4487,-1,-1,-1
3878,9,1925.00,899.00,98.00,83.00,6.7911,-1,-1,-1
3879,13,2139.00,1173.00,63.00,81.00,7.4347,-1,-1,-1
3879,9,1925.00,899.00,97.00,83.00,6.8420,-1,-1,-1
3880,13,2138.00,1173.00,63.00,79.00,7.4213,-1,-1,-1
3880,9,1923.00,899.00,98.00,82.00,6.8631,-1,-1,-1
3881,13,2138.00,1172.00,63.00,78.00,7.4137,-1,-1,-1
3881,9,1922.00,899.00,100.00,82.00,6.8873,-1,-1,-1
3882,13,2137.00,1170.00,63.00,80.00,7.3896,-1,-1,-1
3882,9,1921.00,900.00,102.00,81.00,6.9227,-1,-1,-1
3883,13,2137.00,1170.00,62.00,80.00,7.3751,-1,-1,-1
3883,9,1920.00,900.00,104.00,80.00,6.9449,-1,-1,-1
3884,13,2137.00,1170.00,62.00,81.00,7.3796,-1,-1,-1
3884,9,1920.00,901.00,103.00,79.00,6.9560,-1,-1,-1
3885,13,2136.00,1168.00,63.00,84.00,7.3890,-1,-1,-1
3885,9,1920.00,901.00,103.00,78.00,6.9266,-1,-1,-1
3886,13,2135.00,1168.00,64.00,83.00,7.4230,-1,-1,-1
3886,9,1918.00,900.00,108.00,80.00,6.8869,-1,-1,-1
3887,13,2134.00,1169.00,64.00,80.00,7.4414,-1,-1,-1
3887,9,1916.00,901.00,111.00,80.00,6.8383,-1,-1,-1
3888,13,2132.00,1170.00,66.00,80.00,7.4741,-1,-1,-1
3888,9,1913.00,901.00,109.00,78.00,6.7431,-1,-1,-1
3889,13,2130.00,1169.00,69.00,81.00,7.5144,-1,-1,-1
3889,9,1913.00,902.00,105.00,76.00,6.6528,-1,-1,-1
3890,13,2130.00,1169.00,68.00,80.00,7.5474,-1,-1,-1
3890,9,1912.00,902.00,99.00,76.00,6.5847,-1,-1,-1
3891,13,2129.00,1169.00,68.00,79.00,7.5660,-1,-1,-1
3891,9,1909.00,901.00,102.00,78.00,6.5476,-1,-1,-1
3892,13,2130.00,1169.00,66.00,80.00,7.5765,-1,-1,-1
3892,9,1908.00,901.00,98.00,78.00,6.5816,-1,-1,-1
3893,13,2130.00,1169.00,66.00,80.00,7.5945,-1,-1,-1
3893,9,1908.00,901.00,97.00,80.00,6.6196,-1,-1,-1
3894,13,2129.00,1169.00,66.00,80.00,7.6113,-1,-1,-1
3894,9,1908.00,901.00,98.00,82.00,6.6173,-1,-1,-1
3895,13,2128.00,1169.00,67.00,80.00,7.6198,-1,-1,-1
3895,9,1907.00,902.00,100.00,83.00,6.5660,-1,-1,-1
3896,13,2127.00,1169.00,68.00,80.00,7.6192,-1,-1,-1
3896,9,1906.00,902.00,104.00,83.00,6.5130,-1,-1,-1
3897,13,2126.00,1169.00,70.00,79.00,7.6125,-1,-1,-1
3897,9,1905.00,903.00,100.00,82.00,6.4604,-1,-1,-1
3898,13,2126.00,1169.00,70.00,78.00,7.5964,-1,-1,-1
3898,9,1904.00,903.00,103.00,80.00,6.4042,-1,-1,-1
3899,13,2126.00,1169.00,69.00,79.00,7.5730,-1,-1,-1
3899,9,1903.00,903.00,106.00,81.00,6.3293,-1,-1,-1
3900,13,2125.00,1168.00,70.00,80.00,7.5484,-1,-1,-1
3900,9,1902.00,905.00,110.00,80.00,6.2584,-1,-1,-1
3901,13,2124.00,1168.00,69.00,80.00,7.5052,-1,-1,-1
3901,9,1901.00,905.00,110.00,81.00,6.1925,-1,-1,-1
3902,13,2124.00,1168.00,69.00,80.00,7.4664,-1,-1,-1
3902,9,1900.00,905.00,108.00,81.00,6.1443,-1,-1,-1
3903,13,2124.00,1168.00,69.00,80.00,7.4463,-1,-1,-1
3903,9,1899.00,905.00,108.00,81.00,6.0519,-1,-1,-1
3904,13,2124.00,1168.00,69.00,80.00,7.4339,-1,-1,-1
3904,9,1898.00,905.00,111.00,81.00,5.9742,-1,-1,-1
3905,13,2123.00,1168.00,70.00,82.00,7.4260,-1,-1,-1
3905,9,1896.00,906.00,111.00,79.00,5.9459,-1,-1,-1
3906,13,2123.00,1168.00,69.00,81.00,7.4081,-1,-1,-1
3906,9,1895.00,906.00,108.00,79.00,5.9832,-1,-1,-1
3907,13,2123.00,1168.00,68.00,81.00,7.3865,-1,-1,-1
3907,9,1896.00,906.00,112.00,79.00,5.9043,-1,-1,-1
3908,13,2123.00,1168.00,66.00,80.00,7.3650,-1,-1,-1
3908,9,1894.00,905.00,111.00,82.00,5.8888,-1,-1,-1
3909,13,2122.00,1168.00,67.00,81.00,7.3457,-1,-1,-1
3909,9,1893.00,906.00,111.00,81.00,5.9245,-1,-1,-1
3910,13,2122.00,1168.00,67.00,81.00,7.3156,-1,-1,-1
3910,9,1892.00,906.00,113.00,80.00,5.9405,-1,-1,-1
3911,13,2122.00,1167.00,66.00,82.00,7.3028,-1,-1,-1
3911,9,1890.00,907.00,123.00,80.00,5.8988,-1,-1,-1
3912,13,2120.00,1168.00,68.00,80.00,7.2903,-1,-1,-1
3912,9,1889.00,907.00,126.00,82.00,5.8649,-1,-1,-1
3913,13,2120.00,1167.00,67.00,79.00,7.2784,-1,-1,-1
3913,9,1888.00,908.00,131.00,80.00,5.8551,-1,-1,-1
3914,13,2120.00,1166.00,64.00,78.00,7.2806,-1,-1,-1
3914,9,1887.00,909.00,132.00,80.00,5.8755,-1,-1,-1
3915,13,2119.00,1167.00,66.00,81.00,7.2689,-1,-1,-1
3915,9,1886.00,909.00,127.00,79.00,5.9141,-1,-1,-1
3916,13,2118.00,1168.00,67.00,80.00,7.2936,-1,-1,-1
3916,9,1886.00,910.00,112.00,76.00,5.9277,-1,-1,-1
3917,13,2117.00,1167.00,69.00,81.00,7.3205,-1,-1,-1
3917,9,1884.00,909.00,114.00,77.00,5.9609,-1,-1,-1
3918,13,2117.00,1166.00,66.00,81.00,7.3504,-1,-1,-1
3918,9,1883.00,909.00,118.00,78.00,5.9551,-1,-1,-1
3919,13,2117.00,1166.00,65.00,82.00,7.3670,-1,-1,-1
3919,9,1882.00,909.00,113.00,78.00,5.9175,-1,-1,-1
3920,13,2117.00,1166.00,65.00,82.00,7.3979,-1,-1,-1
3920,9,1880.00,909.00,109.00,78.00,5.9102,-1,-1,-1
3921,13,2115.00,1167.00,66.00,82.00,7.4179,-1,-1,-1
3921,9,1879.00,911.00,109.00,75.00,5.8700,-1,-1,-1
3922,13,2114.00,1169.00,67.00,81.00,7.4266,-1,-1,-1
3922,9,1878.00,912.00,110.00,77.00,5.8270,-1,-1,-1
3923,13,2113.00,1170.00,69.00,82.00,7.4368,-1,-1,-1
3923,9,1877.00,914.00,112.00,75.00,5.8664,-1,-1,-1
3924,13,2112.00,1171.00,70.00,82.00,7.4503,-1,-1,-1
3924,9,1875.00,916.00,115.00,73.00,5.9622,-1,-1,-1
3925,13,2112.00,1172.00,70.00,81.00,7.4646,-1,-1,-1
3925,9,1874.00,917.00,110.00,74.00,6.1046,-1,-1,-1
3926,13,2113.00,1175.00,68.00,80.00,7.4855,-1,-1,-1
3926,9,1872.00,918.00,110.00,74.00,6.0621,-1,-1,-1
3927,13,2114.00,1175.00,67.00,80.00,7.4952,-1,-1,-1
3927,9,1870.00,919.00,109.00,73.00,6.0008,-1,-1,-1
3928,13,2114.00,1176.00,66.00,79.00,7.4930,-1,-1,-1
3928,9,1868.00,920.00,105.00,71.00,5.9365,-1,-1,-1
3929,13,2115.00,1179.00,65.00,77.00,7.4896,-1,-1,-1
3929,9,1867.00,921.00,108.00,71.00,5.9391,-1,-1,-1
3930,13,2114.00,1179.00,66.00,78.00,7.5129,-1,-1,-1
3930,9,1867.00,922.00,107.00,73.00,5.9861,-1,-1,-1
3931,13,2115.00,1180.00,65.00,78.00,7.5605,-1,-1,-1
3931,9,1867.00,925.00,104.00,73.00,6.0964,-1,-1,-1
3932,13,2115.00,1183.00,67.00,79.00,7.6159,-1,-1,-1
3932,9,1868.00,925.00,109.00,73.00,6.1546,-1,-1,-1
3933,13,2115.00,1185.00,68.00,80.00,7.6480,-1,-1,-1
3933,9,1869.00,928.00,103.00,71.00,6.1975,-1,-1,-1
3934,13,2115.00,1187.00,69.00,82.00,7.6702,-1,-1,-1
3934,9,1868.00,931.00,100.00,69.00,6.2929,-1,-1,-1
3935,13,2114.00,1188.00,70.00,82.00,7.6732,-1,-1,-1
3935,9,1867.00,933.00,99.00,69.00,6.4578,-1,-1,-1
3936,13,2114.00,1189.00,69.00,81.00,7.6796,-1,-1,-1
3936,9,1867.00,934.00,97.00,68.00,6.6097,-1,-1,-1
3937,13,2113.00,1190.00,66.00,79.00,7.6751,-1,-1,-1
3937,9,1866.00,936.00,98.00,67.00,6.6963,-1,-1,-1
3938,13,2108.00,1193.00,74.00,72.00,7.8024,-1,-1,-1
3938,9,1864.00,938.00,94.00,66.00,6.7459,-1,-1,-1
3939,13,2108.00,1196.00,74.00,70.00,7.8899,-1,-1,-1
3939,9,1863.00,939.00,94.00,66.00,6.7723,-1,-1,-1
3940,13,2108.00,1198.00,73.00,69.00,7.9614,-1,-1,-1
3940,9,1862.00,940.00,95.00,66.00,6.7811,-1,-1,-1
3941,13,2107.00,1199.00,74.00,70.00,8.0178,-1,-1,-1
3941,9,1859.00,940.00,108.00,71.00,6.8586,-1,-1,-1
3942,13,2106.00,1199.00,75.00,70.00,8.0703,-1,-1,-1
3942,9,1859.00,942.00,98.00,70.00,6.9221,-1,-1,-1
3943,13,2106.00,1199.00,74.00,70.00,8.1207,-1,-1,-1
3943,9,1857.00,942.00,99.00,68.00,6.9673,-1,-1,-1
3944,13,2106.00,1200.00,75.00,71.00,8.1916,-1,-1,-1
3944,9,1855.00,942.00,103.00,70.00,7.0275,-1,-1,-1
3945,13,2105.00,1200.00,76.00,70.00,8.2359,-1,-1,-1
3945,9,1855.00,944.00,106.00,66.00,7.0589,-1,-1,-1
3946,13,2103.00,1199.00,77.00,73.00,8.2767,-1,-1,-1
3946,9,1853.00,944.00,103.00,68.00,7.0839,-1,-1,-1
3947,13,2103.00,1200.00,76.00,71.00,8.3016,-1,-1,-1
3947,9,1850.00,944.00,106.00,68.00,7.0840,-1,-1,-1
3948,13,2105.00,1195.00,68.00,79.00,8.1782,-1,-1,-1
3948,9,1849.00,944.00,106.00,68.00,7.0827,-1,-1,-1
3949,13,2105.00,1195.00,69.00,80.00,8.0839,-1,-1,-1
3949,9,1849.00,945.00,109.00,68.00,7.0583,-1,-1,-1
3950,13,2104.00,1194.00,69.00,83.00,7.9968,-1,-1,-1
3950,9,1848.00,945.00,110.00,69.00,7.0304,-1,-1,-1
3951,13,2102.00,1194.00,73.00,84.00,7.9376,-1,-1,-1
3951,9,1843.00,944.00,113.00,70.00,7.0220,-1,-1,-1
3952,13,2101.00,1194.00,75.00,85.00,7.8923,-1,-1,-1
3952,9,1841.00,943.00,114.00,71.00,7.0187,-1,-1,-1
3953,13,2101.00,1194.00,74.00,85.00,7.8547,-1,-1,-1
3953,9,1844.00,944.00,109.00,69.00,6.9953,-1,-1,-1
3954,13,2101.00,1195.00,73.00,83.00,7.8169,-1,-1,-1
3954,9,1843.00,943.00,109.00,69.00,7.0058,-1,-1,-1
3955,13,2101.00,1194.00,73.00,84.00,7.7778,-1,-1,-1
3955,9,1843.00,943.00,107.00,69.00,7.0168,-1,-1,-1
3956,13,2100.00,1194.00,73.00,83.00,7.7518,-1,-1,-1
3956,9,1842.00,943.00,104.00,68.00,7.0123,-1,-1,-1
3957,13,2100.00,1193.00,72.00,83.00,7.7259,-1,-1,-1
3957,9,1841.00,943.00,104.00,67.00,6.9917,-1,-1,-1
3958,13,2099.00,1192.00,73.00,84.00,7.7027,-1,-1,-1
3958,9,1839.00,942.00,104.00,66.00,6.9574,-1,-1,-1
3959,13,2099.00,1191.00,72.00,85.00,7.6776,-1,-1,-1
3959,9,1838.00,941.00,106.00,69.00,6.9295,-1,-1,-1
3960,13,2098.00,1191.00,72.00,84.00,7.6379,-1,-1,-1
3960,9,1838.00,942.00,98.00,65.00,6.8490,-1,-1,-1
3961,13,2097.00,1191.00,72.00,84.00,7.6129,-1,-1,-1
3961,9,1836.00,942.00,96.00,64.00,6.7965,-1,-1,-1
3962,13,2097.00,1191.00,72.00,84.00,7.5935,-1,-1,-1
3962,9,1835.00,941.00,98.00,66.00,6.7642,-1,-1,-1
3963,13,2096.00,1190.00,74.00,86.00,7.5752,-1,-1,-1
3963,9,1833.00,940.00,103.00,68.00,6.7235,-1,-1,-1
3964,13,2097.00,1191.00,72.00,83.00,7.5643,-1,-1,-1
3964,9,1832.00,940.00,106.00,68.00,6.6877,-1,-1,-1
3965,13,2097.00,1192.00,71.00,83.00,7.5606,-1,-1,-1
3965,9,1832.00,941.00,103.00,68.00,6.6584,-1,-1,-1
3966,13,2097.00,1192.00,69.00,82.00,7.5366,-1,-1,-1
3966,9,1831.00,942.00,103.00,66.00,6.6149,-1,-1,-1
3967,13,2096.00,1193.00,70.00,81.00,7.5251,-1,-1,-1
3967,9,1831.00,942.00,101.00,66.00,6.5893,-1,-1,-1
3968,13,2097.00,1194.00,68.00,79.00,7.5191,-1,-1,-1
3968,9,1828.00,941.00,103.00,67.00,6.5652,-1,-1,-1
3969,13,2096.00,1194.00,68.00,79.00,7.5154,-1,-1,-1
3969,9,1828.00,942.00,96.00,65.00,6.6148,-1,-1,-1
3970,13,2096.00,1193.00,68.00,80.00,7.5202,-1,-1,-1
3970,9,1827.00,942.00,96.00,66.00,6.6973,-1,-1,-1
3971,13,2096.00,1194.00,68.00,79.00,7.5147,-1,-1,-1
3971,9,1826.00,942.00,98.00,66.00,6.7836,-1,-1,-1
3972,13,2096.00,1194.00,69.00,79.00,7.5141,-1,-1,-1
3972,9,1825.00,941.00,98.00,67.00,6.8617,-1,-1,-1
3973,13,2097.00,1194.00,70.00,80.00,7.5266,-1,-1,-1
3973,9,1824.00,941.00,97.00,67.00,6.9199,-1,-1,-1
3974,13,2098.00,1195.00,70.00,79.00,7.5408,-1,-1,-1
3974,9,1823.00,941.00,99.00,67.00,6.9632,-1,-1,-1
3975,13,2099.00,1195.00,70.00,79.00,7.5686,-1,-1,-1
3975,9,1823.00,941.00,99.00,68.00,7.0140,-1,-1,-1
3976,13,2099.00,1196.00,71.00,80.00,7.5963,-1,-1,-1
3976,9,1823.00,941.00,99.00,69.00,7.0605,-1,-1,-1
3977,13,2101.00,1197.00,71.00,79.00,7.6206,-1,-1,-1
3977,9,1824.00,942.00,99.00,69.00,7.0867,-1,-1,-1
3978,13,2100.00,1198.00,73.00,78.00,7.6475,-1,-1,-1
3978,9,1822.00,941.00,102.00,72.00,7.1111,-1,-1,-1
3979,13,2100.00,1197.00,73.00,80.00,7.6711,-1,-1,-1
3979,9,1822.00,941.00,103.00,73.00,7.1244,-1,-1,-1
3980,13,2101.00,1198.00,71.00,78.00,7.6865,-1,-1,-1
3980,9,1822.00,942.00,103.00,71.00,7.1503,-1,-1,-1
3981,13,2102.00,1199.00,70.00,78.00,7.6945,-1,-1,-1
3981,9,1823.00,943.00,100.00,71.00,7.1310,-1,-1,-1
3982,13,2101.00,1199.00,73.00,79.00,7.7017,-1,-1,-1
3982,9,1823.00,944.00,100.00,72.00,7.1296,-1,-1,-1
3983,13,2101.00,1198.00,73.00,81.00,7.7042,-1,-1,-1
3983,9,1821.00,944.00,104.00,73.00,7.1065,-1,-1,-1
3984,13,2101.00,1199.00,74.00,81.00,7.7056,-1,-1,-1
3984,9,1820.00,945.00,105.00,72.00,7.0700,-1,-1,-1
3985,13,2100.00,1200.00,75.00,82.00,7.7043,-1,-1,-1
3985,9,1821.00,948.00,103.00,70.00,6.9599,-1,-1,-1
3986,13,2100.00,1200.00,75.00,82.00,7.6877,-1,-1,-1
3986,9,1819.00,949.00,106.00,73.00,6.9607,-1,-1,-1
3987,13,2098.00,1200.00,78.00,84.00,7.6748,-1,-1,-1
3987,9,1819.00,950.00,105.00,73.00,6.9935,-1,-1,-1
3988,13,2098.00,1202.00,76.00,82.00,7.6201,-1,-1,-1
3988,9,1818.00,952.00,106.00,74.00,7.0493,-1,-1,-1
3989,13,2096.00,1203.00,77.00,83.00,7.5774,-1,-1,-1
3989,9,1817.00,953.00,108.00,75.00,7.0987,-1,-1,-1
3990,13,2095.00,1203.00,79.00,84.00,7.5660,-1,-1,-1
3990,9,1816.00,955.00,107.00,75.00,7.1317,-1,-1,-1
3991,13,2094.00,1205.00,78.00,84.00,7.5393,-1,-1,-1
3991,9,1812.00,956.00,113.00,75.00,7.1763,-1,-1,-1
3992,13,2092.00,1206.00,81.00,84.00,7.5470,-1,-1,-1
3992,9,1811.00,958.00,112.00,76.00,7.2283,-1,-1,-1
3993,13,2091.00,1208.00,79.00,84.00,7.5740,-1,-1,-1
3993,9,1809.00,961.00,113.00,72.00,7.3078,-1,-1,-1
3994,13,2093.00,1210.00,77.00,83.00,7.5943,-1,-1,-1
3994,9,1808.00,964.00,112.00,72.00,7.3943,-1,-1,-1
3995,13,2092.00,1212.00,79.00,87.00,7.6010,-1,-1,-1
3995,9,1807.00,965.00,114.00,73.00,7.4681,-1,-1,-1
3996,13,2091.00,1214.00,75.00,84.00,7.5583,-1,-1,-1
3996,9,1805.00,967.00,114.00,73.00,7.4951,-1,-1,-1
3997,13,2089.00,1215.00,77.00,86.00,7.5433,-1,-1,-1
3997,9,1806.00,971.00,107.00,70.00,7.4716,-1,-1,-1
3998,13,2087.00,1217.00,80.00,88.00,7.5424,-1,-1,-1
3998,9,1804.00,974.00,108.00,70.00,7.4511,-1,-1,-1
3999,13,2085.00,1220.00,82.00,88.00,7.5726,-1,-1,-1
3999,9,1804.00,977.00,110.00,69.00,7.4554,-1,-1,-1
4000,13,2084.00,1222.00,82.00,87.00,7.6285,-1,-1,-1
4000,9,1803.00,980.00,111.00,70.00,7.4447,-1,-1,-1
4001,13,2083.00,1223.00,84.00,88.00,7.6912,-1,-1,-1
4001,9,1801.00,980.00,118.00,74.00,7.3915,-1,-1,-1
4002,13,2081.00,1228.00,85.00,86.00,7.7313,-1,-1,-1
4002,9,1799.00,982.00,120.00,79.00,7.3695,-1,-1,-1
4003,13,2081.00,1233.00,84.00,84.00,7.7631,-1,-1,-1
4003,9,1797.00,986.00,115.00,72.00,7.3936,-1,-1,-1
4004,13,2083.00,1235.00,78.00,85.00,7.7457,-1,-1,-1
4004,9,1796.00,989.00,111.00,71.00,7.4273,-1,-1,-1
4005,13,2082.00,1237.00,80.00,85.00,7.7002,-1,-1,-1
4005,9,1793.00,991.00,116.00,74.00,7.4296,-1,-1,-1
4006,13,2081.00,1241.00,81.00,84.00,7.6658,-1,-1,-1
4006,9,1793.00,997.00,113.00,69.00,7.2975,-1,-1,-1
4007,13,2081.00,1245.00,79.00,82.00,7.6282,-1,-1,-1
4007,9,1793.00,1001.00,110.00,68.00,7.2377,-1,-1,-1
4008,13,2081.00,1250.00,81.00,81.00,7.6378,-1,-1,-1
4008,9,1791.00,1002.00,115.00,70.00,7.2799,-1,-1,-1
4009,13,2081.00,1254.00,82.00,80.00,7.6698,-1,-1,-1
4009,9,1791.00,1006.00,114.00,70.00,7.3051,-1,-1,-1
4010,13,2082.00,1258.00,80.00,79.00,7.6990,-1,-1,-1
4010,9,1790.00,1010.00,113.00,67.00,7.3213,-1,-1,-1
4011,13,2082.00,1259.00,77.00,77.00,7.7111,-1,-1,-1
4011,9,1787.00,1013.00,113.00,67.00,7.3152,-1,-1,-1
4012,13,2082.00,1262.00,78.00,80.00,7.6838,-1,-1,-1
4012,9,1785.00,1016.00,114.00,70.00,7.3419,-1,-1,-1
4013,13,2080.00,1267.00,79.00,80.00,7.6783,-1,-1,-1
4013,9,1784.00,1020.00,112.00,67.00,7.3686,-1,-1,-1
4014,13,2079.00,1270.00,80.00,79.00,7.6752,-1,-1,-1
4014,9,1783.00,1022.00,117.00,70.00,7.3946,-1,-1,-1
4015,13,2078.00,1274.00,81.00,77.00,7.6656,-1,-1,-1
4015,9,1782.00,1025.00,115.00,69.00,7.4342,-1,-1,-1
4016,13,2073.00,1279.00,83.00,71.00,7.7816,-1,-1,-1
4016,9,1780.00,1028.00,120.00,70.00,7.5034,-1,-1,-1
4017,13,2073.00,1283.00,82.00,71.00,7.8811,-1,-1,-1
4017,9,1778.00,1032.00,117.00,69.00,7.4320,-1,-1,-1
4018,13,2073.00,1283.00,82.00,73.00,7.9265,-1,-1,-1
4018,9,1776.00,1035.00,113.00,69.00,7.3760,-1,-1,-1
4019,13,2074.00,1291.00,82.00,73.00,8.0304,-1,-1,-1
4019,9,1774.00,1038.00,114.00,70.00,7.3184,-1,-1,-1
4020,13,2072.00,1294.00,85.00,75.00,8.1171,-1,-1,-1
4020,9,1773.00,1042.00,116.00,71.00,7.2937,-1,-1,-1
4021,13,2071.00,1298.00,85.00,74.00,8.2061,-1,-1,-1
4021,9,1772.00,1047.00,114.00,67.00,7.2476,-1,-1,-1
4022,13,2070.00,1301.00,85.00,74.00,8.2972,-1,-1,-1
4022,9,1770.00,1049.00,116.00,69.00,7.2377,-1,-1,-1
4023,13,2069.00,1305.00,85.00,74.00,8.3351,-1,-1,-1
4023,9,1768.00,1051.00,122.00,70.00,7.2522,-1,-1,-1
4024,13,2069.00,1298.00,80.00,81.00,8.2046,-1,-1,-1
4024,9,1768.00,1056.00,114.00,70.00,7.2905,-1,-1,-1
4025,13,2067.00,1299.00,83.00,85.00,8.1077,-1,-1,-1
4025,9,1766.00,1060.00,116.00,71.00,7.3007,-1,-1,-1
4026,13,2067.00,1304.00,81.00,83.00,8.0341,-1,-1,-1
4026,9,1764.00,1063.00,119.00,71.00,7.2444,-1,-1,-1
4027,13,2066.00,1307.00,84.00,88.00,7.9961,-1,-1,-1
4027,9,1763.00,1065.00,118.00,72.00,7.1587,-1,-1,-1
4028,13,2066.00,1312.00,76.00,82.00,7.9445,-1,-1,-1
4028,9,1763.00,1070.00,115.00,70.00,7.0781,-1,-1,-1
4029,13,2065.00,1316.00,78.00,84.00,7.8734,-1,-1,-1
4029,9,1763.00,1074.00,115.00,70.00,7.0794,-1,-1,-1
4030,13,2062.00,1319.00,80.00,84.00,7.8754,-1,-1,-1
4030,9,1761.00,1077.00,110.00,70.00,7.1108,-1,-1,-1
4031,13,2061.00,1322.00,83.00,85.00,7.8954,-1,-1,-1
4031,9,1760.00,1083.00,107.00,67.00,7.0371,-1,-1,-1
4032,13,2059.00,1327.00,87.00,87.00,7.9048,-1,-1,-1
4032,9,1758.00,1086.00,109.00,71.00,7.0571,-1,-1,-1
4033,13,2059.00,1331.00,84.00,84.00,7.8948,-1,-1,-1
4033,9,1756.00,1091.00,107.00,69.00,7.0071,-1,-1,-1
4034,13,2057.00,1333.00,83.00,88.00,7.8292,-1,-1,-1
4034,9,1755.00,1096.00,104.00,69.00,6.9733,-1,-1,-1
4035,13,2056.00,1335.00,86.00,92.00,7.7925,-1,-1,-1
4035,9,1753.00,1099.00,106.00,68.00,7.0362,-1,-1,-1
4036,13,2054.00,1342.00,87.00,88.00,7.8030,-1,-1,-1
4036,9,1750.00,1103.00,112.00,69.00,7.1297,-1,-1,-1
4037,13,2054.00,1346.00,87.00,86.00,7.7793,-1,-1,-1
4037,9,1749.00,1107.00,111.00,69.00,7.1892,-1,-1,-1
4038,13,2054.00,1351.00,87.00,85.00,7.7800,-1,-1,-1
4038,9,1745.00,1112.00,111.00,69.00,7.1915,-1,-1,-1
4039,13,2054.00,1354.00,81.00,83.00,7.6894,-1,-1,-1
4039,9,1745.00,1119.00,109.00,67.00,7.0199,-1,-1,-1
4040,13,2053.00,1359.00,85.00,85.00,7.6529,-1,-1,-1
4040,9,1746.00,1122.00,107.00,68.00,7.0075,-1,-1,-1
4041,13,2052.00,1364.00,83.00,86.00,7.6347,-1,-1,-1
4041,9,1745.00,1128.00,108.00,65.00,7.0321,-1,-1,-1
4042,13,2053.00,1370.00,81.00,80.00,7.5864,-1,-1,-1
4042,9,1742.00,1132.00,110.00,62.00,7.0702,-1,-1,-1
4043,13,2053.00,1375.00,84.00,82.00,7.5714,-1,-1,-1
4043,9,1738.00,1134.00,115.00,71.00,7.1766,-1,-1,-1
4044,13,2053.00,1379.00,81.00,80.00,7.5253,-1,-1,-1
4044,9,1738.00,1140.00,113.00,68.00,7.1557,-1,-1,-1
4045,13,2052.00,1383.00,84.00,84.00,7.5290,-1,-1,-1
4045,9,1737.00,1143.00,114.00,70.00,7.2341,-1,-1,-1
4046,13,2053.00,1390.00,76.00,75.00,7.5327,-1,-1,-1
4046,9,1735.00,1147.00,118.00,70.00,7.3268,-1,-1,-1
4047,13,2051.00,1396.00,85.00,80.00,7.5625,-1,-1,-1
4047,9,1732.00,1152.00,119.00,67.00,7.3931,-1,-1,-1
4048,13,2050.00,1401.00,82.00,78.00,7.5301,-1,-1,-1
4048,9,1731.00,1158.00,121.00,68.00,7.4200,-1,-1,-1
4049,13,2051.00,1404.00,83.00,81.00,7.5302,-1,-1,-1
4049,9,1730.00,1163.00,115.00,69.00,7.4268,-1,-1,-1
4050,13,2052.00,1409.00,80.00,81.00,7.5527,-1,-1,-1
4050,9,1730.00,1171.00,110.00,60.00,7.3997,-1,-1,-1
4051,13,2051.00,1418.00,80.00,74.00,7.5265,-1,-1,-1
4051,9,1729.00,1174.00,114.00,65.00,7.4257,-1,-1,-1
4052,13,2050.00,1421.00,82.00,78.00,7.5329,-1,-1,-1
4052,9,1725.00,1177.00,118.00,67.00,7.3907,-1,-1,-1
4053,13,2049.00,1426.00,80.00,76.00,7.3925,-1,-1,-1
4053,9,1723.00,1183.00,117.00,66.00,7.3572,-1,-1,-1
4054,13,2050.00,1430.00,81.00,79.00,7.4057,-1,-1,-1
4054,9,1722.00,1187.00,119.00,67.00,7.3064,-1,-1,-1
4055,13,2049.00,1436.00,79.00,77.00,7.4295,-1,-1,-1
4055,9,1720.00,1192.00,120.00,65.00,7.2175,-1,-1,-1
4056,13,2048.00,1441.00,84.00,78.00,7.4670,-1,-1,-1
4056,9,1718.00,1195.00,122.00,67.00,7.2181,-1,-1,-1
4057,13,2048.00,1446.00,78.00,76.00,7.4006,-1,-1,-1
4057,9,1717.00,1202.00,116.00,63.00,7.2305,-1,-1,-1
4058,13,2046.00,1449.00,82.00,80.00,7.3805,-1,-1,-1
4058,9,1716.00,1206.00,117.00,67.00,7.2575,-1,-1,-1
4059,13,2046.00,1452.00,79.00,81.00,7.3890,-1,-1,-1
4059,9,1711.00,1209.00,125.00,71.00,7.2024,-1,-1,-1
4060,13,2044.00,1456.00,83.00,84.00,7.4434,-1,-1,-1
4060,9,1714.00,1218.00,117.00,66.00,7.0909,-1,-1,-1
4061,13,2041.00,1462.00,83.00,80.00,7.4598,-1,-1,-1
4061,9,1710.00,1220.00,123.00,68.00,7.0873,-1,-1,-1
4062,13,2038.00,1464.00,84.00,85.00,7.5034,-1,-1,-1
4062,9,1708.00,1224.00,123.00,68.00,7.0673,-1,-1,-1
4063,13,2039.00,1470.00,81.00,80.00,7.5453,-1,-1,-1
4063,9,1705.00,1230.00,128.00,68.00,7.0987,-1,-1,-1
4064,13,2035.00,1475.00,84.00,80.00,7.5699,-1,-1,-1
4064,9,1707.00,1236.00,123.00,66.00,7.1000,-1,-1,-1
4065,13,2031.00,1476.00,87.00,84.00,7.5603,-1,-1,-1
4065,9,1706.00,1243.00,116.00,64.00,7.1339,-1,-1,-1
4066,13,2031.00,1480.00,89.00,89.00,7.5183,-1,-1,-1
4066,9,1703.00,1246.00,116.00,66.00,7.1735,-1,-1,-1
4067,13,2029.00,1485.00,91.00,86.00,7.5375,-1,-1,-1
4067,9,1702.00,1251.00,117.00,66.00,7.1463,-1,-1,-1
4068,13,2029.00,1490.00,88.00,86.00,7.5752,-1,-1,-1
4068,9,1700.00,1255.00,118.00,67.00,7.1023,-1,-1,-1
4069,13,2029.00,1495.00,89.00,87.00,7.6087,-1,-1,-1
4069,9,1695.00,1256.00,121.00,72.00,7.1528,-1,-1,-1
4070,13,2028.00,1500.00,93.00,92.00,7.5784,-1,-1,-1
4070,9,1695.00,1263.00,122.00,69.00,7.1549,-1,-1,-1
4071,13,2028.00,1505.00,91.00,89.00,7.5646,-1,-1,-1
4071,9,1696.00,1268.00,116.00,68.00,7.2053,-1,-1,-1
4072,13,2028.00,1509.00,89.00,88.00,7.5500,-1,-1,-1
4072,9,1695.00,1271.00,111.00,68.00,7.2016,-1,-1,-1
4073,13,2027.00,1513.00,87.00,89.00,7.5471,-1,-1,-1
4073,9,1694.00,1275.00,113.00,69.00,7.1849,-1,-1,-1
4074,13,2026.00,1516.00,88.00,91.00,7.5265,-1,-1,-1
4074,9,1690.00,1276.00,118.00,73.00,7.1655,-1,-1,-1
4075,13,2026.00,1522.00,88.00,91.00,7.4870,-1,-1,-1
4075,9,1692.00,1281.00,115.00,73.00,7.1228,-1,-1,-1
4076,13,2025.00,1527.00,87.00,89.00,7.5092,-1,-1,-1
4076,9,1689.00,1285.00,118.00,75.00,7.1316,-1,-1,-1
4077,13,2026.00,1532.00,86.00,88.00,7.5170,-1,-1,-1
4077,9,1687.00,1289.00,115.00,73.00,7.1555,-1,-1,-1
4078,13,2023.00,1537.00,89.00,87.00,7.5041,-1,-1,-1
4078,9,1684.00,1291.00,120.00,74.00,7.2031,-1,-1,-1
4079,13,2024.00,1539.00,87.00,90.00,7.4110,-1,-1,-1
4079,9,1682.00,1297.00,118.00,73.00,7.1665,-1,-1,-1
4080,13,2023.00,1546.00,88.00,88.00,7.3631,-1,-1,-1
4080,9,1681.00,1302.00,118.00,73.00,7.1738,-1,-1,-1
4081,13,2022.00,1551.00,88.00,85.00,7.3726,-1,-1,-1
4081,9,1678.00,1305.00,117.00,74.00,7.1781,-1,-1,-1
4082,13,2021.00,1554.00,88.00,86.00,7.3916,-1,-1,-1
4082,9,1675.00,1313.00,115.00,70.00,7.2035,-1,-1,-1
4083,13,2020.00,1559.00,88.00,85.00,7.3972,-1,-1,-1
4083,9,1672.00,1315.00,121.00,73.00,7.2684,-1,-1,-1
4084,13,2020.00,1562.00,87.00,84.00,7.3548,-1,-1,-1
4084,9,1670.00,1316.00,125.00,75.00,7.3018,-1,-1,-1
4085,9,1669.00,1322.00,120.00,71.00,7.3099,-1,-1,-1
4085,13,2020.00,1565.00,85.00,84.00,7.2898,-1,-1,-1
4086,13,2018.00,1570.00,88.00,83.00,7.3082,-1,-1,-1
4086,9,1668.00,1325.00,119.00,71.00,7.2959,-1,-1,-1
4087,13,2016.00,1573.00,86.00,78.00,7.3511,-1,-1,-1
4087,9,1668.00,1328.00,120.00,73.00,7.2230,-1,-1,-1
4088,13,2016.00,1575.00,85.00,81.00,7.3566,-1,-1,-1
4088,9,1666.00,1329.00,120.00,74.00,7.1347,-1,-1,-1
4089,13,2017.00,1579.00,86.00,81.00,7.3937,-1,-1,-1
4089,9,1664.00,1332.00,122.00,77.00,7.1722,-1,-1,-1
4090,13,2016.00,1584.00,86.00,77.00,7.3807,-1,-1,-1
4090,9,1663.00,1335.00,121.00,76.00,7.2492,-1,-1,-1
4091,13,2015.00,1586.00,86.00,76.00,7.3469,-1,-1,-1
4091,9,1661.00,1338.00,124.00,75.00,7.3173,-1,-1,-1
4092,9,1658.00,1339.00,128.00,77.00,7.3812,-1,-1,-1
4092,13,2014.00,1589.00,81.00,72.00,7.3303,-1,-1,-1
4093,9,1655.00,1341.00,133.00,76.00,7.4064,-1,-1,-1
4093,13,2014.00,1591.00,79.00,71.00,7.3743,-1,-1,-1
4094,13,2013.00,1593.00,81.00,72.00,7.4440,-1,-1,-1
4094,9,1654.00,1343.00,130.00,78.00,7.4004,-1,-1,-1
4095,13,2011.00,1595.00,82.00,71.00,7.4764,-1,-1,-1
4095,9,1655.00,1346.00,128.00,75.00,7.3550,-1,-1,-1
4096,13,2010.00,1596.00,81.00,73.00,7.4672,-1,-1,-1
4096,9,1652.00,1348.00,133.00,77.00,7.3369,-1,-1,-1
4097,13,2008.00,1598.00,84.00,72.00,7.4705,-1,-1,-1
4097,9,1650.00,1350.00,140.00,77.00,7.3400,-1,-1,-1
4098,13,2007.00,1600.00,82.00,71.00,7.4614,-1,-1,-1
4098,9,1649.00,1356.00,131.00,73.00,7.3717,-1,-1,-1
4099,13,2005.00,1601.00,83.00,70.00,7.4394,-1,-1,-1
4099,9,1648.00,1359.00,128.00,70.00,7.3780,-1,-1,-1
4100,13,2001.00,1611.00,88.00,67.00,7.5496,-1,-1,-1
4100,9,1647.00,1361.00,130.00,71.00,7.4089,-1,-1,-1
4101,9,1647.00,1362.00,131.00,70.00,7.4228,-1,-1,-1
4101,13,2000.00,1620.00,88.00,67.00,5.0881,-1,-1,-1
4102,9,1646.00,1362.00,133.00,72.00,7.4397,-1,-1,-1
4102,13,1999.00,1628.00,88.00,67.00,3.3078,-1,-1,-1
4103,9,1644.00,1365.00,131.00,67.00,7.4106,-1,-1,-1
4104,9,1644.00,1367.00,127.00,66.00,7.3876,-1,-1,-1
4105,9,1642.00,1369.00,126.00,65.00,7.3553,-1,-1,-1
4106,9,1641.00,1369.00,132.00,66.00,7.3300,-1,-1,-1
4107,9,1637.00,1368.00,137.00,67.00,7.3136,-1,-1,-1
4108,9,1636.00,1369.00,131.00,65.00,7.2901,-1,-1,-1
4109,9,1633.00,1369.00,135.00,65.00,7.2193,-1,-1,-1
4110,9,1634.00,1370.00,124.00,63.00,7.1131,-1,-1,-1
4111,9,1631.00,1374.00,115.00,59.00,7.0545,-1,-1,-1
4112,9,1630.00,1373.00,115.00,61.00,7.0055,-1,-1,-1
4113,9,1627.00,1374.00,118.00,62.00,7.0044,-1,-1,-1
4114,9,1625.00,1373.00,120.00,64.00,7.0001,-1,-1,-1
4114,15,1984.00,1597.00,87.00,80.00,3.5787,-1,-1,-1
4115,9,1624.00,1373.00,122.00,64.00,7.0237,-1,-1,-1
4115,15,1984.00,1597.00,87.00,80.00,4.5794,-1,-1,-1
4116,9,1623.00,1374.00,122.00,63.00,7.0343,-1,-1,-1
4116,15,1983.00,1597.00,87.00,80.00,5.4380,-1,-1,-1
4117,9,1621.00,1374.00,120.00,62.00,7.0451,-1,-1,-1
4117,15,1982.00,1596.00,87.00,79.00,6.1512,-1,-1,-1
4118,9,1619.00,1376.00,116.00,60.00,7.0536,-1,-1,-1
4118,15,1982.00,1597.00,87.00,78.00,6.7480,-1,-1,-1
4119,15,1981.00,1596.00,88.00,79.00,7.2400,-1,-1,-1
4119,9,1618.00,1375.00,113.00,62.00,7.0328,-1,-1,-1
4120,15,1981.00,1596.00,87.00,79.00,7.6491,-1,-1,-1
4120,9,1617.00,1374.00,113.00,63.00,7.0289,-1,-1,-1
4121,15,1981.00,1597.00,88.00,79.00,7.9953,-1,-1,-1
4121,9,1616.00,1374.00,114.00,63.00,7.0272,-1,-1,-1
4122,15,1981.00,1597.00,88.00,79.00,8.2870,-1,-1,-1
4122,9,1614.00,1373.00,116.00,65.00,7.0351,-1,-1,-1
4123,15,1980.00,1597.00,89.00,79.00,8.5233,-1,-1,-1
4123,9,1613.00,1374.00,118.00,65.00,7.0395,-1,-1,-1
4124,15,1979.00,1596.00,90.00,80.00,8.7024,-1,-1,-1
4124,9,1612.00,1373.00,119.00,66.00,7.0304,-1,-1,-1
4125,15,1979.00,1597.00,89.00,77.00,8.8354,-1,-1,-1
4125,9,1611.00,1373.00,119.00,65.00,7.0081,-1,-1,-1
4126,15,1979.00,1597.00,90.00,77.00,8.9317,-1,-1,-1
4126,9,1608.00,1372.00,121.00,66.00,6.9828,-1,-1,-1
4127,15,1979.00,1597.00,89.00,76.00,9.0087,-1,-1,-1
4127,9,1608.00,1372.00,121.00,66.00,6.9625,-1,-1,-1
4128,15,1977.00,1596.00,91.00,77.00,9.0921,-1,-1,-1
4128,9,1605.00,1372.00,122.00,67.00,6.9592,-1,-1,-1
4129,15,1976.00,1595.00,91.00,78.00,9.1476,-1,-1,-1
4129,9,1604.00,1371.00,123.00,68.00,6.9639,-1,-1,-1
4130,15,1976.00,1595.00,89.00,78.00,9.1725,-1,-1,-1
4130,9,1601.00,1372.00,124.00,67.00,6.9956,-1,-1,-1
4131,15,1975.00,1595.00,89.00,78.00,9.2256,-1,-1,-1
4131,9,1599.00,1371.00,126.00,68.00,7.0311,-1,-1,-1
4132,15,1975.00,1595.00,89.00,77.00,9.2899,-1,-1,-1
4132,9,1597.00,1371.00,123.00,66.00,7.0653,-1,-1,-1
4133,15,1974.00,1595.00,90.00,77.00,9.3737,-1,-1,-1
4133,9,1597.00,1372.00,123.00,65.00,7.0881,-1,-1,-1
4134,15,1974.00,1594.00,91.00,77.00,9.4699,-1,-1,-1
4134,9,1595.00,1373.00,121.00,63.00,7.1158,-1,-1,-1
4135,15,1973.00,1594.00,93.00,77.00,9.5664,-1,-1,-1
4135,9,1595.00,1372.00,120.00,64.00,7.1507,-1,-1,-1
4136,15,1973.00,1594.00,92.00,77.00,9.6500,-1,-1,-1
4136,9,1594.00,1372.00,119.00,65.00,7.1770,-1,-1,-1
4137,15,1972.00,1594.00,92.00,77.00,9.7267,-1,-1,-1
4137,9,1592.00,1373.00,118.00,65.00,7.1926,-1,-1,-1
4138,15,1972.00,1594.00,90.00,76.00,9.7885,-1,-1,-1
4138,9,1589.00,1373.00,121.00,65.00,7.1998,-1,-1,-1
4139,15,1971.00,1594.00,92.00,76.00,9.8175,-1,-1,-1
4139,9,1588.00,1373.00,121.00,65.00,7.1785,-1,-1,-1
4140,9,1588.00,1373.00,119.00,65.00,7.1722,-1,-1,-1
4140,15,1971.00,1593.00,92.00,76.00,6.9258,-1,-1,-1
4141,9,1585.00,1373.00,118.00,64.00,7.1332,-1,-1,-1
4141,15,1971.00,1592.00,92.00,76.00,4.8216,-1,-1,-1
4142,9,1582.00,1373.00,120.00,65.00,7.1171,-1,-1,-1
4143,9,1581.00,1372.00,123.00,67.00,7.0931,-1,-1,-1
4144,9,1580.00,1372.00,123.00,67.00,7.1007,-1,-1,-1
4145,9,1577.00,1373.00,123.00,66.00,7.1067,-1,-1,-1
4146,9,1576.00,1373.00,124.00,67.00,7.1137,-1,-1,-1
4147,9,1575.00,1375.00,121.00,64.00,7.0866,-1,-1,-1
4148,9,1574.00,1376.00,117.00,62.00,7.0399,-1,-1,-1
4149,9,1572.00,1376.00,116.00,61.00,6.9762,-1,-1,-1
4150,9,1572.00,1374.00,120.00,63.00,6.9856,-1,-1,-1
4151,9,1571.00,1373.00,111.00,64.00,6.9653,-1,-1,-1
4152,9,1570.00,1374.00,110.00,64.00,6.9750,-1,-1,-1
4153,9,1568.00,1373.00,111.00,65.00,6.9724,-1,-1,-1
4154,9,1567.00,1375.00,112.00,64.00,6.9398,-1,-1,-1
4155,9,1567.00,1375.00,110.00,63.00,6.9084,-1,-1,-1
4156,9,1564.00,1375.00,113.00,64.00,6.8716,-1,-1,-1
4157,9,1561.00,1375.00,112.00,64.00,6.8234,-1,-1,-1
4158,9,1560.00,1374.00,114.00,65.00,6.7744,-1,-1,-1
4159,9,1558.00,1374.00,118.00,65.00,6.7539,-1,-1,-1
4159,16,1935.00,1575.00,84.00,71.00,3.6927,-1,-1,-1
4160,9,1557.00,1373.00,117.00,67.00,6.6982,-1,-1,-1
4160,16,1935.00,1575.00,83.00,71.00,4.6661,-1,-1,-1
4161,9,1556.00,1372.00,118.00,69.00,6.6754,-1,-1,-1
4161,16,1935.00,1575.00,84.00,71.00,5.4883,-1,-1,-1
4162,9,1555.00,1371.00,118.00,69.00,6.6759,-1,-1,-1
4162,16,1934.00,1575.00,84.00,70.00,6.1820,-1,-1,-1
4163,16,1933.00,1575.00,84.00,71.00,6.7558,-1,-1,-1
4163,9,1554.00,1368.00,120.00,72.00,6.7250,-1,-1,-1
4164,16,1933.00,1575.00,84.00,70.00,7.2337,-1,-1,-1
4164,9,1551.00,1367.00,123.00,73.00,6.7965,-1,-1,-1
4165,16,1931.00,1575.00,86.00,71.00,7.6100,-1,-1,-1
4165,9,1550.00,1367.00,124.00,72.00,6.8704,-1,-1,-1
4166,16,1930.00,1573.00,87.00,73.00,7.9030,-1,-1,-1
4166,9,1548.00,1365.00,127.00,74.00,6.9376,-1,-1,-1
4167,16,1928.00,1573.00,87.00,73.00,8.1603,-1,-1,-1
4167,9,1545.00,1364.00,131.00,76.00,7.0177,-1,-1,-1
4168,16,1928.00,1573.00,88.00,73.00,8.3231,-1,-1,-1
4168,9,1545.00,1364.00,129.00,76.00,7.0779,-1,-1,-1
4169,16,1928.00,1574.00,87.00,71.00,8.4792,-1,-1,-1
4169,9,1543.00,1364.00,123.00,76.00,7.1251,-1,-1,-1
4170,16,1927.00,1573.00,87.00,73.00,8.6301,-1,-1,-1
4170,9,1541.00,1362.00,124.00,80.00,7.1604,-1,-1,-1
4171,16,1926.00,1572.00,88.00,73.00,8.8195,-1,-1,-1
4171,9,1536.00,1360.00,130.00,83.00,7.2022,-1,-1,-1
4172,16,1925.00,1572.00,89.00,74.00,9.0126,-1,-1,-1
4172,9,1535.00,1360.00,129.00,85.00,7.2411,-1,-1,-1
4173,16,1924.00,1571.00,90.00,74.00,9.2063,-1,-1,-1
4173,9,1534.00,1360.00,128.00,84.00,7.2790,-1,-1,-1
4174,16,1924.00,1571.00,89.00,74.00,9.3747,-1,-1,-1
4174,9,1533.00,1359.00,130.00,86.00,7.2994,-1,-1,-1
4175,16,1924.00,1571.00,88.00,72.00,9.5224,-1,-1,-1
4175,9,1532.00,1360.00,131.00,85.00,7.3250,-1,-1,-1
4176,16,1923.00,1571.00,89.00,73.00,9.6432,-1,-1,-1
4176,9,1531.00,1361.00,131.00,83.00,7.3281,-1,-1,-1
4177,16,1923.00,1571.00,90.00,73.00,9.7352,-1,-1,-1
4177,9,1531.00,1363.00,129.00,81.00,7.3246,-1,-1,-1
4178,16,1924.00,1571.00,88.00,72.00,9.8012,-1,-1,-1
4178,9,1530.00,1365.00,128.00,79.00,7.3164,-1,-1,-1
4179,16,1923.00,1571.00,89.00,71.00,9.8513,-1,-1,-1
4179,9,1529.00,1365.00,129.00,80.00,7.2991,-1,-1,-1
4180,16,1922.00,1570.00,90.00,72.00,9.8953,-1,-1,-1
4180,9,1526.00,1366.00,130.00,79.00,7.2796,-1,-1,-1
4181,16,1922.00,1570.00,89.00,71.00,9.9277,-1,-1,-1
4181,9,1525.00,1367.00,130.00,79.00,7.2701,-1,-1,-1
4182,9,1522.00,1368.00,133.00,78.00,7.2547,-1,-1,-1
4182,16,1921.00,1570.00,89.00,71.00,7.0042,-1,-1,-1
4183,9,1520.00,1369.00,134.00,78.00,7.2475,-1,-1,-1
4183,16,1920.00,1570.00,89.00,71.00,4.8798,-1,-1,-1
4184,9,1516.00,1368.00,135.00,80.00,7.2453,-1,-1,-1
4185,9,1514.00,1369.00,135.00,80.00,7.2405,-1,-1,-1
4186,9,1511.00,1368.00,139.00,81.00,7.2342,-1,-1,-1
4187,9,1511.00,1369.00,140.00,80.00,7.2155,-1,-1,-1
4188,9,1508.00,1370.00,139.00,79.00,7.2030,-1,-1,-1
4189,9,1507.00,1372.00,134.00,77.00,7.1758,-1,-1,-1
4189,17,1900.00,1562.00,93.00,70.00,3.4846,-1,-1,-1
4190,9,1505.00,1373.00,131.00,76.00,7.1179,-1,-1,-1
4190,17,1900.00,1562.00,92.00,70.00,4.4387,-1,-1,-1
4191,9,1503.00,1376.00,129.00,73.00,7.0374,-1,-1,-1
4191,17,1900.00,1562.00,91.00,70.00,5.2639,-1,-1,-1
4192,9,1501.00,1373.00,134.00,76.00,6.9931,-1,-1,-1
4192,17,1899.00,1562.00,92.00,70.00,5.9803,-1,-1,-1
4193,9,1499.00,1375.00,133.00,74.00,6.8943,-1,-1,-1
4193,17,1898.00,1562.00,92.00,70.00,6.5945,-1,-1,-1
4194,17,1896.00,1558.00,93.00,70.00,7.1130,-1,-1,-1
4194,9,1499.00,1375.00,126.00,70.00,6.7985,-1,-1,-1
4195,17,1897.00,1554.00,93.00,69.00,7.5412,-1,-1,-1
4195,9,1500.00,1376.00,119.00,65.00,6.7539,-1,-1,-1
4196,17,1895.00,1546.00,93.00,70.00,7.9108,-1,-1,-1
4196,9,1501.00,1370.00,104.00,60.00,6.7304,-1,-1,-1
4197,17,1894.00,1531.00,94.00,69.00,8.2118,-1,-1,-1
4197,9,1498.00,1355.00,115.00,63.00,6.6794,-1,-1,-1
4198,17,1893.00,1511.00,95.00,71.00,8.4946,-1,-1,-1
4198,9,1496.00,1333.00,125.00,68.00,6.5641,-1,-1,-1
4199,17,1893.00,1488.00,92.00,70.00,8.6770,-1,-1,-1
4199,9,1496.00,1309.00,125.00,68.00,6.4981,-1,-1,-1
4200,17,1891.00,1461.00,93.00,69.00,8.9153,-1,-1,-1
4200,9,1495.00,1287.00,121.00,65.00,6.5004,-1,-1,-1
4201,17,1891.00,1432.00,93.00,69.00,9.0603,-1,-1,-1
4201,9,1494.00,1261.00,112.00,61.00,6.5772,-1,-1,-1
4202,17,1890.00,1400.00,96.00,70.00,9.1732,-1,-1,-1
4202,9,1493.00,1229.00,115.00,62.00,6.5633,-1,-1,-1
4203,17,1890.00,1367.00,94.00,70.00,9.3421,-1,-1,-1
4203,9,1492.00,1201.00,114.00,60.00,6.6563,-1,-1,-1
4204,17,1889.00,1335.00,94.00,70.00,9.4921,-1,-1,-1
4204,9,1492.00,1169.00,112.00,60.00,6.7472,-1,-1,-1
4205,17,1890.00,1302.00,93.00,70.00,9.5469,-1,-1,-1
4205,9,1490.00,1134.00,113.00,60.00,6.7548,-1,-1,-1
4206,17,1888.00,1268.00,94.00,70.00,9.6023,-1,-1,-1
4206,9,1487.00,1102.00,114.00,60.00,6.8560,-1,-1,-1
4207,17,1887.00,1238.00,95.00,70.00,9.7186,-1,-1,-1
4207,9,1485.00,1068.00,116.00,64.00,6.8401,-1,-1,-1
4208,17,1873.00,1207.00,96.00,68.00,9.3471,-1,-1,-1
4208,9,1485.00,1042.00,116.00,62.00,6.8369,-1,-1,-1
4209,17,1886.00,1187.00,94.00,70.00,9.4141,-1,-1,-1
4209,9,1483.00,1017.00,119.00,64.00,6.8115,-1,-1,-1
4210,17,1885.00,1166.00,97.00,71.00,9.5177,-1,-1,-1
4210,9,1481.00,995.00,118.00,64.00,6.7763,-1,-1,-1
4211,9,1480.00,980.00,120.00,64.00,6.8081,-1,-1,-1
4211,17,1884.00,1145.00,97.00,71.00,6.7043,-1,-1,-1
4212,9,1479.00,964.00,118.00,65.00,6.8472,-1,-1,-1
4212,17,1884.00,1125.00,97.00,71.00,4.6634,-1,-1,-1
4213,9,1475.00,950.00,125.00,66.00,6.7893,-1,-1,-1
4214,9,1476.00,944.00,118.00,63.00,6.8366,-1,-1,-1
4215,9,1474.00,937.00,118.00,63.00,6.8658,-1,-1,-1
4216,9,1473.00,932.00,119.00,64.00,6.8619,-1,-1,-1
4217,9,1471.00,931.00,121.00,65.00,6.8527,-1,-1,-1
4218,9,1469.00,931.00,122.00,66.00,6.8724,-1,-1,-1
4219,9,1466.00,931.00,123.00,67.00,6.8834,-1,-1,-1
4219,18,1860.00,1087.00,98.00,72.00,3.6893,-1,-1,-1
4220,9,1464.00,932.00,125.00,67.00,6.8906,-1,-1,-1
4220,18,1859.00,1087.00,98.00,72.00,4.6774,-1,-1,-1
4221,9,1463.00,933.00,118.00,63.00,6.8554,-1,-1,-1
4221,18,1858.00,1087.00,98.00,72.00,5.5106,-1,-1,-1
4222,9,1462.00,934.00,114.00,62.00,6.8283,-1,-1,-1
4222,18,1858.00,1087.00,97.00,72.00,6.2261,-1,-1,-1
4223,18,1857.00,1086.00,97.00,73.00,6.8241,-1,-1,-1
4223,9,1460.00,935.00,116.00,63.00,6.8220,-1,-1,-1
4224,18,1857.00,1086.00,96.00,72.00,7.3462,-1,-1,-1
4224,9,1459.00,936.00,116.00,61.00,6.8251,-1,-1,-1
4225,18,1856.00,1086.00,95.00,72.00,7.7981,-1,-1,-1
4225,9,1457.00,936.00,116.00,62.00,6.8512,-1,-1,-1
4226,18,1856.00,1087.00,95.00,71.00,8.1790,-1,-1,-1
4226,9,1456.00,937.00,112.00,61.00,6.8515,-1,-1,-1
4227,18,1856.00,1087.00,95.00,70.00,8.4987,-1,-1,-1
4227,9,1454.00,938.00,117.00,61.00,6.8288,-1,-1,-1
4228,18,1855.00,1087.00,95.00,70.00,8.7700,-1,-1,-1
4228,9,1454.00,938.00,116.00,61.00,6.8244,-1,-1,-1
4229,18,1855.00,1087.00,94.00,70.00,8.9701,-1,-1,-1
4229,9,1453.00,938.00,123.00,63.00,6.8316,-1,-1,-1
4230,18,1855.00,1087.00,93.00,69.00,9.1057,-1,-1,-1
4230,9,1451.00,937.00,123.00,63.00,6.8320,-1,-1,-1
4231,18,1854.00,1087.00,94.00,69.00,9.2176,-1,-1,-1
4231,9,1450.00,938.00,121.00,61.00,6.7833,-1,-1,-1
4232,18,1853.00,1087.00,95.00,69.00,9.3137,-1,-1,-1
4232,9,1449.00,938.00,119.00,60.00,6.6989,-1,-1,-1
4233,18,1852.00,1086.00,96.00,70.00,9.4055,-1,-1,-1
4233,9,1449.00,938.00,110.00,61.00,6.6347,-1,-1,-1
4234,18,1851.00,1086.00,97.00,71.00,9.5117,-1,-1,-1
4234,9,1448.00,939.00,108.00,60.00,6.5843,-1,-1,-1
4235,18,1850.00,1085.00,97.00,71.00,9.5673,-1,-1,-1
4235,9,1447.00,941.00,97.00,58.00,6.5751,-1,-1,-1
4236,18,1849.00,1085.00,97.00,69.00,9.6130,-1,-1,-1
4236,9,1445.00,942.00,101.00,57.00,6.5672,-1,-1,-1
4237,18,1847.00,1084.00,98.00,70.00,9.6492,-1,-1,-1
4237,9,1443.00,942.00,100.00,57.00,6.5870,-1,-1,-1
4238,18,1847.00,1084.00,99.00,70.00,9.6260,-1,-1,-1
4238,9,1441.00,942.00,106.00,57.00,6.5650,-1,-1,-1
4239,18,1847.00,1084.00,99.00,70.00,6.7863,-1,-1,-1
4239,9,1439.00,941.00,108.00,58.00,6.5651,-1,-1,-1
4240,9,1437.00,941.00,114.00,58.00,6.5524,-1,-1,-1
4240,18,1847.00,1084.00,99.00,70.00,4.7227,-1,-1,-1
4241,9,1434.00,941.00,115.00,60.00,6.5582,-1,-1,-1
4242,9,1434.00,941.00,112.00,60.00,6.5790,-1,-1,-1
4243,9,1433.00,942.00,110.00,60.00,6.5640,-1,-1,-1
4244,9,1432.00,942.00,110.00,60.00,6.5920,-1,-1,-1
4245,9,1430.00,942.00,107.00,60.00,6.6045,-1,-1,-1
4246,9,1428.00,943.00,106.00,60.00,6.5913,-1,-1,-1
4247,9,1427.00,944.00,106.00,59.00,6.5713,-1,-1,-1
4248,9,1425.00,943.00,110.00,60.00,6.5396,-1,-1,-1
4249,9,1424.00,943.00,108.00,61.00,6.5481,-1,-1,-1
4249,19,1822.00,1074.00,99.00,73.00,3.5685,-1,-1,-1
4250,9,1422.00,943.00,114.00,61.00,6.5695,-1,-1,-1
4250,19,1821.00,1074.00,99.00,73.00,4.5228,-1,-1,-1
4251,9,1420.00,943.00,114.00,62.00,6.6035,-1,-1,-1
4251,19,1820.00,1074.00,100.00,73.00,5.3369,-1,-1,-1
4252,9,1419.00,943.00,114.00,62.00,6.6231,-1,-1,-1
4252,19,1819.00,1074.00,100.00,72.00,6.0317,-1,-1,-1
4253,9,1417.00,945.00,113.00,62.00,6.6258,-1,-1,-1
4253,19,1818.00,1074.00,99.00,71.00,6.6107,-1,-1,-1
4254,19,1818.00,1074.00,99.00,71.00,7.1220,-1,-1,-1
4254,9,1415.00,944.00,116.00,64.00,6.6590,-1,-1,-1
4255,19,1817.00,1075.00,98.00,70.00,7.5567,-1,-1,-1
4255,9,1414.00,943.00,117.00,64.00,6.6738,-1,-1,-1
4256,19,1817.00,1075.00,98.00,69.00,7.9107,-1,-1,-1
4256,9,1413.00,945.00,112.00,63.00,6.6832,-1,-1,-1
4257,19,1817.00,1076.00,95.00,68.00,8.2077,-1,-1,-1
4257,9,1411.00,945.00,112.00,63.00,6.7208,-1,-1,-1
4258,19,1817.00,1075.00,96.00,68.00,8.4755,-1,-1,-1
4258,9,1409.00,945.00,111.00,63.00,6.7550,-1,-1,-1
4259,19,1815.00,1075.00,97.00,69.00,8.7277,-1,-1,-1
4259,9,1406.00,944.00,118.00,66.00,6.7754,-1,-1,-1
4260,19,1815.00,1075.00,96.00,69.00,8.9474,-1,-1,-1
4260,9,1405.00,945.00,116.00,65.00,6.7912,-1,-1,-1
4261,19,1814.00,1075.00,96.00,69.00,9.1306,-1,-1,-1
4261,9,1404.00,945.00,111.00,65.00,6.8293,-1,-1,-1
4262,19,1814.00,1075.00,96.00,68.00,9.2893,-1,-1,-1
4262,9,1401.00,944.00,119.00,66.00,6.8250,-1,-1,-1
4263,19,1813.00,1074.00,96.00,70.00,9.4060,-1,-1,-1
4263,9,1399.00,943.00,118.00,69.00,6.8404,-1,-1,-1
4264,19,1813.00,1074.00,97.00,69.00,9.5194,-1,-1,-1
4264,9,1399.00,945.00,117.00,66.00,6.8453,-1,-1,-1
4265,19,1812.00,1074.00,97.00,70.00,9.6364,-1,-1,-1
4265,9,1398.00,945.00,114.00,66.00,6.8762,-1,-1,-1
4266,19,1812.00,1074.00,96.00,70.00,9.7405,-1,-1,-1
4266,9,1396.00,945.00,118.00,66.00,6.9024,-1,-1,-1
4267,19,1811.00,1074.00,97.00,70.00,9.8218,-1,-1,-1
4267,9,1394.00,947.00,116.00,65.00,6.9320,-1,-1,-1
4268,19,1811.00,1074.00,97.00,69.00,9.8795,-1,-1,-1
4268,9,1394.00,946.00,117.00,66.00,6.9354,-1,-1,-1
4269,19,1810.00,1074.00,97.00,69.00,9.9054,-1,-1,-1
4269,9,1392.00,948.00,119.00,65.00,6.9299,-1,-1,-1
4270,19,1811.00,1074.00,97.00,69.00,9.9003,-1,-1,-1
4270,9,1390.00,948.00,118.00,64.00,6.9068,-1,-1,-1
4271,19,1809.00,1074.00,98.00,69.00,9.8262,-1,-1,-1
4271,9,1389.00,948.00,114.00,64.00,6.8769,-1,-1,-1
4272,19,1809.00,1074.00,98.00,69.00,9.7643,-1,-1,-1
4272,9,1387.00,947.00,121.00,66.00,6.8919,-1,-1,-1
4273,19,1808.00,1074.00,98.00,68.00,9.7557,-1,-1,-1
4273,9,1383.00,947.00,128.00,67.00,6.9285,-1,-1,-1
4274,19,1807.00,1074.00,99.00,68.00,9.7916,-1,-1,-1
4274,9,1381.00,947.00,127.00,68.00,6.9404,-1,-1,-1
4275,19,1807.00,1074.00,98.00,68.00,9.8503,-1,-1,-1
4275,9,1381.00,948.00,126.00,67.00,6.9223,-1,-1,-1
4276,19,1806.00,1074.00,99.00,68.00,9.9175,-1,-1,-1
4276,9,1379.00,949.00,121.00,66.00,6.8254,-1,-1,-1
4277,19,1805.00,1074.00,99.00,67.00,9.9509,-1,-1,-1
4277,9,1378.00,950.00,119.00,65.00,6.7365,-1,-1,-1
4278,19,1805.00,1074.00,99.00,67.00,9.9566,-1,-1,-1
4278,9,1377.00,948.00,121.00,68.00,6.6816,-1,-1,-1
4279,19,1805.00,1074.00,99.00,67.00,7.0250,-1,-1,-1
4279,9,1375.00,950.00,116.00,66.00,6.6735,-1,-1,-1
4280,9,1374.00,949.00,119.00,68.00,6.6714,-1,-1,-1
4280,19,1804.00,1074.00,99.00,67.00,4.8949,-1,-1,-1
4281,9,1372.00,947.00,124.00,71.00,6.6978,-1,-1,-1
4282,9,1369.00,949.00,123.00,70.00,6.7191,-1,-1,-1
4283,9,1368.00,953.00,118.00,66.00,6.7198,-1,-1,-1
4284,9,1367.00,954.00,118.00,66.00,6.7369,-1,-1,-1
4285,9,1365.00,954.00,121.00,66.00,6.7627,-1,-1,-1
4286,9,1366.00,956.00,118.00,63.00,6.7809,-1,-1,-1
4287,9,1363.00,956.00,122.00,64.00,6.8124,-1,-1,-1
4288,9,1362.00,956.00,124.00,65.00,6.8555,-1,-1,-1
4289,9,1360.00,955.00,127.00,68.00,6.9153,-1,-1,-1
4290,9,1359.00,958.00,120.00,64.00,6.9157,-1,-1,-1
4291,9,1359.00,959.00,118.00,62.00,6.9100,-1,-1,-1
4292,9,1357.00,960.00,119.00,61.00,6.8897,-1,-1,-1
4293,9,1355.00,960.00,121.00,63.00,6.8836,-1,-1,-1
4294,9,1354.00,960.00,122.00,64.00,6.8727,-1,-1,-1
4294,20,1764.00,1069.00,103.00,60.00,3.4166,-1,-1,-1
4295,9,1351.00,960.00,126.00,65.00,6.8406,-1,-1,-1
4295,20,1763.00,1069.00,103.00,60.00,4.3794,-1,-1,-1
4296,9,1350.00,963.00,119.00,63.00,6.7729,-1,-1,-1
4296,20,1763.00,1069.00,103.00,60.00,5.2193,-1,-1,-1
4297,9,1349.00,964.00,117.00,62.00,6.7638,-1,-1,-1
4297,20,1762.00,1069.00,103.00,59.00,5.9136,-1,-1,-1
4298,9,1348.00,966.00,115.00,60.00,6.7730,-1,-1,-1
4298,20,1761.00,1069.00,101.00,59.00,6.5189,-1,-1,-1
4299,20,1761.00,1069.00,100.00,59.00,7.0235,-1,-1,-1
4299,9,1346.00,967.00,112.00,60.00,6.8190,-1,-1,-1
4300,20,1759.00,1069.00,102.00,60.00,7.4388,-1,-1,-1
4300,9,1345.00,965.00,111.00,63.00,6.8518,-1,-1,-1
4301,20,1758.00,1068.00,103.00,60.00,7.8286,-1,-1,-1
4301,9,1343.00,964.00,106.00,63.00,6.8713,-1,-1,-1
4302,20,1757.00,1068.00,102.00,61.00,8.1913,-1,-1,-1
4302,9,1342.00,964.00,106.00,63.00,6.8810,-1,-1,-1
4303,20,1756.00,1067.00,102.00,61.00,8.5105,-1,-1,-1
4303,9,1339.00,962.00,110.00,67.00,6.9088,-1,-1,-1
4304,20,1755.00,1067.00,101.00,61.00,8.7788,-1,-1,-1
4304,9,1337.00,961.00,108.00,67.00,6.9513,-1,-1,-1
4305,20,1754.00,1068.00,101.00,60.00,9.0152,-1,-1,-1
4305,9,1334.00,962.00,109.00,68.00,7.0044,-1,-1,-1
4306,20,1753.00,1068.00,101.00,60.00,9.2034,-1,-1,-1
4306,9,1334.00,963.00,104.00,68.00,7.0198,-1,-1,-1
4307,20,1752.00,1068.00,102.00,60.00,9.3612,-1,-1,-1
4307,9,1332.00,963.00,105.00,68.00,7.0231,-1,-1,-1
4308,20,1752.00,1068.00,101.00,60.00,9.4895,-1,-1,-1
4308,9,1331.00,964.00,103.00,68.00,7.0161,-1,-1,-1
4309,20,1751.00,1068.00,100.00,60.00,9.5590,-1,-1,-1
4309,9,1330.00,964.00,106.00,68.00,7.0231,-1,-1,-1
4310,20,1750.00,1068.00,101.00,60.00,9.6199,-1,-1,-1
4310,9,1328.00,965.00,106.00,68.00,7.0378,-1,-1,-1
4311,20,1749.00,1068.00,101.00,59.00,9.6562,-1,-1,-1
4311,9,1326.00,965.00,110.00,70.00,7.0540,-1,-1,-1
4312,20,1747.00,1068.00,102.00,59.00,9.6835,-1,-1,-1
4312,9,1325.00,966.00,110.00,68.00,7.0617,-1,-1,-1
4313,20,1746.00,1068.00,102.00,59.00,9.7104,-1,-1,-1
4313,9,1323.00,968.00,112.00,67.00,7.1036,-1,-1,-1
4314,20,1745.00,1067.00,102.00,59.00,9.7369,-1,-1,-1
4314,9,1321.00,967.00,116.00,70.00,7.1762,-1,-1,-1
4315,20,1745.00,1068.00,99.00,58.00,9.7414,-1,-1,-1
4315,9,1319.00,967.00,119.00,70.00,7.2358,-1,-1,-1
4316,20,1744.00,1067.00,100.00,59.00,9.7355,-1,-1,-1
4316,9,1317.00,967.00,120.00,70.00,7.2533,-1,-1,-1
4317,20,1743.00,1067.00,99.00,58.00,9.7419,-1,-1,-1
4317,9,1316.00,967.00,121.00,71.00,7.2700,-1,-1,-1
4318,20,1742.00,1067.00,98.00,57.00,9.7402,-1,-1,-1
4318,9,1310.00,965.00,129.00,77.00,7.2832,-1,-1,-1
4319,20,1741.00,1067.00,98.00,57.00,9.7541,-1,-1,-1
4319,9,1308.00,965.00,130.00,78.00,7.2826,-1,-1,-1
4320,20,1740.00,1068.00,97.00,57.00,9.7640,-1,-1,-1
4320,9,1307.00,966.00,129.00,77.00,7.2602,-1,-1,-1
4321,20,1740.00,1068.00,96.00,56.00,9.7685,-1,-1,-1
4321,9,1309.00,973.00,111.00,67.00,7.1355,-1,-1,-1
4322,20,1738.00,1068.00,97.00,56.00,9.7802,-1,-1,-1
4322,9,1308.00,974.00,110.00,67.00,7.0447,-1,-1,-1
4323,20,1736.00,1067.00,98.00,57.00,9.8076,-1,-1,-1
4323,9,1306.00,975.00,110.00,66.00,6.9739,-1,-1,-1
4324,20,1734.00,1067.00,99.00,57.00,9.8582,-1,-1,-1
4324,9,1305.00,977.00,109.00,65.00,6.9047,-1,-1,-1
4325,20,1732.00,1067.00,102.00,58.00,9.9041,-1,-1,-1
4325,9,1303.00,975.00,115.00,68.00,6.8558,-1,-1,-1
4326,20,1732.00,1067.00,101.00,57.00,9.9059,-1,-1,-1
4326,9,1302.00,976.00,115.00,67.00,6.8430,-1,-1,-1
4327,20,1730.00,1067.00,102.00,58.00,9.9096,-1,-1,-1
4327,9,1300.00,978.00,116.00,66.00,6.8406,-1,-1,-1
4328,20,1729.00,1065.00,103.00,59.00,9.9205,-1,-1,-1
4328,9,1299.00,978.00,115.00,66.00,6.8420,-1,-1,-1
4329,20,1727.00,1065.00,103.00,59.00,9.9773,-1,-1,-1
4329,9,1297.00,979.00,115.00,66.00,6.8120,-1,-1,-1
4330,20,1726.00,1064.00,103.00,60.00,10.0618,-1,-1,-1
4330,9,1296.00,979.00,117.00,67.00,6.7693,-1,-1,-1
4331,20,1725.00,1064.00,103.00,60.00,7.1011,-1,-1,-1
4331,9,1295.00,981.00,115.00,66.00,6.7138,-1,-1,-1
4332,9,1294.00,982.00,109.00,65.00,6.6310,-1,-1,-1
4332,20,1725.00,1064.00,103.00,60.00,4.9550,-1,-1,-1
4333,9,1292.00,982.00,110.00,65.00,6.5669,-1,-1,-1
4334,9,1291.00,980.00,117.00,68.00,6.5338,-1,-1,-1
4335,9,1289.00,981.00,117.00,67.00,6.5443,-1,-1,-1
4336,9,1287.00,982.00,115.00,66.00,6.5722,-1,-1,-1
4337,9,1287.00,983.00,105.00,65.00,6.5559,-1,-1,-1
4338,9,1284.00,984.00,109.00,65.00,6.5476,-1,-1,-1
4339,9,1283.00,985.00,109.00,64.00,6.5252,-1,-1,-1
4339,21,1701.00,1055.00,108.00,62.00,3.5867,-1,-1,-1
4340,9,1282.00,987.00,106.00,65.00,6.4957,-1,-1,-1
4340,21,1700.00,1055.00,108.00,61.00,4.5448,-1,-1,-1
4341,9,1282.00,988.00,104.00,64.00,6.5178,-1,-1,-1
4341,21,1701.00,1056.00,105.00,59.00,5.3282,-1,-1,-1
4342,9,1281.00,989.00,103.00,63.00,6.5470,-1,-1,-1
4342,21,1701.00,1056.00,103.00,59.00,5.9931,-1,-1,-1
4343,9,1280.00,990.00,100.00,62.00,6.5893,-1,-1,-1
4343,21,1700.00,1055.00,104.00,61.00,6.5624,-1,-1,-1
4344,21,1699.00,1055.00,104.00,61.00,7.0480,-1,-1,-1
4344,9,1277.00,991.00,102.00,63.00,6.6397,-1,-1,-1
4345,21,1699.00,1055.00,103.00,60.00,7.4687,-1,-1,-1
4345,9,1276.00,992.00,104.00,62.00,6.6945,-1,-1,-1
4346,21,1698.00,1055.00,104.00,61.00,7.8628,-1,-1,-1
4346,9,1273.00,991.00,112.00,65.00,6.7631,-1,-1,-1
4347,21,1697.00,1055.00,105.00,61.00,8.2362,-1,-1,-1
4347,9,1272.00,991.00,112.00,65.00,6.8103,-1,-1,-1
4348,21,1696.00,1055.00,105.00,61.00,8.5549,-1,-1,-1
4348,9,1270.00,990.00,116.00,68.00,6.8569,-1,-1,-1
4349,21,1696.00,1055.00,105.00,61.00,8.8238,-1,-1,-1
4349,9,1269.00,990.00,114.00,68.00,6.9042,-1,-1,-1
4350,21,1695.00,1055.00,106.00,62.00,9.0508,-1,-1,-1
4350,9,1266.00,991.00,115.00,68.00,6.9480,-1,-1,-1
4351,21,1695.00,1055.00,106.00,63.00,9.2038,-1,-1,-1
4351,9,1265.00,992.00,116.00,67.00,6.9803,-1,-1,-1
4352,21,1695.00,1055.00,104.00,62.00,9.3389,-1,-1,-1
4352,9,1263.00,992.00,115.00,67.00,7.0001,-1,-1,-1
4353,21,1694.00,1055.00,103.00,61.00,9.4542,-1,-1,-1
4353,9,1261.00,991.00,118.00,69.00,7.0103,-1,-1,-1
4354,21,1694.00,1055.00,102.00,61.00,9.5546,-1,-1,-1
4354,9,1259.00,990.00,122.00,70.00,7.0288,-1,-1,-1
4355,21,1694.00,1055.00,102.00,60.00,9.6277,-1,-1,-1
4355,9,1258.00,989.00,124.00,72.00,7.0523,-1,-1,-1
4356,21,1694.00,1055.00,101.00,59.00,9.6759,-1,-1,-1
4356,9,1257.00,990.00,120.00,70.00,7.0369,-1,-1,-1
4357,21,1692.00,1055.00,103.00,60.00,9.6747,-1,-1,-1
4357,9,1257.00,991.00,113.00,68.00,6.9985,-1,-1,-1
4358,21,1692.00,1054.00,103.00,60.00,9.7107,-1,-1,-1
4358,9,1256.00,990.00,117.00,69.00,6.9888,-1,-1,-1
4359,21,1691.00,1054.00,104.00,60.00,9.7495,-1,-1,-1
4359,9,1253.00,989.00,120.00,72.00,7.0070,-1,-1,-1
4360,21,1690.00,1054.00,105.00,61.00,9.8019,-1,-1,-1
4360,9,1251.00,991.00,120.00,72.00,7.0008,-1,-1,-1
4361,21,1689.00,1055.00,105.00,60.00,9.8293,-1,-1,-1
4361,9,1250.00,991.00,122.00,72.00,6.9974,-1,-1,-1
4362,21,1689.00,1055.00,104.00,59.00,9.8036,-1,-1,-1
4362,9,1249.00,992.00,123.00,72.00,7.0030,-1,-1,-1
4363,21,1687.00,1054.00,106.00,62.00,9.8374,-1,-1,-1
4363,9,1247.00,993.00,123.00,72.00,6.9987,-1,-1,-1
4364,21,1685.00,1054.00,108.00,62.00,9.9237,-1,-1,-1
4364,9,1245.00,993.00,124.00,73.00,6.9664,-1,-1,-1
4365,21,1684.00,1054.00,109.00,62.00,10.0204,-1,-1,-1
4365,9,1243.00,997.00,122.00,71.00,6.8990,-1,-1,-1
4366,21,1682.00,1053.00,110.00,62.00,10.1229,-1,-1,-1
4366,9,1241.00,1000.00,115.00,68.00,6.6983,-1,-1,-1
4367,21,1681.00,1053.00,110.00,63.00,10.2179,-1,-1,-1
4367,9,1239.00,1003.00,107.00,66.00,6.5547,-1,-1,-1
4368,21,1681.00,1053.00,110.00,63.00,7.2147,-1,-1,-1
4368,9,1239.00,1005.00,103.00,64.00,6.4627,-1,-1,-1
4369,9,1237.00,1004.00,104.00,64.00,6.3967,-1,-1,-1
4369,21,1680.00,1054.00,110.00,63.00,5.0339,-1,-1,-1
4370,9,1235.00,1005.00,103.00,64.00,6.3871,-1,-1,-1
4371,9,1234.00,1006.00,99.00,63.00,6.4114,-1,-1,-1
4372,9,1235.00,1010.00,94.00,61.00,6.4292,-1,-1,-1
4373,9,1232.00,1007.00,96.00,63.00,6.4708,-1,-1,-1
4374,9,1232.00,1006.00,97.00,65.00,6.5285,-1,-1,-1
4375,9,1230.00,1007.00,98.00,67.00,6.5606,-1,-1,-1
4376,9,1228.00,1006.00,97.00,71.00,6.6043,-1,-1,-1
4377,9,1226.00,1005.00,101.00,74.00,6.6509,-1,-1,-1
4378,9,1225.00,1005.00,96.00,73.00,6.7037,-1,-1,-1
4379,9,1223.00,1003.00,101.00,77.00,6.7782,-1,-1,-1
4380,9,1221.00,1003.00,105.00,78.00,6.8400,-1,-1,-1
4381,9,1220.00,1004.00,99.00,77.00,6.8696,-1,-1,-1
4382,9,1217.00,1003.00,100.00,79.00,6.8856,-1,-1,-1
4383,9,1215.00,1005.00,102.00,77.00,6.9032,-1,-1,-1
4384,9,1213.00,1006.00,103.00,78.00,6.9240,-1,-1,-1
4384,22,1649.00,1052.00,99.00,59.00,3.4290,-1,-1,-1
4384,21,1402.00,1136.00,23.00,16.00,0.7378,-1,-1,-1
4385,9,1212.00,1009.00,104.00,74.00,6.9358,-1,-1,-1
4385,22,1649.00,1052.00,99.00,59.00,4.3682,-1,-1,-1
4385,21,1218.00,1150.00,23.00,16.00,0.1271,-1,-1,-1
4386,9,1211.00,1011.00,106.00,73.00,6.9405,-1,-1,-1
4386,22,1648.00,1052.00,100.00,60.00,5.2197,-1,-1,-1
4387,9,1207.00,1011.00,113.00,76.00,6.9694,-1,-1,-1
4387,22,1647.00,1053.00,100.00,59.00,5.9242,-1,-1,-1
4388,9,1207.00,1013.00,111.00,75.00,7.0087,-1,-1,-1
4388,22,1647.00,1053.00,97.00,58.00,6.5199,-1,-1,-1
4389,22,1646.00,1052.00,98.00,58.00,7.0377,-1,-1,-1
4389,9,1206.00,1014.00,109.00,73.00,7.0313,-1,-1,-1
4390,22,1645.00,1052.00,98.00,58.00,7.4700,-1,-1,-1
4390,9,1205.00,1015.00,108.00,73.00,7.0594,-1,-1,-1
4391,22,1645.00,1052.00,97.00,59.00,7.8519,-1,-1,-1
4391,9,1205.00,1015.00,108.00,73.00,7.0915,-1,-1,-1
4392,22,1645.00,1053.00,97.00,58.00,8.1779,-1,-1,-1
4392,9,1204.00,1017.00,106.00,71.00,7.0964,-1,-1,-1
4393,22,1644.00,1052.00,98.00,59.00,8.4639,-1,-1,-1
4393,9,1203.00,1019.00,106.00,70.00,7.0541,-1,-1,-1
4394,22,1643.00,1052.00,99.00,59.00,8.7145,-1,-1,-1
4394,9,1202.00,1018.00,107.00,72.00,7.0088,-1,-1,-1
4395,22,1643.00,1052.00,98.00,59.00,8.9115,-1,-1,-1
4395,9,1200.00,1017.00,112.00,74.00,6.9616,-1,-1,-1
4396,22,1642.00,1052.00,99.00,59.00,9.0951,-1,-1,-1
4396,9,1199.00,1021.00,110.00,69.00,6.8513,-1,-1,-1
4397,22,1642.00,1052.00,99.00,59.00,9.2570,-1,-1,-1
4397,9,1200.00,1024.00,101.00,68.00,6.6816,-1,-1,-1
4398,22,1640.00,1052.00,101.00,59.00,9.4181,-1,-1,-1
4398,9,1199.00,1027.00,91.00,67.00,6.5848,-1,-1,-1
4399,22,1639.00,1052.00,102.00,59.00,9.5570,-1,-1,-1
4399,9,1198.00,1028.00,92.00,66.00,6.5479,-1,-1,-1
4400,22,1639.00,1052.00,103.00,59.00,9.6547,-1,-1,-1
4400,9,1198.00,1029.00,91.00,65.00,6.5656,-1,-1,-1
4401,22,1639.00,1052.00,103.00,59.00,9.6963,-1,-1,-1
4401,9,1196.00,1031.00,92.00,63.00,6.5959,-1,-1,-1
4402,22,1638.00,1052.00,103.00,59.00,9.7352,-1,-1,-1
4402,9,1196.00,1033.00,93.00,61.00,6.6043,-1,-1,-1
4403,22,1637.00,1052.00,104.00,59.00,9.7568,-1,-1,-1
4403,9,1194.00,1037.00,94.00,59.00,6.6267,-1,-1,-1
4404,22,1638.00,1052.00,102.00,59.00,9.7474,-1,-1,-1
4404,9,1194.00,1038.00,91.00,58.00,6.6426,-1,-1,-1
4405,22,1639.00,1053.00,102.00,58.00,9.7596,-1,-1,-1
4405,9,1194.00,1038.00,92.00,59.00,6.6730,-1,-1,-1
4406,22,1639.00,1054.00,102.00,57.00,9.7706,-1,-1,-1
4406,9,1194.00,1038.00,94.00,59.00,6.7029,-1,-1,-1
4407,22,1639.00,1054.00,102.00,57.00,9.7910,-1,-1,-1
4407,9,1192.00,1038.00,97.00,61.00,6.7104,-1,-1,-1
4408,22,1640.00,1054.00,103.00,57.00,9.8076,-1,-1,-1
4408,9,1192.00,1037.00,98.00,63.00,6.7487,-1,-1,-1
4409,22,1641.00,1054.00,102.00,56.00,9.7888,-1,-1,-1
4409,9,1192.00,1036.00,101.00,64.00,6.7594,-1,-1,-1
4410,22,1642.00,1054.00,102.00,56.00,9.7805,-1,-1,-1
4410,9,1191.00,1037.00,104.00,64.00,6.7537,-1,-1,-1
4411,22,1641.00,1053.00,104.00,57.00,9.7528,-1,-1,-1
4411,9,1191.00,1037.00,105.00,65.00,6.7315,-1,-1,-1
4412,22,1642.00,1054.00,102.00,57.00,9.7217,-1,-1,-1
4412,9,1191.00,1036.00,112.00,67.00,6.7138,-1,-1,-1
4413,22,1642.00,1053.00,102.00,57.00,9.6752,-1,-1,-1
4413,9,1192.00,1036.00,112.00,68.00,6.7287,-1,-1,-1
4414,22,1643.00,1054.00,101.00,57.00,9.6250,-1,-1,-1
4414,9,1192.00,1038.00,104.00,65.00,6.7324,-1,-1,-1
4415,22,1644.00,1054.00,101.00,57.00,6.7864,-1,-1,-1
4415,9,1190.00,1037.00,112.00,67.00,6.7609,-1,-1,-1
4416,9,1190.00,1037.00,117.00,68.00,6.8113,-1,-1,-1
4416,22,1645.00,1054.00,101.00,57.00,4.7232,-1,-1,-1
4417,9,1189.00,1038.00,120.00,68.00,6.8545,-1,-1,-1
4418,9,1188.00,1038.00,118.00,69.00,6.8826,-1,-1,-1
4419,9,1187.00,1039.00,117.00,67.00,6.9215,-1,-1,-1
4420,9,1187.00,1039.00,116.00,68.00,6.9509,-1,-1,-1
4421,9,1186.00,1039.00,113.00,68.00,6.9873,-1,-1,-1
4422,9,1184.00,1041.00,113.00,67.00,7.0200,-1,-1,-1
4423,9,1184.00,1042.00,114.00,66.00,7.0508,-1,-1,-1
4424,9,1184.00,1043.00,112.00,67.00,7.0927,-1,-1,-1
4425,9,1183.00,1044.00,112.00,67.00,7.1508,-1,-1,-1
4426,9,1183.00,1045.00,109.00,66.00,7.2096,-1,-1,-1
4427,9,1183.00,1046.00,108.00,66.00,7.2430,-1,-1,-1
4428,9,1182.00,1046.00,107.00,66.00,7.2432,-1,-1,-1
4429,9,1180.00,1047.00,109.00,66.00,7.2282,-1,-1,-1
4429,23,1613.00,1061.00,104.00,52.00,3.5150,-1,-1,-1
4430,9,1179.00,1051.00,102.00,63.00,7.1301,-1,-1,-1
4430,23,1612.00,1060.00,106.00,54.00,4.4970,-1,-1,-1
4431,9,1177.00,1050.00,102.00,66.00,7.0562,-1,-1,-1
4431,23,1612.00,1060.00,105.00,53.00,5.3521,-1,-1,-1
4432,9,1174.00,1052.00,103.00,65.00,6.9926,-1,-1,-1
4432,23,1611.00,1061.00,105.00,52.00,6.0736,-1,-1,-1
4433,9,1171.00,1052.00,109.00,67.00,6.9472,-1,-1,-1
4433,23,1610.00,1061.00,106.00,52.00,6.6822,-1,-1,-1
4434,23,1609.00,1061.00,106.00,52.00,7.2117,-1,-1,-1
4434,9,1169.00,1054.00,106.00,65.00,6.8972,-1,-1,-1
4435,23,1608.00,1061.00,106.00,52.00,7.6494,-1,-1,-1
4435,9,1168.00,1053.00,109.00,66.00,6.8466,-1,-1,-1
4436,23,1609.00,1062.00,103.00,50.00,8.0021,-1,-1,-1
4436,9,1165.00,1051.00,114.00,69.00,6.7535,-1,-1,-1
4437,23,1607.00,1062.00,104.00,51.00,8.3137,-1,-1,-1
4437,9,1163.00,1050.00,114.00,73.00,6.6862,-1,-1,-1
4438,23,1606.00,1062.00,105.00,51.00,8.5684,-1,-1,-1
4438,9,1160.00,1046.00,118.00,75.00,6.6407,-1,-1,-1
4439,23,1604.00,1062.00,106.00,52.00,8.7883,-1,-1,-1
4439,9,1158.00,1049.00,118.00,75.00,6.6250,-1,-1,-1
4440,23,1601.00,1061.00,108.00,53.00,8.9807,-1,-1,-1
4440,9,1158.00,1048.00,113.00,74.00,6.6128,-1,-1,-1
4441,23,1600.00,1061.00,109.00,53.00,9.1428,-1,-1,-1
4441,9,1157.00,1058.00,103.00,68.00,6.5451,-1,-1,-1
4442,23,1599.00,1061.00,109.00,53.00,9.2949,-1,-1,-1
4442,9,1158.00,1063.00,87.00,62.00,6.5346,-1,-1,-1
4443,23,1597.00,1061.00,110.00,53.00,9.4267,-1,-1,-1
4443,9,1156.00,1057.00,102.00,70.00,6.5113,-1,-1,-1
4444,23,1596.00,1061.00,109.00,53.00,9.5042,-1,-1,-1
4444,9,1154.00,1058.00,102.00,70.00,6.5133,-1,-1,-1
4445,23,1595.00,1061.00,109.00,53.00,9.5619,-1,-1,-1
4445,9,1152.00,1054.00,110.00,75.00,6.5337,-1,-1,-1
4446,23,1595.00,1061.00,109.00,54.00,9.5873,-1,-1,-1
4446,9,1150.00,1052.00,115.00,76.00,6.5770,-1,-1,-1
4447,23,1595.00,1061.00,105.00,52.00,9.5880,-1,-1,-1
4447,9,1148.00,1054.00,112.00,75.00,6.6132,-1,-1,-1
4448,23,1594.00,1061.00,105.00,52.00,9.5828,-1,-1,-1
4448,9,1144.00,1054.00,118.00,77.00,6.6723,-1,-1,-1
4449,23,1591.00,1061.00,106.00,54.00,9.6388,-1,-1,-1
4449,9,1142.00,1057.00,111.00,74.00,6.7281,-1,-1,-1
4450,23,1590.00,1061.00,105.00,54.00,9.7346,-1,-1,-1
4450,9,1140.00,1053.00,124.00,79.00,6.8057,-1,-1,-1
4451,23,1590.00,1061.00,104.00,54.00,9.8141,-1,-1,-1
4451,9,1139.00,1054.00,119.00,79.00,6.8873,-1,-1,-1
4452,23,1588.00,1061.00,104.00,54.00,9.8533,-1,-1,-1
4452,9,1137.00,1054.00,121.00,80.00,6.9465,-1,-1,-1
4453,23,1587.00,1061.00,104.00,53.00,9.8736,-1,-1,-1
4453,9,1136.00,1056.00,119.00,78.00,6.9827,-1,-1,-1
4454,23,1586.00,1061.00,104.00,52.00,9.8889,-1,-1,-1
4454,9,1134.00,1058.00,119.00,77.00,7.0168,-1,-1,-1
4455,23,1582.00,1060.00,108.00,54.00,9.8822,-1,-1,-1
4455,9,1132.00,1062.00,114.00,74.00,7.0023,-1,-1,-1
4456,23,1581.00,1060.00,108.00,54.00,9.9256,-1,-1,-1
4456,9,1132.00,1065.00,112.00,72.00,6.9977,-1,-1,-1
4457,23,1579.00,1060.00,108.00,54.00,9.9851,-1,-1,-1
4457,9,1130.00,1065.00,114.00,72.00,6.9996,-1,-1,-1
4458,23,1578.00,1060.00,108.00,54.00,10.0290,-1,-1,-1
4458,9,1129.00,1070.00,109.00,68.00,6.9974,-1,-1,-1
4459,23,1579.00,1061.00,103.00,52.00,10.0521,-1,-1,-1
4459,9,1127.00,1072.00,108.00,67.00,6.9527,-1,-1,-1
4460,23,1577.00,1061.00,104.00,52.00,10.0682,-1,-1,-1
4460,9,1128.00,1075.00,103.00,64.00,6.8430,-1,-1,-1
4461,23,1575.00,1060.00,104.00,54.00,10.1222,-1,-1,-1
4461,9,1125.00,1076.00,104.00,63.00,6.7264,-1,-1,-1
4462,23,1574.00,1060.00,104.00,54.00,10.1812,-1,-1,-1
4462,9,1124.00,1079.00,93.00,62.00,6.6525,-1,-1,-1
4463,23,1573.00,1061.00,104.00,54.00,10.2275,-1,-1,-1
4463,9,1123.00,1083.00,92.00,59.00,6.5774,-1,-1,-1
4464,23,1571.00,1061.00,105.00,54.00,10.2758,-1,-1,-1
4464,9,1121.00,1084.00,94.00,59.00,6.5874,-1,-1,-1
4465,23,1569.00,1061.00,106.00,54.00,10.3060,-1,-1,-1
4465,9,1119.00,1084.00,94.00,60.00,6.5737,-1,-1,-1
4466,23,1568.00,1061.00,105.00,53.00,10.2867,-1,-1,-1
4466,9,1118.00,1083.00,96.00,62.00,6.5566,-1,-1,-1
4467,23,1567.00,1061.00,105.00,54.00,10.2709,-1,-1,-1
4467,9,1115.00,1083.00,99.00,63.00,6.5572,-1,-1,-1
4468,23,1566.00,1061.00,106.00,53.00,10.2583,-1,-1,-1
4468,9,1115.00,1079.00,102.00,66.00,6.5718,-1,-1,-1
4469,23,1565.00,1060.00,107.00,55.00,10.2773,-1,-1,-1
4469,9,1112.00,1084.00,100.00,64.00,6.5796,-1,-1,-1
4470,23,1565.00,1059.00,108.00,56.00,10.2965,-1,-1,-1
4470,9,1110.00,1086.00,101.00,63.00,6.5883,-1,-1,-1
4471,23,1563.00,1060.00,109.00,55.00,10.3082,-1,-1,-1
4471,9,1109.00,1084.00,106.00,66.00,6.6147,-1,-1,-1
4472,23,1562.00,1059.00,110.00,56.00,10.3439,-1,-1,-1
4472,9,1107.00,1083.00,109.00,69.00,6.6500,-1,-1,-1
4473,23,1561.00,1059.00,111.00,56.00,10.3802,-1,-1,-1
4473,9,1105.00,1084.00,111.00,69.00,6.6809,-1,-1,-1
4474,23,1561.00,1060.00,110.00,55.00,10.3954,-1,-1,-1
4474,9,1105.00,1084.00,109.00,70.00,6.6932,-1,-1,-1
4475,23,1541.00,1057.00,117.00,60.00,10.0328,-1,-1,-1
4475,9,1103.00,1084.00,112.00,72.00,6.7519,-1,-1,-1
4476,23,1561.00,1061.00,109.00,54.00,10.0957,-1,-1,-1
4476,9,1100.00,1084.00,111.00,73.00,6.7995,-1,-1,-1
4477,23,1561.00,1061.00,108.00,54.00,10.1288,-1,-1,-1
4477,9,1097.00,1082.00,117.00,77.00,6.8489,-1,-1,-1
4478,23,1562.00,1061.00,108.00,54.00,7.1488,-1,-1,-1
4478,9,1095.00,1085.00,113.00,75.00,6.8946,-1,-1,-1
4479,9,1093.00,1085.00,118.00,76.00,6.9307,-1,-1,-1
4479,23,1562.00,1062.00,108.00,54.00,4.9836,-1,-1,-1
4480,9,1091.00,1086.00,120.00,76.00,6.9527,-1,-1,-1
4481,9,1090.00,1083.00,125.00,80.00,6.9662,-1,-1,-1
4482,9,1089.00,1082.00,127.00,82.00,6.9959,-1,-1,-1
4483,9,1088.00,1084.00,129.00,81.00,6.9931,-1,-1,-1
4484,9,1086.00,1084.00,129.00,81.00,6.9977,-1,-1,-1
4485,9,1084.00,1085.00,127.00,81.00,6.9872,-1,-1,-1
4486,9,1083.00,1086.00,127.00,80.00,6.9593,-1,-1,-1
4486,23,1790.00,1054.00,23.00,12.00,0.2002,-1,-1,-1
4487,9,1083.00,1087.00,126.00,77.00,6.9094,-1,-1,-1
4488,9,1080.00,1090.00,125.00,75.00,6.7943,-1,-1,-1
4489,9,1080.00,1095.00,115.00,72.00,6.6919,-1,-1,-1
4489,24,1527.00,1068.00,102.00,51.00,3.4247,-1,-1,-1
4490,9,1078.00,1092.00,121.00,76.00,6.6367,-1,-1,-1
4490,24,1526.00,1068.00,102.00,51.00,4.3467,-1,-1,-1
4491,9,1074.00,1097.00,120.00,76.00,6.5885,-1,-1,-1
4491,24,1525.00,1068.00,102.00,51.00,5.1292,-1,-1,-1
4492,9,1072.00,1104.00,112.00,68.00,6.4771,-1,-1,-1
4492,24,1523.00,1068.00,102.00,51.00,5.8083,-1,-1,-1
4493,9,1072.00,1103.00,115.00,69.00,6.4173,-1,-1,-1
4493,24,1522.00,1068.00,102.00,51.00,6.3870,-1,-1,-1
4494,24,1521.00,1068.00,102.00,51.00,6.8825,-1,-1,-1
4494,9,1074.00,1109.00,96.00,63.00,6.3338,-1,-1,-1
4495,24,1519.00,1069.00,102.00,51.00,7.2807,-1,-1,-1
4495,9,1068.00,1104.00,120.00,72.00,6.3742,-1,-1,-1
4496,24,1516.00,1068.00,105.00,54.00,7.6509,-1,-1,-1
4496,9,1071.00,1108.00,101.00,66.00,6.3581,-1,-1,-1
4497,24,1517.00,1069.00,103.00,51.00,7.9283,-1,-1,-1
4497,9,1069.00,1110.00,98.00,65.00,6.3894,-1,-1,-1
4498,24,1514.00,1069.00,107.00,53.00,8.2224,-1,-1,-1
4498,9,1067.00,1108.00,100.00,68.00,6.4399,-1,-1,-1
4499,24,1513.00,1069.00,108.00,53.00,8.4353,-1,-1,-1
4499,9,1067.00,1109.00,99.00,66.00,6.4928,-1,-1,-1
4500,24,1513.00,1069.00,105.00,53.00,8.6341,-1,-1,-1
4500,9,1064.00,1110.00,98.00,67.00,6.5552,-1,-1,-1
4501,24,1511.00,1069.00,106.00,53.00,8.7802,-1,-1,-1
4501,9,1062.00,1111.00,102.00,68.00,6.6254,-1,-1,-1
4502,24,1510.00,1069.00,106.00,53.00,8.9114,-1,-1,-1
4502,9,1061.00,1112.00,103.00,69.00,6.6718,-1,-1,-1
4503,24,1509.00,1070.00,105.00,53.00,9.0249,-1,-1,-1
4503,9,1059.00,1111.00,108.00,71.00,6.7119,-1,-1,-1
4504,24,1507.00,1070.00,106.00,52.00,9.1013,-1,-1,-1
4504,9,1059.00,1110.00,106.00,71.00,6.6970,-1,-1,-1
4505,24,1507.00,1071.00,106.00,52.00,9.1710,-1,-1,-1
4505,9,1058.00,1111.00,103.00,71.00,6.7031,-1,-1,-1
4506,24,1505.00,1071.00,106.00,52.00,9.1995,-1,-1,-1
4506,9,1057.00,1110.00,103.00,72.00,6.6901,-1,-1,-1
4507,24,1505.00,1071.00,105.00,52.00,9.2149,-1,-1,-1
4507,9,1055.00,1110.00,105.00,74.00,6.6884,-1,-1,-1
4508,9,1053.00,1115.00,100.00,71.00,6.6161,-1,-1,-1
4508,24,1504.00,1071.00,105.00,52.00,6.4904,-1,-1,-1
4509,9,1049.00,1117.00,100.00,71.00,6.6248,-1,-1,-1
4509,24,1503.00,1071.00,105.00,52.00,4.5109,-1,-1,-1
4510,9,1046.00,1117.00,105.00,71.00,6.6826,-1,-1,-1
4511,9,1045.00,1117.00,109.00,73.00,6.7126,-1,-1,-1
4512,9,1042.00,1117.00,111.00,74.00,6.7664,-1,-1,-1
4513,9,1041.00,1118.00,111.00,73.00,6.7976,-1,-1,-1
4514,9,1041.00,1119.00,111.00,71.00,6.8013,-1,-1,-1
4515,9,1039.00,1123.00,107.00,69.00,6.7155,-1,-1,-1
4516,9,1038.00,1121.00,108.00,72.00,6.6197,-1,-1,-1
4516,24,1468.00,1176.00,18.00,12.00,0.3957,-1,-1,-1
4517,9,1038.00,1127.00,101.00,69.00,6.4827,-1,-1,-1
4518,9,1037.00,1127.00,104.00,71.00,6.4059,-1,-1,-1
4519,9,1036.00,1130.00,98.00,69.00,6.3664,-1,-1,-1
4519,25,1477.00,1073.00,111.00,62.00,3.5384,-1,-1,-1
4520,9,1032.00,1130.00,105.00,71.00,6.3276,-1,-1,-1
4520,25,1477.00,1073.00,111.00,62.00,4.4292,-1,-1,-1
4521,9,1028.00,1129.00,112.00,73.00,6.2457,-1,-1,-1
4521,25,1476.00,1073.00,111.00,62.00,5.2101,-1,-1,-1
4522,9,1029.00,1133.00,94.00,68.00,6.1716,-1,-1,-1
4522,25,1475.00,1074.00,111.00,62.00,5.8775,-1,-1,-1
4523,25,1475.00,1074.00,111.00,61.00,6.4513,-1,-1,-1
4523,9,1026.00,1133.00,97.00,69.00,6.1332,-1,-1,-1
4524,25,1475.00,1075.00,109.00,60.00,6.9321,-1,-1,-1
4524,9,1025.00,1135.00,96.00,68.00,6.1484,-1,-1,-1
4525,25,1474.00,1075.00,109.00,60.00,7.3567,-1,-1,-1
4525,9,1023.00,1134.00,100.00,69.00,6.1898,-1,-1,-1
4526,25,1474.00,1075.00,109.00,60.00,7.7322,-1,-1,-1
4526,9,1021.00,1133.00,103.00,71.00,6.2062,-1,-1,-1
4527,25,1472.00,1076.00,108.00,59.00,8.0324,-1,-1,-1
4527,9,1020.00,1131.00,103.00,75.00,6.2371,-1,-1,-1
4528,25,1472.00,1076.00,108.00,60.00,8.2961,-1,-1,-1
4528,9,1020.00,1130.00,103.00,77.00,6.2351,-1,-1,-1
4529,25,1472.00,1076.00,107.00,60.00,8.5075,-1,-1,-1
4529,9,1019.00,1126.00,110.00,82.00,6.3059,-1,-1,-1
4530,25,1470.00,1076.00,108.00,60.00,8.6641,-1,-1,-1
4530,9,1018.00,1130.00,108.00,79.00,6.3410,-1,-1,-1
4531,25,1470.00,1076.00,108.00,61.00,8.8372,-1,-1,-1
4531,9,1017.00,1131.00,105.00,78.00,6.3609,-1,-1,-1
4532,25,1469.00,1077.00,106.00,60.00,9.0118,-1,-1,-1
4532,9,1017.00,1135.00,99.00,75.00,6.3621,-1,-1,-1
4533,25,1469.00,1077.00,106.00,60.00,9.1683,-1,-1,-1
4533,9,1015.00,1139.00,98.00,72.00,6.3288,-1,-1,-1
4534,25,1468.00,1077.00,106.00,60.00,9.2986,-1,-1,-1
4534,9,1014.00,1139.00,99.00,73.00,6.3132,-1,-1,-1
4535,25,1465.00,1078.00,108.00,60.00,9.3813,-1,-1,-1
4535,9,1013.00,1142.00,97.00,71.00,6.2771,-1,-1,-1
4536,25,1464.00,1077.00,108.00,60.00,9.4124,-1,-1,-1
4536,9,1010.00,1145.00,97.00,70.00,6.2612,-1,-1,-1
4537,25,1464.00,1077.00,107.00,60.00,9.3755,-1,-1,-1
4537,9,1008.00,1144.00,99.00,72.00,6.2624,-1,-1,-1
4538,25,1464.00,1077.00,108.00,60.00,9.3425,-1,-1,-1
4538,9,1007.00,1148.00,97.00,70.00,6.2793,-1,-1,-1
4539,25,1462.00,1077.00,107.00,59.00,9.3344,-1,-1,-1
4539,9,1006.00,1150.00,96.00,68.00,6.2843,-1,-1,-1
4540,25,1460.00,1077.00,107.00,59.00,6.5683,-1,-1,-1
4540,9,1006.00,1153.00,86.00,66.00,6.2722,-1,-1,-1
4541,9,1006.00,1148.00,89.00,72.00,6.2790,-1,-1,-1
4541,25,1458.00,1077.00,107.00,59.00,4.5535,-1,-1,-1
4542,9,1003.00,1154.00,85.00,66.00,6.2948,-1,-1,-1
4543,9,1001.00,1155.00,86.00,66.00,6.3397,-1,-1,-1
4544,9,1001.00,1157.00,81.00,64.00,6.3692,-1,-1,-1
4545,9,999.00,1155.00,85.00,68.00,6.4061,-1,-1,-1
4546,9,998.00,1156.00,86.00,68.00,6.4387,-1,-1,-1
4546,25,1653.00,1050.00,22.00,12.00,0.7667,-1,-1,-1
4547,9,996.00,1156.00,90.00,70.00,6.4607,-1,-1,-1
4547,25,1802.00,999.00,22.00,12.00,0.1517,-1,-1,-1
4548,9,995.00,1158.00,85.00,69.00,6.4926,-1,-1,-1
4549,9,993.00,1159.00,85.00,69.00,6.5434,-1,-1,-1
4549,26,1430.00,1081.00,112.00,60.00,3.5152,-1,-1,-1
4550,9,991.00,1156.00,98.00,74.00,6.5435,-1,-1,-1
4550,26,1428.00,1081.00,113.00,61.00,4.5053,-1,-1,-1
4551,9,989.00,1154.00,105.00,77.00,6.5563,-1,-1,-1
4551,26,1428.00,1081.00,113.00,61.00,5.3334,-1,-1,-1
4552,9,989.00,1156.00,95.00,76.00,6.5526,-1,-1,-1
4552,26,1427.00,1081.00,114.00,61.00,6.0333,-1,-1,-1
4553,26,1427.00,1081.00,113.00,61.00,6.6283,-1,-1,-1
4553,9,988.00,1156.00,94.00,76.00,6.5685,-1,-1,-1
4554,26,1427.00,1081.00,112.00,61.00,7.1611,-1,-1,-1
4554,9,986.00,1157.00,96.00,77.00,6.6360,-1,-1,-1
4555,26,1427.00,1082.00,112.00,60.00,7.6054,-1,-1,-1
4555,9,984.00,1157.00,98.00,78.00,6.6698,-1,-1,-1
4556,26,1427.00,1082.00,111.00,60.00,7.9862,-1,-1,-1
4556,9,981.00,1160.00,95.00,76.00,6.7228,-1,-1,-1
4557,26,1426.00,1082.00,112.00,60.00,8.3124,-1,-1,-1
4557,9,980.00,1157.00,99.00,80.00,6.7812,-1,-1,-1
4558,26,1426.00,1082.00,111.00,60.00,8.5106,-1,-1,-1
4558,9,977.00,1158.00,101.00,82.00,6.8148,-1,-1,-1
4559,26,1426.00,1084.00,108.00,59.00,8.6396,-1,-1,-1
4559,9,975.00,1162.00,96.00,80.00,6.7804,-1,-1,-1
4560,26,1425.00,1084.00,109.00,59.00,8.7616,-1,-1,-1
4560,9,974.00,1166.00,94.00,76.00,6.6320,-1,-1,-1
4561,26,1424.00,1085.00,108.00,58.00,8.8218,-1,-1,-1
4561,9,975.00,1174.00,88.00,70.00,6.5050,-1,-1,-1
4562,26,1424.00,1085.00,109.00,58.00,8.8656,-1,-1,-1
4562,9,974.00,1174.00,89.00,70.00,6.3513,-1,-1,-1
4563,26,1423.00,1085.00,110.00,59.00,8.9199,-1,-1,-1
4563,9,971.00,1172.00,96.00,74.00,6.2563,-1,-1,-1
4564,26,1423.00,1085.00,109.00,59.00,8.9865,-1,-1,-1
4564,9,971.00,1177.00,90.00,70.00,6.2140,-1,-1,-1
4565,26,1421.00,1085.00,107.00,59.00,9.0726,-1,-1,-1
4565,9,967.00,1169.00,108.00,81.00,6.2350,-1,-1,-1
4566,26,1421.00,1085.00,108.00,60.00,9.1567,-1,-1,-1
4566,9,965.00,1169.00,112.00,82.00,6.3007,-1,-1,-1
4567,26,1420.00,1085.00,108.00,60.00,9.2136,-1,-1,-1
4567,9,964.00,1171.00,109.00,80.00,6.3378,-1,-1,-1
4568,26,1419.00,1085.00,108.00,60.00,9.2647,-1,-1,-1
4568,9,962.00,1172.00,110.00,80.00,6.3372,-1,-1,-1
4569,26,1419.00,1085.00,108.00,60.00,6.5259,-1,-1,-1
4569,9,962.00,1172.00,110.00,81.00,6.3228,-1,-1,-1
4570,9,962.00,1171.00,111.00,81.00,6.3216,-1,-1,-1
4570,26,1419.00,1085.00,108.00,60.00,4.5386,-1,-1,-1
4571,9,959.00,1174.00,111.00,79.00,6.2953,-1,-1,-1
4572,9,962.00,1176.00,96.00,77.00,6.2617,-1,-1,-1
4573,9,960.00,1165.00,123.00,94.00,6.3718,-1,-1,-1
4574,9,959.00,1165.00,124.00,96.00,6.4457,-1,-1,-1
4575,9,956.00,1167.00,122.00,94.00,6.4823,-1,-1,-1
4576,9,953.00,1170.00,120.00,90.00,6.5204,-1,-1,-1
4577,9,946.00,1174.00,114.00,86.00,6.5702,-1,-1,-1
4578,9,939.00,1171.00,124.00,93.00,6.6473,-1,-1,-1
4579,9,938.00,1172.00,122.00,94.00,6.6938,-1,-1,-1
4580,9,934.00,1174.00,123.00,96.00,6.6815,-1,-1,-1
4581,9,935.00,1172.00,127.00,98.00,6.7572,-1,-1,-1
4582,9,944.00,1186.00,102.00,79.00,6.5904,-1,-1,-1
4583,9,941.00,1189.00,100.00,78.00,6.5048,-1,-1,-1
4584,9,939.00,1189.00,101.00,80.00,6.4222,-1,-1,-1
4585,9,938.00,1194.00,93.00,75.00,6.3706,-1,-1,-1
4586,9,937.00,1196.00,89.00,73.00,6.3244,-1,-1,-1
4587,9,936.00,1197.00,91.00,73.00,6.2973,-1,-1,-1
4588,9,936.00,1203.00,78.00,66.00,6.2553,-1,-1,-1
4589,9,933.00,1202.00,83.00,69.00,6.2260,-1,-1,-1
4590,9,931.00,1203.00,84.00,70.00,6.1920,-1,-1,-1
4591,9,929.00,1209.00,78.00,65.00,6.2093,-1,-1,-1
4592,9,929.00,1208.00,78.00,68.00,6.2030,-1,-1,-1
4593,9,928.00,1209.00,77.00,68.00,6.1825,-1,-1,-1
4594,9,928.00,1209.00,78.00,70.00,6.2061,-1,-1,-1
4595,9,926.00,1210.00,82.00,71.00,6.2085,-1,-1,-1
4596,9,924.00,1210.00,83.00,73.00,6.2269,-1,-1,-1
4597,9,921.00,1211.00,85.00,74.00,6.1843,-1,-1,-1
4598,9,921.00,1207.00,92.00,76.00,6.1586,-1,-1,-1
4599,9,921.00,1207.00,93.00,77.00,6.1627,-1,-1,-1
4600,9,920.00,1206.00,98.00,81.00,6.2046,-1,-1,-1
4600,27,1364.00,1107.00,100.00,58.00,3.3084,-1,-1,-1
4601,9,918.00,1207.00,101.00,80.00,6.2457,-1,-1,-1
4601,27,1363.00,1106.00,102.00,60.00,4.2251,-1,-1,-1
4602,9,917.00,1207.00,104.00,81.00,6.3165,-1,-1,-1
4602,27,1362.00,1107.00,100.00,58.00,4.9507,-1,-1,-1
4603,9,914.00,1210.00,99.00,80.00,6.2031,-1,-1,-1
4603,27,1362.00,1107.00,99.00,58.00,5.5310,-1,-1,-1
4604,9,911.00,1210.00,107.00,82.00,6.0666,-1,-1,-1
4604,27,1361.00,1109.00,96.00,56.00,6.0318,-1,-1,-1
4605,27,1359.00,1109.00,99.00,56.00,6.4514,-1,-1,-1
4605,9,907.00,1211.00,110.00,82.00,5.8315,-1,-1,-1
4606,27,1357.00,1110.00,97.00,56.00,6.8353,-1,-1,-1
4606,9,904.00,1211.00,114.00,85.00,5.7272,-1,-1,-1
4607,27,1356.00,1110.00,96.00,56.00,7.1678,-1,-1,-1
4607,9,903.00,1207.00,118.00,90.00,5.6490,-1,-1,-1
4608,27,1355.00,1110.00,96.00,56.00,7.4811,-1,-1,-1
4608,9,902.00,1214.00,104.00,84.00,5.5737,-1,-1,-1
4609,27,1354.00,1110.00,96.00,56.00,7.7396,-1,-1,-1
4609,9,900.00,1216.00,102.00,83.00,5.5733,-1,-1,-1
4610,27,1352.00,1110.00,99.00,56.00,7.9735,-1,-1,-1
4610,9,899.00,1214.00,103.00,86.00,5.5241,-1,-1,-1
4611,27,1350.00,1110.00,98.00,56.00,8.1862,-1,-1,-1
4611,9,899.00,1218.00,99.00,82.00,5.4239,-1,-1,-1
4612,27,1348.00,1110.00,100.00,57.00,8.4063,-1,-1,-1
4612,9,899.00,1220.00,97.00,81.00,5.3644,-1,-1,-1
4613,27,1347.00,1111.00,100.00,56.00,8.6051,-1,-1,-1
4613,9,896.00,1220.00,101.00,82.00,5.2857,-1,-1,-1
4614,27,1347.00,1110.00,101.00,57.00,8.7700,-1,-1,-1
4614,9,898.00,1233.00,78.00,68.00,5.2074,-1,-1,-1
4615,27,1347.00,1110.00,101.00,57.00,6.1661,-1,-1,-1
4615,9,888.00,1239.00,78.00,68.00,3.9263,-1,-1,-1
4616,27,1345.00,1110.00,101.00,58.00,6.6625,-1,-1,-1
4616,9,879.00,1245.00,78.00,68.00,2.8374,-1,-1,-1
4617,27,1343.00,1111.00,101.00,58.00,4.6440,-1,-1,-1
4617,9,893.00,1228.00,88.00,76.00,3.1128,-1,-1,-1
4618,9,890.00,1231.00,89.00,75.00,3.4778,-1,-1,-1
4618,27,1341.00,1111.00,101.00,58.00,3.1679,-1,-1,-1
4619,9,890.00,1233.00,86.00,74.00,3.7831,-1,-1,-1
4620,9,888.00,1236.00,85.00,72.00,4.1375,-1,-1,-1
4621,9,886.00,1234.00,88.00,76.00,4.4529,-1,-1,-1
4622,9,885.00,1239.00,85.00,72.00,4.7071,-1,-1,-1
4623,9,882.00,1241.00,86.00,73.00,4.8304,-1,-1,-1
4624,9,880.00,1240.00,90.00,75.00,4.9053,-1,-1,-1
4624,28,1321.00,1114.00,105.00,64.00,3.2875,-1,-1,-1
4625,9,880.00,1237.00,93.00,80.00,5.0126,-1,-1,-1
4625,28,1320.00,1113.00,106.00,66.00,4.2203,-1,-1,-1
4626,9,877.00,1235.00,100.00,83.00,5.1094,-1,-1,-1
4626,28,1320.00,1114.00,104.00,64.00,5.0024,-1,-1,-1
4627,28,1320.00,1114.00,104.00,64.00,5.7196,-1,-1,-1
4627,9,875.00,1233.00,106.00,88.00,5.1505,-1,-1,-1
4628,28,1319.00,1114.00,105.00,64.00,6.3042,-1,-1,-1
4628,9,875.00,1235.00,105.00,85.00,5.1648,-1,-1,-1
4629,28,1319.00,1116.00,103.00,63.00,6.7631,-1,-1,-1
4629,9,873.00,1238.00,109.00,86.00,5.2619,-1,-1,-1
4630,28,1318.00,1116.00,102.00,63.00,7.1756,-1,-1,-1
4630,9,873.00,1241.00,105.00,83.00,5.3394,-1,-1,-1
4631,28,1317.00,1117.00,102.00,62.00,7.5359,-1,-1,-1
4631,9,871.00,1243.00,103.00,81.00,5.4308,-1,-1,-1
4632,28,1317.00,1117.00,102.00,62.00,7.8633,-1,-1,-1
4632,9,872.00,1247.00,94.00,79.00,5.5124,-1,-1,-1
4633,28,1317.00,1117.00,103.00,62.00,8.1264,-1,-1,-1
4633,9,872.00,1253.00,84.00,72.00,5.6023,-1,-1,-1
4634,28,1316.00,1118.00,102.00,63.00,8.3798,-1,-1,-1
4634,9,871.00,1255.00,84.00,72.00,5.7608,-1,-1,-1
4635,28,1315.00,1119.00,101.00,62.00,8.6001,-1,-1,-1
4635,9,867.00,1252.00,95.00,78.00,5.8802,-1,-1,-1
4636,28,1314.00,1119.00,101.00,62.00,8.7870,-1,-1,-1
4636,9,865.00,1253.00,92.00,78.00,6.0181,-1,-1,-1
4637,28,1312.00,1120.00,104.00,61.00,8.9558,-1,-1,-1
4637,9,862.00,1250.00,102.00,84.00,6.1133,-1,-1,-1
4638,28,1312.00,1121.00,104.00,61.00,6.3035,-1,-1,-1
4638,9,861.00,1252.00,101.00,81.00,6.2357,-1,-1,-1
4639,9,860.00,1253.00,98.00,81.00,6.3270,-1,-1,-1
4639,28,1312.00,1121.00,104.00,61.00,4.3770,-1,-1,-1
4640,9,858.00,1251.00,103.00,85.00,6.4228,-1,-1,-1
4641,9,857.00,1252.00,102.00,85.00,6.5183,-1,-1,-1
4642,9,854.00,1251.00,107.00,87.00,6.6133,-1,-1,-1
4643,9,853.00,1249.00,112.00,90.00,6.6870,-1,-1,-1
4644,9,852.00,1253.00,106.00,87.00,6.6585,-1,-1,-1
4645,9,851.00,1254.00,106.00,86.00,6.5488,-1,-1,-1
4646,9,850.00,1255.00,106.00,85.00,6.3818,-1,-1,-1
4647,9,848.00,1253.00,113.00,89.00,6.2834,-1,-1,-1
4648,9,845.00,1260.00,112.00,85.00,6.1310,-1,-1,-1
4649,9,845.00,1254.00,114.00,89.00,5.9241,-1,-1,-1
4650,9,843.00,1262.00,111.00,84.00,5.8221,-1,-1,-1
4651,9,841.00,1265.00,107.00,82.00,5.6959,-1,-1,-1
4652,9,839.00,1263.00,112.00,86.00,5.6204,-1,-1,-1
4653,9,835.00,1264.00,114.00,86.00,5.4446,-1,-1,-1
4654,9,836.00,1262.00,115.00,86.00,5.2816,-1,-1,-1
4654,29,1279.00,1137.00,94.00,56.00,3.2076,-1,-1,-1
4655,9,836.00,1270.00,92.00,78.00,5.2356,-1,-1,-1
4655,29,1278.00,1136.00,94.00,57.00,3.9913,-1,-1,-1
4656,9,834.00,1271.00,94.00,79.00,5.2314,-1,-1,-1
4656,29,1278.00,1137.00,96.00,56.00,4.6566,-1,-1,-1
4657,9,833.00,1271.00,95.00,82.00,5.3084,-1,-1,-1
4657,29,1276.00,1137.00,95.00,56.00,5.2300,-1,-1,-1
4658,29,1275.00,1136.00,96.00,58.00,5.7227,-1,-1,-1
4658,9,830.00,1274.00,93.00,81.00,5.3385,-1,-1,-1
4659,29,1274.00,1137.00,96.00,59.00,6.1843,-1,-1,-1
4659,9,831.00,1282.00,79.00,75.00,5.3681,-1,-1,-1
4660,29,1273.00,1137.00,95.00,59.00,6.5896,-1,-1,-1
4660,9,829.00,1281.00,86.00,77.00,5.3788,-1,-1,-1
4661,29,1273.00,1138.00,94.00,57.00,6.9550,-1,-1,-1
4661,9,828.00,1284.00,81.00,75.00,5.3669,-1,-1,-1
4662,29,1272.00,1137.00,95.00,58.00,7.2908,-1,-1,-1
4662,9,827.00,1279.00,89.00,80.00,5.3553,-1,-1,-1
4663,29,1271.00,1138.00,95.00,57.00,7.5582,-1,-1,-1
4663,9,825.00,1277.00,95.00,84.00,5.3742,-1,-1,-1
4664,29,1270.00,1137.00,96.00,58.00,7.8159,-1,-1,-1
4664,9,823.00,1268.00,109.00,94.00,5.4711,-1,-1,-1
4665,29,1269.00,1137.00,98.00,59.00,8.0459,-1,-1,-1
4665,9,821.00,1266.00,115.00,99.00,5.5363,-1,-1,-1
4666,29,1268.00,1138.00,98.00,58.00,8.2426,-1,-1,-1
4666,9,820.00,1274.00,107.00,91.00,5.4917,-1,-1,-1
4667,29,1267.00,1138.00,97.00,58.00,8.3805,-1,-1,-1
4667,9,818.00,1272.00,112.00,95.00,5.5045,-1,-1,-1
4668,29,1265.00,1139.00,96.00,57.00,8.5193,-1,-1,-1
4668,9,816.00,1274.00,114.00,94.00,5.4810,-1,-1,-1
4669,29,1265.00,1139.00,95.00,58.00,8.6279,-1,-1,-1
4669,9,814.00,1282.00,107.00,89.00,5.3580,-1,-1,-1
4670,29,1264.00,1137.00,96.00,61.00,8.7219,-1,-1,-1
4670,9,813.00,1283.00,107.00,89.00,5.2116,-1,-1,-1
4671,29,1262.00,1137.00,97.00,61.00,8.7889,-1,-1,-1
4671,9,814.00,1298.00,80.00,72.00,5.1748,-1,-1,-1
4672,29,1262.00,1137.00,98.00,61.00,8.9025,-1,-1,-1
4672,9,813.00,1282.00,108.00,90.00,5.1894,-1,-1,-1
4673,29,1261.00,1137.00,98.00,61.00,8.9940,-1,-1,-1
4673,9,810.00,1289.00,100.00,87.00,5.3485,-1,-1,-1
4674,29,1260.00,1138.00,97.00,60.00,9.0690,-1,-1,-1
4674,9,807.00,1286.00,106.00,91.00,5.5359,-1,-1,-1
4675,29,1259.00,1138.00,99.00,60.00,9.0854,-1,-1,-1
4675,9,806.00,1282.00,111.00,97.00,5.7279,-1,-1,-1
4676,29,1258.00,1138.00,101.00,60.00,9.0503,-1,-1,-1
4676,9,805.00,1285.00,111.00,94.00,5.9003,-1,-1,-1
4677,29,1258.00,1138.00,101.00,60.00,6.3686,-1,-1,-1
4677,9,801.00,1287.00,114.00,96.00,6.0520,-1,-1,-1
4678,9,801.00,1284.00,119.00,97.00,6.1925,-1,-1,-1
4678,29,1258.00,1138.00,101.00,60.00,4.4193,-1,-1,-1
4679,9,798.00,1282.00,122.00,101.00,6.2870,-1,-1,-1
4680,9,798.00,1279.00,127.00,104.00,6.4183,-1,-1,-1
4681,9,796.00,1280.00,127.00,106.00,6.5113,-1,-1,-1
4682,9,794.00,1281.00,126.00,107.00,6.5748,-1,-1,-1
4683,9,793.00,1282.00,127.00,108.00,6.6375,-1,-1,-1
4684,9,792.00,1283.00,130.00,107.00,6.6754,-1,-1,-1
4684,30,1237.00,1148.00,97.00,61.00,3.4171,-1,-1,-1
4685,9,792.00,1285.00,129.00,106.00,6.5615,-1,-1,-1
4685,30,1237.00,1148.00,97.00,61.00,4.3974,-1,-1,-1
4686,9,790.00,1294.00,118.00,101.00,6.2429,-1,-1,-1
4686,30,1235.00,1148.00,98.00,61.00,5.2330,-1,-1,-1
4687,30,1234.00,1149.00,97.00,61.00,5.9395,-1,-1,-1
4687,9,782.00,1300.00,118.00,101.00,4.8065,-1,-1,-1
4688,30,1234.00,1149.00,98.00,61.00,6.5563,-1,-1,-1
4688,9,775.00,1307.00,118.00,101.00,3.5855,-1,-1,-1
4689,30,1233.00,1149.00,98.00,62.00,7.0914,-1,-1,-1
4690,30,1233.00,1149.00,97.00,62.00,7.5306,-1,-1,-1
4691,30,1232.00,1149.00,97.00,62.00,7.8991,-1,-1,-1
4692,30,1231.00,1149.00,98.00,62.00,8.2002,-1,-1,-1
4693,30,1231.00,1150.00,99.00,62.00,8.4396,-1,-1,-1
4694,30,1230.00,1150.00,101.00,62.00,8.6790,-1,-1,-1
4695,30,1228.00,1151.00,100.00,61.00,8.8270,-1,-1,-1
4696,30,1227.00,1152.00,101.00,61.00,8.9558,-1,-1,-1
4696,9,710.00,1280.00,20.00,12.00,0.8337,-1,-1,-1
4697,30,1226.00,1152.00,102.00,61.00,9.0602,-1,-1,-1
4697,9,581.00,1222.00,20.00,12.00,0.2086,-1,-1,-1
4698,30,1226.00,1152.00,102.00,61.00,9.1452,-1,-1,-1
4699,30,1226.00,1152.00,102.00,61.00,6.4368,-1,-1,-1
4700,30,1225.00,1153.00,102.00,61.00,4.4680,-1,-1,-1
4700,31,770.00,1312.00,112.00,97.00,2.8745,-1,-1,-1
4701,31,769.00,1314.00,110.00,96.00,3.5426,-1,-1,-1
4702,31,769.00,1321.00,102.00,90.00,4.1383,-1,-1,-1
4703,31,768.00,1318.00,105.00,94.00,4.6877,-1,-1,-1
4704,31,766.00,1322.00,103.00,92.00,5.1615,-1,-1,-1
4705,31,765.00,1323.00,103.00,92.00,5.5949,-1,-1,-1
4706,31,764.00,1324.00,103.00,91.00,6.0169,-1,-1,-1
4707,31,763.00,1324.00,106.00,93.00,6.3502,-1,-1,-1
4708,31,761.00,1321.00,108.00,98.00,6.6248,-1,-1,-1
4709,31,759.00,1324.00,108.00,95.00,6.8594,-1,-1,-1
4710,31,758.00,1324.00,109.00,97.00,7.0780,-1,-1,-1
4711,31,757.00,1326.00,108.00,96.00,7.2996,-1,-1,-1
4712,31,756.00,1325.00,111.00,98.00,7.5168,-1,-1,-1
4713,31,755.00,1326.00,110.00,98.00,7.6963,-1,-1,-1
4714,31,753.00,1327.00,110.00,99.00,7.7902,-1,-1,-1
4715,31,752.00,1329.00,109.00,98.00,7.8377,-1,-1,-1
4716,31,750.00,1328.00,112.00,101.00,7.8717,-1,-1,-1
4717,31,751.00,1333.00,104.00,96.00,7.8640,-1,-1,-1
4718,31,750.00,1334.00,105.00,97.00,7.8154,-1,-1,-1
4719,31,749.00,1338.00,102.00,94.00,7.8985,-1,-1,-1
4720,31,748.00,1339.00,101.00,93.00,7.9680,-1,-1,-1
4721,31,746.00,1340.00,101.00,93.00,5.5925,-1,-1,-1
4722,31,745.00,1342.00,101.00,93.00,3.8690,-1,-1,-1
4729,32,730.00,1357.00,97.00,88.00,2.8646,-1,-1,-1
4730,32,729.00,1357.00,99.00,90.00,3.7552,-1,-1,-1
4731,32,727.00,1357.00,102.00,91.00,4.4964,-1,-1,-1
4732,32,725.00,1357.00,103.00,91.00,5.1866,-1,-1,-1
4733,32,724.00,1358.00,104.00,92.00,5.7944,-1,-1,-1
4734,32,724.00,1363.00,97.00,88.00,6.3086,-1,-1,-1
4735,32,723.00,1364.00,98.00,88.00,6.7986,-1,-1,-1
4736,32,722.00,1368.00,94.00,85.00,7.1971,-1,-1,-1
4737,32,720.00,1367.00,98.00,88.00,7.5743,-1,-1,-1
4738,32,718.00,1368.00,98.00,88.00,7.8560,-1,-1,-1
4739,32,717.00,1370.00,98.00,88.00,8.0424,-1,-1,-1
4740,32,715.00,1370.00,99.00,90.00,8.1172,-1,-1,-1
4741,32,715.00,1374.00,96.00,86.00,8.1388,-1,-1,-1
4742,32,714.00,1374.00,97.00,87.00,8.1854,-1,-1,-1
4743,32,713.00,1376.00,97.00,87.00,8.2735,-1,-1,-1
4744,32,712.00,1375.00,101.00,90.00,8.4258,-1,-1,-1
4744,33,1144.00,1187.00,98.00,63.00,3.2487,-1,-1,-1
4745,32,710.00,1375.00,101.00,92.00,8.5782,-1,-1,-1
4745,33,1144.00,1187.00,98.00,63.00,4.1648,-1,-1,-1
4746,32,709.00,1374.00,104.00,95.00,8.7257,-1,-1,-1
4746,33,1143.00,1187.00,99.00,63.00,4.9601,-1,-1,-1
4747,32,708.00,1376.00,102.00,92.00,8.8404,-1,-1,-1
4747,33,1142.00,1188.00,101.00,63.00,5.6367,-1,-1,-1
4748,32,707.00,1376.00,104.00,95.00,8.8758,-1,-1,-1
4748,33,1141.00,1188.00,101.00,63.00,6.1971,-1,-1,-1
4749,32,706.00,1377.00,104.00,94.00,8.8618,-1,-1,-1
4749,33,1140.00,1188.00,102.00,64.00,6.6937,-1,-1,-1
4750,32,705.00,1377.00,103.00,94.00,8.7980,-1,-1,-1
4750,33,1139.00,1188.00,101.00,65.00,7.1067,-1,-1,-1
4751,32,706.00,1385.00,92.00,87.00,8.6710,-1,-1,-1
4751,33,1139.00,1190.00,101.00,63.00,7.4432,-1,-1,-1
4752,32,704.00,1386.00,92.00,88.00,8.5691,-1,-1,-1
4752,33,1138.00,1190.00,101.00,64.00,7.7718,-1,-1,-1
4753,32,703.00,1386.00,94.00,89.00,8.5161,-1,-1,-1
4753,33,1138.00,1191.00,101.00,63.00,8.0667,-1,-1,-1
4754,32,702.00,1387.00,95.00,89.00,8.4347,-1,-1,-1
4754,33,1137.00,1192.00,100.00,63.00,8.3463,-1,-1,-1
4755,33,1137.00,1192.00,100.00,63.00,8.5813,-1,-1,-1
4755,32,701.00,1389.00,93.00,89.00,8.3988,-1,-1,-1
4756,33,1137.00,1192.00,99.00,62.00,8.7555,-1,-1,-1
4756,32,699.00,1390.00,93.00,89.00,5.9021,-1,-1,-1
4757,33,1136.00,1192.00,100.00,63.00,8.9337,-1,-1,-1
4757,32,697.00,1392.00,93.00,89.00,4.0918,-1,-1,-1
4758,33,1136.00,1193.00,101.00,62.00,9.0754,-1,-1,-1
4759,33,1135.00,1195.00,100.00,60.00,9.1833,-1,-1,-1
4760,33,1133.00,1196.00,100.00,60.00,6.4666,-1,-1,-1
4761,33,1131.00,1197.00,100.00,60.00,4.4867,-1,-1,-1
