4,1,2166.00,1347.00,66.00,87.00,3.8554,-1,-1,-1
4,2,1859.00,1164.00,87.00,106.00,3.8173,-1,-1,-1
5,1,2166.00,1348.00,66.00,88.00,4.4816,-1,-1,-1
5,2,1860.00,1164.00,86.00,106.00,4.4488,-1,-1,-1
6,1,2167.00,1349.00,66.00,88.00,5.0117,-1,-1,-1
6,2,1861.00,1164.00,85.00,107.00,4.9853,-1,-1,-1
7,1,2167.00,1350.00,65.00,87.00,5.4585,-1,-1,-1
7,2,1860.00,1165.00,86.00,107.00,5.4256,-1,-1,-1
8,1,2167.00,1351.00,65.00,87.00,5.8265,-1,-1,-1
8,2,1858.00,1167.00,88.00,107.00,5.7990,-1,-1,-1
9,2,1859.00,1169.00,87.00,105.00,6.1308,-1,-1,-1
9,1,2167.00,1351.00,63.00,89.00,6.1214,-1,-1,-1
10,2,1859.00,1169.00,87.00,107.00,6.4116,-1,-1,-1
10,1,2167.00,1352.00,64.00,89.00,6.3823,-1,-1,-1
11,2,1860.00,1169.00,86.00,106.00,6.6530,-1,-1,-1
11,1,2167.00,1353.00,64.00,89.00,6.5974,-1,-1,-1
12,2,1861.00,1169.00,85.00,107.00,6.8698,-1,-1,-1
12,1,2168.00,1354.00,63.00,88.00,6.7883,-1,-1,-1
13,2,1861.00,1169.00,85.00,108.00,7.0564,-1,-1,-1
13,1,2168.00,1354.00,64.00,89.00,6.9500,-1,-1,-1
14,2,1861.00,1169.00,85.00,108.00,7.2174,-1,-1,-1
14,1,2169.00,1354.00,63.00,89.00,7.0922,-1,-1,-1
15,2,1861.00,1169.00,85.00,109.00,7.3526,-1,-1,-1
15,1,2169.00,1354.00,63.00,90.00,7.2144,-1,-1,-1
16,2,1862.00,1169.00,84.00,110.00,7.4648,-1,-1,-1
16,1,2168.00,1354.00,65.00,91.00,7.3192,-1,-1,-1
17,2,1862.00,1169.00,84.00,110.00,7.5606,-1,-1,-1
17,1,2169.00,1354.00,64.00,91.00,7.4058,-1,-1,-1
18,2,1863.00,1169.00,82.00,109.00,7.6371,-1,-1,-1
18,1,2168.00,1354.00,66.00,92.00,7.4813,-1,-1,-1
19,2,1863.00,1169.00,83.00,109.00,7.7012,-1,-1,-1
19,1,2168.00,1355.00,66.00,91.00,7.5425,-1,-1,-1
20,2,1864.00,1168.00,82.00,110.00,7.7544,-1,-1,-1
20,1,2169.00,1354.00,65.00,92.00,7.5953,-1,-1,-1
21,2,1863.00,1167.00,83.00,113.00,7.7993,-1,-1,-1
21,1,2169.00,1355.00,65.00,91.00,7.6436,-1,-1,-1
22,2,1863.00,1167.00,83.00,114.00,7.8349,-1,-1,-1
22,1,2169.00,1355.00,65.00,91.00,7.6903,-1,-1,-1
23,2,1862.00,1166.00,84.00,116.00,7.8662,-1,-1,-1
23,1,2169.00,1355.00,66.00,91.00,7.7295,-1,-1,-1
24,2,1862.00,1166.00,85.00,117.00,7.8937,-1,-1,-1
24,1,2169.00,1355.00,66.00,91.00,7.7650,-1,-1,-1
25,2,1861.00,1166.00,86.00,117.00,7.9120,-1,-1,-1
25,1,2170.00,1354.00,65.00,93.00,7.7961,-1,-1,-1
26,2,1862.00,1165.00,85.00,118.00,7.9276,-1,-1,-1
26,1,2170.00,1354.00,66.00,93.00,7.8215,-1,-1,-1
27,2,1863.00,1165.00,84.00,118.00,7.9458,-1,-1,-1
27,1,2170.00,1354.00,66.00,93.00,7.8488,-1,-1,-1
28,2,1865.00,1165.00,82.00,117.00,7.9617,-1,-1,-1
28,1,2170.00,1354.00,67.00,94.00,7.8740,-1,-1,-1
29,2,1866.00,1165.00,82.00,116.00,7.9797,-1,-1,-1
29,1,2170.00,1354.00,67.00,94.00,7.8915,-1,-1,-1
30,2,1865.00,1164.00,83.00,118.00,7.9817,-1,-1,-1
30,1,2170.00,1354.00,67.00,94.00,7.9058,-1,-1,-1
31,2,1865.00,1164.00,83.00,118.00,7.9860,-1,-1,-1
31,1,2171.00,1354.00,66.00,94.00,7.9153,-1,-1,-1
32,2,1866.00,1164.00,83.00,117.00,7.9838,-1,-1,-1
32,1,2171.00,1354.00,67.00,95.00,7.9198,-1,-1,-1
33,2,1866.00,1163.00,83.00,119.00,7.9700,-1,-1,-1
33,1,2171.00,1354.00,67.00,95.00,7.9233,-1,-1,-1
34,2,1867.00,1163.00,82.00,119.00,7.9559,-1,-1,-1
34,1,2172.00,1354.00,66.00,94.00,7.9248,-1,-1,-1
35,1,2170.00,1353.00,68.00,95.00,7.9407,-1,-1,-1
35,2,1867.00,1162.00,81.00,119.00,7.9126,-1,-1,-1
36,1,2168.00,1353.00,66.00,92.00,7.9555,-1,-1,-1
36,2,1863.00,1162.00,82.00,122.00,7.8419,-1,-1,-1
37,1,2166.00,1351.00,64.00,92.00,7.9584,-1,-1,-1
37,2,1863.00,1161.00,76.00,120.00,7.7820,-1,-1,-1
38,1,2161.00,1349.00,67.00,93.00,7.9595,-1,-1,-1
38,2,1859.00,1158.00,75.00,118.00,7.7540,-1,-1,-1
39,1,2158.00,1349.00,64.00,94.00,7.9671,-1,-1,-1
39,2,1854.00,1160.00,73.00,114.00,7.7537,-1,-1,-1
40,1,2152.00,1350.00,64.00,90.00,7.9061,-1,-1,-1
40,2,1852.00,1159.00,71.00,112.00,7.7762,-1,-1,-1
41,1,2147.00,1346.00,68.00,92.00,7.8477,-1,-1,-1
41,2,1849.00,1158.00,69.00,114.00,7.7260,-1,-1,-1
42,1,2143.00,1345.00,69.00,92.00,7.8631,-1,-1,-1
42,2,1841.00,1159.00,74.00,120.00,7.7022,-1,-1,-1
43,1,2141.00,1344.00,65.00,90.00,7.9086,-1,-1,-1
43,2,1838.00,1156.00,73.00,118.00,7.7344,-1,-1,-1
44,1,2135.00,1344.00,69.00,91.00,7.9142,-1,-1,-1
44,2,1835.00,1157.00,71.00,113.00,7.6773,-1,-1,-1
45,1,2132.00,1343.00,67.00,88.00,7.9198,-1,-1,-1
45,2,1832.00,1157.00,67.00,109.00,7.6941,-1,-1,-1
46,1,2124.00,1341.00,69.00,92.00,7.8672,-1,-1,-1
46,2,1823.00,1155.00,70.00,119.00,7.5890,-1,-1,-1
47,1,2118.00,1339.00,68.00,92.00,7.9140,-1,-1,-1
47,2,1817.00,1154.00,67.00,116.00,7.6082,-1,-1,-1
48,1,2109.00,1338.00,68.00,91.00,7.9121,-1,-1,-1
48,2,1812.00,1156.00,61.00,103.00,7.6443,-1,-1,-1
49,1,2097.00,1337.00,68.00,91.00,7.9199,-1,-1,-1
49,2,1799.00,1154.00,63.00,116.00,7.6260,-1,-1,-1
50,1,2091.00,1334.00,67.00,92.00,7.8590,-1,-1,-1
50,2,1790.00,1152.00,64.00,109.00,7.5956,-1,-1,-1
51,1,2081.00,1335.00,70.00,90.00,7.8624,-1,-1,-1
51,2,1782.00,1152.00,61.00,105.00,7.6344,-1,-1,-1
52,1,2077.00,1332.00,70.00,92.00,7.8538,-1,-1,-1
52,2,1777.00,1151.00,63.00,114.00,7.5792,-1,-1,-1
53,1,2075.00,1332.00,69.00,91.00,7.8047,-1,-1,-1
53,2,1773.00,1147.00,64.00,130.00,7.6078,-1,-1,-1
54,1,2074.00,1331.00,71.00,92.00,7.7774,-1,-1,-1
54,2,1776.00,1150.00,61.00,117.00,7.6363,-1,-1,-1
55,1,2075.00,1331.00,71.00,95.00,7.7550,-1,-1,-1
55,2,1775.00,1148.00,61.00,119.00,7.6818,-1,-1,-1
56,1,2075.00,1331.00,71.00,94.00,7.7414,-1,-1,-1
56,2,1774.00,1147.00,61.00,119.00,7.7286,-1,-1,-1
57,2,1772.00,1145.00,63.00,121.00,7.7543,-1,-1,-1
57,1,2074.00,1330.00,72.00,95.00,7.7432,-1,-1,-1
58,2,1772.00,1145.00,62.00,119.00,7.7767,-1,-1,-1
58,1,2075.00,1330.00,70.00,94.00,7.7405,-1,-1,-1
59,2,1771.00,1145.00,63.00,119.00,7.7870,-1,-1,-1
59,1,2074.00,1330.00,71.00,92.00,7.7527,-1,-1,-1
60,2,1771.00,1145.00,63.00,119.00,7.7718,-1,-1,-1
60,1,2074.00,1329.00,71.00,92.00,7.7683,-1,-1,-1
61,1,2074.00,1329.00,71.00,92.00,7.7750,-1,-1,-1
61,2,1771.00,1145.00,63.00,115.00,7.7532,-1,-1,-1
62,1,2074.00,1328.00,71.00,92.00,7.7858,-1,-1,-1
62,2,1773.00,1144.00,58.00,109.00,7.6822,-1,-1,-1
63,1,2074.00,1328.00,71.00,91.00,7.7914,-1,-1,-1
63,2,1769.00,1141.00,65.00,124.00,7.5995,-1,-1,-1
64,1,2074.00,1327.00,71.00,92.00,7.8013,-1,-1,-1
64,2,1771.00,1141.00,60.00,113.00,7.5358,-1,-1,-1
65,1,2073.00,1327.00,72.00,92.00,7.8059,-1,-1,-1
65,2,1770.00,1139.00,61.00,117.00,7.4376,-1,-1,-1
66,1,2073.00,1326.00,72.00,92.00,7.8015,-1,-1,-1
66,2,1770.00,1138.00,61.00,117.00,7.3801,-1,-1,-1
67,1,2073.00,1326.00,71.00,92.00,7.7991,-1,-1,-1
67,2,1770.00,1138.00,61.00,114.00,7.3837,-1,-1,-1
68,1,2073.00,1326.00,72.00,91.00,7.7799,-1,-1,-1
68,2,1770.00,1136.00,60.00,116.00,7.3432,-1,-1,-1
69,1,2073.00,1326.00,71.00,91.00,7.7677,-1,-1,-1
69,2,1772.00,1136.00,58.00,110.00,7.2592,-1,-1,-1
70,1,2073.00,1326.00,70.00,90.00,7.7608,-1,-1,-1
70,2,1771.00,1135.00,59.00,111.00,7.1600,-1,-1,-1
71,1,2073.00,1325.00,70.00,91.00,7.7528,-1,-1,-1
71,2,1770.00,1136.00,57.00,101.00,7.1384,-1,-1,-1
72,1,2073.00,1325.00,69.00,90.00,7.7471,-1,-1,-1
72,2,1769.00,1135.00,57.00,102.00,7.1654,-1,-1,-1
73,1,2073.00,1325.00,68.00,90.00,7.7387,-1,-1,-1
73,2,1767.00,1133.00,60.00,103.00,7.2082,-1,-1,-1
74,1,2073.00,1325.00,68.00,89.00,7.7181,-1,-1,-1
74,2,1767.00,1132.00,59.00,100.00,7.2927,-1,-1,-1
75,1,2073.00,1325.00,67.00,89.00,7.7022,-1,-1,-1
75,2,1765.00,1129.00,62.00,107.00,7.3167,-1,-1,-1
76,1,2074.00,1324.00,68.00,88.00,7.6881,-1,-1,-1
76,2,1765.00,1127.00,61.00,107.00,7.3351,-1,-1,-1
77,1,2073.00,1324.00,68.00,88.00,7.6840,-1,-1,-1
77,2,1764.00,1124.00,65.00,116.00,7.3043,-1,-1,-1
78,1,2074.00,1324.00,67.00,87.00,7.6774,-1,-1,-1
78,2,1763.00,1123.00,65.00,114.00,7.2908,-1,-1,-1
79,1,2073.00,1323.00,69.00,88.00,7.6729,-1,-1,-1
79,2,1761.00,1123.00,69.00,117.00,7.2819,-1,-1,-1
80,1,2073.00,1323.00,69.00,88.00,7.6715,-1,-1,-1
80,2,1760.00,1122.00,71.00,119.00,7.2994,-1,-1,-1
81,1,2073.00,1322.00,69.00,89.00,7.6663,-1,-1,-1
81,2,1759.00,1120.00,73.00,125.00,7.2854,-1,-1,-1
82,1,2073.00,1321.00,69.00,89.00,7.6598,-1,-1,-1
82,2,1758.00,1119.00,75.00,124.00,7.2998,-1,-1,-1
82,3,1703.00,1257.00,73.00,45.00,2.7509,-1,-1,-1
83,1,2073.00,1321.00,69.00,89.00,7.6557,-1,-1,-1
83,2,1757.00,1117.00,77.00,128.00,7.2899,-1,-1,-1
83,3,1702.00,1256.00,76.00,46.00,3.1127,-1,-1,-1
84,1,2074.00,1320.00,69.00,89.00,7.6487,-1,-1,-1
84,2,1757.00,1114.00,80.00,135.00,7.2202,-1,-1,-1
84,3,1702.00,1256.00,74.00,46.00,3.4117,-1,-1,-1
85,1,2075.00,1320.00,68.00,89.00,7.6349,-1,-1,-1
85,2,1757.00,1112.00,80.00,139.00,7.1208,-1,-1,-1
85,3,1701.00,1255.00,72.00,46.00,3.6929,-1,-1,-1
86,1,2075.00,1320.00,69.00,89.00,7.6259,-1,-1,-1
86,2,1760.00,1114.00,71.00,124.00,7.0213,-1,-1,-1
86,3,1701.00,1255.00,70.00,45.00,3.9162,-1,-1,-1
87,1,2075.00,1319.00,69.00,89.00,7.6112,-1,-1,-1
87,2,1759.00,1113.00,75.00,123.00,7.0668,-1,-1,-1
87,3,1701.00,1255.00,68.00,45.00,4.0827,-1,-1,-1
88,1,2076.00,1319.00,69.00,89.00,7.5995,-1,-1,-1
88,2,1759.00,1112.00,75.00,122.00,7.1074,-1,-1,-1
88,3,1702.00,1256.00,65.00,44.00,4.2519,-1,-1,-1
89,1,2077.00,1318.00,69.00,89.00,7.5997,-1,-1,-1
89,2,1760.00,1110.00,74.00,120.00,7.1516,-1,-1,-1
89,3,1702.00,1255.00,66.00,44.00,4.4200,-1,-1,-1
90,1,2077.00,1316.00,70.00,90.00,7.6253,-1,-1,-1
90,2,1761.00,1109.00,74.00,123.00,7.1607,-1,-1,-1
90,3,1702.00,1256.00,62.00,43.00,4.6127,-1,-1,-1
91,1,2078.00,1317.00,70.00,89.00,7.6771,-1,-1,-1
91,2,1760.00,1104.00,78.00,131.00,7.0803,-1,-1,-1
91,3,1703.00,1256.00,60.00,43.00,4.7599,-1,-1,-1
92,1,2079.00,1316.00,70.00,89.00,7.7372,-1,-1,-1
92,2,1761.00,1105.00,73.00,111.00,7.0965,-1,-1,-1
92,3,1703.00,1255.00,62.00,44.00,4.9368,-1,-1,-1
93,1,2081.00,1316.00,68.00,89.00,7.7806,-1,-1,-1
93,2,1762.00,1103.00,71.00,107.00,7.1595,-1,-1,-1
93,3,1703.00,1255.00,64.00,43.00,5.0686,-1,-1,-1
94,1,2083.00,1315.00,68.00,90.00,7.8105,-1,-1,-1
94,2,1763.00,1101.00,70.00,112.00,7.1321,-1,-1,-1
94,3,1703.00,1254.00,65.00,43.00,5.1647,-1,-1,-1
95,1,2085.00,1315.00,67.00,89.00,7.8108,-1,-1,-1
95,2,1763.00,1101.00,69.00,104.00,7.1095,-1,-1,-1
95,3,1703.00,1253.00,68.00,43.00,5.2628,-1,-1,-1
96,1,2086.00,1313.00,68.00,90.00,7.7849,-1,-1,-1
96,2,1763.00,1099.00,73.00,111.00,6.9934,-1,-1,-1
96,3,1704.00,1253.00,68.00,43.00,5.3583,-1,-1,-1
97,1,2086.00,1312.00,70.00,91.00,7.7284,-1,-1,-1
97,2,1767.00,1105.00,67.00,96.00,6.9111,-1,-1,-1
97,3,1704.00,1252.00,70.00,44.00,5.4150,-1,-1,-1
98,1,2089.00,1309.00,69.00,92.00,7.6683,-1,-1,-1
98,2,1766.00,1103.00,77.00,99.00,6.9859,-1,-1,-1
98,3,1705.00,1251.00,70.00,44.00,5.5106,-1,-1,-1
99,1,2092.00,1307.00,67.00,92.00,7.6611,-1,-1,-1
99,2,1765.00,1102.00,83.00,102.00,7.0914,-1,-1,-1
99,3,1706.00,1251.00,66.00,43.00,5.6149,-1,-1,-1
100,1,2092.00,1307.00,68.00,93.00,7.6691,-1,-1,-1
100,2,1767.00,1100.00,76.00,97.00,7.1789,-1,-1,-1
100,3,1707.00,1249.00,68.00,45.00,5.7571,-1,-1,-1
101,1,2094.00,1306.00,67.00,92.00,7.7079,-1,-1,-1
101,2,1768.00,1099.00,79.00,100.00,7.2457,-1,-1,-1
101,3,1709.00,1248.00,67.00,46.00,5.8573,-1,-1,-1
102,1,2096.00,1305.00,67.00,92.00,7.7450,-1,-1,-1
102,2,1766.00,1097.00,91.00,106.00,7.3565,-1,-1,-1
102,3,1711.00,1247.00,66.00,47.00,5.8888,-1,-1,-1
103,1,2096.00,1303.00,70.00,92.00,7.7662,-1,-1,-1
103,2,1766.00,1096.00,91.00,105.00,7.4466,-1,-1,-1
103,3,1713.00,1247.00,65.00,45.00,5.8642,-1,-1,-1
104,1,2099.00,1303.00,68.00,91.00,7.7711,-1,-1,-1
104,2,1768.00,1095.00,91.00,102.00,7.5185,-1,-1,-1
104,3,1714.00,1245.00,69.00,47.00,5.8360,-1,-1,-1
105,1,2101.00,1305.00,67.00,90.00,7.7498,-1,-1,-1
105,2,1768.00,1094.00,91.00,98.00,7.5607,-1,-1,-1
105,3,1715.00,1243.00,75.00,48.00,5.7930,-1,-1,-1
106,1,2103.00,1303.00,67.00,89.00,7.7474,-1,-1,-1
106,2,1769.00,1093.00,95.00,97.00,7.5896,-1,-1,-1
106,3,1716.00,1243.00,74.00,48.00,5.8044,-1,-1,-1
107,1,2105.00,1300.00,69.00,92.00,7.7634,-1,-1,-1
107,2,1770.00,1091.00,91.00,95.00,7.6091,-1,-1,-1
107,3,1717.00,1244.00,70.00,46.00,5.8384,-1,-1,-1
108,1,2109.00,1300.00,69.00,88.00,7.7671,-1,-1,-1
108,2,1771.00,1090.00,91.00,94.00,7.6293,-1,-1,-1
108,3,1719.00,1242.00,71.00,47.00,5.7099,-1,-1,-1
109,1,2109.00,1298.00,71.00,90.00,7.7805,-1,-1,-1
109,2,1774.00,1089.00,91.00,93.00,7.6654,-1,-1,-1
109,3,1721.00,1241.00,74.00,48.00,5.6614,-1,-1,-1
110,1,2111.00,1295.00,71.00,89.00,7.7801,-1,-1,-1
110,2,1774.00,1088.00,93.00,93.00,7.6815,-1,-1,-1
110,3,1723.00,1239.00,81.00,47.00,5.6553,-1,-1,-1
111,1,2114.00,1292.00,70.00,91.00,7.8149,-1,-1,-1
111,2,1776.00,1087.00,89.00,87.00,7.6766,-1,-1,-1
111,3,1724.00,1237.00,83.00,48.00,5.7380,-1,-1,-1
112,1,2115.00,1291.00,70.00,91.00,7.8565,-1,-1,-1
112,2,1777.00,1085.00,90.00,87.00,7.6700,-1,-1,-1
112,3,1724.00,1236.00,85.00,48.00,5.8694,-1,-1,-1
113,1,2117.00,1291.00,68.00,90.00,7.8978,-1,-1,-1
113,2,1776.00,1082.00,90.00,88.00,7.6586,-1,-1,-1
113,3,1725.00,1236.00,83.00,46.00,5.9630,-1,-1,-1
114,1,2118.00,1288.00,67.00,93.00,7.9250,-1,-1,-1
114,2,1777.00,1079.00,89.00,89.00,7.6083,-1,-1,-1
114,3,1725.00,1234.00,86.00,47.00,6.0321,-1,-1,-1
115,1,2120.00,1287.00,66.00,93.00,7.9055,-1,-1,-1
115,2,1777.00,1079.00,91.00,88.00,7.5558,-1,-1,-1
115,3,1727.00,1233.00,80.00,47.00,6.1099,-1,-1,-1
116,1,2121.00,1287.00,64.00,91.00,7.8601,-1,-1,-1
116,2,1776.00,1076.00,94.00,90.00,7.5490,-1,-1,-1
116,3,1727.00,1231.00,83.00,47.00,6.1903,-1,-1,-1
117,1,2123.00,1284.00,69.00,95.00,7.7988,-1,-1,-1
117,2,1774.00,1074.00,98.00,92.00,7.5617,-1,-1,-1
117,3,1728.00,1231.00,79.00,46.00,6.2561,-1,-1,-1
118,1,2124.00,1283.00,68.00,92.00,7.7262,-1,-1,-1
118,2,1773.00,1071.00,101.00,94.00,7.6136,-1,-1,-1
118,3,1729.00,1231.00,74.00,44.00,6.3125,-1,-1,-1
119,1,2128.00,1280.00,66.00,92.00,7.6905,-1,-1,-1
119,2,1773.00,1069.00,103.00,92.00,7.6711,-1,-1,-1
119,3,1729.00,1230.00,76.00,44.00,6.3329,-1,-1,-1
120,2,1773.00,1067.00,104.00,91.00,7.7134,-1,-1,-1
120,1,2129.00,1278.00,66.00,92.00,7.7038,-1,-1,-1
120,3,1731.00,1229.00,72.00,44.00,6.3572,-1,-1,-1
121,2,1773.00,1065.00,103.00,89.00,7.7350,-1,-1,-1
121,1,2131.00,1277.00,65.00,91.00,7.7203,-1,-1,-1
121,3,1732.00,1226.00,72.00,46.00,6.3597,-1,-1,-1
122,2,1772.00,1063.00,105.00,89.00,7.7128,-1,-1,-1
122,1,2133.00,1275.00,64.00,91.00,7.6972,-1,-1,-1
122,3,1732.00,1225.00,71.00,47.00,6.3785,-1,-1,-1
123,1,2134.00,1272.00,69.00,89.00,7.7057,-1,-1,-1
123,2,1772.00,1060.00,108.00,92.00,7.6525,-1,-1,-1
123,3,1734.00,1222.00,77.00,49.00,6.2619,-1,-1,-1
124,1,2137.00,1269.00,67.00,90.00,7.7291,-1,-1,-1
124,2,1773.00,1056.00,109.00,93.00,7.6154,-1,-1,-1
124,3,1735.00,1222.00,64.00,48.00,6.2880,-1,-1,-1
125,1,2140.00,1266.00,62.00,92.00,7.7490,-1,-1,-1
125,2,1772.00,1054.00,114.00,98.00,7.6266,-1,-1,-1
125,3,1736.00,1220.00,69.00,48.00,6.2629,-1,-1,-1
126,1,2143.00,1265.00,59.00,92.00,7.7700,-1,-1,-1
126,2,1773.00,1052.00,109.00,92.00,7.6332,-1,-1,-1
126,3,1737.00,1217.00,72.00,49.00,6.2024,-1,-1,-1
127,1,2144.00,1262.00,57.00,93.00,7.7494,-1,-1,-1
127,2,1774.00,1050.00,108.00,91.00,7.6250,-1,-1,-1
127,3,1739.00,1216.00,79.00,48.00,6.2189,-1,-1,-1
128,1,2147.00,1259.00,57.00,94.00,7.7438,-1,-1,-1
128,2,1773.00,1045.00,110.00,92.00,7.6317,-1,-1,-1
128,3,1740.00,1214.00,79.00,48.00,6.1390,-1,-1,-1
129,1,2148.00,1257.00,57.00,95.00,7.7496,-1,-1,-1
129,2,1775.00,1043.00,108.00,90.00,7.6121,-1,-1,-1
129,3,1743.00,1210.00,84.00,50.00,6.0892,-1,-1,-1
130,1,2150.00,1255.00,57.00,92.00,7.7460,-1,-1,-1
130,2,1773.00,1042.00,120.00,95.00,7.5914,-1,-1,-1
130,3,1744.00,1208.00,84.00,51.00,6.0839,-1,-1,-1
131,1,2154.00,1252.00,55.00,93.00,7.7304,-1,-1,-1
131,2,1774.00,1038.00,118.00,98.00,7.5756,-1,-1,-1
131,3,1746.00,1205.00,84.00,52.00,6.0762,-1,-1,-1
132,1,2157.00,1249.00,53.00,89.00,7.6456,-1,-1,-1
132,2,1777.00,1035.00,119.00,100.00,7.5978,-1,-1,-1
132,3,1748.00,1205.00,76.00,49.00,6.0899,-1,-1,-1
133,1,2158.00,1247.00,55.00,90.00,7.6594,-1,-1,-1
133,2,1778.00,1031.00,121.00,103.00,7.6389,-1,-1,-1
133,3,1749.00,1202.00,82.00,50.00,6.0772,-1,-1,-1
134,2,1780.00,1026.00,116.00,100.00,7.6935,-1,-1,-1
134,1,2159.00,1244.00,54.00,89.00,7.6825,-1,-1,-1
134,3,1750.00,1201.00,76.00,49.00,6.0847,-1,-1,-1
135,2,1782.00,1025.00,114.00,95.00,7.6967,-1,-1,-1
135,1,2161.00,1240.00,54.00,93.00,7.6954,-1,-1,-1
135,3,1751.00,1199.00,71.00,49.00,6.0345,-1,-1,-1
136,2,1784.00,1022.00,119.00,100.00,7.6981,-1,-1,-1
136,1,2165.00,1237.00,52.00,95.00,7.6731,-1,-1,-1
136,3,1753.00,1195.00,73.00,51.00,6.1100,-1,-1,-1
137,2,1785.00,1019.00,117.00,98.00,7.7132,-1,-1,-1
137,1,2168.00,1236.00,53.00,93.00,7.6366,-1,-1,-1
137,3,1755.00,1194.00,68.00,50.00,6.1820,-1,-1,-1
138,2,1785.00,1017.00,119.00,96.00,7.7280,-1,-1,-1
138,1,2170.00,1233.00,52.00,95.00,7.6198,-1,-1,-1
138,3,1757.00,1192.00,69.00,50.00,6.1994,-1,-1,-1
139,2,1786.00,1016.00,116.00,93.00,7.7119,-1,-1,-1
139,1,2172.00,1233.00,48.00,91.00,7.6326,-1,-1,-1
139,3,1759.00,1189.00,72.00,49.00,6.1512,-1,-1,-1
140,1,2174.00,1228.00,48.00,95.00,7.6741,-1,-1,-1
140,2,1788.00,1012.00,119.00,97.00,7.6739,-1,-1,-1
140,3,1762.00,1189.00,71.00,47.00,6.0759,-1,-1,-1
141,1,2176.00,1225.00,49.00,91.00,7.6990,-1,-1,-1
141,2,1791.00,1011.00,117.00,96.00,7.5622,-1,-1,-1
141,3,1765.00,1186.00,75.00,48.00,6.0148,-1,-1,-1
142,1,2176.00,1221.00,53.00,91.00,7.7095,-1,-1,-1
142,2,1792.00,1009.00,122.00,97.00,7.5634,-1,-1,-1
142,3,1769.00,1182.00,75.00,50.00,5.9561,-1,-1,-1
143,1,2178.00,1218.00,55.00,91.00,7.7255,-1,-1,-1
143,2,1792.00,1004.00,124.00,101.00,7.5515,-1,-1,-1
143,3,1771.00,1180.00,76.00,50.00,5.9809,-1,-1,-1
144,1,2181.00,1215.00,53.00,93.00,7.6969,-1,-1,-1
144,2,1794.00,1002.00,119.00,94.00,7.5097,-1,-1,-1
144,3,1773.00,1180.00,75.00,48.00,5.8609,-1,-1,-1
145,1,2184.00,1212.00,50.00,92.00,7.7208,-1,-1,-1
145,2,1794.00,999.00,121.00,95.00,7.4881,-1,-1,-1
145,3,1774.00,1176.00,70.00,49.00,5.8384,-1,-1,-1
146,1,2186.00,1210.00,51.00,93.00,7.7678,-1,-1,-1
146,2,1795.00,996.00,125.00,97.00,7.4341,-1,-1,-1
146,3,1776.00,1172.00,70.00,51.00,5.8921,-1,-1,-1
147,1,2186.00,1204.00,54.00,93.00,7.7580,-1,-1,-1
147,2,1796.00,995.00,122.00,91.00,7.3797,-1,-1,-1
147,3,1778.00,1169.00,69.00,51.00,6.0170,-1,-1,-1
148,1,2187.00,1200.00,58.00,91.00,7.7568,-1,-1,-1
148,2,1798.00,993.00,121.00,90.00,7.3358,-1,-1,-1
148,3,1780.00,1166.00,71.00,52.00,6.0082,-1,-1,-1
149,1,2189.00,1200.00,59.00,89.00,7.7349,-1,-1,-1
149,2,1800.00,988.00,119.00,91.00,7.3754,-1,-1,-1
149,3,1782.00,1164.00,73.00,51.00,5.9069,-1,-1,-1
150,1,2190.00,1196.00,59.00,90.00,7.7684,-1,-1,-1
150,2,1799.00,983.00,120.00,93.00,7.4402,-1,-1,-1
150,3,1786.00,1161.00,69.00,51.00,5.8510,-1,-1,-1
151,1,2195.00,1195.00,55.00,90.00,7.7561,-1,-1,-1
151,2,1802.00,980.00,125.00,91.00,7.4898,-1,-1,-1
151,3,1789.00,1158.00,69.00,50.00,5.7572,-1,-1,-1
152,1,2193.00,1190.00,62.00,93.00,7.8046,-1,-1,-1
152,2,1804.00,977.00,119.00,91.00,7.3729,-1,-1,-1
152,3,1792.00,1155.00,77.00,51.00,5.6873,-1,-1,-1
153,1,2197.00,1187.00,60.00,91.00,7.8694,-1,-1,-1
153,2,1806.00,974.00,119.00,89.00,7.3417,-1,-1,-1
153,3,1793.00,1153.00,75.00,51.00,5.6425,-1,-1,-1
154,1,2197.00,1181.00,62.00,92.00,7.9195,-1,-1,-1
154,2,1807.00,971.00,117.00,90.00,7.2790,-1,-1,-1
154,3,1795.00,1151.00,74.00,52.00,5.2080,-1,-1,-1
155,1,2198.00,1176.00,65.00,91.00,7.8884,-1,-1,-1
155,2,1809.00,969.00,120.00,90.00,7.2712,-1,-1,-1
155,3,1797.00,1146.00,76.00,54.00,5.2265,-1,-1,-1
156,1,2201.00,1175.00,63.00,87.00,7.8632,-1,-1,-1
156,2,1812.00,967.00,123.00,91.00,7.2760,-1,-1,-1
156,3,1799.00,1144.00,74.00,53.00,5.4114,-1,-1,-1
157,1,2202.00,1170.00,67.00,91.00,7.8610,-1,-1,-1
157,2,1814.00,962.00,122.00,90.00,7.2340,-1,-1,-1
157,3,1801.00,1140.00,77.00,54.00,5.5194,-1,-1,-1
158,1,2202.00,1166.00,71.00,93.00,7.8777,-1,-1,-1
158,2,1816.00,958.00,126.00,92.00,7.3019,-1,-1,-1
158,3,1803.00,1138.00,72.00,52.00,5.5693,-1,-1,-1
159,1,2204.00,1162.00,73.00,95.00,7.8800,-1,-1,-1
159,2,1815.00,953.00,132.00,95.00,7.3693,-1,-1,-1
159,3,1808.00,1136.00,73.00,51.00,5.4324,-1,-1,-1
160,1,2204.00,1159.00,77.00,94.00,7.8976,-1,-1,-1
160,2,1816.00,951.00,131.00,88.00,7.3526,-1,-1,-1
160,3,1811.00,1133.00,72.00,50.00,5.4503,-1,-1,-1
161,1,2207.00,1156.00,76.00,92.00,7.9309,-1,-1,-1
161,2,1819.00,947.00,130.00,92.00,7.3118,-1,-1,-1
161,3,1814.00,1131.00,78.00,50.00,5.4247,-1,-1,-1
162,1,2208.00,1153.00,77.00,89.00,7.9662,-1,-1,-1
162,2,1821.00,944.00,128.00,89.00,7.3508,-1,-1,-1
162,3,1816.00,1127.00,77.00,52.00,5.3171,-1,-1,-1
163,1,2209.00,1149.00,81.00,92.00,7.9709,-1,-1,-1
163,2,1822.00,940.00,123.00,87.00,7.3867,-1,-1,-1
163,3,1818.00,1125.00,71.00,52.00,5.2714,-1,-1,-1
164,1,2210.00,1143.00,83.00,93.00,7.9847,-1,-1,-1
164,2,1822.00,934.00,129.00,90.00,7.4573,-1,-1,-1
164,3,1822.00,1123.00,69.00,50.00,5.4181,-1,-1,-1
165,1,2212.00,1139.00,86.00,93.00,7.9967,-1,-1,-1
165,2,1823.00,932.00,132.00,92.00,7.5043,-1,-1,-1
165,3,1822.00,1119.00,79.00,52.00,5.5488,-1,-1,-1
166,1,2214.00,1138.00,88.00,92.00,8.0067,-1,-1,-1
166,2,1824.00,929.00,125.00,87.00,7.3764,-1,-1,-1
166,3,1824.00,1116.00,75.00,52.00,5.6480,-1,-1,-1
167,1,2216.00,1134.00,89.00,92.00,7.9769,-1,-1,-1
167,2,1825.00,924.00,128.00,86.00,7.3570,-1,-1,-1
167,3,1828.00,1113.00,70.00,50.00,5.6668,-1,-1,-1
168,1,2219.00,1133.00,90.00,87.00,7.9913,-1,-1,-1
168,2,1830.00,921.00,126.00,88.00,7.3048,-1,-1,-1
168,3,1833.00,1109.00,68.00,51.00,5.6467,-1,-1,-1
169,1,2220.00,1127.00,93.00,89.00,8.0134,-1,-1,-1
169,2,1833.00,919.00,137.00,92.00,7.2421,-1,-1,-1
169,3,1838.00,1105.00,76.00,52.00,5.5238,-1,-1,-1
170,1,2224.00,1124.00,94.00,88.00,7.9910,-1,-1,-1
170,2,1837.00,915.00,132.00,87.00,7.2495,-1,-1,-1
170,3,1839.00,1100.00,76.00,57.00,5.4965,-1,-1,-1
171,1,2227.00,1122.00,96.00,88.00,7.9684,-1,-1,-1
171,2,1839.00,910.00,136.00,91.00,7.2712,-1,-1,-1
171,3,1846.00,1101.00,67.00,52.00,5.5766,-1,-1,-1
172,1,2229.00,1119.00,101.00,89.00,7.9828,-1,-1,-1
172,2,1840.00,905.00,142.00,95.00,7.3234,-1,-1,-1
172,3,1849.00,1096.00,69.00,53.00,5.7064,-1,-1,-1
173,1,2233.00,1117.00,103.00,88.00,7.9770,-1,-1,-1
173,2,1844.00,905.00,131.00,85.00,7.2822,-1,-1,-1
173,3,1854.00,1095.00,66.00,53.00,5.8098,-1,-1,-1
174,1,2235.00,1114.00,103.00,88.00,7.9162,-1,-1,-1
174,2,1848.00,905.00,128.00,81.00,7.2014,-1,-1,-1
174,3,1858.00,1093.00,70.00,51.00,5.8074,-1,-1,-1
175,1,2237.00,1112.00,103.00,85.00,7.8982,-1,-1,-1
175,2,1848.00,901.00,137.00,84.00,7.1732,-1,-1,-1
175,3,1861.00,1090.00,65.00,51.00,5.9556,-1,-1,-1
176,1,2235.00,1107.00,106.00,86.00,7.8876,-1,-1,-1
176,2,1850.00,897.00,131.00,84.00,7.1959,-1,-1,-1
176,3,1864.00,1086.00,70.00,51.00,6.0170,-1,-1,-1
177,1,2237.00,1105.00,106.00,86.00,7.8683,-1,-1,-1
177,2,1850.00,895.00,135.00,83.00,7.1682,-1,-1,-1
177,3,1865.00,1084.00,72.00,51.00,6.0523,-1,-1,-1
178,1,2238.00,1101.00,104.00,82.00,7.7867,-1,-1,-1
178,2,1848.00,891.00,139.00,85.00,7.1553,-1,-1,-1
178,3,1865.00,1080.00,76.00,52.00,6.0814,-1,-1,-1
179,1,2235.00,1097.00,109.00,83.00,7.7207,-1,-1,-1
179,2,1845.00,886.00,144.00,88.00,7.1229,-1,-1,-1
179,3,1865.00,1078.00,74.00,52.00,6.0684,-1,-1,-1
180,1,2233.00,1095.00,112.00,82.00,7.6769,-1,-1,-1
180,2,1845.00,887.00,132.00,77.00,7.0241,-1,-1,-1
180,3,1864.00,1073.00,76.00,57.00,6.1296,-1,-1,-1
181,1,2232.00,1091.00,109.00,78.00,7.6384,-1,-1,-1
181,2,1843.00,880.00,136.00,81.00,6.9578,-1,-1,-1
181,3,1863.00,1071.00,76.00,57.00,6.2278,-1,-1,-1
182,1,2230.00,1088.00,110.00,77.00,7.5791,-1,-1,-1
182,2,1841.00,879.00,126.00,75.00,7.0113,-1,-1,-1
182,3,1861.00,1070.00,80.00,52.00,6.0513,-1,-1,-1
183,1,2221.00,1084.00,114.00,74.00,7.5698,-1,-1,-1
183,2,1834.00,875.00,125.00,72.00,6.9650,-1,-1,-1
183,3,1858.00,1066.00,68.00,51.00,5.9521,-1,-1,-1
184,1,2211.00,1078.00,120.00,77.00,7.5234,-1,-1,-1
184,2,1826.00,872.00,123.00,72.00,7.0711,-1,-1,-1
184,3,1849.00,1061.00,73.00,54.00,5.9786,-1,-1,-1
185,1,2201.00,1071.00,105.00,68.00,7.4542,-1,-1,-1
185,2,1813.00,868.00,129.00,74.00,7.1274,-1,-1,-1
185,3,1841.00,1058.00,79.00,54.00,6.0219,-1,-1,-1
186,1,2187.00,1064.00,121.00,74.00,7.4771,-1,-1,-1
186,2,1800.00,867.00,130.00,71.00,7.0804,-1,-1,-1
186,3,1832.00,1057.00,71.00,51.00,5.9298,-1,-1,-1
187,1,2170.00,1060.00,120.00,67.00,7.4784,-1,-1,-1
187,2,1787.00,864.00,124.00,68.00,7.1409,-1,-1,-1
187,3,1820.00,1053.00,74.00,53.00,5.9261,-1,-1,-1
188,1,2157.00,1055.00,122.00,69.00,7.4479,-1,-1,-1
188,2,1772.00,860.00,123.00,68.00,7.2107,-1,-1,-1
188,3,1806.00,1050.00,68.00,52.00,5.9868,-1,-1,-1
189,1,2142.00,1047.00,111.00,64.00,7.3643,-1,-1,-1
189,2,1755.00,858.00,121.00,65.00,7.2148,-1,-1,-1
189,3,1791.00,1047.00,80.00,54.00,5.9986,-1,-1,-1
190,1,2121.00,1043.00,123.00,62.00,7.3315,-1,-1,-1
190,2,1737.00,853.00,129.00,70.00,7.1408,-1,-1,-1
190,3,1777.00,1045.00,74.00,54.00,5.9554,-1,-1,-1
191,1,2104.00,1037.00,130.00,65.00,7.3736,-1,-1,-1
191,2,1721.00,851.00,126.00,68.00,7.2035,-1,-1,-1
191,3,1764.00,1043.00,68.00,52.00,6.0276,-1,-1,-1
192,2,1703.00,848.00,125.00,66.00,7.3093,-1,-1,-1
192,1,2089.00,1031.00,123.00,62.00,7.2370,-1,-1,-1
192,3,1749.00,1039.00,76.00,55.00,6.0553,-1,-1,-1
193,2,1684.00,845.00,127.00,67.00,7.3418,-1,-1,-1
193,1,2072.00,1022.00,122.00,65.00,7.2282,-1,-1,-1
193,3,1733.00,1036.00,72.00,53.00,6.0954,-1,-1,-1
194,2,1666.00,842.00,132.00,67.00,7.4046,-1,-1,-1
194,1,2052.00,1018.00,119.00,59.00,7.2743,-1,-1,-1
194,3,1721.00,1035.00,75.00,52.00,6.0758,-1,-1,-1
195,2,1649.00,841.00,130.00,67.00,7.4244,-1,-1,-1
195,1,2036.00,1013.00,125.00,61.00,7.2879,-1,-1,-1
195,3,1703.00,1033.00,73.00,53.00,6.1497,-1,-1,-1
196,2,1629.00,836.00,136.00,71.00,7.4979,-1,-1,-1
196,1,2023.00,1006.00,117.00,60.00,7.2260,-1,-1,-1
196,3,1690.00,1031.00,67.00,52.00,5.9822,-1,-1,-1
197,2,1614.00,837.00,125.00,66.00,7.4983,-1,-1,-1
197,1,2009.00,1002.00,106.00,54.00,7.0984,-1,-1,-1
197,3,1675.00,1029.00,72.00,53.00,5.9388,-1,-1,-1
198,2,1603.00,834.00,128.00,68.00,7.5461,-1,-1,-1
198,1,1999.00,997.00,115.00,56.00,7.1297,-1,-1,-1
198,3,1667.00,1022.00,83.00,59.00,5.8077,-1,-1,-1
199,2,1603.00,831.00,126.00,66.00,7.5710,-1,-1,-1
199,1,2000.00,994.00,117.00,54.00,7.0756,-1,-1,-1
199,3,1670.00,1023.00,84.00,55.00,5.7785,-1,-1,-1
200,2,1608.00,831.00,124.00,62.00,7.5899,-1,-1,-1
200,1,2003.00,991.00,109.00,53.00,7.0614,-1,-1,-1
200,3,1674.00,1021.00,75.00,55.00,5.7758,-1,-1,-1
201,2,1609.00,827.00,127.00,62.00,7.5548,-1,-1,-1
201,1,2009.00,989.00,103.00,50.00,7.0286,-1,-1,-1
201,3,1679.00,1016.00,78.00,57.00,5.7750,-1,-1,-1
202,2,1613.00,823.00,128.00,62.00,7.5493,-1,-1,-1
202,1,2013.00,986.00,90.00,48.00,7.0183,-1,-1,-1
202,3,1682.00,1012.00,71.00,56.00,5.8803,-1,-1,-1
203,2,1617.00,821.00,133.00,62.00,7.5808,-1,-1,-1
203,1,2017.00,981.00,102.00,51.00,6.8590,-1,-1,-1
203,3,1689.00,1011.00,72.00,53.00,5.8234,-1,-1,-1
204,2,1623.00,820.00,128.00,61.00,7.5855,-1,-1,-1
204,1,2020.00,976.00,105.00,54.00,6.7399,-1,-1,-1
204,3,1695.00,1009.00,70.00,53.00,5.6699,-1,-1,-1
205,2,1625.00,818.00,133.00,60.00,7.5881,-1,-1,-1
205,1,2025.00,975.00,99.00,50.00,6.6814,-1,-1,-1
205,3,1699.00,1006.00,69.00,53.00,5.6043,-1,-1,-1
206,2,1628.00,813.00,132.00,62.00,7.5898,-1,-1,-1
206,1,2029.00,971.00,107.00,54.00,6.6616,-1,-1,-1
206,3,1701.00,1000.00,78.00,56.00,5.6447,-1,-1,-1
207,2,1633.00,813.00,126.00,59.00,7.5786,-1,-1,-1
207,1,2032.00,966.00,101.00,56.00,6.7174,-1,-1,-1
207,3,1707.00,999.00,68.00,54.00,5.7625,-1,-1,-1
208,2,1636.00,807.00,128.00,63.00,7.5474,-1,-1,-1
208,1,2034.00,963.00,102.00,55.00,6.7443,-1,-1,-1
208,3,1714.00,998.00,73.00,52.00,5.7225,-1,-1,-1
209,2,1646.00,801.00,121.00,66.00,7.5803,-1,-1,-1
209,1,2038.00,959.00,99.00,56.00,6.6442,-1,-1,-1
209,3,1720.00,992.00,78.00,57.00,5.7555,-1,-1,-1
210,2,1645.00,802.00,131.00,63.00,7.5630,-1,-1,-1
210,1,2042.00,954.00,100.00,57.00,6.6433,-1,-1,-1
210,3,1725.00,991.00,77.00,56.00,5.7815,-1,-1,-1
211,2,1648.00,798.00,127.00,62.00,7.5653,-1,-1,-1
211,1,2045.00,951.00,98.00,56.00,6.6032,-1,-1,-1
211,3,1728.00,986.00,78.00,57.00,5.8394,-1,-1,-1
212,2,1654.00,796.00,125.00,61.00,7.5444,-1,-1,-1
212,1,2049.00,949.00,99.00,55.00,6.6186,-1,-1,-1
212,3,1736.00,987.00,72.00,54.00,5.9036,-1,-1,-1
213,2,1658.00,797.00,129.00,60.00,7.5314,-1,-1,-1
213,1,2054.00,946.00,99.00,54.00,6.6676,-1,-1,-1
213,3,1742.00,986.00,71.00,52.00,5.7953,-1,-1,-1
214,2,1662.00,794.00,128.00,59.00,7.5213,-1,-1,-1
214,1,2056.00,941.00,101.00,57.00,6.7021,-1,-1,-1
214,3,1747.00,984.00,70.00,51.00,5.7801,-1,-1,-1
215,2,1666.00,788.00,120.00,62.00,7.4903,-1,-1,-1
215,1,2060.00,941.00,101.00,55.00,6.7722,-1,-1,-1
215,3,1751.00,980.00,74.00,53.00,5.8227,-1,-1,-1
216,2,1671.00,783.00,119.00,65.00,7.4714,-1,-1,-1
216,1,2067.00,935.00,102.00,59.00,6.8420,-1,-1,-1
216,3,1759.00,979.00,64.00,50.00,5.8295,-1,-1,-1
217,2,1671.00,783.00,127.00,64.00,7.4742,-1,-1,-1
217,1,2070.00,933.00,100.00,56.00,6.7239,-1,-1,-1
217,3,1763.00,976.00,74.00,51.00,5.6860,-1,-1,-1
218,2,1678.00,780.00,126.00,64.00,7.5430,-1,-1,-1
218,1,2072.00,931.00,97.00,56.00,6.6992,-1,-1,-1
218,3,1769.00,974.00,79.00,53.00,5.6267,-1,-1,-1
219,2,1681.00,779.00,125.00,62.00,7.5358,-1,-1,-1
219,1,2074.00,928.00,101.00,56.00,6.8035,-1,-1,-1
219,3,1774.00,971.00,76.00,55.00,5.6293,-1,-1,-1
220,2,1688.00,775.00,122.00,63.00,7.5283,-1,-1,-1
220,1,2074.00,924.00,106.00,60.00,6.9061,-1,-1,-1
220,3,1780.00,969.00,69.00,53.00,5.6725,-1,-1,-1
221,2,1690.00,773.00,128.00,63.00,7.5256,-1,-1,-1
221,1,2078.00,919.00,107.00,62.00,6.9458,-1,-1,-1
221,3,1786.00,969.00,70.00,50.00,5.7011,-1,-1,-1
222,2,1695.00,771.00,122.00,62.00,7.5147,-1,-1,-1
222,1,2081.00,917.00,108.00,58.00,7.0176,-1,-1,-1
222,3,1793.00,967.00,63.00,50.00,5.7451,-1,-1,-1
223,2,1700.00,773.00,124.00,59.00,7.4964,-1,-1,-1
223,1,2082.00,911.00,112.00,63.00,7.1242,-1,-1,-1
223,3,1797.00,964.00,67.00,51.00,5.7956,-1,-1,-1
224,2,1706.00,768.00,118.00,60.00,7.4836,-1,-1,-1
224,1,2086.00,907.00,114.00,65.00,7.1806,-1,-1,-1
224,3,1803.00,964.00,61.00,49.00,5.9057,-1,-1,-1
225,2,1709.00,763.00,118.00,64.00,7.4693,-1,-1,-1
225,1,2091.00,906.00,110.00,63.00,7.1812,-1,-1,-1
225,3,1810.00,961.00,63.00,50.00,5.8782,-1,-1,-1
226,2,1714.00,766.00,114.00,61.00,7.4493,-1,-1,-1
226,1,2096.00,904.00,110.00,63.00,7.1885,-1,-1,-1
226,3,1816.00,960.00,62.00,49.00,5.6886,-1,-1,-1
227,2,1718.00,761.00,118.00,63.00,7.3644,-1,-1,-1
227,1,2095.00,899.00,114.00,65.00,7.2618,-1,-1,-1
227,3,1820.00,957.00,70.00,53.00,5.6954,-1,-1,-1
228,2,1722.00,758.00,115.00,64.00,7.3160,-1,-1,-1
228,1,2098.00,897.00,117.00,63.00,7.1997,-1,-1,-1
228,3,1825.00,956.00,65.00,51.00,5.8046,-1,-1,-1
229,2,1728.00,760.00,115.00,61.00,7.3674,-1,-1,-1
229,1,2106.00,897.00,114.00,60.00,7.1979,-1,-1,-1
229,3,1831.00,954.00,65.00,50.00,5.8167,-1,-1,-1
230,2,1733.00,758.00,116.00,60.00,7.3874,-1,-1,-1
230,1,2110.00,893.00,111.00,59.00,7.1364,-1,-1,-1
230,3,1838.00,952.00,63.00,54.00,5.7995,-1,-1,-1
231,2,1739.00,755.00,112.00,61.00,7.3346,-1,-1,-1
231,1,2116.00,889.00,115.00,67.00,7.1165,-1,-1,-1
231,3,1844.00,949.00,72.00,55.00,5.8148,-1,-1,-1
232,2,1744.00,756.00,113.00,60.00,7.2863,-1,-1,-1
232,1,2115.00,882.00,119.00,76.00,7.2262,-1,-1,-1
232,3,1849.00,947.00,68.00,55.00,5.8367,-1,-1,-1
233,2,1748.00,753.00,111.00,61.00,7.2403,-1,-1,-1
233,1,2126.00,886.00,113.00,66.00,7.2259,-1,-1,-1
233,3,1855.00,944.00,67.00,55.00,5.8407,-1,-1,-1
234,1,2130.00,880.00,117.00,74.00,7.2013,-1,-1,-1
234,2,1753.00,753.00,106.00,58.00,7.1688,-1,-1,-1
234,3,1862.00,944.00,61.00,53.00,5.8995,-1,-1,-1
235,1,2137.00,880.00,112.00,69.00,7.2088,-1,-1,-1
235,2,1759.00,751.00,109.00,58.00,7.1299,-1,-1,-1
235,3,1867.00,941.00,71.00,56.00,5.8374,-1,-1,-1
236,1,2141.00,878.00,111.00,69.00,7.2059,-1,-1,-1
236,2,1764.00,749.00,107.00,59.00,7.1126,-1,-1,-1
236,3,1872.00,940.00,66.00,54.00,5.9002,-1,-1,-1
237,1,2142.00,873.00,114.00,69.00,7.2539,-1,-1,-1
237,2,1766.00,743.00,119.00,63.00,7.1951,-1,-1,-1
237,3,1879.00,939.00,63.00,53.00,5.9118,-1,-1,-1
238,2,1773.00,747.00,113.00,57.00,7.2140,-1,-1,-1
238,1,2146.00,871.00,115.00,69.00,7.1191,-1,-1,-1
238,3,1886.00,940.00,58.00,52.00,5.9942,-1,-1,-1
239,2,1779.00,744.00,108.00,57.00,7.1803,-1,-1,-1
239,1,2152.00,871.00,114.00,68.00,6.9927,-1,-1,-1
239,3,1892.00,938.00,58.00,52.00,5.9913,-1,-1,-1
240,2,1785.00,740.00,111.00,60.00,7.1883,-1,-1,-1
240,1,2156.00,868.00,118.00,69.00,6.8750,-1,-1,-1
240,3,1898.00,935.00,59.00,53.00,6.1023,-1,-1,-1
241,2,1789.00,739.00,109.00,61.00,7.1442,-1,-1,-1
241,1,2161.00,865.00,118.00,72.00,6.8286,-1,-1,-1
241,3,1905.00,934.00,57.00,53.00,6.1981,-1,-1,-1
242,2,1795.00,737.00,108.00,61.00,7.0928,-1,-1,-1
242,1,2162.00,858.00,118.00,77.00,6.7960,-1,-1,-1
242,3,1911.00,934.00,58.00,52.00,6.0166,-1,-1,-1
243,2,1799.00,733.00,112.00,64.00,7.1562,-1,-1,-1
243,1,2174.00,862.00,113.00,71.00,6.8364,-1,-1,-1
243,3,1916.00,931.00,65.00,56.00,5.9362,-1,-1,-1
244,2,1804.00,733.00,112.00,62.00,7.2331,-1,-1,-1
244,1,2181.00,861.00,108.00,71.00,6.8200,-1,-1,-1
244,3,1923.00,930.00,60.00,54.00,5.9364,-1,-1,-1
245,2,1808.00,728.00,118.00,69.00,7.3267,-1,-1,-1
245,1,2182.00,858.00,113.00,70.00,6.8895,-1,-1,-1
245,3,1929.00,929.00,61.00,54.00,5.9936,-1,-1,-1
246,2,1814.00,728.00,110.00,66.00,7.3468,-1,-1,-1
246,1,2191.00,857.00,113.00,71.00,6.9793,-1,-1,-1
246,3,1936.00,929.00,60.00,54.00,5.8317,-1,-1,-1
247,2,1818.00,728.00,110.00,64.00,7.3539,-1,-1,-1
247,1,2195.00,855.00,113.00,73.00,7.0875,-1,-1,-1
247,3,1941.00,925.00,69.00,57.00,5.8705,-1,-1,-1
248,2,1823.00,728.00,113.00,64.00,7.3251,-1,-1,-1
248,1,2203.00,855.00,109.00,71.00,7.1416,-1,-1,-1
248,3,1950.00,926.00,63.00,53.00,5.9128,-1,-1,-1
249,2,1829.00,727.00,111.00,63.00,7.2661,-1,-1,-1
249,1,2206.00,854.00,111.00,70.00,7.1289,-1,-1,-1
249,3,1955.00,924.00,62.00,57.00,5.9743,-1,-1,-1
250,2,1834.00,727.00,110.00,62.00,7.2616,-1,-1,-1
250,1,2213.00,855.00,110.00,67.00,7.1707,-1,-1,-1
250,3,1963.00,924.00,64.00,55.00,5.9341,-1,-1,-1
251,2,1840.00,726.00,110.00,64.00,7.2727,-1,-1,-1
251,1,2218.00,854.00,107.00,68.00,7.2430,-1,-1,-1
251,3,1969.00,923.00,64.00,55.00,5.8796,-1,-1,-1
252,2,1845.00,726.00,111.00,63.00,7.2653,-1,-1,-1
252,1,2226.00,854.00,103.00,65.00,7.2320,-1,-1,-1
252,3,1976.00,923.00,61.00,53.00,5.7677,-1,-1,-1
253,1,2229.00,850.00,108.00,71.00,7.2957,-1,-1,-1
253,2,1849.00,724.00,112.00,64.00,7.2015,-1,-1,-1
253,3,1982.00,922.00,60.00,55.00,5.7634,-1,-1,-1
254,1,2238.00,854.00,103.00,63.00,7.3145,-1,-1,-1
254,2,1855.00,725.00,111.00,62.00,7.1736,-1,-1,-1
254,3,1990.00,922.00,60.00,54.00,5.6558,-1,-1,-1
255,1,2244.00,853.00,103.00,64.00,7.3632,-1,-1,-1
255,2,1862.00,723.00,112.00,64.00,7.2047,-1,-1,-1
255,3,1995.00,921.00,62.00,52.00,5.5564,-1,-1,-1
256,1,2249.00,850.00,103.00,65.00,7.3400,-1,-1,-1
256,2,1864.00,720.00,124.00,68.00,7.2548,-1,-1,-1
256,3,2003.00,921.00,58.00,54.00,5.4485,-1,-1,-1
257,1,2254.00,851.00,104.00,64.00,7.3370,-1,-1,-1
257,2,1870.00,722.00,116.00,65.00,7.2324,-1,-1,-1
257,3,2009.00,919.00,64.00,55.00,5.3513,-1,-1,-1
258,1,2261.00,851.00,105.00,63.00,7.3497,-1,-1,-1
258,2,1874.00,719.00,125.00,69.00,7.2827,-1,-1,-1
258,3,2015.00,920.00,64.00,53.00,5.2547,-1,-1,-1
259,1,2268.00,851.00,100.00,61.00,7.3858,-1,-1,-1
259,2,1882.00,722.00,116.00,66.00,7.2548,-1,-1,-1
259,3,2021.00,920.00,60.00,51.00,5.2343,-1,-1,-1
260,1,2271.00,848.00,105.00,64.00,7.3863,-1,-1,-1
260,2,1886.00,719.00,122.00,69.00,7.2783,-1,-1,-1
260,3,2028.00,920.00,60.00,51.00,5.2074,-1,-1,-1
261,1,2277.00,849.00,105.00,62.00,7.3648,-1,-1,-1
261,2,1891.00,720.00,119.00,69.00,7.3542,-1,-1,-1
261,3,2035.00,921.00,57.00,51.00,5.2049,-1,-1,-1
262,1,2280.00,847.00,108.00,65.00,7.3719,-1,-1,-1
262,2,1897.00,723.00,116.00,64.00,7.3178,-1,-1,-1
262,3,2040.00,919.00,64.00,51.00,5.1726,-1,-1,-1
263,1,2283.00,848.00,110.00,61.00,7.3248,-1,-1,-1
263,2,1902.00,724.00,113.00,64.00,7.2364,-1,-1,-1
263,3,2048.00,920.00,56.00,48.00,5.1248,-1,-1,-1
264,1,2291.00,848.00,109.00,59.00,7.2619,-1,-1,-1
264,2,1908.00,722.00,118.00,64.00,7.2382,-1,-1,-1
264,3,2055.00,918.00,58.00,52.00,5.0466,-1,-1,-1
265,2,1912.00,718.00,118.00,71.00,7.3545,-1,-1,-1
265,1,2294.00,848.00,109.00,59.00,7.2397,-1,-1,-1
265,3,2061.00,920.00,58.00,49.00,4.6287,-1,-1,-1
266,2,1918.00,721.00,118.00,66.00,7.3922,-1,-1,-1
266,1,2298.00,847.00,109.00,58.00,7.2381,-1,-1,-1
266,3,2066.00,918.00,61.00,50.00,4.6785,-1,-1,-1
267,2,1923.00,719.00,120.00,68.00,7.4544,-1,-1,-1
267,1,2303.00,846.00,108.00,57.00,7.2234,-1,-1,-1
267,3,2074.00,916.00,61.00,52.00,4.3915,-1,-1,-1
268,2,1929.00,719.00,121.00,68.00,7.4590,-1,-1,-1
268,1,2308.00,847.00,109.00,56.00,7.1592,-1,-1,-1
268,3,2081.00,919.00,54.00,50.00,4.5226,-1,-1,-1
269,2,1935.00,719.00,116.00,68.00,7.5172,-1,-1,-1
269,1,2311.00,844.00,114.00,58.00,7.1292,-1,-1,-1
269,3,2086.00,918.00,60.00,51.00,4.5536,-1,-1,-1
270,2,1940.00,720.00,115.00,66.00,7.5908,-1,-1,-1
270,1,2317.00,845.00,113.00,57.00,7.1365,-1,-1,-1
270,3,2093.00,919.00,57.00,50.00,4.6817,-1,-1,-1
271,2,1945.00,723.00,113.00,64.00,7.5740,-1,-1,-1
271,1,2319.00,844.00,122.00,59.00,7.1626,-1,-1,-1
271,3,2100.00,917.00,60.00,52.00,4.6317,-1,-1,-1
272,2,1949.00,719.00,122.00,67.00,7.6281,-1,-1,-1
272,1,2324.00,845.00,116.00,57.00,7.1613,-1,-1,-1
272,3,2107.00,919.00,53.00,51.00,4.3926,-1,-1,-1
273,2,1955.00,721.00,119.00,67.00,7.5735,-1,-1,-1
273,1,2330.00,845.00,115.00,58.00,7.0586,-1,-1,-1
273,3,2110.00,918.00,66.00,53.00,3.9652,-1,-1,-1
274,2,1960.00,722.00,113.00,65.00,7.5304,-1,-1,-1
274,1,2332.00,845.00,119.00,57.00,7.0605,-1,-1,-1
274,3,2118.00,920.00,58.00,50.00,4.0946,-1,-1,-1
275,2,1963.00,722.00,116.00,67.00,7.5569,-1,-1,-1
275,1,2338.00,844.00,119.00,60.00,7.0118,-1,-1,-1
275,3,2124.00,919.00,59.00,51.00,3.9331,-1,-1,-1
276,2,1970.00,725.00,112.00,63.00,7.5239,-1,-1,-1
276,1,2343.00,845.00,115.00,59.00,7.0347,-1,-1,-1
276,3,2131.00,922.00,57.00,51.00,4.1718,-1,-1,-1
277,2,1975.00,725.00,114.00,62.00,7.4862,-1,-1,-1
277,1,2350.00,847.00,117.00,58.00,7.0067,-1,-1,-1
277,3,2136.00,923.00,59.00,50.00,4.2159,-1,-1,-1
278,2,1980.00,726.00,114.00,62.00,7.4716,-1,-1,-1
278,1,2356.00,847.00,116.00,60.00,6.9914,-1,-1,-1
278,3,2141.00,923.00,62.00,51.00,4.3259,-1,-1,-1
279,2,1984.00,726.00,117.00,66.00,7.4806,-1,-1,-1
279,1,2361.00,846.00,117.00,61.00,6.9915,-1,-1,-1
279,3,2149.00,925.00,58.00,51.00,4.3415,-1,-1,-1
280,2,1991.00,731.00,108.00,60.00,7.4734,-1,-1,-1
280,1,2370.00,850.00,109.00,56.00,7.0257,-1,-1,-1
280,3,2157.00,926.00,61.00,51.00,4.3683,-1,-1,-1
281,2,1996.00,730.00,117.00,62.00,7.4418,-1,-1,-1
281,1,2376.00,850.00,111.00,59.00,7.0389,-1,-1,-1
281,3,2160.00,926.00,61.00,55.00,4.5020,-1,-1,-1
282,2,2001.00,734.00,107.00,58.00,7.4328,-1,-1,-1
282,1,2383.00,853.00,108.00,56.00,7.1084,-1,-1,-1
282,3,2166.00,928.00,59.00,51.00,4.6516,-1,-1,-1
283,2,2006.00,738.00,103.00,58.00,7.3551,-1,-1,-1
283,1,2389.00,855.00,105.00,57.00,7.1826,-1,-1,-1
283,3,2172.00,931.00,59.00,52.00,4.7468,-1,-1,-1
284,2,2012.00,738.00,100.00,59.00,7.2529,-1,-1,-1
284,1,2395.00,856.00,105.00,58.00,7.0883,-1,-1,-1
284,3,2180.00,936.00,53.00,49.00,4.7147,-1,-1,-1
285,2,2015.00,740.00,106.00,61.00,7.3181,-1,-1,-1
285,1,2397.00,858.00,106.00,57.00,6.9011,-1,-1,-1
285,3,2183.00,935.00,58.00,52.00,4.7937,-1,-1,-1
286,2,2018.00,742.00,112.00,60.00,7.3327,-1,-1,-1
286,1,2405.00,862.00,103.00,54.00,6.7345,-1,-1,-1
286,3,2189.00,935.00,59.00,52.00,4.9951,-1,-1,-1
287,2,2021.00,742.00,121.00,64.00,7.3649,-1,-1,-1
287,1,2412.00,864.00,101.00,55.00,6.7748,-1,-1,-1
287,3,2195.00,937.00,59.00,54.00,5.0995,-1,-1,-1
288,2,2025.00,746.00,117.00,63.00,7.3867,-1,-1,-1
288,1,2414.00,865.00,103.00,55.00,6.8649,-1,-1,-1
288,3,2199.00,940.00,57.00,54.00,5.2831,-1,-1,-1
289,2,2030.00,753.00,102.00,56.00,7.3885,-1,-1,-1
289,1,2416.00,868.00,104.00,53.00,6.9134,-1,-1,-1
289,3,2205.00,943.00,57.00,52.00,5.3013,-1,-1,-1
290,2,2030.00,753.00,108.00,60.00,7.4169,-1,-1,-1
290,1,2420.00,872.00,104.00,51.00,6.9436,-1,-1,-1
290,3,2209.00,947.00,57.00,52.00,5.2576,-1,-1,-1
291,2,2036.00,758.00,99.00,56.00,7.4521,-1,-1,-1
291,1,2423.00,875.00,103.00,50.00,6.9657,-1,-1,-1
291,3,2212.00,947.00,62.00,53.00,5.2057,-1,-1,-1
292,2,2039.00,755.00,107.00,63.00,7.4656,-1,-1,-1
292,1,2428.00,876.00,103.00,51.00,6.9492,-1,-1,-1
292,3,2215.00,944.00,67.00,57.00,5.2598,-1,-1,-1
293,2,2043.00,760.00,104.00,59.00,7.3844,-1,-1,-1
293,1,2430.00,877.00,102.00,53.00,6.8582,-1,-1,-1
293,3,2218.00,949.00,65.00,58.00,5.3571,-1,-1,-1
294,2,2045.00,758.00,109.00,63.00,7.4010,-1,-1,-1
294,1,2431.00,878.00,106.00,53.00,6.8748,-1,-1,-1
294,3,2223.00,953.00,60.00,56.00,5.3989,-1,-1,-1
295,2,2048.00,764.00,100.00,58.00,7.3963,-1,-1,-1
295,1,2434.00,880.00,103.00,53.00,6.9897,-1,-1,-1
295,3,2226.00,958.00,57.00,52.00,5.3133,-1,-1,-1
296,2,2048.00,765.00,105.00,60.00,7.3720,-1,-1,-1
296,1,2436.00,882.00,103.00,52.00,7.0576,-1,-1,-1
296,3,2229.00,960.00,57.00,52.00,5.2875,-1,-1,-1
297,2,2051.00,770.00,109.00,60.00,7.3469,-1,-1,-1
297,1,2436.00,883.00,107.00,53.00,7.0995,-1,-1,-1
297,3,2230.00,961.00,58.00,54.00,5.3873,-1,-1,-1
298,2,2050.00,769.00,115.00,64.00,7.3356,-1,-1,-1
298,1,2438.00,885.00,104.00,52.00,7.0914,-1,-1,-1
298,3,2231.00,961.00,59.00,54.00,5.4329,-1,-1,-1
299,2,2050.00,773.00,112.00,60.00,7.3255,-1,-1,-1
299,1,2436.00,885.00,105.00,55.00,7.0757,-1,-1,-1
299,3,2231.00,964.00,59.00,55.00,5.6189,-1,-1,-1
300,2,2051.00,774.00,104.00,60.00,7.3267,-1,-1,-1
300,1,2436.00,886.00,106.00,56.00,7.1182,-1,-1,-1
300,3,2231.00,965.00,61.00,55.00,5.7527,-1,-1,-1
301,2,2051.00,778.00,97.00,57.00,7.3516,-1,-1,-1
301,1,2434.00,888.00,107.00,56.00,7.2430,-1,-1,-1
301,3,2232.00,966.00,65.00,56.00,5.7882,-1,-1,-1
302,2,2049.00,781.00,92.00,58.00,7.3975,-1,-1,-1
302,1,2433.00,890.00,109.00,55.00,7.3735,-1,-1,-1
302,3,2232.00,970.00,64.00,54.00,5.7635,-1,-1,-1
303,1,2430.00,891.00,111.00,55.00,7.4715,-1,-1,-1
303,2,2049.00,780.00,94.00,61.00,7.4314,-1,-1,-1
303,3,2232.00,971.00,65.00,56.00,5.6854,-1,-1,-1
304,1,2427.00,892.00,113.00,55.00,7.4948,-1,-1,-1
304,2,2048.00,783.00,100.00,60.00,7.4396,-1,-1,-1
304,3,2232.00,973.00,66.00,56.00,5.7833,-1,-1,-1
305,1,2425.00,893.00,112.00,56.00,7.4970,-1,-1,-1
305,2,2048.00,784.00,101.00,61.00,7.4264,-1,-1,-1
305,3,2231.00,973.00,65.00,59.00,5.8979,-1,-1,-1
306,1,2421.00,895.00,113.00,54.00,7.4985,-1,-1,-1
306,2,2044.00,787.00,94.00,60.00,7.3659,-1,-1,-1
306,3,2230.00,975.00,67.00,59.00,6.0124,-1,-1,-1
307,1,2416.00,895.00,117.00,57.00,7.4480,-1,-1,-1
307,2,2041.00,790.00,95.00,60.00,7.3810,-1,-1,-1
307,3,2229.00,979.00,65.00,55.00,6.0036,-1,-1,-1
307,4,2277.00,831.00,52.00,46.00,1.6249,-1,-1,-1
308,2,2034.00,790.00,102.00,62.00,7.3946,-1,-1,-1
308,1,2407.00,896.00,115.00,54.00,7.3823,-1,-1,-1
308,3,2223.00,982.00,61.00,55.00,5.9016,-1,-1,-1
308,4,2269.00,832.00,56.00,50.00,1.5688,-1,-1,-1
309,2,2027.00,791.00,106.00,65.00,7.4295,-1,-1,-1
309,1,2407.00,899.00,108.00,50.00,7.3347,-1,-1,-1
309,3,2218.00,980.00,62.00,55.00,5.9179,-1,-1,-1
309,4,2264.00,832.00,57.00,50.00,1.7055,-1,-1,-1
310,2,2019.00,791.00,112.00,67.00,7.4184,-1,-1,-1
310,1,2399.00,900.00,110.00,53.00,7.3063,-1,-1,-1
310,3,2213.00,981.00,65.00,56.00,5.9915,-1,-1,-1
310,4,2258.00,831.00,56.00,51.00,1.9193,-1,-1,-1
311,2,2015.00,799.00,102.00,60.00,7.3989,-1,-1,-1
311,1,2394.00,900.00,106.00,52.00,7.2533,-1,-1,-1
311,3,2207.00,984.00,63.00,54.00,5.9639,-1,-1,-1
311,4,2255.00,834.00,54.00,48.00,1.9840,-1,-1,-1
312,2,2009.00,800.00,103.00,60.00,7.4187,-1,-1,-1
312,1,2387.00,900.00,107.00,54.00,7.2880,-1,-1,-1
312,3,2203.00,985.00,63.00,54.00,6.0011,-1,-1,-1
312,4,2247.00,835.00,57.00,52.00,2.1635,-1,-1,-1
313,2,2003.00,799.00,101.00,65.00,7.4240,-1,-1,-1
313,1,2383.00,901.00,105.00,51.00,7.2881,-1,-1,-1
313,3,2198.00,985.00,60.00,55.00,5.9614,-1,-1,-1
313,4,2240.00,836.00,60.00,52.00,2.6503,-1,-1,-1
314,2,1997.00,802.00,96.00,64.00,7.4897,-1,-1,-1
314,1,2376.00,901.00,106.00,54.00,7.3820,-1,-1,-1
314,3,2192.00,986.00,63.00,54.00,5.9883,-1,-1,-1
314,4,2233.00,837.00,61.00,53.00,2.9445,-1,-1,-1
315,2,1990.00,803.00,103.00,66.00,7.4512,-1,-1,-1
315,1,2369.00,901.00,108.00,57.00,7.3627,-1,-1,-1
315,3,2185.00,987.00,67.00,57.00,5.9921,-1,-1,-1
315,4,2221.00,836.00,63.00,51.00,2.9118,-1,-1,-1
316,1,2365.00,903.00,104.00,55.00,7.4260,-1,-1,-1
316,2,1989.00,806.00,94.00,63.00,7.4204,-1,-1,-1
316,3,2182.00,992.00,63.00,54.00,5.9849,-1,-1,-1
316,4,2219.00,839.00,60.00,50.00,2.8405,-1,-1,-1
317,1,2356.00,903.00,106.00,54.00,7.4099,-1,-1,-1
317,2,1982.00,812.00,90.00,59.00,7.4093,-1,-1,-1
317,3,2177.00,993.00,63.00,55.00,5.9690,-1,-1,-1
317,4,2218.00,842.00,57.00,50.00,2.7799,-1,-1,-1
318,1,2351.00,904.00,106.00,55.00,7.3972,-1,-1,-1
318,2,1974.00,812.00,101.00,62.00,7.3854,-1,-1,-1
318,3,2172.00,995.00,63.00,53.00,5.9074,-1,-1,-1
318,4,2210.00,842.00,58.00,48.00,2.7694,-1,-1,-1
319,2,1970.00,813.00,99.00,65.00,7.4741,-1,-1,-1
319,1,2347.00,906.00,107.00,54.00,7.2850,-1,-1,-1
319,3,2168.00,994.00,67.00,54.00,5.9452,-1,-1,-1
319,4,2209.00,846.00,57.00,52.00,2.6467,-1,-1,-1
320,2,1966.00,814.00,102.00,67.00,7.5258,-1,-1,-1
320,1,2344.00,909.00,105.00,53.00,7.1296,-1,-1,-1
320,3,2165.00,997.00,63.00,55.00,5.9268,-1,-1,-1
320,4,2206.00,848.00,59.00,52.00,2.6030,-1,-1,-1
321,2,1961.00,818.00,105.00,65.00,7.5143,-1,-1,-1
321,1,2343.00,909.00,100.00,55.00,7.0503,-1,-1,-1
321,3,2163.00,1001.00,58.00,52.00,5.8587,-1,-1,-1
321,4,2200.00,845.00,57.00,50.00,2.4894,-1,-1,-1
322,2,1959.00,821.00,98.00,64.00,7.4831,-1,-1,-1
322,1,2339.00,912.00,100.00,52.00,7.0002,-1,-1,-1
322,3,2160.00,1003.00,63.00,52.00,5.8318,-1,-1,-1
322,4,2191.00,845.00,65.00,52.00,2.7757,-1,-1,-1
323,2,1957.00,821.00,99.00,65.00,7.4444,-1,-1,-1
323,1,2335.00,912.00,102.00,54.00,6.9912,-1,-1,-1
323,3,2159.00,1006.00,63.00,51.00,5.7487,-1,-1,-1
323,4,2194.00,849.00,61.00,52.00,2.7332,-1,-1,-1
324,2,1952.00,819.00,109.00,72.00,7.4335,-1,-1,-1
324,1,2332.00,913.00,101.00,53.00,7.0911,-1,-1,-1
324,3,2157.00,1009.00,57.00,49.00,5.5516,-1,-1,-1
324,4,2195.00,853.00,61.00,52.00,1.8232,-1,-1,-1
325,2,1953.00,826.00,98.00,65.00,7.4611,-1,-1,-1
325,1,2330.00,915.00,103.00,55.00,7.2051,-1,-1,-1
325,3,2155.00,1009.00,58.00,51.00,5.1912,-1,-1,-1
325,4,2193.00,854.00,61.00,55.00,1.8784,-1,-1,-1
326,2,1951.00,825.00,98.00,70.00,7.5020,-1,-1,-1
326,1,2330.00,917.00,106.00,54.00,7.2611,-1,-1,-1
326,3,2153.00,1009.00,60.00,52.00,4.8682,-1,-1,-1
326,4,2193.00,857.00,61.00,52.00,2.0926,-1,-1,-1
327,2,1952.00,826.00,97.00,71.00,7.5205,-1,-1,-1
327,1,2328.00,919.00,103.00,54.00,7.3260,-1,-1,-1
327,3,2153.00,1011.00,58.00,53.00,4.8345,-1,-1,-1
327,4,2194.00,860.00,60.00,52.00,2.5391,-1,-1,-1
328,2,1949.00,832.00,101.00,68.00,7.4728,-1,-1,-1
328,1,2326.00,921.00,103.00,54.00,7.3246,-1,-1,-1
328,3,2152.00,1014.00,59.00,55.00,4.9371,-1,-1,-1
328,4,2189.00,860.00,65.00,53.00,3.1402,-1,-1,-1
329,2,1948.00,834.00,102.00,69.00,7.4962,-1,-1,-1
329,1,2326.00,924.00,100.00,52.00,7.2731,-1,-1,-1
329,3,2152.00,1018.00,58.00,54.00,4.9671,-1,-1,-1
329,4,2188.00,862.00,66.00,52.00,3.6512,-1,-1,-1
330,2,1947.00,834.00,103.00,72.00,7.5771,-1,-1,-1
330,1,2326.00,927.00,96.00,48.00,7.2653,-1,-1,-1
330,3,2152.00,1018.00,63.00,55.00,4.9657,-1,-1,-1
330,4,2194.00,866.00,60.00,51.00,3.8389,-1,-1,-1
331,2,1946.00,835.00,104.00,73.00,7.6495,-1,-1,-1
331,1,2324.00,929.00,98.00,50.00,7.2465,-1,-1,-1
331,3,2152.00,1018.00,66.00,56.00,5.0109,-1,-1,-1
331,4,2190.00,867.00,65.00,52.00,3.9749,-1,-1,-1
332,2,1944.00,838.00,105.00,71.00,7.6620,-1,-1,-1
332,1,2325.00,932.00,96.00,49.00,7.2231,-1,-1,-1
332,3,2152.00,1022.00,64.00,55.00,5.1250,-1,-1,-1
332,4,2190.00,870.00,64.00,51.00,3.8771,-1,-1,-1
333,2,1943.00,843.00,99.00,67.00,7.6195,-1,-1,-1
333,1,2324.00,935.00,93.00,47.00,7.2198,-1,-1,-1
333,3,2153.00,1026.00,59.00,54.00,5.1669,-1,-1,-1
333,4,2186.00,871.00,67.00,50.00,4.1114,-1,-1,-1
334,2,1942.00,843.00,106.00,68.00,7.5777,-1,-1,-1
334,1,2323.00,935.00,96.00,50.00,7.2534,-1,-1,-1
334,3,2152.00,1032.00,57.00,50.00,5.2482,-1,-1,-1
334,4,2184.00,871.00,68.00,52.00,4.2869,-1,-1,-1
335,2,1944.00,846.00,96.00,66.00,7.5318,-1,-1,-1
335,1,2322.00,937.00,95.00,50.00,7.3153,-1,-1,-1
335,3,2151.00,1032.00,59.00,50.00,5.1764,-1,-1,-1
335,4,2186.00,873.00,66.00,54.00,4.3390,-1,-1,-1
336,2,1942.00,849.00,96.00,65.00,7.4608,-1,-1,-1
336,1,2320.00,939.00,96.00,49.00,7.4093,-1,-1,-1
336,3,2152.00,1032.00,63.00,51.00,4.8596,-1,-1,-1
336,4,2193.00,879.00,60.00,52.00,4.3418,-1,-1,-1
337,1,2317.00,941.00,100.00,49.00,7.4914,-1,-1,-1
337,2,1943.00,848.00,96.00,67.00,7.4529,-1,-1,-1
337,3,2151.00,1034.00,58.00,52.00,4.9486,-1,-1,-1
337,4,2192.00,881.00,61.00,51.00,4.5686,-1,-1,-1
338,1,2316.00,943.00,99.00,48.00,7.5653,-1,-1,-1
338,2,1943.00,850.00,96.00,68.00,7.4410,-1,-1,-1
338,3,2151.00,1034.00,60.00,54.00,5.0615,-1,-1,-1
338,4,2193.00,884.00,60.00,49.00,4.8266,-1,-1,-1
339,1,2314.00,945.00,98.00,47.00,7.5876,-1,-1,-1
339,2,1942.00,853.00,98.00,69.00,7.3262,-1,-1,-1
339,3,2151.00,1038.00,60.00,54.00,5.2665,-1,-1,-1
339,4,2189.00,884.00,63.00,50.00,5.1207,-1,-1,-1
340,1,2314.00,947.00,94.00,46.00,7.5348,-1,-1,-1
340,2,1943.00,858.00,99.00,68.00,7.2400,-1,-1,-1
340,3,2151.00,1041.00,58.00,54.00,5.4395,-1,-1,-1
340,4,2189.00,885.00,63.00,53.00,5.3400,-1,-1,-1
341,1,2311.00,949.00,97.00,49.00,7.5262,-1,-1,-1
341,2,1940.00,861.00,100.00,68.00,7.2434,-1,-1,-1
341,4,2193.00,889.00,59.00,50.00,5.3933,-1,-1,-1
341,3,2150.00,1041.00,66.00,54.00,5.3338,-1,-1,-1
342,1,2308.00,951.00,97.00,48.00,7.5571,-1,-1,-1
342,2,1941.00,864.00,99.00,67.00,7.2741,-1,-1,-1
342,4,2190.00,891.00,61.00,49.00,5.2632,-1,-1,-1
342,3,2149.00,1045.00,65.00,52.00,4.9999,-1,-1,-1
343,1,2308.00,954.00,96.00,47.00,7.6039,-1,-1,-1
343,2,1941.00,872.00,89.00,59.00,7.2907,-1,-1,-1
343,4,2187.00,892.00,62.00,48.00,5.1313,-1,-1,-1
343,3,2150.00,1047.00,62.00,55.00,4.9433,-1,-1,-1
344,1,2305.00,956.00,100.00,47.00,7.5971,-1,-1,-1
344,2,1940.00,872.00,94.00,62.00,7.2981,-1,-1,-1
344,4,2190.00,895.00,61.00,47.00,5.0493,-1,-1,-1
344,3,2150.00,1049.00,59.00,52.00,4.9851,-1,-1,-1
345,1,2305.00,955.00,98.00,50.00,7.6075,-1,-1,-1
345,2,1939.00,875.00,92.00,61.00,7.2925,-1,-1,-1
345,3,2149.00,1053.00,57.00,52.00,5.1461,-1,-1,-1
345,4,2186.00,896.00,64.00,48.00,4.9647,-1,-1,-1
346,1,2305.00,957.00,97.00,51.00,7.5615,-1,-1,-1
346,2,1939.00,876.00,92.00,63.00,7.3154,-1,-1,-1
346,3,2149.00,1054.00,61.00,51.00,5.0659,-1,-1,-1
346,4,2187.00,897.00,64.00,52.00,4.6788,-1,-1,-1
347,1,2305.00,959.00,96.00,51.00,7.3362,-1,-1,-1
347,2,1938.00,876.00,96.00,65.00,7.3293,-1,-1,-1
347,3,2148.00,1056.00,60.00,49.00,4.7516,-1,-1,-1
347,4,2189.00,902.00,65.00,52.00,4.6900,-1,-1,-1
348,2,1938.00,880.00,94.00,64.00,7.3172,-1,-1,-1
348,1,2304.00,962.00,93.00,48.00,7.2318,-1,-1,-1
348,4,2188.00,904.00,63.00,49.00,4.6569,-1,-1,-1
348,3,2147.00,1057.00,61.00,54.00,4.5109,-1,-1,-1
349,2,1937.00,883.00,93.00,64.00,7.3115,-1,-1,-1
349,1,2305.00,964.00,94.00,48.00,7.1733,-1,-1,-1
349,3,2147.00,1059.00,64.00,55.00,4.5293,-1,-1,-1
349,4,2189.00,907.00,62.00,48.00,4.4536,-1,-1,-1
350,2,1934.00,883.00,105.00,70.00,7.3619,-1,-1,-1
350,1,2303.00,965.00,95.00,48.00,7.2211,-1,-1,-1
350,4,2189.00,909.00,64.00,49.00,4.7146,-1,-1,-1
350,3,2149.00,1062.00,60.00,54.00,4.6236,-1,-1,-1
351,2,1933.00,885.00,101.00,71.00,7.3943,-1,-1,-1
351,1,2305.00,969.00,92.00,45.00,7.2646,-1,-1,-1
351,4,2193.00,913.00,59.00,48.00,4.8784,-1,-1,-1
351,3,2150.00,1066.00,60.00,55.00,4.8070,-1,-1,-1
352,2,1935.00,894.00,88.00,62.00,7.3381,-1,-1,-1
352,1,2302.00,970.00,94.00,47.00,7.3039,-1,-1,-1
352,4,2193.00,913.00,59.00,50.00,4.8485,-1,-1,-1
352,3,2150.00,1068.00,63.00,50.00,4.4569,-1,-1,-1
353,1,2301.00,973.00,92.00,46.00,7.3418,-1,-1,-1
353,2,1935.00,896.00,89.00,62.00,7.2790,-1,-1,-1
353,4,2186.00,913.00,64.00,50.00,4.9539,-1,-1,-1
353,3,2149.00,1071.00,62.00,50.00,4.2706,-1,-1,-1
354,1,2303.00,976.00,89.00,45.00,7.3983,-1,-1,-1
354,2,1934.00,902.00,82.00,57.00,7.2359,-1,-1,-1
354,4,2182.00,915.00,64.00,48.00,4.8849,-1,-1,-1
354,3,2148.00,1069.00,65.00,55.00,4.4921,-1,-1,-1
355,1,2300.00,978.00,92.00,45.00,7.4665,-1,-1,-1
355,2,1934.00,906.00,75.00,56.00,7.1638,-1,-1,-1
355,4,2182.00,918.00,65.00,47.00,4.8727,-1,-1,-1
355,3,2149.00,1071.00,64.00,54.00,4.5319,-1,-1,-1
356,1,2300.00,981.00,91.00,43.00,7.5150,-1,-1,-1
356,2,1933.00,905.00,85.00,59.00,7.2046,-1,-1,-1
356,4,2180.00,918.00,66.00,49.00,5.0016,-1,-1,-1
356,3,2147.00,1076.00,63.00,55.00,4.6479,-1,-1,-1
357,1,2300.00,982.00,90.00,46.00,7.5504,-1,-1,-1
357,2,1933.00,904.00,93.00,64.00,7.2946,-1,-1,-1
357,4,2185.00,923.00,62.00,48.00,4.6017,-1,-1,-1
357,3,2147.00,1077.00,65.00,53.00,4.4347,-1,-1,-1
358,1,2298.00,983.00,90.00,46.00,7.5589,-1,-1,-1
358,2,1931.00,907.00,96.00,64.00,7.3652,-1,-1,-1
358,3,2148.00,1081.00,60.00,53.00,4.4515,-1,-1,-1
358,4,2185.00,925.00,61.00,48.00,4.3574,-1,-1,-1
359,1,2297.00,985.00,91.00,46.00,7.4891,-1,-1,-1
359,2,1931.00,910.00,93.00,64.00,7.4097,-1,-1,-1
359,3,2146.00,1080.00,64.00,56.00,4.6016,-1,-1,-1
359,4,2182.00,926.00,62.00,47.00,4.3690,-1,-1,-1
360,2,1930.00,912.00,91.00,67.00,7.4272,-1,-1,-1
360,1,2298.00,988.00,89.00,45.00,7.4177,-1,-1,-1
360,3,2144.00,1079.00,69.00,58.00,4.7256,-1,-1,-1
360,4,2177.00,926.00,69.00,50.00,4.4893,-1,-1,-1
361,2,1930.00,914.00,93.00,67.00,7.4007,-1,-1,-1
361,1,2298.00,990.00,87.00,44.00,7.3688,-1,-1,-1
361,3,2147.00,1082.00,67.00,55.00,4.7979,-1,-1,-1
361,4,2179.00,929.00,63.00,48.00,4.5564,-1,-1,-1
362,1,2298.00,993.00,87.00,43.00,7.3811,-1,-1,-1
362,2,1930.00,917.00,95.00,64.00,7.3774,-1,-1,-1
362,3,2146.00,1084.00,66.00,55.00,4.9150,-1,-1,-1
362,4,2180.00,932.00,61.00,48.00,4.6535,-1,-1,-1
363,2,1929.00,918.00,96.00,66.00,7.4396,-1,-1,-1
363,1,2298.00,996.00,87.00,42.00,7.4377,-1,-1,-1
363,3,2144.00,1086.00,70.00,54.00,4.9785,-1,-1,-1
363,4,2182.00,935.00,60.00,49.00,4.6914,-1,-1,-1
364,2,1928.00,921.00,93.00,66.00,7.4931,-1,-1,-1
364,1,2291.00,996.00,91.00,43.00,7.4405,-1,-1,-1
364,3,2143.00,1089.00,70.00,57.00,5.2102,-1,-1,-1
364,4,2180.00,936.00,60.00,47.00,4.4312,-1,-1,-1
365,2,1927.00,922.00,94.00,67.00,7.5407,-1,-1,-1
365,1,2292.00,998.00,87.00,42.00,7.3808,-1,-1,-1
365,3,2143.00,1092.00,68.00,53.00,5.3470,-1,-1,-1
365,4,2175.00,936.00,60.00,47.00,4.6476,-1,-1,-1
366,2,1927.00,925.00,94.00,66.00,7.5118,-1,-1,-1
366,1,2292.00,1001.00,87.00,45.00,7.3876,-1,-1,-1
366,3,2144.00,1092.00,69.00,54.00,5.4013,-1,-1,-1
366,4,2174.00,939.00,64.00,48.00,4.7942,-1,-1,-1
367,2,1926.00,929.00,94.00,65.00,7.4927,-1,-1,-1
367,1,2290.00,1002.00,88.00,45.00,7.3938,-1,-1,-1
367,3,2144.00,1093.00,72.00,56.00,5.4785,-1,-1,-1
367,4,2176.00,941.00,63.00,50.00,4.9508,-1,-1,-1
368,2,1926.00,931.00,95.00,65.00,7.5739,-1,-1,-1
368,1,2290.00,1003.00,88.00,46.00,7.3702,-1,-1,-1
368,3,2144.00,1098.00,64.00,56.00,5.5844,-1,-1,-1
368,4,2176.00,942.00,61.00,50.00,5.1520,-1,-1,-1
369,2,1926.00,935.00,92.00,63.00,7.6408,-1,-1,-1
369,1,2289.00,1005.00,88.00,46.00,7.3663,-1,-1,-1
369,3,2142.00,1101.00,63.00,50.00,5.4636,-1,-1,-1
369,4,2181.00,946.00,60.00,51.00,5.3286,-1,-1,-1
370,2,1925.00,936.00,93.00,64.00,7.6497,-1,-1,-1
370,1,2288.00,1006.00,88.00,46.00,7.3775,-1,-1,-1
370,3,2141.00,1100.00,69.00,56.00,5.4859,-1,-1,-1
370,4,2180.00,947.00,63.00,53.00,5.4616,-1,-1,-1
371,2,1924.00,940.00,92.00,63.00,7.6309,-1,-1,-1
371,1,2288.00,1009.00,86.00,44.00,7.3661,-1,-1,-1
371,4,2178.00,949.00,63.00,50.00,5.6579,-1,-1,-1
371,3,2138.00,1101.00,73.00,59.00,5.4358,-1,-1,-1
372,2,1924.00,942.00,93.00,63.00,7.6390,-1,-1,-1
372,1,2287.00,1011.00,87.00,44.00,7.1858,-1,-1,-1
372,4,2178.00,952.00,62.00,48.00,5.7483,-1,-1,-1
372,3,2143.00,1105.00,69.00,52.00,4.8891,-1,-1,-1
373,2,1922.00,943.00,97.00,65.00,7.6937,-1,-1,-1
373,1,2288.00,1014.00,84.00,43.00,7.0664,-1,-1,-1
373,4,2180.00,955.00,59.00,48.00,5.7561,-1,-1,-1
373,3,2138.00,1104.00,71.00,57.00,4.5585,-1,-1,-1
374,2,1921.00,945.00,95.00,66.00,7.7220,-1,-1,-1
374,1,2287.00,1016.00,83.00,43.00,6.9287,-1,-1,-1
374,4,2181.00,956.00,55.00,47.00,5.7779,-1,-1,-1
374,3,2139.00,1109.00,68.00,56.00,4.3318,-1,-1,-1
375,2,1919.00,946.00,97.00,67.00,7.6917,-1,-1,-1
375,1,2282.00,1016.00,87.00,45.00,6.8826,-1,-1,-1
375,4,2179.00,958.00,55.00,48.00,5.6669,-1,-1,-1
375,3,2141.00,1110.00,70.00,54.00,4.3411,-1,-1,-1
376,2,1919.00,946.00,98.00,68.00,7.6346,-1,-1,-1
376,1,2279.00,1016.00,92.00,47.00,6.8566,-1,-1,-1
376,4,2178.00,960.00,57.00,47.00,5.5790,-1,-1,-1
376,3,2141.00,1111.00,74.00,54.00,4.4449,-1,-1,-1
377,2,1920.00,948.00,96.00,67.00,7.5152,-1,-1,-1
377,1,2279.00,1020.00,90.00,43.00,6.8588,-1,-1,-1
377,4,2176.00,959.00,57.00,48.00,5.6855,-1,-1,-1
377,3,2141.00,1113.00,72.00,55.00,4.5554,-1,-1,-1
378,2,1919.00,954.00,95.00,66.00,7.4842,-1,-1,-1
378,1,2281.00,1024.00,85.00,41.00,6.7156,-1,-1,-1
378,4,2177.00,962.00,56.00,46.00,5.6150,-1,-1,-1
378,3,2141.00,1116.00,70.00,54.00,4.3001,-1,-1,-1
379,2,1918.00,956.00,95.00,68.00,7.5149,-1,-1,-1
379,1,2280.00,1026.00,87.00,42.00,6.6706,-1,-1,-1
379,4,2177.00,966.00,56.00,45.00,5.6965,-1,-1,-1
379,3,2140.00,1119.00,66.00,55.00,4.3773,-1,-1,-1
380,2,1918.00,959.00,93.00,65.00,7.5563,-1,-1,-1
380,1,2278.00,1028.00,87.00,41.00,6.7064,-1,-1,-1
380,4,2179.00,968.00,51.00,46.00,5.8124,-1,-1,-1
380,3,2142.00,1123.00,62.00,53.00,4.1555,-1,-1,-1
381,2,1918.00,963.00,90.00,63.00,7.5527,-1,-1,-1
381,1,2276.00,1029.00,88.00,43.00,6.7848,-1,-1,-1
381,4,2181.00,970.00,50.00,46.00,5.8765,-1,-1,-1
381,3,2139.00,1124.00,66.00,50.00,3.9679,-1,-1,-1
382,2,1918.00,965.00,92.00,63.00,7.5858,-1,-1,-1
382,1,2275.00,1031.00,88.00,43.00,6.8823,-1,-1,-1
382,4,2179.00,973.00,53.00,44.00,5.9678,-1,-1,-1
382,3,2139.00,1126.00,68.00,50.00,3.6326,-1,-1,-1
383,2,1916.00,966.00,93.00,65.00,7.6237,-1,-1,-1
383,1,2278.00,1033.00,84.00,41.00,7.0087,-1,-1,-1
383,4,2180.00,974.00,51.00,44.00,6.0329,-1,-1,-1
383,3,2140.00,1128.00,68.00,50.00,2.5877,-1,-1,-1
384,2,1915.00,968.00,94.00,67.00,7.6922,-1,-1,-1
384,1,2277.00,1034.00,85.00,42.00,7.0302,-1,-1,-1
384,4,2181.00,976.00,49.00,42.00,6.0579,-1,-1,-1
384,3,2141.00,1130.00,68.00,50.00,1.6995,-1,-1,-1
385,2,1914.00,971.00,93.00,66.00,7.7358,-1,-1,-1
385,1,2275.00,1034.00,86.00,44.00,6.9288,-1,-1,-1
385,4,2178.00,977.00,54.00,45.00,6.0372,-1,-1,-1
386,2,1915.00,974.00,87.00,62.00,7.7592,-1,-1,-1
386,1,2271.00,1036.00,86.00,41.00,6.7795,-1,-1,-1
386,4,2178.00,979.00,53.00,44.00,5.9177,-1,-1,-1
387,2,1913.00,975.00,89.00,64.00,7.7813,-1,-1,-1
387,1,2267.00,1036.00,90.00,45.00,6.6593,-1,-1,-1
387,4,2177.00,982.00,51.00,45.00,5.7421,-1,-1,-1
388,2,1913.00,975.00,90.00,66.00,7.7987,-1,-1,-1
388,1,2268.00,1039.00,86.00,43.00,6.6395,-1,-1,-1
388,4,2174.00,984.00,53.00,44.00,5.6501,-1,-1,-1
389,2,1910.00,977.00,94.00,66.00,7.8052,-1,-1,-1
389,1,2270.00,1041.00,84.00,42.00,6.6524,-1,-1,-1
389,4,2173.00,986.00,54.00,44.00,5.5552,-1,-1,-1
390,2,1908.00,978.00,94.00,69.00,7.8220,-1,-1,-1
390,1,2266.00,1043.00,86.00,42.00,6.7346,-1,-1,-1
390,4,2172.00,987.00,54.00,45.00,5.6622,-1,-1,-1
391,2,1907.00,981.00,92.00,69.00,7.8321,-1,-1,-1
391,1,2265.00,1044.00,86.00,44.00,6.8282,-1,-1,-1
391,4,2170.00,989.00,54.00,45.00,5.7012,-1,-1,-1
391,3,2225.00,1146.00,26.00,16.00,0.1478,-1,-1,-1
392,2,1905.00,982.00,95.00,70.00,7.8509,-1,-1,-1
392,1,2262.00,1046.00,86.00,43.00,6.8475,-1,-1,-1
392,4,2167.00,991.00,56.00,45.00,5.7499,-1,-1,-1
393,2,1905.00,985.00,92.00,67.00,7.8327,-1,-1,-1
393,1,2263.00,1049.00,82.00,41.00,6.8452,-1,-1,-1
393,4,2167.00,993.00,55.00,46.00,5.7134,-1,-1,-1
394,2,1903.00,986.00,93.00,68.00,7.8395,-1,-1,-1
394,1,2256.00,1049.00,89.00,45.00,6.8363,-1,-1,-1
394,4,2167.00,994.00,52.00,46.00,5.5337,-1,-1,-1
395,2,1900.00,988.00,95.00,68.00,7.8527,-1,-1,-1
395,1,2254.00,1051.00,89.00,44.00,6.9057,-1,-1,-1
395,4,2164.00,994.00,52.00,44.00,5.5641,-1,-1,-1
396,2,1898.00,992.00,93.00,68.00,7.8762,-1,-1,-1
396,1,2250.00,1053.00,90.00,43.00,6.9649,-1,-1,-1
396,4,2163.00,997.00,54.00,43.00,5.4843,-1,-1,-1
397,2,1896.00,995.00,93.00,68.00,7.8590,-1,-1,-1
397,1,2250.00,1054.00,88.00,43.00,7.0244,-1,-1,-1
397,4,2163.00,999.00,56.00,45.00,5.4419,-1,-1,-1
398,2,1896.00,994.00,93.00,72.00,7.8264,-1,-1,-1
398,1,2250.00,1055.00,85.00,44.00,7.0737,-1,-1,-1
398,4,2164.00,1004.00,58.00,45.00,5.2910,-1,-1,-1
399,2,1894.00,996.00,92.00,71.00,7.7960,-1,-1,-1
399,1,2252.00,1057.00,80.00,42.00,7.0806,-1,-1,-1
399,4,2159.00,1005.00,59.00,44.00,5.1852,-1,-1,-1
400,2,1891.00,1001.00,93.00,68.00,7.8292,-1,-1,-1
400,1,2246.00,1057.00,83.00,44.00,7.1210,-1,-1,-1
400,4,2159.00,1006.00,54.00,42.00,4.8276,-1,-1,-1
401,2,1888.00,1003.00,94.00,69.00,7.8597,-1,-1,-1
401,1,2242.00,1058.00,85.00,45.00,7.1307,-1,-1,-1
401,4,2157.00,1007.00,54.00,43.00,4.5764,-1,-1,-1
402,2,1886.00,1008.00,89.00,64.00,7.8332,-1,-1,-1
402,1,2239.00,1060.00,84.00,45.00,7.0224,-1,-1,-1
402,4,2152.00,1008.00,56.00,44.00,4.3674,-1,-1,-1
403,2,1884.00,1008.00,91.00,67.00,7.8153,-1,-1,-1
403,1,2236.00,1063.00,85.00,43.00,6.9826,-1,-1,-1
403,4,2152.00,1012.00,56.00,44.00,4.4745,-1,-1,-1
404,2,1881.00,1010.00,92.00,67.00,7.7905,-1,-1,-1
404,1,2235.00,1064.00,83.00,43.00,6.9904,-1,-1,-1
404,4,2150.00,1014.00,55.00,44.00,4.5444,-1,-1,-1
405,2,1878.00,1014.00,91.00,64.00,7.7992,-1,-1,-1
405,1,2231.00,1066.00,85.00,42.00,6.9880,-1,-1,-1
405,4,2143.00,1013.00,57.00,45.00,4.5832,-1,-1,-1
406,2,1876.00,1017.00,87.00,63.00,7.8172,-1,-1,-1
406,1,2232.00,1068.00,82.00,40.00,7.0246,-1,-1,-1
406,4,2141.00,1014.00,56.00,45.00,4.7144,-1,-1,-1
407,2,1874.00,1018.00,88.00,65.00,7.8274,-1,-1,-1
407,1,2229.00,1070.00,83.00,39.00,7.0541,-1,-1,-1
407,4,2141.00,1018.00,54.00,40.00,4.7491,-1,-1,-1
408,2,1873.00,1020.00,85.00,65.00,7.8304,-1,-1,-1
408,1,2230.00,1072.00,79.00,38.00,7.1134,-1,-1,-1
408,4,2142.00,1018.00,54.00,42.00,4.4794,-1,-1,-1
409,2,1869.00,1018.00,92.00,71.00,7.8303,-1,-1,-1
409,1,2228.00,1073.00,76.00,37.00,7.1133,-1,-1,-1
409,4,2139.00,1021.00,53.00,42.00,4.2288,-1,-1,-1
410,2,1868.00,1023.00,89.00,68.00,7.8387,-1,-1,-1
410,1,2220.00,1075.00,83.00,39.00,7.1256,-1,-1,-1
410,4,2138.00,1022.00,54.00,45.00,4.0445,-1,-1,-1
411,2,1865.00,1024.00,93.00,70.00,7.8728,-1,-1,-1
411,1,2218.00,1075.00,81.00,39.00,7.1290,-1,-1,-1
411,4,2136.00,1024.00,54.00,45.00,4.2110,-1,-1,-1
412,2,1863.00,1026.00,91.00,70.00,7.8888,-1,-1,-1
412,1,2213.00,1077.00,83.00,40.00,7.1693,-1,-1,-1
412,4,2133.00,1025.00,53.00,43.00,4.3840,-1,-1,-1
413,2,1860.00,1028.00,92.00,71.00,7.8845,-1,-1,-1
413,1,2211.00,1078.00,84.00,42.00,7.2455,-1,-1,-1
413,4,2130.00,1025.00,53.00,43.00,4.5859,-1,-1,-1
414,2,1858.00,1028.00,94.00,74.00,7.8759,-1,-1,-1
414,1,2206.00,1080.00,85.00,40.00,7.3311,-1,-1,-1
414,4,2127.00,1027.00,56.00,45.00,4.7133,-1,-1,-1
415,2,1856.00,1033.00,91.00,70.00,7.8676,-1,-1,-1
415,1,2204.00,1080.00,85.00,41.00,7.3519,-1,-1,-1
415,4,2127.00,1031.00,56.00,43.00,4.7149,-1,-1,-1
416,2,1854.00,1038.00,89.00,66.00,7.8831,-1,-1,-1
416,1,2206.00,1081.00,80.00,41.00,7.4176,-1,-1,-1
416,4,2127.00,1033.00,52.00,44.00,4.3625,-1,-1,-1
417,2,1852.00,1040.00,89.00,67.00,7.8963,-1,-1,-1
417,1,2203.00,1082.00,80.00,41.00,7.3792,-1,-1,-1
417,4,2122.00,1035.00,55.00,45.00,4.3588,-1,-1,-1
418,2,1847.00,1038.00,94.00,74.00,7.9071,-1,-1,-1
418,1,2197.00,1083.00,83.00,43.00,7.3566,-1,-1,-1
418,4,2114.00,1033.00,57.00,46.00,4.4304,-1,-1,-1
419,2,1845.00,1040.00,92.00,75.00,7.9066,-1,-1,-1
419,1,2196.00,1085.00,82.00,42.00,7.2907,-1,-1,-1
419,4,2114.00,1036.00,55.00,44.00,4.2361,-1,-1,-1
420,2,1845.00,1045.00,87.00,71.00,7.9118,-1,-1,-1
420,1,2194.00,1087.00,79.00,41.00,7.2325,-1,-1,-1
420,4,2115.00,1039.00,51.00,44.00,4.0845,-1,-1,-1
421,2,1841.00,1046.00,90.00,73.00,7.9307,-1,-1,-1
421,1,2191.00,1089.00,79.00,41.00,7.2279,-1,-1,-1
421,4,2109.00,1039.00,54.00,44.00,4.1436,-1,-1,-1
422,2,1840.00,1048.00,88.00,74.00,7.9532,-1,-1,-1
422,1,2189.00,1090.00,80.00,42.00,7.2117,-1,-1,-1
422,4,2108.00,1040.00,56.00,45.00,4.2008,-1,-1,-1
423,2,1836.00,1050.00,92.00,74.00,7.9537,-1,-1,-1
423,1,2189.00,1093.00,78.00,41.00,7.2400,-1,-1,-1
423,4,2107.00,1041.00,54.00,46.00,4.3414,-1,-1,-1
424,2,1833.00,1053.00,93.00,73.00,7.9440,-1,-1,-1
424,1,2189.00,1095.00,76.00,38.00,7.2791,-1,-1,-1
424,4,2105.00,1044.00,53.00,44.00,4.5036,-1,-1,-1
425,2,1831.00,1056.00,88.00,70.00,7.9546,-1,-1,-1
425,1,2189.00,1098.00,72.00,36.00,7.3297,-1,-1,-1
425,4,2103.00,1047.00,52.00,43.00,4.5638,-1,-1,-1
426,2,1828.00,1059.00,88.00,69.00,7.9586,-1,-1,-1
426,1,2188.00,1099.00,68.00,36.00,7.3294,-1,-1,-1
426,4,2099.00,1046.00,56.00,47.00,4.6430,-1,-1,-1
427,2,1826.00,1063.00,87.00,68.00,7.9784,-1,-1,-1
427,1,2179.00,1098.00,73.00,38.00,7.2831,-1,-1,-1
427,4,2095.00,1048.00,59.00,47.00,4.6646,-1,-1,-1
428,2,1821.00,1062.00,90.00,74.00,7.9994,-1,-1,-1
428,1,2175.00,1101.00,74.00,37.00,7.2523,-1,-1,-1
428,4,2093.00,1048.00,58.00,47.00,4.6738,-1,-1,-1
429,2,1821.00,1065.00,84.00,72.00,8.0233,-1,-1,-1
429,1,2169.00,1100.00,76.00,39.00,7.2245,-1,-1,-1
429,4,2090.00,1051.00,58.00,45.00,4.6642,-1,-1,-1
430,2,1819.00,1067.00,83.00,72.00,8.0401,-1,-1,-1
430,1,2167.00,1102.00,75.00,40.00,7.2258,-1,-1,-1
430,4,2088.00,1053.00,57.00,45.00,4.6826,-1,-1,-1
431,2,1816.00,1069.00,84.00,72.00,8.0435,-1,-1,-1
431,1,2167.00,1103.00,73.00,40.00,7.2104,-1,-1,-1
431,4,2087.00,1053.00,54.00,45.00,4.6799,-1,-1,-1
432,2,1811.00,1070.00,88.00,74.00,8.0324,-1,-1,-1
432,1,2162.00,1103.00,74.00,41.00,7.2445,-1,-1,-1
432,4,2087.00,1055.00,53.00,44.00,4.2124,-1,-1,-1
433,2,1809.00,1072.00,87.00,74.00,8.0377,-1,-1,-1
433,1,2159.00,1104.00,75.00,41.00,7.2412,-1,-1,-1
433,4,2080.00,1056.00,54.00,45.00,4.0472,-1,-1,-1
434,2,1806.00,1074.00,88.00,74.00,8.0402,-1,-1,-1
434,1,2158.00,1104.00,74.00,42.00,7.2564,-1,-1,-1
434,4,2077.00,1058.00,57.00,45.00,4.2438,-1,-1,-1
435,2,1802.00,1075.00,90.00,75.00,8.0209,-1,-1,-1
435,1,2153.00,1107.00,74.00,39.00,7.3175,-1,-1,-1
435,4,2079.00,1060.00,56.00,46.00,4.2841,-1,-1,-1
436,2,1800.00,1077.00,88.00,75.00,8.0082,-1,-1,-1
436,1,2152.00,1108.00,72.00,40.00,7.3632,-1,-1,-1
436,4,2072.00,1060.00,59.00,49.00,4.5049,-1,-1,-1
437,2,1797.00,1078.00,89.00,76.00,7.9940,-1,-1,-1
437,1,2149.00,1107.00,71.00,41.00,7.3459,-1,-1,-1
437,4,2068.00,1061.00,56.00,44.00,4.5196,-1,-1,-1
438,2,1796.00,1082.00,84.00,74.00,7.9741,-1,-1,-1
438,1,2144.00,1109.00,75.00,40.00,7.3002,-1,-1,-1
438,4,2068.00,1064.00,52.00,42.00,4.2144,-1,-1,-1
439,2,1792.00,1083.00,87.00,75.00,8.0143,-1,-1,-1
439,1,2142.00,1110.00,72.00,40.00,7.2951,-1,-1,-1
439,4,2066.00,1065.00,51.00,43.00,4.3319,-1,-1,-1
440,2,1789.00,1086.00,88.00,74.00,8.0410,-1,-1,-1
440,1,2139.00,1111.00,71.00,41.00,7.2823,-1,-1,-1
440,4,2064.00,1066.00,51.00,43.00,3.1821,-1,-1,-1
441,2,1786.00,1088.00,86.00,76.00,8.0201,-1,-1,-1
441,1,2139.00,1114.00,68.00,40.00,7.2327,-1,-1,-1
441,4,2061.00,1068.00,51.00,43.00,2.2048,-1,-1,-1
442,2,1784.00,1091.00,85.00,72.00,7.9619,-1,-1,-1
442,1,2136.00,1116.00,68.00,38.00,7.2022,-1,-1,-1
442,4,2058.00,1070.00,56.00,43.00,2.5531,-1,-1,-1
443,2,1781.00,1096.00,84.00,73.00,7.9386,-1,-1,-1
443,1,2129.00,1118.00,74.00,38.00,7.2686,-1,-1,-1
443,4,2056.00,1071.00,54.00,46.00,2.9544,-1,-1,-1
444,2,1776.00,1096.00,87.00,74.00,7.9588,-1,-1,-1
444,1,2127.00,1119.00,73.00,38.00,7.3164,-1,-1,-1
444,4,2054.00,1070.00,58.00,49.00,3.3315,-1,-1,-1
445,2,1773.00,1097.00,89.00,76.00,7.9768,-1,-1,-1
445,1,2125.00,1120.00,72.00,38.00,7.3116,-1,-1,-1
445,4,2053.00,1073.00,56.00,46.00,3.5817,-1,-1,-1
446,2,1771.00,1099.00,90.00,75.00,7.9837,-1,-1,-1
446,1,2122.00,1122.00,71.00,36.00,7.2766,-1,-1,-1
446,4,2046.00,1073.00,61.00,48.00,3.8453,-1,-1,-1
447,2,1770.00,1100.00,87.00,75.00,7.9506,-1,-1,-1
447,1,2122.00,1124.00,68.00,34.00,7.2283,-1,-1,-1
447,4,2047.00,1076.00,58.00,47.00,4.0103,-1,-1,-1
448,2,1767.00,1100.00,89.00,77.00,7.9193,-1,-1,-1
448,1,2114.00,1125.00,73.00,37.00,7.2358,-1,-1,-1
448,4,2044.00,1077.00,52.00,44.00,3.8012,-1,-1,-1
449,2,1763.00,1103.00,89.00,75.00,7.8820,-1,-1,-1
449,1,2113.00,1126.00,69.00,37.00,7.2326,-1,-1,-1
449,4,2038.00,1076.00,52.00,44.00,2.7310,-1,-1,-1
450,2,1760.00,1107.00,89.00,72.00,7.9011,-1,-1,-1
450,1,2107.00,1126.00,74.00,38.00,7.2529,-1,-1,-1
450,4,2037.00,1078.00,55.00,42.00,2.5639,-1,-1,-1
451,2,1758.00,1108.00,88.00,72.00,7.9213,-1,-1,-1
451,1,2104.00,1127.00,75.00,38.00,7.2817,-1,-1,-1
451,4,2033.00,1080.00,59.00,43.00,2.4228,-1,-1,-1
452,2,1756.00,1110.00,85.00,72.00,7.9266,-1,-1,-1
452,1,2103.00,1129.00,72.00,37.00,7.3050,-1,-1,-1
452,4,2032.00,1082.00,54.00,44.00,2.2795,-1,-1,-1
453,2,1751.00,1109.00,89.00,78.00,7.9244,-1,-1,-1
453,1,2100.00,1130.00,72.00,37.00,7.2835,-1,-1,-1
453,4,2030.00,1084.00,56.00,48.00,2.3007,-1,-1,-1
454,2,1750.00,1114.00,84.00,73.00,7.9459,-1,-1,-1
454,1,2092.00,1129.00,78.00,39.00,7.3031,-1,-1,-1
454,4,2029.00,1088.00,56.00,48.00,1.4556,-1,-1,-1
455,2,1747.00,1116.00,86.00,73.00,7.9595,-1,-1,-1
455,1,2091.00,1129.00,75.00,41.00,7.3906,-1,-1,-1
455,4,2028.00,1092.00,56.00,48.00,0.7373,-1,-1,-1
456,2,1745.00,1116.00,87.00,76.00,7.9834,-1,-1,-1
456,1,2092.00,1130.00,72.00,40.00,7.4440,-1,-1,-1
457,2,1741.00,1119.00,86.00,74.00,7.9938,-1,-1,-1
457,1,2093.00,1132.00,68.00,38.00,7.4422,-1,-1,-1
458,2,1740.00,1121.00,85.00,74.00,7.9944,-1,-1,-1
458,1,2090.00,1133.00,66.00,37.00,7.3456,-1,-1,-1
459,2,1736.00,1122.00,87.00,74.00,7.9974,-1,-1,-1
459,1,2082.00,1136.00,72.00,37.00,7.2183,-1,-1,-1
460,2,1734.00,1126.00,86.00,72.00,7.9976,-1,-1,-1
460,1,2078.00,1137.00,73.00,37.00,7.1202,-1,-1,-1
461,2,1732.00,1126.00,87.00,74.00,7.9939,-1,-1,-1
461,1,2077.00,1139.00,70.00,36.00,7.0602,-1,-1,-1
462,2,1728.00,1129.00,87.00,74.00,7.9826,-1,-1,-1
462,1,2071.00,1138.00,75.00,38.00,6.9702,-1,-1,-1
463,2,1724.00,1129.00,89.00,77.00,7.9800,-1,-1,-1
463,1,2070.00,1139.00,75.00,38.00,6.9419,-1,-1,-1
464,2,1724.00,1132.00,85.00,74.00,8.0006,-1,-1,-1
464,1,2066.00,1137.00,74.00,41.00,6.9198,-1,-1,-1
465,2,1723.00,1132.00,85.00,75.00,8.0287,-1,-1,-1
465,1,2065.00,1140.00,73.00,38.00,6.9229,-1,-1,-1
466,2,1723.00,1135.00,82.00,74.00,8.0595,-1,-1,-1
466,1,2066.00,1142.00,69.00,37.00,6.9703,-1,-1,-1
467,2,1720.00,1136.00,83.00,75.00,8.0742,-1,-1,-1
467,1,2067.00,1143.00,65.00,36.00,7.0030,-1,-1,-1
468,2,1718.00,1137.00,83.00,76.00,8.0648,-1,-1,-1
468,1,2061.00,1142.00,71.00,38.00,7.0241,-1,-1,-1
469,2,1716.00,1139.00,81.00,76.00,7.9966,-1,-1,-1
469,1,2054.00,1142.00,75.00,38.00,7.0657,-1,-1,-1
470,2,1713.00,1142.00,81.00,74.00,7.9147,-1,-1,-1
470,1,2054.00,1142.00,73.00,39.00,7.1354,-1,-1,-1
471,2,1710.00,1143.00,84.00,74.00,7.8512,-1,-1,-1
471,1,2053.00,1142.00,72.00,39.00,7.1661,-1,-1,-1
472,2,1710.00,1145.00,83.00,75.00,7.8178,-1,-1,-1
472,1,2053.00,1144.00,70.00,37.00,7.1184,-1,-1,-1
473,2,1708.00,1145.00,83.00,76.00,7.8258,-1,-1,-1
473,1,2052.00,1146.00,69.00,36.00,7.0156,-1,-1,-1
474,2,1706.00,1146.00,84.00,76.00,7.8321,-1,-1,-1
474,1,2050.00,1146.00,68.00,36.00,6.9271,-1,-1,-1
475,2,1706.00,1147.00,82.00,76.00,7.8302,-1,-1,-1
475,1,2045.00,1145.00,74.00,38.00,6.9036,-1,-1,-1
476,2,1705.00,1148.00,81.00,76.00,7.8111,-1,-1,-1
476,1,2041.00,1144.00,76.00,40.00,6.9020,-1,-1,-1
477,2,1702.00,1149.00,83.00,77.00,7.7966,-1,-1,-1
477,1,2041.00,1145.00,73.00,39.00,6.8892,-1,-1,-1
478,2,1701.00,1149.00,84.00,78.00,7.7838,-1,-1,-1
478,1,2037.00,1144.00,74.00,39.00,6.8060,-1,-1,-1
479,2,1700.00,1152.00,83.00,76.00,7.7757,-1,-1,-1
479,1,2034.00,1145.00,74.00,38.00,6.7283,-1,-1,-1
480,2,1698.00,1154.00,83.00,75.00,7.7764,-1,-1,-1
480,1,2032.00,1145.00,74.00,38.00,6.6510,-1,-1,-1
481,2,1697.00,1152.00,83.00,78.00,7.7803,-1,-1,-1
481,1,2029.00,1145.00,78.00,38.00,6.5672,-1,-1,-1
482,2,1694.00,1153.00,83.00,80.00,7.7950,-1,-1,-1
482,1,2030.00,1146.00,74.00,37.00,6.5070,-1,-1,-1
483,2,1692.00,1154.00,84.00,80.00,7.8144,-1,-1,-1
483,1,2023.00,1144.00,81.00,39.00,6.3788,-1,-1,-1
484,2,1691.00,1155.00,85.00,79.00,7.8336,-1,-1,-1
484,1,2025.00,1145.00,77.00,38.00,6.2482,-1,-1,-1
485,2,1689.00,1156.00,86.00,78.00,7.8465,-1,-1,-1
485,1,2025.00,1145.00,76.00,37.00,6.1547,-1,-1,-1
486,2,1689.00,1158.00,84.00,76.00,7.8406,-1,-1,-1
486,1,2021.00,1144.00,79.00,39.00,6.1394,-1,-1,-1
487,2,1689.00,1158.00,81.00,76.00,7.8306,-1,-1,-1
487,1,2019.00,1143.00,79.00,39.00,6.1192,-1,-1,-1
488,2,1688.00,1158.00,81.00,77.00,7.7741,-1,-1,-1
488,1,2017.00,1142.00,79.00,40.00,6.1518,-1,-1,-1
489,2,1686.00,1159.00,80.00,76.00,7.7260,-1,-1,-1
489,1,2014.00,1141.00,80.00,41.00,6.2213,-1,-1,-1
490,2,1687.00,1159.00,81.00,78.00,7.6938,-1,-1,-1
490,1,2015.00,1140.00,78.00,41.00,6.2643,-1,-1,-1
490,5,3658.00,147.00,70.00,62.00,1.0866,-1,-1,-1
491,2,1686.00,1159.00,80.00,78.00,7.6832,-1,-1,-1
491,1,2012.00,1139.00,80.00,42.00,6.2894,-1,-1,-1
491,5,3657.00,149.00,69.00,57.00,1.2050,-1,-1,-1
492,2,1685.00,1159.00,80.00,79.00,7.6503,-1,-1,-1
492,1,2008.00,1137.00,83.00,44.00,6.2283,-1,-1,-1
492,5,3656.00,148.00,69.00,57.00,0.5243,-1,-1,-1
493,2,1683.00,1160.00,82.00,77.00,7.6367,-1,-1,-1
493,1,2017.00,1140.00,71.00,40.00,6.2845,-1,-1,-1
494,2,1683.00,1160.00,81.00,77.00,7.6425,-1,-1,-1
494,1,1998.00,1131.00,92.00,50.00,6.1742,-1,-1,-1
495,2,1683.00,1161.00,80.00,77.00,7.6570,-1,-1,-1
495,1,2000.00,1132.00,88.00,48.00,6.0919,-1,-1,-1
496,2,1682.00,1161.00,80.00,76.00,7.6800,-1,-1,-1
496,1,2009.00,1137.00,77.00,43.00,6.1254,-1,-1,-1
497,2,1681.00,1162.00,80.00,76.00,7.7150,-1,-1,-1
497,1,2010.00,1137.00,75.00,42.00,6.1403,-1,-1,-1
498,2,1680.00,1162.00,80.00,76.00,7.7530,-1,-1,-1
498,1,2008.00,1136.00,76.00,42.00,6.1099,-1,-1,-1
499,2,1680.00,1164.00,79.00,74.00,7.7871,-1,-1,-1
499,1,2008.00,1138.00,74.00,40.00,6.0918,-1,-1,-1
500,2,1679.00,1164.00,80.00,74.00,7.8160,-1,-1,-1
500,1,2006.00,1138.00,75.00,39.00,6.0172,-1,-1,-1
501,2,1679.00,1163.00,79.00,75.00,7.8370,-1,-1,-1
501,1,1994.00,1131.00,87.00,46.00,5.8715,-1,-1,-1
502,2,1680.00,1163.00,77.00,74.00,7.8544,-1,-1,-1
502,1,1994.00,1130.00,86.00,47.00,5.7676,-1,-1,-1
503,2,1678.00,1163.00,79.00,74.00,7.8791,-1,-1,-1
503,1,1991.00,1129.00,88.00,47.00,5.7883,-1,-1,-1
504,2,1679.00,1163.00,77.00,74.00,7.8999,-1,-1,-1
504,1,1988.00,1127.00,89.00,48.00,5.8333,-1,-1,-1
505,2,1678.00,1164.00,78.00,73.00,7.9165,-1,-1,-1
505,1,1986.00,1127.00,92.00,48.00,5.8975,-1,-1,-1
506,2,1678.00,1163.00,77.00,74.00,7.9303,-1,-1,-1
506,1,1985.00,1128.00,93.00,46.00,5.9748,-1,-1,-1
507,2,1678.00,1163.00,76.00,74.00,7.9423,-1,-1,-1
507,1,1985.00,1127.00,93.00,46.00,6.0741,-1,-1,-1
508,2,1678.00,1164.00,76.00,72.00,7.9526,-1,-1,-1
508,1,1988.00,1128.00,89.00,44.00,6.2310,-1,-1,-1
509,2,1678.00,1163.00,77.00,73.00,7.9681,-1,-1,-1
509,1,1989.00,1126.00,84.00,45.00,6.4024,-1,-1,-1
510,2,1678.00,1163.00,77.00,73.00,7.9845,-1,-1,-1
510,1,1987.00,1122.00,86.00,47.00,6.5476,-1,-1,-1
511,2,1678.00,1163.00,76.00,73.00,7.9938,-1,-1,-1
511,1,1988.00,1123.00,87.00,47.00,6.6774,-1,-1,-1
511,5,3572.00,64.00,12.00,12.00,0.1716,-1,-1,-1
512,2,1679.00,1162.00,75.00,74.00,8.0032,-1,-1,-1
512,1,1986.00,1119.00,87.00,49.00,6.7038,-1,-1,-1
513,2,1679.00,1162.00,75.00,73.00,8.0085,-1,-1,-1
513,1,1985.00,1119.00,87.00,48.00,6.7109,-1,-1,-1
514,2,1679.00,1162.00,75.00,73.00,8.0134,-1,-1,-1
514,1,1985.00,1118.00,87.00,48.00,6.7173,-1,-1,-1
515,2,1679.00,1162.00,75.00,73.00,8.0150,-1,-1,-1
515,1,1986.00,1119.00,85.00,46.00,6.7078,-1,-1,-1
516,2,1679.00,1161.00,75.00,74.00,8.0182,-1,-1,-1
516,1,1984.00,1118.00,86.00,46.00,6.7086,-1,-1,-1
516,6,3662.00,176.00,66.00,50.00,2.8274,-1,-1,-1
517,2,1679.00,1161.00,75.00,74.00,8.0219,-1,-1,-1
517,1,1983.00,1115.00,88.00,48.00,6.7183,-1,-1,-1
517,6,3661.00,173.00,64.00,52.00,3.3053,-1,-1,-1
518,2,1680.00,1161.00,74.00,74.00,8.0240,-1,-1,-1
518,1,1979.00,1110.00,92.00,52.00,6.7090,-1,-1,-1
518,6,3655.00,171.00,66.00,52.00,3.6853,-1,-1,-1
519,2,1680.00,1161.00,74.00,73.00,8.0280,-1,-1,-1
519,1,1980.00,1111.00,90.00,50.00,6.7227,-1,-1,-1
519,6,3649.00,169.00,67.00,52.00,4.0593,-1,-1,-1
520,2,1680.00,1161.00,74.00,72.00,8.0301,-1,-1,-1
520,1,1974.00,1105.00,97.00,56.00,6.7601,-1,-1,-1
520,6,3648.00,169.00,59.00,50.00,4.3459,-1,-1,-1
521,2,1680.00,1160.00,75.00,73.00,8.0307,-1,-1,-1
521,1,1978.00,1107.00,91.00,52.00,6.8251,-1,-1,-1
521,6,3643.00,166.00,63.00,53.00,4.5236,-1,-1,-1
522,2,1680.00,1161.00,75.00,71.00,8.0299,-1,-1,-1
522,1,1977.00,1106.00,92.00,53.00,6.8681,-1,-1,-1
522,6,3639.00,168.00,64.00,49.00,4.6457,-1,-1,-1
523,2,1680.00,1161.00,75.00,71.00,8.0289,-1,-1,-1
523,1,1976.00,1104.00,94.00,54.00,6.8899,-1,-1,-1
523,6,3636.00,164.00,63.00,52.00,4.8732,-1,-1,-1
524,2,1680.00,1160.00,76.00,71.00,8.0296,-1,-1,-1
524,1,1977.00,1103.00,92.00,54.00,6.8705,-1,-1,-1
524,6,3631.00,160.00,65.00,54.00,5.0631,-1,-1,-1
525,2,1680.00,1159.00,76.00,72.00,8.0355,-1,-1,-1
525,1,1977.00,1102.00,91.00,54.00,6.8077,-1,-1,-1
525,6,3628.00,160.00,65.00,52.00,5.0881,-1,-1,-1
526,2,1680.00,1157.00,78.00,73.00,8.0390,-1,-1,-1
526,1,1979.00,1102.00,87.00,51.00,6.7687,-1,-1,-1
526,6,3626.00,157.00,63.00,54.00,5.0236,-1,-1,-1
527,2,1681.00,1156.00,78.00,73.00,8.0230,-1,-1,-1
527,1,1976.00,1098.00,93.00,56.00,6.7449,-1,-1,-1
527,6,3622.00,155.00,64.00,53.00,5.0829,-1,-1,-1
528,2,1684.00,1155.00,75.00,74.00,8.0007,-1,-1,-1
528,1,1977.00,1099.00,91.00,53.00,6.7523,-1,-1,-1
528,6,3619.00,156.00,64.00,50.00,4.9950,-1,-1,-1
529,2,1685.00,1156.00,74.00,72.00,7.9819,-1,-1,-1
529,1,1979.00,1098.00,89.00,52.00,6.8073,-1,-1,-1
529,6,3615.00,155.00,65.00,49.00,5.1081,-1,-1,-1
530,2,1685.00,1156.00,74.00,73.00,7.9664,-1,-1,-1
530,1,1980.00,1097.00,89.00,53.00,6.8607,-1,-1,-1
530,6,3612.00,151.00,63.00,51.00,5.2279,-1,-1,-1
531,2,1684.00,1156.00,75.00,73.00,7.9477,-1,-1,-1
531,1,1984.00,1099.00,82.00,47.00,6.9203,-1,-1,-1
531,6,3606.00,150.00,67.00,50.00,5.1219,-1,-1,-1
532,2,1684.00,1154.00,76.00,74.00,7.9337,-1,-1,-1
532,1,1984.00,1098.00,83.00,47.00,6.9657,-1,-1,-1
532,6,3609.00,151.00,56.00,48.00,5.0970,-1,-1,-1
533,2,1685.00,1154.00,75.00,74.00,7.9178,-1,-1,-1
533,1,1982.00,1094.00,85.00,50.00,6.9576,-1,-1,-1
533,6,3601.00,149.00,63.00,48.00,4.8256,-1,-1,-1
534,2,1685.00,1152.00,77.00,76.00,7.9084,-1,-1,-1
534,1,1982.00,1092.00,86.00,50.00,6.9216,-1,-1,-1
534,6,3600.00,148.00,56.00,46.00,4.8073,-1,-1,-1
535,2,1686.00,1151.00,77.00,75.00,7.9066,-1,-1,-1
535,1,1980.00,1089.00,88.00,52.00,6.9025,-1,-1,-1
535,6,3592.00,145.00,64.00,49.00,4.5579,-1,-1,-1
536,2,1686.00,1151.00,77.00,73.00,7.9025,-1,-1,-1
536,1,1980.00,1089.00,88.00,51.00,6.8990,-1,-1,-1
536,6,3590.00,143.00,61.00,49.00,4.7476,-1,-1,-1
537,2,1688.00,1150.00,75.00,74.00,7.8948,-1,-1,-1
537,1,1980.00,1087.00,87.00,52.00,6.8925,-1,-1,-1
537,6,3587.00,141.00,62.00,51.00,4.9511,-1,-1,-1
538,2,1687.00,1151.00,77.00,72.00,7.8910,-1,-1,-1
538,1,1977.00,1083.00,93.00,55.00,6.9378,-1,-1,-1
538,6,3583.00,141.00,62.00,49.00,5.0197,-1,-1,-1
539,2,1687.00,1150.00,77.00,73.00,7.8894,-1,-1,-1
539,1,1976.00,1080.00,93.00,56.00,6.9512,-1,-1,-1
539,6,3581.00,139.00,61.00,49.00,5.0306,-1,-1,-1
540,2,1687.00,1149.00,76.00,73.00,7.8916,-1,-1,-1
540,1,1977.00,1080.00,93.00,55.00,6.9654,-1,-1,-1
540,6,3586.00,138.00,54.00,51.00,4.9316,-1,-1,-1
541,2,1688.00,1149.00,76.00,73.00,7.8954,-1,-1,-1
541,1,1979.00,1082.00,90.00,52.00,7.0047,-1,-1,-1
541,6,3575.00,132.00,60.00,52.00,4.6685,-1,-1,-1
542,2,1689.00,1150.00,74.00,70.00,7.9038,-1,-1,-1
542,1,1981.00,1081.00,87.00,49.00,6.9951,-1,-1,-1
542,6,3571.00,132.00,62.00,50.00,4.3755,-1,-1,-1
543,2,1689.00,1148.00,77.00,73.00,7.9012,-1,-1,-1
543,1,1976.00,1076.00,94.00,55.00,6.9872,-1,-1,-1
543,6,3566.00,130.00,64.00,50.00,4.4344,-1,-1,-1
544,2,1691.00,1148.00,74.00,69.00,7.8932,-1,-1,-1
544,1,1977.00,1076.00,93.00,53.00,6.9733,-1,-1,-1
544,6,3564.00,128.00,62.00,50.00,4.4918,-1,-1,-1
545,2,1693.00,1149.00,72.00,67.00,7.8967,-1,-1,-1
545,1,1978.00,1075.00,92.00,52.00,6.9737,-1,-1,-1
545,6,3558.00,129.00,64.00,47.00,4.1484,-1,-1,-1
546,2,1693.00,1147.00,74.00,68.00,7.8926,-1,-1,-1
546,1,1980.00,1074.00,91.00,52.00,6.9832,-1,-1,-1
546,6,3555.00,126.00,64.00,49.00,3.9673,-1,-1,-1
547,2,1693.00,1146.00,74.00,68.00,7.8762,-1,-1,-1
547,1,1981.00,1073.00,89.00,52.00,7.0092,-1,-1,-1
547,6,3555.00,124.00,56.00,47.00,3.7510,-1,-1,-1
548,2,1696.00,1145.00,72.00,69.00,7.8814,-1,-1,-1
548,1,1985.00,1075.00,83.00,46.00,7.0415,-1,-1,-1
548,6,3554.00,125.00,53.00,45.00,3.5950,-1,-1,-1
549,2,1697.00,1144.00,72.00,71.00,7.8875,-1,-1,-1
549,1,1985.00,1074.00,84.00,46.00,7.0729,-1,-1,-1
549,6,3546.00,123.00,61.00,47.00,3.4219,-1,-1,-1
550,2,1698.00,1144.00,72.00,69.00,7.8598,-1,-1,-1
550,1,1983.00,1070.00,87.00,49.00,7.0264,-1,-1,-1
550,6,3543.00,120.00,61.00,49.00,3.6652,-1,-1,-1
551,2,1699.00,1142.00,73.00,70.00,7.8570,-1,-1,-1
551,1,1983.00,1070.00,87.00,47.00,6.9997,-1,-1,-1
551,6,3539.00,118.00,61.00,50.00,3.9931,-1,-1,-1
552,2,1700.00,1142.00,73.00,69.00,7.8582,-1,-1,-1
552,1,1986.00,1068.00,84.00,47.00,6.9783,-1,-1,-1
552,6,3535.00,117.00,62.00,49.00,4.1479,-1,-1,-1
553,2,1699.00,1142.00,75.00,67.00,7.8607,-1,-1,-1
553,1,1985.00,1067.00,86.00,46.00,6.9438,-1,-1,-1
553,6,3533.00,115.00,63.00,49.00,4.3549,-1,-1,-1
554,2,1701.00,1141.00,74.00,68.00,7.8781,-1,-1,-1
554,1,1984.00,1066.00,89.00,47.00,6.9926,-1,-1,-1
554,6,3534.00,115.00,59.00,47.00,4.1865,-1,-1,-1
555,2,1702.00,1141.00,74.00,67.00,7.8974,-1,-1,-1
555,1,1985.00,1066.00,87.00,46.00,7.0736,-1,-1,-1
555,6,3529.00,110.00,59.00,50.00,4.0022,-1,-1,-1
556,2,1702.00,1139.00,74.00,68.00,7.9142,-1,-1,-1
556,1,1986.00,1065.00,87.00,45.00,7.1610,-1,-1,-1
556,6,3526.00,111.00,59.00,47.00,3.7138,-1,-1,-1
557,2,1703.00,1137.00,74.00,69.00,7.9300,-1,-1,-1
557,1,1985.00,1065.00,89.00,44.00,7.2272,-1,-1,-1
557,6,3521.00,107.00,63.00,49.00,3.5600,-1,-1,-1
558,2,1703.00,1137.00,76.00,69.00,7.9458,-1,-1,-1
558,1,1985.00,1062.00,89.00,47.00,7.2425,-1,-1,-1
558,6,3517.00,104.00,62.00,50.00,3.4641,-1,-1,-1
559,2,1702.00,1134.00,81.00,73.00,7.9585,-1,-1,-1
559,1,1986.00,1062.00,89.00,45.00,7.2820,-1,-1,-1
559,6,3514.00,104.00,60.00,47.00,3.2871,-1,-1,-1
560,2,1705.00,1133.00,78.00,74.00,7.9709,-1,-1,-1
560,1,1987.00,1061.00,87.00,44.00,7.2525,-1,-1,-1
560,6,3512.00,104.00,58.00,47.00,3.1651,-1,-1,-1
561,2,1706.00,1133.00,77.00,73.00,7.9759,-1,-1,-1
561,1,1985.00,1054.00,91.00,51.00,7.2401,-1,-1,-1
561,6,3514.00,104.00,53.00,46.00,3.0731,-1,-1,-1
562,2,1709.00,1133.00,75.00,71.00,7.9744,-1,-1,-1
562,1,1988.00,1055.00,87.00,48.00,7.3033,-1,-1,-1
562,6,3508.00,101.00,54.00,45.00,2.9971,-1,-1,-1
563,2,1711.00,1132.00,73.00,71.00,7.9782,-1,-1,-1
563,1,1991.00,1054.00,84.00,47.00,7.3874,-1,-1,-1
563,6,3505.00,101.00,56.00,44.00,2.7970,-1,-1,-1
564,2,1712.00,1132.00,71.00,70.00,7.9771,-1,-1,-1
564,1,1992.00,1054.00,83.00,46.00,7.4598,-1,-1,-1
564,6,3505.00,102.00,53.00,42.00,2.5754,-1,-1,-1
565,2,1714.00,1129.00,72.00,72.00,7.9775,-1,-1,-1
565,1,1992.00,1053.00,84.00,46.00,7.5226,-1,-1,-1
565,6,3495.00,97.00,62.00,46.00,2.5575,-1,-1,-1
566,2,1714.00,1127.00,74.00,74.00,7.9778,-1,-1,-1
566,1,1992.00,1052.00,86.00,45.00,7.5380,-1,-1,-1
566,6,3491.00,95.00,62.00,47.00,2.6341,-1,-1,-1
567,2,1715.00,1127.00,74.00,72.00,7.9858,-1,-1,-1
567,1,1991.00,1050.00,88.00,47.00,7.5496,-1,-1,-1
567,6,3486.00,93.00,64.00,48.00,2.7139,-1,-1,-1
568,2,1717.00,1126.00,74.00,72.00,8.0012,-1,-1,-1
568,1,1992.00,1049.00,86.00,45.00,7.5520,-1,-1,-1
568,6,3483.00,91.00,65.00,48.00,2.7838,-1,-1,-1
569,2,1718.00,1125.00,74.00,73.00,8.0126,-1,-1,-1
569,1,1994.00,1048.00,83.00,44.00,7.5126,-1,-1,-1
569,6,3484.00,91.00,60.00,47.00,2.7668,-1,-1,-1
570,2,1720.00,1125.00,73.00,71.00,8.0230,-1,-1,-1
570,1,1995.00,1045.00,83.00,45.00,7.4561,-1,-1,-1
570,6,3482.00,89.00,55.00,46.00,2.6680,-1,-1,-1
571,2,1723.00,1124.00,71.00,71.00,8.0290,-1,-1,-1
571,1,1997.00,1044.00,83.00,46.00,7.4278,-1,-1,-1
571,6,3477.00,87.00,61.00,47.00,2.4902,-1,-1,-1
572,2,1723.00,1124.00,71.00,70.00,8.0198,-1,-1,-1
572,1,1999.00,1044.00,83.00,46.00,7.4097,-1,-1,-1
572,6,3475.00,86.00,61.00,47.00,1.6167,-1,-1,-1
573,2,1723.00,1122.00,74.00,72.00,7.9869,-1,-1,-1
573,1,2000.00,1043.00,83.00,44.00,7.4600,-1,-1,-1
573,6,3469.00,81.00,65.00,49.00,1.6125,-1,-1,-1
574,2,1725.00,1122.00,72.00,71.00,7.9738,-1,-1,-1
574,1,2001.00,1040.00,83.00,47.00,7.5132,-1,-1,-1
574,6,3465.00,77.00,63.00,50.00,1.6939,-1,-1,-1
575,2,1727.00,1120.00,71.00,72.00,7.9772,-1,-1,-1
575,1,2000.00,1038.00,85.00,48.00,7.5368,-1,-1,-1
575,6,3466.00,78.00,60.00,47.00,1.7299,-1,-1,-1
576,2,1728.00,1120.00,70.00,71.00,7.9857,-1,-1,-1
576,1,2000.00,1037.00,85.00,48.00,7.5818,-1,-1,-1
576,6,3465.00,78.00,58.00,46.00,1.7553,-1,-1,-1
577,2,1729.00,1118.00,72.00,71.00,7.9852,-1,-1,-1
577,1,2002.00,1036.00,82.00,46.00,7.6105,-1,-1,-1
577,6,3460.00,77.00,62.00,48.00,1.7452,-1,-1,-1
578,2,1729.00,1118.00,73.00,70.00,7.9752,-1,-1,-1
578,1,2000.00,1033.00,84.00,48.00,7.5885,-1,-1,-1
578,6,3461.00,77.00,51.00,43.00,1.7065,-1,-1,-1
579,2,1731.00,1117.00,73.00,71.00,7.9595,-1,-1,-1
579,1,2002.00,1034.00,81.00,45.00,7.5520,-1,-1,-1
579,6,3456.00,74.00,58.00,48.00,1.6963,-1,-1,-1
580,2,1732.00,1117.00,73.00,71.00,7.9494,-1,-1,-1
580,1,2003.00,1031.00,83.00,48.00,7.6108,-1,-1,-1
580,6,3454.00,74.00,58.00,48.00,0.9419,-1,-1,-1
581,2,1735.00,1117.00,69.00,69.00,7.9316,-1,-1,-1
581,1,2005.00,1033.00,81.00,44.00,7.6618,-1,-1,-1
581,6,3450.00,74.00,59.00,46.00,1.1306,-1,-1,-1
582,2,1737.00,1116.00,67.00,68.00,7.9117,-1,-1,-1
582,1,2006.00,1033.00,80.00,43.00,7.6904,-1,-1,-1
582,6,3446.00,72.00,60.00,47.00,1.3475,-1,-1,-1
583,2,1738.00,1116.00,66.00,67.00,7.9047,-1,-1,-1
583,1,2007.00,1031.00,81.00,44.00,7.6974,-1,-1,-1
583,6,3441.00,68.00,63.00,50.00,1.8255,-1,-1,-1
584,2,1739.00,1114.00,68.00,68.00,7.9069,-1,-1,-1
584,1,2009.00,1030.00,80.00,43.00,7.6839,-1,-1,-1
584,6,3438.00,67.00,63.00,49.00,2.2830,-1,-1,-1
585,2,1739.00,1113.00,69.00,67.00,7.9233,-1,-1,-1
585,1,2008.00,1029.00,82.00,43.00,7.6774,-1,-1,-1
585,6,3437.00,66.00,61.00,49.00,2.4083,-1,-1,-1
586,2,1741.00,1114.00,68.00,64.00,7.9465,-1,-1,-1
586,1,2009.00,1028.00,80.00,43.00,7.6274,-1,-1,-1
586,6,3436.00,67.00,59.00,46.00,2.3594,-1,-1,-1
587,2,1741.00,1113.00,69.00,66.00,7.9630,-1,-1,-1
587,1,2011.00,1026.00,79.00,42.00,7.5632,-1,-1,-1
587,6,3433.00,65.00,56.00,46.00,2.2280,-1,-1,-1
588,2,1744.00,1113.00,67.00,65.00,7.9691,-1,-1,-1
588,1,2011.00,1024.00,81.00,42.00,7.5223,-1,-1,-1
588,6,3430.00,62.00,60.00,48.00,2.1057,-1,-1,-1
589,2,1746.00,1110.00,70.00,68.00,7.9543,-1,-1,-1
589,1,2012.00,1022.00,83.00,45.00,7.5106,-1,-1,-1
589,6,3428.00,61.00,60.00,47.00,1.9941,-1,-1,-1
590,2,1747.00,1111.00,69.00,67.00,7.9398,-1,-1,-1
590,1,2012.00,1021.00,83.00,44.00,7.5524,-1,-1,-1
590,6,3423.00,56.00,63.00,51.00,1.9484,-1,-1,-1
591,2,1747.00,1111.00,70.00,67.00,7.9236,-1,-1,-1
591,1,2012.00,1021.00,83.00,42.00,7.5852,-1,-1,-1
591,6,3418.00,53.00,65.00,52.00,1.9479,-1,-1,-1
592,2,1752.00,1109.00,67.00,66.00,7.8822,-1,-1,-1
592,1,2015.00,1019.00,81.00,42.00,7.6002,-1,-1,-1
592,6,3418.00,53.00,59.00,49.00,1.8920,-1,-1,-1
593,2,1754.00,1109.00,69.00,66.00,7.8762,-1,-1,-1
593,1,2016.00,1018.00,83.00,43.00,7.5749,-1,-1,-1
593,6,3420.00,53.00,58.00,48.00,1.8477,-1,-1,-1
594,2,1757.00,1106.00,71.00,69.00,7.8608,-1,-1,-1
594,1,2022.00,1017.00,78.00,41.00,7.5397,-1,-1,-1
594,6,3421.00,53.00,57.00,48.00,1.8855,-1,-1,-1
595,2,1762.00,1106.00,67.00,67.00,7.8283,-1,-1,-1
595,1,2026.00,1016.00,79.00,44.00,7.5783,-1,-1,-1
595,6,3424.00,53.00,55.00,48.00,1.8977,-1,-1,-1
596,2,1765.00,1104.00,69.00,68.00,7.8428,-1,-1,-1
596,1,2027.00,1014.00,80.00,44.00,7.5927,-1,-1,-1
596,6,3424.00,53.00,56.00,47.00,1.9268,-1,-1,-1
597,2,1770.00,1104.00,68.00,67.00,7.8820,-1,-1,-1
597,1,2028.00,1011.00,83.00,45.00,7.5958,-1,-1,-1
597,6,3426.00,54.00,61.00,47.00,1.8680,-1,-1,-1
598,2,1776.00,1103.00,65.00,68.00,7.8890,-1,-1,-1
598,1,2036.00,1009.00,77.00,45.00,7.5696,-1,-1,-1
598,6,3430.00,55.00,61.00,47.00,1.0878,-1,-1,-1
599,2,1779.00,1102.00,68.00,67.00,7.8819,-1,-1,-1
599,1,2037.00,1007.00,83.00,47.00,7.6310,-1,-1,-1
599,6,3434.00,52.00,53.00,45.00,1.1068,-1,-1,-1
600,2,1782.00,1100.00,70.00,70.00,7.8591,-1,-1,-1
600,1,2039.00,1008.00,81.00,44.00,7.6455,-1,-1,-1
600,6,3435.00,52.00,53.00,43.00,1.1210,-1,-1,-1
601,2,1788.00,1102.00,63.00,65.00,7.8534,-1,-1,-1
601,1,2046.00,1010.00,76.00,39.00,7.5871,-1,-1,-1
601,6,3435.00,46.00,59.00,50.00,1.1351,-1,-1,-1
602,2,1792.00,1100.00,64.00,65.00,7.8035,-1,-1,-1
602,1,2052.00,1008.00,77.00,40.00,7.6386,-1,-1,-1
602,6,3438.00,44.00,59.00,50.00,0.4648,-1,-1,-1
603,2,1797.00,1098.00,63.00,68.00,7.8060,-1,-1,-1
603,1,2055.00,1007.00,78.00,41.00,7.6349,-1,-1,-1
603,6,3441.00,49.00,62.00,48.00,0.6094,-1,-1,-1
604,2,1799.00,1097.00,67.00,67.00,7.8082,-1,-1,-1
604,1,2057.00,1005.00,79.00,41.00,7.5977,-1,-1,-1
604,6,3440.00,45.00,65.00,52.00,0.8614,-1,-1,-1
605,2,1802.00,1094.00,69.00,69.00,7.8303,-1,-1,-1
605,1,2058.00,1004.00,81.00,41.00,7.5275,-1,-1,-1
605,6,3442.00,45.00,65.00,51.00,1.1321,-1,-1,-1
606,2,1806.00,1094.00,68.00,68.00,7.8331,-1,-1,-1
606,1,2062.00,1000.00,79.00,42.00,7.4585,-1,-1,-1
606,6,3443.00,44.00,63.00,49.00,1.2437,-1,-1,-1
607,2,1811.00,1094.00,65.00,66.00,7.8110,-1,-1,-1
607,1,2064.00,999.00,83.00,42.00,7.4720,-1,-1,-1
607,6,3452.00,47.00,58.00,47.00,1.4165,-1,-1,-1
608,2,1815.00,1092.00,65.00,66.00,7.7977,-1,-1,-1
608,1,2070.00,998.00,78.00,40.00,7.4361,-1,-1,-1
608,6,3453.00,46.00,58.00,48.00,1.6529,-1,-1,-1
609,2,1818.00,1091.00,67.00,69.00,7.7767,-1,-1,-1
609,1,2075.00,996.00,80.00,44.00,7.4785,-1,-1,-1
609,6,3452.00,42.00,63.00,51.00,1.7886,-1,-1,-1
610,2,1824.00,1090.00,63.00,71.00,7.7819,-1,-1,-1
610,1,2077.00,995.00,78.00,42.00,7.5146,-1,-1,-1
610,6,3454.00,40.00,61.00,51.00,1.8630,-1,-1,-1
611,2,1823.00,1090.00,70.00,65.00,7.8207,-1,-1,-1
611,1,2079.00,992.00,80.00,44.00,7.5079,-1,-1,-1
611,6,3455.00,40.00,61.00,50.00,1.9022,-1,-1,-1
612,2,1826.00,1087.00,71.00,68.00,7.8589,-1,-1,-1
612,1,2082.00,987.00,80.00,46.00,7.4508,-1,-1,-1
612,6,3455.00,40.00,62.00,49.00,1.9669,-1,-1,-1
613,2,1829.00,1086.00,71.00,68.00,7.8686,-1,-1,-1
613,1,2085.00,986.00,78.00,45.00,7.4234,-1,-1,-1
613,6,3457.00,40.00,66.00,50.00,1.9702,-1,-1,-1
614,2,1833.00,1084.00,71.00,68.00,7.8756,-1,-1,-1
614,1,2090.00,990.00,70.00,38.00,7.3996,-1,-1,-1
614,6,3460.00,42.00,65.00,46.00,1.8565,-1,-1,-1
615,2,1837.00,1081.00,70.00,70.00,7.9088,-1,-1,-1
615,1,2090.00,986.00,80.00,43.00,7.4353,-1,-1,-1
615,6,3462.00,42.00,65.00,46.00,1.0780,-1,-1,-1
616,2,1840.00,1080.00,70.00,70.00,7.9525,-1,-1,-1
616,1,2094.00,985.00,76.00,42.00,7.4196,-1,-1,-1
616,6,3461.00,34.00,68.00,50.00,1.1534,-1,-1,-1
617,2,1843.00,1080.00,70.00,68.00,7.9760,-1,-1,-1
617,1,2099.00,984.00,77.00,42.00,7.4772,-1,-1,-1
617,6,3461.00,32.00,69.00,52.00,1.2910,-1,-1,-1
618,2,1847.00,1080.00,67.00,66.00,7.9529,-1,-1,-1
618,1,2100.00,982.00,79.00,42.00,7.4962,-1,-1,-1
618,6,3461.00,30.00,71.00,54.00,1.4685,-1,-1,-1
619,2,1849.00,1079.00,68.00,65.00,7.9358,-1,-1,-1
619,1,2101.00,980.00,82.00,44.00,7.5165,-1,-1,-1
619,6,3464.00,29.00,69.00,55.00,1.5974,-1,-1,-1
620,2,1851.00,1076.00,71.00,68.00,7.9241,-1,-1,-1
620,1,2104.00,979.00,80.00,43.00,7.5147,-1,-1,-1
620,6,3466.00,30.00,68.00,53.00,1.6968,-1,-1,-1
621,2,1854.00,1076.00,69.00,68.00,7.9139,-1,-1,-1
621,1,2106.00,976.00,80.00,43.00,7.4838,-1,-1,-1
621,6,3470.00,32.00,65.00,50.00,1.7761,-1,-1,-1
622,2,1858.00,1075.00,68.00,67.00,7.9137,-1,-1,-1
622,1,2110.00,975.00,78.00,41.00,7.4722,-1,-1,-1
622,6,3472.00,33.00,65.00,48.00,1.8705,-1,-1,-1
623,2,1861.00,1074.00,67.00,67.00,7.8870,-1,-1,-1
623,1,2110.00,974.00,81.00,41.00,7.5063,-1,-1,-1
623,6,3473.00,31.00,65.00,49.00,1.9529,-1,-1,-1
624,2,1865.00,1071.00,67.00,67.00,7.7955,-1,-1,-1
624,1,2115.00,973.00,78.00,39.00,7.4998,-1,-1,-1
624,6,3473.00,29.00,66.00,50.00,1.9545,-1,-1,-1
625,2,1867.00,1070.00,70.00,67.00,7.7709,-1,-1,-1
625,1,2118.00,967.00,79.00,44.00,7.4235,-1,-1,-1
625,6,3480.00,30.00,57.00,47.00,1.9665,-1,-1,-1
626,2,1870.00,1069.00,70.00,66.00,7.8033,-1,-1,-1
626,1,2122.00,968.00,79.00,42.00,7.4764,-1,-1,-1
626,6,3483.00,30.00,55.00,46.00,1.9822,-1,-1,-1
627,2,1874.00,1068.00,68.00,63.00,7.8373,-1,-1,-1
627,1,2124.00,966.00,79.00,42.00,7.5160,-1,-1,-1
627,6,3484.00,30.00,54.00,44.00,2.0467,-1,-1,-1
628,2,1876.00,1065.00,71.00,65.00,7.8606,-1,-1,-1
628,1,2127.00,962.00,81.00,45.00,7.5593,-1,-1,-1
628,6,3484.00,30.00,55.00,42.00,2.0389,-1,-1,-1
629,2,1880.00,1065.00,70.00,65.00,7.8681,-1,-1,-1
629,1,2132.00,962.00,77.00,42.00,7.5342,-1,-1,-1
629,6,3493.00,32.00,53.00,42.00,1.9403,-1,-1,-1
630,2,1884.00,1061.00,69.00,67.00,7.8795,-1,-1,-1
630,1,2133.00,961.00,82.00,43.00,7.5915,-1,-1,-1
630,6,3493.00,30.00,54.00,43.00,1.8859,-1,-1,-1
631,2,1889.00,1059.00,68.00,68.00,7.9206,-1,-1,-1
631,1,2137.00,961.00,80.00,40.00,7.6249,-1,-1,-1
631,6,3489.00,24.00,63.00,49.00,1.9509,-1,-1,-1
632,2,1895.00,1059.00,67.00,66.00,7.9217,-1,-1,-1
632,1,2143.00,959.00,76.00,40.00,7.6181,-1,-1,-1
632,6,3491.00,21.00,60.00,50.00,2.0190,-1,-1,-1
633,2,1897.00,1059.00,67.00,63.00,7.9046,-1,-1,-1
633,1,2144.00,956.00,78.00,41.00,7.5767,-1,-1,-1
633,6,3494.00,22.00,58.00,47.00,2.0021,-1,-1,-1
634,2,1899.00,1056.00,69.00,66.00,7.8967,-1,-1,-1
634,1,2148.00,956.00,77.00,41.00,7.5659,-1,-1,-1
634,6,3504.00,25.00,52.00,46.00,2.0057,-1,-1,-1
635,2,1901.00,1055.00,67.00,65.00,7.8841,-1,-1,-1
635,1,2149.00,954.00,77.00,40.00,7.5681,-1,-1,-1
635,6,3505.00,24.00,50.00,47.00,2.1069,-1,-1,-1
636,2,1897.00,1054.00,67.00,65.00,7.8641,-1,-1,-1
636,1,2146.00,952.00,73.00,37.00,7.5376,-1,-1,-1
636,6,3505.00,24.00,50.00,47.00,1.2909,-1,-1,-1
637,2,1888.00,1052.00,68.00,64.00,7.8365,-1,-1,-1
637,1,2135.00,950.00,77.00,38.00,7.5751,-1,-1,-1
637,6,3467.00,9.00,63.00,46.00,1.3380,-1,-1,-1
638,2,1876.00,1048.00,68.00,67.00,7.8487,-1,-1,-1
638,1,2124.00,943.00,74.00,41.00,7.6170,-1,-1,-1
638,6,3436.00,-6.00,63.00,46.00,0.6373,-1,-1,-1
639,2,1866.00,1048.00,60.00,64.00,7.7061,-1,-1,-1
639,1,2107.00,938.00,77.00,43.00,7.5740,-1,-1,-1
639,6,3404.00,-22.00,63.00,46.00,0.0417,-1,-1,-1
640,2,1849.00,1046.00,68.00,65.00,7.7517,-1,-1,-1
640,1,2093.00,937.00,74.00,40.00,7.6081,-1,-1,-1
641,2,1836.00,1043.00,65.00,67.00,7.7518,-1,-1,-1
641,1,2078.00,934.00,73.00,39.00,7.6324,-1,-1,-1
642,2,1823.00,1041.00,60.00,71.00,7.7288,-1,-1,-1
642,1,2061.00,930.00,73.00,38.00,7.5689,-1,-1,-1
643,2,1804.00,1041.00,65.00,65.00,7.7670,-1,-1,-1
643,1,2042.00,927.00,74.00,38.00,7.5836,-1,-1,-1
643,7,2844.00,1002.00,35.00,30.00,0.4660,-1,-1,-1
644,2,1785.00,1041.00,64.00,66.00,7.7834,-1,-1,-1
644,1,2024.00,924.00,68.00,38.00,7.6221,-1,-1,-1
645,2,1765.00,1039.00,63.00,67.00,7.8071,-1,-1,-1
645,1,2001.00,920.00,69.00,38.00,7.5899,-1,-1,-1
646,2,1742.00,1037.00,63.00,68.00,7.8353,-1,-1,-1
646,1,1975.00,914.00,71.00,41.00,7.5763,-1,-1,-1
647,2,1720.00,1035.00,62.00,70.00,7.8660,-1,-1,-1
647,1,1951.00,912.00,71.00,41.00,7.5912,-1,-1,-1
647,7,2741.00,952.00,34.00,31.00,0.7954,-1,-1,-1
648,2,1697.00,1036.00,61.00,69.00,7.8967,-1,-1,-1
648,1,1925.00,911.00,72.00,37.00,7.5718,-1,-1,-1
648,7,2718.00,934.00,34.00,31.00,0.1761,-1,-1,-1
649,2,1673.00,1036.00,61.00,70.00,7.9288,-1,-1,-1
649,1,1899.00,907.00,70.00,37.00,7.5053,-1,-1,-1
650,2,1654.00,1041.00,60.00,65.00,8.1436,-1,-1,-1
650,1,1875.00,905.00,73.00,37.00,7.4619,-1,-1,-1
651,2,1635.00,1037.00,64.00,69.00,8.0991,-1,-1,-1
651,1,1859.00,902.00,67.00,39.00,7.4099,-1,-1,-1
652,2,1625.00,1036.00,61.00,70.00,8.1083,-1,-1,-1
652,1,1846.00,897.00,72.00,43.00,7.3849,-1,-1,-1
653,2,1617.00,1036.00,65.00,71.00,8.0770,-1,-1,-1
653,1,1839.00,899.00,71.00,39.00,7.4602,-1,-1,-1
654,2,1615.00,1037.00,64.00,69.00,8.0489,-1,-1,-1
654,1,1836.00,897.00,72.00,40.00,7.4860,-1,-1,-1
655,2,1618.00,1034.00,63.00,70.00,8.0186,-1,-1,-1
655,1,1837.00,895.00,72.00,40.00,7.4258,-1,-1,-1
656,2,1622.00,1032.00,62.00,70.00,7.9912,-1,-1,-1
656,1,1838.00,893.00,76.00,39.00,7.4350,-1,-1,-1
657,2,1626.00,1031.00,63.00,70.00,8.0059,-1,-1,-1
657,1,1842.00,891.00,76.00,41.00,7.4465,-1,-1,-1
658,2,1631.00,1031.00,61.00,68.00,8.0243,-1,-1,-1
658,1,1844.00,889.00,79.00,41.00,7.4103,-1,-1,-1
659,2,1634.00,1030.00,61.00,69.00,8.0055,-1,-1,-1
659,1,1850.00,889.00,75.00,40.00,7.4422,-1,-1,-1
660,2,1639.00,1029.00,59.00,66.00,7.9641,-1,-1,-1
660,1,1855.00,888.00,70.00,40.00,7.4294,-1,-1,-1
661,2,1643.00,1026.00,60.00,71.00,7.9438,-1,-1,-1
661,1,1859.00,886.00,72.00,40.00,7.3361,-1,-1,-1
662,2,1648.00,1027.00,58.00,68.00,7.9375,-1,-1,-1
662,1,1864.00,887.00,70.00,37.00,7.3563,-1,-1,-1
663,2,1652.00,1025.00,59.00,69.00,7.8733,-1,-1,-1
663,1,1867.00,886.00,72.00,37.00,7.3645,-1,-1,-1
664,2,1656.00,1025.00,61.00,67.00,7.8470,-1,-1,-1
664,1,1870.00,886.00,69.00,36.00,7.3195,-1,-1,-1
665,2,1660.00,1023.00,62.00,68.00,7.8647,-1,-1,-1
665,1,1873.00,882.00,70.00,37.00,7.2840,-1,-1,-1
666,2,1663.00,1022.00,64.00,66.00,7.8827,-1,-1,-1
666,1,1877.00,880.00,70.00,38.00,7.2775,-1,-1,-1
667,2,1669.00,1022.00,58.00,64.00,7.8561,-1,-1,-1
667,1,1880.00,878.00,71.00,38.00,7.2664,-1,-1,-1
668,2,1674.00,1021.00,58.00,63.00,7.8245,-1,-1,-1
668,1,1885.00,876.00,73.00,41.00,7.3238,-1,-1,-1
669,2,1677.00,1018.00,61.00,69.00,7.8139,-1,-1,-1
669,1,1892.00,876.00,69.00,40.00,7.3771,-1,-1,-1
670,2,1681.00,1018.00,60.00,67.00,7.8253,-1,-1,-1
670,1,1895.00,874.00,70.00,40.00,7.3651,-1,-1,-1
671,2,1684.00,1017.00,64.00,63.00,7.8320,-1,-1,-1
671,1,1899.00,874.00,70.00,39.00,7.3893,-1,-1,-1
672,2,1689.00,1015.00,63.00,66.00,7.8312,-1,-1,-1
672,1,1903.00,871.00,70.00,39.00,7.3794,-1,-1,-1
673,2,1692.00,1014.00,64.00,66.00,7.8260,-1,-1,-1
673,1,1907.00,869.00,67.00,41.00,7.3369,-1,-1,-1
674,2,1698.00,1011.00,62.00,67.00,7.8719,-1,-1,-1
674,1,1911.00,870.00,63.00,39.00,7.1877,-1,-1,-1
675,2,1703.00,1011.00,61.00,65.00,7.9069,-1,-1,-1
675,1,1913.00,868.00,70.00,39.00,7.2286,-1,-1,-1
676,2,1706.00,1010.00,63.00,65.00,7.8975,-1,-1,-1
676,1,1917.00,867.00,69.00,40.00,7.2838,-1,-1,-1
677,2,1710.00,1009.00,64.00,66.00,7.8920,-1,-1,-1
677,1,1921.00,867.00,67.00,40.00,7.2893,-1,-1,-1
678,2,1714.00,1008.00,63.00,67.00,7.8707,-1,-1,-1
678,1,1925.00,866.00,68.00,40.00,7.3510,-1,-1,-1
679,2,1722.00,1007.00,56.00,66.00,7.8544,-1,-1,-1
679,1,1930.00,865.00,68.00,40.00,7.4046,-1,-1,-1
680,2,1724.00,1007.00,60.00,64.00,7.8725,-1,-1,-1
680,1,1932.00,862.00,71.00,42.00,7.3761,-1,-1,-1
681,2,1728.00,1007.00,60.00,64.00,7.8814,-1,-1,-1
681,1,1937.00,861.00,71.00,43.00,7.3938,-1,-1,-1
682,2,1732.00,1003.00,63.00,67.00,7.8858,-1,-1,-1
682,1,1942.00,863.00,68.00,39.00,7.3961,-1,-1,-1
683,2,1736.00,1003.00,62.00,66.00,7.8815,-1,-1,-1
683,1,1944.00,860.00,71.00,41.00,7.3838,-1,-1,-1
684,2,1741.00,1003.00,60.00,65.00,7.8630,-1,-1,-1
684,1,1947.00,857.00,71.00,44.00,7.3656,-1,-1,-1
685,2,1744.00,1000.00,61.00,69.00,7.7776,-1,-1,-1
685,1,1954.00,856.00,64.00,42.00,7.3503,-1,-1,-1
686,2,1749.00,1001.00,59.00,67.00,7.7201,-1,-1,-1
686,1,1958.00,855.00,63.00,42.00,7.3188,-1,-1,-1
687,2,1753.00,999.00,62.00,66.00,7.7216,-1,-1,-1
687,1,1960.00,855.00,65.00,39.00,7.2959,-1,-1,-1
688,2,1757.00,998.00,60.00,64.00,7.7433,-1,-1,-1
688,1,1964.00,852.00,66.00,43.00,7.3060,-1,-1,-1
689,2,1761.00,997.00,61.00,65.00,7.7739,-1,-1,-1
689,1,1967.00,850.00,68.00,45.00,7.2777,-1,-1,-1
690,2,1763.00,996.00,62.00,66.00,7.7714,-1,-1,-1
690,1,1969.00,848.00,71.00,47.00,7.2848,-1,-1,-1
691,2,1767.00,994.00,61.00,67.00,7.7780,-1,-1,-1
691,1,1973.00,848.00,69.00,46.00,7.2844,-1,-1,-1
692,2,1772.00,993.00,59.00,67.00,7.7861,-1,-1,-1
692,1,1976.00,846.00,70.00,46.00,7.2534,-1,-1,-1
693,2,1775.00,992.00,60.00,72.00,7.7964,-1,-1,-1
693,1,1978.00,844.00,71.00,48.00,7.2103,-1,-1,-1
694,2,1777.00,992.00,61.00,70.00,7.8148,-1,-1,-1
694,1,1982.00,845.00,68.00,45.00,7.1768,-1,-1,-1
695,2,1781.00,989.00,62.00,68.00,7.7996,-1,-1,-1
695,1,1984.00,844.00,68.00,44.00,7.1479,-1,-1,-1
696,2,1782.00,989.00,63.00,68.00,7.8079,-1,-1,-1
696,1,1987.00,840.00,70.00,46.00,7.2091,-1,-1,-1
697,2,1784.00,989.00,63.00,67.00,7.8169,-1,-1,-1
697,1,1989.00,839.00,68.00,45.00,7.2519,-1,-1,-1
698,2,1787.00,986.00,63.00,68.00,7.8078,-1,-1,-1
698,1,1989.00,838.00,72.00,46.00,7.2760,-1,-1,-1
699,2,1789.00,985.00,65.00,69.00,7.8194,-1,-1,-1
699,1,1991.00,838.00,71.00,45.00,7.3007,-1,-1,-1
700,2,1790.00,985.00,63.00,67.00,7.8347,-1,-1,-1
700,1,1992.00,837.00,69.00,45.00,7.3185,-1,-1,-1
701,2,1794.00,984.00,60.00,67.00,7.8593,-1,-1,-1
701,1,1994.00,837.00,69.00,43.00,7.3126,-1,-1,-1
702,2,1795.00,984.00,61.00,65.00,7.8954,-1,-1,-1
702,1,1995.00,835.00,67.00,44.00,7.2571,-1,-1,-1
703,2,1796.00,984.00,61.00,65.00,7.9295,-1,-1,-1
703,1,1996.00,834.00,67.00,43.00,7.2584,-1,-1,-1
704,2,1797.00,984.00,62.00,64.00,7.9555,-1,-1,-1
704,1,1996.00,832.00,68.00,44.00,7.2582,-1,-1,-1
705,2,1798.00,983.00,59.00,64.00,7.9751,-1,-1,-1
705,1,1997.00,831.00,65.00,42.00,7.2509,-1,-1,-1
706,2,1797.00,982.00,61.00,64.00,7.9845,-1,-1,-1
706,1,1994.00,828.00,69.00,45.00,7.2685,-1,-1,-1
707,2,1794.00,979.00,64.00,69.00,7.9752,-1,-1,-1
707,1,1992.00,827.00,68.00,45.00,7.2613,-1,-1,-1
708,2,1794.00,979.00,60.00,65.00,7.9130,-1,-1,-1
708,1,1989.00,825.00,67.00,44.00,7.2841,-1,-1,-1
709,2,1791.00,979.00,61.00,65.00,7.8632,-1,-1,-1
709,1,1987.00,824.00,66.00,44.00,7.3054,-1,-1,-1
710,2,1790.00,977.00,60.00,66.00,7.8390,-1,-1,-1
710,1,1984.00,822.00,67.00,46.00,7.2983,-1,-1,-1
711,2,1787.00,976.00,61.00,66.00,7.8392,-1,-1,-1
711,1,1982.00,820.00,66.00,44.00,7.2011,-1,-1,-1
712,2,1783.00,975.00,66.00,65.00,7.8669,-1,-1,-1
712,1,1980.00,819.00,63.00,44.00,7.1977,-1,-1,-1
713,2,1781.00,975.00,64.00,63.00,7.9001,-1,-1,-1
713,1,1977.00,817.00,61.00,43.00,7.2424,-1,-1,-1
714,2,1779.00,975.00,64.00,63.00,7.9193,-1,-1,-1
714,1,1974.00,817.00,63.00,43.00,7.2979,-1,-1,-1
715,2,1777.00,973.00,61.00,66.00,7.8993,-1,-1,-1
715,1,1970.00,816.00,64.00,43.00,7.3025,-1,-1,-1
716,2,1774.00,973.00,61.00,68.00,7.8359,-1,-1,-1
716,1,1967.00,814.00,63.00,43.00,7.2610,-1,-1,-1
717,2,1772.00,972.00,63.00,63.00,7.8312,-1,-1,-1
717,1,1963.00,812.00,63.00,43.00,7.2561,-1,-1,-1
718,2,1767.00,970.00,64.00,65.00,7.8598,-1,-1,-1
718,1,1961.00,810.00,59.00,43.00,7.2765,-1,-1,-1
719,2,1764.00,969.00,64.00,66.00,7.8727,-1,-1,-1
719,1,1957.00,810.00,58.00,42.00,7.2648,-1,-1,-1
720,2,1761.00,970.00,63.00,64.00,7.8822,-1,-1,-1
720,1,1953.00,808.00,60.00,41.00,7.2510,-1,-1,-1
721,2,1759.00,968.00,63.00,65.00,7.8921,-1,-1,-1
721,1,1947.00,806.00,63.00,44.00,7.2621,-1,-1,-1
722,2,1757.00,968.00,63.00,64.00,7.8920,-1,-1,-1
722,1,1943.00,803.00,61.00,46.00,7.3348,-1,-1,-1
723,2,1754.00,967.00,61.00,64.00,7.8622,-1,-1,-1
723,1,1941.00,802.00,58.00,44.00,7.3960,-1,-1,-1
724,2,1751.00,964.00,64.00,66.00,7.8957,-1,-1,-1
724,1,1936.00,801.00,60.00,44.00,7.3907,-1,-1,-1
725,2,1749.00,965.00,60.00,64.00,7.9388,-1,-1,-1
725,1,1932.00,797.00,62.00,47.00,7.3783,-1,-1,-1
726,2,1747.00,963.00,60.00,65.00,7.9630,-1,-1,-1
726,1,1929.00,797.00,61.00,46.00,7.4055,-1,-1,-1
727,2,1745.00,963.00,58.00,63.00,7.9593,-1,-1,-1
727,1,1927.00,796.00,59.00,46.00,7.4269,-1,-1,-1
728,2,1741.00,962.00,60.00,64.00,7.9302,-1,-1,-1
728,1,1923.00,796.00,59.00,45.00,7.4063,-1,-1,-1
729,2,1737.00,962.00,60.00,65.00,7.9040,-1,-1,-1
729,1,1918.00,793.00,61.00,47.00,7.3718,-1,-1,-1
730,2,1734.00,962.00,61.00,63.00,7.8896,-1,-1,-1
730,1,1913.00,790.00,63.00,48.00,7.3443,-1,-1,-1
731,2,1733.00,960.00,60.00,64.00,7.8721,-1,-1,-1
731,1,1911.00,790.00,60.00,48.00,7.3425,-1,-1,-1
732,2,1731.00,961.00,56.00,61.00,7.8788,-1,-1,-1
732,1,1908.00,791.00,56.00,46.00,7.4021,-1,-1,-1
733,2,1728.00,960.00,57.00,63.00,7.9033,-1,-1,-1
733,1,1903.00,789.00,60.00,47.00,7.4615,-1,-1,-1
734,2,1725.00,960.00,56.00,62.00,7.9061,-1,-1,-1
734,1,1901.00,787.00,57.00,47.00,7.4503,-1,-1,-1
735,2,1723.00,960.00,56.00,61.00,7.8836,-1,-1,-1
735,1,1896.00,786.00,57.00,49.00,7.4233,-1,-1,-1
736,2,1721.00,958.00,54.00,66.00,7.8958,-1,-1,-1
736,1,1893.00,784.00,56.00,49.00,7.4266,-1,-1,-1
737,2,1717.00,957.00,57.00,67.00,7.8879,-1,-1,-1
737,1,1890.00,781.00,57.00,50.00,7.4208,-1,-1,-1
738,2,1714.00,956.00,59.00,67.00,7.8670,-1,-1,-1
738,1,1886.00,781.00,56.00,50.00,7.4137,-1,-1,-1
739,2,1711.00,956.00,61.00,66.00,7.8742,-1,-1,-1
739,1,1880.00,780.00,59.00,51.00,7.4186,-1,-1,-1
740,2,1708.00,955.00,60.00,67.00,7.8836,-1,-1,-1
740,1,1877.00,778.00,60.00,53.00,7.4069,-1,-1,-1
741,2,1705.00,956.00,59.00,66.00,7.8521,-1,-1,-1
741,1,1875.00,780.00,54.00,48.00,7.3809,-1,-1,-1
742,2,1704.00,956.00,55.00,64.00,7.8278,-1,-1,-1
742,1,1870.00,777.00,57.00,49.00,7.4093,-1,-1,-1
743,2,1702.00,956.00,53.00,63.00,7.7523,-1,-1,-1
743,1,1866.00,773.00,59.00,53.00,7.3802,-1,-1,-1
744,2,1699.00,954.00,55.00,65.00,7.7230,-1,-1,-1
744,1,1862.00,772.00,59.00,52.00,7.3000,-1,-1,-1
745,2,1695.00,953.00,55.00,66.00,7.6946,-1,-1,-1
745,1,1859.00,772.00,57.00,53.00,7.3048,-1,-1,-1
746,2,1691.00,954.00,56.00,65.00,7.7100,-1,-1,-1
746,1,1853.00,771.00,59.00,52.00,7.3230,-1,-1,-1
747,2,1687.00,953.00,59.00,68.00,7.7533,-1,-1,-1
747,1,1849.00,772.00,56.00,50.00,7.2908,-1,-1,-1
748,2,1682.00,955.00,56.00,65.00,7.7439,-1,-1,-1
748,1,1844.00,770.00,54.00,50.00,7.1634,-1,-1,-1
749,2,1678.00,954.00,54.00,66.00,7.7307,-1,-1,-1
749,1,1839.00,769.00,53.00,51.00,7.1644,-1,-1,-1
750,2,1673.00,953.00,54.00,66.00,7.6858,-1,-1,-1
750,1,1831.00,767.00,57.00,53.00,7.2003,-1,-1,-1
751,2,1667.00,953.00,58.00,67.00,7.7138,-1,-1,-1
751,1,1825.00,768.00,55.00,52.00,7.1209,-1,-1,-1
752,2,1661.00,952.00,60.00,70.00,7.7699,-1,-1,-1
752,1,1819.00,766.00,55.00,54.00,6.9890,-1,-1,-1
753,2,1657.00,954.00,56.00,67.00,7.7636,-1,-1,-1
753,1,1812.00,768.00,54.00,49.00,7.0705,-1,-1,-1
754,2,1651.00,953.00,56.00,68.00,7.7134,-1,-1,-1
754,1,1806.00,767.00,52.00,50.00,7.0661,-1,-1,-1
755,2,1646.00,953.00,57.00,67.00,7.7242,-1,-1,-1
755,1,1799.00,762.00,56.00,57.00,7.1076,-1,-1,-1
756,2,1640.00,952.00,60.00,70.00,7.7747,-1,-1,-1
756,1,1795.00,767.00,49.00,50.00,7.0572,-1,-1,-1
757,2,1635.00,953.00,59.00,70.00,7.8070,-1,-1,-1
757,1,1788.00,763.00,53.00,54.00,7.1685,-1,-1,-1
758,2,1631.00,955.00,56.00,68.00,7.8148,-1,-1,-1
758,1,1781.00,762.00,53.00,55.00,7.2089,-1,-1,-1
759,2,1627.00,954.00,54.00,68.00,7.8048,-1,-1,-1
759,1,1776.00,760.00,52.00,56.00,7.2437,-1,-1,-1
760,2,1620.00,956.00,57.00,68.00,7.8257,-1,-1,-1
760,1,1770.00,762.00,50.00,54.00,7.2637,-1,-1,-1
761,2,1615.00,955.00,58.00,69.00,7.8519,-1,-1,-1
761,1,1764.00,763.00,48.00,51.00,7.2816,-1,-1,-1
762,2,1610.00,959.00,53.00,63.00,7.8698,-1,-1,-1
762,1,1758.00,760.00,49.00,55.00,7.3241,-1,-1,-1
763,2,1606.00,959.00,52.00,63.00,7.8629,-1,-1,-1
763,1,1752.00,760.00,48.00,55.00,7.2918,-1,-1,-1
764,2,1601.00,956.00,53.00,67.00,7.8553,-1,-1,-1
764,1,1745.00,759.00,49.00,56.00,7.3096,-1,-1,-1
765,2,1593.00,958.00,59.00,66.00,7.8438,-1,-1,-1
765,1,1740.00,760.00,47.00,54.00,7.2851,-1,-1,-1
766,2,1589.00,958.00,60.00,66.00,7.8528,-1,-1,-1
766,1,1734.00,759.00,47.00,56.00,7.3333,-1,-1,-1
767,2,1586.00,960.00,56.00,63.00,7.8742,-1,-1,-1
767,1,1728.00,758.00,46.00,58.00,7.2801,-1,-1,-1
768,2,1581.00,960.00,54.00,64.00,7.8785,-1,-1,-1
768,1,1722.00,759.00,45.00,57.00,7.3157,-1,-1,-1
769,2,1576.00,958.00,54.00,68.00,7.8389,-1,-1,-1
769,1,1716.00,758.00,45.00,58.00,7.2579,-1,-1,-1
770,2,1569.00,960.00,58.00,66.00,7.8323,-1,-1,-1
770,1,1711.00,758.00,44.00,58.00,7.3084,-1,-1,-1
771,2,1565.00,961.00,58.00,65.00,7.8276,-1,-1,-1
771,1,1704.00,758.00,45.00,57.00,7.2657,-1,-1,-1
772,2,1561.00,962.00,55.00,64.00,7.8801,-1,-1,-1
772,1,1698.00,758.00,44.00,58.00,7.2910,-1,-1,-1
773,2,1556.00,963.00,54.00,64.00,7.8952,-1,-1,-1
773,1,1691.00,757.00,46.00,61.00,7.2725,-1,-1,-1
774,2,1551.00,964.00,56.00,63.00,7.8795,-1,-1,-1
774,1,1685.00,759.00,45.00,59.00,7.3057,-1,-1,-1
775,2,1546.00,964.00,55.00,66.00,7.8768,-1,-1,-1
775,1,1680.00,757.00,44.00,61.00,7.2687,-1,-1,-1
776,2,1540.00,964.00,58.00,67.00,7.8662,-1,-1,-1
776,1,1673.00,759.00,44.00,59.00,7.2926,-1,-1,-1
777,2,1537.00,965.00,55.00,65.00,7.9048,-1,-1,-1
777,1,1667.00,758.00,44.00,61.00,7.3092,-1,-1,-1
778,2,1532.00,967.00,56.00,65.00,7.9298,-1,-1,-1
778,1,1662.00,760.00,44.00,59.00,7.3237,-1,-1,-1
779,2,1529.00,971.00,51.00,62.00,7.9025,-1,-1,-1
779,1,1657.00,760.00,44.00,59.00,7.2449,-1,-1,-1
780,2,1523.00,971.00,54.00,63.00,7.9040,-1,-1,-1
780,1,1650.00,761.00,45.00,59.00,7.2570,-1,-1,-1
781,2,1519.00,971.00,56.00,64.00,7.8893,-1,-1,-1
781,1,1647.00,764.00,44.00,55.00,7.2503,-1,-1,-1
782,2,1519.00,970.00,53.00,68.00,7.8741,-1,-1,-1
782,1,1644.00,761.00,43.00,60.00,7.2207,-1,-1,-1
783,2,1519.00,971.00,53.00,68.00,7.8507,-1,-1,-1
783,1,1641.00,760.00,46.00,62.00,7.2522,-1,-1,-1
784,2,1519.00,971.00,52.00,68.00,7.8302,-1,-1,-1
784,1,1641.00,760.00,45.00,63.00,7.2534,-1,-1,-1
785,2,1519.00,974.00,53.00,64.00,7.8099,-1,-1,-1
785,1,1641.00,761.00,45.00,62.00,7.2476,-1,-1,-1
786,2,1519.00,974.00,56.00,63.00,7.8209,-1,-1,-1
786,1,1641.00,761.00,45.00,62.00,7.2398,-1,-1,-1
787,2,1523.00,974.00,54.00,65.00,7.8322,-1,-1,-1
787,1,1644.00,764.00,42.00,56.00,7.1936,-1,-1,-1
788,2,1527.00,975.00,53.00,64.00,7.7870,-1,-1,-1
788,1,1646.00,764.00,43.00,57.00,7.1608,-1,-1,-1
789,2,1532.00,973.00,52.00,70.00,7.6784,-1,-1,-1
789,1,1650.00,766.00,39.00,57.00,7.1097,-1,-1,-1
790,2,1536.00,974.00,51.00,66.00,7.4978,-1,-1,-1
790,1,1652.00,764.00,43.00,59.00,7.0825,-1,-1,-1
791,2,1540.00,972.00,50.00,69.00,7.4653,-1,-1,-1
791,1,1658.00,766.00,38.00,57.00,7.0730,-1,-1,-1
792,2,1543.00,974.00,54.00,67.00,7.5130,-1,-1,-1
792,1,1662.00,769.00,38.00,54.00,7.0655,-1,-1,-1
793,2,1550.00,975.00,51.00,67.00,7.5153,-1,-1,-1
793,1,1664.00,764.00,45.00,58.00,7.0198,-1,-1,-1
794,2,1554.00,975.00,52.00,68.00,7.4564,-1,-1,-1
794,1,1671.00,767.00,37.00,58.00,6.9920,-1,-1,-1
795,2,1562.00,978.00,47.00,64.00,7.3608,-1,-1,-1
795,1,1674.00,768.00,38.00,56.00,6.9547,-1,-1,-1
796,2,1565.00,977.00,48.00,67.00,7.3616,-1,-1,-1
796,1,1678.00,767.00,40.00,60.00,6.9373,-1,-1,-1
797,2,1569.00,977.00,53.00,70.00,7.4179,-1,-1,-1
797,1,1684.00,770.00,36.00,56.00,6.9344,-1,-1,-1
798,2,1574.00,975.00,52.00,70.00,7.4599,-1,-1,-1
798,1,1688.00,771.00,36.00,54.00,6.9053,-1,-1,-1
799,2,1579.00,977.00,49.00,71.00,7.4867,-1,-1,-1
799,1,1692.00,768.00,38.00,60.00,6.9316,-1,-1,-1
800,2,1585.00,978.00,51.00,71.00,7.5347,-1,-1,-1
800,1,1696.00,770.00,38.00,59.00,6.8348,-1,-1,-1
801,2,1589.00,984.00,48.00,64.00,7.5549,-1,-1,-1
801,1,1698.00,771.00,40.00,58.00,6.7613,-1,-1,-1
802,2,1593.00,981.00,52.00,70.00,7.5736,-1,-1,-1
802,1,1705.00,772.00,37.00,57.00,6.8144,-1,-1,-1
803,2,1598.00,982.00,52.00,71.00,7.5884,-1,-1,-1
803,1,1707.00,774.00,37.00,56.00,6.8351,-1,-1,-1
804,2,1603.00,982.00,50.00,71.00,7.6033,-1,-1,-1
804,1,1711.00,775.00,38.00,56.00,6.7623,-1,-1,-1
805,2,1605.00,984.00,53.00,70.00,7.6651,-1,-1,-1
805,1,1714.00,775.00,39.00,56.00,6.7927,-1,-1,-1
806,2,1607.00,984.00,56.00,71.00,7.7364,-1,-1,-1
806,1,1716.00,774.00,39.00,59.00,6.7898,-1,-1,-1
807,2,1610.00,985.00,55.00,73.00,7.7911,-1,-1,-1
807,1,1717.00,775.00,39.00,59.00,6.7822,-1,-1,-1
808,2,1612.00,987.00,54.00,74.00,7.8297,-1,-1,-1
808,1,1719.00,777.00,37.00,58.00,6.8053,-1,-1,-1
809,2,1613.00,990.00,54.00,73.00,7.8542,-1,-1,-1
809,1,1722.00,779.00,35.00,59.00,6.7659,-1,-1,-1
810,2,1616.00,992.00,52.00,71.00,7.8547,-1,-1,-1
810,1,1723.00,780.00,36.00,58.00,6.8636,-1,-1,-1
811,2,1618.00,993.00,54.00,70.00,7.8602,-1,-1,-1
811,1,1726.00,781.00,35.00,59.00,6.8993,-1,-1,-1
812,2,1621.00,995.00,53.00,69.00,7.8571,-1,-1,-1
812,1,1727.00,781.00,37.00,61.00,6.9366,-1,-1,-1
813,2,1624.00,997.00,53.00,69.00,7.8183,-1,-1,-1
813,1,1729.00,783.00,36.00,60.00,6.9875,-1,-1,-1
814,2,1626.00,998.00,52.00,71.00,7.8122,-1,-1,-1
814,1,1731.00,783.00,36.00,60.00,7.0391,-1,-1,-1
815,2,1629.00,1000.00,51.00,73.00,7.7763,-1,-1,-1
815,1,1732.00,785.00,37.00,61.00,7.0347,-1,-1,-1
816,2,1631.00,1005.00,49.00,66.00,7.7652,-1,-1,-1
816,1,1734.00,788.00,35.00,57.00,6.9079,-1,-1,-1
817,2,1632.00,1008.00,49.00,66.00,7.7677,-1,-1,-1
817,1,1737.00,790.00,33.00,59.00,6.8212,-1,-1,-1
818,2,1633.00,1009.00,52.00,66.00,7.8048,-1,-1,-1
818,1,1737.00,792.00,35.00,58.00,6.8651,-1,-1,-1
819,2,1635.00,1009.00,55.00,68.00,7.8446,-1,-1,-1
819,1,1737.00,793.00,36.00,61.00,6.9371,-1,-1,-1
820,2,1637.00,1009.00,55.00,70.00,7.8308,-1,-1,-1
820,1,1739.00,795.00,35.00,59.00,6.9819,-1,-1,-1
821,2,1638.00,1011.00,56.00,69.00,7.7997,-1,-1,-1
821,1,1740.00,796.00,36.00,60.00,7.0107,-1,-1,-1
822,2,1639.00,1014.00,57.00,68.00,7.7934,-1,-1,-1
822,1,1739.00,798.00,38.00,60.00,7.0612,-1,-1,-1
823,2,1641.00,1016.00,55.00,68.00,7.7781,-1,-1,-1
823,1,1741.00,798.00,37.00,61.00,7.0343,-1,-1,-1
824,2,1642.00,1019.00,56.00,66.00,7.7873,-1,-1,-1
824,1,1742.00,799.00,37.00,61.00,6.9434,-1,-1,-1
825,2,1645.00,1021.00,55.00,65.00,7.7773,-1,-1,-1
825,1,1745.00,798.00,35.00,62.00,6.8071,-1,-1,-1
826,2,1648.00,1021.00,54.00,70.00,7.7263,-1,-1,-1
826,1,1746.00,801.00,34.00,61.00,6.7786,-1,-1,-1
827,2,1649.00,1024.00,54.00,67.00,7.6508,-1,-1,-1
827,1,1746.00,801.00,37.00,63.00,6.7320,-1,-1,-1
828,2,1652.00,1026.00,50.00,68.00,7.6120,-1,-1,-1
828,1,1748.00,804.00,36.00,61.00,6.7647,-1,-1,-1
829,2,1654.00,1030.00,49.00,66.00,7.5713,-1,-1,-1
829,1,1748.00,806.00,37.00,60.00,6.7910,-1,-1,-1
830,2,1654.00,1032.00,50.00,64.00,7.5541,-1,-1,-1
830,1,1750.00,808.00,36.00,60.00,6.8013,-1,-1,-1
831,2,1656.00,1034.00,51.00,64.00,7.6055,-1,-1,-1
831,1,1751.00,811.00,38.00,60.00,6.7083,-1,-1,-1
832,2,1658.00,1035.00,51.00,63.00,7.6581,-1,-1,-1
832,1,1750.00,812.00,39.00,59.00,6.6460,-1,-1,-1
833,2,1660.00,1035.00,55.00,66.00,7.6866,-1,-1,-1
833,1,1753.00,813.00,36.00,59.00,6.5948,-1,-1,-1
834,2,1662.00,1037.00,52.00,67.00,7.6846,-1,-1,-1
834,1,1753.00,816.00,36.00,59.00,6.6313,-1,-1,-1
835,2,1663.00,1039.00,53.00,68.00,7.6684,-1,-1,-1
835,1,1755.00,817.00,35.00,60.00,6.6693,-1,-1,-1
836,2,1662.00,1044.00,55.00,63.00,7.6530,-1,-1,-1
836,1,1756.00,819.00,33.00,59.00,6.6825,-1,-1,-1
837,2,1665.00,1044.00,55.00,66.00,7.6723,-1,-1,-1
837,1,1756.00,819.00,35.00,60.00,6.6914,-1,-1,-1
838,2,1667.00,1046.00,54.00,65.00,7.6760,-1,-1,-1
838,1,1757.00,819.00,35.00,61.00,6.6449,-1,-1,-1
839,2,1670.00,1046.00,52.00,68.00,7.6590,-1,-1,-1
839,1,1758.00,822.00,37.00,58.00,6.5332,-1,-1,-1
840,2,1672.00,1047.00,53.00,68.00,7.6265,-1,-1,-1
840,1,1761.00,825.00,33.00,59.00,6.4945,-1,-1,-1
841,2,1674.00,1051.00,50.00,67.00,7.6183,-1,-1,-1
841,1,1762.00,827.00,33.00,60.00,6.5908,-1,-1,-1
842,2,1675.00,1054.00,50.00,68.00,7.6041,-1,-1,-1
842,1,1762.00,828.00,35.00,62.00,6.6967,-1,-1,-1
843,2,1677.00,1056.00,50.00,66.00,7.5997,-1,-1,-1
843,1,1761.00,829.00,37.00,63.00,6.7926,-1,-1,-1
844,2,1679.00,1058.00,51.00,67.00,7.6454,-1,-1,-1
844,1,1763.00,831.00,35.00,61.00,6.8698,-1,-1,-1
845,2,1680.00,1059.00,51.00,67.00,7.6947,-1,-1,-1
845,1,1763.00,834.00,36.00,60.00,6.8806,-1,-1,-1
846,2,1681.00,1062.00,51.00,70.00,7.7325,-1,-1,-1
846,1,1763.00,835.00,37.00,61.00,6.8581,-1,-1,-1
847,2,1682.00,1063.00,51.00,70.00,7.7629,-1,-1,-1
847,1,1764.00,837.00,35.00,61.00,6.8809,-1,-1,-1
848,2,1683.00,1065.00,52.00,71.00,7.7546,-1,-1,-1
848,1,1764.00,838.00,37.00,62.00,6.9337,-1,-1,-1
849,2,1685.00,1067.00,50.00,69.00,7.7299,-1,-1,-1
849,1,1764.00,839.00,37.00,63.00,7.0042,-1,-1,-1
850,2,1685.00,1069.00,53.00,71.00,7.7230,-1,-1,-1
850,1,1765.00,843.00,37.00,61.00,7.0786,-1,-1,-1
851,2,1687.00,1072.00,54.00,71.00,7.7431,-1,-1,-1
851,1,1765.00,845.00,37.00,61.00,7.0729,-1,-1,-1
852,2,1688.00,1073.00,55.00,73.00,7.7713,-1,-1,-1
852,1,1766.00,847.00,36.00,60.00,7.0366,-1,-1,-1
853,2,1688.00,1075.00,57.00,71.00,7.7508,-1,-1,-1
853,1,1766.00,849.00,35.00,59.00,6.9993,-1,-1,-1
854,2,1691.00,1077.00,55.00,72.00,7.7021,-1,-1,-1
854,1,1768.00,851.00,33.00,59.00,6.9863,-1,-1,-1
855,2,1692.00,1080.00,56.00,70.00,7.6504,-1,-1,-1
855,1,1769.00,853.00,33.00,59.00,7.0063,-1,-1,-1
856,2,1693.00,1082.00,55.00,73.00,7.6496,-1,-1,-1
856,1,1768.00,854.00,35.00,60.00,7.0296,-1,-1,-1
857,2,1693.00,1086.00,55.00,72.00,7.6912,-1,-1,-1
857,1,1768.00,856.00,36.00,60.00,7.0099,-1,-1,-1
858,2,1694.00,1088.00,56.00,73.00,7.7057,-1,-1,-1
858,1,1766.00,859.00,39.00,60.00,6.9543,-1,-1,-1
859,2,1696.00,1090.00,53.00,73.00,7.7107,-1,-1,-1
859,1,1768.00,860.00,35.00,61.00,6.9246,-1,-1,-1
860,2,1696.00,1091.00,54.00,74.00,7.7202,-1,-1,-1
860,1,1766.00,862.00,36.00,60.00,6.9729,-1,-1,-1
861,2,1696.00,1094.00,53.00,75.00,7.7746,-1,-1,-1
861,1,1766.00,865.00,35.00,62.00,7.0607,-1,-1,-1
862,2,1696.00,1097.00,53.00,74.00,7.7840,-1,-1,-1
862,1,1764.00,867.00,37.00,62.00,7.1025,-1,-1,-1
863,2,1696.00,1101.00,52.00,71.00,7.7374,-1,-1,-1
863,1,1764.00,870.00,36.00,61.00,7.1396,-1,-1,-1
864,2,1696.00,1102.00,53.00,74.00,7.7090,-1,-1,-1
864,1,1764.00,871.00,34.00,61.00,7.1342,-1,-1,-1
865,2,1696.00,1105.00,52.00,75.00,7.7072,-1,-1,-1
865,1,1763.00,874.00,35.00,61.00,7.1972,-1,-1,-1
866,2,1696.00,1110.00,53.00,74.00,7.7306,-1,-1,-1
866,1,1762.00,876.00,36.00,61.00,7.2633,-1,-1,-1
867,2,1696.00,1113.00,51.00,74.00,7.7263,-1,-1,-1
867,1,1761.00,879.00,36.00,61.00,7.2974,-1,-1,-1
868,2,1695.00,1113.00,54.00,77.00,7.7214,-1,-1,-1
868,1,1760.00,881.00,37.00,61.00,7.2897,-1,-1,-1
869,2,1696.00,1116.00,51.00,76.00,7.7436,-1,-1,-1
869,1,1759.00,883.00,36.00,58.00,7.1847,-1,-1,-1
870,2,1697.00,1120.00,51.00,75.00,7.7427,-1,-1,-1
870,1,1758.00,886.00,36.00,60.00,7.1990,-1,-1,-1
871,2,1696.00,1121.00,51.00,76.00,7.7367,-1,-1,-1
871,1,1756.00,890.00,37.00,61.00,7.2022,-1,-1,-1
872,2,1695.00,1126.00,53.00,75.00,7.6611,-1,-1,-1
872,1,1754.00,891.00,38.00,60.00,7.2143,-1,-1,-1
873,2,1696.00,1129.00,51.00,76.00,7.6723,-1,-1,-1
873,1,1754.00,894.00,39.00,59.00,7.1710,-1,-1,-1
874,2,1696.00,1134.00,51.00,73.00,7.6867,-1,-1,-1
874,1,1753.00,895.00,39.00,61.00,7.1388,-1,-1,-1
875,2,1696.00,1136.00,51.00,75.00,7.6918,-1,-1,-1
875,1,1752.00,898.00,38.00,60.00,7.1583,-1,-1,-1
876,2,1696.00,1138.00,50.00,76.00,7.6735,-1,-1,-1
876,1,1751.00,899.00,38.00,61.00,7.1981,-1,-1,-1
877,2,1697.00,1139.00,50.00,79.00,7.6818,-1,-1,-1
877,1,1750.00,902.00,38.00,60.00,7.1929,-1,-1,-1
878,2,1697.00,1143.00,50.00,78.00,7.6908,-1,-1,-1
878,1,1749.00,904.00,39.00,59.00,7.2235,-1,-1,-1
879,2,1697.00,1146.00,49.00,79.00,7.6492,-1,-1,-1
879,1,1748.00,907.00,40.00,59.00,7.1852,-1,-1,-1
880,2,1697.00,1151.00,49.00,76.00,7.6020,-1,-1,-1
880,1,1748.00,909.00,40.00,61.00,7.1997,-1,-1,-1
881,2,1698.00,1153.00,48.00,77.00,7.5949,-1,-1,-1
881,1,1747.00,911.00,40.00,63.00,7.2114,-1,-1,-1
882,2,1696.00,1155.00,51.00,78.00,7.6085,-1,-1,-1
882,1,1746.00,914.00,40.00,63.00,7.2088,-1,-1,-1
883,2,1696.00,1159.00,51.00,79.00,7.5917,-1,-1,-1
883,1,1747.00,917.00,39.00,61.00,7.1213,-1,-1,-1
884,2,1697.00,1164.00,50.00,74.00,7.6107,-1,-1,-1
884,1,1746.00,920.00,39.00,61.00,7.0750,-1,-1,-1
885,2,1697.00,1167.00,50.00,74.00,7.6478,-1,-1,-1
885,1,1745.00,922.00,40.00,63.00,7.0985,-1,-1,-1
886,2,1696.00,1169.00,52.00,75.00,7.6579,-1,-1,-1
886,1,1745.00,924.00,39.00,64.00,7.0947,-1,-1,-1
887,2,1697.00,1176.00,49.00,69.00,7.5645,-1,-1,-1
887,1,1744.00,926.00,39.00,63.00,7.0560,-1,-1,-1
888,2,1697.00,1179.00,49.00,68.00,7.5154,-1,-1,-1
888,1,1741.00,931.00,42.00,59.00,7.0451,-1,-1,-1
889,2,1696.00,1180.00,52.00,70.00,7.5402,-1,-1,-1
889,1,1742.00,933.00,42.00,60.00,7.0251,-1,-1,-1
890,2,1697.00,1183.00,52.00,71.00,7.5913,-1,-1,-1
890,1,1743.00,934.00,40.00,63.00,7.0375,-1,-1,-1
891,2,1698.00,1187.00,52.00,70.00,7.5924,-1,-1,-1
891,1,1742.00,937.00,40.00,63.00,7.0532,-1,-1,-1
892,2,1699.00,1190.00,50.00,70.00,7.5662,-1,-1,-1
892,1,1741.00,939.00,40.00,62.00,7.0065,-1,-1,-1
893,2,1699.00,1192.00,50.00,72.00,7.6137,-1,-1,-1
893,1,1741.00,941.00,41.00,63.00,6.9908,-1,-1,-1
894,2,1700.00,1193.00,50.00,74.00,7.6341,-1,-1,-1
894,1,1739.00,944.00,42.00,63.00,7.0752,-1,-1,-1
895,2,1702.00,1199.00,48.00,69.00,7.6133,-1,-1,-1
895,1,1739.00,948.00,40.00,61.00,7.1256,-1,-1,-1
896,2,1701.00,1202.00,53.00,71.00,7.6511,-1,-1,-1
896,1,1738.00,951.00,42.00,60.00,7.1247,-1,-1,-1
897,2,1700.00,1205.00,55.00,71.00,7.6794,-1,-1,-1
897,1,1736.00,954.00,45.00,63.00,7.1484,-1,-1,-1
898,2,1701.00,1208.00,54.00,70.00,7.6830,-1,-1,-1
898,1,1736.00,956.00,46.00,63.00,7.1766,-1,-1,-1
899,2,1701.00,1209.00,55.00,73.00,7.6475,-1,-1,-1
899,1,1737.00,958.00,44.00,63.00,7.2064,-1,-1,-1
900,2,1702.00,1213.00,54.00,73.00,7.5053,-1,-1,-1
900,1,1736.00,959.00,45.00,65.00,7.2391,-1,-1,-1
901,2,1703.00,1215.00,53.00,74.00,7.5085,-1,-1,-1
901,1,1737.00,962.00,42.00,64.00,7.2123,-1,-1,-1
902,2,1703.00,1219.00,55.00,73.00,7.5759,-1,-1,-1
902,1,1738.00,968.00,39.00,61.00,7.2307,-1,-1,-1
903,2,1704.00,1221.00,55.00,74.00,7.6476,-1,-1,-1
903,1,1737.00,971.00,40.00,62.00,7.2789,-1,-1,-1
904,2,1704.00,1222.00,55.00,77.00,7.6858,-1,-1,-1
904,1,1737.00,973.00,39.00,62.00,7.3028,-1,-1,-1
905,2,1705.00,1225.00,55.00,77.00,7.7049,-1,-1,-1
905,1,1736.00,976.00,40.00,62.00,7.2609,-1,-1,-1
906,2,1705.00,1229.00,55.00,76.00,7.6818,-1,-1,-1
906,1,1735.00,980.00,42.00,61.00,7.2271,-1,-1,-1
907,2,1706.00,1233.00,54.00,76.00,7.6454,-1,-1,-1
907,1,1733.00,982.00,44.00,63.00,7.2262,-1,-1,-1
908,2,1707.00,1236.00,54.00,77.00,7.6471,-1,-1,-1
908,1,1733.00,985.00,42.00,63.00,7.2644,-1,-1,-1
909,2,1707.00,1240.00,55.00,74.00,7.6328,-1,-1,-1
909,1,1732.00,989.00,42.00,61.00,7.2769,-1,-1,-1
910,2,1708.00,1243.00,54.00,77.00,7.6212,-1,-1,-1
910,1,1731.00,992.00,43.00,61.00,7.2831,-1,-1,-1
911,2,1707.00,1247.00,55.00,76.00,7.6064,-1,-1,-1
911,1,1732.00,996.00,40.00,62.00,7.2687,-1,-1,-1
912,2,1705.00,1249.00,57.00,79.00,7.5712,-1,-1,-1
912,1,1726.00,999.00,45.00,61.00,7.2088,-1,-1,-1
913,2,1704.00,1255.00,60.00,76.00,7.4955,-1,-1,-1
913,1,1725.00,1002.00,43.00,60.00,7.1964,-1,-1,-1
914,2,1705.00,1259.00,58.00,76.00,7.4967,-1,-1,-1
914,1,1723.00,1005.00,43.00,62.00,7.2129,-1,-1,-1
915,2,1706.00,1264.00,54.00,74.00,7.4996,-1,-1,-1
915,1,1722.00,1008.00,44.00,61.00,7.2254,-1,-1,-1
916,2,1706.00,1265.00,52.00,75.00,7.5412,-1,-1,-1
916,1,1722.00,1012.00,40.00,59.00,7.2132,-1,-1,-1
917,2,1705.00,1269.00,52.00,76.00,7.5820,-1,-1,-1
917,1,1718.00,1015.00,45.00,60.00,7.1614,-1,-1,-1
918,2,1703.00,1273.00,54.00,75.00,7.6231,-1,-1,-1
918,1,1719.00,1020.00,42.00,60.00,7.1681,-1,-1,-1
919,2,1702.00,1276.00,54.00,78.00,7.5848,-1,-1,-1
919,1,1715.00,1024.00,45.00,59.00,7.2044,-1,-1,-1
920,2,1702.00,1280.00,51.00,76.00,7.4718,-1,-1,-1
920,1,1714.00,1026.00,43.00,59.00,7.2000,-1,-1,-1
921,2,1704.00,1287.00,49.00,73.00,7.3853,-1,-1,-1
921,1,1712.00,1028.00,44.00,59.00,7.2207,-1,-1,-1
922,2,1703.00,1289.00,50.00,77.00,7.4274,-1,-1,-1
922,1,1713.00,1032.00,40.00,59.00,7.2784,-1,-1,-1
923,2,1701.00,1292.00,52.00,81.00,7.4290,-1,-1,-1
923,1,1709.00,1035.00,43.00,59.00,7.3224,-1,-1,-1
924,2,1701.00,1300.00,49.00,74.00,7.4517,-1,-1,-1
924,1,1708.00,1039.00,41.00,58.00,7.3277,-1,-1,-1
925,2,1697.00,1301.00,54.00,76.00,7.4404,-1,-1,-1
925,1,1702.00,1041.00,46.00,61.00,7.3390,-1,-1,-1
926,2,1694.00,1305.00,52.00,76.00,7.4243,-1,-1,-1
926,1,1698.00,1045.00,45.00,60.00,7.3481,-1,-1,-1
927,2,1692.00,1309.00,50.00,77.00,7.3932,-1,-1,-1
927,1,1691.00,1050.00,49.00,60.00,7.3903,-1,-1,-1
928,2,1688.00,1312.00,54.00,77.00,7.4084,-1,-1,-1
928,1,1687.00,1053.00,47.00,58.00,7.3933,-1,-1,-1
929,2,1687.00,1318.00,50.00,75.00,7.3803,-1,-1,-1
929,1,1681.00,1054.00,49.00,62.00,7.3715,-1,-1,-1
930,2,1682.00,1319.00,52.00,80.00,7.3867,-1,-1,-1
930,1,1680.00,1059.00,44.00,60.00,7.3706,-1,-1,-1
931,1,1676.00,1062.00,45.00,62.00,7.4084,-1,-1,-1
931,2,1680.00,1326.00,51.00,78.00,7.3541,-1,-1,-1
932,1,1674.00,1067.00,41.00,60.00,7.3916,-1,-1,-1
932,2,1675.00,1329.00,54.00,77.00,7.2577,-1,-1,-1
933,1,1666.00,1071.00,46.00,60.00,7.3943,-1,-1,-1
933,2,1676.00,1336.00,49.00,76.00,7.2463,-1,-1,-1
934,1,1663.00,1075.00,43.00,57.00,7.3833,-1,-1,-1
934,2,1671.00,1338.00,52.00,81.00,7.2216,-1,-1,-1
935,1,1658.00,1078.00,45.00,59.00,7.3546,-1,-1,-1
935,2,1667.00,1346.00,52.00,76.00,7.1748,-1,-1,-1
936,1,1654.00,1082.00,46.00,59.00,7.4069,-1,-1,-1
936,2,1664.00,1347.00,53.00,78.00,7.1638,-1,-1,-1
937,1,1649.00,1085.00,48.00,61.00,7.3775,-1,-1,-1
937,2,1662.00,1350.00,54.00,78.00,7.1679,-1,-1,-1
938,1,1645.00,1089.00,47.00,58.00,7.3289,-1,-1,-1
938,2,1660.00,1357.00,51.00,78.00,7.1939,-1,-1,-1
939,1,1641.00,1093.00,45.00,59.00,7.3566,-1,-1,-1
939,2,1658.00,1363.00,50.00,77.00,7.2846,-1,-1,-1
940,2,1654.00,1369.00,51.00,77.00,7.3250,-1,-1,-1
940,1,1636.00,1097.00,46.00,58.00,7.3112,-1,-1,-1
941,2,1653.00,1374.00,49.00,75.00,7.3520,-1,-1,-1
941,1,1632.00,1100.00,47.00,59.00,7.2818,-1,-1,-1
942,1,1626.00,1104.00,48.00,62.00,7.3412,-1,-1,-1
942,2,1648.00,1377.00,50.00,75.00,7.3181,-1,-1,-1
943,2,1644.00,1379.00,54.00,78.00,7.3402,-1,-1,-1
943,1,1623.00,1107.00,47.00,61.00,7.3331,-1,-1,-1
944,2,1641.00,1384.00,54.00,78.00,7.3604,-1,-1,-1
944,1,1619.00,1110.00,48.00,61.00,7.3035,-1,-1,-1
945,1,1616.00,1116.00,45.00,60.00,7.3894,-1,-1,-1
945,2,1640.00,1390.00,51.00,75.00,7.3356,-1,-1,-1
946,1,1612.00,1118.00,45.00,61.00,7.3668,-1,-1,-1
946,2,1637.00,1391.00,51.00,80.00,7.3585,-1,-1,-1
947,2,1633.00,1395.00,54.00,80.00,7.3833,-1,-1,-1
947,1,1607.00,1123.00,47.00,61.00,7.3587,-1,-1,-1
948,1,1602.00,1126.00,48.00,61.00,7.4231,-1,-1,-1
948,2,1631.00,1401.00,56.00,77.00,7.2912,-1,-1,-1
949,1,1598.00,1130.00,49.00,61.00,7.4312,-1,-1,-1
949,2,1629.00,1409.00,52.00,73.00,7.3085,-1,-1,-1
950,1,1594.00,1135.00,49.00,58.00,7.3968,-1,-1,-1
950,2,1627.00,1411.00,53.00,75.00,7.3592,-1,-1,-1
951,1,1590.00,1140.00,52.00,61.00,7.4082,-1,-1,-1
951,2,1628.00,1421.00,47.00,72.00,7.3506,-1,-1,-1
952,1,1585.00,1144.00,51.00,59.00,7.3730,-1,-1,-1
952,2,1623.00,1421.00,51.00,73.00,7.3456,-1,-1,-1
953,2,1618.00,1424.00,57.00,77.00,7.4004,-1,-1,-1
953,1,1579.00,1148.00,55.00,60.00,7.3761,-1,-1,-1
954,2,1615.00,1426.00,56.00,78.00,7.4269,-1,-1,-1
954,1,1577.00,1153.00,52.00,60.00,7.4152,-1,-1,-1
955,2,1613.00,1434.00,55.00,73.00,7.4382,-1,-1,-1
955,1,1573.00,1156.00,50.00,60.00,7.4216,-1,-1,-1
956,2,1613.00,1438.00,51.00,78.00,7.4177,-1,-1,-1
956,1,1570.00,1161.00,53.00,59.00,7.3810,-1,-1,-1
957,2,1607.00,1441.00,57.00,79.00,7.4422,-1,-1,-1
957,1,1568.00,1165.00,46.00,62.00,7.4225,-1,-1,-1
958,1,1561.00,1168.00,52.00,60.00,7.4109,-1,-1,-1
958,2,1605.00,1445.00,60.00,80.00,7.3434,-1,-1,-1
959,1,1557.00,1168.00,53.00,65.00,7.3425,-1,-1,-1
959,2,1604.00,1447.00,57.00,77.00,7.2185,-1,-1,-1
960,1,1554.00,1170.00,52.00,64.00,7.4134,-1,-1,-1
960,2,1602.00,1448.00,57.00,75.00,7.1455,-1,-1,-1
961,1,1551.00,1168.00,52.00,63.00,7.4437,-1,-1,-1
961,2,1600.00,1446.00,58.00,77.00,7.1336,-1,-1,-1
962,1,1546.00,1166.00,53.00,63.00,7.4793,-1,-1,-1
962,2,1600.00,1445.00,55.00,75.00,7.2039,-1,-1,-1
963,1,1541.00,1158.00,54.00,65.00,7.5142,-1,-1,-1
963,2,1599.00,1443.00,55.00,73.00,7.2329,-1,-1,-1
964,1,1537.00,1154.00,53.00,65.00,7.5883,-1,-1,-1
964,2,1594.00,1433.00,61.00,77.00,7.2739,-1,-1,-1
965,1,1535.00,1148.00,53.00,64.00,7.5472,-1,-1,-1
965,2,1592.00,1426.00,60.00,78.00,7.3466,-1,-1,-1
966,1,1532.00,1140.00,52.00,63.00,7.5322,-1,-1,-1
966,2,1591.00,1418.00,58.00,76.00,7.3069,-1,-1,-1
967,1,1530.00,1133.00,53.00,61.00,7.5559,-1,-1,-1
967,2,1587.00,1407.00,64.00,80.00,7.3213,-1,-1,-1
968,1,1526.00,1124.00,54.00,64.00,7.5864,-1,-1,-1
968,2,1588.00,1403.00,62.00,77.00,7.3805,-1,-1,-1
969,1,1523.00,1118.00,55.00,59.00,7.6117,-1,-1,-1
969,2,1586.00,1393.00,59.00,80.00,7.3600,-1,-1,-1
970,1,1520.00,1108.00,54.00,61.00,7.5165,-1,-1,-1
970,2,1585.00,1383.00,58.00,80.00,7.3873,-1,-1,-1
971,1,1519.00,1100.00,52.00,59.00,7.5415,-1,-1,-1
971,2,1584.00,1373.00,60.00,82.00,7.3399,-1,-1,-1
972,1,1516.00,1091.00,52.00,63.00,7.5356,-1,-1,-1
972,2,1584.00,1363.00,56.00,84.00,7.3471,-1,-1,-1
973,1,1513.00,1080.00,52.00,66.00,7.5912,-1,-1,-1
973,2,1583.00,1355.00,59.00,82.00,7.3360,-1,-1,-1
974,1,1512.00,1070.00,50.00,65.00,7.5448,-1,-1,-1
974,2,1581.00,1349.00,58.00,80.00,7.2569,-1,-1,-1
975,1,1509.00,1061.00,52.00,65.00,7.5934,-1,-1,-1
975,2,1579.00,1335.00,60.00,85.00,7.3028,-1,-1,-1
976,1,1508.00,1053.00,51.00,61.00,7.6195,-1,-1,-1
976,2,1577.00,1324.00,58.00,85.00,7.2233,-1,-1,-1
977,1,1506.00,1044.00,50.00,62.00,7.5946,-1,-1,-1
977,2,1577.00,1313.00,61.00,90.00,7.2403,-1,-1,-1
978,1,1503.00,1037.00,50.00,61.00,7.5681,-1,-1,-1
978,2,1577.00,1309.00,60.00,86.00,7.3029,-1,-1,-1
979,1,1500.00,1028.00,52.00,63.00,7.6031,-1,-1,-1
979,2,1577.00,1305.00,57.00,82.00,7.2851,-1,-1,-1
980,1,1499.00,1024.00,51.00,63.00,7.6024,-1,-1,-1
980,2,1574.00,1297.00,58.00,83.00,7.2768,-1,-1,-1
981,1,1496.00,1019.00,50.00,62.00,7.5482,-1,-1,-1
981,2,1576.00,1294.00,55.00,84.00,7.2384,-1,-1,-1
982,1,1492.00,1014.00,50.00,64.00,7.5997,-1,-1,-1
982,2,1572.00,1288.00,60.00,90.00,7.1996,-1,-1,-1
983,1,1488.00,1011.00,54.00,66.00,7.6620,-1,-1,-1
983,2,1572.00,1288.00,61.00,88.00,7.1783,-1,-1,-1
984,1,1485.00,1008.00,56.00,67.00,7.7056,-1,-1,-1
984,2,1572.00,1286.00,58.00,91.00,7.2231,-1,-1,-1
985,1,1486.00,1011.00,51.00,65.00,7.7290,-1,-1,-1
985,2,1572.00,1288.00,57.00,87.00,7.2005,-1,-1,-1
986,1,1481.00,1013.00,56.00,62.00,7.7008,-1,-1,-1
986,2,1568.00,1287.00,61.00,89.00,7.1753,-1,-1,-1
987,1,1477.00,1012.00,56.00,66.00,7.6712,-1,-1,-1
987,2,1567.00,1289.00,61.00,89.00,7.1429,-1,-1,-1
988,1,1474.00,1015.00,58.00,64.00,7.6320,-1,-1,-1
988,2,1565.00,1290.00,62.00,91.00,7.1132,-1,-1,-1
989,1,1473.00,1019.00,57.00,61.00,7.5990,-1,-1,-1
989,2,1565.00,1295.00,61.00,87.00,7.1250,-1,-1,-1
990,1,1469.00,1021.00,58.00,63.00,7.5934,-1,-1,-1
990,2,1566.00,1300.00,59.00,86.00,7.1451,-1,-1,-1
991,1,1467.00,1024.00,59.00,64.00,7.6234,-1,-1,-1
991,2,1564.00,1305.00,60.00,82.00,7.1971,-1,-1,-1
992,1,1462.00,1027.00,61.00,64.00,7.5843,-1,-1,-1
992,2,1563.00,1310.00,61.00,84.00,7.2180,-1,-1,-1
993,1,1458.00,1032.00,59.00,64.00,7.6316,-1,-1,-1
993,2,1561.00,1313.00,62.00,85.00,7.2296,-1,-1,-1
994,1,1453.00,1033.00,58.00,63.00,7.6282,-1,-1,-1
994,2,1559.00,1320.00,62.00,83.00,7.1712,-1,-1,-1
995,1,1453.00,1041.00,55.00,61.00,7.5945,-1,-1,-1
995,2,1559.00,1326.00,57.00,83.00,7.0876,-1,-1,-1
996,1,1444.00,1043.00,60.00,63.00,7.5759,-1,-1,-1
996,2,1552.00,1328.00,62.00,89.00,6.9902,-1,-1,-1
997,1,1440.00,1048.00,62.00,63.00,7.5787,-1,-1,-1
997,2,1553.00,1334.00,59.00,82.00,7.0375,-1,-1,-1
998,1,1435.00,1056.00,64.00,63.00,7.6362,-1,-1,-1
998,2,1548.00,1339.00,58.00,83.00,7.0401,-1,-1,-1
999,1,1430.00,1059.00,57.00,61.00,7.6534,-1,-1,-1
999,2,1545.00,1342.00,59.00,84.00,6.9997,-1,-1,-1
1000,1,1425.00,1064.00,60.00,62.00,7.6261,-1,-1,-1
1000,2,1543.00,1352.00,57.00,79.00,7.0815,-1,-1,-1
1001,1,1422.00,1072.00,60.00,58.00,7.6472,-1,-1,-1
1001,2,1540.00,1356.00,59.00,81.00,7.1458,-1,-1,-1
1002,1,1415.00,1075.00,59.00,59.00,7.6314,-1,-1,-1
1002,2,1542.00,1367.00,52.00,77.00,7.1416,-1,-1,-1
1003,1,1410.00,1079.00,63.00,64.00,7.6889,-1,-1,-1
1003,2,1532.00,1365.00,62.00,81.00,7.2081,-1,-1,-1
1004,1,1404.00,1082.00,62.00,63.00,7.6938,-1,-1,-1
1004,2,1529.00,1367.00,63.00,82.00,7.2242,-1,-1,-1
1005,1,1398.00,1085.00,65.00,65.00,7.6522,-1,-1,-1
1005,2,1530.00,1372.00,59.00,79.00,7.1805,-1,-1,-1
1006,1,1394.00,1085.00,60.00,67.00,7.6573,-1,-1,-1
1006,2,1524.00,1371.00,62.00,80.00,7.1557,-1,-1,-1
1007,1,1389.00,1088.00,62.00,65.00,7.6800,-1,-1,-1
1007,2,1524.00,1375.00,56.00,79.00,7.1440,-1,-1,-1
1008,1,1382.00,1089.00,65.00,65.00,7.6812,-1,-1,-1
1008,2,1521.00,1377.00,56.00,77.00,7.1877,-1,-1,-1
1009,1,1376.00,1086.00,67.00,67.00,7.6456,-1,-1,-1
1009,2,1514.00,1367.00,62.00,84.00,7.1712,-1,-1,-1
1010,1,1369.00,1084.00,67.00,67.00,7.5928,-1,-1,-1
1010,2,1507.00,1361.00,66.00,89.00,7.2245,-1,-1,-1
1011,1,1365.00,1082.00,62.00,67.00,7.6551,-1,-1,-1
1011,2,1503.00,1361.00,66.00,86.00,7.2589,-1,-1,-1
1012,1,1355.00,1078.00,67.00,69.00,7.6590,-1,-1,-1
1012,2,1502.00,1357.00,63.00,83.00,7.2844,-1,-1,-1
1013,1,1350.00,1075.00,66.00,65.00,7.6808,-1,-1,-1
1013,2,1497.00,1350.00,64.00,84.00,7.3612,-1,-1,-1
1014,1,1342.00,1068.00,67.00,66.00,7.6197,-1,-1,-1
1014,2,1492.00,1345.00,64.00,84.00,7.3976,-1,-1,-1
1015,1,1335.00,1062.00,68.00,66.00,7.6211,-1,-1,-1
1015,2,1487.00,1337.00,66.00,86.00,7.3877,-1,-1,-1
1016,1,1330.00,1056.00,65.00,67.00,7.6223,-1,-1,-1
1016,2,1486.00,1336.00,61.00,82.00,7.3919,-1,-1,-1
1017,1,1322.00,1051.00,66.00,65.00,7.6526,-1,-1,-1
1017,2,1481.00,1326.00,60.00,80.00,7.2663,-1,-1,-1
1018,1,1314.00,1042.00,70.00,70.00,7.6295,-1,-1,-1
1018,2,1474.00,1316.00,66.00,85.00,7.2757,-1,-1,-1
1019,1,1309.00,1036.00,65.00,66.00,7.6557,-1,-1,-1
1019,2,1471.00,1310.00,69.00,83.00,7.3048,-1,-1,-1
1020,1,1304.00,1031.00,66.00,62.00,7.6524,-1,-1,-1
1020,2,1465.00,1302.00,67.00,82.00,7.3886,-1,-1,-1
1021,1,1296.00,1022.00,66.00,62.00,7.6506,-1,-1,-1
1021,2,1460.00,1290.00,71.00,88.00,7.3835,-1,-1,-1
1022,1,1288.00,1012.00,66.00,65.00,7.6754,-1,-1,-1
1022,2,1459.00,1285.00,70.00,85.00,7.3673,-1,-1,-1
1023,1,1280.00,1005.00,69.00,64.00,7.6825,-1,-1,-1
1023,2,1454.00,1276.00,70.00,81.00,7.2821,-1,-1,-1
1024,1,1275.00,997.00,67.00,63.00,7.7192,-1,-1,-1
1024,2,1449.00,1263.00,74.00,87.00,7.3292,-1,-1,-1
1025,1,1265.00,990.00,72.00,64.00,7.7462,-1,-1,-1
1025,2,1445.00,1256.00,71.00,83.00,7.4033,-1,-1,-1
1026,1,1262.00,983.00,71.00,61.00,7.6654,-1,-1,-1
1026,2,1446.00,1251.00,68.00,78.00,7.3645,-1,-1,-1
1027,1,1252.00,970.00,77.00,66.00,7.6525,-1,-1,-1
1027,2,1438.00,1238.00,71.00,84.00,7.3886,-1,-1,-1
1028,1,1248.00,965.00,74.00,68.00,7.6338,-1,-1,-1
1028,2,1437.00,1232.00,70.00,81.00,7.4322,-1,-1,-1
1029,1,1239.00,955.00,77.00,67.00,7.6373,-1,-1,-1
1029,2,1435.00,1221.00,69.00,83.00,7.3336,-1,-1,-1
1030,1,1231.00,949.00,81.00,65.00,7.6087,-1,-1,-1
1030,2,1428.00,1213.00,74.00,84.00,7.3621,-1,-1,-1
1031,1,1228.00,945.00,75.00,63.00,7.6141,-1,-1,-1
1031,2,1425.00,1206.00,70.00,82.00,7.3484,-1,-1,-1
1032,1,1222.00,940.00,74.00,62.00,7.5755,-1,-1,-1
1032,2,1423.00,1201.00,69.00,84.00,7.3548,-1,-1,-1
1033,1,1219.00,941.00,72.00,59.00,7.5571,-1,-1,-1
1033,2,1419.00,1202.00,71.00,80.00,7.3260,-1,-1,-1
1034,1,1211.00,938.00,78.00,63.00,7.5765,-1,-1,-1
1034,2,1420.00,1202.00,68.00,78.00,7.2831,-1,-1,-1
1035,1,1209.00,938.00,76.00,60.00,7.5886,-1,-1,-1
1035,2,1420.00,1200.00,68.00,80.00,7.2217,-1,-1,-1
1036,1,1203.00,936.00,82.00,62.00,7.6092,-1,-1,-1
1036,2,1419.00,1200.00,69.00,81.00,7.1787,-1,-1,-1
1037,1,1205.00,940.00,73.00,57.00,7.6249,-1,-1,-1
1037,2,1415.00,1196.00,76.00,86.00,7.1523,-1,-1,-1
1038,1,1204.00,941.00,80.00,61.00,7.6336,-1,-1,-1
1038,2,1420.00,1203.00,70.00,81.00,7.1944,-1,-1,-1
1039,1,1206.00,945.00,80.00,61.00,7.6439,-1,-1,-1
1039,2,1423.00,1205.00,69.00,83.00,7.2395,-1,-1,-1
1040,1,1206.00,947.00,83.00,64.00,7.6253,-1,-1,-1
1040,2,1424.00,1208.00,73.00,83.00,7.2512,-1,-1,-1
1041,1,1213.00,956.00,79.00,61.00,7.6193,-1,-1,-1
1041,2,1428.00,1211.00,76.00,86.00,7.3111,-1,-1,-1
1042,1,1214.00,958.00,83.00,64.00,7.6284,-1,-1,-1
1042,2,1433.00,1214.00,74.00,90.00,7.3408,-1,-1,-1
1043,1,1222.00,961.00,75.00,61.00,7.6334,-1,-1,-1
1043,2,1439.00,1221.00,74.00,86.00,7.2323,-1,-1,-1
1044,1,1228.00,968.00,75.00,58.00,7.6189,-1,-1,-1
1044,2,1442.00,1225.00,75.00,85.00,7.2513,-1,-1,-1
1045,1,1232.00,971.00,77.00,60.00,7.5992,-1,-1,-1
1045,2,1449.00,1228.00,76.00,90.00,7.1532,-1,-1,-1
1046,1,1237.00,976.00,79.00,64.00,7.6180,-1,-1,-1
1046,2,1458.00,1238.00,72.00,86.00,7.1644,-1,-1,-1
1047,1,1250.00,986.00,70.00,54.00,7.6407,-1,-1,-1
1047,2,1462.00,1244.00,72.00,84.00,7.1408,-1,-1,-1
1048,1,1252.00,986.00,72.00,60.00,7.6393,-1,-1,-1
1048,2,1469.00,1249.00,71.00,85.00,7.1098,-1,-1,-1
1049,1,1257.00,991.00,71.00,61.00,7.6525,-1,-1,-1
1049,2,1476.00,1257.00,68.00,82.00,7.0353,-1,-1,-1
1050,1,1259.00,993.00,78.00,61.00,7.6440,-1,-1,-1
1050,2,1478.00,1261.00,75.00,84.00,7.1067,-1,-1,-1
1051,1,1268.00,1004.00,72.00,57.00,7.6567,-1,-1,-1
1051,2,1485.00,1266.00,71.00,83.00,7.1470,-1,-1,-1
1052,1,1273.00,1007.00,70.00,57.00,7.6656,-1,-1,-1
1052,2,1488.00,1272.00,71.00,82.00,7.1165,-1,-1,-1
1053,1,1277.00,1010.00,74.00,59.00,7.6184,-1,-1,-1
1053,2,1494.00,1275.00,71.00,86.00,7.1475,-1,-1,-1
1054,1,1283.00,1015.00,74.00,59.00,7.6222,-1,-1,-1
1054,2,1499.00,1283.00,70.00,81.00,7.0958,-1,-1,-1
1055,1,1285.00,1018.00,79.00,65.00,7.6459,-1,-1,-1
1055,2,1507.00,1284.00,70.00,87.00,7.1616,-1,-1,-1
1056,1,1295.00,1026.00,75.00,61.00,7.6977,-1,-1,-1
1056,2,1507.00,1291.00,74.00,84.00,7.1540,-1,-1,-1
1057,1,1300.00,1029.00,71.00,61.00,7.7405,-1,-1,-1
1057,2,1513.00,1296.00,73.00,83.00,7.1405,-1,-1,-1
1058,1,1304.00,1034.00,73.00,62.00,7.7405,-1,-1,-1
1058,2,1519.00,1301.00,74.00,84.00,7.1060,-1,-1,-1
1059,1,1310.00,1038.00,71.00,60.00,7.7721,-1,-1,-1
1059,2,1526.00,1303.00,74.00,89.00,7.0958,-1,-1,-1
1060,1,1311.00,1040.00,81.00,67.00,7.7877,-1,-1,-1
1060,2,1528.00,1309.00,78.00,87.00,7.1664,-1,-1,-1
1061,1,1319.00,1044.00,75.00,66.00,7.7947,-1,-1,-1
1061,2,1535.00,1313.00,71.00,86.00,7.1654,-1,-1,-1
1062,1,1325.00,1049.00,73.00,65.00,7.7804,-1,-1,-1
1062,2,1541.00,1320.00,73.00,83.00,7.1897,-1,-1,-1
1063,1,1329.00,1051.00,81.00,71.00,7.7233,-1,-1,-1
1063,2,1548.00,1331.00,71.00,78.00,7.0538,-1,-1,-1
1064,1,1334.00,1057.00,72.00,65.00,7.6949,-1,-1,-1
1064,2,1554.00,1328.00,69.00,86.00,7.0397,-1,-1,-1
1065,1,1336.00,1060.00,80.00,69.00,7.6720,-1,-1,-1
1065,2,1558.00,1334.00,71.00,85.00,7.0768,-1,-1,-1
1066,1,1343.00,1064.00,73.00,69.00,7.6581,-1,-1,-1
1066,2,1555.00,1330.00,82.00,93.00,7.1479,-1,-1,-1
1067,1,1350.00,1071.00,73.00,64.00,7.6219,-1,-1,-1
1067,2,1566.00,1336.00,77.00,92.00,7.2135,-1,-1,-1
1068,1,1352.00,1073.00,77.00,68.00,7.5973,-1,-1,-1
1068,2,1573.00,1349.00,75.00,84.00,7.2044,-1,-1,-1
1069,1,1360.00,1079.00,72.00,65.00,7.5876,-1,-1,-1
1069,2,1583.00,1358.00,67.00,79.00,7.2265,-1,-1,-1
1070,1,1363.00,1085.00,74.00,63.00,7.5619,-1,-1,-1
1070,2,1587.00,1361.00,71.00,83.00,7.2072,-1,-1,-1
1071,1,1369.00,1089.00,71.00,64.00,7.5491,-1,-1,-1
1071,2,1593.00,1364.00,72.00,87.00,7.1855,-1,-1,-1
1072,1,1371.00,1091.00,81.00,65.00,7.5050,-1,-1,-1
1072,2,1595.00,1363.00,75.00,91.00,7.1756,-1,-1,-1
1073,1,1379.00,1100.00,78.00,63.00,7.3681,-1,-1,-1
1073,2,1607.00,1383.00,67.00,76.00,7.2105,-1,-1,-1
1074,1,1385.00,1105.00,73.00,58.00,7.3815,-1,-1,-1
1074,2,1608.00,1380.00,69.00,85.00,7.2471,-1,-1,-1
1075,1,1387.00,1100.00,75.00,66.00,7.3834,-1,-1,-1
1075,2,1609.00,1384.00,76.00,85.00,7.2288,-1,-1,-1
1076,1,1392.00,1109.00,76.00,61.00,7.3169,-1,-1,-1
1076,2,1610.00,1382.00,81.00,91.00,7.2377,-1,-1,-1
1077,1,1394.00,1115.00,84.00,62.00,7.3520,-1,-1,-1
1077,2,1621.00,1389.00,76.00,87.00,7.2199,-1,-1,-1
1078,1,1398.00,1121.00,90.00,61.00,7.3084,-1,-1,-1
1078,2,1624.00,1389.00,77.00,92.00,7.2256,-1,-1,-1
1079,1,1408.00,1127.00,79.00,58.00,7.3373,-1,-1,-1
1079,2,1633.00,1398.00,71.00,85.00,7.3040,-1,-1,-1
1080,2,1632.00,1398.00,79.00,93.00,7.3638,-1,-1,-1
1080,1,1413.00,1129.00,75.00,56.00,7.3454,-1,-1,-1
1081,2,1640.00,1403.00,83.00,93.00,7.4433,-1,-1,-1
1081,1,1419.00,1133.00,73.00,56.00,7.3520,-1,-1,-1
1082,2,1643.00,1403.00,83.00,98.00,7.5159,-1,-1,-1
1082,1,1424.00,1136.00,68.00,55.00,7.3624,-1,-1,-1
1083,2,1649.00,1410.00,79.00,94.00,7.4837,-1,-1,-1
1083,1,1429.00,1138.00,71.00,62.00,7.3639,-1,-1,-1
1084,2,1657.00,1421.00,80.00,92.00,7.4771,-1,-1,-1
1084,1,1431.00,1143.00,77.00,61.00,7.3863,-1,-1,-1
1085,2,1660.00,1420.00,78.00,93.00,7.4970,-1,-1,-1
1085,1,1439.00,1148.00,69.00,57.00,7.4454,-1,-1,-1
1086,2,1662.00,1424.00,87.00,97.00,7.5362,-1,-1,-1
1086,1,1442.00,1149.00,71.00,61.00,7.4648,-1,-1,-1
1087,2,1668.00,1427.00,82.00,95.00,7.5832,-1,-1,-1
1087,1,1446.00,1154.00,71.00,59.00,7.4613,-1,-1,-1
1088,2,1668.00,1430.00,90.00,99.00,7.5497,-1,-1,-1
1088,1,1449.00,1155.00,76.00,62.00,7.4769,-1,-1,-1
1089,1,1451.00,1162.00,81.00,62.00,7.5322,-1,-1,-1
1089,2,1677.00,1440.00,87.00,93.00,7.5081,-1,-1,-1
1090,1,1459.00,1168.00,75.00,59.00,7.5784,-1,-1,-1
1090,2,1685.00,1443.00,83.00,96.00,7.5513,-1,-1,-1
1091,1,1462.00,1168.00,75.00,62.00,7.6111,-1,-1,-1
1091,2,1692.00,1448.00,81.00,94.00,7.5069,-1,-1,-1
1092,1,1468.00,1173.00,75.00,61.00,7.6287,-1,-1,-1
1092,2,1694.00,1449.00,84.00,96.00,7.4935,-1,-1,-1
1093,1,1472.00,1171.00,79.00,66.00,7.6071,-1,-1,-1
1093,2,1698.00,1451.00,84.00,98.00,7.4685,-1,-1,-1
1094,1,1478.00,1179.00,77.00,60.00,7.6027,-1,-1,-1
1094,2,1704.00,1454.00,83.00,98.00,7.4827,-1,-1,-1
1095,1,1489.00,1185.00,69.00,57.00,7.5270,-1,-1,-1
1095,2,1713.00,1459.00,82.00,101.00,7.4485,-1,-1,-1
1096,1,1489.00,1186.00,82.00,64.00,7.5191,-1,-1,-1
1096,2,1715.00,1463.00,85.00,101.00,7.4550,-1,-1,-1
1097,1,1490.00,1186.00,84.00,66.00,7.5178,-1,-1,-1
1097,2,1718.00,1470.00,88.00,100.00,7.4828,-1,-1,-1
1098,2,1722.00,1474.00,88.00,100.00,7.5101,-1,-1,-1
1098,1,1495.00,1190.00,84.00,69.00,7.4628,-1,-1,-1
1099,2,1729.00,1476.00,90.00,105.00,7.5682,-1,-1,-1
1099,1,1502.00,1195.00,81.00,67.00,7.4815,-1,-1,-1
1100,2,1741.00,1487.00,83.00,98.00,7.5618,-1,-1,-1
1100,1,1509.00,1207.00,76.00,58.00,7.4102,-1,-1,-1
1101,2,1744.00,1489.00,85.00,101.00,7.5796,-1,-1,-1
1101,1,1514.00,1210.00,79.00,61.00,7.3914,-1,-1,-1
1102,2,1754.00,1496.00,80.00,98.00,7.6061,-1,-1,-1
1102,1,1521.00,1211.00,80.00,63.00,7.3600,-1,-1,-1
1103,2,1760.00,1497.00,82.00,99.00,7.6514,-1,-1,-1
1103,1,1531.00,1215.00,71.00,62.00,7.3664,-1,-1,-1
1104,2,1767.00,1505.00,81.00,96.00,7.6800,-1,-1,-1
1104,1,1534.00,1220.00,72.00,61.00,7.4194,-1,-1,-1
1105,2,1773.00,1515.00,81.00,93.00,7.6923,-1,-1,-1
1105,1,1539.00,1220.00,72.00,63.00,7.4519,-1,-1,-1
1106,2,1779.00,1515.00,81.00,100.00,7.6820,-1,-1,-1
1106,1,1540.00,1218.00,78.00,70.00,7.4481,-1,-1,-1
1107,2,1785.00,1524.00,84.00,99.00,7.6986,-1,-1,-1
1107,1,1550.00,1227.00,77.00,67.00,7.4046,-1,-1,-1
1108,2,1793.00,1530.00,79.00,95.00,7.6510,-1,-1,-1
1108,1,1551.00,1232.00,80.00,66.00,7.4381,-1,-1,-1
1109,2,1802.00,1536.00,75.00,92.00,7.6474,-1,-1,-1
1109,1,1558.00,1236.00,73.00,61.00,7.4971,-1,-1,-1
1110,2,1804.00,1538.00,80.00,94.00,7.5959,-1,-1,-1
1110,1,1566.00,1235.00,76.00,68.00,7.4256,-1,-1,-1
1111,2,1817.00,1539.00,74.00,94.00,7.5522,-1,-1,-1
1111,1,1575.00,1245.00,75.00,60.00,7.4175,-1,-1,-1
1112,2,1817.00,1542.00,80.00,89.00,7.5406,-1,-1,-1
1112,1,1582.00,1241.00,72.00,60.00,7.4604,-1,-1,-1
1113,1,1586.00,1234.00,73.00,62.00,7.4389,-1,-1,-1
1113,2,1818.00,1527.00,87.00,99.00,7.4212,-1,-1,-1
1114,2,1829.00,1524.00,84.00,97.00,7.4397,-1,-1,-1
1114,1,1591.00,1224.00,78.00,67.00,7.4279,-1,-1,-1
1115,1,1597.00,1220.00,77.00,64.00,7.4215,-1,-1,-1
1115,2,1838.00,1516.00,79.00,99.00,7.4086,-1,-1,-1
1116,1,1601.00,1208.00,76.00,62.00,7.4270,-1,-1,-1
1116,2,1840.00,1502.00,82.00,98.00,7.4139,-1,-1,-1
1117,1,1610.00,1195.00,71.00,60.00,7.4659,-1,-1,-1
1117,2,1846.00,1492.00,87.00,97.00,7.4659,-1,-1,-1
1118,2,1852.00,1474.00,86.00,101.00,7.5372,-1,-1,-1
1118,1,1613.00,1184.00,77.00,63.00,7.4763,-1,-1,-1
1119,2,1863.00,1463.00,79.00,99.00,7.5377,-1,-1,-1
1119,1,1620.00,1168.00,75.00,63.00,7.3848,-1,-1,-1
1120,2,1868.00,1451.00,81.00,99.00,7.5021,-1,-1,-1
1120,1,1629.00,1153.00,71.00,63.00,7.3544,-1,-1,-1
1121,2,1874.00,1428.00,80.00,106.00,7.4490,-1,-1,-1
1121,1,1634.00,1138.00,72.00,64.00,7.3169,-1,-1,-1
1122,2,1878.00,1417.00,87.00,106.00,7.4749,-1,-1,-1
1122,1,1639.00,1120.00,69.00,67.00,7.3314,-1,-1,-1
1123,2,1886.00,1401.00,83.00,106.00,7.5147,-1,-1,-1
1123,1,1646.00,1106.00,74.00,64.00,7.2810,-1,-1,-1
1124,2,1893.00,1386.00,85.00,101.00,7.5501,-1,-1,-1
1124,1,1655.00,1096.00,69.00,60.00,7.2948,-1,-1,-1
1125,2,1900.00,1374.00,84.00,101.00,7.5683,-1,-1,-1
1125,1,1658.00,1076.00,73.00,63.00,7.3317,-1,-1,-1
1126,2,1904.00,1356.00,85.00,107.00,7.6054,-1,-1,-1
1126,1,1671.00,1070.00,62.00,60.00,7.2436,-1,-1,-1
1127,2,1914.00,1353.00,79.00,100.00,7.5757,-1,-1,-1
1127,1,1669.00,1055.00,74.00,65.00,7.2380,-1,-1,-1
1128,2,1919.00,1347.00,82.00,100.00,7.5784,-1,-1,-1
1128,1,1673.00,1036.00,74.00,77.00,7.2000,-1,-1,-1
1129,2,1929.00,1344.00,81.00,102.00,7.4596,-1,-1,-1
1129,1,1682.00,1043.00,70.00,65.00,7.2153,-1,-1,-1
1130,2,1932.00,1335.00,80.00,106.00,7.4744,-1,-1,-1
1130,1,1689.00,1035.00,66.00,64.00,7.2263,-1,-1,-1
1131,2,1940.00,1338.00,80.00,101.00,7.4612,-1,-1,-1
1131,1,1690.00,1026.00,76.00,75.00,7.2552,-1,-1,-1
1132,2,1945.00,1330.00,80.00,108.00,7.4651,-1,-1,-1
1132,1,1695.00,1030.00,77.00,69.00,7.2907,-1,-1,-1
1133,2,1952.00,1331.00,84.00,112.00,7.5158,-1,-1,-1
1133,1,1701.00,1029.00,77.00,73.00,7.2920,-1,-1,-1
1134,2,1957.00,1337.00,83.00,109.00,7.5487,-1,-1,-1
1134,1,1712.00,1039.00,71.00,64.00,7.3430,-1,-1,-1
1135,2,1964.00,1345.00,83.00,105.00,7.6061,-1,-1,-1
1135,1,1719.00,1041.00,68.00,64.00,7.3199,-1,-1,-1
1136,2,1968.00,1350.00,84.00,103.00,7.6324,-1,-1,-1
1136,1,1723.00,1047.00,75.00,66.00,7.3366,-1,-1,-1
1137,2,1975.00,1352.00,84.00,109.00,7.6946,-1,-1,-1
1137,1,1729.00,1053.00,74.00,64.00,7.3530,-1,-1,-1
1138,2,1980.00,1357.00,86.00,110.00,7.7268,-1,-1,-1
1138,1,1744.00,1062.00,72.00,57.00,7.2980,-1,-1,-1
1139,2,1986.00,1365.00,91.00,112.00,7.7667,-1,-1,-1
1139,1,1741.00,1054.00,72.00,72.00,7.2980,-1,-1,-1
1140,2,1995.00,1371.00,88.00,109.00,7.7941,-1,-1,-1
1140,1,1755.00,1072.00,72.00,62.00,7.2987,-1,-1,-1
1141,2,2002.00,1375.00,86.00,111.00,7.8057,-1,-1,-1
1141,1,1756.00,1070.00,72.00,70.00,7.3454,-1,-1,-1
1142,2,2007.00,1380.00,85.00,109.00,7.8151,-1,-1,-1
1142,1,1761.00,1078.00,76.00,67.00,7.3479,-1,-1,-1
1143,2,2015.00,1388.00,90.00,113.00,7.8253,-1,-1,-1
1143,1,1767.00,1082.00,75.00,68.00,7.3509,-1,-1,-1
1144,2,2017.00,1390.00,92.00,116.00,7.8385,-1,-1,-1
1144,1,1777.00,1088.00,71.00,68.00,7.3708,-1,-1,-1
1145,2,2025.00,1399.00,89.00,111.00,7.8420,-1,-1,-1
1145,1,1775.00,1092.00,78.00,69.00,7.4149,-1,-1,-1
1146,2,2029.00,1399.00,89.00,118.00,7.8351,-1,-1,-1
1146,1,1782.00,1098.00,79.00,70.00,7.4007,-1,-1,-1
1147,2,2037.00,1413.00,87.00,109.00,7.8648,-1,-1,-1
1147,1,1787.00,1102.00,76.00,70.00,7.4033,-1,-1,-1
1148,2,2045.00,1420.00,84.00,107.00,7.8568,-1,-1,-1
1148,1,1792.00,1109.00,70.00,68.00,7.4266,-1,-1,-1
1149,2,2047.00,1420.00,85.00,109.00,7.8746,-1,-1,-1
1149,1,1792.00,1112.00,79.00,71.00,7.4309,-1,-1,-1
1150,2,2052.00,1424.00,90.00,114.00,7.8452,-1,-1,-1
1150,1,1797.00,1118.00,76.00,70.00,7.4762,-1,-1,-1
1151,2,2058.00,1434.00,85.00,107.00,7.8472,-1,-1,-1
1151,1,1800.00,1122.00,67.00,67.00,7.4818,-1,-1,-1
1152,2,2064.00,1439.00,85.00,110.00,7.8358,-1,-1,-1
1152,1,1802.00,1126.00,69.00,67.00,7.3941,-1,-1,-1
1153,2,2073.00,1448.00,83.00,105.00,7.8375,-1,-1,-1
1153,1,1808.00,1136.00,67.00,68.00,7.4193,-1,-1,-1
1154,2,2075.00,1447.00,85.00,109.00,7.8384,-1,-1,-1
1154,1,1816.00,1142.00,71.00,71.00,7.3959,-1,-1,-1
1155,2,2082.00,1455.00,84.00,114.00,7.8436,-1,-1,-1
1155,1,1817.00,1149.00,70.00,66.00,7.4019,-1,-1,-1
1156,2,2085.00,1460.00,84.00,112.00,7.8429,-1,-1,-1
1156,1,1817.00,1150.00,74.00,71.00,7.4232,-1,-1,-1
1157,2,2093.00,1464.00,79.00,110.00,7.8032,-1,-1,-1
1157,1,1826.00,1160.00,65.00,68.00,7.3918,-1,-1,-1
1158,2,2098.00,1470.00,83.00,110.00,7.8231,-1,-1,-1
1158,1,1828.00,1163.00,70.00,73.00,7.4339,-1,-1,-1
1159,2,2100.00,1470.00,84.00,112.00,7.8213,-1,-1,-1
1159,1,1836.00,1173.00,68.00,69.00,7.3513,-1,-1,-1
1160,2,2105.00,1477.00,87.00,113.00,7.8391,-1,-1,-1
1160,1,1837.00,1174.00,74.00,71.00,7.3152,-1,-1,-1
1161,2,2111.00,1485.00,88.00,108.00,7.8393,-1,-1,-1
1161,1,1837.00,1175.00,77.00,76.00,7.2857,-1,-1,-1
1162,2,2117.00,1487.00,87.00,112.00,7.8458,-1,-1,-1
1162,1,1852.00,1188.00,64.00,69.00,7.2983,-1,-1,-1
1163,2,2123.00,1492.00,85.00,113.00,7.8390,-1,-1,-1
1163,1,1848.00,1184.00,72.00,78.00,7.3422,-1,-1,-1
1164,2,2128.00,1496.00,84.00,109.00,7.8284,-1,-1,-1
1164,1,1848.00,1193.00,77.00,76.00,7.3152,-1,-1,-1
1165,2,2133.00,1499.00,83.00,112.00,7.8119,-1,-1,-1
1165,1,1854.00,1197.00,76.00,78.00,7.2919,-1,-1,-1
1166,2,2136.00,1504.00,89.00,110.00,7.8138,-1,-1,-1
1166,1,1857.00,1204.00,71.00,73.00,7.2739,-1,-1,-1
1167,2,2144.00,1507.00,86.00,113.00,7.7601,-1,-1,-1
1167,1,1859.00,1209.00,72.00,73.00,7.1868,-1,-1,-1
1168,2,2148.00,1510.00,85.00,114.00,7.7775,-1,-1,-1
1168,1,1864.00,1213.00,71.00,79.00,7.1396,-1,-1,-1
1169,2,2151.00,1513.00,85.00,114.00,7.7804,-1,-1,-1
1169,1,1866.00,1211.00,73.00,83.00,7.1041,-1,-1,-1
1170,2,2155.00,1515.00,88.00,118.00,7.7779,-1,-1,-1
1170,1,1866.00,1220.00,75.00,80.00,7.0526,-1,-1,-1
1171,2,2162.00,1518.00,84.00,120.00,7.7560,-1,-1,-1
1171,1,1872.00,1228.00,72.00,73.00,6.9647,-1,-1,-1
1172,2,2168.00,1521.00,86.00,121.00,7.7545,-1,-1,-1
1172,1,1874.00,1235.00,75.00,71.00,6.9990,-1,-1,-1
1173,2,2175.00,1530.00,84.00,116.00,7.7611,-1,-1,-1
1173,1,1878.00,1238.00,72.00,69.00,7.0037,-1,-1,-1
1174,2,2177.00,1531.00,87.00,119.00,7.7814,-1,-1,-1
1174,1,1877.00,1239.00,80.00,75.00,7.0252,-1,-1,-1
1175,2,2183.00,1535.00,86.00,121.00,7.7618,-1,-1,-1
1175,1,1884.00,1245.00,72.00,72.00,6.9368,-1,-1,-1
1176,2,2185.00,1537.00,91.00,124.00,7.7719,-1,-1,-1
1176,1,1881.00,1248.00,80.00,75.00,6.9945,-1,-1,-1
1177,2,2191.00,1539.00,92.00,126.00,7.7817,-1,-1,-1
1177,1,1884.00,1252.00,82.00,79.00,7.0399,-1,-1,-1
1178,2,2194.00,1539.00,93.00,126.00,7.7671,-1,-1,-1
1178,1,1889.00,1261.00,75.00,70.00,7.0813,-1,-1,-1
1179,2,2200.00,1544.00,95.00,127.00,7.7204,-1,-1,-1
1179,1,1891.00,1267.00,74.00,71.00,7.1139,-1,-1,-1
1180,2,2209.00,1553.00,92.00,118.00,7.6688,-1,-1,-1
1180,1,1894.00,1270.00,73.00,73.00,7.1180,-1,-1,-1
1181,2,2211.00,1553.00,94.00,123.00,7.6507,-1,-1,-1
1181,1,1896.00,1269.00,73.00,80.00,7.1143,-1,-1,-1
1182,2,2216.00,1559.00,91.00,119.00,7.6729,-1,-1,-1
1182,1,1895.00,1273.00,85.00,79.00,7.1281,-1,-1,-1
1183,2,2221.00,1565.00,91.00,115.00,7.6948,-1,-1,-1
1183,1,1899.00,1277.00,84.00,77.00,7.1541,-1,-1,-1
1184,2,2227.00,1564.00,90.00,121.00,7.6985,-1,-1,-1
1184,1,1909.00,1285.00,70.00,74.00,7.0082,-1,-1,-1
1185,2,2234.00,1569.00,89.00,120.00,7.6186,-1,-1,-1
1185,1,1912.00,1289.00,70.00,73.00,7.0571,-1,-1,-1
1186,2,2243.00,1576.00,86.00,117.00,7.5915,-1,-1,-1
1186,1,1911.00,1290.00,79.00,78.00,7.0607,-1,-1,-1
1187,2,2247.00,1580.00,85.00,114.00,7.6293,-1,-1,-1
1187,1,1917.00,1301.00,77.00,74.00,7.0827,-1,-1,-1
1188,2,2251.00,1582.00,90.00,119.00,7.6467,-1,-1,-1
1188,1,1919.00,1303.00,75.00,71.00,7.1278,-1,-1,-1
1189,2,2257.00,1587.00,94.00,118.00,7.6884,-1,-1,-1
1189,1,1923.00,1312.00,75.00,67.00,7.1247,-1,-1,-1
1190,2,2263.00,1592.00,93.00,114.00,7.7258,-1,-1,-1
1190,1,1926.00,1314.00,81.00,72.00,7.1678,-1,-1,-1
1191,2,2266.00,1590.00,91.00,118.00,7.7503,-1,-1,-1
1191,1,1932.00,1319.00,77.00,73.00,7.2093,-1,-1,-1
1192,2,2272.00,1593.00,97.00,122.00,7.7480,-1,-1,-1
1192,1,1935.00,1320.00,72.00,72.00,7.2064,-1,-1,-1
1193,2,2280.00,1599.00,95.00,119.00,7.6586,-1,-1,-1
1193,1,1932.00,1324.00,89.00,76.00,7.3051,-1,-1,-1
1194,2,2287.00,1602.00,92.00,118.00,7.6173,-1,-1,-1
1194,1,1937.00,1330.00,81.00,74.00,7.3235,-1,-1,-1
1195,2,2292.00,1605.00,93.00,123.00,7.6502,-1,-1,-1
1195,1,1945.00,1338.00,83.00,69.00,7.2958,-1,-1,-1
1196,2,2299.00,1608.00,92.00,125.00,7.6630,-1,-1,-1
1196,1,1951.00,1344.00,80.00,68.00,7.2867,-1,-1,-1
1197,2,2305.00,1613.00,93.00,123.00,7.6410,-1,-1,-1
1197,1,1954.00,1347.00,81.00,67.00,7.2340,-1,-1,-1
1198,2,2313.00,1619.00,94.00,121.00,7.6344,-1,-1,-1
1198,1,1956.00,1351.00,85.00,69.00,7.1336,-1,-1,-1
1199,2,2317.00,1620.00,95.00,125.00,7.6705,-1,-1,-1
1199,1,1963.00,1355.00,82.00,68.00,7.2106,-1,-1,-1
1200,2,2325.00,1626.00,95.00,122.00,7.6805,-1,-1,-1
1200,1,1964.00,1359.00,74.00,63.00,7.1784,-1,-1,-1
1201,2,2334.00,1638.00,91.00,115.00,7.6829,-1,-1,-1
1201,1,1971.00,1364.00,88.00,72.00,7.1600,-1,-1,-1
1202,2,2338.00,1638.00,95.00,119.00,7.7132,-1,-1,-1
1202,1,1981.00,1373.00,84.00,69.00,7.0820,-1,-1,-1
1203,2,2344.00,1637.00,96.00,124.00,7.7316,-1,-1,-1
1203,1,1981.00,1375.00,91.00,69.00,7.0993,-1,-1,-1
1204,2,2351.00,1639.00,96.00,124.00,7.7018,-1,-1,-1
1204,1,1987.00,1382.00,87.00,71.00,7.1595,-1,-1,-1
1205,2,2357.00,1645.00,97.00,123.00,7.7093,-1,-1,-1
1205,1,1993.00,1384.00,84.00,70.00,7.0318,-1,-1,-1
1206,2,2362.00,1646.00,98.00,130.00,7.7576,-1,-1,-1
1206,1,1998.00,1392.00,89.00,68.00,6.9498,-1,-1,-1
1207,2,2372.00,1647.00,97.00,130.00,7.7567,-1,-1,-1
1207,1,2004.00,1396.00,86.00,69.00,6.9260,-1,-1,-1
1208,2,2381.00,1654.00,95.00,125.00,7.7903,-1,-1,-1
1208,1,2009.00,1400.00,84.00,67.00,6.8411,-1,-1,-1
1209,2,2384.00,1658.00,97.00,123.00,7.8188,-1,-1,-1
1209,1,2013.00,1407.00,96.00,70.00,6.8049,-1,-1,-1
1210,2,2390.00,1656.00,98.00,131.00,7.8135,-1,-1,-1
1210,1,2019.00,1413.00,90.00,67.00,6.7280,-1,-1,-1
1211,2,2400.00,1662.00,99.00,128.00,7.7062,-1,-1,-1
1211,1,2027.00,1418.00,82.00,65.00,6.7080,-1,-1,-1
1212,2,2406.00,1668.00,99.00,127.00,7.7136,-1,-1,-1
1212,1,2036.00,1427.00,80.00,65.00,6.6560,-1,-1,-1
1213,2,2411.00,1670.00,101.00,132.00,7.7518,-1,-1,-1
1213,1,2032.00,1426.00,87.00,65.00,6.6337,-1,-1,-1
1214,2,2424.00,1678.00,98.00,127.00,7.7577,-1,-1,-1
1214,1,2040.00,1431.00,91.00,69.00,6.5794,-1,-1,-1
1215,2,2431.00,1685.00,98.00,123.00,7.7753,-1,-1,-1
1215,1,2047.00,1435.00,91.00,71.00,6.7156,-1,-1,-1
1216,2,2435.00,1683.00,100.00,130.00,7.7645,-1,-1,-1
1216,1,2048.00,1435.00,93.00,74.00,6.7977,-1,-1,-1
1217,2,2445.00,1691.00,100.00,127.00,7.7262,-1,-1,-1
1217,1,2055.00,1443.00,96.00,75.00,6.6553,-1,-1,-1
1218,2,2451.00,1696.00,99.00,125.00,7.7089,-1,-1,-1
1218,1,2060.00,1445.00,97.00,77.00,6.6923,-1,-1,-1
1219,2,2459.00,1696.00,99.00,130.00,7.7336,-1,-1,-1
1219,1,2065.00,1450.00,98.00,78.00,6.7420,-1,-1,-1
1220,2,2469.00,1704.00,100.00,128.00,7.7383,-1,-1,-1
1220,1,2071.00,1453.00,99.00,80.00,6.8262,-1,-1,-1
1221,2,2477.00,1709.00,99.00,122.00,7.7472,-1,-1,-1
1221,1,2076.00,1458.00,98.00,78.00,6.8795,-1,-1,-1
1222,2,2485.00,1712.00,100.00,124.00,7.7490,-1,-1,-1
1222,1,2082.00,1460.00,99.00,79.00,6.9594,-1,-1,-1
1223,2,2491.00,1712.00,102.00,127.00,7.6802,-1,-1,-1
1223,1,2089.00,1466.00,97.00,79.00,7.0199,-1,-1,-1
1224,2,2499.00,1715.00,102.00,128.00,7.6762,-1,-1,-1
1224,1,2093.00,1467.00,104.00,81.00,7.1132,-1,-1,-1
1225,2,2506.00,1723.00,102.00,124.00,7.7121,-1,-1,-1
1225,1,2101.00,1477.00,94.00,73.00,7.1968,-1,-1,-1
1226,2,2517.00,1723.00,102.00,130.00,7.7270,-1,-1,-1
1226,1,2108.00,1477.00,100.00,76.00,7.2844,-1,-1,-1
1227,2,2526.00,1730.00,100.00,123.00,7.7292,-1,-1,-1
1227,1,2114.00,1482.00,102.00,78.00,7.3520,-1,-1,-1
1228,2,2532.00,1732.00,102.00,125.00,7.7235,-1,-1,-1
1228,1,2123.00,1487.00,98.00,74.00,7.3146,-1,-1,-1
1229,2,2538.00,1732.00,104.00,129.00,7.6822,-1,-1,-1
1229,1,2128.00,1490.00,103.00,80.00,7.3440,-1,-1,-1
1230,2,2547.00,1738.00,105.00,126.00,7.6515,-1,-1,-1
1230,1,2134.00,1494.00,104.00,81.00,7.4124,-1,-1,-1
1231,2,2556.00,1741.00,105.00,128.00,7.6676,-1,-1,-1
1231,1,2142.00,1500.00,100.00,78.00,7.4663,-1,-1,-1
1232,2,2565.00,1741.00,105.00,134.00,7.6674,-1,-1,-1
1232,1,2144.00,1503.00,107.00,80.00,7.5528,-1,-1,-1
1233,2,2571.00,1746.00,106.00,130.00,7.6845,-1,-1,-1
1233,1,2151.00,1504.00,104.00,83.00,7.6135,-1,-1,-1
1234,2,2580.00,1746.00,104.00,134.00,7.7163,-1,-1,-1
1234,1,2161.00,1512.00,100.00,77.00,7.5981,-1,-1,-1
1235,2,2591.00,1752.00,104.00,130.00,7.7227,-1,-1,-1
1235,1,2166.00,1516.00,103.00,78.00,7.6144,-1,-1,-1
1236,2,2596.00,1754.00,110.00,132.00,7.7246,-1,-1,-1
1236,1,2171.00,1519.00,106.00,79.00,7.6126,-1,-1,-1
1237,2,2606.00,1753.00,105.00,134.00,7.7203,-1,-1,-1
1237,1,2178.00,1520.00,106.00,81.00,7.5794,-1,-1,-1
1238,2,2613.00,1757.00,106.00,136.00,7.6349,-1,-1,-1
1238,1,2186.00,1524.00,107.00,84.00,7.6076,-1,-1,-1
1239,2,2620.00,1762.00,110.00,135.00,7.6807,-1,-1,-1
1239,1,2194.00,1530.00,103.00,80.00,7.5730,-1,-1,-1
1240,2,2631.00,1763.00,107.00,136.00,7.6867,-1,-1,-1
1240,1,2203.00,1537.00,103.00,78.00,7.5552,-1,-1,-1
1241,2,2640.00,1766.00,106.00,137.00,7.6928,-1,-1,-1
1241,1,2210.00,1539.00,105.00,80.00,7.5227,-1,-1,-1
1242,2,2648.00,1771.00,107.00,136.00,7.7145,-1,-1,-1
1242,1,2219.00,1546.00,99.00,71.00,7.4949,-1,-1,-1
1243,2,2656.00,1770.00,108.00,141.00,7.7197,-1,-1,-1
1243,1,2222.00,1545.00,106.00,81.00,7.5136,-1,-1,-1
1244,2,2665.00,1781.00,108.00,136.00,7.6837,-1,-1,-1
1244,1,2235.00,1549.00,103.00,80.00,7.4387,-1,-1,-1
1245,2,2675.00,1782.00,109.00,140.00,7.6983,-1,-1,-1
1245,1,2242.00,1554.00,104.00,81.00,7.3982,-1,-1,-1
1246,2,2683.00,1787.00,109.00,138.00,7.6995,-1,-1,-1
1246,1,2249.00,1562.00,106.00,77.00,7.4530,-1,-1,-1
1247,2,2691.00,1792.00,112.00,139.00,7.7104,-1,-1,-1
1247,1,2255.00,1567.00,109.00,74.00,7.5061,-1,-1,-1
1248,2,2700.00,1793.00,112.00,143.00,7.7181,-1,-1,-1
1248,1,2268.00,1572.00,103.00,75.00,7.4753,-1,-1,-1
1249,2,2709.00,1804.00,113.00,138.00,7.6711,-1,-1,-1
1249,1,2272.00,1570.00,109.00,84.00,7.4802,-1,-1,-1
1250,2,2719.00,1805.00,112.00,145.00,7.7126,-1,-1,-1
1250,1,2285.00,1580.00,104.00,79.00,7.3975,-1,-1,-1
1251,2,2727.00,1807.00,115.00,146.00,7.7194,-1,-1,-1
1251,1,2291.00,1584.00,108.00,80.00,7.3989,-1,-1,-1
1252,2,2737.00,1817.00,115.00,145.00,7.7223,-1,-1,-1
1252,1,2297.00,1589.00,110.00,81.00,7.3594,-1,-1,-1
1253,2,2748.00,1822.00,113.00,144.00,7.6963,-1,-1,-1
1253,1,2307.00,1595.00,105.00,75.00,7.3647,-1,-1,-1
1254,2,2756.00,1829.00,114.00,143.00,7.6643,-1,-1,-1
1254,1,2315.00,1597.00,109.00,81.00,7.4591,-1,-1,-1
1255,2,2766.00,1836.00,114.00,144.00,7.6623,-1,-1,-1
1255,1,2320.00,1602.00,112.00,81.00,7.4874,-1,-1,-1
1256,2,2776.00,1837.00,113.00,145.00,7.6546,-1,-1,-1
1256,1,2332.00,1611.00,109.00,77.00,7.4808,-1,-1,-1
1257,2,2783.00,1845.00,116.00,143.00,7.6321,-1,-1,-1
1257,1,2339.00,1610.00,110.00,82.00,7.5698,-1,-1,-1
1258,2,2793.00,1849.00,116.00,146.00,7.6032,-1,-1,-1
1258,1,2346.00,1614.00,110.00,82.00,7.5454,-1,-1,-1
1259,2,2803.00,1854.00,113.00,147.00,7.6245,-1,-1,-1
1259,1,2357.00,1625.00,101.00,70.00,7.5501,-1,-1,-1
1260,2,2809.00,1860.00,116.00,148.00,7.6418,-1,-1,-1
1260,1,2364.00,1622.00,110.00,79.00,7.6179,-1,-1,-1
1261,1,2370.00,1628.00,110.00,77.00,7.6344,-1,-1,-1
1261,2,2820.00,1863.00,116.00,148.00,7.6222,-1,-1,-1
1262,1,2378.00,1631.00,113.00,79.00,7.5735,-1,-1,-1
1262,2,2830.00,1876.00,113.00,141.00,7.5597,-1,-1,-1
1263,1,2387.00,1635.00,113.00,79.00,7.6311,-1,-1,-1
1263,2,2836.00,1878.00,115.00,143.00,7.5896,-1,-1,-1
1264,1,2394.00,1639.00,109.00,77.00,7.6335,-1,-1,-1
1264,2,2847.00,1882.00,113.00,143.00,7.5929,-1,-1,-1
1265,2,2855.00,1886.00,113.00,144.00,7.6151,-1,-1,-1
1265,1,2402.00,1643.00,105.00,74.00,7.6128,-1,-1,-1
1266,1,2409.00,1645.00,111.00,79.00,7.6531,-1,-1,-1
1266,2,2862.00,1891.00,115.00,144.00,7.6506,-1,-1,-1
1267,1,2417.00,1648.00,108.00,79.00,7.6368,-1,-1,-1
1267,2,2868.00,1889.00,117.00,148.00,7.6333,-1,-1,-1
1268,2,2879.00,1898.00,111.00,143.00,7.6165,-1,-1,-1
1268,1,2425.00,1654.00,108.00,77.00,7.5704,-1,-1,-1
1269,2,2884.00,1899.00,114.00,150.00,7.6670,-1,-1,-1
1269,1,2429.00,1656.00,114.00,81.00,7.5834,-1,-1,-1
1270,2,2892.00,1902.00,116.00,150.00,7.6887,-1,-1,-1
1270,1,2438.00,1656.00,111.00,84.00,7.6252,-1,-1,-1
1271,2,2902.00,1910.00,114.00,146.00,7.7164,-1,-1,-1
1271,1,2444.00,1660.00,111.00,83.00,7.6793,-1,-1,-1
1272,2,2908.00,1914.00,113.00,149.00,7.7249,-1,-1,-1
1272,1,2452.00,1665.00,110.00,80.00,7.6777,-1,-1,-1
1273,1,2455.00,1668.00,115.00,81.00,7.7093,-1,-1,-1
1273,2,2913.00,1914.00,117.00,154.00,7.6898,-1,-1,-1
1274,1,2461.00,1669.00,112.00,80.00,7.7527,-1,-1,-1
1274,2,2920.00,1916.00,116.00,157.00,7.6593,-1,-1,-1
1275,1,2467.00,1674.00,113.00,80.00,7.7574,-1,-1,-1
1275,2,2927.00,1924.00,114.00,152.00,7.6784,-1,-1,-1
1276,2,2933.00,1923.00,115.00,158.00,7.7100,-1,-1,-1
1276,1,2473.00,1674.00,117.00,86.00,7.7065,-1,-1,-1
1277,1,2480.00,1677.00,113.00,83.00,7.7589,-1,-1,-1
1277,2,2940.00,1928.00,113.00,155.00,7.7141,-1,-1,-1
1278,1,2486.00,1681.00,111.00,80.00,7.8135,-1,-1,-1
1278,2,2945.00,1934.00,114.00,149.00,7.7140,-1,-1,-1
1279,1,2491.00,1684.00,111.00,79.00,7.8389,-1,-1,-1
1279,2,2952.00,1935.00,113.00,155.00,7.6994,-1,-1,-1
1279,8,2120.00,949.00,52.00,61.00,1.7579,-1,-1,-1
1280,1,2498.00,1688.00,111.00,76.00,7.8125,-1,-1,-1
1280,2,2959.00,1944.00,111.00,154.00,7.7372,-1,-1,-1
1280,8,2122.00,945.00,52.00,61.00,0.9942,-1,-1,-1
1281,1,2501.00,1691.00,112.00,75.00,7.7819,-1,-1,-1
1281,2,2964.00,1942.00,111.00,156.00,7.7248,-1,-1,-1
1281,8,2125.00,941.00,52.00,61.00,0.3451,-1,-1,-1
1282,1,2505.00,1691.00,114.00,78.00,7.7967,-1,-1,-1
1282,2,2968.00,1943.00,113.00,157.00,7.7073,-1,-1,-1
1283,1,2507.00,1692.00,118.00,80.00,7.8044,-1,-1,-1
1283,2,2972.00,1949.00,114.00,154.00,7.7309,-1,-1,-1
1284,2,2975.00,1948.00,116.00,162.00,7.7643,-1,-1,-1
1284,1,2511.00,1694.00,118.00,81.00,7.7639,-1,-1,-1
1285,2,2981.00,1948.00,115.00,165.00,7.8030,-1,-1,-1
1285,1,2518.00,1694.00,114.00,81.00,7.7832,-1,-1,-1
1286,2,2985.00,1951.00,116.00,161.00,7.8184,-1,-1,-1
1286,1,2524.00,1698.00,110.00,75.00,7.7864,-1,-1,-1
1287,1,2525.00,1697.00,116.00,79.00,7.8092,-1,-1,-1
1287,2,2987.00,1951.00,118.00,163.00,7.7984,-1,-1,-1
1288,1,2529.00,1698.00,116.00,79.00,7.8077,-1,-1,-1
1288,2,2993.00,1955.00,118.00,158.00,7.7878,-1,-1,-1
1289,1,2533.00,1698.00,117.00,81.00,7.8157,-1,-1,-1
1289,2,2997.00,1958.00,118.00,156.00,7.7574,-1,-1,-1
1290,1,2537.00,1699.00,117.00,82.00,7.8263,-1,-1,-1
1290,2,3000.00,1959.00,117.00,160.00,7.7325,-1,-1,-1
1291,1,2542.00,1699.00,116.00,83.00,7.7687,-1,-1,-1
1291,2,3007.00,1968.00,114.00,153.00,7.7417,-1,-1,-1
1292,2,3009.00,1965.00,115.00,157.00,7.7479,-1,-1,-1
1292,1,2545.00,1700.00,116.00,84.00,7.7332,-1,-1,-1
1293,2,3012.00,1966.00,115.00,157.00,7.7260,-1,-1,-1
1293,1,2547.00,1700.00,113.00,83.00,7.6856,-1,-1,-1
1294,2,3012.00,1963.00,117.00,160.00,7.7105,-1,-1,-1
1294,1,2548.00,1699.00,117.00,85.00,7.6592,-1,-1,-1
1295,2,3016.00,1965.00,116.00,160.00,7.6975,-1,-1,-1
1295,1,2549.00,1696.00,115.00,87.00,7.6692,-1,-1,-1
1296,2,3017.00,1967.00,117.00,160.00,7.6972,-1,-1,-1
1296,1,2552.00,1697.00,116.00,87.00,7.6637,-1,-1,-1
1297,2,3019.00,1967.00,117.00,161.00,7.7051,-1,-1,-1
1297,1,2554.00,1697.00,115.00,87.00,7.6846,-1,-1,-1
1298,2,3020.00,1966.00,116.00,162.00,7.7240,-1,-1,-1
1298,1,2557.00,1699.00,114.00,84.00,7.7030,-1,-1,-1
1299,2,3022.00,1967.00,115.00,161.00,7.7505,-1,-1,-1
1299,1,2558.00,1698.00,114.00,84.00,7.7289,-1,-1,-1
1300,2,3022.00,1967.00,115.00,160.00,7.7763,-1,-1,-1
1300,1,2561.00,1699.00,112.00,83.00,7.7436,-1,-1,-1
1301,2,3023.00,1966.00,114.00,162.00,7.8016,-1,-1,-1
1301,1,2562.00,1698.00,113.00,81.00,7.7566,-1,-1,-1
1302,2,3024.00,1967.00,112.00,160.00,7.8226,-1,-1,-1
1302,1,2565.00,1700.00,110.00,78.00,7.7509,-1,-1,-1
1303,2,3024.00,1967.00,114.00,163.00,7.8375,-1,-1,-1
1303,1,2566.00,1699.00,112.00,81.00,7.7300,-1,-1,-1
1304,2,3024.00,1965.00,114.00,165.00,7.8476,-1,-1,-1
1304,1,2567.00,1698.00,114.00,81.00,7.6511,-1,-1,-1
1305,2,3025.00,1964.00,113.00,167.00,7.8602,-1,-1,-1
1305,1,2568.00,1699.00,111.00,78.00,7.5731,-1,-1,-1
1306,2,3027.00,1967.00,111.00,163.00,7.8755,-1,-1,-1
1306,1,2568.00,1692.00,112.00,84.00,7.5328,-1,-1,-1
1307,2,3027.00,1967.00,111.00,163.00,7.8907,-1,-1,-1
1307,1,2572.00,1695.00,105.00,78.00,7.5446,-1,-1,-1
1308,2,3029.00,1970.00,109.00,161.00,7.9031,-1,-1,-1
1308,1,2572.00,1693.00,107.00,79.00,7.5812,-1,-1,-1
1309,2,3029.00,1969.00,110.00,164.00,7.9115,-1,-1,-1
1309,1,2571.00,1693.00,112.00,79.00,7.6311,-1,-1,-1
1310,2,3029.00,1971.00,110.00,162.00,7.9202,-1,-1,-1
1310,1,2572.00,1693.00,111.00,76.00,7.6476,-1,-1,-1
1311,2,3029.00,1972.00,110.00,162.00,7.9308,-1,-1,-1
1311,1,2571.00,1693.00,116.00,76.00,7.6569,-1,-1,-1
1312,2,3029.00,1972.00,110.00,159.00,7.9309,-1,-1,-1
1312,1,2570.00,1694.00,115.00,73.00,7.6468,-1,-1,-1
1313,2,3034.00,1968.00,104.00,153.00,7.9400,-1,-1,-1
1313,1,2568.00,1687.00,116.00,78.00,7.6555,-1,-1,-1
1314,2,3031.00,1957.00,108.00,156.00,7.9231,-1,-1,-1
1314,1,2566.00,1680.00,116.00,80.00,7.6523,-1,-1,-1
1315,2,3028.00,1944.00,109.00,154.00,7.9022,-1,-1,-1
1315,1,2562.00,1670.00,116.00,82.00,7.6658,-1,-1,-1
1316,2,3027.00,1931.00,110.00,155.00,7.8676,-1,-1,-1
1316,1,2558.00,1664.00,116.00,79.00,7.5894,-1,-1,-1
1317,2,3027.00,1921.00,110.00,152.00,7.8668,-1,-1,-1
1317,1,2559.00,1655.00,110.00,80.00,7.6106,-1,-1,-1
1318,2,3026.00,1906.00,110.00,153.00,7.8419,-1,-1,-1
1318,1,2552.00,1649.00,112.00,74.00,7.6829,-1,-1,-1
1319,2,3022.00,1889.00,114.00,151.00,7.7940,-1,-1,-1
1319,1,2549.00,1641.00,118.00,75.00,7.6885,-1,-1,-1
1320,2,3021.00,1877.00,110.00,148.00,7.7595,-1,-1,-1
1320,1,2544.00,1630.00,117.00,74.00,7.6060,-1,-1,-1
1321,2,3020.00,1857.00,112.00,152.00,7.7536,-1,-1,-1
1321,1,2541.00,1619.00,118.00,76.00,7.5762,-1,-1,-1
1322,1,2538.00,1611.00,117.00,74.00,7.6267,-1,-1,-1
1322,2,3016.00,1840.00,113.00,154.00,7.6053,-1,-1,-1
1323,1,2529.00,1601.00,120.00,71.00,7.6715,-1,-1,-1
1323,2,3016.00,1830.00,109.00,151.00,7.6034,-1,-1,-1
1324,1,2526.00,1593.00,122.00,69.00,7.6676,-1,-1,-1
1324,2,3010.00,1814.00,113.00,153.00,7.6201,-1,-1,-1
1325,2,3008.00,1805.00,110.00,149.00,7.6706,-1,-1,-1
1325,1,2526.00,1585.00,120.00,71.00,7.6379,-1,-1,-1
1326,1,2526.00,1580.00,114.00,68.00,7.6537,-1,-1,-1
1326,2,3006.00,1796.00,112.00,147.00,7.6534,-1,-1,-1
1327,2,3005.00,1788.00,112.00,150.00,7.6544,-1,-1,-1
1327,1,2522.00,1577.00,115.00,65.00,7.6154,-1,-1,-1
1328,2,3004.00,1783.00,110.00,145.00,7.6725,-1,-1,-1
1328,1,2521.00,1571.00,116.00,66.00,7.6042,-1,-1,-1
1329,2,3004.00,1778.00,108.00,142.00,7.6265,-1,-1,-1
1329,1,2520.00,1568.00,118.00,66.00,7.6130,-1,-1,-1
1330,2,2999.00,1763.00,116.00,152.00,7.6283,-1,-1,-1
1330,1,2517.00,1564.00,119.00,65.00,7.6170,-1,-1,-1
1331,2,3000.00,1763.00,112.00,145.00,7.6368,-1,-1,-1
1331,1,2518.00,1563.00,115.00,58.00,7.6050,-1,-1,-1
1332,1,2516.00,1557.00,118.00,63.00,7.6630,-1,-1,-1
1332,2,2999.00,1758.00,109.00,139.00,7.5844,-1,-1,-1
1333,1,2513.00,1550.00,121.00,66.00,7.6833,-1,-1,-1
1333,2,2997.00,1749.00,111.00,141.00,7.5431,-1,-1,-1
1334,1,2512.00,1545.00,120.00,68.00,7.7239,-1,-1,-1
1334,2,2999.00,1743.00,109.00,143.00,7.5487,-1,-1,-1
1335,1,2513.00,1541.00,118.00,68.00,7.6754,-1,-1,-1
1335,2,2994.00,1733.00,111.00,146.00,7.5508,-1,-1,-1
1336,1,2511.00,1540.00,112.00,58.00,7.6440,-1,-1,-1
1336,2,2987.00,1720.00,116.00,154.00,7.4455,-1,-1,-1
1337,1,2505.00,1534.00,119.00,63.00,7.6655,-1,-1,-1
1337,2,2990.00,1714.00,110.00,149.00,7.4878,-1,-1,-1
1338,1,2505.00,1530.00,117.00,61.00,7.6516,-1,-1,-1
1338,2,2986.00,1706.00,113.00,149.00,7.5278,-1,-1,-1
1339,1,2502.00,1524.00,117.00,63.00,7.7071,-1,-1,-1
1339,2,2985.00,1698.00,115.00,152.00,7.5587,-1,-1,-1
1340,1,2502.00,1521.00,115.00,61.00,7.6888,-1,-1,-1
1340,2,2985.00,1696.00,111.00,146.00,7.5898,-1,-1,-1
1341,1,2501.00,1516.00,113.00,58.00,7.6969,-1,-1,-1
1341,2,2981.00,1688.00,112.00,144.00,7.6270,-1,-1,-1
1342,1,2499.00,1509.00,115.00,65.00,7.7323,-1,-1,-1
1342,2,2979.00,1683.00,111.00,142.00,7.6441,-1,-1,-1
1343,1,2495.00,1505.00,115.00,62.00,7.7107,-1,-1,-1
1343,2,2975.00,1669.00,115.00,151.00,7.6842,-1,-1,-1
1344,1,2493.00,1500.00,115.00,64.00,7.7126,-1,-1,-1
1344,2,2975.00,1667.00,111.00,142.00,7.7001,-1,-1,-1
1345,1,2490.00,1496.00,116.00,58.00,7.6737,-1,-1,-1
1345,2,2966.00,1653.00,120.00,143.00,7.6284,-1,-1,-1
1346,1,2486.00,1489.00,118.00,61.00,7.6706,-1,-1,-1
1346,2,2965.00,1639.00,120.00,149.00,7.6461,-1,-1,-1
1347,1,2480.00,1480.00,121.00,60.00,7.6211,-1,-1,-1
1347,2,2960.00,1626.00,118.00,148.00,7.5629,-1,-1,-1
1348,2,2959.00,1617.00,114.00,144.00,7.5718,-1,-1,-1
1348,1,2477.00,1472.00,116.00,58.00,7.5608,-1,-1,-1
1349,1,2469.00,1464.00,118.00,57.00,7.5655,-1,-1,-1
1349,2,2951.00,1603.00,119.00,142.00,7.5592,-1,-1,-1
1350,2,2947.00,1591.00,120.00,143.00,7.5387,-1,-1,-1
1350,1,2462.00,1454.00,120.00,56.00,7.4924,-1,-1,-1
1351,2,2944.00,1579.00,120.00,140.00,7.4997,-1,-1,-1
1351,1,2459.00,1447.00,116.00,54.00,7.4632,-1,-1,-1
1352,1,2453.00,1438.00,116.00,55.00,7.5130,-1,-1,-1
1352,2,2935.00,1562.00,120.00,138.00,7.4135,-1,-1,-1
1353,1,2448.00,1428.00,114.00,55.00,7.4793,-1,-1,-1
1353,2,2931.00,1550.00,120.00,141.00,7.3965,-1,-1,-1
1354,1,2438.00,1418.00,125.00,61.00,7.5419,-1,-1,-1
1354,2,2923.00,1536.00,125.00,141.00,7.3699,-1,-1,-1
1355,1,2438.00,1415.00,109.00,52.00,7.4640,-1,-1,-1
1355,2,2925.00,1529.00,118.00,135.00,7.3522,-1,-1,-1
1356,1,2431.00,1404.00,114.00,54.00,7.5053,-1,-1,-1
1356,2,2913.00,1508.00,125.00,140.00,7.3055,-1,-1,-1
1357,1,2421.00,1395.00,118.00,57.00,7.5393,-1,-1,-1
1357,2,2910.00,1504.00,120.00,133.00,7.3042,-1,-1,-1
1358,1,2417.00,1389.00,114.00,53.00,7.4530,-1,-1,-1
1358,2,2908.00,1495.00,117.00,126.00,7.3122,-1,-1,-1
1359,1,2410.00,1381.00,113.00,52.00,7.4824,-1,-1,-1
1359,2,2896.00,1476.00,124.00,134.00,7.2998,-1,-1,-1
1360,1,2400.00,1370.00,122.00,58.00,7.5421,-1,-1,-1
1360,2,2889.00,1464.00,125.00,132.00,7.2436,-1,-1,-1
1361,1,2394.00,1364.00,118.00,54.00,7.5704,-1,-1,-1
1361,2,2884.00,1455.00,124.00,129.00,7.2285,-1,-1,-1
1362,1,2388.00,1357.00,114.00,53.00,7.5440,-1,-1,-1
1362,2,2880.00,1440.00,122.00,132.00,7.1262,-1,-1,-1
1363,1,2380.00,1348.00,121.00,57.00,7.6043,-1,-1,-1
1363,2,2874.00,1429.00,121.00,130.00,7.0799,-1,-1,-1
1364,1,2374.00,1343.00,117.00,55.00,7.5984,-1,-1,-1
1364,2,2867.00,1418.00,122.00,127.00,7.0658,-1,-1,-1
1365,1,2369.00,1335.00,113.00,54.00,7.5883,-1,-1,-1
1365,2,2860.00,1412.00,122.00,122.00,7.0789,-1,-1,-1
1366,1,2364.00,1331.00,111.00,51.00,7.5986,-1,-1,-1
1366,2,2858.00,1396.00,118.00,124.00,7.1129,-1,-1,-1
1367,1,2354.00,1321.00,119.00,57.00,7.6621,-1,-1,-1
1367,2,2853.00,1388.00,118.00,125.00,7.0548,-1,-1,-1
1368,1,2351.00,1318.00,112.00,53.00,7.6474,-1,-1,-1
1368,2,2846.00,1376.00,119.00,123.00,7.0054,-1,-1,-1
1369,1,2347.00,1310.00,111.00,56.00,7.6410,-1,-1,-1
1369,2,2841.00,1371.00,116.00,119.00,7.0032,-1,-1,-1
1370,1,2340.00,1308.00,111.00,50.00,7.6549,-1,-1,-1
1370,2,2835.00,1360.00,119.00,119.00,7.0257,-1,-1,-1
1371,1,2333.00,1298.00,116.00,58.00,7.7064,-1,-1,-1
1371,2,2826.00,1347.00,121.00,124.00,7.0878,-1,-1,-1
1372,1,2330.00,1296.00,109.00,52.00,7.7004,-1,-1,-1
1372,2,2816.00,1342.00,125.00,120.00,7.0708,-1,-1,-1
1373,1,2323.00,1287.00,110.00,57.00,7.6528,-1,-1,-1
1373,2,2815.00,1333.00,119.00,115.00,7.1049,-1,-1,-1
1374,1,2317.00,1284.00,109.00,52.00,7.6664,-1,-1,-1
1374,2,2804.00,1322.00,124.00,119.00,7.0925,-1,-1,-1
1375,1,2312.00,1278.00,113.00,54.00,7.6769,-1,-1,-1
1375,2,2800.00,1315.00,126.00,114.00,7.0634,-1,-1,-1
1376,1,2301.00,1272.00,112.00,54.00,7.6621,-1,-1,-1
1376,2,2793.00,1306.00,124.00,116.00,7.0842,-1,-1,-1
1377,1,2296.00,1265.00,114.00,56.00,7.5297,-1,-1,-1
1377,2,2785.00,1298.00,126.00,114.00,7.1113,-1,-1,-1
1378,1,2291.00,1262.00,114.00,52.00,7.5272,-1,-1,-1
1378,2,2783.00,1290.00,124.00,114.00,7.1582,-1,-1,-1
1379,1,2291.00,1259.00,106.00,49.00,7.5042,-1,-1,-1
1379,2,2772.00,1275.00,128.00,121.00,7.2168,-1,-1,-1
1380,1,2284.00,1255.00,107.00,50.00,7.4415,-1,-1,-1
1380,2,2764.00,1269.00,129.00,118.00,7.2172,-1,-1,-1
1381,1,2278.00,1252.00,107.00,47.00,7.4435,-1,-1,-1
1381,2,2763.00,1264.00,124.00,114.00,7.2345,-1,-1,-1
1382,1,2274.00,1244.00,109.00,51.00,7.3141,-1,-1,-1
1382,2,2753.00,1252.00,128.00,118.00,7.2381,-1,-1,-1
1383,1,2268.00,1239.00,111.00,52.00,7.3307,-1,-1,-1
1383,2,2744.00,1245.00,133.00,118.00,7.1774,-1,-1,-1
1384,1,2262.00,1234.00,109.00,51.00,7.3685,-1,-1,-1
1384,2,2741.00,1238.00,130.00,114.00,7.1167,-1,-1,-1
1385,1,2252.00,1229.00,117.00,56.00,7.3706,-1,-1,-1
1385,2,2734.00,1229.00,130.00,117.00,7.1310,-1,-1,-1
1386,1,2253.00,1227.00,99.00,51.00,7.3713,-1,-1,-1
1386,2,2723.00,1220.00,135.00,117.00,7.1482,-1,-1,-1
1387,1,2243.00,1217.00,112.00,57.00,7.4262,-1,-1,-1
1387,2,2723.00,1216.00,131.00,112.00,7.1558,-1,-1,-1
1388,1,2236.00,1212.00,114.00,57.00,7.4540,-1,-1,-1
1388,2,2716.00,1209.00,130.00,111.00,7.1843,-1,-1,-1
1389,1,2232.00,1213.00,103.00,49.00,7.4435,-1,-1,-1
1389,2,2704.00,1198.00,136.00,115.00,7.1819,-1,-1,-1
1390,1,2224.00,1207.00,106.00,54.00,7.4557,-1,-1,-1
1390,2,2697.00,1186.00,139.00,120.00,7.1539,-1,-1,-1
1391,1,2217.00,1201.00,110.00,57.00,7.5345,-1,-1,-1
1391,2,2696.00,1187.00,133.00,107.00,7.0736,-1,-1,-1
1392,1,2214.00,1197.00,104.00,55.00,7.5134,-1,-1,-1
1392,2,2687.00,1178.00,136.00,109.00,7.0550,-1,-1,-1
1393,1,2204.00,1191.00,110.00,58.00,7.5428,-1,-1,-1
1393,2,2684.00,1173.00,133.00,106.00,6.9924,-1,-1,-1
1394,1,2196.00,1187.00,113.00,56.00,7.5693,-1,-1,-1
1394,2,2677.00,1162.00,132.00,106.00,6.9311,-1,-1,-1
1395,1,2190.00,1184.00,114.00,56.00,7.6282,-1,-1,-1
1395,2,2669.00,1153.00,137.00,106.00,6.9293,-1,-1,-1
1396,1,2185.00,1178.00,110.00,60.00,7.6226,-1,-1,-1
1396,2,2663.00,1147.00,134.00,106.00,6.9060,-1,-1,-1
1397,1,2176.00,1174.00,111.00,60.00,7.5855,-1,-1,-1
1397,2,2657.00,1141.00,130.00,103.00,6.7052,-1,-1,-1
1398,1,2170.00,1168.00,113.00,61.00,7.6129,-1,-1,-1
1398,2,2658.00,1140.00,123.00,96.00,6.5951,-1,-1,-1
1399,1,2167.00,1168.00,105.00,58.00,7.6192,-1,-1,-1
1399,2,2646.00,1135.00,128.00,94.00,6.6266,-1,-1,-1
1400,1,2158.00,1166.00,107.00,56.00,7.6458,-1,-1,-1
1400,2,2650.00,1134.00,113.00,87.00,6.4721,-1,-1,-1
1401,1,2149.00,1162.00,109.00,55.00,7.6543,-1,-1,-1
1401,2,2631.00,1116.00,125.00,98.00,6.4278,-1,-1,-1
1402,1,2144.00,1157.00,110.00,57.00,7.7067,-1,-1,-1
1402,2,2622.00,1108.00,127.00,100.00,6.4999,-1,-1,-1
1403,1,2144.00,1155.00,100.00,55.00,7.7005,-1,-1,-1
1403,2,2627.00,1111.00,118.00,93.00,6.4793,-1,-1,-1
1404,1,2139.00,1152.00,105.00,58.00,7.6741,-1,-1,-1
1404,2,2621.00,1108.00,118.00,93.00,6.4561,-1,-1,-1
1405,1,2136.00,1150.00,105.00,56.00,7.6084,-1,-1,-1
1405,2,2618.00,1105.00,119.00,91.00,6.4106,-1,-1,-1
1406,1,2137.00,1150.00,99.00,54.00,7.4804,-1,-1,-1
1406,2,2607.00,1100.00,127.00,93.00,6.4083,-1,-1,-1
1407,1,2129.00,1143.00,108.00,60.00,7.4624,-1,-1,-1
1407,2,2603.00,1097.00,128.00,93.00,6.4761,-1,-1,-1
1408,1,2123.00,1139.00,111.00,62.00,7.5582,-1,-1,-1
1408,2,2600.00,1095.00,125.00,88.00,6.4581,-1,-1,-1
1409,1,2115.00,1140.00,104.00,55.00,7.5894,-1,-1,-1
1409,2,2590.00,1083.00,124.00,93.00,6.4919,-1,-1,-1
1410,1,2105.00,1134.00,106.00,57.00,7.5849,-1,-1,-1
1410,2,2577.00,1077.00,127.00,87.00,6.5094,-1,-1,-1
1411,1,2094.00,1126.00,104.00,58.00,7.5916,-1,-1,-1
1411,2,2561.00,1060.00,128.00,92.00,6.5711,-1,-1,-1
1412,1,2075.00,1117.00,109.00,66.00,7.6423,-1,-1,-1
1412,2,2542.00,1045.00,129.00,90.00,6.6492,-1,-1,-1
1413,1,2062.00,1115.00,102.00,61.00,7.6317,-1,-1,-1
1413,2,2523.00,1034.00,132.00,88.00,6.5966,-1,-1,-1
1414,1,2046.00,1111.00,101.00,59.00,7.5924,-1,-1,-1
1414,2,2510.00,1026.00,128.00,83.00,6.6310,-1,-1,-1
1415,1,2026.00,1101.00,105.00,65.00,7.6527,-1,-1,-1
1415,2,2484.00,1004.00,133.00,90.00,6.6843,-1,-1,-1
1416,1,2007.00,1096.00,107.00,69.00,7.6521,-1,-1,-1
1416,2,2467.00,996.00,130.00,86.00,6.7277,-1,-1,-1
1417,1,1993.00,1091.00,101.00,67.00,7.6197,-1,-1,-1
1417,2,2447.00,982.00,132.00,84.00,6.6919,-1,-1,-1
1418,1,1978.00,1089.00,99.00,62.00,7.5955,-1,-1,-1
1418,2,2440.00,975.00,119.00,79.00,6.5750,-1,-1,-1
1419,1,1964.00,1084.00,98.00,65.00,7.6141,-1,-1,-1
1419,2,2410.00,954.00,132.00,87.00,6.6493,-1,-1,-1
1420,1,1951.00,1082.00,98.00,62.00,7.5677,-1,-1,-1
1420,2,2395.00,948.00,132.00,86.00,6.6795,-1,-1,-1
1421,1,1944.00,1077.00,101.00,67.00,7.5961,-1,-1,-1
1421,2,2391.00,945.00,128.00,81.00,6.6316,-1,-1,-1
1422,1,1937.00,1076.00,100.00,68.00,7.6549,-1,-1,-1
1422,2,2386.00,940.00,128.00,83.00,6.6103,-1,-1,-1
1423,1,1932.00,1078.00,96.00,62.00,7.7026,-1,-1,-1
1423,2,2382.00,943.00,127.00,76.00,6.4673,-1,-1,-1
1424,1,1928.00,1076.00,97.00,63.00,7.6908,-1,-1,-1
1424,2,2377.00,942.00,124.00,75.00,6.4594,-1,-1,-1
1425,1,1917.00,1074.00,100.00,65.00,7.6448,-1,-1,-1
1425,2,2372.00,935.00,125.00,81.00,6.4749,-1,-1,-1
1426,1,1917.00,1072.00,101.00,69.00,7.5287,-1,-1,-1
1426,2,2374.00,935.00,118.00,78.00,6.4488,-1,-1,-1
1427,1,1912.00,1070.00,104.00,67.00,7.5385,-1,-1,-1
1427,2,2372.00,938.00,117.00,73.00,6.3207,-1,-1,-1
1428,1,1912.00,1070.00,104.00,64.00,7.5566,-1,-1,-1
1428,2,2367.00,934.00,120.00,75.00,6.3424,-1,-1,-1
1429,1,1907.00,1067.00,107.00,68.00,7.6058,-1,-1,-1
1429,2,2373.00,937.00,110.00,73.00,6.3054,-1,-1,-1
1430,1,1906.00,1069.00,102.00,64.00,7.6673,-1,-1,-1
1430,2,2369.00,937.00,111.00,70.00,6.2926,-1,-1,-1
1431,1,1908.00,1068.00,99.00,64.00,7.7231,-1,-1,-1
1431,2,2358.00,930.00,119.00,77.00,6.3179,-1,-1,-1
1432,1,1906.00,1067.00,98.00,64.00,7.7686,-1,-1,-1
1432,2,2368.00,937.00,107.00,67.00,6.1847,-1,-1,-1
1433,1,1904.00,1065.00,100.00,65.00,7.8007,-1,-1,-1
1433,2,2360.00,935.00,114.00,67.00,6.0050,-1,-1,-1
1434,1,1903.00,1066.00,99.00,65.00,7.7954,-1,-1,-1
1434,2,2355.00,932.00,119.00,70.00,5.9315,-1,-1,-1
1435,1,1902.00,1067.00,97.00,63.00,7.8128,-1,-1,-1
1435,2,2355.00,932.00,118.00,68.00,5.8592,-1,-1,-1
1436,1,1899.00,1065.00,100.00,63.00,7.7850,-1,-1,-1
1436,2,2353.00,929.00,117.00,69.00,5.8442,-1,-1,-1
1437,1,1899.00,1064.00,99.00,62.00,7.7757,-1,-1,-1
1437,2,2344.00,927.00,124.00,70.00,5.9647,-1,-1,-1
1438,1,1894.00,1064.00,98.00,60.00,7.7667,-1,-1,-1
1438,2,2344.00,929.00,119.00,67.00,5.9201,-1,-1,-1
1439,1,1890.00,1059.00,99.00,64.00,7.7317,-1,-1,-1
1439,2,2337.00,925.00,120.00,69.00,5.8245,-1,-1,-1
1440,1,1881.00,1055.00,106.00,67.00,7.7082,-1,-1,-1
1440,2,2329.00,919.00,125.00,70.00,5.8022,-1,-1,-1
1441,1,1875.00,1058.00,107.00,63.00,7.6133,-1,-1,-1
1441,2,2315.00,911.00,129.00,75.00,5.9607,-1,-1,-1
1442,1,1865.00,1053.00,108.00,68.00,7.5829,-1,-1,-1
1442,2,2304.00,908.00,126.00,69.00,6.0544,-1,-1,-1
1443,1,1859.00,1054.00,99.00,63.00,7.6270,-1,-1,-1
1443,2,2297.00,905.00,124.00,69.00,6.0495,-1,-1,-1
1444,1,1850.00,1052.00,97.00,64.00,7.5832,-1,-1,-1
1444,2,2282.00,894.00,125.00,75.00,6.1958,-1,-1,-1
1445,1,1835.00,1046.00,104.00,72.00,7.6309,-1,-1,-1
1445,2,2272.00,891.00,126.00,72.00,6.3650,-1,-1,-1
1446,1,1830.00,1049.00,97.00,65.00,7.6267,-1,-1,-1
1446,2,2263.00,888.00,124.00,70.00,6.4579,-1,-1,-1
1447,1,1816.00,1044.00,105.00,70.00,7.6415,-1,-1,-1
1447,2,2250.00,878.00,125.00,74.00,6.5049,-1,-1,-1
1448,1,1811.00,1048.00,97.00,63.00,7.6629,-1,-1,-1
1448,2,2238.00,875.00,127.00,72.00,6.3989,-1,-1,-1
1449,1,1804.00,1044.00,96.00,67.00,7.6418,-1,-1,-1
1449,2,2223.00,874.00,129.00,70.00,6.5000,-1,-1,-1
1450,1,1789.00,1045.00,98.00,67.00,7.6806,-1,-1,-1
1450,2,2215.00,868.00,128.00,73.00,6.6295,-1,-1,-1
1451,1,1788.00,1043.00,92.00,66.00,7.7242,-1,-1,-1
1451,2,2207.00,867.00,125.00,70.00,6.6186,-1,-1,-1
1452,1,1773.00,1041.00,97.00,70.00,7.7244,-1,-1,-1
1452,2,2193.00,858.00,130.00,76.00,6.7158,-1,-1,-1
1453,1,1768.00,1041.00,92.00,70.00,7.7639,-1,-1,-1
1453,2,2187.00,859.00,127.00,65.00,6.6689,-1,-1,-1
1454,1,1761.00,1038.00,94.00,72.00,7.7889,-1,-1,-1
1454,2,2178.00,860.00,123.00,65.00,6.6637,-1,-1,-1
1455,1,1754.00,1039.00,96.00,72.00,7.7676,-1,-1,-1
1455,2,2172.00,853.00,127.00,70.00,6.5310,-1,-1,-1
1456,1,1747.00,1038.00,97.00,76.00,7.7566,-1,-1,-1
1456,2,2166.00,855.00,125.00,69.00,6.5409,-1,-1,-1
1457,1,1743.00,1040.00,94.00,73.00,7.8056,-1,-1,-1
1457,2,2164.00,852.00,118.00,69.00,6.4985,-1,-1,-1
1458,1,1739.00,1042.00,94.00,68.00,7.8293,-1,-1,-1
1458,2,2156.00,849.00,123.00,72.00,6.5141,-1,-1,-1
1459,1,1732.00,1039.00,99.00,76.00,7.8309,-1,-1,-1
1459,2,2147.00,850.00,126.00,69.00,6.6351,-1,-1,-1
1460,1,1729.00,1040.00,98.00,72.00,7.8016,-1,-1,-1
1460,2,2149.00,847.00,122.00,72.00,6.6466,-1,-1,-1
1461,1,1726.00,1042.00,97.00,69.00,7.7419,-1,-1,-1
1461,2,2143.00,846.00,124.00,70.00,6.7197,-1,-1,-1
1462,1,1726.00,1040.00,94.00,70.00,7.7111,-1,-1,-1
1462,2,2144.00,845.00,121.00,69.00,6.8138,-1,-1,-1
1463,1,1726.00,1043.00,95.00,65.00,7.6924,-1,-1,-1
1463,2,2145.00,844.00,121.00,69.00,6.8974,-1,-1,-1
1464,1,1724.00,1042.00,98.00,67.00,7.6761,-1,-1,-1
1464,2,2145.00,844.00,121.00,68.00,6.9651,-1,-1,-1
1465,1,1727.00,1042.00,95.00,64.00,7.6647,-1,-1,-1
1465,2,2145.00,843.00,122.00,68.00,7.0254,-1,-1,-1
1466,1,1728.00,1041.00,94.00,64.00,7.6652,-1,-1,-1
1466,2,2145.00,842.00,123.00,69.00,7.0822,-1,-1,-1
1467,1,1728.00,1041.00,95.00,64.00,7.6768,-1,-1,-1
1467,2,2147.00,844.00,123.00,66.00,7.1235,-1,-1,-1
1468,1,1730.00,1041.00,95.00,63.00,7.6949,-1,-1,-1
1468,2,2146.00,844.00,125.00,67.00,7.1626,-1,-1,-1
1469,1,1732.00,1040.00,93.00,63.00,7.7211,-1,-1,-1
1469,2,2149.00,847.00,122.00,63.00,7.1896,-1,-1,-1
1470,1,1730.00,1039.00,97.00,64.00,7.7489,-1,-1,-1
1470,2,2148.00,847.00,124.00,63.00,7.2284,-1,-1,-1
1471,1,1728.00,1039.00,100.00,64.00,7.7651,-1,-1,-1
1471,2,2147.00,846.00,125.00,66.00,7.2596,-1,-1,-1
1472,1,1728.00,1039.00,99.00,62.00,7.7753,-1,-1,-1
1472,2,2147.00,845.00,128.00,66.00,7.2861,-1,-1,-1
1473,1,1728.00,1038.00,99.00,63.00,7.7910,-1,-1,-1
1473,2,2149.00,844.00,126.00,68.00,7.3326,-1,-1,-1
1474,1,1730.00,1037.00,95.00,63.00,7.7991,-1,-1,-1
1474,2,2150.00,844.00,127.00,69.00,7.3788,-1,-1,-1
1475,1,1730.00,1037.00,96.00,61.00,7.7944,-1,-1,-1
1475,2,2151.00,844.00,126.00,69.00,7.4100,-1,-1,-1
1476,1,1734.00,1036.00,92.00,60.00,7.7920,-1,-1,-1
1476,2,2151.00,843.00,127.00,70.00,7.4426,-1,-1,-1
1477,1,1734.00,1036.00,92.00,59.00,7.7882,-1,-1,-1
1477,2,2150.00,845.00,128.00,69.00,7.4981,-1,-1,-1
1478,1,1735.00,1034.00,92.00,60.00,7.7591,-1,-1,-1
1478,2,2150.00,845.00,128.00,70.00,7.5291,-1,-1,-1
1479,1,1730.00,1030.00,100.00,65.00,7.6992,-1,-1,-1
1479,2,2148.00,846.00,128.00,68.00,7.5275,-1,-1,-1
1480,1,1723.00,1031.00,104.00,62.00,7.6593,-1,-1,-1
1480,2,2150.00,845.00,125.00,69.00,7.4987,-1,-1,-1
1481,1,1721.00,1028.00,106.00,67.00,7.6129,-1,-1,-1
1481,2,2145.00,844.00,127.00,70.00,7.4597,-1,-1,-1
1482,1,1715.00,1025.00,110.00,71.00,7.6536,-1,-1,-1
1482,2,2144.00,838.00,126.00,76.00,7.4549,-1,-1,-1
1483,1,1717.00,1029.00,99.00,63.00,7.6791,-1,-1,-1
1483,2,2140.00,839.00,125.00,72.00,7.3435,-1,-1,-1
1484,1,1712.00,1028.00,101.00,66.00,7.7302,-1,-1,-1
1484,2,2132.00,832.00,131.00,77.00,7.3581,-1,-1,-1
1485,1,1711.00,1029.00,97.00,64.00,7.7441,-1,-1,-1
1485,2,2130.00,835.00,128.00,72.00,7.3088,-1,-1,-1
1486,1,1702.00,1026.00,107.00,69.00,7.7080,-1,-1,-1
1486,2,2124.00,831.00,131.00,76.00,7.3530,-1,-1,-1
1487,1,1696.00,1027.00,108.00,68.00,7.6737,-1,-1,-1
1487,2,2122.00,829.00,128.00,77.00,7.2748,-1,-1,-1
1488,1,1691.00,1027.00,111.00,70.00,7.6871,-1,-1,-1
1488,2,2114.00,830.00,130.00,72.00,7.1273,-1,-1,-1
1489,1,1690.00,1029.00,103.00,65.00,7.7041,-1,-1,-1
1489,2,2112.00,825.00,125.00,77.00,7.1247,-1,-1,-1
1490,1,1686.00,1028.00,103.00,67.00,7.7139,-1,-1,-1
1490,2,2110.00,827.00,124.00,70.00,7.1195,-1,-1,-1
1491,1,1682.00,1028.00,104.00,67.00,7.6982,-1,-1,-1
1491,2,2101.00,823.00,125.00,75.00,7.1697,-1,-1,-1
1492,1,1673.00,1026.00,110.00,69.00,7.6637,-1,-1,-1
1492,2,2105.00,824.00,116.00,71.00,7.1362,-1,-1,-1
1493,1,1668.00,1026.00,114.00,68.00,7.6182,-1,-1,-1
1493,2,2092.00,821.00,124.00,73.00,7.1598,-1,-1,-1
1494,1,1664.00,1027.00,115.00,68.00,7.6528,-1,-1,-1
1494,2,2089.00,822.00,124.00,70.00,7.1723,-1,-1,-1
1495,1,1665.00,1029.00,105.00,65.00,7.6709,-1,-1,-1
1495,2,2087.00,819.00,122.00,73.00,7.1508,-1,-1,-1
1496,1,1660.00,1028.00,107.00,65.00,7.6920,-1,-1,-1
1496,2,2082.00,819.00,123.00,68.00,7.1830,-1,-1,-1
1497,1,1656.00,1029.00,109.00,67.00,7.6673,-1,-1,-1
1497,2,2078.00,818.00,121.00,70.00,7.1881,-1,-1,-1
1498,1,1653.00,1027.00,110.00,68.00,7.6588,-1,-1,-1
1498,2,2074.00,818.00,124.00,69.00,7.1968,-1,-1,-1
1499,1,1651.00,1028.00,108.00,64.00,7.5806,-1,-1,-1
1499,2,2065.00,814.00,127.00,69.00,7.2218,-1,-1,-1
1500,1,1645.00,1024.00,115.00,70.00,7.4623,-1,-1,-1
1500,2,2062.00,812.00,126.00,73.00,7.2154,-1,-1,-1
1501,1,1645.00,1023.00,112.00,71.00,7.4331,-1,-1,-1
1501,2,2058.00,813.00,125.00,69.00,7.2727,-1,-1,-1
1502,1,1642.00,1025.00,108.00,66.00,7.4579,-1,-1,-1
1502,2,2050.00,816.00,130.00,66.00,7.3522,-1,-1,-1
1503,1,1640.00,1023.00,109.00,69.00,7.5007,-1,-1,-1
1503,2,2045.00,813.00,133.00,71.00,7.3416,-1,-1,-1
1504,1,1639.00,1022.00,111.00,69.00,7.5337,-1,-1,-1
1504,2,2044.00,813.00,131.00,69.00,7.3590,-1,-1,-1
1505,1,1638.00,1020.00,111.00,72.00,7.5759,-1,-1,-1
1505,2,2043.00,816.00,130.00,64.00,7.3825,-1,-1,-1
1506,1,1635.00,1018.00,109.00,72.00,7.6072,-1,-1,-1
1506,2,2039.00,815.00,132.00,65.00,7.4119,-1,-1,-1
1507,1,1634.00,1016.00,109.00,74.00,7.6457,-1,-1,-1
1507,2,2035.00,813.00,132.00,67.00,7.3817,-1,-1,-1
1508,1,1629.00,1015.00,113.00,78.00,7.6530,-1,-1,-1
1508,2,2029.00,807.00,137.00,74.00,7.3816,-1,-1,-1
1509,1,1628.00,1015.00,109.00,75.00,7.6123,-1,-1,-1
1509,2,2031.00,808.00,134.00,73.00,7.3432,-1,-1,-1
1510,1,1627.00,1013.00,110.00,78.00,7.5923,-1,-1,-1
1510,2,2028.00,810.00,134.00,68.00,7.3421,-1,-1,-1
1511,1,1626.00,1013.00,107.00,75.00,7.5786,-1,-1,-1
1511,2,2029.00,813.00,130.00,64.00,7.3632,-1,-1,-1
1512,1,1621.00,1013.00,111.00,78.00,7.6097,-1,-1,-1
1512,2,2029.00,815.00,131.00,63.00,7.3974,-1,-1,-1
1513,1,1621.00,1013.00,108.00,77.00,7.6469,-1,-1,-1
1513,2,2031.00,815.00,126.00,62.00,7.3525,-1,-1,-1
1514,1,1620.00,1012.00,108.00,76.00,7.6236,-1,-1,-1
1514,2,2030.00,815.00,127.00,64.00,7.3279,-1,-1,-1
1515,1,1621.00,1013.00,103.00,74.00,7.5829,-1,-1,-1
1515,2,2026.00,813.00,130.00,70.00,7.2988,-1,-1,-1
1516,1,1618.00,1013.00,104.00,75.00,7.5742,-1,-1,-1
1516,2,2025.00,812.00,128.00,69.00,7.2650,-1,-1,-1
1517,1,1619.00,1011.00,102.00,75.00,7.5554,-1,-1,-1
1517,2,2021.00,809.00,129.00,71.00,7.2535,-1,-1,-1
1518,1,1619.00,1011.00,100.00,76.00,7.5327,-1,-1,-1
1518,2,2025.00,809.00,125.00,67.00,7.0258,-1,-1,-1
1519,1,1618.00,1012.00,97.00,75.00,7.5342,-1,-1,-1
1519,2,2021.00,810.00,128.00,65.00,6.8608,-1,-1,-1
1520,1,1615.00,1013.00,99.00,75.00,7.5743,-1,-1,-1
1520,2,2014.00,808.00,134.00,68.00,6.8424,-1,-1,-1
1521,1,1617.00,1013.00,94.00,73.00,7.5925,-1,-1,-1
1521,2,2008.00,803.00,137.00,75.00,6.8836,-1,-1,-1
1522,1,1613.00,1014.00,97.00,73.00,7.5950,-1,-1,-1
1522,2,2013.00,807.00,132.00,70.00,6.9041,-1,-1,-1
1523,1,1613.00,1014.00,98.00,71.00,7.5607,-1,-1,-1
1523,2,2011.00,804.00,132.00,73.00,6.8874,-1,-1,-1
1524,1,1606.00,1015.00,103.00,72.00,7.5237,-1,-1,-1
1524,2,2011.00,807.00,131.00,70.00,6.7681,-1,-1,-1
1525,1,1604.00,1015.00,104.00,71.00,7.5107,-1,-1,-1
1525,2,2009.00,805.00,131.00,69.00,6.6818,-1,-1,-1
1526,1,1606.00,1016.00,102.00,69.00,7.4866,-1,-1,-1
1526,2,2011.00,807.00,129.00,68.00,6.6905,-1,-1,-1
1527,1,1609.00,1015.00,97.00,69.00,7.5029,-1,-1,-1
1527,2,2012.00,807.00,124.00,68.00,6.7124,-1,-1,-1
1528,1,1606.00,1017.00,96.00,67.00,7.4883,-1,-1,-1
1528,2,2007.00,809.00,127.00,67.00,6.8250,-1,-1,-1
1529,1,1608.00,1018.00,91.00,65.00,7.4824,-1,-1,-1
1529,2,2002.00,806.00,131.00,70.00,6.9117,-1,-1,-1
1530,1,1601.00,1017.00,98.00,68.00,7.5129,-1,-1,-1
1530,2,2000.00,805.00,133.00,69.00,7.0113,-1,-1,-1
1531,1,1601.00,1016.00,98.00,68.00,7.5430,-1,-1,-1
1531,2,2000.00,803.00,132.00,71.00,7.0748,-1,-1,-1
1532,1,1599.00,1017.00,95.00,67.00,7.5227,-1,-1,-1
1532,2,2000.00,802.00,131.00,73.00,7.0691,-1,-1,-1
1533,1,1599.00,1014.00,96.00,71.00,7.4998,-1,-1,-1
1533,2,1999.00,802.00,132.00,72.00,6.9584,-1,-1,-1
1534,1,1599.00,1015.00,95.00,67.00,7.4880,-1,-1,-1
1534,2,1994.00,804.00,135.00,68.00,6.8953,-1,-1,-1
1535,1,1600.00,1014.00,93.00,68.00,7.4472,-1,-1,-1
1535,2,1994.00,805.00,133.00,66.00,6.8382,-1,-1,-1
1536,1,1597.00,1011.00,102.00,70.00,7.3921,-1,-1,-1
1536,2,1995.00,804.00,132.00,67.00,6.7733,-1,-1,-1
1537,1,1597.00,1008.00,101.00,72.00,7.3266,-1,-1,-1
1537,2,1998.00,804.00,128.00,67.00,6.7197,-1,-1,-1
1538,1,1595.00,1006.00,103.00,75.00,7.3092,-1,-1,-1
1538,2,1997.00,804.00,129.00,66.00,6.6918,-1,-1,-1
1539,1,1593.00,1006.00,105.00,75.00,7.2973,-1,-1,-1
1539,2,1995.00,806.00,130.00,64.00,6.6968,-1,-1,-1
1540,1,1595.00,1004.00,102.00,75.00,7.3057,-1,-1,-1
1540,2,1993.00,804.00,133.00,66.00,6.7613,-1,-1,-1
1541,1,1595.00,1004.00,102.00,75.00,7.3244,-1,-1,-1
1541,2,1992.00,804.00,134.00,66.00,6.8210,-1,-1,-1
1542,1,1596.00,1003.00,99.00,74.00,7.3542,-1,-1,-1
1542,2,1990.00,803.00,137.00,67.00,6.8942,-1,-1,-1
1543,1,1594.00,1001.00,104.00,78.00,7.4146,-1,-1,-1
1543,2,1992.00,803.00,134.00,66.00,6.9375,-1,-1,-1
1544,1,1593.00,999.00,107.00,81.00,7.4667,-1,-1,-1
1544,2,1996.00,804.00,130.00,64.00,6.9319,-1,-1,-1
1545,1,1592.00,999.00,109.00,82.00,7.4928,-1,-1,-1
1545,2,2000.00,804.00,130.00,65.00,6.8452,-1,-1,-1
1546,1,1592.00,998.00,110.00,82.00,7.5111,-1,-1,-1
1546,2,1999.00,804.00,131.00,67.00,6.7502,-1,-1,-1
1547,1,1594.00,995.00,102.00,84.00,7.5473,-1,-1,-1
1547,2,2002.00,806.00,129.00,64.00,6.6671,-1,-1,-1
1548,1,1596.00,992.00,101.00,86.00,7.5817,-1,-1,-1
1548,2,1999.00,806.00,134.00,62.00,6.6035,-1,-1,-1
1549,1,1595.00,992.00,103.00,86.00,7.6188,-1,-1,-1
1549,2,1997.00,805.00,137.00,64.00,6.5709,-1,-1,-1
1550,1,1597.00,991.00,102.00,86.00,7.6463,-1,-1,-1
1550,2,2003.00,807.00,130.00,61.00,6.5367,-1,-1,-1
1551,1,1597.00,989.00,102.00,88.00,7.6684,-1,-1,-1
1551,2,2005.00,807.00,129.00,61.00,6.5302,-1,-1,-1
1552,1,1597.00,989.00,102.00,87.00,7.6810,-1,-1,-1
1552,2,2004.00,806.00,132.00,64.00,6.5283,-1,-1,-1
1553,1,1597.00,988.00,103.00,87.00,7.6880,-1,-1,-1
1553,2,2007.00,805.00,132.00,67.00,6.4554,-1,-1,-1
1554,1,1598.00,990.00,102.00,84.00,7.6868,-1,-1,-1
1554,2,2011.00,807.00,129.00,65.00,6.3938,-1,-1,-1
1555,1,1598.00,990.00,104.00,85.00,7.6952,-1,-1,-1
1555,2,2012.00,808.00,128.00,63.00,6.3392,-1,-1,-1
1556,1,1599.00,993.00,103.00,80.00,7.6727,-1,-1,-1
1556,2,2017.00,812.00,127.00,59.00,6.1298,-1,-1,-1
1557,1,1597.00,994.00,108.00,82.00,7.6500,-1,-1,-1
1557,2,2018.00,813.00,129.00,60.00,6.0461,-1,-1,-1
1558,1,1597.00,996.00,107.00,79.00,7.6482,-1,-1,-1
1558,2,2017.00,813.00,129.00,61.00,5.9878,-1,-1,-1
1559,1,1600.00,997.00,104.00,77.00,7.6368,-1,-1,-1
1559,2,2028.00,814.00,116.00,59.00,5.8343,-1,-1,-1
1560,1,1604.00,1001.00,100.00,72.00,7.6126,-1,-1,-1
1560,2,2029.00,817.00,118.00,57.00,5.8829,-1,-1,-1
1561,1,1602.00,1000.00,104.00,72.00,7.6216,-1,-1,-1
1561,2,2030.00,816.00,120.00,60.00,5.9854,-1,-1,-1
1562,1,1604.00,1000.00,104.00,74.00,7.6120,-1,-1,-1
1562,2,2028.00,817.00,122.00,60.00,6.1257,-1,-1,-1
1563,1,1603.00,1001.00,107.00,74.00,7.5787,-1,-1,-1
1563,2,2024.00,815.00,126.00,64.00,6.2760,-1,-1,-1
1564,1,1604.00,1003.00,104.00,72.00,7.5660,-1,-1,-1
1564,2,2025.00,814.00,125.00,67.00,6.4112,-1,-1,-1
1565,1,1604.00,1005.00,103.00,69.00,7.5436,-1,-1,-1
1565,2,2031.00,818.00,118.00,63.00,6.5379,-1,-1,-1
1566,1,1606.00,1009.00,100.00,65.00,7.5421,-1,-1,-1
1566,2,2029.00,817.00,120.00,66.00,6.6540,-1,-1,-1
1567,1,1603.00,1009.00,103.00,67.00,7.5380,-1,-1,-1
1567,2,2032.00,819.00,117.00,65.00,6.7488,-1,-1,-1
1568,1,1606.00,1010.00,100.00,68.00,7.5138,-1,-1,-1
1568,2,2035.00,819.00,114.00,68.00,6.7836,-1,-1,-1
1569,1,1609.00,1012.00,97.00,66.00,7.5278,-1,-1,-1
1569,2,2034.00,819.00,116.00,71.00,6.8575,-1,-1,-1
1570,1,1611.00,1014.00,93.00,65.00,7.5324,-1,-1,-1
1570,2,2033.00,823.00,120.00,71.00,6.9463,-1,-1,-1
1571,1,1610.00,1014.00,94.00,67.00,7.5303,-1,-1,-1
1571,2,2033.00,822.00,121.00,73.00,6.9104,-1,-1,-1
1572,1,1610.00,1014.00,97.00,69.00,7.5276,-1,-1,-1
1572,2,2033.00,824.00,123.00,70.00,6.9902,-1,-1,-1
1573,1,1610.00,1015.00,97.00,69.00,7.5061,-1,-1,-1
1573,2,2030.00,825.00,127.00,74.00,7.0416,-1,-1,-1
1574,1,1607.00,1014.00,101.00,74.00,7.4564,-1,-1,-1
1574,2,2038.00,826.00,119.00,76.00,7.0073,-1,-1,-1
1575,1,1608.00,1014.00,104.00,76.00,7.4822,-1,-1,-1
1575,2,2043.00,829.00,116.00,71.00,6.9873,-1,-1,-1
1576,1,1608.00,1014.00,105.00,78.00,7.4888,-1,-1,-1
1576,2,2039.00,830.00,122.00,74.00,7.0365,-1,-1,-1
1577,1,1607.00,1017.00,106.00,75.00,7.4984,-1,-1,-1
1577,2,2039.00,831.00,122.00,78.00,7.0473,-1,-1,-1
1578,1,1604.00,1017.00,112.00,77.00,7.4883,-1,-1,-1
1578,2,2038.00,832.00,128.00,82.00,6.9975,-1,-1,-1
1579,1,1610.00,1022.00,104.00,71.00,7.4766,-1,-1,-1
1579,2,2041.00,838.00,125.00,73.00,6.9018,-1,-1,-1
1580,1,1614.00,1023.00,100.00,70.00,7.5112,-1,-1,-1
1580,2,2045.00,843.00,118.00,69.00,6.7918,-1,-1,-1
1581,1,1613.00,1026.00,101.00,69.00,7.5394,-1,-1,-1
1581,2,2046.00,846.00,116.00,69.00,6.7142,-1,-1,-1
1582,1,1613.00,1028.00,101.00,67.00,7.5650,-1,-1,-1
1582,2,2045.00,845.00,121.00,76.00,6.7400,-1,-1,-1
1583,1,1614.00,1032.00,101.00,68.00,7.5427,-1,-1,-1
1583,2,2040.00,844.00,130.00,79.00,6.8358,-1,-1,-1
1584,1,1615.00,1034.00,99.00,68.00,7.5088,-1,-1,-1
1584,2,2041.00,848.00,123.00,74.00,6.8480,-1,-1,-1
1585,1,1613.00,1034.00,100.00,71.00,7.5179,-1,-1,-1
1585,2,2038.00,850.00,128.00,75.00,6.8263,-1,-1,-1
1586,1,1608.00,1035.00,105.00,75.00,7.5444,-1,-1,-1
1586,2,2043.00,857.00,123.00,71.00,6.8631,-1,-1,-1
1587,1,1611.00,1038.00,101.00,72.00,7.5756,-1,-1,-1
1587,2,2042.00,858.00,125.00,75.00,6.9511,-1,-1,-1
1588,1,1614.00,1039.00,99.00,71.00,7.5751,-1,-1,-1
1588,2,2043.00,861.00,127.00,72.00,7.0032,-1,-1,-1
1589,1,1612.00,1040.00,103.00,73.00,7.5701,-1,-1,-1
1589,2,2041.00,864.00,127.00,71.00,6.9595,-1,-1,-1
1590,1,1613.00,1042.00,103.00,75.00,7.5596,-1,-1,-1
1590,2,2042.00,870.00,123.00,68.00,6.7700,-1,-1,-1
1591,1,1611.00,1043.00,108.00,78.00,7.5826,-1,-1,-1
1591,2,2043.00,875.00,123.00,67.00,6.4919,-1,-1,-1
1592,1,1614.00,1046.00,106.00,76.00,7.6292,-1,-1,-1
1592,2,2043.00,874.00,129.00,72.00,6.4074,-1,-1,-1
1593,1,1611.00,1051.00,109.00,73.00,7.5829,-1,-1,-1
1593,2,2043.00,877.00,127.00,71.00,6.3291,-1,-1,-1
1594,1,1615.00,1058.00,102.00,68.00,7.4910,-1,-1,-1
1594,2,2046.00,885.00,124.00,68.00,6.3510,-1,-1,-1
1595,1,1617.00,1061.00,99.00,69.00,7.5035,-1,-1,-1
1595,2,2046.00,883.00,128.00,75.00,6.4426,-1,-1,-1
1596,1,1616.00,1061.00,103.00,71.00,7.5606,-1,-1,-1
1596,2,2042.00,888.00,133.00,72.00,6.4948,-1,-1,-1
1597,1,1617.00,1066.00,104.00,70.00,7.6262,-1,-1,-1
1597,2,2043.00,890.00,134.00,74.00,6.4222,-1,-1,-1
1598,1,1618.00,1067.00,103.00,71.00,7.6482,-1,-1,-1
1598,2,2045.00,892.00,130.00,79.00,6.4467,-1,-1,-1
1599,1,1619.00,1071.00,100.00,68.00,7.6285,-1,-1,-1
1599,2,2041.00,901.00,131.00,72.00,6.4858,-1,-1,-1
1600,1,1616.00,1073.00,105.00,71.00,7.6474,-1,-1,-1
1600,2,2044.00,908.00,125.00,67.00,6.4614,-1,-1,-1
1601,1,1621.00,1079.00,97.00,66.00,7.5625,-1,-1,-1
1601,2,2051.00,911.00,126.00,70.00,6.5595,-1,-1,-1
1602,1,1617.00,1082.00,104.00,69.00,7.4578,-1,-1,-1
1602,2,2050.00,914.00,126.00,71.00,6.6319,-1,-1,-1
1603,1,1616.00,1083.00,97.00,77.00,7.4967,-1,-1,-1
1603,2,2057.00,914.00,121.00,75.00,6.5647,-1,-1,-1
1604,1,1608.00,1090.00,101.00,70.00,7.4115,-1,-1,-1
1604,2,2047.00,916.00,129.00,81.00,6.4281,-1,-1,-1
1605,1,1614.00,1092.00,96.00,74.00,7.3007,-1,-1,-1
1605,2,2044.00,916.00,130.00,85.00,6.2221,-1,-1,-1
1606,1,1608.00,1099.00,103.00,71.00,7.2355,-1,-1,-1
1606,2,2055.00,926.00,122.00,80.00,6.1540,-1,-1,-1
1607,1,1607.00,1098.00,101.00,72.00,7.1317,-1,-1,-1
1607,2,2053.00,931.00,123.00,79.00,6.2205,-1,-1,-1
1608,1,1611.00,1103.00,94.00,73.00,7.1796,-1,-1,-1
1608,2,2059.00,934.00,118.00,81.00,6.2216,-1,-1,-1
1609,1,1609.00,1108.00,99.00,68.00,7.2387,-1,-1,-1
1609,2,2049.00,935.00,128.00,87.00,6.2342,-1,-1,-1
1610,1,1608.00,1111.00,101.00,66.00,7.2818,-1,-1,-1
1610,2,2043.00,932.00,133.00,97.00,6.1768,-1,-1,-1
1611,1,1611.00,1116.00,96.00,62.00,7.1783,-1,-1,-1
1611,2,2049.00,942.00,125.00,91.00,6.1086,-1,-1,-1
1612,1,1603.00,1119.00,107.00,67.00,7.0147,-1,-1,-1
1612,2,2054.00,947.00,120.00,91.00,6.1451,-1,-1,-1
1613,1,1601.00,1125.00,107.00,65.00,7.0081,-1,-1,-1
1613,2,2046.00,947.00,127.00,94.00,6.2494,-1,-1,-1
1614,1,1603.00,1127.00,104.00,61.00,6.9704,-1,-1,-1
1614,2,2059.00,952.00,114.00,96.00,6.3239,-1,-1,-1
1615,1,1597.00,1129.00,111.00,62.00,6.9066,-1,-1,-1
1615,2,2047.00,953.00,125.00,95.00,6.4263,-1,-1,-1
1616,1,1594.00,1129.00,116.00,65.00,6.8837,-1,-1,-1
1616,2,2050.00,963.00,123.00,80.00,6.4161,-1,-1,-1
1617,1,1595.00,1131.00,112.00,66.00,6.8992,-1,-1,-1
1617,2,2044.00,963.00,130.00,91.00,6.4045,-1,-1,-1
1618,1,1601.00,1133.00,102.00,64.00,6.9426,-1,-1,-1
1618,2,2044.00,965.00,129.00,93.00,6.4719,-1,-1,-1
1619,1,1604.00,1135.00,102.00,66.00,6.9900,-1,-1,-1
1619,2,2042.00,968.00,128.00,90.00,6.5680,-1,-1,-1
1620,1,1600.00,1139.00,107.00,67.00,7.0338,-1,-1,-1
1620,2,2042.00,976.00,128.00,80.00,6.6267,-1,-1,-1
1621,1,1603.00,1139.00,105.00,66.00,6.9960,-1,-1,-1
1621,2,2040.00,977.00,128.00,79.00,6.7048,-1,-1,-1
1622,1,1603.00,1143.00,102.00,64.00,6.9503,-1,-1,-1
1622,2,2036.00,980.00,134.00,80.00,6.7512,-1,-1,-1
1623,1,1597.00,1144.00,108.00,68.00,7.0096,-1,-1,-1
1623,2,2034.00,984.00,136.00,80.00,6.7786,-1,-1,-1
1624,1,1598.00,1148.00,105.00,68.00,7.0434,-1,-1,-1
1624,2,2033.00,984.00,136.00,83.00,6.8661,-1,-1,-1
1625,1,1598.00,1149.00,102.00,67.00,7.0221,-1,-1,-1
1625,2,2036.00,987.00,132.00,83.00,6.9337,-1,-1,-1
1626,1,1596.00,1153.00,104.00,64.00,6.9925,-1,-1,-1
1626,2,2036.00,995.00,134.00,79.00,6.8316,-1,-1,-1
1627,1,1602.00,1157.00,94.00,62.00,6.9373,-1,-1,-1
1627,2,2046.00,1004.00,120.00,70.00,6.7443,-1,-1,-1
1628,1,1601.00,1159.00,95.00,63.00,6.9811,-1,-1,-1
1628,2,2036.00,1006.00,131.00,71.00,6.6644,-1,-1,-1
1629,1,1601.00,1162.00,90.00,61.00,7.0434,-1,-1,-1
1629,2,2030.00,1003.00,141.00,78.00,6.7693,-1,-1,-1
1630,1,1600.00,1164.00,92.00,63.00,7.1449,-1,-1,-1
1630,2,2031.00,1002.00,139.00,81.00,6.8608,-1,-1,-1
1631,1,1598.00,1167.00,95.00,62.00,7.2089,-1,-1,-1
1631,2,2032.00,1004.00,138.00,81.00,6.9348,-1,-1,-1
1632,1,1595.00,1168.00,96.00,64.00,7.2648,-1,-1,-1
1632,2,2029.00,1004.00,143.00,83.00,6.9718,-1,-1,-1
1633,1,1598.00,1167.00,96.00,66.00,7.3290,-1,-1,-1
1633,2,2034.00,1014.00,138.00,76.00,7.0040,-1,-1,-1
1634,1,1602.00,1169.00,91.00,63.00,7.3784,-1,-1,-1
1634,2,2034.00,1009.00,138.00,83.00,7.0964,-1,-1,-1
1635,1,1602.00,1167.00,94.00,66.00,7.4211,-1,-1,-1
1635,2,2032.00,1015.00,141.00,81.00,7.1185,-1,-1,-1
1636,1,1603.00,1166.00,96.00,68.00,7.4259,-1,-1,-1
1636,2,2041.00,1014.00,130.00,78.00,6.9530,-1,-1,-1
1637,1,1601.00,1167.00,100.00,71.00,7.4382,-1,-1,-1
1637,2,2038.00,1015.00,137.00,81.00,6.8167,-1,-1,-1
1638,1,1601.00,1169.00,105.00,69.00,7.3939,-1,-1,-1
1638,2,2037.00,1013.00,141.00,83.00,6.6416,-1,-1,-1
1639,1,1600.00,1168.00,108.00,70.00,7.3401,-1,-1,-1
1639,2,2047.00,1021.00,132.00,77.00,6.4496,-1,-1,-1
1640,1,1599.00,1168.00,109.00,70.00,7.2886,-1,-1,-1
1640,2,2052.00,1022.00,126.00,74.00,6.4109,-1,-1,-1
1641,1,1597.00,1167.00,112.00,71.00,7.2654,-1,-1,-1
1641,2,2056.00,1027.00,124.00,71.00,6.3989,-1,-1,-1
1642,1,1598.00,1167.00,111.00,72.00,7.2593,-1,-1,-1
1642,2,2056.00,1027.00,127.00,74.00,6.4258,-1,-1,-1
1643,1,1598.00,1168.00,110.00,71.00,7.2597,-1,-1,-1
1643,2,2055.00,1026.00,128.00,77.00,6.4916,-1,-1,-1
1644,1,1600.00,1164.00,109.00,70.00,7.2183,-1,-1,-1
1644,2,2057.00,1028.00,127.00,75.00,6.5569,-1,-1,-1
1645,1,1600.00,1164.00,110.00,70.00,7.1792,-1,-1,-1
1645,2,2056.00,1027.00,128.00,77.00,6.6032,-1,-1,-1
1646,1,1604.00,1161.00,107.00,70.00,7.1583,-1,-1,-1
1646,2,2060.00,1030.00,124.00,72.00,6.5959,-1,-1,-1
1647,1,1605.00,1159.00,107.00,70.00,7.2047,-1,-1,-1
1647,2,2062.00,1029.00,123.00,73.00,6.6003,-1,-1,-1
1648,1,1605.00,1158.00,109.00,71.00,7.2411,-1,-1,-1
1648,2,2059.00,1029.00,129.00,71.00,6.5953,-1,-1,-1
1649,1,1609.00,1159.00,103.00,67.00,7.3058,-1,-1,-1
1649,2,2061.00,1031.00,126.00,69.00,6.5792,-1,-1,-1
1650,1,1611.00,1161.00,103.00,65.00,7.3534,-1,-1,-1
1650,2,2058.00,1028.00,130.00,73.00,6.6364,-1,-1,-1
1651,1,1612.00,1161.00,105.00,64.00,7.3690,-1,-1,-1
1651,2,2061.00,1028.00,132.00,73.00,6.6122,-1,-1,-1
1652,1,1612.00,1163.00,105.00,63.00,7.3907,-1,-1,-1
1652,2,2063.00,1028.00,131.00,74.00,6.6088,-1,-1,-1
1653,1,1613.00,1162.00,105.00,65.00,7.4330,-1,-1,-1
1653,2,2061.00,1026.00,135.00,78.00,6.6275,-1,-1,-1
1654,1,1616.00,1163.00,100.00,64.00,7.4770,-1,-1,-1
1654,2,2064.00,1030.00,135.00,74.00,6.5349,-1,-1,-1
1655,1,1616.00,1164.00,98.00,64.00,7.4892,-1,-1,-1
1655,2,2063.00,1031.00,135.00,72.00,6.4222,-1,-1,-1
1656,1,1616.00,1163.00,99.00,65.00,7.4894,-1,-1,-1
1656,2,2074.00,1036.00,123.00,67.00,6.2328,-1,-1,-1
1657,1,1617.00,1163.00,100.00,64.00,7.4980,-1,-1,-1
1657,2,2071.00,1036.00,127.00,67.00,6.1055,-1,-1,-1
1658,1,1619.00,1159.00,99.00,67.00,7.4920,-1,-1,-1
1658,2,2073.00,1037.00,127.00,66.00,6.0909,-1,-1,-1
1659,1,1619.00,1157.00,101.00,69.00,7.4319,-1,-1,-1
1659,2,2085.00,1039.00,113.00,62.00,6.0129,-1,-1,-1
1660,1,1620.00,1157.00,102.00,68.00,7.3771,-1,-1,-1
1660,2,2075.00,1039.00,125.00,64.00,5.9581,-1,-1,-1
1661,1,1619.00,1152.00,110.00,70.00,7.3645,-1,-1,-1
1661,2,2075.00,1039.00,124.00,63.00,5.8533,-1,-1,-1
1662,1,1620.00,1155.00,106.00,67.00,7.3102,-1,-1,-1
1662,2,2076.00,1040.00,126.00,62.00,5.9086,-1,-1,-1
1663,1,1618.00,1153.00,113.00,68.00,7.3160,-1,-1,-1
1663,2,2072.00,1040.00,132.00,63.00,6.0164,-1,-1,-1
1664,1,1620.00,1155.00,110.00,67.00,7.3267,-1,-1,-1
1664,2,2078.00,1041.00,126.00,60.00,6.0468,-1,-1,-1
1665,1,1619.00,1157.00,108.00,64.00,7.3336,-1,-1,-1
1665,2,2076.00,1040.00,131.00,62.00,6.1104,-1,-1,-1
1666,1,1618.00,1154.00,113.00,65.00,7.3868,-1,-1,-1
1666,2,2083.00,1040.00,126.00,61.00,6.1361,-1,-1,-1
1667,1,1619.00,1155.00,112.00,63.00,7.4253,-1,-1,-1
1667,2,2086.00,1041.00,121.00,60.00,6.1444,-1,-1,-1
1668,1,1620.00,1156.00,111.00,60.00,7.4630,-1,-1,-1
1668,2,2084.00,1040.00,123.00,62.00,6.1862,-1,-1,-1
1669,1,1621.00,1156.00,109.00,58.00,7.4907,-1,-1,-1
1669,2,2085.00,1039.00,124.00,63.00,6.2245,-1,-1,-1
1670,1,1627.00,1155.00,103.00,57.00,7.3792,-1,-1,-1
1670,2,2083.00,1039.00,128.00,63.00,6.2884,-1,-1,-1
1671,1,1625.00,1155.00,106.00,58.00,7.3054,-1,-1,-1
1671,2,2087.00,1039.00,125.00,63.00,6.3241,-1,-1,-1
1672,1,1625.00,1155.00,108.00,59.00,7.2576,-1,-1,-1
1672,2,2089.00,1039.00,123.00,63.00,6.3470,-1,-1,-1
1673,1,1627.00,1154.00,109.00,58.00,7.1415,-1,-1,-1
1673,2,2093.00,1040.00,118.00,63.00,6.3528,-1,-1,-1
1674,1,1631.00,1152.00,101.00,59.00,7.0006,-1,-1,-1
1674,2,2094.00,1039.00,117.00,64.00,6.3770,-1,-1,-1
1675,1,1621.00,1154.00,116.00,60.00,6.9666,-1,-1,-1
1675,2,2094.00,1040.00,118.00,64.00,6.4100,-1,-1,-1
1676,1,1624.00,1153.00,112.00,58.00,6.9890,-1,-1,-1
1676,2,2090.00,1040.00,124.00,65.00,6.4156,-1,-1,-1
1677,1,1626.00,1153.00,110.00,57.00,7.0221,-1,-1,-1
1677,2,2087.00,1040.00,128.00,67.00,6.4384,-1,-1,-1
1678,1,1624.00,1153.00,111.00,57.00,7.0888,-1,-1,-1
1678,2,2086.00,1039.00,128.00,67.00,6.4417,-1,-1,-1
1679,1,1623.00,1151.00,114.00,59.00,7.1397,-1,-1,-1
1679,2,2087.00,1042.00,126.00,64.00,6.4812,-1,-1,-1
1680,1,1622.00,1151.00,112.00,59.00,7.1429,-1,-1,-1
1680,2,2089.00,1041.00,125.00,65.00,6.5020,-1,-1,-1
1681,1,1617.00,1149.00,117.00,62.00,7.1991,-1,-1,-1
1681,2,2086.00,1043.00,128.00,63.00,6.4996,-1,-1,-1
1682,1,1617.00,1149.00,113.00,60.00,7.1706,-1,-1,-1
1682,2,2086.00,1044.00,128.00,61.00,6.4693,-1,-1,-1
1683,1,1616.00,1149.00,115.00,61.00,7.2348,-1,-1,-1
1683,2,2089.00,1044.00,125.00,62.00,6.4211,-1,-1,-1
1684,1,1617.00,1149.00,112.00,60.00,7.2090,-1,-1,-1
1684,2,2090.00,1042.00,120.00,64.00,6.4107,-1,-1,-1
1685,1,1619.00,1146.00,108.00,60.00,7.0860,-1,-1,-1
1685,2,2087.00,1039.00,122.00,67.00,6.4343,-1,-1,-1
1686,1,1619.00,1147.00,103.00,56.00,7.0355,-1,-1,-1
1686,2,2082.00,1038.00,127.00,71.00,6.4761,-1,-1,-1
1687,1,1615.00,1145.00,107.00,61.00,7.0281,-1,-1,-1
1687,2,2077.00,1038.00,130.00,74.00,6.5638,-1,-1,-1
1688,1,1612.00,1146.00,106.00,56.00,6.9799,-1,-1,-1
1688,2,2076.00,1037.00,131.00,76.00,6.6956,-1,-1,-1
1689,1,1613.00,1146.00,102.00,57.00,6.9010,-1,-1,-1
1689,2,2077.00,1037.00,129.00,75.00,6.7211,-1,-1,-1
1690,1,1607.00,1144.00,112.00,59.00,6.9364,-1,-1,-1
1690,2,2074.00,1035.00,131.00,79.00,6.7625,-1,-1,-1
1691,1,1607.00,1144.00,113.00,58.00,6.9669,-1,-1,-1
1691,2,2078.00,1035.00,126.00,78.00,6.7745,-1,-1,-1
1692,1,1604.00,1143.00,115.00,61.00,7.0170,-1,-1,-1
1692,2,2075.00,1035.00,128.00,77.00,6.7944,-1,-1,-1
1693,1,1607.00,1142.00,114.00,60.00,7.1155,-1,-1,-1
1693,2,2075.00,1034.00,127.00,80.00,6.8246,-1,-1,-1
1694,1,1604.00,1141.00,115.00,62.00,7.1689,-1,-1,-1
1694,2,2073.00,1034.00,127.00,81.00,6.8195,-1,-1,-1
1695,1,1603.00,1140.00,115.00,61.00,7.2013,-1,-1,-1
1695,2,2075.00,1032.00,124.00,85.00,6.8298,-1,-1,-1
1696,1,1598.00,1142.00,114.00,60.00,7.1618,-1,-1,-1
1696,2,2068.00,1033.00,127.00,83.00,6.8241,-1,-1,-1
1697,1,1597.00,1143.00,115.00,57.00,7.1393,-1,-1,-1
1697,2,2063.00,1031.00,132.00,84.00,6.8643,-1,-1,-1
1698,1,1593.00,1142.00,119.00,58.00,7.1244,-1,-1,-1
1698,2,2059.00,1030.00,135.00,85.00,6.9442,-1,-1,-1
1699,1,1593.00,1138.00,119.00,59.00,7.1067,-1,-1,-1
1699,2,2061.00,1032.00,131.00,81.00,6.9255,-1,-1,-1
1700,1,1593.00,1135.00,119.00,60.00,7.1594,-1,-1,-1
1700,2,2057.00,1031.00,132.00,80.00,6.9521,-1,-1,-1
1701,1,1590.00,1135.00,121.00,61.00,7.1937,-1,-1,-1
1701,2,2055.00,1032.00,133.00,79.00,7.0072,-1,-1,-1
1702,1,1589.00,1133.00,123.00,61.00,7.2280,-1,-1,-1
1702,2,2052.00,1033.00,134.00,79.00,7.0473,-1,-1,-1
1703,1,1588.00,1136.00,115.00,57.00,7.2100,-1,-1,-1
1703,2,2047.00,1029.00,135.00,84.00,7.1043,-1,-1,-1
1704,1,1582.00,1138.00,115.00,55.00,7.1735,-1,-1,-1
1704,2,2045.00,1028.00,135.00,84.00,7.1620,-1,-1,-1
1705,1,1583.00,1138.00,108.00,54.00,7.1347,-1,-1,-1
1705,2,2042.00,1032.00,137.00,81.00,7.1240,-1,-1,-1
1706,2,2043.00,1033.00,134.00,81.00,7.0649,-1,-1,-1
1706,1,1580.00,1138.00,109.00,52.00,7.0176,-1,-1,-1
1707,2,2038.00,1031.00,135.00,84.00,7.0764,-1,-1,-1
1707,1,1573.00,1137.00,114.00,55.00,7.0062,-1,-1,-1
1708,2,2035.00,1031.00,136.00,84.00,7.0706,-1,-1,-1
1708,1,1571.00,1139.00,111.00,53.00,7.0678,-1,-1,-1
1709,2,2033.00,1033.00,132.00,81.00,7.0357,-1,-1,-1
1709,1,1567.00,1138.00,109.00,54.00,6.9763,-1,-1,-1
1710,1,1569.00,1138.00,108.00,54.00,7.0106,-1,-1,-1
1710,2,2032.00,1033.00,131.00,81.00,6.9800,-1,-1,-1
1711,1,1569.00,1134.00,111.00,56.00,7.0107,-1,-1,-1
1711,2,2024.00,1033.00,138.00,84.00,6.9660,-1,-1,-1
1712,1,1567.00,1136.00,104.00,54.00,6.9361,-1,-1,-1
1712,2,2024.00,1039.00,132.00,79.00,6.8826,-1,-1,-1
1713,1,1560.00,1135.00,115.00,56.00,6.9209,-1,-1,-1
1713,2,2016.00,1031.00,138.00,88.00,6.8393,-1,-1,-1
1714,1,1559.00,1133.00,110.00,57.00,6.9890,-1,-1,-1
1714,2,2016.00,1032.00,136.00,89.00,6.8243,-1,-1,-1
1715,1,1548.00,1130.00,120.00,62.00,7.0187,-1,-1,-1
1715,2,2013.00,1033.00,136.00,88.00,6.7616,-1,-1,-1
1716,1,1545.00,1132.00,121.00,59.00,7.1005,-1,-1,-1
1716,2,2010.00,1034.00,134.00,87.00,6.8153,-1,-1,-1
1717,1,1538.00,1130.00,126.00,63.00,7.2055,-1,-1,-1
1717,2,2007.00,1037.00,134.00,84.00,6.8010,-1,-1,-1
1718,1,1541.00,1133.00,113.00,60.00,7.1829,-1,-1,-1
1718,2,1998.00,1031.00,141.00,92.00,6.7435,-1,-1,-1
1719,1,1536.00,1131.00,115.00,61.00,7.2575,-1,-1,-1
1719,2,2001.00,1033.00,135.00,90.00,6.6914,-1,-1,-1
1720,1,1530.00,1129.00,118.00,62.00,7.3599,-1,-1,-1
1720,2,1996.00,1034.00,134.00,90.00,6.5738,-1,-1,-1
1721,1,1527.00,1132.00,115.00,59.00,7.3229,-1,-1,-1
1721,2,1995.00,1044.00,130.00,82.00,6.6001,-1,-1,-1
1722,1,1519.00,1129.00,126.00,63.00,7.3536,-1,-1,-1
1722,2,1993.00,1040.00,130.00,83.00,6.6208,-1,-1,-1
1723,1,1518.00,1127.00,121.00,62.00,7.4471,-1,-1,-1
1723,2,1990.00,1042.00,128.00,81.00,6.6857,-1,-1,-1
1724,1,1516.00,1128.00,115.00,61.00,7.4866,-1,-1,-1
1724,2,1981.00,1045.00,133.00,79.00,6.7768,-1,-1,-1
1725,1,1517.00,1130.00,111.00,57.00,7.4461,-1,-1,-1
1725,2,1978.00,1047.00,136.00,76.00,6.8856,-1,-1,-1
1726,1,1506.00,1128.00,119.00,59.00,7.4408,-1,-1,-1
1726,2,1974.00,1048.00,133.00,75.00,6.9440,-1,-1,-1
1727,1,1501.00,1129.00,121.00,59.00,7.3101,-1,-1,-1
1727,2,1971.00,1046.00,131.00,80.00,6.9839,-1,-1,-1
1728,1,1498.00,1131.00,117.00,55.00,7.3357,-1,-1,-1
1728,2,1965.00,1047.00,134.00,77.00,7.0697,-1,-1,-1
1729,1,1500.00,1132.00,110.00,54.00,7.3505,-1,-1,-1
1729,2,1962.00,1048.00,135.00,77.00,7.1406,-1,-1,-1
1730,1,1496.00,1131.00,107.00,54.00,7.2909,-1,-1,-1
1730,2,1958.00,1048.00,133.00,76.00,7.2169,-1,-1,-1
1731,2,1952.00,1051.00,134.00,75.00,7.3006,-1,-1,-1
1731,1,1495.00,1131.00,106.00,52.00,7.1344,-1,-1,-1
1732,2,1949.00,1049.00,133.00,74.00,7.3286,-1,-1,-1
1732,1,1485.00,1131.00,111.00,53.00,7.1399,-1,-1,-1
1733,2,1944.00,1049.00,134.00,74.00,7.3765,-1,-1,-1
1733,1,1475.00,1130.00,118.00,55.00,7.0548,-1,-1,-1
1734,2,1938.00,1051.00,138.00,74.00,7.4472,-1,-1,-1
1734,1,1473.00,1129.00,114.00,54.00,7.1151,-1,-1,-1
1735,2,1937.00,1051.00,132.00,70.00,7.4895,-1,-1,-1
1735,1,1473.00,1128.00,109.00,56.00,7.1729,-1,-1,-1
1736,2,1934.00,1050.00,132.00,70.00,7.4953,-1,-1,-1
1736,1,1463.00,1128.00,114.00,55.00,7.1550,-1,-1,-1
1737,2,1928.00,1049.00,136.00,71.00,7.5250,-1,-1,-1
1737,1,1463.00,1128.00,107.00,54.00,7.1694,-1,-1,-1
1738,2,1927.00,1050.00,131.00,69.00,7.4343,-1,-1,-1
1738,1,1458.00,1127.00,109.00,56.00,7.0790,-1,-1,-1
1739,2,1919.00,1049.00,136.00,70.00,7.4088,-1,-1,-1
1739,1,1447.00,1126.00,117.00,58.00,7.1501,-1,-1,-1
1740,2,1916.00,1050.00,136.00,69.00,7.3972,-1,-1,-1
1740,1,1449.00,1127.00,107.00,56.00,7.1824,-1,-1,-1
1741,2,1919.00,1051.00,129.00,67.00,7.4073,-1,-1,-1
1741,1,1446.00,1126.00,108.00,56.00,7.1850,-1,-1,-1
1742,2,1916.00,1048.00,126.00,67.00,7.3555,-1,-1,-1
1742,1,1440.00,1126.00,110.00,56.00,7.2025,-1,-1,-1
1743,2,1909.00,1045.00,130.00,72.00,7.3013,-1,-1,-1
1743,1,1434.00,1124.00,114.00,58.00,7.1435,-1,-1,-1
1744,2,1902.00,1046.00,134.00,71.00,7.1405,-1,-1,-1
1744,1,1427.00,1125.00,119.00,56.00,6.9939,-1,-1,-1
1745,2,1898.00,1047.00,132.00,70.00,7.0798,-1,-1,-1
1745,1,1421.00,1122.00,129.00,57.00,6.9482,-1,-1,-1
1746,2,1890.00,1044.00,136.00,74.00,7.1101,-1,-1,-1
1746,1,1420.00,1121.00,127.00,57.00,7.0098,-1,-1,-1
1747,2,1887.00,1050.00,133.00,68.00,7.1329,-1,-1,-1
1747,1,1413.00,1119.00,130.00,63.00,7.0316,-1,-1,-1
1748,2,1879.00,1050.00,135.00,70.00,7.1822,-1,-1,-1
1748,1,1410.00,1120.00,128.00,59.00,7.0557,-1,-1,-1
1749,2,1875.00,1048.00,134.00,74.00,7.2020,-1,-1,-1
1749,1,1411.00,1121.00,120.00,57.00,7.0507,-1,-1,-1
1750,2,1871.00,1051.00,132.00,71.00,7.2492,-1,-1,-1
1750,1,1404.00,1122.00,116.00,57.00,6.9012,-1,-1,-1
1751,2,1862.00,1047.00,139.00,75.00,7.2520,-1,-1,-1
1751,1,1395.00,1120.00,126.00,59.00,6.9372,-1,-1,-1
1752,2,1861.00,1052.00,131.00,70.00,7.2597,-1,-1,-1
1752,1,1395.00,1123.00,113.00,55.00,6.9185,-1,-1,-1
1753,2,1856.00,1049.00,134.00,73.00,7.3110,-1,-1,-1
1753,1,1387.00,1121.00,115.00,57.00,6.9184,-1,-1,-1
1754,2,1855.00,1050.00,132.00,77.00,7.3045,-1,-1,-1
1754,1,1378.00,1120.00,121.00,57.00,6.8783,-1,-1,-1
1755,2,1854.00,1051.00,125.00,72.00,7.2714,-1,-1,-1
1755,1,1377.00,1122.00,114.00,54.00,7.0048,-1,-1,-1
1756,2,1845.00,1053.00,132.00,73.00,7.1848,-1,-1,-1
1756,1,1374.00,1124.00,106.00,51.00,7.0510,-1,-1,-1
1757,2,1836.00,1050.00,137.00,77.00,7.1791,-1,-1,-1
1757,1,1363.00,1121.00,116.00,55.00,7.1372,-1,-1,-1
1758,2,1832.00,1050.00,134.00,76.00,7.1745,-1,-1,-1
1758,1,1361.00,1121.00,111.00,53.00,7.0935,-1,-1,-1
1759,1,1353.00,1120.00,118.00,54.00,7.1797,-1,-1,-1
1759,2,1830.00,1048.00,133.00,78.00,7.1690,-1,-1,-1
1760,1,1349.00,1119.00,119.00,56.00,7.2685,-1,-1,-1
1760,2,1824.00,1051.00,133.00,73.00,7.2019,-1,-1,-1
1761,1,1340.00,1122.00,119.00,51.00,7.2678,-1,-1,-1
1761,2,1814.00,1045.00,136.00,81.00,7.2283,-1,-1,-1
1762,1,1339.00,1122.00,116.00,51.00,7.2690,-1,-1,-1
1762,2,1822.00,1051.00,124.00,72.00,7.2190,-1,-1,-1
1763,2,1810.00,1052.00,132.00,73.00,7.2416,-1,-1,-1
1763,1,1341.00,1121.00,104.00,51.00,7.0575,-1,-1,-1
1764,2,1807.00,1051.00,130.00,75.00,7.2695,-1,-1,-1
1764,1,1331.00,1122.00,115.00,49.00,7.0123,-1,-1,-1
1765,2,1808.00,1055.00,123.00,70.00,7.2378,-1,-1,-1
1765,1,1325.00,1120.00,112.00,52.00,7.0703,-1,-1,-1
1766,2,1800.00,1054.00,128.00,72.00,7.2218,-1,-1,-1
1766,1,1315.00,1119.00,122.00,53.00,7.1455,-1,-1,-1
1767,1,1309.00,1117.00,121.00,59.00,7.1732,-1,-1,-1
1767,2,1795.00,1053.00,132.00,73.00,7.1533,-1,-1,-1
1768,2,1785.00,1053.00,133.00,76.00,7.2046,-1,-1,-1
1768,1,1302.00,1120.00,124.00,55.00,7.1706,-1,-1,-1
1769,2,1782.00,1055.00,131.00,76.00,7.2391,-1,-1,-1
1769,1,1299.00,1118.00,115.00,60.00,7.2203,-1,-1,-1
1770,1,1290.00,1117.00,122.00,57.00,7.2608,-1,-1,-1
1770,2,1778.00,1055.00,130.00,75.00,7.2534,-1,-1,-1
1771,1,1291.00,1118.00,112.00,55.00,7.3036,-1,-1,-1
1771,2,1773.00,1054.00,132.00,81.00,7.2452,-1,-1,-1
1772,2,1769.00,1053.00,133.00,79.00,7.2497,-1,-1,-1
1772,1,1283.00,1121.00,118.00,52.00,7.1508,-1,-1,-1
1773,2,1762.00,1054.00,134.00,80.00,7.2927,-1,-1,-1
1773,1,1282.00,1118.00,114.00,53.00,7.2441,-1,-1,-1
1774,2,1758.00,1052.00,134.00,84.00,7.3136,-1,-1,-1
1774,1,1281.00,1117.00,113.00,56.00,7.3089,-1,-1,-1
1775,2,1755.00,1051.00,134.00,84.00,7.3424,-1,-1,-1
1775,1,1277.00,1117.00,109.00,55.00,7.3191,-1,-1,-1
1776,2,1750.00,1054.00,134.00,84.00,7.3152,-1,-1,-1
1776,1,1272.00,1118.00,109.00,54.00,7.2509,-1,-1,-1
1777,2,1744.00,1054.00,132.00,81.00,7.2903,-1,-1,-1
1777,1,1266.00,1116.00,115.00,55.00,7.2297,-1,-1,-1
1778,2,1740.00,1054.00,132.00,81.00,7.2911,-1,-1,-1
1778,1,1258.00,1116.00,117.00,57.00,7.2353,-1,-1,-1
1779,2,1738.00,1053.00,128.00,81.00,7.3080,-1,-1,-1
1779,1,1257.00,1114.00,114.00,55.00,7.3074,-1,-1,-1
1780,1,1254.00,1113.00,115.00,60.00,7.3630,-1,-1,-1
1780,2,1737.00,1054.00,124.00,80.00,7.2874,-1,-1,-1
1781,1,1248.00,1115.00,117.00,58.00,7.3562,-1,-1,-1
1781,2,1735.00,1053.00,126.00,79.00,7.2805,-1,-1,-1
1782,1,1242.00,1115.00,121.00,57.00,7.3721,-1,-1,-1
1782,2,1730.00,1053.00,127.00,78.00,7.2570,-1,-1,-1
1783,1,1240.00,1114.00,118.00,59.00,7.3905,-1,-1,-1
1783,2,1731.00,1054.00,122.00,77.00,7.1551,-1,-1,-1
1784,1,1238.00,1117.00,112.00,56.00,7.3411,-1,-1,-1
1784,2,1724.00,1056.00,126.00,75.00,7.1633,-1,-1,-1
1785,1,1236.00,1115.00,117.00,56.00,7.3183,-1,-1,-1
1785,2,1721.00,1056.00,126.00,74.00,7.1691,-1,-1,-1
1786,1,1235.00,1115.00,117.00,55.00,7.2808,-1,-1,-1
1786,2,1720.00,1060.00,123.00,71.00,7.1706,-1,-1,-1
1787,1,1232.00,1117.00,117.00,51.00,7.2473,-1,-1,-1
1787,2,1714.00,1060.00,126.00,72.00,7.1769,-1,-1,-1
1788,1,1230.00,1114.00,118.00,55.00,7.2259,-1,-1,-1
1788,2,1714.00,1055.00,122.00,74.00,7.1847,-1,-1,-1
1789,1,1230.00,1115.00,118.00,54.00,7.2041,-1,-1,-1
1789,2,1710.00,1059.00,125.00,72.00,7.1947,-1,-1,-1
1790,2,1706.00,1060.00,128.00,72.00,7.1904,-1,-1,-1
1790,1,1228.00,1116.00,116.00,52.00,7.1794,-1,-1,-1
1791,1,1228.00,1116.00,116.00,52.00,7.1588,-1,-1,-1
1791,2,1702.00,1056.00,131.00,75.00,7.1564,-1,-1,-1
1792,2,1701.00,1059.00,132.00,75.00,7.1739,-1,-1,-1
1792,1,1226.00,1115.00,116.00,54.00,7.1554,-1,-1,-1
1793,1,1225.00,1114.00,116.00,54.00,7.1678,-1,-1,-1
1793,2,1699.00,1059.00,130.00,73.00,7.1623,-1,-1,-1
1794,1,1218.00,1111.00,123.00,58.00,7.1986,-1,-1,-1
1794,2,1695.00,1057.00,133.00,76.00,7.1963,-1,-1,-1
1795,1,1217.00,1108.00,125.00,59.00,7.2425,-1,-1,-1
1795,2,1693.00,1054.00,133.00,79.00,7.2248,-1,-1,-1
1796,1,1215.00,1109.00,126.00,58.00,7.3026,-1,-1,-1
1796,2,1692.00,1053.00,133.00,79.00,7.2757,-1,-1,-1
1797,1,1213.00,1108.00,128.00,62.00,7.3649,-1,-1,-1
1797,2,1688.00,1052.00,136.00,81.00,7.3226,-1,-1,-1
1798,1,1210.00,1107.00,132.00,61.00,7.4214,-1,-1,-1
1798,2,1686.00,1054.00,138.00,81.00,7.3473,-1,-1,-1
1799,1,1207.00,1105.00,134.00,63.00,7.4516,-1,-1,-1
1799,2,1683.00,1055.00,140.00,81.00,7.3544,-1,-1,-1
1800,1,1214.00,1108.00,125.00,57.00,7.4432,-1,-1,-1
1800,2,1683.00,1050.00,141.00,87.00,7.3654,-1,-1,-1
1801,1,1216.00,1109.00,128.00,56.00,7.3867,-1,-1,-1
1801,2,1686.00,1056.00,136.00,81.00,7.3261,-1,-1,-1
1802,2,1682.00,1055.00,141.00,83.00,7.3135,-1,-1,-1
1802,1,1215.00,1108.00,127.00,55.00,7.3022,-1,-1,-1
1803,2,1686.00,1060.00,135.00,77.00,7.2563,-1,-1,-1
1803,1,1217.00,1110.00,121.00,52.00,7.2197,-1,-1,-1
1804,1,1215.00,1108.00,119.00,55.00,7.2192,-1,-1,-1
1804,2,1686.00,1062.00,135.00,74.00,7.1792,-1,-1,-1
1805,1,1211.00,1107.00,121.00,55.00,7.1281,-1,-1,-1
1805,2,1689.00,1066.00,131.00,70.00,7.1039,-1,-1,-1
1806,1,1214.00,1108.00,114.00,55.00,7.0768,-1,-1,-1
1806,2,1692.00,1070.00,129.00,65.00,6.9868,-1,-1,-1
1807,1,1208.00,1105.00,116.00,58.00,7.0230,-1,-1,-1
1807,2,1692.00,1071.00,129.00,65.00,6.8635,-1,-1,-1
1808,1,1212.00,1107.00,110.00,54.00,6.9697,-1,-1,-1
1808,2,1698.00,1074.00,125.00,62.00,6.7568,-1,-1,-1
1809,1,1210.00,1105.00,109.00,55.00,6.8014,-1,-1,-1
1809,2,1694.00,1072.00,130.00,64.00,6.7253,-1,-1,-1
1810,1,1210.00,1106.00,111.00,55.00,6.7921,-1,-1,-1
1810,2,1694.00,1071.00,132.00,67.00,6.7556,-1,-1,-1
1811,1,1218.00,1109.00,108.00,52.00,6.7938,-1,-1,-1
1811,2,1694.00,1074.00,129.00,65.00,6.7823,-1,-1,-1
1812,1,1209.00,1105.00,119.00,59.00,6.8397,-1,-1,-1
1812,2,1700.00,1074.00,129.00,64.00,6.7378,-1,-1,-1
1813,1,1218.00,1109.00,107.00,54.00,6.8546,-1,-1,-1
1813,2,1701.00,1074.00,131.00,65.00,6.6978,-1,-1,-1
1814,1,1220.00,1110.00,105.00,53.00,6.8893,-1,-1,-1
1814,2,1703.00,1074.00,130.00,64.00,6.5963,-1,-1,-1
1815,1,1218.00,1111.00,109.00,53.00,6.9292,-1,-1,-1
1815,2,1701.00,1074.00,132.00,66.00,6.5861,-1,-1,-1
1816,1,1221.00,1113.00,108.00,50.00,6.9393,-1,-1,-1
1816,2,1701.00,1072.00,132.00,69.00,6.5922,-1,-1,-1
1817,1,1224.00,1115.00,104.00,47.00,6.9137,-1,-1,-1
1817,2,1703.00,1073.00,132.00,69.00,6.5935,-1,-1,-1
1818,1,1224.00,1116.00,102.00,46.00,6.8352,-1,-1,-1
1818,2,1705.00,1073.00,130.00,70.00,6.6611,-1,-1,-1
1819,1,1224.00,1116.00,105.00,48.00,6.7918,-1,-1,-1
1819,2,1704.00,1072.00,132.00,72.00,6.7384,-1,-1,-1
1820,2,1702.00,1073.00,135.00,71.00,6.7592,-1,-1,-1
1820,1,1230.00,1115.00,102.00,49.00,6.7583,-1,-1,-1
1821,2,1702.00,1072.00,137.00,76.00,6.8618,-1,-1,-1
1821,1,1234.00,1114.00,99.00,50.00,6.7591,-1,-1,-1
1822,2,1701.00,1072.00,138.00,79.00,6.9928,-1,-1,-1
1822,1,1231.00,1111.00,109.00,55.00,6.7762,-1,-1,-1
1823,2,1702.00,1072.00,136.00,78.00,7.0696,-1,-1,-1
1823,1,1229.00,1109.00,120.00,56.00,6.8269,-1,-1,-1
1824,2,1704.00,1071.00,136.00,79.00,7.0838,-1,-1,-1
1824,1,1228.00,1107.00,123.00,59.00,6.9114,-1,-1,-1
1825,2,1706.00,1069.00,135.00,82.00,7.0854,-1,-1,-1
1825,1,1230.00,1107.00,121.00,58.00,6.9842,-1,-1,-1
1826,2,1707.00,1068.00,134.00,84.00,7.0913,-1,-1,-1
1826,1,1228.00,1106.00,124.00,59.00,7.0774,-1,-1,-1
1827,1,1226.00,1106.00,125.00,59.00,7.1961,-1,-1,-1
1827,2,1710.00,1067.00,131.00,83.00,7.0683,-1,-1,-1
1828,1,1227.00,1107.00,122.00,57.00,7.3109,-1,-1,-1
1828,2,1713.00,1065.00,130.00,84.00,7.0225,-1,-1,-1
1829,1,1229.00,1104.00,121.00,60.00,7.4014,-1,-1,-1
1829,2,1714.00,1064.00,130.00,80.00,6.9923,-1,-1,-1
1830,1,1227.00,1105.00,122.00,59.00,7.4863,-1,-1,-1
1830,2,1711.00,1063.00,133.00,82.00,6.9107,-1,-1,-1
1831,1,1229.00,1109.00,118.00,54.00,7.5255,-1,-1,-1
1831,2,1716.00,1065.00,129.00,78.00,6.9248,-1,-1,-1
1832,1,1227.00,1107.00,122.00,56.00,7.5726,-1,-1,-1
1832,2,1716.00,1066.00,129.00,77.00,6.9443,-1,-1,-1
1833,1,1231.00,1109.00,114.00,52.00,7.5498,-1,-1,-1
1833,2,1715.00,1065.00,131.00,78.00,6.9617,-1,-1,-1
1834,1,1232.00,1108.00,116.00,53.00,7.5352,-1,-1,-1
1834,2,1715.00,1066.00,132.00,77.00,6.9961,-1,-1,-1
1835,1,1234.00,1108.00,114.00,54.00,7.5644,-1,-1,-1
1835,2,1713.00,1065.00,134.00,79.00,7.0250,-1,-1,-1
1836,1,1236.00,1108.00,112.00,53.00,7.5692,-1,-1,-1
1836,2,1712.00,1066.00,135.00,78.00,7.0261,-1,-1,-1
1837,1,1236.00,1108.00,114.00,54.00,7.5693,-1,-1,-1
1837,2,1712.00,1069.00,133.00,75.00,6.9777,-1,-1,-1
1838,1,1234.00,1108.00,114.00,52.00,7.4597,-1,-1,-1
1838,2,1713.00,1067.00,134.00,76.00,6.9382,-1,-1,-1
1839,1,1232.00,1103.00,118.00,58.00,7.4171,-1,-1,-1
1839,2,1713.00,1070.00,133.00,74.00,6.8670,-1,-1,-1
1840,1,1231.00,1104.00,119.00,57.00,7.4039,-1,-1,-1
1840,2,1714.00,1075.00,130.00,70.00,6.8576,-1,-1,-1
1841,1,1228.00,1105.00,117.00,56.00,7.3818,-1,-1,-1
1841,2,1712.00,1075.00,130.00,73.00,6.8893,-1,-1,-1
1842,1,1227.00,1107.00,116.00,54.00,7.3092,-1,-1,-1
1842,2,1711.00,1076.00,130.00,71.00,6.9061,-1,-1,-1
1843,1,1229.00,1106.00,111.00,56.00,7.1261,-1,-1,-1
1843,2,1712.00,1074.00,128.00,72.00,6.8305,-1,-1,-1
1844,1,1223.00,1110.00,111.00,52.00,6.9938,-1,-1,-1
1844,2,1707.00,1071.00,130.00,75.00,6.8252,-1,-1,-1
1845,1,1220.00,1108.00,114.00,53.00,6.9474,-1,-1,-1
1845,2,1706.00,1072.00,131.00,75.00,6.8622,-1,-1,-1
1846,1,1221.00,1109.00,115.00,56.00,6.9912,-1,-1,-1
1846,2,1706.00,1074.00,131.00,73.00,6.8440,-1,-1,-1
1847,1,1219.00,1109.00,122.00,57.00,7.0100,-1,-1,-1
1847,2,1719.00,1082.00,115.00,65.00,6.7505,-1,-1,-1
1848,1,1221.00,1113.00,117.00,53.00,6.9532,-1,-1,-1
1848,2,1701.00,1075.00,133.00,73.00,6.8259,-1,-1,-1
1849,2,1698.00,1073.00,133.00,76.00,6.8095,-1,-1,-1
1849,1,1232.00,1115.00,107.00,52.00,6.6902,-1,-1,-1
1850,2,1696.00,1073.00,134.00,80.00,6.8724,-1,-1,-1
1850,1,1223.00,1115.00,116.00,55.00,6.6328,-1,-1,-1
1851,2,1697.00,1077.00,131.00,76.00,6.8755,-1,-1,-1
1851,1,1223.00,1115.00,115.00,55.00,6.4962,-1,-1,-1
1852,2,1697.00,1075.00,131.00,79.00,6.9011,-1,-1,-1
1852,1,1219.00,1117.00,115.00,58.00,5.9964,-1,-1,-1
1853,2,1694.00,1076.00,133.00,75.00,6.9235,-1,-1,-1
1853,1,1215.00,1121.00,110.00,54.00,5.5726,-1,-1,-1
1854,2,1693.00,1077.00,133.00,75.00,6.9778,-1,-1,-1
1854,1,1215.00,1122.00,111.00,62.00,5.5501,-1,-1,-1
1855,2,1695.00,1080.00,130.00,73.00,6.9794,-1,-1,-1
1855,1,1210.00,1123.00,117.00,62.00,5.6827,-1,-1,-1
1856,2,1704.00,1083.00,119.00,68.00,6.8783,-1,-1,-1
1856,1,1218.00,1122.00,109.00,64.00,5.7598,-1,-1,-1
1857,2,1695.00,1081.00,127.00,73.00,6.9113,-1,-1,-1
1857,1,1212.00,1118.00,119.00,66.00,5.7802,-1,-1,-1
1858,2,1693.00,1083.00,130.00,70.00,6.9301,-1,-1,-1
1858,1,1211.00,1122.00,117.00,66.00,5.9437,-1,-1,-1
1859,2,1693.00,1083.00,130.00,73.00,6.9529,-1,-1,-1
1859,1,1211.00,1125.00,120.00,60.00,6.0287,-1,-1,-1
1860,2,1695.00,1083.00,129.00,75.00,6.9916,-1,-1,-1
1860,1,1211.00,1125.00,118.00,62.00,6.2353,-1,-1,-1
1861,2,1693.00,1079.00,132.00,82.00,7.0375,-1,-1,-1
1861,1,1209.00,1127.00,118.00,62.00,6.4596,-1,-1,-1
1862,2,1690.00,1080.00,134.00,82.00,7.0889,-1,-1,-1
1862,1,1203.00,1127.00,124.00,61.00,6.6048,-1,-1,-1
1863,2,1689.00,1078.00,136.00,83.00,7.1406,-1,-1,-1
1863,1,1202.00,1130.00,116.00,58.00,6.5289,-1,-1,-1
1864,2,1689.00,1078.00,134.00,82.00,7.1779,-1,-1,-1
1864,1,1202.00,1132.00,120.00,56.00,6.6468,-1,-1,-1
1865,2,1688.00,1078.00,134.00,84.00,7.2026,-1,-1,-1
1865,1,1200.00,1134.00,124.00,53.00,6.7365,-1,-1,-1
1866,2,1685.00,1079.00,134.00,83.00,7.2082,-1,-1,-1
1866,1,1202.00,1135.00,117.00,55.00,6.7895,-1,-1,-1
1867,2,1682.00,1082.00,133.00,81.00,7.2387,-1,-1,-1
1867,1,1200.00,1134.00,126.00,57.00,6.8968,-1,-1,-1
1868,2,1679.00,1083.00,133.00,81.00,7.2793,-1,-1,-1
1868,1,1199.00,1136.00,123.00,55.00,6.8974,-1,-1,-1
1869,2,1682.00,1087.00,129.00,78.00,7.1362,-1,-1,-1
1869,1,1200.00,1141.00,118.00,51.00,6.8271,-1,-1,-1
1870,2,1680.00,1086.00,132.00,78.00,7.0515,-1,-1,-1
1870,1,1207.00,1142.00,112.00,50.00,6.6937,-1,-1,-1
1871,2,1676.00,1084.00,137.00,80.00,7.0230,-1,-1,-1
1871,1,1197.00,1143.00,118.00,52.00,6.5824,-1,-1,-1
1872,2,1672.00,1082.00,141.00,84.00,7.0892,-1,-1,-1
1872,1,1203.00,1145.00,113.00,51.00,6.6257,-1,-1,-1
1873,2,1672.00,1079.00,141.00,87.00,7.1852,-1,-1,-1
1873,1,1208.00,1149.00,103.00,49.00,6.5234,-1,-1,-1
1874,2,1673.00,1081.00,140.00,86.00,7.2360,-1,-1,-1
1874,1,1196.00,1148.00,117.00,51.00,6.6132,-1,-1,-1
1875,2,1674.00,1083.00,140.00,83.00,7.2035,-1,-1,-1
1875,1,1215.00,1153.00,93.00,46.00,6.5488,-1,-1,-1
1876,2,1675.00,1087.00,138.00,80.00,7.1950,-1,-1,-1
1876,1,1193.00,1150.00,115.00,53.00,6.5542,-1,-1,-1
1877,2,1676.00,1089.00,137.00,78.00,7.1692,-1,-1,-1
1877,1,1198.00,1150.00,112.00,53.00,6.6521,-1,-1,-1
1878,2,1673.00,1086.00,139.00,79.00,7.1862,-1,-1,-1
1878,1,1194.00,1150.00,113.00,55.00,6.7041,-1,-1,-1
1879,2,1671.00,1086.00,143.00,82.00,7.2081,-1,-1,-1
1879,1,1194.00,1150.00,115.00,58.00,6.8355,-1,-1,-1
1880,2,1673.00,1085.00,142.00,82.00,7.1885,-1,-1,-1
1880,1,1194.00,1152.00,117.00,58.00,6.9640,-1,-1,-1
1881,1,1193.00,1151.00,116.00,60.00,7.0737,-1,-1,-1
1881,2,1678.00,1087.00,136.00,80.00,7.0427,-1,-1,-1
1882,1,1194.00,1152.00,114.00,59.00,7.1660,-1,-1,-1
1882,2,1675.00,1087.00,140.00,80.00,6.9818,-1,-1,-1
1883,1,1191.00,1150.00,118.00,63.00,7.1913,-1,-1,-1
1883,2,1671.00,1086.00,142.00,82.00,7.0343,-1,-1,-1
1884,1,1193.00,1152.00,118.00,63.00,7.2395,-1,-1,-1
1884,2,1673.00,1086.00,140.00,83.00,7.0889,-1,-1,-1
1885,1,1195.00,1156.00,113.00,58.00,7.2511,-1,-1,-1
1885,2,1673.00,1085.00,140.00,85.00,7.1491,-1,-1,-1
1886,1,1195.00,1157.00,115.00,59.00,7.2438,-1,-1,-1
1886,2,1673.00,1088.00,141.00,83.00,7.1559,-1,-1,-1
1887,1,1195.00,1158.00,117.00,60.00,7.2654,-1,-1,-1
1887,2,1674.00,1089.00,139.00,81.00,7.1475,-1,-1,-1
1888,1,1211.00,1160.00,106.00,58.00,7.1458,-1,-1,-1
1888,2,1676.00,1093.00,137.00,77.00,7.0815,-1,-1,-1
1889,1,1200.00,1161.00,115.00,59.00,7.1286,-1,-1,-1
1889,2,1676.00,1095.00,137.00,78.00,7.0384,-1,-1,-1
1890,1,1198.00,1161.00,118.00,61.00,7.0870,-1,-1,-1
1890,2,1677.00,1093.00,135.00,79.00,7.0072,-1,-1,-1
1891,1,1203.00,1162.00,116.00,58.00,7.0736,-1,-1,-1
1891,2,1678.00,1099.00,134.00,72.00,7.0347,-1,-1,-1
1892,2,1679.00,1097.00,133.00,76.00,7.0546,-1,-1,-1
1892,1,1205.00,1162.00,113.00,60.00,7.0460,-1,-1,-1
1893,1,1212.00,1164.00,107.00,58.00,7.0803,-1,-1,-1
1893,2,1681.00,1098.00,134.00,76.00,6.9975,-1,-1,-1
1894,1,1207.00,1165.00,112.00,59.00,7.0613,-1,-1,-1
1894,2,1681.00,1096.00,136.00,79.00,6.9271,-1,-1,-1
1895,1,1203.00,1167.00,114.00,59.00,7.0655,-1,-1,-1
1895,2,1683.00,1098.00,133.00,76.00,6.9628,-1,-1,-1
1896,1,1203.00,1168.00,116.00,58.00,7.0627,-1,-1,-1
1896,2,1681.00,1096.00,134.00,78.00,7.0220,-1,-1,-1
1897,1,1201.00,1170.00,117.00,58.00,7.0691,-1,-1,-1
1897,2,1681.00,1099.00,132.00,73.00,7.0651,-1,-1,-1
1898,2,1684.00,1100.00,135.00,72.00,7.1159,-1,-1,-1
1898,1,1204.00,1171.00,118.00,57.00,7.0748,-1,-1,-1
1899,2,1684.00,1097.00,139.00,78.00,7.1841,-1,-1,-1
1899,1,1202.00,1172.00,126.00,59.00,7.0081,-1,-1,-1
1900,2,1688.00,1100.00,137.00,74.00,7.2071,-1,-1,-1
1900,1,1208.00,1172.00,118.00,58.00,6.9315,-1,-1,-1
1901,2,1684.00,1099.00,141.00,77.00,7.2719,-1,-1,-1
1901,1,1205.00,1173.00,126.00,59.00,6.9383,-1,-1,-1
1902,2,1687.00,1105.00,139.00,68.00,7.2889,-1,-1,-1
1902,1,1206.00,1173.00,126.00,61.00,6.9562,-1,-1,-1
1903,2,1693.00,1105.00,132.00,66.00,7.3018,-1,-1,-1
1903,1,1215.00,1177.00,117.00,56.00,6.9720,-1,-1,-1
1904,2,1697.00,1105.00,133.00,66.00,7.2754,-1,-1,-1
1904,1,1216.00,1179.00,117.00,56.00,6.9738,-1,-1,-1
1905,2,1724.00,1110.00,108.00,56.00,7.1668,-1,-1,-1
1905,1,1221.00,1181.00,113.00,54.00,6.8938,-1,-1,-1
1906,2,1720.00,1109.00,114.00,59.00,7.0923,-1,-1,-1
1906,1,1221.00,1180.00,117.00,55.00,6.7131,-1,-1,-1
1907,2,1724.00,1112.00,112.00,55.00,7.0425,-1,-1,-1
1907,1,1231.00,1181.00,104.00,54.00,6.5489,-1,-1,-1
1908,2,1719.00,1110.00,118.00,58.00,6.9777,-1,-1,-1
1908,1,1231.00,1182.00,108.00,54.00,6.4705,-1,-1,-1
1909,2,1720.00,1111.00,118.00,61.00,6.9199,-1,-1,-1
1909,1,1247.00,1184.00,92.00,50.00,6.5187,-1,-1,-1
1910,2,1708.00,1108.00,131.00,67.00,6.9311,-1,-1,-1
1910,1,1236.00,1184.00,106.00,53.00,6.5731,-1,-1,-1
1911,2,1714.00,1107.00,128.00,66.00,6.9699,-1,-1,-1
1911,1,1235.00,1184.00,112.00,55.00,6.6083,-1,-1,-1
1912,2,1719.00,1106.00,124.00,68.00,6.9811,-1,-1,-1
1912,1,1233.00,1184.00,116.00,57.00,6.6748,-1,-1,-1
1913,2,1718.00,1105.00,127.00,71.00,7.0080,-1,-1,-1
1913,1,1246.00,1187.00,104.00,52.00,6.7404,-1,-1,-1
1914,2,1730.00,1109.00,119.00,68.00,6.8817,-1,-1,-1
1914,1,1245.00,1186.00,109.00,56.00,6.7513,-1,-1,-1
1915,2,1722.00,1105.00,129.00,74.00,6.8816,-1,-1,-1
1915,1,1247.00,1187.00,109.00,56.00,6.7787,-1,-1,-1
1916,2,1721.00,1103.00,131.00,74.00,6.9201,-1,-1,-1
1916,1,1245.00,1189.00,110.00,59.00,6.8812,-1,-1,-1
1917,1,1245.00,1189.00,115.00,60.00,6.9730,-1,-1,-1
1917,2,1724.00,1103.00,132.00,74.00,6.9289,-1,-1,-1
1918,1,1254.00,1191.00,107.00,57.00,7.0243,-1,-1,-1
1918,2,1727.00,1104.00,133.00,73.00,6.8944,-1,-1,-1
1919,1,1252.00,1193.00,111.00,55.00,7.0720,-1,-1,-1
1919,2,1736.00,1105.00,129.00,72.00,6.9276,-1,-1,-1
1920,1,1256.00,1191.00,120.00,58.00,7.0161,-1,-1,-1
1920,2,1741.00,1106.00,127.00,72.00,6.9509,-1,-1,-1
1921,2,1740.00,1106.00,129.00,73.00,6.9991,-1,-1,-1
1921,1,1255.00,1193.00,125.00,58.00,6.9482,-1,-1,-1
1922,2,1736.00,1104.00,136.00,78.00,7.0710,-1,-1,-1
1922,1,1263.00,1194.00,113.00,56.00,6.7955,-1,-1,-1
1923,2,1739.00,1111.00,132.00,69.00,7.1128,-1,-1,-1
1923,1,1266.00,1195.00,113.00,59.00,6.7431,-1,-1,-1
1924,2,1743.00,1109.00,134.00,70.00,7.1207,-1,-1,-1
1924,1,1270.00,1194.00,115.00,60.00,6.6627,-1,-1,-1
1925,2,1749.00,1108.00,132.00,71.00,7.1280,-1,-1,-1
1925,1,1271.00,1195.00,118.00,60.00,6.6199,-1,-1,-1
1926,2,1752.00,1108.00,132.00,73.00,7.1150,-1,-1,-1
1926,1,1274.00,1197.00,119.00,59.00,6.6038,-1,-1,-1
1927,2,1755.00,1108.00,129.00,75.00,7.1527,-1,-1,-1
1927,1,1281.00,1199.00,118.00,60.00,6.6447,-1,-1,-1
1928,2,1756.00,1108.00,132.00,76.00,7.1733,-1,-1,-1
1928,1,1282.00,1197.00,120.00,63.00,6.7208,-1,-1,-1
1929,2,1761.00,1107.00,132.00,77.00,7.2141,-1,-1,-1
1929,1,1292.00,1199.00,114.00,62.00,6.5933,-1,-1,-1
1930,2,1759.00,1108.00,135.00,76.00,7.3057,-1,-1,-1
1930,1,1293.00,1199.00,116.00,63.00,6.6923,-1,-1,-1
1931,2,1762.00,1106.00,138.00,79.00,7.3839,-1,-1,-1
1931,1,1302.00,1200.00,109.00,61.00,6.6736,-1,-1,-1
1932,2,1766.00,1107.00,135.00,79.00,7.4193,-1,-1,-1
1932,1,1299.00,1204.00,111.00,60.00,6.6828,-1,-1,-1
1933,2,1767.00,1107.00,139.00,79.00,7.4426,-1,-1,-1
1933,1,1305.00,1206.00,108.00,58.00,6.7071,-1,-1,-1
1934,2,1772.00,1108.00,137.00,78.00,7.4266,-1,-1,-1
1934,1,1306.00,1206.00,112.00,61.00,6.8290,-1,-1,-1
1935,2,1776.00,1108.00,134.00,79.00,7.4552,-1,-1,-1
1935,1,1312.00,1207.00,110.00,59.00,6.9028,-1,-1,-1
1936,2,1779.00,1111.00,133.00,76.00,7.3963,-1,-1,-1
1936,1,1313.00,1208.00,111.00,60.00,6.9703,-1,-1,-1
1937,2,1780.00,1113.00,139.00,74.00,7.3071,-1,-1,-1
1937,1,1315.00,1209.00,112.00,60.00,7.0174,-1,-1,-1
1938,2,1786.00,1115.00,136.00,73.00,7.2457,-1,-1,-1
1938,1,1316.00,1211.00,114.00,59.00,7.0205,-1,-1,-1
1939,2,1788.00,1114.00,137.00,74.00,7.1847,-1,-1,-1
1939,1,1313.00,1211.00,122.00,64.00,7.0330,-1,-1,-1
1940,2,1793.00,1114.00,136.00,73.00,7.1716,-1,-1,-1
1940,1,1325.00,1215.00,110.00,58.00,7.0487,-1,-1,-1
1941,2,1800.00,1117.00,130.00,70.00,7.0827,-1,-1,-1
1941,1,1327.00,1215.00,113.00,62.00,7.0438,-1,-1,-1
1942,2,1803.00,1113.00,131.00,73.00,7.0594,-1,-1,-1
1942,1,1330.00,1216.00,122.00,61.00,7.0259,-1,-1,-1
1943,1,1335.00,1212.00,119.00,67.00,7.0617,-1,-1,-1
1943,2,1807.00,1113.00,130.00,74.00,6.9961,-1,-1,-1
1944,1,1337.00,1214.00,122.00,66.00,7.0863,-1,-1,-1
1944,2,1808.00,1115.00,134.00,73.00,6.9587,-1,-1,-1
1945,1,1346.00,1215.00,113.00,64.00,7.0534,-1,-1,-1
1945,2,1813.00,1117.00,131.00,70.00,6.9541,-1,-1,-1
1946,1,1350.00,1217.00,112.00,63.00,7.0434,-1,-1,-1
1946,2,1813.00,1116.00,137.00,72.00,7.0373,-1,-1,-1
1947,2,1817.00,1117.00,138.00,72.00,7.1031,-1,-1,-1
1947,1,1354.00,1217.00,117.00,65.00,7.0769,-1,-1,-1
1948,2,1820.00,1118.00,137.00,74.00,7.1747,-1,-1,-1
1948,1,1360.00,1218.00,114.00,65.00,7.0676,-1,-1,-1
1949,2,1824.00,1119.00,132.00,74.00,7.2657,-1,-1,-1
1949,1,1372.00,1221.00,105.00,62.00,7.1079,-1,-1,-1
1950,2,1830.00,1118.00,135.00,72.00,7.2353,-1,-1,-1
1950,1,1377.00,1222.00,104.00,61.00,7.1306,-1,-1,-1
1951,2,1832.00,1123.00,138.00,68.00,7.2350,-1,-1,-1
1951,1,1377.00,1221.00,113.00,62.00,7.1993,-1,-1,-1
1952,1,1383.00,1224.00,113.00,61.00,7.2063,-1,-1,-1
1952,2,1842.00,1121.00,132.00,67.00,7.1904,-1,-1,-1
1953,2,1842.00,1119.00,139.00,72.00,7.2252,-1,-1,-1
1953,1,1386.00,1226.00,111.00,60.00,7.1496,-1,-1,-1
1954,1,1395.00,1227.00,108.00,61.00,7.1634,-1,-1,-1
1954,2,1852.00,1120.00,129.00,71.00,7.1513,-1,-1,-1
1955,1,1399.00,1229.00,107.00,58.00,7.0922,-1,-1,-1
1955,2,1856.00,1118.00,132.00,68.00,7.0383,-1,-1,-1
1956,1,1400.00,1229.00,110.00,63.00,7.0864,-1,-1,-1
1956,2,1862.00,1118.00,131.00,68.00,7.0059,-1,-1,-1
1957,1,1401.00,1231.00,115.00,62.00,7.1323,-1,-1,-1
1957,2,1866.00,1119.00,131.00,67.00,7.0303,-1,-1,-1
1958,1,1411.00,1232.00,110.00,62.00,7.1590,-1,-1,-1
1958,2,1870.00,1117.00,133.00,67.00,7.0984,-1,-1,-1
1959,1,1407.00,1230.00,120.00,68.00,7.2159,-1,-1,-1
1959,2,1877.00,1116.00,131.00,68.00,7.0324,-1,-1,-1
1960,1,1411.00,1231.00,122.00,68.00,7.2732,-1,-1,-1
1960,2,1881.00,1117.00,128.00,68.00,6.9803,-1,-1,-1
1961,1,1417.00,1233.00,115.00,65.00,7.3051,-1,-1,-1
1961,2,1883.00,1116.00,129.00,68.00,7.0431,-1,-1,-1
1962,1,1431.00,1235.00,109.00,62.00,7.3258,-1,-1,-1
1962,2,1892.00,1115.00,125.00,68.00,7.1205,-1,-1,-1
1963,1,1427.00,1234.00,118.00,68.00,7.3437,-1,-1,-1
1963,2,1894.00,1113.00,132.00,71.00,7.1949,-1,-1,-1
1964,1,1435.00,1235.00,113.00,66.00,7.3210,-1,-1,-1
1964,2,1896.00,1112.00,133.00,71.00,7.2428,-1,-1,-1
1965,1,1438.00,1235.00,116.00,69.00,7.3709,-1,-1,-1
1965,2,1904.00,1111.00,127.00,72.00,7.2021,-1,-1,-1
1966,1,1442.00,1237.00,111.00,65.00,7.4213,-1,-1,-1
1966,2,1905.00,1108.00,129.00,73.00,7.2713,-1,-1,-1
1967,1,1444.00,1231.00,120.00,69.00,7.4610,-1,-1,-1
1967,2,1908.00,1102.00,130.00,72.00,7.3095,-1,-1,-1
1968,1,1451.00,1228.00,117.00,64.00,7.3937,-1,-1,-1
1968,2,1916.00,1099.00,128.00,72.00,7.3693,-1,-1,-1
1969,2,1916.00,1088.00,135.00,76.00,7.3852,-1,-1,-1
1969,1,1458.00,1221.00,115.00,65.00,7.3547,-1,-1,-1
1970,2,1920.00,1084.00,133.00,75.00,7.4072,-1,-1,-1
1970,1,1464.00,1215.00,115.00,65.00,7.3581,-1,-1,-1
1971,2,1927.00,1078.00,129.00,73.00,7.4266,-1,-1,-1
1971,1,1468.00,1210.00,112.00,67.00,7.4247,-1,-1,-1
1972,1,1467.00,1204.00,117.00,71.00,7.4895,-1,-1,-1
1972,2,1925.00,1071.00,131.00,75.00,7.3558,-1,-1,-1
1973,1,1475.00,1202.00,114.00,65.00,7.5092,-1,-1,-1
1973,2,1926.00,1061.00,136.00,77.00,7.3986,-1,-1,-1
1974,1,1479.00,1199.00,111.00,66.00,7.5211,-1,-1,-1
1974,2,1936.00,1061.00,128.00,73.00,7.3960,-1,-1,-1
1975,1,1485.00,1196.00,107.00,67.00,7.5574,-1,-1,-1
1975,2,1942.00,1055.00,127.00,74.00,7.3705,-1,-1,-1
1976,1,1489.00,1195.00,106.00,68.00,7.5829,-1,-1,-1
1976,2,1937.00,1051.00,134.00,76.00,7.3964,-1,-1,-1
1977,1,1497.00,1193.00,102.00,66.00,7.5812,-1,-1,-1
1977,2,1940.00,1048.00,135.00,76.00,7.4698,-1,-1,-1
1978,1,1497.00,1191.00,106.00,70.00,7.5968,-1,-1,-1
1978,2,1945.00,1045.00,132.00,76.00,7.4922,-1,-1,-1
1979,1,1499.00,1189.00,110.00,73.00,7.6005,-1,-1,-1
1979,2,1945.00,1044.00,130.00,75.00,7.4473,-1,-1,-1
1980,1,1502.00,1192.00,114.00,72.00,7.5154,-1,-1,-1
1980,2,1947.00,1040.00,134.00,77.00,7.3107,-1,-1,-1
1981,1,1514.00,1193.00,102.00,69.00,7.4958,-1,-1,-1
1981,2,1952.00,1039.00,133.00,77.00,7.2625,-1,-1,-1
1982,1,1515.00,1195.00,105.00,70.00,7.5127,-1,-1,-1
1982,2,1951.00,1038.00,140.00,76.00,7.2974,-1,-1,-1
1983,1,1523.00,1197.00,99.00,65.00,7.4552,-1,-1,-1
1983,2,1962.00,1039.00,130.00,72.00,7.2715,-1,-1,-1
1984,1,1524.00,1199.00,103.00,63.00,7.4303,-1,-1,-1
1984,2,1965.00,1039.00,129.00,72.00,7.2584,-1,-1,-1
1985,1,1531.00,1201.00,102.00,60.00,7.3812,-1,-1,-1
1985,2,1962.00,1035.00,138.00,77.00,7.2751,-1,-1,-1
1986,1,1534.00,1201.00,102.00,64.00,7.3444,-1,-1,-1
1986,2,1967.00,1033.00,136.00,80.00,7.3030,-1,-1,-1
1987,2,1968.00,1030.00,135.00,84.00,7.3572,-1,-1,-1
1987,1,1533.00,1205.00,105.00,64.00,7.3484,-1,-1,-1
1988,1,1535.00,1206.00,107.00,66.00,7.3957,-1,-1,-1
1988,2,1972.00,1029.00,133.00,82.00,7.3502,-1,-1,-1
1989,1,1537.00,1206.00,108.00,67.00,7.4276,-1,-1,-1
1989,2,1972.00,1029.00,135.00,81.00,7.3613,-1,-1,-1
1990,1,1538.00,1207.00,111.00,70.00,7.4650,-1,-1,-1
1990,2,1975.00,1028.00,134.00,81.00,7.3651,-1,-1,-1
1991,1,1542.00,1208.00,108.00,71.00,7.5133,-1,-1,-1
1991,2,1975.00,1026.00,133.00,81.00,7.3505,-1,-1,-1
1992,1,1541.00,1212.00,109.00,71.00,7.5482,-1,-1,-1
1992,2,1976.00,1025.00,130.00,79.00,7.2662,-1,-1,-1
1993,1,1541.00,1212.00,108.00,74.00,7.5539,-1,-1,-1
1993,2,1973.00,1021.00,133.00,84.00,7.2405,-1,-1,-1
1994,1,1541.00,1213.00,107.00,75.00,7.5798,-1,-1,-1
1994,2,1972.00,1023.00,130.00,78.00,7.1824,-1,-1,-1
1995,1,1540.00,1212.00,110.00,82.00,7.6182,-1,-1,-1
1995,2,1971.00,1020.00,130.00,80.00,7.1003,-1,-1,-1
1996,1,1542.00,1214.00,108.00,79.00,7.6266,-1,-1,-1
1996,2,1972.00,1015.00,128.00,79.00,6.9377,-1,-1,-1
1997,1,1546.00,1216.00,103.00,78.00,7.5438,-1,-1,-1
1997,2,1966.00,1012.00,130.00,82.00,6.9247,-1,-1,-1
1998,1,1542.00,1219.00,108.00,80.00,7.4572,-1,-1,-1
1998,2,1968.00,1009.00,126.00,83.00,7.0114,-1,-1,-1
1999,1,1541.00,1224.00,106.00,81.00,7.4593,-1,-1,-1
1999,2,1965.00,1004.00,128.00,88.00,7.0625,-1,-1,-1
2000,1,1541.00,1226.00,105.00,81.00,7.4294,-1,-1,-1
2000,2,1961.00,1002.00,128.00,88.00,7.0648,-1,-1,-1
2001,1,1541.00,1229.00,105.00,83.00,7.4557,-1,-1,-1
2001,2,1958.00,1003.00,126.00,83.00,7.1087,-1,-1,-1
2002,1,1539.00,1231.00,107.00,82.00,7.4455,-1,-1,-1
2002,2,1957.00,998.00,124.00,85.00,7.1310,-1,-1,-1
2003,1,1540.00,1236.00,105.00,79.00,7.4695,-1,-1,-1
2003,2,1955.00,995.00,121.00,85.00,7.0674,-1,-1,-1
2004,1,1543.00,1233.00,102.00,81.00,7.4990,-1,-1,-1
2004,2,1956.00,994.00,117.00,86.00,7.0242,-1,-1,-1
2005,1,1538.00,1237.00,108.00,84.00,7.5288,-1,-1,-1
2005,2,1952.00,991.00,120.00,86.00,7.0098,-1,-1,-1
2006,1,1538.00,1240.00,108.00,83.00,7.4677,-1,-1,-1
2006,2,1951.00,988.00,118.00,89.00,7.0556,-1,-1,-1
2007,1,1543.00,1240.00,104.00,82.00,7.3811,-1,-1,-1
2007,2,1950.00,985.00,116.00,91.00,7.1347,-1,-1,-1
2008,1,1543.00,1242.00,102.00,79.00,7.2957,-1,-1,-1
2008,2,1947.00,984.00,116.00,91.00,7.2342,-1,-1,-1
2009,2,1940.00,980.00,120.00,92.00,7.2761,-1,-1,-1
2009,1,1544.00,1244.00,101.00,80.00,7.2348,-1,-1,-1
2010,2,1935.00,979.00,121.00,91.00,7.3128,-1,-1,-1
2010,1,1543.00,1247.00,103.00,83.00,7.2278,-1,-1,-1
2011,2,1930.00,973.00,123.00,96.00,7.3606,-1,-1,-1
2011,1,1546.00,1248.00,99.00,82.00,7.1916,-1,-1,-1
2012,2,1929.00,969.00,123.00,97.00,7.3773,-1,-1,-1
2012,1,1547.00,1251.00,98.00,82.00,7.2505,-1,-1,-1
2013,2,1924.00,966.00,126.00,97.00,7.3646,-1,-1,-1
2013,1,1546.00,1254.00,100.00,83.00,7.3109,-1,-1,-1
2014,2,1922.00,959.00,123.00,102.00,7.3871,-1,-1,-1
2014,1,1548.00,1255.00,96.00,84.00,7.3759,-1,-1,-1
2015,1,1548.00,1257.00,97.00,80.00,7.4393,-1,-1,-1
2015,2,1922.00,957.00,122.00,100.00,7.4300,-1,-1,-1
2016,2,1917.00,953.00,125.00,105.00,7.4751,-1,-1,-1
2016,1,1551.00,1259.00,95.00,81.00,7.4258,-1,-1,-1
2017,2,1914.00,949.00,126.00,108.00,7.4676,-1,-1,-1
2017,1,1549.00,1261.00,98.00,83.00,7.3953,-1,-1,-1
2018,2,1908.00,946.00,127.00,114.00,7.4448,-1,-1,-1
2018,1,1548.00,1263.00,100.00,85.00,7.3270,-1,-1,-1
2019,2,1908.00,945.00,119.00,111.00,7.4626,-1,-1,-1
2019,1,1552.00,1265.00,94.00,82.00,7.2798,-1,-1,-1
2020,2,1902.00,943.00,123.00,111.00,7.4580,-1,-1,-1
2020,1,1553.00,1265.00,94.00,84.00,7.2177,-1,-1,-1
2021,2,1900.00,940.00,122.00,115.00,7.4244,-1,-1,-1
2021,1,1552.00,1271.00,94.00,86.00,7.2837,-1,-1,-1
2022,2,1893.00,944.00,123.00,107.00,7.3996,-1,-1,-1
2022,1,1552.00,1274.00,93.00,86.00,7.3681,-1,-1,-1
2023,1,1550.00,1276.00,93.00,85.00,7.4586,-1,-1,-1
2023,2,1887.00,938.00,124.00,115.00,7.4130,-1,-1,-1
2024,1,1551.00,1277.00,91.00,87.00,7.5378,-1,-1,-1
2024,2,1885.00,936.00,121.00,110.00,7.4005,-1,-1,-1
2025,1,1555.00,1277.00,87.00,89.00,7.6090,-1,-1,-1
2025,2,1877.00,936.00,118.00,111.00,7.3590,-1,-1,-1
2026,1,1555.00,1279.00,88.00,87.00,7.6715,-1,-1,-1
2026,2,1876.00,932.00,116.00,112.00,7.3659,-1,-1,-1
2027,1,1556.00,1280.00,86.00,90.00,7.7063,-1,-1,-1
2027,2,1869.00,931.00,116.00,110.00,7.3887,-1,-1,-1
2028,1,1557.00,1283.00,84.00,87.00,7.6979,-1,-1,-1
2028,2,1866.00,925.00,116.00,113.00,7.2627,-1,-1,-1
2029,1,1556.00,1283.00,85.00,92.00,7.6694,-1,-1,-1
2029,2,1860.00,921.00,113.00,118.00,7.2493,-1,-1,-1
2030,1,1553.00,1283.00,88.00,97.00,7.6417,-1,-1,-1
2030,2,1859.00,921.00,106.00,116.00,7.2527,-1,-1,-1
2031,1,1554.00,1284.00,88.00,99.00,7.5978,-1,-1,-1
2031,2,1850.00,920.00,110.00,115.00,7.2421,-1,-1,-1
2032,1,1556.00,1285.00,86.00,100.00,7.5552,-1,-1,-1
2032,2,1849.00,916.00,105.00,112.00,7.2097,-1,-1,-1
2033,1,1552.00,1288.00,90.00,102.00,7.6055,-1,-1,-1
2033,2,1839.00,913.00,111.00,122.00,7.2352,-1,-1,-1
2034,1,1551.00,1291.00,91.00,103.00,7.6712,-1,-1,-1
2034,2,1833.00,912.00,109.00,120.00,7.2335,-1,-1,-1
2035,1,1553.00,1294.00,86.00,101.00,7.6958,-1,-1,-1
2035,2,1833.00,909.00,102.00,116.00,7.2166,-1,-1,-1
2036,1,1553.00,1294.00,86.00,105.00,7.6896,-1,-1,-1
2036,2,1828.00,908.00,101.00,117.00,7.2617,-1,-1,-1
2037,1,1553.00,1297.00,84.00,104.00,7.6796,-1,-1,-1
2037,2,1823.00,905.00,100.00,116.00,7.2409,-1,-1,-1
2038,1,1552.00,1299.00,86.00,103.00,7.6647,-1,-1,-1
2038,2,1815.00,904.00,103.00,116.00,7.2178,-1,-1,-1
2039,1,1553.00,1301.00,85.00,102.00,7.6520,-1,-1,-1
2039,2,1816.00,901.00,95.00,110.00,7.2453,-1,-1,-1
2040,1,1555.00,1301.00,82.00,106.00,7.6028,-1,-1,-1
2040,2,1811.00,899.00,93.00,110.00,7.2333,-1,-1,-1
2041,1,1555.00,1303.00,83.00,108.00,7.5484,-1,-1,-1
2041,2,1803.00,896.00,96.00,111.00,7.2800,-1,-1,-1
2042,1,1556.00,1304.00,80.00,110.00,7.4575,-1,-1,-1
2042,2,1802.00,894.00,90.00,114.00,7.3045,-1,-1,-1
2043,1,1562.00,1306.00,73.00,108.00,7.3158,-1,-1,-1
2043,2,1797.00,893.00,89.00,111.00,7.2844,-1,-1,-1
2044,2,1790.00,893.00,90.00,114.00,7.2734,-1,-1,-1
2044,1,1563.00,1307.00,72.00,109.00,7.1694,-1,-1,-1
2045,2,1784.00,892.00,92.00,112.00,7.3101,-1,-1,-1
2045,1,1559.00,1308.00,78.00,115.00,7.1132,-1,-1,-1
2046,2,1781.00,890.00,89.00,115.00,7.3488,-1,-1,-1
2046,1,1559.00,1310.00,80.00,115.00,7.1305,-1,-1,-1
2047,2,1781.00,889.00,82.00,114.00,7.2743,-1,-1,-1
2047,1,1561.00,1315.00,77.00,109.00,7.1491,-1,-1,-1
2048,2,1773.00,888.00,88.00,113.00,7.2598,-1,-1,-1
2048,1,1563.00,1317.00,76.00,107.00,7.1825,-1,-1,-1
2049,2,1770.00,887.00,84.00,114.00,7.2281,-1,-1,-1
2049,1,1565.00,1318.00,75.00,106.00,7.2204,-1,-1,-1
2050,1,1566.00,1321.00,75.00,105.00,7.2604,-1,-1,-1
2050,2,1767.00,884.00,86.00,117.00,7.2403,-1,-1,-1
2051,1,1567.00,1323.00,76.00,104.00,7.2654,-1,-1,-1
2051,2,1762.00,882.00,87.00,120.00,7.2612,-1,-1,-1
2052,1,1567.00,1323.00,78.00,107.00,7.2677,-1,-1,-1
2052,2,1759.00,882.00,86.00,119.00,7.1875,-1,-1,-1
2053,1,1567.00,1320.00,79.00,111.00,7.3130,-1,-1,-1
2053,2,1757.00,881.00,84.00,118.00,7.0140,-1,-1,-1
2054,1,1569.00,1322.00,79.00,112.00,7.3581,-1,-1,-1
2054,2,1752.00,878.00,86.00,120.00,6.9589,-1,-1,-1
2055,1,1571.00,1324.00,80.00,114.00,7.4006,-1,-1,-1
2055,2,1752.00,877.00,82.00,123.00,6.9616,-1,-1,-1
2056,1,1577.00,1323.00,77.00,113.00,7.3960,-1,-1,-1
2056,2,1752.00,876.00,82.00,122.00,7.0147,-1,-1,-1
2057,1,1584.00,1324.00,73.00,110.00,7.3739,-1,-1,-1
2057,2,1751.00,875.00,85.00,122.00,7.0698,-1,-1,-1
2058,1,1588.00,1322.00,75.00,111.00,7.3307,-1,-1,-1
2058,2,1752.00,873.00,86.00,122.00,7.0606,-1,-1,-1
2059,1,1589.00,1323.00,78.00,110.00,7.3364,-1,-1,-1
2059,2,1754.00,872.00,86.00,124.00,7.0358,-1,-1,-1
2060,1,1594.00,1323.00,78.00,114.00,7.3645,-1,-1,-1
2060,2,1756.00,871.00,88.00,123.00,7.0039,-1,-1,-1
2061,1,1601.00,1322.00,76.00,111.00,7.3732,-1,-1,-1
2061,2,1759.00,870.00,91.00,124.00,7.0495,-1,-1,-1
2062,1,1608.00,1319.00,72.00,110.00,7.3490,-1,-1,-1
2062,2,1763.00,870.00,90.00,120.00,7.1300,-1,-1,-1
2063,1,1615.00,1321.00,72.00,109.00,7.3750,-1,-1,-1
2063,2,1767.00,867.00,89.00,123.00,7.1768,-1,-1,-1
2064,1,1616.00,1319.00,75.00,113.00,7.3365,-1,-1,-1
2064,2,1771.00,867.00,85.00,122.00,7.2040,-1,-1,-1
2065,1,1623.00,1321.00,74.00,107.00,7.2947,-1,-1,-1
2065,2,1773.00,864.00,85.00,126.00,7.1520,-1,-1,-1
2066,1,1632.00,1315.00,71.00,112.00,7.3039,-1,-1,-1
2066,2,1778.00,863.00,85.00,119.00,7.1322,-1,-1,-1
2067,1,1640.00,1317.00,73.00,108.00,7.2627,-1,-1,-1
2067,2,1782.00,861.00,89.00,125.00,7.1680,-1,-1,-1
2068,1,1646.00,1314.00,77.00,111.00,7.2527,-1,-1,-1
2068,2,1793.00,860.00,84.00,121.00,7.2239,-1,-1,-1
2069,1,1658.00,1310.00,70.00,114.00,7.3009,-1,-1,-1
2069,2,1800.00,859.00,81.00,122.00,7.2325,-1,-1,-1
2070,2,1806.00,857.00,87.00,124.00,7.2659,-1,-1,-1
2070,1,1666.00,1307.00,73.00,116.00,7.2335,-1,-1,-1
2071,2,1816.00,856.00,85.00,121.00,7.3385,-1,-1,-1
2071,1,1672.00,1304.00,74.00,118.00,7.1416,-1,-1,-1
2072,2,1823.00,855.00,83.00,122.00,7.3699,-1,-1,-1
2072,1,1680.00,1305.00,72.00,117.00,7.1386,-1,-1,-1
2073,2,1832.00,854.00,84.00,124.00,7.3325,-1,-1,-1
2073,1,1690.00,1300.00,72.00,119.00,7.1143,-1,-1,-1
2074,2,1840.00,853.00,83.00,122.00,7.4038,-1,-1,-1
2074,1,1696.00,1301.00,78.00,118.00,7.1177,-1,-1,-1
2075,2,1850.00,853.00,77.00,119.00,7.3910,-1,-1,-1
2075,1,1704.00,1303.00,75.00,112.00,7.1753,-1,-1,-1
2076,1,1713.00,1298.00,76.00,121.00,7.2141,-1,-1,-1
2076,2,1853.00,851.00,84.00,127.00,7.1946,-1,-1,-1
2077,2,1866.00,850.00,77.00,121.00,7.2273,-1,-1,-1
2077,1,1723.00,1299.00,74.00,116.00,7.1974,-1,-1,-1
2078,2,1872.00,851.00,79.00,123.00,7.2420,-1,-1,-1
2078,1,1728.00,1302.00,75.00,112.00,7.1995,-1,-1,-1
2079,1,1737.00,1299.00,78.00,114.00,7.2175,-1,-1,-1
2079,2,1880.00,849.00,76.00,124.00,7.0358,-1,-1,-1
2080,1,1746.00,1299.00,78.00,114.00,7.2285,-1,-1,-1
2080,2,1886.00,850.00,80.00,122.00,7.0537,-1,-1,-1
2081,1,1753.00,1299.00,78.00,116.00,7.2187,-1,-1,-1
2081,2,1895.00,850.00,78.00,121.00,7.1000,-1,-1,-1
2082,1,1758.00,1298.00,79.00,115.00,7.1832,-1,-1,-1
2082,2,1904.00,849.00,73.00,119.00,7.0624,-1,-1,-1
2083,1,1767.00,1299.00,80.00,115.00,7.1448,-1,-1,-1
2083,2,1905.00,852.00,82.00,125.00,6.9785,-1,-1,-1
2084,2,1917.00,850.00,76.00,119.00,7.0469,-1,-1,-1
2084,1,1776.00,1300.00,76.00,113.00,7.0336,-1,-1,-1
2085,1,1777.00,1303.00,80.00,110.00,7.1030,-1,-1,-1
2085,2,1924.00,849.00,72.00,121.00,7.0581,-1,-1,-1
2086,1,1786.00,1301.00,80.00,114.00,7.0995,-1,-1,-1
2086,2,1930.00,850.00,72.00,119.00,6.9712,-1,-1,-1
2087,1,1794.00,1299.00,80.00,117.00,7.0810,-1,-1,-1
2087,2,1932.00,854.00,79.00,119.00,6.9357,-1,-1,-1
2088,1,1801.00,1300.00,76.00,115.00,7.0516,-1,-1,-1
2088,2,1942.00,851.00,75.00,118.00,7.0329,-1,-1,-1
2089,1,1802.00,1303.00,78.00,109.00,7.1000,-1,-1,-1
2089,2,1948.00,850.00,73.00,118.00,7.0913,-1,-1,-1
2090,1,1815.00,1302.00,72.00,105.00,7.0597,-1,-1,-1
2090,2,1954.00,850.00,72.00,118.00,7.0076,-1,-1,-1
2091,1,1819.00,1299.00,75.00,109.00,7.0875,-1,-1,-1
2091,2,1957.00,853.00,76.00,120.00,6.9617,-1,-1,-1
2092,1,1826.00,1299.00,72.00,110.00,7.0581,-1,-1,-1
2092,2,1969.00,849.00,68.00,116.00,6.9924,-1,-1,-1
2093,2,1970.00,846.00,74.00,122.00,7.0506,-1,-1,-1
2093,1,1829.00,1299.00,74.00,110.00,7.0299,-1,-1,-1
2094,2,1972.00,844.00,80.00,120.00,7.0499,-1,-1,-1
2094,1,1835.00,1300.00,74.00,108.00,7.0432,-1,-1,-1
2095,2,1981.00,843.00,73.00,120.00,7.0210,-1,-1,-1
2095,1,1842.00,1296.00,73.00,111.00,7.0039,-1,-1,-1
2096,2,1986.00,845.00,73.00,121.00,7.0414,-1,-1,-1
2096,1,1847.00,1296.00,71.00,107.00,6.9922,-1,-1,-1
2097,1,1851.00,1298.00,72.00,106.00,7.0264,-1,-1,-1
2097,2,1993.00,844.00,70.00,120.00,6.9917,-1,-1,-1
2098,1,1855.00,1297.00,71.00,104.00,7.1089,-1,-1,-1
2098,2,1991.00,842.00,79.00,119.00,6.9418,-1,-1,-1
2099,1,1858.00,1295.00,75.00,108.00,7.0850,-1,-1,-1
2099,2,1996.00,842.00,78.00,118.00,6.8995,-1,-1,-1
2100,1,1863.00,1297.00,74.00,107.00,7.1265,-1,-1,-1
2100,2,2000.00,839.00,80.00,120.00,6.8945,-1,-1,-1
2101,1,1870.00,1289.00,69.00,109.00,7.1438,-1,-1,-1
2101,2,2005.00,840.00,80.00,114.00,6.9859,-1,-1,-1
2102,1,1874.00,1287.00,69.00,109.00,7.1526,-1,-1,-1
2102,2,2010.00,840.00,81.00,120.00,7.0294,-1,-1,-1
2103,1,1875.00,1287.00,72.00,114.00,7.1593,-1,-1,-1
2103,2,2013.00,836.00,82.00,123.00,7.0885,-1,-1,-1
2104,2,2016.00,836.00,82.00,116.00,7.1313,-1,-1,-1
2104,1,1884.00,1282.00,69.00,110.00,7.0561,-1,-1,-1
2105,2,2018.00,834.00,85.00,117.00,7.0527,-1,-1,-1
2105,1,1886.00,1281.00,70.00,111.00,6.8914,-1,-1,-1
2106,2,2023.00,833.00,85.00,118.00,6.9519,-1,-1,-1
2106,1,1889.00,1280.00,70.00,113.00,6.7643,-1,-1,-1
2107,2,2025.00,831.00,89.00,125.00,7.0191,-1,-1,-1
2107,1,1893.00,1280.00,68.00,109.00,6.7142,-1,-1,-1
2108,2,2030.00,829.00,86.00,124.00,7.0815,-1,-1,-1
2108,1,1897.00,1278.00,67.00,107.00,6.6906,-1,-1,-1
2109,2,2030.00,828.00,86.00,126.00,7.1479,-1,-1,-1
2109,1,1902.00,1274.00,63.00,107.00,6.6018,-1,-1,-1
2110,2,2033.00,826.00,84.00,126.00,7.1769,-1,-1,-1
2110,1,1902.00,1281.00,66.00,99.00,6.6450,-1,-1,-1
2111,2,2035.00,825.00,83.00,126.00,7.1964,-1,-1,-1
2111,1,1903.00,1282.00,67.00,100.00,6.6525,-1,-1,-1
2112,2,2037.00,824.00,83.00,126.00,7.2244,-1,-1,-1
2112,1,1909.00,1277.00,62.00,97.00,6.6086,-1,-1,-1
2113,2,2038.00,824.00,83.00,120.00,7.1861,-1,-1,-1
2113,1,1910.00,1275.00,64.00,98.00,6.6198,-1,-1,-1
2114,2,2045.00,823.00,76.00,119.00,7.0184,-1,-1,-1
2114,1,1912.00,1271.00,65.00,101.00,6.6169,-1,-1,-1
2115,2,2048.00,821.00,76.00,116.00,6.9354,-1,-1,-1
2115,1,1921.00,1268.00,54.00,89.00,6.6757,-1,-1,-1
2116,2,2051.00,821.00,72.00,114.00,6.7152,-1,-1,-1
2116,1,1915.00,1269.00,63.00,102.00,6.6103,-1,-1,-1
2117,2,2054.00,819.00,71.00,107.00,6.6021,-1,-1,-1
2117,1,1916.00,1268.00,64.00,102.00,6.5504,-1,-1,-1
2118,1,1915.00,1268.00,69.00,104.00,6.6186,-1,-1,-1
2118,2,2053.00,817.00,73.00,110.00,6.5206,-1,-1,-1
2119,1,1919.00,1262.00,66.00,107.00,6.6824,-1,-1,-1
2119,2,2055.00,816.00,72.00,109.00,6.4784,-1,-1,-1
2120,1,1920.00,1261.00,65.00,105.00,6.7570,-1,-1,-1
2120,2,2053.00,815.00,76.00,115.00,6.5148,-1,-1,-1
2121,1,1920.00,1264.00,67.00,106.00,6.8030,-1,-1,-1
2121,2,2052.00,814.00,80.00,117.00,6.5884,-1,-1,-1
2121,9,2637.00,514.00,29.00,29.00,2.4078,-1,-1,-1
2122,1,1922.00,1259.00,63.00,105.00,6.8184,-1,-1,-1
2122,2,2053.00,812.00,79.00,118.00,6.6572,-1,-1,-1
2122,9,2638.00,515.00,29.00,28.00,2.3980,-1,-1,-1
2123,1,1924.00,1257.00,60.00,104.00,6.7685,-1,-1,-1
2123,2,2053.00,812.00,80.00,116.00,6.7362,-1,-1,-1
2123,9,2638.00,516.00,30.00,28.00,2.5098,-1,-1,-1
2124,2,2054.00,810.00,80.00,117.00,6.8411,-1,-1,-1
2124,1,1924.00,1255.00,60.00,105.00,6.6912,-1,-1,-1
2124,9,2639.00,517.00,30.00,27.00,2.8491,-1,-1,-1
2125,2,2053.00,809.00,82.00,120.00,6.9484,-1,-1,-1
2125,1,1924.00,1254.00,61.00,107.00,6.6240,-1,-1,-1
2125,9,2640.00,518.00,30.00,26.00,3.1590,-1,-1,-1
2126,2,2054.00,808.00,82.00,119.00,7.0489,-1,-1,-1
2126,1,1923.00,1254.00,64.00,109.00,6.6073,-1,-1,-1
2126,9,2641.00,519.00,30.00,27.00,3.3731,-1,-1,-1
2127,2,2055.00,807.00,82.00,119.00,7.1479,-1,-1,-1
2127,1,1923.00,1253.00,66.00,108.00,6.6318,-1,-1,-1
2127,9,2641.00,519.00,30.00,28.00,3.5827,-1,-1,-1
2128,2,2056.00,805.00,81.00,120.00,7.2168,-1,-1,-1
2128,1,1922.00,1251.00,67.00,110.00,6.6637,-1,-1,-1
2128,9,2641.00,520.00,31.00,28.00,3.7477,-1,-1,-1
2129,2,2059.00,804.00,78.00,118.00,7.2544,-1,-1,-1
2129,1,1922.00,1251.00,68.00,108.00,6.7099,-1,-1,-1
2129,9,2641.00,520.00,31.00,28.00,3.8885,-1,-1,-1
2130,2,2059.00,804.00,79.00,118.00,7.3033,-1,-1,-1
2130,1,1922.00,1251.00,69.00,107.00,6.7745,-1,-1,-1
2130,9,2641.00,520.00,32.00,29.00,3.9845,-1,-1,-1
2131,2,2059.00,802.00,80.00,121.00,7.3276,-1,-1,-1
2131,1,1921.00,1250.00,70.00,108.00,6.8473,-1,-1,-1
2131,9,2641.00,521.00,32.00,27.00,3.7983,-1,-1,-1
2132,2,2061.00,802.00,79.00,118.00,7.3076,-1,-1,-1
2132,1,1921.00,1249.00,70.00,108.00,6.9256,-1,-1,-1
2132,9,2641.00,521.00,32.00,27.00,3.5597,-1,-1,-1
2133,2,2063.00,800.00,76.00,120.00,7.1375,-1,-1,-1
2133,1,1922.00,1247.00,70.00,107.00,7.0224,-1,-1,-1
2133,9,2640.00,521.00,34.00,29.00,3.3422,-1,-1,-1
2134,1,1921.00,1246.00,71.00,108.00,7.1023,-1,-1,-1
2134,2,2063.00,799.00,76.00,121.00,6.9910,-1,-1,-1
2134,9,2640.00,521.00,34.00,30.00,3.2122,-1,-1,-1
2135,1,1922.00,1245.00,70.00,108.00,7.1696,-1,-1,-1
2135,2,2063.00,797.00,77.00,123.00,6.7953,-1,-1,-1
2135,9,2640.00,521.00,35.00,30.00,3.0467,-1,-1,-1
2136,1,1921.00,1244.00,70.00,108.00,7.2272,-1,-1,-1
2136,2,2068.00,799.00,70.00,114.00,6.5803,-1,-1,-1
2136,9,2640.00,521.00,35.00,30.00,2.7714,-1,-1,-1
2137,1,1921.00,1242.00,70.00,109.00,7.2619,-1,-1,-1
2137,2,2067.00,797.00,71.00,117.00,6.4245,-1,-1,-1
2137,9,2640.00,521.00,35.00,30.00,1.8557,-1,-1,-1
2138,1,1921.00,1241.00,71.00,109.00,7.3163,-1,-1,-1
2138,2,2064.00,795.00,76.00,119.00,6.3721,-1,-1,-1
2138,9,2640.00,521.00,35.00,30.00,1.0773,-1,-1,-1
2139,1,1921.00,1240.00,72.00,110.00,7.3942,-1,-1,-1
2139,2,2063.00,793.00,79.00,119.00,6.4390,-1,-1,-1
2140,1,1922.00,1240.00,73.00,108.00,7.4622,-1,-1,-1
2140,2,2061.00,791.00,83.00,121.00,6.5441,-1,-1,-1
2141,1,1923.00,1239.00,72.00,107.00,7.4895,-1,-1,-1
2141,2,2061.00,790.00,84.00,121.00,6.6459,-1,-1,-1
2142,1,1922.00,1237.00,74.00,106.00,7.5136,-1,-1,-1
2142,2,2062.00,789.00,84.00,121.00,6.7437,-1,-1,-1
2143,1,1923.00,1235.00,75.00,106.00,7.5609,-1,-1,-1
2143,2,2062.00,788.00,86.00,119.00,6.8216,-1,-1,-1
2144,1,1922.00,1232.00,77.00,109.00,7.5827,-1,-1,-1
2144,2,2061.00,787.00,90.00,121.00,6.8868,-1,-1,-1
2145,1,1922.00,1230.00,77.00,112.00,7.5864,-1,-1,-1
2145,2,2061.00,785.00,94.00,123.00,6.9526,-1,-1,-1
2146,1,1922.00,1229.00,78.00,113.00,7.5596,-1,-1,-1
2146,2,2060.00,784.00,96.00,125.00,7.0200,-1,-1,-1
2147,1,1923.00,1228.00,77.00,113.00,7.5258,-1,-1,-1
2147,2,2060.00,782.00,97.00,129.00,7.0768,-1,-1,-1
2148,1,1927.00,1225.00,73.00,114.00,7.4912,-1,-1,-1
2148,2,2060.00,781.00,97.00,128.00,7.1266,-1,-1,-1
2149,1,1928.00,1224.00,72.00,114.00,7.4491,-1,-1,-1
2149,2,2060.00,778.00,98.00,132.00,7.1570,-1,-1,-1
2150,1,1927.00,1226.00,76.00,109.00,7.4250,-1,-1,-1
2150,2,2060.00,776.00,98.00,135.00,7.1856,-1,-1,-1
2151,1,1926.00,1226.00,77.00,109.00,7.4171,-1,-1,-1
2151,2,2061.00,774.00,97.00,135.00,7.1796,-1,-1,-1
2152,1,1928.00,1225.00,74.00,108.00,7.4468,-1,-1,-1
2152,2,2061.00,773.00,99.00,137.00,7.1358,-1,-1,-1
2153,1,1929.00,1222.00,72.00,110.00,7.4818,-1,-1,-1
2153,2,2062.00,775.00,100.00,133.00,7.0567,-1,-1,-1
2154,1,1929.00,1221.00,72.00,110.00,7.4733,-1,-1,-1
2154,2,2065.00,776.00,97.00,129.00,7.0014,-1,-1,-1
2155,1,1930.00,1221.00,71.00,110.00,7.4807,-1,-1,-1
2155,2,2067.00,775.00,96.00,131.00,7.0032,-1,-1,-1
2156,1,1930.00,1219.00,70.00,112.00,7.4585,-1,-1,-1
2156,2,2066.00,774.00,97.00,131.00,6.9883,-1,-1,-1
2157,1,1930.00,1220.00,71.00,111.00,7.4172,-1,-1,-1
2157,2,2066.00,772.00,96.00,132.00,6.9748,-1,-1,-1
2158,1,1929.00,1218.00,73.00,111.00,7.3700,-1,-1,-1
2158,2,2066.00,771.00,97.00,131.00,6.9600,-1,-1,-1
2159,1,1929.00,1219.00,72.00,110.00,7.2932,-1,-1,-1
2159,2,2066.00,770.00,98.00,130.00,6.9785,-1,-1,-1
2160,1,1929.00,1218.00,72.00,111.00,7.1286,-1,-1,-1
2160,2,2065.00,769.00,97.00,130.00,7.0158,-1,-1,-1
2161,2,2066.00,769.00,95.00,128.00,7.0543,-1,-1,-1
2161,1,1932.00,1212.00,70.00,113.00,6.9878,-1,-1,-1
2162,2,2066.00,768.00,95.00,129.00,7.0920,-1,-1,-1
2162,1,1932.00,1212.00,70.00,112.00,6.8682,-1,-1,-1
2163,2,2067.00,767.00,94.00,130.00,7.1301,-1,-1,-1
2163,1,1932.00,1211.00,70.00,111.00,6.7979,-1,-1,-1
2164,2,2067.00,766.00,94.00,130.00,7.1725,-1,-1,-1
2164,1,1932.00,1210.00,71.00,112.00,6.7388,-1,-1,-1
2165,2,2069.00,765.00,90.00,129.00,7.2124,-1,-1,-1
2165,1,1932.00,1209.00,71.00,111.00,6.7445,-1,-1,-1
2166,2,2070.00,765.00,90.00,129.00,7.2557,-1,-1,-1
2166,1,1933.00,1208.00,71.00,112.00,6.7470,-1,-1,-1
2167,2,2070.00,765.00,90.00,128.00,7.2946,-1,-1,-1
2167,1,1932.00,1207.00,74.00,112.00,6.7643,-1,-1,-1
2168,2,2072.00,764.00,86.00,128.00,7.3172,-1,-1,-1
2168,1,1933.00,1206.00,73.00,111.00,6.7960,-1,-1,-1
2169,2,2072.00,762.00,87.00,130.00,7.3275,-1,-1,-1
2169,1,1935.00,1205.00,72.00,109.00,6.8084,-1,-1,-1
2170,2,2073.00,761.00,84.00,128.00,7.2870,-1,-1,-1
2170,1,1937.00,1204.00,70.00,105.00,6.8581,-1,-1,-1
2171,2,2074.00,759.00,83.00,127.00,7.2321,-1,-1,-1
2171,1,1936.00,1203.00,72.00,106.00,6.9385,-1,-1,-1
2172,2,2076.00,757.00,81.00,125.00,7.1536,-1,-1,-1
2172,1,1937.00,1203.00,72.00,105.00,7.0264,-1,-1,-1
2173,1,1938.00,1202.00,71.00,105.00,7.1011,-1,-1,-1
2173,2,2075.00,756.00,82.00,127.00,7.0689,-1,-1,-1
2174,1,1939.00,1201.00,70.00,105.00,7.1615,-1,-1,-1
2174,2,2078.00,754.00,78.00,124.00,6.9817,-1,-1,-1
2175,1,1940.00,1199.00,69.00,106.00,7.2026,-1,-1,-1
2175,2,2078.00,752.00,79.00,126.00,6.8717,-1,-1,-1
2176,1,1940.00,1195.00,70.00,110.00,7.2477,-1,-1,-1
2176,2,2078.00,751.00,79.00,127.00,6.7362,-1,-1,-1
2177,1,1939.00,1193.00,72.00,111.00,7.1925,-1,-1,-1
2177,2,2080.00,751.00,77.00,127.00,6.6455,-1,-1,-1
2178,1,1941.00,1188.00,70.00,112.00,7.1461,-1,-1,-1
2178,2,2081.00,750.00,77.00,127.00,6.4964,-1,-1,-1
2179,1,1943.00,1188.00,69.00,109.00,7.1472,-1,-1,-1
2179,2,2089.00,755.00,66.00,108.00,6.3403,-1,-1,-1
2180,1,1943.00,1187.00,71.00,108.00,7.1893,-1,-1,-1
2180,2,2089.00,754.00,65.00,109.00,6.2216,-1,-1,-1
2181,1,1944.00,1185.00,71.00,108.00,7.1887,-1,-1,-1
2181,2,2091.00,752.00,63.00,105.00,6.1874,-1,-1,-1
2182,1,1943.00,1184.00,75.00,109.00,7.2113,-1,-1,-1
2182,2,2092.00,751.00,63.00,104.00,6.1562,-1,-1,-1
2183,1,1946.00,1180.00,71.00,111.00,7.1997,-1,-1,-1
2183,2,2091.00,750.00,66.00,106.00,6.1925,-1,-1,-1
2184,1,1946.00,1179.00,73.00,112.00,7.2014,-1,-1,-1
2184,2,2092.00,748.00,66.00,107.00,6.2514,-1,-1,-1
2185,1,1946.00,1179.00,73.00,113.00,7.2037,-1,-1,-1
2185,2,2090.00,747.00,69.00,110.00,6.3346,-1,-1,-1
2186,1,1947.00,1178.00,72.00,113.00,7.1619,-1,-1,-1
2186,2,2089.00,746.00,72.00,114.00,6.4441,-1,-1,-1
2187,1,1949.00,1177.00,68.00,111.00,7.0594,-1,-1,-1
2187,2,2089.00,744.00,74.00,117.00,6.5364,-1,-1,-1
2188,1,1949.00,1177.00,69.00,112.00,7.0021,-1,-1,-1
2188,2,2089.00,743.00,75.00,119.00,6.6039,-1,-1,-1
2189,1,1949.00,1176.00,70.00,112.00,6.9665,-1,-1,-1
2189,2,2089.00,742.00,75.00,120.00,6.6823,-1,-1,-1
2190,1,1948.00,1183.00,70.00,103.00,6.9686,-1,-1,-1
2190,2,2089.00,740.00,76.00,121.00,6.7677,-1,-1,-1
2191,1,1950.00,1183.00,69.00,103.00,6.9242,-1,-1,-1
2191,2,2089.00,739.00,77.00,122.00,6.8582,-1,-1,-1
2192,2,2089.00,739.00,77.00,120.00,6.9449,-1,-1,-1
2192,1,1951.00,1182.00,67.00,102.00,6.9086,-1,-1,-1
2193,2,2089.00,738.00,78.00,120.00,7.0141,-1,-1,-1
2193,1,1952.00,1181.00,65.00,102.00,6.9188,-1,-1,-1
2194,2,2089.00,737.00,79.00,121.00,7.0828,-1,-1,-1
2194,1,1952.00,1178.00,65.00,103.00,6.9736,-1,-1,-1
2195,2,2089.00,736.00,79.00,122.00,7.1451,-1,-1,-1
2195,1,1953.00,1177.00,63.00,102.00,7.0275,-1,-1,-1
2196,2,2089.00,734.00,79.00,123.00,7.1939,-1,-1,-1
2196,1,1953.00,1175.00,63.00,102.00,7.1043,-1,-1,-1
2197,2,2090.00,733.00,78.00,122.00,7.2322,-1,-1,-1
2197,1,1953.00,1174.00,63.00,102.00,7.1013,-1,-1,-1
2198,2,2089.00,731.00,80.00,125.00,7.2442,-1,-1,-1
2198,1,1955.00,1171.00,61.00,102.00,7.0749,-1,-1,-1
2199,2,2090.00,730.00,79.00,126.00,7.2441,-1,-1,-1
2199,1,1956.00,1170.00,61.00,102.00,7.1041,-1,-1,-1
2200,2,2089.00,729.00,81.00,129.00,7.2502,-1,-1,-1
2200,1,1955.00,1169.00,64.00,104.00,7.1590,-1,-1,-1
2201,1,1953.00,1167.00,66.00,105.00,7.2391,-1,-1,-1
2201,2,2089.00,727.00,82.00,131.00,7.2259,-1,-1,-1
2202,1,1953.00,1166.00,67.00,105.00,7.2982,-1,-1,-1
2202,2,2089.00,726.00,82.00,130.00,7.1693,-1,-1,-1
2203,1,1953.00,1165.00,69.00,105.00,7.3519,-1,-1,-1
2203,2,2089.00,725.00,82.00,131.00,7.1137,-1,-1,-1
2204,1,1954.00,1165.00,69.00,105.00,7.3803,-1,-1,-1
2204,2,2089.00,723.00,82.00,134.00,6.9871,-1,-1,-1
2205,1,1954.00,1164.00,69.00,105.00,7.3820,-1,-1,-1
2205,2,2088.00,723.00,83.00,134.00,6.8403,-1,-1,-1
2206,1,1954.00,1163.00,69.00,106.00,7.3742,-1,-1,-1
2206,2,2092.00,722.00,78.00,130.00,6.6756,-1,-1,-1
2207,1,1953.00,1162.00,71.00,107.00,7.3903,-1,-1,-1
2207,2,2092.00,721.00,79.00,131.00,6.4709,-1,-1,-1
2208,1,1952.00,1160.00,72.00,108.00,7.4034,-1,-1,-1
2208,2,2093.00,720.00,78.00,131.00,6.3620,-1,-1,-1
2209,1,1954.00,1160.00,71.00,103.00,7.3736,-1,-1,-1
2209,2,2093.00,718.00,79.00,131.00,6.2717,-1,-1,-1
2210,1,1954.00,1158.00,72.00,105.00,7.3300,-1,-1,-1
2210,2,2094.00,718.00,78.00,128.00,6.1413,-1,-1,-1
2211,1,1953.00,1154.00,73.00,110.00,7.3085,-1,-1,-1
2211,2,2110.00,716.00,57.00,99.00,5.9933,-1,-1,-1
2212,1,1954.00,1156.00,74.00,106.00,7.2880,-1,-1,-1
2212,2,2111.00,715.00,56.00,99.00,5.9491,-1,-1,-1
2213,1,1955.00,1153.00,71.00,107.00,7.2777,-1,-1,-1
2213,2,2111.00,714.00,56.00,101.00,5.8902,-1,-1,-1
2214,1,1955.00,1155.00,72.00,105.00,7.2464,-1,-1,-1
2214,2,2103.00,711.00,69.00,118.00,5.8383,-1,-1,-1
2215,1,1956.00,1152.00,71.00,107.00,7.2041,-1,-1,-1
2215,2,2108.00,713.00,61.00,104.00,5.8619,-1,-1,-1
2216,1,1957.00,1151.00,70.00,108.00,7.1603,-1,-1,-1
2216,2,2109.00,711.00,60.00,109.00,5.8295,-1,-1,-1
2217,1,1959.00,1150.00,68.00,107.00,7.1520,-1,-1,-1
2217,2,2109.00,711.00,60.00,108.00,5.8708,-1,-1,-1
2218,1,1960.00,1149.00,67.00,105.00,7.1588,-1,-1,-1
2218,2,2109.00,710.00,61.00,109.00,5.8846,-1,-1,-1
2219,1,1961.00,1148.00,66.00,105.00,7.1086,-1,-1,-1
2219,2,2109.00,707.00,61.00,111.00,5.9624,-1,-1,-1
2220,1,1960.00,1146.00,67.00,108.00,6.9905,-1,-1,-1
2220,2,2110.00,707.00,61.00,111.00,6.1132,-1,-1,-1
2221,1,1962.00,1142.00,67.00,110.00,6.9279,-1,-1,-1
2221,2,2111.00,706.00,61.00,114.00,6.1215,-1,-1,-1
2222,1,1963.00,1140.00,66.00,109.00,6.9545,-1,-1,-1
2222,2,2112.00,705.00,61.00,117.00,6.0199,-1,-1,-1
2223,1,1963.00,1138.00,67.00,109.00,7.0237,-1,-1,-1
2223,2,2112.00,705.00,61.00,116.00,5.9554,-1,-1,-1
2224,1,1963.00,1136.00,67.00,111.00,7.0758,-1,-1,-1
2224,2,2119.00,704.00,52.00,94.00,5.9067,-1,-1,-1
2225,1,1963.00,1135.00,68.00,112.00,7.1176,-1,-1,-1
2225,2,2112.00,703.00,63.00,113.00,5.9854,-1,-1,-1
2226,1,1963.00,1134.00,70.00,114.00,7.1477,-1,-1,-1
2226,2,2110.00,702.00,67.00,114.00,6.1525,-1,-1,-1
2227,1,1963.00,1134.00,70.00,114.00,7.1524,-1,-1,-1
2227,2,2108.00,701.00,71.00,117.00,6.3023,-1,-1,-1
2228,1,1965.00,1134.00,68.00,113.00,7.1080,-1,-1,-1
2228,2,2106.00,700.00,75.00,119.00,6.4348,-1,-1,-1
2229,1,1965.00,1134.00,69.00,111.00,7.0841,-1,-1,-1
2229,2,2107.00,700.00,75.00,114.00,6.5489,-1,-1,-1
2230,1,1966.00,1135.00,68.00,108.00,7.0421,-1,-1,-1
2230,2,2106.00,699.00,78.00,117.00,6.6501,-1,-1,-1
2231,1,1967.00,1135.00,68.00,107.00,7.0140,-1,-1,-1
2231,2,2105.00,698.00,81.00,118.00,6.7371,-1,-1,-1
2232,1,1970.00,1129.00,68.00,111.00,6.9787,-1,-1,-1
2232,2,2106.00,696.00,80.00,120.00,6.8277,-1,-1,-1
2233,1,1970.00,1129.00,68.00,109.00,6.9486,-1,-1,-1
2233,2,2105.00,694.00,83.00,122.00,6.9114,-1,-1,-1
2234,2,2105.00,693.00,83.00,120.00,7.0044,-1,-1,-1
2234,1,1970.00,1128.00,68.00,109.00,6.9205,-1,-1,-1
2235,2,2104.00,692.00,85.00,122.00,7.0955,-1,-1,-1
2235,1,1971.00,1127.00,68.00,108.00,6.8946,-1,-1,-1
2236,2,2105.00,690.00,84.00,122.00,7.1651,-1,-1,-1
2236,1,1971.00,1126.00,69.00,109.00,6.9103,-1,-1,-1
2237,2,2104.00,689.00,86.00,123.00,7.2439,-1,-1,-1
2237,1,1970.00,1132.00,69.00,103.00,6.9497,-1,-1,-1
2238,2,2104.00,687.00,86.00,122.00,7.2989,-1,-1,-1
2238,1,1970.00,1130.00,69.00,103.00,7.0095,-1,-1,-1
2239,2,2105.00,687.00,85.00,121.00,7.3417,-1,-1,-1
2239,1,1971.00,1123.00,68.00,109.00,7.0394,-1,-1,-1
2240,2,2107.00,686.00,82.00,119.00,7.3880,-1,-1,-1
2240,1,1970.00,1122.00,68.00,108.00,7.0917,-1,-1,-1
2241,2,2107.00,684.00,81.00,122.00,7.3994,-1,-1,-1
2241,1,1971.00,1120.00,67.00,108.00,7.1497,-1,-1,-1
2242,2,2108.00,683.00,80.00,123.00,7.3902,-1,-1,-1
2242,1,1973.00,1120.00,65.00,106.00,7.1646,-1,-1,-1
2243,2,2109.00,683.00,79.00,122.00,7.3744,-1,-1,-1
2243,1,1974.00,1119.00,65.00,107.00,7.1835,-1,-1,-1
2244,2,2110.00,682.00,79.00,125.00,7.2869,-1,-1,-1
2244,1,1973.00,1119.00,66.00,106.00,7.2234,-1,-1,-1
2245,2,2111.00,682.00,78.00,122.00,7.2673,-1,-1,-1
2245,1,1974.00,1119.00,66.00,105.00,7.2475,-1,-1,-1
2246,1,1973.00,1117.00,69.00,105.00,7.3088,-1,-1,-1
2246,2,2110.00,681.00,80.00,124.00,7.2598,-1,-1,-1
2247,1,1973.00,1115.00,71.00,107.00,7.3808,-1,-1,-1
2247,2,2110.00,680.00,81.00,126.00,7.2434,-1,-1,-1
2248,1,1973.00,1112.00,73.00,111.00,7.4332,-1,-1,-1
2248,2,2110.00,678.00,82.00,128.00,7.1915,-1,-1,-1
2249,1,1973.00,1111.00,74.00,112.00,7.4713,-1,-1,-1
2249,2,2111.00,677.00,81.00,128.00,7.1278,-1,-1,-1
2250,1,1973.00,1110.00,74.00,111.00,7.4729,-1,-1,-1
2250,2,2112.00,673.00,81.00,133.00,7.0576,-1,-1,-1
2251,1,1974.00,1108.00,74.00,114.00,7.4395,-1,-1,-1
2251,2,2112.00,672.00,81.00,132.00,7.0467,-1,-1,-1
2252,1,1975.00,1107.00,73.00,111.00,7.3754,-1,-1,-1
2252,2,2113.00,672.00,80.00,132.00,7.0147,-1,-1,-1
2253,1,1976.00,1109.00,74.00,107.00,7.3308,-1,-1,-1
2253,2,2113.00,671.00,81.00,132.00,7.0048,-1,-1,-1
2254,1,1978.00,1107.00,72.00,107.00,7.2614,-1,-1,-1
2254,2,2113.00,670.00,82.00,134.00,6.9866,-1,-1,-1
2255,1,1978.00,1106.00,72.00,107.00,7.1822,-1,-1,-1
2255,2,2112.00,669.00,83.00,135.00,6.9453,-1,-1,-1
2256,1,1979.00,1105.00,71.00,106.00,7.1244,-1,-1,-1
2256,2,2114.00,669.00,81.00,132.00,6.9497,-1,-1,-1
2257,1,1978.00,1104.00,73.00,107.00,7.1361,-1,-1,-1
2257,2,2115.00,669.00,80.00,130.00,6.9364,-1,-1,-1
2258,1,1979.00,1103.00,71.00,106.00,7.1187,-1,-1,-1
2258,2,2115.00,669.00,80.00,127.00,6.8920,-1,-1,-1
2259,1,1979.00,1102.00,71.00,107.00,7.1363,-1,-1,-1
2259,2,2118.00,670.00,76.00,122.00,6.8031,-1,-1,-1
2260,1,1979.00,1101.00,70.00,107.00,7.1142,-1,-1,-1
2260,2,2118.00,668.00,77.00,124.00,6.6443,-1,-1,-1
2261,1,1979.00,1100.00,70.00,107.00,7.0739,-1,-1,-1
2261,2,2120.00,665.00,76.00,125.00,6.4267,-1,-1,-1
2262,1,1979.00,1100.00,70.00,105.00,6.9466,-1,-1,-1
2262,2,2120.00,663.00,76.00,126.00,6.2187,-1,-1,-1
2263,1,1982.00,1095.00,66.00,107.00,6.8212,-1,-1,-1
2263,2,2128.00,663.00,63.00,102.00,5.9538,-1,-1,-1
2264,1,1982.00,1094.00,66.00,108.00,6.6722,-1,-1,-1
2264,2,2127.00,661.00,65.00,105.00,5.8181,-1,-1,-1
2265,1,1984.00,1093.00,64.00,108.00,6.5132,-1,-1,-1
2265,2,2125.00,660.00,69.00,109.00,5.7266,-1,-1,-1
2266,1,1985.00,1093.00,65.00,111.00,6.3491,-1,-1,-1
2266,2,2119.00,664.00,77.00,120.00,5.5640,-1,-1,-1
2267,1,1985.00,1092.00,66.00,112.00,6.2697,-1,-1,-1
2267,2,2131.00,660.00,64.00,102.00,5.4650,-1,-1,-1
2268,1,1985.00,1091.00,66.00,113.00,6.2557,-1,-1,-1
2268,2,2132.00,659.00,65.00,100.00,5.4276,-1,-1,-1
2269,1,1985.00,1090.00,67.00,110.00,6.3885,-1,-1,-1
2269,2,2135.00,660.00,63.00,96.00,5.3781,-1,-1,-1
2270,1,1986.00,1088.00,68.00,111.00,6.5438,-1,-1,-1
2270,2,2131.00,658.00,70.00,107.00,5.4739,-1,-1,-1
2271,1,1986.00,1087.00,69.00,111.00,6.6674,-1,-1,-1
2271,2,2128.00,653.00,73.00,117.00,5.6497,-1,-1,-1
2272,1,1986.00,1086.00,70.00,111.00,6.7518,-1,-1,-1
2272,2,2127.00,652.00,74.00,120.00,5.8360,-1,-1,-1
2273,1,1986.00,1084.00,70.00,111.00,6.7612,-1,-1,-1
2273,2,2128.00,651.00,72.00,120.00,5.9975,-1,-1,-1
2274,1,1989.00,1084.00,67.00,108.00,6.7469,-1,-1,-1
2274,2,2129.00,651.00,71.00,120.00,6.0887,-1,-1,-1
2275,1,1989.00,1084.00,68.00,105.00,6.7575,-1,-1,-1
2275,2,2138.00,651.00,60.00,106.00,6.2012,-1,-1,-1
2276,1,1989.00,1082.00,69.00,108.00,6.7932,-1,-1,-1
2276,2,2138.00,649.00,61.00,107.00,6.2961,-1,-1,-1
2277,1,1989.00,1082.00,70.00,107.00,6.8203,-1,-1,-1
2277,2,2140.00,648.00,58.00,107.00,6.3013,-1,-1,-1
2278,1,1990.00,1081.00,68.00,105.00,6.8865,-1,-1,-1
2278,2,2138.00,647.00,62.00,111.00,6.3340,-1,-1,-1
2279,1,1991.00,1081.00,68.00,105.00,6.9404,-1,-1,-1
2279,2,2138.00,646.00,63.00,110.00,6.3885,-1,-1,-1
2280,1,1992.00,1081.00,67.00,104.00,6.9645,-1,-1,-1
2280,2,2139.00,644.00,62.00,107.00,6.4142,-1,-1,-1
2281,1,1994.00,1075.00,64.00,107.00,6.9937,-1,-1,-1
2281,2,2135.00,645.00,69.00,114.00,6.4967,-1,-1,-1
2282,1,1994.00,1074.00,65.00,108.00,7.0127,-1,-1,-1
2282,2,2136.00,641.00,67.00,113.00,6.5547,-1,-1,-1
2283,1,1994.00,1073.00,65.00,108.00,7.0170,-1,-1,-1
2283,2,2137.00,639.00,66.00,113.00,6.5537,-1,-1,-1
2284,1,1995.00,1071.00,64.00,109.00,6.9723,-1,-1,-1
2284,2,2137.00,638.00,66.00,114.00,6.5734,-1,-1,-1
2285,1,1995.00,1071.00,64.00,108.00,6.9421,-1,-1,-1
2285,2,2137.00,636.00,67.00,115.00,6.6054,-1,-1,-1
2286,1,1997.00,1071.00,62.00,107.00,6.9044,-1,-1,-1
2286,2,2138.00,635.00,66.00,114.00,6.5834,-1,-1,-1
2287,1,1997.00,1069.00,63.00,107.00,6.8639,-1,-1,-1
2287,2,2137.00,635.00,68.00,118.00,6.6396,-1,-1,-1
2288,1,1997.00,1068.00,63.00,106.00,6.8274,-1,-1,-1
2288,2,2136.00,634.00,69.00,119.00,6.6410,-1,-1,-1
2289,1,1994.00,1066.00,66.00,109.00,6.7826,-1,-1,-1
2289,2,2136.00,632.00,71.00,120.00,6.6406,-1,-1,-1
2290,1,1994.00,1066.00,67.00,108.00,6.8318,-1,-1,-1
2290,2,2138.00,635.00,69.00,110.00,6.6353,-1,-1,-1
2291,1,1995.00,1066.00,66.00,108.00,6.8690,-1,-1,-1
2291,2,2139.00,634.00,68.00,111.00,6.5764,-1,-1,-1
2292,1,1995.00,1064.00,66.00,108.00,6.8448,-1,-1,-1
2292,2,2139.00,633.00,69.00,113.00,6.4789,-1,-1,-1
2293,1,1998.00,1062.00,63.00,105.00,6.7946,-1,-1,-1
2293,2,2137.00,628.00,74.00,122.00,6.4778,-1,-1,-1
2294,1,1997.00,1060.00,64.00,106.00,6.7391,-1,-1,-1
2294,2,2137.00,627.00,75.00,122.00,6.4578,-1,-1,-1
2295,1,1997.00,1061.00,65.00,103.00,6.7758,-1,-1,-1
2295,2,2144.00,628.00,66.00,105.00,6.4137,-1,-1,-1
2296,1,1997.00,1060.00,65.00,104.00,6.8245,-1,-1,-1
2296,2,2145.00,627.00,64.00,104.00,6.3820,-1,-1,-1
2297,1,1998.00,1059.00,65.00,104.00,6.9132,-1,-1,-1
2297,2,2147.00,625.00,60.00,104.00,6.2825,-1,-1,-1
2298,1,1999.00,1058.00,64.00,102.00,7.0079,-1,-1,-1
2298,2,2157.00,628.00,47.00,80.00,6.1256,-1,-1,-1
2299,1,2000.00,1056.00,64.00,103.00,7.0776,-1,-1,-1
2299,2,2157.00,627.00,47.00,82.00,6.0491,-1,-1,-1
2300,1,2001.00,1054.00,64.00,103.00,7.1181,-1,-1,-1
2300,2,2148.00,624.00,60.00,105.00,6.0226,-1,-1,-1
2301,1,2002.00,1055.00,63.00,102.00,7.1441,-1,-1,-1
2301,2,2147.00,624.00,62.00,107.00,6.0281,-1,-1,-1
2302,1,2003.00,1054.00,63.00,104.00,7.1429,-1,-1,-1
2302,2,2146.00,623.00,63.00,110.00,5.9402,-1,-1,-1
2303,1,2003.00,1055.00,65.00,102.00,7.1411,-1,-1,-1
2303,2,2146.00,624.00,65.00,109.00,6.0204,-1,-1,-1
2304,1,2004.00,1052.00,64.00,105.00,7.0574,-1,-1,-1
2304,2,2146.00,623.00,65.00,109.00,6.1019,-1,-1,-1
2305,1,2003.00,1051.00,66.00,106.00,6.9636,-1,-1,-1
2305,2,2146.00,623.00,66.00,108.00,6.2537,-1,-1,-1
2306,1,2005.00,1046.00,65.00,108.00,6.8851,-1,-1,-1
2306,2,2148.00,623.00,64.00,105.00,6.3719,-1,-1,-1
2307,1,2007.00,1045.00,63.00,108.00,6.7952,-1,-1,-1
2307,2,2149.00,622.00,64.00,105.00,6.4501,-1,-1,-1
2308,1,2008.00,1046.00,63.00,108.00,6.6521,-1,-1,-1
2308,2,2148.00,622.00,66.00,107.00,6.5812,-1,-1,-1
2309,2,2148.00,622.00,66.00,108.00,6.6593,-1,-1,-1
2309,1,2009.00,1048.00,65.00,104.00,6.5555,-1,-1,-1
2310,2,2147.00,622.00,68.00,112.00,6.7316,-1,-1,-1
2310,1,2008.00,1048.00,67.00,106.00,6.4515,-1,-1,-1
2311,2,2147.00,623.00,69.00,114.00,6.7525,-1,-1,-1
2311,1,2007.00,1047.00,69.00,107.00,6.3879,-1,-1,-1
2312,2,2148.00,623.00,68.00,114.00,6.7501,-1,-1,-1
2312,1,2007.00,1048.00,69.00,107.00,6.2964,-1,-1,-1
2313,2,2150.00,623.00,66.00,114.00,6.6386,-1,-1,-1
2313,1,2009.00,1052.00,66.00,106.00,6.2367,-1,-1,-1
2314,2,2150.00,624.00,65.00,109.00,6.5142,-1,-1,-1
2314,1,2010.00,1053.00,65.00,105.00,6.2231,-1,-1,-1
2315,2,2154.00,621.00,62.00,111.00,6.3873,-1,-1,-1
2315,1,2010.00,1055.00,65.00,102.00,6.2964,-1,-1,-1
2316,2,2155.00,621.00,61.00,109.00,6.3920,-1,-1,-1
2316,1,2010.00,1055.00,65.00,103.00,6.3607,-1,-1,-1
2317,2,2152.00,622.00,66.00,111.00,6.4759,-1,-1,-1
2317,1,2010.00,1057.00,66.00,102.00,6.4644,-1,-1,-1
2318,2,2154.00,623.00,63.00,108.00,6.5493,-1,-1,-1
2318,1,2011.00,1057.00,65.00,104.00,6.5404,-1,-1,-1
2319,2,2156.00,622.00,61.00,107.00,6.5486,-1,-1,-1
2319,1,2013.00,1057.00,62.00,102.00,6.4732,-1,-1,-1
2320,2,2158.00,624.00,59.00,106.00,6.5589,-1,-1,-1
2320,1,2016.00,1059.00,59.00,99.00,6.2063,-1,-1,-1
2321,2,2158.00,625.00,60.00,107.00,6.5687,-1,-1,-1
2321,1,2016.00,1058.00,60.00,101.00,6.0749,-1,-1,-1
2322,2,2159.00,627.00,59.00,104.00,6.6274,-1,-1,-1
2322,1,2016.00,1059.00,61.00,103.00,5.8991,-1,-1,-1
2323,2,2159.00,628.00,60.00,104.00,6.7147,-1,-1,-1
2323,1,2015.00,1059.00,63.00,104.00,5.8923,-1,-1,-1
2324,2,2157.00,628.00,64.00,117.00,6.7432,-1,-1,-1
2324,1,2014.00,1062.00,65.00,103.00,6.0084,-1,-1,-1
2325,2,2157.00,630.00,64.00,118.00,6.7535,-1,-1,-1
2325,1,2016.00,1063.00,62.00,102.00,6.0806,-1,-1,-1
2326,2,2165.00,631.00,54.00,97.00,6.7236,-1,-1,-1
2326,1,2016.00,1063.00,64.00,102.00,6.2238,-1,-1,-1
2327,2,2166.00,633.00,54.00,96.00,6.6977,-1,-1,-1
2327,1,2018.00,1061.00,59.00,101.00,6.3082,-1,-1,-1
2328,2,2160.00,633.00,62.00,111.00,6.7932,-1,-1,-1
2328,1,2016.00,1067.00,64.00,106.00,6.3799,-1,-1,-1
2329,2,2161.00,635.00,62.00,110.00,6.8784,-1,-1,-1
2329,1,2017.00,1067.00,63.00,105.00,6.4657,-1,-1,-1
2330,2,2162.00,636.00,62.00,106.00,6.9577,-1,-1,-1
2330,1,2018.00,1069.00,64.00,104.00,6.5458,-1,-1,-1
2331,2,2164.00,638.00,60.00,101.00,6.9385,-1,-1,-1
2331,1,2019.00,1069.00,61.00,101.00,6.6084,-1,-1,-1
2332,2,2163.00,641.00,62.00,102.00,6.9438,-1,-1,-1
2332,1,2020.00,1072.00,61.00,100.00,6.6689,-1,-1,-1
2333,2,2164.00,642.00,61.00,100.00,6.8984,-1,-1,-1
2333,1,2021.00,1074.00,60.00,102.00,6.6744,-1,-1,-1
2334,2,2163.00,642.00,63.00,102.00,6.8223,-1,-1,-1
2334,1,2017.00,1074.00,66.00,106.00,6.7731,-1,-1,-1
2335,1,2019.00,1075.00,64.00,106.00,6.8429,-1,-1,-1
2335,2,2165.00,645.00,61.00,97.00,6.7930,-1,-1,-1
2336,1,2021.00,1076.00,63.00,104.00,6.8523,-1,-1,-1
2336,2,2164.00,646.00,63.00,102.00,6.7776,-1,-1,-1
2337,1,2022.00,1079.00,61.00,104.00,6.8596,-1,-1,-1
2337,2,2164.00,647.00,63.00,104.00,6.7584,-1,-1,-1
2338,1,2021.00,1080.00,62.00,104.00,6.9041,-1,-1,-1
2338,2,2165.00,648.00,63.00,102.00,6.7472,-1,-1,-1
2339,1,2020.00,1081.00,63.00,104.00,6.9305,-1,-1,-1
2339,2,2165.00,649.00,63.00,104.00,6.7159,-1,-1,-1
2340,1,2023.00,1082.00,60.00,101.00,6.9967,-1,-1,-1
2340,2,2166.00,650.00,63.00,103.00,6.7101,-1,-1,-1
2341,1,2025.00,1084.00,57.00,100.00,6.9452,-1,-1,-1
2341,2,2165.00,651.00,65.00,104.00,6.6921,-1,-1,-1
2342,1,2024.00,1085.00,60.00,102.00,6.9033,-1,-1,-1
2342,2,2166.00,650.00,63.00,103.00,6.6888,-1,-1,-1
2343,1,2024.00,1085.00,61.00,101.00,6.9519,-1,-1,-1
2343,2,2166.00,650.00,63.00,105.00,6.6745,-1,-1,-1
2344,1,2024.00,1086.00,63.00,101.00,6.9831,-1,-1,-1
2344,2,2165.00,652.00,66.00,110.00,6.6126,-1,-1,-1
2345,1,2023.00,1086.00,67.00,104.00,6.9894,-1,-1,-1
2345,2,2166.00,653.00,65.00,110.00,6.5380,-1,-1,-1
2346,1,2025.00,1086.00,66.00,102.00,6.9765,-1,-1,-1
2346,2,2167.00,650.00,63.00,108.00,6.5510,-1,-1,-1
2347,1,2025.00,1087.00,67.00,101.00,6.9791,-1,-1,-1
2347,2,2163.00,649.00,70.00,123.00,6.5366,-1,-1,-1
2348,1,2026.00,1086.00,68.00,104.00,6.9268,-1,-1,-1
2348,2,2168.00,651.00,63.00,109.00,6.5536,-1,-1,-1
2349,1,2027.00,1086.00,69.00,103.00,6.9144,-1,-1,-1
2349,2,2169.00,652.00,62.00,107.00,6.5791,-1,-1,-1
2350,1,2027.00,1084.00,70.00,106.00,6.8833,-1,-1,-1
2350,2,2169.00,653.00,64.00,105.00,6.6583,-1,-1,-1
2351,1,2029.00,1084.00,67.00,104.00,6.8341,-1,-1,-1
2351,2,2170.00,652.00,63.00,105.00,6.6772,-1,-1,-1
2352,1,2029.00,1084.00,66.00,104.00,6.7186,-1,-1,-1
2352,2,2171.00,651.00,63.00,106.00,6.6515,-1,-1,-1
2353,2,2170.00,650.00,65.00,110.00,6.5639,-1,-1,-1
2353,1,2030.00,1084.00,64.00,101.00,6.5457,-1,-1,-1
2354,1,2032.00,1082.00,64.00,100.00,6.4711,-1,-1,-1
2354,2,2170.00,650.00,66.00,111.00,6.4515,-1,-1,-1
2355,1,2031.00,1081.00,67.00,102.00,6.4676,-1,-1,-1
2355,2,2165.00,650.00,74.00,123.00,6.3964,-1,-1,-1
2356,1,2031.00,1081.00,67.00,102.00,6.4695,-1,-1,-1
2356,2,2171.00,649.00,65.00,111.00,6.2616,-1,-1,-1
2357,1,2032.00,1081.00,67.00,102.00,6.5157,-1,-1,-1
2357,2,2172.00,646.00,65.00,115.00,6.0276,-1,-1,-1
2358,1,2033.00,1081.00,66.00,101.00,6.5785,-1,-1,-1
2358,2,2171.00,646.00,67.00,116.00,5.8034,-1,-1,-1
2359,1,2034.00,1079.00,65.00,103.00,6.6284,-1,-1,-1
2359,2,2171.00,645.00,67.00,115.00,5.6595,-1,-1,-1
2360,1,2033.00,1079.00,67.00,103.00,6.6965,-1,-1,-1
2360,2,2167.00,646.00,72.00,128.00,5.0192,-1,-1,-1
2361,1,2033.00,1078.00,68.00,104.00,6.7611,-1,-1,-1
2361,2,2172.00,643.00,66.00,113.00,4.9746,-1,-1,-1
2362,1,2034.00,1078.00,68.00,104.00,6.8014,-1,-1,-1
2362,2,2180.00,643.00,54.00,95.00,5.0643,-1,-1,-1
2363,1,2034.00,1075.00,68.00,107.00,6.8010,-1,-1,-1
2363,2,2181.00,641.00,54.00,97.00,5.1933,-1,-1,-1
2364,1,2034.00,1069.00,70.00,112.00,6.7401,-1,-1,-1
2364,2,2180.00,639.00,57.00,101.00,5.3164,-1,-1,-1
2365,1,2035.00,1069.00,70.00,110.00,6.7236,-1,-1,-1
2365,2,2180.00,638.00,58.00,103.00,5.3531,-1,-1,-1
2366,1,2036.00,1067.00,70.00,111.00,6.7019,-1,-1,-1
2366,2,2182.00,639.00,56.00,96.00,5.0205,-1,-1,-1
2367,1,2037.00,1067.00,68.00,111.00,6.6765,-1,-1,-1
2367,2,2180.00,637.00,59.00,100.00,4.9877,-1,-1,-1
2368,1,2037.00,1066.00,69.00,111.00,6.6490,-1,-1,-1
2368,2,2180.00,636.00,60.00,102.00,4.9998,-1,-1,-1
2369,1,2040.00,1060.00,64.00,109.00,6.6299,-1,-1,-1
2369,2,2177.00,635.00,66.00,106.00,5.0299,-1,-1,-1
2370,1,2039.00,1059.00,66.00,110.00,6.6417,-1,-1,-1
2370,2,2178.00,633.00,66.00,104.00,5.1135,-1,-1,-1
2371,1,2038.00,1059.00,67.00,110.00,6.6831,-1,-1,-1
2371,2,2174.00,631.00,73.00,112.00,5.2833,-1,-1,-1
2372,1,2037.00,1058.00,69.00,109.00,6.7402,-1,-1,-1
2372,2,2174.00,630.00,76.00,115.00,5.4804,-1,-1,-1
2373,1,2037.00,1057.00,69.00,109.00,6.8020,-1,-1,-1
2373,2,2174.00,630.00,77.00,115.00,5.6686,-1,-1,-1
2374,1,2038.00,1056.00,68.00,107.00,6.8595,-1,-1,-1
2374,2,2174.00,629.00,78.00,115.00,5.8337,-1,-1,-1
2375,1,2037.00,1058.00,70.00,105.00,6.9299,-1,-1,-1
2375,2,2177.00,627.00,74.00,110.00,5.9619,-1,-1,-1
2376,1,2039.00,1054.00,67.00,106.00,6.9491,-1,-1,-1
2376,2,2178.00,626.00,72.00,109.00,6.0401,-1,-1,-1
2377,1,2038.00,1054.00,69.00,106.00,7.0037,-1,-1,-1
2377,2,2179.00,624.00,70.00,109.00,6.1111,-1,-1,-1
2378,1,2038.00,1053.00,70.00,106.00,7.0329,-1,-1,-1
2378,2,2179.00,623.00,70.00,110.00,6.1495,-1,-1,-1
2379,1,2039.00,1052.00,69.00,104.00,7.0744,-1,-1,-1
2379,2,2178.00,620.00,72.00,118.00,6.1622,-1,-1,-1
2380,1,2041.00,1051.00,67.00,104.00,7.0922,-1,-1,-1
2380,2,2179.00,619.00,72.00,118.00,6.1568,-1,-1,-1
2381,1,2043.00,1050.00,65.00,103.00,7.1203,-1,-1,-1
2381,2,2178.00,618.00,74.00,120.00,6.1960,-1,-1,-1
2382,1,2043.00,1050.00,65.00,102.00,7.1252,-1,-1,-1
2382,2,2179.00,617.00,72.00,117.00,6.2176,-1,-1,-1
2383,1,2042.00,1050.00,66.00,101.00,7.1192,-1,-1,-1
2383,2,2179.00,616.00,72.00,117.00,6.2162,-1,-1,-1
2384,1,2042.00,1049.00,65.00,101.00,7.0155,-1,-1,-1
2384,2,2178.00,616.00,74.00,117.00,6.2866,-1,-1,-1
2385,1,2044.00,1048.00,63.00,100.00,6.9257,-1,-1,-1
2385,2,2185.00,615.00,63.00,105.00,6.3781,-1,-1,-1
2386,1,2045.00,1047.00,63.00,98.00,6.9177,-1,-1,-1
2386,2,2185.00,614.00,65.00,108.00,6.4298,-1,-1,-1
2387,1,2046.00,1043.00,63.00,101.00,6.8475,-1,-1,-1
2387,2,2185.00,613.00,66.00,110.00,6.4879,-1,-1,-1
2388,1,2047.00,1042.00,64.00,97.00,6.7391,-1,-1,-1
2388,2,2185.00,611.00,66.00,111.00,6.4918,-1,-1,-1
2389,1,2048.00,1041.00,64.00,97.00,6.6571,-1,-1,-1
2389,2,2184.00,610.00,69.00,113.00,6.5337,-1,-1,-1
2390,1,2049.00,1041.00,64.00,95.00,6.6193,-1,-1,-1
2390,2,2188.00,610.00,63.00,103.00,6.5339,-1,-1,-1
2391,1,2049.00,1040.00,65.00,96.00,6.6358,-1,-1,-1
2391,2,2187.00,609.00,65.00,106.00,6.5353,-1,-1,-1
2392,1,2049.00,1039.00,67.00,96.00,6.7091,-1,-1,-1
2392,2,2186.00,608.00,67.00,109.00,6.5594,-1,-1,-1
2393,1,2050.00,1036.00,66.00,98.00,6.7871,-1,-1,-1
2393,2,2188.00,607.00,65.00,103.00,6.5814,-1,-1,-1
2394,1,2049.00,1034.00,68.00,100.00,6.8914,-1,-1,-1
2394,2,2188.00,606.00,65.00,105.00,6.6079,-1,-1,-1
2395,1,2049.00,1033.00,69.00,101.00,6.9549,-1,-1,-1
2395,2,2187.00,605.00,68.00,105.00,6.6553,-1,-1,-1
2396,1,2050.00,1032.00,69.00,102.00,7.0009,-1,-1,-1
2396,2,2188.00,603.00,67.00,107.00,6.7251,-1,-1,-1
2397,1,2050.00,1030.00,69.00,105.00,7.0073,-1,-1,-1
2397,2,2187.00,602.00,68.00,109.00,6.8005,-1,-1,-1
2398,1,2050.00,1030.00,70.00,106.00,6.9786,-1,-1,-1
2398,2,2188.00,601.00,68.00,110.00,6.8857,-1,-1,-1
2399,2,2188.00,601.00,69.00,110.00,6.9743,-1,-1,-1
2399,1,2050.00,1029.00,70.00,106.00,6.9360,-1,-1,-1
2400,2,2188.00,601.00,70.00,110.00,7.0428,-1,-1,-1
2400,1,2050.00,1028.00,69.00,106.00,6.8855,-1,-1,-1
2401,2,2188.00,600.00,71.00,113.00,7.1219,-1,-1,-1
2401,1,2050.00,1028.00,69.00,105.00,6.8262,-1,-1,-1
2402,2,2188.00,599.00,72.00,114.00,7.1869,-1,-1,-1
2402,1,2052.00,1022.00,70.00,110.00,6.7501,-1,-1,-1
2403,2,2188.00,597.00,73.00,116.00,7.2432,-1,-1,-1
2403,1,2053.00,1022.00,69.00,108.00,6.7050,-1,-1,-1
2404,2,2188.00,596.00,73.00,114.00,7.3117,-1,-1,-1
2404,1,2054.00,1020.00,70.00,108.00,6.7115,-1,-1,-1
2405,2,2189.00,594.00,72.00,114.00,7.3533,-1,-1,-1
2405,1,2054.00,1018.00,73.00,110.00,6.6999,-1,-1,-1
2406,2,2195.00,594.00,63.00,106.00,7.3313,-1,-1,-1
2406,1,2055.00,1017.00,72.00,109.00,6.7147,-1,-1,-1
2407,2,2196.00,593.00,62.00,105.00,7.3464,-1,-1,-1
2407,1,2055.00,1016.00,72.00,110.00,6.7283,-1,-1,-1
2408,2,2197.00,591.00,62.00,105.00,7.3581,-1,-1,-1
2408,1,2055.00,1014.00,73.00,113.00,6.7275,-1,-1,-1
2409,2,2197.00,589.00,62.00,106.00,7.3253,-1,-1,-1
2409,1,2056.00,1014.00,72.00,112.00,6.7342,-1,-1,-1
2410,2,2197.00,589.00,64.00,109.00,7.3243,-1,-1,-1
2410,1,2058.00,1014.00,69.00,110.00,6.6565,-1,-1,-1
2411,2,2196.00,588.00,65.00,110.00,7.2813,-1,-1,-1
2411,1,2058.00,1014.00,70.00,108.00,6.5959,-1,-1,-1
2412,2,2197.00,586.00,65.00,109.00,7.1662,-1,-1,-1
2412,1,2061.00,1014.00,68.00,102.00,6.6072,-1,-1,-1
2413,2,2195.00,585.00,69.00,112.00,7.1295,-1,-1,-1
2413,1,2062.00,1013.00,67.00,102.00,6.6733,-1,-1,-1
2414,2,2193.00,583.00,72.00,114.00,7.0864,-1,-1,-1
2414,1,2062.00,1012.00,67.00,102.00,6.7484,-1,-1,-1
2415,2,2195.00,583.00,69.00,106.00,6.9918,-1,-1,-1
2415,1,2063.00,1012.00,67.00,102.00,6.7874,-1,-1,-1
2416,2,2196.00,582.00,69.00,107.00,6.8946,-1,-1,-1
2416,1,2063.00,1011.00,67.00,102.00,6.8554,-1,-1,-1
2417,1,2063.00,1011.00,67.00,101.00,6.9270,-1,-1,-1
2417,2,2197.00,581.00,67.00,103.00,6.8157,-1,-1,-1
2418,1,2063.00,1009.00,67.00,103.00,7.0093,-1,-1,-1
2418,2,2195.00,581.00,71.00,106.00,6.7016,-1,-1,-1
2419,1,2063.00,1009.00,68.00,104.00,7.0627,-1,-1,-1
2419,2,2195.00,580.00,72.00,109.00,6.6073,-1,-1,-1
2420,1,2066.00,1007.00,64.00,102.00,7.0885,-1,-1,-1
2420,2,2197.00,580.00,70.00,105.00,6.4796,-1,-1,-1
2421,1,2066.00,1007.00,65.00,102.00,7.1613,-1,-1,-1
2421,2,2197.00,579.00,71.00,107.00,6.3414,-1,-1,-1
2422,1,2066.00,1005.00,67.00,103.00,7.2389,-1,-1,-1
2422,2,2197.00,578.00,71.00,108.00,6.1603,-1,-1,-1
2423,1,2068.00,1004.00,65.00,104.00,7.2895,-1,-1,-1
2423,2,2199.00,578.00,71.00,106.00,6.0701,-1,-1,-1
2424,1,2070.00,1002.00,66.00,106.00,7.3227,-1,-1,-1
2424,2,2199.00,578.00,71.00,106.00,6.0031,-1,-1,-1
2425,1,2070.00,1001.00,67.00,105.00,7.3357,-1,-1,-1
2425,2,2208.00,578.00,57.00,84.00,6.0236,-1,-1,-1
2426,1,2070.00,1001.00,69.00,104.00,7.3434,-1,-1,-1
2426,2,2209.00,577.00,57.00,85.00,6.0600,-1,-1,-1
2427,1,2071.00,1001.00,69.00,104.00,7.3420,-1,-1,-1
2427,2,2207.00,577.00,60.00,88.00,6.0857,-1,-1,-1
2428,1,2073.00,1001.00,67.00,102.00,7.3316,-1,-1,-1
2428,2,2200.00,575.00,73.00,108.00,6.1252,-1,-1,-1
2429,1,2072.00,1001.00,70.00,102.00,7.3399,-1,-1,-1
2429,2,2200.00,575.00,72.00,109.00,6.1383,-1,-1,-1
2430,1,2072.00,1001.00,71.00,103.00,7.3324,-1,-1,-1
2430,2,2200.00,573.00,71.00,113.00,6.1364,-1,-1,-1
2431,1,2072.00,1001.00,72.00,104.00,7.3145,-1,-1,-1
2431,2,2201.00,574.00,69.00,113.00,6.1399,-1,-1,-1
2432,1,2073.00,1002.00,71.00,103.00,7.2352,-1,-1,-1
2432,2,2203.00,574.00,67.00,111.00,6.1313,-1,-1,-1
2433,1,2076.00,1000.00,68.00,102.00,7.1585,-1,-1,-1
2433,2,2200.00,573.00,72.00,129.00,5.4690,-1,-1,-1
2434,1,2075.00,1001.00,71.00,104.00,7.0678,-1,-1,-1
2434,2,2208.00,575.00,61.00,107.00,5.5190,-1,-1,-1
2435,1,2074.00,1007.00,71.00,102.00,7.0306,-1,-1,-1
2435,2,2210.00,576.00,59.00,106.00,5.5880,-1,-1,-1
2436,1,2076.00,1008.00,68.00,102.00,7.0210,-1,-1,-1
2436,2,2209.00,579.00,60.00,106.00,5.6935,-1,-1,-1
2437,1,2075.00,1011.00,74.00,103.00,7.0141,-1,-1,-1
2437,2,2204.00,582.00,68.00,118.00,5.8164,-1,-1,-1
2438,1,2076.00,1009.00,71.00,107.00,6.9799,-1,-1,-1
2438,2,2207.00,586.00,64.00,112.00,5.9153,-1,-1,-1
2439,1,2075.00,1013.00,73.00,108.00,7.0070,-1,-1,-1
2439,2,2207.00,590.00,64.00,108.00,6.0806,-1,-1,-1
2440,1,2075.00,1021.00,77.00,104.00,6.9958,-1,-1,-1
2440,2,2204.00,594.00,71.00,115.00,6.1779,-1,-1,-1
2441,1,2075.00,1028.00,76.00,109.00,6.9607,-1,-1,-1
2441,2,2205.00,599.00,69.00,114.00,6.2894,-1,-1,-1
2442,1,2077.00,1033.00,72.00,106.00,6.9670,-1,-1,-1
2442,2,2202.00,605.00,73.00,117.00,6.4404,-1,-1,-1
2443,1,2077.00,1037.00,73.00,108.00,6.9928,-1,-1,-1
2443,2,2203.00,612.00,74.00,116.00,6.5357,-1,-1,-1
2444,1,2079.00,1046.00,67.00,106.00,6.7970,-1,-1,-1
2444,2,2203.00,622.00,72.00,111.00,6.6307,-1,-1,-1
2445,1,2077.00,1054.00,71.00,108.00,6.8163,-1,-1,-1
2445,2,2205.00,627.00,70.00,111.00,6.7263,-1,-1,-1
2446,2,2204.00,635.00,75.00,118.00,6.7927,-1,-1,-1
2446,1,2081.00,1060.00,67.00,105.00,6.7480,-1,-1,-1
2447,2,2203.00,644.00,76.00,114.00,6.8037,-1,-1,-1
2447,1,2081.00,1068.00,69.00,106.00,6.7653,-1,-1,-1
2448,2,2205.00,649.00,74.00,112.00,6.8521,-1,-1,-1
2448,1,2081.00,1076.00,67.00,105.00,6.7381,-1,-1,-1
2449,2,2207.00,657.00,71.00,116.00,6.9451,-1,-1,-1
2449,1,2082.00,1081.00,68.00,106.00,6.8127,-1,-1,-1
2450,2,2206.00,664.00,73.00,110.00,6.9905,-1,-1,-1
2450,1,2087.00,1087.00,62.00,99.00,6.7020,-1,-1,-1
2451,2,2207.00,672.00,72.00,111.00,7.0062,-1,-1,-1
2451,1,2084.00,1097.00,68.00,104.00,6.7266,-1,-1,-1
2452,2,2208.00,679.00,71.00,118.00,7.0394,-1,-1,-1
2452,1,2083.00,1102.00,69.00,104.00,6.7946,-1,-1,-1
2453,2,2207.00,684.00,72.00,116.00,7.0473,-1,-1,-1
2453,1,2084.00,1107.00,69.00,104.00,6.9162,-1,-1,-1
2454,2,2209.00,692.00,69.00,109.00,7.0463,-1,-1,-1
2454,1,2085.00,1114.00,70.00,104.00,6.9521,-1,-1,-1
2455,2,2209.00,696.00,70.00,124.00,6.9827,-1,-1,-1
2455,1,2089.00,1119.00,63.00,99.00,6.9493,-1,-1,-1
2456,1,2086.00,1126.00,67.00,102.00,7.0149,-1,-1,-1
2456,2,2210.00,705.00,66.00,117.00,6.9923,-1,-1,-1
2457,1,2087.00,1130.00,68.00,103.00,7.1096,-1,-1,-1
2457,2,2210.00,709.00,67.00,113.00,6.9562,-1,-1,-1
2458,1,2087.00,1137.00,66.00,100.00,7.0810,-1,-1,-1
2458,2,2210.00,716.00,68.00,112.00,7.0145,-1,-1,-1
2459,1,2087.00,1142.00,68.00,103.00,7.0896,-1,-1,-1
2459,2,2213.00,722.00,62.00,110.00,6.9950,-1,-1,-1
2460,1,2088.00,1148.00,67.00,101.00,7.1452,-1,-1,-1
2460,2,2210.00,726.00,68.00,121.00,7.0044,-1,-1,-1
2461,1,2090.00,1149.00,67.00,105.00,7.1754,-1,-1,-1
2461,2,2210.00,731.00,69.00,115.00,6.9519,-1,-1,-1
2462,1,2089.00,1153.00,66.00,105.00,7.1698,-1,-1,-1
2462,2,2214.00,736.00,62.00,103.00,6.9649,-1,-1,-1
2463,1,2089.00,1154.00,68.00,108.00,7.1750,-1,-1,-1
2463,2,2211.00,740.00,69.00,113.00,6.9883,-1,-1,-1
2464,1,2090.00,1159.00,65.00,105.00,7.1359,-1,-1,-1
2464,2,2214.00,742.00,65.00,111.00,7.0031,-1,-1,-1
2465,1,2091.00,1161.00,67.00,110.00,7.1495,-1,-1,-1
2465,2,2215.00,745.00,63.00,108.00,7.0385,-1,-1,-1
2466,1,2093.00,1163.00,65.00,108.00,7.2216,-1,-1,-1
2466,2,2217.00,749.00,60.00,104.00,7.0636,-1,-1,-1
2467,1,2094.00,1165.00,65.00,107.00,7.2796,-1,-1,-1
2467,2,2217.00,749.00,60.00,104.00,7.1129,-1,-1,-1
2468,1,2095.00,1168.00,63.00,107.00,7.2908,-1,-1,-1
2468,2,2214.00,749.00,66.00,114.00,7.1584,-1,-1,-1
2469,1,2095.00,1168.00,64.00,108.00,7.2975,-1,-1,-1
2469,2,2215.00,749.00,66.00,113.00,7.2239,-1,-1,-1
2470,2,2216.00,750.00,64.00,113.00,7.2772,-1,-1,-1
2470,1,2094.00,1167.00,65.00,110.00,7.2745,-1,-1,-1
2471,2,2217.00,750.00,64.00,115.00,7.3316,-1,-1,-1
2471,1,2095.00,1168.00,63.00,107.00,7.2453,-1,-1,-1
2472,2,2217.00,750.00,64.00,117.00,7.3585,-1,-1,-1
2472,1,2094.00,1169.00,65.00,106.00,7.2120,-1,-1,-1
2473,2,2216.00,751.00,66.00,116.00,7.3991,-1,-1,-1
2473,1,2095.00,1169.00,66.00,107.00,7.1924,-1,-1,-1
2474,2,2217.00,751.00,64.00,117.00,7.4151,-1,-1,-1
2474,1,2097.00,1169.00,64.00,106.00,7.1752,-1,-1,-1
2475,2,2217.00,752.00,65.00,116.00,7.4375,-1,-1,-1
2475,1,2098.00,1170.00,62.00,106.00,7.1098,-1,-1,-1
2476,2,2217.00,752.00,65.00,116.00,7.4497,-1,-1,-1
2476,1,2097.00,1169.00,66.00,107.00,7.0935,-1,-1,-1
2477,2,2217.00,752.00,66.00,118.00,7.4325,-1,-1,-1
2477,1,2097.00,1170.00,65.00,107.00,7.1008,-1,-1,-1
2478,2,2217.00,753.00,65.00,116.00,7.4081,-1,-1,-1
2478,1,2097.00,1171.00,66.00,108.00,7.1378,-1,-1,-1
2479,2,2217.00,753.00,66.00,117.00,7.3790,-1,-1,-1
2479,1,2098.00,1172.00,63.00,105.00,7.1147,-1,-1,-1
2480,2,2218.00,753.00,64.00,116.00,7.3713,-1,-1,-1
2480,1,2099.00,1173.00,62.00,102.00,7.0586,-1,-1,-1
2481,2,2219.00,753.00,63.00,114.00,7.3529,-1,-1,-1
2481,1,2099.00,1173.00,63.00,103.00,7.0322,-1,-1,-1
2482,2,2221.00,753.00,61.00,113.00,7.2967,-1,-1,-1
2482,1,2099.00,1174.00,63.00,104.00,7.0241,-1,-1,-1
2483,2,2221.00,754.00,61.00,114.00,7.2170,-1,-1,-1
2483,1,2100.00,1174.00,63.00,101.00,6.9755,-1,-1,-1
2484,2,2221.00,754.00,62.00,114.00,7.2042,-1,-1,-1
2484,1,2100.00,1175.00,63.00,100.00,6.9450,-1,-1,-1
2485,2,2221.00,754.00,63.00,114.00,7.1683,-1,-1,-1
2485,1,2103.00,1174.00,61.00,98.00,6.8826,-1,-1,-1
2486,2,2221.00,754.00,63.00,115.00,7.1102,-1,-1,-1
2486,1,2105.00,1174.00,59.00,96.00,6.7919,-1,-1,-1
2487,2,2222.00,755.00,61.00,114.00,7.0275,-1,-1,-1
2487,1,2105.00,1173.00,60.00,96.00,6.7590,-1,-1,-1
2488,2,2223.00,755.00,60.00,111.00,6.9394,-1,-1,-1
2488,1,2106.00,1171.00,58.00,98.00,6.7166,-1,-1,-1
2489,2,2224.00,757.00,59.00,110.00,6.8184,-1,-1,-1
2489,1,2105.00,1172.00,60.00,98.00,6.6728,-1,-1,-1
2490,2,2225.00,758.00,57.00,105.00,6.7077,-1,-1,-1
2490,1,2106.00,1171.00,59.00,98.00,6.6487,-1,-1,-1
2491,1,2105.00,1173.00,65.00,103.00,6.6662,-1,-1,-1
2491,2,2225.00,760.00,58.00,104.00,6.6624,-1,-1,-1
2492,1,2105.00,1173.00,65.00,104.00,6.7227,-1,-1,-1
2492,2,2227.00,760.00,57.00,102.00,6.5961,-1,-1,-1
2493,1,2106.00,1174.00,66.00,104.00,6.8646,-1,-1,-1
2493,2,2229.00,760.00,53.00,97.00,6.5767,-1,-1,-1
2494,1,2106.00,1174.00,66.00,106.00,6.9801,-1,-1,-1
2494,2,2229.00,761.00,53.00,98.00,6.5840,-1,-1,-1
2495,1,2107.00,1174.00,67.00,106.00,7.1118,-1,-1,-1
2495,2,2229.00,763.00,54.00,96.00,6.5660,-1,-1,-1
2496,1,2107.00,1176.00,67.00,104.00,7.2242,-1,-1,-1
2496,2,2230.00,763.00,53.00,97.00,6.5200,-1,-1,-1
2497,1,2108.00,1177.00,66.00,104.00,7.3146,-1,-1,-1
2497,2,2231.00,764.00,53.00,96.00,6.5444,-1,-1,-1
2498,1,2108.00,1178.00,66.00,105.00,7.3818,-1,-1,-1
2498,2,2227.00,763.00,61.00,110.00,6.5617,-1,-1,-1
2499,1,2109.00,1179.00,67.00,105.00,7.4420,-1,-1,-1
2499,2,2229.00,764.00,61.00,109.00,6.6619,-1,-1,-1
2500,1,2109.00,1178.00,67.00,106.00,7.4938,-1,-1,-1
2500,2,2230.00,765.00,59.00,108.00,6.7377,-1,-1,-1
2501,1,2110.00,1180.00,66.00,104.00,7.5044,-1,-1,-1
2501,2,2231.00,766.00,58.00,107.00,6.8029,-1,-1,-1
2502,1,2112.00,1184.00,63.00,100.00,7.4817,-1,-1,-1
2502,2,2231.00,767.00,59.00,107.00,6.8832,-1,-1,-1
2503,1,2112.00,1184.00,64.00,101.00,7.4516,-1,-1,-1
2503,2,2230.00,769.00,60.00,107.00,6.9720,-1,-1,-1
2504,1,2112.00,1185.00,64.00,102.00,7.4265,-1,-1,-1
2504,2,2230.00,770.00,60.00,109.00,7.0256,-1,-1,-1
2505,1,2111.00,1186.00,67.00,103.00,7.4180,-1,-1,-1
2505,2,2227.00,771.00,67.00,119.00,7.0982,-1,-1,-1
2506,1,2112.00,1189.00,66.00,102.00,7.4071,-1,-1,-1
2506,2,2234.00,773.00,56.00,101.00,7.1361,-1,-1,-1
2507,1,2111.00,1190.00,67.00,101.00,7.4178,-1,-1,-1
2507,2,2231.00,774.00,62.00,115.00,7.1851,-1,-1,-1
2508,1,2110.00,1191.00,67.00,99.00,7.4319,-1,-1,-1
2508,2,2232.00,774.00,60.00,113.00,7.2067,-1,-1,-1
2509,1,2111.00,1191.00,66.00,100.00,7.4408,-1,-1,-1
2509,2,2237.00,776.00,52.00,96.00,7.1826,-1,-1,-1
2510,1,2113.00,1192.00,65.00,101.00,7.4016,-1,-1,-1
2510,2,2232.00,776.00,60.00,114.00,7.1799,-1,-1,-1
2511,1,2114.00,1193.00,65.00,101.00,7.3523,-1,-1,-1
2511,2,2234.00,777.00,57.00,111.00,7.1029,-1,-1,-1
2512,1,2117.00,1192.00,60.00,102.00,7.2956,-1,-1,-1
2512,2,2233.00,776.00,59.00,112.00,7.0094,-1,-1,-1
2513,1,2118.00,1192.00,61.00,103.00,7.2891,-1,-1,-1
2513,2,2239.00,776.00,51.00,94.00,6.9777,-1,-1,-1
2514,1,2118.00,1192.00,62.00,101.00,7.3227,-1,-1,-1
2514,2,2240.00,776.00,50.00,93.00,6.8863,-1,-1,-1
2515,1,2117.00,1191.00,63.00,100.00,7.3397,-1,-1,-1
2515,2,2239.00,777.00,51.00,93.00,6.8495,-1,-1,-1
2516,1,2118.00,1191.00,64.00,100.00,7.3898,-1,-1,-1
2516,2,2239.00,776.00,52.00,94.00,6.8606,-1,-1,-1
2517,1,2119.00,1191.00,64.00,100.00,7.4460,-1,-1,-1
2517,2,2238.00,776.00,54.00,98.00,6.8353,-1,-1,-1
2518,1,2119.00,1190.00,64.00,101.00,7.4935,-1,-1,-1
2518,2,2238.00,775.00,55.00,99.00,6.8076,-1,-1,-1
2519,1,2119.00,1190.00,65.00,101.00,7.5340,-1,-1,-1
2519,2,2239.00,775.00,54.00,100.00,6.7401,-1,-1,-1
2520,1,2120.00,1188.00,64.00,101.00,7.5553,-1,-1,-1
2520,2,2237.00,775.00,57.00,101.00,6.6317,-1,-1,-1
2521,1,2121.00,1188.00,63.00,100.00,7.5471,-1,-1,-1
2521,2,2238.00,775.00,57.00,100.00,6.5118,-1,-1,-1
2522,1,2120.00,1187.00,65.00,101.00,7.5409,-1,-1,-1
2522,2,2239.00,776.00,56.00,97.00,6.4028,-1,-1,-1
2523,1,2120.00,1187.00,65.00,102.00,7.5365,-1,-1,-1
2523,2,2240.00,774.00,54.00,99.00,6.3516,-1,-1,-1
2524,1,2121.00,1186.00,66.00,105.00,7.5457,-1,-1,-1
2524,2,2240.00,774.00,55.00,100.00,6.3413,-1,-1,-1
2525,1,2121.00,1185.00,67.00,105.00,7.5464,-1,-1,-1
2525,2,2238.00,777.00,59.00,101.00,6.2682,-1,-1,-1
2526,1,2119.00,1182.00,70.00,108.00,7.4777,-1,-1,-1
2526,2,2235.00,773.00,64.00,120.00,6.2299,-1,-1,-1
2527,1,2120.00,1184.00,69.00,106.00,7.4128,-1,-1,-1
2527,2,2235.00,774.00,64.00,120.00,6.2215,-1,-1,-1
2528,1,2121.00,1183.00,68.00,106.00,7.3122,-1,-1,-1
2528,2,2235.00,774.00,65.00,119.00,6.2871,-1,-1,-1
2529,1,2123.00,1182.00,68.00,107.00,7.2083,-1,-1,-1
2529,2,2235.00,774.00,65.00,120.00,6.3178,-1,-1,-1
2530,1,2122.00,1182.00,68.00,107.00,7.0872,-1,-1,-1
2530,2,2235.00,773.00,66.00,119.00,6.3985,-1,-1,-1
2531,1,2124.00,1181.00,68.00,107.00,7.0014,-1,-1,-1
2531,2,2236.00,773.00,65.00,117.00,6.4774,-1,-1,-1
2532,1,2124.00,1180.00,69.00,107.00,6.9691,-1,-1,-1
2532,2,2237.00,773.00,64.00,116.00,6.4869,-1,-1,-1
2533,1,2125.00,1180.00,68.00,106.00,6.9690,-1,-1,-1
2533,2,2237.00,773.00,64.00,116.00,6.5130,-1,-1,-1
2534,1,2125.00,1179.00,68.00,107.00,6.9831,-1,-1,-1
2534,2,2237.00,772.00,64.00,117.00,6.4700,-1,-1,-1
2535,1,2126.00,1177.00,67.00,107.00,6.9681,-1,-1,-1
2535,2,2238.00,773.00,62.00,117.00,6.3348,-1,-1,-1
2536,1,2127.00,1176.00,65.00,106.00,6.9192,-1,-1,-1
2536,2,2238.00,774.00,63.00,115.00,6.2554,-1,-1,-1
2537,1,2127.00,1175.00,66.00,107.00,6.9337,-1,-1,-1
2537,2,2238.00,772.00,63.00,116.00,6.2633,-1,-1,-1
2538,1,2127.00,1173.00,67.00,107.00,6.9209,-1,-1,-1
2538,2,2242.00,770.00,57.00,111.00,6.2585,-1,-1,-1
2539,1,2126.00,1172.00,69.00,109.00,6.8699,-1,-1,-1
2539,2,2241.00,770.00,59.00,112.00,6.2537,-1,-1,-1
2540,1,2126.00,1172.00,69.00,109.00,6.8207,-1,-1,-1
2540,2,2240.00,769.00,61.00,109.00,6.3957,-1,-1,-1
2541,1,2128.00,1172.00,66.00,107.00,6.7569,-1,-1,-1
2541,2,2240.00,767.00,63.00,110.00,6.5434,-1,-1,-1
2542,1,2130.00,1173.00,64.00,105.00,6.6633,-1,-1,-1
2542,2,2239.00,766.00,65.00,111.00,6.6539,-1,-1,-1
2543,2,2237.00,765.00,69.00,111.00,6.7862,-1,-1,-1
2543,1,2135.00,1172.00,57.00,97.00,6.4420,-1,-1,-1
2544,2,2237.00,764.00,70.00,113.00,6.8607,-1,-1,-1
2544,1,2136.00,1171.00,57.00,96.00,6.3907,-1,-1,-1
2545,2,2236.00,763.00,71.00,114.00,6.8824,-1,-1,-1
2545,1,2136.00,1170.00,57.00,97.00,6.3979,-1,-1,-1
2546,2,2237.00,761.00,72.00,116.00,6.9101,-1,-1,-1
2546,1,2135.00,1169.00,59.00,97.00,6.4822,-1,-1,-1
2547,2,2238.00,758.00,71.00,116.00,6.8928,-1,-1,-1
2547,1,2137.00,1169.00,57.00,96.00,6.5502,-1,-1,-1
2548,2,2236.00,756.00,74.00,121.00,6.9241,-1,-1,-1
2548,1,2137.00,1169.00,58.00,96.00,6.6210,-1,-1,-1
2549,2,2234.00,755.00,77.00,121.00,6.9644,-1,-1,-1
2549,1,2137.00,1168.00,58.00,95.00,6.6587,-1,-1,-1
2550,2,2234.00,755.00,78.00,120.00,7.0072,-1,-1,-1
2550,1,2137.00,1169.00,57.00,94.00,6.6381,-1,-1,-1
2551,2,2238.00,759.00,75.00,105.00,6.9655,-1,-1,-1
2551,1,2137.00,1171.00,57.00,96.00,6.6424,-1,-1,-1
2552,2,2235.00,758.00,80.00,113.00,6.9512,-1,-1,-1
2552,1,2137.00,1172.00,58.00,95.00,6.6182,-1,-1,-1
2553,2,2235.00,760.00,82.00,114.00,6.9121,-1,-1,-1
2553,1,2138.00,1174.00,57.00,93.00,6.6421,-1,-1,-1
2554,2,2235.00,764.00,82.00,120.00,6.8931,-1,-1,-1
2554,1,2141.00,1176.00,52.00,86.00,6.6615,-1,-1,-1
2555,2,2238.00,768.00,77.00,112.00,6.7391,-1,-1,-1
2555,1,2137.00,1177.00,60.00,96.00,6.7309,-1,-1,-1
2556,1,2138.00,1179.00,59.00,97.00,6.8446,-1,-1,-1
2556,2,2238.00,771.00,79.00,117.00,6.6669,-1,-1,-1
2557,1,2139.00,1182.00,59.00,97.00,6.9503,-1,-1,-1
2557,2,2240.00,775.00,76.00,112.00,6.4854,-1,-1,-1
2558,1,2141.00,1186.00,57.00,95.00,6.9053,-1,-1,-1
2558,2,2247.00,779.00,69.00,103.00,6.1975,-1,-1,-1
2559,1,2144.00,1195.00,54.00,89.00,6.8836,-1,-1,-1
2559,2,2246.00,783.00,69.00,103.00,5.7523,-1,-1,-1
2560,1,2141.00,1199.00,59.00,96.00,6.9073,-1,-1,-1
2560,2,2255.00,794.00,53.00,83.00,5.3709,-1,-1,-1
2561,1,2140.00,1204.00,61.00,102.00,6.9024,-1,-1,-1
2561,2,2249.00,801.00,64.00,98.00,5.3558,-1,-1,-1
2562,1,2142.00,1218.00,60.00,101.00,6.9161,-1,-1,-1
2562,2,2252.00,814.00,58.00,92.00,5.3141,-1,-1,-1
2563,1,2144.00,1234.00,60.00,96.00,6.9261,-1,-1,-1
2563,2,2259.00,826.00,48.00,79.00,4.9428,-1,-1,-1
2564,1,2143.00,1249.00,61.00,100.00,7.0173,-1,-1,-1
2564,2,2248.00,841.00,66.00,103.00,5.0402,-1,-1,-1
2565,1,2143.00,1264.00,63.00,102.00,7.1000,-1,-1,-1
2565,2,2252.00,858.00,59.00,98.00,5.2546,-1,-1,-1
2566,1,2144.00,1283.00,63.00,98.00,7.0749,-1,-1,-1
2566,2,2248.00,874.00,67.00,112.00,5.4552,-1,-1,-1
2567,1,2144.00,1302.00,65.00,103.00,7.1226,-1,-1,-1
2567,2,2253.00,895.00,59.00,97.00,5.6040,-1,-1,-1
2568,1,2146.00,1322.00,64.00,103.00,7.2144,-1,-1,-1
2568,2,2250.00,915.00,66.00,106.00,5.8455,-1,-1,-1
2569,1,2146.00,1342.00,63.00,101.00,7.2079,-1,-1,-1
2569,2,2257.00,937.00,52.00,87.00,5.9269,-1,-1,-1
2570,1,2145.00,1362.00,68.00,101.00,7.2275,-1,-1,-1
2570,2,2254.00,957.00,56.00,94.00,6.0175,-1,-1,-1
2571,1,2144.00,1382.00,70.00,101.00,7.2606,-1,-1,-1
2571,2,2251.00,974.00,62.00,102.00,6.2356,-1,-1,-1
2572,1,2145.00,1402.00,68.00,103.00,7.2434,-1,-1,-1
2572,2,2249.00,993.00,66.00,106.00,6.3613,-1,-1,-1
2573,1,2148.00,1423.00,67.00,101.00,7.1215,-1,-1,-1
2573,2,2252.00,1015.00,60.00,98.00,6.5096,-1,-1,-1
2574,1,2149.00,1443.00,66.00,102.00,7.1299,-1,-1,-1
2574,2,2251.00,1035.00,65.00,102.00,6.6656,-1,-1,-1
2575,1,2149.00,1461.00,66.00,105.00,7.1074,-1,-1,-1
2575,2,2250.00,1054.00,67.00,103.00,6.6463,-1,-1,-1
2576,1,2150.00,1475.00,67.00,108.00,7.0540,-1,-1,-1
2576,2,2253.00,1068.00,64.00,105.00,6.7728,-1,-1,-1
2577,1,2150.00,1489.00,68.00,109.00,6.9659,-1,-1,-1
2577,2,2254.00,1086.00,64.00,96.00,6.9070,-1,-1,-1
2578,2,2255.00,1100.00,61.00,98.00,6.9727,-1,-1,-1
2578,1,2151.00,1508.00,67.00,105.00,6.8426,-1,-1,-1
2579,2,2253.00,1110.00,65.00,97.00,7.0730,-1,-1,-1
2579,1,2151.00,1512.00,67.00,109.00,6.7471,-1,-1,-1
2580,2,2255.00,1116.00,63.00,107.00,7.0639,-1,-1,-1
2580,1,2153.00,1523.00,65.00,105.00,6.7581,-1,-1,-1
2581,2,2257.00,1127.00,61.00,98.00,7.0881,-1,-1,-1
2581,1,2152.00,1533.00,67.00,104.00,6.6637,-1,-1,-1
2582,2,2253.00,1130.00,67.00,103.00,7.1679,-1,-1,-1
2582,1,2154.00,1538.00,65.00,104.00,6.7337,-1,-1,-1
2583,2,2256.00,1134.00,64.00,98.00,7.2466,-1,-1,-1
2583,1,2153.00,1540.00,68.00,107.00,6.7922,-1,-1,-1
2584,2,2259.00,1137.00,60.00,97.00,7.2169,-1,-1,-1
2584,1,2154.00,1547.00,67.00,103.00,6.8343,-1,-1,-1
2585,2,2254.00,1137.00,68.00,105.00,7.2118,-1,-1,-1
2585,1,2156.00,1550.00,65.00,102.00,6.9078,-1,-1,-1
2586,2,2253.00,1138.00,70.00,105.00,7.2572,-1,-1,-1
2586,1,2157.00,1550.00,64.00,102.00,6.9692,-1,-1,-1
2587,2,2253.00,1138.00,71.00,108.00,7.3208,-1,-1,-1
2587,1,2158.00,1550.00,63.00,100.00,7.0177,-1,-1,-1
2588,2,2251.00,1136.00,75.00,111.00,7.3580,-1,-1,-1
2588,1,2157.00,1548.00,64.00,101.00,7.0457,-1,-1,-1
2589,2,2253.00,1134.00,74.00,112.00,7.3658,-1,-1,-1
2589,1,2157.00,1547.00,64.00,100.00,7.0552,-1,-1,-1
2590,2,2253.00,1134.00,72.00,108.00,7.3595,-1,-1,-1
2590,1,2159.00,1545.00,62.00,100.00,7.0451,-1,-1,-1
2591,2,2252.00,1134.00,74.00,108.00,7.3508,-1,-1,-1
2591,1,2159.00,1544.00,62.00,101.00,7.0559,-1,-1,-1
2592,2,2252.00,1133.00,75.00,108.00,7.3402,-1,-1,-1
2592,1,2160.00,1542.00,62.00,103.00,7.0782,-1,-1,-1
2593,2,2252.00,1132.00,76.00,109.00,7.3309,-1,-1,-1
2593,1,2161.00,1541.00,62.00,103.00,7.0705,-1,-1,-1
2594,2,2253.00,1131.00,75.00,111.00,7.3244,-1,-1,-1
2594,1,2159.00,1539.00,65.00,104.00,7.0986,-1,-1,-1
2595,2,2254.00,1130.00,75.00,110.00,7.3220,-1,-1,-1
2595,1,2161.00,1537.00,64.00,104.00,7.1282,-1,-1,-1
2596,2,2254.00,1128.00,76.00,113.00,7.3249,-1,-1,-1
2596,1,2164.00,1532.00,61.00,106.00,7.0900,-1,-1,-1
2597,2,2256.00,1127.00,74.00,110.00,7.3146,-1,-1,-1
2597,1,2165.00,1530.00,61.00,106.00,7.0495,-1,-1,-1
2598,2,2257.00,1126.00,72.00,109.00,7.3030,-1,-1,-1
2598,1,2166.00,1529.00,61.00,104.00,7.0380,-1,-1,-1
2599,2,2258.00,1124.00,71.00,109.00,7.2905,-1,-1,-1
2599,1,2167.00,1529.00,60.00,103.00,7.0376,-1,-1,-1
2600,2,2259.00,1123.00,70.00,109.00,7.2551,-1,-1,-1
2600,1,2166.00,1529.00,62.00,104.00,7.0660,-1,-1,-1
2601,2,2260.00,1122.00,69.00,108.00,7.1912,-1,-1,-1
2601,1,2165.00,1529.00,64.00,106.00,7.0915,-1,-1,-1
2602,1,2166.00,1528.00,63.00,105.00,7.1589,-1,-1,-1
2602,2,2260.00,1121.00,69.00,111.00,7.1575,-1,-1,-1
2603,1,2166.00,1528.00,64.00,104.00,7.2281,-1,-1,-1
2603,2,2260.00,1119.00,69.00,113.00,7.1264,-1,-1,-1
2604,1,2167.00,1528.00,63.00,102.00,7.3126,-1,-1,-1
2604,2,2260.00,1118.00,71.00,116.00,7.0872,-1,-1,-1
2605,1,2168.00,1526.00,64.00,102.00,7.4024,-1,-1,-1
2605,2,2260.00,1117.00,71.00,119.00,7.0495,-1,-1,-1
2606,1,2168.00,1525.00,64.00,102.00,7.4755,-1,-1,-1
2606,2,2263.00,1116.00,64.00,115.00,6.9963,-1,-1,-1
2607,1,2168.00,1524.00,64.00,101.00,7.5246,-1,-1,-1
2607,2,2264.00,1116.00,63.00,114.00,6.9873,-1,-1,-1
2608,1,2168.00,1523.00,65.00,102.00,7.5575,-1,-1,-1
2608,2,2265.00,1114.00,63.00,113.00,7.0214,-1,-1,-1
2609,1,2168.00,1522.00,66.00,101.00,7.5627,-1,-1,-1
2609,2,2266.00,1113.00,62.00,110.00,7.0702,-1,-1,-1
2610,1,2167.00,1521.00,67.00,101.00,7.5084,-1,-1,-1
2610,2,2266.00,1113.00,62.00,110.00,7.0962,-1,-1,-1
2611,1,2168.00,1519.00,65.00,103.00,7.4675,-1,-1,-1
2611,2,2267.00,1112.00,61.00,110.00,7.1053,-1,-1,-1
2612,1,2168.00,1517.00,65.00,104.00,7.4470,-1,-1,-1
2612,2,2270.00,1114.00,55.00,97.00,7.0972,-1,-1,-1
2613,1,2169.00,1516.00,64.00,104.00,7.4203,-1,-1,-1
2613,2,2270.00,1113.00,55.00,99.00,7.1024,-1,-1,-1
2614,1,2170.00,1515.00,64.00,105.00,7.4057,-1,-1,-1
2614,2,2270.00,1114.00,56.00,98.00,7.1196,-1,-1,-1
2615,1,2170.00,1515.00,63.00,104.00,7.3968,-1,-1,-1
2615,2,2271.00,1113.00,55.00,98.00,7.1655,-1,-1,-1
2616,1,2172.00,1515.00,60.00,101.00,7.3750,-1,-1,-1
2616,2,2270.00,1112.00,56.00,98.00,7.2210,-1,-1,-1
2617,1,2173.00,1513.00,58.00,101.00,7.3365,-1,-1,-1
2617,2,2270.00,1111.00,57.00,99.00,7.2697,-1,-1,-1
2618,2,2269.00,1109.00,59.00,101.00,7.3185,-1,-1,-1
2618,1,2174.00,1512.00,57.00,101.00,7.2816,-1,-1,-1
2619,2,2268.00,1108.00,60.00,102.00,7.3714,-1,-1,-1
2619,1,2174.00,1511.00,58.00,102.00,7.2259,-1,-1,-1
2620,2,2269.00,1106.00,59.00,104.00,7.4297,-1,-1,-1
2620,1,2175.00,1511.00,58.00,97.00,7.1036,-1,-1,-1
2621,2,2268.00,1104.00,61.00,106.00,7.4659,-1,-1,-1
2621,1,2175.00,1510.00,59.00,97.00,7.0298,-1,-1,-1
2622,2,2268.00,1104.00,61.00,104.00,7.4807,-1,-1,-1
2622,1,2175.00,1508.00,60.00,99.00,6.9848,-1,-1,-1
2623,2,2267.00,1103.00,63.00,106.00,7.5011,-1,-1,-1
2623,1,2175.00,1507.00,61.00,100.00,6.9395,-1,-1,-1
2624,2,2267.00,1102.00,64.00,107.00,7.5145,-1,-1,-1
2624,1,2175.00,1505.00,62.00,102.00,6.9064,-1,-1,-1
2625,2,2267.00,1100.00,65.00,109.00,7.5095,-1,-1,-1
2625,1,2174.00,1502.00,64.00,103.00,6.9035,-1,-1,-1
2626,2,2267.00,1099.00,66.00,110.00,7.4974,-1,-1,-1
2626,1,2174.00,1502.00,65.00,102.00,6.9121,-1,-1,-1
2627,2,2267.00,1099.00,67.00,109.00,7.4360,-1,-1,-1
2627,1,2176.00,1502.00,64.00,100.00,6.9045,-1,-1,-1
2628,2,2271.00,1097.00,59.00,104.00,7.4011,-1,-1,-1
2628,1,2177.00,1502.00,62.00,99.00,6.9054,-1,-1,-1
2629,2,2270.00,1095.00,62.00,107.00,7.3664,-1,-1,-1
2629,1,2177.00,1500.00,63.00,100.00,6.8847,-1,-1,-1
2630,2,2271.00,1094.00,61.00,107.00,7.3624,-1,-1,-1
2630,1,2179.00,1498.00,62.00,100.00,6.8452,-1,-1,-1
2631,2,2271.00,1092.00,60.00,107.00,7.3779,-1,-1,-1
2631,1,2181.00,1498.00,59.00,97.00,6.8430,-1,-1,-1
2632,2,2270.00,1090.00,62.00,107.00,7.4028,-1,-1,-1
2632,1,2183.00,1499.00,56.00,94.00,6.8670,-1,-1,-1
2633,2,2270.00,1090.00,62.00,106.00,7.4155,-1,-1,-1
2633,1,2183.00,1497.00,57.00,95.00,6.8784,-1,-1,-1
2634,2,2270.00,1090.00,62.00,105.00,7.4196,-1,-1,-1
2634,1,2184.00,1496.00,56.00,94.00,6.8979,-1,-1,-1
2635,2,2271.00,1089.00,61.00,105.00,7.4115,-1,-1,-1
2635,1,2185.00,1496.00,55.00,93.00,6.8901,-1,-1,-1
2636,2,2272.00,1089.00,60.00,103.00,7.3190,-1,-1,-1
2636,1,2186.00,1495.00,55.00,94.00,6.8668,-1,-1,-1
2637,2,2276.00,1091.00,53.00,95.00,7.2046,-1,-1,-1
2637,1,2186.00,1494.00,56.00,95.00,6.8064,-1,-1,-1
2638,2,2276.00,1090.00,54.00,95.00,7.1535,-1,-1,-1
2638,1,2187.00,1493.00,55.00,95.00,6.7527,-1,-1,-1
2639,2,2276.00,1089.00,54.00,93.00,7.1452,-1,-1,-1
2639,1,2187.00,1492.00,56.00,96.00,6.6726,-1,-1,-1
2640,2,2277.00,1087.00,53.00,93.00,7.1133,-1,-1,-1
2640,1,2187.00,1491.00,57.00,97.00,6.6128,-1,-1,-1
2641,2,2277.00,1086.00,53.00,94.00,7.0826,-1,-1,-1
2641,1,2187.00,1492.00,56.00,96.00,6.5373,-1,-1,-1
2642,2,2277.00,1084.00,53.00,94.00,7.0341,-1,-1,-1
2642,1,2188.00,1492.00,56.00,94.00,6.4571,-1,-1,-1
2643,2,2277.00,1082.00,52.00,95.00,6.8820,-1,-1,-1
2643,1,2188.00,1490.00,57.00,95.00,6.3958,-1,-1,-1
2644,2,2280.00,1081.00,47.00,87.00,6.7283,-1,-1,-1
2644,1,2189.00,1490.00,56.00,93.00,6.2325,-1,-1,-1
2645,2,2279.00,1079.00,48.00,88.00,6.6182,-1,-1,-1
2645,1,2190.00,1484.00,56.00,96.00,6.1371,-1,-1,-1
2646,2,2280.00,1079.00,48.00,86.00,6.5857,-1,-1,-1
2646,1,2191.00,1482.00,56.00,97.00,6.1294,-1,-1,-1
2647,2,2280.00,1077.00,48.00,88.00,6.5395,-1,-1,-1
2647,1,2192.00,1479.00,54.00,100.00,6.0932,-1,-1,-1
2648,2,2280.00,1076.00,47.00,84.00,6.4379,-1,-1,-1
2648,1,2193.00,1478.00,53.00,98.00,5.9731,-1,-1,-1
2649,2,2281.00,1076.00,47.00,79.00,6.3866,-1,-1,-1
2649,1,2195.00,1472.00,50.00,97.00,5.8558,-1,-1,-1
2650,2,2283.00,1075.00,44.00,74.00,6.3528,-1,-1,-1
2650,1,2193.00,1475.00,53.00,94.00,5.8740,-1,-1,-1
2651,2,2281.00,1074.00,47.00,80.00,6.3206,-1,-1,-1
2651,1,2193.00,1474.00,54.00,95.00,5.9569,-1,-1,-1
2652,2,2281.00,1074.00,48.00,80.00,6.2852,-1,-1,-1
2652,1,2193.00,1474.00,55.00,95.00,6.0384,-1,-1,-1
2653,2,2282.00,1073.00,48.00,79.00,6.2929,-1,-1,-1
2653,1,2194.00,1474.00,55.00,95.00,6.1088,-1,-1,-1
2654,2,2282.00,1071.00,49.00,82.00,6.3396,-1,-1,-1
2654,1,2194.00,1473.00,55.00,95.00,6.1722,-1,-1,-1
2655,2,2282.00,1070.00,49.00,86.00,6.3469,-1,-1,-1
2655,1,2195.00,1473.00,55.00,97.00,6.2360,-1,-1,-1
2656,2,2278.00,1067.00,57.00,103.00,6.3893,-1,-1,-1
2656,1,2195.00,1472.00,56.00,98.00,6.2674,-1,-1,-1
2657,2,2278.00,1066.00,58.00,106.00,6.4942,-1,-1,-1
2657,1,2195.00,1470.00,56.00,99.00,6.3426,-1,-1,-1
2658,2,2282.00,1067.00,52.00,93.00,6.5307,-1,-1,-1
2658,1,2195.00,1469.00,57.00,99.00,6.4103,-1,-1,-1
2659,2,2278.00,1064.00,59.00,109.00,6.5918,-1,-1,-1
2659,1,2196.00,1468.00,56.00,99.00,6.4061,-1,-1,-1
2660,2,2282.00,1065.00,53.00,95.00,6.6392,-1,-1,-1
2660,1,2196.00,1468.00,56.00,98.00,6.3574,-1,-1,-1
2661,2,2276.00,1062.00,62.00,113.00,6.7528,-1,-1,-1
2661,1,2196.00,1466.00,57.00,100.00,6.3037,-1,-1,-1
2662,2,2278.00,1062.00,60.00,113.00,6.8309,-1,-1,-1
2662,1,2196.00,1465.00,56.00,101.00,6.2575,-1,-1,-1
2663,2,2278.00,1060.00,61.00,117.00,6.9338,-1,-1,-1
2663,1,2196.00,1464.00,56.00,100.00,6.2018,-1,-1,-1
2664,2,2278.00,1060.00,62.00,115.00,7.0218,-1,-1,-1
2664,1,2196.00,1458.00,59.00,101.00,6.1872,-1,-1,-1
2665,2,2282.00,1062.00,56.00,103.00,7.0940,-1,-1,-1
2665,1,2196.00,1458.00,59.00,100.00,6.2292,-1,-1,-1
2666,2,2283.00,1061.00,54.00,100.00,7.1547,-1,-1,-1
2666,1,2196.00,1457.00,60.00,100.00,6.2943,-1,-1,-1
2667,2,2281.00,1060.00,57.00,103.00,7.2286,-1,-1,-1
2667,1,2196.00,1457.00,60.00,100.00,6.3387,-1,-1,-1
2668,2,2281.00,1059.00,57.00,103.00,7.2767,-1,-1,-1
2668,1,2196.00,1456.00,61.00,101.00,6.3880,-1,-1,-1
2669,2,2284.00,1057.00,53.00,99.00,7.2058,-1,-1,-1
2669,1,2197.00,1456.00,60.00,100.00,6.3963,-1,-1,-1
2670,2,2288.00,1058.00,47.00,85.00,7.1632,-1,-1,-1
2670,1,2197.00,1455.00,60.00,100.00,6.4274,-1,-1,-1
2671,2,2287.00,1057.00,49.00,88.00,7.1723,-1,-1,-1
2671,1,2197.00,1455.00,60.00,100.00,6.4481,-1,-1,-1
2672,2,2287.00,1056.00,50.00,88.00,7.2144,-1,-1,-1
2672,1,2197.00,1454.00,60.00,99.00,6.4729,-1,-1,-1
2673,2,2286.00,1055.00,51.00,92.00,7.2701,-1,-1,-1
2673,1,2198.00,1453.00,59.00,98.00,6.4877,-1,-1,-1
2674,2,2285.00,1055.00,53.00,94.00,7.3264,-1,-1,-1
2674,1,2198.00,1452.00,59.00,97.00,6.4939,-1,-1,-1
2675,2,2285.00,1054.00,53.00,94.00,7.3739,-1,-1,-1
2675,1,2200.00,1451.00,58.00,95.00,6.4168,-1,-1,-1
2676,2,2285.00,1052.00,54.00,98.00,7.3876,-1,-1,-1
2676,1,2202.00,1450.00,56.00,93.00,6.3562,-1,-1,-1
2677,2,2284.00,1050.00,57.00,102.00,7.4073,-1,-1,-1
2677,1,2203.00,1448.00,55.00,93.00,6.3408,-1,-1,-1
2678,2,2283.00,1049.00,58.00,104.00,7.3837,-1,-1,-1
2678,1,2202.00,1447.00,57.00,95.00,6.4152,-1,-1,-1
2679,2,2284.00,1047.00,57.00,106.00,7.2881,-1,-1,-1
2679,1,2202.00,1445.00,56.00,95.00,6.4742,-1,-1,-1
2680,2,2285.00,1045.00,57.00,104.00,7.2408,-1,-1,-1
2680,1,2203.00,1444.00,56.00,96.00,6.5065,-1,-1,-1
2681,2,2286.00,1044.00,56.00,103.00,7.1743,-1,-1,-1
2681,1,2203.00,1443.00,57.00,96.00,6.4944,-1,-1,-1
2682,2,2286.00,1043.00,57.00,104.00,7.0953,-1,-1,-1
2682,1,2205.00,1442.00,55.00,97.00,6.4213,-1,-1,-1
2683,2,2286.00,1042.00,59.00,106.00,7.0418,-1,-1,-1
2683,1,2205.00,1441.00,55.00,97.00,6.3449,-1,-1,-1
2684,2,2289.00,1042.00,52.00,94.00,6.9630,-1,-1,-1
2684,1,2208.00,1439.00,52.00,92.00,6.2608,-1,-1,-1
2685,2,2290.00,1042.00,50.00,92.00,6.9040,-1,-1,-1
2685,1,2208.00,1438.00,52.00,92.00,6.2906,-1,-1,-1
2686,2,2289.00,1041.00,53.00,93.00,6.9035,-1,-1,-1
2686,1,2207.00,1438.00,54.00,94.00,6.3835,-1,-1,-1
2687,2,2287.00,1040.00,56.00,95.00,6.9284,-1,-1,-1
2687,1,2207.00,1436.00,56.00,95.00,6.5120,-1,-1,-1
2688,2,2287.00,1040.00,58.00,95.00,6.9358,-1,-1,-1
2688,1,2207.00,1435.00,56.00,95.00,6.6414,-1,-1,-1
2689,2,2287.00,1038.00,57.00,98.00,6.9319,-1,-1,-1
2689,1,2206.00,1433.00,58.00,96.00,6.7506,-1,-1,-1
2690,2,2286.00,1037.00,59.00,101.00,6.9126,-1,-1,-1
2690,1,2205.00,1432.00,60.00,96.00,6.8859,-1,-1,-1
2691,1,2204.00,1431.00,62.00,97.00,6.9877,-1,-1,-1
2691,2,2285.00,1037.00,61.00,101.00,6.9112,-1,-1,-1
2692,1,2206.00,1434.00,60.00,94.00,7.1045,-1,-1,-1
2692,2,2283.00,1038.00,65.00,110.00,6.9175,-1,-1,-1
2693,1,2207.00,1437.00,60.00,99.00,7.1309,-1,-1,-1
2693,2,2284.00,1041.00,64.00,109.00,6.8752,-1,-1,-1
2694,1,2209.00,1444.00,58.00,95.00,7.1942,-1,-1,-1
2694,2,2286.00,1048.00,60.00,104.00,6.8582,-1,-1,-1
2695,1,2209.00,1450.00,59.00,98.00,7.1815,-1,-1,-1
2695,2,2286.00,1055.00,61.00,105.00,6.8325,-1,-1,-1
2696,1,2211.00,1461.00,60.00,98.00,7.1351,-1,-1,-1
2696,2,2287.00,1063.00,60.00,104.00,6.7362,-1,-1,-1
2697,1,2211.00,1470.00,60.00,100.00,7.1779,-1,-1,-1
2697,2,2289.00,1073.00,57.00,96.00,6.7756,-1,-1,-1
2698,1,2213.00,1481.00,59.00,97.00,7.1240,-1,-1,-1
2698,2,2291.00,1082.00,54.00,98.00,6.6236,-1,-1,-1
2699,1,2214.00,1492.00,56.00,98.00,7.0549,-1,-1,-1
2699,2,2287.00,1094.00,62.00,106.00,6.6415,-1,-1,-1
2700,1,2216.00,1502.00,54.00,98.00,6.9676,-1,-1,-1
2700,2,2288.00,1105.00,60.00,105.00,6.5372,-1,-1,-1
2701,1,2214.00,1512.00,57.00,101.00,6.9343,-1,-1,-1
2701,2,2289.00,1116.00,59.00,103.00,6.4835,-1,-1,-1
2702,1,2215.00,1528.00,57.00,101.00,6.9005,-1,-1,-1
2702,2,2295.00,1132.00,48.00,78.00,6.4326,-1,-1,-1
2703,1,2215.00,1539.00,59.00,104.00,6.9380,-1,-1,-1
2703,2,2293.00,1143.00,52.00,83.00,6.4635,-1,-1,-1
2704,1,2216.00,1553.00,59.00,103.00,6.9920,-1,-1,-1
2704,2,2289.00,1153.00,59.00,99.00,6.5257,-1,-1,-1
2705,1,2217.00,1563.00,61.00,107.00,7.0565,-1,-1,-1
2705,2,2291.00,1165.00,57.00,98.00,6.5757,-1,-1,-1
2706,1,2217.00,1575.00,60.00,105.00,7.1086,-1,-1,-1
2706,2,2290.00,1179.00,58.00,97.00,6.6686,-1,-1,-1
2707,1,2218.00,1587.00,62.00,107.00,7.1680,-1,-1,-1
2707,2,2291.00,1190.00,56.00,99.00,6.7098,-1,-1,-1
2708,1,2219.00,1600.00,60.00,104.00,7.2447,-1,-1,-1
2708,2,2290.00,1203.00,60.00,102.00,6.8340,-1,-1,-1
2709,1,2219.00,1613.00,63.00,104.00,7.2759,-1,-1,-1
2709,2,2291.00,1212.00,58.00,105.00,6.8925,-1,-1,-1
2710,1,2219.00,1622.00,61.00,101.00,7.3347,-1,-1,-1
2710,2,2291.00,1223.00,60.00,102.00,6.9334,-1,-1,-1
2711,1,2221.00,1633.00,59.00,103.00,7.3592,-1,-1,-1
2711,2,2294.00,1236.00,54.00,90.00,7.0105,-1,-1,-1
2712,1,2220.00,1641.00,63.00,100.00,7.3061,-1,-1,-1
2712,2,2293.00,1241.00,56.00,98.00,7.1431,-1,-1,-1
2713,1,2220.00,1645.00,62.00,102.00,7.3122,-1,-1,-1
2713,2,2294.00,1248.00,56.00,95.00,7.2313,-1,-1,-1
2714,2,2292.00,1253.00,60.00,98.00,7.3033,-1,-1,-1
2714,1,2222.00,1651.00,61.00,101.00,7.2323,-1,-1,-1
2715,2,2293.00,1258.00,59.00,98.00,7.3120,-1,-1,-1
2715,1,2223.00,1654.00,59.00,102.00,7.1102,-1,-1,-1
2716,2,2292.00,1258.00,63.00,101.00,7.3214,-1,-1,-1
2716,1,2223.00,1660.00,59.00,100.00,7.1119,-1,-1,-1
2717,2,2292.00,1259.00,62.00,104.00,7.3849,-1,-1,-1
2717,1,2223.00,1661.00,59.00,99.00,7.1050,-1,-1,-1
2718,2,2292.00,1260.00,63.00,105.00,7.4506,-1,-1,-1
2718,1,2224.00,1663.00,58.00,97.00,7.0565,-1,-1,-1
2719,2,2291.00,1261.00,66.00,106.00,7.5036,-1,-1,-1
2719,1,2225.00,1663.00,56.00,95.00,6.9776,-1,-1,-1
2720,2,2291.00,1259.00,68.00,111.00,7.5164,-1,-1,-1
2720,1,2226.00,1663.00,55.00,93.00,6.8710,-1,-1,-1
2721,2,2290.00,1259.00,70.00,110.00,7.5295,-1,-1,-1
2721,1,2226.00,1662.00,56.00,95.00,6.7951,-1,-1,-1
2722,2,2290.00,1259.00,70.00,105.00,7.5463,-1,-1,-1
2722,1,2226.00,1660.00,57.00,97.00,6.7614,-1,-1,-1
2723,2,2290.00,1259.00,70.00,103.00,7.5346,-1,-1,-1
2723,1,2225.00,1659.00,59.00,98.00,6.7804,-1,-1,-1
2724,2,2289.00,1258.00,72.00,106.00,7.4983,-1,-1,-1
2724,1,2225.00,1659.00,60.00,98.00,6.8084,-1,-1,-1
2725,2,2288.00,1258.00,75.00,104.00,7.4418,-1,-1,-1
2725,1,2226.00,1657.00,58.00,98.00,6.7541,-1,-1,-1
2726,2,2289.00,1255.00,75.00,105.00,7.3914,-1,-1,-1
2726,1,2226.00,1657.00,58.00,97.00,6.6571,-1,-1,-1
2727,2,2289.00,1254.00,76.00,106.00,7.3540,-1,-1,-1
2727,1,2227.00,1656.00,57.00,98.00,6.4988,-1,-1,-1
2728,2,2288.00,1253.00,79.00,108.00,7.3206,-1,-1,-1
2728,1,2228.00,1652.00,55.00,96.00,6.3744,-1,-1,-1
2729,2,2288.00,1252.00,80.00,109.00,7.2838,-1,-1,-1
2729,1,2229.00,1653.00,56.00,93.00,6.4107,-1,-1,-1
2730,2,2288.00,1251.00,81.00,110.00,7.2492,-1,-1,-1
2730,1,2229.00,1653.00,57.00,93.00,6.5080,-1,-1,-1
2731,2,2287.00,1252.00,80.00,107.00,7.2374,-1,-1,-1
2731,1,2229.00,1653.00,57.00,93.00,6.5959,-1,-1,-1
2732,2,2287.00,1251.00,79.00,104.00,7.2226,-1,-1,-1
2732,1,2230.00,1653.00,57.00,93.00,6.6834,-1,-1,-1
2733,2,2287.00,1250.00,78.00,105.00,7.2310,-1,-1,-1
2733,1,2231.00,1652.00,56.00,93.00,6.7705,-1,-1,-1
2734,2,2286.00,1248.00,79.00,108.00,7.2390,-1,-1,-1
2734,1,2232.00,1651.00,55.00,91.00,6.8597,-1,-1,-1
2735,2,2287.00,1247.00,77.00,107.00,7.2701,-1,-1,-1
2735,1,2231.00,1650.00,57.00,89.00,6.9416,-1,-1,-1
2736,2,2288.00,1245.00,78.00,109.00,7.2405,-1,-1,-1
2736,1,2231.00,1647.00,57.00,91.00,6.9481,-1,-1,-1
2737,2,2288.00,1242.00,82.00,116.00,7.1563,-1,-1,-1
2737,1,2232.00,1644.00,56.00,92.00,6.9425,-1,-1,-1
2738,2,2289.00,1240.00,82.00,116.00,7.0806,-1,-1,-1
2738,1,2232.00,1643.00,56.00,92.00,6.9858,-1,-1,-1
2739,2,2292.00,1241.00,74.00,109.00,7.0241,-1,-1,-1
2739,1,2232.00,1640.00,57.00,94.00,7.0024,-1,-1,-1
2740,1,2232.00,1637.00,59.00,97.00,7.0243,-1,-1,-1
2740,2,2294.00,1240.00,71.00,108.00,7.0194,-1,-1,-1
2741,2,2295.00,1240.00,70.00,108.00,7.0316,-1,-1,-1
2741,1,2232.00,1634.00,60.00,100.00,7.0168,-1,-1,-1
2742,2,2296.00,1239.00,69.00,109.00,7.0584,-1,-1,-1
2742,1,2231.00,1632.00,63.00,102.00,6.9694,-1,-1,-1
2743,2,2296.00,1238.00,69.00,111.00,7.0801,-1,-1,-1
2743,1,2233.00,1632.00,61.00,102.00,6.8583,-1,-1,-1
2744,2,2296.00,1238.00,70.00,113.00,7.1165,-1,-1,-1
2744,1,2234.00,1632.00,60.00,102.00,6.7190,-1,-1,-1
2745,2,2297.00,1237.00,68.00,114.00,7.1225,-1,-1,-1
2745,1,2234.00,1631.00,61.00,103.00,6.6034,-1,-1,-1
2746,2,2297.00,1237.00,67.00,113.00,7.1472,-1,-1,-1
2746,1,2234.00,1631.00,61.00,104.00,6.4795,-1,-1,-1
2747,2,2297.00,1237.00,67.00,113.00,7.1911,-1,-1,-1
2747,1,2234.00,1631.00,62.00,104.00,6.3353,-1,-1,-1
2748,2,2298.00,1236.00,66.00,113.00,7.2273,-1,-1,-1
2748,1,2236.00,1621.00,58.00,105.00,6.2226,-1,-1,-1
2749,2,2299.00,1235.00,64.00,113.00,7.2542,-1,-1,-1
2749,1,2236.00,1621.00,59.00,106.00,6.1913,-1,-1,-1
2750,2,2299.00,1235.00,63.00,111.00,7.2804,-1,-1,-1
2750,1,2235.00,1621.00,62.00,107.00,6.2571,-1,-1,-1
2751,2,2299.00,1234.00,62.00,109.00,7.2824,-1,-1,-1
2751,1,2235.00,1620.00,63.00,108.00,6.3331,-1,-1,-1
2752,2,2298.00,1233.00,65.00,110.00,7.3210,-1,-1,-1
2752,1,2235.00,1620.00,65.00,108.00,6.4266,-1,-1,-1
2753,2,2298.00,1232.00,66.00,111.00,7.3848,-1,-1,-1
2753,1,2235.00,1619.00,66.00,109.00,6.5191,-1,-1,-1
2754,2,2299.00,1231.00,66.00,111.00,7.4357,-1,-1,-1
2754,1,2235.00,1618.00,66.00,108.00,6.5849,-1,-1,-1
2755,2,2300.00,1230.00,64.00,110.00,7.4489,-1,-1,-1
2755,1,2236.00,1618.00,66.00,106.00,6.6394,-1,-1,-1
2756,2,2301.00,1230.00,64.00,110.00,7.4685,-1,-1,-1
2756,1,2237.00,1618.00,65.00,103.00,6.6613,-1,-1,-1
2757,2,2302.00,1230.00,64.00,110.00,7.4871,-1,-1,-1
2757,1,2237.00,1618.00,65.00,102.00,6.6690,-1,-1,-1
2758,2,2302.00,1229.00,66.00,114.00,7.4866,-1,-1,-1
2758,1,2239.00,1618.00,63.00,100.00,6.6436,-1,-1,-1
2759,2,2303.00,1228.00,67.00,116.00,7.4449,-1,-1,-1
2759,1,2240.00,1618.00,63.00,98.00,6.6012,-1,-1,-1
2760,2,2303.00,1227.00,65.00,111.00,7.3822,-1,-1,-1
2760,1,2241.00,1617.00,62.00,99.00,6.5467,-1,-1,-1
2761,2,2302.00,1227.00,67.00,109.00,7.3547,-1,-1,-1
2761,1,2242.00,1621.00,61.00,91.00,6.5102,-1,-1,-1
2762,2,2302.00,1226.00,69.00,110.00,7.3395,-1,-1,-1
2762,1,2243.00,1621.00,60.00,90.00,6.5109,-1,-1,-1
2763,2,2302.00,1227.00,70.00,109.00,7.3340,-1,-1,-1
2763,1,2244.00,1620.00,59.00,89.00,6.5150,-1,-1,-1
2764,2,2301.00,1226.00,72.00,109.00,7.3347,-1,-1,-1
2764,1,2245.00,1619.00,58.00,90.00,6.5310,-1,-1,-1
2765,2,2302.00,1223.00,69.00,111.00,7.3493,-1,-1,-1
2765,1,2244.00,1618.00,59.00,91.00,6.5729,-1,-1,-1
2766,2,2302.00,1222.00,70.00,112.00,7.3640,-1,-1,-1
2766,1,2244.00,1618.00,60.00,90.00,6.6472,-1,-1,-1
2767,2,2302.00,1222.00,71.00,113.00,7.3824,-1,-1,-1
2767,1,2245.00,1616.00,59.00,91.00,6.7169,-1,-1,-1
2768,2,2302.00,1221.00,71.00,112.00,7.4091,-1,-1,-1
2768,1,2246.00,1616.00,58.00,91.00,6.7506,-1,-1,-1
2769,2,2302.00,1220.00,72.00,112.00,7.4478,-1,-1,-1
2769,1,2248.00,1615.00,57.00,90.00,6.7407,-1,-1,-1
2770,2,2302.00,1219.00,72.00,113.00,7.4813,-1,-1,-1
2770,1,2249.00,1614.00,57.00,90.00,6.6924,-1,-1,-1
2771,2,2302.00,1217.00,73.00,116.00,7.5149,-1,-1,-1
2771,1,2249.00,1613.00,58.00,91.00,6.6060,-1,-1,-1
2772,2,2302.00,1215.00,72.00,117.00,7.5367,-1,-1,-1
2772,1,2251.00,1609.00,55.00,89.00,6.5656,-1,-1,-1
2773,2,2303.00,1212.00,71.00,119.00,7.5235,-1,-1,-1
2773,1,2251.00,1607.00,56.00,89.00,6.5219,-1,-1,-1
2774,2,2303.00,1211.00,70.00,120.00,7.4824,-1,-1,-1
2774,1,2250.00,1606.00,58.00,92.00,6.4827,-1,-1,-1
2775,2,2303.00,1210.00,70.00,120.00,7.4341,-1,-1,-1
2775,1,2250.00,1605.00,60.00,94.00,6.4422,-1,-1,-1
2776,2,2304.00,1209.00,69.00,120.00,7.3687,-1,-1,-1
2776,1,2250.00,1605.00,63.00,93.00,6.4680,-1,-1,-1
2777,2,2306.00,1210.00,65.00,114.00,7.2903,-1,-1,-1
2777,1,2251.00,1604.00,64.00,93.00,6.5388,-1,-1,-1
2778,2,2307.00,1210.00,64.00,117.00,7.2391,-1,-1,-1
2778,1,2252.00,1603.00,64.00,94.00,6.6243,-1,-1,-1
2779,2,2307.00,1209.00,65.00,119.00,7.2051,-1,-1,-1
2779,1,2254.00,1603.00,61.00,92.00,6.6897,-1,-1,-1
2780,2,2306.00,1210.00,65.00,114.00,7.1737,-1,-1,-1
2780,1,2253.00,1602.00,62.00,94.00,6.7194,-1,-1,-1
2781,2,2307.00,1209.00,65.00,119.00,7.1522,-1,-1,-1
2781,1,2252.00,1600.00,65.00,94.00,6.7474,-1,-1,-1
2782,2,2308.00,1208.00,64.00,118.00,7.1470,-1,-1,-1
2782,1,2251.00,1598.00,68.00,97.00,6.7626,-1,-1,-1
2783,2,2308.00,1208.00,63.00,116.00,7.1357,-1,-1,-1
2783,1,2253.00,1597.00,66.00,95.00,6.7610,-1,-1,-1
2784,2,2309.00,1208.00,61.00,113.00,7.1325,-1,-1,-1
2784,1,2254.00,1595.00,65.00,96.00,6.7564,-1,-1,-1
2785,2,2309.00,1207.00,60.00,111.00,7.0908,-1,-1,-1
2785,1,2254.00,1595.00,68.00,98.00,6.7637,-1,-1,-1
2786,2,2309.00,1207.00,60.00,110.00,7.0436,-1,-1,-1
2786,1,2254.00,1594.00,71.00,100.00,6.7645,-1,-1,-1
2787,2,2312.00,1208.00,54.00,99.00,6.9826,-1,-1,-1
2787,1,2255.00,1593.00,72.00,100.00,6.7729,-1,-1,-1
2788,2,2313.00,1207.00,52.00,95.00,6.9553,-1,-1,-1
2788,1,2256.00,1592.00,73.00,100.00,6.7792,-1,-1,-1
2789,2,2313.00,1206.00,52.00,94.00,6.9436,-1,-1,-1
2789,1,2257.00,1592.00,72.00,99.00,6.7864,-1,-1,-1
2790,2,2314.00,1204.00,51.00,95.00,6.8930,-1,-1,-1
2790,1,2256.00,1592.00,71.00,100.00,6.7995,-1,-1,-1
2791,2,2313.00,1206.00,51.00,87.00,6.8457,-1,-1,-1
2791,1,2256.00,1592.00,72.00,101.00,6.8250,-1,-1,-1
2792,1,2257.00,1592.00,69.00,100.00,6.8358,-1,-1,-1
2792,2,2312.00,1205.00,52.00,87.00,6.8059,-1,-1,-1
2793,1,2259.00,1593.00,65.00,98.00,6.8426,-1,-1,-1
2793,2,2313.00,1205.00,51.00,87.00,6.7508,-1,-1,-1
2794,1,2259.00,1592.00,65.00,99.00,6.8412,-1,-1,-1
2794,2,2313.00,1204.00,52.00,88.00,6.6633,-1,-1,-1
2795,1,2260.00,1592.00,62.00,96.00,6.8567,-1,-1,-1
2795,2,2314.00,1203.00,51.00,88.00,6.5772,-1,-1,-1
2796,1,2261.00,1591.00,61.00,95.00,6.8865,-1,-1,-1
2796,2,2315.00,1201.00,50.00,87.00,6.5001,-1,-1,-1
2797,1,2261.00,1590.00,60.00,94.00,6.9195,-1,-1,-1
2797,2,2316.00,1201.00,48.00,86.00,6.4379,-1,-1,-1
2798,1,2262.00,1589.00,60.00,95.00,6.9462,-1,-1,-1
2798,2,2317.00,1200.00,47.00,85.00,6.3873,-1,-1,-1
2799,1,2263.00,1591.00,60.00,94.00,6.9841,-1,-1,-1
2799,2,2317.00,1199.00,47.00,85.00,6.3935,-1,-1,-1
2800,1,2264.00,1591.00,61.00,94.00,7.0465,-1,-1,-1
2800,2,2317.00,1198.00,47.00,84.00,6.4052,-1,-1,-1
2801,1,2265.00,1592.00,61.00,95.00,7.0575,-1,-1,-1
2801,2,2317.00,1198.00,47.00,82.00,6.3857,-1,-1,-1
2802,1,2265.00,1592.00,61.00,94.00,7.0755,-1,-1,-1
2802,2,2317.00,1198.00,47.00,83.00,6.3130,-1,-1,-1
2803,1,2266.00,1592.00,61.00,93.00,7.0827,-1,-1,-1
2803,2,2317.00,1197.00,47.00,86.00,6.2532,-1,-1,-1
2804,1,2267.00,1592.00,60.00,92.00,7.1004,-1,-1,-1
2804,2,2316.00,1196.00,48.00,88.00,6.2073,-1,-1,-1
2805,1,2266.00,1591.00,61.00,92.00,7.1216,-1,-1,-1
2805,2,2314.00,1196.00,51.00,92.00,6.2258,-1,-1,-1
2806,1,2267.00,1589.00,60.00,92.00,7.1341,-1,-1,-1
2806,2,2314.00,1195.00,52.00,94.00,6.2747,-1,-1,-1
2807,1,2267.00,1588.00,59.00,92.00,7.1432,-1,-1,-1
2807,2,2313.00,1195.00,54.00,96.00,6.3460,-1,-1,-1
2808,1,2267.00,1588.00,57.00,93.00,7.1489,-1,-1,-1
2808,2,2313.00,1194.00,54.00,99.00,6.4117,-1,-1,-1
2809,1,2268.00,1587.00,56.00,93.00,7.1270,-1,-1,-1
2809,2,2312.00,1194.00,56.00,100.00,6.4843,-1,-1,-1
2810,1,2268.00,1587.00,57.00,95.00,7.1124,-1,-1,-1
2810,2,2313.00,1193.00,55.00,100.00,6.5365,-1,-1,-1
2811,1,2269.00,1586.00,56.00,96.00,7.0990,-1,-1,-1
2811,2,2315.00,1193.00,52.00,96.00,6.6004,-1,-1,-1
2812,1,2268.00,1586.00,58.00,98.00,7.1417,-1,-1,-1
2812,2,2315.00,1192.00,52.00,94.00,6.6694,-1,-1,-1
2813,1,2269.00,1586.00,56.00,97.00,7.1542,-1,-1,-1
2813,2,2315.00,1193.00,52.00,93.00,6.7633,-1,-1,-1
2814,1,2269.00,1587.00,55.00,96.00,7.1964,-1,-1,-1
2814,2,2316.00,1192.00,51.00,93.00,6.8453,-1,-1,-1
2815,1,2269.00,1587.00,55.00,96.00,7.1832,-1,-1,-1
2815,2,2317.00,1192.00,50.00,93.00,6.9241,-1,-1,-1
2816,1,2270.00,1585.00,55.00,96.00,7.1753,-1,-1,-1
2816,2,2316.00,1193.00,52.00,93.00,7.0198,-1,-1,-1
2817,1,2270.00,1586.00,56.00,96.00,7.1906,-1,-1,-1
2817,2,2317.00,1193.00,51.00,94.00,7.1133,-1,-1,-1
2818,2,2316.00,1194.00,52.00,95.00,7.2237,-1,-1,-1
2818,1,2271.00,1587.00,55.00,96.00,7.2183,-1,-1,-1
2819,2,2318.00,1193.00,50.00,92.00,7.3109,-1,-1,-1
2819,1,2271.00,1587.00,57.00,98.00,7.2645,-1,-1,-1
2820,2,2318.00,1194.00,50.00,91.00,7.3907,-1,-1,-1
2820,1,2272.00,1586.00,58.00,100.00,7.2712,-1,-1,-1
2821,2,2318.00,1195.00,50.00,91.00,7.4696,-1,-1,-1
2821,1,2273.00,1587.00,57.00,98.00,7.1609,-1,-1,-1
2822,2,2318.00,1196.00,51.00,92.00,7.5417,-1,-1,-1
2822,1,2273.00,1587.00,59.00,101.00,7.0882,-1,-1,-1
2823,2,2319.00,1196.00,50.00,91.00,7.5955,-1,-1,-1
2823,1,2274.00,1587.00,59.00,101.00,7.0917,-1,-1,-1
2824,2,2318.00,1198.00,52.00,93.00,7.6324,-1,-1,-1
2824,1,2276.00,1588.00,56.00,99.00,7.0621,-1,-1,-1
2825,2,2318.00,1199.00,53.00,94.00,7.6592,-1,-1,-1
2825,1,2277.00,1589.00,55.00,94.00,7.0126,-1,-1,-1
2826,2,2316.00,1196.00,57.00,103.00,7.6564,-1,-1,-1
2826,1,2277.00,1588.00,55.00,97.00,6.9246,-1,-1,-1
2827,2,2318.00,1198.00,55.00,102.00,7.6650,-1,-1,-1
2827,1,2276.00,1590.00,58.00,97.00,6.9345,-1,-1,-1
2828,2,2319.00,1199.00,54.00,102.00,7.6572,-1,-1,-1
2828,1,2276.00,1591.00,58.00,97.00,6.9581,-1,-1,-1
2829,2,2319.00,1201.00,55.00,99.00,7.6706,-1,-1,-1
2829,1,2277.00,1592.00,57.00,96.00,6.9639,-1,-1,-1
2830,2,2319.00,1202.00,55.00,99.00,7.6692,-1,-1,-1
2830,1,2279.00,1594.00,55.00,93.00,6.9641,-1,-1,-1
2831,2,2320.00,1204.00,55.00,97.00,7.6582,-1,-1,-1
2831,1,2279.00,1595.00,55.00,92.00,6.9113,-1,-1,-1
2832,2,2320.00,1206.00,56.00,96.00,7.6302,-1,-1,-1
2832,1,2278.00,1596.00,58.00,100.00,6.9385,-1,-1,-1
2833,2,2319.00,1207.00,58.00,100.00,7.6005,-1,-1,-1
2833,1,2278.00,1600.00,58.00,100.00,6.9189,-1,-1,-1
2834,2,2319.00,1208.00,58.00,98.00,7.6063,-1,-1,-1
2834,1,2280.00,1602.00,56.00,98.00,6.8038,-1,-1,-1
2835,2,2320.00,1209.00,57.00,98.00,7.5719,-1,-1,-1
2835,1,2281.00,1604.00,55.00,97.00,6.6731,-1,-1,-1
2836,2,2322.00,1211.00,54.00,96.00,7.4884,-1,-1,-1
2836,1,2281.00,1605.00,55.00,95.00,6.6312,-1,-1,-1
2837,2,2321.00,1210.00,56.00,100.00,7.3835,-1,-1,-1
2837,1,2283.00,1606.00,53.00,92.00,6.6275,-1,-1,-1
2838,2,2321.00,1210.00,58.00,107.00,7.3336,-1,-1,-1
2838,1,2280.00,1608.00,58.00,101.00,6.6105,-1,-1,-1
2839,2,2323.00,1212.00,55.00,108.00,7.1150,-1,-1,-1
2839,1,2279.00,1608.00,61.00,100.00,6.6531,-1,-1,-1
2840,2,2322.00,1213.00,57.00,108.00,7.0104,-1,-1,-1
2840,1,2283.00,1610.00,57.00,99.00,6.7088,-1,-1,-1
2841,2,2321.00,1216.00,58.00,104.00,6.9535,-1,-1,-1
2841,1,2283.00,1610.00,59.00,102.00,6.7984,-1,-1,-1
2842,2,2323.00,1216.00,56.00,104.00,6.9008,-1,-1,-1
2842,1,2285.00,1612.00,58.00,100.00,6.7966,-1,-1,-1
2843,2,2326.00,1219.00,52.00,98.00,6.9306,-1,-1,-1
2843,1,2286.00,1616.00,56.00,97.00,6.7829,-1,-1,-1
2844,2,2327.00,1222.00,51.00,94.00,6.9903,-1,-1,-1
2844,1,2287.00,1618.00,54.00,94.00,6.7759,-1,-1,-1
2845,2,2328.00,1224.00,50.00,89.00,7.0003,-1,-1,-1
2845,1,2288.00,1622.00,54.00,99.00,6.7819,-1,-1,-1
2846,2,2325.00,1224.00,56.00,100.00,6.9748,-1,-1,-1
2846,1,2288.00,1623.00,54.00,99.00,6.8650,-1,-1,-1
2847,2,2326.00,1227.00,55.00,99.00,7.0322,-1,-1,-1
2847,1,2289.00,1626.00,54.00,101.00,6.9138,-1,-1,-1
2848,2,2328.00,1230.00,52.00,94.00,7.0996,-1,-1,-1
2848,1,2290.00,1628.00,53.00,99.00,6.8986,-1,-1,-1
2849,2,2330.00,1230.00,50.00,95.00,7.1387,-1,-1,-1
2849,1,2290.00,1630.00,54.00,97.00,6.9304,-1,-1,-1
2850,2,2331.00,1234.00,50.00,91.00,7.2000,-1,-1,-1
2850,1,2291.00,1632.00,54.00,103.00,7.0186,-1,-1,-1
2851,2,2332.00,1236.00,49.00,89.00,7.2486,-1,-1,-1
2851,1,2291.00,1636.00,55.00,101.00,7.1091,-1,-1,-1
2852,2,2330.00,1236.00,53.00,98.00,7.3195,-1,-1,-1
2852,1,2291.00,1637.00,57.00,103.00,7.1691,-1,-1,-1
2853,2,2331.00,1240.00,52.00,97.00,7.4249,-1,-1,-1
2853,1,2291.00,1638.00,58.00,108.00,7.2026,-1,-1,-1
2854,2,2332.00,1243.00,52.00,94.00,7.5104,-1,-1,-1
2854,1,2291.00,1642.00,59.00,105.00,7.2687,-1,-1,-1
2855,2,2332.00,1245.00,52.00,97.00,7.5598,-1,-1,-1
2855,1,2292.00,1645.00,60.00,103.00,7.3248,-1,-1,-1
2856,2,2330.00,1247.00,57.00,107.00,7.6067,-1,-1,-1
2856,1,2292.00,1647.00,61.00,103.00,7.3614,-1,-1,-1
2857,2,2332.00,1249.00,54.00,103.00,7.6132,-1,-1,-1
2857,1,2294.00,1650.00,60.00,104.00,7.3264,-1,-1,-1
2858,2,2334.00,1251.00,52.00,98.00,7.5798,-1,-1,-1
2858,1,2295.00,1654.00,60.00,106.00,7.2768,-1,-1,-1
2859,2,2334.00,1255.00,53.00,98.00,7.5644,-1,-1,-1
2859,1,2295.00,1657.00,62.00,106.00,7.1861,-1,-1,-1
2860,2,2334.00,1258.00,53.00,96.00,7.5565,-1,-1,-1
2860,1,2296.00,1661.00,60.00,102.00,7.0729,-1,-1,-1
2861,2,2333.00,1257.00,56.00,105.00,7.5386,-1,-1,-1
2861,1,2296.00,1666.00,61.00,104.00,6.9648,-1,-1,-1
2862,2,2334.00,1261.00,56.00,103.00,7.4715,-1,-1,-1
2862,1,2298.00,1668.00,59.00,105.00,6.7907,-1,-1,-1
2863,2,2337.00,1265.00,52.00,98.00,7.2658,-1,-1,-1
2863,1,2298.00,1669.00,60.00,104.00,6.7866,-1,-1,-1
2864,2,2338.00,1268.00,51.00,94.00,7.1384,-1,-1,-1
2864,1,2299.00,1670.00,58.00,106.00,6.6627,-1,-1,-1
2865,2,2337.00,1272.00,52.00,93.00,7.0335,-1,-1,-1
2865,1,2299.00,1676.00,57.00,108.00,6.4877,-1,-1,-1
2866,2,2335.00,1274.00,56.00,99.00,7.0627,-1,-1,-1
2866,1,2300.00,1681.00,57.00,104.00,6.4321,-1,-1,-1
2867,2,2329.00,1275.00,63.00,105.00,7.1386,-1,-1,-1
2867,1,2300.00,1683.00,58.00,101.00,6.4721,-1,-1,-1
2868,2,2332.00,1278.00,61.00,102.00,7.1559,-1,-1,-1
2868,1,2299.00,1683.00,59.00,105.00,6.5325,-1,-1,-1
2869,2,2333.00,1279.00,61.00,109.00,7.1850,-1,-1,-1
2869,1,2301.00,1685.00,56.00,103.00,6.4937,-1,-1,-1
2870,2,2333.00,1282.00,61.00,112.00,7.2519,-1,-1,-1
2870,1,2302.00,1689.00,58.00,108.00,6.5030,-1,-1,-1
2871,2,2334.00,1284.00,60.00,111.00,7.3208,-1,-1,-1
2871,1,2303.00,1690.00,58.00,103.00,6.5096,-1,-1,-1
2872,2,2335.00,1286.00,58.00,110.00,7.3347,-1,-1,-1
2872,1,2302.00,1694.00,61.00,105.00,6.6682,-1,-1,-1
2873,2,2336.00,1288.00,55.00,103.00,7.3711,-1,-1,-1
2873,1,2302.00,1697.00,61.00,106.00,6.7730,-1,-1,-1
2874,2,2336.00,1290.00,57.00,102.00,7.4194,-1,-1,-1
2874,1,2302.00,1698.00,61.00,106.00,6.8266,-1,-1,-1
2875,2,2336.00,1292.00,59.00,109.00,7.4391,-1,-1,-1
2875,1,2303.00,1700.00,62.00,110.00,6.8979,-1,-1,-1
2876,2,2338.00,1294.00,56.00,107.00,7.4450,-1,-1,-1
2876,1,2304.00,1703.00,61.00,108.00,6.9295,-1,-1,-1
2877,2,2338.00,1297.00,56.00,107.00,7.4802,-1,-1,-1
2877,1,2306.00,1707.00,59.00,103.00,6.9238,-1,-1,-1
2878,2,2337.00,1300.00,62.00,116.00,7.5129,-1,-1,-1
2878,1,2307.00,1712.00,58.00,100.00,6.8751,-1,-1,-1
2879,2,2337.00,1303.00,62.00,115.00,7.5898,-1,-1,-1
2879,1,2307.00,1714.00,60.00,108.00,6.8135,-1,-1,-1
2880,2,2337.00,1304.00,63.00,116.00,7.6665,-1,-1,-1
2880,1,2308.00,1718.00,59.00,105.00,6.8299,-1,-1,-1
2881,2,2336.00,1307.00,67.00,116.00,7.7179,-1,-1,-1
2881,1,2308.00,1719.00,59.00,101.00,6.9332,-1,-1,-1
2882,2,2339.00,1308.00,62.00,114.00,7.7291,-1,-1,-1
2882,1,2307.00,1723.00,61.00,99.00,6.9909,-1,-1,-1
2883,2,2341.00,1309.00,59.00,113.00,7.7311,-1,-1,-1
2883,1,2308.00,1725.00,58.00,99.00,7.0060,-1,-1,-1
2884,2,2341.00,1310.00,60.00,113.00,7.6691,-1,-1,-1
2884,1,2308.00,1727.00,62.00,105.00,7.0211,-1,-1,-1
2885,2,2340.00,1313.00,63.00,112.00,7.6183,-1,-1,-1
2885,1,2310.00,1730.00,60.00,104.00,7.0274,-1,-1,-1
2886,2,2341.00,1315.00,63.00,110.00,7.6049,-1,-1,-1
2886,1,2312.00,1733.00,55.00,103.00,6.9843,-1,-1,-1
2887,2,2342.00,1317.00,63.00,110.00,7.6108,-1,-1,-1
2887,1,2310.00,1735.00,58.00,100.00,6.9475,-1,-1,-1
2888,2,2343.00,1319.00,62.00,111.00,7.5867,-1,-1,-1
2888,1,2310.00,1734.00,57.00,104.00,6.8906,-1,-1,-1
2889,2,2344.00,1321.00,60.00,109.00,7.5029,-1,-1,-1
2889,1,2313.00,1738.00,55.00,104.00,6.9094,-1,-1,-1
2890,2,2345.00,1322.00,60.00,108.00,7.3222,-1,-1,-1
2890,1,2313.00,1738.00,56.00,106.00,6.9629,-1,-1,-1
2891,2,2346.00,1322.00,60.00,107.00,7.1612,-1,-1,-1
2891,1,2313.00,1741.00,58.00,108.00,7.0383,-1,-1,-1
2892,1,2314.00,1743.00,58.00,107.00,7.1097,-1,-1,-1
2892,2,2347.00,1325.00,58.00,104.00,6.9946,-1,-1,-1
2893,1,2311.00,1744.00,60.00,103.00,7.1675,-1,-1,-1
2893,2,2346.00,1326.00,59.00,105.00,6.8801,-1,-1,-1
2894,1,2311.00,1745.00,61.00,104.00,7.1763,-1,-1,-1
2894,2,2343.00,1325.00,65.00,115.00,6.8169,-1,-1,-1
2895,1,2313.00,1748.00,59.00,106.00,7.2197,-1,-1,-1
2895,2,2343.00,1328.00,64.00,114.00,6.7985,-1,-1,-1
2896,1,2313.00,1750.00,60.00,105.00,7.2750,-1,-1,-1
2896,2,2344.00,1330.00,62.00,114.00,6.7916,-1,-1,-1
2897,1,2313.00,1750.00,61.00,106.00,7.3292,-1,-1,-1
2897,2,2347.00,1331.00,58.00,114.00,6.7404,-1,-1,-1
2898,1,2314.00,1753.00,63.00,107.00,7.3254,-1,-1,-1
2898,2,2351.00,1333.00,52.00,106.00,6.6810,-1,-1,-1
2899,1,2314.00,1753.00,62.00,104.00,7.3262,-1,-1,-1
2899,2,2351.00,1336.00,52.00,104.00,6.7364,-1,-1,-1
2900,1,2314.00,1754.00,63.00,104.00,7.3324,-1,-1,-1
2900,2,2352.00,1338.00,52.00,102.00,6.8849,-1,-1,-1
2901,1,2313.00,1756.00,66.00,108.00,7.3266,-1,-1,-1
2901,2,2352.00,1340.00,52.00,102.00,6.9896,-1,-1,-1
2902,1,2314.00,1758.00,65.00,106.00,7.2633,-1,-1,-1
2902,2,2350.00,1341.00,59.00,109.00,7.1016,-1,-1,-1
2903,2,2349.00,1343.00,60.00,110.00,7.2102,-1,-1,-1
2903,1,2315.00,1759.00,65.00,111.00,7.1577,-1,-1,-1
2904,2,2349.00,1344.00,60.00,110.00,7.2882,-1,-1,-1
2904,1,2316.00,1762.00,64.00,111.00,7.0832,-1,-1,-1
2905,2,2348.00,1345.00,62.00,113.00,7.3442,-1,-1,-1
2905,1,2318.00,1765.00,62.00,109.00,7.0049,-1,-1,-1
2906,2,2347.00,1346.00,65.00,118.00,7.3986,-1,-1,-1
2906,1,2318.00,1768.00,61.00,105.00,7.0302,-1,-1,-1
2907,2,2346.00,1348.00,67.00,118.00,7.4775,-1,-1,-1
2907,1,2318.00,1770.00,61.00,103.00,7.0649,-1,-1,-1
2908,2,2346.00,1350.00,69.00,117.00,7.5506,-1,-1,-1
2908,1,2318.00,1772.00,60.00,105.00,7.0392,-1,-1,-1
2909,2,2347.00,1351.00,69.00,118.00,7.6057,-1,-1,-1
2909,1,2319.00,1775.00,59.00,104.00,7.0477,-1,-1,-1
2910,2,2346.00,1354.00,70.00,116.00,7.6332,-1,-1,-1
2910,1,2320.00,1777.00,59.00,104.00,7.0389,-1,-1,-1
2911,2,2347.00,1355.00,69.00,114.00,7.6459,-1,-1,-1
2911,1,2321.00,1776.00,60.00,105.00,7.0238,-1,-1,-1
2912,2,2346.00,1355.00,71.00,114.00,7.6280,-1,-1,-1
2912,1,2322.00,1778.00,59.00,102.00,6.9305,-1,-1,-1
2913,2,2346.00,1356.00,73.00,116.00,7.5489,-1,-1,-1
2913,1,2322.00,1779.00,57.00,100.00,6.9838,-1,-1,-1
2914,2,2345.00,1355.00,76.00,122.00,7.5078,-1,-1,-1
2914,1,2322.00,1781.00,58.00,99.00,7.0162,-1,-1,-1
2915,2,2345.00,1355.00,76.00,120.00,7.4503,-1,-1,-1
2915,1,2323.00,1781.00,58.00,104.00,6.9182,-1,-1,-1
2916,2,2346.00,1355.00,75.00,120.00,7.3526,-1,-1,-1
2916,1,2323.00,1783.00,57.00,101.00,6.7287,-1,-1,-1
2917,2,2348.00,1356.00,73.00,119.00,7.3126,-1,-1,-1
2917,1,2325.00,1784.00,54.00,98.00,6.6185,-1,-1,-1
2918,2,2348.00,1358.00,75.00,121.00,7.3429,-1,-1,-1
2918,1,2325.00,1785.00,54.00,97.00,6.5010,-1,-1,-1
2919,2,2349.00,1359.00,75.00,121.00,7.3757,-1,-1,-1
2919,1,2325.00,1784.00,57.00,105.00,6.4588,-1,-1,-1
2920,2,2350.00,1358.00,75.00,122.00,7.3744,-1,-1,-1
2920,1,2322.00,1783.00,61.00,103.00,6.5284,-1,-1,-1
2921,2,2350.00,1359.00,76.00,121.00,7.3683,-1,-1,-1
2921,1,2317.00,1783.00,66.00,108.00,6.6936,-1,-1,-1
2922,2,2350.00,1362.00,75.00,117.00,7.3695,-1,-1,-1
2922,1,2318.00,1786.00,66.00,106.00,6.8416,-1,-1,-1
2923,2,2351.00,1364.00,74.00,116.00,7.3730,-1,-1,-1
2923,1,2321.00,1789.00,64.00,101.00,6.9203,-1,-1,-1
2924,2,2349.00,1364.00,77.00,120.00,7.3887,-1,-1,-1
2924,1,2322.00,1789.00,65.00,102.00,7.0343,-1,-1,-1
2925,2,2350.00,1364.00,75.00,119.00,7.3984,-1,-1,-1
2925,1,2324.00,1792.00,64.00,102.00,7.1511,-1,-1,-1
2926,2,2352.00,1365.00,72.00,117.00,7.3735,-1,-1,-1
2926,1,2324.00,1794.00,65.00,102.00,7.2222,-1,-1,-1
2927,2,2353.00,1365.00,71.00,118.00,7.3232,-1,-1,-1
2927,1,2325.00,1793.00,65.00,107.00,7.2470,-1,-1,-1
2928,2,2357.00,1367.00,64.00,116.00,7.2438,-1,-1,-1
2928,1,2326.00,1794.00,65.00,107.00,7.2352,-1,-1,-1
2929,1,2325.00,1795.00,66.00,104.00,7.2220,-1,-1,-1
2929,2,2354.00,1366.00,69.00,116.00,7.1677,-1,-1,-1
2930,1,2325.00,1796.00,66.00,107.00,7.2742,-1,-1,-1
2930,2,2354.00,1368.00,69.00,112.00,7.1526,-1,-1,-1
2931,1,2328.00,1797.00,65.00,109.00,7.3108,-1,-1,-1
2931,2,2352.00,1368.00,72.00,114.00,7.1751,-1,-1,-1
2932,1,2329.00,1798.00,65.00,109.00,7.3077,-1,-1,-1
2932,2,2352.00,1369.00,72.00,114.00,7.1960,-1,-1,-1
2933,1,2329.00,1800.00,64.00,108.00,7.2469,-1,-1,-1
2933,2,2351.00,1371.00,73.00,113.00,7.2166,-1,-1,-1
2934,2,2353.00,1372.00,70.00,111.00,7.2096,-1,-1,-1
2934,1,2331.00,1802.00,63.00,107.00,7.0952,-1,-1,-1
2935,2,2354.00,1370.00,69.00,120.00,7.1795,-1,-1,-1
2935,1,2331.00,1802.00,63.00,108.00,7.0323,-1,-1,-1
2936,2,2355.00,1372.00,68.00,117.00,7.2028,-1,-1,-1
2936,1,2330.00,1802.00,64.00,108.00,7.0457,-1,-1,-1
2937,2,2356.00,1374.00,67.00,113.00,7.2564,-1,-1,-1
2937,1,2330.00,1800.00,64.00,111.00,7.0185,-1,-1,-1
2938,2,2357.00,1375.00,64.00,109.00,7.3066,-1,-1,-1
2938,1,2333.00,1801.00,61.00,112.00,6.9030,-1,-1,-1
2939,2,2357.00,1376.00,66.00,109.00,7.3831,-1,-1,-1
2939,1,2335.00,1805.00,60.00,114.00,6.8659,-1,-1,-1
2940,2,2358.00,1378.00,65.00,109.00,7.4679,-1,-1,-1
2940,1,2334.00,1804.00,63.00,116.00,6.8615,-1,-1,-1
2941,2,2358.00,1380.00,65.00,109.00,7.5456,-1,-1,-1
2941,1,2334.00,1807.00,65.00,115.00,6.9379,-1,-1,-1
2942,2,2359.00,1380.00,62.00,108.00,7.5983,-1,-1,-1
2942,1,2334.00,1810.00,64.00,113.00,7.0086,-1,-1,-1
2943,2,2360.00,1381.00,62.00,110.00,7.6263,-1,-1,-1
2943,1,2335.00,1812.00,62.00,111.00,7.0760,-1,-1,-1
2944,2,2359.00,1382.00,65.00,111.00,7.6136,-1,-1,-1
2944,1,2335.00,1813.00,62.00,110.00,7.1459,-1,-1,-1
2945,2,2357.00,1384.00,70.00,109.00,7.5866,-1,-1,-1
2945,1,2335.00,1814.00,63.00,111.00,7.1719,-1,-1,-1
2946,2,2357.00,1385.00,72.00,112.00,7.5691,-1,-1,-1
2946,1,2335.00,1815.00,63.00,110.00,7.1818,-1,-1,-1
2947,2,2358.00,1383.00,74.00,119.00,7.5439,-1,-1,-1
2947,1,2336.00,1816.00,64.00,110.00,7.1683,-1,-1,-1
2948,2,2357.00,1384.00,75.00,120.00,7.5309,-1,-1,-1
2948,1,2338.00,1819.00,60.00,110.00,7.1673,-1,-1,-1
2949,2,2357.00,1384.00,76.00,119.00,7.5142,-1,-1,-1
2949,1,2339.00,1819.00,59.00,110.00,7.1894,-1,-1,-1
2950,2,2354.00,1387.00,79.00,115.00,7.5022,-1,-1,-1
2950,1,2340.00,1819.00,58.00,107.00,7.2183,-1,-1,-1
2951,2,2353.00,1388.00,81.00,115.00,7.4820,-1,-1,-1
2951,1,2339.00,1819.00,60.00,107.00,7.2634,-1,-1,-1
2952,2,2350.00,1389.00,85.00,119.00,7.4474,-1,-1,-1
2952,1,2338.00,1820.00,61.00,105.00,7.3172,-1,-1,-1
2953,2,2351.00,1389.00,84.00,117.00,7.4165,-1,-1,-1
2953,1,2341.00,1824.00,58.00,103.00,7.3831,-1,-1,-1
2954,1,2341.00,1824.00,59.00,103.00,7.4385,-1,-1,-1
2954,2,2353.00,1390.00,83.00,114.00,7.3874,-1,-1,-1
2955,1,2342.00,1825.00,58.00,105.00,7.4608,-1,-1,-1
2955,2,2354.00,1392.00,81.00,109.00,7.3484,-1,-1,-1
2956,1,2342.00,1828.00,59.00,108.00,7.3398,-1,-1,-1
2956,2,2353.00,1393.00,85.00,108.00,7.3200,-1,-1,-1
2957,2,2355.00,1394.00,84.00,105.00,7.2792,-1,-1,-1
2957,1,2342.00,1830.00,59.00,108.00,7.2004,-1,-1,-1
2958,2,2357.00,1395.00,84.00,108.00,7.2454,-1,-1,-1
2958,1,2343.00,1831.00,58.00,105.00,7.0932,-1,-1,-1
2959,2,2357.00,1395.00,83.00,109.00,7.2171,-1,-1,-1
2959,1,2343.00,1833.00,58.00,104.00,7.0450,-1,-1,-1
2960,2,2357.00,1394.00,84.00,111.00,7.2027,-1,-1,-1
2960,1,2343.00,1832.00,56.00,101.00,6.9821,-1,-1,-1
2961,2,2356.00,1395.00,87.00,115.00,7.1700,-1,-1,-1
2961,1,2344.00,1831.00,56.00,103.00,6.8927,-1,-1,-1
2962,2,2357.00,1395.00,84.00,112.00,7.1331,-1,-1,-1
2962,1,2343.00,1830.00,59.00,111.00,6.8279,-1,-1,-1
2963,2,2359.00,1396.00,80.00,107.00,7.0968,-1,-1,-1
2963,1,2343.00,1830.00,60.00,110.00,6.6978,-1,-1,-1
2964,2,2360.00,1398.00,70.00,102.00,7.0189,-1,-1,-1
2964,1,2343.00,1830.00,60.00,111.00,6.6138,-1,-1,-1
2965,2,2362.00,1397.00,65.00,100.00,6.9896,-1,-1,-1
2965,1,2342.00,1830.00,62.00,111.00,6.5954,-1,-1,-1
2966,2,2362.00,1398.00,65.00,99.00,6.9784,-1,-1,-1
2966,1,2342.00,1828.00,63.00,113.00,6.5547,-1,-1,-1
2967,2,2364.00,1398.00,63.00,99.00,6.9754,-1,-1,-1
2967,1,2343.00,1828.00,62.00,109.00,6.4868,-1,-1,-1
2968,2,2364.00,1398.00,65.00,101.00,6.9820,-1,-1,-1
2968,1,2343.00,1828.00,63.00,110.00,6.4154,-1,-1,-1
2969,2,2363.00,1398.00,66.00,101.00,7.0242,-1,-1,-1
2969,1,2343.00,1828.00,63.00,109.00,6.3669,-1,-1,-1
2970,2,2363.00,1397.00,65.00,103.00,7.0534,-1,-1,-1
2970,1,2343.00,1827.00,60.00,110.00,6.2922,-1,-1,-1
2971,2,2363.00,1398.00,67.00,106.00,7.0422,-1,-1,-1
2971,1,2345.00,1828.00,59.00,108.00,6.2695,-1,-1,-1
2972,2,2364.00,1398.00,64.00,104.00,7.0410,-1,-1,-1
2972,1,2344.00,1828.00,60.00,108.00,6.2575,-1,-1,-1
2973,2,2366.00,1398.00,62.00,105.00,6.9649,-1,-1,-1
2973,1,2345.00,1828.00,60.00,108.00,6.2812,-1,-1,-1
2974,2,2367.00,1398.00,59.00,104.00,6.9080,-1,-1,-1
2974,1,2344.00,1828.00,61.00,108.00,6.3135,-1,-1,-1
2975,2,2368.00,1399.00,56.00,102.00,6.8302,-1,-1,-1
2975,1,2344.00,1827.00,60.00,109.00,6.2814,-1,-1,-1
2976,2,2368.00,1398.00,56.00,104.00,6.7762,-1,-1,-1
2976,1,2344.00,1829.00,62.00,106.00,6.3113,-1,-1,-1
2977,2,2368.00,1397.00,56.00,105.00,6.7335,-1,-1,-1
2977,1,2344.00,1828.00,62.00,107.00,6.3731,-1,-1,-1
2978,2,2368.00,1396.00,54.00,106.00,6.7114,-1,-1,-1
2978,1,2343.00,1827.00,63.00,108.00,6.4297,-1,-1,-1
2979,2,2368.00,1395.00,54.00,105.00,6.6798,-1,-1,-1
2979,1,2343.00,1827.00,64.00,108.00,6.4504,-1,-1,-1
2980,2,2366.00,1394.00,59.00,110.00,6.6013,-1,-1,-1
2980,1,2344.00,1828.00,62.00,106.00,6.4895,-1,-1,-1
2981,2,2365.00,1392.00,61.00,110.00,6.5613,-1,-1,-1
2981,1,2345.00,1827.00,61.00,106.00,6.5252,-1,-1,-1
2982,1,2345.00,1827.00,62.00,106.00,6.6143,-1,-1,-1
2982,2,2364.00,1390.00,64.00,110.00,6.5481,-1,-1,-1
2983,1,2345.00,1826.00,62.00,106.00,6.7057,-1,-1,-1
2983,2,2364.00,1390.00,66.00,111.00,6.5085,-1,-1,-1
2984,1,2345.00,1827.00,63.00,104.00,6.7928,-1,-1,-1
2984,2,2363.00,1391.00,72.00,111.00,6.4805,-1,-1,-1
2985,1,2345.00,1825.00,63.00,105.00,6.8975,-1,-1,-1
2985,2,2363.00,1390.00,75.00,116.00,6.4661,-1,-1,-1
2986,1,2346.00,1825.00,62.00,103.00,6.9656,-1,-1,-1
2986,2,2361.00,1389.00,77.00,117.00,6.3971,-1,-1,-1
2987,1,2346.00,1824.00,62.00,103.00,6.9902,-1,-1,-1
2987,2,2361.00,1387.00,75.00,111.00,6.2832,-1,-1,-1
2988,1,2347.00,1823.00,60.00,102.00,6.9749,-1,-1,-1
2988,2,2362.00,1384.00,71.00,107.00,6.1599,-1,-1,-1
2989,1,2348.00,1820.00,59.00,103.00,6.9619,-1,-1,-1
2989,2,2364.00,1383.00,73.00,108.00,6.0338,-1,-1,-1
2990,1,2349.00,1819.00,58.00,102.00,7.0009,-1,-1,-1
2990,2,2367.00,1382.00,70.00,103.00,6.0630,-1,-1,-1
2991,1,2349.00,1817.00,58.00,104.00,7.0487,-1,-1,-1
2991,2,2367.00,1380.00,69.00,102.00,6.0935,-1,-1,-1
2992,1,2349.00,1816.00,58.00,103.00,7.0877,-1,-1,-1
2992,2,2367.00,1379.00,69.00,100.00,6.1393,-1,-1,-1
2993,1,2349.00,1815.00,57.00,104.00,7.1181,-1,-1,-1
2993,2,2366.00,1379.00,70.00,99.00,6.2117,-1,-1,-1
2994,1,2349.00,1813.00,57.00,105.00,7.0741,-1,-1,-1
2994,2,2365.00,1378.00,71.00,100.00,6.2882,-1,-1,-1
2995,1,2348.00,1811.00,58.00,106.00,6.9930,-1,-1,-1
2995,2,2363.00,1377.00,72.00,99.00,6.3259,-1,-1,-1
2996,1,2348.00,1809.00,58.00,107.00,6.8950,-1,-1,-1
2996,2,2363.00,1376.00,70.00,98.00,6.3414,-1,-1,-1
2997,1,2348.00,1805.00,57.00,103.00,6.8223,-1,-1,-1
2997,2,2363.00,1377.00,67.00,95.00,6.3514,-1,-1,-1
2998,1,2348.00,1803.00,58.00,104.00,6.8168,-1,-1,-1
2998,2,2364.00,1375.00,65.00,94.00,6.4177,-1,-1,-1
2999,1,2348.00,1801.00,59.00,106.00,6.8469,-1,-1,-1
2999,2,2365.00,1373.00,64.00,95.00,6.4813,-1,-1,-1
3000,1,2348.00,1801.00,59.00,104.00,6.8841,-1,-1,-1
3000,2,2365.00,1372.00,63.00,94.00,6.5117,-1,-1,-1
3001,1,2348.00,1799.00,60.00,106.00,6.9178,-1,-1,-1
3001,2,2364.00,1371.00,67.00,98.00,6.5700,-1,-1,-1
3002,1,2348.00,1798.00,60.00,105.00,6.9173,-1,-1,-1
3002,2,2365.00,1370.00,65.00,98.00,6.6220,-1,-1,-1
3003,1,2349.00,1798.00,59.00,104.00,6.9265,-1,-1,-1
3003,2,2365.00,1369.00,65.00,99.00,6.6162,-1,-1,-1
3004,1,2349.00,1798.00,59.00,104.00,6.9221,-1,-1,-1
3004,2,2365.00,1368.00,66.00,103.00,6.6246,-1,-1,-1
3005,1,2349.00,1796.00,60.00,105.00,6.8641,-1,-1,-1
3005,2,2366.00,1367.00,64.00,104.00,6.6073,-1,-1,-1
3006,1,2349.00,1795.00,59.00,101.00,6.8784,-1,-1,-1
3006,2,2366.00,1365.00,64.00,107.00,6.5108,-1,-1,-1
3007,1,2348.00,1792.00,60.00,102.00,6.9389,-1,-1,-1
3007,2,2368.00,1365.00,56.00,98.00,6.4932,-1,-1,-1
3008,1,2348.00,1791.00,60.00,101.00,6.9892,-1,-1,-1
3008,2,2369.00,1364.00,54.00,98.00,6.5137,-1,-1,-1
3009,1,2346.00,1790.00,62.00,99.00,6.9913,-1,-1,-1
3009,2,2369.00,1363.00,54.00,98.00,6.5647,-1,-1,-1
3010,1,2347.00,1786.00,60.00,101.00,6.9786,-1,-1,-1
3010,2,2369.00,1361.00,53.00,97.00,6.6524,-1,-1,-1
3011,1,2348.00,1784.00,59.00,101.00,6.9662,-1,-1,-1
3011,2,2369.00,1360.00,52.00,94.00,6.7609,-1,-1,-1
3012,1,2348.00,1783.00,59.00,102.00,6.9415,-1,-1,-1
3012,2,2369.00,1359.00,53.00,97.00,6.8516,-1,-1,-1
3013,2,2369.00,1358.00,53.00,97.00,6.9273,-1,-1,-1
3013,1,2348.00,1781.00,58.00,103.00,6.9017,-1,-1,-1
3014,2,2369.00,1357.00,53.00,98.00,6.9553,-1,-1,-1
3014,1,2350.00,1783.00,57.00,99.00,6.9087,-1,-1,-1
3015,2,2369.00,1356.00,53.00,100.00,6.9652,-1,-1,-1
3015,1,2350.00,1782.00,57.00,100.00,6.9223,-1,-1,-1
3016,2,2369.00,1356.00,53.00,99.00,6.9510,-1,-1,-1
3016,1,2351.00,1782.00,55.00,100.00,6.9108,-1,-1,-1
3017,2,2369.00,1355.00,55.00,102.00,6.9220,-1,-1,-1
3017,1,2351.00,1781.00,55.00,101.00,6.8892,-1,-1,-1
3018,2,2368.00,1354.00,58.00,104.00,6.8799,-1,-1,-1
3018,1,2351.00,1780.00,56.00,102.00,6.8768,-1,-1,-1
3019,1,2352.00,1778.00,55.00,102.00,6.9002,-1,-1,-1
3019,2,2368.00,1353.00,59.00,106.00,6.8501,-1,-1,-1
3020,1,2352.00,1776.00,56.00,103.00,6.9152,-1,-1,-1
3020,2,2366.00,1352.00,62.00,107.00,6.8552,-1,-1,-1
3021,1,2353.00,1775.00,56.00,104.00,6.9110,-1,-1,-1
3021,2,2364.00,1352.00,64.00,104.00,6.8052,-1,-1,-1
3022,1,2353.00,1774.00,57.00,103.00,6.9154,-1,-1,-1
3022,2,2363.00,1351.00,66.00,104.00,6.7704,-1,-1,-1
3023,1,2353.00,1773.00,57.00,103.00,6.9223,-1,-1,-1
3023,2,2363.00,1350.00,68.00,106.00,6.7276,-1,-1,-1
3024,1,2353.00,1772.00,59.00,103.00,6.9431,-1,-1,-1
3024,2,2362.00,1348.00,71.00,109.00,6.6960,-1,-1,-1
3025,1,2353.00,1770.00,60.00,104.00,6.9892,-1,-1,-1
3025,2,2363.00,1347.00,69.00,108.00,6.6914,-1,-1,-1
3026,1,2353.00,1769.00,61.00,103.00,7.0517,-1,-1,-1
3026,2,2363.00,1346.00,69.00,108.00,6.6849,-1,-1,-1
3027,1,2352.00,1767.00,62.00,104.00,7.1220,-1,-1,-1
3027,2,2363.00,1345.00,70.00,110.00,6.6526,-1,-1,-1
3028,1,2351.00,1765.00,63.00,104.00,7.1959,-1,-1,-1
3028,2,2362.00,1346.00,75.00,112.00,6.6639,-1,-1,-1
3029,1,2351.00,1764.00,64.00,104.00,7.2537,-1,-1,-1
3029,2,2360.00,1345.00,77.00,111.00,6.6872,-1,-1,-1
3030,1,2351.00,1762.00,64.00,105.00,7.2683,-1,-1,-1
3030,2,2360.00,1344.00,77.00,111.00,6.6986,-1,-1,-1
3031,1,2350.00,1760.00,66.00,105.00,7.2341,-1,-1,-1
3031,2,2359.00,1343.00,78.00,112.00,6.7289,-1,-1,-1
3032,1,2350.00,1759.00,66.00,105.00,7.1645,-1,-1,-1
3032,2,2360.00,1341.00,77.00,113.00,6.7000,-1,-1,-1
3033,1,2350.00,1760.00,66.00,102.00,7.0805,-1,-1,-1
3033,2,2361.00,1340.00,77.00,115.00,6.6733,-1,-1,-1
3034,1,2350.00,1758.00,66.00,104.00,7.0264,-1,-1,-1
3034,2,2361.00,1339.00,76.00,114.00,6.6239,-1,-1,-1
3035,1,2350.00,1757.00,66.00,106.00,6.9377,-1,-1,-1
3035,2,2362.00,1338.00,73.00,110.00,6.5349,-1,-1,-1
3036,1,2350.00,1756.00,67.00,107.00,6.8763,-1,-1,-1
3036,2,2362.00,1333.00,70.00,112.00,6.6087,-1,-1,-1
3037,1,2349.00,1754.00,68.00,108.00,6.8788,-1,-1,-1
3037,2,2362.00,1332.00,69.00,111.00,6.7388,-1,-1,-1
3038,2,2364.00,1331.00,65.00,109.00,6.8879,-1,-1,-1
3038,1,2350.00,1753.00,67.00,109.00,6.8825,-1,-1,-1
3039,2,2364.00,1331.00,66.00,110.00,7.0273,-1,-1,-1
3039,1,2351.00,1753.00,66.00,108.00,6.8643,-1,-1,-1
3040,2,2364.00,1330.00,65.00,110.00,7.1623,-1,-1,-1
3040,1,2351.00,1753.00,67.00,109.00,6.8639,-1,-1,-1
3041,2,2364.00,1329.00,64.00,110.00,7.2738,-1,-1,-1
3041,1,2352.00,1753.00,65.00,108.00,6.8445,-1,-1,-1
3042,2,2364.00,1328.00,63.00,110.00,7.3558,-1,-1,-1
3042,1,2352.00,1753.00,65.00,108.00,6.8490,-1,-1,-1
3043,2,2364.00,1328.00,63.00,110.00,7.4208,-1,-1,-1
3043,1,2352.00,1752.00,65.00,108.00,6.8767,-1,-1,-1
3044,2,2363.00,1327.00,62.00,108.00,7.4533,-1,-1,-1
3044,1,2353.00,1753.00,63.00,106.00,6.8524,-1,-1,-1
3045,2,2365.00,1329.00,56.00,99.00,7.4861,-1,-1,-1
3045,1,2353.00,1752.00,63.00,107.00,6.8116,-1,-1,-1
3046,2,2364.00,1329.00,57.00,98.00,7.5332,-1,-1,-1
3046,1,2353.00,1751.00,63.00,107.00,6.7941,-1,-1,-1
3047,2,2364.00,1328.00,57.00,99.00,7.5741,-1,-1,-1
3047,1,2353.00,1752.00,63.00,106.00,6.7856,-1,-1,-1
3048,2,2365.00,1328.00,56.00,97.00,7.6157,-1,-1,-1
3048,1,2354.00,1751.00,62.00,105.00,6.7920,-1,-1,-1
3049,2,2365.00,1328.00,55.00,93.00,7.6548,-1,-1,-1
3049,1,2354.00,1750.00,62.00,105.00,6.8125,-1,-1,-1
3050,2,2365.00,1327.00,54.00,94.00,7.6634,-1,-1,-1
3050,1,2354.00,1749.00,61.00,105.00,6.8037,-1,-1,-1
3051,2,2366.00,1327.00,52.00,92.00,7.6569,-1,-1,-1
3051,1,2355.00,1749.00,60.00,105.00,6.7625,-1,-1,-1
3052,2,2365.00,1327.00,53.00,91.00,7.6467,-1,-1,-1
3052,1,2355.00,1749.00,59.00,105.00,6.6817,-1,-1,-1
3053,2,2365.00,1327.00,54.00,95.00,7.6256,-1,-1,-1
3053,1,2355.00,1749.00,60.00,106.00,6.6023,-1,-1,-1
3054,2,2364.00,1327.00,55.00,97.00,7.5943,-1,-1,-1
3054,1,2358.00,1742.00,54.00,103.00,6.5253,-1,-1,-1
3055,2,2362.00,1327.00,59.00,103.00,7.5474,-1,-1,-1
3055,1,2355.00,1743.00,61.00,108.00,6.5333,-1,-1,-1
3056,2,2361.00,1324.00,62.00,112.00,7.5247,-1,-1,-1
3056,1,2355.00,1743.00,60.00,106.00,6.5848,-1,-1,-1
3057,2,2361.00,1325.00,63.00,110.00,7.5286,-1,-1,-1
3057,1,2355.00,1742.00,60.00,106.00,6.6557,-1,-1,-1
3058,2,2361.00,1325.00,63.00,111.00,7.5465,-1,-1,-1
3058,1,2355.00,1741.00,60.00,106.00,6.7351,-1,-1,-1
3059,2,2360.00,1325.00,63.00,111.00,7.5704,-1,-1,-1
3059,1,2355.00,1741.00,59.00,104.00,6.8289,-1,-1,-1
3060,2,2359.00,1325.00,63.00,110.00,7.5585,-1,-1,-1
3060,1,2355.00,1740.00,60.00,104.00,6.9353,-1,-1,-1
3061,2,2359.00,1325.00,62.00,110.00,7.4965,-1,-1,-1
3061,1,2355.00,1740.00,60.00,103.00,7.0401,-1,-1,-1
3062,2,2359.00,1327.00,59.00,101.00,7.4086,-1,-1,-1
3062,1,2354.00,1739.00,61.00,103.00,7.1332,-1,-1,-1
3063,2,2357.00,1324.00,64.00,113.00,7.3290,-1,-1,-1
3063,1,2353.00,1739.00,61.00,102.00,7.2023,-1,-1,-1
3064,2,2356.00,1326.00,63.00,102.00,7.2619,-1,-1,-1
3064,1,2353.00,1739.00,61.00,101.00,7.2509,-1,-1,-1
3065,1,2352.00,1739.00,61.00,101.00,7.2914,-1,-1,-1
3065,2,2354.00,1326.00,65.00,104.00,7.2422,-1,-1,-1
3066,1,2352.00,1738.00,60.00,102.00,7.3245,-1,-1,-1
3066,2,2353.00,1327.00,66.00,105.00,7.2384,-1,-1,-1
3067,1,2352.00,1738.00,59.00,101.00,7.3351,-1,-1,-1
3067,2,2353.00,1326.00,67.00,108.00,7.2301,-1,-1,-1
3068,1,2351.00,1738.00,60.00,101.00,7.3464,-1,-1,-1
3068,2,2353.00,1326.00,65.00,104.00,7.2141,-1,-1,-1
3069,1,2349.00,1738.00,62.00,101.00,7.3625,-1,-1,-1
3069,2,2354.00,1327.00,63.00,100.00,7.2004,-1,-1,-1
3070,1,2349.00,1738.00,62.00,102.00,7.3740,-1,-1,-1
3070,2,2353.00,1328.00,63.00,100.00,7.2006,-1,-1,-1
3071,1,2349.00,1739.00,61.00,100.00,7.3814,-1,-1,-1
3071,2,2354.00,1329.00,62.00,100.00,7.1931,-1,-1,-1
3072,1,2348.00,1739.00,62.00,101.00,7.4192,-1,-1,-1
3072,2,2354.00,1329.00,62.00,103.00,7.2004,-1,-1,-1
3073,1,2347.00,1737.00,64.00,104.00,7.4478,-1,-1,-1
3073,2,2354.00,1328.00,65.00,110.00,7.2200,-1,-1,-1
3074,1,2346.00,1737.00,64.00,104.00,7.4574,-1,-1,-1
3074,2,2354.00,1329.00,63.00,109.00,7.2518,-1,-1,-1
3075,1,2347.00,1738.00,63.00,103.00,7.4720,-1,-1,-1
3075,2,2356.00,1330.00,59.00,105.00,7.2141,-1,-1,-1
3076,1,2351.00,1738.00,57.00,103.00,7.4131,-1,-1,-1
3076,2,2355.00,1331.00,61.00,107.00,7.2794,-1,-1,-1
3077,2,2354.00,1332.00,61.00,108.00,7.3608,-1,-1,-1
3077,1,2351.00,1737.00,55.00,105.00,7.3028,-1,-1,-1
3078,2,2354.00,1332.00,60.00,108.00,7.4285,-1,-1,-1
3078,1,2349.00,1736.00,57.00,106.00,7.2223,-1,-1,-1
3079,2,2354.00,1333.00,58.00,106.00,7.4961,-1,-1,-1
3079,1,2349.00,1736.00,58.00,106.00,7.2074,-1,-1,-1
3080,2,2353.00,1333.00,55.00,105.00,7.5695,-1,-1,-1
3080,1,2348.00,1736.00,58.00,107.00,7.1931,-1,-1,-1
3081,2,2351.00,1334.00,57.00,109.00,7.6151,-1,-1,-1
3081,1,2346.00,1736.00,60.00,107.00,7.1856,-1,-1,-1
3082,2,2350.00,1335.00,58.00,111.00,7.6115,-1,-1,-1
3082,1,2345.00,1737.00,60.00,106.00,7.1617,-1,-1,-1
3083,2,2351.00,1335.00,55.00,108.00,7.5848,-1,-1,-1
3083,1,2344.00,1737.00,61.00,107.00,7.1431,-1,-1,-1
3084,2,2349.00,1335.00,58.00,111.00,7.5560,-1,-1,-1
3084,1,2344.00,1738.00,63.00,105.00,7.1442,-1,-1,-1
3085,2,2349.00,1336.00,56.00,108.00,7.5294,-1,-1,-1
3085,1,2344.00,1738.00,62.00,104.00,7.1776,-1,-1,-1
3086,2,2349.00,1337.00,55.00,104.00,7.4851,-1,-1,-1
3086,1,2345.00,1739.00,61.00,104.00,7.1687,-1,-1,-1
3087,2,2350.00,1338.00,52.00,99.00,7.4759,-1,-1,-1
3087,1,2344.00,1740.00,60.00,103.00,7.1911,-1,-1,-1
3088,2,2350.00,1339.00,52.00,98.00,7.4471,-1,-1,-1
3088,1,2342.00,1740.00,61.00,104.00,7.2689,-1,-1,-1
3089,2,2350.00,1340.00,51.00,97.00,7.3615,-1,-1,-1
3089,1,2343.00,1741.00,59.00,102.00,7.3366,-1,-1,-1
3090,1,2344.00,1743.00,57.00,100.00,7.3489,-1,-1,-1
3090,2,2351.00,1340.00,49.00,97.00,7.2070,-1,-1,-1
3091,1,2343.00,1743.00,58.00,97.00,7.3842,-1,-1,-1
3091,2,2350.00,1341.00,49.00,96.00,7.0996,-1,-1,-1
3092,1,2343.00,1744.00,57.00,95.00,7.4017,-1,-1,-1
3092,2,2348.00,1342.00,51.00,94.00,7.1074,-1,-1,-1
3093,1,2343.00,1746.00,56.00,92.00,7.4229,-1,-1,-1
3093,2,2347.00,1342.00,51.00,94.00,7.0960,-1,-1,-1
3094,1,2344.00,1746.00,54.00,92.00,7.4323,-1,-1,-1
3094,2,2345.00,1343.00,52.00,94.00,7.0809,-1,-1,-1
3095,1,2344.00,1746.00,53.00,91.00,7.4360,-1,-1,-1
3095,2,2342.00,1342.00,59.00,105.00,7.1450,-1,-1,-1
3096,1,2344.00,1747.00,52.00,93.00,7.3719,-1,-1,-1
3096,2,2340.00,1343.00,61.00,106.00,7.2454,-1,-1,-1
3097,1,2342.00,1746.00,55.00,99.00,7.3234,-1,-1,-1
3097,2,2340.00,1344.00,60.00,104.00,7.3195,-1,-1,-1
3098,2,2338.00,1344.00,62.00,105.00,7.4034,-1,-1,-1
3098,1,2341.00,1747.00,56.00,99.00,7.2697,-1,-1,-1
3099,2,2338.00,1345.00,62.00,107.00,7.4550,-1,-1,-1
3099,1,2342.00,1748.00,54.00,97.00,7.2215,-1,-1,-1
3100,2,2337.00,1345.00,62.00,108.00,7.5189,-1,-1,-1
3100,1,2341.00,1749.00,54.00,94.00,7.2225,-1,-1,-1
3101,2,2337.00,1346.00,62.00,109.00,7.5351,-1,-1,-1
3101,1,2341.00,1749.00,53.00,93.00,7.2615,-1,-1,-1
3102,2,2335.00,1348.00,64.00,108.00,7.5128,-1,-1,-1
3102,1,2342.00,1749.00,51.00,92.00,7.2645,-1,-1,-1
3103,2,2334.00,1349.00,64.00,105.00,7.4796,-1,-1,-1
3103,1,2341.00,1749.00,53.00,93.00,7.2876,-1,-1,-1
3104,2,2333.00,1348.00,67.00,114.00,7.4596,-1,-1,-1
3104,1,2340.00,1748.00,54.00,95.00,7.2902,-1,-1,-1
3105,2,2332.00,1349.00,68.00,115.00,7.4759,-1,-1,-1
3105,1,2338.00,1748.00,55.00,96.00,7.3513,-1,-1,-1
3106,2,2332.00,1349.00,68.00,114.00,7.5095,-1,-1,-1
3106,1,2337.00,1748.00,56.00,96.00,7.4067,-1,-1,-1
3107,2,2331.00,1349.00,68.00,113.00,7.5130,-1,-1,-1
3107,1,2338.00,1748.00,55.00,96.00,7.4470,-1,-1,-1
3108,1,2337.00,1749.00,55.00,95.00,7.4734,-1,-1,-1
3108,2,2331.00,1351.00,65.00,101.00,7.4669,-1,-1,-1
3109,1,2336.00,1747.00,56.00,97.00,7.4758,-1,-1,-1
3109,2,2332.00,1352.00,62.00,97.00,7.4116,-1,-1,-1
3110,1,2337.00,1747.00,56.00,97.00,7.4801,-1,-1,-1
3110,2,2334.00,1352.00,60.00,97.00,7.3723,-1,-1,-1
3111,1,2338.00,1746.00,56.00,98.00,7.4645,-1,-1,-1
3111,2,2332.00,1353.00,61.00,100.00,7.3491,-1,-1,-1
3112,1,2337.00,1746.00,57.00,99.00,7.4928,-1,-1,-1
3112,2,2333.00,1354.00,58.00,98.00,7.3262,-1,-1,-1
3113,1,2337.00,1747.00,57.00,100.00,7.4938,-1,-1,-1
3113,2,2331.00,1351.00,63.00,108.00,7.3478,-1,-1,-1
3114,1,2337.00,1747.00,56.00,101.00,7.5080,-1,-1,-1
3114,2,2332.00,1352.00,61.00,107.00,7.3562,-1,-1,-1
3115,1,2336.00,1746.00,56.00,100.00,7.5350,-1,-1,-1
3115,2,2331.00,1352.00,60.00,106.00,7.3817,-1,-1,-1
3116,1,2335.00,1745.00,57.00,102.00,7.5672,-1,-1,-1
3116,2,2329.00,1351.00,62.00,109.00,7.4190,-1,-1,-1
3117,1,2335.00,1742.00,58.00,104.00,7.5962,-1,-1,-1
3117,2,2328.00,1350.00,64.00,109.00,7.4611,-1,-1,-1
3118,1,2335.00,1739.00,58.00,105.00,7.5522,-1,-1,-1
3118,2,2327.00,1353.00,61.00,96.00,7.5149,-1,-1,-1
3119,2,2325.00,1349.00,63.00,99.00,7.5844,-1,-1,-1
3119,1,2333.00,1735.00,59.00,102.00,7.3892,-1,-1,-1
3120,2,2324.00,1345.00,61.00,102.00,7.6361,-1,-1,-1
3120,1,2330.00,1729.00,62.00,104.00,7.4323,-1,-1,-1
3121,2,2324.00,1339.00,56.00,100.00,7.6473,-1,-1,-1
3121,1,2327.00,1725.00,63.00,102.00,7.4321,-1,-1,-1
3122,2,2321.00,1332.00,64.00,102.00,7.6599,-1,-1,-1
3122,1,2330.00,1718.00,62.00,102.00,7.4325,-1,-1,-1
3123,2,2321.00,1329.00,60.00,95.00,7.5762,-1,-1,-1
3123,1,2330.00,1713.00,60.00,97.00,7.2562,-1,-1,-1
3124,2,2323.00,1320.00,59.00,104.00,7.4811,-1,-1,-1
3124,1,2329.00,1705.00,60.00,101.00,7.1947,-1,-1,-1
3125,2,2321.00,1310.00,56.00,98.00,7.5467,-1,-1,-1
3125,1,2328.00,1697.00,60.00,97.00,7.2418,-1,-1,-1
3126,2,2321.00,1305.00,55.00,94.00,7.5721,-1,-1,-1
3126,1,2329.00,1688.00,58.00,97.00,7.2118,-1,-1,-1
3127,2,2319.00,1295.00,60.00,103.00,7.5677,-1,-1,-1
3127,1,2326.00,1676.00,61.00,101.00,7.1889,-1,-1,-1
3128,2,2317.00,1284.00,59.00,99.00,7.5953,-1,-1,-1
3128,1,2326.00,1665.00,57.00,100.00,7.1388,-1,-1,-1
3129,2,2315.00,1277.00,63.00,98.00,7.6507,-1,-1,-1
3129,1,2323.00,1656.00,61.00,98.00,7.1227,-1,-1,-1
3130,2,2314.00,1266.00,63.00,99.00,7.6836,-1,-1,-1
3130,1,2326.00,1646.00,56.00,92.00,7.0280,-1,-1,-1
3131,2,2312.00,1256.00,64.00,101.00,7.6671,-1,-1,-1
3131,1,2327.00,1637.00,54.00,93.00,6.9630,-1,-1,-1
3132,2,2310.00,1243.00,67.00,101.00,7.6146,-1,-1,-1
3132,1,2324.00,1623.00,56.00,96.00,6.8906,-1,-1,-1
3133,2,2308.00,1233.00,68.00,99.00,7.5731,-1,-1,-1
3133,1,2324.00,1610.00,55.00,97.00,6.8736,-1,-1,-1
3134,2,2305.00,1221.00,73.00,104.00,7.5813,-1,-1,-1
3134,1,2323.00,1600.00,55.00,91.00,6.8232,-1,-1,-1
3135,2,2305.00,1209.00,74.00,106.00,7.6046,-1,-1,-1
3135,1,2324.00,1586.00,54.00,95.00,6.6786,-1,-1,-1
3136,2,2305.00,1199.00,75.00,106.00,7.6370,-1,-1,-1
3136,1,2320.00,1574.00,57.00,94.00,6.6985,-1,-1,-1
3137,2,2304.00,1188.00,75.00,104.00,7.6507,-1,-1,-1
3137,1,2320.00,1562.00,56.00,94.00,6.7715,-1,-1,-1
3138,2,2304.00,1182.00,74.00,100.00,7.6661,-1,-1,-1
3138,1,2320.00,1553.00,55.00,90.00,6.9333,-1,-1,-1
3139,2,2305.00,1169.00,71.00,102.00,7.6633,-1,-1,-1
3139,1,2323.00,1548.00,51.00,88.00,6.8710,-1,-1,-1
3140,2,2303.00,1163.00,75.00,103.00,7.6485,-1,-1,-1
3140,1,2322.00,1537.00,49.00,86.00,6.8261,-1,-1,-1
3141,2,2302.00,1158.00,73.00,100.00,7.6295,-1,-1,-1
3141,1,2321.00,1532.00,51.00,89.00,6.7798,-1,-1,-1
3142,2,2302.00,1153.00,74.00,103.00,7.6230,-1,-1,-1
3142,1,2321.00,1527.00,48.00,87.00,6.6400,-1,-1,-1
3143,2,2303.00,1148.00,73.00,102.00,7.6575,-1,-1,-1
3143,1,2318.00,1525.00,52.00,85.00,6.7470,-1,-1,-1
3144,2,2304.00,1143.00,72.00,104.00,7.6621,-1,-1,-1
3144,1,2318.00,1520.00,51.00,82.00,6.8002,-1,-1,-1
3145,2,2304.00,1142.00,71.00,100.00,7.6516,-1,-1,-1
3145,1,2321.00,1516.00,46.00,83.00,6.7555,-1,-1,-1
3146,2,2303.00,1141.00,70.00,98.00,7.6314,-1,-1,-1
3146,1,2319.00,1514.00,47.00,86.00,6.8079,-1,-1,-1
3147,2,2303.00,1141.00,69.00,96.00,7.6104,-1,-1,-1
3147,1,2318.00,1515.00,48.00,84.00,6.8722,-1,-1,-1
3148,2,2304.00,1140.00,69.00,101.00,7.6223,-1,-1,-1
3148,1,2317.00,1514.00,48.00,84.00,6.9623,-1,-1,-1
3149,2,2304.00,1141.00,68.00,102.00,7.6458,-1,-1,-1
3149,1,2316.00,1515.00,50.00,85.00,6.9955,-1,-1,-1
3150,2,2304.00,1141.00,67.00,103.00,7.6672,-1,-1,-1
3150,1,2314.00,1514.00,52.00,85.00,7.0108,-1,-1,-1
3151,2,2303.00,1141.00,66.00,102.00,7.6956,-1,-1,-1
3151,1,2310.00,1513.00,56.00,87.00,7.0791,-1,-1,-1
3152,2,2304.00,1143.00,64.00,102.00,7.7034,-1,-1,-1
3152,1,2311.00,1513.00,56.00,87.00,7.1258,-1,-1,-1
3153,2,2303.00,1144.00,65.00,102.00,7.7248,-1,-1,-1
3153,1,2318.00,1514.00,49.00,88.00,7.0499,-1,-1,-1
3154,2,2302.00,1144.00,66.00,104.00,7.7397,-1,-1,-1
3154,1,2317.00,1514.00,50.00,88.00,6.9991,-1,-1,-1
3155,2,2302.00,1144.00,64.00,104.00,7.7442,-1,-1,-1
3155,1,2316.00,1513.00,51.00,89.00,6.9717,-1,-1,-1
3156,2,2301.00,1147.00,63.00,102.00,7.7427,-1,-1,-1
3156,1,2316.00,1512.00,50.00,90.00,6.9438,-1,-1,-1
3157,2,2300.00,1148.00,61.00,100.00,7.7150,-1,-1,-1
3157,1,2315.00,1512.00,51.00,91.00,6.8990,-1,-1,-1
3158,2,2298.00,1149.00,64.00,101.00,7.6482,-1,-1,-1
3158,1,2314.00,1512.00,52.00,92.00,6.8819,-1,-1,-1
3159,2,2297.00,1149.00,69.00,106.00,7.5815,-1,-1,-1
3159,1,2313.00,1510.00,53.00,92.00,6.8426,-1,-1,-1
3160,2,2299.00,1150.00,59.00,98.00,7.4578,-1,-1,-1
3160,1,2312.00,1509.00,53.00,92.00,6.8251,-1,-1,-1
3161,2,2300.00,1150.00,54.00,95.00,7.2783,-1,-1,-1
3161,1,2313.00,1509.00,51.00,91.00,6.7192,-1,-1,-1
3162,2,2300.00,1151.00,53.00,89.00,7.2445,-1,-1,-1
3162,1,2312.00,1510.00,52.00,91.00,6.6419,-1,-1,-1
3163,2,2298.00,1151.00,54.00,89.00,7.2384,-1,-1,-1
3163,1,2310.00,1511.00,56.00,91.00,6.6265,-1,-1,-1
3164,2,2296.00,1152.00,56.00,92.00,7.2296,-1,-1,-1
3164,1,2309.00,1511.00,57.00,92.00,6.6629,-1,-1,-1
3165,2,2295.00,1151.00,59.00,100.00,7.2685,-1,-1,-1
3165,1,2308.00,1510.00,58.00,93.00,6.7590,-1,-1,-1
3166,2,2294.00,1152.00,60.00,99.00,7.3176,-1,-1,-1
3166,1,2306.00,1510.00,60.00,95.00,6.8533,-1,-1,-1
3167,2,2293.00,1152.00,63.00,98.00,7.3578,-1,-1,-1
3167,1,2306.00,1511.00,60.00,93.00,6.9274,-1,-1,-1
3168,2,2293.00,1154.00,63.00,97.00,7.4083,-1,-1,-1
3168,1,2305.00,1511.00,60.00,93.00,6.9719,-1,-1,-1
3169,2,2292.00,1155.00,62.00,96.00,7.4627,-1,-1,-1
3169,1,2306.00,1513.00,58.00,90.00,7.0236,-1,-1,-1
3170,2,2291.00,1155.00,62.00,97.00,7.4958,-1,-1,-1
3170,1,2307.00,1514.00,56.00,89.00,7.0278,-1,-1,-1
3171,2,2288.00,1155.00,67.00,100.00,7.5375,-1,-1,-1
3171,1,2309.00,1516.00,53.00,92.00,6.8579,-1,-1,-1
3172,2,2287.00,1157.00,66.00,97.00,7.5488,-1,-1,-1
3172,1,2310.00,1518.00,51.00,91.00,6.6989,-1,-1,-1
3173,2,2283.00,1158.00,68.00,95.00,7.5720,-1,-1,-1
3173,1,2310.00,1520.00,50.00,88.00,6.5308,-1,-1,-1
3174,2,2283.00,1158.00,66.00,95.00,7.5916,-1,-1,-1
3174,1,2309.00,1519.00,50.00,88.00,6.4540,-1,-1,-1
3175,2,2281.00,1158.00,66.00,94.00,7.6134,-1,-1,-1
3175,1,2310.00,1520.00,48.00,86.00,6.3539,-1,-1,-1
3176,2,2281.00,1158.00,68.00,96.00,7.6061,-1,-1,-1
3176,1,2309.00,1521.00,48.00,85.00,6.1793,-1,-1,-1
3177,2,2280.00,1159.00,69.00,96.00,7.6074,-1,-1,-1
3177,1,2310.00,1523.00,47.00,83.00,6.0930,-1,-1,-1
3178,2,2279.00,1160.00,71.00,96.00,7.6046,-1,-1,-1
3178,1,2310.00,1522.00,46.00,84.00,5.9757,-1,-1,-1
3179,2,2280.00,1161.00,69.00,94.00,7.6024,-1,-1,-1
3179,1,2310.00,1524.00,46.00,82.00,5.9919,-1,-1,-1
3180,2,2280.00,1161.00,69.00,95.00,7.5864,-1,-1,-1
3180,1,2310.00,1524.00,46.00,82.00,6.0202,-1,-1,-1
3181,2,2280.00,1160.00,69.00,98.00,7.5801,-1,-1,-1
3181,1,2309.00,1523.00,46.00,83.00,5.9384,-1,-1,-1
3182,2,2280.00,1161.00,69.00,97.00,7.5731,-1,-1,-1
3182,1,2308.00,1524.00,47.00,84.00,5.9275,-1,-1,-1
3183,2,2280.00,1162.00,68.00,94.00,7.5797,-1,-1,-1
3183,1,2307.00,1524.00,47.00,83.00,5.9312,-1,-1,-1
3184,2,2281.00,1162.00,67.00,94.00,7.5776,-1,-1,-1
3184,1,2305.00,1525.00,48.00,82.00,6.0412,-1,-1,-1
3185,2,2280.00,1162.00,69.00,96.00,7.5710,-1,-1,-1
3185,1,2304.00,1523.00,49.00,83.00,6.0893,-1,-1,-1
3186,2,2279.00,1162.00,72.00,97.00,7.5747,-1,-1,-1
3186,1,2302.00,1521.00,50.00,87.00,6.1705,-1,-1,-1
3187,2,2279.00,1162.00,71.00,98.00,7.5699,-1,-1,-1
3187,1,2300.00,1520.00,53.00,90.00,6.3039,-1,-1,-1
3188,2,2278.00,1162.00,71.00,99.00,7.5521,-1,-1,-1
3188,1,2299.00,1519.00,55.00,90.00,6.4292,-1,-1,-1
3189,2,2280.00,1163.00,69.00,99.00,7.5278,-1,-1,-1
3189,1,2299.00,1518.00,55.00,92.00,6.5139,-1,-1,-1
3190,2,2280.00,1164.00,68.00,98.00,7.5332,-1,-1,-1
3190,1,2303.00,1521.00,50.00,87.00,6.3817,-1,-1,-1
3191,2,2280.00,1164.00,67.00,98.00,7.5555,-1,-1,-1
3191,1,2303.00,1520.00,50.00,88.00,6.2106,-1,-1,-1
3192,2,2279.00,1164.00,68.00,98.00,7.5982,-1,-1,-1
3192,1,2302.00,1521.00,52.00,89.00,6.1334,-1,-1,-1
3193,2,2279.00,1165.00,67.00,98.00,7.6331,-1,-1,-1
3193,1,2300.00,1520.00,55.00,92.00,6.1845,-1,-1,-1
3194,2,2278.00,1165.00,65.00,97.00,7.6609,-1,-1,-1
3194,1,2299.00,1518.00,56.00,92.00,6.3303,-1,-1,-1
3195,2,2277.00,1167.00,66.00,95.00,7.6941,-1,-1,-1
3195,1,2300.00,1520.00,54.00,89.00,6.4117,-1,-1,-1
3196,2,2278.00,1168.00,65.00,94.00,7.7199,-1,-1,-1
3196,1,2300.00,1520.00,54.00,91.00,6.3926,-1,-1,-1
3197,2,2278.00,1168.00,64.00,96.00,7.7478,-1,-1,-1
3197,1,2300.00,1520.00,53.00,90.00,6.3253,-1,-1,-1
3198,2,2278.00,1170.00,63.00,96.00,7.7715,-1,-1,-1
3198,1,2300.00,1519.00,52.00,89.00,6.1543,-1,-1,-1
3199,2,2279.00,1170.00,59.00,95.00,7.7756,-1,-1,-1
3199,1,2300.00,1520.00,52.00,89.00,5.9439,-1,-1,-1
3200,2,2279.00,1171.00,56.00,93.00,7.7651,-1,-1,-1
3200,1,2298.00,1519.00,53.00,91.00,5.7757,-1,-1,-1
3201,2,2277.00,1172.00,59.00,95.00,7.7469,-1,-1,-1
3201,1,2296.00,1519.00,55.00,91.00,5.7045,-1,-1,-1
3202,2,2277.00,1173.00,55.00,91.00,7.6821,-1,-1,-1
3202,1,2295.00,1520.00,55.00,89.00,5.8261,-1,-1,-1
3203,2,2276.00,1174.00,55.00,91.00,7.5899,-1,-1,-1
3203,1,2295.00,1522.00,57.00,89.00,5.9743,-1,-1,-1
3204,2,2278.00,1174.00,49.00,86.00,7.5032,-1,-1,-1
3204,1,2295.00,1523.00,57.00,87.00,6.1239,-1,-1,-1
3205,2,2277.00,1175.00,50.00,88.00,7.4265,-1,-1,-1
3205,1,2295.00,1525.00,56.00,86.00,6.2512,-1,-1,-1
3206,2,2276.00,1176.00,50.00,86.00,7.3906,-1,-1,-1
3206,1,2295.00,1526.00,55.00,85.00,6.3357,-1,-1,-1
3207,2,2274.00,1177.00,52.00,88.00,7.3559,-1,-1,-1
3207,1,2297.00,1527.00,52.00,83.00,6.3583,-1,-1,-1
3208,2,2273.00,1178.00,53.00,88.00,7.3156,-1,-1,-1
3208,1,2296.00,1528.00,52.00,83.00,6.3525,-1,-1,-1
3209,2,2272.00,1176.00,58.00,95.00,7.3119,-1,-1,-1
3209,1,2297.00,1528.00,50.00,82.00,6.3052,-1,-1,-1
3210,2,2271.00,1177.00,59.00,96.00,7.3520,-1,-1,-1
3210,1,2296.00,1529.00,51.00,84.00,6.2180,-1,-1,-1
3211,2,2271.00,1178.00,60.00,95.00,7.3758,-1,-1,-1
3211,1,2294.00,1528.00,54.00,90.00,6.2193,-1,-1,-1
3212,2,2269.00,1179.00,62.00,94.00,7.4452,-1,-1,-1
3212,1,2294.00,1528.00,53.00,90.00,6.2167,-1,-1,-1
3213,2,2267.00,1180.00,64.00,95.00,7.5310,-1,-1,-1
3213,1,2295.00,1529.00,52.00,88.00,6.1781,-1,-1,-1
3214,2,2265.00,1181.00,65.00,96.00,7.5892,-1,-1,-1
3214,1,2295.00,1531.00,50.00,85.00,6.1549,-1,-1,-1
3215,2,2264.00,1182.00,65.00,93.00,7.6188,-1,-1,-1
3215,1,2295.00,1532.00,50.00,84.00,6.2154,-1,-1,-1
3216,2,2264.00,1183.00,64.00,91.00,7.6370,-1,-1,-1
3216,1,2295.00,1533.00,51.00,83.00,6.3062,-1,-1,-1
3217,2,2264.00,1185.00,64.00,90.00,7.6457,-1,-1,-1
3217,1,2295.00,1533.00,50.00,84.00,6.3975,-1,-1,-1
3218,2,2262.00,1186.00,66.00,91.00,7.6037,-1,-1,-1
3218,1,2294.00,1532.00,51.00,86.00,6.4994,-1,-1,-1
3219,2,2258.00,1184.00,69.00,94.00,7.5636,-1,-1,-1
3219,1,2293.00,1532.00,51.00,86.00,6.5662,-1,-1,-1
3220,2,2258.00,1185.00,68.00,91.00,7.5547,-1,-1,-1
3220,1,2292.00,1531.00,52.00,86.00,6.5996,-1,-1,-1
3221,2,2258.00,1184.00,68.00,94.00,7.5192,-1,-1,-1
3221,1,2291.00,1532.00,52.00,86.00,6.6305,-1,-1,-1
3222,2,2258.00,1184.00,68.00,96.00,7.4732,-1,-1,-1
3222,1,2290.00,1532.00,52.00,86.00,6.6232,-1,-1,-1
3223,2,2259.00,1184.00,66.00,95.00,7.4152,-1,-1,-1
3223,1,2290.00,1532.00,52.00,85.00,6.6428,-1,-1,-1
3224,2,2259.00,1184.00,66.00,95.00,7.3713,-1,-1,-1
3224,1,2288.00,1531.00,54.00,87.00,6.7108,-1,-1,-1
3225,2,2256.00,1184.00,69.00,96.00,7.3641,-1,-1,-1
3225,1,2287.00,1531.00,55.00,87.00,6.8087,-1,-1,-1
3226,2,2257.00,1185.00,68.00,95.00,7.3613,-1,-1,-1
3226,1,2288.00,1531.00,54.00,88.00,6.9031,-1,-1,-1
3227,2,2257.00,1185.00,68.00,95.00,7.3639,-1,-1,-1
3227,1,2289.00,1531.00,54.00,88.00,6.9051,-1,-1,-1
3228,2,2258.00,1187.00,67.00,92.00,7.3629,-1,-1,-1
3228,1,2290.00,1531.00,51.00,90.00,6.8357,-1,-1,-1
3229,2,2259.00,1187.00,66.00,92.00,7.3660,-1,-1,-1
3229,1,2288.00,1529.00,54.00,91.00,6.7787,-1,-1,-1
3230,2,2258.00,1187.00,66.00,93.00,7.3844,-1,-1,-1
3230,1,2287.00,1528.00,54.00,90.00,6.6890,-1,-1,-1
3231,2,2257.00,1188.00,68.00,93.00,7.4082,-1,-1,-1
3231,1,2286.00,1527.00,54.00,90.00,6.6323,-1,-1,-1
3232,2,2257.00,1189.00,67.00,93.00,7.4245,-1,-1,-1
3232,1,2286.00,1528.00,53.00,86.00,6.6137,-1,-1,-1
3233,2,2256.00,1189.00,68.00,92.00,7.4427,-1,-1,-1
3233,1,2284.00,1527.00,54.00,88.00,6.6320,-1,-1,-1
3234,2,2257.00,1190.00,66.00,91.00,7.4463,-1,-1,-1
3234,1,2284.00,1527.00,54.00,86.00,6.6595,-1,-1,-1
3235,2,2257.00,1190.00,66.00,92.00,7.4407,-1,-1,-1
3235,1,2285.00,1527.00,53.00,85.00,6.6461,-1,-1,-1
3236,2,2258.00,1191.00,65.00,92.00,7.4505,-1,-1,-1
3236,1,2284.00,1526.00,53.00,87.00,6.6480,-1,-1,-1
3237,2,2258.00,1191.00,65.00,94.00,7.4846,-1,-1,-1
3237,1,2284.00,1525.00,54.00,89.00,6.6205,-1,-1,-1
3238,2,2257.00,1191.00,65.00,94.00,7.5389,-1,-1,-1
3238,1,2283.00,1525.00,55.00,89.00,6.5871,-1,-1,-1
3239,2,2257.00,1191.00,65.00,94.00,7.5940,-1,-1,-1
3239,1,2284.00,1525.00,53.00,88.00,6.4973,-1,-1,-1
3240,2,2257.00,1192.00,65.00,94.00,7.6330,-1,-1,-1
3240,1,2281.00,1526.00,56.00,89.00,6.4251,-1,-1,-1
3241,2,2256.00,1193.00,65.00,93.00,7.6537,-1,-1,-1
3241,1,2281.00,1527.00,56.00,91.00,6.3730,-1,-1,-1
3242,2,2255.00,1193.00,67.00,93.00,7.6733,-1,-1,-1
3242,1,2281.00,1528.00,57.00,90.00,6.3900,-1,-1,-1
3243,2,2254.00,1193.00,67.00,94.00,7.6845,-1,-1,-1
3243,1,2280.00,1528.00,59.00,92.00,6.4917,-1,-1,-1
3244,2,2253.00,1194.00,68.00,93.00,7.6924,-1,-1,-1
3244,1,2280.00,1528.00,59.00,93.00,6.5983,-1,-1,-1
3245,2,2253.00,1194.00,67.00,92.00,7.6937,-1,-1,-1
3245,1,2280.00,1528.00,58.00,92.00,6.6857,-1,-1,-1
3246,2,2253.00,1195.00,65.00,92.00,7.6812,-1,-1,-1
3246,1,2279.00,1528.00,59.00,92.00,6.7604,-1,-1,-1
3247,2,2252.00,1197.00,66.00,91.00,7.6626,-1,-1,-1
3247,1,2278.00,1529.00,60.00,91.00,6.8381,-1,-1,-1
3248,2,2251.00,1197.00,65.00,91.00,7.6167,-1,-1,-1
3248,1,2278.00,1529.00,59.00,91.00,6.9048,-1,-1,-1
3249,2,2249.00,1197.00,66.00,92.00,7.5522,-1,-1,-1
3249,1,2278.00,1530.00,59.00,89.00,6.9569,-1,-1,-1
3250,2,2248.00,1196.00,67.00,94.00,7.5028,-1,-1,-1
3250,1,2279.00,1532.00,57.00,88.00,7.0197,-1,-1,-1
3251,2,2247.00,1196.00,68.00,94.00,7.4669,-1,-1,-1
3251,1,2279.00,1532.00,56.00,87.00,7.0652,-1,-1,-1
3252,2,2246.00,1196.00,69.00,96.00,7.4322,-1,-1,-1
3252,1,2280.00,1533.00,55.00,86.00,7.0868,-1,-1,-1
3253,2,2245.00,1197.00,69.00,94.00,7.3949,-1,-1,-1
3253,1,2279.00,1531.00,55.00,87.00,7.0716,-1,-1,-1
3254,2,2244.00,1197.00,68.00,94.00,7.3863,-1,-1,-1
3254,1,2280.00,1531.00,54.00,87.00,7.0401,-1,-1,-1
3255,2,2243.00,1197.00,67.00,94.00,7.4041,-1,-1,-1
3255,1,2280.00,1531.00,53.00,87.00,6.9767,-1,-1,-1
3256,2,2243.00,1197.00,66.00,93.00,7.4432,-1,-1,-1
3256,1,2280.00,1532.00,52.00,86.00,6.9161,-1,-1,-1
3257,2,2242.00,1197.00,66.00,94.00,7.4906,-1,-1,-1
3257,1,2280.00,1532.00,52.00,87.00,6.8747,-1,-1,-1
3258,2,2241.00,1197.00,67.00,94.00,7.5318,-1,-1,-1
3258,1,2280.00,1532.00,53.00,87.00,6.8688,-1,-1,-1
3259,2,2241.00,1197.00,67.00,93.00,7.5932,-1,-1,-1
3259,1,2279.00,1532.00,54.00,88.00,6.8919,-1,-1,-1
3260,2,2242.00,1196.00,66.00,94.00,7.6581,-1,-1,-1
3260,1,2280.00,1531.00,54.00,88.00,6.9256,-1,-1,-1
3261,2,2242.00,1197.00,65.00,91.00,7.7093,-1,-1,-1
3261,1,2281.00,1531.00,54.00,86.00,6.9211,-1,-1,-1
3262,2,2241.00,1198.00,65.00,89.00,7.7318,-1,-1,-1
3262,1,2280.00,1531.00,55.00,87.00,6.9547,-1,-1,-1
3263,2,2240.00,1198.00,67.00,90.00,7.7428,-1,-1,-1
3263,1,2280.00,1532.00,55.00,85.00,6.9279,-1,-1,-1
3264,2,2240.00,1197.00,67.00,92.00,7.7497,-1,-1,-1
3264,1,2281.00,1532.00,54.00,84.00,6.8862,-1,-1,-1
3265,2,2240.00,1197.00,67.00,92.00,7.7588,-1,-1,-1
3265,1,2281.00,1532.00,55.00,83.00,6.8499,-1,-1,-1
3266,2,2240.00,1195.00,68.00,95.00,7.7702,-1,-1,-1
3266,1,2282.00,1531.00,54.00,84.00,6.8149,-1,-1,-1
3267,2,2239.00,1194.00,70.00,97.00,7.7877,-1,-1,-1
3267,1,2281.00,1528.00,53.00,84.00,6.7356,-1,-1,-1
3268,2,2239.00,1194.00,71.00,97.00,7.7939,-1,-1,-1
3268,1,2281.00,1527.00,53.00,84.00,6.7031,-1,-1,-1
3269,2,2240.00,1193.00,69.00,98.00,7.8028,-1,-1,-1
3269,1,2280.00,1525.00,55.00,85.00,6.7283,-1,-1,-1
3270,2,2240.00,1192.00,69.00,98.00,7.8115,-1,-1,-1
3270,1,2282.00,1523.00,53.00,85.00,6.7681,-1,-1,-1
3271,2,2239.00,1192.00,69.00,96.00,7.8375,-1,-1,-1
3271,1,2282.00,1522.00,54.00,84.00,6.7798,-1,-1,-1
3272,2,2239.00,1192.00,68.00,95.00,7.8481,-1,-1,-1
3272,1,2282.00,1522.00,54.00,83.00,6.7760,-1,-1,-1
3273,2,2239.00,1191.00,68.00,95.00,7.8487,-1,-1,-1
3273,1,2283.00,1521.00,53.00,83.00,6.7606,-1,-1,-1
3274,2,2239.00,1191.00,67.00,94.00,7.8289,-1,-1,-1
3274,1,2283.00,1520.00,53.00,84.00,6.7300,-1,-1,-1
3275,2,2238.00,1189.00,67.00,96.00,7.7930,-1,-1,-1
3275,1,2282.00,1519.00,55.00,85.00,6.6970,-1,-1,-1
3276,2,2238.00,1189.00,66.00,96.00,7.7492,-1,-1,-1
3276,1,2282.00,1518.00,56.00,87.00,6.6857,-1,-1,-1
3277,2,2238.00,1189.00,65.00,96.00,7.6888,-1,-1,-1
3277,1,2281.00,1518.00,56.00,87.00,6.6616,-1,-1,-1
3278,2,2236.00,1186.00,66.00,97.00,7.5951,-1,-1,-1
3278,1,2281.00,1518.00,56.00,87.00,6.6604,-1,-1,-1
3279,2,2237.00,1187.00,64.00,94.00,7.5036,-1,-1,-1
3279,1,2282.00,1519.00,53.00,86.00,6.5820,-1,-1,-1
3280,2,2237.00,1187.00,62.00,92.00,7.4021,-1,-1,-1
3280,1,2284.00,1520.00,49.00,84.00,6.3961,-1,-1,-1
3281,2,2237.00,1187.00,60.00,90.00,7.3069,-1,-1,-1
3281,1,2285.00,1520.00,47.00,83.00,6.2509,-1,-1,-1
3282,2,2238.00,1191.00,56.00,84.00,7.2385,-1,-1,-1
3282,1,2284.00,1521.00,49.00,84.00,6.1528,-1,-1,-1
3283,2,2237.00,1190.00,56.00,84.00,7.2244,-1,-1,-1
3283,1,2283.00,1522.00,51.00,86.00,6.1666,-1,-1,-1
3284,2,2235.00,1190.00,55.00,83.00,7.2447,-1,-1,-1
3284,1,2284.00,1522.00,50.00,87.00,6.1551,-1,-1,-1
3285,2,2235.00,1190.00,56.00,84.00,7.2520,-1,-1,-1
3285,1,2283.00,1524.00,50.00,87.00,6.1438,-1,-1,-1
3286,2,2235.00,1192.00,57.00,84.00,7.2500,-1,-1,-1
3286,1,2283.00,1526.00,50.00,86.00,6.1486,-1,-1,-1
3287,2,2235.00,1192.00,58.00,85.00,7.2472,-1,-1,-1
3287,1,2281.00,1526.00,52.00,90.00,6.1017,-1,-1,-1
3288,2,2234.00,1193.00,59.00,84.00,7.2616,-1,-1,-1
3288,1,2283.00,1526.00,50.00,86.00,6.0734,-1,-1,-1
3289,2,2234.00,1193.00,59.00,85.00,7.2841,-1,-1,-1
3289,1,2282.00,1525.00,51.00,87.00,6.0354,-1,-1,-1
3290,2,2235.00,1191.00,60.00,89.00,7.2738,-1,-1,-1
3290,1,2282.00,1524.00,51.00,87.00,6.0656,-1,-1,-1
3291,2,2234.00,1194.00,59.00,84.00,7.2626,-1,-1,-1
3291,1,2280.00,1523.00,54.00,90.00,6.1398,-1,-1,-1
3292,2,2236.00,1193.00,59.00,87.00,7.2845,-1,-1,-1
3292,1,2279.00,1523.00,55.00,92.00,6.1857,-1,-1,-1
3293,2,2234.00,1194.00,62.00,88.00,7.3544,-1,-1,-1
3293,1,2279.00,1522.00,55.00,94.00,6.2128,-1,-1,-1
3294,2,2234.00,1196.00,64.00,89.00,7.4192,-1,-1,-1
3294,1,2278.00,1521.00,56.00,95.00,6.2252,-1,-1,-1
3295,2,2233.00,1196.00,65.00,91.00,7.4768,-1,-1,-1
3295,1,2278.00,1522.00,57.00,94.00,6.3214,-1,-1,-1
3296,2,2232.00,1197.00,66.00,91.00,7.5313,-1,-1,-1
3296,1,2278.00,1522.00,57.00,95.00,6.3664,-1,-1,-1
3297,2,2232.00,1198.00,64.00,89.00,7.5728,-1,-1,-1
3297,1,2280.00,1523.00,56.00,92.00,6.4352,-1,-1,-1
3298,2,2233.00,1199.00,62.00,89.00,7.6094,-1,-1,-1
3298,1,2279.00,1526.00,56.00,91.00,6.4673,-1,-1,-1
3299,2,2232.00,1200.00,61.00,89.00,7.6429,-1,-1,-1
3299,1,2280.00,1527.00,55.00,90.00,6.4723,-1,-1,-1
3300,2,2232.00,1200.00,61.00,88.00,7.6851,-1,-1,-1
3300,1,2282.00,1528.00,54.00,89.00,6.5140,-1,-1,-1
3301,2,2231.00,1201.00,63.00,88.00,7.7048,-1,-1,-1
3301,1,2281.00,1528.00,56.00,90.00,6.5978,-1,-1,-1
3302,2,2232.00,1201.00,61.00,89.00,7.7093,-1,-1,-1
3302,1,2281.00,1530.00,56.00,88.00,6.6988,-1,-1,-1
3303,2,2231.00,1202.00,61.00,87.00,7.7211,-1,-1,-1
3303,1,2281.00,1530.00,58.00,89.00,6.8232,-1,-1,-1
3304,2,2230.00,1203.00,63.00,89.00,7.7063,-1,-1,-1
3304,1,2281.00,1530.00,57.00,89.00,6.9019,-1,-1,-1
3305,2,2231.00,1204.00,60.00,88.00,7.6754,-1,-1,-1
3305,1,2281.00,1530.00,59.00,90.00,6.9764,-1,-1,-1
3306,2,2230.00,1204.00,62.00,90.00,7.6448,-1,-1,-1
3306,1,2281.00,1530.00,60.00,93.00,7.0478,-1,-1,-1
3307,2,2231.00,1204.00,61.00,90.00,7.6386,-1,-1,-1
3307,1,2281.00,1530.00,61.00,95.00,7.0911,-1,-1,-1
3308,2,2230.00,1205.00,62.00,89.00,7.6384,-1,-1,-1
3308,1,2280.00,1531.00,62.00,93.00,7.1230,-1,-1,-1
3309,2,2230.00,1204.00,62.00,92.00,7.6489,-1,-1,-1
3309,1,2281.00,1531.00,62.00,94.00,7.1556,-1,-1,-1
3310,2,2229.00,1205.00,63.00,91.00,7.6679,-1,-1,-1
3310,1,2282.00,1532.00,60.00,93.00,7.2057,-1,-1,-1
3311,2,2228.00,1206.00,63.00,91.00,7.6830,-1,-1,-1
3311,1,2283.00,1533.00,59.00,92.00,7.2109,-1,-1,-1
3312,2,2228.00,1207.00,63.00,91.00,7.6900,-1,-1,-1
3312,1,2282.00,1535.00,60.00,92.00,7.1924,-1,-1,-1
3313,2,2228.00,1207.00,63.00,91.00,7.6917,-1,-1,-1
3313,1,2281.00,1534.00,59.00,95.00,7.1614,-1,-1,-1
3314,2,2227.00,1208.00,63.00,90.00,7.6913,-1,-1,-1
3314,1,2281.00,1535.00,59.00,94.00,7.1385,-1,-1,-1
3315,2,2227.00,1209.00,63.00,89.00,7.6885,-1,-1,-1
3315,1,2281.00,1536.00,59.00,94.00,7.0879,-1,-1,-1
3316,2,2227.00,1210.00,62.00,87.00,7.6790,-1,-1,-1
3316,1,2281.00,1537.00,60.00,95.00,7.0408,-1,-1,-1
3317,2,2227.00,1210.00,61.00,87.00,7.6600,-1,-1,-1
3317,1,2283.00,1536.00,55.00,91.00,6.9813,-1,-1,-1
3318,2,2227.00,1210.00,60.00,86.00,7.6299,-1,-1,-1
3318,1,2282.00,1538.00,59.00,93.00,6.9611,-1,-1,-1
3319,2,2228.00,1211.00,59.00,86.00,7.6058,-1,-1,-1
3319,1,2283.00,1537.00,56.00,91.00,6.9303,-1,-1,-1
3320,2,2228.00,1210.00,58.00,86.00,7.5815,-1,-1,-1
3320,1,2285.00,1537.00,54.00,90.00,6.8858,-1,-1,-1
3321,2,2227.00,1209.00,59.00,87.00,7.5488,-1,-1,-1
3321,1,2286.00,1536.00,53.00,89.00,6.8133,-1,-1,-1
3322,2,2228.00,1205.00,56.00,90.00,7.5177,-1,-1,-1
3322,1,2286.00,1536.00,53.00,89.00,6.7432,-1,-1,-1
3323,2,2228.00,1206.00,57.00,90.00,7.4871,-1,-1,-1
3323,1,2286.00,1536.00,52.00,88.00,6.6634,-1,-1,-1
3324,2,2227.00,1205.00,57.00,91.00,7.4998,-1,-1,-1
3324,1,2286.00,1538.00,53.00,86.00,6.5837,-1,-1,-1
3325,2,2228.00,1205.00,56.00,90.00,7.4991,-1,-1,-1
3325,1,2287.00,1538.00,52.00,85.00,6.5188,-1,-1,-1
3326,2,2227.00,1204.00,56.00,90.00,7.5159,-1,-1,-1
3326,1,2287.00,1538.00,52.00,86.00,6.4625,-1,-1,-1
3327,2,2226.00,1203.00,57.00,91.00,7.5100,-1,-1,-1
3327,1,2286.00,1538.00,53.00,84.00,6.4936,-1,-1,-1
3328,2,2225.00,1202.00,58.00,91.00,7.4651,-1,-1,-1
3328,1,2286.00,1538.00,53.00,82.00,6.5745,-1,-1,-1
3329,2,2224.00,1202.00,55.00,88.00,7.4540,-1,-1,-1
3329,1,2286.00,1537.00,52.00,82.00,6.6584,-1,-1,-1
3330,2,2224.00,1201.00,54.00,87.00,7.4815,-1,-1,-1
3330,1,2286.00,1535.00,52.00,84.00,6.7699,-1,-1,-1
3331,2,2223.00,1199.00,54.00,89.00,7.5432,-1,-1,-1
3331,1,2286.00,1534.00,53.00,84.00,6.8751,-1,-1,-1
3332,2,2222.00,1198.00,54.00,90.00,7.6125,-1,-1,-1
3332,1,2286.00,1533.00,53.00,86.00,6.9854,-1,-1,-1
3333,2,2221.00,1197.00,56.00,90.00,7.6762,-1,-1,-1
3333,1,2286.00,1532.00,54.00,86.00,7.0727,-1,-1,-1
3334,2,2221.00,1197.00,56.00,91.00,7.7313,-1,-1,-1
3334,1,2286.00,1531.00,54.00,86.00,7.1358,-1,-1,-1
3335,2,2220.00,1196.00,59.00,93.00,7.7781,-1,-1,-1
3335,1,2286.00,1530.00,54.00,85.00,7.1237,-1,-1,-1
3336,2,2219.00,1195.00,61.00,95.00,7.8184,-1,-1,-1
3336,1,2285.00,1528.00,54.00,85.00,7.0751,-1,-1,-1
3337,2,2219.00,1194.00,60.00,95.00,7.8507,-1,-1,-1
3337,1,2286.00,1527.00,54.00,85.00,7.0222,-1,-1,-1
3338,2,2219.00,1194.00,59.00,95.00,7.8776,-1,-1,-1
3338,1,2284.00,1525.00,56.00,86.00,7.0026,-1,-1,-1
3339,2,2219.00,1195.00,57.00,92.00,7.8965,-1,-1,-1
3339,1,2285.00,1524.00,55.00,87.00,7.0047,-1,-1,-1
3340,2,2219.00,1194.00,55.00,90.00,7.8897,-1,-1,-1
3340,1,2286.00,1521.00,54.00,87.00,6.9743,-1,-1,-1
3341,2,2218.00,1193.00,57.00,92.00,7.8781,-1,-1,-1
3341,1,2286.00,1519.00,54.00,88.00,6.9117,-1,-1,-1
3342,2,2217.00,1192.00,58.00,92.00,7.8463,-1,-1,-1
3342,1,2287.00,1517.00,50.00,83.00,6.8393,-1,-1,-1
3343,2,2217.00,1191.00,59.00,92.00,7.7806,-1,-1,-1
3343,1,2287.00,1515.00,50.00,83.00,6.7235,-1,-1,-1
3344,2,2217.00,1192.00,56.00,87.00,7.6931,-1,-1,-1
3344,1,2286.00,1516.00,53.00,81.00,6.6268,-1,-1,-1
3345,2,2216.00,1191.00,57.00,87.00,7.6298,-1,-1,-1
3345,1,2286.00,1515.00,54.00,83.00,6.5415,-1,-1,-1
3346,2,2216.00,1190.00,57.00,87.00,7.5965,-1,-1,-1
3346,1,2288.00,1513.00,51.00,84.00,6.4619,-1,-1,-1
3347,2,2216.00,1190.00,57.00,87.00,7.5844,-1,-1,-1
3347,1,2288.00,1513.00,53.00,84.00,6.4596,-1,-1,-1
3348,2,2215.00,1190.00,58.00,86.00,7.5736,-1,-1,-1
3348,1,2288.00,1512.00,53.00,84.00,6.4791,-1,-1,-1
3349,2,2215.00,1189.00,59.00,86.00,7.5795,-1,-1,-1
3349,1,2288.00,1512.00,52.00,82.00,6.4790,-1,-1,-1
3350,2,2214.00,1189.00,60.00,85.00,7.5936,-1,-1,-1
3350,1,2289.00,1511.00,51.00,82.00,6.4800,-1,-1,-1
3351,2,2214.00,1187.00,60.00,87.00,7.6001,-1,-1,-1
3351,1,2288.00,1511.00,52.00,82.00,6.5155,-1,-1,-1
3352,2,2214.00,1184.00,60.00,90.00,7.6086,-1,-1,-1
3352,1,2288.00,1510.00,52.00,83.00,6.5399,-1,-1,-1
3353,2,2214.00,1183.00,59.00,89.00,7.6175,-1,-1,-1
3353,1,2288.00,1510.00,51.00,83.00,6.5485,-1,-1,-1
3354,2,2214.00,1182.00,58.00,88.00,7.6125,-1,-1,-1
3354,1,2287.00,1509.00,53.00,86.00,6.6092,-1,-1,-1
3355,2,2214.00,1181.00,57.00,87.00,7.6006,-1,-1,-1
3355,1,2286.00,1508.00,55.00,88.00,6.6772,-1,-1,-1
3356,2,2214.00,1180.00,56.00,87.00,7.6002,-1,-1,-1
3356,1,2286.00,1508.00,54.00,87.00,6.7069,-1,-1,-1
3357,2,2213.00,1179.00,57.00,87.00,7.5987,-1,-1,-1
3357,1,2287.00,1507.00,52.00,86.00,6.7061,-1,-1,-1
3358,2,2213.00,1178.00,54.00,87.00,7.5957,-1,-1,-1
3358,1,2287.00,1507.00,52.00,85.00,6.6761,-1,-1,-1
3359,2,2213.00,1176.00,53.00,87.00,7.6223,-1,-1,-1
3359,1,2286.00,1506.00,53.00,86.00,6.6164,-1,-1,-1
3360,2,2213.00,1175.00,53.00,88.00,7.6548,-1,-1,-1
3360,1,2285.00,1505.00,54.00,88.00,6.6187,-1,-1,-1
3361,2,2213.00,1175.00,53.00,89.00,7.6819,-1,-1,-1
3361,1,2286.00,1505.00,51.00,84.00,6.6330,-1,-1,-1
3362,2,2213.00,1174.00,53.00,89.00,7.7153,-1,-1,-1
3362,1,2286.00,1504.00,51.00,85.00,6.6663,-1,-1,-1
3363,2,2212.00,1173.00,55.00,89.00,7.7584,-1,-1,-1
3363,1,2285.00,1503.00,52.00,85.00,6.7102,-1,-1,-1
3364,2,2211.00,1173.00,57.00,90.00,7.7966,-1,-1,-1
3364,1,2286.00,1502.00,51.00,84.00,6.7572,-1,-1,-1
3365,2,2210.00,1173.00,59.00,91.00,7.8255,-1,-1,-1
3365,1,2286.00,1501.00,51.00,83.00,6.7862,-1,-1,-1
3366,2,2209.00,1173.00,60.00,90.00,7.8468,-1,-1,-1
3366,1,2286.00,1500.00,51.00,82.00,6.8348,-1,-1,-1
3367,2,2208.00,1172.00,61.00,90.00,7.8744,-1,-1,-1
3367,1,2286.00,1499.00,50.00,81.00,6.8692,-1,-1,-1
3368,2,2206.00,1172.00,63.00,90.00,7.8990,-1,-1,-1
3368,1,2285.00,1496.00,51.00,81.00,6.8662,-1,-1,-1
3369,2,2206.00,1171.00,63.00,90.00,7.9146,-1,-1,-1
3369,1,2285.00,1493.00,50.00,82.00,6.8806,-1,-1,-1
3370,2,2205.00,1170.00,64.00,90.00,7.9091,-1,-1,-1
3370,1,2285.00,1492.00,51.00,81.00,6.9171,-1,-1,-1
3371,2,2205.00,1169.00,64.00,90.00,7.8821,-1,-1,-1
3371,1,2285.00,1491.00,51.00,82.00,6.9800,-1,-1,-1
3372,2,2205.00,1168.00,64.00,91.00,7.8454,-1,-1,-1
3372,1,2285.00,1490.00,51.00,82.00,7.0455,-1,-1,-1
3373,2,2204.00,1168.00,65.00,90.00,7.7954,-1,-1,-1
3373,1,2285.00,1489.00,52.00,83.00,7.1210,-1,-1,-1
3374,2,2204.00,1167.00,64.00,89.00,7.7537,-1,-1,-1
3374,1,2285.00,1488.00,52.00,83.00,7.1818,-1,-1,-1
3375,2,2203.00,1166.00,65.00,88.00,7.7216,-1,-1,-1
3375,1,2285.00,1488.00,52.00,82.00,7.2495,-1,-1,-1
3376,2,2202.00,1166.00,67.00,86.00,7.6685,-1,-1,-1
3376,1,2284.00,1486.00,52.00,84.00,7.3208,-1,-1,-1
3377,2,2201.00,1165.00,66.00,84.00,7.6401,-1,-1,-1
3377,1,2282.00,1484.00,55.00,86.00,7.3898,-1,-1,-1
3378,2,2201.00,1164.00,66.00,85.00,7.6275,-1,-1,-1
3378,1,2282.00,1484.00,55.00,86.00,7.4480,-1,-1,-1
3379,2,2200.00,1163.00,67.00,85.00,7.6146,-1,-1,-1
3379,1,2281.00,1483.00,57.00,87.00,7.4918,-1,-1,-1
3380,2,2201.00,1161.00,64.00,87.00,7.5887,-1,-1,-1
3380,1,2281.00,1482.00,57.00,88.00,7.5131,-1,-1,-1
3381,2,2200.00,1161.00,63.00,86.00,7.5847,-1,-1,-1
3381,1,2281.00,1482.00,57.00,88.00,7.5170,-1,-1,-1
3382,2,2200.00,1159.00,63.00,87.00,7.5912,-1,-1,-1
3382,1,2280.00,1482.00,57.00,87.00,7.4978,-1,-1,-1
3383,2,2200.00,1158.00,63.00,87.00,7.5849,-1,-1,-1
3383,1,2281.00,1481.00,56.00,87.00,7.4341,-1,-1,-1
3384,2,2199.00,1156.00,63.00,87.00,7.5550,-1,-1,-1
3384,1,2282.00,1477.00,53.00,90.00,7.3511,-1,-1,-1
3385,2,2200.00,1156.00,59.00,85.00,7.5125,-1,-1,-1
3385,1,2281.00,1480.00,54.00,86.00,7.2957,-1,-1,-1
3386,2,2199.00,1155.00,60.00,86.00,7.5030,-1,-1,-1
3386,1,2283.00,1479.00,52.00,85.00,7.2533,-1,-1,-1
3387,2,2197.00,1154.00,62.00,87.00,7.5232,-1,-1,-1
3387,1,2282.00,1478.00,53.00,86.00,7.2300,-1,-1,-1
3388,2,2198.00,1153.00,59.00,85.00,7.5706,-1,-1,-1
3388,1,2283.00,1477.00,52.00,85.00,7.2256,-1,-1,-1
3389,2,2197.00,1152.00,58.00,84.00,7.6265,-1,-1,-1
3389,1,2283.00,1475.00,52.00,85.00,7.2398,-1,-1,-1
3390,2,2197.00,1151.00,58.00,84.00,7.6820,-1,-1,-1
3390,1,2283.00,1473.00,52.00,86.00,7.2466,-1,-1,-1
3391,2,2196.00,1151.00,60.00,85.00,7.7321,-1,-1,-1
3391,1,2283.00,1472.00,51.00,84.00,7.2087,-1,-1,-1
3392,2,2196.00,1149.00,59.00,88.00,7.7823,-1,-1,-1
3392,1,2283.00,1471.00,52.00,85.00,7.1508,-1,-1,-1
3393,2,2196.00,1148.00,59.00,90.00,7.8281,-1,-1,-1
3393,1,2283.00,1471.00,51.00,82.00,7.0691,-1,-1,-1
3394,2,2196.00,1148.00,58.00,89.00,7.8677,-1,-1,-1
3394,1,2282.00,1470.00,52.00,83.00,7.0283,-1,-1,-1
3395,2,2196.00,1147.00,57.00,90.00,7.9036,-1,-1,-1
3395,1,2282.00,1469.00,52.00,84.00,7.0227,-1,-1,-1
3396,2,2196.00,1147.00,57.00,89.00,7.9279,-1,-1,-1
3396,1,2282.00,1467.00,53.00,85.00,7.0722,-1,-1,-1
3397,2,2196.00,1147.00,58.00,89.00,7.9454,-1,-1,-1
3397,1,2281.00,1466.00,54.00,86.00,7.1207,-1,-1,-1
3398,2,2195.00,1147.00,59.00,89.00,7.9568,-1,-1,-1
3398,1,2280.00,1465.00,55.00,87.00,7.1764,-1,-1,-1
3399,2,2195.00,1147.00,59.00,89.00,7.9606,-1,-1,-1
3399,1,2280.00,1464.00,55.00,87.00,7.2423,-1,-1,-1
3400,2,2194.00,1147.00,61.00,89.00,7.9444,-1,-1,-1
3400,1,2279.00,1463.00,56.00,88.00,7.2946,-1,-1,-1
3401,2,2193.00,1146.00,61.00,89.00,7.9193,-1,-1,-1
3401,1,2279.00,1462.00,56.00,88.00,7.3398,-1,-1,-1
3402,2,2193.00,1146.00,61.00,89.00,7.8890,-1,-1,-1
3402,1,2279.00,1461.00,56.00,88.00,7.3752,-1,-1,-1
3403,2,2193.00,1145.00,61.00,90.00,7.8514,-1,-1,-1
3403,1,2279.00,1461.00,56.00,87.00,7.4102,-1,-1,-1
3404,2,2193.00,1145.00,61.00,90.00,7.8182,-1,-1,-1
3404,1,2279.00,1461.00,56.00,86.00,7.4405,-1,-1,-1
3405,2,2193.00,1144.00,61.00,91.00,7.7652,-1,-1,-1
3405,1,2280.00,1460.00,55.00,85.00,7.4697,-1,-1,-1
3406,2,2192.00,1143.00,60.00,91.00,7.6924,-1,-1,-1
3406,1,2280.00,1460.00,55.00,84.00,7.4855,-1,-1,-1
3407,2,2192.00,1143.00,59.00,90.00,7.6616,-1,-1,-1
3407,1,2280.00,1461.00,54.00,82.00,7.4824,-1,-1,-1
3408,2,2192.00,1142.00,60.00,91.00,7.6386,-1,-1,-1
3408,1,2281.00,1461.00,54.00,81.00,7.4839,-1,-1,-1
3409,2,2192.00,1142.00,60.00,91.00,7.6248,-1,-1,-1
3409,1,2281.00,1459.00,54.00,84.00,7.4674,-1,-1,-1
3410,2,2192.00,1141.00,60.00,91.00,7.6157,-1,-1,-1
3410,1,2281.00,1459.00,54.00,82.00,7.4734,-1,-1,-1
3411,2,2191.00,1140.00,60.00,90.00,7.6082,-1,-1,-1
3411,1,2281.00,1458.00,54.00,83.00,7.4673,-1,-1,-1
3412,2,2191.00,1139.00,61.00,91.00,7.6155,-1,-1,-1
3412,1,2281.00,1458.00,54.00,83.00,7.4541,-1,-1,-1
3413,2,2191.00,1138.00,61.00,91.00,7.6128,-1,-1,-1
3413,1,2280.00,1456.00,55.00,85.00,7.4298,-1,-1,-1
3414,2,2191.00,1137.00,61.00,92.00,7.5952,-1,-1,-1
3414,1,2280.00,1455.00,55.00,84.00,7.4038,-1,-1,-1
3415,2,2190.00,1136.00,61.00,91.00,7.5476,-1,-1,-1
3415,1,2279.00,1453.00,56.00,85.00,7.3686,-1,-1,-1
3416,2,2190.00,1132.00,58.00,90.00,7.5070,-1,-1,-1
3416,1,2279.00,1453.00,57.00,84.00,7.3608,-1,-1,-1
3417,2,2190.00,1131.00,58.00,91.00,7.4818,-1,-1,-1
3417,1,2279.00,1450.00,57.00,85.00,7.3630,-1,-1,-1
3418,2,2189.00,1130.00,60.00,92.00,7.4609,-1,-1,-1
3418,1,2279.00,1449.00,56.00,84.00,7.3472,-1,-1,-1
3419,2,2188.00,1129.00,61.00,94.00,7.4707,-1,-1,-1
3419,1,2278.00,1448.00,57.00,84.00,7.3062,-1,-1,-1
3420,2,2187.00,1128.00,62.00,94.00,7.4847,-1,-1,-1
3420,1,2277.00,1448.00,57.00,82.00,7.2262,-1,-1,-1
3421,2,2187.00,1128.00,60.00,91.00,7.5045,-1,-1,-1
3421,1,2276.00,1445.00,57.00,84.00,7.1245,-1,-1,-1
3422,2,2188.00,1128.00,58.00,89.00,7.5273,-1,-1,-1
3422,1,2276.00,1445.00,57.00,83.00,7.0692,-1,-1,-1
3423,2,2189.00,1127.00,56.00,90.00,7.5490,-1,-1,-1
3423,1,2276.00,1443.00,57.00,85.00,7.0664,-1,-1,-1
3424,2,2188.00,1126.00,56.00,89.00,7.5831,-1,-1,-1
3424,1,2277.00,1442.00,56.00,85.00,7.0859,-1,-1,-1
3425,2,2189.00,1125.00,55.00,89.00,7.6008,-1,-1,-1
3425,1,2276.00,1440.00,57.00,85.00,7.1096,-1,-1,-1
3426,2,2189.00,1123.00,54.00,90.00,7.6113,-1,-1,-1
3426,1,2276.00,1439.00,57.00,86.00,7.1324,-1,-1,-1
3427,2,2189.00,1122.00,53.00,90.00,7.6159,-1,-1,-1
3427,1,2275.00,1437.00,59.00,88.00,7.1495,-1,-1,-1
3428,2,2189.00,1122.00,54.00,89.00,7.6248,-1,-1,-1
3428,1,2275.00,1433.00,58.00,91.00,7.1378,-1,-1,-1
3429,2,2188.00,1122.00,55.00,90.00,7.6427,-1,-1,-1
3429,1,2275.00,1432.00,58.00,91.00,7.1229,-1,-1,-1
3430,2,2188.00,1121.00,55.00,90.00,7.6430,-1,-1,-1
3430,1,2274.00,1431.00,59.00,91.00,7.1037,-1,-1,-1
3431,2,2188.00,1120.00,54.00,89.00,7.6036,-1,-1,-1
3431,1,2273.00,1429.00,60.00,93.00,7.0970,-1,-1,-1
3432,2,2188.00,1119.00,54.00,89.00,7.5597,-1,-1,-1
3432,1,2272.00,1428.00,61.00,93.00,7.0846,-1,-1,-1
3433,2,2187.00,1121.00,53.00,85.00,7.5377,-1,-1,-1
3433,1,2270.00,1428.00,65.00,92.00,7.0889,-1,-1,-1
3434,2,2186.00,1120.00,54.00,86.00,7.5484,-1,-1,-1
3434,1,2270.00,1427.00,65.00,93.00,7.1323,-1,-1,-1
3435,2,2186.00,1120.00,55.00,87.00,7.5605,-1,-1,-1
3435,1,2271.00,1427.00,63.00,92.00,7.1635,-1,-1,-1
3436,2,2184.00,1119.00,58.00,89.00,7.5812,-1,-1,-1
3436,1,2271.00,1427.00,63.00,90.00,7.1847,-1,-1,-1
3437,2,2183.00,1118.00,59.00,89.00,7.6167,-1,-1,-1
3437,1,2272.00,1427.00,61.00,89.00,7.2056,-1,-1,-1
3438,2,2183.00,1116.00,58.00,89.00,7.6406,-1,-1,-1
3438,1,2272.00,1427.00,60.00,88.00,7.2061,-1,-1,-1
3439,2,2183.00,1115.00,58.00,89.00,7.6729,-1,-1,-1
3439,1,2272.00,1427.00,60.00,86.00,7.1930,-1,-1,-1
3440,2,2182.00,1115.00,59.00,88.00,7.7124,-1,-1,-1
3440,1,2273.00,1427.00,59.00,86.00,7.1710,-1,-1,-1
3441,2,2182.00,1114.00,58.00,88.00,7.7472,-1,-1,-1
3441,1,2273.00,1426.00,59.00,87.00,7.1519,-1,-1,-1
3442,2,2181.00,1113.00,60.00,89.00,7.7772,-1,-1,-1
3442,1,2274.00,1426.00,59.00,86.00,7.1259,-1,-1,-1
3443,2,2181.00,1114.00,59.00,87.00,7.7916,-1,-1,-1
3443,1,2274.00,1425.00,58.00,86.00,7.0966,-1,-1,-1
3444,2,2181.00,1112.00,60.00,90.00,7.7961,-1,-1,-1
3444,1,2274.00,1424.00,58.00,86.00,7.0979,-1,-1,-1
3445,2,2180.00,1111.00,60.00,91.00,7.7867,-1,-1,-1
3445,1,2274.00,1424.00,58.00,85.00,7.0995,-1,-1,-1
3446,2,2179.00,1110.00,61.00,91.00,7.7712,-1,-1,-1
3446,1,2274.00,1423.00,58.00,85.00,7.0846,-1,-1,-1
3447,2,2179.00,1109.00,60.00,90.00,7.7170,-1,-1,-1
3447,1,2274.00,1423.00,57.00,84.00,7.0606,-1,-1,-1
3448,2,2180.00,1107.00,58.00,92.00,7.6403,-1,-1,-1
3448,1,2274.00,1422.00,57.00,84.00,6.9804,-1,-1,-1
3449,2,2179.00,1107.00,54.00,87.00,7.5249,-1,-1,-1
3449,1,2274.00,1421.00,54.00,80.00,6.9191,-1,-1,-1
3450,2,2179.00,1106.00,54.00,87.00,7.4574,-1,-1,-1
3450,1,2275.00,1421.00,53.00,77.00,6.8810,-1,-1,-1
3451,2,2178.00,1106.00,56.00,87.00,7.4012,-1,-1,-1
3451,1,2275.00,1419.00,53.00,78.00,6.9028,-1,-1,-1
3452,2,2177.00,1104.00,56.00,87.00,7.4164,-1,-1,-1
3452,1,2275.00,1418.00,53.00,79.00,6.9381,-1,-1,-1
3453,2,2175.00,1103.00,60.00,88.00,7.4631,-1,-1,-1
3453,1,2274.00,1417.00,54.00,81.00,7.0005,-1,-1,-1
3454,2,2175.00,1101.00,60.00,91.00,7.5183,-1,-1,-1
3454,1,2273.00,1417.00,54.00,79.00,7.0724,-1,-1,-1
3455,2,2174.00,1101.00,60.00,91.00,7.5783,-1,-1,-1
3455,1,2272.00,1416.00,55.00,80.00,7.1571,-1,-1,-1
3456,2,2174.00,1101.00,60.00,90.00,7.6422,-1,-1,-1
3456,1,2271.00,1413.00,56.00,83.00,7.2467,-1,-1,-1
3457,2,2174.00,1100.00,61.00,92.00,7.6859,-1,-1,-1
3457,1,2271.00,1413.00,56.00,82.00,7.3169,-1,-1,-1
3458,2,2174.00,1100.00,61.00,91.00,7.7284,-1,-1,-1
3458,1,2271.00,1411.00,56.00,84.00,7.3540,-1,-1,-1
3459,2,2174.00,1100.00,61.00,90.00,7.7659,-1,-1,-1
3459,1,2271.00,1410.00,56.00,85.00,7.3745,-1,-1,-1
3460,2,2174.00,1100.00,60.00,89.00,7.8066,-1,-1,-1
3460,1,2271.00,1410.00,57.00,85.00,7.3727,-1,-1,-1
3461,2,2173.00,1099.00,62.00,90.00,7.8458,-1,-1,-1
3461,1,2270.00,1408.00,58.00,86.00,7.3250,-1,-1,-1
3462,2,2173.00,1099.00,61.00,89.00,7.8791,-1,-1,-1
3462,1,2269.00,1408.00,59.00,87.00,7.2721,-1,-1,-1
3463,2,2173.00,1098.00,61.00,89.00,7.8986,-1,-1,-1
3463,1,2269.00,1407.00,60.00,87.00,7.2597,-1,-1,-1
3464,2,2173.00,1097.00,60.00,90.00,7.8973,-1,-1,-1
3464,1,2270.00,1406.00,60.00,88.00,7.2534,-1,-1,-1
3465,2,2172.00,1096.00,61.00,91.00,7.8875,-1,-1,-1
3465,1,2270.00,1405.00,60.00,89.00,7.2598,-1,-1,-1
3466,2,2173.00,1095.00,59.00,91.00,7.8572,-1,-1,-1
3466,1,2270.00,1404.00,60.00,89.00,7.2974,-1,-1,-1
3467,2,2173.00,1098.00,57.00,85.00,7.7904,-1,-1,-1
3467,1,2269.00,1402.00,60.00,89.00,7.3552,-1,-1,-1
3468,2,2173.00,1097.00,57.00,85.00,7.7524,-1,-1,-1
3468,1,2269.00,1401.00,60.00,88.00,7.4050,-1,-1,-1
3469,2,2172.00,1097.00,58.00,85.00,7.7366,-1,-1,-1
3469,1,2268.00,1398.00,61.00,88.00,7.4345,-1,-1,-1
3470,2,2171.00,1095.00,59.00,86.00,7.7260,-1,-1,-1
3470,1,2267.00,1396.00,63.00,89.00,7.4650,-1,-1,-1
3471,2,2170.00,1094.00,59.00,87.00,7.7223,-1,-1,-1
3471,1,2266.00,1396.00,64.00,88.00,7.4718,-1,-1,-1
3472,2,2170.00,1093.00,60.00,88.00,7.7272,-1,-1,-1
3472,1,2266.00,1397.00,63.00,84.00,7.4851,-1,-1,-1
3473,2,2170.00,1092.00,59.00,88.00,7.7290,-1,-1,-1
3473,1,2265.00,1397.00,64.00,83.00,7.5226,-1,-1,-1
3474,2,2169.00,1091.00,59.00,88.00,7.7132,-1,-1,-1
3474,1,2266.00,1396.00,63.00,84.00,7.5551,-1,-1,-1
3475,2,2169.00,1090.00,59.00,87.00,7.6771,-1,-1,-1
3475,1,2265.00,1396.00,64.00,84.00,7.5936,-1,-1,-1
3476,1,2266.00,1395.00,63.00,85.00,7.6241,-1,-1,-1
3476,2,2170.00,1086.00,55.00,87.00,7.6162,-1,-1,-1
3477,1,2266.00,1396.00,62.00,83.00,7.6384,-1,-1,-1
3477,2,2169.00,1085.00,57.00,88.00,7.5755,-1,-1,-1
3478,1,2266.00,1395.00,62.00,84.00,7.6497,-1,-1,-1
3478,2,2169.00,1084.00,56.00,86.00,7.5387,-1,-1,-1
3479,1,2267.00,1394.00,60.00,84.00,7.6546,-1,-1,-1
3479,2,2169.00,1083.00,57.00,87.00,7.5142,-1,-1,-1
3480,1,2267.00,1394.00,59.00,81.00,7.6534,-1,-1,-1
3480,2,2168.00,1082.00,58.00,87.00,7.4978,-1,-1,-1
3481,1,2268.00,1392.00,58.00,81.00,7.6465,-1,-1,-1
3481,2,2168.00,1082.00,58.00,85.00,7.4908,-1,-1,-1
3482,1,2268.00,1392.00,55.00,79.00,7.6035,-1,-1,-1
3482,2,2167.00,1081.00,59.00,85.00,7.4905,-1,-1,-1
3483,1,2268.00,1391.00,55.00,78.00,7.5181,-1,-1,-1
3483,2,2167.00,1081.00,59.00,85.00,7.5071,-1,-1,-1
3484,2,2165.00,1080.00,61.00,84.00,7.4981,-1,-1,-1
3484,1,2268.00,1390.00,54.00,78.00,7.3301,-1,-1,-1
3485,2,2165.00,1079.00,62.00,84.00,7.4762,-1,-1,-1
3485,1,2267.00,1388.00,53.00,79.00,7.1770,-1,-1,-1
3486,2,2165.00,1078.00,61.00,85.00,7.4507,-1,-1,-1
3486,1,2267.00,1388.00,53.00,78.00,7.0530,-1,-1,-1
3487,2,2166.00,1076.00,58.00,87.00,7.4454,-1,-1,-1
3487,1,2266.00,1387.00,54.00,79.00,6.9643,-1,-1,-1
3488,2,2165.00,1076.00,59.00,86.00,7.4499,-1,-1,-1
3488,1,2267.00,1386.00,51.00,77.00,6.8824,-1,-1,-1
3489,2,2165.00,1076.00,59.00,86.00,7.4722,-1,-1,-1
3489,1,2269.00,1386.00,48.00,74.00,6.8192,-1,-1,-1
3490,2,2164.00,1076.00,60.00,86.00,7.5238,-1,-1,-1
3490,1,2269.00,1386.00,49.00,74.00,6.8113,-1,-1,-1
3491,2,2163.00,1076.00,61.00,86.00,7.5612,-1,-1,-1
3491,1,2269.00,1385.00,48.00,74.00,6.8290,-1,-1,-1
3492,2,2163.00,1075.00,60.00,87.00,7.6031,-1,-1,-1
3492,1,2269.00,1384.00,48.00,74.00,6.8801,-1,-1,-1
3493,2,2162.00,1075.00,61.00,86.00,7.6314,-1,-1,-1
3493,1,2268.00,1383.00,49.00,74.00,6.9416,-1,-1,-1
3494,2,2160.00,1075.00,64.00,87.00,7.6520,-1,-1,-1
3494,1,2268.00,1382.00,49.00,75.00,7.0008,-1,-1,-1
3495,2,2159.00,1075.00,64.00,85.00,7.6382,-1,-1,-1
3495,1,2268.00,1382.00,49.00,75.00,7.0474,-1,-1,-1
3496,2,2158.00,1074.00,64.00,86.00,7.6344,-1,-1,-1
3496,1,2267.00,1381.00,50.00,76.00,7.0982,-1,-1,-1
3497,2,2157.00,1073.00,65.00,86.00,7.6306,-1,-1,-1
3497,1,2267.00,1380.00,50.00,75.00,7.1345,-1,-1,-1
3498,2,2156.00,1072.00,66.00,88.00,7.6206,-1,-1,-1
3498,1,2266.00,1379.00,51.00,74.00,7.1671,-1,-1,-1
3499,2,2155.00,1071.00,66.00,89.00,7.5951,-1,-1,-1
3499,1,2265.00,1377.00,52.00,75.00,7.1857,-1,-1,-1
3500,2,2154.00,1069.00,67.00,90.00,7.5726,-1,-1,-1
3500,1,2265.00,1376.00,51.00,75.00,7.1874,-1,-1,-1
3501,2,2154.00,1069.00,66.00,88.00,7.5285,-1,-1,-1
3501,1,2264.00,1375.00,52.00,74.00,7.1747,-1,-1,-1
3502,2,2153.00,1068.00,67.00,87.00,7.4874,-1,-1,-1
3502,1,2263.00,1373.00,53.00,76.00,7.1769,-1,-1,-1
3503,2,2151.00,1067.00,69.00,87.00,7.4505,-1,-1,-1
3503,1,2262.00,1371.00,54.00,77.00,7.1969,-1,-1,-1
3504,2,2150.00,1066.00,72.00,89.00,7.4472,-1,-1,-1
3504,1,2261.00,1370.00,55.00,78.00,7.2406,-1,-1,-1
3505,2,2151.00,1066.00,71.00,88.00,7.4657,-1,-1,-1
3505,1,2260.00,1369.00,56.00,79.00,7.2859,-1,-1,-1
3506,2,2152.00,1065.00,70.00,90.00,7.4935,-1,-1,-1
3506,1,2259.00,1368.00,57.00,79.00,7.3282,-1,-1,-1
3507,2,2152.00,1064.00,70.00,90.00,7.5269,-1,-1,-1
3507,1,2258.00,1367.00,58.00,80.00,7.3548,-1,-1,-1
3508,2,2152.00,1063.00,70.00,90.00,7.5586,-1,-1,-1
3508,1,2259.00,1366.00,57.00,80.00,7.3687,-1,-1,-1
3509,2,2152.00,1063.00,70.00,90.00,7.5716,-1,-1,-1
3509,1,2259.00,1365.00,56.00,80.00,7.3691,-1,-1,-1
3510,2,2152.00,1062.00,71.00,91.00,7.5673,-1,-1,-1
3510,1,2259.00,1364.00,56.00,80.00,7.3777,-1,-1,-1
3511,2,2152.00,1061.00,71.00,91.00,7.5670,-1,-1,-1
3511,1,2259.00,1362.00,55.00,81.00,7.3672,-1,-1,-1
3512,2,2152.00,1059.00,71.00,93.00,7.5641,-1,-1,-1
3512,1,2258.00,1362.00,56.00,80.00,7.3583,-1,-1,-1
3513,2,2152.00,1059.00,71.00,92.00,7.5459,-1,-1,-1
3513,1,2258.00,1362.00,56.00,81.00,7.3613,-1,-1,-1
3514,2,2152.00,1059.00,71.00,91.00,7.4960,-1,-1,-1
3514,1,2258.00,1362.00,57.00,81.00,7.3509,-1,-1,-1
3515,2,2151.00,1058.00,70.00,91.00,7.4712,-1,-1,-1
3515,1,2258.00,1362.00,57.00,80.00,7.3509,-1,-1,-1
3516,2,2151.00,1057.00,70.00,91.00,7.4631,-1,-1,-1
3516,1,2258.00,1361.00,57.00,81.00,7.3423,-1,-1,-1
3517,2,2150.00,1056.00,71.00,91.00,7.4699,-1,-1,-1
3517,1,2257.00,1360.00,58.00,82.00,7.3368,-1,-1,-1
3518,2,2150.00,1055.00,70.00,90.00,7.4810,-1,-1,-1
3518,1,2256.00,1359.00,60.00,85.00,7.3367,-1,-1,-1
3519,2,2150.00,1054.00,69.00,90.00,7.4896,-1,-1,-1
3519,1,2256.00,1358.00,60.00,85.00,7.3281,-1,-1,-1
3520,2,2150.00,1054.00,69.00,91.00,7.4937,-1,-1,-1
3520,1,2255.00,1358.00,62.00,84.00,7.3318,-1,-1,-1
3521,2,2149.00,1053.00,70.00,92.00,7.4893,-1,-1,-1
3521,1,2254.00,1357.00,63.00,84.00,7.3434,-1,-1,-1
3522,2,2148.00,1053.00,72.00,92.00,7.4640,-1,-1,-1
3522,1,2254.00,1356.00,62.00,83.00,7.3572,-1,-1,-1
3523,2,2148.00,1052.00,72.00,93.00,7.4222,-1,-1,-1
3523,1,2253.00,1354.00,62.00,84.00,7.3661,-1,-1,-1
3524,2,2149.00,1050.00,68.00,93.00,7.3796,-1,-1,-1
3524,1,2253.00,1353.00,62.00,85.00,7.3778,-1,-1,-1
3525,1,2253.00,1352.00,62.00,84.00,7.3691,-1,-1,-1
3525,2,2149.00,1050.00,67.00,91.00,7.3324,-1,-1,-1
3526,1,2253.00,1352.00,61.00,83.00,7.3473,-1,-1,-1
3526,2,2148.00,1050.00,69.00,92.00,7.3141,-1,-1,-1
3527,2,2147.00,1050.00,69.00,92.00,7.3147,-1,-1,-1
3527,1,2253.00,1352.00,60.00,82.00,7.3013,-1,-1,-1
3528,2,2147.00,1049.00,68.00,92.00,7.3199,-1,-1,-1
3528,1,2253.00,1351.00,59.00,82.00,7.2365,-1,-1,-1
3529,2,2146.00,1049.00,68.00,91.00,7.3297,-1,-1,-1
3529,1,2252.00,1350.00,60.00,82.00,7.2214,-1,-1,-1
3530,2,2145.00,1050.00,68.00,90.00,7.3527,-1,-1,-1
3530,1,2252.00,1350.00,59.00,81.00,7.2432,-1,-1,-1
3531,2,2145.00,1050.00,68.00,91.00,7.4020,-1,-1,-1
3531,1,2252.00,1349.00,59.00,80.00,7.2687,-1,-1,-1
3532,2,2145.00,1049.00,67.00,91.00,7.4536,-1,-1,-1
3532,1,2252.00,1349.00,58.00,79.00,7.2895,-1,-1,-1
3533,2,2145.00,1048.00,68.00,91.00,7.4854,-1,-1,-1
3533,1,2251.00,1349.00,60.00,78.00,7.3069,-1,-1,-1
3534,2,2145.00,1047.00,68.00,92.00,7.4719,-1,-1,-1
3534,1,2251.00,1349.00,59.00,77.00,7.3048,-1,-1,-1
3535,2,2142.00,1045.00,69.00,93.00,7.4495,-1,-1,-1
3535,1,2251.00,1348.00,59.00,77.00,7.2972,-1,-1,-1
3536,2,2141.00,1044.00,70.00,94.00,7.4429,-1,-1,-1
3536,1,2250.00,1346.00,59.00,79.00,7.2944,-1,-1,-1
3537,2,2141.00,1043.00,70.00,93.00,7.4377,-1,-1,-1
3537,1,2249.00,1345.00,60.00,80.00,7.2930,-1,-1,-1
3538,2,2140.00,1042.00,72.00,94.00,7.4386,-1,-1,-1
3538,1,2249.00,1344.00,61.00,81.00,7.2943,-1,-1,-1
3539,2,2141.00,1043.00,73.00,92.00,7.4540,-1,-1,-1
3539,1,2248.00,1342.00,61.00,82.00,7.3168,-1,-1,-1
3540,2,2141.00,1043.00,74.00,92.00,7.4755,-1,-1,-1
3540,1,2248.00,1340.00,61.00,83.00,7.3459,-1,-1,-1
3541,2,2140.00,1042.00,75.00,92.00,7.5071,-1,-1,-1
3541,1,2248.00,1339.00,60.00,81.00,7.3775,-1,-1,-1
3542,2,2139.00,1041.00,75.00,91.00,7.5377,-1,-1,-1
3542,1,2248.00,1337.00,59.00,82.00,7.3875,-1,-1,-1
3543,2,2139.00,1040.00,74.00,90.00,7.5683,-1,-1,-1
3543,1,2247.00,1337.00,59.00,80.00,7.4005,-1,-1,-1
3544,2,2139.00,1038.00,71.00,90.00,7.6091,-1,-1,-1
3544,1,2247.00,1335.00,58.00,79.00,7.4440,-1,-1,-1
3545,2,2138.00,1037.00,70.00,90.00,7.6444,-1,-1,-1
3545,1,2247.00,1334.00,57.00,79.00,7.4720,-1,-1,-1
3546,2,2138.00,1036.00,69.00,88.00,7.6684,-1,-1,-1
3546,1,2246.00,1333.00,58.00,79.00,7.4864,-1,-1,-1
3547,2,2138.00,1036.00,67.00,87.00,7.6875,-1,-1,-1
3547,1,2246.00,1332.00,57.00,79.00,7.4981,-1,-1,-1
3548,2,2137.00,1036.00,68.00,86.00,7.7035,-1,-1,-1
3548,1,2245.00,1330.00,58.00,80.00,7.5057,-1,-1,-1
3549,2,2137.00,1035.00,67.00,86.00,7.7180,-1,-1,-1
3549,1,2244.00,1329.00,59.00,80.00,7.4832,-1,-1,-1
3550,2,2136.00,1033.00,68.00,86.00,7.7238,-1,-1,-1
3550,1,2245.00,1327.00,56.00,80.00,7.4323,-1,-1,-1
3551,2,2136.00,1033.00,68.00,85.00,7.7209,-1,-1,-1
3551,1,2245.00,1327.00,56.00,78.00,7.3959,-1,-1,-1
3552,2,2136.00,1032.00,68.00,86.00,7.7160,-1,-1,-1
3552,1,2245.00,1326.00,56.00,77.00,7.3952,-1,-1,-1
3553,2,2137.00,1031.00,65.00,87.00,7.6819,-1,-1,-1
3553,1,2244.00,1325.00,57.00,77.00,7.4057,-1,-1,-1
3554,2,2136.00,1030.00,67.00,88.00,7.6536,-1,-1,-1
3554,1,2243.00,1324.00,57.00,78.00,7.4116,-1,-1,-1
3555,2,2136.00,1029.00,67.00,88.00,7.6212,-1,-1,-1
3555,1,2243.00,1323.00,57.00,78.00,7.4229,-1,-1,-1
3556,2,2135.00,1028.00,67.00,88.00,7.5780,-1,-1,-1
3556,1,2242.00,1323.00,58.00,78.00,7.4169,-1,-1,-1
3557,2,2135.00,1028.00,67.00,88.00,7.5363,-1,-1,-1
3557,1,2242.00,1323.00,57.00,77.00,7.4032,-1,-1,-1
3558,2,2136.00,1027.00,65.00,87.00,7.4906,-1,-1,-1
3558,1,2242.00,1323.00,57.00,77.00,7.3868,-1,-1,-1
3559,2,2135.00,1027.00,66.00,88.00,7.4311,-1,-1,-1
3559,1,2241.00,1322.00,57.00,78.00,7.3705,-1,-1,-1
3560,2,2136.00,1026.00,63.00,88.00,7.3565,-1,-1,-1
3560,1,2240.00,1319.00,58.00,81.00,7.3526,-1,-1,-1
3561,1,2240.00,1318.00,58.00,82.00,7.3391,-1,-1,-1
3561,2,2135.00,1025.00,64.00,89.00,7.2839,-1,-1,-1
3562,1,2240.00,1318.00,57.00,81.00,7.3271,-1,-1,-1
3562,2,2133.00,1025.00,66.00,88.00,7.2195,-1,-1,-1
3563,1,2239.00,1317.00,58.00,81.00,7.3207,-1,-1,-1
3563,2,2133.00,1024.00,66.00,87.00,7.1581,-1,-1,-1
3564,1,2239.00,1317.00,58.00,81.00,7.3194,-1,-1,-1
3564,2,2133.00,1023.00,65.00,88.00,7.1378,-1,-1,-1
3565,1,2238.00,1317.00,59.00,81.00,7.3241,-1,-1,-1
3565,2,2132.00,1023.00,65.00,86.00,7.1467,-1,-1,-1
3566,1,2238.00,1316.00,60.00,83.00,7.3304,-1,-1,-1
3566,2,2132.00,1023.00,65.00,85.00,7.1728,-1,-1,-1
3567,1,2237.00,1316.00,61.00,83.00,7.3422,-1,-1,-1
3567,2,2131.00,1022.00,65.00,85.00,7.1834,-1,-1,-1
3568,1,2237.00,1314.00,60.00,84.00,7.3463,-1,-1,-1
3568,2,2131.00,1022.00,64.00,84.00,7.1941,-1,-1,-1
3569,1,2238.00,1313.00,57.00,84.00,7.3359,-1,-1,-1
3569,2,2131.00,1021.00,63.00,84.00,7.1988,-1,-1,-1
3570,1,2237.00,1312.00,57.00,83.00,7.3243,-1,-1,-1
3570,2,2131.00,1021.00,63.00,83.00,7.2100,-1,-1,-1
3571,1,2237.00,1311.00,57.00,83.00,7.3220,-1,-1,-1
3571,2,2129.00,1020.00,64.00,85.00,7.2288,-1,-1,-1
3572,1,2237.00,1310.00,57.00,82.00,7.3342,-1,-1,-1
3572,2,2128.00,1020.00,66.00,85.00,7.2527,-1,-1,-1
3573,1,2238.00,1310.00,56.00,82.00,7.3390,-1,-1,-1
3573,2,2128.00,1018.00,64.00,84.00,7.2653,-1,-1,-1
3574,1,2238.00,1309.00,56.00,81.00,7.3430,-1,-1,-1
3574,2,2128.00,1018.00,62.00,81.00,7.2656,-1,-1,-1
3575,1,2237.00,1307.00,56.00,82.00,7.3559,-1,-1,-1
3575,2,2128.00,1017.00,62.00,81.00,7.2684,-1,-1,-1
3576,1,2236.00,1305.00,57.00,82.00,7.3756,-1,-1,-1
3576,2,2126.00,1016.00,63.00,80.00,7.2602,-1,-1,-1
3577,1,2236.00,1304.00,57.00,81.00,7.3732,-1,-1,-1
3577,2,2125.00,1015.00,65.00,82.00,7.2540,-1,-1,-1
3578,1,2235.00,1303.00,57.00,82.00,7.3575,-1,-1,-1
3578,2,2124.00,1014.00,67.00,83.00,7.2331,-1,-1,-1
3579,1,2234.00,1302.00,58.00,82.00,7.3357,-1,-1,-1
3579,2,2122.00,1013.00,67.00,82.00,7.2458,-1,-1,-1
3580,1,2232.00,1302.00,62.00,79.00,7.3577,-1,-1,-1
3580,2,2121.00,1012.00,68.00,82.00,7.2719,-1,-1,-1
3581,1,2233.00,1300.00,61.00,81.00,7.3917,-1,-1,-1
3581,2,2122.00,1011.00,65.00,82.00,7.2989,-1,-1,-1
3582,1,2233.00,1300.00,61.00,80.00,7.4242,-1,-1,-1
3582,2,2122.00,1009.00,64.00,83.00,7.3126,-1,-1,-1
3583,1,2233.00,1300.00,60.00,81.00,7.4575,-1,-1,-1
3583,2,2122.00,1008.00,64.00,83.00,7.3203,-1,-1,-1
3584,1,2233.00,1300.00,60.00,82.00,7.4786,-1,-1,-1
3584,2,2119.00,1007.00,68.00,85.00,7.3398,-1,-1,-1
3585,1,2232.00,1299.00,62.00,83.00,7.5058,-1,-1,-1
3585,2,2118.00,1006.00,71.00,88.00,7.3639,-1,-1,-1
3586,1,2232.00,1299.00,62.00,82.00,7.5365,-1,-1,-1
3586,2,2117.00,1006.00,70.00,87.00,7.3817,-1,-1,-1
3587,1,2233.00,1299.00,61.00,83.00,7.5449,-1,-1,-1
3587,2,2117.00,1006.00,67.00,84.00,7.3795,-1,-1,-1
3588,1,2232.00,1299.00,62.00,84.00,7.5468,-1,-1,-1
3588,2,2116.00,1005.00,66.00,83.00,7.3776,-1,-1,-1
3589,1,2231.00,1299.00,63.00,83.00,7.5624,-1,-1,-1
3589,2,2115.00,1003.00,66.00,84.00,7.3812,-1,-1,-1
3590,1,2231.00,1299.00,63.00,82.00,7.5756,-1,-1,-1
3590,2,2114.00,1002.00,67.00,84.00,7.3886,-1,-1,-1
3591,1,2230.00,1298.00,64.00,82.00,7.5865,-1,-1,-1
3591,2,2115.00,1002.00,65.00,82.00,7.3918,-1,-1,-1
3592,1,2230.00,1297.00,63.00,83.00,7.6032,-1,-1,-1
3592,2,2115.00,1000.00,65.00,83.00,7.3875,-1,-1,-1
3593,1,2230.00,1297.00,62.00,81.00,7.6158,-1,-1,-1
3593,2,2116.00,1000.00,63.00,81.00,7.3858,-1,-1,-1
3594,1,2230.00,1296.00,61.00,82.00,7.6253,-1,-1,-1
3594,2,2116.00,999.00,63.00,81.00,7.3843,-1,-1,-1
3595,1,2230.00,1295.00,60.00,82.00,7.6268,-1,-1,-1
3595,2,2116.00,999.00,63.00,80.00,7.3843,-1,-1,-1
3596,1,2229.00,1293.00,60.00,82.00,7.5967,-1,-1,-1
3596,2,2115.00,999.00,64.00,81.00,7.3841,-1,-1,-1
3597,1,2230.00,1289.00,56.00,85.00,7.5503,-1,-1,-1
3597,2,2114.00,998.00,65.00,82.00,7.4012,-1,-1,-1
3598,1,2229.00,1289.00,56.00,84.00,7.5129,-1,-1,-1
3598,2,2114.00,998.00,64.00,81.00,7.4194,-1,-1,-1
3599,1,2229.00,1289.00,55.00,82.00,7.4791,-1,-1,-1
3599,2,2114.00,998.00,64.00,81.00,7.4408,-1,-1,-1
3600,2,2114.00,998.00,64.00,81.00,7.4554,-1,-1,-1
3600,1,2229.00,1288.00,55.00,82.00,7.4291,-1,-1,-1
3601,2,2113.00,998.00,66.00,80.00,7.4748,-1,-1,-1
3601,1,2228.00,1288.00,55.00,81.00,7.3742,-1,-1,-1
3602,2,2112.00,997.00,67.00,80.00,7.5000,-1,-1,-1
3602,1,2228.00,1287.00,55.00,80.00,7.3426,-1,-1,-1
3603,2,2111.00,997.00,68.00,80.00,7.5147,-1,-1,-1
3603,1,2228.00,1287.00,54.00,78.00,7.3403,-1,-1,-1
3604,2,2111.00,996.00,67.00,82.00,7.5292,-1,-1,-1
3604,1,2228.00,1286.00,54.00,77.00,7.3398,-1,-1,-1
3605,2,2110.00,996.00,68.00,81.00,7.5405,-1,-1,-1
3605,1,2227.00,1285.00,54.00,77.00,7.3558,-1,-1,-1
3606,2,2109.00,996.00,68.00,81.00,7.5244,-1,-1,-1
3606,1,2227.00,1285.00,53.00,76.00,7.3736,-1,-1,-1
3607,2,2108.00,996.00,69.00,81.00,7.4918,-1,-1,-1
3607,1,2227.00,1284.00,53.00,75.00,7.3551,-1,-1,-1
3608,2,2108.00,997.00,69.00,79.00,7.4663,-1,-1,-1
3608,1,2226.00,1282.00,54.00,75.00,7.2555,-1,-1,-1
3609,2,2107.00,996.00,69.00,80.00,7.4367,-1,-1,-1
3609,1,2225.00,1281.00,54.00,73.00,7.2167,-1,-1,-1
3610,2,2106.00,996.00,70.00,79.00,7.4010,-1,-1,-1
3610,1,2224.00,1279.00,56.00,73.00,7.2370,-1,-1,-1
3611,2,2106.00,995.00,69.00,79.00,7.3223,-1,-1,-1
3611,1,2222.00,1278.00,58.00,74.00,7.2739,-1,-1,-1
3612,1,2223.00,1277.00,56.00,73.00,7.2990,-1,-1,-1
3612,2,2105.00,993.00,69.00,82.00,7.2271,-1,-1,-1
3613,1,2224.00,1277.00,54.00,73.00,7.3130,-1,-1,-1
3613,2,2104.00,991.00,70.00,84.00,7.1466,-1,-1,-1
3614,1,2223.00,1277.00,55.00,72.00,7.3331,-1,-1,-1
3614,2,2105.00,990.00,69.00,85.00,7.0950,-1,-1,-1
3615,1,2223.00,1278.00,55.00,72.00,7.3516,-1,-1,-1
3615,2,2104.00,990.00,71.00,85.00,7.0686,-1,-1,-1
3616,1,2222.00,1278.00,56.00,72.00,7.3658,-1,-1,-1
3616,2,2104.00,989.00,71.00,85.00,7.0625,-1,-1,-1
3617,1,2223.00,1278.00,55.00,72.00,7.3659,-1,-1,-1
3617,2,2103.00,988.00,73.00,86.00,7.0644,-1,-1,-1
3618,1,2223.00,1277.00,55.00,73.00,7.3572,-1,-1,-1
3618,2,2102.00,987.00,74.00,87.00,7.0685,-1,-1,-1
3619,1,2223.00,1276.00,54.00,74.00,7.3564,-1,-1,-1
3619,2,2102.00,986.00,73.00,87.00,7.1048,-1,-1,-1
3620,1,2223.00,1276.00,54.00,73.00,7.3602,-1,-1,-1
3620,2,2102.00,985.00,73.00,87.00,7.1403,-1,-1,-1
3621,1,2222.00,1276.00,55.00,73.00,7.3618,-1,-1,-1
3621,2,2102.00,984.00,73.00,86.00,7.1813,-1,-1,-1
3622,1,2222.00,1274.00,54.00,74.00,7.3223,-1,-1,-1
3622,2,2101.00,983.00,73.00,87.00,7.2211,-1,-1,-1
3623,2,2101.00,983.00,72.00,86.00,7.2382,-1,-1,-1
3623,1,2219.00,1269.00,56.00,79.00,7.2329,-1,-1,-1
3624,2,2099.00,980.00,73.00,89.00,7.2637,-1,-1,-1
3624,1,2219.00,1267.00,55.00,80.00,7.1750,-1,-1,-1
3625,2,2099.00,979.00,73.00,90.00,7.3060,-1,-1,-1
3625,1,2218.00,1266.00,56.00,79.00,7.1320,-1,-1,-1
3626,2,2099.00,979.00,73.00,89.00,7.3585,-1,-1,-1
3626,1,2217.00,1264.00,56.00,81.00,7.1122,-1,-1,-1
3627,2,2098.00,977.00,73.00,90.00,7.4082,-1,-1,-1
3627,1,2218.00,1263.00,55.00,80.00,7.1253,-1,-1,-1
3628,2,2098.00,977.00,72.00,89.00,7.4586,-1,-1,-1
3628,1,2218.00,1263.00,54.00,79.00,7.1529,-1,-1,-1
3629,2,2097.00,977.00,72.00,88.00,7.4932,-1,-1,-1
3629,1,2218.00,1261.00,54.00,80.00,7.1994,-1,-1,-1
3630,2,2096.00,976.00,72.00,88.00,7.5130,-1,-1,-1
3630,1,2217.00,1261.00,54.00,79.00,7.2465,-1,-1,-1
3631,2,2096.00,976.00,72.00,87.00,7.5244,-1,-1,-1
3631,1,2218.00,1260.00,54.00,80.00,7.2981,-1,-1,-1
3632,2,2096.00,975.00,72.00,87.00,7.5318,-1,-1,-1
3632,1,2218.00,1260.00,55.00,80.00,7.3493,-1,-1,-1
3633,2,2095.00,975.00,73.00,86.00,7.5313,-1,-1,-1
3633,1,2218.00,1259.00,54.00,79.00,7.3926,-1,-1,-1
3634,2,2095.00,974.00,73.00,87.00,7.5224,-1,-1,-1
3634,1,2218.00,1257.00,54.00,81.00,7.4236,-1,-1,-1
3635,2,2093.00,974.00,73.00,84.00,7.5337,-1,-1,-1
3635,1,2217.00,1255.00,54.00,80.00,7.4450,-1,-1,-1
3636,2,2094.00,973.00,70.00,82.00,7.5483,-1,-1,-1
3636,1,2217.00,1254.00,54.00,80.00,7.4622,-1,-1,-1
3637,2,2093.00,973.00,70.00,81.00,7.5638,-1,-1,-1
3637,1,2216.00,1253.00,54.00,80.00,7.4652,-1,-1,-1
3638,2,2092.00,971.00,72.00,84.00,7.5852,-1,-1,-1
3638,1,2217.00,1252.00,54.00,77.00,7.4564,-1,-1,-1
3639,2,2091.00,970.00,74.00,86.00,7.6004,-1,-1,-1
3639,1,2217.00,1251.00,54.00,76.00,7.4774,-1,-1,-1
3640,2,2091.00,970.00,73.00,85.00,7.6164,-1,-1,-1
3640,1,2217.00,1250.00,54.00,76.00,7.5164,-1,-1,-1
3641,2,2091.00,969.00,73.00,85.00,7.6401,-1,-1,-1
3641,1,2217.00,1250.00,53.00,76.00,7.5605,-1,-1,-1
3642,2,2091.00,968.00,72.00,85.00,7.6605,-1,-1,-1
3642,1,2216.00,1249.00,54.00,78.00,7.6083,-1,-1,-1
3643,2,2090.00,968.00,72.00,84.00,7.6738,-1,-1,-1
3643,1,2216.00,1247.00,54.00,79.00,7.6468,-1,-1,-1
3644,2,2089.00,967.00,72.00,85.00,7.6962,-1,-1,-1
3644,1,2216.00,1247.00,53.00,78.00,7.6573,-1,-1,-1
3645,2,2088.00,966.00,71.00,84.00,7.7204,-1,-1,-1
3645,1,2215.00,1246.00,54.00,79.00,7.6561,-1,-1,-1
3646,2,2088.00,964.00,69.00,83.00,7.7465,-1,-1,-1
3646,1,2213.00,1244.00,55.00,80.00,7.6172,-1,-1,-1
3647,2,2087.00,962.00,69.00,83.00,7.7636,-1,-1,-1
3647,1,2213.00,1243.00,55.00,79.00,7.5776,-1,-1,-1
3648,2,2086.00,960.00,70.00,84.00,7.7704,-1,-1,-1
3648,1,2212.00,1242.00,56.00,78.00,7.5609,-1,-1,-1
3649,2,2085.00,958.00,71.00,86.00,7.7468,-1,-1,-1
3649,1,2213.00,1242.00,56.00,77.00,7.5543,-1,-1,-1
3650,2,2084.00,956.00,70.00,85.00,7.7227,-1,-1,-1
3650,1,2213.00,1239.00,56.00,78.00,7.5705,-1,-1,-1
3651,2,2082.00,954.00,72.00,86.00,7.6902,-1,-1,-1
3651,1,2212.00,1237.00,57.00,79.00,7.5810,-1,-1,-1
3652,2,2083.00,952.00,70.00,85.00,7.6841,-1,-1,-1
3652,1,2213.00,1237.00,56.00,78.00,7.5792,-1,-1,-1
3653,2,2083.00,950.00,70.00,85.00,7.6902,-1,-1,-1
3653,1,2212.00,1235.00,56.00,80.00,7.5763,-1,-1,-1
3654,2,2081.00,947.00,73.00,88.00,7.6731,-1,-1,-1
3654,1,2212.00,1234.00,56.00,79.00,7.5815,-1,-1,-1
3655,2,2080.00,945.00,75.00,89.00,7.6680,-1,-1,-1
3655,1,2212.00,1231.00,55.00,80.00,7.5695,-1,-1,-1
3656,2,2080.00,943.00,75.00,89.00,7.6392,-1,-1,-1
3656,1,2212.00,1229.00,56.00,79.00,7.5721,-1,-1,-1
3657,1,2212.00,1226.00,55.00,77.00,7.6124,-1,-1,-1
3657,2,2081.00,940.00,72.00,90.00,7.5903,-1,-1,-1
3658,1,2212.00,1224.00,55.00,77.00,7.6477,-1,-1,-1
3658,2,2082.00,938.00,71.00,89.00,7.5510,-1,-1,-1
3659,1,2211.00,1221.00,55.00,80.00,7.6434,-1,-1,-1
3659,2,2082.00,937.00,72.00,87.00,7.5202,-1,-1,-1
3660,1,2211.00,1219.00,55.00,80.00,7.6545,-1,-1,-1
3660,2,2081.00,935.00,73.00,88.00,7.5049,-1,-1,-1
3661,1,2211.00,1218.00,55.00,79.00,7.6583,-1,-1,-1
3661,2,2081.00,933.00,74.00,87.00,7.5070,-1,-1,-1
3662,1,2211.00,1216.00,56.00,79.00,7.6311,-1,-1,-1
3662,2,2080.00,931.00,75.00,87.00,7.5021,-1,-1,-1
3663,1,2210.00,1216.00,57.00,75.00,7.6157,-1,-1,-1
3663,2,2080.00,928.00,73.00,88.00,7.5030,-1,-1,-1
3664,1,2210.00,1214.00,58.00,75.00,7.6092,-1,-1,-1
3664,2,2079.00,926.00,74.00,88.00,7.5196,-1,-1,-1
3665,1,2209.00,1210.00,57.00,78.00,7.5498,-1,-1,-1
3665,2,2078.00,925.00,76.00,88.00,7.5357,-1,-1,-1
3666,2,2077.00,922.00,77.00,89.00,7.5469,-1,-1,-1
3666,1,2208.00,1208.00,58.00,77.00,7.4837,-1,-1,-1
3667,2,2077.00,921.00,76.00,88.00,7.5252,-1,-1,-1
3667,1,2208.00,1206.00,56.00,75.00,7.4576,-1,-1,-1
3668,1,2208.00,1204.00,56.00,75.00,7.4630,-1,-1,-1
3668,2,2076.00,920.00,75.00,87.00,7.4562,-1,-1,-1
3669,1,2208.00,1202.00,55.00,75.00,7.4709,-1,-1,-1
3669,2,2076.00,918.00,76.00,88.00,7.3705,-1,-1,-1
3670,1,2207.00,1198.00,55.00,79.00,7.4822,-1,-1,-1
3670,2,2076.00,916.00,76.00,89.00,7.1987,-1,-1,-1
3671,1,2208.00,1197.00,54.00,77.00,7.4794,-1,-1,-1
3671,2,2074.00,913.00,77.00,89.00,7.0992,-1,-1,-1
3672,1,2208.00,1196.00,52.00,75.00,7.4761,-1,-1,-1
3672,2,2073.00,910.00,79.00,91.00,7.0828,-1,-1,-1
3673,1,2208.00,1195.00,53.00,73.00,7.4622,-1,-1,-1
3673,2,2072.00,908.00,80.00,92.00,7.1377,-1,-1,-1
3674,1,2208.00,1193.00,53.00,74.00,7.4170,-1,-1,-1
3674,2,2072.00,906.00,81.00,92.00,7.2022,-1,-1,-1
3675,1,2208.00,1192.00,56.00,74.00,7.3788,-1,-1,-1
3675,2,2072.00,904.00,82.00,91.00,7.2756,-1,-1,-1
3676,1,2208.00,1191.00,56.00,73.00,7.3459,-1,-1,-1
3676,2,2073.00,903.00,79.00,90.00,7.3271,-1,-1,-1
3677,2,2074.00,903.00,76.00,87.00,7.3504,-1,-1,-1
3677,1,2207.00,1188.00,58.00,75.00,7.3007,-1,-1,-1
3678,2,2072.00,901.00,77.00,89.00,7.3694,-1,-1,-1
3678,1,2207.00,1184.00,56.00,77.00,7.2991,-1,-1,-1
3679,2,2071.00,899.00,78.00,90.00,7.3945,-1,-1,-1
3679,1,2207.00,1182.00,55.00,76.00,7.3082,-1,-1,-1
3680,2,2070.00,898.00,77.00,89.00,7.3960,-1,-1,-1
3680,1,2205.00,1179.00,56.00,77.00,7.3261,-1,-1,-1
3681,2,2069.00,895.00,78.00,91.00,7.3925,-1,-1,-1
3681,1,2205.00,1176.00,56.00,78.00,7.3362,-1,-1,-1
3682,1,2204.00,1173.00,58.00,80.00,7.3706,-1,-1,-1
3682,2,2069.00,894.00,81.00,89.00,7.3601,-1,-1,-1
3683,1,2205.00,1171.00,56.00,80.00,7.4067,-1,-1,-1
3683,2,2069.00,891.00,79.00,89.00,7.3078,-1,-1,-1
3684,1,2205.00,1170.00,56.00,79.00,7.4425,-1,-1,-1
3684,2,2069.00,888.00,79.00,90.00,7.2721,-1,-1,-1
3685,1,2206.00,1169.00,55.00,78.00,7.4798,-1,-1,-1
3685,2,2070.00,888.00,76.00,86.00,7.2760,-1,-1,-1
3686,1,2206.00,1168.00,56.00,77.00,7.4914,-1,-1,-1
3686,2,2068.00,885.00,81.00,89.00,7.2963,-1,-1,-1
3687,1,2205.00,1167.00,57.00,76.00,7.4818,-1,-1,-1
3687,2,2069.00,884.00,80.00,87.00,7.3137,-1,-1,-1
3688,1,2205.00,1166.00,57.00,76.00,7.4278,-1,-1,-1
3688,2,2068.00,882.00,79.00,86.00,7.3292,-1,-1,-1
3689,2,2067.00,880.00,78.00,86.00,7.3341,-1,-1,-1
3689,1,2205.00,1164.00,56.00,76.00,7.3093,-1,-1,-1
3690,2,2068.00,878.00,80.00,87.00,7.3477,-1,-1,-1
3690,1,2203.00,1162.00,59.00,78.00,7.1716,-1,-1,-1
3691,2,2068.00,877.00,80.00,87.00,7.3665,-1,-1,-1
3691,1,2204.00,1158.00,56.00,78.00,7.1382,-1,-1,-1
3692,2,2067.00,875.00,82.00,88.00,7.3860,-1,-1,-1
3692,1,2204.00,1157.00,56.00,76.00,7.1348,-1,-1,-1
3693,2,2067.00,874.00,82.00,87.00,7.4035,-1,-1,-1
3693,1,2205.00,1154.00,53.00,77.00,7.1502,-1,-1,-1
3694,2,2065.00,872.00,84.00,88.00,7.4074,-1,-1,-1
3694,1,2205.00,1151.00,53.00,79.00,7.1641,-1,-1,-1
3695,2,2065.00,871.00,84.00,87.00,7.4168,-1,-1,-1
3695,1,2204.00,1149.00,53.00,79.00,7.1774,-1,-1,-1
3696,2,2065.00,869.00,81.00,87.00,7.4339,-1,-1,-1
3696,1,2203.00,1148.00,54.00,78.00,7.1941,-1,-1,-1
3697,2,2064.00,867.00,82.00,87.00,7.4503,-1,-1,-1
3697,1,2203.00,1147.00,54.00,75.00,7.2100,-1,-1,-1
3698,2,2064.00,865.00,81.00,86.00,7.4594,-1,-1,-1
3698,1,2201.00,1144.00,57.00,77.00,7.2599,-1,-1,-1
3699,2,2064.00,864.00,80.00,85.00,7.4293,-1,-1,-1
3699,1,2200.00,1142.00,58.00,77.00,7.3287,-1,-1,-1
3700,1,2200.00,1141.00,58.00,78.00,7.4131,-1,-1,-1
3700,2,2063.00,862.00,82.00,85.00,7.3600,-1,-1,-1
3701,1,2199.00,1139.00,59.00,79.00,7.4997,-1,-1,-1
3701,2,2062.00,860.00,81.00,85.00,7.3124,-1,-1,-1
3702,1,2198.00,1137.00,58.00,79.00,7.5636,-1,-1,-1
3702,2,2061.00,858.00,82.00,85.00,7.2627,-1,-1,-1
3703,1,2197.00,1134.00,59.00,80.00,7.5693,-1,-1,-1
3703,2,2059.00,856.00,81.00,83.00,7.2078,-1,-1,-1
3704,1,2198.00,1133.00,57.00,78.00,7.6147,-1,-1,-1
3704,2,2059.00,855.00,79.00,82.00,7.1800,-1,-1,-1
3705,1,2198.00,1131.00,57.00,77.00,7.6509,-1,-1,-1
3705,2,2059.00,853.00,77.00,82.00,7.1611,-1,-1,-1
3706,1,2197.00,1130.00,59.00,78.00,7.6918,-1,-1,-1
3706,2,2058.00,852.00,76.00,79.00,7.1730,-1,-1,-1
3707,1,2197.00,1129.00,59.00,76.00,7.7184,-1,-1,-1
3707,2,2057.00,850.00,77.00,82.00,7.1760,-1,-1,-1
3708,1,2196.00,1128.00,59.00,76.00,7.7195,-1,-1,-1
3708,2,2057.00,850.00,76.00,79.00,7.1721,-1,-1,-1
3709,1,2196.00,1126.00,59.00,78.00,7.7095,-1,-1,-1
3709,2,2056.00,848.00,77.00,82.00,7.1571,-1,-1,-1
3710,1,2196.00,1126.00,59.00,78.00,7.6814,-1,-1,-1
3710,2,2056.00,847.00,73.00,79.00,7.0982,-1,-1,-1
3711,1,2195.00,1124.00,59.00,79.00,7.6091,-1,-1,-1
3711,2,2054.00,844.00,75.00,83.00,7.0479,-1,-1,-1
3712,1,2195.00,1121.00,58.00,81.00,7.5774,-1,-1,-1
3712,2,2053.00,843.00,78.00,83.00,7.0258,-1,-1,-1
3713,1,2194.00,1119.00,58.00,82.00,7.5683,-1,-1,-1
3713,2,2053.00,841.00,79.00,84.00,7.0158,-1,-1,-1
3714,1,2193.00,1117.00,59.00,82.00,7.5467,-1,-1,-1
3714,2,2052.00,840.00,79.00,85.00,7.0320,-1,-1,-1
3715,1,2194.00,1114.00,57.00,82.00,7.5218,-1,-1,-1
3715,2,2051.00,839.00,82.00,85.00,7.0419,-1,-1,-1
3716,1,2194.00,1112.00,57.00,82.00,7.4994,-1,-1,-1
3716,2,2051.00,837.00,81.00,87.00,7.0519,-1,-1,-1
3717,1,2195.00,1111.00,55.00,80.00,7.4546,-1,-1,-1
3717,2,2051.00,836.00,81.00,86.00,7.0333,-1,-1,-1
3718,1,2194.00,1109.00,56.00,81.00,7.3927,-1,-1,-1
3718,2,2051.00,835.00,81.00,86.00,7.0293,-1,-1,-1
3719,1,2194.00,1107.00,56.00,82.00,7.3390,-1,-1,-1
3719,2,2052.00,835.00,78.00,81.00,7.0324,-1,-1,-1
3720,1,2195.00,1107.00,56.00,81.00,7.2679,-1,-1,-1
3720,2,2051.00,834.00,76.00,80.00,7.0369,-1,-1,-1
3721,1,2196.00,1107.00,55.00,80.00,7.2313,-1,-1,-1
3721,2,2050.00,832.00,77.00,81.00,7.0211,-1,-1,-1
3722,1,2196.00,1108.00,55.00,77.00,7.1952,-1,-1,-1
3722,2,2050.00,831.00,75.00,80.00,7.0068,-1,-1,-1
3723,1,2196.00,1108.00,55.00,75.00,7.1903,-1,-1,-1
3723,2,2049.00,829.00,76.00,79.00,6.9827,-1,-1,-1
3724,1,2196.00,1107.00,55.00,76.00,7.2131,-1,-1,-1
3724,2,2048.00,828.00,76.00,80.00,6.9389,-1,-1,-1
3725,1,2195.00,1106.00,56.00,76.00,7.2072,-1,-1,-1
3725,2,2048.00,826.00,75.00,81.00,6.9029,-1,-1,-1
3726,1,2193.00,1102.00,58.00,80.00,7.1743,-1,-1,-1
3726,2,2047.00,825.00,73.00,79.00,6.9349,-1,-1,-1
3727,1,2192.00,1101.00,58.00,80.00,7.1533,-1,-1,-1
3727,2,2047.00,825.00,74.00,77.00,6.9488,-1,-1,-1
3728,1,2192.00,1099.00,57.00,80.00,7.1515,-1,-1,-1
3728,2,2046.00,823.00,76.00,80.00,6.9513,-1,-1,-1
3729,1,2192.00,1098.00,57.00,80.00,7.1431,-1,-1,-1
3729,2,2044.00,822.00,81.00,80.00,6.9284,-1,-1,-1
3730,1,2192.00,1096.00,57.00,80.00,7.1435,-1,-1,-1
3730,2,2043.00,820.00,84.00,80.00,6.8685,-1,-1,-1
3731,1,2192.00,1094.00,57.00,80.00,7.1635,-1,-1,-1
3731,2,2043.00,820.00,80.00,79.00,6.8683,-1,-1,-1
3732,1,2192.00,1092.00,57.00,82.00,7.1877,-1,-1,-1
3732,2,2043.00,818.00,79.00,81.00,6.9152,-1,-1,-1
3733,1,2193.00,1091.00,57.00,81.00,7.2218,-1,-1,-1
3733,2,2041.00,816.00,81.00,82.00,6.9550,-1,-1,-1
3734,1,2191.00,1089.00,58.00,82.00,7.2644,-1,-1,-1
3734,2,2040.00,815.00,82.00,82.00,6.9987,-1,-1,-1
3735,1,2190.00,1087.00,58.00,81.00,7.2887,-1,-1,-1
3735,2,2040.00,814.00,78.00,80.00,7.0191,-1,-1,-1
3736,1,2190.00,1084.00,57.00,82.00,7.3000,-1,-1,-1
3736,2,2039.00,814.00,75.00,77.00,7.0222,-1,-1,-1
3737,1,2189.00,1084.00,58.00,81.00,7.3134,-1,-1,-1
3737,2,2038.00,813.00,75.00,78.00,7.0510,-1,-1,-1
3738,1,2189.00,1083.00,57.00,80.00,7.3011,-1,-1,-1
3738,2,2037.00,812.00,75.00,78.00,7.0874,-1,-1,-1
3739,1,2189.00,1083.00,58.00,80.00,7.2651,-1,-1,-1
3739,2,2036.00,811.00,74.00,78.00,7.1295,-1,-1,-1
3740,1,2189.00,1082.00,58.00,79.00,7.2313,-1,-1,-1
3740,2,2035.00,810.00,73.00,77.00,7.1850,-1,-1,-1
3741,2,2035.00,809.00,73.00,77.00,7.2246,-1,-1,-1
3741,1,2190.00,1081.00,56.00,78.00,7.2167,-1,-1,-1
3742,2,2033.00,807.00,76.00,78.00,7.2648,-1,-1,-1
3742,1,2188.00,1078.00,57.00,80.00,7.2220,-1,-1,-1
3743,2,2032.00,805.00,77.00,79.00,7.2972,-1,-1,-1
3743,1,2188.00,1078.00,57.00,79.00,7.2271,-1,-1,-1
3744,2,2031.00,804.00,79.00,80.00,7.3343,-1,-1,-1
3744,1,2187.00,1078.00,58.00,78.00,7.2099,-1,-1,-1
3745,2,2030.00,803.00,79.00,80.00,7.3603,-1,-1,-1
3745,1,2186.00,1075.00,60.00,82.00,7.1829,-1,-1,-1
3746,2,2029.00,802.00,80.00,80.00,7.3558,-1,-1,-1
3746,1,2185.00,1073.00,61.00,82.00,7.1988,-1,-1,-1
3747,2,2028.00,801.00,82.00,81.00,7.3378,-1,-1,-1
3747,1,2184.00,1073.00,62.00,81.00,7.2272,-1,-1,-1
3748,2,2027.00,801.00,83.00,80.00,7.2689,-1,-1,-1
3748,1,2183.00,1072.00,62.00,80.00,7.2635,-1,-1,-1
3749,1,2183.00,1072.00,61.00,79.00,7.3015,-1,-1,-1
3749,2,2027.00,800.00,81.00,78.00,7.1933,-1,-1,-1
3750,1,2182.00,1072.00,61.00,77.00,7.3304,-1,-1,-1
3750,2,2025.00,799.00,82.00,80.00,7.1387,-1,-1,-1
3751,1,2182.00,1071.00,61.00,78.00,7.3624,-1,-1,-1
3751,2,2024.00,798.00,83.00,81.00,7.0987,-1,-1,-1
3752,1,2182.00,1072.00,61.00,77.00,7.3950,-1,-1,-1
3752,2,2024.00,798.00,83.00,81.00,7.0679,-1,-1,-1
3753,1,2183.00,1072.00,59.00,77.00,7.4305,-1,-1,-1
3753,2,2023.00,797.00,84.00,82.00,7.0528,-1,-1,-1
3754,1,2183.00,1073.00,60.00,77.00,7.4654,-1,-1,-1
3754,2,2023.00,797.00,84.00,81.00,7.0568,-1,-1,-1
3755,1,2185.00,1073.00,58.00,79.00,7.4679,-1,-1,-1
3755,2,2021.00,796.00,87.00,82.00,7.0625,-1,-1,-1
3756,1,2186.00,1072.00,57.00,81.00,7.4624,-1,-1,-1
3756,2,2021.00,796.00,84.00,81.00,7.0502,-1,-1,-1
3757,1,2185.00,1072.00,58.00,82.00,7.4690,-1,-1,-1
3757,2,2022.00,796.00,80.00,81.00,7.0634,-1,-1,-1
3758,1,2185.00,1072.00,58.00,83.00,7.4824,-1,-1,-1
3758,2,2021.00,796.00,80.00,81.00,7.0617,-1,-1,-1
3759,1,2184.00,1071.00,58.00,84.00,7.4836,-1,-1,-1
3759,2,2021.00,796.00,81.00,81.00,7.0255,-1,-1,-1
3760,1,2184.00,1070.00,58.00,85.00,7.4675,-1,-1,-1
3760,2,2020.00,797.00,82.00,80.00,7.0181,-1,-1,-1
3761,1,2183.00,1071.00,58.00,81.00,7.4304,-1,-1,-1
3761,2,2020.00,797.00,80.00,79.00,7.0430,-1,-1,-1
3762,1,2183.00,1071.00,57.00,80.00,7.4091,-1,-1,-1
3762,2,2019.00,798.00,80.00,77.00,7.0729,-1,-1,-1
3763,1,2183.00,1071.00,57.00,78.00,7.3858,-1,-1,-1
3763,2,2018.00,798.00,82.00,78.00,7.1016,-1,-1,-1
3764,1,2183.00,1071.00,57.00,79.00,7.3682,-1,-1,-1
3764,2,2018.00,797.00,81.00,79.00,7.1559,-1,-1,-1
3765,1,2183.00,1071.00,57.00,78.00,7.3348,-1,-1,-1
3765,2,2018.00,797.00,80.00,78.00,7.2085,-1,-1,-1
3766,1,2183.00,1070.00,58.00,79.00,7.3217,-1,-1,-1
3766,2,2017.00,796.00,80.00,80.00,7.2798,-1,-1,-1
3767,2,2017.00,796.00,78.00,79.00,7.3487,-1,-1,-1
3767,1,2183.00,1070.00,58.00,79.00,7.3182,-1,-1,-1
3768,2,2016.00,796.00,78.00,79.00,7.4090,-1,-1,-1
3768,1,2182.00,1069.00,60.00,80.00,7.3120,-1,-1,-1
3769,2,2016.00,796.00,78.00,79.00,7.4661,-1,-1,-1
3769,1,2182.00,1070.00,60.00,80.00,7.3122,-1,-1,-1
3770,2,2015.00,796.00,78.00,81.00,7.5278,-1,-1,-1
3770,1,2182.00,1070.00,59.00,79.00,7.3003,-1,-1,-1
3771,2,2014.00,795.00,80.00,82.00,7.5847,-1,-1,-1
3771,1,2182.00,1070.00,58.00,78.00,7.2817,-1,-1,-1
3772,2,2013.00,795.00,80.00,80.00,7.6293,-1,-1,-1
3772,1,2181.00,1070.00,59.00,78.00,7.2764,-1,-1,-1
3773,2,2012.00,795.00,80.00,80.00,7.6685,-1,-1,-1
3773,1,2181.00,1071.00,59.00,75.00,7.2675,-1,-1,-1
3774,2,2011.00,795.00,80.00,80.00,7.7010,-1,-1,-1
3774,1,2181.00,1071.00,59.00,75.00,7.2591,-1,-1,-1
3775,2,2010.00,795.00,82.00,80.00,7.7264,-1,-1,-1
3775,1,2181.00,1071.00,59.00,76.00,7.2488,-1,-1,-1
3776,2,2009.00,796.00,84.00,80.00,7.7598,-1,-1,-1
3776,1,2181.00,1071.00,59.00,77.00,7.2317,-1,-1,-1
3777,2,2008.00,796.00,85.00,81.00,7.7929,-1,-1,-1
3777,1,2180.00,1071.00,59.00,76.00,7.1936,-1,-1,-1
3778,2,2007.00,796.00,85.00,81.00,7.7980,-1,-1,-1
3778,1,2180.00,1071.00,59.00,76.00,7.1597,-1,-1,-1
3779,2,2007.00,797.00,83.00,80.00,7.7916,-1,-1,-1
3779,1,2180.00,1070.00,58.00,78.00,7.1753,-1,-1,-1
3780,2,2006.00,797.00,84.00,80.00,7.7814,-1,-1,-1
3780,1,2179.00,1069.00,58.00,79.00,7.2142,-1,-1,-1
3781,2,2005.00,797.00,84.00,81.00,7.7448,-1,-1,-1
3781,1,2178.00,1069.00,58.00,77.00,7.2868,-1,-1,-1
3782,2,2004.00,796.00,85.00,83.00,7.7108,-1,-1,-1
3782,1,2179.00,1070.00,57.00,77.00,7.3232,-1,-1,-1
3783,2,2003.00,796.00,87.00,83.00,7.6849,-1,-1,-1
3783,1,2179.00,1070.00,58.00,80.00,7.3110,-1,-1,-1
3784,2,2002.00,795.00,87.00,85.00,7.6467,-1,-1,-1
3784,1,2179.00,1071.00,58.00,79.00,7.2723,-1,-1,-1
3785,2,2002.00,796.00,84.00,83.00,7.5823,-1,-1,-1
3785,1,2179.00,1071.00,57.00,80.00,7.2483,-1,-1,-1
3786,2,2001.00,797.00,86.00,84.00,7.5352,-1,-1,-1
3786,1,2178.00,1072.00,59.00,80.00,7.2196,-1,-1,-1
3787,2,2000.00,795.00,86.00,88.00,7.4763,-1,-1,-1
3787,1,2177.00,1073.00,60.00,80.00,7.2388,-1,-1,-1
3788,2,1999.00,795.00,86.00,88.00,7.4121,-1,-1,-1
3788,1,2177.00,1073.00,60.00,80.00,7.2324,-1,-1,-1
3789,2,1999.00,795.00,86.00,90.00,7.3098,-1,-1,-1
3789,1,2177.00,1074.00,60.00,79.00,7.2483,-1,-1,-1
3790,1,2177.00,1075.00,60.00,77.00,7.2674,-1,-1,-1
3790,2,1999.00,797.00,86.00,88.00,7.2424,-1,-1,-1
3791,1,2176.00,1075.00,62.00,80.00,7.2774,-1,-1,-1
3791,2,2000.00,799.00,84.00,87.00,7.2132,-1,-1,-1
3792,1,2175.00,1074.00,61.00,79.00,7.3018,-1,-1,-1
3792,2,1998.00,800.00,83.00,86.00,7.2001,-1,-1,-1
3793,1,2175.00,1074.00,61.00,80.00,7.3027,-1,-1,-1
3793,2,1998.00,801.00,84.00,86.00,7.2141,-1,-1,-1
3794,1,2173.00,1075.00,65.00,81.00,7.3466,-1,-1,-1
3794,2,1997.00,802.00,85.00,85.00,7.2352,-1,-1,-1
3795,1,2172.00,1076.00,64.00,80.00,7.3883,-1,-1,-1
3795,2,1997.00,803.00,86.00,85.00,7.2631,-1,-1,-1
3796,1,2173.00,1078.00,62.00,77.00,7.4298,-1,-1,-1
3796,2,1997.00,804.00,85.00,86.00,7.3016,-1,-1,-1
3797,1,2173.00,1080.00,60.00,73.00,7.4553,-1,-1,-1
3797,2,1996.00,805.00,87.00,89.00,7.3563,-1,-1,-1
3798,1,2173.00,1081.00,57.00,73.00,7.4638,-1,-1,-1
3798,2,1995.00,806.00,88.00,89.00,7.4146,-1,-1,-1
3799,1,2173.00,1083.00,58.00,73.00,7.5111,-1,-1,-1
3799,2,1995.00,807.00,88.00,89.00,7.4661,-1,-1,-1
3800,1,2172.00,1083.00,60.00,76.00,7.5611,-1,-1,-1
3800,2,1994.00,808.00,87.00,89.00,7.4911,-1,-1,-1
3801,1,2171.00,1084.00,60.00,76.00,7.6029,-1,-1,-1
3801,2,1992.00,809.00,87.00,86.00,7.5026,-1,-1,-1
3802,1,2171.00,1085.00,60.00,76.00,7.6230,-1,-1,-1
3802,2,1994.00,811.00,83.00,85.00,7.4825,-1,-1,-1
3803,1,2170.00,1086.00,62.00,76.00,7.6242,-1,-1,-1
3803,2,1992.00,811.00,85.00,87.00,7.4645,-1,-1,-1
3804,1,2170.00,1089.00,62.00,75.00,7.5946,-1,-1,-1
3804,2,1991.00,813.00,80.00,83.00,7.4440,-1,-1,-1
3805,1,2172.00,1089.00,59.00,78.00,7.5740,-1,-1,-1
3805,2,1991.00,814.00,82.00,85.00,7.4474,-1,-1,-1
3806,1,2172.00,1092.00,59.00,75.00,7.5822,-1,-1,-1
3806,2,1989.00,814.00,84.00,88.00,7.4880,-1,-1,-1
3807,1,2172.00,1093.00,58.00,75.00,7.6038,-1,-1,-1
3807,2,1988.00,816.00,82.00,85.00,7.5534,-1,-1,-1
3808,2,1988.00,817.00,85.00,86.00,7.6167,-1,-1,-1
3808,1,2171.00,1095.00,58.00,75.00,7.6031,-1,-1,-1
3809,2,1988.00,819.00,82.00,85.00,7.6560,-1,-1,-1
3809,1,2171.00,1097.00,58.00,75.00,7.6002,-1,-1,-1
3810,2,1987.00,823.00,82.00,84.00,7.6725,-1,-1,-1
3810,1,2173.00,1098.00,55.00,75.00,7.5403,-1,-1,-1
3811,2,1985.00,825.00,85.00,84.00,7.6733,-1,-1,-1
3811,1,2171.00,1101.00,58.00,76.00,7.4735,-1,-1,-1
3812,2,1984.00,827.00,82.00,79.00,7.6574,-1,-1,-1
3812,1,2171.00,1102.00,57.00,75.00,7.4212,-1,-1,-1
3813,2,1982.00,827.00,85.00,80.00,7.6377,-1,-1,-1
3813,1,2171.00,1105.00,57.00,75.00,7.4535,-1,-1,-1
3814,2,1983.00,829.00,84.00,83.00,7.5700,-1,-1,-1
3814,1,2171.00,1108.00,58.00,74.00,7.4916,-1,-1,-1
3815,1,2170.00,1109.00,59.00,75.00,7.5270,-1,-1,-1
3815,2,1982.00,830.00,85.00,83.00,7.5058,-1,-1,-1
3816,1,2169.00,1109.00,59.00,75.00,7.5496,-1,-1,-1
3816,2,1981.00,832.00,83.00,81.00,7.4863,-1,-1,-1
3817,1,2169.00,1109.00,59.00,77.00,7.5658,-1,-1,-1
3817,2,1978.00,834.00,84.00,80.00,7.4734,-1,-1,-1
3818,1,2169.00,1111.00,58.00,78.00,7.5747,-1,-1,-1
3818,2,1978.00,836.00,83.00,80.00,7.4791,-1,-1,-1
3819,1,2168.00,1113.00,60.00,79.00,7.5998,-1,-1,-1
3819,2,1976.00,838.00,84.00,81.00,7.4857,-1,-1,-1
3820,1,2167.00,1115.00,62.00,81.00,7.6304,-1,-1,-1
3820,2,1975.00,839.00,84.00,82.00,7.4751,-1,-1,-1
3821,1,2167.00,1120.00,61.00,80.00,7.6059,-1,-1,-1
3821,2,1973.00,840.00,85.00,84.00,7.4191,-1,-1,-1
3822,1,2164.00,1119.00,64.00,84.00,7.5654,-1,-1,-1
3822,2,1973.00,841.00,83.00,84.00,7.3257,-1,-1,-1
3823,1,2162.00,1123.00,65.00,83.00,7.5456,-1,-1,-1
3823,2,1970.00,844.00,88.00,86.00,7.2490,-1,-1,-1
3824,1,2165.00,1128.00,63.00,77.00,7.5374,-1,-1,-1
3824,2,1971.00,847.00,86.00,86.00,7.2367,-1,-1,-1
3825,1,2165.00,1129.00,63.00,78.00,7.5512,-1,-1,-1
3825,2,1971.00,849.00,86.00,86.00,7.2366,-1,-1,-1
3826,1,2162.00,1129.00,64.00,82.00,7.5686,-1,-1,-1
3826,2,1970.00,851.00,87.00,87.00,7.2615,-1,-1,-1
3827,1,2163.00,1132.00,64.00,83.00,7.6050,-1,-1,-1
3827,2,1970.00,854.00,90.00,86.00,7.2885,-1,-1,-1
3828,1,2161.00,1136.00,66.00,83.00,7.6487,-1,-1,-1
3828,2,1969.00,857.00,88.00,88.00,7.2944,-1,-1,-1
3829,1,2161.00,1137.00,66.00,87.00,7.6586,-1,-1,-1
3829,2,1966.00,860.00,88.00,90.00,7.2902,-1,-1,-1
3830,1,2158.00,1143.00,69.00,83.00,7.6449,-1,-1,-1
3830,2,1965.00,861.00,88.00,92.00,7.3559,-1,-1,-1
3831,1,2159.00,1144.00,66.00,84.00,7.6139,-1,-1,-1
3831,2,1964.00,864.00,89.00,88.00,7.4112,-1,-1,-1
3832,1,2158.00,1146.00,68.00,83.00,7.6140,-1,-1,-1
3832,2,1964.00,868.00,87.00,86.00,7.4522,-1,-1,-1
3833,1,2159.00,1150.00,66.00,81.00,7.6350,-1,-1,-1
3833,2,1962.00,873.00,91.00,84.00,7.4448,-1,-1,-1
3834,1,2159.00,1153.00,67.00,83.00,7.6643,-1,-1,-1
3834,2,1962.00,874.00,90.00,85.00,7.4269,-1,-1,-1
3835,1,2157.00,1157.00,69.00,82.00,7.6632,-1,-1,-1
3835,2,1961.00,877.00,92.00,83.00,7.3790,-1,-1,-1
3836,1,2157.00,1159.00,68.00,84.00,7.6605,-1,-1,-1
3836,2,1960.00,880.00,99.00,85.00,7.2881,-1,-1,-1
3837,1,2158.00,1164.00,68.00,81.00,7.6408,-1,-1,-1
3837,2,1960.00,883.00,92.00,82.00,7.1762,-1,-1,-1
3838,1,2158.00,1165.00,65.00,82.00,7.6412,-1,-1,-1
3838,2,1960.00,883.00,91.00,87.00,7.1367,-1,-1,-1
3839,1,2158.00,1167.00,64.00,82.00,7.6438,-1,-1,-1
3839,2,1961.00,886.00,91.00,87.00,7.2016,-1,-1,-1
3840,1,2159.00,1169.00,62.00,82.00,7.6704,-1,-1,-1
3840,2,1960.00,889.00,92.00,88.00,7.2911,-1,-1,-1
3841,1,2158.00,1171.00,64.00,82.00,7.6919,-1,-1,-1
3841,2,1959.00,891.00,88.00,84.00,7.3565,-1,-1,-1
3842,1,2159.00,1173.00,63.00,80.00,7.7044,-1,-1,-1
3842,2,1957.00,894.00,92.00,84.00,7.3889,-1,-1,-1
3843,1,2158.00,1175.00,64.00,78.00,7.7275,-1,-1,-1
3843,2,1957.00,895.00,93.00,85.00,7.4046,-1,-1,-1
3844,1,2158.00,1178.00,65.00,78.00,7.7514,-1,-1,-1
3844,2,1955.00,898.00,93.00,83.00,7.3871,-1,-1,-1
3845,1,2157.00,1180.00,65.00,79.00,7.7477,-1,-1,-1
3845,2,1955.00,900.00,92.00,80.00,7.3419,-1,-1,-1
3846,1,2157.00,1180.00,64.00,81.00,7.7174,-1,-1,-1
3846,2,1952.00,901.00,99.00,82.00,7.2633,-1,-1,-1
3847,1,2158.00,1183.00,62.00,79.00,7.6527,-1,-1,-1
3847,2,1951.00,903.00,92.00,80.00,7.2972,-1,-1,-1
3848,1,2156.00,1183.00,63.00,79.00,7.5769,-1,-1,-1
3848,2,1951.00,905.00,91.00,80.00,7.3069,-1,-1,-1
3849,1,2157.00,1184.00,61.00,77.00,7.4920,-1,-1,-1
3849,2,1949.00,906.00,92.00,77.00,7.3171,-1,-1,-1
3850,1,2156.00,1184.00,62.00,78.00,7.4079,-1,-1,-1
3850,2,1947.00,907.00,95.00,76.00,7.3305,-1,-1,-1
3851,2,1947.00,907.00,93.00,77.00,7.3592,-1,-1,-1
3851,1,2155.00,1184.00,62.00,78.00,7.3110,-1,-1,-1
3852,2,1944.00,906.00,95.00,78.00,7.3779,-1,-1,-1
3852,1,2152.00,1185.00,66.00,80.00,7.1806,-1,-1,-1
3853,2,1944.00,906.00,95.00,79.00,7.3936,-1,-1,-1
3853,1,2150.00,1185.00,68.00,82.00,7.0847,-1,-1,-1
3854,2,1943.00,905.00,94.00,82.00,7.3979,-1,-1,-1
3854,1,2149.00,1184.00,69.00,82.00,7.0173,-1,-1,-1
3855,2,1943.00,906.00,93.00,82.00,7.4003,-1,-1,-1
3855,1,2149.00,1185.00,68.00,81.00,7.0100,-1,-1,-1
3856,2,1942.00,905.00,96.00,84.00,7.4006,-1,-1,-1
3856,1,2149.00,1185.00,66.00,80.00,7.0070,-1,-1,-1
3857,2,1944.00,906.00,88.00,81.00,7.3351,-1,-1,-1
3857,1,2149.00,1185.00,65.00,80.00,7.0313,-1,-1,-1
3858,2,1941.00,904.00,85.00,82.00,7.2349,-1,-1,-1
3858,1,2147.00,1184.00,67.00,83.00,7.0880,-1,-1,-1
3859,2,1940.00,903.00,87.00,83.00,7.1460,-1,-1,-1
3859,1,2145.00,1183.00,69.00,84.00,7.1426,-1,-1,-1
3860,1,2146.00,1182.00,68.00,85.00,7.1724,-1,-1,-1
3860,2,1939.00,904.00,89.00,82.00,7.0812,-1,-1,-1
3861,1,2147.00,1184.00,66.00,82.00,7.1913,-1,-1,-1
3861,2,1940.00,903.00,87.00,84.00,7.0321,-1,-1,-1
3862,1,2146.00,1183.00,64.00,83.00,7.2199,-1,-1,-1
3862,2,1940.00,902.00,86.00,86.00,7.0044,-1,-1,-1
3863,1,2146.00,1183.00,64.00,82.00,7.2552,-1,-1,-1
3863,2,1940.00,903.00,84.00,85.00,6.9892,-1,-1,-1
3864,1,2146.00,1184.00,65.00,81.00,7.2891,-1,-1,-1
3864,2,1939.00,903.00,86.00,84.00,6.9645,-1,-1,-1
3865,1,2146.00,1182.00,63.00,81.00,7.3173,-1,-1,-1
3865,2,1937.00,903.00,88.00,83.00,6.9351,-1,-1,-1
3866,1,2146.00,1182.00,62.00,81.00,7.3551,-1,-1,-1
3866,2,1936.00,904.00,88.00,80.00,6.8802,-1,-1,-1
3867,1,2146.00,1182.00,62.00,81.00,7.3839,-1,-1,-1
3867,2,1935.00,904.00,89.00,80.00,6.8292,-1,-1,-1
3868,1,2146.00,1182.00,61.00,80.00,7.4096,-1,-1,-1
3868,2,1934.00,904.00,92.00,81.00,6.7834,-1,-1,-1
3869,1,2145.00,1181.00,63.00,81.00,7.4413,-1,-1,-1
3869,2,1933.00,903.00,93.00,82.00,6.7449,-1,-1,-1
3870,1,2144.00,1181.00,63.00,82.00,7.4813,-1,-1,-1
3870,2,1932.00,903.00,94.00,83.00,6.7064,-1,-1,-1
3871,1,2143.00,1180.00,63.00,82.00,7.5081,-1,-1,-1
3871,2,1930.00,903.00,94.00,82.00,6.6466,-1,-1,-1
3872,1,2143.00,1179.00,63.00,83.00,7.5341,-1,-1,-1
3872,2,1929.00,902.00,96.00,83.00,6.6127,-1,-1,-1
3873,1,2141.00,1177.00,64.00,84.00,7.5524,-1,-1,-1
3873,2,1928.00,902.00,97.00,82.00,6.6051,-1,-1,-1
3874,1,2141.00,1176.00,64.00,84.00,7.5493,-1,-1,-1
3874,2,1930.00,902.00,93.00,81.00,6.6149,-1,-1,-1
3875,1,2141.00,1176.00,63.00,82.00,7.5193,-1,-1,-1
3875,2,1929.00,901.00,94.00,82.00,6.6363,-1,-1,-1
3876,1,2140.00,1175.00,64.00,82.00,7.4896,-1,-1,-1
3876,2,1928.00,900.00,94.00,83.00,6.6887,-1,-1,-1
3877,1,2139.00,1174.00,64.00,81.00,7.4668,-1,-1,-1
3877,2,1927.00,899.00,96.00,83.00,6.7438,-1,-1,-1
3878,1,2139.00,1173.00,64.00,81.00,7.4486,-1,-1,-1
3878,2,1925.00,899.00,98.00,83.00,6.7911,-1,-1,-1
3879,1,2139.00,1173.00,63.00,81.00,7.4346,-1,-1,-1
3879,2,1925.00,899.00,97.00,83.00,6.8420,-1,-1,-1
3880,1,2138.00,1173.00,63.00,79.00,7.4212,-1,-1,-1
3880,2,1923.00,899.00,98.00,82.00,6.8631,-1,-1,-1
3881,1,2138.00,1172.00,63.00,78.00,7.4136,-1,-1,-1
3881,2,1922.00,899.00,100.00,82.00,6.8873,-1,-1,-1
3882,1,2137.00,1170.00,63.00,80.00,7.3896,-1,-1,-1
3882,2,1921.00,900.00,102.00,81.00,6.9227,-1,-1,-1
3883,1,2137.00,1170.00,62.00,80.00,7.3751,-1,-1,-1
3883,2,1920.00,900.00,104.00,80.00,6.9449,-1,-1,-1
3884,1,2137.00,1170.00,62.00,81.00,7.3796,-1,-1,-1
3884,2,1920.00,901.00,103.00,79.00,6.9560,-1,-1,-1
3885,1,2136.00,1168.00,63.00,84.00,7.3890,-1,-1,-1
3885,2,1920.00,901.00,103.00,78.00,6.9266,-1,-1,-1
3886,1,2135.00,1168.00,64.00,83.00,7.4230,-1,-1,-1
3886,2,1918.00,900.00,108.00,80.00,6.8869,-1,-1,-1
3887,1,2134.00,1169.00,64.00,80.00,7.4414,-1,-1,-1
3887,2,1916.00,901.00,111.00,80.00,6.8383,-1,-1,-1
3888,1,2132.00,1170.00,66.00,80.00,7.4741,-1,-1,-1
3888,2,1913.00,901.00,109.00,78.00,6.7431,-1,-1,-1
3889,1,2130.00,1169.00,69.00,81.00,7.5144,-1,-1,-1
3889,2,1913.00,902.00,105.00,76.00,6.6528,-1,-1,-1
3890,1,2130.00,1169.00,68.00,80.00,7.5474,-1,-1,-1
3890,2,1912.00,902.00,99.00,76.00,6.5847,-1,-1,-1
3891,1,2129.00,1169.00,68.00,79.00,7.5660,-1,-1,-1
3891,2,1909.00,901.00,102.00,78.00,6.5476,-1,-1,-1
3892,1,2130.00,1169.00,66.00,80.00,7.5765,-1,-1,-1
3892,2,1908.00,901.00,98.00,78.00,6.5816,-1,-1,-1
3893,1,2130.00,1169.00,66.00,80.00,7.5945,-1,-1,-1
3893,2,1908.00,901.00,97.00,80.00,6.6196,-1,-1,-1
3894,1,2129.00,1169.00,66.00,80.00,7.6113,-1,-1,-1
3894,2,1908.00,901.00,98.00,82.00,6.6173,-1,-1,-1
3895,1,2128.00,1169.00,67.00,80.00,7.6198,-1,-1,-1
3895,2,1907.00,902.00,100.00,83.00,6.5660,-1,-1,-1
3896,1,2127.00,1169.00,68.00,80.00,7.6192,-1,-1,-1
3896,2,1906.00,902.00,104.00,83.00,6.5130,-1,-1,-1
3897,1,2126.00,1169.00,70.00,79.00,7.6125,-1,-1,-1
3897,2,1905.00,903.00,100.00,82.00,6.4604,-1,-1,-1
3898,1,2126.00,1169.00,70.00,78.00,7.5964,-1,-1,-1
3898,2,1904.00,903.00,103.00,80.00,6.4042,-1,-1,-1
3899,1,2126.00,1169.00,69.00,79.00,7.5730,-1,-1,-1
3899,2,1903.00,903.00,106.00,81.00,6.3293,-1,-1,-1
3900,1,2125.00,1168.00,70.00,80.00,7.5484,-1,-1,-1
3900,2,1902.00,905.00,110.00,80.00,6.2584,-1,-1,-1
3901,1,2124.00,1168.00,69.00,80.00,7.5052,-1,-1,-1
3901,2,1901.00,905.00,110.00,81.00,6.1925,-1,-1,-1
3902,1,2124.00,1168.00,69.00,80.00,7.4664,-1,-1,-1
3902,2,1900.00,905.00,108.00,81.00,6.1443,-1,-1,-1
3903,1,2124.00,1168.00,69.00,80.00,7.4463,-1,-1,-1
3903,2,1899.00,905.00,108.00,81.00,6.0519,-1,-1,-1
3904,1,2124.00,1168.00,69.00,80.00,7.4339,-1,-1,-1
3904,2,1898.00,905.00,111.00,81.00,5.9742,-1,-1,-1
3905,1,2123.00,1168.00,70.00,82.00,7.4260,-1,-1,-1
3905,2,1896.00,906.00,111.00,79.00,5.9459,-1,-1,-1
3906,1,2123.00,1168.00,69.00,81.00,7.4081,-1,-1,-1
3906,2,1895.00,906.00,108.00,79.00,5.9832,-1,-1,-1
3907,1,2123.00,1168.00,68.00,81.00,7.3865,-1,-1,-1
3907,2,1896.00,906.00,112.00,79.00,5.9043,-1,-1,-1
3908,1,2123.00,1168.00,66.00,80.00,7.3650,-1,-1,-1
3908,2,1894.00,905.00,111.00,82.00,5.8888,-1,-1,-1
3909,1,2122.00,1168.00,67.00,81.00,7.3457,-1,-1,-1
3909,2,1893.00,906.00,111.00,81.00,5.9245,-1,-1,-1
3910,1,2122.00,1168.00,67.00,81.00,7.3156,-1,-1,-1
3910,2,1892.00,906.00,113.00,80.00,5.9405,-1,-1,-1
3911,1,2122.00,1167.00,66.00,82.00,7.3028,-1,-1,-1
3911,2,1890.00,907.00,123.00,80.00,5.8988,-1,-1,-1
3912,1,2120.00,1168.00,68.00,80.00,7.2903,-1,-1,-1
3912,2,1889.00,907.00,126.00,82.00,5.8649,-1,-1,-1
3913,1,2120.00,1167.00,67.00,79.00,7.2784,-1,-1,-1
3913,2,1888.00,908.00,131.00,80.00,5.8551,-1,-1,-1
3914,1,2120.00,1166.00,64.00,78.00,7.2806,-1,-1,-1
3914,2,1887.00,909.00,132.00,80.00,5.8755,-1,-1,-1
3915,1,2119.00,1167.00,66.00,81.00,7.2689,-1,-1,-1
3915,2,1886.00,909.00,127.00,79.00,5.9141,-1,-1,-1
3916,1,2118.00,1168.00,67.00,80.00,7.2936,-1,-1,-1
3916,2,1886.00,910.00,112.00,76.00,5.9277,-1,-1,-1
3917,1,2117.00,1167.00,69.00,81.00,7.3205,-1,-1,-1
3917,2,1884.00,909.00,114.00,77.00,5.9609,-1,-1,-1
3918,1,2117.00,1166.00,66.00,81.00,7.3504,-1,-1,-1
3918,2,1883.00,909.00,118.00,78.00,5.9551,-1,-1,-1
3919,1,2117.00,1166.00,65.00,82.00,7.3670,-1,-1,-1
3919,2,1882.00,909.00,113.00,78.00,5.9175,-1,-1,-1
3920,1,2117.00,1166.00,65.00,82.00,7.3979,-1,-1,-1
3920,2,1880.00,909.00,109.00,78.00,5.9102,-1,-1,-1
3921,1,2115.00,1167.00,66.00,82.00,7.4179,-1,-1,-1
3921,2,1879.00,911.00,109.00,75.00,5.8700,-1,-1,-1
3922,1,2114.00,1169.00,67.00,81.00,7.4266,-1,-1,-1
3922,2,1878.00,912.00,110.00,77.00,5.8270,-1,-1,-1
3923,1,2113.00,1170.00,69.00,82.00,7.4368,-1,-1,-1
3923,2,1877.00,914.00,112.00,75.00,5.8664,-1,-1,-1
3924,1,2112.00,1171.00,70.00,82.00,7.4503,-1,-1,-1
3924,2,1875.00,916.00,115.00,73.00,5.9622,-1,-1,-1
3925,1,2112.00,1172.00,70.00,81.00,7.4646,-1,-1,-1
3925,2,1874.00,917.00,110.00,74.00,6.1046,-1,-1,-1
3926,1,2113.00,1175.00,68.00,80.00,7.4855,-1,-1,-1
3926,2,1872.00,918.00,110.00,74.00,6.0621,-1,-1,-1
3927,1,2114.00,1175.00,67.00,80.00,7.4952,-1,-1,-1
3927,2,1870.00,919.00,109.00,73.00,6.0008,-1,-1,-1
3928,1,2114.00,1176.00,66.00,79.00,7.4930,-1,-1,-1
3928,2,1868.00,920.00,105.00,71.00,5.9365,-1,-1,-1
3929,1,2115.00,1179.00,65.00,77.00,7.4896,-1,-1,-1
3929,2,1867.00,921.00,108.00,71.00,5.9391,-1,-1,-1
3930,1,2114.00,1179.00,66.00,78.00,7.5129,-1,-1,-1
3930,2,1867.00,922.00,107.00,73.00,5.9861,-1,-1,-1
3931,1,2115.00,1180.00,65.00,78.00,7.5605,-1,-1,-1
3931,2,1867.00,925.00,104.00,73.00,6.0964,-1,-1,-1
3932,1,2115.00,1183.00,67.00,79.00,7.6159,-1,-1,-1
3932,2,1868.00,925.00,109.00,73.00,6.1546,-1,-1,-1
3933,1,2115.00,1185.00,68.00,80.00,7.6480,-1,-1,-1
3933,2,1869.00,928.00,103.00,71.00,6.1975,-1,-1,-1
3934,1,2115.00,1187.00,69.00,82.00,7.6702,-1,-1,-1
3934,2,1868.00,931.00,100.00,69.00,6.2929,-1,-1,-1
3935,1,2114.00,1188.00,70.00,82.00,7.6732,-1,-1,-1
3935,2,1867.00,933.00,99.00,69.00,6.4578,-1,-1,-1
3936,1,2114.00,1189.00,69.00,81.00,7.6796,-1,-1,-1
3936,2,1867.00,934.00,97.00,68.00,6.6097,-1,-1,-1
3937,1,2113.00,1190.00,66.00,79.00,7.6751,-1,-1,-1
3937,2,1866.00,936.00,98.00,67.00,6.6963,-1,-1,-1
3938,1,2112.00,1191.00,68.00,80.00,7.6577,-1,-1,-1
3938,2,1864.00,938.00,94.00,66.00,6.7459,-1,-1,-1
3939,1,2112.00,1195.00,67.00,77.00,7.6221,-1,-1,-1
3939,2,1863.00,939.00,94.00,66.00,6.7723,-1,-1,-1
3940,1,2112.00,1196.00,66.00,76.00,7.5878,-1,-1,-1
3940,2,1862.00,940.00,95.00,66.00,6.7811,-1,-1,-1
3941,1,2111.00,1197.00,68.00,78.00,7.5544,-1,-1,-1
3941,2,1859.00,940.00,108.00,71.00,6.8586,-1,-1,-1
3942,1,2110.00,1197.00,69.00,78.00,7.5324,-1,-1,-1
3942,2,1859.00,942.00,98.00,70.00,6.9221,-1,-1,-1
3943,1,2110.00,1196.00,68.00,78.00,7.5187,-1,-1,-1
3943,2,1857.00,942.00,99.00,68.00,6.9673,-1,-1,-1
3944,1,2109.00,1196.00,69.00,79.00,7.5351,-1,-1,-1
3944,2,1855.00,942.00,103.00,70.00,7.0275,-1,-1,-1
3945,1,2108.00,1196.00,70.00,78.00,7.5331,-1,-1,-1
3945,2,1855.00,944.00,106.00,66.00,7.0589,-1,-1,-1
3946,1,2105.00,1194.00,72.00,81.00,7.5351,-1,-1,-1
3946,2,1853.00,944.00,103.00,68.00,7.0839,-1,-1,-1
3947,1,2105.00,1195.00,70.00,79.00,7.5263,-1,-1,-1
3947,2,1850.00,944.00,106.00,68.00,7.0840,-1,-1,-1
3948,1,2105.00,1195.00,68.00,79.00,7.5192,-1,-1,-1
3948,2,1849.00,944.00,106.00,68.00,7.0827,-1,-1,-1
3949,1,2105.00,1195.00,69.00,80.00,7.5237,-1,-1,-1
3949,2,1849.00,945.00,109.00,68.00,7.0583,-1,-1,-1
3950,1,2104.00,1194.00,69.00,83.00,7.5206,-1,-1,-1
3950,2,1848.00,945.00,110.00,69.00,7.0304,-1,-1,-1
3951,1,2102.00,1194.00,73.00,84.00,7.5328,-1,-1,-1
3951,2,1843.00,944.00,113.00,70.00,7.0220,-1,-1,-1
3952,1,2101.00,1194.00,75.00,85.00,7.5482,-1,-1,-1
3952,2,1841.00,943.00,114.00,71.00,7.0187,-1,-1,-1
3953,1,2101.00,1194.00,74.00,85.00,7.5622,-1,-1,-1
3953,2,1844.00,944.00,109.00,69.00,6.9953,-1,-1,-1
3954,1,2101.00,1195.00,73.00,83.00,7.5683,-1,-1,-1
3954,2,1843.00,943.00,109.00,69.00,7.0058,-1,-1,-1
3955,1,2101.00,1194.00,73.00,84.00,7.5665,-1,-1,-1
3955,2,1843.00,943.00,107.00,69.00,7.0168,-1,-1,-1
3956,1,2100.00,1194.00,73.00,83.00,7.5722,-1,-1,-1
3956,2,1842.00,943.00,104.00,68.00,7.0123,-1,-1,-1
3957,1,2100.00,1193.00,72.00,83.00,7.5733,-1,-1,-1
3957,2,1841.00,943.00,104.00,67.00,6.9917,-1,-1,-1
3958,1,2099.00,1192.00,73.00,84.00,7.5730,-1,-1,-1
3958,2,1839.00,942.00,104.00,66.00,6.9574,-1,-1,-1
3959,1,2099.00,1191.00,72.00,85.00,7.5674,-1,-1,-1
3959,2,1838.00,941.00,106.00,69.00,6.9295,-1,-1,-1
3960,1,2098.00,1191.00,72.00,84.00,7.5442,-1,-1,-1
3960,2,1838.00,942.00,98.00,65.00,6.8490,-1,-1,-1
3961,1,2097.00,1191.00,72.00,84.00,7.5333,-1,-1,-1
3961,2,1836.00,942.00,96.00,64.00,6.7965,-1,-1,-1
3962,1,2097.00,1191.00,72.00,84.00,7.5258,-1,-1,-1
3962,2,1835.00,941.00,98.00,66.00,6.7642,-1,-1,-1
3963,1,2096.00,1190.00,74.00,86.00,7.5176,-1,-1,-1
3963,2,1833.00,940.00,103.00,68.00,6.7235,-1,-1,-1
3964,1,2097.00,1191.00,72.00,83.00,7.5154,-1,-1,-1
3964,2,1832.00,940.00,106.00,68.00,6.6877,-1,-1,-1
3965,1,2097.00,1192.00,71.00,83.00,7.5190,-1,-1,-1
3965,2,1832.00,941.00,103.00,68.00,6.6584,-1,-1,-1
3966,1,2097.00,1192.00,69.00,82.00,7.5012,-1,-1,-1
3966,2,1831.00,942.00,103.00,66.00,6.6149,-1,-1,-1
3967,1,2096.00,1193.00,70.00,81.00,7.4950,-1,-1,-1
3967,2,1831.00,942.00,101.00,66.00,6.5893,-1,-1,-1
3968,1,2097.00,1194.00,68.00,79.00,7.4935,-1,-1,-1
3968,2,1828.00,941.00,103.00,67.00,6.5652,-1,-1,-1
3969,1,2096.00,1194.00,68.00,79.00,7.4937,-1,-1,-1
3969,2,1828.00,942.00,96.00,65.00,6.6148,-1,-1,-1
3970,1,2096.00,1193.00,68.00,80.00,7.5017,-1,-1,-1
3970,2,1827.00,942.00,96.00,66.00,6.6973,-1,-1,-1
3971,1,2096.00,1194.00,68.00,79.00,7.4989,-1,-1,-1
3971,2,1826.00,942.00,98.00,66.00,6.7836,-1,-1,-1
3972,1,2096.00,1194.00,69.00,79.00,7.5007,-1,-1,-1
3972,2,1825.00,941.00,98.00,67.00,6.8617,-1,-1,-1
3973,1,2097.00,1194.00,70.00,80.00,7.5152,-1,-1,-1
3973,2,1824.00,941.00,97.00,67.00,6.9199,-1,-1,-1
3974,1,2098.00,1195.00,70.00,79.00,7.5311,-1,-1,-1
3974,2,1823.00,941.00,99.00,67.00,6.9632,-1,-1,-1
3975,1,2099.00,1195.00,70.00,79.00,7.5603,-1,-1,-1
3975,2,1823.00,941.00,99.00,68.00,7.0140,-1,-1,-1
3976,1,2099.00,1196.00,71.00,80.00,7.5893,-1,-1,-1
3976,2,1823.00,941.00,99.00,69.00,7.0605,-1,-1,-1
3977,1,2101.00,1197.00,71.00,79.00,7.6146,-1,-1,-1
3977,2,1824.00,942.00,99.00,69.00,7.0867,-1,-1,-1
3978,1,2100.00,1198.00,73.00,78.00,7.6424,-1,-1,-1
3978,2,1822.00,941.00,102.00,72.00,7.1111,-1,-1,-1
3979,1,2100.00,1197.00,73.00,80.00,7.6667,-1,-1,-1
3979,2,1822.00,941.00,103.00,73.00,7.1244,-1,-1,-1
3980,1,2101.00,1198.00,71.00,78.00,7.6828,-1,-1,-1
3980,2,1822.00,942.00,103.00,71.00,7.1503,-1,-1,-1
3981,1,2102.00,1199.00,70.00,78.00,7.6914,-1,-1,-1
3981,2,1823.00,943.00,100.00,71.00,7.1310,-1,-1,-1
3982,1,2101.00,1199.00,73.00,79.00,7.6991,-1,-1,-1
3982,2,1823.00,944.00,100.00,72.00,7.1296,-1,-1,-1
3983,1,2101.00,1198.00,73.00,81.00,7.7020,-1,-1,-1
3983,2,1821.00,944.00,104.00,73.00,7.1065,-1,-1,-1
3984,1,2101.00,1199.00,74.00,81.00,7.7037,-1,-1,-1
3984,2,1820.00,945.00,105.00,72.00,7.0700,-1,-1,-1
3985,1,2100.00,1200.00,75.00,82.00,7.7026,-1,-1,-1
3985,2,1821.00,948.00,103.00,70.00,6.9599,-1,-1,-1
3986,1,2100.00,1200.00,75.00,82.00,7.6862,-1,-1,-1
3986,2,1819.00,949.00,106.00,73.00,6.9607,-1,-1,-1
3987,1,2098.00,1200.00,78.00,84.00,7.6736,-1,-1,-1
3987,2,1819.00,950.00,105.00,73.00,6.9935,-1,-1,-1
3988,1,2098.00,1202.00,76.00,82.00,7.6191,-1,-1,-1
3988,2,1818.00,952.00,106.00,74.00,7.0493,-1,-1,-1
3989,1,2096.00,1203.00,77.00,83.00,7.5765,-1,-1,-1
3989,2,1817.00,953.00,108.00,75.00,7.0987,-1,-1,-1
3990,1,2095.00,1203.00,79.00,84.00,7.5652,-1,-1,-1
3990,2,1816.00,955.00,107.00,75.00,7.1317,-1,-1,-1
3991,1,2094.00,1205.00,78.00,84.00,7.5386,-1,-1,-1
3991,2,1812.00,956.00,113.00,75.00,7.1763,-1,-1,-1
3992,1,2092.00,1206.00,81.00,84.00,7.5464,-1,-1,-1
3992,2,1811.00,958.00,112.00,76.00,7.2283,-1,-1,-1
3993,1,2091.00,1208.00,79.00,84.00,7.5735,-1,-1,-1
3993,2,1809.00,961.00,113.00,72.00,7.3078,-1,-1,-1
3994,1,2093.00,1210.00,77.00,83.00,7.5939,-1,-1,-1
3994,2,1808.00,964.00,112.00,72.00,7.3943,-1,-1,-1
3995,1,2092.00,1212.00,79.00,87.00,7.6006,-1,-1,-1
3995,2,1807.00,965.00,114.00,73.00,7.4681,-1,-1,-1
3996,1,2091.00,1214.00,75.00,84.00,7.5580,-1,-1,-1
3996,2,1805.00,967.00,114.00,73.00,7.4951,-1,-1,-1
3997,1,2089.00,1215.00,77.00,86.00,7.5430,-1,-1,-1
3997,2,1806.00,971.00,107.00,70.00,7.4716,-1,-1,-1
3998,1,2087.00,1217.00,80.00,88.00,7.5422,-1,-1,-1
3998,2,1804.00,974.00,108.00,70.00,7.4511,-1,-1,-1
3999,1,2085.00,1220.00,82.00,88.00,7.5725,-1,-1,-1
3999,2,1804.00,977.00,110.00,69.00,7.4554,-1,-1,-1
4000,1,2084.00,1222.00,82.00,87.00,7.6284,-1,-1,-1
4000,2,1803.00,980.00,111.00,70.00,7.4447,-1,-1,-1
4001,1,2083.00,1223.00,84.00,88.00,7.6911,-1,-1,-1
4001,2,1801.00,980.00,118.00,74.00,7.3915,-1,-1,-1
4002,1,2081.00,1228.00,85.00,86.00,7.7312,-1,-1,-1
4002,2,1799.00,982.00,120.00,79.00,7.3695,-1,-1,-1
4003,1,2081.00,1233.00,84.00,84.00,7.7630,-1,-1,-1
4003,2,1797.00,986.00,115.00,72.00,7.3936,-1,-1,-1
4004,1,2083.00,1235.00,78.00,85.00,7.7456,-1,-1,-1
4004,2,1796.00,989.00,111.00,71.00,7.4273,-1,-1,-1
4005,1,2082.00,1237.00,80.00,85.00,7.7002,-1,-1,-1
4005,2,1793.00,991.00,116.00,74.00,7.4296,-1,-1,-1
4006,1,2081.00,1241.00,81.00,84.00,7.6658,-1,-1,-1
4006,2,1793.00,997.00,113.00,69.00,7.2975,-1,-1,-1
4007,1,2081.00,1245.00,79.00,82.00,7.6282,-1,-1,-1
4007,2,1793.00,1001.00,110.00,68.00,7.2377,-1,-1,-1
4008,1,2081.00,1250.00,81.00,81.00,7.6378,-1,-1,-1
4008,2,1791.00,1002.00,115.00,70.00,7.2799,-1,-1,-1
4009,1,2081.00,1254.00,82.00,80.00,7.6698,-1,-1,-1
4009,2,1791.00,1006.00,114.00,70.00,7.3051,-1,-1,-1
4010,1,2082.00,1258.00,80.00,79.00,7.6990,-1,-1,-1
4010,2,1790.00,1010.00,113.00,67.00,7.3213,-1,-1,-1
4011,1,2082.00,1259.00,77.00,77.00,7.7111,-1,-1,-1
4011,2,1787.00,1013.00,113.00,67.00,7.3152,-1,-1,-1
4012,1,2082.00,1262.00,78.00,80.00,7.6838,-1,-1,-1
4012,2,1785.00,1016.00,114.00,70.00,7.3419,-1,-1,-1
4013,1,2080.00,1267.00,79.00,80.00,7.6783,-1,-1,-1
4013,2,1784.00,1020.00,112.00,67.00,7.3686,-1,-1,-1
4014,1,2079.00,1270.00,80.00,79.00,7.6752,-1,-1,-1
4014,2,1783.00,1022.00,117.00,70.00,7.3946,-1,-1,-1
4015,1,2078.00,1274.00,81.00,77.00,7.6656,-1,-1,-1
4015,2,1782.00,1025.00,115.00,69.00,7.4342,-1,-1,-1
4016,1,2077.00,1278.00,81.00,78.00,7.6574,-1,-1,-1
4016,2,1780.00,1028.00,120.00,70.00,7.5034,-1,-1,-1
4017,1,2077.00,1282.00,80.00,77.00,7.6523,-1,-1,-1
4017,2,1778.00,1032.00,117.00,69.00,7.4320,-1,-1,-1
4018,1,2078.00,1281.00,79.00,81.00,7.6097,-1,-1,-1
4018,2,1776.00,1035.00,113.00,69.00,7.3760,-1,-1,-1
4019,1,2076.00,1284.00,79.00,81.00,7.6343,-1,-1,-1
4019,2,1774.00,1038.00,114.00,70.00,7.3184,-1,-1,-1
4020,1,2073.00,1286.00,83.00,83.00,7.6518,-1,-1,-1
4020,2,1773.00,1042.00,116.00,71.00,7.2937,-1,-1,-1
4021,1,2072.00,1290.00,84.00,82.00,7.6803,-1,-1,-1
4021,2,1772.00,1047.00,114.00,67.00,7.2476,-1,-1,-1
4022,1,2071.00,1292.00,83.00,82.00,7.7183,-1,-1,-1
4022,2,1770.00,1049.00,116.00,69.00,7.2377,-1,-1,-1
4023,1,2069.00,1296.00,83.00,82.00,7.7109,-1,-1,-1
4023,2,1768.00,1051.00,122.00,70.00,7.2522,-1,-1,-1
4024,1,2069.00,1298.00,80.00,81.00,7.6741,-1,-1,-1
4024,2,1768.00,1056.00,114.00,70.00,7.2905,-1,-1,-1
4025,1,2067.00,1299.00,83.00,85.00,7.6568,-1,-1,-1
4025,2,1766.00,1060.00,116.00,71.00,7.3007,-1,-1,-1
4026,1,2067.00,1304.00,81.00,83.00,7.6509,-1,-1,-1
4026,2,1764.00,1063.00,119.00,71.00,7.2444,-1,-1,-1
4027,1,2066.00,1307.00,84.00,88.00,7.6704,-1,-1,-1
4027,2,1763.00,1065.00,118.00,72.00,7.1587,-1,-1,-1
4028,1,2066.00,1312.00,76.00,82.00,7.6676,-1,-1,-1
4028,2,1763.00,1070.00,115.00,70.00,7.0781,-1,-1,-1
4029,1,2065.00,1316.00,78.00,84.00,7.6381,-1,-1,-1
4029,2,1763.00,1074.00,115.00,70.00,7.0794,-1,-1,-1
4030,1,2062.00,1319.00,80.00,84.00,7.6754,-1,-1,-1
4030,2,1761.00,1077.00,110.00,70.00,7.1108,-1,-1,-1
4031,1,2061.00,1322.00,83.00,85.00,7.7254,-1,-1,-1
4031,2,1760.00,1083.00,107.00,67.00,7.0371,-1,-1,-1
4032,1,2059.00,1327.00,87.00,87.00,7.7603,-1,-1,-1
4032,2,1758.00,1086.00,109.00,71.00,7.0571,-1,-1,-1
4033,1,2059.00,1331.00,84.00,84.00,7.7720,-1,-1,-1
4033,2,1756.00,1091.00,107.00,69.00,7.0071,-1,-1,-1
4034,1,2057.00,1333.00,83.00,88.00,7.7248,-1,-1,-1
4034,2,1755.00,1096.00,104.00,69.00,6.9733,-1,-1,-1
4035,1,2056.00,1335.00,86.00,92.00,7.7038,-1,-1,-1
4035,2,1753.00,1099.00,106.00,68.00,7.0362,-1,-1,-1
4036,1,2054.00,1342.00,87.00,88.00,7.7276,-1,-1,-1
4036,2,1750.00,1103.00,112.00,69.00,7.1297,-1,-1,-1
4037,1,2054.00,1346.00,87.00,86.00,7.7153,-1,-1,-1
4037,2,1749.00,1107.00,111.00,69.00,7.1892,-1,-1,-1
4038,1,2054.00,1351.00,87.00,85.00,7.7256,-1,-1,-1
4038,2,1745.00,1112.00,111.00,69.00,7.1915,-1,-1,-1
4039,1,2054.00,1354.00,81.00,83.00,7.6432,-1,-1,-1
4039,2,1745.00,1119.00,109.00,67.00,7.0199,-1,-1,-1
4040,1,2053.00,1359.00,85.00,85.00,7.6136,-1,-1,-1
4040,2,1746.00,1122.00,107.00,68.00,7.0075,-1,-1,-1
4041,1,2052.00,1364.00,83.00,86.00,7.6013,-1,-1,-1
4041,2,1745.00,1128.00,108.00,65.00,7.0321,-1,-1,-1
4042,1,2053.00,1370.00,81.00,80.00,7.5580,-1,-1,-1
4042,2,1742.00,1132.00,110.00,62.00,7.0702,-1,-1,-1
4043,1,2053.00,1375.00,84.00,82.00,7.5473,-1,-1,-1
4043,2,1738.00,1134.00,115.00,71.00,7.1766,-1,-1,-1
4044,1,2053.00,1379.00,81.00,80.00,7.5048,-1,-1,-1
4044,2,1738.00,1140.00,113.00,68.00,7.1557,-1,-1,-1
4045,1,2052.00,1383.00,84.00,84.00,7.5116,-1,-1,-1
4045,2,1737.00,1143.00,114.00,70.00,7.2341,-1,-1,-1
4046,1,2053.00,1390.00,76.00,75.00,7.5180,-1,-1,-1
4046,2,1735.00,1147.00,118.00,70.00,7.3268,-1,-1,-1
4047,1,2051.00,1396.00,85.00,80.00,7.5500,-1,-1,-1
4047,2,1732.00,1152.00,119.00,67.00,7.3931,-1,-1,-1
4048,1,2050.00,1401.00,82.00,78.00,7.5195,-1,-1,-1
4048,2,1731.00,1158.00,121.00,68.00,7.4200,-1,-1,-1
4049,1,2051.00,1404.00,83.00,81.00,7.5212,-1,-1,-1
4049,2,1730.00,1163.00,115.00,69.00,7.4268,-1,-1,-1
4050,1,2052.00,1409.00,80.00,81.00,7.5450,-1,-1,-1
4050,2,1730.00,1171.00,110.00,60.00,7.3997,-1,-1,-1
4051,1,2051.00,1418.00,80.00,74.00,7.5199,-1,-1,-1
4051,2,1729.00,1174.00,114.00,65.00,7.4257,-1,-1,-1
4052,1,2050.00,1421.00,82.00,78.00,7.5273,-1,-1,-1
4052,2,1725.00,1177.00,118.00,67.00,7.3907,-1,-1,-1
4053,1,2049.00,1426.00,80.00,76.00,7.3877,-1,-1,-1
4053,2,1723.00,1183.00,117.00,66.00,7.3572,-1,-1,-1
4054,1,2050.00,1430.00,81.00,79.00,7.4016,-1,-1,-1
4054,2,1722.00,1187.00,119.00,67.00,7.3064,-1,-1,-1
4055,1,2049.00,1436.00,79.00,77.00,7.4261,-1,-1,-1
4055,2,1720.00,1192.00,120.00,65.00,7.2175,-1,-1,-1
4056,1,2048.00,1441.00,84.00,78.00,7.4641,-1,-1,-1
4056,2,1718.00,1195.00,122.00,67.00,7.2181,-1,-1,-1
4057,1,2048.00,1446.00,78.00,76.00,7.3982,-1,-1,-1
4057,2,1717.00,1202.00,116.00,63.00,7.2305,-1,-1,-1
4058,1,2046.00,1449.00,82.00,80.00,7.3785,-1,-1,-1
4058,2,1716.00,1206.00,117.00,67.00,7.2575,-1,-1,-1
4059,1,2046.00,1452.00,79.00,81.00,7.3873,-1,-1,-1
4059,2,1711.00,1209.00,125.00,71.00,7.2024,-1,-1,-1
4060,1,2044.00,1456.00,83.00,84.00,7.4420,-1,-1,-1
4060,2,1714.00,1218.00,117.00,66.00,7.0909,-1,-1,-1
4061,1,2041.00,1462.00,83.00,80.00,7.4586,-1,-1,-1
4061,2,1710.00,1220.00,123.00,68.00,7.0873,-1,-1,-1
4062,1,2038.00,1464.00,84.00,85.00,7.5024,-1,-1,-1
4062,2,1708.00,1224.00,123.00,68.00,7.0673,-1,-1,-1
4063,1,2039.00,1470.00,81.00,80.00,7.5444,-1,-1,-1
4063,2,1705.00,1230.00,128.00,68.00,7.0987,-1,-1,-1
4064,1,2035.00,1475.00,84.00,80.00,7.5691,-1,-1,-1
4064,2,1707.00,1236.00,123.00,66.00,7.1000,-1,-1,-1
4065,1,2031.00,1476.00,87.00,84.00,7.5596,-1,-1,-1
4065,2,1706.00,1243.00,116.00,64.00,7.1339,-1,-1,-1
4066,1,2031.00,1480.00,89.00,89.00,7.5177,-1,-1,-1
4066,2,1703.00,1246.00,116.00,66.00,7.1735,-1,-1,-1
4067,1,2029.00,1485.00,91.00,86.00,7.5369,-1,-1,-1
4067,2,1702.00,1251.00,117.00,66.00,7.1463,-1,-1,-1
4068,1,2029.00,1490.00,88.00,86.00,7.5747,-1,-1,-1
4068,2,1700.00,1255.00,118.00,67.00,7.1023,-1,-1,-1
4069,1,2029.00,1495.00,89.00,87.00,7.6083,-1,-1,-1
4069,2,1695.00,1256.00,121.00,72.00,7.1528,-1,-1,-1
4070,1,2028.00,1500.00,93.00,92.00,7.5781,-1,-1,-1
4070,2,1695.00,1263.00,122.00,69.00,7.1549,-1,-1,-1
4071,1,2028.00,1505.00,91.00,89.00,7.5644,-1,-1,-1
4071,2,1696.00,1268.00,116.00,68.00,7.2053,-1,-1,-1
4072,1,2028.00,1509.00,89.00,88.00,7.5498,-1,-1,-1
4072,2,1695.00,1271.00,111.00,68.00,7.2016,-1,-1,-1
4073,1,2027.00,1513.00,87.00,89.00,7.5469,-1,-1,-1
4073,2,1694.00,1275.00,113.00,69.00,7.1849,-1,-1,-1
4074,1,2026.00,1516.00,88.00,91.00,7.5264,-1,-1,-1
4074,2,1690.00,1276.00,118.00,73.00,7.1655,-1,-1,-1
4075,1,2026.00,1522.00,88.00,91.00,7.4869,-1,-1,-1
4075,2,1692.00,1281.00,115.00,73.00,7.1228,-1,-1,-1
4076,1,2025.00,1527.00,87.00,89.00,7.5092,-1,-1,-1
4076,2,1689.00,1285.00,118.00,75.00,7.1316,-1,-1,-1
4077,1,2026.00,1532.00,86.00,88.00,7.5170,-1,-1,-1
4077,2,1687.00,1289.00,115.00,73.00,7.1555,-1,-1,-1
4078,1,2023.00,1537.00,89.00,87.00,7.5041,-1,-1,-1
4078,2,1684.00,1291.00,120.00,74.00,7.2031,-1,-1,-1
4079,1,2024.00,1539.00,87.00,90.00,7.4110,-1,-1,-1
4079,2,1682.00,1297.00,118.00,73.00,7.1665,-1,-1,-1
4080,1,2023.00,1546.00,88.00,88.00,7.3631,-1,-1,-1
4080,2,1681.00,1302.00,118.00,73.00,7.1738,-1,-1,-1
4081,1,2022.00,1551.00,88.00,85.00,7.3726,-1,-1,-1
4081,2,1678.00,1305.00,117.00,74.00,7.1781,-1,-1,-1
4082,1,2021.00,1554.00,88.00,86.00,7.3916,-1,-1,-1
4082,2,1675.00,1313.00,115.00,70.00,7.2035,-1,-1,-1
4083,1,2020.00,1559.00,88.00,85.00,7.3972,-1,-1,-1
4083,2,1672.00,1315.00,121.00,73.00,7.2684,-1,-1,-1
4084,1,2020.00,1562.00,87.00,84.00,7.3548,-1,-1,-1
4084,2,1670.00,1316.00,125.00,75.00,7.3018,-1,-1,-1
4085,2,1669.00,1322.00,120.00,71.00,7.3099,-1,-1,-1
4085,1,2020.00,1565.00,85.00,84.00,7.2898,-1,-1,-1
4086,1,2018.00,1570.00,88.00,83.00,7.3082,-1,-1,-1
4086,2,1668.00,1325.00,119.00,71.00,7.2959,-1,-1,-1
4087,1,2016.00,1573.00,86.00,78.00,7.3511,-1,-1,-1
4087,2,1668.00,1328.00,120.00,73.00,7.2230,-1,-1,-1
4088,1,2016.00,1575.00,85.00,81.00,7.3566,-1,-1,-1
4088,2,1666.00,1329.00,120.00,74.00,7.1347,-1,-1,-1
4089,1,2017.00,1579.00,86.00,81.00,7.3937,-1,-1,-1
4089,2,1664.00,1332.00,122.00,77.00,7.1722,-1,-1,-1
4090,1,2016.00,1584.00,86.00,77.00,7.3807,-1,-1,-1
4090,2,1663.00,1335.00,121.00,76.00,7.2492,-1,-1,-1
4091,1,2015.00,1586.00,86.00,76.00,7.3469,-1,-1,-1
4091,2,1661.00,1338.00,124.00,75.00,7.3173,-1,-1,-1
4092,2,1658.00,1339.00,128.00,77.00,7.3812,-1,-1,-1
4092,1,2014.00,1589.00,81.00,72.00,7.3303,-1,-1,-1
4093,2,1655.00,1341.00,133.00,76.00,7.4064,-1,-1,-1
4093,1,2014.00,1591.00,79.00,71.00,7.3743,-1,-1,-1
4094,1,2013.00,1593.00,81.00,72.00,7.4440,-1,-1,-1
4094,2,1654.00,1343.00,130.00,78.00,7.4004,-1,-1,-1
4095,1,2011.00,1595.00,82.00,71.00,7.4764,-1,-1,-1
4095,2,1655.00,1346.00,128.00,75.00,7.3550,-1,-1,-1
4096,1,2010.00,1596.00,81.00,73.00,7.4672,-1,-1,-1
4096,2,1652.00,1348.00,133.00,77.00,7.3369,-1,-1,-1
4097,1,2008.00,1598.00,84.00,72.00,7.4705,-1,-1,-1
4097,2,1650.00,1350.00,140.00,77.00,7.3400,-1,-1,-1
4098,1,2007.00,1600.00,82.00,71.00,7.4614,-1,-1,-1
4098,2,1649.00,1356.00,131.00,73.00,7.3717,-1,-1,-1
4099,1,2005.00,1601.00,83.00,70.00,7.4394,-1,-1,-1
4099,2,1648.00,1359.00,128.00,70.00,7.3780,-1,-1,-1
4100,2,1647.00,1361.00,130.00,71.00,7.4089,-1,-1,-1
4100,1,2004.00,1602.00,87.00,74.00,7.3929,-1,-1,-1
4101,2,1647.00,1362.00,131.00,70.00,7.4228,-1,-1,-1
4101,1,2002.00,1602.00,87.00,74.00,7.3258,-1,-1,-1
4102,2,1646.00,1362.00,133.00,72.00,7.4397,-1,-1,-1
4102,1,1998.00,1599.00,92.00,79.00,7.3026,-1,-1,-1
4103,2,1644.00,1365.00,131.00,67.00,7.4106,-1,-1,-1
4103,1,1998.00,1600.00,88.00,76.00,7.3280,-1,-1,-1
4104,2,1644.00,1367.00,127.00,66.00,7.3876,-1,-1,-1
4104,1,1998.00,1600.00,87.00,77.00,7.3543,-1,-1,-1
4105,1,1996.00,1600.00,88.00,78.00,7.3632,-1,-1,-1
4105,2,1642.00,1369.00,126.00,65.00,7.3553,-1,-1,-1
4106,1,1995.00,1599.00,87.00,79.00,7.3582,-1,-1,-1
4106,2,1641.00,1369.00,132.00,66.00,7.3300,-1,-1,-1
4107,1,1993.00,1599.00,88.00,79.00,7.3551,-1,-1,-1
4107,2,1637.00,1368.00,137.00,67.00,7.3136,-1,-1,-1
4108,1,1992.00,1599.00,89.00,79.00,7.3616,-1,-1,-1
4108,2,1636.00,1369.00,131.00,65.00,7.2901,-1,-1,-1
4109,1,1988.00,1597.00,94.00,81.00,7.3727,-1,-1,-1
4109,2,1633.00,1369.00,135.00,65.00,7.2193,-1,-1,-1
4110,1,1986.00,1597.00,96.00,82.00,7.3925,-1,-1,-1
4110,2,1634.00,1370.00,124.00,63.00,7.1131,-1,-1,-1
4111,1,1985.00,1597.00,98.00,83.00,7.4105,-1,-1,-1
4111,2,1631.00,1374.00,115.00,59.00,7.0545,-1,-1,-1
4112,1,1984.00,1597.00,96.00,83.00,7.4179,-1,-1,-1
4112,2,1630.00,1373.00,115.00,61.00,7.0055,-1,-1,-1
4113,1,1985.00,1598.00,90.00,79.00,7.4240,-1,-1,-1
4113,2,1627.00,1374.00,118.00,62.00,7.0044,-1,-1,-1
4114,1,1984.00,1597.00,87.00,80.00,7.4375,-1,-1,-1
4114,2,1625.00,1373.00,120.00,64.00,7.0001,-1,-1,-1
4115,1,1983.00,1596.00,87.00,80.00,7.4658,-1,-1,-1
4115,2,1624.00,1373.00,122.00,64.00,7.0237,-1,-1,-1
4116,1,1982.00,1596.00,88.00,79.00,7.4968,-1,-1,-1
4116,2,1623.00,1374.00,122.00,63.00,7.0343,-1,-1,-1
4117,1,1980.00,1595.00,88.00,77.00,7.5084,-1,-1,-1
4117,2,1621.00,1374.00,120.00,62.00,7.0451,-1,-1,-1
4118,1,1980.00,1596.00,87.00,75.00,7.5073,-1,-1,-1
4118,2,1619.00,1376.00,116.00,60.00,7.0536,-1,-1,-1
4119,1,1979.00,1595.00,89.00,77.00,7.4940,-1,-1,-1
4119,2,1618.00,1375.00,113.00,62.00,7.0328,-1,-1,-1
4120,1,1979.00,1595.00,88.00,78.00,7.4710,-1,-1,-1
4120,2,1617.00,1374.00,113.00,63.00,7.0289,-1,-1,-1
4121,1,1979.00,1596.00,89.00,77.00,7.4524,-1,-1,-1
4121,2,1616.00,1374.00,114.00,63.00,7.0272,-1,-1,-1
4122,1,1978.00,1596.00,90.00,77.00,7.4343,-1,-1,-1
4122,2,1614.00,1373.00,116.00,65.00,7.0351,-1,-1,-1
4123,1,1977.00,1596.00,91.00,77.00,7.4075,-1,-1,-1
4123,2,1613.00,1374.00,118.00,65.00,7.0395,-1,-1,-1
4124,1,1974.00,1595.00,94.00,79.00,7.3612,-1,-1,-1
4124,2,1612.00,1373.00,119.00,66.00,7.0304,-1,-1,-1
4125,1,1975.00,1596.00,92.00,74.00,7.3038,-1,-1,-1
4125,2,1611.00,1373.00,119.00,65.00,7.0081,-1,-1,-1
4126,1,1974.00,1596.00,93.00,73.00,7.2377,-1,-1,-1
4126,2,1608.00,1372.00,121.00,66.00,6.9828,-1,-1,-1
4127,1,1974.00,1596.00,92.00,71.00,7.1766,-1,-1,-1
4127,2,1608.00,1372.00,121.00,66.00,6.9625,-1,-1,-1
4128,1,1970.00,1595.00,95.00,73.00,7.1454,-1,-1,-1
4128,2,1605.00,1372.00,122.00,67.00,6.9592,-1,-1,-1
4129,1,1968.00,1593.00,95.00,75.00,7.1001,-1,-1,-1
4129,2,1604.00,1371.00,123.00,68.00,6.9639,-1,-1,-1
4130,1,1968.00,1592.00,92.00,76.00,7.0390,-1,-1,-1
4130,2,1601.00,1372.00,124.00,67.00,6.9956,-1,-1,-1
4131,2,1599.00,1371.00,126.00,68.00,7.0311,-1,-1,-1
4131,1,1967.00,1592.00,92.00,76.00,7.0209,-1,-1,-1
4132,2,1597.00,1371.00,123.00,66.00,7.0653,-1,-1,-1
4132,1,1967.00,1592.00,92.00,74.00,7.0278,-1,-1,-1
4133,2,1597.00,1372.00,123.00,65.00,7.0881,-1,-1,-1
4133,1,1965.00,1592.00,94.00,73.00,7.0594,-1,-1,-1
4134,2,1595.00,1373.00,121.00,63.00,7.1158,-1,-1,-1
4134,1,1964.00,1591.00,95.00,73.00,7.1134,-1,-1,-1
4135,1,1962.00,1590.00,99.00,74.00,7.1717,-1,-1,-1
4135,2,1595.00,1372.00,120.00,64.00,7.1507,-1,-1,-1
4136,1,1962.00,1590.00,98.00,74.00,7.2226,-1,-1,-1
4136,2,1594.00,1372.00,119.00,65.00,7.1770,-1,-1,-1
4137,1,1961.00,1590.00,98.00,73.00,7.2713,-1,-1,-1
4137,2,1592.00,1373.00,118.00,65.00,7.1926,-1,-1,-1
4138,1,1961.00,1591.00,94.00,72.00,7.3096,-1,-1,-1
4138,2,1589.00,1373.00,121.00,65.00,7.1998,-1,-1,-1
4139,1,1959.00,1590.00,97.00,71.00,7.3178,-1,-1,-1
4139,2,1588.00,1373.00,121.00,65.00,7.1785,-1,-1,-1
4140,1,1960.00,1590.00,91.00,69.00,7.2928,-1,-1,-1
4140,2,1588.00,1373.00,119.00,65.00,7.1722,-1,-1,-1
4141,1,1958.00,1589.00,90.00,70.00,7.2763,-1,-1,-1
4141,2,1585.00,1373.00,118.00,64.00,7.1332,-1,-1,-1
4142,1,1955.00,1587.00,92.00,71.00,7.2307,-1,-1,-1
4142,2,1582.00,1373.00,120.00,65.00,7.1171,-1,-1,-1
4143,1,1955.00,1587.00,88.00,69.00,7.2180,-1,-1,-1
4143,2,1581.00,1372.00,123.00,67.00,7.0931,-1,-1,-1
4144,1,1952.00,1586.00,91.00,70.00,7.2403,-1,-1,-1
4144,2,1580.00,1372.00,123.00,67.00,7.1007,-1,-1,-1
4145,1,1948.00,1584.00,94.00,72.00,7.2839,-1,-1,-1
4145,2,1577.00,1373.00,123.00,66.00,7.1067,-1,-1,-1
4146,1,1946.00,1583.00,94.00,72.00,7.3189,-1,-1,-1
4146,2,1576.00,1373.00,124.00,67.00,7.1137,-1,-1,-1
4147,1,1944.00,1581.00,95.00,73.00,7.3590,-1,-1,-1
4147,2,1575.00,1375.00,121.00,64.00,7.0866,-1,-1,-1
4148,1,1945.00,1580.00,91.00,73.00,7.3767,-1,-1,-1
4148,2,1574.00,1376.00,117.00,62.00,7.0399,-1,-1,-1
4149,1,1943.00,1579.00,93.00,74.00,7.3821,-1,-1,-1
4149,2,1572.00,1376.00,116.00,61.00,6.9762,-1,-1,-1
4150,1,1939.00,1575.00,97.00,78.00,7.3962,-1,-1,-1
4150,2,1572.00,1374.00,120.00,63.00,6.9856,-1,-1,-1
4151,1,1938.00,1575.00,97.00,77.00,7.4369,-1,-1,-1
4151,2,1571.00,1373.00,111.00,64.00,6.9653,-1,-1,-1
4152,1,1938.00,1574.00,94.00,77.00,7.4815,-1,-1,-1
4152,2,1570.00,1374.00,110.00,64.00,6.9750,-1,-1,-1
4153,1,1938.00,1574.00,89.00,75.00,7.5225,-1,-1,-1
4153,2,1568.00,1373.00,111.00,65.00,6.9724,-1,-1,-1
4154,1,1937.00,1574.00,90.00,75.00,7.5616,-1,-1,-1
4154,2,1567.00,1375.00,112.00,64.00,6.9398,-1,-1,-1
4155,1,1936.00,1574.00,90.00,75.00,7.5975,-1,-1,-1
4155,2,1567.00,1375.00,110.00,63.00,6.9084,-1,-1,-1
4156,1,1936.00,1574.00,88.00,75.00,7.6301,-1,-1,-1
4156,2,1564.00,1375.00,113.00,64.00,6.8716,-1,-1,-1
4157,1,1935.00,1575.00,88.00,73.00,7.6548,-1,-1,-1
4157,2,1561.00,1375.00,112.00,64.00,6.8234,-1,-1,-1
4158,1,1935.00,1575.00,85.00,71.00,7.6644,-1,-1,-1
4158,2,1560.00,1374.00,114.00,65.00,6.7744,-1,-1,-1
4159,1,1935.00,1575.00,84.00,71.00,7.6586,-1,-1,-1
4159,2,1558.00,1374.00,118.00,65.00,6.7539,-1,-1,-1
4160,1,1935.00,1575.00,82.00,71.00,7.6439,-1,-1,-1
4160,2,1557.00,1373.00,117.00,67.00,6.6982,-1,-1,-1
4161,1,1934.00,1575.00,83.00,70.00,7.6261,-1,-1,-1
4161,2,1556.00,1372.00,118.00,69.00,6.6754,-1,-1,-1
4162,1,1933.00,1575.00,84.00,69.00,7.6062,-1,-1,-1
4162,2,1555.00,1371.00,118.00,69.00,6.6759,-1,-1,-1
4163,1,1932.00,1575.00,85.00,70.00,7.5737,-1,-1,-1
4163,2,1554.00,1368.00,120.00,72.00,6.7250,-1,-1,-1
4164,1,1931.00,1575.00,85.00,69.00,7.5355,-1,-1,-1
4164,2,1551.00,1367.00,123.00,73.00,6.7965,-1,-1,-1
4165,1,1928.00,1574.00,88.00,70.00,7.4744,-1,-1,-1
4165,2,1550.00,1367.00,124.00,72.00,6.8704,-1,-1,-1
4166,1,1925.00,1571.00,90.00,75.00,7.3964,-1,-1,-1
4166,2,1548.00,1365.00,127.00,74.00,6.9376,-1,-1,-1
4167,1,1923.00,1570.00,91.00,75.00,7.3382,-1,-1,-1
4167,2,1545.00,1364.00,131.00,76.00,7.0177,-1,-1,-1
4168,1,1921.00,1570.00,94.00,75.00,7.2318,-1,-1,-1
4168,2,1545.00,1364.00,129.00,76.00,7.0779,-1,-1,-1
4169,1,1922.00,1572.00,90.00,71.00,7.1611,-1,-1,-1
4169,2,1543.00,1364.00,123.00,76.00,7.1251,-1,-1,-1
4170,2,1541.00,1362.00,124.00,80.00,7.1604,-1,-1,-1
4170,1,1920.00,1570.00,91.00,76.00,7.1175,-1,-1,-1
4171,2,1536.00,1360.00,130.00,83.00,7.2022,-1,-1,-1
4171,1,1918.00,1569.00,93.00,76.00,7.1448,-1,-1,-1
4172,2,1535.00,1360.00,129.00,85.00,7.2411,-1,-1,-1
4172,1,1916.00,1568.00,95.00,77.00,7.1956,-1,-1,-1
4173,2,1534.00,1360.00,128.00,84.00,7.2790,-1,-1,-1
4173,1,1914.00,1567.00,96.00,77.00,7.2707,-1,-1,-1
4174,1,1914.00,1567.00,95.00,77.00,7.3387,-1,-1,-1
4174,2,1533.00,1359.00,130.00,86.00,7.2994,-1,-1,-1
4175,1,1915.00,1567.00,93.00,74.00,7.3989,-1,-1,-1
4175,2,1532.00,1360.00,131.00,85.00,7.3250,-1,-1,-1
4176,1,1913.00,1566.00,95.00,76.00,7.4476,-1,-1,-1
4176,2,1531.00,1361.00,131.00,83.00,7.3281,-1,-1,-1
4177,1,1912.00,1566.00,96.00,75.00,7.4782,-1,-1,-1
4177,2,1531.00,1363.00,129.00,81.00,7.3246,-1,-1,-1
4178,1,1913.00,1566.00,93.00,73.00,7.4895,-1,-1,-1
4178,2,1530.00,1365.00,128.00,79.00,7.3164,-1,-1,-1
4179,1,1912.00,1566.00,94.00,72.00,7.4933,-1,-1,-1
4179,2,1529.00,1365.00,129.00,80.00,7.2991,-1,-1,-1
4180,1,1910.00,1565.00,96.00,73.00,7.4999,-1,-1,-1
4180,2,1526.00,1366.00,130.00,79.00,7.2796,-1,-1,-1
4181,1,1909.00,1565.00,94.00,72.00,7.5024,-1,-1,-1
4181,2,1525.00,1367.00,130.00,79.00,7.2701,-1,-1,-1
4182,1,1908.00,1565.00,93.00,71.00,7.4799,-1,-1,-1
4182,2,1522.00,1368.00,133.00,78.00,7.2547,-1,-1,-1
4183,1,1907.00,1564.00,92.00,72.00,7.4289,-1,-1,-1
4183,2,1520.00,1369.00,134.00,78.00,7.2475,-1,-1,-1
4184,1,1906.00,1564.00,93.00,72.00,7.3883,-1,-1,-1
4184,2,1516.00,1368.00,135.00,80.00,7.2453,-1,-1,-1
4185,1,1905.00,1564.00,92.00,71.00,7.3458,-1,-1,-1
4185,2,1514.00,1369.00,135.00,80.00,7.2405,-1,-1,-1
4186,1,1904.00,1563.00,90.00,70.00,7.3297,-1,-1,-1
4186,2,1511.00,1368.00,139.00,81.00,7.2342,-1,-1,-1
4187,1,1902.00,1562.00,92.00,71.00,7.3333,-1,-1,-1
4187,2,1511.00,1369.00,140.00,80.00,7.2155,-1,-1,-1
4188,1,1901.00,1562.00,91.00,70.00,7.3252,-1,-1,-1
4188,2,1508.00,1370.00,139.00,79.00,7.2030,-1,-1,-1
4189,1,1900.00,1562.00,93.00,70.00,7.3191,-1,-1,-1
4189,2,1507.00,1372.00,134.00,77.00,7.1758,-1,-1,-1
4190,1,1900.00,1561.00,91.00,71.00,7.3057,-1,-1,-1
4190,2,1505.00,1373.00,131.00,76.00,7.1179,-1,-1,-1
4191,1,1900.00,1563.00,89.00,69.00,7.3068,-1,-1,-1
4191,2,1503.00,1376.00,129.00,73.00,7.0374,-1,-1,-1
4192,1,1898.00,1562.00,90.00,69.00,7.3244,-1,-1,-1
4192,2,1501.00,1373.00,134.00,76.00,6.9931,-1,-1,-1
4193,1,1896.00,1561.00,90.00,69.00,7.3466,-1,-1,-1
4193,2,1499.00,1375.00,133.00,74.00,6.8943,-1,-1,-1
4194,1,1892.00,1555.00,92.00,70.00,7.3610,-1,-1,-1
4194,2,1499.00,1375.00,126.00,70.00,6.7985,-1,-1,-1
4195,1,1893.00,1553.00,92.00,68.00,7.3625,-1,-1,-1
4195,2,1500.00,1376.00,119.00,65.00,6.7539,-1,-1,-1
4196,1,1890.00,1545.00,94.00,69.00,7.3665,-1,-1,-1
4196,2,1501.00,1370.00,104.00,60.00,6.7304,-1,-1,-1
4197,1,1887.00,1529.00,96.00,68.00,7.3573,-1,-1,-1
4197,2,1498.00,1355.00,115.00,63.00,6.6794,-1,-1,-1
4198,1,1885.00,1509.00,97.00,72.00,7.3757,-1,-1,-1
4198,2,1496.00,1333.00,125.00,68.00,6.5641,-1,-1,-1
4199,1,1885.00,1485.00,91.00,69.00,7.3355,-1,-1,-1
4199,2,1496.00,1309.00,125.00,68.00,6.4981,-1,-1,-1
4200,1,1883.00,1459.00,93.00,67.00,7.3831,-1,-1,-1
4200,2,1495.00,1287.00,121.00,65.00,6.5004,-1,-1,-1
4201,1,1882.00,1429.00,92.00,67.00,7.3700,-1,-1,-1
4201,2,1494.00,1261.00,112.00,61.00,6.5772,-1,-1,-1
4202,1,1880.00,1397.00,99.00,71.00,7.3426,-1,-1,-1
4202,2,1493.00,1229.00,115.00,62.00,6.5633,-1,-1,-1
4203,1,1879.00,1363.00,95.00,70.00,7.3939,-1,-1,-1
4203,2,1492.00,1201.00,114.00,60.00,6.6563,-1,-1,-1
4204,1,1878.00,1332.00,95.00,69.00,7.4462,-1,-1,-1
4204,2,1492.00,1169.00,112.00,60.00,6.7472,-1,-1,-1
4205,1,1879.00,1298.00,93.00,70.00,7.4169,-1,-1,-1
4205,2,1490.00,1134.00,113.00,60.00,6.7548,-1,-1,-1
4206,1,1876.00,1263.00,95.00,70.00,7.4020,-1,-1,-1
4206,2,1487.00,1102.00,114.00,60.00,6.8560,-1,-1,-1
4207,1,1873.00,1234.00,98.00,69.00,7.4593,-1,-1,-1
4207,2,1485.00,1068.00,116.00,64.00,6.8401,-1,-1,-1
4208,1,1873.00,1207.00,96.00,68.00,7.4267,-1,-1,-1
4208,2,1485.00,1042.00,116.00,62.00,6.8369,-1,-1,-1
4209,1,1873.00,1183.00,96.00,69.00,7.3978,-1,-1,-1
4209,2,1483.00,1017.00,119.00,64.00,6.8115,-1,-1,-1
4210,1,1870.00,1161.00,101.00,72.00,7.4172,-1,-1,-1
4210,2,1481.00,995.00,118.00,64.00,6.7763,-1,-1,-1
4211,1,1870.00,1141.00,95.00,69.00,7.3681,-1,-1,-1
4211,2,1480.00,980.00,120.00,64.00,6.8081,-1,-1,-1
4212,1,1867.00,1124.00,96.00,70.00,7.4047,-1,-1,-1
4212,2,1479.00,964.00,118.00,65.00,6.8472,-1,-1,-1
4213,1,1867.00,1113.00,98.00,71.00,7.4387,-1,-1,-1
4213,2,1475.00,950.00,125.00,66.00,6.7893,-1,-1,-1
4214,1,1864.00,1102.00,97.00,69.00,7.5106,-1,-1,-1
4214,2,1476.00,944.00,118.00,63.00,6.8366,-1,-1,-1
4215,1,1864.00,1094.00,98.00,72.00,7.5614,-1,-1,-1
4215,2,1474.00,937.00,118.00,63.00,6.8658,-1,-1,-1
4216,1,1862.00,1091.00,98.00,72.00,7.5857,-1,-1,-1
4216,2,1473.00,932.00,119.00,64.00,6.8619,-1,-1,-1
4217,1,1861.00,1089.00,97.00,71.00,7.6118,-1,-1,-1
4217,2,1471.00,931.00,121.00,65.00,6.8527,-1,-1,-1
4218,1,1861.00,1088.00,97.00,71.00,7.6239,-1,-1,-1
4218,2,1469.00,931.00,122.00,66.00,6.8724,-1,-1,-1
4219,1,1860.00,1087.00,98.00,72.00,7.6363,-1,-1,-1
4219,2,1466.00,931.00,123.00,67.00,6.8834,-1,-1,-1
4220,1,1859.00,1086.00,98.00,73.00,7.6404,-1,-1,-1
4220,2,1464.00,932.00,125.00,67.00,6.8906,-1,-1,-1
4221,1,1858.00,1087.00,97.00,72.00,7.6371,-1,-1,-1
4221,2,1463.00,933.00,118.00,63.00,6.8554,-1,-1,-1
4222,1,1858.00,1086.00,96.00,73.00,7.6393,-1,-1,-1
4222,2,1462.00,934.00,114.00,62.00,6.8283,-1,-1,-1
4223,1,1856.00,1085.00,95.00,75.00,7.6343,-1,-1,-1
4223,2,1460.00,935.00,116.00,63.00,6.8220,-1,-1,-1
4224,1,1856.00,1085.00,93.00,73.00,7.6430,-1,-1,-1
4224,2,1459.00,936.00,116.00,61.00,6.8251,-1,-1,-1
4225,1,1855.00,1085.00,92.00,71.00,7.6570,-1,-1,-1
4225,2,1457.00,936.00,116.00,62.00,6.8512,-1,-1,-1
4226,1,1855.00,1086.00,92.00,69.00,7.6662,-1,-1,-1
4226,2,1456.00,937.00,112.00,61.00,6.8515,-1,-1,-1
4227,1,1854.00,1087.00,91.00,68.00,7.6683,-1,-1,-1
4227,2,1454.00,938.00,117.00,61.00,6.8288,-1,-1,-1
4228,1,1853.00,1087.00,92.00,68.00,7.6706,-1,-1,-1
4228,2,1454.00,938.00,116.00,61.00,6.8244,-1,-1,-1
4229,1,1853.00,1087.00,90.00,67.00,7.6411,-1,-1,-1
4229,2,1453.00,938.00,123.00,63.00,6.8316,-1,-1,-1
4230,1,1853.00,1087.00,88.00,65.00,7.5821,-1,-1,-1
4230,2,1451.00,937.00,123.00,63.00,6.8320,-1,-1,-1
4231,1,1851.00,1087.00,90.00,65.00,7.5344,-1,-1,-1
4231,2,1450.00,938.00,121.00,61.00,6.7833,-1,-1,-1
4232,1,1849.00,1087.00,91.00,65.00,7.4874,-1,-1,-1
4232,2,1449.00,938.00,119.00,60.00,6.6989,-1,-1,-1
4233,1,1846.00,1085.00,94.00,68.00,7.4595,-1,-1,-1
4233,2,1449.00,938.00,110.00,61.00,6.6347,-1,-1,-1
4234,1,1844.00,1084.00,95.00,69.00,7.4672,-1,-1,-1
4234,2,1448.00,939.00,108.00,60.00,6.5843,-1,-1,-1
4235,1,1842.00,1083.00,95.00,69.00,7.4368,-1,-1,-1
4235,2,1447.00,941.00,97.00,58.00,6.5751,-1,-1,-1
4236,1,1839.00,1082.00,95.00,66.00,7.4122,-1,-1,-1
4236,2,1445.00,942.00,101.00,57.00,6.5672,-1,-1,-1
4237,1,1836.00,1080.00,97.00,67.00,7.3867,-1,-1,-1
4237,2,1443.00,942.00,100.00,57.00,6.5870,-1,-1,-1
4238,1,1834.00,1080.00,100.00,67.00,7.3110,-1,-1,-1
4238,2,1441.00,942.00,106.00,57.00,6.5650,-1,-1,-1
4239,1,1834.00,1079.00,96.00,66.00,7.2575,-1,-1,-1
4239,2,1439.00,941.00,108.00,58.00,6.5651,-1,-1,-1
4240,1,1832.00,1078.00,98.00,67.00,7.2180,-1,-1,-1
4240,2,1437.00,941.00,114.00,58.00,6.5524,-1,-1,-1
4241,1,1827.00,1077.00,106.00,70.00,7.2157,-1,-1,-1
4241,2,1434.00,941.00,115.00,60.00,6.5582,-1,-1,-1
4242,1,1826.00,1077.00,107.00,70.00,7.2370,-1,-1,-1
4242,2,1434.00,941.00,112.00,60.00,6.5790,-1,-1,-1
4243,1,1825.00,1077.00,105.00,72.00,7.2809,-1,-1,-1
4243,2,1433.00,942.00,110.00,60.00,6.5640,-1,-1,-1
4244,1,1823.00,1076.00,103.00,72.00,7.3304,-1,-1,-1
4244,2,1432.00,942.00,110.00,60.00,6.5920,-1,-1,-1
4245,1,1823.00,1075.00,100.00,70.00,7.3397,-1,-1,-1
4245,2,1430.00,942.00,107.00,60.00,6.6045,-1,-1,-1
4246,1,1823.00,1075.00,99.00,71.00,7.3114,-1,-1,-1
4246,2,1428.00,943.00,106.00,60.00,6.5913,-1,-1,-1
4247,1,1822.00,1075.00,100.00,71.00,7.2583,-1,-1,-1
4247,2,1427.00,944.00,106.00,59.00,6.5713,-1,-1,-1
4248,1,1824.00,1074.00,96.00,72.00,7.2267,-1,-1,-1
4248,2,1425.00,943.00,110.00,60.00,6.5396,-1,-1,-1
4249,1,1822.00,1074.00,99.00,73.00,7.2214,-1,-1,-1
4249,2,1424.00,943.00,108.00,61.00,6.5481,-1,-1,-1
4250,1,1820.00,1073.00,100.00,74.00,7.2344,-1,-1,-1
4250,2,1422.00,943.00,114.00,61.00,6.5695,-1,-1,-1
4251,1,1819.00,1073.00,101.00,72.00,7.2480,-1,-1,-1
4251,2,1420.00,943.00,114.00,62.00,6.6035,-1,-1,-1
4252,1,1817.00,1074.00,102.00,71.00,7.2638,-1,-1,-1
4252,2,1419.00,943.00,114.00,62.00,6.6231,-1,-1,-1
4253,1,1816.00,1075.00,100.00,69.00,7.2649,-1,-1,-1
4253,2,1417.00,945.00,113.00,62.00,6.6258,-1,-1,-1
4254,1,1815.00,1075.00,99.00,68.00,7.2861,-1,-1,-1
4254,2,1415.00,944.00,116.00,64.00,6.6590,-1,-1,-1
4255,1,1814.00,1076.00,97.00,67.00,7.3034,-1,-1,-1
4255,2,1414.00,943.00,117.00,64.00,6.6738,-1,-1,-1
4256,1,1814.00,1077.00,96.00,65.00,7.3035,-1,-1,-1
4256,2,1413.00,945.00,112.00,63.00,6.6832,-1,-1,-1
4257,1,1815.00,1078.00,91.00,62.00,7.2996,-1,-1,-1
4257,2,1411.00,945.00,112.00,63.00,6.7208,-1,-1,-1
4258,1,1814.00,1077.00,92.00,63.00,7.3114,-1,-1,-1
4258,2,1409.00,945.00,111.00,63.00,6.7550,-1,-1,-1
4259,1,1812.00,1077.00,94.00,64.00,7.3470,-1,-1,-1
4259,2,1406.00,944.00,118.00,66.00,6.7754,-1,-1,-1
4260,1,1812.00,1076.00,93.00,65.00,7.3824,-1,-1,-1
4260,2,1405.00,945.00,116.00,65.00,6.7912,-1,-1,-1
4261,1,1811.00,1077.00,92.00,64.00,7.4120,-1,-1,-1
4261,2,1404.00,945.00,111.00,65.00,6.8293,-1,-1,-1
4262,1,1810.00,1077.00,93.00,63.00,7.4336,-1,-1,-1
4262,2,1401.00,944.00,119.00,66.00,6.8250,-1,-1,-1
4263,1,1809.00,1075.00,93.00,66.00,7.4354,-1,-1,-1
4263,2,1399.00,943.00,118.00,69.00,6.8404,-1,-1,-1
4264,1,1808.00,1075.00,94.00,65.00,7.4518,-1,-1,-1
4264,2,1399.00,945.00,117.00,66.00,6.8453,-1,-1,-1
4265,1,1807.00,1074.00,94.00,66.00,7.4844,-1,-1,-1
4265,2,1398.00,945.00,114.00,66.00,6.8762,-1,-1,-1
4266,1,1807.00,1074.00,92.00,66.00,7.5184,-1,-1,-1
4266,2,1396.00,945.00,118.00,66.00,6.9024,-1,-1,-1
4267,1,1805.00,1073.00,94.00,66.00,7.5413,-1,-1,-1
4267,2,1394.00,947.00,116.00,65.00,6.9320,-1,-1,-1
4268,1,1804.00,1073.00,94.00,65.00,7.5474,-1,-1,-1
4268,2,1394.00,946.00,117.00,66.00,6.9354,-1,-1,-1
4269,1,1803.00,1073.00,95.00,65.00,7.5313,-1,-1,-1
4269,2,1392.00,948.00,119.00,65.00,6.9299,-1,-1,-1
4270,1,1803.00,1073.00,94.00,65.00,7.4908,-1,-1,-1
4270,2,1390.00,948.00,118.00,64.00,6.9068,-1,-1,-1
4271,1,1800.00,1073.00,96.00,65.00,7.3867,-1,-1,-1
4271,2,1389.00,948.00,114.00,64.00,6.8769,-1,-1,-1
4272,1,1799.00,1073.00,96.00,64.00,7.2985,-1,-1,-1
4272,2,1387.00,947.00,121.00,66.00,6.8919,-1,-1,-1
4273,1,1798.00,1073.00,96.00,63.00,7.2679,-1,-1,-1
4273,2,1383.00,947.00,128.00,67.00,6.9285,-1,-1,-1
4274,1,1796.00,1073.00,98.00,63.00,7.2858,-1,-1,-1
4274,2,1381.00,947.00,127.00,68.00,6.9404,-1,-1,-1
4275,1,1795.00,1073.00,97.00,63.00,7.3312,-1,-1,-1
4275,2,1381.00,948.00,126.00,67.00,6.9223,-1,-1,-1
4276,1,1793.00,1073.00,100.00,63.00,7.3832,-1,-1,-1
4276,2,1379.00,949.00,121.00,66.00,6.8254,-1,-1,-1
4277,1,1792.00,1074.00,99.00,61.00,7.4070,-1,-1,-1
4277,2,1378.00,950.00,119.00,65.00,6.7365,-1,-1,-1
4278,1,1791.00,1074.00,99.00,61.00,7.4026,-1,-1,-1
4278,2,1377.00,948.00,121.00,68.00,6.6816,-1,-1,-1
4279,1,1791.00,1075.00,98.00,60.00,7.3788,-1,-1,-1
4279,2,1375.00,950.00,116.00,66.00,6.6735,-1,-1,-1
4280,1,1788.00,1075.00,99.00,59.00,7.3348,-1,-1,-1
4280,2,1374.00,949.00,119.00,68.00,6.6714,-1,-1,-1
4281,1,1787.00,1075.00,97.00,59.00,7.2799,-1,-1,-1
4281,2,1372.00,947.00,124.00,71.00,6.6978,-1,-1,-1
4282,1,1786.00,1075.00,93.00,56.00,7.2192,-1,-1,-1
4282,2,1369.00,949.00,123.00,70.00,6.7191,-1,-1,-1
4283,1,1783.00,1073.00,95.00,58.00,7.1601,-1,-1,-1
4283,2,1368.00,953.00,118.00,66.00,6.7198,-1,-1,-1
4284,1,1781.00,1073.00,97.00,57.00,7.1418,-1,-1,-1
4284,2,1367.00,954.00,118.00,66.00,6.7369,-1,-1,-1
4285,1,1779.00,1073.00,95.00,57.00,7.1917,-1,-1,-1
4285,2,1365.00,954.00,121.00,66.00,6.7627,-1,-1,-1
4286,1,1778.00,1073.00,96.00,56.00,7.1888,-1,-1,-1
4286,2,1366.00,956.00,118.00,63.00,6.7809,-1,-1,-1
4287,1,1778.00,1071.00,93.00,57.00,7.1597,-1,-1,-1
4287,2,1363.00,956.00,122.00,64.00,6.8124,-1,-1,-1
4288,1,1776.00,1070.00,95.00,59.00,7.1546,-1,-1,-1
4288,2,1362.00,956.00,124.00,65.00,6.8555,-1,-1,-1
4289,1,1774.00,1069.00,97.00,59.00,7.1596,-1,-1,-1
4289,2,1360.00,955.00,127.00,68.00,6.9153,-1,-1,-1
4290,1,1771.00,1069.00,99.00,59.00,7.1298,-1,-1,-1
4290,2,1359.00,958.00,120.00,64.00,6.9157,-1,-1,-1
4291,1,1770.00,1069.00,98.00,59.00,7.0993,-1,-1,-1
4291,2,1359.00,959.00,118.00,62.00,6.9100,-1,-1,-1
4292,1,1768.00,1069.00,100.00,59.00,7.1076,-1,-1,-1
4292,2,1357.00,960.00,119.00,61.00,6.8897,-1,-1,-1
4293,1,1767.00,1068.00,100.00,61.00,7.1162,-1,-1,-1
4293,2,1355.00,960.00,121.00,63.00,6.8836,-1,-1,-1
4294,1,1764.00,1069.00,103.00,60.00,7.1384,-1,-1,-1
4294,2,1354.00,960.00,122.00,64.00,6.8727,-1,-1,-1
4295,1,1764.00,1069.00,103.00,60.00,7.1522,-1,-1,-1
4295,2,1351.00,960.00,126.00,65.00,6.8406,-1,-1,-1
4296,1,1762.00,1069.00,104.00,60.00,7.1849,-1,-1,-1
4296,2,1350.00,963.00,119.00,63.00,6.7729,-1,-1,-1
4297,1,1762.00,1069.00,102.00,58.00,7.1922,-1,-1,-1
4297,2,1349.00,964.00,117.00,62.00,6.7638,-1,-1,-1
4298,1,1762.00,1068.00,98.00,58.00,7.2152,-1,-1,-1
4298,2,1348.00,966.00,115.00,60.00,6.7730,-1,-1,-1
4299,1,1762.00,1068.00,96.00,58.00,7.2243,-1,-1,-1
4299,2,1346.00,967.00,112.00,60.00,6.8190,-1,-1,-1
4300,1,1758.00,1068.00,100.00,59.00,7.2202,-1,-1,-1
4300,2,1345.00,965.00,111.00,63.00,6.8518,-1,-1,-1
4301,1,1757.00,1067.00,102.00,61.00,7.2520,-1,-1,-1
4301,2,1343.00,964.00,106.00,63.00,6.8713,-1,-1,-1
4302,1,1756.00,1066.00,101.00,62.00,7.3105,-1,-1,-1
4302,2,1342.00,964.00,106.00,63.00,6.8810,-1,-1,-1
4303,1,1755.00,1065.00,101.00,63.00,7.3711,-1,-1,-1
4303,2,1339.00,962.00,110.00,67.00,6.9088,-1,-1,-1
4304,1,1755.00,1065.00,99.00,62.00,7.4196,-1,-1,-1
4304,2,1337.00,961.00,108.00,67.00,6.9513,-1,-1,-1
4305,1,1754.00,1066.00,99.00,61.00,7.4689,-1,-1,-1
4305,2,1334.00,962.00,109.00,68.00,7.0044,-1,-1,-1
4306,1,1753.00,1066.00,99.00,60.00,7.4993,-1,-1,-1
4306,2,1334.00,963.00,104.00,68.00,7.0198,-1,-1,-1
4307,1,1752.00,1066.00,100.00,60.00,7.5229,-1,-1,-1
4307,2,1332.00,963.00,105.00,68.00,7.0231,-1,-1,-1
4308,1,1751.00,1066.00,99.00,60.00,7.5364,-1,-1,-1
4308,2,1331.00,964.00,103.00,68.00,7.0161,-1,-1,-1
4309,1,1750.00,1066.00,97.00,59.00,7.5099,-1,-1,-1
4309,2,1330.00,964.00,106.00,68.00,7.0231,-1,-1,-1
4310,1,1749.00,1066.00,99.00,59.00,7.4871,-1,-1,-1
4310,2,1328.00,965.00,106.00,68.00,7.0378,-1,-1,-1
4311,1,1748.00,1066.00,98.00,58.00,7.4542,-1,-1,-1
4311,2,1326.00,965.00,110.00,70.00,7.0540,-1,-1,-1
4312,1,1745.00,1066.00,101.00,57.00,7.4215,-1,-1,-1
4312,2,1325.00,966.00,110.00,68.00,7.0617,-1,-1,-1
4313,1,1744.00,1066.00,101.00,57.00,7.3992,-1,-1,-1
4313,2,1323.00,968.00,112.00,67.00,7.1036,-1,-1,-1
4314,1,1743.00,1065.00,100.00,58.00,7.3837,-1,-1,-1
4314,2,1321.00,967.00,116.00,70.00,7.1762,-1,-1,-1
4315,1,1743.00,1066.00,95.00,55.00,7.3522,-1,-1,-1
4315,2,1319.00,967.00,119.00,70.00,7.2358,-1,-1,-1
4316,1,1742.00,1065.00,97.00,57.00,7.3156,-1,-1,-1
4316,2,1317.00,967.00,120.00,70.00,7.2533,-1,-1,-1
4317,1,1742.00,1065.00,95.00,56.00,7.2968,-1,-1,-1
4317,2,1316.00,967.00,121.00,71.00,7.2700,-1,-1,-1
4318,2,1310.00,965.00,129.00,77.00,7.2832,-1,-1,-1
4318,1,1741.00,1065.00,92.00,54.00,7.2728,-1,-1,-1
4319,2,1308.00,965.00,130.00,78.00,7.2826,-1,-1,-1
4319,1,1740.00,1065.00,92.00,54.00,7.2689,-1,-1,-1
4320,1,1739.00,1066.00,91.00,53.00,7.2626,-1,-1,-1
4320,2,1307.00,966.00,129.00,77.00,7.2602,-1,-1,-1
4321,1,1739.00,1066.00,88.00,51.00,7.2592,-1,-1,-1
4321,2,1309.00,973.00,111.00,67.00,7.1355,-1,-1,-1
4322,1,1737.00,1066.00,90.00,52.00,7.2591,-1,-1,-1
4322,2,1308.00,974.00,110.00,67.00,7.0447,-1,-1,-1
4323,1,1734.00,1065.00,92.00,53.00,7.2784,-1,-1,-1
4323,2,1306.00,975.00,110.00,66.00,6.9739,-1,-1,-1
4324,1,1731.00,1065.00,95.00,53.00,7.3206,-1,-1,-1
4324,2,1305.00,977.00,109.00,65.00,6.9047,-1,-1,-1
4325,1,1727.00,1064.00,100.00,55.00,7.3577,-1,-1,-1
4325,2,1303.00,975.00,115.00,68.00,6.8558,-1,-1,-1
4326,1,1727.00,1065.00,98.00,53.00,7.3543,-1,-1,-1
4326,2,1302.00,976.00,115.00,67.00,6.8430,-1,-1,-1
4327,1,1724.00,1064.00,100.00,55.00,7.3534,-1,-1,-1
4327,2,1300.00,978.00,116.00,66.00,6.8406,-1,-1,-1
4328,1,1721.00,1060.00,102.00,58.00,7.3605,-1,-1,-1
4328,2,1299.00,978.00,115.00,66.00,6.8420,-1,-1,-1
4329,1,1718.00,1060.00,103.00,58.00,7.4106,-1,-1,-1
4329,2,1297.00,979.00,115.00,66.00,6.8120,-1,-1,-1
4330,1,1716.00,1059.00,104.00,59.00,7.4884,-1,-1,-1
4330,2,1296.00,979.00,117.00,67.00,6.7693,-1,-1,-1
4331,1,1712.00,1058.00,107.00,59.00,7.5432,-1,-1,-1
4331,2,1295.00,981.00,115.00,66.00,6.7138,-1,-1,-1
4332,1,1710.00,1057.00,109.00,60.00,7.5575,-1,-1,-1
4332,2,1294.00,982.00,109.00,65.00,6.6310,-1,-1,-1
4333,1,1711.00,1057.00,102.00,59.00,7.5468,-1,-1,-1
4333,2,1292.00,982.00,110.00,65.00,6.5669,-1,-1,-1
4334,1,1710.00,1057.00,103.00,59.00,7.5275,-1,-1,-1
4334,2,1291.00,980.00,117.00,68.00,6.5338,-1,-1,-1
4335,1,1707.00,1056.00,107.00,61.00,7.4854,-1,-1,-1
4335,2,1289.00,981.00,117.00,67.00,6.5443,-1,-1,-1
4336,1,1705.00,1056.00,108.00,61.00,7.4882,-1,-1,-1
4336,2,1287.00,982.00,115.00,66.00,6.5722,-1,-1,-1
4337,1,1703.00,1055.00,110.00,63.00,7.5051,-1,-1,-1
4337,2,1287.00,983.00,105.00,65.00,6.5559,-1,-1,-1
4338,1,1701.00,1055.00,111.00,63.00,7.5036,-1,-1,-1
4338,2,1284.00,984.00,109.00,65.00,6.5476,-1,-1,-1
4339,1,1701.00,1055.00,108.00,62.00,7.4941,-1,-1,-1
4339,2,1283.00,985.00,109.00,64.00,6.5252,-1,-1,-1
4340,1,1700.00,1055.00,108.00,60.00,7.4767,-1,-1,-1
4340,2,1282.00,987.00,106.00,65.00,6.4957,-1,-1,-1
4341,1,1702.00,1058.00,101.00,55.00,7.4304,-1,-1,-1
4341,2,1282.00,988.00,104.00,64.00,6.5178,-1,-1,-1
4342,1,1702.00,1058.00,98.00,55.00,7.3909,-1,-1,-1
4342,2,1281.00,989.00,103.00,63.00,6.5470,-1,-1,-1
4343,1,1700.00,1054.00,99.00,60.00,7.3603,-1,-1,-1
4343,2,1280.00,990.00,100.00,62.00,6.5893,-1,-1,-1
4344,1,1699.00,1055.00,99.00,59.00,7.3394,-1,-1,-1
4344,2,1277.00,991.00,102.00,63.00,6.6397,-1,-1,-1
4345,1,1698.00,1055.00,98.00,58.00,7.3282,-1,-1,-1
4345,2,1276.00,992.00,104.00,62.00,6.6945,-1,-1,-1
4346,1,1697.00,1055.00,99.00,59.00,7.3558,-1,-1,-1
4346,2,1273.00,991.00,112.00,65.00,6.7631,-1,-1,-1
4347,1,1695.00,1054.00,101.00,60.00,7.4180,-1,-1,-1
4347,2,1272.00,991.00,112.00,65.00,6.8103,-1,-1,-1
4348,1,1694.00,1055.00,101.00,59.00,7.4715,-1,-1,-1
4348,2,1270.00,990.00,116.00,68.00,6.8569,-1,-1,-1
4349,1,1693.00,1055.00,102.00,60.00,7.5148,-1,-1,-1
4349,2,1269.00,990.00,114.00,68.00,6.9042,-1,-1,-1
4350,1,1692.00,1054.00,103.00,63.00,7.5491,-1,-1,-1
4350,2,1266.00,991.00,115.00,68.00,6.9480,-1,-1,-1
4351,1,1691.00,1055.00,104.00,64.00,7.5436,-1,-1,-1
4351,2,1265.00,992.00,116.00,67.00,6.9803,-1,-1,-1
4352,1,1691.00,1056.00,99.00,61.00,7.5360,-1,-1,-1
4352,2,1263.00,992.00,115.00,67.00,7.0001,-1,-1,-1
4353,1,1690.00,1056.00,98.00,59.00,7.5322,-1,-1,-1
4353,2,1261.00,991.00,118.00,69.00,7.0103,-1,-1,-1
4354,1,1690.00,1056.00,96.00,59.00,7.5310,-1,-1,-1
4354,2,1259.00,990.00,122.00,70.00,7.0288,-1,-1,-1
4355,1,1689.00,1056.00,96.00,58.00,7.5177,-1,-1,-1
4355,2,1258.00,989.00,124.00,72.00,7.0523,-1,-1,-1
4356,1,1689.00,1056.00,94.00,56.00,7.4947,-1,-1,-1
4356,2,1257.00,990.00,120.00,70.00,7.0369,-1,-1,-1
4357,1,1685.00,1054.00,97.00,57.00,7.4311,-1,-1,-1
4357,2,1257.00,991.00,113.00,68.00,6.9985,-1,-1,-1
4358,1,1684.00,1053.00,98.00,58.00,7.4132,-1,-1,-1
4358,2,1256.00,990.00,117.00,69.00,6.9888,-1,-1,-1
4359,1,1682.00,1053.00,100.00,58.00,7.4074,-1,-1,-1
4359,2,1253.00,989.00,120.00,72.00,7.0070,-1,-1,-1
4360,1,1680.00,1053.00,101.00,59.00,7.4191,-1,-1,-1
4360,2,1251.00,991.00,120.00,72.00,7.0008,-1,-1,-1
4361,1,1679.00,1054.00,102.00,57.00,7.4130,-1,-1,-1
4361,2,1250.00,991.00,122.00,72.00,6.9974,-1,-1,-1
4362,1,1679.00,1056.00,99.00,56.00,7.3570,-1,-1,-1
4362,2,1249.00,992.00,123.00,72.00,7.0030,-1,-1,-1
4363,1,1674.00,1052.00,104.00,61.00,7.3662,-1,-1,-1
4363,2,1247.00,993.00,123.00,72.00,6.9987,-1,-1,-1
4364,1,1670.00,1052.00,108.00,61.00,7.4306,-1,-1,-1
4364,2,1245.00,993.00,124.00,73.00,6.9664,-1,-1,-1
4365,1,1668.00,1052.00,110.00,62.00,7.5081,-1,-1,-1
4365,2,1243.00,997.00,122.00,71.00,6.8990,-1,-1,-1
4366,1,1665.00,1051.00,113.00,63.00,7.5951,-1,-1,-1
4366,2,1241.00,1000.00,115.00,68.00,6.6983,-1,-1,-1
4367,1,1664.00,1051.00,112.00,64.00,7.6768,-1,-1,-1
4367,2,1239.00,1003.00,107.00,66.00,6.5547,-1,-1,-1
4368,1,1663.00,1052.00,111.00,61.00,7.7281,-1,-1,-1
4368,2,1239.00,1005.00,103.00,64.00,6.4627,-1,-1,-1
4369,1,1661.00,1053.00,112.00,60.00,7.7459,-1,-1,-1
4369,2,1237.00,1004.00,104.00,64.00,6.3967,-1,-1,-1
4370,1,1660.00,1054.00,107.00,57.00,7.6915,-1,-1,-1
4370,2,1235.00,1005.00,103.00,64.00,6.3871,-1,-1,-1
4371,1,1658.00,1054.00,107.00,57.00,7.6339,-1,-1,-1
4371,2,1234.00,1006.00,99.00,63.00,6.4114,-1,-1,-1
4372,1,1657.00,1053.00,109.00,58.00,7.5766,-1,-1,-1
4372,2,1235.00,1010.00,94.00,61.00,6.4292,-1,-1,-1
4373,1,1657.00,1052.00,105.00,58.00,7.4775,-1,-1,-1
4373,2,1232.00,1007.00,96.00,63.00,6.4708,-1,-1,-1
4374,1,1655.00,1051.00,109.00,60.00,7.4126,-1,-1,-1
4374,2,1232.00,1006.00,97.00,65.00,6.5285,-1,-1,-1
4375,1,1655.00,1052.00,108.00,60.00,7.3846,-1,-1,-1
4375,2,1230.00,1007.00,98.00,67.00,6.5606,-1,-1,-1
4376,1,1654.00,1051.00,105.00,62.00,7.3077,-1,-1,-1
4376,2,1228.00,1006.00,97.00,71.00,6.6043,-1,-1,-1
4377,1,1653.00,1052.00,101.00,61.00,7.1444,-1,-1,-1
4377,2,1226.00,1005.00,101.00,74.00,6.6509,-1,-1,-1
4378,1,1653.00,1051.00,98.00,61.00,7.0354,-1,-1,-1
4378,2,1225.00,1005.00,96.00,73.00,6.7037,-1,-1,-1
4379,1,1652.00,1052.00,98.00,60.00,7.0015,-1,-1,-1
4379,2,1223.00,1003.00,101.00,77.00,6.7782,-1,-1,-1
4380,1,1652.00,1052.00,97.00,60.00,6.9784,-1,-1,-1
4380,2,1221.00,1003.00,105.00,78.00,6.8400,-1,-1,-1
4381,1,1651.00,1051.00,98.00,61.00,6.9315,-1,-1,-1
4381,2,1220.00,1004.00,99.00,77.00,6.8696,-1,-1,-1
4382,1,1651.00,1051.00,97.00,60.00,6.9128,-1,-1,-1
4382,2,1217.00,1003.00,100.00,79.00,6.8856,-1,-1,-1
4383,1,1650.00,1052.00,98.00,59.00,6.9064,-1,-1,-1
4383,2,1215.00,1005.00,102.00,77.00,6.9032,-1,-1,-1
4384,1,1649.00,1052.00,99.00,59.00,6.9284,-1,-1,-1
4384,2,1213.00,1006.00,103.00,78.00,6.9240,-1,-1,-1
4385,1,1648.00,1053.00,99.00,59.00,6.9530,-1,-1,-1
4385,2,1212.00,1009.00,104.00,74.00,6.9358,-1,-1,-1
4386,1,1647.00,1053.00,101.00,61.00,7.0279,-1,-1,-1
4386,2,1211.00,1011.00,106.00,73.00,6.9405,-1,-1,-1
4387,1,1645.00,1054.00,101.00,59.00,7.0725,-1,-1,-1
4387,2,1207.00,1011.00,113.00,76.00,6.9694,-1,-1,-1
4388,1,1645.00,1054.00,95.00,57.00,7.1078,-1,-1,-1
4388,2,1207.00,1013.00,111.00,75.00,7.0087,-1,-1,-1
4389,1,1644.00,1053.00,96.00,57.00,7.1487,-1,-1,-1
4389,2,1206.00,1014.00,109.00,73.00,7.0313,-1,-1,-1
4390,1,1642.00,1053.00,96.00,57.00,7.1758,-1,-1,-1
4390,2,1205.00,1015.00,108.00,73.00,7.0594,-1,-1,-1
4391,1,1642.00,1053.00,94.00,58.00,7.2101,-1,-1,-1
4391,2,1205.00,1015.00,108.00,73.00,7.0915,-1,-1,-1
4392,1,1641.00,1054.00,95.00,57.00,7.2424,-1,-1,-1
4392,2,1204.00,1017.00,106.00,71.00,7.0964,-1,-1,-1
4393,1,1640.00,1053.00,96.00,60.00,7.2773,-1,-1,-1
4393,2,1203.00,1019.00,106.00,70.00,7.0541,-1,-1,-1
4394,1,1638.00,1053.00,98.00,60.00,7.3136,-1,-1,-1
4394,2,1202.00,1018.00,107.00,72.00,7.0088,-1,-1,-1
4395,1,1638.00,1052.00,97.00,60.00,7.3278,-1,-1,-1
4395,2,1200.00,1017.00,112.00,74.00,6.9616,-1,-1,-1
4396,1,1636.00,1052.00,98.00,60.00,7.3549,-1,-1,-1
4396,2,1199.00,1021.00,110.00,69.00,6.8513,-1,-1,-1
4397,1,1635.00,1053.00,98.00,58.00,7.3848,-1,-1,-1
4397,2,1200.00,1024.00,101.00,68.00,6.6816,-1,-1,-1
4398,1,1632.00,1052.00,103.00,59.00,7.4331,-1,-1,-1
4398,2,1199.00,1027.00,91.00,67.00,6.5848,-1,-1,-1
4399,1,1630.00,1052.00,106.00,59.00,7.4768,-1,-1,-1
4399,2,1198.00,1028.00,92.00,66.00,6.5479,-1,-1,-1
4400,1,1628.00,1051.00,108.00,60.00,7.4951,-1,-1,-1
4400,2,1198.00,1029.00,91.00,65.00,6.5656,-1,-1,-1
4401,1,1628.00,1052.00,107.00,59.00,7.4668,-1,-1,-1
4401,2,1196.00,1031.00,92.00,63.00,6.5959,-1,-1,-1
4402,1,1627.00,1053.00,107.00,58.00,7.4485,-1,-1,-1
4402,2,1196.00,1033.00,93.00,61.00,6.6043,-1,-1,-1
4403,1,1625.00,1052.00,110.00,60.00,7.4227,-1,-1,-1
4403,2,1194.00,1037.00,94.00,59.00,6.6267,-1,-1,-1
4404,1,1627.00,1053.00,106.00,58.00,7.3714,-1,-1,-1
4404,2,1194.00,1038.00,91.00,58.00,6.6426,-1,-1,-1
4405,1,1627.00,1055.00,106.00,56.00,7.3504,-1,-1,-1
4405,2,1194.00,1038.00,92.00,59.00,6.6730,-1,-1,-1
4406,1,1627.00,1056.00,105.00,54.00,7.3334,-1,-1,-1
4406,2,1194.00,1038.00,94.00,59.00,6.7029,-1,-1,-1
4407,1,1627.00,1056.00,106.00,54.00,7.3278,-1,-1,-1
4407,2,1192.00,1038.00,97.00,61.00,6.7104,-1,-1,-1
4408,1,1627.00,1056.00,108.00,54.00,7.3246,-1,-1,-1
4408,2,1192.00,1037.00,98.00,63.00,6.7487,-1,-1,-1
4409,1,1628.00,1056.00,105.00,53.00,7.2873,-1,-1,-1
4409,2,1192.00,1036.00,101.00,64.00,6.7594,-1,-1,-1
4410,1,1628.00,1057.00,105.00,52.00,7.2622,-1,-1,-1
4410,2,1191.00,1037.00,104.00,64.00,6.7537,-1,-1,-1
4411,1,1625.00,1055.00,111.00,55.00,7.2244,-1,-1,-1
4411,2,1191.00,1037.00,105.00,65.00,6.7315,-1,-1,-1
4412,1,1626.00,1056.00,105.00,54.00,7.1779,-1,-1,-1
4412,2,1191.00,1036.00,112.00,67.00,6.7138,-1,-1,-1
4413,1,1625.00,1055.00,106.00,55.00,7.1212,-1,-1,-1
4413,2,1192.00,1036.00,112.00,68.00,6.7287,-1,-1,-1
4414,1,1626.00,1056.00,104.00,54.00,7.0624,-1,-1,-1
4414,2,1192.00,1038.00,104.00,65.00,6.7324,-1,-1,-1
4415,1,1625.00,1057.00,103.00,53.00,7.0159,-1,-1,-1
4415,2,1190.00,1037.00,112.00,67.00,6.7609,-1,-1,-1
4416,1,1625.00,1057.00,103.00,52.00,6.9737,-1,-1,-1
4416,2,1190.00,1037.00,117.00,68.00,6.8113,-1,-1,-1
4417,1,1625.00,1057.00,102.00,52.00,6.9197,-1,-1,-1
4417,2,1189.00,1038.00,120.00,68.00,6.8545,-1,-1,-1
4418,1,1624.00,1058.00,101.00,51.00,6.8830,-1,-1,-1
4418,2,1188.00,1038.00,118.00,69.00,6.8826,-1,-1,-1
4419,2,1187.00,1039.00,117.00,67.00,6.9215,-1,-1,-1
4419,1,1624.00,1058.00,102.00,52.00,6.8650,-1,-1,-1
4420,2,1187.00,1039.00,116.00,68.00,6.9509,-1,-1,-1
4420,1,1623.00,1059.00,103.00,51.00,6.8845,-1,-1,-1
4421,2,1186.00,1039.00,113.00,68.00,6.9873,-1,-1,-1
4421,1,1623.00,1059.00,100.00,51.00,6.9283,-1,-1,-1
4422,2,1184.00,1041.00,113.00,67.00,7.0200,-1,-1,-1
4422,1,1620.00,1058.00,105.00,53.00,6.9985,-1,-1,-1
4423,1,1619.00,1058.00,106.00,54.00,7.0902,-1,-1,-1
4423,2,1184.00,1042.00,114.00,66.00,7.0508,-1,-1,-1
4424,1,1617.00,1057.00,107.00,55.00,7.1579,-1,-1,-1
4424,2,1184.00,1043.00,112.00,67.00,7.0927,-1,-1,-1
4425,1,1616.00,1058.00,104.00,54.00,7.1670,-1,-1,-1
4425,2,1183.00,1044.00,112.00,67.00,7.1508,-1,-1,-1
4426,2,1183.00,1045.00,109.00,66.00,7.2096,-1,-1,-1
4426,1,1617.00,1059.00,98.00,52.00,7.1959,-1,-1,-1
4427,2,1183.00,1046.00,108.00,66.00,7.2430,-1,-1,-1
4427,1,1616.00,1060.00,100.00,51.00,7.2067,-1,-1,-1
4428,2,1182.00,1046.00,107.00,66.00,7.2432,-1,-1,-1
4428,1,1614.00,1060.00,104.00,53.00,7.2299,-1,-1,-1
4429,1,1613.00,1061.00,104.00,52.00,7.2562,-1,-1,-1
4429,2,1180.00,1047.00,109.00,66.00,7.2282,-1,-1,-1
4430,1,1610.00,1059.00,108.00,56.00,7.2919,-1,-1,-1
4430,2,1179.00,1051.00,102.00,63.00,7.1301,-1,-1,-1
4431,1,1610.00,1059.00,107.00,55.00,7.3370,-1,-1,-1
4431,2,1177.00,1050.00,102.00,66.00,7.0562,-1,-1,-1
4432,1,1608.00,1060.00,107.00,53.00,7.3713,-1,-1,-1
4432,2,1174.00,1052.00,103.00,65.00,6.9926,-1,-1,-1
4433,1,1606.00,1060.00,109.00,53.00,7.3945,-1,-1,-1
4433,2,1171.00,1052.00,109.00,67.00,6.9472,-1,-1,-1
4434,1,1605.00,1061.00,108.00,52.00,7.4279,-1,-1,-1
4434,2,1169.00,1054.00,106.00,65.00,6.8972,-1,-1,-1
4435,1,1603.00,1061.00,108.00,51.00,7.4465,-1,-1,-1
4435,2,1168.00,1053.00,109.00,66.00,6.8466,-1,-1,-1
4436,1,1606.00,1063.00,102.00,48.00,7.4399,-1,-1,-1
4436,2,1165.00,1051.00,114.00,69.00,6.7535,-1,-1,-1
4437,1,1604.00,1063.00,104.00,50.00,7.4461,-1,-1,-1
4437,2,1163.00,1050.00,114.00,73.00,6.6862,-1,-1,-1
4438,1,1602.00,1064.00,107.00,49.00,7.4436,-1,-1,-1
4438,2,1160.00,1046.00,118.00,75.00,6.6407,-1,-1,-1
4439,1,1599.00,1063.00,108.00,51.00,7.4428,-1,-1,-1
4439,2,1158.00,1049.00,118.00,75.00,6.6250,-1,-1,-1
4440,1,1595.00,1060.00,112.00,54.00,7.4492,-1,-1,-1
4440,2,1158.00,1048.00,113.00,74.00,6.6128,-1,-1,-1
4441,1,1593.00,1061.00,115.00,54.00,7.4579,-1,-1,-1
4441,2,1157.00,1058.00,103.00,68.00,6.5451,-1,-1,-1
4442,1,1593.00,1061.00,115.00,55.00,7.4732,-1,-1,-1
4442,2,1158.00,1063.00,87.00,62.00,6.5346,-1,-1,-1
4443,1,1590.00,1061.00,116.00,55.00,7.4899,-1,-1,-1
4443,2,1156.00,1057.00,102.00,70.00,6.5113,-1,-1,-1
4444,1,1589.00,1061.00,115.00,54.00,7.4690,-1,-1,-1
4444,2,1154.00,1058.00,102.00,70.00,6.5133,-1,-1,-1
4445,1,1588.00,1060.00,114.00,55.00,7.4434,-1,-1,-1
4445,2,1152.00,1054.00,110.00,75.00,6.5337,-1,-1,-1
4446,1,1588.00,1060.00,114.00,56.00,7.3984,-1,-1,-1
4446,2,1150.00,1052.00,115.00,76.00,6.5770,-1,-1,-1
4447,1,1589.00,1062.00,106.00,53.00,7.3389,-1,-1,-1
4447,2,1148.00,1054.00,112.00,75.00,6.6132,-1,-1,-1
4448,1,1587.00,1062.00,107.00,53.00,7.2832,-1,-1,-1
4448,2,1144.00,1054.00,118.00,77.00,6.6723,-1,-1,-1
4449,1,1584.00,1060.00,108.00,56.00,7.2949,-1,-1,-1
4449,2,1142.00,1057.00,111.00,74.00,6.7281,-1,-1,-1
4450,1,1583.00,1060.00,106.00,56.00,7.3544,-1,-1,-1
4450,2,1140.00,1053.00,124.00,79.00,6.8057,-1,-1,-1
4451,1,1583.00,1060.00,104.00,56.00,7.4036,-1,-1,-1
4451,2,1139.00,1054.00,119.00,79.00,6.8873,-1,-1,-1
4452,1,1581.00,1060.00,105.00,56.00,7.4153,-1,-1,-1
4452,2,1137.00,1054.00,121.00,80.00,6.9465,-1,-1,-1
4453,1,1579.00,1062.00,104.00,54.00,7.4122,-1,-1,-1
4453,2,1136.00,1056.00,119.00,78.00,6.9827,-1,-1,-1
4454,1,1577.00,1062.00,105.00,53.00,7.4081,-1,-1,-1
4454,2,1134.00,1058.00,119.00,77.00,7.0168,-1,-1,-1
4455,1,1571.00,1059.00,113.00,57.00,7.3869,-1,-1,-1
4455,2,1132.00,1062.00,114.00,74.00,7.0023,-1,-1,-1
4456,1,1570.00,1059.00,113.00,57.00,7.4160,-1,-1,-1
4456,2,1132.00,1065.00,112.00,72.00,6.9977,-1,-1,-1
4457,1,1568.00,1059.00,112.00,57.00,7.4652,-1,-1,-1
4457,2,1130.00,1065.00,114.00,72.00,6.9996,-1,-1,-1
4458,1,1566.00,1059.00,112.00,56.00,7.4966,-1,-1,-1
4458,2,1129.00,1070.00,109.00,68.00,6.9974,-1,-1,-1
4459,1,1568.00,1061.00,102.00,52.00,7.5104,-1,-1,-1
4459,2,1127.00,1072.00,108.00,67.00,6.9527,-1,-1,-1
4460,1,1566.00,1061.00,103.00,53.00,7.5198,-1,-1,-1
4460,2,1128.00,1075.00,103.00,64.00,6.8430,-1,-1,-1
4461,1,1563.00,1059.00,103.00,56.00,7.5678,-1,-1,-1
4461,2,1125.00,1076.00,104.00,63.00,6.7264,-1,-1,-1
4462,1,1562.00,1059.00,103.00,57.00,7.6220,-1,-1,-1
4462,2,1124.00,1079.00,93.00,62.00,6.6525,-1,-1,-1
4463,1,1561.00,1060.00,105.00,57.00,7.6615,-1,-1,-1
4463,2,1123.00,1083.00,92.00,59.00,6.5774,-1,-1,-1
4464,1,1559.00,1060.00,106.00,57.00,7.7059,-1,-1,-1
4464,2,1121.00,1084.00,94.00,59.00,6.5874,-1,-1,-1
4465,1,1556.00,1060.00,109.00,57.00,7.7333,-1,-1,-1
4465,2,1119.00,1084.00,94.00,60.00,6.5737,-1,-1,-1
4466,1,1554.00,1062.00,107.00,55.00,7.7115,-1,-1,-1
4466,2,1118.00,1083.00,96.00,62.00,6.5566,-1,-1,-1
4467,1,1553.00,1061.00,107.00,56.00,7.6936,-1,-1,-1
4467,2,1115.00,1083.00,99.00,63.00,6.5572,-1,-1,-1
4468,1,1551.00,1061.00,108.00,55.00,7.6794,-1,-1,-1
4468,2,1115.00,1079.00,102.00,66.00,6.5718,-1,-1,-1
4469,1,1549.00,1058.00,111.00,59.00,7.6950,-1,-1,-1
4469,2,1112.00,1084.00,100.00,64.00,6.5796,-1,-1,-1
4470,1,1548.00,1057.00,113.00,60.00,7.7133,-1,-1,-1
4470,2,1110.00,1086.00,101.00,63.00,6.5883,-1,-1,-1
4471,1,1546.00,1058.00,114.00,59.00,7.7311,-1,-1,-1
4471,2,1109.00,1084.00,106.00,66.00,6.6147,-1,-1,-1
4472,1,1544.00,1057.00,116.00,60.00,7.7627,-1,-1,-1
4472,2,1107.00,1083.00,109.00,69.00,6.6500,-1,-1,-1
4473,1,1542.00,1057.00,118.00,60.00,7.7971,-1,-1,-1
4473,2,1105.00,1084.00,111.00,69.00,6.6809,-1,-1,-1
4474,1,1541.00,1058.00,117.00,59.00,7.8133,-1,-1,-1
4474,2,1105.00,1084.00,109.00,70.00,6.6932,-1,-1,-1
4475,1,1541.00,1057.00,117.00,60.00,7.8380,-1,-1,-1
4475,2,1103.00,1084.00,112.00,72.00,6.7519,-1,-1,-1
4476,1,1541.00,1060.00,115.00,57.00,7.8411,-1,-1,-1
4476,2,1100.00,1084.00,111.00,73.00,6.7995,-1,-1,-1
4477,1,1542.00,1061.00,113.00,57.00,7.8220,-1,-1,-1
4477,2,1097.00,1082.00,117.00,77.00,6.8489,-1,-1,-1
4478,1,1541.00,1061.00,114.00,57.00,7.7885,-1,-1,-1
4478,2,1095.00,1085.00,113.00,75.00,6.8946,-1,-1,-1
4479,1,1542.00,1062.00,108.00,56.00,7.7256,-1,-1,-1
4479,2,1093.00,1085.00,118.00,76.00,6.9307,-1,-1,-1
4480,1,1541.00,1064.00,108.00,54.00,7.6735,-1,-1,-1
4480,2,1091.00,1086.00,120.00,76.00,6.9527,-1,-1,-1
4481,1,1541.00,1064.00,106.00,54.00,7.6301,-1,-1,-1
4481,2,1090.00,1083.00,125.00,80.00,6.9662,-1,-1,-1
4482,1,1540.00,1064.00,105.00,54.00,7.5920,-1,-1,-1
4482,2,1089.00,1082.00,127.00,82.00,6.9959,-1,-1,-1
4483,1,1537.00,1065.00,107.00,54.00,7.5474,-1,-1,-1
4483,2,1088.00,1084.00,129.00,81.00,6.9931,-1,-1,-1
4484,1,1537.00,1065.00,99.00,55.00,7.5202,-1,-1,-1
4484,2,1086.00,1084.00,129.00,81.00,6.9977,-1,-1,-1
4485,1,1534.00,1066.00,98.00,54.00,7.4937,-1,-1,-1
4485,2,1084.00,1085.00,127.00,81.00,6.9872,-1,-1,-1
4486,1,1532.00,1066.00,98.00,54.00,7.4536,-1,-1,-1
4486,2,1083.00,1086.00,127.00,80.00,6.9593,-1,-1,-1
4487,1,1531.00,1067.00,100.00,53.00,7.4149,-1,-1,-1
4487,2,1083.00,1087.00,126.00,77.00,6.9094,-1,-1,-1
4488,1,1530.00,1067.00,99.00,52.00,7.3756,-1,-1,-1
4488,2,1080.00,1090.00,125.00,75.00,6.7943,-1,-1,-1
4489,1,1527.00,1068.00,102.00,51.00,7.3365,-1,-1,-1
4489,2,1080.00,1095.00,115.00,72.00,6.6919,-1,-1,-1
4490,1,1526.00,1068.00,103.00,52.00,7.2859,-1,-1,-1
4490,2,1078.00,1092.00,121.00,76.00,6.6367,-1,-1,-1
4491,1,1525.00,1069.00,101.00,51.00,7.2421,-1,-1,-1
4491,2,1074.00,1097.00,120.00,76.00,6.5885,-1,-1,-1
4492,1,1522.00,1069.00,103.00,52.00,7.2162,-1,-1,-1
4492,2,1072.00,1104.00,112.00,68.00,6.4771,-1,-1,-1
4493,1,1521.00,1069.00,101.00,52.00,7.1971,-1,-1,-1
4493,2,1072.00,1103.00,115.00,69.00,6.4173,-1,-1,-1
4494,1,1519.00,1069.00,101.00,52.00,7.1829,-1,-1,-1
4494,2,1074.00,1109.00,96.00,63.00,6.3338,-1,-1,-1
4495,1,1517.00,1070.00,102.00,52.00,7.1489,-1,-1,-1
4495,2,1068.00,1104.00,120.00,72.00,6.3742,-1,-1,-1
4496,1,1512.00,1067.00,109.00,57.00,7.1504,-1,-1,-1
4496,2,1071.00,1108.00,101.00,66.00,6.3581,-1,-1,-1
4497,1,1513.00,1071.00,104.00,51.00,7.1132,-1,-1,-1
4497,2,1069.00,1110.00,98.00,65.00,6.3894,-1,-1,-1
4498,1,1508.00,1070.00,112.00,55.00,7.1409,-1,-1,-1
4498,2,1067.00,1108.00,100.00,68.00,6.4399,-1,-1,-1
4499,1,1506.00,1070.00,115.00,55.00,7.1265,-1,-1,-1
4499,2,1067.00,1109.00,99.00,66.00,6.4928,-1,-1,-1
4500,1,1505.00,1071.00,108.00,55.00,7.1317,-1,-1,-1
4500,2,1064.00,1110.00,98.00,67.00,6.5552,-1,-1,-1
4501,1,1503.00,1071.00,110.00,56.00,7.1158,-1,-1,-1
4501,2,1062.00,1111.00,102.00,68.00,6.6254,-1,-1,-1
4502,1,1501.00,1071.00,110.00,56.00,7.1053,-1,-1,-1
4502,2,1061.00,1112.00,103.00,69.00,6.6718,-1,-1,-1
4503,1,1499.00,1072.00,109.00,55.00,7.1000,-1,-1,-1
4503,2,1059.00,1111.00,108.00,71.00,6.7119,-1,-1,-1
4504,1,1497.00,1073.00,110.00,54.00,7.0742,-1,-1,-1
4504,2,1059.00,1110.00,106.00,71.00,6.6970,-1,-1,-1
4505,1,1495.00,1074.00,110.00,53.00,7.0558,-1,-1,-1
4505,2,1058.00,1111.00,103.00,71.00,6.7031,-1,-1,-1
4506,1,1493.00,1075.00,110.00,53.00,7.0106,-1,-1,-1
4506,2,1057.00,1110.00,103.00,72.00,6.6901,-1,-1,-1
4507,1,1492.00,1075.00,108.00,53.00,6.9633,-1,-1,-1
4507,2,1055.00,1110.00,105.00,74.00,6.6884,-1,-1,-1
4508,1,1489.00,1074.00,108.00,56.00,6.9301,-1,-1,-1
4508,2,1053.00,1115.00,100.00,71.00,6.6161,-1,-1,-1
4509,1,1485.00,1071.00,112.00,61.00,6.8914,-1,-1,-1
4509,2,1049.00,1117.00,100.00,71.00,6.6248,-1,-1,-1
4510,1,1483.00,1071.00,112.00,61.00,6.8191,-1,-1,-1
4510,2,1046.00,1117.00,105.00,71.00,6.6826,-1,-1,-1
4511,1,1483.00,1073.00,107.00,58.00,6.7339,-1,-1,-1
4511,2,1045.00,1117.00,109.00,73.00,6.7126,-1,-1,-1
4512,2,1042.00,1117.00,111.00,74.00,6.7664,-1,-1,-1
4512,1,1480.00,1074.00,107.00,58.00,6.6437,-1,-1,-1
4513,2,1041.00,1118.00,111.00,73.00,6.7976,-1,-1,-1
4513,1,1479.00,1073.00,108.00,59.00,6.6185,-1,-1,-1
4514,2,1041.00,1119.00,111.00,71.00,6.8013,-1,-1,-1
4514,1,1478.00,1074.00,106.00,58.00,6.6136,-1,-1,-1
4515,2,1039.00,1123.00,107.00,69.00,6.7155,-1,-1,-1
4515,1,1479.00,1072.00,109.00,61.00,6.6564,-1,-1,-1
4516,1,1478.00,1073.00,109.00,61.00,6.6904,-1,-1,-1
4516,2,1038.00,1121.00,108.00,72.00,6.6197,-1,-1,-1
4517,1,1478.00,1073.00,108.00,61.00,6.7353,-1,-1,-1
4517,2,1038.00,1127.00,101.00,69.00,6.4827,-1,-1,-1
4518,1,1478.00,1073.00,109.00,62.00,6.7864,-1,-1,-1
4518,2,1037.00,1127.00,104.00,71.00,6.4059,-1,-1,-1
4519,1,1477.00,1073.00,111.00,62.00,6.8226,-1,-1,-1
4519,2,1036.00,1130.00,98.00,69.00,6.3664,-1,-1,-1
4520,1,1476.00,1074.00,111.00,61.00,6.8328,-1,-1,-1
4520,2,1032.00,1130.00,105.00,71.00,6.3276,-1,-1,-1
4521,1,1475.00,1074.00,110.00,61.00,6.8654,-1,-1,-1
4521,2,1028.00,1129.00,112.00,73.00,6.2457,-1,-1,-1
4522,1,1474.00,1075.00,112.00,61.00,6.8983,-1,-1,-1
4522,2,1029.00,1133.00,94.00,68.00,6.1716,-1,-1,-1
4523,1,1474.00,1075.00,111.00,60.00,6.9324,-1,-1,-1
4523,2,1026.00,1133.00,97.00,69.00,6.1332,-1,-1,-1
4524,1,1474.00,1078.00,106.00,57.00,6.9561,-1,-1,-1
4524,2,1025.00,1135.00,96.00,68.00,6.1484,-1,-1,-1
4525,1,1473.00,1078.00,106.00,57.00,6.9918,-1,-1,-1
4525,2,1023.00,1134.00,100.00,69.00,6.1898,-1,-1,-1
4526,1,1472.00,1078.00,106.00,57.00,7.0353,-1,-1,-1
4526,2,1021.00,1133.00,103.00,71.00,6.2062,-1,-1,-1
4527,1,1469.00,1079.00,105.00,56.00,7.0568,-1,-1,-1
4527,2,1020.00,1131.00,103.00,75.00,6.2371,-1,-1,-1
4528,1,1468.00,1079.00,104.00,57.00,7.0801,-1,-1,-1
4528,2,1020.00,1130.00,103.00,77.00,6.2351,-1,-1,-1
4529,1,1468.00,1079.00,103.00,57.00,7.0926,-1,-1,-1
4529,2,1019.00,1126.00,110.00,82.00,6.3059,-1,-1,-1
4530,1,1466.00,1080.00,104.00,57.00,7.0766,-1,-1,-1
4530,2,1018.00,1130.00,108.00,79.00,6.3410,-1,-1,-1
4531,1,1466.00,1080.00,104.00,59.00,7.1089,-1,-1,-1
4531,2,1017.00,1131.00,105.00,78.00,6.3609,-1,-1,-1
4532,1,1465.00,1081.00,100.00,58.00,7.1536,-1,-1,-1
4532,2,1017.00,1135.00,99.00,75.00,6.3621,-1,-1,-1
4533,1,1464.00,1082.00,100.00,57.00,7.2038,-1,-1,-1
4533,2,1015.00,1139.00,98.00,72.00,6.3288,-1,-1,-1
4534,1,1463.00,1082.00,101.00,57.00,7.2439,-1,-1,-1
4534,2,1014.00,1139.00,99.00,73.00,6.3132,-1,-1,-1
4535,1,1457.00,1083.00,105.00,57.00,7.2510,-1,-1,-1
4535,2,1013.00,1142.00,97.00,71.00,6.2771,-1,-1,-1
4536,1,1454.00,1082.00,105.00,58.00,7.2175,-1,-1,-1
4536,2,1010.00,1145.00,97.00,70.00,6.2612,-1,-1,-1
4537,1,1453.00,1083.00,103.00,57.00,7.1228,-1,-1,-1
4537,2,1008.00,1144.00,99.00,72.00,6.2624,-1,-1,-1
4538,1,1453.00,1082.00,104.00,57.00,7.0445,-1,-1,-1
4538,2,1007.00,1148.00,97.00,70.00,6.2793,-1,-1,-1
4539,1,1449.00,1082.00,103.00,56.00,6.9963,-1,-1,-1
4539,2,1006.00,1150.00,96.00,68.00,6.2843,-1,-1,-1
4540,1,1446.00,1083.00,102.00,55.00,6.9551,-1,-1,-1
4540,2,1006.00,1153.00,86.00,66.00,6.2722,-1,-1,-1
4541,1,1445.00,1082.00,102.00,56.00,6.9511,-1,-1,-1
4541,2,1006.00,1148.00,89.00,72.00,6.2790,-1,-1,-1
4542,1,1442.00,1080.00,102.00,60.00,6.9604,-1,-1,-1
4542,2,1003.00,1154.00,85.00,66.00,6.2948,-1,-1,-1
4543,1,1440.00,1081.00,103.00,60.00,7.0066,-1,-1,-1
4543,2,1001.00,1155.00,86.00,66.00,6.3397,-1,-1,-1
4544,1,1439.00,1082.00,102.00,59.00,7.0810,-1,-1,-1
4544,2,1001.00,1157.00,81.00,64.00,6.3692,-1,-1,-1
4545,1,1438.00,1082.00,102.00,58.00,7.1398,-1,-1,-1
4545,2,999.00,1155.00,85.00,68.00,6.4061,-1,-1,-1
4546,1,1435.00,1081.00,108.00,60.00,7.1971,-1,-1,-1
4546,2,998.00,1156.00,86.00,68.00,6.4387,-1,-1,-1
4547,1,1432.00,1081.00,113.00,61.00,7.2433,-1,-1,-1
4547,2,996.00,1156.00,90.00,70.00,6.4607,-1,-1,-1
4548,1,1431.00,1082.00,111.00,60.00,7.2416,-1,-1,-1
4548,2,995.00,1158.00,85.00,69.00,6.4926,-1,-1,-1
4549,1,1430.00,1081.00,112.00,60.00,7.2421,-1,-1,-1
4549,2,993.00,1159.00,85.00,69.00,6.5434,-1,-1,-1
4550,1,1427.00,1080.00,115.00,63.00,7.2836,-1,-1,-1
4550,2,991.00,1156.00,98.00,74.00,6.5435,-1,-1,-1
4551,1,1426.00,1080.00,115.00,63.00,7.3035,-1,-1,-1
4551,2,989.00,1154.00,105.00,77.00,6.5563,-1,-1,-1
4552,1,1424.00,1081.00,116.00,62.00,7.3190,-1,-1,-1
4552,2,989.00,1156.00,95.00,76.00,6.5526,-1,-1,-1
4553,1,1424.00,1081.00,115.00,62.00,7.3317,-1,-1,-1
4553,2,988.00,1156.00,94.00,76.00,6.5685,-1,-1,-1
4554,1,1424.00,1081.00,113.00,62.00,7.3681,-1,-1,-1
4554,2,986.00,1157.00,96.00,77.00,6.6360,-1,-1,-1
4555,1,1425.00,1083.00,111.00,60.00,7.3907,-1,-1,-1
4555,2,984.00,1157.00,98.00,78.00,6.6698,-1,-1,-1
4556,1,1425.00,1083.00,110.00,61.00,7.4138,-1,-1,-1
4556,2,981.00,1160.00,95.00,76.00,6.7228,-1,-1,-1
4557,1,1423.00,1083.00,111.00,61.00,7.4369,-1,-1,-1
4557,2,980.00,1157.00,99.00,80.00,6.7812,-1,-1,-1
4558,1,1423.00,1083.00,109.00,61.00,7.3778,-1,-1,-1
4558,2,977.00,1158.00,101.00,82.00,6.8148,-1,-1,-1
4559,1,1423.00,1087.00,103.00,58.00,7.2865,-1,-1,-1
4559,2,975.00,1162.00,96.00,80.00,6.7804,-1,-1,-1
4560,1,1421.00,1088.00,105.00,58.00,7.2223,-1,-1,-1
4560,2,974.00,1166.00,94.00,76.00,6.6320,-1,-1,-1
4561,1,1420.00,1090.00,102.00,56.00,7.1263,-1,-1,-1
4561,2,975.00,1174.00,88.00,70.00,6.5050,-1,-1,-1
4562,1,1418.00,1091.00,105.00,56.00,7.0327,-1,-1,-1
4562,2,974.00,1174.00,89.00,70.00,6.3513,-1,-1,-1
4563,1,1416.00,1091.00,107.00,57.00,6.9732,-1,-1,-1
4563,2,971.00,1172.00,96.00,74.00,6.2563,-1,-1,-1
4564,1,1416.00,1090.00,105.00,57.00,6.9402,-1,-1,-1
4564,2,971.00,1177.00,90.00,70.00,6.2140,-1,-1,-1
4565,1,1413.00,1090.00,101.00,58.00,6.9438,-1,-1,-1
4565,2,967.00,1169.00,108.00,81.00,6.2350,-1,-1,-1
4566,1,1412.00,1089.00,103.00,60.00,6.9567,-1,-1,-1
4566,2,965.00,1169.00,112.00,82.00,6.3007,-1,-1,-1
4567,1,1410.00,1090.00,103.00,60.00,6.9539,-1,-1,-1
4567,2,964.00,1171.00,109.00,80.00,6.3378,-1,-1,-1
4568,1,1409.00,1090.00,104.00,59.00,6.9516,-1,-1,-1
4568,2,962.00,1172.00,110.00,80.00,6.3372,-1,-1,-1
4569,1,1407.00,1091.00,103.00,57.00,6.9246,-1,-1,-1
4569,2,962.00,1172.00,110.00,81.00,6.3228,-1,-1,-1
4570,1,1406.00,1091.00,104.00,57.00,6.9152,-1,-1,-1
4570,2,962.00,1171.00,111.00,81.00,6.3216,-1,-1,-1
4571,1,1403.00,1092.00,107.00,58.00,6.9314,-1,-1,-1
4571,2,959.00,1174.00,111.00,79.00,6.2953,-1,-1,-1
4572,1,1403.00,1093.00,108.00,58.00,6.9543,-1,-1,-1
4572,2,962.00,1176.00,96.00,77.00,6.2617,-1,-1,-1
4573,1,1399.00,1087.00,114.00,70.00,6.9928,-1,-1,-1
4573,2,960.00,1165.00,123.00,94.00,6.3718,-1,-1,-1
4574,1,1397.00,1088.00,113.00,69.00,6.9275,-1,-1,-1
4574,2,959.00,1165.00,124.00,96.00,6.4457,-1,-1,-1
4575,1,1394.00,1091.00,111.00,67.00,6.8560,-1,-1,-1
4575,2,956.00,1167.00,122.00,94.00,6.4823,-1,-1,-1
4576,1,1393.00,1096.00,96.00,57.00,6.8293,-1,-1,-1
4576,2,953.00,1170.00,120.00,90.00,6.5204,-1,-1,-1
4577,1,1388.00,1097.00,102.00,59.00,6.7046,-1,-1,-1
4577,2,946.00,1174.00,114.00,86.00,6.5702,-1,-1,-1
4578,2,939.00,1171.00,124.00,93.00,6.6473,-1,-1,-1
4578,1,1382.00,1095.00,110.00,66.00,6.5433,-1,-1,-1
4579,2,938.00,1172.00,122.00,94.00,6.6938,-1,-1,-1
4579,1,1378.00,1094.00,113.00,68.00,6.4532,-1,-1,-1
4580,2,934.00,1174.00,123.00,96.00,6.6815,-1,-1,-1
4580,1,1375.00,1093.00,120.00,71.00,6.4408,-1,-1,-1
4581,2,935.00,1172.00,127.00,98.00,6.7572,-1,-1,-1
4581,1,1375.00,1095.00,117.00,68.00,6.4403,-1,-1,-1
4582,2,944.00,1186.00,102.00,79.00,6.5904,-1,-1,-1
4582,1,1382.00,1097.00,106.00,61.00,6.4837,-1,-1,-1
4583,1,1378.00,1100.00,107.00,59.00,6.5497,-1,-1,-1
4583,2,941.00,1189.00,100.00,78.00,6.5048,-1,-1,-1
4584,1,1377.00,1100.00,109.00,60.00,6.6000,-1,-1,-1
4584,2,939.00,1189.00,101.00,80.00,6.4222,-1,-1,-1
4585,1,1376.00,1098.00,111.00,63.00,6.6546,-1,-1,-1
4585,2,938.00,1194.00,93.00,75.00,6.3706,-1,-1,-1
4586,1,1376.00,1101.00,105.00,59.00,6.7189,-1,-1,-1
4586,2,937.00,1196.00,89.00,73.00,6.3244,-1,-1,-1
4587,1,1376.00,1101.00,103.00,59.00,6.7608,-1,-1,-1
4587,2,936.00,1197.00,91.00,73.00,6.2973,-1,-1,-1
4588,1,1373.00,1101.00,106.00,60.00,6.8171,-1,-1,-1
4588,2,936.00,1203.00,78.00,66.00,6.2553,-1,-1,-1
4589,1,1372.00,1101.00,108.00,61.00,6.8788,-1,-1,-1
4589,2,933.00,1202.00,83.00,69.00,6.2260,-1,-1,-1
4590,1,1371.00,1101.00,107.00,61.00,6.9156,-1,-1,-1
4590,2,931.00,1203.00,84.00,70.00,6.1920,-1,-1,-1
4591,1,1371.00,1103.00,106.00,58.00,6.9155,-1,-1,-1
4591,2,929.00,1209.00,78.00,65.00,6.2093,-1,-1,-1
4592,1,1370.00,1104.00,107.00,57.00,6.9053,-1,-1,-1
4592,2,929.00,1208.00,78.00,68.00,6.2030,-1,-1,-1
4593,1,1370.00,1105.00,108.00,57.00,6.8825,-1,-1,-1
4593,2,928.00,1209.00,77.00,68.00,6.1825,-1,-1,-1
4594,1,1369.00,1106.00,105.00,56.00,6.8881,-1,-1,-1
4594,2,928.00,1209.00,78.00,70.00,6.2061,-1,-1,-1
4595,1,1368.00,1106.00,104.00,57.00,6.9076,-1,-1,-1
4595,2,926.00,1210.00,82.00,71.00,6.2085,-1,-1,-1
4596,1,1367.00,1106.00,99.00,57.00,6.9387,-1,-1,-1
4596,2,924.00,1210.00,83.00,73.00,6.2269,-1,-1,-1
4597,1,1367.00,1106.00,98.00,57.00,6.9356,-1,-1,-1
4597,2,921.00,1211.00,85.00,74.00,6.1843,-1,-1,-1
4598,1,1367.00,1106.00,98.00,58.00,6.9331,-1,-1,-1
4598,2,921.00,1207.00,92.00,76.00,6.1586,-1,-1,-1
4599,1,1366.00,1106.00,98.00,58.00,6.9252,-1,-1,-1
4599,2,921.00,1207.00,93.00,77.00,6.1627,-1,-1,-1
4600,1,1364.00,1107.00,100.00,58.00,6.9305,-1,-1,-1
4600,2,920.00,1206.00,98.00,81.00,6.2046,-1,-1,-1
4601,1,1362.00,1104.00,105.00,62.00,6.9152,-1,-1,-1
4601,2,918.00,1207.00,101.00,80.00,6.2457,-1,-1,-1
4602,1,1361.00,1107.00,99.00,59.00,6.8481,-1,-1,-1
4602,2,917.00,1207.00,104.00,81.00,6.3165,-1,-1,-1
4603,1,1360.00,1108.00,98.00,58.00,6.7548,-1,-1,-1
4603,2,914.00,1210.00,99.00,80.00,6.2031,-1,-1,-1
4604,1,1358.00,1112.00,91.00,54.00,6.6831,-1,-1,-1
4604,2,911.00,1210.00,107.00,82.00,6.0666,-1,-1,-1
4605,1,1354.00,1111.00,97.00,54.00,6.6166,-1,-1,-1
4605,2,907.00,1211.00,110.00,82.00,5.8315,-1,-1,-1
4606,1,1350.00,1113.00,92.00,53.00,6.5869,-1,-1,-1
4606,2,904.00,1211.00,114.00,85.00,5.7272,-1,-1,-1
4607,1,1349.00,1113.00,91.00,53.00,6.5674,-1,-1,-1
4607,2,903.00,1207.00,118.00,90.00,5.6490,-1,-1,-1
4608,1,1348.00,1113.00,90.00,54.00,6.5799,-1,-1,-1
4608,2,902.00,1214.00,104.00,84.00,5.5737,-1,-1,-1
4609,1,1346.00,1113.00,92.00,53.00,6.5852,-1,-1,-1
4609,2,900.00,1216.00,102.00,83.00,5.5733,-1,-1,-1
4610,1,1343.00,1113.00,98.00,53.00,6.6025,-1,-1,-1
4610,2,899.00,1214.00,103.00,86.00,5.5241,-1,-1,-1
4611,1,1340.00,1113.00,95.00,54.00,6.6344,-1,-1,-1
4611,2,899.00,1218.00,99.00,82.00,5.4239,-1,-1,-1
4612,1,1337.00,1114.00,99.00,55.00,6.6987,-1,-1,-1
4612,2,899.00,1220.00,97.00,81.00,5.3644,-1,-1,-1
4613,1,1335.00,1115.00,99.00,54.00,6.7659,-1,-1,-1
4613,2,896.00,1220.00,101.00,82.00,5.2857,-1,-1,-1
4614,1,1334.00,1114.00,103.00,56.00,6.8188,-1,-1,-1
4614,2,898.00,1233.00,78.00,68.00,5.2074,-1,-1,-1
4615,1,1333.00,1115.00,98.00,55.00,6.8667,-1,-1,-1
4615,2,896.00,1223.00,95.00,80.00,4.8411,-1,-1,-1
4616,1,1331.00,1114.00,103.00,57.00,6.8869,-1,-1,-1
4616,2,892.00,1218.00,107.00,87.00,4.6038,-1,-1,-1
4617,1,1329.00,1115.00,102.00,58.00,6.8831,-1,-1,-1
4617,2,893.00,1228.00,88.00,76.00,4.6142,-1,-1,-1
4618,1,1327.00,1115.00,103.00,60.00,6.8835,-1,-1,-1
4618,2,890.00,1231.00,89.00,75.00,4.7540,-1,-1,-1
4619,1,1327.00,1118.00,92.00,57.00,6.8389,-1,-1,-1
4619,2,890.00,1233.00,86.00,74.00,4.8679,-1,-1,-1
4620,1,1327.00,1117.00,97.00,57.00,6.8154,-1,-1,-1
4620,2,888.00,1236.00,85.00,72.00,5.0596,-1,-1,-1
4621,1,1326.00,1116.00,100.00,57.00,6.8387,-1,-1,-1
4621,2,886.00,1234.00,88.00,76.00,5.2367,-1,-1,-1
4622,1,1325.00,1114.00,101.00,60.00,6.8622,-1,-1,-1
4622,2,885.00,1239.00,85.00,72.00,5.3733,-1,-1,-1
4623,1,1323.00,1114.00,104.00,62.00,6.8660,-1,-1,-1
4623,2,882.00,1241.00,86.00,73.00,5.3967,-1,-1,-1
4624,1,1321.00,1114.00,105.00,64.00,6.8452,-1,-1,-1
4624,2,880.00,1240.00,90.00,75.00,5.3867,-1,-1,-1
4625,1,1319.00,1111.00,107.00,68.00,6.8543,-1,-1,-1
4625,2,880.00,1237.00,93.00,80.00,5.4218,-1,-1,-1
4626,1,1319.00,1113.00,103.00,65.00,6.8519,-1,-1,-1
4626,2,877.00,1235.00,100.00,83.00,5.4572,-1,-1,-1
4627,1,1319.00,1113.00,103.00,65.00,6.9007,-1,-1,-1
4627,2,875.00,1233.00,106.00,88.00,5.4461,-1,-1,-1
4628,1,1317.00,1115.00,104.00,64.00,6.9181,-1,-1,-1
4628,2,875.00,1235.00,105.00,85.00,5.4161,-1,-1,-1
4629,1,1316.00,1118.00,100.00,62.00,6.8945,-1,-1,-1
4629,2,873.00,1238.00,109.00,86.00,5.4755,-1,-1,-1
4630,1,1315.00,1119.00,98.00,61.00,6.8964,-1,-1,-1
4630,2,873.00,1241.00,105.00,83.00,5.5210,-1,-1,-1
4631,1,1313.00,1120.00,99.00,60.00,6.9074,-1,-1,-1
4631,2,871.00,1243.00,103.00,81.00,5.5851,-1,-1,-1
4632,1,1313.00,1120.00,99.00,60.00,6.9383,-1,-1,-1
4632,2,872.00,1247.00,94.00,79.00,5.6435,-1,-1,-1
4633,1,1312.00,1121.00,100.00,60.00,6.9491,-1,-1,-1
4633,2,872.00,1253.00,84.00,72.00,5.7138,-1,-1,-1
4634,1,1310.00,1122.00,99.00,61.00,6.9871,-1,-1,-1
4634,2,871.00,1255.00,84.00,72.00,5.8555,-1,-1,-1
4635,1,1308.00,1124.00,96.00,59.00,7.0254,-1,-1,-1
4635,2,867.00,1252.00,95.00,78.00,5.9607,-1,-1,-1
4636,1,1305.00,1125.00,97.00,59.00,7.0564,-1,-1,-1
4636,2,865.00,1253.00,92.00,78.00,6.0865,-1,-1,-1
4637,1,1302.00,1127.00,102.00,57.00,7.0940,-1,-1,-1
4637,2,862.00,1250.00,102.00,84.00,6.1714,-1,-1,-1
4638,1,1301.00,1128.00,102.00,58.00,7.0755,-1,-1,-1
4638,2,861.00,1252.00,101.00,81.00,6.2851,-1,-1,-1
4639,1,1298.00,1127.00,100.00,61.00,7.0672,-1,-1,-1
4639,2,860.00,1253.00,98.00,81.00,6.3690,-1,-1,-1
4640,1,1296.00,1130.00,98.00,58.00,7.0490,-1,-1,-1
4640,2,858.00,1251.00,103.00,85.00,6.4584,-1,-1,-1
4641,1,1295.00,1130.00,96.00,59.00,7.0339,-1,-1,-1
4641,2,857.00,1252.00,102.00,85.00,6.5485,-1,-1,-1
4642,1,1294.00,1130.00,101.00,59.00,7.0340,-1,-1,-1
4642,2,854.00,1251.00,107.00,87.00,6.6389,-1,-1,-1
4643,1,1291.00,1130.00,103.00,60.00,7.0413,-1,-1,-1
4643,2,853.00,1249.00,112.00,90.00,6.7088,-1,-1,-1
4644,1,1289.00,1132.00,99.00,58.00,7.0238,-1,-1,-1
4644,2,852.00,1253.00,106.00,87.00,6.6770,-1,-1,-1
4645,1,1288.00,1133.00,97.00,57.00,6.9970,-1,-1,-1
4645,2,851.00,1254.00,106.00,86.00,6.5645,-1,-1,-1
4646,1,1287.00,1133.00,98.00,57.00,6.9886,-1,-1,-1
4646,2,850.00,1255.00,106.00,85.00,6.3951,-1,-1,-1
4647,1,1285.00,1133.00,101.00,58.00,6.9910,-1,-1,-1
4647,2,848.00,1253.00,113.00,89.00,6.2947,-1,-1,-1
4648,1,1284.00,1133.00,103.00,59.00,6.9948,-1,-1,-1
4648,2,845.00,1260.00,112.00,85.00,6.1406,-1,-1,-1
4649,1,1283.00,1133.00,104.00,59.00,6.9793,-1,-1,-1
4649,2,845.00,1254.00,114.00,89.00,5.9322,-1,-1,-1
4650,1,1283.00,1133.00,105.00,58.00,6.9496,-1,-1,-1
4650,2,843.00,1262.00,111.00,84.00,5.8290,-1,-1,-1
4651,1,1283.00,1134.00,105.00,57.00,6.8918,-1,-1,-1
4651,2,841.00,1265.00,107.00,82.00,5.7017,-1,-1,-1
4652,1,1282.00,1133.00,108.00,59.00,6.8362,-1,-1,-1
4652,2,839.00,1263.00,112.00,86.00,5.6253,-1,-1,-1
4653,1,1280.00,1135.00,102.00,57.00,6.7665,-1,-1,-1
4653,2,835.00,1264.00,114.00,86.00,5.4488,-1,-1,-1
4654,1,1279.00,1137.00,94.00,56.00,6.6462,-1,-1,-1
4654,2,836.00,1262.00,115.00,86.00,5.2852,-1,-1,-1
4655,1,1279.00,1135.00,95.00,58.00,6.5252,-1,-1,-1
4655,2,836.00,1270.00,92.00,78.00,5.2386,-1,-1,-1
4656,1,1277.00,1136.00,98.00,57.00,6.4222,-1,-1,-1
4656,2,834.00,1271.00,94.00,79.00,5.2339,-1,-1,-1
4657,1,1274.00,1138.00,97.00,56.00,6.3414,-1,-1,-1
4657,2,833.00,1271.00,95.00,82.00,5.3105,-1,-1,-1
4658,1,1271.00,1135.00,99.00,61.00,6.2789,-1,-1,-1
4658,2,830.00,1274.00,93.00,81.00,5.3403,-1,-1,-1
4659,1,1269.00,1136.00,98.00,62.00,6.2681,-1,-1,-1
4659,2,831.00,1282.00,79.00,75.00,5.3697,-1,-1,-1
4660,1,1268.00,1136.00,97.00,62.00,6.2716,-1,-1,-1
4660,2,829.00,1281.00,86.00,77.00,5.3801,-1,-1,-1
4661,1,1268.00,1139.00,93.00,59.00,6.2953,-1,-1,-1
4661,2,828.00,1284.00,81.00,75.00,5.3680,-1,-1,-1
4662,1,1266.00,1138.00,96.00,60.00,6.3406,-1,-1,-1
4662,2,827.00,1279.00,89.00,80.00,5.3562,-1,-1,-1
4663,1,1264.00,1139.00,96.00,59.00,6.3610,-1,-1,-1
4663,2,825.00,1277.00,95.00,84.00,5.3750,-1,-1,-1
4664,1,1262.00,1138.00,98.00,61.00,6.4093,-1,-1,-1
4664,2,823.00,1268.00,109.00,94.00,5.4718,-1,-1,-1
4665,1,1260.00,1138.00,103.00,62.00,6.4627,-1,-1,-1
4665,2,821.00,1266.00,115.00,99.00,5.5369,-1,-1,-1
4666,1,1259.00,1139.00,103.00,60.00,6.5101,-1,-1,-1
4666,2,820.00,1274.00,107.00,91.00,5.4922,-1,-1,-1
4667,1,1258.00,1140.00,100.00,60.00,6.5213,-1,-1,-1
4667,2,818.00,1272.00,112.00,95.00,5.5050,-1,-1,-1
4668,1,1256.00,1141.00,99.00,59.00,6.5495,-1,-1,-1
4668,2,816.00,1274.00,114.00,94.00,5.4814,-1,-1,-1
4669,1,1254.00,1141.00,97.00,61.00,6.5649,-1,-1,-1
4669,2,814.00,1282.00,107.00,89.00,5.3583,-1,-1,-1
4670,1,1252.00,1136.00,99.00,67.00,6.5799,-1,-1,-1
4670,2,813.00,1283.00,107.00,89.00,5.2119,-1,-1,-1
4671,1,1250.00,1136.00,101.00,68.00,6.5774,-1,-1,-1
4671,2,814.00,1298.00,80.00,72.00,5.1750,-1,-1,-1
4672,1,1249.00,1137.00,103.00,68.00,6.6328,-1,-1,-1
4672,2,810.00,1306.00,63.00,66.00,4.6057,-1,-1,-1
4673,1,1249.00,1138.00,103.00,67.00,6.6747,-1,-1,-1
4673,2,809.00,1305.00,64.00,69.00,4.1395,-1,-1,-1
4674,1,1248.00,1140.00,101.00,65.00,6.7066,-1,-1,-1
4674,2,807.00,1286.00,106.00,91.00,4.5083,-1,-1,-1
4675,1,1246.00,1140.00,105.00,66.00,6.6876,-1,-1,-1
4675,2,806.00,1282.00,111.00,97.00,4.8545,-1,-1,-1
4676,1,1242.00,1140.00,111.00,66.00,6.6236,-1,-1,-1
4676,2,805.00,1285.00,111.00,94.00,5.1579,-1,-1,-1
4677,1,1245.00,1143.00,97.00,62.00,6.5797,-1,-1,-1
4677,2,801.00,1287.00,114.00,96.00,5.4209,-1,-1,-1
4678,1,1243.00,1144.00,95.00,62.00,6.5847,-1,-1,-1
4678,2,801.00,1284.00,119.00,97.00,5.6561,-1,-1,-1
4679,1,1242.00,1145.00,93.00,61.00,6.6032,-1,-1,-1
4679,2,798.00,1282.00,122.00,101.00,5.8311,-1,-1,-1
4680,1,1241.00,1146.00,92.00,61.00,6.6454,-1,-1,-1
4680,2,798.00,1279.00,127.00,104.00,6.0308,-1,-1,-1
4681,1,1239.00,1145.00,100.00,62.00,6.6961,-1,-1,-1
4681,2,796.00,1280.00,127.00,106.00,6.1819,-1,-1,-1
4682,1,1239.00,1146.00,99.00,62.00,6.7570,-1,-1,-1
4682,2,794.00,1281.00,126.00,107.00,6.2948,-1,-1,-1
4683,1,1238.00,1147.00,96.00,61.00,6.8193,-1,-1,-1
4683,2,793.00,1282.00,127.00,108.00,6.3995,-1,-1,-1
4684,1,1237.00,1148.00,97.00,61.00,6.8860,-1,-1,-1
4684,2,792.00,1283.00,130.00,107.00,6.4731,-1,-1,-1
4685,1,1236.00,1148.00,96.00,61.00,6.9530,-1,-1,-1
4685,2,792.00,1285.00,129.00,106.00,6.3895,-1,-1,-1
4686,1,1233.00,1148.00,100.00,62.00,7.0141,-1,-1,-1
4686,2,790.00,1294.00,118.00,101.00,6.0967,-1,-1,-1
4687,1,1231.00,1150.00,98.00,60.00,7.0646,-1,-1,-1
4687,2,787.00,1294.00,122.00,101.00,5.6168,-1,-1,-1
4688,1,1230.00,1150.00,100.00,61.00,7.1234,-1,-1,-1
4688,2,788.00,1294.00,120.00,101.00,5.1681,-1,-1,-1
4689,1,1229.00,1150.00,99.00,63.00,7.1831,-1,-1,-1
4689,2,790.00,1286.00,125.00,108.00,4.5907,-1,-1,-1
4690,1,1228.00,1150.00,98.00,63.00,7.2175,-1,-1,-1
4690,2,787.00,1315.00,85.00,83.00,4.3845,-1,-1,-1
4691,1,1227.00,1150.00,98.00,64.00,7.2424,-1,-1,-1
4691,2,784.00,1312.00,92.00,88.00,4.1930,-1,-1,-1
4692,1,1225.00,1151.00,99.00,64.00,7.2502,-1,-1,-1
4692,2,782.00,1314.00,92.00,87.00,4.2272,-1,-1,-1
4693,1,1223.00,1152.00,102.00,64.00,7.2410,-1,-1,-1
4693,2,784.00,1318.00,87.00,82.00,4.3303,-1,-1,-1
4694,1,1221.00,1152.00,105.00,64.00,7.2692,-1,-1,-1
4694,2,780.00,1318.00,96.00,84.00,4.4834,-1,-1,-1
4695,1,1218.00,1155.00,104.00,62.00,7.2379,-1,-1,-1
4695,2,780.00,1316.00,99.00,86.00,4.6890,-1,-1,-1
4696,1,1216.00,1156.00,105.00,61.00,7.2161,-1,-1,-1
4696,2,779.00,1316.00,99.00,88.00,4.7923,-1,-1,-1
4697,1,1214.00,1157.00,107.00,61.00,7.1919,-1,-1,-1
4697,2,777.00,1320.00,93.00,85.00,4.7660,-1,-1,-1
4698,1,1213.00,1157.00,109.00,62.00,7.1692,-1,-1,-1
4698,2,775.00,1320.00,97.00,85.00,4.7675,-1,-1,-1
4699,1,1210.00,1159.00,109.00,62.00,7.1311,-1,-1,-1
4699,2,773.00,1315.00,105.00,92.00,4.8478,-1,-1,-1
4700,1,1211.00,1161.00,104.00,60.00,7.1166,-1,-1,-1
4700,2,770.00,1312.00,112.00,97.00,4.9551,-1,-1,-1
4701,1,1209.00,1161.00,105.00,61.00,7.1097,-1,-1,-1
4701,2,770.00,1316.00,106.00,95.00,4.9161,-1,-1,-1
4702,1,1207.00,1163.00,106.00,61.00,7.1135,-1,-1,-1
4702,2,770.00,1333.00,85.00,79.00,4.9105,-1,-1,-1
4703,1,1206.00,1167.00,105.00,58.00,7.1175,-1,-1,-1
4703,2,769.00,1322.00,94.00,90.00,4.9487,-1,-1,-1
4704,1,1204.00,1167.00,106.00,59.00,7.1309,-1,-1,-1
4704,2,767.00,1331.00,89.00,84.00,4.9882,-1,-1,-1
4705,1,1203.00,1168.00,102.00,59.00,7.0905,-1,-1,-1
4705,2,765.00,1333.00,89.00,83.00,5.0523,-1,-1,-1
4706,1,1201.00,1169.00,98.00,59.00,7.0088,-1,-1,-1
4706,2,764.00,1334.00,90.00,83.00,5.1608,-1,-1,-1
4707,1,1199.00,1169.00,97.00,59.00,6.9953,-1,-1,-1
4707,2,762.00,1332.00,96.00,86.00,5.2274,-1,-1,-1
4708,1,1196.00,1168.00,101.00,60.00,6.9753,-1,-1,-1
4708,2,759.00,1323.00,103.00,99.00,5.2749,-1,-1,-1
4709,1,1194.00,1170.00,98.00,59.00,6.9403,-1,-1,-1
4709,2,757.00,1329.00,103.00,93.00,5.3172,-1,-1,-1
4710,1,1192.00,1170.00,104.00,60.00,6.9196,-1,-1,-1
4710,2,755.00,1327.00,105.00,97.00,5.3732,-1,-1,-1
4711,1,1190.00,1171.00,103.00,60.00,6.9188,-1,-1,-1
4711,2,755.00,1331.00,102.00,94.00,5.4570,-1,-1,-1
4712,1,1187.00,1170.00,107.00,62.00,6.9170,-1,-1,-1
4712,2,752.00,1327.00,109.00,99.00,5.5554,-1,-1,-1
4713,1,1186.00,1169.00,110.00,65.00,6.8991,-1,-1,-1
4713,2,751.00,1327.00,108.00,99.00,5.6347,-1,-1,-1
4714,1,1184.00,1169.00,110.00,65.00,6.9154,-1,-1,-1
4714,2,748.00,1329.00,107.00,101.00,5.6440,-1,-1,-1
4715,1,1183.00,1168.00,110.00,67.00,6.9370,-1,-1,-1
4715,2,748.00,1331.00,105.00,100.00,5.6185,-1,-1,-1
4716,1,1181.00,1168.00,110.00,68.00,6.9829,-1,-1,-1
4716,2,745.00,1328.00,111.00,106.00,5.5913,-1,-1,-1
4717,1,1181.00,1169.00,106.00,68.00,7.0181,-1,-1,-1
4717,2,748.00,1340.00,91.00,94.00,5.5322,-1,-1,-1
4718,1,1179.00,1169.00,109.00,70.00,7.0751,-1,-1,-1
4718,2,746.00,1340.00,93.00,96.00,5.4390,-1,-1,-1
4719,1,1178.00,1169.00,110.00,71.00,7.1349,-1,-1,-1
4719,2,745.00,1348.00,86.00,89.00,5.4841,-1,-1,-1
4720,1,1176.00,1169.00,111.00,71.00,7.1985,-1,-1,-1
4720,2,744.00,1350.00,85.00,88.00,5.5211,-1,-1,-1
4721,1,1175.00,1171.00,108.00,70.00,7.1739,-1,-1,-1
4721,2,743.00,1354.00,82.00,85.00,5.4587,-1,-1,-1
4722,1,1174.00,1174.00,103.00,66.00,7.1638,-1,-1,-1
4722,2,742.00,1368.00,70.00,70.00,5.4293,-1,-1,-1
4723,1,1172.00,1174.00,105.00,67.00,7.1669,-1,-1,-1
4723,2,741.00,1367.00,72.00,71.00,5.4280,-1,-1,-1
4724,1,1171.00,1172.00,108.00,71.00,7.1758,-1,-1,-1
4724,2,740.00,1374.00,65.00,65.00,5.5164,-1,-1,-1
4725,1,1171.00,1178.00,101.00,64.00,7.1387,-1,-1,-1
4725,2,737.00,1368.00,76.00,73.00,5.5426,-1,-1,-1
4726,1,1171.00,1180.00,95.00,61.00,7.0651,-1,-1,-1
4726,2,735.00,1362.00,85.00,81.00,5.5647,-1,-1,-1
4727,1,1170.00,1180.00,95.00,61.00,7.0150,-1,-1,-1
4727,2,734.00,1364.00,83.00,81.00,5.6080,-1,-1,-1
4728,1,1169.00,1180.00,97.00,62.00,6.9741,-1,-1,-1
4728,2,732.00,1359.00,93.00,86.00,5.6730,-1,-1,-1
4729,1,1168.00,1181.00,96.00,61.00,6.9255,-1,-1,-1
4729,2,730.00,1357.00,97.00,88.00,5.7578,-1,-1,-1
4730,1,1168.00,1183.00,93.00,58.00,6.8401,-1,-1,-1
4730,2,728.00,1355.00,102.00,92.00,5.8186,-1,-1,-1
4731,1,1167.00,1185.00,89.00,54.00,6.6783,-1,-1,-1
4731,2,725.00,1353.00,108.00,96.00,5.8543,-1,-1,-1
4732,1,1164.00,1188.00,82.00,53.00,6.5270,-1,-1,-1
4732,2,723.00,1354.00,112.00,96.00,5.9452,-1,-1,-1
4733,1,1162.00,1188.00,88.00,54.00,6.4671,-1,-1,-1
4733,2,722.00,1355.00,113.00,97.00,6.0446,-1,-1,-1
4734,1,1160.00,1189.00,79.00,53.00,6.4684,-1,-1,-1
4734,2,722.00,1365.00,96.00,88.00,6.1252,-1,-1,-1
4735,1,1157.00,1190.00,83.00,53.00,6.5029,-1,-1,-1
4735,2,721.00,1365.00,99.00,88.00,6.2466,-1,-1,-1
4736,1,1156.00,1189.00,95.00,55.00,6.4855,-1,-1,-1
4736,2,720.00,1372.00,91.00,82.00,6.3316,-1,-1,-1
4737,1,1154.00,1188.00,100.00,57.00,6.4914,-1,-1,-1
4737,2,717.00,1369.00,100.00,88.00,6.4429,-1,-1,-1
4738,2,714.00,1370.00,100.00,89.00,6.4977,-1,-1,-1
4738,1,1154.00,1187.00,99.00,59.00,6.4915,-1,-1,-1
4739,1,1153.00,1188.00,92.00,58.00,6.5188,-1,-1,-1
4739,2,712.00,1373.00,99.00,89.00,6.4910,-1,-1,-1
4740,1,1151.00,1186.00,98.00,62.00,6.5444,-1,-1,-1
4740,2,710.00,1373.00,101.00,92.00,6.4027,-1,-1,-1
4741,1,1149.00,1186.00,100.00,62.00,6.5995,-1,-1,-1
4741,2,711.00,1381.00,95.00,84.00,6.2876,-1,-1,-1
4742,1,1148.00,1186.00,99.00,63.00,6.6456,-1,-1,-1
4742,2,709.00,1381.00,98.00,85.00,6.2167,-1,-1,-1
4743,1,1146.00,1186.00,100.00,63.00,6.6640,-1,-1,-1
4743,2,709.00,1383.00,96.00,85.00,6.2056,-1,-1,-1
4744,1,1144.00,1187.00,98.00,63.00,6.6649,-1,-1,-1
4744,2,707.00,1378.00,106.00,92.00,6.2731,-1,-1,-1
4745,1,1144.00,1188.00,97.00,62.00,6.6790,-1,-1,-1
4745,2,706.00,1377.00,107.00,96.00,6.3541,-1,-1,-1
4746,1,1142.00,1188.00,100.00,63.00,6.7092,-1,-1,-1
4746,2,704.00,1373.00,113.00,103.00,6.4399,-1,-1,-1
4747,1,1140.00,1189.00,105.00,63.00,6.7356,-1,-1,-1
4747,2,703.00,1378.00,109.00,98.00,6.5033,-1,-1,-1
4748,1,1138.00,1189.00,104.00,64.00,6.7416,-1,-1,-1
4748,2,701.00,1375.00,113.00,104.00,6.4959,-1,-1,-1
4749,1,1136.00,1188.00,106.00,66.00,6.7704,-1,-1,-1
4749,2,700.00,1376.00,113.00,103.00,6.4440,-1,-1,-1
4750,1,1134.00,1189.00,105.00,67.00,6.7844,-1,-1,-1
4750,2,699.00,1376.00,113.00,104.00,6.3480,-1,-1,-1
4751,1,1133.00,1192.00,105.00,64.00,6.7812,-1,-1,-1
4751,2,709.00,1369.00,118.00,107.00,5.6386,-1,-1,-1
4752,1,1132.00,1193.00,105.00,65.00,6.8195,-1,-1,-1
4752,2,700.00,1395.00,84.00,87.00,5.5961,-1,-1,-1
4753,1,1131.00,1194.00,104.00,64.00,6.8671,-1,-1,-1
4753,2,698.00,1394.00,90.00,90.00,5.5946,-1,-1,-1
4754,1,1130.00,1196.00,102.00,62.00,6.9363,-1,-1,-1
4754,2,697.00,1395.00,91.00,90.00,5.5577,-1,-1,-1
4755,1,1130.00,1196.00,102.00,62.00,6.9942,-1,-1,-1
4755,2,696.00,1397.00,88.00,90.00,5.5609,-1,-1,-1
4756,1,1130.00,1197.00,101.00,61.00,7.0177,-1,-1,-1
4756,2,694.00,1404.00,79.00,83.00,5.3937,-1,-1,-1
4757,1,1129.00,1197.00,103.00,62.00,7.0660,-1,-1,-1
4757,2,694.00,1423.00,63.00,62.00,5.0775,-1,-1,-1
4758,1,1128.00,1199.00,104.00,61.00,7.1000,-1,-1,-1
4758,2,693.00,1415.00,72.00,72.00,4.9673,-1,-1,-1
4759,1,1125.00,1203.00,102.00,57.00,7.1157,-1,-1,-1
4759,2,692.00,1424.00,65.00,63.00,5.1026,-1,-1,-1
4760,1,1123.00,1203.00,100.00,58.00,7.1184,-1,-1,-1
4760,2,690.00,1420.00,70.00,72.00,5.2356,-1,-1,-1
4761,1,1122.00,1202.00,101.00,62.00,7.0943,-1,-1,-1
4761,2,691.00,1422.00,72.00,71.00,5.3564,-1,-1,-1
4762,1,1121.00,1202.00,99.00,62.00,7.0463,-1,-1,-1
4762,2,689.00,1423.00,73.00,73.00,5.4621,-1,-1,-1
4763,1,1119.00,1201.00,107.00,64.00,7.0357,-1,-1,-1
4763,2,689.00,1424.00,67.00,72.00,5.5362,-1,-1,-1
4764,1,1119.00,1202.00,105.00,63.00,7.0051,-1,-1,-1
4764,2,688.00,1423.00,69.00,75.00,5.5338,-1,-1,-1
4765,1,1118.00,1203.00,106.00,62.00,6.9616,-1,-1,-1
4765,2,687.00,1425.00,68.00,74.00,5.5186,-1,-1,-1
4766,1,1118.00,1204.00,107.00,60.00,6.8831,-1,-1,-1
4766,2,686.00,1424.00,76.00,77.00,5.4424,-1,-1,-1
4767,1,1116.00,1201.00,109.00,66.00,6.8306,-1,-1,-1
4767,2,684.00,1427.00,76.00,76.00,5.3745,-1,-1,-1
4768,1,1116.00,1205.00,101.00,62.00,6.7511,-1,-1,-1
4768,2,683.00,1426.00,79.00,78.00,5.3158,-1,-1,-1
4769,1,1115.00,1209.00,96.00,59.00,6.6929,-1,-1,-1
4769,2,681.00,1423.00,84.00,83.00,5.2978,-1,-1,-1
4770,1,1112.00,1209.00,99.00,61.00,6.6377,-1,-1,-1
4770,2,679.00,1418.00,93.00,91.00,5.2850,-1,-1,-1
4771,1,1111.00,1211.00,96.00,60.00,6.5391,-1,-1,-1
4771,2,676.00,1419.00,95.00,93.00,5.2195,-1,-1,-1
4772,1,1109.00,1213.00,91.00,59.00,6.5262,-1,-1,-1
4772,2,675.00,1418.00,96.00,96.00,4.9217,-1,-1,-1
