1,1,2163.00,1342.00,69.00,90.00,0.9324,-1,-1,-1
1,2,1859.00,1164.00,87.00,101.00,0.9099,-1,-1,-1
2,1,2164.00,1344.00,67.00,89.00,0.9316,-1,-1,-1
2,2,1859.00,1163.00,86.00,105.00,0.9243,-1,-1,-1
3,1,2166.00,1345.00,66.00,88.00,0.9302,-1,-1,-1
3,2,1859.00,1163.00,87.00,105.00,0.9231,-1,-1,-1
4,1,2166.00,1347.00,66.00,88.00,0.9280,-1,-1,-1
4,2,1859.00,1164.00,87.00,106.00,0.9239,-1,-1,-1
5,1,2166.00,1348.00,66.00,88.00,0.9269,-1,-1,-1
5,2,1860.00,1164.00,86.00,106.00,0.9270,-1,-1,-1
6,1,2167.00,1349.00,66.00,88.00,0.9247,-1,-1,-1
6,2,1861.00,1164.00,85.00,106.00,0.9264,-1,-1,-1
7,1,2167.00,1350.00,65.00,87.00,0.9225,-1,-1,-1
7,2,1860.00,1165.00,86.00,107.00,0.9153,-1,-1,-1
8,1,2167.00,1351.00,65.00,87.00,0.9143,-1,-1,-1
8,2,1859.00,1167.00,87.00,107.00,0.9138,-1,-1,-1
9,1,2167.00,1352.00,65.00,88.00,0.8997,-1,-1,-1
9,2,1859.00,1169.00,87.00,105.00,0.9248,-1,-1,-1
10,1,2167.00,1352.00,64.00,89.00,0.9070,-1,-1,-1
10,2,1859.00,1169.00,87.00,107.00,0.9236,-1,-1,-1
11,1,2167.00,1353.00,64.00,89.00,0.9028,-1,-1,-1
11,2,1860.00,1169.00,86.00,106.00,0.9274,-1,-1,-1
12,1,2168.00,1354.00,64.00,89.00,0.9095,-1,-1,-1
12,2,1861.00,1169.00,85.00,107.00,0.9345,-1,-1,-1
13,1,2168.00,1354.00,64.00,89.00,0.9097,-1,-1,-1
13,2,1861.00,1169.00,85.00,107.00,0.9375,-1,-1,-1
14,1,2169.00,1354.00,63.00,89.00,0.9123,-1,-1,-1
14,2,1861.00,1169.00,85.00,108.00,0.9391,-1,-1,-1
15,1,2169.00,1354.00,64.00,90.00,0.9131,-1,-1,-1
15,2,1861.00,1169.00,85.00,109.00,0.9379,-1,-1,-1
16,1,2168.00,1354.00,65.00,91.00,0.9145,-1,-1,-1
16,2,1862.00,1169.00,84.00,110.00,0.9356,-1,-1,-1
17,1,2169.00,1354.00,64.00,91.00,0.9125,-1,-1,-1
17,2,1862.00,1169.00,84.00,110.00,0.9360,-1,-1,-1
18,1,2168.00,1354.00,66.00,92.00,0.9120,-1,-1,-1
18,2,1863.00,1169.00,83.00,109.00,0.9331,-1,-1,-1
19,1,2168.00,1355.00,66.00,91.00,0.9101,-1,-1,-1
19,2,1863.00,1169.00,83.00,109.00,0.9321,-1,-1,-1
20,1,2169.00,1354.00,65.00,92.00,0.9133,-1,-1,-1
20,2,1864.00,1168.00,82.00,111.00,0.9310,-1,-1,-1
21,1,2169.00,1355.00,65.00,91.00,0.9147,-1,-1,-1
21,2,1863.00,1167.00,83.00,113.00,0.9305,-1,-1,-1
22,1,2169.00,1355.00,66.00,91.00,0.9202,-1,-1,-1
22,2,1863.00,1167.00,83.00,114.00,0.9287,-1,-1,-1
23,1,2169.00,1355.00,66.00,91.00,0.9189,-1,-1,-1
23,2,1862.00,1166.00,84.00,116.00,0.9293,-1,-1,-1
24,1,2170.00,1355.00,65.00,91.00,0.9202,-1,-1,-1
24,2,1862.00,1166.00,85.00,117.00,0.9299,-1,-1,-1
25,1,2170.00,1354.00,65.00,93.00,0.9210,-1,-1,-1
25,2,1861.00,1166.00,86.00,117.00,0.9260,-1,-1,-1
26,1,2170.00,1354.00,66.00,93.00,0.9192,-1,-1,-1
26,2,1862.00,1165.00,85.00,118.00,0.9265,-1,-1,-1
27,1,2170.00,1354.00,66.00,93.00,0.9241,-1,-1,-1
27,2,1863.00,1166.00,84.00,116.00,0.9312,-1,-1,-1
28,1,2170.00,1354.00,67.00,93.00,0.9244,-1,-1,-1
28,2,1865.00,1165.00,82.00,117.00,0.9289,-1,-1,-1
29,1,2170.00,1355.00,67.00,93.00,0.9218,-1,-1,-1
29,2,1866.00,1165.00,82.00,116.00,0.9328,-1,-1,-1
30,1,2170.00,1354.00,67.00,94.00,0.9212,-1,-1,-1
30,2,1865.00,1164.00,83.00,118.00,0.9233,-1,-1,-1
31,1,2171.00,1354.00,66.00,94.00,0.9188,-1,-1,-1
31,2,1865.00,1164.00,83.00,118.00,0.9231,-1,-1,-1
32,1,2171.00,1354.00,67.00,94.00,0.9171,-1,-1,-1
32,2,1866.00,1164.00,82.00,117.00,0.9207,-1,-1,-1
33,1,2171.00,1354.00,67.00,95.00,0.9161,-1,-1,-1
33,2,1866.00,1163.00,83.00,118.00,0.9098,-1,-1,-1
34,1,2172.00,1354.00,66.00,95.00,0.9149,-1,-1,-1
34,2,1867.00,1163.00,82.00,118.00,0.9087,-1,-1,-1
35,1,2170.00,1353.00,68.00,95.00,0.9271,-1,-1,-1
35,2,1867.00,1162.00,81.00,119.00,0.8860,-1,-1,-1
36,1,2169.00,1353.00,65.00,92.00,0.9287,-1,-1,-1
36,2,1862.00,1162.00,83.00,122.00,0.8581,-1,-1,-1
37,1,2166.00,1352.00,64.00,91.00,0.9204,-1,-1,-1
37,2,1863.00,1161.00,76.00,119.00,0.8625,-1,-1,-1
38,1,2161.00,1349.00,67.00,93.00,0.9185,-1,-1,-1
38,2,1859.00,1158.00,75.00,118.00,0.8783,-1,-1,-1
39,1,2158.00,1349.00,64.00,94.00,0.9235,-1,-1,-1
39,2,1854.00,1160.00,73.00,114.00,0.8938,-1,-1,-1
40,1,2152.00,1350.00,64.00,90.00,0.8747,-1,-1,-1
40,2,1852.00,1159.00,71.00,112.00,0.9123,-1,-1,-1
41,1,2147.00,1346.00,68.00,92.00,0.8688,-1,-1,-1
41,2,1849.00,1158.00,69.00,114.00,0.8594,-1,-1,-1
42,1,2143.00,1345.00,69.00,92.00,0.9168,-1,-1,-1
42,2,1841.00,1159.00,74.00,120.00,0.8734,-1,-1,-1
43,1,2141.00,1344.00,65.00,90.00,0.9416,-1,-1,-1
43,2,1838.00,1156.00,73.00,118.00,0.9136,-1,-1,-1
44,1,2135.00,1344.00,69.00,91.00,0.9171,-1,-1,-1
44,2,1835.00,1157.00,71.00,113.00,0.8480,-1,-1,-1
45,1,2132.00,1343.00,67.00,88.00,0.9178,-1,-1,-1
45,2,1831.00,1157.00,68.00,109.00,0.9010,-1,-1,-1
46,1,2124.00,1341.00,69.00,92.00,0.8743,-1,-1,-1
46,2,1824.00,1155.00,70.00,119.00,0.8082,-1,-1,-1
47,1,2118.00,1339.00,67.00,92.00,0.9438,-1,-1,-1
47,2,1818.00,1154.00,66.00,116.00,0.8905,-1,-1,-1
48,1,2109.00,1338.00,68.00,91.00,0.9114,-1,-1,-1
48,2,1812.00,1157.00,61.00,102.00,0.9047,-1,-1,-1
49,1,2097.00,1337.00,69.00,91.00,0.9202,-1,-1,-1
49,2,1799.00,1154.00,63.00,116.00,0.8738,-1,-1,-1
50,1,2091.00,1334.00,67.00,92.00,0.8669,-1,-1,-1
50,2,1790.00,1152.00,64.00,109.00,0.8541,-1,-1,-1
51,1,2081.00,1335.00,70.00,90.00,0.9111,-1,-1,-1
51,2,1782.00,1152.00,61.00,105.00,0.9055,-1,-1,-1
52,1,2077.00,1332.00,70.00,92.00,0.9006,-1,-1,-1
52,2,1777.00,1151.00,63.00,115.00,0.8342,-1,-1,-1
53,1,2075.00,1332.00,70.00,91.00,0.8726,-1,-1,-1
53,2,1773.00,1147.00,64.00,130.00,0.8959,-1,-1,-1
54,1,2074.00,1331.00,71.00,92.00,0.8798,-1,-1,-1
54,2,1776.00,1150.00,61.00,117.00,0.8991,-1,-1,-1
55,1,2074.00,1331.00,71.00,91.00,0.8803,-1,-1,-1
55,2,1774.00,1148.00,62.00,119.00,0.9145,-1,-1,-1
56,1,2075.00,1330.00,71.00,95.00,0.8873,-1,-1,-1
56,2,1774.00,1147.00,61.00,119.00,0.9217,-1,-1,-1
57,1,2074.00,1330.00,72.00,94.00,0.8952,-1,-1,-1
57,2,1772.00,1145.00,63.00,121.00,0.9099,-1,-1,-1
58,1,2075.00,1330.00,70.00,94.00,0.8899,-1,-1,-1
58,2,1772.00,1145.00,62.00,119.00,0.9155,-1,-1,-1
59,1,2074.00,1330.00,71.00,92.00,0.9024,-1,-1,-1
59,2,1771.00,1145.00,63.00,119.00,0.9048,-1,-1,-1
60,1,2074.00,1329.00,71.00,92.00,0.9070,-1,-1,-1
60,2,1771.00,1145.00,63.00,118.00,0.8887,-1,-1,-1
61,1,2074.00,1329.00,71.00,92.00,0.9031,-1,-1,-1
61,2,1771.00,1145.00,63.00,116.00,0.8850,-1,-1,-1
62,1,2074.00,1328.00,71.00,92.00,0.9058,-1,-1,-1
62,2,1773.00,1144.00,58.00,109.00,0.8304,-1,-1,-1
63,1,2074.00,1328.00,71.00,91.00,0.9036,-1,-1,-1
63,2,1769.00,1141.00,65.00,124.00,0.8270,-1,-1,-1
64,1,2074.00,1328.00,71.00,91.00,0.9066,-1,-1,-1
64,2,1771.00,1141.00,60.00,113.00,0.8225,-1,-1,-1
65,1,2073.00,1327.00,72.00,92.00,0.9023,-1,-1,-1
65,2,1770.00,1139.00,61.00,118.00,0.7884,-1,-1,-1
66,1,2073.00,1326.00,72.00,92.00,0.8972,-1,-1,-1
66,2,1769.00,1138.00,62.00,118.00,0.8112,-1,-1,-1
67,1,2073.00,1326.00,71.00,92.00,0.8989,-1,-1,-1
67,2,1770.00,1138.00,61.00,114.00,0.8573,-1,-1,-1
68,1,2073.00,1326.00,72.00,91.00,0.8857,-1,-1,-1
68,2,1770.00,1137.00,60.00,115.00,0.8212,-1,-1,-1
69,1,2073.00,1326.00,71.00,91.00,0.8896,-1,-1,-1
69,2,1772.00,1136.00,58.00,110.00,0.7869,-1,-1,-1
70,1,2073.00,1326.00,70.00,90.00,0.8936,-1,-1,-1
70,2,1771.00,1135.00,59.00,110.00,0.7663,-1,-1,-1
71,1,2073.00,1325.00,70.00,91.00,0.8923,-1,-1,-1
71,2,1770.00,1135.00,57.00,103.00,0.7973,-1,-1,-1
72,1,2073.00,1325.00,69.00,90.00,0.8911,-1,-1,-1
72,2,1769.00,1135.00,57.00,101.00,0.8442,-1,-1,-1
73,1,2073.00,1325.00,68.00,90.00,0.8879,-1,-1,-1
73,2,1767.00,1133.00,60.00,103.00,0.8599,-1,-1,-1
74,1,2073.00,1325.00,68.00,89.00,0.8787,-1,-1,-1
74,2,1767.00,1132.00,59.00,101.00,0.8924,-1,-1,-1
75,1,2073.00,1325.00,67.00,89.00,0.8774,-1,-1,-1
75,2,1765.00,1129.00,62.00,107.00,0.8636,-1,-1,-1
76,1,2073.00,1324.00,69.00,88.00,0.8782,-1,-1,-1
76,2,1765.00,1127.00,61.00,107.00,0.8582,-1,-1,-1
77,1,2073.00,1324.00,69.00,88.00,0.8833,-1,-1,-1
77,2,1764.00,1124.00,65.00,116.00,0.8204,-1,-1,-1
78,1,2073.00,1324.00,68.00,87.00,0.8825,-1,-1,-1
78,2,1763.00,1123.00,65.00,114.00,0.8320,-1,-1,-1
79,1,2073.00,1323.00,69.00,88.00,0.8830,-1,-1,-1
79,2,1761.00,1123.00,69.00,117.00,0.8364,-1,-1,-1
80,1,2073.00,1323.00,69.00,88.00,0.8837,-1,-1,-1
80,2,1760.00,1122.00,71.00,119.00,0.8533,-1,-1,-1
80,3,1703.00,1257.00,77.00,46.00,0.5601,-1,-1,-1
81,1,2073.00,1322.00,69.00,89.00,0.8811,-1,-1,-1
81,2,1759.00,1120.00,73.00,124.00,0.8321,-1,-1,-1
81,3,1703.00,1257.00,75.00,45.00,0.5696,-1,-1,-1
82,1,2073.00,1321.00,69.00,89.00,0.8802,-1,-1,-1
82,2,1758.00,1119.00,75.00,124.00,0.8493,-1,-1,-1
82,3,1703.00,1257.00,73.00,45.00,0.5899,-1,-1,-1
83,1,2074.00,1321.00,68.00,88.00,0.8817,-1,-1,-1
83,2,1757.00,1117.00,77.00,128.00,0.8300,-1,-1,-1
83,3,1702.00,1257.00,76.00,45.00,0.6001,-1,-1,-1
84,1,2074.00,1321.00,69.00,88.00,0.8783,-1,-1,-1
84,2,1757.00,1114.00,79.00,135.00,0.7912,-1,-1,-1
84,3,1702.00,1256.00,74.00,46.00,0.5955,-1,-1,-1
85,1,2075.00,1320.00,68.00,89.00,0.8729,-1,-1,-1
85,2,1757.00,1112.00,80.00,140.00,0.7606,-1,-1,-1
85,3,1701.00,1255.00,72.00,46.00,0.6028,-1,-1,-1
86,1,2074.00,1320.00,70.00,89.00,0.8749,-1,-1,-1
86,2,1759.00,1114.00,73.00,124.00,0.7416,-1,-1,-1
86,3,1701.00,1255.00,69.00,45.00,0.5955,-1,-1,-1
87,1,2075.00,1319.00,69.00,89.00,0.8685,-1,-1,-1
87,2,1759.00,1113.00,74.00,123.00,0.8470,-1,-1,-1
87,3,1701.00,1255.00,68.00,45.00,0.5839,-1,-1,-1
88,1,2076.00,1319.00,69.00,89.00,0.8691,-1,-1,-1
88,2,1759.00,1112.00,75.00,121.00,0.8504,-1,-1,-1
88,3,1701.00,1255.00,67.00,45.00,0.6074,-1,-1,-1
89,1,2077.00,1318.00,69.00,89.00,0.8765,-1,-1,-1
89,2,1760.00,1110.00,74.00,120.00,0.8565,-1,-1,-1
89,3,1702.00,1255.00,66.00,44.00,0.6161,-1,-1,-1
90,1,2077.00,1316.00,70.00,90.00,0.9001,-1,-1,-1
90,2,1761.00,1109.00,74.00,123.00,0.8338,-1,-1,-1
90,3,1702.00,1255.00,63.00,44.00,0.6519,-1,-1,-1
91,1,2078.00,1317.00,70.00,89.00,0.9200,-1,-1,-1
91,2,1760.00,1104.00,78.00,131.00,0.7679,-1,-1,-1
91,3,1703.00,1256.00,60.00,43.00,0.6470,-1,-1,-1
92,1,2079.00,1316.00,70.00,89.00,0.9326,-1,-1,-1
92,2,1761.00,1105.00,73.00,111.00,0.8309,-1,-1,-1
92,3,1703.00,1255.00,62.00,44.00,0.6806,-1,-1,-1
93,1,2081.00,1316.00,69.00,89.00,0.9283,-1,-1,-1
93,2,1762.00,1103.00,71.00,107.00,0.8680,-1,-1,-1
93,3,1703.00,1255.00,64.00,43.00,0.6726,-1,-1,-1
94,1,2083.00,1315.00,68.00,89.00,0.9222,-1,-1,-1
94,2,1763.00,1101.00,70.00,111.00,0.8087,-1,-1,-1
94,3,1703.00,1254.00,66.00,43.00,0.6544,-1,-1,-1
95,1,2085.00,1315.00,67.00,89.00,0.9027,-1,-1,-1
95,2,1763.00,1101.00,70.00,105.00,0.8012,-1,-1,-1
95,3,1703.00,1253.00,68.00,43.00,0.6662,-1,-1,-1
96,1,2085.00,1313.00,69.00,90.00,0.8840,-1,-1,-1
96,2,1764.00,1099.00,71.00,110.00,0.7406,-1,-1,-1
96,3,1704.00,1253.00,67.00,43.00,0.6791,-1,-1,-1
97,1,2086.00,1312.00,70.00,91.00,0.8561,-1,-1,-1
97,2,1767.00,1105.00,67.00,96.00,0.7317,-1,-1,-1
97,3,1704.00,1252.00,69.00,44.00,0.6627,-1,-1,-1
98,1,2089.00,1309.00,69.00,92.00,0.8455,-1,-1,-1
98,2,1766.00,1103.00,77.00,99.00,0.8519,-1,-1,-1
98,3,1705.00,1251.00,69.00,44.00,0.6935,-1,-1,-1
99,1,2092.00,1307.00,67.00,92.00,0.8812,-1,-1,-1
99,2,1765.00,1102.00,83.00,101.00,0.8875,-1,-1,-1
99,3,1706.00,1251.00,66.00,44.00,0.7101,-1,-1,-1
100,1,2092.00,1307.00,68.00,93.00,0.8891,-1,-1,-1
100,2,1767.00,1100.00,76.00,96.00,0.8847,-1,-1,-1
100,3,1707.00,1249.00,69.00,45.00,0.7559,-1,-1,-1
101,1,2095.00,1306.00,66.00,92.00,0.9150,-1,-1,-1
101,2,1768.00,1099.00,79.00,100.00,0.8827,-1,-1,-1
101,3,1709.00,1248.00,68.00,46.00,0.7350,-1,-1,-1
102,1,2096.00,1305.00,67.00,92.00,0.9184,-1,-1,-1
102,2,1766.00,1097.00,91.00,106.00,0.9221,-1,-1,-1
102,3,1711.00,1247.00,66.00,47.00,0.6896,-1,-1,-1
103,1,2096.00,1303.00,70.00,92.00,0.9124,-1,-1,-1
103,2,1766.00,1096.00,90.00,105.00,0.9166,-1,-1,-1
103,3,1713.00,1247.00,65.00,46.00,0.6506,-1,-1,-1
104,1,2099.00,1303.00,68.00,91.00,0.8999,-1,-1,-1
104,2,1768.00,1095.00,91.00,102.00,0.9154,-1,-1,-1
104,3,1714.00,1245.00,68.00,47.00,0.6544,-1,-1,-1
105,1,2101.00,1305.00,67.00,90.00,0.8817,-1,-1,-1
105,2,1768.00,1094.00,90.00,97.00,0.8995,-1,-1,-1
105,3,1715.00,1244.00,74.00,47.00,0.6392,-1,-1,-1
106,1,2103.00,1303.00,68.00,90.00,0.8957,-1,-1,-1
106,2,1769.00,1093.00,95.00,97.00,0.8952,-1,-1,-1
106,3,1716.00,1243.00,74.00,48.00,0.6764,-1,-1,-1
107,1,2105.00,1300.00,69.00,92.00,0.9067,-1,-1,-1
107,2,1770.00,1091.00,91.00,95.00,0.8907,-1,-1,-1
107,3,1717.00,1244.00,70.00,46.00,0.6805,-1,-1,-1
108,1,2109.00,1299.00,70.00,89.00,0.8997,-1,-1,-1
108,2,1772.00,1090.00,90.00,94.00,0.8922,-1,-1,-1
108,3,1719.00,1242.00,72.00,47.00,0.5526,-1,-1,-1
109,1,2109.00,1298.00,71.00,90.00,0.9079,-1,-1,-1
109,2,1774.00,1089.00,91.00,93.00,0.9085,-1,-1,-1
109,3,1721.00,1241.00,74.00,48.00,0.6042,-1,-1,-1
110,1,2111.00,1295.00,71.00,89.00,0.8991,-1,-1,-1
110,2,1774.00,1088.00,93.00,93.00,0.8955,-1,-1,-1
110,3,1723.00,1239.00,81.00,47.00,0.6476,-1,-1,-1
111,1,2114.00,1292.00,70.00,91.00,0.9247,-1,-1,-1
111,2,1776.00,1087.00,89.00,87.00,0.8824,-1,-1,-1
111,3,1724.00,1237.00,83.00,48.00,0.7084,-1,-1,-1
112,1,2115.00,1291.00,70.00,91.00,0.9347,-1,-1,-1
112,2,1777.00,1085.00,90.00,87.00,0.8816,-1,-1,-1
112,3,1724.00,1236.00,84.00,48.00,0.7603,-1,-1,-1
113,1,2117.00,1291.00,68.00,90.00,0.9387,-1,-1,-1
113,2,1776.00,1082.00,89.00,88.00,0.8769,-1,-1,-1
113,3,1725.00,1236.00,83.00,46.00,0.7446,-1,-1,-1
114,1,2118.00,1289.00,67.00,92.00,0.9331,-1,-1,-1
114,2,1777.00,1079.00,89.00,89.00,0.8478,-1,-1,-1
114,3,1725.00,1234.00,86.00,47.00,0.7385,-1,-1,-1
115,1,2120.00,1287.00,66.00,93.00,0.8977,-1,-1,-1
115,2,1777.00,1079.00,91.00,88.00,0.8393,-1,-1,-1
115,3,1726.00,1233.00,81.00,47.00,0.7580,-1,-1,-1
116,1,2121.00,1287.00,64.00,91.00,0.8778,-1,-1,-1
116,2,1776.00,1076.00,94.00,90.00,0.8670,-1,-1,-1
116,3,1727.00,1231.00,83.00,47.00,0.7702,-1,-1,-1
117,1,2122.00,1284.00,69.00,92.00,0.8611,-1,-1,-1
117,2,1774.00,1074.00,98.00,92.00,0.8806,-1,-1,-1
117,3,1728.00,1231.00,79.00,45.00,0.7639,-1,-1,-1
118,1,2123.00,1283.00,69.00,92.00,0.8481,-1,-1,-1
118,2,1773.00,1071.00,101.00,94.00,0.9136,-1,-1,-1
118,3,1729.00,1231.00,74.00,44.00,0.7626,-1,-1,-1
119,1,2128.00,1280.00,66.00,92.00,0.8666,-1,-1,-1
119,2,1773.00,1069.00,103.00,92.00,0.9224,-1,-1,-1
119,3,1729.00,1230.00,75.00,44.00,0.7431,-1,-1,-1
120,1,2129.00,1278.00,66.00,92.00,0.8992,-1,-1,-1
120,2,1773.00,1067.00,104.00,91.00,0.9173,-1,-1,-1
120,3,1731.00,1229.00,73.00,44.00,0.7506,-1,-1,-1
121,1,2131.00,1277.00,65.00,91.00,0.9026,-1,-1,-1
121,2,1773.00,1065.00,103.00,89.00,0.9064,-1,-1,-1
121,3,1732.00,1226.00,72.00,46.00,0.7392,-1,-1,-1
122,1,2133.00,1275.00,64.00,91.00,0.8738,-1,-1,-1
122,2,1772.00,1062.00,106.00,90.00,0.8731,-1,-1,-1
122,3,1732.00,1224.00,71.00,48.00,0.7467,-1,-1,-1
123,1,2134.00,1272.00,69.00,89.00,0.8959,-1,-1,-1
123,2,1772.00,1060.00,108.00,92.00,0.8410,-1,-1,-1
123,3,1734.00,1221.00,78.00,50.00,0.6415,-1,-1,-1
124,1,2137.00,1269.00,67.00,90.00,0.9069,-1,-1,-1
124,2,1773.00,1056.00,110.00,93.00,0.8553,-1,-1,-1
124,3,1735.00,1222.00,64.00,47.00,0.7433,-1,-1,-1
125,1,2140.00,1266.00,63.00,92.00,0.9084,-1,-1,-1
125,2,1772.00,1054.00,114.00,98.00,0.8900,-1,-1,-1
125,3,1736.00,1220.00,70.00,48.00,0.6989,-1,-1,-1
126,1,2142.00,1265.00,60.00,92.00,0.9107,-1,-1,-1
126,2,1773.00,1052.00,109.00,92.00,0.8856,-1,-1,-1
126,3,1737.00,1217.00,72.00,49.00,0.6697,-1,-1,-1
127,1,2144.00,1262.00,58.00,93.00,0.8785,-1,-1,-1
127,2,1774.00,1050.00,108.00,91.00,0.8749,-1,-1,-1
127,3,1739.00,1216.00,79.00,48.00,0.7314,-1,-1,-1
128,1,2147.00,1259.00,57.00,95.00,0.8892,-1,-1,-1
128,2,1773.00,1045.00,110.00,92.00,0.8869,-1,-1,-1
128,3,1740.00,1214.00,78.00,48.00,0.6524,-1,-1,-1
129,1,2148.00,1257.00,57.00,95.00,0.8983,-1,-1,-1
129,2,1775.00,1043.00,108.00,90.00,0.8629,-1,-1,-1
129,3,1743.00,1210.00,85.00,50.00,0.6728,-1,-1,-1
130,1,2150.00,1254.00,57.00,93.00,0.8916,-1,-1,-1
130,2,1773.00,1042.00,120.00,95.00,0.8624,-1,-1,-1
130,3,1744.00,1208.00,84.00,51.00,0.7002,-1,-1,-1
131,1,2154.00,1251.00,55.00,94.00,0.8806,-1,-1,-1
131,2,1774.00,1038.00,119.00,99.00,0.8639,-1,-1,-1
131,3,1746.00,1205.00,83.00,52.00,0.7025,-1,-1,-1
132,1,2157.00,1249.00,53.00,89.00,0.8287,-1,-1,-1
132,2,1777.00,1035.00,118.00,99.00,0.8938,-1,-1,-1
132,3,1748.00,1205.00,77.00,49.00,0.7066,-1,-1,-1
133,1,2158.00,1247.00,55.00,90.00,0.8934,-1,-1,-1
133,2,1778.00,1031.00,121.00,103.00,0.9076,-1,-1,-1
133,3,1749.00,1202.00,81.00,50.00,0.6847,-1,-1,-1
134,1,2160.00,1244.00,53.00,89.00,0.9039,-1,-1,-1
134,2,1780.00,1026.00,116.00,100.00,0.9240,-1,-1,-1
134,3,1750.00,1201.00,76.00,49.00,0.7081,-1,-1,-1
135,1,2161.00,1240.00,54.00,93.00,0.8964,-1,-1,-1
135,2,1782.00,1025.00,115.00,96.00,0.8932,-1,-1,-1
135,3,1751.00,1198.00,71.00,50.00,0.6696,-1,-1,-1
136,1,2165.00,1237.00,52.00,95.00,0.8709,-1,-1,-1
136,2,1784.00,1022.00,119.00,100.00,0.8898,-1,-1,-1
136,3,1752.00,1195.00,74.00,51.00,0.7510,-1,-1,-1
137,1,2168.00,1236.00,53.00,93.00,0.8591,-1,-1,-1
137,2,1785.00,1019.00,118.00,98.00,0.9006,-1,-1,-1
137,3,1755.00,1194.00,69.00,50.00,0.7601,-1,-1,-1
138,1,2170.00,1233.00,52.00,95.00,0.8678,-1,-1,-1
138,2,1785.00,1017.00,119.00,96.00,0.9009,-1,-1,-1
138,3,1757.00,1192.00,69.00,50.00,0.7300,-1,-1,-1
139,1,2172.00,1233.00,48.00,91.00,0.8923,-1,-1,-1
139,2,1786.00,1016.00,116.00,93.00,0.8791,-1,-1,-1
139,3,1759.00,1189.00,72.00,49.00,0.6812,-1,-1,-1
140,1,2174.00,1228.00,48.00,95.00,0.9126,-1,-1,-1
140,2,1788.00,1012.00,120.00,97.00,0.8625,-1,-1,-1
140,3,1761.00,1189.00,72.00,47.00,0.6554,-1,-1,-1
141,1,2175.00,1225.00,50.00,91.00,0.9049,-1,-1,-1
141,2,1791.00,1011.00,117.00,96.00,0.7979,-1,-1,-1
141,3,1765.00,1185.00,75.00,49.00,0.6598,-1,-1,-1
142,1,2176.00,1221.00,53.00,91.00,0.8949,-1,-1,-1
142,2,1792.00,1009.00,122.00,97.00,0.8763,-1,-1,-1
142,3,1769.00,1182.00,74.00,49.00,0.6584,-1,-1,-1
143,1,2178.00,1218.00,55.00,91.00,0.9017,-1,-1,-1
143,2,1792.00,1004.00,125.00,101.00,0.8708,-1,-1,-1
143,3,1771.00,1180.00,76.00,50.00,0.7113,-1,-1,-1
144,1,2181.00,1215.00,53.00,93.00,0.8663,-1,-1,-1
144,2,1794.00,1002.00,120.00,95.00,0.8377,-1,-1,-1
144,3,1773.00,1180.00,74.00,48.00,0.5901,-1,-1,-1
145,1,2184.00,1212.00,50.00,93.00,0.9080,-1,-1,-1
145,2,1794.00,999.00,121.00,96.00,0.8489,-1,-1,-1
145,3,1774.00,1176.00,69.00,49.00,0.6606,-1,-1,-1
146,1,2186.00,1210.00,51.00,93.00,0.9271,-1,-1,-1
146,2,1795.00,996.00,125.00,97.00,0.8243,-1,-1,-1
146,3,1776.00,1172.00,70.00,51.00,0.7148,-1,-1,-1
147,1,2186.00,1204.00,54.00,93.00,0.8916,-1,-1,-1
147,2,1796.00,995.00,122.00,91.00,0.8145,-1,-1,-1
147,3,1778.00,1169.00,69.00,51.00,0.7749,-1,-1,-1
148,1,2187.00,1200.00,58.00,91.00,0.8953,-1,-1,-1
148,2,1798.00,993.00,122.00,90.00,0.8219,-1,-1,-1
148,3,1780.00,1166.00,71.00,52.00,0.6844,-1,-1,-1
149,1,2189.00,1199.00,59.00,90.00,0.8790,-1,-1,-1
149,2,1800.00,988.00,119.00,91.00,0.8726,-1,-1,-1
149,3,1781.00,1164.00,76.00,51.00,0.6197,-1,-1,-1
150,1,2190.00,1196.00,59.00,90.00,0.9184,-1,-1,-1
150,2,1799.00,983.00,121.00,93.00,0.9015,-1,-1,-1
150,3,1786.00,1162.00,69.00,50.00,0.6432,-1,-1,-1
151,1,2195.00,1195.00,55.00,89.00,0.8875,-1,-1,-1
151,2,1802.00,980.00,125.00,91.00,0.8969,-1,-1,-1
151,3,1789.00,1158.00,69.00,50.00,0.6182,-1,-1,-1
152,1,2193.00,1190.00,62.00,93.00,0.9332,-1,-1,-1
152,2,1804.00,977.00,119.00,90.00,0.7728,-1,-1,-1
152,3,1792.00,1155.00,77.00,51.00,0.6103,-1,-1,-1
153,1,2197.00,1187.00,60.00,91.00,0.9516,-1,-1,-1
153,2,1806.00,974.00,119.00,89.00,0.8259,-1,-1,-1
153,3,1793.00,1153.00,76.00,52.00,0.6164,-1,-1,-1
154,1,2197.00,1181.00,62.00,92.00,0.9470,-1,-1,-1
154,2,1806.00,971.00,119.00,90.00,0.7990,-1,-1,-1
155,1,2198.00,1176.00,65.00,91.00,0.8909,-1,-1,-1
155,2,1809.00,969.00,120.00,90.00,0.8327,-1,-1,-1
155,3,1796.00,1146.00,77.00,54.00,0.6176,-1,-1,-1
156,1,2201.00,1175.00,63.00,87.00,0.8921,-1,-1,-1
156,2,1812.00,968.00,123.00,90.00,0.8445,-1,-1,-1
156,3,1799.00,1144.00,75.00,53.00,0.7465,-1,-1,-1
157,1,2202.00,1170.00,66.00,91.00,0.9047,-1,-1,-1
157,2,1814.00,962.00,122.00,89.00,0.8113,-1,-1,-1
157,3,1801.00,1140.00,77.00,54.00,0.7055,-1,-1,-1
158,1,2202.00,1166.00,71.00,93.00,0.9195,-1,-1,-1
158,2,1816.00,958.00,126.00,92.00,0.8898,-1,-1,-1
158,3,1803.00,1138.00,72.00,52.00,0.6709,-1,-1,-1
159,1,2204.00,1162.00,73.00,95.00,0.9105,-1,-1,-1
159,2,1815.00,953.00,132.00,95.00,0.8847,-1,-1,-1
159,3,1808.00,1136.00,72.00,51.00,0.5559,-1,-1,-1
160,1,2204.00,1159.00,77.00,94.00,0.9248,-1,-1,-1
160,2,1816.00,951.00,130.00,88.00,0.8344,-1,-1,-1
160,3,1811.00,1133.00,72.00,50.00,0.6362,-1,-1,-1
161,1,2206.00,1156.00,77.00,92.00,0.9367,-1,-1,-1
161,2,1820.00,947.00,129.00,92.00,0.8201,-1,-1,-1
161,3,1814.00,1131.00,77.00,50.00,0.6047,-1,-1,-1
162,1,2208.00,1153.00,77.00,89.00,0.9420,-1,-1,-1
162,2,1821.00,944.00,128.00,89.00,0.8764,-1,-1,-1
162,3,1816.00,1127.00,77.00,52.00,0.5454,-1,-1,-1
163,1,2209.00,1149.00,81.00,92.00,0.9231,-1,-1,-1
163,2,1823.00,940.00,122.00,87.00,0.8689,-1,-1,-1
163,3,1818.00,1125.00,71.00,52.00,0.5773,-1,-1,-1
164,1,2210.00,1143.00,83.00,93.00,0.9299,-1,-1,-1
164,2,1822.00,934.00,129.00,90.00,0.9063,-1,-1,-1
164,3,1822.00,1123.00,70.00,50.00,0.7234,-1,-1,-1
165,1,2212.00,1139.00,86.00,93.00,0.9311,-1,-1,-1
165,2,1823.00,932.00,132.00,92.00,0.8957,-1,-1,-1
165,3,1822.00,1119.00,79.00,52.00,0.7243,-1,-1,-1
166,1,2214.00,1138.00,88.00,92.00,0.9303,-1,-1,-1
166,2,1824.00,929.00,126.00,88.00,0.7736,-1,-1,-1
166,3,1824.00,1116.00,75.00,52.00,0.7109,-1,-1,-1
167,1,2216.00,1134.00,89.00,92.00,0.8993,-1,-1,-1
167,2,1825.00,924.00,128.00,86.00,0.8341,-1,-1,-1
167,3,1828.00,1113.00,70.00,50.00,0.6766,-1,-1,-1
168,1,2218.00,1133.00,91.00,87.00,0.9305,-1,-1,-1
168,2,1830.00,921.00,126.00,88.00,0.8105,-1,-1,-1
168,3,1833.00,1109.00,68.00,51.00,0.6285,-1,-1,-1
169,1,2220.00,1127.00,93.00,90.00,0.9383,-1,-1,-1
169,2,1833.00,919.00,137.00,92.00,0.7864,-1,-1,-1
169,3,1838.00,1105.00,77.00,52.00,0.5499,-1,-1,-1
170,1,2224.00,1124.00,94.00,88.00,0.9062,-1,-1,-1
170,2,1837.00,915.00,132.00,87.00,0.8424,-1,-1,-1
170,3,1839.00,1101.00,76.00,56.00,0.6146,-1,-1,-1
171,1,2227.00,1122.00,96.00,88.00,0.9040,-1,-1,-1
171,2,1839.00,909.00,137.00,93.00,0.8533,-1,-1,-1
171,3,1846.00,1101.00,67.00,52.00,0.6906,-1,-1,-1
172,1,2229.00,1119.00,101.00,89.00,0.9301,-1,-1,-1
172,2,1840.00,905.00,142.00,95.00,0.8783,-1,-1,-1
172,3,1849.00,1096.00,69.00,53.00,0.7425,-1,-1,-1
173,1,2233.00,1117.00,102.00,88.00,0.9165,-1,-1,-1
173,2,1844.00,905.00,131.00,85.00,0.8132,-1,-1,-1
173,3,1853.00,1095.00,67.00,53.00,0.7344,-1,-1,-1
174,1,2235.00,1114.00,103.00,88.00,0.8723,-1,-1,-1
174,2,1848.00,905.00,128.00,81.00,0.7815,-1,-1,-1
174,3,1858.00,1093.00,70.00,51.00,0.6716,-1,-1,-1
175,1,2237.00,1112.00,103.00,85.00,0.9001,-1,-1,-1
175,2,1848.00,901.00,137.00,84.00,0.8079,-1,-1,-1
175,3,1861.00,1090.00,66.00,51.00,0.7806,-1,-1,-1
176,1,2235.00,1107.00,106.00,86.00,0.9047,-1,-1,-1
176,2,1850.00,897.00,131.00,84.00,0.8455,-1,-1,-1
176,3,1864.00,1086.00,70.00,51.00,0.7323,-1,-1,-1
177,1,2237.00,1105.00,106.00,86.00,0.8970,-1,-1,-1
177,2,1850.00,895.00,136.00,84.00,0.8105,-1,-1,-1
177,3,1865.00,1084.00,73.00,51.00,0.7122,-1,-1,-1
178,1,2238.00,1101.00,103.00,82.00,0.8453,-1,-1,-1
178,2,1848.00,892.00,139.00,84.00,0.8134,-1,-1,-1
178,3,1865.00,1081.00,76.00,51.00,0.7167,-1,-1,-1
179,1,2235.00,1097.00,109.00,83.00,0.8495,-1,-1,-1
179,2,1845.00,886.00,143.00,87.00,0.7998,-1,-1,-1
179,3,1865.00,1078.00,74.00,53.00,0.6893,-1,-1,-1
180,1,2233.00,1095.00,112.00,82.00,0.8560,-1,-1,-1
180,2,1845.00,887.00,133.00,78.00,0.7419,-1,-1,-1
180,3,1864.00,1073.00,76.00,57.00,0.7466,-1,-1,-1
181,1,2232.00,1091.00,109.00,78.00,0.8582,-1,-1,-1
181,2,1843.00,880.00,136.00,82.00,0.7570,-1,-1,-1
181,3,1863.00,1071.00,77.00,57.00,0.7736,-1,-1,-1
182,1,2230.00,1088.00,110.00,77.00,0.8344,-1,-1,-1
182,2,1841.00,879.00,126.00,75.00,0.8429,-1,-1,-1
182,3,1861.00,1070.00,79.00,52.00,0.5771,-1,-1,-1
183,1,2221.00,1083.00,114.00,75.00,0.8684,-1,-1,-1
183,2,1834.00,877.00,121.00,72.00,0.7663,-1,-1,-1
183,3,1858.00,1066.00,68.00,51.00,0.6107,-1,-1,-1
184,1,2212.00,1078.00,119.00,76.00,0.8370,-1,-1,-1
184,2,1826.00,871.00,123.00,73.00,0.8856,-1,-1,-1
184,3,1849.00,1060.00,74.00,55.00,0.7075,-1,-1,-1
185,1,2201.00,1071.00,105.00,69.00,0.8140,-1,-1,-1
185,2,1813.00,868.00,129.00,74.00,0.8586,-1,-1,-1
185,3,1841.00,1057.00,78.00,55.00,0.7233,-1,-1,-1
186,1,2187.00,1064.00,120.00,74.00,0.8798,-1,-1,-1
186,2,1800.00,867.00,131.00,71.00,0.7836,-1,-1,-1
186,3,1832.00,1057.00,72.00,51.00,0.6226,-1,-1,-1
187,1,2171.00,1060.00,119.00,67.00,0.8678,-1,-1,-1
187,2,1787.00,865.00,123.00,67.00,0.8619,-1,-1,-1
187,3,1820.00,1053.00,74.00,53.00,0.6809,-1,-1,-1
188,1,2157.00,1055.00,122.00,69.00,0.8367,-1,-1,-1
188,2,1772.00,860.00,123.00,68.00,0.8782,-1,-1,-1
188,3,1806.00,1050.00,69.00,52.00,0.7256,-1,-1,-1
189,1,2142.00,1047.00,110.00,64.00,0.8010,-1,-1,-1
189,2,1755.00,858.00,121.00,65.00,0.8354,-1,-1,-1
189,3,1791.00,1045.00,77.00,59.00,0.7120,-1,-1,-1
190,1,2121.00,1043.00,123.00,62.00,0.8255,-1,-1,-1
190,2,1737.00,853.00,129.00,70.00,0.7815,-1,-1,-1
190,3,1777.00,1045.00,75.00,54.00,0.6651,-1,-1,-1
191,1,2104.00,1037.00,131.00,65.00,0.8780,-1,-1,-1
191,2,1721.00,851.00,126.00,68.00,0.8709,-1,-1,-1
191,3,1764.00,1043.00,69.00,52.00,0.7349,-1,-1,-1
192,1,2090.00,1031.00,120.00,62.00,0.7411,-1,-1,-1
192,2,1703.00,847.00,125.00,67.00,0.9122,-1,-1,-1
192,3,1749.00,1039.00,76.00,55.00,0.7216,-1,-1,-1
193,1,2072.00,1022.00,123.00,65.00,0.8271,-1,-1,-1
193,2,1684.00,845.00,127.00,67.00,0.8692,-1,-1,-1
193,3,1733.00,1036.00,72.00,53.00,0.7292,-1,-1,-1
194,1,2051.00,1018.00,120.00,59.00,0.8695,-1,-1,-1
194,2,1666.00,842.00,132.00,67.00,0.8960,-1,-1,-1
194,3,1721.00,1035.00,75.00,52.00,0.6862,-1,-1,-1
195,1,2036.00,1012.00,124.00,61.00,0.8487,-1,-1,-1
195,2,1649.00,840.00,130.00,68.00,0.8702,-1,-1,-1
195,3,1703.00,1033.00,73.00,53.00,0.7563,-1,-1,-1
196,1,2023.00,1006.00,117.00,60.00,0.7925,-1,-1,-1
196,2,1630.00,836.00,135.00,70.00,0.9136,-1,-1,-1
196,3,1689.00,1031.00,68.00,52.00,0.5822,-1,-1,-1
197,1,2009.00,1002.00,106.00,54.00,0.7287,-1,-1,-1
197,2,1614.00,837.00,125.00,66.00,0.8653,-1,-1,-1
197,3,1675.00,1029.00,72.00,53.00,0.6534,-1,-1,-1
198,1,1999.00,997.00,115.00,56.00,0.8412,-1,-1,-1
198,2,1603.00,834.00,128.00,68.00,0.9008,-1,-1,-1
198,3,1667.00,1022.00,84.00,59.00,0.5812,-1,-1,-1
199,1,2000.00,994.00,117.00,54.00,0.7880,-1,-1,-1
199,2,1603.00,831.00,126.00,66.00,0.8890,-1,-1,-1
199,3,1670.00,1023.00,85.00,55.00,0.6483,-1,-1,-1
200,1,2003.00,991.00,109.00,53.00,0.8078,-1,-1,-1
200,2,1608.00,831.00,124.00,62.00,0.8881,-1,-1,-1
200,3,1674.00,1021.00,75.00,55.00,0.6641,-1,-1,-1
201,1,2009.00,989.00,103.00,50.00,0.7914,-1,-1,-1
201,2,1609.00,827.00,126.00,62.00,0.8492,-1,-1,-1
201,3,1678.00,1016.00,79.00,57.00,0.6614,-1,-1,-1
202,1,2013.00,986.00,91.00,48.00,0.8031,-1,-1,-1
202,2,1613.00,823.00,128.00,62.00,0.8710,-1,-1,-1
202,3,1682.00,1012.00,71.00,55.00,0.7465,-1,-1,-1
203,1,2016.00,981.00,102.00,51.00,0.6843,-1,-1,-1
203,2,1617.00,821.00,132.00,62.00,0.8936,-1,-1,-1
203,3,1689.00,1011.00,72.00,53.00,0.6370,-1,-1,-1
204,1,2020.00,977.00,105.00,54.00,0.6901,-1,-1,-1
204,2,1623.00,820.00,129.00,61.00,0.8793,-1,-1,-1
204,3,1695.00,1009.00,70.00,53.00,0.5467,-1,-1,-1
205,1,2025.00,974.00,99.00,51.00,0.7362,-1,-1,-1
205,2,1625.00,818.00,133.00,60.00,0.8777,-1,-1,-1
205,3,1699.00,1006.00,69.00,54.00,0.5881,-1,-1,-1
206,1,2025.00,972.00,122.00,56.00,0.7521,-1,-1,-1
206,2,1628.00,813.00,132.00,62.00,0.8747,-1,-1,-1
206,3,1701.00,1001.00,78.00,55.00,0.6754,-1,-1,-1
207,1,2032.00,966.00,101.00,56.00,0.8170,-1,-1,-1
207,2,1633.00,813.00,126.00,59.00,0.8646,-1,-1,-1
207,3,1707.00,999.00,68.00,54.00,0.7481,-1,-1,-1
208,1,2034.00,963.00,102.00,55.00,0.8021,-1,-1,-1
208,2,1636.00,807.00,128.00,63.00,0.8509,-1,-1,-1
208,3,1714.00,998.00,73.00,52.00,0.6344,-1,-1,-1
209,1,2038.00,959.00,100.00,56.00,0.7019,-1,-1,-1
209,2,1646.00,801.00,121.00,66.00,0.8983,-1,-1,-1
209,3,1720.00,992.00,78.00,57.00,0.6914,-1,-1,-1
210,1,2042.00,954.00,100.00,57.00,0.7602,-1,-1,-1
210,2,1645.00,802.00,131.00,64.00,0.8611,-1,-1,-1
210,3,1725.00,991.00,77.00,56.00,0.6829,-1,-1,-1
211,1,2045.00,951.00,97.00,56.00,0.7449,-1,-1,-1
211,2,1648.00,798.00,127.00,62.00,0.8734,-1,-1,-1
211,3,1728.00,985.00,79.00,58.00,0.7115,-1,-1,-1
212,1,2049.00,949.00,99.00,55.00,0.7689,-1,-1,-1
212,2,1654.00,795.00,126.00,62.00,0.8558,-1,-1,-1
212,3,1735.00,987.00,74.00,54.00,0.7300,-1,-1,-1
213,1,2054.00,946.00,99.00,54.00,0.8030,-1,-1,-1
213,2,1658.00,797.00,129.00,60.00,0.8599,-1,-1,-1
213,3,1742.00,986.00,71.00,52.00,0.6007,-1,-1,-1
214,1,2056.00,942.00,100.00,56.00,0.8038,-1,-1,-1
214,2,1662.00,794.00,128.00,59.00,0.8645,-1,-1,-1
214,3,1747.00,984.00,70.00,51.00,0.6621,-1,-1,-1
215,1,2060.00,940.00,101.00,56.00,0.8275,-1,-1,-1
215,2,1666.00,788.00,120.00,62.00,0.8448,-1,-1,-1
215,3,1751.00,980.00,74.00,53.00,0.6935,-1,-1,-1
216,1,2067.00,936.00,102.00,58.00,0.8363,-1,-1,-1
216,2,1671.00,783.00,119.00,65.00,0.8516,-1,-1,-1
216,3,1759.00,979.00,64.00,50.00,0.6737,-1,-1,-1
217,1,2070.00,933.00,100.00,56.00,0.6997,-1,-1,-1
217,2,1671.00,782.00,127.00,65.00,0.8654,-1,-1,-1
217,3,1763.00,976.00,75.00,51.00,0.5402,-1,-1,-1
218,1,2072.00,931.00,97.00,56.00,0.7510,-1,-1,-1
218,2,1678.00,780.00,125.00,64.00,0.9138,-1,-1,-1
218,3,1769.00,974.00,79.00,53.00,0.6140,-1,-1,-1
219,1,2074.00,928.00,101.00,57.00,0.8522,-1,-1,-1
219,2,1681.00,780.00,125.00,61.00,0.8642,-1,-1,-1
219,3,1774.00,972.00,76.00,54.00,0.6519,-1,-1,-1
220,1,2074.00,924.00,106.00,60.00,0.8624,-1,-1,-1
220,2,1688.00,775.00,122.00,63.00,0.8645,-1,-1,-1
220,3,1780.00,969.00,69.00,53.00,0.6770,-1,-1,-1
221,1,2078.00,919.00,107.00,63.00,0.8225,-1,-1,-1
221,2,1690.00,773.00,129.00,63.00,0.8687,-1,-1,-1
221,3,1786.00,969.00,70.00,50.00,0.6716,-1,-1,-1
222,1,2081.00,917.00,107.00,58.00,0.8551,-1,-1,-1
222,2,1695.00,771.00,122.00,62.00,0.8595,-1,-1,-1
222,3,1793.00,967.00,63.00,51.00,0.6913,-1,-1,-1
223,1,2082.00,911.00,112.00,63.00,0.8957,-1,-1,-1
223,2,1700.00,773.00,124.00,59.00,0.8520,-1,-1,-1
223,3,1797.00,964.00,67.00,51.00,0.7017,-1,-1,-1
224,1,2085.00,907.00,115.00,66.00,0.8679,-1,-1,-1
224,2,1706.00,768.00,118.00,61.00,0.8555,-1,-1,-1
224,3,1803.00,963.00,61.00,50.00,0.7538,-1,-1,-1
225,1,2091.00,906.00,110.00,63.00,0.8318,-1,-1,-1
225,2,1709.00,763.00,118.00,64.00,0.8529,-1,-1,-1
225,3,1810.00,961.00,63.00,50.00,0.6705,-1,-1,-1
226,1,2096.00,904.00,110.00,63.00,0.8323,-1,-1,-1
226,2,1714.00,766.00,115.00,61.00,0.8476,-1,-1,-1
226,3,1816.00,959.00,62.00,50.00,0.5309,-1,-1,-1
227,1,2095.00,899.00,113.00,65.00,0.8854,-1,-1,-1
227,2,1719.00,761.00,117.00,63.00,0.7928,-1,-1,-1
227,3,1820.00,957.00,70.00,53.00,0.6590,-1,-1,-1
228,1,2098.00,897.00,117.00,64.00,0.7882,-1,-1,-1
228,2,1722.00,758.00,115.00,64.00,0.8186,-1,-1,-1
228,3,1825.00,955.00,65.00,52.00,0.7464,-1,-1,-1
229,1,2106.00,897.00,114.00,60.00,0.8278,-1,-1,-1
229,2,1728.00,760.00,115.00,61.00,0.8867,-1,-1,-1
229,3,1831.00,954.00,65.00,50.00,0.6801,-1,-1,-1
230,1,2110.00,893.00,111.00,59.00,0.7825,-1,-1,-1
230,2,1733.00,758.00,115.00,59.00,0.8646,-1,-1,-1
230,3,1837.00,952.00,65.00,54.00,0.6515,-1,-1,-1
231,1,2116.00,889.00,114.00,67.00,0.8062,-1,-1,-1
231,2,1739.00,755.00,112.00,61.00,0.8125,-1,-1,-1
231,3,1844.00,949.00,73.00,55.00,0.6798,-1,-1,-1
232,1,2115.00,882.00,119.00,75.00,0.9034,-1,-1,-1
232,2,1744.00,756.00,113.00,60.00,0.8104,-1,-1,-1
232,3,1848.00,946.00,69.00,56.00,0.6836,-1,-1,-1
233,1,2126.00,886.00,113.00,66.00,0.8345,-1,-1,-1
233,2,1748.00,753.00,112.00,61.00,0.8065,-1,-1,-1
233,3,1855.00,944.00,67.00,55.00,0.6740,-1,-1,-1
234,1,2130.00,880.00,117.00,75.00,0.8184,-1,-1,-1
234,2,1753.00,753.00,106.00,58.00,0.7808,-1,-1,-1
234,3,1862.00,944.00,61.00,53.00,0.7158,-1,-1,-1
235,1,2137.00,880.00,113.00,69.00,0.8343,-1,-1,-1
235,2,1759.00,752.00,110.00,57.00,0.7972,-1,-1,-1
235,3,1867.00,941.00,71.00,56.00,0.6448,-1,-1,-1
236,1,2141.00,878.00,111.00,69.00,0.8283,-1,-1,-1
236,2,1764.00,749.00,108.00,59.00,0.8080,-1,-1,-1
236,3,1872.00,940.00,65.00,54.00,0.7165,-1,-1,-1
237,1,2142.00,873.00,114.00,69.00,0.8682,-1,-1,-1
237,2,1766.00,743.00,119.00,63.00,0.8908,-1,-1,-1
237,3,1879.00,939.00,63.00,52.00,0.6857,-1,-1,-1
238,1,2146.00,871.00,115.00,69.00,0.7366,-1,-1,-1
238,2,1773.00,747.00,113.00,57.00,0.8560,-1,-1,-1
238,3,1886.00,939.00,58.00,53.00,0.7382,-1,-1,-1
239,1,2151.00,871.00,114.00,68.00,0.7300,-1,-1,-1
239,2,1779.00,744.00,109.00,57.00,0.8074,-1,-1,-1
239,3,1892.00,938.00,58.00,52.00,0.6860,-1,-1,-1
240,1,2156.00,868.00,118.00,69.00,0.7291,-1,-1,-1
240,2,1785.00,740.00,110.00,60.00,0.8350,-1,-1,-1
240,3,1898.00,935.00,59.00,53.00,0.7779,-1,-1,-1
241,1,2161.00,865.00,117.00,72.00,0.7550,-1,-1,-1
241,2,1789.00,740.00,109.00,60.00,0.7935,-1,-1,-1
241,3,1905.00,934.00,57.00,53.00,0.7781,-1,-1,-1
242,1,2162.00,858.00,118.00,77.00,0.7600,-1,-1,-1
242,2,1795.00,737.00,108.00,61.00,0.7824,-1,-1,-1
242,3,1911.00,934.00,58.00,52.00,0.5669,-1,-1,-1
243,1,2174.00,862.00,112.00,71.00,0.8125,-1,-1,-1
243,2,1799.00,733.00,112.00,64.00,0.8687,-1,-1,-1
243,3,1916.00,931.00,66.00,56.00,0.6333,-1,-1,-1
244,1,2181.00,861.00,107.00,70.00,0.7752,-1,-1,-1
244,2,1804.00,733.00,112.00,62.00,0.8850,-1,-1,-1
244,3,1923.00,930.00,60.00,54.00,0.6832,-1,-1,-1
245,1,2182.00,858.00,113.00,70.00,0.8352,-1,-1,-1
245,2,1808.00,728.00,118.00,69.00,0.9078,-1,-1,-1
245,3,1929.00,928.00,61.00,55.00,0.7337,-1,-1,-1
246,1,2191.00,857.00,112.00,71.00,0.8601,-1,-1,-1
246,2,1814.00,728.00,110.00,66.00,0.8609,-1,-1,-1
246,3,1936.00,928.00,61.00,55.00,0.5589,-1,-1,-1
247,1,2194.00,855.00,114.00,73.00,0.8886,-1,-1,-1
247,2,1818.00,728.00,110.00,64.00,0.8527,-1,-1,-1
247,3,1941.00,925.00,69.00,57.00,0.7014,-1,-1,-1
248,1,2203.00,855.00,109.00,71.00,0.8560,-1,-1,-1
248,2,1823.00,728.00,113.00,64.00,0.8267,-1,-1,-1
248,3,1950.00,926.00,64.00,53.00,0.6963,-1,-1,-1
249,1,2206.00,853.00,112.00,72.00,0.8192,-1,-1,-1
249,2,1829.00,727.00,110.00,63.00,0.8019,-1,-1,-1
249,3,1955.00,924.00,62.00,57.00,0.7228,-1,-1,-1
250,1,2213.00,855.00,110.00,67.00,0.8545,-1,-1,-1
250,2,1834.00,727.00,110.00,62.00,0.8360,-1,-1,-1
250,3,1963.00,924.00,64.00,55.00,0.6546,-1,-1,-1
251,1,2218.00,854.00,107.00,68.00,0.8837,-1,-1,-1
251,2,1840.00,726.00,110.00,64.00,0.8470,-1,-1,-1
251,3,1968.00,923.00,65.00,55.00,0.6394,-1,-1,-1
252,1,2226.00,854.00,103.00,65.00,0.8275,-1,-1,-1
252,2,1845.00,726.00,111.00,63.00,0.8328,-1,-1,-1
252,3,1976.00,923.00,61.00,53.00,0.5878,-1,-1,-1
253,1,2229.00,850.00,108.00,71.00,0.8858,-1,-1,-1
253,2,1849.00,724.00,113.00,64.00,0.7859,-1,-1,-1
253,3,1982.00,922.00,60.00,55.00,0.6525,-1,-1,-1
254,1,2238.00,853.00,103.00,64.00,0.8594,-1,-1,-1
254,2,1855.00,725.00,111.00,62.00,0.8085,-1,-1,-1
254,3,1990.00,922.00,60.00,54.00,0.5895,-1,-1,-1
255,1,2244.00,853.00,101.00,64.00,0.8822,-1,-1,-1
255,2,1862.00,723.00,112.00,64.00,0.8506,-1,-1,-1
255,3,1995.00,921.00,61.00,52.00,0.5859,-1,-1,-1
256,1,2249.00,850.00,103.00,65.00,0.8360,-1,-1,-1
256,2,1864.00,720.00,124.00,68.00,0.8752,-1,-1,-1
256,3,2003.00,921.00,58.00,54.00,0.5681,-1,-1,-1
257,1,2254.00,850.00,104.00,66.00,0.8464,-1,-1,-1
257,2,1869.00,720.00,121.00,68.00,0.8215,-1,-1,-1
257,3,2009.00,919.00,64.00,55.00,0.5619,-1,-1,-1
258,1,2261.00,851.00,105.00,63.00,0.8569,-1,-1,-1
258,2,1874.00,719.00,125.00,69.00,0.8749,-1,-1,-1
258,3,2015.00,920.00,64.00,53.00,0.5398,-1,-1,-1
259,1,2268.00,851.00,100.00,62.00,0.8756,-1,-1,-1
259,2,1882.00,722.00,115.00,66.00,0.8154,-1,-1,-1
259,3,2021.00,920.00,60.00,51.00,0.5913,-1,-1,-1
260,1,2271.00,848.00,105.00,64.00,0.8489,-1,-1,-1
260,2,1886.00,719.00,122.00,69.00,0.8506,-1,-1,-1
260,3,2028.00,920.00,60.00,51.00,0.5830,-1,-1,-1
261,1,2277.00,849.00,105.00,62.00,0.8386,-1,-1,-1
261,2,1891.00,720.00,119.00,69.00,0.9012,-1,-1,-1
261,3,2035.00,921.00,57.00,51.00,0.6083,-1,-1,-1
262,1,2280.00,847.00,108.00,65.00,0.8514,-1,-1,-1
262,2,1897.00,723.00,115.00,64.00,0.8215,-1,-1,-1
262,3,2040.00,919.00,63.00,51.00,0.5842,-1,-1,-1
263,1,2283.00,848.00,110.00,61.00,0.8126,-1,-1,-1
263,2,1902.00,724.00,114.00,64.00,0.7822,-1,-1,-1
263,3,2048.00,920.00,56.00,48.00,0.5647,-1,-1,-1
264,1,2293.00,848.00,106.00,59.00,0.7986,-1,-1,-1
264,2,1908.00,722.00,118.00,64.00,0.8359,-1,-1,-1
264,3,2055.00,918.00,58.00,52.00,0.5345,-1,-1,-1
265,1,2294.00,848.00,109.00,59.00,0.8227,-1,-1,-1
265,2,1912.00,718.00,118.00,71.00,0.9239,-1,-1,-1
266,1,2298.00,847.00,109.00,59.00,0.8341,-1,-1,-1
266,2,1918.00,721.00,118.00,66.00,0.8785,-1,-1,-1
266,3,2066.00,918.00,60.00,50.00,0.5853,-1,-1,-1
267,1,2303.00,846.00,108.00,57.00,0.8244,-1,-1,-1
267,2,1923.00,719.00,121.00,69.00,0.9026,-1,-1,-1
268,1,2308.00,847.00,109.00,56.00,0.7868,-1,-1,-1
268,2,1929.00,719.00,121.00,68.00,0.8640,-1,-1,-1
268,3,2081.00,919.00,54.00,50.00,0.5990,-1,-1,-1
269,1,2311.00,844.00,114.00,58.00,0.7935,-1,-1,-1
269,2,1935.00,719.00,116.00,68.00,0.9078,-1,-1,-1
269,3,2086.00,919.00,60.00,49.00,0.5464,-1,-1,-1
270,1,2317.00,844.00,113.00,59.00,0.8299,-1,-1,-1
270,2,1940.00,720.00,115.00,66.00,0.9221,-1,-1,-1
270,3,2093.00,919.00,57.00,49.00,0.6185,-1,-1,-1
271,1,2319.00,843.00,121.00,60.00,0.8533,-1,-1,-1
271,2,1945.00,723.00,113.00,64.00,0.8656,-1,-1,-1
271,3,2100.00,917.00,60.00,52.00,0.5041,-1,-1,-1
272,1,2324.00,845.00,115.00,57.00,0.8300,-1,-1,-1
272,2,1949.00,719.00,122.00,67.00,0.9132,-1,-1,-1
273,1,2329.00,845.00,116.00,58.00,0.7545,-1,-1,-1
273,2,1955.00,722.00,114.00,65.00,0.8362,-1,-1,-1
274,1,2332.00,845.00,118.00,57.00,0.8204,-1,-1,-1
274,2,1959.00,720.00,115.00,67.00,0.8492,-1,-1,-1
274,3,2117.00,920.00,58.00,49.00,0.5647,-1,-1,-1
275,1,2338.00,844.00,119.00,60.00,0.7712,-1,-1,-1
275,2,1963.00,722.00,116.00,67.00,0.8867,-1,-1,-1
276,1,2342.00,845.00,115.00,59.00,0.8245,-1,-1,-1
276,2,1970.00,724.00,113.00,64.00,0.8462,-1,-1,-1
276,3,2131.00,922.00,57.00,51.00,0.6219,-1,-1,-1
277,1,2350.00,847.00,117.00,58.00,0.7877,-1,-1,-1
277,2,1975.00,725.00,114.00,62.00,0.8379,-1,-1,-1
277,3,2136.00,923.00,59.00,50.00,0.5099,-1,-1,-1
278,1,2356.00,847.00,116.00,60.00,0.7947,-1,-1,-1
278,2,1980.00,726.00,114.00,62.00,0.8525,-1,-1,-1
278,3,2141.00,923.00,62.00,51.00,0.5719,-1,-1,-1
279,1,2361.00,846.00,117.00,61.00,0.8073,-1,-1,-1
279,2,1984.00,725.00,118.00,67.00,0.8703,-1,-1,-1
279,3,2148.00,925.00,59.00,51.00,0.5015,-1,-1,-1
280,1,2370.00,850.00,109.00,56.00,0.8325,-1,-1,-1
280,2,1991.00,731.00,108.00,60.00,0.8557,-1,-1,-1
280,3,2157.00,926.00,61.00,50.00,0.5008,-1,-1,-1
281,1,2376.00,850.00,111.00,60.00,0.8155,-1,-1,-1
281,2,1996.00,730.00,118.00,62.00,0.8376,-1,-1,-1
281,3,2160.00,927.00,61.00,54.00,0.6084,-1,-1,-1
282,1,2383.00,853.00,108.00,56.00,0.8655,-1,-1,-1
282,2,1998.00,732.00,117.00,63.00,0.8476,-1,-1,-1
282,3,2166.00,928.00,60.00,51.00,0.6322,-1,-1,-1
283,1,2388.00,854.00,106.00,58.00,0.8722,-1,-1,-1
283,2,2006.00,738.00,103.00,58.00,0.7965,-1,-1,-1
283,3,2172.00,931.00,58.00,51.00,0.6040,-1,-1,-1
284,1,2394.00,856.00,106.00,58.00,0.7537,-1,-1,-1
284,2,2012.00,738.00,101.00,59.00,0.7670,-1,-1,-1
284,3,2180.00,936.00,53.00,48.00,0.5172,-1,-1,-1
285,1,2397.00,858.00,106.00,58.00,0.6584,-1,-1,-1
285,2,2015.00,740.00,106.00,61.00,0.8835,-1,-1,-1
285,3,2183.00,935.00,58.00,52.00,0.6037,-1,-1,-1
286,1,2405.00,862.00,103.00,54.00,0.6590,-1,-1,-1
286,2,2018.00,742.00,112.00,60.00,0.8554,-1,-1,-1
286,3,2189.00,935.00,59.00,52.00,0.7050,-1,-1,-1
287,1,2412.00,864.00,101.00,55.00,0.8127,-1,-1,-1
287,2,2021.00,742.00,121.00,65.00,0.8768,-1,-1,-1
287,3,2195.00,937.00,59.00,54.00,0.6676,-1,-1,-1
288,1,2414.00,865.00,103.00,55.00,0.8499,-1,-1,-1
288,2,2025.00,746.00,116.00,63.00,0.8638,-1,-1,-1
288,3,2199.00,940.00,57.00,54.00,0.7218,-1,-1,-1
289,1,2416.00,868.00,104.00,53.00,0.8318,-1,-1,-1
289,2,2030.00,753.00,102.00,56.00,0.8524,-1,-1,-1
289,3,2205.00,943.00,57.00,52.00,0.6210,-1,-1,-1
290,1,2420.00,872.00,104.00,51.00,0.8218,-1,-1,-1
290,2,2030.00,753.00,109.00,61.00,0.8746,-1,-1,-1
290,3,2209.00,947.00,58.00,52.00,0.5698,-1,-1,-1
290,4,2255.00,799.00,57.00,49.00,0.5119,-1,-1,-1
291,1,2423.00,875.00,103.00,50.00,0.8154,-1,-1,-1
291,2,2036.00,758.00,99.00,56.00,0.8830,-1,-1,-1
291,3,2212.00,947.00,62.00,53.00,0.5679,-1,-1,-1
292,1,2428.00,876.00,103.00,51.00,0.7815,-1,-1,-1
292,2,2039.00,755.00,107.00,63.00,0.8736,-1,-1,-1
292,3,2215.00,944.00,67.00,57.00,0.6309,-1,-1,-1
293,1,2430.00,877.00,102.00,53.00,0.7305,-1,-1,-1
293,2,2043.00,759.00,106.00,60.00,0.8143,-1,-1,-1
293,3,2218.00,949.00,65.00,58.00,0.6768,-1,-1,-1
294,1,2431.00,878.00,106.00,53.00,0.8059,-1,-1,-1
294,2,2045.00,759.00,109.00,62.00,0.8619,-1,-1,-1
294,3,2223.00,953.00,60.00,56.00,0.6393,-1,-1,-1
295,1,2434.00,880.00,103.00,53.00,0.8858,-1,-1,-1
295,2,2048.00,764.00,100.00,58.00,0.8529,-1,-1,-1
295,3,2226.00,956.00,59.00,52.00,0.5503,-1,-1,-1
296,1,2436.00,883.00,103.00,51.00,0.8562,-1,-1,-1
296,2,2048.00,765.00,106.00,60.00,0.8338,-1,-1,-1
296,3,2229.00,960.00,58.00,52.00,0.5952,-1,-1,-1
297,1,2436.00,883.00,106.00,54.00,0.8450,-1,-1,-1
297,2,2052.00,770.00,108.00,60.00,0.8289,-1,-1,-1
297,3,2230.00,961.00,58.00,53.00,0.6770,-1,-1,-1
298,1,2438.00,885.00,104.00,53.00,0.8128,-1,-1,-1
298,2,2050.00,769.00,115.00,64.00,0.8429,-1,-1,-1
298,3,2230.00,961.00,60.00,54.00,0.6681,-1,-1,-1
299,1,2436.00,885.00,105.00,55.00,0.8059,-1,-1,-1
299,2,2050.00,773.00,112.00,60.00,0.8399,-1,-1,-1
299,3,2231.00,964.00,59.00,55.00,0.7633,-1,-1,-1
300,1,2436.00,886.00,106.00,56.00,0.8519,-1,-1,-1
300,2,2051.00,774.00,104.00,60.00,0.8468,-1,-1,-1
300,3,2231.00,965.00,61.00,55.00,0.7475,-1,-1,-1
301,1,2434.00,887.00,107.00,57.00,0.9161,-1,-1,-1
301,2,2051.00,778.00,97.00,57.00,0.8632,-1,-1,-1
301,3,2231.00,966.00,66.00,56.00,0.6998,-1,-1,-1
302,1,2433.00,890.00,109.00,55.00,0.9365,-1,-1,-1
302,2,2049.00,781.00,92.00,58.00,0.8786,-1,-1,-1
302,3,2232.00,970.00,64.00,54.00,0.6508,-1,-1,-1
303,1,2430.00,891.00,111.00,55.00,0.9265,-1,-1,-1
303,2,2049.00,780.00,94.00,61.00,0.8790,-1,-1,-1
303,3,2232.00,971.00,66.00,56.00,0.5988,-1,-1,-1
304,1,2427.00,892.00,113.00,55.00,0.8745,-1,-1,-1
304,2,2048.00,783.00,100.00,60.00,0.8633,-1,-1,-1
304,3,2232.00,973.00,66.00,56.00,0.7367,-1,-1,-1
304,4,2280.00,825.00,56.00,50.00,0.5116,-1,-1,-1
305,1,2425.00,894.00,112.00,54.00,0.8726,-1,-1,-1
305,2,2048.00,784.00,101.00,61.00,0.8470,-1,-1,-1
305,3,2231.00,973.00,65.00,59.00,0.7467,-1,-1,-1
306,1,2421.00,895.00,113.00,54.00,0.8668,-1,-1,-1
306,2,2044.00,787.00,94.00,60.00,0.8083,-1,-1,-1
306,3,2230.00,975.00,67.00,59.00,0.7687,-1,-1,-1
307,1,2415.00,896.00,115.00,55.00,0.8259,-1,-1,-1
307,2,2042.00,789.00,94.00,61.00,0.8617,-1,-1,-1
307,3,2229.00,980.00,64.00,54.00,0.6770,-1,-1,-1
308,1,2407.00,896.00,115.00,54.00,0.8150,-1,-1,-1
308,2,2035.00,790.00,101.00,62.00,0.8626,-1,-1,-1
308,3,2223.00,982.00,62.00,54.00,0.6112,-1,-1,-1
309,1,2407.00,899.00,108.00,51.00,0.8129,-1,-1,-1
309,2,2026.00,790.00,107.00,66.00,0.8805,-1,-1,-1
309,3,2217.00,980.00,64.00,55.00,0.6879,-1,-1,-1
310,1,2399.00,900.00,110.00,53.00,0.8287,-1,-1,-1
310,2,2019.00,792.00,111.00,66.00,0.8478,-1,-1,-1
310,3,2213.00,981.00,65.00,56.00,0.7414,-1,-1,-1
311,1,2394.00,900.00,106.00,52.00,0.8029,-1,-1,-1
311,2,2015.00,799.00,102.00,60.00,0.8393,-1,-1,-1
311,3,2207.00,984.00,63.00,54.00,0.6659,-1,-1,-1
312,1,2387.00,900.00,107.00,54.00,0.8607,-1,-1,-1
312,2,2009.00,800.00,104.00,60.00,0.8700,-1,-1,-1
312,3,2203.00,985.00,63.00,53.00,0.7153,-1,-1,-1
313,1,2383.00,901.00,105.00,51.00,0.8388,-1,-1,-1
313,2,2003.00,799.00,102.00,65.00,0.8561,-1,-1,-1
313,3,2197.00,985.00,62.00,55.00,0.6659,-1,-1,-1
313,4,2239.00,835.00,61.00,52.00,0.6186,-1,-1,-1
314,1,2376.00,901.00,106.00,55.00,0.9145,-1,-1,-1
314,2,1997.00,802.00,96.00,64.00,0.9057,-1,-1,-1
314,3,2192.00,986.00,63.00,54.00,0.7086,-1,-1,-1
314,4,2233.00,837.00,61.00,53.00,0.5056,-1,-1,-1
315,1,2369.00,901.00,108.00,57.00,0.8382,-1,-1,-1
315,2,1990.00,802.00,103.00,67.00,0.8433,-1,-1,-1
315,3,2185.00,987.00,67.00,56.00,0.7006,-1,-1,-1
316,1,2365.00,903.00,103.00,55.00,0.9012,-1,-1,-1
316,2,1989.00,806.00,95.00,63.00,0.8362,-1,-1,-1
316,3,2182.00,992.00,62.00,54.00,0.6796,-1,-1,-1
317,1,2356.00,902.00,106.00,56.00,0.8397,-1,-1,-1
317,2,1982.00,812.00,91.00,60.00,0.8475,-1,-1,-1
317,3,2177.00,993.00,63.00,55.00,0.6776,-1,-1,-1
318,1,2351.00,904.00,106.00,55.00,0.8480,-1,-1,-1
318,2,1974.00,811.00,102.00,63.00,0.8368,-1,-1,-1
318,3,2172.00,995.00,63.00,53.00,0.6449,-1,-1,-1
319,1,2347.00,906.00,107.00,54.00,0.7605,-1,-1,-1
319,2,1970.00,813.00,100.00,65.00,0.9208,-1,-1,-1
319,3,2168.00,994.00,66.00,54.00,0.7154,-1,-1,-1
320,1,2344.00,908.00,105.00,54.00,0.7191,-1,-1,-1
320,2,1966.00,814.00,102.00,67.00,0.8928,-1,-1,-1
320,3,2165.00,997.00,62.00,54.00,0.6688,-1,-1,-1
321,1,2343.00,908.00,100.00,56.00,0.7727,-1,-1,-1
321,2,1961.00,818.00,106.00,65.00,0.8604,-1,-1,-1
321,3,2163.00,1001.00,58.00,52.00,0.6368,-1,-1,-1
322,1,2339.00,912.00,100.00,52.00,0.7736,-1,-1,-1
322,2,1959.00,821.00,98.00,64.00,0.8403,-1,-1,-1
322,3,2160.00,1003.00,63.00,52.00,0.6573,-1,-1,-1
322,4,2192.00,845.00,64.00,52.00,0.5003,-1,-1,-1
323,1,2335.00,912.00,102.00,54.00,0.8128,-1,-1,-1
323,2,1957.00,821.00,100.00,65.00,0.8343,-1,-1,-1
323,3,2158.00,1006.00,63.00,51.00,0.6033,-1,-1,-1
324,1,2332.00,914.00,101.00,52.00,0.8837,-1,-1,-1
324,2,1953.00,819.00,108.00,72.00,0.8483,-1,-1,-1
324,3,2157.00,1009.00,58.00,49.00,0.5042,-1,-1,-1
325,1,2330.00,914.00,104.00,56.00,0.9081,-1,-1,-1
325,2,1953.00,826.00,98.00,65.00,0.8775,-1,-1,-1
326,1,2330.00,917.00,106.00,55.00,0.8678,-1,-1,-1
326,2,1952.00,825.00,98.00,70.00,0.8938,-1,-1,-1
327,1,2328.00,919.00,103.00,54.00,0.8825,-1,-1,-1
327,2,1952.00,825.00,98.00,72.00,0.8808,-1,-1,-1
327,3,2153.00,1010.00,59.00,54.00,0.5448,-1,-1,-1
327,4,2195.00,861.00,60.00,51.00,0.5927,-1,-1,-1
328,1,2326.00,921.00,103.00,54.00,0.8407,-1,-1,-1
328,2,1949.00,832.00,101.00,68.00,0.8319,-1,-1,-1
328,3,2152.00,1014.00,59.00,55.00,0.6413,-1,-1,-1
328,4,2188.00,860.00,65.00,53.00,0.7577,-1,-1,-1
329,1,2326.00,924.00,100.00,52.00,0.8056,-1,-1,-1
329,2,1948.00,834.00,103.00,69.00,0.8776,-1,-1,-1
329,3,2152.00,1018.00,58.00,54.00,0.5863,-1,-1,-1
329,4,2187.00,861.00,67.00,53.00,0.7401,-1,-1,-1
330,1,2326.00,927.00,96.00,49.00,0.8330,-1,-1,-1
330,2,1947.00,834.00,103.00,72.00,0.9265,-1,-1,-1
330,3,2152.00,1017.00,64.00,56.00,0.5788,-1,-1,-1
330,4,2194.00,866.00,60.00,51.00,0.5935,-1,-1,-1
331,1,2325.00,929.00,98.00,50.00,0.8187,-1,-1,-1
331,2,1946.00,835.00,104.00,73.00,0.9305,-1,-1,-1
331,3,2152.00,1018.00,67.00,56.00,0.5996,-1,-1,-1
331,4,2191.00,867.00,64.00,52.00,0.5308,-1,-1,-1
332,1,2325.00,932.00,96.00,49.00,0.8158,-1,-1,-1
332,2,1944.00,838.00,106.00,71.00,0.9032,-1,-1,-1
332,3,2152.00,1022.00,64.00,55.00,0.6678,-1,-1,-1
333,1,2324.00,935.00,94.00,47.00,0.8288,-1,-1,-1
333,2,1942.00,843.00,101.00,67.00,0.8498,-1,-1,-1
333,3,2153.00,1026.00,59.00,54.00,0.6292,-1,-1,-1
333,4,2186.00,871.00,67.00,50.00,0.6191,-1,-1,-1
334,1,2323.00,935.00,96.00,50.00,0.8547,-1,-1,-1
334,2,1942.00,843.00,106.00,68.00,0.8470,-1,-1,-1
334,3,2152.00,1032.00,57.00,50.00,0.6425,-1,-1,-1
334,4,2184.00,871.00,67.00,51.00,0.6015,-1,-1,-1
335,1,2322.00,938.00,95.00,49.00,0.8837,-1,-1,-1
335,2,1944.00,846.00,97.00,66.00,0.8385,-1,-1,-1
335,3,2151.00,1032.00,59.00,50.00,0.5385,-1,-1,-1
335,4,2186.00,873.00,66.00,54.00,0.5285,-1,-1,-1
336,1,2320.00,939.00,96.00,49.00,0.9190,-1,-1,-1
336,2,1942.00,849.00,96.00,65.00,0.8124,-1,-1,-1
337,1,2317.00,941.00,100.00,49.00,0.9189,-1,-1,-1
337,2,1943.00,848.00,96.00,67.00,0.8541,-1,-1,-1
337,3,2151.00,1034.00,58.00,53.00,0.6212,-1,-1,-1
337,4,2192.00,881.00,61.00,51.00,0.6702,-1,-1,-1
338,1,2316.00,943.00,99.00,49.00,0.9209,-1,-1,-1
338,2,1943.00,850.00,97.00,68.00,0.8496,-1,-1,-1
338,3,2151.00,1034.00,60.00,54.00,0.6705,-1,-1,-1
338,4,2193.00,884.00,60.00,49.00,0.7057,-1,-1,-1
339,1,2314.00,945.00,98.00,47.00,0.8936,-1,-1,-1
339,2,1942.00,852.00,98.00,70.00,0.7736,-1,-1,-1
339,3,2151.00,1038.00,60.00,54.00,0.7422,-1,-1,-1
339,4,2188.00,883.00,63.00,51.00,0.7763,-1,-1,-1
340,1,2314.00,947.00,94.00,46.00,0.8333,-1,-1,-1
340,2,1943.00,858.00,99.00,67.00,0.7892,-1,-1,-1
340,3,2151.00,1041.00,59.00,54.00,0.7451,-1,-1,-1
340,4,2190.00,885.00,62.00,53.00,0.7718,-1,-1,-1
341,1,2311.00,949.00,97.00,49.00,0.8652,-1,-1,-1
341,2,1940.00,861.00,100.00,68.00,0.8363,-1,-1,-1
341,3,2149.00,1041.00,67.00,54.00,0.5573,-1,-1,-1
341,4,2193.00,889.00,59.00,51.00,0.6565,-1,-1,-1
342,1,2308.00,951.00,97.00,48.00,0.8917,-1,-1,-1
342,2,1941.00,863.00,99.00,68.00,0.8599,-1,-1,-1
342,4,2190.00,891.00,60.00,49.00,0.5191,-1,-1,-1
343,1,2308.00,954.00,96.00,47.00,0.9100,-1,-1,-1
343,2,1941.00,872.00,90.00,60.00,0.8534,-1,-1,-1
343,3,2150.00,1047.00,62.00,55.00,0.5374,-1,-1,-1
343,4,2187.00,892.00,62.00,48.00,0.5083,-1,-1,-1
344,1,2305.00,956.00,100.00,47.00,0.8732,-1,-1,-1
344,2,1940.00,872.00,94.00,62.00,0.8458,-1,-1,-1
344,3,2150.00,1049.00,59.00,52.00,0.6135,-1,-1,-1
344,4,2189.00,895.00,62.00,48.00,0.5304,-1,-1,-1
345,1,2305.00,955.00,98.00,50.00,0.8849,-1,-1,-1
345,2,1940.00,875.00,92.00,61.00,0.8379,-1,-1,-1
345,3,2149.00,1053.00,57.00,53.00,0.7062,-1,-1,-1
345,4,2186.00,896.00,63.00,48.00,0.5156,-1,-1,-1
346,1,2306.00,957.00,96.00,51.00,0.8482,-1,-1,-1
346,2,1939.00,876.00,91.00,63.00,0.8571,-1,-1,-1
346,3,2149.00,1054.00,61.00,50.00,0.5073,-1,-1,-1
347,1,2304.00,960.00,95.00,49.00,0.7045,-1,-1,-1
347,2,1938.00,875.00,96.00,66.00,0.8567,-1,-1,-1
347,4,2190.00,902.00,64.00,52.00,0.5460,-1,-1,-1
348,1,2304.00,962.00,93.00,48.00,0.7630,-1,-1,-1
348,2,1938.00,879.00,94.00,65.00,0.8377,-1,-1,-1
348,4,2187.00,904.00,64.00,49.00,0.5221,-1,-1,-1
349,1,2305.00,964.00,94.00,48.00,0.7927,-1,-1,-1
349,2,1937.00,883.00,93.00,64.00,0.8376,-1,-1,-1
349,3,2147.00,1058.00,64.00,56.00,0.5270,-1,-1,-1
350,1,2303.00,965.00,95.00,48.00,0.8623,-1,-1,-1
350,2,1934.00,883.00,106.00,70.00,0.8865,-1,-1,-1
350,3,2149.00,1061.00,60.00,55.00,0.6149,-1,-1,-1
350,4,2189.00,909.00,64.00,50.00,0.7257,-1,-1,-1
351,1,2303.00,968.00,94.00,47.00,0.8643,-1,-1,-1
351,2,1933.00,884.00,102.00,72.00,0.8813,-1,-1,-1
351,3,2151.00,1066.00,59.00,55.00,0.6699,-1,-1,-1
351,4,2194.00,913.00,59.00,49.00,0.6751,-1,-1,-1
352,1,2302.00,971.00,94.00,46.00,0.8629,-1,-1,-1
352,2,1934.00,894.00,89.00,62.00,0.8112,-1,-1,-1
352,4,2193.00,913.00,59.00,50.00,0.5375,-1,-1,-1
353,1,2301.00,973.00,92.00,46.00,0.8767,-1,-1,-1
353,2,1935.00,897.00,89.00,61.00,0.7955,-1,-1,-1
353,3,2149.00,1070.00,62.00,51.00,0.5068,-1,-1,-1
353,4,2187.00,914.00,63.00,49.00,0.6330,-1,-1,-1
354,1,2303.00,976.00,89.00,45.00,0.8895,-1,-1,-1
354,2,1934.00,901.00,83.00,58.00,0.8124,-1,-1,-1
354,3,2148.00,1069.00,65.00,55.00,0.6576,-1,-1,-1
354,4,2182.00,915.00,64.00,48.00,0.5155,-1,-1,-1
355,1,2300.00,977.00,92.00,46.00,0.9062,-1,-1,-1
355,2,1934.00,906.00,75.00,56.00,0.7839,-1,-1,-1
355,3,2149.00,1071.00,65.00,54.00,0.5709,-1,-1,-1
355,4,2182.00,918.00,64.00,47.00,0.5721,-1,-1,-1
356,1,2300.00,981.00,91.00,43.00,0.8972,-1,-1,-1
356,2,1933.00,905.00,85.00,59.00,0.8554,-1,-1,-1
356,3,2147.00,1076.00,63.00,55.00,0.6160,-1,-1,-1
356,4,2180.00,918.00,66.00,49.00,0.6505,-1,-1,-1
357,1,2300.00,982.00,90.00,45.00,0.8938,-1,-1,-1
357,2,1933.00,904.00,93.00,64.00,0.9002,-1,-1,-1
358,1,2298.00,983.00,90.00,46.00,0.8760,-1,-1,-1
358,2,1931.00,907.00,96.00,64.00,0.8951,-1,-1,-1
358,3,2147.00,1080.00,62.00,54.00,0.5463,-1,-1,-1
359,1,2297.00,985.00,91.00,46.00,0.8188,-1,-1,-1
359,2,1931.00,911.00,93.00,63.00,0.8808,-1,-1,-1
359,3,2146.00,1080.00,63.00,56.00,0.6416,-1,-1,-1
360,1,2298.00,988.00,89.00,45.00,0.8062,-1,-1,-1
360,2,1930.00,912.00,91.00,66.00,0.8691,-1,-1,-1
360,3,2144.00,1079.00,69.00,58.00,0.6433,-1,-1,-1
360,4,2177.00,926.00,69.00,50.00,0.6142,-1,-1,-1
361,1,2298.00,991.00,87.00,43.00,0.8207,-1,-1,-1
361,2,1930.00,914.00,94.00,67.00,0.8389,-1,-1,-1
361,3,2147.00,1082.00,66.00,55.00,0.6085,-1,-1,-1
361,4,2179.00,929.00,63.00,48.00,0.5845,-1,-1,-1
362,1,2298.00,993.00,87.00,44.00,0.8605,-1,-1,-1
362,2,1930.00,917.00,95.00,64.00,0.8364,-1,-1,-1
362,3,2146.00,1084.00,67.00,55.00,0.6439,-1,-1,-1
362,4,2180.00,932.00,62.00,48.00,0.5945,-1,-1,-1
363,1,2298.00,996.00,87.00,42.00,0.8939,-1,-1,-1
363,2,1929.00,918.00,96.00,67.00,0.9004,-1,-1,-1
363,3,2144.00,1085.00,71.00,55.00,0.6075,-1,-1,-1
363,4,2182.00,936.00,60.00,48.00,0.5502,-1,-1,-1
364,1,2295.00,997.00,87.00,42.00,0.8590,-1,-1,-1
364,2,1928.00,921.00,93.00,66.00,0.8993,-1,-1,-1
364,3,2143.00,1089.00,70.00,57.00,0.7535,-1,-1,-1
365,1,2292.00,998.00,87.00,43.00,0.8110,-1,-1,-1
365,2,1927.00,922.00,94.00,67.00,0.8984,-1,-1,-1
365,3,2143.00,1092.00,68.00,53.00,0.7081,-1,-1,-1
365,4,2176.00,937.00,59.00,46.00,0.6809,-1,-1,-1
366,1,2292.00,1001.00,87.00,45.00,0.8561,-1,-1,-1
366,2,1927.00,925.00,95.00,66.00,0.8605,-1,-1,-1
366,3,2143.00,1092.00,71.00,54.00,0.6943,-1,-1,-1
366,4,2175.00,939.00,64.00,48.00,0.6585,-1,-1,-1
367,1,2290.00,1002.00,88.00,46.00,0.8531,-1,-1,-1
367,2,1926.00,929.00,94.00,65.00,0.8486,-1,-1,-1
367,3,2144.00,1093.00,72.00,56.00,0.6845,-1,-1,-1
367,4,2176.00,942.00,63.00,49.00,0.6620,-1,-1,-1
368,1,2290.00,1003.00,88.00,46.00,0.8332,-1,-1,-1
368,2,1925.00,931.00,97.00,65.00,0.9265,-1,-1,-1
368,3,2143.00,1098.00,65.00,55.00,0.7146,-1,-1,-1
368,4,2176.00,942.00,61.00,50.00,0.7251,-1,-1,-1
369,1,2289.00,1005.00,88.00,46.00,0.8472,-1,-1,-1
369,2,1925.00,935.00,94.00,63.00,0.9241,-1,-1,-1
369,3,2142.00,1100.00,64.00,52.00,0.5683,-1,-1,-1
369,4,2181.00,947.00,60.00,50.00,0.7179,-1,-1,-1
370,1,2288.00,1006.00,88.00,46.00,0.8615,-1,-1,-1
370,2,1924.00,936.00,94.00,64.00,0.8916,-1,-1,-1
370,3,2141.00,1100.00,69.00,56.00,0.6539,-1,-1,-1
370,4,2179.00,947.00,64.00,52.00,0.7268,-1,-1,-1
371,1,2288.00,1009.00,86.00,44.00,0.8484,-1,-1,-1
371,2,1924.00,940.00,92.00,63.00,0.8671,-1,-1,-1
371,3,2138.00,1101.00,73.00,59.00,0.6232,-1,-1,-1
371,4,2178.00,949.00,62.00,49.00,0.7880,-1,-1,-1
372,1,2287.00,1011.00,87.00,44.00,0.7059,-1,-1,-1
372,2,1924.00,942.00,93.00,63.00,0.8854,-1,-1,-1
372,4,2179.00,952.00,61.00,48.00,0.7108,-1,-1,-1
373,1,2288.00,1014.00,84.00,43.00,0.7385,-1,-1,-1
373,2,1922.00,943.00,96.00,65.00,0.9235,-1,-1,-1
373,4,2179.00,955.00,60.00,48.00,0.6752,-1,-1,-1
374,1,2285.00,1016.00,84.00,42.00,0.7074,-1,-1,-1
374,2,1921.00,945.00,95.00,66.00,0.9080,-1,-1,-1
374,4,2181.00,956.00,55.00,47.00,0.6784,-1,-1,-1
375,1,2282.00,1016.00,87.00,45.00,0.7641,-1,-1,-1
375,2,1919.00,946.00,97.00,67.00,0.8704,-1,-1,-1
375,3,2141.00,1110.00,70.00,54.00,0.5142,-1,-1,-1
375,4,2179.00,958.00,55.00,48.00,0.5955,-1,-1,-1
376,1,2279.00,1016.00,92.00,47.00,0.7669,-1,-1,-1
376,2,1919.00,946.00,99.00,69.00,0.8542,-1,-1,-1
376,3,2141.00,1111.00,73.00,54.00,0.5680,-1,-1,-1
376,4,2178.00,959.00,57.00,48.00,0.5963,-1,-1,-1
377,1,2279.00,1020.00,90.00,43.00,0.7945,-1,-1,-1
377,2,1920.00,948.00,96.00,68.00,0.7911,-1,-1,-1
377,3,2141.00,1113.00,72.00,55.00,0.6075,-1,-1,-1
377,4,2177.00,960.00,56.00,47.00,0.7131,-1,-1,-1
378,1,2281.00,1024.00,85.00,41.00,0.6757,-1,-1,-1
378,2,1919.00,954.00,95.00,66.00,0.8432,-1,-1,-1
378,4,2177.00,963.00,56.00,45.00,0.5922,-1,-1,-1
379,1,2280.00,1026.00,87.00,42.00,0.7486,-1,-1,-1
379,2,1918.00,956.00,96.00,67.00,0.8860,-1,-1,-1
379,3,2140.00,1119.00,65.00,55.00,0.5442,-1,-1,-1
379,4,2177.00,965.00,56.00,46.00,0.7118,-1,-1,-1
380,1,2278.00,1028.00,87.00,41.00,0.8009,-1,-1,-1
380,2,1918.00,959.00,92.00,65.00,0.8960,-1,-1,-1
380,4,2179.00,968.00,51.00,45.00,0.7373,-1,-1,-1
381,1,2276.00,1029.00,88.00,43.00,0.8349,-1,-1,-1
381,2,1918.00,963.00,90.00,63.00,0.8688,-1,-1,-1
381,4,2181.00,970.00,51.00,46.00,0.7216,-1,-1,-1
382,1,2275.00,1031.00,88.00,43.00,0.8583,-1,-1,-1
382,2,1918.00,965.00,92.00,63.00,0.8959,-1,-1,-1
382,4,2179.00,973.00,53.00,44.00,0.7464,-1,-1,-1
383,1,2278.00,1033.00,84.00,41.00,0.8873,-1,-1,-1
383,2,1916.00,965.00,93.00,66.00,0.9036,-1,-1,-1
383,4,2180.00,974.00,51.00,44.00,0.7386,-1,-1,-1
384,1,2276.00,1034.00,86.00,42.00,0.8310,-1,-1,-1
384,2,1915.00,968.00,95.00,67.00,0.9320,-1,-1,-1
384,4,2181.00,976.00,50.00,43.00,0.7065,-1,-1,-1
385,1,2274.00,1034.00,88.00,44.00,0.7335,-1,-1,-1
385,2,1914.00,971.00,93.00,66.00,0.9227,-1,-1,-1
385,4,2178.00,977.00,53.00,45.00,0.6835,-1,-1,-1
386,1,2271.00,1035.00,86.00,42.00,0.6875,-1,-1,-1
386,2,1915.00,973.00,87.00,64.00,0.9117,-1,-1,-1
386,4,2178.00,979.00,54.00,44.00,0.5914,-1,-1,-1
387,1,2268.00,1036.00,89.00,45.00,0.6886,-1,-1,-1
387,2,1913.00,975.00,89.00,64.00,0.9104,-1,-1,-1
387,4,2176.00,982.00,52.00,45.00,0.5226,-1,-1,-1
388,1,2267.00,1038.00,87.00,44.00,0.7552,-1,-1,-1
388,2,1913.00,975.00,90.00,67.00,0.9105,-1,-1,-1
388,4,2174.00,984.00,53.00,44.00,0.6042,-1,-1,-1
389,1,2269.00,1041.00,85.00,42.00,0.7800,-1,-1,-1
389,2,1910.00,977.00,94.00,66.00,0.9049,-1,-1,-1
389,4,2173.00,986.00,54.00,44.00,0.5618,-1,-1,-1
390,1,2265.00,1042.00,87.00,44.00,0.8296,-1,-1,-1
390,2,1908.00,978.00,94.00,69.00,0.9133,-1,-1,-1
390,4,2172.00,988.00,54.00,45.00,0.7181,-1,-1,-1
391,1,2264.00,1044.00,87.00,44.00,0.8515,-1,-1,-1
391,2,1907.00,981.00,92.00,69.00,0.9105,-1,-1,-1
391,3,2136.00,1139.00,68.00,61.00,0.5108,-1,-1,-1
391,4,2170.00,989.00,54.00,45.00,0.6908,-1,-1,-1
392,1,2261.00,1045.00,87.00,44.00,0.8078,-1,-1,-1
392,2,1905.00,982.00,95.00,70.00,0.9203,-1,-1,-1
392,4,2167.00,992.00,55.00,43.00,0.6991,-1,-1,-1
393,1,2263.00,1049.00,82.00,41.00,0.7877,-1,-1,-1
393,2,1905.00,985.00,92.00,67.00,0.8911,-1,-1,-1
393,4,2167.00,993.00,55.00,46.00,0.6429,-1,-1,-1
394,1,2256.00,1049.00,89.00,45.00,0.7822,-1,-1,-1
394,2,1903.00,986.00,93.00,68.00,0.9079,-1,-1,-1
395,1,2254.00,1051.00,88.00,43.00,0.8478,-1,-1,-1
395,2,1900.00,988.00,95.00,68.00,0.9150,-1,-1,-1
395,4,2164.00,994.00,52.00,44.00,0.6818,-1,-1,-1
396,1,2250.00,1053.00,90.00,43.00,0.8433,-1,-1,-1
396,2,1898.00,992.00,93.00,68.00,0.9236,-1,-1,-1
396,4,2163.00,997.00,55.00,43.00,0.5577,-1,-1,-1
397,1,2250.00,1054.00,88.00,43.00,0.8446,-1,-1,-1
397,2,1896.00,995.00,93.00,68.00,0.8913,-1,-1,-1
397,4,2163.00,1000.00,56.00,43.00,0.5940,-1,-1,-1
398,1,2250.00,1055.00,85.00,44.00,0.8441,-1,-1,-1
398,2,1896.00,994.00,93.00,72.00,0.8795,-1,-1,-1
398,4,2163.00,1004.00,58.00,45.00,0.5171,-1,-1,-1
399,1,2252.00,1057.00,80.00,42.00,0.8260,-1,-1,-1
399,2,1894.00,996.00,93.00,71.00,0.8778,-1,-1,-1
399,4,2159.00,1005.00,58.00,44.00,0.5076,-1,-1,-1
400,1,2246.00,1057.00,83.00,44.00,0.8550,-1,-1,-1
400,2,1891.00,1000.00,93.00,69.00,0.9240,-1,-1,-1
401,1,2242.00,1058.00,85.00,45.00,0.8304,-1,-1,-1
401,2,1888.00,1003.00,94.00,69.00,0.9255,-1,-1,-1
402,1,2240.00,1060.00,83.00,45.00,0.7531,-1,-1,-1
402,2,1886.00,1008.00,89.00,65.00,0.8863,-1,-1,-1
402,4,2152.00,1008.00,56.00,44.00,0.5340,-1,-1,-1
403,1,2236.00,1063.00,85.00,43.00,0.7774,-1,-1,-1
403,2,1884.00,1008.00,91.00,67.00,0.8899,-1,-1,-1
403,4,2152.00,1011.00,56.00,45.00,0.6169,-1,-1,-1
404,1,2235.00,1064.00,83.00,43.00,0.8051,-1,-1,-1
404,2,1881.00,1010.00,93.00,67.00,0.8823,-1,-1,-1
404,4,2150.00,1014.00,55.00,44.00,0.5719,-1,-1,-1
405,1,2231.00,1066.00,85.00,42.00,0.7995,-1,-1,-1
405,2,1878.00,1014.00,91.00,64.00,0.9054,-1,-1,-1
405,4,2143.00,1013.00,58.00,45.00,0.5450,-1,-1,-1
406,1,2232.00,1068.00,83.00,41.00,0.8296,-1,-1,-1
406,2,1876.00,1017.00,87.00,63.00,0.9127,-1,-1,-1
406,4,2141.00,1014.00,56.00,44.00,0.6422,-1,-1,-1
407,1,2230.00,1070.00,81.00,39.00,0.8370,-1,-1,-1
407,2,1874.00,1018.00,88.00,65.00,0.9086,-1,-1,-1
407,4,2140.00,1018.00,55.00,41.00,0.5900,-1,-1,-1
408,1,2230.00,1072.00,79.00,38.00,0.8557,-1,-1,-1
408,2,1873.00,1020.00,86.00,65.00,0.9054,-1,-1,-1
409,1,2227.00,1073.00,77.00,37.00,0.8179,-1,-1,-1
409,2,1869.00,1018.00,92.00,71.00,0.9025,-1,-1,-1
410,1,2220.00,1075.00,83.00,39.00,0.8281,-1,-1,-1
410,2,1868.00,1023.00,90.00,68.00,0.9103,-1,-1,-1
411,1,2218.00,1075.00,81.00,39.00,0.8245,-1,-1,-1
411,2,1865.00,1024.00,94.00,70.00,0.9326,-1,-1,-1
411,4,2136.00,1024.00,53.00,45.00,0.5810,-1,-1,-1
412,1,2213.00,1077.00,83.00,40.00,0.8584,-1,-1,-1
412,2,1863.00,1026.00,91.00,70.00,0.9203,-1,-1,-1
412,4,2133.00,1025.00,53.00,43.00,0.6138,-1,-1,-1
413,1,2211.00,1078.00,84.00,42.00,0.8850,-1,-1,-1
413,2,1860.00,1028.00,92.00,71.00,0.9067,-1,-1,-1
413,4,2130.00,1026.00,53.00,43.00,0.6510,-1,-1,-1
414,1,2206.00,1080.00,85.00,40.00,0.9029,-1,-1,-1
414,2,1858.00,1028.00,95.00,74.00,0.9026,-1,-1,-1
414,4,2127.00,1027.00,56.00,45.00,0.6122,-1,-1,-1
415,1,2204.00,1080.00,85.00,41.00,0.8632,-1,-1,-1
415,2,1856.00,1033.00,91.00,70.00,0.9026,-1,-1,-1
415,4,2128.00,1031.00,55.00,43.00,0.5063,-1,-1,-1
416,1,2206.00,1081.00,80.00,41.00,0.8953,-1,-1,-1
416,2,1854.00,1038.00,89.00,66.00,0.9183,-1,-1,-1
417,1,2203.00,1082.00,80.00,41.00,0.8271,-1,-1,-1
417,2,1852.00,1040.00,89.00,67.00,0.9201,-1,-1,-1
417,4,2122.00,1035.00,55.00,45.00,0.5061,-1,-1,-1
418,1,2197.00,1083.00,83.00,43.00,0.8324,-1,-1,-1
418,2,1847.00,1038.00,93.00,74.00,0.9191,-1,-1,-1
418,4,2114.00,1033.00,58.00,46.00,0.5522,-1,-1,-1
419,1,2196.00,1085.00,82.00,42.00,0.7950,-1,-1,-1
419,2,1845.00,1041.00,92.00,74.00,0.9109,-1,-1,-1
420,1,2194.00,1087.00,79.00,41.00,0.7919,-1,-1,-1
420,2,1845.00,1045.00,87.00,71.00,0.9157,-1,-1,-1
421,1,2191.00,1089.00,79.00,41.00,0.8332,-1,-1,-1
421,2,1841.00,1046.00,90.00,73.00,0.9274,-1,-1,-1
421,4,2109.00,1039.00,54.00,44.00,0.5468,-1,-1,-1
422,1,2189.00,1090.00,80.00,42.00,0.8279,-1,-1,-1
422,2,1840.00,1048.00,88.00,74.00,0.9327,-1,-1,-1
422,4,2107.00,1039.00,57.00,46.00,0.5281,-1,-1,-1
423,1,2189.00,1093.00,78.00,41.00,0.8510,-1,-1,-1
423,2,1836.00,1050.00,92.00,74.00,0.9169,-1,-1,-1
423,4,2107.00,1041.00,54.00,46.00,0.6014,-1,-1,-1
424,1,2189.00,1095.00,76.00,39.00,0.8659,-1,-1,-1
424,2,1833.00,1053.00,93.00,73.00,0.9122,-1,-1,-1
424,4,2105.00,1044.00,53.00,44.00,0.6439,-1,-1,-1
425,1,2189.00,1097.00,72.00,37.00,0.8785,-1,-1,-1
425,2,1831.00,1056.00,89.00,70.00,0.9247,-1,-1,-1
425,4,2103.00,1047.00,52.00,43.00,0.5689,-1,-1,-1
426,1,2188.00,1099.00,68.00,36.00,0.8527,-1,-1,-1
426,2,1828.00,1059.00,88.00,68.00,0.9215,-1,-1,-1
426,4,2099.00,1046.00,56.00,47.00,0.5934,-1,-1,-1
427,1,2179.00,1098.00,73.00,38.00,0.8099,-1,-1,-1
427,2,1826.00,1063.00,87.00,68.00,0.9340,-1,-1,-1
427,4,2094.00,1048.00,60.00,47.00,0.5321,-1,-1,-1
428,1,2175.00,1101.00,74.00,37.00,0.8184,-1,-1,-1
428,2,1821.00,1062.00,90.00,74.00,0.9368,-1,-1,-1
428,4,2093.00,1049.00,58.00,47.00,0.5581,-1,-1,-1
429,1,2168.00,1100.00,77.00,39.00,0.8153,-1,-1,-1
429,2,1821.00,1065.00,84.00,72.00,0.9416,-1,-1,-1
429,4,2090.00,1051.00,57.00,45.00,0.5443,-1,-1,-1
430,1,2167.00,1102.00,75.00,40.00,0.8373,-1,-1,-1
430,2,1819.00,1067.00,84.00,72.00,0.9395,-1,-1,-1
430,4,2088.00,1053.00,57.00,45.00,0.5559,-1,-1,-1
431,1,2167.00,1103.00,72.00,40.00,0.8186,-1,-1,-1
431,2,1816.00,1069.00,84.00,72.00,0.9316,-1,-1,-1
431,4,2087.00,1053.00,55.00,46.00,0.5452,-1,-1,-1
432,1,2162.00,1103.00,74.00,41.00,0.8553,-1,-1,-1
432,2,1810.00,1070.00,89.00,74.00,0.9199,-1,-1,-1
433,1,2159.00,1103.00,75.00,42.00,0.8338,-1,-1,-1
433,2,1809.00,1072.00,87.00,74.00,0.9308,-1,-1,-1
434,1,2158.00,1104.00,73.00,42.00,0.8479,-1,-1,-1
434,2,1806.00,1073.00,89.00,75.00,0.9313,-1,-1,-1
434,4,2077.00,1058.00,57.00,45.00,0.6112,-1,-1,-1
435,1,2152.00,1107.00,76.00,39.00,0.8817,-1,-1,-1
435,2,1802.00,1075.00,90.00,75.00,0.9126,-1,-1,-1
435,4,2079.00,1060.00,57.00,47.00,0.5212,-1,-1,-1
436,1,2151.00,1108.00,73.00,40.00,0.8801,-1,-1,-1
436,2,1800.00,1077.00,88.00,75.00,0.9165,-1,-1,-1
436,4,2072.00,1060.00,60.00,49.00,0.6744,-1,-1,-1
437,1,2148.00,1107.00,72.00,41.00,0.8261,-1,-1,-1
437,2,1797.00,1078.00,89.00,76.00,0.9129,-1,-1,-1
437,4,2068.00,1061.00,56.00,44.00,0.5504,-1,-1,-1
438,1,2144.00,1109.00,75.00,40.00,0.8114,-1,-1,-1
438,2,1796.00,1082.00,85.00,74.00,0.9079,-1,-1,-1
439,1,2142.00,1110.00,72.00,41.00,0.8352,-1,-1,-1
439,2,1792.00,1083.00,88.00,75.00,0.9510,-1,-1,-1
439,4,2066.00,1065.00,51.00,43.00,0.5597,-1,-1,-1
440,1,2139.00,1111.00,71.00,41.00,0.8298,-1,-1,-1
440,2,1789.00,1086.00,88.00,74.00,0.9455,-1,-1,-1
441,1,2139.00,1113.00,68.00,41.00,0.7980,-1,-1,-1
441,2,1786.00,1087.00,87.00,77.00,0.9144,-1,-1,-1
442,1,2136.00,1116.00,68.00,38.00,0.8140,-1,-1,-1
442,2,1784.00,1090.00,85.00,73.00,0.8864,-1,-1,-1
442,4,2058.00,1070.00,56.00,42.00,0.5321,-1,-1,-1
443,1,2130.00,1117.00,73.00,39.00,0.8788,-1,-1,-1
443,2,1781.00,1095.00,84.00,74.00,0.8961,-1,-1,-1
443,4,2056.00,1071.00,54.00,46.00,0.6328,-1,-1,-1
444,1,2127.00,1118.00,73.00,39.00,0.8724,-1,-1,-1
444,2,1776.00,1096.00,88.00,75.00,0.9306,-1,-1,-1
444,4,2054.00,1070.00,58.00,49.00,0.6423,-1,-1,-1
445,1,2125.00,1120.00,72.00,38.00,0.8362,-1,-1,-1
445,2,1773.00,1097.00,89.00,76.00,0.9320,-1,-1,-1
445,4,2052.00,1073.00,57.00,46.00,0.5901,-1,-1,-1
446,1,2122.00,1122.00,71.00,36.00,0.8181,-1,-1,-1
446,2,1771.00,1099.00,91.00,75.00,0.9259,-1,-1,-1
446,4,2046.00,1073.00,61.00,47.00,0.6095,-1,-1,-1
447,1,2122.00,1124.00,68.00,35.00,0.8033,-1,-1,-1
447,2,1770.00,1100.00,87.00,75.00,0.8965,-1,-1,-1
447,4,2047.00,1076.00,58.00,47.00,0.5672,-1,-1,-1
448,1,2114.00,1125.00,73.00,37.00,0.8278,-1,-1,-1
448,2,1767.00,1100.00,89.00,77.00,0.8935,-1,-1,-1
449,1,2113.00,1126.00,70.00,37.00,0.8357,-1,-1,-1
449,2,1763.00,1103.00,89.00,75.00,0.8850,-1,-1,-1
450,1,2107.00,1125.00,74.00,39.00,0.8504,-1,-1,-1
450,2,1760.00,1107.00,89.00,72.00,0.9242,-1,-1,-1
451,1,2104.00,1127.00,75.00,38.00,0.8611,-1,-1,-1
451,2,1758.00,1107.00,88.00,73.00,0.9281,-1,-1,-1
452,1,2103.00,1129.00,72.00,38.00,0.8590,-1,-1,-1
452,2,1756.00,1109.00,86.00,72.00,0.9190,-1,-1,-1
453,1,2100.00,1129.00,72.00,38.00,0.8195,-1,-1,-1
453,2,1751.00,1109.00,89.00,78.00,0.9129,-1,-1,-1
454,1,2092.00,1129.00,78.00,39.00,0.8491,-1,-1,-1
454,2,1750.00,1114.00,84.00,73.00,0.9306,-1,-1,-1
455,1,2091.00,1129.00,75.00,41.00,0.9102,-1,-1,-1
455,2,1747.00,1116.00,86.00,73.00,0.9281,-1,-1,-1
456,1,2092.00,1130.00,72.00,40.00,0.8946,-1,-1,-1
456,2,1745.00,1116.00,87.00,76.00,0.9365,-1,-1,-1
457,1,2092.00,1131.00,69.00,39.00,0.8574,-1,-1,-1
457,2,1741.00,1119.00,87.00,74.00,0.9294,-1,-1,-1
458,1,2090.00,1133.00,66.00,37.00,0.7874,-1,-1,-1
458,2,1740.00,1121.00,85.00,74.00,0.9237,-1,-1,-1
459,1,2084.00,1136.00,69.00,36.00,0.7468,-1,-1,-1
459,2,1737.00,1122.00,86.00,74.00,0.9253,-1,-1,-1
460,1,2079.00,1138.00,72.00,36.00,0.7593,-1,-1,-1
460,2,1734.00,1125.00,86.00,73.00,0.9223,-1,-1,-1
461,1,2077.00,1138.00,70.00,37.00,0.7784,-1,-1,-1
461,2,1732.00,1126.00,87.00,74.00,0.9189,-1,-1,-1
462,1,2072.00,1138.00,74.00,38.00,0.7529,-1,-1,-1
462,2,1728.00,1129.00,87.00,74.00,0.9146,-1,-1,-1
463,1,2070.00,1138.00,74.00,39.00,0.7714,-1,-1,-1
463,2,1724.00,1129.00,89.00,78.00,0.9193,-1,-1,-1
464,1,2066.00,1137.00,74.00,41.00,0.7682,-1,-1,-1
464,2,1724.00,1132.00,85.00,74.00,0.9368,-1,-1,-1
465,1,2065.00,1140.00,73.00,39.00,0.7990,-1,-1,-1
465,2,1723.00,1132.00,85.00,75.00,0.9450,-1,-1,-1
466,1,2066.00,1142.00,69.00,37.00,0.8312,-1,-1,-1
466,2,1723.00,1134.00,82.00,75.00,0.9502,-1,-1,-1
467,1,2067.00,1143.00,65.00,36.00,0.8322,-1,-1,-1
467,2,1720.00,1136.00,83.00,75.00,0.9416,-1,-1,-1
468,1,2060.00,1142.00,72.00,38.00,0.8274,-1,-1,-1
468,2,1718.00,1137.00,83.00,76.00,0.9241,-1,-1,-1
469,1,2054.00,1142.00,75.00,38.00,0.8456,-1,-1,-1
469,2,1716.00,1139.00,81.00,76.00,0.8751,-1,-1,-1
470,1,2054.00,1142.00,73.00,39.00,0.8743,-1,-1,-1
470,2,1713.00,1142.00,81.00,74.00,0.8603,-1,-1,-1
471,1,2054.00,1143.00,71.00,38.00,0.8491,-1,-1,-1
471,2,1710.00,1143.00,84.00,74.00,0.8646,-1,-1,-1
472,1,2053.00,1144.00,70.00,38.00,0.7926,-1,-1,-1
472,2,1710.00,1145.00,83.00,75.00,0.8795,-1,-1,-1
473,1,2053.00,1146.00,68.00,36.00,0.7395,-1,-1,-1
473,2,1708.00,1145.00,83.00,76.00,0.9077,-1,-1,-1
474,1,2050.00,1146.00,68.00,36.00,0.7407,-1,-1,-1
474,2,1707.00,1146.00,83.00,76.00,0.9074,-1,-1,-1
475,1,2045.00,1144.00,74.00,39.00,0.7853,-1,-1,-1
475,2,1705.00,1147.00,83.00,76.00,0.9032,-1,-1,-1
476,1,2042.00,1144.00,75.00,40.00,0.7898,-1,-1,-1
476,2,1705.00,1148.00,81.00,76.00,0.8876,-1,-1,-1
477,1,2042.00,1145.00,72.00,39.00,0.7925,-1,-1,-1
477,2,1702.00,1149.00,83.00,77.00,0.8898,-1,-1,-1
478,1,2038.00,1145.00,73.00,38.00,0.7252,-1,-1,-1
478,2,1701.00,1149.00,84.00,78.00,0.8898,-1,-1,-1
479,1,2035.00,1145.00,73.00,38.00,0.7257,-1,-1,-1
479,2,1700.00,1152.00,83.00,76.00,0.8921,-1,-1,-1
480,1,2033.00,1145.00,73.00,38.00,0.7133,-1,-1,-1
480,2,1698.00,1154.00,83.00,76.00,0.8977,-1,-1,-1
481,1,2029.00,1145.00,78.00,38.00,0.7017,-1,-1,-1
481,2,1697.00,1152.00,83.00,78.00,0.9002,-1,-1,-1
482,1,2031.00,1147.00,73.00,36.00,0.7195,-1,-1,-1
482,2,1694.00,1153.00,83.00,80.00,0.9099,-1,-1,-1
483,1,2023.00,1144.00,81.00,39.00,0.6520,-1,-1,-1
483,2,1692.00,1154.00,84.00,79.00,0.9147,-1,-1,-1
484,1,2025.00,1145.00,77.00,38.00,0.6338,-1,-1,-1
484,2,1691.00,1154.00,85.00,80.00,0.9168,-1,-1,-1
485,1,2026.00,1145.00,75.00,37.00,0.6540,-1,-1,-1
485,2,1689.00,1156.00,85.00,78.00,0.9150,-1,-1,-1
486,1,2020.00,1143.00,80.00,40.00,0.6967,-1,-1,-1
486,2,1689.00,1158.00,84.00,76.00,0.9015,-1,-1,-1
487,1,2020.00,1143.00,78.00,39.00,0.7007,-1,-1,-1
487,2,1689.00,1158.00,81.00,76.00,0.8946,-1,-1,-1
488,1,2017.00,1142.00,79.00,40.00,0.7318,-1,-1,-1
488,2,1688.00,1158.00,81.00,77.00,0.8576,-1,-1,-1
489,1,2015.00,1141.00,79.00,41.00,0.7609,-1,-1,-1
489,2,1686.00,1159.00,81.00,76.00,0.8615,-1,-1,-1
490,1,2015.00,1140.00,78.00,41.00,0.7511,-1,-1,-1
490,2,1687.00,1159.00,81.00,78.00,0.8614,-1,-1,-1
491,1,2014.00,1139.00,78.00,42.00,0.7491,-1,-1,-1
491,2,1686.00,1159.00,80.00,78.00,0.8779,-1,-1,-1
492,1,2015.00,1139.00,75.00,42.00,0.6857,-1,-1,-1
492,2,1685.00,1160.00,80.00,78.00,0.8602,-1,-1,-1
493,1,2017.00,1140.00,71.00,40.00,0.7697,-1,-1,-1
493,2,1683.00,1160.00,82.00,77.00,0.8715,-1,-1,-1
494,1,1998.00,1131.00,92.00,50.00,0.6417,-1,-1,-1
494,2,1683.00,1160.00,81.00,77.00,0.8844,-1,-1,-1
495,1,2003.00,1133.00,84.00,47.00,0.6651,-1,-1,-1
495,2,1683.00,1161.00,81.00,77.00,0.8917,-1,-1,-1
496,1,2009.00,1138.00,77.00,42.00,0.7275,-1,-1,-1
496,2,1682.00,1161.00,81.00,77.00,0.8994,-1,-1,-1
497,1,2010.00,1137.00,75.00,42.00,0.7057,-1,-1,-1
497,2,1681.00,1162.00,80.00,76.00,0.9128,-1,-1,-1
498,1,2008.00,1136.00,76.00,42.00,0.6858,-1,-1,-1
498,2,1680.00,1162.00,80.00,76.00,0.9192,-1,-1,-1
499,1,2008.00,1138.00,74.00,40.00,0.6903,-1,-1,-1
499,2,1680.00,1164.00,79.00,74.00,0.9207,-1,-1,-1
500,1,2006.00,1138.00,75.00,39.00,0.6529,-1,-1,-1
500,2,1679.00,1164.00,80.00,74.00,0.9203,-1,-1,-1
501,1,1994.00,1130.00,87.00,47.00,0.5783,-1,-1,-1
501,2,1679.00,1163.00,79.00,75.00,0.9189,-1,-1,-1
501,5,3722.00,193.00,68.00,55.00,0.5958,-1,-1,-1
502,1,1993.00,1130.00,87.00,47.00,0.6079,-1,-1,-1
502,2,1680.00,1163.00,77.00,74.00,0.9193,-1,-1,-1
502,5,3721.00,193.00,58.00,52.00,0.6149,-1,-1,-1
503,1,1991.00,1129.00,88.00,47.00,0.6865,-1,-1,-1
503,2,1678.00,1163.00,79.00,74.00,0.9255,-1,-1,-1
503,5,3720.00,194.00,57.00,49.00,0.6210,-1,-1,-1
504,1,1989.00,1127.00,88.00,48.00,0.7126,-1,-1,-1
504,2,1679.00,1163.00,77.00,74.00,0.9253,-1,-1,-1
504,5,3709.00,191.00,66.00,53.00,0.6247,-1,-1,-1
505,1,1986.00,1127.00,92.00,48.00,0.7258,-1,-1,-1
505,2,1678.00,1164.00,78.00,73.00,0.9239,-1,-1,-1
505,5,3705.00,189.00,65.00,54.00,0.7266,-1,-1,-1
506,1,1985.00,1128.00,93.00,46.00,0.7462,-1,-1,-1
506,2,1678.00,1163.00,77.00,74.00,0.9232,-1,-1,-1
506,5,3700.00,187.00,66.00,56.00,0.7114,-1,-1,-1
507,1,1985.00,1127.00,93.00,46.00,0.7677,-1,-1,-1
507,2,1678.00,1163.00,76.00,74.00,0.9243,-1,-1,-1
507,5,3701.00,188.00,62.00,53.00,0.6497,-1,-1,-1
508,1,1989.00,1128.00,88.00,44.00,0.8213,-1,-1,-1
508,2,1678.00,1163.00,76.00,73.00,0.9248,-1,-1,-1
508,5,3698.00,184.00,59.00,54.00,0.5125,-1,-1,-1
509,1,1989.00,1126.00,86.00,46.00,0.8477,-1,-1,-1
509,2,1678.00,1163.00,77.00,73.00,0.9300,-1,-1,-1
510,1,1987.00,1122.00,86.00,47.00,0.8489,-1,-1,-1
510,2,1678.00,1163.00,78.00,73.00,0.9318,-1,-1,-1
510,5,3688.00,181.00,62.00,54.00,0.5553,-1,-1,-1
511,1,1988.00,1122.00,87.00,48.00,0.8515,-1,-1,-1
511,2,1678.00,1163.00,76.00,73.00,0.9296,-1,-1,-1
511,5,3684.00,179.00,62.00,55.00,0.6316,-1,-1,-1
512,1,1985.00,1119.00,88.00,49.00,0.7907,-1,-1,-1
512,2,1679.00,1162.00,75.00,74.00,0.9299,-1,-1,-1
513,1,1985.00,1119.00,87.00,48.00,0.7785,-1,-1,-1
513,2,1679.00,1162.00,76.00,73.00,0.9296,-1,-1,-1
514,1,1984.00,1118.00,88.00,48.00,0.7783,-1,-1,-1
514,2,1679.00,1162.00,75.00,73.00,0.9290,-1,-1,-1
514,5,3667.00,176.00,69.00,53.00,0.5281,-1,-1,-1
515,1,1986.00,1119.00,85.00,46.00,0.7657,-1,-1,-1
515,2,1679.00,1162.00,75.00,73.00,0.9265,-1,-1,-1
515,5,3663.00,175.00,69.00,52.00,0.6204,-1,-1,-1
516,1,1984.00,1117.00,86.00,47.00,0.7779,-1,-1,-1
516,2,1679.00,1161.00,75.00,74.00,0.9273,-1,-1,-1
516,5,3662.00,176.00,66.00,50.00,0.6740,-1,-1,-1
517,1,1982.00,1114.00,89.00,49.00,0.7829,-1,-1,-1
517,2,1679.00,1161.00,75.00,74.00,0.9277,-1,-1,-1
517,5,3661.00,173.00,64.00,52.00,0.6992,-1,-1,-1
518,1,1979.00,1110.00,92.00,53.00,0.7694,-1,-1,-1
518,2,1680.00,1161.00,74.00,74.00,0.9263,-1,-1,-1
518,5,3655.00,171.00,67.00,52.00,0.6878,-1,-1,-1
519,1,1980.00,1110.00,90.00,52.00,0.7852,-1,-1,-1
519,2,1680.00,1161.00,74.00,73.00,0.9281,-1,-1,-1
519,5,3649.00,169.00,68.00,53.00,0.7210,-1,-1,-1
520,1,1974.00,1105.00,97.00,56.00,0.8025,-1,-1,-1
520,2,1680.00,1161.00,74.00,72.00,0.9286,-1,-1,-1
520,5,3648.00,170.00,60.00,49.00,0.6887,-1,-1,-1
521,1,1978.00,1107.00,91.00,52.00,0.8271,-1,-1,-1
521,2,1680.00,1160.00,75.00,73.00,0.9280,-1,-1,-1
521,5,3643.00,166.00,63.00,53.00,0.6432,-1,-1,-1
522,1,1977.00,1106.00,92.00,53.00,0.8221,-1,-1,-1
522,2,1680.00,1160.00,75.00,72.00,0.9266,-1,-1,-1
522,5,3639.00,168.00,64.00,49.00,0.6297,-1,-1,-1
523,1,1976.00,1103.00,94.00,56.00,0.8121,-1,-1,-1
523,2,1680.00,1161.00,75.00,71.00,0.9262,-1,-1,-1
523,5,3636.00,164.00,63.00,52.00,0.7017,-1,-1,-1
524,1,1976.00,1102.00,93.00,55.00,0.7779,-1,-1,-1
524,2,1680.00,1160.00,76.00,71.00,0.9277,-1,-1,-1
524,5,3631.00,160.00,65.00,54.00,0.6992,-1,-1,-1
525,1,1977.00,1102.00,91.00,54.00,0.7419,-1,-1,-1
525,2,1680.00,1159.00,76.00,72.00,0.9320,-1,-1,-1
525,5,3628.00,160.00,65.00,52.00,0.6194,-1,-1,-1
526,1,1980.00,1102.00,86.00,51.00,0.7517,-1,-1,-1
526,2,1680.00,1157.00,79.00,73.00,0.9306,-1,-1,-1
526,5,3626.00,157.00,63.00,54.00,0.5278,-1,-1,-1
527,1,1975.00,1098.00,94.00,56.00,0.7575,-1,-1,-1
527,2,1681.00,1156.00,78.00,73.00,0.9153,-1,-1,-1
527,5,3622.00,155.00,64.00,53.00,0.6218,-1,-1,-1
528,1,1977.00,1099.00,91.00,53.00,0.7815,-1,-1,-1
528,2,1684.00,1155.00,75.00,74.00,0.9081,-1,-1,-1
528,5,3619.00,156.00,64.00,50.00,0.5374,-1,-1,-1
529,1,1978.00,1098.00,90.00,52.00,0.8190,-1,-1,-1
529,2,1685.00,1156.00,74.00,72.00,0.9070,-1,-1,-1
529,5,3615.00,155.00,65.00,49.00,0.6426,-1,-1,-1
530,1,1979.00,1097.00,90.00,53.00,0.8231,-1,-1,-1
530,2,1685.00,1156.00,74.00,73.00,0.9086,-1,-1,-1
530,5,3612.00,151.00,63.00,51.00,0.6751,-1,-1,-1
531,1,1985.00,1099.00,81.00,47.00,0.8401,-1,-1,-1
531,2,1684.00,1155.00,75.00,74.00,0.9055,-1,-1,-1
531,5,3607.00,150.00,66.00,50.00,0.5338,-1,-1,-1
532,1,1984.00,1098.00,83.00,47.00,0.8309,-1,-1,-1
532,2,1684.00,1154.00,76.00,74.00,0.9065,-1,-1,-1
532,5,3609.00,151.00,55.00,48.00,0.5746,-1,-1,-1
533,1,1982.00,1094.00,85.00,50.00,0.7972,-1,-1,-1
533,2,1685.00,1153.00,76.00,75.00,0.9044,-1,-1,-1
534,1,1981.00,1092.00,87.00,50.00,0.7746,-1,-1,-1
534,2,1685.00,1152.00,77.00,75.00,0.9075,-1,-1,-1
534,5,3600.00,148.00,56.00,46.00,0.5348,-1,-1,-1
535,1,1980.00,1089.00,88.00,52.00,0.7838,-1,-1,-1
535,2,1686.00,1151.00,77.00,75.00,0.9116,-1,-1,-1
536,1,1980.00,1088.00,88.00,52.00,0.7903,-1,-1,-1
536,2,1686.00,1151.00,77.00,73.00,0.9098,-1,-1,-1
536,5,3590.00,143.00,61.00,49.00,0.6772,-1,-1,-1
537,1,1980.00,1087.00,87.00,52.00,0.7868,-1,-1,-1
537,2,1688.00,1150.00,75.00,74.00,0.9060,-1,-1,-1
537,5,3587.00,141.00,62.00,51.00,0.6965,-1,-1,-1
538,1,1977.00,1083.00,93.00,55.00,0.8296,-1,-1,-1
538,2,1687.00,1151.00,77.00,72.00,0.9083,-1,-1,-1
538,5,3583.00,141.00,62.00,49.00,0.6199,-1,-1,-1
539,1,1976.00,1079.00,93.00,57.00,0.8089,-1,-1,-1
539,2,1687.00,1150.00,77.00,73.00,0.9092,-1,-1,-1
539,5,3581.00,138.00,61.00,50.00,0.5833,-1,-1,-1
540,1,1976.00,1080.00,94.00,55.00,0.8058,-1,-1,-1
540,2,1687.00,1149.00,76.00,73.00,0.9114,-1,-1,-1
540,5,3586.00,138.00,54.00,51.00,0.5067,-1,-1,-1
541,1,1978.00,1081.00,91.00,53.00,0.8327,-1,-1,-1
541,2,1688.00,1149.00,75.00,71.00,0.9122,-1,-1,-1
542,1,1981.00,1080.00,87.00,50.00,0.7997,-1,-1,-1
542,2,1689.00,1150.00,74.00,70.00,0.9181,-1,-1,-1
543,1,1976.00,1075.00,94.00,56.00,0.8010,-1,-1,-1
543,2,1689.00,1148.00,77.00,73.00,0.9099,-1,-1,-1
543,5,3567.00,131.00,63.00,49.00,0.5416,-1,-1,-1
544,1,1977.00,1075.00,93.00,54.00,0.7942,-1,-1,-1
544,2,1691.00,1148.00,75.00,69.00,0.9060,-1,-1,-1
544,5,3564.00,128.00,62.00,50.00,0.5522,-1,-1,-1
545,1,1978.00,1075.00,92.00,52.00,0.8000,-1,-1,-1
545,2,1693.00,1148.00,72.00,68.00,0.9125,-1,-1,-1
546,1,1980.00,1074.00,91.00,52.00,0.8100,-1,-1,-1
546,2,1693.00,1147.00,74.00,68.00,0.9067,-1,-1,-1
547,1,1981.00,1072.00,89.00,53.00,0.8233,-1,-1,-1
547,2,1694.00,1146.00,73.00,68.00,0.8971,-1,-1,-1
548,1,1984.00,1075.00,84.00,46.00,0.8309,-1,-1,-1
548,2,1696.00,1145.00,72.00,69.00,0.9136,-1,-1,-1
549,1,1985.00,1074.00,84.00,46.00,0.8384,-1,-1,-1
549,2,1697.00,1144.00,72.00,71.00,0.9133,-1,-1,-1
550,1,1983.00,1070.00,87.00,49.00,0.7789,-1,-1,-1
550,2,1698.00,1144.00,72.00,69.00,0.8890,-1,-1,-1
550,5,3543.00,120.00,61.00,49.00,0.5853,-1,-1,-1
551,1,1983.00,1070.00,87.00,47.00,0.7915,-1,-1,-1
551,2,1699.00,1142.00,73.00,70.00,0.9053,-1,-1,-1
551,5,3539.00,118.00,61.00,50.00,0.6607,-1,-1,-1
552,1,1985.00,1067.00,85.00,48.00,0.7859,-1,-1,-1
552,2,1700.00,1142.00,73.00,69.00,0.9072,-1,-1,-1
552,5,3535.00,117.00,62.00,48.00,0.5712,-1,-1,-1
553,1,1985.00,1066.00,86.00,47.00,0.7800,-1,-1,-1
553,2,1699.00,1142.00,75.00,67.00,0.9087,-1,-1,-1
553,5,3533.00,115.00,63.00,49.00,0.6378,-1,-1,-1
554,1,1984.00,1065.00,89.00,48.00,0.8388,-1,-1,-1
554,2,1701.00,1141.00,74.00,68.00,0.9204,-1,-1,-1
555,1,1985.00,1066.00,87.00,45.00,0.8645,-1,-1,-1
555,2,1702.00,1141.00,74.00,67.00,0.9252,-1,-1,-1
556,1,1986.00,1064.00,87.00,46.00,0.8781,-1,-1,-1
556,2,1702.00,1139.00,75.00,68.00,0.9254,-1,-1,-1
557,1,1985.00,1065.00,88.00,44.00,0.8796,-1,-1,-1
557,2,1703.00,1137.00,74.00,69.00,0.9264,-1,-1,-1
558,1,1985.00,1062.00,89.00,47.00,0.8473,-1,-1,-1
558,2,1703.00,1137.00,76.00,69.00,0.9276,-1,-1,-1
559,1,1986.00,1061.00,89.00,46.00,0.8550,-1,-1,-1
559,2,1702.00,1134.00,81.00,73.00,0.9270,-1,-1,-1
560,1,1984.00,1055.00,93.00,52.00,0.8234,-1,-1,-1
560,2,1705.00,1133.00,78.00,74.00,0.9277,-1,-1,-1
561,1,1984.00,1054.00,92.00,51.00,0.8380,-1,-1,-1
561,2,1708.00,1133.00,75.00,71.00,0.9237,-1,-1,-1
562,1,1988.00,1056.00,86.00,47.00,0.8847,-1,-1,-1
562,2,1709.00,1133.00,75.00,71.00,0.9196,-1,-1,-1
563,1,1991.00,1054.00,84.00,47.00,0.9040,-1,-1,-1
563,2,1711.00,1133.00,73.00,70.00,0.9227,-1,-1,-1
564,1,1991.00,1054.00,84.00,46.00,0.9079,-1,-1,-1
564,2,1712.00,1132.00,72.00,70.00,0.9189,-1,-1,-1
565,1,1992.00,1053.00,84.00,46.00,0.9106,-1,-1,-1
565,2,1713.00,1129.00,73.00,72.00,0.9197,-1,-1,-1
566,1,1992.00,1052.00,86.00,45.00,0.8819,-1,-1,-1
566,2,1714.00,1127.00,74.00,74.00,0.9216,-1,-1,-1
567,1,1992.00,1050.00,86.00,47.00,0.8806,-1,-1,-1
567,2,1715.00,1127.00,74.00,72.00,0.9266,-1,-1,-1
568,1,1993.00,1049.00,85.00,45.00,0.8669,-1,-1,-1
568,2,1717.00,1126.00,74.00,72.00,0.9329,-1,-1,-1
569,1,1994.00,1048.00,83.00,44.00,0.8385,-1,-1,-1
569,2,1718.00,1126.00,74.00,72.00,0.9323,-1,-1,-1
570,1,1995.00,1045.00,84.00,46.00,0.8248,-1,-1,-1
570,2,1720.00,1125.00,73.00,71.00,0.9319,-1,-1,-1
571,1,1997.00,1044.00,83.00,46.00,0.8390,-1,-1,-1
571,2,1722.00,1124.00,72.00,71.00,0.9301,-1,-1,-1
572,1,1998.00,1045.00,82.00,43.00,0.8428,-1,-1,-1
572,2,1723.00,1123.00,72.00,71.00,0.9171,-1,-1,-1
573,1,2000.00,1042.00,83.00,46.00,0.8939,-1,-1,-1
573,2,1723.00,1121.00,74.00,73.00,0.9015,-1,-1,-1
574,1,2001.00,1040.00,83.00,47.00,0.9046,-1,-1,-1
574,2,1725.00,1122.00,72.00,71.00,0.9127,-1,-1,-1
575,1,2000.00,1038.00,84.00,48.00,0.8879,-1,-1,-1
575,2,1727.00,1120.00,71.00,72.00,0.9236,-1,-1,-1
576,1,2001.00,1038.00,84.00,46.00,0.9056,-1,-1,-1
576,2,1728.00,1120.00,70.00,71.00,0.9269,-1,-1,-1
577,1,2002.00,1036.00,82.00,46.00,0.8915,-1,-1,-1
577,2,1729.00,1118.00,71.00,71.00,0.9210,-1,-1,-1
578,1,2000.00,1033.00,84.00,48.00,0.8614,-1,-1,-1
578,2,1729.00,1118.00,73.00,70.00,0.9135,-1,-1,-1
579,1,2002.00,1034.00,81.00,45.00,0.8540,-1,-1,-1
579,2,1731.00,1117.00,73.00,71.00,0.9081,-1,-1,-1
580,1,2003.00,1031.00,83.00,48.00,0.9154,-1,-1,-1
580,2,1732.00,1117.00,73.00,71.00,0.9103,-1,-1,-1
581,1,2005.00,1033.00,81.00,44.00,0.9141,-1,-1,-1
581,2,1735.00,1117.00,69.00,69.00,0.9037,-1,-1,-1
582,1,2006.00,1033.00,80.00,43.00,0.9067,-1,-1,-1
582,2,1737.00,1116.00,67.00,68.00,0.9013,-1,-1,-1
583,1,2007.00,1031.00,81.00,44.00,0.8959,-1,-1,-1
583,2,1738.00,1116.00,66.00,67.00,0.9064,-1,-1,-1
583,5,3441.00,68.00,63.00,50.00,0.5367,-1,-1,-1
584,1,2008.00,1030.00,81.00,43.00,0.8804,-1,-1,-1
584,2,1739.00,1114.00,68.00,68.00,0.9133,-1,-1,-1
584,5,3439.00,67.00,62.00,49.00,0.5658,-1,-1,-1
585,1,2008.00,1029.00,82.00,43.00,0.8776,-1,-1,-1
585,2,1739.00,1113.00,70.00,67.00,0.9251,-1,-1,-1
586,1,2009.00,1028.00,80.00,43.00,0.8441,-1,-1,-1
586,2,1741.00,1114.00,68.00,64.00,0.9324,-1,-1,-1
587,1,2011.00,1026.00,79.00,42.00,0.8287,-1,-1,-1
587,2,1741.00,1113.00,70.00,66.00,0.9318,-1,-1,-1
588,1,2011.00,1024.00,81.00,42.00,0.8416,-1,-1,-1
588,2,1744.00,1113.00,68.00,65.00,0.9242,-1,-1,-1
589,1,2012.00,1022.00,83.00,45.00,0.8543,-1,-1,-1
589,2,1746.00,1111.00,69.00,67.00,0.9090,-1,-1,-1
590,1,2012.00,1021.00,83.00,44.00,0.8915,-1,-1,-1
590,2,1747.00,1111.00,69.00,67.00,0.9073,-1,-1,-1
591,1,2012.00,1021.00,83.00,42.00,0.8913,-1,-1,-1
591,2,1748.00,1110.00,69.00,68.00,0.9041,-1,-1,-1
592,1,2015.00,1019.00,82.00,43.00,0.8867,-1,-1,-1
592,2,1752.00,1109.00,67.00,66.00,0.8819,-1,-1,-1
593,1,2016.00,1018.00,83.00,43.00,0.8581,-1,-1,-1
593,2,1754.00,1109.00,69.00,66.00,0.9053,-1,-1,-1
594,1,2022.00,1017.00,78.00,41.00,0.8448,-1,-1,-1
594,2,1757.00,1106.00,71.00,69.00,0.8957,-1,-1,-1
595,1,2026.00,1016.00,78.00,44.00,0.8989,-1,-1,-1
595,2,1762.00,1106.00,67.00,67.00,0.8817,-1,-1,-1
596,1,2027.00,1014.00,80.00,44.00,0.8807,-1,-1,-1
596,2,1765.00,1104.00,69.00,68.00,0.9164,-1,-1,-1
597,1,2030.00,1014.00,78.00,41.00,0.8765,-1,-1,-1
597,2,1770.00,1104.00,68.00,67.00,0.9345,-1,-1,-1
598,1,2036.00,1009.00,77.00,45.00,0.8533,-1,-1,-1
598,2,1776.00,1104.00,65.00,66.00,0.9146,-1,-1,-1
599,1,2036.00,1007.00,84.00,47.00,0.9189,-1,-1,-1
599,2,1779.00,1102.00,69.00,67.00,0.9039,-1,-1,-1
600,1,2039.00,1008.00,81.00,44.00,0.8937,-1,-1,-1
600,2,1782.00,1101.00,69.00,69.00,0.8924,-1,-1,-1
601,1,2046.00,1010.00,76.00,39.00,0.8430,-1,-1,-1
601,2,1788.00,1102.00,63.00,65.00,0.9033,-1,-1,-1
602,1,2052.00,1008.00,77.00,40.00,0.9140,-1,-1,-1
602,2,1792.00,1100.00,64.00,65.00,0.8663,-1,-1,-1
603,1,2055.00,1007.00,78.00,41.00,0.8767,-1,-1,-1
603,2,1797.00,1098.00,64.00,68.00,0.9034,-1,-1,-1
604,1,2057.00,1005.00,79.00,41.00,0.8422,-1,-1,-1
604,2,1799.00,1097.00,67.00,67.00,0.9041,-1,-1,-1
605,1,2058.00,1004.00,82.00,41.00,0.8300,-1,-1,-1
605,2,1802.00,1094.00,69.00,69.00,0.9171,-1,-1,-1
606,1,2062.00,1000.00,79.00,42.00,0.8119,-1,-1,-1
606,2,1806.00,1094.00,68.00,68.00,0.9062,-1,-1,-1
607,1,2064.00,999.00,83.00,42.00,0.8698,-1,-1,-1
607,2,1811.00,1094.00,65.00,66.00,0.8858,-1,-1,-1
608,1,2069.00,997.00,78.00,41.00,0.8314,-1,-1,-1
608,2,1815.00,1092.00,65.00,66.00,0.8868,-1,-1,-1
609,1,2075.00,996.00,80.00,44.00,0.8866,-1,-1,-1
609,2,1818.00,1091.00,67.00,69.00,0.8853,-1,-1,-1
610,1,2076.00,995.00,79.00,42.00,0.8887,-1,-1,-1
610,2,1824.00,1090.00,63.00,71.00,0.8993,-1,-1,-1
611,1,2079.00,992.00,80.00,44.00,0.8632,-1,-1,-1
611,2,1823.00,1090.00,70.00,65.00,0.9295,-1,-1,-1
612,1,2082.00,987.00,80.00,46.00,0.8194,-1,-1,-1
612,2,1826.00,1087.00,71.00,68.00,0.9317,-1,-1,-1
613,1,2085.00,986.00,77.00,45.00,0.8371,-1,-1,-1
613,2,1829.00,1086.00,71.00,68.00,0.9140,-1,-1,-1
614,1,2090.00,990.00,71.00,38.00,0.8377,-1,-1,-1
614,2,1833.00,1084.00,71.00,68.00,0.9128,-1,-1,-1
615,1,2090.00,986.00,79.00,43.00,0.8784,-1,-1,-1
615,2,1837.00,1081.00,70.00,70.00,0.9346,-1,-1,-1
616,1,2094.00,985.00,77.00,42.00,0.8460,-1,-1,-1
616,2,1840.00,1080.00,70.00,70.00,0.9464,-1,-1,-1
617,1,2099.00,984.00,78.00,42.00,0.8988,-1,-1,-1
617,2,1843.00,1080.00,70.00,68.00,0.9357,-1,-1,-1
618,1,2100.00,982.00,79.00,42.00,0.8770,-1,-1,-1
618,2,1847.00,1080.00,67.00,66.00,0.9008,-1,-1,-1
619,1,2101.00,980.00,81.00,43.00,0.8770,-1,-1,-1
619,2,1849.00,1079.00,68.00,65.00,0.9024,-1,-1,-1
620,1,2104.00,979.00,80.00,43.00,0.8663,-1,-1,-1
620,2,1851.00,1076.00,71.00,68.00,0.9055,-1,-1,-1
621,1,2106.00,976.00,81.00,43.00,0.8437,-1,-1,-1
621,2,1853.00,1076.00,70.00,68.00,0.9063,-1,-1,-1
622,1,2110.00,976.00,77.00,40.00,0.8530,-1,-1,-1
622,2,1858.00,1075.00,68.00,67.00,0.9114,-1,-1,-1
623,1,2110.00,974.00,81.00,41.00,0.8891,-1,-1,-1
623,2,1861.00,1073.00,67.00,69.00,0.8923,-1,-1,-1
624,1,2115.00,973.00,78.00,40.00,0.8688,-1,-1,-1
624,2,1865.00,1071.00,67.00,67.00,0.8397,-1,-1,-1
625,1,2117.00,967.00,80.00,44.00,0.8099,-1,-1,-1
625,2,1867.00,1070.00,70.00,67.00,0.8817,-1,-1,-1
626,1,2122.00,969.00,79.00,41.00,0.8976,-1,-1,-1
626,2,1870.00,1069.00,70.00,66.00,0.9227,-1,-1,-1
627,1,2125.00,966.00,78.00,42.00,0.8892,-1,-1,-1
627,2,1874.00,1068.00,68.00,63.00,0.9258,-1,-1,-1
628,1,2126.00,962.00,82.00,45.00,0.9001,-1,-1,-1
628,2,1876.00,1065.00,71.00,65.00,0.9218,-1,-1,-1
629,1,2132.00,962.00,77.00,42.00,0.8520,-1,-1,-1
629,2,1880.00,1065.00,70.00,65.00,0.9133,-1,-1,-1
630,1,2133.00,961.00,82.00,43.00,0.9132,-1,-1,-1
630,2,1884.00,1061.00,69.00,67.00,0.9176,-1,-1,-1
631,1,2137.00,960.00,80.00,41.00,0.9086,-1,-1,-1
631,2,1888.00,1059.00,69.00,68.00,0.9412,-1,-1,-1
632,1,2143.00,959.00,76.00,40.00,0.8765,-1,-1,-1
632,2,1895.00,1058.00,67.00,67.00,0.9133,-1,-1,-1
633,1,2144.00,956.00,78.00,41.00,0.8421,-1,-1,-1
633,2,1897.00,1059.00,67.00,63.00,0.9010,-1,-1,-1
634,1,2148.00,956.00,77.00,41.00,0.8648,-1,-1,-1
634,2,1899.00,1056.00,69.00,66.00,0.9055,-1,-1,-1
635,1,2149.00,954.00,77.00,40.00,0.8723,-1,-1,-1
635,2,1901.00,1055.00,67.00,65.00,0.9011,-1,-1,-1
636,1,2146.00,952.00,73.00,37.00,0.8477,-1,-1,-1
636,2,1897.00,1054.00,67.00,65.00,0.8962,-1,-1,-1
637,1,2135.00,950.00,77.00,38.00,0.8907,-1,-1,-1
637,2,1888.00,1052.00,68.00,64.00,0.8832,-1,-1,-1
638,1,2124.00,944.00,74.00,40.00,0.9070,-1,-1,-1
638,2,1876.00,1048.00,67.00,67.00,0.9131,-1,-1,-1
639,1,2107.00,938.00,77.00,43.00,0.8438,-1,-1,-1
639,2,1866.00,1048.00,60.00,64.00,0.7950,-1,-1,-1
640,1,2093.00,937.00,74.00,40.00,0.8988,-1,-1,-1
640,2,1849.00,1045.00,68.00,66.00,0.9252,-1,-1,-1
641,1,2078.00,935.00,73.00,38.00,0.8960,-1,-1,-1
641,2,1836.00,1043.00,65.00,66.00,0.8939,-1,-1,-1
642,1,2061.00,930.00,73.00,38.00,0.8337,-1,-1,-1
642,2,1823.00,1041.00,60.00,71.00,0.8775,-1,-1,-1
643,1,2042.00,927.00,74.00,38.00,0.8880,-1,-1,-1
643,2,1805.00,1041.00,64.00,65.00,0.9197,-1,-1,-1
644,1,2024.00,924.00,69.00,38.00,0.9070,-1,-1,-1
644,2,1785.00,1041.00,64.00,66.00,0.9081,-1,-1,-1
645,1,2001.00,920.00,69.00,38.00,0.8559,-1,-1,-1
645,2,1765.00,1039.00,63.00,67.00,0.9168,-1,-1,-1
646,1,1975.00,915.00,71.00,40.00,0.8603,-1,-1,-1
646,2,1742.00,1037.00,63.00,68.00,0.9230,-1,-1,-1
647,1,1951.00,912.00,71.00,41.00,0.8900,-1,-1,-1
647,2,1720.00,1035.00,62.00,70.00,0.9275,-1,-1,-1
648,1,1925.00,911.00,72.00,37.00,0.8599,-1,-1,-1
648,2,1697.00,1036.00,61.00,69.00,0.9318,-1,-1,-1
649,1,1899.00,908.00,70.00,36.00,0.8221,-1,-1,-1
649,2,1673.00,1036.00,62.00,69.00,0.9358,-1,-1,-1
650,1,1875.00,905.00,72.00,37.00,0.8326,-1,-1,-1
650,2,1652.00,1037.00,62.00,69.00,0.9376,-1,-1,-1
651,1,1858.00,902.00,69.00,38.00,0.8155,-1,-1,-1
651,2,1635.00,1037.00,64.00,69.00,0.9043,-1,-1,-1
652,1,1846.00,897.00,72.00,42.00,0.8364,-1,-1,-1
652,2,1625.00,1036.00,62.00,70.00,0.9413,-1,-1,-1
653,1,1839.00,899.00,71.00,39.00,0.9128,-1,-1,-1
653,2,1617.00,1036.00,65.00,71.00,0.9137,-1,-1,-1
654,1,1836.00,897.00,72.00,40.00,0.8773,-1,-1,-1
654,2,1615.00,1037.00,64.00,69.00,0.9108,-1,-1,-1
655,1,1836.00,895.00,73.00,40.00,0.8178,-1,-1,-1
655,2,1618.00,1034.00,63.00,70.00,0.9062,-1,-1,-1
656,1,1838.00,892.00,76.00,40.00,0.8699,-1,-1,-1
656,2,1622.00,1032.00,62.00,70.00,0.9054,-1,-1,-1
657,1,1842.00,890.00,76.00,42.00,0.8664,-1,-1,-1
657,2,1626.00,1031.00,63.00,70.00,0.9329,-1,-1,-1
658,1,1844.00,889.00,79.00,41.00,0.8422,-1,-1,-1
658,2,1631.00,1031.00,62.00,68.00,0.9381,-1,-1,-1
659,1,1850.00,889.00,75.00,41.00,0.8832,-1,-1,-1
659,2,1635.00,1030.00,60.00,69.00,0.9083,-1,-1,-1
660,1,1855.00,888.00,70.00,40.00,0.8451,-1,-1,-1
660,2,1638.00,1029.00,61.00,68.00,0.8939,-1,-1,-1
661,1,1859.00,886.00,72.00,40.00,0.7904,-1,-1,-1
661,2,1643.00,1026.00,60.00,71.00,0.9030,-1,-1,-1
662,1,1864.00,887.00,70.00,37.00,0.8641,-1,-1,-1
662,2,1648.00,1027.00,58.00,68.00,0.9120,-1,-1,-1
663,1,1867.00,886.00,72.00,37.00,0.8580,-1,-1,-1
663,2,1652.00,1025.00,59.00,69.00,0.8668,-1,-1,-1
664,1,1870.00,886.00,69.00,36.00,0.8118,-1,-1,-1
664,2,1656.00,1025.00,61.00,67.00,0.8884,-1,-1,-1
665,1,1873.00,882.00,70.00,38.00,0.8182,-1,-1,-1
665,2,1660.00,1022.00,62.00,69.00,0.9200,-1,-1,-1
666,1,1877.00,880.00,70.00,38.00,0.8322,-1,-1,-1
666,2,1663.00,1022.00,64.00,66.00,0.9216,-1,-1,-1
667,1,1880.00,877.00,71.00,39.00,0.8325,-1,-1,-1
667,2,1669.00,1022.00,58.00,64.00,0.8886,-1,-1,-1
668,1,1885.00,876.00,73.00,41.00,0.8828,-1,-1,-1
668,2,1674.00,1021.00,58.00,63.00,0.8820,-1,-1,-1
669,1,1891.00,876.00,70.00,40.00,0.8858,-1,-1,-1
669,2,1677.00,1018.00,60.00,69.00,0.8936,-1,-1,-1
670,1,1895.00,874.00,70.00,40.00,0.8395,-1,-1,-1
670,2,1681.00,1017.00,60.00,68.00,0.9106,-1,-1,-1
671,1,1898.00,874.00,71.00,39.00,0.8685,-1,-1,-1
671,2,1685.00,1017.00,63.00,63.00,0.9076,-1,-1,-1
672,1,1903.00,872.00,70.00,38.00,0.8515,-1,-1,-1
672,2,1689.00,1015.00,63.00,66.00,0.9029,-1,-1,-1
673,1,1907.00,869.00,67.00,41.00,0.8162,-1,-1,-1
673,2,1692.00,1014.00,64.00,66.00,0.8999,-1,-1,-1
674,1,1911.00,870.00,63.00,39.00,0.7362,-1,-1,-1
674,2,1698.00,1011.00,62.00,67.00,0.9377,-1,-1,-1
675,1,1913.00,868.00,70.00,39.00,0.8557,-1,-1,-1
675,2,1703.00,1011.00,61.00,66.00,0.9348,-1,-1,-1
676,1,1917.00,866.00,69.00,42.00,0.8786,-1,-1,-1
676,2,1706.00,1010.00,63.00,65.00,0.9051,-1,-1,-1
677,1,1921.00,867.00,67.00,40.00,0.8446,-1,-1,-1
677,2,1710.00,1009.00,64.00,66.00,0.9054,-1,-1,-1
678,1,1925.00,866.00,68.00,40.00,0.8867,-1,-1,-1
678,2,1714.00,1008.00,63.00,67.00,0.8931,-1,-1,-1
679,1,1930.00,865.00,67.00,40.00,0.8862,-1,-1,-1
679,2,1722.00,1007.00,56.00,66.00,0.8952,-1,-1,-1
680,1,1932.00,862.00,71.00,42.00,0.8231,-1,-1,-1
680,2,1724.00,1007.00,60.00,64.00,0.9190,-1,-1,-1
681,1,1937.00,861.00,71.00,43.00,0.8685,-1,-1,-1
681,2,1728.00,1007.00,60.00,64.00,0.9146,-1,-1,-1
682,1,1942.00,863.00,68.00,39.00,0.8522,-1,-1,-1
682,2,1732.00,1003.00,62.00,67.00,0.9124,-1,-1,-1
683,1,1944.00,860.00,71.00,42.00,0.8336,-1,-1,-1
683,2,1736.00,1003.00,62.00,66.00,0.9060,-1,-1,-1
684,1,1947.00,857.00,71.00,44.00,0.8322,-1,-1,-1
684,2,1741.00,1003.00,60.00,65.00,0.8924,-1,-1,-1
685,1,1954.00,856.00,65.00,42.00,0.8309,-1,-1,-1
685,2,1744.00,1000.00,61.00,69.00,0.8399,-1,-1,-1
686,1,1958.00,855.00,64.00,42.00,0.8216,-1,-1,-1
686,2,1749.00,1001.00,59.00,67.00,0.8557,-1,-1,-1
687,1,1960.00,855.00,66.00,39.00,0.8297,-1,-1,-1
687,2,1753.00,999.00,62.00,66.00,0.8930,-1,-1,-1
688,1,1964.00,852.00,66.00,43.00,0.8486,-1,-1,-1
688,2,1757.00,998.00,60.00,64.00,0.9076,-1,-1,-1
689,1,1967.00,851.00,68.00,44.00,0.8220,-1,-1,-1
689,2,1761.00,997.00,61.00,65.00,0.9174,-1,-1,-1
690,1,1969.00,848.00,71.00,47.00,0.8443,-1,-1,-1
690,2,1763.00,996.00,62.00,66.00,0.8974,-1,-1,-1
691,1,1973.00,848.00,69.00,46.00,0.8395,-1,-1,-1
691,2,1767.00,994.00,61.00,67.00,0.8987,-1,-1,-1
692,1,1976.00,845.00,70.00,47.00,0.8166,-1,-1,-1
692,2,1772.00,993.00,60.00,67.00,0.9026,-1,-1,-1
693,1,1978.00,844.00,71.00,48.00,0.8032,-1,-1,-1
693,2,1775.00,992.00,60.00,72.00,0.9062,-1,-1,-1
694,1,1982.00,845.00,68.00,45.00,0.7981,-1,-1,-1
694,2,1777.00,992.00,61.00,70.00,0.9139,-1,-1,-1
695,1,1984.00,844.00,68.00,44.00,0.8035,-1,-1,-1
695,2,1781.00,989.00,62.00,68.00,0.8885,-1,-1,-1
696,1,1987.00,840.00,70.00,46.00,0.8693,-1,-1,-1
696,2,1782.00,989.00,63.00,68.00,0.9071,-1,-1,-1
697,1,1989.00,839.00,68.00,45.00,0.8646,-1,-1,-1
697,2,1784.00,989.00,63.00,67.00,0.9079,-1,-1,-1
698,1,1989.00,838.00,72.00,46.00,0.8590,-1,-1,-1
698,2,1787.00,986.00,63.00,68.00,0.8954,-1,-1,-1
699,1,1991.00,838.00,71.00,45.00,0.8591,-1,-1,-1
699,2,1789.00,985.00,65.00,69.00,0.9099,-1,-1,-1
700,1,1992.00,837.00,70.00,45.00,0.8539,-1,-1,-1
700,2,1790.00,985.00,63.00,67.00,0.9140,-1,-1,-1
701,1,1994.00,837.00,69.00,43.00,0.8394,-1,-1,-1
701,2,1793.00,984.00,61.00,67.00,0.9228,-1,-1,-1
702,1,1995.00,836.00,67.00,43.00,0.8065,-1,-1,-1
702,2,1795.00,984.00,61.00,65.00,0.9326,-1,-1,-1
703,1,1996.00,834.00,67.00,43.00,0.8333,-1,-1,-1
703,2,1796.00,984.00,61.00,65.00,0.9365,-1,-1,-1
704,1,1996.00,832.00,68.00,44.00,0.8348,-1,-1,-1
704,2,1797.00,984.00,62.00,64.00,0.9349,-1,-1,-1
705,1,1997.00,831.00,65.00,42.00,0.8316,-1,-1,-1
705,2,1798.00,983.00,59.00,64.00,0.9331,-1,-1,-1
706,1,1994.00,828.00,69.00,45.00,0.8485,-1,-1,-1
706,2,1797.00,982.00,61.00,64.00,0.9258,-1,-1,-1
707,1,1991.00,827.00,69.00,45.00,0.8296,-1,-1,-1
707,2,1794.00,979.00,64.00,69.00,0.9135,-1,-1,-1
708,1,1989.00,825.00,67.00,44.00,0.8527,-1,-1,-1
708,2,1793.00,979.00,61.00,65.00,0.8726,-1,-1,-1
709,1,1987.00,824.00,66.00,43.00,0.8581,-1,-1,-1
709,2,1790.00,978.00,61.00,65.00,0.8752,-1,-1,-1
710,1,1984.00,822.00,67.00,46.00,0.8328,-1,-1,-1
710,2,1790.00,977.00,60.00,66.00,0.8884,-1,-1,-1
711,1,1982.00,820.00,66.00,44.00,0.7663,-1,-1,-1
711,2,1787.00,976.00,61.00,66.00,0.9042,-1,-1,-1
712,1,1980.00,819.00,64.00,44.00,0.8283,-1,-1,-1
712,2,1783.00,975.00,66.00,65.00,0.9258,-1,-1,-1
713,1,1977.00,817.00,62.00,43.00,0.8652,-1,-1,-1
713,2,1781.00,975.00,65.00,63.00,0.9332,-1,-1,-1
714,1,1974.00,817.00,64.00,43.00,0.8809,-1,-1,-1
714,2,1779.00,975.00,64.00,63.00,0.9257,-1,-1,-1
715,1,1971.00,816.00,63.00,43.00,0.8459,-1,-1,-1
715,2,1777.00,973.00,61.00,66.00,0.8993,-1,-1,-1
716,1,1967.00,814.00,63.00,43.00,0.8092,-1,-1,-1
716,2,1774.00,973.00,61.00,68.00,0.8684,-1,-1,-1
717,1,1963.00,812.00,64.00,43.00,0.8330,-1,-1,-1
717,2,1772.00,972.00,63.00,63.00,0.8985,-1,-1,-1
718,1,1961.00,810.00,58.00,43.00,0.8516,-1,-1,-1
718,2,1767.00,970.00,64.00,65.00,0.9259,-1,-1,-1
719,1,1957.00,810.00,58.00,42.00,0.8290,-1,-1,-1
719,2,1764.00,969.00,64.00,66.00,0.9171,-1,-1,-1
720,1,1953.00,808.00,60.00,41.00,0.8254,-1,-1,-1
720,2,1761.00,970.00,63.00,64.00,0.9150,-1,-1,-1
721,1,1947.00,806.00,63.00,45.00,0.8464,-1,-1,-1
721,2,1759.00,968.00,63.00,65.00,0.9174,-1,-1,-1
722,1,1943.00,803.00,61.00,46.00,0.8925,-1,-1,-1
722,2,1757.00,968.00,63.00,64.00,0.9107,-1,-1,-1
723,1,1941.00,802.00,58.00,44.00,0.8928,-1,-1,-1
723,2,1754.00,967.00,61.00,63.00,0.8862,-1,-1,-1
724,1,1936.00,801.00,60.00,44.00,0.8475,-1,-1,-1
724,2,1751.00,964.00,63.00,66.00,0.9338,-1,-1,-1
725,1,1933.00,797.00,61.00,47.00,0.8407,-1,-1,-1
725,2,1749.00,965.00,60.00,63.00,0.9444,-1,-1,-1
726,1,1929.00,797.00,61.00,46.00,0.8723,-1,-1,-1
726,2,1747.00,963.00,60.00,65.00,0.9352,-1,-1,-1
727,1,1927.00,796.00,59.00,46.00,0.8711,-1,-1,-1
727,2,1745.00,963.00,58.00,63.00,0.9184,-1,-1,-1
728,1,1923.00,795.00,59.00,46.00,0.8410,-1,-1,-1
728,2,1741.00,962.00,60.00,64.00,0.8942,-1,-1,-1
729,1,1918.00,793.00,61.00,47.00,0.8296,-1,-1,-1
729,2,1737.00,962.00,60.00,65.00,0.8952,-1,-1,-1
730,1,1913.00,790.00,63.00,48.00,0.8319,-1,-1,-1
730,2,1734.00,962.00,61.00,63.00,0.9005,-1,-1,-1
731,1,1911.00,790.00,60.00,48.00,0.8448,-1,-1,-1
731,2,1733.00,960.00,60.00,64.00,0.8971,-1,-1,-1
732,1,1908.00,791.00,56.00,46.00,0.8927,-1,-1,-1
732,2,1731.00,961.00,56.00,62.00,0.9139,-1,-1,-1
733,1,1903.00,789.00,60.00,47.00,0.9006,-1,-1,-1
733,2,1728.00,960.00,57.00,63.00,0.9283,-1,-1,-1
734,1,1901.00,787.00,57.00,47.00,0.8564,-1,-1,-1
734,2,1725.00,960.00,56.00,62.00,0.9153,-1,-1,-1
735,1,1896.00,786.00,58.00,49.00,0.8411,-1,-1,-1
735,2,1723.00,959.00,56.00,63.00,0.8953,-1,-1,-1
736,1,1893.00,784.00,56.00,49.00,0.8621,-1,-1,-1
736,2,1721.00,957.00,55.00,67.00,0.9182,-1,-1,-1
737,1,1890.00,781.00,57.00,50.00,0.8540,-1,-1,-1
737,2,1717.00,957.00,57.00,67.00,0.9065,-1,-1,-1
738,1,1886.00,781.00,56.00,50.00,0.8490,-1,-1,-1
738,2,1714.00,956.00,59.00,67.00,0.8942,-1,-1,-1
739,1,1880.00,780.00,59.00,51.00,0.8603,-1,-1,-1
739,2,1711.00,955.00,61.00,67.00,0.9140,-1,-1,-1
740,1,1877.00,778.00,60.00,53.00,0.8475,-1,-1,-1
740,2,1708.00,955.00,61.00,67.00,0.9160,-1,-1,-1
741,1,1875.00,779.00,55.00,48.00,0.8329,-1,-1,-1
741,2,1705.00,956.00,59.00,66.00,0.8859,-1,-1,-1
742,1,1870.00,777.00,57.00,49.00,0.8742,-1,-1,-1
742,2,1704.00,956.00,55.00,64.00,0.8884,-1,-1,-1
743,1,1866.00,773.00,59.00,53.00,0.8314,-1,-1,-1
743,2,1702.00,956.00,53.00,63.00,0.8441,-1,-1,-1
744,1,1862.00,772.00,59.00,52.00,0.7926,-1,-1,-1
744,2,1699.00,954.00,55.00,65.00,0.8705,-1,-1,-1
745,1,1859.00,771.00,57.00,54.00,0.8455,-1,-1,-1
745,2,1695.00,953.00,55.00,66.00,0.8691,-1,-1,-1
746,1,1853.00,771.00,59.00,52.00,0.8566,-1,-1,-1
746,2,1691.00,954.00,57.00,64.00,0.9000,-1,-1,-1
747,1,1849.00,772.00,56.00,50.00,0.8214,-1,-1,-1
747,2,1686.00,953.00,60.00,68.00,0.9237,-1,-1,-1
748,1,1844.00,770.00,54.00,50.00,0.7373,-1,-1,-1
748,2,1682.00,955.00,56.00,65.00,0.8897,-1,-1,-1
749,1,1838.00,769.00,54.00,51.00,0.8263,-1,-1,-1
749,2,1678.00,954.00,54.00,66.00,0.8836,-1,-1,-1
750,1,1831.00,767.00,57.00,53.00,0.8537,-1,-1,-1
750,2,1673.00,953.00,54.00,66.00,0.8586,-1,-1,-1
751,1,1825.00,767.00,55.00,53.00,0.7717,-1,-1,-1
751,2,1667.00,952.00,58.00,68.00,0.9093,-1,-1,-1
752,1,1819.00,766.00,55.00,54.00,0.7217,-1,-1,-1
752,2,1661.00,952.00,60.00,70.00,0.9337,-1,-1,-1
753,1,1812.00,767.00,54.00,50.00,0.8715,-1,-1,-1
753,2,1657.00,954.00,56.00,67.00,0.8916,-1,-1,-1
754,1,1806.00,767.00,52.00,50.00,0.8115,-1,-1,-1
754,2,1651.00,953.00,56.00,68.00,0.8524,-1,-1,-1
755,1,1799.00,762.00,56.00,57.00,0.8484,-1,-1,-1
755,2,1646.00,953.00,57.00,67.00,0.8985,-1,-1,-1
756,1,1795.00,767.00,49.00,50.00,0.7789,-1,-1,-1
756,2,1640.00,952.00,60.00,70.00,0.9302,-1,-1,-1
757,1,1788.00,763.00,53.00,54.00,0.8991,-1,-1,-1
757,2,1635.00,953.00,59.00,70.00,0.9234,-1,-1,-1
758,1,1781.00,762.00,53.00,55.00,0.8613,-1,-1,-1
758,2,1631.00,955.00,56.00,69.00,0.9065,-1,-1,-1
759,1,1776.00,760.00,52.00,56.00,0.8563,-1,-1,-1
759,2,1627.00,954.00,54.00,69.00,0.8935,-1,-1,-1
760,1,1770.00,761.00,50.00,54.00,0.8545,-1,-1,-1
760,2,1620.00,956.00,57.00,68.00,0.9173,-1,-1,-1
761,1,1764.00,763.00,48.00,51.00,0.8517,-1,-1,-1
761,2,1615.00,955.00,58.00,69.00,0.9223,-1,-1,-1
762,1,1758.00,760.00,49.00,55.00,0.8734,-1,-1,-1
762,2,1610.00,959.00,54.00,63.00,0.9199,-1,-1,-1
763,1,1752.00,760.00,48.00,55.00,0.8198,-1,-1,-1
763,2,1606.00,958.00,53.00,64.00,0.9019,-1,-1,-1
764,1,1745.00,759.00,49.00,56.00,0.8558,-1,-1,-1
764,2,1601.00,956.00,53.00,67.00,0.9010,-1,-1,-1
765,1,1740.00,761.00,47.00,53.00,0.8202,-1,-1,-1
765,2,1593.00,958.00,59.00,66.00,0.8980,-1,-1,-1
766,1,1734.00,758.00,47.00,57.00,0.8756,-1,-1,-1
766,2,1589.00,958.00,60.00,66.00,0.9117,-1,-1,-1
767,1,1728.00,758.00,46.00,57.00,0.8086,-1,-1,-1
767,2,1586.00,960.00,56.00,63.00,0.9215,-1,-1,-1
768,1,1722.00,759.00,45.00,57.00,0.8654,-1,-1,-1
768,2,1581.00,960.00,54.00,64.00,0.9122,-1,-1,-1
769,1,1717.00,758.00,44.00,58.00,0.7967,-1,-1,-1
769,2,1577.00,958.00,53.00,68.00,0.8791,-1,-1,-1
770,1,1711.00,758.00,44.00,58.00,0.8757,-1,-1,-1
770,2,1569.00,960.00,58.00,66.00,0.8985,-1,-1,-1
771,1,1704.00,758.00,45.00,57.00,0.8091,-1,-1,-1
771,2,1565.00,961.00,58.00,65.00,0.8992,-1,-1,-1
772,1,1698.00,758.00,44.00,58.00,0.8570,-1,-1,-1
772,2,1561.00,962.00,55.00,64.00,0.9437,-1,-1,-1
773,1,1691.00,757.00,46.00,61.00,0.8294,-1,-1,-1
773,2,1556.00,963.00,54.00,64.00,0.9215,-1,-1,-1
774,1,1686.00,759.00,44.00,59.00,0.8627,-1,-1,-1
774,2,1551.00,964.00,56.00,64.00,0.8988,-1,-1,-1
775,1,1680.00,757.00,44.00,61.00,0.8143,-1,-1,-1
775,2,1546.00,964.00,54.00,66.00,0.9057,-1,-1,-1
776,1,1673.00,759.00,44.00,59.00,0.8561,-1,-1,-1
776,2,1540.00,964.00,58.00,66.00,0.8997,-1,-1,-1
777,1,1667.00,758.00,44.00,61.00,0.8514,-1,-1,-1
777,2,1537.00,965.00,55.00,65.00,0.9371,-1,-1,-1
778,1,1662.00,760.00,44.00,59.00,0.8520,-1,-1,-1
778,2,1532.00,967.00,56.00,65.00,0.9330,-1,-1,-1
779,1,1657.00,760.00,44.00,59.00,0.7842,-1,-1,-1
779,2,1529.00,971.00,51.00,62.00,0.8932,-1,-1,-1
780,1,1651.00,761.00,44.00,59.00,0.8454,-1,-1,-1
780,2,1523.00,971.00,54.00,63.00,0.9122,-1,-1,-1
781,1,1647.00,764.00,44.00,55.00,0.8327,-1,-1,-1
781,2,1519.00,971.00,55.00,64.00,0.9002,-1,-1,-1
782,1,1644.00,762.00,43.00,57.00,0.8118,-1,-1,-1
782,2,1519.00,970.00,54.00,68.00,0.8955,-1,-1,-1
783,1,1641.00,760.00,46.00,62.00,0.8580,-1,-1,-1
783,2,1519.00,971.00,53.00,68.00,0.8894,-1,-1,-1
784,1,1640.00,762.00,47.00,59.00,0.8348,-1,-1,-1
784,2,1519.00,972.00,52.00,67.00,0.8885,-1,-1,-1
785,1,1641.00,761.00,45.00,62.00,0.8314,-1,-1,-1
785,2,1519.00,973.00,53.00,65.00,0.8880,-1,-1,-1
786,1,1641.00,761.00,45.00,62.00,0.8292,-1,-1,-1
786,2,1519.00,974.00,56.00,63.00,0.9103,-1,-1,-1
787,1,1644.00,764.00,42.00,56.00,0.8032,-1,-1,-1
787,2,1523.00,974.00,54.00,65.00,0.9116,-1,-1,-1
788,1,1646.00,764.00,43.00,57.00,0.8022,-1,-1,-1
788,2,1527.00,975.00,53.00,64.00,0.8679,-1,-1,-1
789,1,1650.00,766.00,39.00,57.00,0.7871,-1,-1,-1
789,2,1532.00,973.00,52.00,70.00,0.8170,-1,-1,-1
790,1,1652.00,764.00,43.00,59.00,0.7996,-1,-1,-1
790,2,1536.00,974.00,51.00,66.00,0.7474,-1,-1,-1
791,1,1658.00,766.00,38.00,57.00,0.8103,-1,-1,-1
791,2,1540.00,972.00,50.00,69.00,0.8395,-1,-1,-1
792,1,1662.00,768.00,38.00,55.00,0.8120,-1,-1,-1
792,2,1543.00,974.00,54.00,67.00,0.8984,-1,-1,-1
793,1,1664.00,764.00,45.00,58.00,0.7796,-1,-1,-1
793,2,1550.00,975.00,51.00,67.00,0.8695,-1,-1,-1
794,1,1671.00,767.00,37.00,58.00,0.7880,-1,-1,-1
794,2,1554.00,975.00,52.00,68.00,0.8235,-1,-1,-1
795,1,1674.00,768.00,38.00,56.00,0.7819,-1,-1,-1
795,2,1562.00,978.00,47.00,64.00,0.7906,-1,-1,-1
796,1,1678.00,767.00,40.00,60.00,0.7923,-1,-1,-1
796,2,1565.00,977.00,48.00,67.00,0.8503,-1,-1,-1
797,1,1684.00,770.00,37.00,55.00,0.7960,-1,-1,-1
797,2,1569.00,977.00,53.00,70.00,0.8931,-1,-1,-1
798,1,1688.00,771.00,36.00,54.00,0.7779,-1,-1,-1
798,2,1574.00,975.00,52.00,70.00,0.8877,-1,-1,-1
799,1,1692.00,768.00,38.00,60.00,0.8203,-1,-1,-1
799,2,1579.00,977.00,49.00,71.00,0.8827,-1,-1,-1
800,1,1697.00,770.00,37.00,59.00,0.7272,-1,-1,-1
800,2,1585.00,978.00,51.00,71.00,0.9019,-1,-1,-1
801,1,1698.00,771.00,40.00,58.00,0.7354,-1,-1,-1
801,2,1589.00,983.00,48.00,65.00,0.8864,-1,-1,-1
802,1,1705.00,772.00,37.00,57.00,0.8222,-1,-1,-1
802,2,1593.00,981.00,52.00,70.00,0.8886,-1,-1,-1
803,1,1708.00,774.00,35.00,56.00,0.8024,-1,-1,-1
803,2,1598.00,982.00,53.00,71.00,0.8880,-1,-1,-1
804,1,1711.00,775.00,38.00,56.00,0.7395,-1,-1,-1
804,2,1603.00,983.00,50.00,70.00,0.8860,-1,-1,-1
805,1,1714.00,775.00,39.00,56.00,0.8017,-1,-1,-1
805,2,1605.00,984.00,53.00,70.00,0.9259,-1,-1,-1
806,1,1716.00,774.00,39.00,59.00,0.7802,-1,-1,-1
806,2,1607.00,984.00,56.00,71.00,0.9408,-1,-1,-1
807,1,1717.00,775.00,39.00,59.00,0.7751,-1,-1,-1
807,2,1610.00,985.00,55.00,73.00,0.9353,-1,-1,-1
808,1,1719.00,777.00,37.00,58.00,0.8043,-1,-1,-1
808,2,1612.00,987.00,54.00,74.00,0.9289,-1,-1,-1
809,1,1722.00,779.00,35.00,59.00,0.7548,-1,-1,-1
809,2,1614.00,990.00,53.00,73.00,0.9225,-1,-1,-1
810,1,1723.00,780.00,36.00,58.00,0.8559,-1,-1,-1
810,2,1616.00,991.00,52.00,72.00,0.9081,-1,-1,-1
811,1,1725.00,781.00,36.00,59.00,0.8222,-1,-1,-1
811,2,1618.00,993.00,54.00,70.00,0.9106,-1,-1,-1
812,1,1727.00,781.00,37.00,61.00,0.8228,-1,-1,-1
812,2,1621.00,995.00,53.00,69.00,0.9041,-1,-1,-1
813,1,1729.00,783.00,36.00,60.00,0.8402,-1,-1,-1
813,2,1624.00,996.00,53.00,72.00,0.8756,-1,-1,-1
814,1,1731.00,783.00,36.00,60.00,0.8470,-1,-1,-1
814,2,1626.00,998.00,52.00,71.00,0.8979,-1,-1,-1
815,1,1732.00,785.00,37.00,61.00,0.8096,-1,-1,-1
815,2,1629.00,999.00,51.00,74.00,0.8757,-1,-1,-1
816,1,1734.00,788.00,35.00,58.00,0.7098,-1,-1,-1
816,2,1631.00,1005.00,49.00,66.00,0.8893,-1,-1,-1
817,1,1737.00,790.00,33.00,59.00,0.7268,-1,-1,-1
817,2,1632.00,1008.00,49.00,66.00,0.8965,-1,-1,-1
818,1,1737.00,792.00,35.00,58.00,0.8192,-1,-1,-1
818,2,1633.00,1009.00,52.00,66.00,0.9270,-1,-1,-1
819,1,1737.00,793.00,36.00,61.00,0.8442,-1,-1,-1
819,2,1635.00,1009.00,55.00,68.00,0.9326,-1,-1,-1
820,1,1738.00,795.00,36.00,59.00,0.8420,-1,-1,-1
820,2,1637.00,1009.00,55.00,70.00,0.8983,-1,-1,-1
821,1,1740.00,795.00,36.00,61.00,0.8302,-1,-1,-1
821,2,1638.00,1011.00,56.00,69.00,0.8809,-1,-1,-1
822,1,1739.00,798.00,38.00,60.00,0.8459,-1,-1,-1
822,2,1639.00,1014.00,57.00,68.00,0.8967,-1,-1,-1
823,1,1741.00,798.00,37.00,61.00,0.7992,-1,-1,-1
823,2,1641.00,1016.00,55.00,68.00,0.8898,-1,-1,-1
824,1,1741.00,799.00,38.00,61.00,0.7424,-1,-1,-1
824,2,1642.00,1019.00,56.00,66.00,0.9044,-1,-1,-1
825,1,1745.00,798.00,35.00,62.00,0.6928,-1,-1,-1
825,2,1645.00,1021.00,55.00,65.00,0.8924,-1,-1,-1
826,1,1746.00,801.00,34.00,61.00,0.7688,-1,-1,-1
826,2,1648.00,1021.00,54.00,70.00,0.8575,-1,-1,-1
827,1,1746.00,801.00,37.00,63.00,0.7576,-1,-1,-1
827,2,1649.00,1024.00,54.00,67.00,0.8322,-1,-1,-1
828,1,1748.00,804.00,36.00,61.00,0.8008,-1,-1,-1
828,2,1652.00,1026.00,50.00,68.00,0.8516,-1,-1,-1
829,1,1748.00,806.00,37.00,60.00,0.8014,-1,-1,-1
829,2,1653.00,1031.00,50.00,63.00,0.8461,-1,-1,-1
830,1,1750.00,808.00,37.00,60.00,0.7863,-1,-1,-1
830,2,1654.00,1032.00,50.00,64.00,0.8613,-1,-1,-1
831,1,1750.00,811.00,39.00,60.00,0.7150,-1,-1,-1
831,2,1656.00,1033.00,51.00,65.00,0.9121,-1,-1,-1
832,1,1750.00,812.00,39.00,59.00,0.7277,-1,-1,-1
832,2,1658.00,1035.00,52.00,63.00,0.9191,-1,-1,-1
833,1,1753.00,813.00,36.00,59.00,0.7306,-1,-1,-1
833,2,1660.00,1035.00,55.00,66.00,0.9062,-1,-1,-1
834,1,1753.00,816.00,36.00,59.00,0.7899,-1,-1,-1
834,2,1662.00,1037.00,52.00,67.00,0.8868,-1,-1,-1
835,1,1755.00,817.00,34.00,60.00,0.7985,-1,-1,-1
835,2,1663.00,1039.00,52.00,68.00,0.8764,-1,-1,-1
836,1,1756.00,818.00,33.00,60.00,0.7770,-1,-1,-1
836,2,1662.00,1044.00,55.00,64.00,0.8737,-1,-1,-1
837,1,1756.00,819.00,35.00,60.00,0.7769,-1,-1,-1
837,2,1665.00,1044.00,55.00,66.00,0.8983,-1,-1,-1
838,1,1757.00,820.00,35.00,60.00,0.7366,-1,-1,-1
838,2,1667.00,1046.00,54.00,65.00,0.8895,-1,-1,-1
839,1,1758.00,822.00,37.00,58.00,0.6863,-1,-1,-1
839,2,1670.00,1046.00,52.00,68.00,0.8729,-1,-1,-1
840,1,1761.00,825.00,33.00,59.00,0.7354,-1,-1,-1
840,2,1672.00,1047.00,53.00,68.00,0.8585,-1,-1,-1
841,1,1762.00,827.00,33.00,60.00,0.8271,-1,-1,-1
841,2,1674.00,1051.00,50.00,67.00,0.8793,-1,-1,-1
842,1,1762.00,828.00,35.00,62.00,0.8434,-1,-1,-1
842,2,1675.00,1054.00,50.00,68.00,0.8718,-1,-1,-1
843,1,1761.00,829.00,37.00,63.00,0.8464,-1,-1,-1
843,2,1677.00,1056.00,50.00,67.00,0.8750,-1,-1,-1
844,1,1763.00,831.00,35.00,61.00,0.8449,-1,-1,-1
844,2,1679.00,1058.00,51.00,67.00,0.9136,-1,-1,-1
845,1,1763.00,834.00,36.00,60.00,0.8015,-1,-1,-1
845,2,1680.00,1059.00,51.00,67.00,0.9219,-1,-1,-1
846,1,1763.00,835.00,37.00,60.00,0.7814,-1,-1,-1
846,2,1681.00,1062.00,51.00,70.00,0.9180,-1,-1,-1
847,1,1764.00,837.00,35.00,61.00,0.8074,-1,-1,-1
847,2,1682.00,1063.00,51.00,70.00,0.9174,-1,-1,-1
848,1,1764.00,837.00,37.00,63.00,0.8347,-1,-1,-1
848,2,1683.00,1065.00,52.00,71.00,0.8903,-1,-1,-1
849,1,1765.00,839.00,36.00,63.00,0.8573,-1,-1,-1
849,2,1685.00,1067.00,50.00,69.00,0.8771,-1,-1,-1
850,1,1765.00,843.00,37.00,61.00,0.8634,-1,-1,-1
850,2,1685.00,1069.00,53.00,71.00,0.8873,-1,-1,-1
851,1,1765.00,845.00,37.00,62.00,0.8120,-1,-1,-1
851,2,1687.00,1072.00,54.00,71.00,0.9059,-1,-1,-1
852,1,1766.00,847.00,36.00,60.00,0.7922,-1,-1,-1
852,2,1688.00,1073.00,55.00,73.00,0.9156,-1,-1,-1
853,1,1766.00,849.00,35.00,59.00,0.7829,-1,-1,-1
853,2,1688.00,1075.00,57.00,71.00,0.8802,-1,-1,-1
854,1,1768.00,851.00,33.00,59.00,0.7934,-1,-1,-1
854,2,1691.00,1077.00,55.00,72.00,0.8571,-1,-1,-1
855,1,1769.00,853.00,33.00,60.00,0.8236,-1,-1,-1
855,2,1692.00,1080.00,56.00,70.00,0.8504,-1,-1,-1
856,1,1768.00,854.00,35.00,60.00,0.8252,-1,-1,-1
856,2,1693.00,1082.00,55.00,73.00,0.8854,-1,-1,-1
857,1,1768.00,856.00,36.00,60.00,0.7982,-1,-1,-1
857,2,1693.00,1086.00,55.00,72.00,0.9167,-1,-1,-1
858,1,1766.00,859.00,39.00,59.00,0.7662,-1,-1,-1
858,2,1693.00,1088.00,57.00,73.00,0.8974,-1,-1,-1
859,1,1767.00,860.00,36.00,61.00,0.7832,-1,-1,-1
859,2,1695.00,1090.00,54.00,73.00,0.8942,-1,-1,-1
860,1,1766.00,862.00,36.00,60.00,0.8318,-1,-1,-1
860,2,1696.00,1091.00,54.00,74.00,0.8960,-1,-1,-1
861,1,1766.00,865.00,35.00,62.00,0.8724,-1,-1,-1
861,2,1696.00,1094.00,53.00,75.00,0.9329,-1,-1,-1
862,1,1764.00,867.00,37.00,62.00,0.8479,-1,-1,-1
862,2,1696.00,1097.00,53.00,74.00,0.9067,-1,-1,-1
863,1,1764.00,870.00,36.00,61.00,0.8498,-1,-1,-1
863,2,1697.00,1101.00,51.00,72.00,0.8624,-1,-1,-1
864,1,1764.00,871.00,35.00,61.00,0.8179,-1,-1,-1
864,2,1696.00,1102.00,53.00,74.00,0.8720,-1,-1,-1
865,1,1763.00,874.00,35.00,61.00,0.8710,-1,-1,-1
865,2,1696.00,1105.00,52.00,75.00,0.8898,-1,-1,-1
866,1,1763.00,876.00,35.00,61.00,0.8852,-1,-1,-1
866,2,1696.00,1110.00,53.00,74.00,0.9081,-1,-1,-1
867,1,1761.00,879.00,36.00,61.00,0.8677,-1,-1,-1
867,2,1696.00,1112.00,51.00,75.00,0.8917,-1,-1,-1
868,1,1760.00,881.00,37.00,61.00,0.8361,-1,-1,-1
868,2,1695.00,1113.00,54.00,77.00,0.8896,-1,-1,-1
869,1,1759.00,883.00,36.00,58.00,0.7605,-1,-1,-1
869,2,1696.00,1116.00,51.00,76.00,0.9077,-1,-1,-1
870,1,1758.00,886.00,36.00,60.00,0.8403,-1,-1,-1
870,2,1697.00,1119.00,51.00,76.00,0.8982,-1,-1,-1
871,1,1756.00,890.00,37.00,61.00,0.8339,-1,-1,-1
871,2,1696.00,1121.00,51.00,76.00,0.8899,-1,-1,-1
872,1,1754.00,891.00,38.00,60.00,0.8401,-1,-1,-1
872,2,1695.00,1126.00,53.00,75.00,0.8357,-1,-1,-1
873,1,1754.00,894.00,39.00,59.00,0.7985,-1,-1,-1
873,2,1696.00,1130.00,51.00,75.00,0.8951,-1,-1,-1
874,1,1753.00,895.00,39.00,61.00,0.8065,-1,-1,-1
874,2,1696.00,1134.00,51.00,73.00,0.8971,-1,-1,-1
875,1,1752.00,898.00,38.00,61.00,0.8392,-1,-1,-1
875,2,1696.00,1136.00,51.00,76.00,0.8911,-1,-1,-1
876,1,1751.00,899.00,38.00,61.00,0.8561,-1,-1,-1
876,2,1696.00,1138.00,50.00,76.00,0.8741,-1,-1,-1
877,1,1750.00,902.00,39.00,60.00,0.8282,-1,-1,-1
877,2,1697.00,1139.00,49.00,79.00,0.8937,-1,-1,-1
878,1,1749.00,904.00,39.00,60.00,0.8541,-1,-1,-1
878,2,1697.00,1143.00,50.00,78.00,0.8953,-1,-1,-1
879,1,1748.00,907.00,40.00,59.00,0.8028,-1,-1,-1
879,2,1697.00,1146.00,49.00,79.00,0.8530,-1,-1,-1
880,1,1748.00,909.00,40.00,61.00,0.8430,-1,-1,-1
880,2,1697.00,1151.00,49.00,76.00,0.8423,-1,-1,-1
881,1,1747.00,911.00,40.00,63.00,0.8439,-1,-1,-1
881,2,1698.00,1153.00,48.00,77.00,0.8737,-1,-1,-1
882,1,1746.00,914.00,40.00,63.00,0.8322,-1,-1,-1
882,2,1696.00,1155.00,51.00,78.00,0.8878,-1,-1,-1
883,1,1747.00,917.00,39.00,61.00,0.7669,-1,-1,-1
883,2,1696.00,1159.00,51.00,79.00,0.8674,-1,-1,-1
884,1,1746.00,920.00,39.00,61.00,0.7886,-1,-1,-1
884,2,1697.00,1164.00,50.00,75.00,0.8920,-1,-1,-1
885,1,1745.00,922.00,40.00,64.00,0.8343,-1,-1,-1
885,2,1697.00,1167.00,50.00,74.00,0.9077,-1,-1,-1
886,1,1745.00,924.00,39.00,64.00,0.8168,-1,-1,-1
886,2,1696.00,1169.00,52.00,75.00,0.8916,-1,-1,-1
887,1,1742.00,928.00,42.00,61.00,0.7931,-1,-1,-1
887,2,1697.00,1176.00,48.00,69.00,0.8132,-1,-1,-1
888,1,1741.00,931.00,42.00,59.00,0.8067,-1,-1,-1
888,2,1697.00,1179.00,49.00,68.00,0.8382,-1,-1,-1
889,1,1742.00,933.00,42.00,60.00,0.8000,-1,-1,-1
889,2,1696.00,1180.00,52.00,70.00,0.8851,-1,-1,-1
890,1,1743.00,934.00,40.00,63.00,0.8223,-1,-1,-1
890,2,1697.00,1183.00,52.00,71.00,0.9104,-1,-1,-1
891,1,1741.00,937.00,41.00,63.00,0.8240,-1,-1,-1
891,2,1698.00,1187.00,52.00,70.00,0.8797,-1,-1,-1
892,1,1740.00,939.00,42.00,62.00,0.7774,-1,-1,-1
892,2,1699.00,1190.00,50.00,70.00,0.8518,-1,-1,-1
893,1,1741.00,941.00,41.00,63.00,0.7971,-1,-1,-1
893,2,1699.00,1192.00,50.00,72.00,0.9104,-1,-1,-1
894,1,1739.00,944.00,42.00,63.00,0.8714,-1,-1,-1
894,2,1700.00,1193.00,50.00,74.00,0.8929,-1,-1,-1
895,1,1739.00,948.00,40.00,61.00,0.8532,-1,-1,-1
895,2,1702.00,1199.00,48.00,69.00,0.8643,-1,-1,-1
896,1,1738.00,950.00,42.00,61.00,0.8235,-1,-1,-1
896,2,1701.00,1202.00,53.00,71.00,0.9071,-1,-1,-1
897,1,1736.00,954.00,45.00,63.00,0.8403,-1,-1,-1
897,2,1700.00,1205.00,55.00,71.00,0.9056,-1,-1,-1
898,1,1736.00,956.00,46.00,63.00,0.8472,-1,-1,-1
898,2,1701.00,1208.00,54.00,70.00,0.8895,-1,-1,-1
899,1,1737.00,958.00,44.00,63.00,0.8541,-1,-1,-1
899,2,1701.00,1209.00,55.00,73.00,0.8583,-1,-1,-1
900,1,1736.00,959.00,45.00,65.00,0.8558,-1,-1,-1
900,2,1702.00,1213.00,54.00,73.00,0.7710,-1,-1,-1
901,1,1737.00,963.00,42.00,63.00,0.8210,-1,-1,-1
901,2,1702.00,1216.00,54.00,73.00,0.8681,-1,-1,-1
902,1,1738.00,968.00,39.00,61.00,0.8487,-1,-1,-1
902,2,1703.00,1219.00,56.00,73.00,0.9203,-1,-1,-1
903,1,1737.00,971.00,40.00,62.00,0.8724,-1,-1,-1
903,2,1704.00,1221.00,56.00,74.00,0.9302,-1,-1,-1
904,1,1736.00,973.00,40.00,62.00,0.8571,-1,-1,-1
904,2,1704.00,1222.00,55.00,77.00,0.9119,-1,-1,-1
905,1,1735.00,976.00,41.00,62.00,0.8080,-1,-1,-1
905,2,1705.00,1225.00,55.00,77.00,0.9012,-1,-1,-1
906,1,1735.00,980.00,42.00,61.00,0.8155,-1,-1,-1
906,2,1705.00,1230.00,54.00,75.00,0.8709,-1,-1,-1
907,1,1733.00,982.00,45.00,63.00,0.8353,-1,-1,-1
907,2,1706.00,1233.00,54.00,76.00,0.8595,-1,-1,-1
908,1,1733.00,985.00,42.00,63.00,0.8665,-1,-1,-1
908,2,1707.00,1236.00,54.00,77.00,0.8840,-1,-1,-1
909,1,1732.00,989.00,42.00,61.00,0.8498,-1,-1,-1
909,2,1707.00,1240.00,55.00,74.00,0.8717,-1,-1,-1
910,1,1731.00,992.00,43.00,61.00,0.8455,-1,-1,-1
910,2,1708.00,1243.00,54.00,77.00,0.8736,-1,-1,-1
911,1,1731.00,996.00,41.00,62.00,0.8317,-1,-1,-1
911,2,1707.00,1246.00,55.00,78.00,0.8687,-1,-1,-1
912,1,1726.00,999.00,45.00,61.00,0.7952,-1,-1,-1
912,2,1705.00,1249.00,57.00,79.00,0.8530,-1,-1,-1
913,1,1725.00,1002.00,43.00,60.00,0.8206,-1,-1,-1
913,2,1704.00,1255.00,60.00,76.00,0.8143,-1,-1,-1
914,1,1723.00,1005.00,43.00,62.00,0.8430,-1,-1,-1
914,2,1705.00,1259.00,58.00,76.00,0.8651,-1,-1,-1
915,1,1722.00,1008.00,44.00,61.00,0.8461,-1,-1,-1
915,2,1706.00,1264.00,54.00,74.00,0.8678,-1,-1,-1
916,1,1722.00,1012.00,40.00,59.00,0.8224,-1,-1,-1
916,2,1706.00,1265.00,52.00,75.00,0.9002,-1,-1,-1
917,1,1718.00,1016.00,45.00,59.00,0.7938,-1,-1,-1
917,2,1705.00,1269.00,52.00,76.00,0.9032,-1,-1,-1
918,1,1719.00,1020.00,42.00,60.00,0.8309,-1,-1,-1
918,2,1703.00,1273.00,55.00,75.00,0.9079,-1,-1,-1
919,1,1715.00,1024.00,45.00,59.00,0.8571,-1,-1,-1
919,2,1702.00,1276.00,54.00,78.00,0.8515,-1,-1,-1
920,1,1714.00,1026.00,43.00,59.00,0.8328,-1,-1,-1
920,2,1702.00,1280.00,51.00,76.00,0.7886,-1,-1,-1
921,1,1712.00,1028.00,44.00,59.00,0.8451,-1,-1,-1
921,2,1704.00,1287.00,49.00,73.00,0.7967,-1,-1,-1
922,1,1713.00,1031.00,40.00,60.00,0.8774,-1,-1,-1
922,2,1703.00,1289.00,50.00,77.00,0.8836,-1,-1,-1
923,1,1709.00,1035.00,43.00,59.00,0.8744,-1,-1,-1
923,2,1701.00,1292.00,52.00,81.00,0.8619,-1,-1,-1
924,1,1708.00,1039.00,41.00,58.00,0.8493,-1,-1,-1
924,2,1701.00,1300.00,49.00,74.00,0.8784,-1,-1,-1
925,1,1702.00,1041.00,46.00,61.00,0.8572,-1,-1,-1
925,2,1697.00,1301.00,54.00,76.00,0.8534,-1,-1,-1
926,1,1698.00,1045.00,45.00,60.00,0.8531,-1,-1,-1
926,2,1694.00,1305.00,52.00,76.00,0.8502,-1,-1,-1
927,1,1691.00,1050.00,49.00,60.00,0.8801,-1,-1,-1
927,2,1692.00,1308.00,50.00,78.00,0.8322,-1,-1,-1
928,1,1687.00,1053.00,47.00,58.00,0.8574,-1,-1,-1
928,2,1688.00,1312.00,54.00,77.00,0.8641,-1,-1,-1
929,1,1681.00,1054.00,49.00,62.00,0.8427,-1,-1,-1
929,2,1687.00,1318.00,50.00,75.00,0.8344,-1,-1,-1
930,1,1680.00,1060.00,44.00,60.00,0.8485,-1,-1,-1
930,2,1682.00,1319.00,52.00,80.00,0.8569,-1,-1,-1
931,1,1676.00,1062.00,45.00,62.00,0.8817,-1,-1,-1
931,2,1680.00,1326.00,51.00,78.00,0.8268,-1,-1,-1
932,1,1674.00,1067.00,41.00,60.00,0.8461,-1,-1,-1
932,2,1675.00,1329.00,54.00,77.00,0.7805,-1,-1,-1
933,1,1666.00,1071.00,46.00,60.00,0.8556,-1,-1,-1
933,2,1676.00,1336.00,49.00,76.00,0.8333,-1,-1,-1
934,1,1663.00,1075.00,43.00,57.00,0.8455,-1,-1,-1
934,2,1671.00,1338.00,52.00,81.00,0.8215,-1,-1,-1
935,1,1658.00,1078.00,45.00,59.00,0.8315,-1,-1,-1
935,2,1666.00,1345.00,53.00,77.00,0.7999,-1,-1,-1
936,1,1654.00,1082.00,46.00,59.00,0.8897,-1,-1,-1
936,2,1664.00,1346.00,53.00,79.00,0.8181,-1,-1,-1
937,1,1649.00,1085.00,48.00,61.00,0.8358,-1,-1,-1
937,2,1662.00,1350.00,54.00,78.00,0.8293,-1,-1,-1
938,1,1645.00,1089.00,47.00,58.00,0.8166,-1,-1,-1
938,2,1660.00,1356.00,51.00,79.00,0.8481,-1,-1,-1
939,1,1641.00,1093.00,45.00,59.00,0.8687,-1,-1,-1
939,2,1658.00,1362.00,50.00,78.00,0.9015,-1,-1,-1
940,1,1636.00,1097.00,46.00,58.00,0.8138,-1,-1,-1
940,2,1654.00,1369.00,52.00,77.00,0.8742,-1,-1,-1
941,1,1632.00,1100.00,47.00,59.00,0.8237,-1,-1,-1
941,2,1653.00,1374.00,49.00,75.00,0.8666,-1,-1,-1
942,1,1626.00,1104.00,48.00,62.00,0.8855,-1,-1,-1
942,2,1648.00,1377.00,50.00,75.00,0.8205,-1,-1,-1
943,1,1623.00,1107.00,48.00,61.00,0.8406,-1,-1,-1
943,2,1644.00,1379.00,54.00,78.00,0.8613,-1,-1,-1
944,1,1619.00,1110.00,48.00,61.00,0.8255,-1,-1,-1
944,2,1641.00,1384.00,54.00,78.00,0.8631,-1,-1,-1
945,1,1616.00,1115.00,45.00,61.00,0.9093,-1,-1,-1
945,2,1640.00,1390.00,51.00,75.00,0.8311,-1,-1,-1
946,1,1612.00,1119.00,46.00,61.00,0.8375,-1,-1,-1
946,2,1637.00,1391.00,51.00,80.00,0.8664,-1,-1,-1
947,1,1607.00,1123.00,48.00,61.00,0.8454,-1,-1,-1
947,2,1633.00,1395.00,54.00,80.00,0.8687,-1,-1,-1
948,1,1602.00,1126.00,48.00,61.00,0.8975,-1,-1,-1
948,2,1631.00,1401.00,56.00,77.00,0.7849,-1,-1,-1
949,1,1598.00,1130.00,49.00,62.00,0.8638,-1,-1,-1
949,2,1629.00,1409.00,51.00,74.00,0.8586,-1,-1,-1
950,1,1594.00,1135.00,50.00,58.00,0.8315,-1,-1,-1
950,2,1627.00,1411.00,53.00,75.00,0.8824,-1,-1,-1
951,1,1590.00,1140.00,52.00,61.00,0.8627,-1,-1,-1
951,2,1628.00,1421.00,47.00,72.00,0.8443,-1,-1,-1
952,1,1585.00,1144.00,51.00,59.00,0.8309,-1,-1,-1
952,2,1622.00,1420.00,52.00,74.00,0.8494,-1,-1,-1
953,1,1579.00,1148.00,55.00,60.00,0.8493,-1,-1,-1
953,2,1618.00,1424.00,57.00,77.00,0.8909,-1,-1,-1
954,1,1577.00,1153.00,52.00,60.00,0.8790,-1,-1,-1
954,2,1615.00,1426.00,56.00,78.00,0.8748,-1,-1,-1
955,1,1573.00,1156.00,50.00,61.00,0.8617,-1,-1,-1
955,2,1613.00,1433.00,55.00,74.00,0.8659,-1,-1,-1
956,1,1570.00,1161.00,52.00,59.00,0.8265,-1,-1,-1
956,2,1613.00,1438.00,51.00,78.00,0.8461,-1,-1,-1
957,1,1568.00,1165.00,46.00,62.00,0.8830,-1,-1,-1
957,2,1607.00,1441.00,57.00,79.00,0.8742,-1,-1,-1
958,1,1561.00,1168.00,53.00,60.00,0.8486,-1,-1,-1
958,2,1605.00,1445.00,60.00,80.00,0.7832,-1,-1,-1
959,1,1557.00,1168.00,53.00,65.00,0.8047,-1,-1,-1
959,2,1603.00,1446.00,58.00,78.00,0.7538,-1,-1,-1
960,1,1554.00,1170.00,52.00,64.00,0.8998,-1,-1,-1
960,2,1602.00,1448.00,57.00,75.00,0.7799,-1,-1,-1
961,1,1551.00,1168.00,52.00,63.00,0.8800,-1,-1,-1
961,2,1600.00,1446.00,58.00,77.00,0.8168,-1,-1,-1
962,1,1546.00,1167.00,53.00,62.00,0.8885,-1,-1,-1
962,2,1600.00,1446.00,55.00,74.00,0.8765,-1,-1,-1
962,6,2617.00,1251.00,55.00,43.00,0.6213,-1,-1,-1
963,1,1541.00,1159.00,54.00,64.00,0.8907,-1,-1,-1
963,2,1599.00,1443.00,55.00,73.00,0.8550,-1,-1,-1
964,1,1538.00,1154.00,52.00,65.00,0.9231,-1,-1,-1
964,2,1594.00,1433.00,61.00,77.00,0.8653,-1,-1,-1
965,1,1535.00,1148.00,53.00,64.00,0.8372,-1,-1,-1
965,2,1592.00,1426.00,60.00,78.00,0.8948,-1,-1,-1
966,1,1532.00,1140.00,52.00,63.00,0.8634,-1,-1,-1
966,2,1590.00,1418.00,59.00,76.00,0.8208,-1,-1,-1
967,1,1530.00,1133.00,53.00,61.00,0.8890,-1,-1,-1
967,2,1587.00,1407.00,64.00,80.00,0.8570,-1,-1,-1
968,1,1526.00,1124.00,54.00,64.00,0.8962,-1,-1,-1
968,2,1588.00,1403.00,62.00,78.00,0.8904,-1,-1,-1
969,1,1523.00,1118.00,56.00,59.00,0.8936,-1,-1,-1
969,2,1586.00,1393.00,59.00,80.00,0.8342,-1,-1,-1
970,1,1520.00,1108.00,54.00,60.00,0.8003,-1,-1,-1
970,2,1585.00,1383.00,58.00,80.00,0.8710,-1,-1,-1
971,1,1519.00,1100.00,52.00,59.00,0.8866,-1,-1,-1
971,2,1584.00,1373.00,60.00,82.00,0.8162,-1,-1,-1
972,1,1516.00,1091.00,52.00,63.00,0.8671,-1,-1,-1
972,2,1584.00,1363.00,56.00,84.00,0.8510,-1,-1,-1
973,1,1513.00,1080.00,52.00,66.00,0.9128,-1,-1,-1
973,2,1583.00,1355.00,59.00,82.00,0.8363,-1,-1,-1
974,1,1512.00,1070.00,50.00,65.00,0.8387,-1,-1,-1
974,2,1581.00,1349.00,58.00,80.00,0.7878,-1,-1,-1
975,1,1509.00,1061.00,51.00,65.00,0.9080,-1,-1,-1
975,2,1580.00,1335.00,59.00,85.00,0.8746,-1,-1,-1
976,1,1508.00,1053.00,51.00,61.00,0.8949,-1,-1,-1
976,2,1577.00,1324.00,58.00,85.00,0.7791,-1,-1,-1
977,1,1506.00,1044.00,50.00,62.00,0.8624,-1,-1,-1
977,2,1577.00,1313.00,61.00,90.00,0.8454,-1,-1,-1
978,1,1503.00,1037.00,50.00,61.00,0.8565,-1,-1,-1
978,2,1577.00,1309.00,60.00,86.00,0.8839,-1,-1,-1
979,1,1500.00,1028.00,52.00,63.00,0.9009,-1,-1,-1
979,2,1578.00,1305.00,56.00,82.00,0.8261,-1,-1,-1
980,1,1498.00,1024.00,52.00,63.00,0.8777,-1,-1,-1
980,2,1574.00,1297.00,58.00,83.00,0.8318,-1,-1,-1
981,1,1496.00,1019.00,50.00,62.00,0.8443,-1,-1,-1
981,2,1576.00,1294.00,55.00,84.00,0.8107,-1,-1,-1
982,1,1491.00,1014.00,51.00,64.00,0.9105,-1,-1,-1
982,2,1572.00,1288.00,60.00,90.00,0.8054,-1,-1,-1
983,1,1488.00,1011.00,54.00,66.00,0.9264,-1,-1,-1
983,2,1572.00,1288.00,61.00,88.00,0.8114,-1,-1,-1
984,1,1486.00,1008.00,55.00,67.00,0.9185,-1,-1,-1
984,2,1572.00,1286.00,58.00,90.00,0.8634,-1,-1,-1
985,1,1485.00,1011.00,52.00,65.00,0.9056,-1,-1,-1
985,2,1572.00,1288.00,57.00,87.00,0.8201,-1,-1,-1
986,1,1481.00,1013.00,56.00,62.00,0.8710,-1,-1,-1
986,2,1568.00,1287.00,61.00,89.00,0.8119,-1,-1,-1
987,1,1477.00,1013.00,56.00,64.00,0.8644,-1,-1,-1
987,2,1568.00,1289.00,60.00,89.00,0.8041,-1,-1,-1
988,1,1474.00,1015.00,58.00,64.00,0.8550,-1,-1,-1
988,2,1565.00,1290.00,62.00,91.00,0.8022,-1,-1,-1
989,1,1473.00,1019.00,57.00,61.00,0.8546,-1,-1,-1
989,2,1565.00,1295.00,61.00,87.00,0.8296,-1,-1,-1
990,1,1469.00,1021.00,58.00,63.00,0.8709,-1,-1,-1
990,2,1565.00,1300.00,59.00,86.00,0.8391,-1,-1,-1
991,1,1467.00,1024.00,59.00,64.00,0.8991,-1,-1,-1
991,2,1564.00,1305.00,60.00,82.00,0.8648,-1,-1,-1
992,1,1462.00,1027.00,61.00,64.00,0.8514,-1,-1,-1
992,2,1563.00,1310.00,61.00,84.00,0.8465,-1,-1,-1
993,1,1458.00,1032.00,59.00,64.00,0.9118,-1,-1,-1
993,2,1561.00,1313.00,62.00,85.00,0.8411,-1,-1,-1
994,1,1452.00,1033.00,59.00,63.00,0.8759,-1,-1,-1
994,2,1559.00,1320.00,62.00,83.00,0.7881,-1,-1,-1
995,1,1453.00,1041.00,56.00,61.00,0.8569,-1,-1,-1
995,2,1559.00,1326.00,57.00,83.00,0.7607,-1,-1,-1
996,1,1444.00,1043.00,60.00,63.00,0.8590,-1,-1,-1
996,2,1552.00,1328.00,62.00,89.00,0.7412,-1,-1,-1
997,1,1440.00,1048.00,62.00,63.00,0.8758,-1,-1,-1
997,2,1553.00,1334.00,59.00,82.00,0.8433,-1,-1,-1
998,1,1435.00,1056.00,64.00,63.00,0.9186,-1,-1,-1
998,2,1548.00,1339.00,58.00,83.00,0.8147,-1,-1,-1
999,1,1430.00,1059.00,57.00,62.00,0.8957,-1,-1,-1
999,2,1545.00,1342.00,59.00,84.00,0.7786,-1,-1,-1
1000,1,1425.00,1064.00,60.00,62.00,0.8611,-1,-1,-1
1000,2,1543.00,1352.00,57.00,80.00,0.8703,-1,-1,-1
1001,1,1422.00,1072.00,60.00,58.00,0.8959,-1,-1,-1
1001,2,1540.00,1356.00,59.00,81.00,0.8656,-1,-1,-1
1002,1,1415.00,1075.00,59.00,60.00,0.8708,-1,-1,-1
1002,2,1542.00,1367.00,52.00,77.00,0.8213,-1,-1,-1
1003,1,1410.00,1079.00,64.00,64.00,0.9241,-1,-1,-1
1003,2,1533.00,1365.00,61.00,81.00,0.8748,-1,-1,-1
1004,1,1404.00,1082.00,62.00,63.00,0.8912,-1,-1,-1
1004,2,1530.00,1367.00,62.00,82.00,0.8441,-1,-1,-1
1005,1,1398.00,1085.00,65.00,65.00,0.8552,-1,-1,-1
1005,2,1530.00,1372.00,59.00,79.00,0.8004,-1,-1,-1
1006,1,1394.00,1085.00,60.00,67.00,0.8884,-1,-1,-1
1006,2,1524.00,1371.00,62.00,80.00,0.8073,-1,-1,-1
1007,1,1389.00,1088.00,62.00,64.00,0.9040,-1,-1,-1
1007,2,1524.00,1375.00,56.00,79.00,0.8190,-1,-1,-1
1008,1,1382.00,1089.00,65.00,65.00,0.8880,-1,-1,-1
1008,2,1522.00,1377.00,56.00,77.00,0.8573,-1,-1,-1
1009,1,1376.00,1086.00,67.00,67.00,0.8600,-1,-1,-1
1009,2,1514.00,1367.00,62.00,84.00,0.8157,-1,-1,-1
1010,1,1369.00,1084.00,67.00,67.00,0.8406,-1,-1,-1
1010,2,1507.00,1361.00,66.00,89.00,0.8665,-1,-1,-1
1011,1,1365.00,1082.00,62.00,67.00,0.9244,-1,-1,-1
1011,2,1503.00,1361.00,67.00,86.00,0.8614,-1,-1,-1
1012,1,1355.00,1078.00,67.00,69.00,0.8874,-1,-1,-1
1012,2,1502.00,1357.00,63.00,83.00,0.8558,-1,-1,-1
1013,1,1350.00,1075.00,66.00,65.00,0.9027,-1,-1,-1
1013,2,1497.00,1350.00,64.00,84.00,0.9021,-1,-1,-1
1014,1,1342.00,1068.00,66.00,66.00,0.8374,-1,-1,-1
1014,2,1492.00,1345.00,64.00,83.00,0.8747,-1,-1,-1
1015,1,1335.00,1062.00,68.00,66.00,0.8814,-1,-1,-1
1015,2,1487.00,1337.00,66.00,86.00,0.8440,-1,-1,-1
1016,1,1330.00,1056.00,65.00,67.00,0.8810,-1,-1,-1
1016,2,1486.00,1336.00,61.00,82.00,0.8559,-1,-1,-1
1017,1,1322.00,1051.00,66.00,66.00,0.9024,-1,-1,-1
1017,2,1481.00,1326.00,61.00,80.00,0.7514,-1,-1,-1
1018,1,1314.00,1042.00,70.00,69.00,0.8623,-1,-1,-1
1018,2,1474.00,1316.00,66.00,85.00,0.8456,-1,-1,-1
1019,1,1309.00,1036.00,65.00,66.00,0.9019,-1,-1,-1
1019,2,1471.00,1310.00,69.00,83.00,0.8614,-1,-1,-1
1020,1,1304.00,1031.00,66.00,62.00,0.8805,-1,-1,-1
1020,2,1465.00,1302.00,67.00,82.00,0.9067,-1,-1,-1
1021,1,1295.00,1021.00,67.00,63.00,0.8815,-1,-1,-1
1021,2,1460.00,1290.00,71.00,88.00,0.8509,-1,-1,-1
1022,1,1288.00,1012.00,66.00,65.00,0.9029,-1,-1,-1
1022,2,1459.00,1285.00,70.00,85.00,0.8416,-1,-1,-1
1023,1,1280.00,1005.00,69.00,65.00,0.8911,-1,-1,-1
1023,2,1454.00,1275.00,70.00,82.00,0.7849,-1,-1,-1
1024,1,1275.00,997.00,67.00,63.00,0.9149,-1,-1,-1
1024,2,1449.00,1264.00,74.00,86.00,0.8764,-1,-1,-1
1025,1,1265.00,990.00,72.00,64.00,0.9101,-1,-1,-1
1025,2,1445.00,1256.00,71.00,83.00,0.9019,-1,-1,-1
1026,1,1262.00,983.00,71.00,61.00,0.8408,-1,-1,-1
1026,2,1446.00,1251.00,68.00,79.00,0.8224,-1,-1,-1
1027,1,1252.00,970.00,76.00,66.00,0.8761,-1,-1,-1
1027,2,1438.00,1238.00,71.00,84.00,0.8694,-1,-1,-1
1028,1,1248.00,964.00,75.00,70.00,0.8695,-1,-1,-1
1028,2,1437.00,1232.00,70.00,80.00,0.8827,-1,-1,-1
1029,1,1239.00,955.00,77.00,67.00,0.8824,-1,-1,-1
1029,2,1434.00,1221.00,70.00,83.00,0.7863,-1,-1,-1
1030,1,1231.00,949.00,81.00,65.00,0.8587,-1,-1,-1
1030,2,1428.00,1213.00,74.00,84.00,0.8680,-1,-1,-1
1030,7,2444.00,1604.00,60.00,43.00,0.5304,-1,-1,-1
1031,1,1228.00,945.00,74.00,63.00,0.8836,-1,-1,-1
1031,2,1425.00,1206.00,70.00,82.00,0.8337,-1,-1,-1
1032,1,1222.00,940.00,74.00,62.00,0.8493,-1,-1,-1
1032,2,1423.00,1201.00,69.00,84.00,0.8555,-1,-1,-1
1033,1,1219.00,941.00,72.00,59.00,0.8624,-1,-1,-1
1033,2,1419.00,1202.00,71.00,79.00,0.8194,-1,-1,-1
1034,1,1211.00,938.00,78.00,63.00,0.8865,-1,-1,-1
1034,2,1420.00,1202.00,68.00,79.00,0.8121,-1,-1,-1
1035,1,1208.00,938.00,77.00,61.00,0.8832,-1,-1,-1
1035,2,1420.00,1200.00,68.00,80.00,0.7913,-1,-1,-1
1036,1,1203.00,936.00,82.00,62.00,0.8912,-1,-1,-1
1036,2,1419.00,1200.00,69.00,81.00,0.7981,-1,-1,-1
1037,1,1205.00,940.00,74.00,57.00,0.8908,-1,-1,-1
1037,2,1415.00,1196.00,76.00,86.00,0.8071,-1,-1,-1
1038,1,1204.00,941.00,80.00,61.00,0.8867,-1,-1,-1
1038,2,1420.00,1202.00,70.00,82.00,0.8568,-1,-1,-1
1039,1,1206.00,945.00,80.00,61.00,0.8905,-1,-1,-1
1039,2,1423.00,1205.00,69.00,83.00,0.8648,-1,-1,-1
1040,1,1206.00,947.00,83.00,64.00,0.8687,-1,-1,-1
1040,2,1424.00,1208.00,73.00,83.00,0.8426,-1,-1,-1
1041,1,1213.00,955.00,79.00,62.00,0.8737,-1,-1,-1
1041,2,1428.00,1211.00,76.00,86.00,0.8818,-1,-1,-1
1042,1,1214.00,958.00,83.00,64.00,0.8860,-1,-1,-1
1042,2,1433.00,1214.00,74.00,90.00,0.8689,-1,-1,-1
1043,1,1221.00,961.00,76.00,61.00,0.8852,-1,-1,-1
1043,2,1439.00,1221.00,74.00,86.00,0.7618,-1,-1,-1
1044,1,1228.00,968.00,76.00,58.00,0.8710,-1,-1,-1
1044,2,1442.00,1225.00,75.00,85.00,0.8462,-1,-1,-1
1045,1,1234.00,970.00,74.00,59.00,0.8631,-1,-1,-1
1045,2,1449.00,1228.00,76.00,90.00,0.7589,-1,-1,-1
1046,1,1237.00,975.00,79.00,65.00,0.8922,-1,-1,-1
1046,2,1458.00,1237.00,72.00,87.00,0.8431,-1,-1,-1
1047,1,1250.00,986.00,70.00,54.00,0.8968,-1,-1,-1
1047,2,1462.00,1244.00,72.00,84.00,0.8075,-1,-1,-1
1048,1,1252.00,986.00,71.00,60.00,0.8804,-1,-1,-1
1048,2,1469.00,1248.00,70.00,86.00,0.8008,-1,-1,-1
1049,1,1257.00,991.00,71.00,60.00,0.8934,-1,-1,-1
1049,2,1476.00,1257.00,68.00,82.00,0.7664,-1,-1,-1
1050,1,1259.00,994.00,78.00,61.00,0.8756,-1,-1,-1
1050,2,1478.00,1262.00,75.00,83.00,0.8663,-1,-1,-1
1051,1,1268.00,1004.00,72.00,57.00,0.8919,-1,-1,-1
1051,2,1485.00,1266.00,71.00,84.00,0.8496,-1,-1,-1
1052,1,1273.00,1007.00,70.00,57.00,0.8900,-1,-1,-1
1052,2,1491.00,1275.00,68.00,79.00,0.8064,-1,-1,-1
1053,1,1277.00,1010.00,74.00,59.00,0.8486,-1,-1,-1
1053,2,1494.00,1275.00,71.00,86.00,0.8441,-1,-1,-1
1054,1,1283.00,1015.00,74.00,59.00,0.8818,-1,-1,-1
1054,2,1499.00,1283.00,71.00,81.00,0.7788,-1,-1,-1
1055,1,1285.00,1018.00,79.00,64.00,0.8978,-1,-1,-1
1055,2,1507.00,1284.00,70.00,87.00,0.8704,-1,-1,-1
1056,1,1295.00,1025.00,75.00,62.00,0.9225,-1,-1,-1
1056,2,1507.00,1291.00,74.00,84.00,0.8201,-1,-1,-1
1057,1,1300.00,1029.00,71.00,61.00,0.9211,-1,-1,-1
1057,2,1513.00,1296.00,73.00,83.00,0.8147,-1,-1,-1
1058,1,1304.00,1034.00,73.00,62.00,0.8934,-1,-1,-1
1058,2,1519.00,1301.00,73.00,84.00,0.8014,-1,-1,-1
1059,1,1309.00,1038.00,72.00,60.00,0.9166,-1,-1,-1
1059,2,1525.00,1303.00,75.00,89.00,0.8126,-1,-1,-1
1060,1,1311.00,1040.00,80.00,67.00,0.9097,-1,-1,-1
1060,2,1528.00,1309.00,78.00,87.00,0.8682,-1,-1,-1
1061,1,1319.00,1044.00,75.00,66.00,0.9038,-1,-1,-1
1061,2,1535.00,1313.00,71.00,86.00,0.8257,-1,-1,-1
1062,1,1325.00,1049.00,73.00,65.00,0.8883,-1,-1,-1
1062,2,1540.00,1320.00,74.00,83.00,0.8443,-1,-1,-1
1063,1,1329.00,1051.00,81.00,71.00,0.8530,-1,-1,-1
1063,2,1548.00,1331.00,71.00,78.00,0.7255,-1,-1,-1
1064,1,1334.00,1057.00,72.00,65.00,0.8686,-1,-1,-1
1064,2,1554.00,1328.00,69.00,86.00,0.8050,-1,-1,-1
1065,1,1336.00,1059.00,80.00,70.00,0.8679,-1,-1,-1
1065,2,1557.00,1334.00,73.00,85.00,0.8402,-1,-1,-1
1066,1,1343.00,1064.00,73.00,69.00,0.8758,-1,-1,-1
1066,2,1555.00,1330.00,82.00,93.00,0.8697,-1,-1,-1
1067,1,1350.00,1071.00,73.00,64.00,0.8586,-1,-1,-1
1067,2,1567.00,1337.00,76.00,91.00,0.8747,-1,-1,-1
1068,1,1352.00,1073.00,77.00,68.00,0.8629,-1,-1,-1
1068,2,1573.00,1349.00,75.00,84.00,0.8263,-1,-1,-1
1069,1,1360.00,1078.00,72.00,66.00,0.8715,-1,-1,-1
1069,2,1582.00,1358.00,68.00,79.00,0.8477,-1,-1,-1
1070,1,1363.00,1085.00,74.00,63.00,0.8545,-1,-1,-1
1070,2,1588.00,1361.00,70.00,83.00,0.8159,-1,-1,-1
1071,1,1369.00,1089.00,72.00,64.00,0.8644,-1,-1,-1
1071,2,1593.00,1364.00,72.00,87.00,0.8122,-1,-1,-1
1072,1,1371.00,1091.00,81.00,65.00,0.8374,-1,-1,-1
1072,2,1595.00,1363.00,75.00,91.00,0.8250,-1,-1,-1
1073,1,1379.00,1100.00,78.00,63.00,0.7642,-1,-1,-1
1073,2,1608.00,1384.00,66.00,75.00,0.8560,-1,-1,-1
1074,1,1385.00,1106.00,73.00,58.00,0.8565,-1,-1,-1
1074,2,1608.00,1381.00,69.00,84.00,0.8582,-1,-1,-1
1075,1,1387.00,1099.00,75.00,68.00,0.8562,-1,-1,-1
1075,2,1609.00,1384.00,76.00,85.00,0.8253,-1,-1,-1
1076,1,1392.00,1109.00,76.00,61.00,0.8058,-1,-1,-1
1076,2,1610.00,1382.00,81.00,91.00,0.8406,-1,-1,-1
1077,1,1394.00,1114.00,84.00,63.00,0.8709,-1,-1,-1
1077,2,1621.00,1389.00,76.00,87.00,0.8208,-1,-1,-1
1078,1,1399.00,1121.00,88.00,61.00,0.8166,-1,-1,-1
1078,2,1624.00,1388.00,77.00,93.00,0.8405,-1,-1,-1
1079,1,1408.00,1127.00,79.00,57.00,0.8622,-1,-1,-1
1079,2,1633.00,1398.00,71.00,86.00,0.8941,-1,-1,-1
1080,1,1413.00,1129.00,75.00,56.00,0.8549,-1,-1,-1
1080,2,1632.00,1398.00,79.00,93.00,0.8903,-1,-1,-1
1081,1,1420.00,1133.00,72.00,56.00,0.8514,-1,-1,-1
1081,2,1640.00,1403.00,83.00,93.00,0.9106,-1,-1,-1
1082,1,1424.00,1135.00,68.00,56.00,0.8534,-1,-1,-1
1082,2,1643.00,1403.00,83.00,98.00,0.9120,-1,-1,-1
1083,1,1430.00,1138.00,71.00,61.00,0.8529,-1,-1,-1
1083,2,1649.00,1410.00,79.00,94.00,0.8426,-1,-1,-1
1084,1,1431.00,1143.00,77.00,61.00,0.8713,-1,-1,-1
1084,2,1656.00,1421.00,81.00,92.00,0.8619,-1,-1,-1
1085,1,1438.00,1148.00,70.00,57.00,0.8964,-1,-1,-1
1085,2,1660.00,1420.00,78.00,93.00,0.8765,-1,-1,-1
1086,1,1442.00,1149.00,71.00,61.00,0.8745,-1,-1,-1
1086,2,1662.00,1423.00,87.00,98.00,0.8940,-1,-1,-1
1087,1,1446.00,1154.00,71.00,59.00,0.8588,-1,-1,-1
1087,2,1668.00,1427.00,83.00,96.00,0.9061,-1,-1,-1
1088,1,1449.00,1154.00,76.00,63.00,0.8730,-1,-1,-1
1088,2,1668.00,1430.00,89.00,99.00,0.8501,-1,-1,-1
1089,1,1451.00,1162.00,81.00,62.00,0.9072,-1,-1,-1
1089,2,1676.00,1439.00,88.00,94.00,0.8416,-1,-1,-1
1090,1,1459.00,1168.00,75.00,58.00,0.9028,-1,-1,-1
1090,2,1685.00,1443.00,83.00,96.00,0.8982,-1,-1,-1
1091,1,1462.00,1168.00,75.00,62.00,0.8994,-1,-1,-1
1091,2,1692.00,1448.00,81.00,93.00,0.8390,-1,-1,-1
1092,1,1468.00,1173.00,75.00,61.00,0.8903,-1,-1,-1
1092,2,1694.00,1449.00,84.00,96.00,0.8548,-1,-1,-1
1093,1,1472.00,1171.00,79.00,66.00,0.8599,-1,-1,-1
1093,2,1698.00,1451.00,84.00,98.00,0.8436,-1,-1,-1
1094,1,1478.00,1179.00,77.00,60.00,0.8737,-1,-1,-1
1094,2,1704.00,1454.00,83.00,98.00,0.8709,-1,-1,-1
1095,1,1489.00,1185.00,69.00,57.00,0.8181,-1,-1,-1
1095,2,1713.00,1459.00,82.00,100.00,0.8376,-1,-1,-1
1096,1,1489.00,1186.00,82.00,64.00,0.8585,-1,-1,-1
1096,2,1715.00,1463.00,85.00,101.00,0.8648,-1,-1,-1
1097,1,1490.00,1186.00,84.00,67.00,0.8635,-1,-1,-1
1097,2,1718.00,1470.00,88.00,100.00,0.8816,-1,-1,-1
1098,1,1495.00,1189.00,84.00,70.00,0.8271,-1,-1,-1
1098,2,1722.00,1474.00,89.00,100.00,0.8839,-1,-1,-1
1099,1,1502.00,1195.00,80.00,67.00,0.8725,-1,-1,-1
1099,2,1729.00,1476.00,90.00,105.00,0.9095,-1,-1,-1
1100,1,1509.00,1207.00,76.00,58.00,0.8089,-1,-1,-1
1100,2,1741.00,1486.00,83.00,99.00,0.8679,-1,-1,-1
1101,1,1514.00,1210.00,78.00,61.00,0.8408,-1,-1,-1
1101,2,1744.00,1489.00,86.00,101.00,0.8864,-1,-1,-1
1102,1,1521.00,1211.00,80.00,63.00,0.8275,-1,-1,-1
1102,2,1755.00,1496.00,79.00,98.00,0.8931,-1,-1,-1
1103,1,1531.00,1216.00,72.00,61.00,0.8570,-1,-1,-1
1103,2,1760.00,1498.00,81.00,98.00,0.9128,-1,-1,-1
1104,1,1534.00,1220.00,72.00,61.00,0.8924,-1,-1,-1
1104,2,1767.00,1505.00,81.00,96.00,0.9060,-1,-1,-1
1105,1,1539.00,1219.00,72.00,64.00,0.8811,-1,-1,-1
1105,2,1773.00,1515.00,81.00,93.00,0.8957,-1,-1,-1
1106,1,1540.00,1218.00,78.00,70.00,0.8567,-1,-1,-1
1106,2,1779.00,1515.00,81.00,100.00,0.8803,-1,-1,-1
1107,1,1551.00,1227.00,75.00,66.00,0.8237,-1,-1,-1
1107,2,1784.00,1524.00,86.00,99.00,0.9005,-1,-1,-1
1108,1,1552.00,1232.00,79.00,66.00,0.8794,-1,-1,-1
1108,2,1793.00,1530.00,79.00,95.00,0.8497,-1,-1,-1
1109,1,1558.00,1236.00,73.00,61.00,0.9025,-1,-1,-1
1109,2,1803.00,1537.00,74.00,90.00,0.8799,-1,-1,-1
1110,1,1565.00,1235.00,76.00,68.00,0.8168,-1,-1,-1
1110,2,1804.00,1538.00,79.00,94.00,0.8397,-1,-1,-1
1111,1,1575.00,1244.00,75.00,61.00,0.8486,-1,-1,-1
1111,2,1816.00,1538.00,75.00,95.00,0.8400,-1,-1,-1
1112,1,1581.00,1240.00,73.00,61.00,0.8887,-1,-1,-1
1112,2,1817.00,1542.00,80.00,89.00,0.8600,-1,-1,-1
1113,1,1586.00,1234.00,73.00,62.00,0.8404,-1,-1,-1
1113,2,1818.00,1527.00,88.00,99.00,0.7754,-1,-1,-1
1114,1,1591.00,1224.00,78.00,67.00,0.8460,-1,-1,-1
1114,2,1829.00,1524.00,84.00,97.00,0.8722,-1,-1,-1
1114,11,2910.00,344.00,62.00,44.00,0.6469,-1,-1,-1
1115,1,1597.00,1219.00,77.00,65.00,0.8532,-1,-1,-1
1115,2,1838.00,1516.00,79.00,99.00,0.8339,-1,-1,-1
1116,1,1601.00,1208.00,76.00,62.00,0.8611,-1,-1,-1
1116,2,1840.00,1502.00,83.00,98.00,0.8568,-1,-1,-1
1117,1,1610.00,1195.00,71.00,61.00,0.8881,-1,-1,-1
1117,2,1846.00,1492.00,87.00,96.00,0.8935,-1,-1,-1
1118,1,1613.00,1185.00,77.00,62.00,0.8681,-1,-1,-1
1118,2,1852.00,1474.00,86.00,102.00,0.9162,-1,-1,-1
1119,1,1619.00,1167.00,76.00,64.00,0.7856,-1,-1,-1
1119,2,1863.00,1463.00,79.00,100.00,0.8683,-1,-1,-1
1120,1,1629.00,1153.00,70.00,63.00,0.8277,-1,-1,-1
1120,2,1868.00,1451.00,81.00,99.00,0.8402,-1,-1,-1
1121,1,1634.00,1138.00,72.00,64.00,0.8153,-1,-1,-1
1121,2,1874.00,1428.00,80.00,106.00,0.8291,-1,-1,-1
1122,1,1639.00,1120.00,69.00,67.00,0.8571,-1,-1,-1
1122,2,1878.00,1417.00,87.00,106.00,0.8794,-1,-1,-1
1123,1,1645.00,1106.00,75.00,63.00,0.8090,-1,-1,-1
1123,2,1886.00,1401.00,83.00,106.00,0.8939,-1,-1,-1
1124,1,1655.00,1096.00,69.00,60.00,0.8518,-1,-1,-1
1124,2,1893.00,1386.00,84.00,101.00,0.8945,-1,-1,-1
1125,1,1658.00,1076.00,73.00,63.00,0.8686,-1,-1,-1
1125,2,1900.00,1374.00,84.00,101.00,0.8853,-1,-1,-1
1126,1,1670.00,1070.00,64.00,60.00,0.7804,-1,-1,-1
1126,2,1904.00,1357.00,85.00,106.00,0.8997,-1,-1,-1
1127,1,1670.00,1055.00,73.00,65.00,0.8304,-1,-1,-1
1127,2,1914.00,1353.00,79.00,100.00,0.8543,-1,-1,-1
1128,1,1673.00,1037.00,74.00,76.00,0.7993,-1,-1,-1
1128,2,1919.00,1347.00,82.00,100.00,0.8765,-1,-1,-1
1129,1,1682.00,1042.00,70.00,66.00,0.8432,-1,-1,-1
1129,2,1929.00,1344.00,81.00,103.00,0.7818,-1,-1,-1
1130,1,1689.00,1034.00,66.00,65.00,0.8384,-1,-1,-1
1130,2,1932.00,1335.00,80.00,106.00,0.8712,-1,-1,-1
1131,1,1690.00,1026.00,76.00,75.00,0.8535,-1,-1,-1
1131,2,1941.00,1339.00,79.00,100.00,0.8559,-1,-1,-1
1132,1,1695.00,1030.00,77.00,70.00,0.8650,-1,-1,-1
1132,2,1945.00,1330.00,80.00,108.00,0.8615,-1,-1,-1
1133,1,1701.00,1029.00,77.00,73.00,0.8429,-1,-1,-1
1133,2,1952.00,1332.00,84.00,111.00,0.8991,-1,-1,-1
1134,1,1712.00,1039.00,71.00,64.00,0.8805,-1,-1,-1
1134,2,1957.00,1337.00,83.00,109.00,0.8937,-1,-1,-1
1135,1,1719.00,1041.00,69.00,64.00,0.8281,-1,-1,-1
1135,2,1964.00,1345.00,83.00,105.00,0.9141,-1,-1,-1
1136,1,1723.00,1046.00,75.00,66.00,0.8570,-1,-1,-1
1136,2,1968.00,1350.00,84.00,103.00,0.8981,-1,-1,-1
1137,1,1729.00,1053.00,75.00,64.00,0.8574,-1,-1,-1
1137,2,1975.00,1352.00,84.00,109.00,0.9291,-1,-1,-1
1138,1,1743.00,1062.00,72.00,58.00,0.8122,-1,-1,-1
1138,2,1980.00,1357.00,86.00,110.00,0.9129,-1,-1,-1
1139,1,1741.00,1054.00,72.00,72.00,0.8381,-1,-1,-1
1139,2,1986.00,1365.00,91.00,112.00,0.9221,-1,-1,-1
1140,1,1755.00,1072.00,72.00,62.00,0.8466,-1,-1,-1
1140,2,1996.00,1371.00,87.00,108.00,0.9171,-1,-1,-1
1141,1,1757.00,1070.00,71.00,70.00,0.8779,-1,-1,-1
1141,2,2002.00,1373.00,87.00,112.00,0.9091,-1,-1,-1
1142,1,1761.00,1078.00,77.00,68.00,0.8481,-1,-1,-1
1142,2,2007.00,1380.00,85.00,109.00,0.9069,-1,-1,-1
1143,1,1767.00,1082.00,75.00,68.00,0.8537,-1,-1,-1
1143,2,2015.00,1388.00,90.00,113.00,0.9093,-1,-1,-1
1144,1,1776.00,1088.00,72.00,68.00,0.8655,-1,-1,-1
1144,2,2017.00,1389.00,92.00,117.00,0.9120,-1,-1,-1
1145,1,1776.00,1092.00,77.00,69.00,0.8843,-1,-1,-1
1145,2,2025.00,1399.00,89.00,111.00,0.9065,-1,-1,-1
1146,1,1782.00,1098.00,79.00,70.00,0.8469,-1,-1,-1
1146,2,2028.00,1399.00,91.00,118.00,0.8994,-1,-1,-1
1147,1,1787.00,1102.00,76.00,70.00,0.8553,-1,-1,-1
1147,2,2037.00,1413.00,87.00,109.00,0.9262,-1,-1,-1
1148,1,1791.00,1108.00,71.00,69.00,0.8722,-1,-1,-1
1148,2,2045.00,1420.00,84.00,107.00,0.9000,-1,-1,-1
1149,1,1792.00,1113.00,79.00,70.00,0.8652,-1,-1,-1
1149,2,2047.00,1420.00,85.00,109.00,0.9204,-1,-1,-1
1150,1,1797.00,1117.00,76.00,71.00,0.8921,-1,-1,-1
1150,2,2051.00,1424.00,91.00,115.00,0.8859,-1,-1,-1
1151,1,1800.00,1122.00,67.00,67.00,0.8688,-1,-1,-1
1151,2,2058.00,1434.00,85.00,107.00,0.9069,-1,-1,-1
1152,1,1802.00,1126.00,68.00,67.00,0.7913,-1,-1,-1
1152,2,2064.00,1439.00,85.00,110.00,0.8955,-1,-1,-1
1153,1,1808.00,1136.00,67.00,68.00,0.8752,-1,-1,-1
1153,2,2072.00,1448.00,84.00,105.00,0.9060,-1,-1,-1
1154,1,1815.00,1142.00,73.00,71.00,0.8363,-1,-1,-1
1154,2,2075.00,1447.00,85.00,110.00,0.9048,-1,-1,-1
1155,1,1816.00,1149.00,71.00,66.00,0.8562,-1,-1,-1
1155,2,2082.00,1455.00,84.00,113.00,0.9088,-1,-1,-1
1156,1,1817.00,1150.00,74.00,71.00,0.8724,-1,-1,-1
1156,2,2085.00,1460.00,84.00,112.00,0.9040,-1,-1,-1
1157,1,1826.00,1160.00,65.00,68.00,0.8299,-1,-1,-1
1157,2,2093.00,1463.00,80.00,111.00,0.8769,-1,-1,-1
1158,1,1828.00,1163.00,70.00,73.00,0.8847,-1,-1,-1
1158,2,2099.00,1470.00,82.00,110.00,0.9141,-1,-1,-1
1159,1,1836.00,1172.00,68.00,69.00,0.7963,-1,-1,-1
1159,2,2100.00,1471.00,84.00,111.00,0.9010,-1,-1,-1
1160,1,1837.00,1174.00,74.00,71.00,0.8180,-1,-1,-1
1160,2,2105.00,1478.00,87.00,112.00,0.9161,-1,-1,-1
1161,1,1838.00,1175.00,77.00,76.00,0.8177,-1,-1,-1
1161,2,2111.00,1485.00,88.00,108.00,0.9040,-1,-1,-1
1162,1,1852.00,1188.00,64.00,69.00,0.8503,-1,-1,-1
1162,2,2117.00,1487.00,87.00,112.00,0.9092,-1,-1,-1
1163,1,1847.00,1184.00,73.00,78.00,0.8780,-1,-1,-1
1163,2,2123.00,1492.00,85.00,113.00,0.8987,-1,-1,-1
1164,1,1848.00,1193.00,77.00,76.00,0.8237,-1,-1,-1
1164,2,2128.00,1496.00,84.00,110.00,0.8957,-1,-1,-1
1165,1,1854.00,1197.00,76.00,79.00,0.8284,-1,-1,-1
1165,2,2133.00,1499.00,83.00,112.00,0.8904,-1,-1,-1
1166,1,1857.00,1203.00,71.00,73.00,0.8307,-1,-1,-1
1166,2,2136.00,1504.00,89.00,110.00,0.9025,-1,-1,-1
1167,1,1858.00,1209.00,73.00,73.00,0.7777,-1,-1,-1
1167,2,2144.00,1507.00,86.00,113.00,0.8583,-1,-1,-1
1168,1,1864.00,1213.00,71.00,79.00,0.7976,-1,-1,-1
1168,2,2148.00,1510.00,85.00,114.00,0.9092,-1,-1,-1
1169,1,1866.00,1211.00,73.00,83.00,0.8010,-1,-1,-1
1169,2,2151.00,1513.00,85.00,114.00,0.8993,-1,-1,-1
1170,1,1866.00,1220.00,75.00,80.00,0.7837,-1,-1,-1
1170,2,2155.00,1515.00,87.00,118.00,0.8961,-1,-1,-1
1171,1,1872.00,1228.00,69.00,72.00,0.7407,-1,-1,-1
1171,2,2162.00,1518.00,84.00,120.00,0.8777,-1,-1,-1
1172,1,1874.00,1235.00,75.00,71.00,0.8312,-1,-1,-1
1172,2,2168.00,1521.00,86.00,120.00,0.8955,-1,-1,-1
1173,1,1878.00,1237.00,71.00,70.00,0.8184,-1,-1,-1
1173,2,2175.00,1531.00,84.00,115.00,0.9004,-1,-1,-1
1174,1,1877.00,1239.00,79.00,74.00,0.8241,-1,-1,-1
1174,2,2177.00,1531.00,87.00,118.00,0.9121,-1,-1,-1
1175,1,1883.00,1245.00,73.00,72.00,0.7437,-1,-1,-1
1175,2,2183.00,1535.00,86.00,121.00,0.8811,-1,-1,-1
1176,1,1880.00,1247.00,81.00,76.00,0.8471,-1,-1,-1
1176,2,2185.00,1537.00,91.00,124.00,0.9033,-1,-1,-1
1177,1,1884.00,1252.00,82.00,79.00,0.8455,-1,-1,-1
1177,2,2191.00,1539.00,92.00,126.00,0.9043,-1,-1,-1
1178,1,1889.00,1261.00,75.00,70.00,0.8428,-1,-1,-1
1178,2,2194.00,1539.00,93.00,126.00,0.8849,-1,-1,-1
1179,1,1892.00,1267.00,73.00,71.00,0.8436,-1,-1,-1
1179,2,2200.00,1544.00,95.00,126.00,0.8600,-1,-1,-1
1180,1,1894.00,1270.00,73.00,73.00,0.8240,-1,-1,-1
1180,2,2209.00,1553.00,92.00,118.00,0.8503,-1,-1,-1
1181,1,1896.00,1269.00,73.00,80.00,0.8195,-1,-1,-1
1181,2,2211.00,1553.00,94.00,123.00,0.8704,-1,-1,-1
1182,1,1895.00,1273.00,85.00,79.00,0.8304,-1,-1,-1
1182,2,2216.00,1559.00,91.00,119.00,0.9003,-1,-1,-1
1183,1,1899.00,1276.00,84.00,78.00,0.8416,-1,-1,-1
1183,2,2222.00,1565.00,90.00,115.00,0.9020,-1,-1,-1
1184,1,1909.00,1285.00,70.00,74.00,0.7158,-1,-1,-1
1184,2,2227.00,1564.00,90.00,121.00,0.8907,-1,-1,-1
1185,1,1912.00,1289.00,70.00,73.00,0.8450,-1,-1,-1
1185,2,2234.00,1569.00,89.00,120.00,0.8279,-1,-1,-1
1186,1,1911.00,1289.00,80.00,79.00,0.8213,-1,-1,-1
1186,2,2243.00,1577.00,86.00,116.00,0.8610,-1,-1,-1
1187,1,1917.00,1300.00,77.00,75.00,0.8299,-1,-1,-1
1187,2,2247.00,1580.00,85.00,114.00,0.9048,-1,-1,-1
1188,1,1919.00,1303.00,74.00,71.00,0.8446,-1,-1,-1
1188,2,2251.00,1582.00,90.00,119.00,0.8943,-1,-1,-1
1189,1,1922.00,1312.00,76.00,67.00,0.8225,-1,-1,-1
1189,2,2257.00,1587.00,94.00,118.00,0.9140,-1,-1,-1
1190,1,1926.00,1314.00,80.00,72.00,0.8476,-1,-1,-1
1190,2,2263.00,1592.00,93.00,114.00,0.9163,-1,-1,-1
1191,1,1932.00,1320.00,77.00,72.00,0.8583,-1,-1,-1
1191,2,2266.00,1590.00,91.00,118.00,0.9110,-1,-1,-1
1192,1,1935.00,1321.00,72.00,70.00,0.8360,-1,-1,-1
1192,2,2272.00,1593.00,97.00,122.00,0.8933,-1,-1,-1
1193,1,1932.00,1324.00,89.00,76.00,0.9076,-1,-1,-1
1193,2,2281.00,1599.00,94.00,120.00,0.8262,-1,-1,-1
1194,1,1937.00,1330.00,82.00,75.00,0.8625,-1,-1,-1
1194,2,2287.00,1602.00,92.00,118.00,0.8543,-1,-1,-1
1195,1,1944.00,1338.00,84.00,69.00,0.8294,-1,-1,-1
1195,2,2292.00,1606.00,93.00,122.00,0.9037,-1,-1,-1
1196,1,1950.00,1343.00,82.00,69.00,0.8354,-1,-1,-1
1196,2,2299.00,1608.00,92.00,125.00,0.8922,-1,-1,-1
1197,1,1954.00,1347.00,80.00,66.00,0.8018,-1,-1,-1
1197,2,2305.00,1613.00,93.00,122.00,0.8690,-1,-1,-1
1198,1,1956.00,1351.00,85.00,70.00,0.7707,-1,-1,-1
1198,2,2313.00,1619.00,94.00,121.00,0.8759,-1,-1,-1
1199,1,1963.00,1355.00,82.00,68.00,0.8822,-1,-1,-1
1199,2,2317.00,1620.00,95.00,125.00,0.9077,-1,-1,-1
1200,1,1964.00,1359.00,74.00,63.00,0.8063,-1,-1,-1
1200,2,2325.00,1626.00,95.00,122.00,0.8920,-1,-1,-1
1201,1,1971.00,1364.00,88.00,72.00,0.8131,-1,-1,-1
1201,2,2334.00,1638.00,91.00,115.00,0.8885,-1,-1,-1
1202,1,1981.00,1373.00,84.00,69.00,0.7750,-1,-1,-1
1202,2,2338.00,1638.00,95.00,119.00,0.9086,-1,-1,-1
1203,1,1981.00,1375.00,91.00,69.00,0.8275,-1,-1,-1
1203,2,2344.00,1637.00,96.00,124.00,0.9040,-1,-1,-1
1204,1,1986.00,1382.00,88.00,70.00,0.8694,-1,-1,-1
1204,2,2351.00,1639.00,96.00,124.00,0.8699,-1,-1,-1
1205,1,1993.00,1384.00,83.00,70.00,0.7494,-1,-1,-1
1205,2,2357.00,1645.00,97.00,123.00,0.8955,-1,-1,-1
1206,1,1998.00,1392.00,89.00,69.00,0.7568,-1,-1,-1
1206,2,2362.00,1646.00,98.00,130.00,0.9268,-1,-1,-1
1207,1,2003.00,1395.00,87.00,70.00,0.7889,-1,-1,-1
1207,2,2372.00,1647.00,97.00,130.00,0.8926,-1,-1,-1
1208,1,2009.00,1400.00,84.00,67.00,0.7366,-1,-1,-1
1208,2,2381.00,1654.00,95.00,125.00,0.9207,-1,-1,-1
1209,1,2013.00,1407.00,96.00,70.00,0.7602,-1,-1,-1
1209,2,2384.00,1658.00,97.00,123.00,0.9203,-1,-1,-1
1210,1,2019.00,1413.00,89.00,67.00,0.7291,-1,-1,-1
1210,2,2391.00,1656.00,98.00,131.00,0.8969,-1,-1,-1
1211,1,2027.00,1418.00,82.00,65.00,0.7536,-1,-1,-1
1211,2,2400.00,1662.00,99.00,128.00,0.8185,-1,-1,-1
1212,1,2036.00,1427.00,80.00,65.00,0.7396,-1,-1,-1
1212,2,2406.00,1669.00,99.00,126.00,0.8947,-1,-1,-1
1213,1,2032.00,1426.00,87.00,65.00,0.7581,-1,-1,-1
1213,2,2411.00,1670.00,101.00,132.00,0.9186,-1,-1,-1
1214,1,2040.00,1431.00,91.00,69.00,0.7325,-1,-1,-1
1214,2,2424.00,1678.00,98.00,127.00,0.8981,-1,-1,-1
1215,1,2046.00,1435.00,92.00,71.00,0.8599,-1,-1,-1
1215,2,2431.00,1685.00,98.00,123.00,0.9086,-1,-1,-1
1216,1,2048.00,1435.00,93.00,74.00,0.8376,-1,-1,-1
1216,2,2435.00,1683.00,100.00,130.00,0.8886,-1,-1,-1
1217,1,2056.00,1443.00,95.00,76.00,0.6782,-1,-1,-1
1217,2,2445.00,1692.00,100.00,126.00,0.8670,-1,-1,-1
1218,1,2060.00,1445.00,97.00,77.00,0.7939,-1,-1,-1
1218,2,2451.00,1696.00,99.00,125.00,0.8774,-1,-1,-1
1219,1,2064.00,1450.00,99.00,78.00,0.8154,-1,-1,-1
1219,2,2459.00,1696.00,99.00,130.00,0.9079,-1,-1,-1
1220,1,2071.00,1453.00,99.00,80.00,0.8415,-1,-1,-1
1220,2,2469.00,1703.00,100.00,129.00,0.8954,-1,-1,-1
1221,1,2077.00,1458.00,97.00,78.00,0.8282,-1,-1,-1
1221,2,2477.00,1709.00,99.00,122.00,0.9004,-1,-1,-1
1222,1,2083.00,1460.00,98.00,79.00,0.8564,-1,-1,-1
1222,2,2485.00,1712.00,100.00,124.00,0.8940,-1,-1,-1
1223,1,2089.00,1466.00,97.00,79.00,0.8523,-1,-1,-1
1223,2,2491.00,1712.00,102.00,127.00,0.8362,-1,-1,-1
1224,1,2093.00,1467.00,104.00,81.00,0.8812,-1,-1,-1
1224,2,2498.00,1715.00,103.00,128.00,0.8827,-1,-1,-1
1225,1,2101.00,1477.00,94.00,73.00,0.8842,-1,-1,-1
1225,2,2506.00,1723.00,102.00,124.00,0.9121,-1,-1,-1
1226,1,2108.00,1477.00,100.00,76.00,0.9035,-1,-1,-1
1226,2,2516.00,1723.00,103.00,130.00,0.9002,-1,-1,-1
1227,1,2115.00,1482.00,101.00,79.00,0.8952,-1,-1,-1
1227,2,2525.00,1730.00,101.00,123.00,0.8920,-1,-1,-1
1228,1,2123.00,1486.00,98.00,75.00,0.8230,-1,-1,-1
1228,2,2532.00,1732.00,102.00,125.00,0.8859,-1,-1,-1
1229,1,2128.00,1490.00,103.00,80.00,0.8702,-1,-1,-1
1229,2,2538.00,1732.00,104.00,129.00,0.8586,-1,-1,-1
1230,1,2134.00,1494.00,104.00,81.00,0.8981,-1,-1,-1
1230,2,2547.00,1738.00,105.00,126.00,0.8621,-1,-1,-1
1231,1,2142.00,1500.00,100.00,78.00,0.8972,-1,-1,-1
1231,2,2556.00,1741.00,105.00,128.00,0.8930,-1,-1,-1
1232,1,2144.00,1503.00,108.00,80.00,0.9287,-1,-1,-1
1232,2,2565.00,1741.00,105.00,134.00,0.8847,-1,-1,-1
1233,1,2151.00,1504.00,104.00,83.00,0.9167,-1,-1,-1
1233,2,2571.00,1746.00,106.00,130.00,0.8979,-1,-1,-1
1234,1,2161.00,1512.00,100.00,77.00,0.8669,-1,-1,-1
1234,2,2580.00,1746.00,104.00,134.00,0.9111,-1,-1,-1
1235,1,2166.00,1516.00,103.00,78.00,0.8872,-1,-1,-1
1235,2,2591.00,1752.00,104.00,130.00,0.8946,-1,-1,-1
1236,1,2171.00,1519.00,106.00,79.00,0.8796,-1,-1,-1
1236,2,2596.00,1754.00,110.00,133.00,0.8916,-1,-1,-1
1237,1,2178.00,1520.00,106.00,81.00,0.8582,-1,-1,-1
1237,2,2606.00,1753.00,105.00,134.00,0.8881,-1,-1,-1
1238,1,2186.00,1524.00,107.00,84.00,0.8942,-1,-1,-1
1238,2,2613.00,1757.00,106.00,136.00,0.8233,-1,-1,-1
1239,1,2194.00,1530.00,103.00,80.00,0.8519,-1,-1,-1
1239,2,2620.00,1762.00,110.00,135.00,0.9166,-1,-1,-1
1240,1,2203.00,1537.00,103.00,78.00,0.8622,-1,-1,-1
1240,2,2631.00,1763.00,107.00,136.00,0.8914,-1,-1,-1
1241,1,2210.00,1539.00,105.00,80.00,0.8507,-1,-1,-1
1241,2,2640.00,1766.00,106.00,137.00,0.8912,-1,-1,-1
1242,1,2219.00,1545.00,99.00,72.00,0.8474,-1,-1,-1
1242,2,2647.00,1771.00,108.00,136.00,0.9049,-1,-1,-1
1243,1,2222.00,1545.00,106.00,81.00,0.8795,-1,-1,-1
1243,2,2656.00,1770.00,108.00,141.00,0.8942,-1,-1,-1
1244,1,2235.00,1549.00,103.00,81.00,0.8175,-1,-1,-1
1244,2,2665.00,1781.00,108.00,136.00,0.8627,-1,-1,-1
1245,1,2242.00,1554.00,105.00,82.00,0.8282,-1,-1,-1
1245,2,2675.00,1782.00,109.00,140.00,0.8986,-1,-1,-1
1246,1,2248.00,1561.00,107.00,79.00,0.9023,-1,-1,-1
1246,2,2683.00,1787.00,109.00,138.00,0.8893,-1,-1,-1
1247,1,2255.00,1567.00,109.00,74.00,0.8987,-1,-1,-1
1247,2,2691.00,1792.00,112.00,139.00,0.8974,-1,-1,-1
1248,1,2268.00,1572.00,103.00,76.00,0.8449,-1,-1,-1
1248,2,2701.00,1793.00,111.00,143.00,0.8958,-1,-1,-1
1249,1,2272.00,1570.00,109.00,84.00,0.8678,-1,-1,-1
1249,2,2709.00,1803.00,113.00,139.00,0.8538,-1,-1,-1
1250,1,2285.00,1580.00,104.00,79.00,0.8000,-1,-1,-1
1250,2,2719.00,1805.00,112.00,145.00,0.9175,-1,-1,-1
1251,1,2292.00,1585.00,107.00,79.00,0.8536,-1,-1,-1
1251,2,2727.00,1807.00,115.00,146.00,0.8952,-1,-1,-1
1252,1,2297.00,1589.00,110.00,81.00,0.8269,-1,-1,-1
1252,2,2737.00,1817.00,115.00,145.00,0.8918,-1,-1,-1
1253,1,2307.00,1595.00,105.00,75.00,0.8504,-1,-1,-1
1253,2,2748.00,1821.00,113.00,145.00,0.8720,-1,-1,-1
1254,1,2315.00,1597.00,110.00,81.00,0.9217,-1,-1,-1
1254,2,2756.00,1829.00,114.00,143.00,0.8643,-1,-1,-1
1255,1,2320.00,1602.00,112.00,81.00,0.8821,-1,-1,-1
1255,2,2766.00,1836.00,114.00,144.00,0.8830,-1,-1,-1
1256,1,2332.00,1611.00,109.00,77.00,0.8615,-1,-1,-1
1256,2,2776.00,1837.00,113.00,145.00,0.8783,-1,-1,-1
1257,1,2339.00,1610.00,110.00,82.00,0.9335,-1,-1,-1
1257,2,2783.00,1845.00,116.00,143.00,0.8653,-1,-1,-1
1258,1,2347.00,1614.00,108.00,82.00,0.8616,-1,-1,-1
1258,2,2793.00,1849.00,116.00,146.00,0.8563,-1,-1,-1
1259,1,2357.00,1624.00,102.00,71.00,0.8723,-1,-1,-1
1259,2,2803.00,1854.00,114.00,147.00,0.8940,-1,-1,-1
1260,1,2364.00,1622.00,110.00,79.00,0.9232,-1,-1,-1
1260,2,2809.00,1860.00,116.00,148.00,0.8912,-1,-1,-1
1261,1,2370.00,1628.00,110.00,77.00,0.8907,-1,-1,-1
1261,2,2820.00,1863.00,116.00,149.00,0.8673,-1,-1,-1
1262,1,2378.00,1633.00,112.00,75.00,0.8303,-1,-1,-1
1262,2,2830.00,1876.00,113.00,141.00,0.8336,-1,-1,-1
1263,1,2387.00,1635.00,113.00,79.00,0.9204,-1,-1,-1
1263,2,2836.00,1878.00,115.00,143.00,0.8943,-1,-1,-1
1264,1,2394.00,1639.00,109.00,77.00,0.8853,-1,-1,-1
1264,2,2847.00,1881.00,113.00,144.00,0.8793,-1,-1,-1
1265,1,2402.00,1642.00,105.00,75.00,0.8643,-1,-1,-1
1265,2,2855.00,1886.00,113.00,144.00,0.8924,-1,-1,-1
1266,1,2409.00,1645.00,110.00,79.00,0.9085,-1,-1,-1
1266,2,2861.00,1891.00,116.00,144.00,0.9054,-1,-1,-1
1267,1,2417.00,1648.00,108.00,79.00,0.8708,-1,-1,-1
1267,2,2868.00,1889.00,117.00,148.00,0.8689,-1,-1,-1
1268,1,2425.00,1653.00,108.00,78.00,0.8273,-1,-1,-1
1268,2,2879.00,1897.00,111.00,144.00,0.8677,-1,-1,-1
1269,1,2429.00,1657.00,114.00,80.00,0.8853,-1,-1,-1
1269,2,2884.00,1899.00,114.00,150.00,0.9172,-1,-1,-1
1270,1,2438.00,1656.00,111.00,84.00,0.9067,-1,-1,-1
1270,2,2892.00,1902.00,116.00,150.00,0.9004,-1,-1,-1
1271,1,2444.00,1660.00,111.00,83.00,0.9220,-1,-1,-1
1271,2,2903.00,1910.00,113.00,146.00,0.9080,-1,-1,-1
1271,19,2086.00,957.00,61.00,60.00,0.5559,-1,-1,-1
1272,1,2451.00,1665.00,111.00,80.00,0.8849,-1,-1,-1
1272,2,2908.00,1914.00,113.00,149.00,0.8967,-1,-1,-1
1273,1,2455.00,1668.00,115.00,81.00,0.9104,-1,-1,-1
1273,2,2912.00,1914.00,118.00,154.00,0.8642,-1,-1,-1
1273,19,2099.00,953.00,56.00,62.00,0.6856,-1,-1,-1
1274,1,2461.00,1669.00,112.00,80.00,0.9224,-1,-1,-1
1274,2,2920.00,1916.00,116.00,157.00,0.8626,-1,-1,-1
1275,1,2467.00,1674.00,113.00,80.00,0.8976,-1,-1,-1
1275,2,2927.00,1923.00,114.00,153.00,0.8987,-1,-1,-1
1276,1,2473.00,1674.00,117.00,86.00,0.8570,-1,-1,-1
1276,2,2933.00,1923.00,115.00,158.00,0.9096,-1,-1,-1
1276,19,2109.00,960.00,52.00,56.00,0.5010,-1,-1,-1
1277,1,2480.00,1677.00,113.00,83.00,0.9288,-1,-1,-1
1277,2,2940.00,1928.00,113.00,155.00,0.8920,-1,-1,-1
1278,1,2486.00,1681.00,111.00,80.00,0.9376,-1,-1,-1
1278,2,2945.00,1934.00,114.00,149.00,0.8896,-1,-1,-1
1279,1,2491.00,1684.00,111.00,80.00,0.9219,-1,-1,-1
1279,2,2952.00,1935.00,113.00,155.00,0.8786,-1,-1,-1
1280,1,2498.00,1688.00,111.00,76.00,0.8839,-1,-1,-1
1280,2,2959.00,1945.00,111.00,153.00,0.9175,-1,-1,-1
1281,1,2501.00,1691.00,112.00,75.00,0.8769,-1,-1,-1
1281,2,2964.00,1942.00,111.00,156.00,0.8834,-1,-1,-1
1282,1,2505.00,1691.00,114.00,78.00,0.9096,-1,-1,-1
1282,2,2968.00,1943.00,113.00,157.00,0.8789,-1,-1,-1
1283,1,2507.00,1693.00,118.00,79.00,0.9058,-1,-1,-1
1283,2,2972.00,1949.00,114.00,154.00,0.9076,-1,-1,-1
1284,1,2511.00,1694.00,118.00,81.00,0.8691,-1,-1,-1
1284,2,2975.00,1947.00,116.00,163.00,0.9181,-1,-1,-1
1285,1,2518.00,1693.00,114.00,82.00,0.9118,-1,-1,-1
1285,2,2981.00,1948.00,115.00,165.00,0.9257,-1,-1,-1
1286,1,2524.00,1698.00,110.00,74.00,0.9021,-1,-1,-1
1286,2,2985.00,1951.00,116.00,161.00,0.9134,-1,-1,-1
1287,1,2525.00,1697.00,116.00,79.00,0.9170,-1,-1,-1
1287,2,2987.00,1951.00,118.00,163.00,0.8858,-1,-1,-1
1288,1,2529.00,1698.00,116.00,79.00,0.8972,-1,-1,-1
1288,2,2993.00,1955.00,118.00,158.00,0.8918,-1,-1,-1
1289,1,2534.00,1698.00,116.00,81.00,0.9065,-1,-1,-1
1289,2,2997.00,1957.00,118.00,158.00,0.8769,-1,-1,-1
1290,1,2537.00,1699.00,117.00,81.00,0.9082,-1,-1,-1
1290,2,3000.00,1959.00,117.00,160.00,0.8743,-1,-1,-1
1290,21,1053.00,682.00,45.00,49.00,0.6879,-1,-1,-1
1291,1,2542.00,1699.00,115.00,83.00,0.8572,-1,-1,-1
1291,2,3007.00,1969.00,114.00,152.00,0.8974,-1,-1,-1
1292,1,2546.00,1700.00,115.00,84.00,0.8697,-1,-1,-1
1292,2,3009.00,1965.00,115.00,157.00,0.8977,-1,-1,-1
1293,1,2547.00,1700.00,113.00,83.00,0.8558,-1,-1,-1
1293,2,3012.00,1966.00,115.00,157.00,0.8778,-1,-1,-1
1294,1,2548.00,1699.00,117.00,85.00,0.8695,-1,-1,-1
1294,2,3012.00,1963.00,117.00,160.00,0.8799,-1,-1,-1
1295,1,2549.00,1695.00,115.00,88.00,0.8909,-1,-1,-1
1295,2,3016.00,1965.00,116.00,160.00,0.8781,-1,-1,-1
1296,1,2552.00,1697.00,116.00,87.00,0.8817,-1,-1,-1
1296,2,3017.00,1967.00,117.00,160.00,0.8885,-1,-1,-1
1297,1,2554.00,1697.00,115.00,87.00,0.9013,-1,-1,-1
1297,2,3019.00,1966.00,117.00,162.00,0.8953,-1,-1,-1
1298,1,2557.00,1699.00,114.00,84.00,0.9001,-1,-1,-1
1298,2,3020.00,1966.00,116.00,162.00,0.9033,-1,-1,-1
1299,1,2559.00,1698.00,113.00,84.00,0.9077,-1,-1,-1
1299,2,3022.00,1967.00,115.00,161.00,0.9114,-1,-1,-1
1300,1,2561.00,1699.00,112.00,83.00,0.9027,-1,-1,-1
1300,2,3022.00,1967.00,115.00,160.00,0.9143,-1,-1,-1
1301,1,2562.00,1698.00,113.00,81.00,0.9039,-1,-1,-1
1301,2,3023.00,1966.00,114.00,163.00,0.9162,-1,-1,-1
1302,1,2566.00,1700.00,109.00,79.00,0.8917,-1,-1,-1
1302,2,3023.00,1967.00,113.00,161.00,0.9163,-1,-1,-1
1303,1,2566.00,1699.00,112.00,81.00,0.8780,-1,-1,-1
1303,2,3024.00,1967.00,114.00,163.00,0.9137,-1,-1,-1
1304,1,2567.00,1698.00,114.00,81.00,0.8300,-1,-1,-1
1304,2,3024.00,1965.00,114.00,165.00,0.9123,-1,-1,-1
1305,1,2568.00,1699.00,111.00,78.00,0.8197,-1,-1,-1
1305,2,3025.00,1964.00,113.00,167.00,0.9142,-1,-1,-1
1306,1,2568.00,1693.00,112.00,83.00,0.8415,-1,-1,-1
1306,2,3027.00,1967.00,111.00,163.00,0.9183,-1,-1,-1
1307,1,2572.00,1695.00,105.00,78.00,0.8777,-1,-1,-1
1307,2,3027.00,1967.00,111.00,163.00,0.9200,-1,-1,-1
1308,1,2573.00,1693.00,106.00,79.00,0.8996,-1,-1,-1
1308,2,3029.00,1970.00,109.00,161.00,0.9201,-1,-1,-1
1309,1,2571.00,1693.00,112.00,79.00,0.9130,-1,-1,-1
1309,2,3028.00,1969.00,111.00,164.00,0.9173,-1,-1,-1
1310,1,2572.00,1693.00,111.00,76.00,0.8940,-1,-1,-1
1310,2,3029.00,1971.00,110.00,162.00,0.9200,-1,-1,-1
1311,1,2571.00,1693.00,116.00,76.00,0.8901,-1,-1,-1
1311,2,3029.00,1972.00,110.00,162.00,0.9226,-1,-1,-1
1312,1,2570.00,1694.00,115.00,73.00,0.8743,-1,-1,-1
1312,2,3029.00,1972.00,110.00,159.00,0.9156,-1,-1,-1
1313,1,2568.00,1687.00,116.00,78.00,0.8893,-1,-1,-1
1313,2,3034.00,1968.00,104.00,153.00,0.9227,-1,-1,-1
1314,1,2566.00,1680.00,116.00,80.00,0.8819,-1,-1,-1
1314,2,3031.00,1957.00,108.00,156.00,0.9033,-1,-1,-1
1315,1,2562.00,1670.00,116.00,83.00,0.8954,-1,-1,-1
1315,2,3028.00,1944.00,109.00,154.00,0.8979,-1,-1,-1
1316,1,2558.00,1664.00,116.00,79.00,0.8230,-1,-1,-1
1316,2,3026.00,1930.00,111.00,156.00,0.8843,-1,-1,-1
1317,1,2559.00,1655.00,111.00,80.00,0.8929,-1,-1,-1
1317,2,3027.00,1921.00,110.00,152.00,0.9073,-1,-1,-1
1318,1,2552.00,1649.00,112.00,74.00,0.9340,-1,-1,-1
1318,2,3026.00,1906.00,110.00,154.00,0.8890,-1,-1,-1
1319,1,2548.00,1641.00,118.00,75.00,0.8932,-1,-1,-1
1319,2,3022.00,1889.00,114.00,151.00,0.8684,-1,-1,-1
1320,1,2544.00,1630.00,117.00,74.00,0.8245,-1,-1,-1
1320,2,3021.00,1877.00,110.00,148.00,0.8728,-1,-1,-1
1321,1,2541.00,1619.00,118.00,76.00,0.8554,-1,-1,-1
1321,2,3020.00,1856.00,112.00,153.00,0.8915,-1,-1,-1
1322,1,2538.00,1610.00,117.00,75.00,0.9146,-1,-1,-1
1322,2,3016.00,1840.00,113.00,154.00,0.7817,-1,-1,-1
1323,1,2529.00,1601.00,120.00,71.00,0.9170,-1,-1,-1
1323,2,3016.00,1830.00,109.00,151.00,0.8749,-1,-1,-1
1324,1,2525.00,1593.00,123.00,69.00,0.8869,-1,-1,-1
1324,2,3010.00,1814.00,113.00,153.00,0.8918,-1,-1,-1
1325,1,2526.00,1585.00,120.00,71.00,0.8585,-1,-1,-1
1325,2,3009.00,1805.00,109.00,149.00,0.9178,-1,-1,-1
1326,1,2526.00,1580.00,114.00,68.00,0.8936,-1,-1,-1
1326,2,3006.00,1796.00,111.00,147.00,0.8718,-1,-1,-1
1327,1,2522.00,1577.00,115.00,65.00,0.8539,-1,-1,-1
1327,2,3005.00,1788.00,112.00,150.00,0.8835,-1,-1,-1
1328,1,2521.00,1571.00,116.00,66.00,0.8715,-1,-1,-1
1328,2,3004.00,1783.00,110.00,145.00,0.8978,-1,-1,-1
1329,1,2520.00,1568.00,118.00,67.00,0.8846,-1,-1,-1
1329,2,3004.00,1778.00,108.00,142.00,0.8520,-1,-1,-1
1330,1,2518.00,1564.00,118.00,66.00,0.8810,-1,-1,-1
1330,2,2999.00,1764.00,116.00,151.00,0.8802,-1,-1,-1
1331,1,2515.00,1562.00,121.00,60.00,0.8700,-1,-1,-1
1331,2,3000.00,1763.00,112.00,145.00,0.8862,-1,-1,-1
1332,1,2516.00,1556.00,118.00,64.00,0.9224,-1,-1,-1
1332,2,2998.00,1758.00,110.00,138.00,0.8379,-1,-1,-1
1333,1,2513.00,1550.00,121.00,66.00,0.9013,-1,-1,-1
1333,2,2997.00,1749.00,111.00,141.00,0.8469,-1,-1,-1
1334,1,2512.00,1545.00,120.00,68.00,0.9174,-1,-1,-1
1334,2,2999.00,1743.00,109.00,143.00,0.8749,-1,-1,-1
1335,1,2513.00,1541.00,118.00,68.00,0.8476,-1,-1,-1
1335,2,2994.00,1733.00,111.00,146.00,0.8713,-1,-1,-1
1336,1,2511.00,1539.00,112.00,59.00,0.8622,-1,-1,-1
1336,2,2987.00,1720.00,116.00,154.00,0.7921,-1,-1,-1
1337,1,2505.00,1534.00,120.00,63.00,0.9000,-1,-1,-1
1337,2,2990.00,1714.00,110.00,149.00,0.8930,-1,-1,-1
1338,1,2505.00,1530.00,117.00,61.00,0.8707,-1,-1,-1
1338,2,2986.00,1706.00,113.00,149.00,0.8941,-1,-1,-1
1339,1,2502.00,1524.00,117.00,63.00,0.9270,-1,-1,-1
1339,2,2985.00,1698.00,115.00,151.00,0.8919,-1,-1,-1
1340,1,2502.00,1521.00,115.00,61.00,0.8755,-1,-1,-1
1340,2,2984.00,1695.00,112.00,147.00,0.8979,-1,-1,-1
1341,1,2501.00,1516.00,114.00,58.00,0.8930,-1,-1,-1
1341,2,2981.00,1688.00,111.00,144.00,0.9051,-1,-1,-1
1342,1,2499.00,1509.00,115.00,65.00,0.9126,-1,-1,-1
1342,2,2979.00,1683.00,111.00,142.00,0.8929,-1,-1,-1
1343,1,2495.00,1506.00,114.00,61.00,0.8766,-1,-1,-1
1343,2,2975.00,1669.00,115.00,150.00,0.9134,-1,-1,-1
1344,1,2493.00,1500.00,115.00,64.00,0.8913,-1,-1,-1
1344,2,2975.00,1667.00,111.00,141.00,0.8987,-1,-1,-1
1345,1,2490.00,1495.00,115.00,59.00,0.8626,-1,-1,-1
1345,2,2966.00,1653.00,120.00,143.00,0.8352,-1,-1,-1
1346,1,2486.00,1489.00,118.00,61.00,0.8827,-1,-1,-1
1346,2,2965.00,1639.00,120.00,149.00,0.8932,-1,-1,-1
1347,1,2480.00,1479.00,121.00,61.00,0.8514,-1,-1,-1
1347,2,2960.00,1626.00,118.00,148.00,0.8202,-1,-1,-1
1348,1,2477.00,1472.00,117.00,59.00,0.8327,-1,-1,-1
1348,2,2959.00,1617.00,114.00,144.00,0.8791,-1,-1,-1
1349,1,2469.00,1464.00,118.00,57.00,0.8775,-1,-1,-1
1349,2,2951.00,1603.00,119.00,142.00,0.8655,-1,-1,-1
1350,1,2462.00,1453.00,120.00,57.00,0.8204,-1,-1,-1
1350,2,2947.00,1590.00,120.00,144.00,0.8559,-1,-1,-1
1351,1,2459.00,1446.00,116.00,55.00,0.8428,-1,-1,-1
1351,2,2944.00,1580.00,120.00,139.00,0.8397,-1,-1,-1
1352,1,2454.00,1438.00,115.00,55.00,0.8977,-1,-1,-1
1352,2,2935.00,1562.00,120.00,138.00,0.7956,-1,-1,-1
1353,1,2448.00,1428.00,114.00,54.00,0.8410,-1,-1,-1
1353,2,2931.00,1550.00,120.00,141.00,0.8443,-1,-1,-1
1354,1,2438.00,1418.00,125.00,61.00,0.9136,-1,-1,-1
1354,2,2923.00,1536.00,125.00,141.00,0.8329,-1,-1,-1
1355,1,2438.00,1415.00,109.00,52.00,0.8138,-1,-1,-1
1355,2,2925.00,1529.00,117.00,135.00,0.8324,-1,-1,-1
1356,1,2431.00,1403.00,114.00,55.00,0.8921,-1,-1,-1
1356,2,2913.00,1507.00,125.00,141.00,0.8159,-1,-1,-1
1357,1,2421.00,1395.00,119.00,57.00,0.8921,-1,-1,-1
1357,2,2909.00,1504.00,121.00,133.00,0.8408,-1,-1,-1
1358,1,2417.00,1389.00,114.00,53.00,0.8055,-1,-1,-1
1358,2,2908.00,1495.00,118.00,126.00,0.8494,-1,-1,-1
1359,1,2410.00,1381.00,113.00,52.00,0.8836,-1,-1,-1
1359,2,2896.00,1476.00,124.00,134.00,0.8339,-1,-1,-1
1360,1,2400.00,1370.00,122.00,58.00,0.9101,-1,-1,-1
1360,2,2889.00,1465.00,125.00,131.00,0.7951,-1,-1,-1
1361,1,2394.00,1364.00,118.00,54.00,0.8927,-1,-1,-1
1361,2,2884.00,1455.00,124.00,129.00,0.8231,-1,-1,-1
1362,1,2388.00,1357.00,114.00,53.00,0.8527,-1,-1,-1
1362,2,2880.00,1440.00,122.00,132.00,0.7572,-1,-1,-1
1363,1,2380.00,1348.00,120.00,57.00,0.9187,-1,-1,-1
1363,2,2874.00,1429.00,121.00,130.00,0.7900,-1,-1,-1
1364,1,2373.00,1343.00,118.00,55.00,0.8718,-1,-1,-1
1364,2,2867.00,1418.00,122.00,127.00,0.8048,-1,-1,-1
1365,1,2369.00,1335.00,113.00,54.00,0.8685,-1,-1,-1
1365,2,2861.00,1412.00,121.00,122.00,0.8284,-1,-1,-1
1366,1,2364.00,1331.00,111.00,51.00,0.8833,-1,-1,-1
1366,2,2858.00,1397.00,118.00,123.00,0.8417,-1,-1,-1
1367,1,2354.00,1321.00,119.00,57.00,0.9248,-1,-1,-1
1367,2,2853.00,1389.00,118.00,124.00,0.7721,-1,-1,-1
1368,1,2351.00,1318.00,112.00,53.00,0.8724,-1,-1,-1
1368,2,2847.00,1376.00,117.00,123.00,0.7763,-1,-1,-1
1369,1,2347.00,1310.00,111.00,56.00,0.8799,-1,-1,-1
1369,2,2841.00,1371.00,116.00,119.00,0.8054,-1,-1,-1
1370,1,2340.00,1308.00,110.00,50.00,0.8941,-1,-1,-1
1370,2,2835.00,1360.00,119.00,119.00,0.8270,-1,-1,-1
1371,1,2333.00,1298.00,116.00,58.00,0.9235,-1,-1,-1
1371,2,2826.00,1347.00,121.00,124.00,0.8577,-1,-1,-1
1372,1,2330.00,1296.00,109.00,52.00,0.8837,-1,-1,-1
1372,2,2815.00,1340.00,127.00,120.00,0.8026,-1,-1,-1
1373,1,2323.00,1287.00,110.00,56.00,0.8524,-1,-1,-1
1373,2,2815.00,1333.00,119.00,115.00,0.8439,-1,-1,-1
1374,1,2317.00,1284.00,109.00,52.00,0.8919,-1,-1,-1
1374,2,2804.00,1323.00,124.00,118.00,0.8104,-1,-1,-1
1375,1,2312.00,1278.00,113.00,54.00,0.8951,-1,-1,-1
1375,2,2801.00,1315.00,125.00,114.00,0.7962,-1,-1,-1
1376,1,2301.00,1272.00,112.00,54.00,0.8710,-1,-1,-1
1376,2,2793.00,1307.00,124.00,115.00,0.8277,-1,-1,-1
1377,1,2296.00,1265.00,114.00,56.00,0.7851,-1,-1,-1
1377,2,2785.00,1298.00,126.00,114.00,0.8376,-1,-1,-1
1378,1,2291.00,1262.00,114.00,52.00,0.8701,-1,-1,-1
1378,2,2783.00,1290.00,124.00,114.00,0.8572,-1,-1,-1
1379,1,2291.00,1259.00,106.00,50.00,0.8517,-1,-1,-1
1379,2,2772.00,1274.00,128.00,122.00,0.8702,-1,-1,-1
1380,1,2280.00,1254.00,113.00,52.00,0.8150,-1,-1,-1
1380,2,2764.00,1269.00,129.00,118.00,0.8328,-1,-1,-1
1381,1,2278.00,1252.00,107.00,47.00,0.8575,-1,-1,-1
1381,2,2763.00,1264.00,124.00,114.00,0.8461,-1,-1,-1
1382,1,2274.00,1244.00,110.00,52.00,0.7611,-1,-1,-1
1382,2,2753.00,1252.00,128.00,118.00,0.8377,-1,-1,-1
1383,1,2268.00,1239.00,111.00,52.00,0.8579,-1,-1,-1
1383,2,2744.00,1245.00,133.00,118.00,0.7864,-1,-1,-1
1384,1,2262.00,1234.00,108.00,51.00,0.8746,-1,-1,-1
1384,2,2741.00,1238.00,130.00,114.00,0.7797,-1,-1,-1
1385,1,2252.00,1229.00,117.00,56.00,0.8537,-1,-1,-1
1385,2,2735.00,1229.00,129.00,117.00,0.8317,-1,-1,-1
1386,1,2253.00,1227.00,99.00,51.00,0.8513,-1,-1,-1
1386,2,2723.00,1220.00,135.00,117.00,0.8368,-1,-1,-1
1387,1,2243.00,1217.00,112.00,57.00,0.8930,-1,-1,-1
1387,2,2723.00,1216.00,132.00,112.00,0.8313,-1,-1,-1
1388,1,2235.00,1212.00,115.00,57.00,0.8780,-1,-1,-1
1388,2,2716.00,1209.00,130.00,111.00,0.8469,-1,-1,-1
1389,1,2232.00,1213.00,103.00,49.00,0.8508,-1,-1,-1
1389,2,2704.00,1198.00,136.00,114.00,0.8302,-1,-1,-1
1390,1,2224.00,1207.00,106.00,54.00,0.8679,-1,-1,-1
1390,2,2697.00,1186.00,139.00,120.00,0.8090,-1,-1,-1
1391,1,2217.00,1201.00,110.00,57.00,0.9221,-1,-1,-1
1391,2,2695.00,1186.00,135.00,108.00,0.7687,-1,-1,-1
1392,1,2214.00,1197.00,104.00,55.00,0.8547,-1,-1,-1
1392,2,2687.00,1178.00,136.00,109.00,0.8009,-1,-1,-1
1393,1,2204.00,1191.00,110.00,58.00,0.8898,-1,-1,-1
1393,2,2685.00,1173.00,132.00,106.00,0.7683,-1,-1,-1
1394,1,2196.00,1187.00,113.00,56.00,0.8908,-1,-1,-1
1394,2,2677.00,1162.00,132.00,106.00,0.7629,-1,-1,-1
1395,1,2190.00,1183.00,114.00,57.00,0.9188,-1,-1,-1
1395,2,2670.00,1153.00,136.00,106.00,0.8011,-1,-1,-1
1396,1,2185.00,1178.00,110.00,60.00,0.8751,-1,-1,-1
1396,2,2663.00,1147.00,134.00,106.00,0.7805,-1,-1,-1
1397,1,2175.00,1174.00,112.00,60.00,0.8506,-1,-1,-1
1397,2,2656.00,1140.00,131.00,104.00,0.6496,-1,-1,-1
1398,1,2170.00,1169.00,113.00,60.00,0.8924,-1,-1,-1
1398,2,2658.00,1140.00,123.00,96.00,0.6951,-1,-1,-1
1399,1,2167.00,1168.00,105.00,58.00,0.8839,-1,-1,-1
1399,2,2646.00,1134.00,128.00,95.00,0.7879,-1,-1,-1
1400,1,2158.00,1166.00,107.00,56.00,0.9007,-1,-1,-1
1400,2,2650.00,1133.00,112.00,88.00,0.6419,-1,-1,-1
1401,1,2149.00,1162.00,109.00,55.00,0.8879,-1,-1,-1
1401,2,2631.00,1116.00,125.00,98.00,0.7152,-1,-1,-1
1402,1,2144.00,1157.00,110.00,57.00,0.9241,-1,-1,-1
1402,2,2622.00,1107.00,128.00,101.00,0.7973,-1,-1,-1
1403,1,2144.00,1155.00,99.00,55.00,0.8851,-1,-1,-1
1403,2,2626.00,1110.00,119.00,94.00,0.7391,-1,-1,-1
1404,1,2139.00,1152.00,105.00,58.00,0.8655,-1,-1,-1
1404,2,2620.00,1108.00,119.00,93.00,0.7291,-1,-1,-1
1405,1,2135.00,1150.00,106.00,56.00,0.8295,-1,-1,-1
1405,2,2618.00,1105.00,119.00,91.00,0.7116,-1,-1,-1
1406,1,2137.00,1150.00,99.00,54.00,0.7849,-1,-1,-1
1406,2,2607.00,1100.00,127.00,93.00,0.7380,-1,-1,-1
1407,1,2129.00,1143.00,108.00,60.00,0.8512,-1,-1,-1
1407,2,2603.00,1096.00,128.00,94.00,0.7917,-1,-1,-1
1408,1,2123.00,1139.00,111.00,62.00,0.9339,-1,-1,-1
1408,2,2600.00,1095.00,125.00,88.00,0.7313,-1,-1,-1
1409,1,2116.00,1140.00,103.00,55.00,0.8958,-1,-1,-1
1409,2,2590.00,1083.00,124.00,92.00,0.7722,-1,-1,-1
1410,1,2105.00,1133.00,106.00,58.00,0.8735,-1,-1,-1
1410,2,2577.00,1076.00,127.00,88.00,0.7620,-1,-1,-1
1411,1,2094.00,1126.00,104.00,58.00,0.8789,-1,-1,-1
1411,2,2561.00,1060.00,128.00,92.00,0.7995,-1,-1,-1
1412,1,2075.00,1117.00,110.00,66.00,0.9138,-1,-1,-1
1412,2,2542.00,1045.00,129.00,90.00,0.8175,-1,-1,-1
1413,1,2062.00,1115.00,102.00,61.00,0.8740,-1,-1,-1
1413,2,2523.00,1034.00,132.00,88.00,0.7291,-1,-1,-1
1414,1,2046.00,1111.00,101.00,59.00,0.8504,-1,-1,-1
1414,2,2509.00,1026.00,129.00,83.00,0.7852,-1,-1,-1
1415,1,2025.00,1101.00,106.00,65.00,0.9234,-1,-1,-1
1415,2,2484.00,1004.00,133.00,90.00,0.8041,-1,-1,-1
1416,1,2007.00,1096.00,107.00,69.00,0.8823,-1,-1,-1
1416,2,2467.00,996.00,130.00,86.00,0.8077,-1,-1,-1
1417,1,1993.00,1091.00,101.00,67.00,0.8583,-1,-1,-1
1417,2,2447.00,982.00,132.00,84.00,0.7521,-1,-1,-1
1418,1,1978.00,1089.00,99.00,62.00,0.8643,-1,-1,-1
1418,2,2439.00,974.00,120.00,79.00,0.6761,-1,-1,-1
1419,1,1964.00,1084.00,98.00,65.00,0.8902,-1,-1,-1
1419,2,2410.00,954.00,132.00,87.00,0.8129,-1,-1,-1
1420,1,1951.00,1082.00,98.00,62.00,0.8452,-1,-1,-1
1420,2,2395.00,948.00,132.00,86.00,0.7924,-1,-1,-1
1421,1,1944.00,1077.00,101.00,67.00,0.8950,-1,-1,-1
1421,2,2391.00,944.00,128.00,82.00,0.7418,-1,-1,-1
1422,1,1936.00,1076.00,101.00,68.00,0.9206,-1,-1,-1
1422,2,2385.00,940.00,129.00,83.00,0.7503,-1,-1,-1
1423,1,1932.00,1078.00,96.00,62.00,0.9195,-1,-1,-1
1423,2,2383.00,943.00,126.00,76.00,0.6577,-1,-1,-1
1424,1,1928.00,1076.00,97.00,62.00,0.8784,-1,-1,-1
1424,2,2378.00,942.00,123.00,75.00,0.7316,-1,-1,-1
1425,1,1917.00,1074.00,100.00,65.00,0.8536,-1,-1,-1
1425,2,2372.00,935.00,125.00,81.00,0.7588,-1,-1,-1
1426,1,1917.00,1072.00,101.00,69.00,0.7909,-1,-1,-1
1426,2,2374.00,935.00,118.00,78.00,0.7238,-1,-1,-1
1427,1,1912.00,1070.00,104.00,67.00,0.8796,-1,-1,-1
1427,2,2372.00,938.00,117.00,73.00,0.6469,-1,-1,-1
1428,1,1912.00,1069.00,103.00,65.00,0.8861,-1,-1,-1
1428,2,2368.00,933.00,119.00,76.00,0.7456,-1,-1,-1
1429,1,1907.00,1067.00,107.00,68.00,0.9100,-1,-1,-1
1429,2,2372.00,936.00,111.00,74.00,0.7068,-1,-1,-1
1430,1,1906.00,1069.00,102.00,64.00,0.9259,-1,-1,-1
1430,2,2369.00,938.00,111.00,69.00,0.7166,-1,-1,-1
1431,1,1908.00,1068.00,98.00,64.00,0.9278,-1,-1,-1
1431,2,2358.00,930.00,119.00,77.00,0.7421,-1,-1,-1
1432,1,1906.00,1067.00,98.00,64.00,0.9268,-1,-1,-1
1432,2,2368.00,937.00,107.00,67.00,0.6363,-1,-1,-1
1433,1,1904.00,1065.00,100.00,65.00,0.9211,-1,-1,-1
1433,2,2361.00,935.00,113.00,67.00,0.5781,-1,-1,-1
1434,1,1903.00,1066.00,99.00,65.00,0.8954,-1,-1,-1
1434,2,2355.00,932.00,119.00,70.00,0.6284,-1,-1,-1
1435,1,1902.00,1067.00,97.00,63.00,0.9127,-1,-1,-1
1435,2,2355.00,931.00,118.00,69.00,0.6266,-1,-1,-1
1436,1,1901.00,1066.00,99.00,62.00,0.8820,-1,-1,-1
1436,2,2354.00,929.00,116.00,69.00,0.6658,-1,-1,-1
1437,1,1898.00,1064.00,100.00,62.00,0.8921,-1,-1,-1
1437,2,2344.00,927.00,124.00,70.00,0.7694,-1,-1,-1
1438,1,1894.00,1064.00,99.00,61.00,0.8895,-1,-1,-1
1438,2,2344.00,929.00,119.00,67.00,0.6562,-1,-1,-1
1439,1,1890.00,1059.00,98.00,64.00,0.8710,-1,-1,-1
1439,2,2337.00,925.00,120.00,69.00,0.6105,-1,-1,-1
1440,1,1881.00,1055.00,105.00,67.00,0.8728,-1,-1,-1
1440,2,2328.00,918.00,127.00,71.00,0.6449,-1,-1,-1
1441,1,1876.00,1058.00,106.00,63.00,0.8140,-1,-1,-1
1441,2,2315.00,911.00,129.00,75.00,0.7877,-1,-1,-1
1442,1,1866.00,1053.00,107.00,68.00,0.8517,-1,-1,-1
1442,2,2304.00,908.00,126.00,69.00,0.7525,-1,-1,-1
1443,1,1858.00,1053.00,101.00,64.00,0.9101,-1,-1,-1
1443,2,2297.00,905.00,124.00,69.00,0.6920,-1,-1,-1
1444,1,1850.00,1052.00,97.00,64.00,0.8475,-1,-1,-1
1444,2,2282.00,894.00,125.00,75.00,0.8045,-1,-1,-1
1445,1,1835.00,1046.00,104.00,72.00,0.9119,-1,-1,-1
1445,2,2272.00,891.00,126.00,72.00,0.8480,-1,-1,-1
1446,1,1830.00,1049.00,97.00,65.00,0.8796,-1,-1,-1
1446,2,2262.00,888.00,125.00,70.00,0.8066,-1,-1,-1
1447,1,1816.00,1044.00,105.00,70.00,0.8925,-1,-1,-1
1447,2,2250.00,878.00,125.00,74.00,0.7779,-1,-1,-1
1448,1,1811.00,1048.00,97.00,63.00,0.8972,-1,-1,-1
1448,2,2238.00,875.00,127.00,72.00,0.6803,-1,-1,-1
1449,1,1804.00,1044.00,96.00,67.00,0.8682,-1,-1,-1
1449,2,2222.00,874.00,130.00,70.00,0.8140,-1,-1,-1
1450,1,1789.00,1044.00,99.00,68.00,0.9131,-1,-1,-1
1450,2,2215.00,868.00,128.00,73.00,0.8491,-1,-1,-1
1451,1,1788.00,1043.00,92.00,66.00,0.9195,-1,-1,-1
1451,2,2207.00,867.00,125.00,70.00,0.7633,-1,-1,-1
1452,1,1774.00,1041.00,96.00,70.00,0.8939,-1,-1,-1
1452,2,2193.00,859.00,130.00,75.00,0.8320,-1,-1,-1
1453,1,1768.00,1041.00,92.00,70.00,0.9227,-1,-1,-1
1453,2,2187.00,859.00,127.00,66.00,0.7391,-1,-1,-1
1454,1,1761.00,1038.00,94.00,73.00,0.9153,-1,-1,-1
1454,2,2178.00,857.00,124.00,69.00,0.7659,-1,-1,-1
1455,1,1754.00,1039.00,96.00,72.00,0.8812,-1,-1,-1
1455,2,2172.00,853.00,127.00,70.00,0.6726,-1,-1,-1
1456,1,1747.00,1038.00,97.00,76.00,0.8889,-1,-1,-1
1456,2,2165.00,855.00,126.00,69.00,0.7593,-1,-1,-1
1457,1,1743.00,1040.00,94.00,73.00,0.9328,-1,-1,-1
1457,2,2163.00,851.00,119.00,70.00,0.7290,-1,-1,-1
1458,1,1739.00,1042.00,94.00,68.00,0.9184,-1,-1,-1
1458,2,2155.00,849.00,124.00,72.00,0.7623,-1,-1,-1
1459,1,1731.00,1038.00,100.00,77.00,0.9049,-1,-1,-1
1459,2,2148.00,850.00,124.00,69.00,0.8422,-1,-1,-1
1460,1,1729.00,1040.00,98.00,72.00,0.8795,-1,-1,-1
1460,2,2149.00,846.00,122.00,73.00,0.7694,-1,-1,-1
1461,1,1726.00,1042.00,98.00,69.00,0.8534,-1,-1,-1
1461,2,2143.00,846.00,124.00,70.00,0.8246,-1,-1,-1
1462,1,1726.00,1040.00,95.00,70.00,0.8689,-1,-1,-1
1462,2,2144.00,844.00,121.00,70.00,0.8492,-1,-1,-1
1463,1,1726.00,1043.00,95.00,65.00,0.8750,-1,-1,-1
1463,2,2145.00,844.00,121.00,69.00,0.8515,-1,-1,-1
1464,1,1724.00,1042.00,98.00,66.00,0.8743,-1,-1,-1
1464,2,2144.00,844.00,122.00,68.00,0.8486,-1,-1,-1
1465,1,1727.00,1042.00,95.00,64.00,0.8794,-1,-1,-1
1465,2,2145.00,843.00,122.00,68.00,0.8506,-1,-1,-1
1466,1,1728.00,1041.00,94.00,64.00,0.8860,-1,-1,-1
1466,2,2145.00,842.00,123.00,69.00,0.8549,-1,-1,-1
1467,1,1728.00,1041.00,95.00,64.00,0.8952,-1,-1,-1
1467,2,2147.00,844.00,123.00,66.00,0.8494,-1,-1,-1
1468,1,1730.00,1041.00,95.00,63.00,0.9012,-1,-1,-1
1468,2,2146.00,844.00,124.00,67.00,0.8534,-1,-1,-1
1469,1,1731.00,1040.00,94.00,63.00,0.9086,-1,-1,-1
1469,2,2148.00,845.00,124.00,66.00,0.8473,-1,-1,-1
1470,1,1731.00,1039.00,96.00,64.00,0.9121,-1,-1,-1
1470,2,2148.00,846.00,124.00,64.00,0.8577,-1,-1,-1
1471,1,1728.00,1039.00,100.00,64.00,0.9073,-1,-1,-1
1471,2,2147.00,846.00,125.00,66.00,0.8622,-1,-1,-1
1472,1,1728.00,1039.00,99.00,62.00,0.9051,-1,-1,-1
1472,2,2147.00,845.00,128.00,66.00,0.8623,-1,-1,-1
1473,1,1729.00,1038.00,98.00,63.00,0.9111,-1,-1,-1
1473,2,2149.00,845.00,126.00,67.00,0.8788,-1,-1,-1
1474,1,1729.00,1037.00,96.00,63.00,0.9062,-1,-1,-1
1474,2,2150.00,844.00,127.00,69.00,0.8833,-1,-1,-1
1475,1,1730.00,1037.00,97.00,61.00,0.8958,-1,-1,-1
1475,2,2151.00,844.00,126.00,69.00,0.8761,-1,-1,-1
1476,1,1734.00,1036.00,92.00,60.00,0.8974,-1,-1,-1
1476,2,2151.00,843.00,127.00,70.00,0.8794,-1,-1,-1
1477,1,1734.00,1035.00,92.00,60.00,0.8955,-1,-1,-1
1477,2,2150.00,845.00,128.00,69.00,0.9034,-1,-1,-1
1478,1,1735.00,1034.00,92.00,60.00,0.8766,-1,-1,-1
1478,2,2150.00,845.00,128.00,70.00,0.8917,-1,-1,-1
1479,1,1730.00,1030.00,100.00,65.00,0.8499,-1,-1,-1
1479,2,2147.00,846.00,129.00,68.00,0.8676,-1,-1,-1
1480,1,1723.00,1031.00,105.00,63.00,0.8610,-1,-1,-1
1480,2,2150.00,845.00,125.00,69.00,0.8463,-1,-1,-1
1481,1,1721.00,1028.00,106.00,66.00,0.8465,-1,-1,-1
1481,2,2145.00,844.00,127.00,70.00,0.8355,-1,-1,-1
1482,1,1715.00,1025.00,110.00,71.00,0.9126,-1,-1,-1
1482,2,2144.00,838.00,126.00,76.00,0.8551,-1,-1,-1
1483,1,1717.00,1029.00,99.00,63.00,0.9026,-1,-1,-1
1483,2,2140.00,839.00,125.00,72.00,0.7742,-1,-1,-1
1484,1,1712.00,1027.00,102.00,66.00,0.9250,-1,-1,-1
1484,2,2132.00,832.00,131.00,77.00,0.8562,-1,-1,-1
1485,1,1711.00,1029.00,97.00,64.00,0.9039,-1,-1,-1
1485,2,2130.00,835.00,128.00,72.00,0.8095,-1,-1,-1
1486,1,1702.00,1026.00,107.00,68.00,0.8648,-1,-1,-1
1486,2,2124.00,831.00,131.00,76.00,0.8771,-1,-1,-1
1487,1,1696.00,1027.00,108.00,68.00,0.8664,-1,-1,-1
1487,2,2122.00,830.00,128.00,76.00,0.7915,-1,-1,-1
1488,1,1691.00,1027.00,111.00,70.00,0.8975,-1,-1,-1
1488,2,2114.00,830.00,130.00,72.00,0.7301,-1,-1,-1
1489,1,1690.00,1029.00,103.00,65.00,0.8995,-1,-1,-1
1489,2,2112.00,825.00,125.00,77.00,0.8204,-1,-1,-1
1490,1,1686.00,1028.00,103.00,67.00,0.8960,-1,-1,-1
1490,2,2110.00,827.00,124.00,70.00,0.8173,-1,-1,-1
1491,1,1682.00,1028.00,104.00,67.00,0.8783,-1,-1,-1
1491,2,2101.00,823.00,125.00,75.00,0.8569,-1,-1,-1
1492,1,1673.00,1026.00,111.00,69.00,0.8634,-1,-1,-1
1492,2,2105.00,824.00,116.00,71.00,0.8034,-1,-1,-1
1493,1,1668.00,1026.00,114.00,68.00,0.8492,-1,-1,-1
1493,2,2092.00,822.00,124.00,73.00,0.8391,-1,-1,-1
1494,1,1664.00,1027.00,114.00,68.00,0.9045,-1,-1,-1
1494,2,2090.00,822.00,123.00,70.00,0.8362,-1,-1,-1
1495,1,1665.00,1029.00,105.00,65.00,0.8955,-1,-1,-1
1495,2,2088.00,819.00,121.00,73.00,0.8131,-1,-1,-1
1496,1,1660.00,1028.00,107.00,66.00,0.9002,-1,-1,-1
1496,2,2082.00,819.00,123.00,69.00,0.8511,-1,-1,-1
1497,1,1656.00,1029.00,109.00,66.00,0.8677,-1,-1,-1
1497,2,2078.00,818.00,122.00,70.00,0.8345,-1,-1,-1
1498,1,1654.00,1027.00,109.00,68.00,0.8787,-1,-1,-1
1498,2,2074.00,818.00,124.00,69.00,0.8376,-1,-1,-1
1499,1,1650.00,1028.00,109.00,64.00,0.8226,-1,-1,-1
1499,2,2064.00,814.00,128.00,69.00,0.8486,-1,-1,-1
1500,1,1646.00,1024.00,114.00,70.00,0.7852,-1,-1,-1
1500,2,2060.00,815.00,131.00,69.00,0.8254,-1,-1,-1
1501,1,1646.00,1023.00,111.00,71.00,0.8373,-1,-1,-1
1501,2,2058.00,813.00,125.00,69.00,0.8758,-1,-1,-1
1502,1,1639.00,1023.00,113.00,71.00,0.8771,-1,-1,-1
1502,2,2050.00,816.00,130.00,66.00,0.8989,-1,-1,-1
1503,1,1640.00,1023.00,109.00,69.00,0.8928,-1,-1,-1
1503,2,2046.00,813.00,132.00,71.00,0.8381,-1,-1,-1
1504,1,1639.00,1022.00,111.00,69.00,0.8889,-1,-1,-1
1504,2,2044.00,813.00,130.00,69.00,0.8607,-1,-1,-1
1505,1,1638.00,1020.00,111.00,72.00,0.9023,-1,-1,-1
1505,2,2043.00,816.00,130.00,64.00,0.8656,-1,-1,-1
1506,1,1635.00,1018.00,109.00,72.00,0.8976,-1,-1,-1
1506,2,2038.00,815.00,133.00,65.00,0.8771,-1,-1,-1
1507,1,1634.00,1016.00,109.00,74.00,0.9073,-1,-1,-1
1507,2,2035.00,813.00,132.00,67.00,0.8262,-1,-1,-1
1508,1,1629.00,1015.00,113.00,78.00,0.8846,-1,-1,-1
1508,2,2029.00,807.00,137.00,74.00,0.8539,-1,-1,-1
1509,1,1628.00,1015.00,109.00,75.00,0.8563,-1,-1,-1
1509,2,2031.00,808.00,134.00,73.00,0.8226,-1,-1,-1
1510,1,1628.00,1013.00,109.00,78.00,0.8709,-1,-1,-1
1510,2,2028.00,810.00,134.00,68.00,0.8429,-1,-1,-1
1511,1,1626.00,1013.00,107.00,75.00,0.8652,-1,-1,-1
1511,2,2029.00,813.00,130.00,65.00,0.8641,-1,-1,-1
1512,1,1621.00,1013.00,110.00,78.00,0.8997,-1,-1,-1
1512,2,2029.00,815.00,131.00,63.00,0.8725,-1,-1,-1
1513,1,1621.00,1013.00,108.00,77.00,0.9080,-1,-1,-1
1513,2,2030.00,815.00,127.00,63.00,0.8209,-1,-1,-1
1514,1,1620.00,1012.00,108.00,76.00,0.8655,-1,-1,-1
1514,2,2031.00,815.00,126.00,64.00,0.8241,-1,-1,-1
1515,1,1621.00,1013.00,103.00,74.00,0.8489,-1,-1,-1
1515,2,2026.00,813.00,130.00,69.00,0.8239,-1,-1,-1
1516,1,1618.00,1013.00,104.00,75.00,0.8652,-1,-1,-1
1516,2,2024.00,812.00,129.00,69.00,0.8151,-1,-1,-1
1517,1,1619.00,1011.00,102.00,75.00,0.8592,-1,-1,-1
1517,2,2021.00,809.00,129.00,71.00,0.8350,-1,-1,-1
1518,1,1619.00,1011.00,100.00,75.00,0.8532,-1,-1,-1
1518,2,2026.00,810.00,124.00,66.00,0.6700,-1,-1,-1
1519,1,1618.00,1012.00,97.00,75.00,0.8677,-1,-1,-1
1519,2,2021.00,810.00,128.00,66.00,0.6940,-1,-1,-1
1520,1,1615.00,1013.00,99.00,75.00,0.9000,-1,-1,-1
1520,2,2014.00,809.00,134.00,67.00,0.7744,-1,-1,-1
1521,1,1617.00,1013.00,94.00,73.00,0.8882,-1,-1,-1
1521,2,2008.00,803.00,137.00,75.00,0.8157,-1,-1,-1
1522,1,1614.00,1014.00,96.00,73.00,0.8758,-1,-1,-1
1522,2,2014.00,807.00,131.00,70.00,0.8099,-1,-1,-1
1523,1,1612.00,1014.00,99.00,71.00,0.8504,-1,-1,-1
1523,2,2011.00,803.00,132.00,74.00,0.7861,-1,-1,-1
1524,1,1606.00,1015.00,103.00,71.00,0.8438,-1,-1,-1
1524,2,2011.00,807.00,131.00,70.00,0.7054,-1,-1,-1
1525,1,1603.00,1015.00,105.00,71.00,0.8588,-1,-1,-1
1525,2,2009.00,806.00,131.00,68.00,0.7199,-1,-1,-1
1526,1,1605.00,1016.00,103.00,69.00,0.8491,-1,-1,-1
1526,2,2011.00,806.00,129.00,69.00,0.7802,-1,-1,-1
1527,1,1609.00,1015.00,97.00,69.00,0.8773,-1,-1,-1
1527,2,2010.00,808.00,126.00,68.00,0.7943,-1,-1,-1
1528,1,1606.00,1017.00,96.00,67.00,0.8559,-1,-1,-1
1528,2,2007.00,809.00,127.00,67.00,0.8602,-1,-1,-1
1529,1,1607.00,1018.00,92.00,65.00,0.8588,-1,-1,-1
1529,2,2002.00,807.00,131.00,69.00,0.8566,-1,-1,-1
1530,1,1601.00,1017.00,98.00,68.00,0.8905,-1,-1,-1
1530,2,1999.00,805.00,134.00,69.00,0.8731,-1,-1,-1
1531,1,1601.00,1016.00,98.00,68.00,0.8910,-1,-1,-1
1531,2,2000.00,803.00,132.00,72.00,0.8599,-1,-1,-1
1532,1,1599.00,1017.00,95.00,67.00,0.8554,-1,-1,-1
1532,2,2000.00,802.00,131.00,73.00,0.8144,-1,-1,-1
1533,1,1599.00,1014.00,96.00,71.00,0.8507,-1,-1,-1
1533,2,1999.00,802.00,132.00,72.00,0.7303,-1,-1,-1
1534,1,1599.00,1014.00,95.00,70.00,0.8507,-1,-1,-1
1534,2,1994.00,804.00,135.00,68.00,0.7524,-1,-1,-1
1535,1,1600.00,1014.00,93.00,68.00,0.8308,-1,-1,-1
1535,2,1994.00,805.00,133.00,66.00,0.7393,-1,-1,-1
1536,1,1596.00,1010.00,100.00,73.00,0.8187,-1,-1,-1
1536,2,1995.00,804.00,132.00,67.00,0.7441,-1,-1,-1
1537,1,1597.00,1008.00,101.00,72.00,0.8033,-1,-1,-1
1537,2,1998.00,804.00,129.00,67.00,0.7429,-1,-1,-1
1538,1,1595.00,1006.00,103.00,75.00,0.8308,-1,-1,-1
1538,2,1997.00,804.00,130.00,66.00,0.7480,-1,-1,-1
1539,1,1594.00,1006.00,103.00,75.00,0.8323,-1,-1,-1
1539,2,1995.00,806.00,130.00,63.00,0.7754,-1,-1,-1
1540,1,1595.00,1004.00,102.00,75.00,0.8452,-1,-1,-1
1540,2,1994.00,804.00,131.00,66.00,0.8153,-1,-1,-1
1541,1,1595.00,1004.00,101.00,75.00,0.8515,-1,-1,-1
1541,2,1993.00,804.00,133.00,66.00,0.8273,-1,-1,-1
1542,1,1596.00,1003.00,99.00,74.00,0.8636,-1,-1,-1
1542,2,1990.00,803.00,137.00,67.00,0.8452,-1,-1,-1
1543,1,1594.00,1001.00,104.00,78.00,0.8955,-1,-1,-1
1543,2,1993.00,803.00,133.00,66.00,0.8182,-1,-1,-1
1544,1,1593.00,999.00,107.00,81.00,0.8969,-1,-1,-1
1544,2,1996.00,804.00,130.00,64.00,0.7871,-1,-1,-1
1545,1,1591.00,999.00,110.00,82.00,0.8823,-1,-1,-1
1545,2,2000.00,804.00,130.00,65.00,0.7382,-1,-1,-1
1546,1,1592.00,998.00,109.00,82.00,0.8773,-1,-1,-1
1546,2,1999.00,804.00,132.00,67.00,0.7314,-1,-1,-1
1547,1,1595.00,995.00,101.00,84.00,0.8946,-1,-1,-1
1547,2,2003.00,806.00,128.00,64.00,0.7263,-1,-1,-1
1548,1,1596.00,992.00,101.00,86.00,0.8963,-1,-1,-1
1548,2,2001.00,806.00,131.00,63.00,0.7149,-1,-1,-1
1549,1,1595.00,992.00,102.00,86.00,0.9036,-1,-1,-1
1549,2,1997.00,805.00,136.00,64.00,0.7404,-1,-1,-1
1550,1,1597.00,991.00,102.00,86.00,0.9002,-1,-1,-1
1550,2,2003.00,807.00,130.00,61.00,0.7283,-1,-1,-1
1551,1,1597.00,989.00,102.00,88.00,0.9000,-1,-1,-1
1551,2,2005.00,807.00,129.00,61.00,0.7411,-1,-1,-1
1552,1,1598.00,990.00,101.00,86.00,0.8952,-1,-1,-1
1552,2,2005.00,806.00,131.00,64.00,0.7431,-1,-1,-1
1553,1,1598.00,989.00,102.00,86.00,0.8903,-1,-1,-1
1553,2,2008.00,805.00,131.00,67.00,0.6941,-1,-1,-1
1554,1,1598.00,990.00,102.00,84.00,0.8863,-1,-1,-1
1554,2,2012.00,806.00,128.00,66.00,0.7010,-1,-1,-1
1555,1,1597.00,990.00,105.00,85.00,0.8941,-1,-1,-1
1555,2,2012.00,808.00,128.00,63.00,0.6927,-1,-1,-1
1556,1,1599.00,993.00,103.00,80.00,0.8745,-1,-1,-1
1556,2,2017.00,812.00,127.00,59.00,0.5773,-1,-1,-1
1557,1,1597.00,994.00,108.00,82.00,0.8686,-1,-1,-1
1557,2,2019.00,812.00,128.00,61.00,0.6563,-1,-1,-1
1558,1,1597.00,996.00,107.00,79.00,0.8830,-1,-1,-1
1558,2,2017.00,812.00,129.00,62.00,0.6555,-1,-1,-1
1559,1,1600.00,997.00,104.00,77.00,0.8755,-1,-1,-1
1559,2,2028.00,814.00,116.00,59.00,0.5727,-1,-1,-1
1560,1,1603.00,1001.00,101.00,72.00,0.8644,-1,-1,-1
1560,2,2027.00,816.00,120.00,59.00,0.7053,-1,-1,-1
1561,1,1601.00,1000.00,105.00,73.00,0.8927,-1,-1,-1
1561,2,2029.00,816.00,121.00,60.00,0.7574,-1,-1,-1
1562,1,1604.00,1000.00,103.00,74.00,0.8781,-1,-1,-1
1562,2,2028.00,817.00,122.00,60.00,0.7998,-1,-1,-1
1563,1,1603.00,1001.00,107.00,74.00,0.8559,-1,-1,-1
1563,2,2025.00,815.00,125.00,64.00,0.8265,-1,-1,-1
1564,1,1604.00,1003.00,104.00,72.00,0.8694,-1,-1,-1
1564,2,2025.00,815.00,125.00,66.00,0.8264,-1,-1,-1
1565,1,1604.00,1005.00,103.00,69.00,0.8578,-1,-1,-1
1565,2,2031.00,818.00,118.00,63.00,0.8370,-1,-1,-1
1566,1,1606.00,1009.00,100.00,66.00,0.8702,-1,-1,-1
1566,2,2029.00,817.00,120.00,67.00,0.8404,-1,-1,-1
1567,1,1603.00,1009.00,103.00,67.00,0.8688,-1,-1,-1
1567,2,2031.00,819.00,118.00,65.00,0.8405,-1,-1,-1
1568,1,1607.00,1010.00,98.00,68.00,0.8522,-1,-1,-1
1568,2,2034.00,819.00,115.00,68.00,0.8091,-1,-1,-1
1569,1,1609.00,1012.00,97.00,66.00,0.8768,-1,-1,-1
1569,2,2034.00,819.00,116.00,71.00,0.8399,-1,-1,-1
1570,1,1611.00,1014.00,93.00,66.00,0.8720,-1,-1,-1
1570,2,2033.00,823.00,120.00,71.00,0.8607,-1,-1,-1
1571,1,1610.00,1014.00,94.00,67.00,0.8665,-1,-1,-1
1571,2,2033.00,822.00,121.00,73.00,0.7719,-1,-1,-1
1572,1,1610.00,1014.00,97.00,69.00,0.8687,-1,-1,-1
1572,2,2033.00,824.00,124.00,70.00,0.8574,-1,-1,-1
1573,1,1610.00,1015.00,97.00,69.00,0.8525,-1,-1,-1
1573,2,2030.00,825.00,127.00,73.00,0.8460,-1,-1,-1
1574,1,1607.00,1014.00,100.00,74.00,0.8324,-1,-1,-1
1574,2,2038.00,826.00,119.00,76.00,0.7862,-1,-1,-1
1575,1,1607.00,1014.00,105.00,77.00,0.8862,-1,-1,-1
1575,2,2043.00,829.00,116.00,71.00,0.7905,-1,-1,-1
1576,1,1608.00,1014.00,105.00,78.00,0.8705,-1,-1,-1
1576,2,2039.00,829.00,122.00,75.00,0.8455,-1,-1,-1
1577,1,1607.00,1017.00,106.00,75.00,0.8776,-1,-1,-1
1577,2,2039.00,832.00,122.00,77.00,0.8245,-1,-1,-1
1578,1,1604.00,1017.00,112.00,77.00,0.8526,-1,-1,-1
1578,2,2038.00,832.00,128.00,82.00,0.7810,-1,-1,-1
1579,1,1610.00,1021.00,104.00,72.00,0.8547,-1,-1,-1
1579,2,2043.00,838.00,120.00,73.00,0.7327,-1,-1,-1
1580,1,1614.00,1023.00,100.00,70.00,0.8898,-1,-1,-1
1580,2,2044.00,843.00,120.00,69.00,0.7146,-1,-1,-1
1581,1,1613.00,1026.00,101.00,69.00,0.8861,-1,-1,-1
1581,2,2046.00,846.00,116.00,69.00,0.7198,-1,-1,-1
1582,1,1613.00,1028.00,101.00,67.00,0.8892,-1,-1,-1
1582,2,2045.00,845.00,121.00,76.00,0.7909,-1,-1,-1
1583,1,1613.00,1032.00,102.00,68.00,0.8565,-1,-1,-1
1583,2,2040.00,844.00,130.00,79.00,0.8549,-1,-1,-1
1584,1,1615.00,1034.00,99.00,68.00,0.8504,-1,-1,-1
1584,2,2042.00,849.00,122.00,73.00,0.7885,-1,-1,-1
1585,1,1612.00,1034.00,101.00,71.00,0.8755,-1,-1,-1
1585,2,2038.00,850.00,128.00,75.00,0.7784,-1,-1,-1
1586,1,1608.00,1035.00,105.00,75.00,0.8877,-1,-1,-1
1586,2,2043.00,857.00,123.00,71.00,0.8197,-1,-1,-1
1587,1,1611.00,1038.00,101.00,72.00,0.8941,-1,-1,-1
1587,2,2042.00,858.00,126.00,75.00,0.8595,-1,-1,-1
1588,1,1614.00,1039.00,99.00,71.00,0.8784,-1,-1,-1
1588,2,2043.00,861.00,127.00,72.00,0.8431,-1,-1,-1
1589,1,1612.00,1040.00,103.00,73.00,0.8698,-1,-1,-1
1589,2,2041.00,865.00,127.00,70.00,0.7689,-1,-1,-1
1590,1,1613.00,1042.00,103.00,75.00,0.8649,-1,-1,-1
1590,2,2042.00,870.00,125.00,68.00,0.6161,-1,-1,-1
1591,1,1611.00,1042.00,108.00,79.00,0.8914,-1,-1,-1
1591,2,2043.00,875.00,123.00,67.00,0.5910,-1,-1,-1
1592,1,1613.00,1045.00,107.00,77.00,0.9094,-1,-1,-1
1592,2,2043.00,874.00,128.00,72.00,0.6853,-1,-1,-1
1593,1,1611.00,1051.00,108.00,73.00,0.8342,-1,-1,-1
1593,2,2045.00,881.00,124.00,68.00,0.6836,-1,-1,-1
1594,1,1615.00,1058.00,102.00,69.00,0.8037,-1,-1,-1
1594,2,2046.00,885.00,124.00,68.00,0.7424,-1,-1,-1
1595,1,1616.00,1060.00,100.00,70.00,0.8662,-1,-1,-1
1595,2,2045.00,883.00,129.00,75.00,0.8047,-1,-1,-1
1596,1,1616.00,1061.00,103.00,71.00,0.9091,-1,-1,-1
1596,2,2042.00,888.00,132.00,72.00,0.7941,-1,-1,-1
1597,1,1617.00,1066.00,104.00,70.00,0.9222,-1,-1,-1
1597,2,2043.00,890.00,133.00,74.00,0.7185,-1,-1,-1
1598,1,1618.00,1067.00,103.00,71.00,0.8973,-1,-1,-1
1598,2,2045.00,892.00,130.00,79.00,0.7613,-1,-1,-1
1599,1,1619.00,1071.00,100.00,68.00,0.8675,-1,-1,-1
1599,2,2041.00,901.00,131.00,72.00,0.7740,-1,-1,-1
1600,1,1616.00,1073.00,105.00,71.00,0.8968,-1,-1,-1
1600,2,2044.00,907.00,125.00,68.00,0.7333,-1,-1,-1
1601,1,1621.00,1079.00,97.00,66.00,0.8187,-1,-1,-1
1601,2,2051.00,911.00,126.00,70.00,0.8242,-1,-1,-1
1602,1,1617.00,1082.00,104.00,69.00,0.7885,-1,-1,-1
1602,2,2050.00,914.00,126.00,71.00,0.8161,-1,-1,-1
1603,1,1616.00,1083.00,96.00,77.00,0.8863,-1,-1,-1
1603,2,2056.00,914.00,122.00,75.00,0.7259,-1,-1,-1
1604,1,1609.00,1090.00,100.00,70.00,0.7928,-1,-1,-1
1604,2,2048.00,916.00,128.00,81.00,0.6475,-1,-1,-1
1605,1,1614.00,1092.00,96.00,74.00,0.7686,-1,-1,-1
1605,2,2043.00,916.00,131.00,85.00,0.5934,-1,-1,-1
1606,1,1609.00,1099.00,102.00,71.00,0.7829,-1,-1,-1
1606,2,2054.00,926.00,122.00,80.00,0.6640,-1,-1,-1
1607,1,1607.00,1097.00,101.00,73.00,0.7546,-1,-1,-1
1607,2,2052.00,930.00,124.00,80.00,0.7698,-1,-1,-1
1608,1,1611.00,1103.00,94.00,72.00,0.8595,-1,-1,-1
1608,2,2059.00,934.00,118.00,81.00,0.7204,-1,-1,-1
1609,1,1609.00,1108.00,98.00,68.00,0.8737,-1,-1,-1
1609,2,2048.00,935.00,129.00,87.00,0.7350,-1,-1,-1
1610,1,1607.00,1111.00,102.00,67.00,0.8686,-1,-1,-1
1610,2,2044.00,931.00,133.00,98.00,0.6846,-1,-1,-1
1611,1,1611.00,1115.00,96.00,63.00,0.7575,-1,-1,-1
1611,2,2050.00,942.00,124.00,90.00,0.6538,-1,-1,-1
1612,1,1604.00,1119.00,105.00,66.00,0.6969,-1,-1,-1
1612,2,2054.00,948.00,120.00,90.00,0.7341,-1,-1,-1
1613,1,1601.00,1125.00,107.00,65.00,0.8056,-1,-1,-1
1613,2,2046.00,947.00,127.00,94.00,0.7922,-1,-1,-1
1614,1,1600.00,1128.00,107.00,61.00,0.7814,-1,-1,-1
1614,2,2058.00,952.00,115.00,95.00,0.7827,-1,-1,-1
1615,1,1597.00,1129.00,111.00,62.00,0.7665,-1,-1,-1
1615,2,2047.00,953.00,125.00,96.00,0.8107,-1,-1,-1
1616,1,1597.00,1130.00,111.00,64.00,0.7738,-1,-1,-1
1616,2,2051.00,963.00,122.00,80.00,0.7279,-1,-1,-1
1617,1,1595.00,1131.00,112.00,66.00,0.8052,-1,-1,-1
1617,2,2044.00,963.00,130.00,90.00,0.7266,-1,-1,-1
1618,1,1601.00,1133.00,102.00,64.00,0.8275,-1,-1,-1
1618,2,2045.00,964.00,128.00,94.00,0.7971,-1,-1,-1
1619,1,1603.00,1135.00,103.00,66.00,0.8364,-1,-1,-1
1619,2,2042.00,968.00,128.00,90.00,0.8166,-1,-1,-1
1620,1,1600.00,1139.00,107.00,66.00,0.8376,-1,-1,-1
1620,2,2042.00,976.00,127.00,80.00,0.8047,-1,-1,-1
1621,1,1603.00,1139.00,105.00,65.00,0.7847,-1,-1,-1
1621,2,2040.00,977.00,128.00,79.00,0.8217,-1,-1,-1
1622,1,1603.00,1143.00,102.00,64.00,0.7770,-1,-1,-1
1622,2,2036.00,981.00,134.00,79.00,0.8064,-1,-1,-1
1623,1,1597.00,1144.00,108.00,68.00,0.8513,-1,-1,-1
1623,2,2034.00,984.00,136.00,80.00,0.7879,-1,-1,-1
1624,1,1597.00,1148.00,106.00,68.00,0.8368,-1,-1,-1
1624,2,2033.00,984.00,136.00,83.00,0.8478,-1,-1,-1
1625,1,1598.00,1149.00,103.00,67.00,0.7954,-1,-1,-1
1625,2,2036.00,987.00,132.00,83.00,0.8397,-1,-1,-1
1626,1,1596.00,1153.00,104.00,64.00,0.7848,-1,-1,-1
1626,2,2037.00,996.00,133.00,78.00,0.7110,-1,-1,-1
1627,1,1602.00,1157.00,93.00,62.00,0.7596,-1,-1,-1
1627,2,2047.00,1005.00,118.00,69.00,0.7362,-1,-1,-1
1628,1,1601.00,1159.00,95.00,63.00,0.8295,-1,-1,-1
1628,2,2036.00,1006.00,131.00,71.00,0.7249,-1,-1,-1
1629,1,1601.00,1162.00,90.00,61.00,0.8523,-1,-1,-1
1629,2,2030.00,1003.00,141.00,78.00,0.8466,-1,-1,-1
1630,1,1600.00,1164.00,92.00,63.00,0.8897,-1,-1,-1
1630,2,2031.00,1003.00,139.00,80.00,0.8469,-1,-1,-1
1631,1,1598.00,1167.00,95.00,62.00,0.8732,-1,-1,-1
1631,2,2032.00,1004.00,138.00,81.00,0.8476,-1,-1,-1
1632,1,1595.00,1168.00,96.00,64.00,0.8764,-1,-1,-1
1632,2,2029.00,1004.00,143.00,84.00,0.8240,-1,-1,-1
1633,1,1598.00,1168.00,96.00,65.00,0.8856,-1,-1,-1
1633,2,2034.00,1014.00,138.00,76.00,0.8258,-1,-1,-1
1634,1,1602.00,1168.00,92.00,64.00,0.8823,-1,-1,-1
1634,2,2035.00,1009.00,137.00,83.00,0.8779,-1,-1,-1
1635,1,1602.00,1167.00,94.00,66.00,0.8866,-1,-1,-1
1635,2,2032.00,1015.00,141.00,81.00,0.8319,-1,-1,-1
1636,1,1603.00,1166.00,96.00,68.00,0.8594,-1,-1,-1
1636,2,2041.00,1014.00,130.00,78.00,0.6903,-1,-1,-1
1637,1,1601.00,1167.00,100.00,71.00,0.8675,-1,-1,-1
1637,2,2038.00,1015.00,137.00,81.00,0.6972,-1,-1,-1
1638,1,1601.00,1169.00,104.00,69.00,0.8263,-1,-1,-1
1638,2,2037.00,1013.00,141.00,83.00,0.6637,-1,-1,-1
1639,1,1600.00,1168.00,108.00,70.00,0.8145,-1,-1,-1
1639,2,2048.00,1021.00,131.00,77.00,0.6269,-1,-1,-1
1640,1,1599.00,1168.00,109.00,70.00,0.8094,-1,-1,-1
1640,2,2052.00,1022.00,126.00,74.00,0.7212,-1,-1,-1
1641,1,1597.00,1167.00,111.00,71.00,0.8260,-1,-1,-1
1641,2,2056.00,1026.00,124.00,72.00,0.7263,-1,-1,-1
1642,1,1598.00,1167.00,111.00,72.00,0.8297,-1,-1,-1
1642,2,2056.00,1026.00,127.00,74.00,0.7580,-1,-1,-1
1643,1,1598.00,1168.00,110.00,71.00,0.8408,-1,-1,-1
1643,2,2055.00,1026.00,129.00,77.00,0.7873,-1,-1,-1
1644,1,1600.00,1164.00,109.00,70.00,0.8021,-1,-1,-1
1644,2,2056.00,1028.00,128.00,75.00,0.7965,-1,-1,-1
1645,1,1600.00,1164.00,109.00,70.00,0.7994,-1,-1,-1
1645,2,2056.00,1027.00,128.00,77.00,0.7912,-1,-1,-1
1646,1,1604.00,1161.00,107.00,70.00,0.8165,-1,-1,-1
1646,2,2061.00,1030.00,123.00,72.00,0.7536,-1,-1,-1
1647,1,1605.00,1159.00,107.00,70.00,0.8578,-1,-1,-1
1647,2,2062.00,1029.00,123.00,73.00,0.7591,-1,-1,-1
1648,1,1605.00,1158.00,109.00,70.00,0.8585,-1,-1,-1
1648,2,2060.00,1029.00,128.00,71.00,0.7532,-1,-1,-1
1649,1,1610.00,1159.00,102.00,67.00,0.8817,-1,-1,-1
1649,2,2062.00,1030.00,126.00,70.00,0.7429,-1,-1,-1
1650,1,1611.00,1161.00,103.00,65.00,0.8810,-1,-1,-1
1650,2,2058.00,1028.00,130.00,73.00,0.8038,-1,-1,-1
1651,1,1612.00,1161.00,106.00,64.00,0.8577,-1,-1,-1
1651,2,2061.00,1028.00,132.00,73.00,0.7385,-1,-1,-1
1652,1,1612.00,1163.00,106.00,63.00,0.8704,-1,-1,-1
1652,2,2063.00,1028.00,131.00,74.00,0.7485,-1,-1,-1
1653,1,1613.00,1162.00,105.00,65.00,0.8872,-1,-1,-1
1653,2,2061.00,1026.00,136.00,78.00,0.7583,-1,-1,-1
1654,1,1616.00,1163.00,100.00,64.00,0.8907,-1,-1,-1
1654,2,2064.00,1030.00,135.00,74.00,0.6723,-1,-1,-1
1655,1,1616.00,1165.00,97.00,63.00,0.8705,-1,-1,-1
1655,2,2064.00,1031.00,134.00,72.00,0.6580,-1,-1,-1
1656,1,1616.00,1163.00,99.00,65.00,0.8677,-1,-1,-1
1656,2,2073.00,1036.00,124.00,67.00,0.5907,-1,-1,-1
1657,1,1617.00,1163.00,100.00,64.00,0.8722,-1,-1,-1
1657,2,2071.00,1035.00,127.00,69.00,0.6276,-1,-1,-1
1658,1,1619.00,1159.00,100.00,68.00,0.8673,-1,-1,-1
1658,2,2074.00,1037.00,127.00,66.00,0.6824,-1,-1,-1
1659,1,1619.00,1157.00,102.00,69.00,0.8160,-1,-1,-1
1659,2,2085.00,1039.00,114.00,61.00,0.6427,-1,-1,-1
1660,1,1620.00,1157.00,102.00,68.00,0.8145,-1,-1,-1
1660,2,2074.00,1039.00,125.00,64.00,0.6532,-1,-1,-1
1661,1,1619.00,1152.00,110.00,70.00,0.8426,-1,-1,-1
1661,2,2077.00,1039.00,122.00,62.00,0.6155,-1,-1,-1
1662,1,1620.00,1156.00,106.00,66.00,0.8099,-1,-1,-1
1662,2,2077.00,1040.00,125.00,62.00,0.7106,-1,-1,-1
1663,1,1618.00,1153.00,113.00,68.00,0.8497,-1,-1,-1
1663,2,2073.00,1040.00,131.00,62.00,0.7541,-1,-1,-1
1664,1,1620.00,1154.00,110.00,68.00,0.8522,-1,-1,-1
1664,2,2078.00,1041.00,126.00,60.00,0.7105,-1,-1,-1
1665,1,1619.00,1157.00,108.00,65.00,0.8510,-1,-1,-1
1665,2,2077.00,1040.00,130.00,62.00,0.7463,-1,-1,-1
1666,1,1618.00,1154.00,113.00,65.00,0.8886,-1,-1,-1
1666,2,2083.00,1040.00,126.00,61.00,0.7277,-1,-1,-1
1667,1,1619.00,1155.00,112.00,63.00,0.8802,-1,-1,-1
1667,2,2086.00,1041.00,121.00,60.00,0.7144,-1,-1,-1
1668,1,1621.00,1156.00,110.00,60.00,0.8826,-1,-1,-1
1668,2,2085.00,1040.00,122.00,62.00,0.7431,-1,-1,-1
1669,1,1622.00,1156.00,108.00,58.00,0.8774,-1,-1,-1
1669,2,2085.00,1039.00,124.00,63.00,0.7453,-1,-1,-1
1670,1,1626.00,1155.00,104.00,57.00,0.7874,-1,-1,-1
1670,2,2083.00,1039.00,128.00,63.00,0.7649,-1,-1,-1
1671,1,1625.00,1155.00,107.00,58.00,0.8037,-1,-1,-1
1671,2,2087.00,1039.00,125.00,63.00,0.7498,-1,-1,-1
1672,1,1626.00,1155.00,106.00,58.00,0.7961,-1,-1,-1
1672,2,2089.00,1040.00,123.00,62.00,0.7483,-1,-1,-1
1673,1,1627.00,1154.00,109.00,58.00,0.7483,-1,-1,-1
1673,2,2094.00,1040.00,117.00,63.00,0.7354,-1,-1,-1
1674,1,1631.00,1152.00,101.00,59.00,0.7143,-1,-1,-1
1674,2,2094.00,1039.00,117.00,64.00,0.7523,-1,-1,-1
1675,1,1621.00,1154.00,116.00,60.00,0.7734,-1,-1,-1
1675,2,2094.00,1041.00,118.00,63.00,0.7607,-1,-1,-1
1676,1,1624.00,1153.00,112.00,58.00,0.8190,-1,-1,-1
1676,2,2090.00,1040.00,124.00,65.00,0.7405,-1,-1,-1
1677,1,1626.00,1153.00,110.00,57.00,0.8356,-1,-1,-1
1677,2,2087.00,1040.00,127.00,66.00,0.7574,-1,-1,-1
1678,1,1624.00,1153.00,111.00,57.00,0.8541,-1,-1,-1
1678,2,2086.00,1039.00,128.00,67.00,0.7490,-1,-1,-1
1679,1,1623.00,1151.00,114.00,59.00,0.8586,-1,-1,-1
1679,2,2087.00,1042.00,126.00,64.00,0.7714,-1,-1,-1
1680,1,1622.00,1151.00,112.00,60.00,0.8228,-1,-1,-1
1680,2,2089.00,1041.00,125.00,65.00,0.7608,-1,-1,-1
1681,1,1617.00,1149.00,117.00,63.00,0.8717,-1,-1,-1
1681,2,2086.00,1043.00,128.00,63.00,0.7482,-1,-1,-1
1682,1,1616.00,1148.00,114.00,62.00,0.8168,-1,-1,-1
1682,2,2086.00,1044.00,128.00,61.00,0.7332,-1,-1,-1
1683,1,1616.00,1149.00,115.00,61.00,0.8769,-1,-1,-1
1683,2,2089.00,1044.00,125.00,62.00,0.7130,-1,-1,-1
1684,1,1617.00,1149.00,112.00,60.00,0.8160,-1,-1,-1
1684,2,2090.00,1042.00,120.00,64.00,0.7346,-1,-1,-1
1685,1,1617.00,1146.00,109.00,61.00,0.7349,-1,-1,-1
1685,2,2087.00,1039.00,122.00,67.00,0.7594,-1,-1,-1
1686,1,1619.00,1147.00,103.00,56.00,0.7782,-1,-1,-1
1686,2,2082.00,1038.00,127.00,71.00,0.7737,-1,-1,-1
1687,1,1615.00,1145.00,107.00,61.00,0.8055,-1,-1,-1
1687,2,2077.00,1038.00,131.00,74.00,0.8152,-1,-1,-1
1688,1,1612.00,1146.00,106.00,56.00,0.7741,-1,-1,-1
1688,2,2077.00,1037.00,130.00,76.00,0.8543,-1,-1,-1
1689,1,1613.00,1146.00,102.00,57.00,0.7422,-1,-1,-1
1689,2,2077.00,1037.00,129.00,75.00,0.7900,-1,-1,-1
1690,1,1607.00,1144.00,113.00,59.00,0.8204,-1,-1,-1
1690,2,2074.00,1035.00,131.00,79.00,0.8066,-1,-1,-1
1691,1,1608.00,1144.00,111.00,58.00,0.8245,-1,-1,-1
1691,2,2078.00,1035.00,126.00,78.00,0.7892,-1,-1,-1
1692,1,1604.00,1143.00,115.00,61.00,0.8495,-1,-1,-1
1692,2,2075.00,1035.00,128.00,77.00,0.7951,-1,-1,-1
1693,1,1606.00,1142.00,115.00,60.00,0.8846,-1,-1,-1
1693,2,2075.00,1034.00,127.00,80.00,0.8058,-1,-1,-1
1694,1,1603.00,1141.00,116.00,63.00,0.8624,-1,-1,-1
1694,2,2073.00,1034.00,127.00,81.00,0.7850,-1,-1,-1
1695,1,1603.00,1140.00,114.00,61.00,0.8474,-1,-1,-1
1695,2,2075.00,1032.00,124.00,85.00,0.7916,-1,-1,-1
1696,1,1596.00,1141.00,121.00,62.00,0.8084,-1,-1,-1
1696,2,2067.00,1033.00,128.00,83.00,0.7919,-1,-1,-1
1697,1,1596.00,1143.00,116.00,57.00,0.8204,-1,-1,-1
1697,2,2063.00,1032.00,133.00,83.00,0.8167,-1,-1,-1
1698,1,1593.00,1142.00,120.00,58.00,0.8179,-1,-1,-1
1698,2,2058.00,1030.00,137.00,85.00,0.8519,-1,-1,-1
1699,1,1593.00,1138.00,120.00,59.00,0.8160,-1,-1,-1
1699,2,2061.00,1032.00,132.00,81.00,0.7835,-1,-1,-1
1700,1,1593.00,1135.00,119.00,60.00,0.8595,-1,-1,-1
1700,2,2057.00,1031.00,132.00,80.00,0.8193,-1,-1,-1
1701,1,1590.00,1135.00,121.00,61.00,0.8521,-1,-1,-1
1701,2,2055.00,1032.00,133.00,79.00,0.8454,-1,-1,-1
1702,1,1589.00,1133.00,123.00,61.00,0.8549,-1,-1,-1
1702,2,2053.00,1032.00,133.00,80.00,0.8381,-1,-1,-1
1703,1,1588.00,1136.00,115.00,57.00,0.8212,-1,-1,-1
1703,2,2047.00,1029.00,136.00,84.00,0.8595,-1,-1,-1
1704,1,1582.00,1138.00,115.00,55.00,0.8059,-1,-1,-1
1704,2,2045.00,1028.00,135.00,84.00,0.8643,-1,-1,-1
1705,1,1583.00,1138.00,111.00,54.00,0.7967,-1,-1,-1
1705,2,2042.00,1032.00,137.00,82.00,0.7956,-1,-1,-1
1706,1,1580.00,1138.00,109.00,53.00,0.7425,-1,-1,-1
1706,2,2042.00,1033.00,135.00,80.00,0.7782,-1,-1,-1
1707,1,1573.00,1138.00,114.00,54.00,0.8017,-1,-1,-1
1707,2,2038.00,1031.00,135.00,84.00,0.8242,-1,-1,-1
1708,1,1571.00,1139.00,110.00,52.00,0.8552,-1,-1,-1
1708,2,2034.00,1031.00,137.00,84.00,0.8138,-1,-1,-1
1709,1,1567.00,1138.00,109.00,54.00,0.7588,-1,-1,-1
1709,2,2032.00,1033.00,133.00,82.00,0.7858,-1,-1,-1
1710,1,1569.00,1137.00,108.00,55.00,0.8310,-1,-1,-1
1710,2,2031.00,1033.00,132.00,81.00,0.7658,-1,-1,-1
1711,1,1569.00,1134.00,111.00,56.00,0.8063,-1,-1,-1
1711,2,2024.00,1033.00,138.00,84.00,0.7901,-1,-1,-1
1712,1,1567.00,1136.00,104.00,54.00,0.7544,-1,-1,-1
1712,2,2024.00,1034.00,134.00,84.00,0.7399,-1,-1,-1
1713,1,1559.00,1135.00,116.00,56.00,0.7965,-1,-1,-1
1713,2,2015.00,1031.00,139.00,88.00,0.7687,-1,-1,-1
1714,1,1559.00,1133.00,110.00,57.00,0.8542,-1,-1,-1
1714,2,2015.00,1031.00,137.00,90.00,0.7773,-1,-1,-1
1715,1,1549.00,1130.00,119.00,62.00,0.8354,-1,-1,-1
1715,2,2013.00,1033.00,136.00,88.00,0.7391,-1,-1,-1
1716,1,1545.00,1132.00,121.00,59.00,0.8745,-1,-1,-1
1716,2,2009.00,1034.00,135.00,87.00,0.8230,-1,-1,-1
1717,1,1538.00,1130.00,126.00,63.00,0.9048,-1,-1,-1
1717,2,2007.00,1036.00,134.00,85.00,0.7742,-1,-1,-1
1718,1,1541.00,1133.00,113.00,60.00,0.8126,-1,-1,-1
1718,2,1998.00,1031.00,141.00,92.00,0.7425,-1,-1,-1
1719,1,1536.00,1131.00,115.00,61.00,0.8866,-1,-1,-1
1719,2,2000.00,1033.00,136.00,90.00,0.7365,-1,-1,-1
1720,1,1530.00,1129.00,118.00,62.00,0.9163,-1,-1,-1
1720,2,1996.00,1034.00,135.00,90.00,0.6797,-1,-1,-1
1721,1,1527.00,1132.00,115.00,59.00,0.8199,-1,-1,-1
1721,2,1995.00,1043.00,130.00,83.00,0.7792,-1,-1,-1
1722,1,1519.00,1129.00,126.00,63.00,0.8726,-1,-1,-1
1722,2,1992.00,1040.00,131.00,84.00,0.7760,-1,-1,-1
1723,1,1517.00,1127.00,122.00,62.00,0.9220,-1,-1,-1
1723,2,1990.00,1042.00,128.00,81.00,0.8094,-1,-1,-1
1724,1,1515.00,1128.00,116.00,61.00,0.8831,-1,-1,-1
1724,2,1981.00,1044.00,133.00,80.00,0.8350,-1,-1,-1
1725,1,1517.00,1130.00,111.00,57.00,0.8330,-1,-1,-1
1725,2,1978.00,1047.00,137.00,76.00,0.8572,-1,-1,-1
1726,1,1506.00,1128.00,119.00,60.00,0.8527,-1,-1,-1
1726,2,1974.00,1048.00,133.00,75.00,0.8375,-1,-1,-1
1727,1,1501.00,1129.00,122.00,59.00,0.7647,-1,-1,-1
1727,2,1971.00,1046.00,131.00,80.00,0.8341,-1,-1,-1
1728,1,1499.00,1130.00,116.00,56.00,0.8599,-1,-1,-1
1728,2,1965.00,1047.00,134.00,77.00,0.8691,-1,-1,-1
1729,1,1500.00,1132.00,110.00,54.00,0.8577,-1,-1,-1
1729,2,1962.00,1048.00,135.00,77.00,0.8699,-1,-1,-1
1730,1,1496.00,1131.00,107.00,54.00,0.8021,-1,-1,-1
1730,2,1958.00,1049.00,133.00,75.00,0.8845,-1,-1,-1
1731,1,1495.00,1131.00,105.00,52.00,0.7169,-1,-1,-1
1731,2,1952.00,1051.00,134.00,75.00,0.8937,-1,-1,-1
1732,1,1485.00,1131.00,111.00,53.00,0.8299,-1,-1,-1
1732,2,1949.00,1049.00,133.00,74.00,0.8664,-1,-1,-1
1733,1,1475.00,1130.00,118.00,55.00,0.7470,-1,-1,-1
1733,2,1944.00,1049.00,134.00,74.00,0.8810,-1,-1,-1
1734,1,1473.00,1129.00,114.00,54.00,0.8630,-1,-1,-1
1734,2,1938.00,1051.00,138.00,74.00,0.9051,-1,-1,-1
1735,1,1473.00,1128.00,109.00,56.00,0.8670,-1,-1,-1
1735,2,1937.00,1051.00,132.00,70.00,0.8897,-1,-1,-1
1736,1,1463.00,1128.00,114.00,55.00,0.8180,-1,-1,-1
1736,2,1934.00,1050.00,132.00,70.00,0.8700,-1,-1,-1
1737,1,1462.00,1128.00,109.00,55.00,0.8444,-1,-1,-1
1737,2,1928.00,1049.00,136.00,71.00,0.8866,-1,-1,-1
1738,1,1458.00,1127.00,109.00,56.00,0.7618,-1,-1,-1
1738,2,1927.00,1050.00,131.00,69.00,0.8005,-1,-1,-1
1739,1,1447.00,1126.00,117.00,58.00,0.8719,-1,-1,-1
1739,2,1919.00,1049.00,136.00,70.00,0.8372,-1,-1,-1
1740,1,1449.00,1127.00,107.00,56.00,0.8498,-1,-1,-1
1740,2,1916.00,1050.00,137.00,69.00,0.8477,-1,-1,-1
1741,1,1446.00,1126.00,108.00,56.00,0.8326,-1,-1,-1
1741,2,1918.00,1050.00,130.00,69.00,0.8649,-1,-1,-1
1742,1,1440.00,1126.00,110.00,57.00,0.8450,-1,-1,-1
1742,2,1916.00,1048.00,126.00,67.00,0.8199,-1,-1,-1
1743,1,1435.00,1124.00,113.00,59.00,0.8003,-1,-1,-1
1743,2,1909.00,1045.00,130.00,72.00,0.8080,-1,-1,-1
1744,1,1426.00,1125.00,120.00,56.00,0.7120,-1,-1,-1
1744,2,1902.00,1046.00,134.00,71.00,0.7190,-1,-1,-1
1745,1,1421.00,1122.00,129.00,57.00,0.7654,-1,-1,-1
1745,2,1898.00,1047.00,132.00,70.00,0.7897,-1,-1,-1
1746,1,1420.00,1121.00,127.00,57.00,0.8470,-1,-1,-1
1746,2,1889.00,1044.00,137.00,74.00,0.8444,-1,-1,-1
1747,1,1413.00,1119.00,131.00,63.00,0.8262,-1,-1,-1
1747,2,1887.00,1050.00,133.00,68.00,0.8339,-1,-1,-1
1748,1,1410.00,1120.00,128.00,59.00,0.8280,-1,-1,-1
1748,2,1879.00,1050.00,135.00,70.00,0.8616,-1,-1,-1
1749,1,1411.00,1121.00,120.00,57.00,0.8010,-1,-1,-1
1749,2,1874.00,1048.00,135.00,74.00,0.8515,-1,-1,-1
1750,1,1404.00,1122.00,116.00,57.00,0.6941,-1,-1,-1
1750,2,1871.00,1050.00,132.00,72.00,0.8665,-1,-1,-1
1751,1,1395.00,1120.00,126.00,59.00,0.8250,-1,-1,-1
1751,2,1861.00,1047.00,140.00,76.00,0.8448,-1,-1,-1
1752,1,1395.00,1123.00,113.00,55.00,0.7858,-1,-1,-1
1752,2,1861.00,1052.00,131.00,70.00,0.8464,-1,-1,-1
1753,1,1387.00,1121.00,115.00,57.00,0.7907,-1,-1,-1
1753,2,1856.00,1050.00,134.00,72.00,0.8840,-1,-1,-1
1754,1,1378.00,1120.00,121.00,57.00,0.7633,-1,-1,-1
1754,2,1855.00,1050.00,132.00,77.00,0.8379,-1,-1,-1
1755,1,1377.00,1122.00,115.00,53.00,0.8872,-1,-1,-1
1755,2,1854.00,1051.00,125.00,73.00,0.8247,-1,-1,-1
1756,1,1374.00,1123.00,106.00,52.00,0.8457,-1,-1,-1
1756,2,1844.00,1053.00,133.00,73.00,0.7776,-1,-1,-1
1757,1,1363.00,1121.00,116.00,55.00,0.8793,-1,-1,-1
1757,2,1836.00,1049.00,137.00,78.00,0.8282,-1,-1,-1
1758,1,1361.00,1121.00,111.00,54.00,0.7916,-1,-1,-1
1758,2,1831.00,1050.00,135.00,77.00,0.8307,-1,-1,-1
1759,1,1353.00,1121.00,116.00,53.00,0.8821,-1,-1,-1
1759,2,1830.00,1048.00,133.00,78.00,0.8208,-1,-1,-1
1760,1,1349.00,1119.00,119.00,56.00,0.8924,-1,-1,-1
1760,2,1824.00,1051.00,133.00,73.00,0.8589,-1,-1,-1
1761,1,1340.00,1122.00,120.00,51.00,0.8421,-1,-1,-1
1761,2,1814.00,1045.00,136.00,81.00,0.8508,-1,-1,-1
1762,1,1338.00,1122.00,117.00,51.00,0.8421,-1,-1,-1
1762,2,1821.00,1051.00,126.00,72.00,0.8301,-1,-1,-1
1763,1,1339.00,1121.00,106.00,51.00,0.6804,-1,-1,-1
1763,2,1810.00,1052.00,132.00,73.00,0.8482,-1,-1,-1
1764,1,1331.00,1122.00,115.00,49.00,0.7791,-1,-1,-1
1764,2,1807.00,1051.00,130.00,75.00,0.8550,-1,-1,-1
1765,1,1325.00,1120.00,112.00,53.00,0.8548,-1,-1,-1
1765,2,1808.00,1054.00,123.00,71.00,0.8124,-1,-1,-1
1766,1,1315.00,1119.00,122.00,53.00,0.8708,-1,-1,-1
1766,2,1799.00,1053.00,129.00,73.00,0.8299,-1,-1,-1
1767,1,1310.00,1117.00,120.00,59.00,0.8547,-1,-1,-1
1767,2,1796.00,1053.00,128.00,74.00,0.7782,-1,-1,-1
1768,1,1302.00,1120.00,124.00,55.00,0.8278,-1,-1,-1
1768,2,1785.00,1053.00,133.00,76.00,0.8656,-1,-1,-1
1769,1,1299.00,1118.00,115.00,60.00,0.8648,-1,-1,-1
1769,2,1782.00,1055.00,131.00,76.00,0.8607,-1,-1,-1
1770,1,1290.00,1118.00,122.00,56.00,0.8608,-1,-1,-1
1770,2,1778.00,1055.00,130.00,75.00,0.8448,-1,-1,-1
1771,1,1291.00,1118.00,113.00,55.00,0.8716,-1,-1,-1
1771,2,1773.00,1054.00,132.00,80.00,0.8229,-1,-1,-1
1772,1,1282.00,1121.00,119.00,52.00,0.7268,-1,-1,-1
1772,2,1770.00,1053.00,132.00,79.00,0.8381,-1,-1,-1
1773,1,1282.00,1118.00,114.00,53.00,0.8955,-1,-1,-1
1773,2,1762.00,1054.00,134.00,80.00,0.8689,-1,-1,-1
1774,1,1281.00,1117.00,113.00,56.00,0.8849,-1,-1,-1
1774,2,1758.00,1052.00,134.00,84.00,0.8572,-1,-1,-1
1775,1,1277.00,1117.00,109.00,55.00,0.8567,-1,-1,-1
1775,2,1755.00,1051.00,134.00,83.00,0.8647,-1,-1,-1
1776,1,1272.00,1118.00,109.00,54.00,0.7942,-1,-1,-1
1776,2,1751.00,1054.00,133.00,83.00,0.8269,-1,-1,-1
1777,1,1267.00,1116.00,114.00,55.00,0.8234,-1,-1,-1
1777,2,1744.00,1054.00,133.00,81.00,0.8208,-1,-1,-1
1778,1,1258.00,1116.00,117.00,57.00,0.8398,-1,-1,-1
1778,2,1740.00,1053.00,132.00,82.00,0.8432,-1,-1,-1
1779,1,1257.00,1114.00,114.00,55.00,0.8883,-1,-1,-1
1779,2,1738.00,1053.00,128.00,81.00,0.8515,-1,-1,-1
1780,1,1254.00,1113.00,116.00,60.00,0.8879,-1,-1,-1
1780,2,1737.00,1054.00,124.00,80.00,0.8249,-1,-1,-1
1781,1,1247.00,1115.00,118.00,58.00,0.8444,-1,-1,-1
1781,2,1735.00,1053.00,126.00,79.00,0.8365,-1,-1,-1
1782,1,1241.00,1115.00,122.00,57.00,0.8593,-1,-1,-1
1782,2,1730.00,1053.00,127.00,78.00,0.8253,-1,-1,-1
1783,1,1240.00,1114.00,118.00,59.00,0.8689,-1,-1,-1
1783,2,1731.00,1055.00,122.00,76.00,0.7553,-1,-1,-1
1784,1,1238.00,1117.00,113.00,56.00,0.8140,-1,-1,-1
1784,2,1724.00,1056.00,126.00,75.00,0.8296,-1,-1,-1
1785,1,1235.00,1115.00,118.00,56.00,0.8278,-1,-1,-1
1785,2,1722.00,1056.00,125.00,74.00,0.8258,-1,-1,-1
1786,1,1235.00,1115.00,118.00,55.00,0.8173,-1,-1,-1
1786,2,1720.00,1060.00,124.00,71.00,0.8247,-1,-1,-1
1787,1,1232.00,1116.00,117.00,52.00,0.8240,-1,-1,-1
1787,2,1715.00,1060.00,125.00,72.00,0.8268,-1,-1,-1
1788,1,1229.00,1114.00,119.00,55.00,0.8319,-1,-1,-1
1788,2,1714.00,1055.00,122.00,74.00,0.8330,-1,-1,-1
1789,1,1230.00,1115.00,118.00,54.00,0.8203,-1,-1,-1
1789,2,1710.00,1059.00,125.00,72.00,0.8342,-1,-1,-1
1790,1,1228.00,1116.00,116.00,52.00,0.8124,-1,-1,-1
1790,2,1706.00,1060.00,128.00,72.00,0.8175,-1,-1,-1
1791,1,1228.00,1116.00,116.00,52.00,0.8142,-1,-1,-1
1791,2,1702.00,1056.00,131.00,75.00,0.8039,-1,-1,-1
1792,1,1225.00,1115.00,117.00,54.00,0.8257,-1,-1,-1
1792,2,1702.00,1059.00,131.00,75.00,0.8377,-1,-1,-1
1793,1,1225.00,1114.00,116.00,55.00,0.8341,-1,-1,-1
1793,2,1699.00,1059.00,130.00,73.00,0.8189,-1,-1,-1
1794,1,1218.00,1111.00,123.00,58.00,0.8510,-1,-1,-1
1794,2,1696.00,1058.00,132.00,75.00,0.8477,-1,-1,-1
1795,1,1217.00,1109.00,125.00,58.00,0.8654,-1,-1,-1
1795,2,1693.00,1055.00,133.00,78.00,0.8526,-1,-1,-1
1796,1,1215.00,1109.00,126.00,58.00,0.8829,-1,-1,-1
1796,2,1691.00,1053.00,134.00,79.00,0.8741,-1,-1,-1
1797,1,1213.00,1108.00,128.00,62.00,0.8900,-1,-1,-1
1797,2,1688.00,1052.00,136.00,82.00,0.8762,-1,-1,-1
1798,1,1210.00,1107.00,132.00,62.00,0.8949,-1,-1,-1
1798,2,1686.00,1053.00,138.00,82.00,0.8643,-1,-1,-1
1799,1,1207.00,1105.00,134.00,63.00,0.8786,-1,-1,-1
1799,2,1684.00,1055.00,140.00,81.00,0.8537,-1,-1,-1
1800,1,1213.00,1108.00,126.00,57.00,0.8540,-1,-1,-1
1800,2,1683.00,1050.00,141.00,87.00,0.8555,-1,-1,-1
1801,1,1216.00,1109.00,127.00,56.00,0.8088,-1,-1,-1
1801,2,1686.00,1056.00,136.00,81.00,0.8207,-1,-1,-1
1802,1,1215.00,1109.00,126.00,54.00,0.7809,-1,-1,-1
1802,2,1682.00,1055.00,141.00,83.00,0.8355,-1,-1,-1
1803,1,1218.00,1110.00,120.00,52.00,0.7614,-1,-1,-1
1803,2,1686.00,1060.00,135.00,77.00,0.8013,-1,-1,-1
1804,1,1215.00,1108.00,119.00,55.00,0.8237,-1,-1,-1
1804,2,1686.00,1062.00,135.00,75.00,0.7798,-1,-1,-1
1805,1,1212.00,1107.00,120.00,55.00,0.7614,-1,-1,-1
1805,2,1688.00,1065.00,132.00,71.00,0.7792,-1,-1,-1
1806,1,1206.00,1105.00,120.00,58.00,0.7757,-1,-1,-1
1806,2,1692.00,1069.00,129.00,66.00,0.7320,-1,-1,-1
1807,1,1208.00,1105.00,117.00,58.00,0.7749,-1,-1,-1
1807,2,1691.00,1071.00,130.00,65.00,0.7223,-1,-1,-1
1808,1,1211.00,1107.00,111.00,54.00,0.7732,-1,-1,-1
1808,2,1698.00,1073.00,125.00,63.00,0.7086,-1,-1,-1
1809,1,1210.00,1105.00,110.00,55.00,0.6758,-1,-1,-1
1809,2,1695.00,1072.00,129.00,64.00,0.7527,-1,-1,-1
1810,1,1210.00,1106.00,111.00,55.00,0.7921,-1,-1,-1
1810,2,1694.00,1071.00,132.00,67.00,0.7975,-1,-1,-1
1811,1,1217.00,1109.00,109.00,53.00,0.7850,-1,-1,-1
1811,2,1694.00,1075.00,129.00,64.00,0.8067,-1,-1,-1
1812,1,1209.00,1105.00,119.00,59.00,0.8281,-1,-1,-1
1812,2,1699.00,1074.00,130.00,64.00,0.7562,-1,-1,-1
1813,1,1212.00,1106.00,115.00,58.00,0.8047,-1,-1,-1
1813,2,1700.00,1074.00,132.00,65.00,0.7503,-1,-1,-1
1814,1,1220.00,1110.00,104.00,53.00,0.8197,-1,-1,-1
1814,2,1703.00,1074.00,130.00,64.00,0.6956,-1,-1,-1
1815,1,1218.00,1112.00,109.00,51.00,0.8278,-1,-1,-1
1815,2,1701.00,1074.00,132.00,66.00,0.7449,-1,-1,-1
1816,1,1221.00,1113.00,108.00,50.00,0.8081,-1,-1,-1
1816,2,1701.00,1072.00,132.00,69.00,0.7660,-1,-1,-1
1817,1,1225.00,1116.00,102.00,46.00,0.7803,-1,-1,-1
1817,2,1703.00,1073.00,132.00,69.00,0.7559,-1,-1,-1
1818,1,1224.00,1116.00,101.00,46.00,0.7430,-1,-1,-1
1818,2,1705.00,1073.00,130.00,70.00,0.8145,-1,-1,-1
1819,1,1224.00,1116.00,105.00,48.00,0.7561,-1,-1,-1
1819,2,1704.00,1071.00,132.00,74.00,0.8304,-1,-1,-1
1820,1,1230.00,1115.00,102.00,49.00,0.7568,-1,-1,-1
1820,2,1702.00,1073.00,135.00,72.00,0.7943,-1,-1,-1
1821,1,1233.00,1114.00,100.00,50.00,0.7792,-1,-1,-1
1821,2,1702.00,1072.00,136.00,76.00,0.8590,-1,-1,-1
1822,1,1231.00,1111.00,109.00,55.00,0.7973,-1,-1,-1
1822,2,1701.00,1072.00,137.00,79.00,0.8908,-1,-1,-1
1823,1,1229.00,1109.00,120.00,57.00,0.8247,-1,-1,-1
1823,2,1702.00,1072.00,136.00,78.00,0.8660,-1,-1,-1
1824,1,1228.00,1107.00,123.00,59.00,0.8565,-1,-1,-1
1824,2,1704.00,1071.00,136.00,79.00,0.8235,-1,-1,-1
1825,1,1230.00,1107.00,121.00,58.00,0.8555,-1,-1,-1
1825,2,1706.00,1069.00,135.00,82.00,0.8178,-1,-1,-1
1826,1,1228.00,1106.00,124.00,59.00,0.8793,-1,-1,-1
1826,2,1707.00,1068.00,134.00,84.00,0.8230,-1,-1,-1
1827,1,1226.00,1106.00,125.00,60.00,0.9126,-1,-1,-1
1827,2,1710.00,1067.00,131.00,83.00,0.8032,-1,-1,-1
1828,1,1227.00,1107.00,121.00,57.00,0.9191,-1,-1,-1
1828,2,1714.00,1066.00,129.00,83.00,0.7793,-1,-1,-1
1829,1,1228.00,1104.00,123.00,60.00,0.9139,-1,-1,-1
1829,2,1713.00,1064.00,131.00,80.00,0.7832,-1,-1,-1
1830,1,1227.00,1106.00,122.00,58.00,0.9202,-1,-1,-1
1830,2,1711.00,1063.00,133.00,81.00,0.7439,-1,-1,-1
1831,1,1228.00,1108.00,119.00,56.00,0.8963,-1,-1,-1
1831,2,1716.00,1065.00,129.00,78.00,0.8085,-1,-1,-1
1832,1,1227.00,1107.00,122.00,56.00,0.9031,-1,-1,-1
1832,2,1717.00,1065.00,128.00,78.00,0.8134,-1,-1,-1
1833,1,1231.00,1109.00,114.00,53.00,0.8512,-1,-1,-1
1833,2,1715.00,1065.00,131.00,78.00,0.8148,-1,-1,-1
1834,1,1232.00,1109.00,115.00,52.00,0.8606,-1,-1,-1
1834,2,1715.00,1065.00,132.00,78.00,0.8308,-1,-1,-1
1835,1,1234.00,1108.00,114.00,54.00,0.8942,-1,-1,-1
1835,2,1713.00,1064.00,134.00,80.00,0.8265,-1,-1,-1
1836,1,1236.00,1108.00,111.00,53.00,0.8748,-1,-1,-1
1836,2,1712.00,1065.00,134.00,79.00,0.8094,-1,-1,-1
1837,1,1236.00,1108.00,113.00,54.00,0.8742,-1,-1,-1
1837,2,1712.00,1067.00,134.00,77.00,0.7676,-1,-1,-1
1838,1,1234.00,1107.00,114.00,53.00,0.7764,-1,-1,-1
1838,2,1713.00,1067.00,134.00,77.00,0.7788,-1,-1,-1
1839,1,1232.00,1103.00,118.00,58.00,0.8230,-1,-1,-1
1839,2,1714.00,1070.00,132.00,74.00,0.7389,-1,-1,-1
1840,1,1231.00,1104.00,118.00,57.00,0.8503,-1,-1,-1
1840,2,1714.00,1075.00,130.00,71.00,0.7841,-1,-1,-1
1841,1,1228.00,1105.00,117.00,56.00,0.8334,-1,-1,-1
1841,2,1712.00,1076.00,130.00,72.00,0.8156,-1,-1,-1
1842,1,1227.00,1107.00,116.00,53.00,0.7931,-1,-1,-1
1842,2,1711.00,1076.00,130.00,72.00,0.8115,-1,-1,-1
1843,1,1229.00,1106.00,111.00,56.00,0.6905,-1,-1,-1
1843,2,1712.00,1074.00,128.00,72.00,0.7426,-1,-1,-1
1844,1,1223.00,1110.00,111.00,52.00,0.7222,-1,-1,-1
1844,2,1707.00,1071.00,130.00,75.00,0.7828,-1,-1,-1
1845,1,1220.00,1108.00,115.00,54.00,0.7793,-1,-1,-1
1845,2,1706.00,1072.00,131.00,75.00,0.8168,-1,-1,-1
1846,1,1221.00,1109.00,115.00,56.00,0.8240,-1,-1,-1
1846,2,1706.00,1073.00,130.00,74.00,0.7861,-1,-1,-1
1847,1,1219.00,1109.00,122.00,57.00,0.8212,-1,-1,-1
1847,2,1720.00,1082.00,114.00,65.00,0.7180,-1,-1,-1
1848,1,1222.00,1113.00,116.00,53.00,0.7600,-1,-1,-1
1848,2,1701.00,1075.00,132.00,74.00,0.8374,-1,-1,-1
1849,1,1232.00,1115.00,107.00,52.00,0.5862,-1,-1,-1
1849,2,1698.00,1073.00,133.00,76.00,0.7768,-1,-1,-1
1850,1,1222.00,1115.00,117.00,55.00,0.7273,-1,-1,-1
1850,2,1696.00,1073.00,134.00,80.00,0.8337,-1,-1,-1
1851,1,1223.00,1115.00,115.00,55.00,0.6582,-1,-1,-1
1851,2,1697.00,1077.00,131.00,76.00,0.7969,-1,-1,-1
1852,2,1697.00,1075.00,131.00,79.00,0.8130,-1,-1,-1
1853,2,1693.00,1075.00,134.00,76.00,0.8157,-1,-1,-1
1854,1,1213.00,1120.00,115.00,63.00,0.6304,-1,-1,-1
1854,2,1693.00,1077.00,133.00,75.00,0.8387,-1,-1,-1
1855,1,1210.00,1123.00,117.00,62.00,0.7418,-1,-1,-1
1855,2,1695.00,1080.00,130.00,73.00,0.8087,-1,-1,-1
1856,1,1218.00,1122.00,109.00,64.00,0.7120,-1,-1,-1
1856,2,1705.00,1083.00,119.00,68.00,0.7174,-1,-1,-1
1857,1,1213.00,1118.00,118.00,67.00,0.6677,-1,-1,-1
1857,2,1695.00,1080.00,127.00,74.00,0.8167,-1,-1,-1
1858,1,1211.00,1121.00,118.00,67.00,0.7863,-1,-1,-1
1858,2,1692.00,1082.00,130.00,71.00,0.8181,-1,-1,-1
1859,1,1211.00,1125.00,120.00,60.00,0.7700,-1,-1,-1
1859,2,1693.00,1083.00,130.00,73.00,0.8212,-1,-1,-1
1860,1,1211.00,1125.00,118.00,62.00,0.8570,-1,-1,-1
1860,2,1695.00,1083.00,129.00,75.00,0.8324,-1,-1,-1
1861,1,1209.00,1127.00,118.00,62.00,0.8956,-1,-1,-1
1861,2,1693.00,1079.00,132.00,82.00,0.8407,-1,-1,-1
1862,1,1203.00,1127.00,124.00,61.00,0.8564,-1,-1,-1
1862,2,1690.00,1080.00,134.00,82.00,0.8510,-1,-1,-1
1863,1,1202.00,1130.00,116.00,58.00,0.7075,-1,-1,-1
1863,2,1689.00,1078.00,136.00,83.00,0.8558,-1,-1,-1
1864,1,1203.00,1131.00,119.00,57.00,0.8488,-1,-1,-1
1864,2,1689.00,1078.00,134.00,82.00,0.8508,-1,-1,-1
1865,1,1200.00,1134.00,125.00,53.00,0.8378,-1,-1,-1
1865,2,1688.00,1078.00,134.00,84.00,0.8477,-1,-1,-1
1866,1,1203.00,1135.00,116.00,55.00,0.8192,-1,-1,-1
1866,2,1685.00,1079.00,134.00,83.00,0.8354,-1,-1,-1
1867,1,1200.00,1134.00,126.00,57.00,0.8656,-1,-1,-1
1867,2,1682.00,1082.00,133.00,81.00,0.8557,-1,-1,-1
1868,1,1200.00,1136.00,122.00,55.00,0.7943,-1,-1,-1
1868,2,1679.00,1083.00,133.00,81.00,0.8619,-1,-1,-1
1869,1,1202.00,1141.00,116.00,50.00,0.7519,-1,-1,-1
1869,2,1682.00,1086.00,128.00,79.00,0.7370,-1,-1,-1
1870,1,1205.00,1142.00,114.00,50.00,0.6971,-1,-1,-1
1870,2,1680.00,1086.00,132.00,78.00,0.7619,-1,-1,-1
1871,1,1198.00,1143.00,117.00,52.00,0.6827,-1,-1,-1
1871,2,1676.00,1084.00,137.00,80.00,0.8079,-1,-1,-1
1872,1,1203.00,1145.00,113.00,51.00,0.7977,-1,-1,-1
1872,2,1672.00,1082.00,141.00,84.00,0.8593,-1,-1,-1
1873,1,1207.00,1148.00,104.00,50.00,0.6932,-1,-1,-1
1873,2,1672.00,1078.00,141.00,88.00,0.8929,-1,-1,-1
1874,1,1196.00,1148.00,117.00,51.00,0.8187,-1,-1,-1
1874,2,1673.00,1081.00,140.00,87.00,0.8729,-1,-1,-1
1875,1,1215.00,1153.00,93.00,46.00,0.7055,-1,-1,-1
1875,2,1674.00,1083.00,140.00,83.00,0.8110,-1,-1,-1
1876,1,1193.00,1150.00,115.00,53.00,0.7662,-1,-1,-1
1876,2,1675.00,1086.00,138.00,81.00,0.8211,-1,-1,-1
1877,1,1198.00,1150.00,112.00,53.00,0.8367,-1,-1,-1
1877,2,1676.00,1089.00,137.00,78.00,0.8099,-1,-1,-1
1878,1,1194.00,1150.00,113.00,55.00,0.8199,-1,-1,-1
1878,2,1673.00,1086.00,139.00,79.00,0.8385,-1,-1,-1
1879,1,1194.00,1150.00,115.00,58.00,0.8783,-1,-1,-1
1879,2,1671.00,1086.00,143.00,82.00,0.8472,-1,-1,-1
1880,1,1195.00,1152.00,116.00,58.00,0.8855,-1,-1,-1
1880,2,1674.00,1084.00,141.00,83.00,0.8187,-1,-1,-1
1881,1,1193.00,1151.00,116.00,60.00,0.8857,-1,-1,-1
1881,2,1678.00,1088.00,136.00,79.00,0.7271,-1,-1,-1
1882,1,1194.00,1152.00,114.00,59.00,0.8859,-1,-1,-1
1882,2,1675.00,1087.00,140.00,80.00,0.7734,-1,-1,-1
1883,1,1190.00,1150.00,119.00,63.00,0.8418,-1,-1,-1
1883,2,1671.00,1086.00,142.00,82.00,0.8491,-1,-1,-1
1884,1,1193.00,1153.00,117.00,62.00,0.8640,-1,-1,-1
1884,2,1672.00,1086.00,142.00,83.00,0.8564,-1,-1,-1
1885,1,1195.00,1156.00,113.00,58.00,0.8452,-1,-1,-1
1885,2,1673.00,1085.00,140.00,85.00,0.8659,-1,-1,-1
1886,1,1195.00,1157.00,115.00,59.00,0.8330,-1,-1,-1
1886,2,1673.00,1088.00,141.00,83.00,0.8320,-1,-1,-1
1887,1,1195.00,1158.00,117.00,60.00,0.8532,-1,-1,-1
1887,2,1674.00,1089.00,139.00,81.00,0.8206,-1,-1,-1
1888,1,1209.00,1160.00,108.00,59.00,0.7449,-1,-1,-1
1888,2,1676.00,1093.00,137.00,77.00,0.7747,-1,-1,-1
1889,1,1200.00,1161.00,115.00,59.00,0.8097,-1,-1,-1
1889,2,1676.00,1095.00,137.00,78.00,0.7868,-1,-1,-1
1890,1,1198.00,1161.00,118.00,61.00,0.7861,-1,-1,-1
1890,2,1677.00,1093.00,135.00,80.00,0.7844,-1,-1,-1
1891,1,1203.00,1162.00,116.00,59.00,0.8053,-1,-1,-1
1891,2,1677.00,1098.00,135.00,74.00,0.8309,-1,-1,-1
1892,1,1205.00,1162.00,113.00,60.00,0.7938,-1,-1,-1
1892,2,1678.00,1097.00,134.00,76.00,0.8363,-1,-1,-1
1893,1,1212.00,1164.00,107.00,58.00,0.8359,-1,-1,-1
1893,2,1681.00,1098.00,134.00,77.00,0.7685,-1,-1,-1
1894,1,1207.00,1164.00,113.00,60.00,0.8017,-1,-1,-1
1894,2,1681.00,1096.00,136.00,79.00,0.7475,-1,-1,-1
1895,1,1203.00,1167.00,114.00,59.00,0.8146,-1,-1,-1
1895,2,1683.00,1097.00,134.00,78.00,0.8233,-1,-1,-1
1896,1,1203.00,1168.00,116.00,58.00,0.8173,-1,-1,-1
1896,2,1681.00,1096.00,134.00,78.00,0.8482,-1,-1,-1
1897,1,1201.00,1170.00,117.00,58.00,0.8247,-1,-1,-1
1897,2,1681.00,1099.00,132.00,73.00,0.8434,-1,-1,-1
1898,1,1204.00,1171.00,118.00,57.00,0.8253,-1,-1,-1
1898,2,1684.00,1099.00,135.00,73.00,0.8507,-1,-1,-1
1899,1,1202.00,1172.00,126.00,59.00,0.7678,-1,-1,-1
1899,2,1684.00,1096.00,139.00,79.00,0.8700,-1,-1,-1
1900,1,1203.00,1171.00,126.00,60.00,0.7736,-1,-1,-1
1900,2,1687.00,1099.00,138.00,76.00,0.8493,-1,-1,-1
1901,1,1205.00,1173.00,126.00,59.00,0.8057,-1,-1,-1
1901,2,1683.00,1098.00,142.00,78.00,0.8830,-1,-1,-1
1902,1,1206.00,1173.00,126.00,61.00,0.8053,-1,-1,-1
1902,2,1688.00,1104.00,138.00,69.00,0.8493,-1,-1,-1
1903,1,1215.00,1177.00,117.00,56.00,0.8124,-1,-1,-1
1903,2,1692.00,1104.00,133.00,67.00,0.8539,-1,-1,-1
1904,1,1215.00,1179.00,118.00,56.00,0.8049,-1,-1,-1
1904,2,1697.00,1105.00,133.00,66.00,0.8216,-1,-1,-1
1905,1,1221.00,1180.00,113.00,55.00,0.7507,-1,-1,-1
1905,2,1721.00,1110.00,111.00,57.00,0.7492,-1,-1,-1
1906,1,1220.00,1180.00,118.00,55.00,0.6709,-1,-1,-1
1906,2,1720.00,1109.00,114.00,59.00,0.7734,-1,-1,-1
1907,1,1234.00,1181.00,101.00,54.00,0.6295,-1,-1,-1
1907,2,1724.00,1111.00,112.00,56.00,0.7794,-1,-1,-1
1908,1,1231.00,1182.00,108.00,54.00,0.6994,-1,-1,-1
1908,2,1718.00,1110.00,119.00,58.00,0.7583,-1,-1,-1
1909,1,1247.00,1184.00,92.00,50.00,0.7864,-1,-1,-1
1909,2,1720.00,1111.00,118.00,61.00,0.7606,-1,-1,-1
1910,1,1235.00,1184.00,107.00,53.00,0.7960,-1,-1,-1
1910,2,1708.00,1108.00,132.00,67.00,0.8020,-1,-1,-1
1911,1,1235.00,1184.00,112.00,55.00,0.7857,-1,-1,-1
1911,2,1715.00,1107.00,127.00,66.00,0.8261,-1,-1,-1
1912,1,1234.00,1184.00,115.00,57.00,0.8099,-1,-1,-1
1912,2,1719.00,1106.00,125.00,68.00,0.8120,-1,-1,-1
1913,1,1245.00,1187.00,105.00,52.00,0.8221,-1,-1,-1
1913,2,1718.00,1105.00,127.00,71.00,0.8221,-1,-1,-1
1914,1,1246.00,1186.00,108.00,56.00,0.7814,-1,-1,-1
1914,2,1731.00,1109.00,118.00,68.00,0.7122,-1,-1,-1
1915,1,1247.00,1187.00,109.00,56.00,0.8018,-1,-1,-1
1915,2,1722.00,1105.00,129.00,73.00,0.7953,-1,-1,-1
1916,1,1245.00,1189.00,110.00,59.00,0.8620,-1,-1,-1
1916,2,1721.00,1103.00,131.00,75.00,0.8216,-1,-1,-1
1917,1,1246.00,1189.00,115.00,60.00,0.8653,-1,-1,-1
1917,2,1724.00,1103.00,132.00,75.00,0.8033,-1,-1,-1
1918,1,1254.00,1191.00,107.00,57.00,0.8441,-1,-1,-1
1918,2,1727.00,1104.00,133.00,73.00,0.7778,-1,-1,-1
1919,1,1252.00,1193.00,111.00,55.00,0.8442,-1,-1,-1
1919,2,1736.00,1105.00,129.00,72.00,0.8209,-1,-1,-1
1920,1,1256.00,1191.00,120.00,58.00,0.7773,-1,-1,-1
1920,2,1741.00,1106.00,126.00,72.00,0.8206,-1,-1,-1
1921,1,1255.00,1193.00,125.00,58.00,0.7634,-1,-1,-1
1921,2,1740.00,1106.00,130.00,73.00,0.8427,-1,-1,-1
1922,1,1259.00,1194.00,122.00,58.00,0.6975,-1,-1,-1
1922,2,1736.00,1104.00,136.00,79.00,0.8651,-1,-1,-1
1923,1,1266.00,1195.00,113.00,59.00,0.7452,-1,-1,-1
1923,2,1739.00,1110.00,132.00,70.00,0.8519,-1,-1,-1
1924,1,1270.00,1194.00,115.00,60.00,0.7089,-1,-1,-1
1924,2,1743.00,1109.00,134.00,70.00,0.8272,-1,-1,-1
1925,1,1272.00,1195.00,116.00,60.00,0.7405,-1,-1,-1
1925,2,1749.00,1108.00,132.00,71.00,0.8284,-1,-1,-1
1926,1,1274.00,1197.00,119.00,58.00,0.7477,-1,-1,-1
1926,2,1751.00,1108.00,133.00,73.00,0.8170,-1,-1,-1
1927,1,1282.00,1199.00,117.00,60.00,0.7848,-1,-1,-1
1927,2,1755.00,1108.00,129.00,75.00,0.8592,-1,-1,-1
1928,1,1282.00,1197.00,120.00,63.00,0.8265,-1,-1,-1
1928,2,1757.00,1108.00,129.00,76.00,0.8450,-1,-1,-1
1929,1,1291.00,1198.00,116.00,63.00,0.6871,-1,-1,-1
1929,2,1760.00,1106.00,133.00,78.00,0.8650,-1,-1,-1
1930,1,1293.00,1199.00,116.00,63.00,0.8394,-1,-1,-1
1930,2,1759.00,1108.00,135.00,76.00,0.9026,-1,-1,-1
1931,1,1302.00,1200.00,109.00,61.00,0.7621,-1,-1,-1
1931,2,1762.00,1106.00,138.00,79.00,0.9052,-1,-1,-1
1932,1,1299.00,1203.00,111.00,61.00,0.7744,-1,-1,-1
1932,2,1766.00,1107.00,135.00,79.00,0.8800,-1,-1,-1
1933,1,1305.00,1206.00,108.00,58.00,0.7889,-1,-1,-1
1933,2,1766.00,1107.00,140.00,79.00,0.8748,-1,-1,-1
1934,1,1306.00,1205.00,112.00,62.00,0.8654,-1,-1,-1
1934,2,1772.00,1108.00,137.00,78.00,0.8530,-1,-1,-1
1935,1,1311.00,1207.00,111.00,59.00,0.8455,-1,-1,-1
1935,2,1776.00,1108.00,134.00,80.00,0.8820,-1,-1,-1
1936,1,1313.00,1208.00,111.00,60.00,0.8509,-1,-1,-1
1936,2,1779.00,1111.00,133.00,76.00,0.8198,-1,-1,-1
1937,1,1315.00,1209.00,112.00,60.00,0.8417,-1,-1,-1
1937,2,1779.00,1113.00,140.00,74.00,0.7869,-1,-1,-1
1938,1,1317.00,1211.00,113.00,59.00,0.8118,-1,-1,-1
1938,2,1786.00,1115.00,136.00,73.00,0.7981,-1,-1,-1
1939,1,1313.00,1211.00,122.00,64.00,0.8228,-1,-1,-1
1939,2,1788.00,1115.00,137.00,73.00,0.7931,-1,-1,-1
1940,1,1325.00,1215.00,110.00,59.00,0.8211,-1,-1,-1
1940,2,1793.00,1114.00,136.00,73.00,0.8173,-1,-1,-1
1941,1,1327.00,1215.00,113.00,62.00,0.8075,-1,-1,-1
1941,2,1799.00,1117.00,131.00,70.00,0.7619,-1,-1,-1
1942,1,1331.00,1215.00,121.00,62.00,0.7925,-1,-1,-1
1942,2,1803.00,1113.00,131.00,73.00,0.7980,-1,-1,-1
1943,1,1335.00,1212.00,119.00,66.00,0.8425,-1,-1,-1
1943,2,1808.00,1114.00,130.00,73.00,0.7597,-1,-1,-1
1944,1,1337.00,1214.00,122.00,66.00,0.8381,-1,-1,-1
1944,2,1808.00,1115.00,134.00,73.00,0.7768,-1,-1,-1
1945,1,1346.00,1215.00,113.00,64.00,0.7913,-1,-1,-1
1945,2,1812.00,1117.00,132.00,70.00,0.7998,-1,-1,-1
1946,1,1350.00,1217.00,112.00,63.00,0.8071,-1,-1,-1
1946,2,1813.00,1116.00,137.00,73.00,0.8670,-1,-1,-1
1947,1,1354.00,1218.00,117.00,63.00,0.8361,-1,-1,-1
1947,2,1817.00,1117.00,138.00,72.00,0.8609,-1,-1,-1
1948,1,1360.00,1218.00,114.00,65.00,0.8041,-1,-1,-1
1948,2,1820.00,1118.00,137.00,75.00,0.8738,-1,-1,-1
1949,1,1372.00,1221.00,105.00,62.00,0.8512,-1,-1,-1
1949,2,1823.00,1119.00,133.00,74.00,0.8999,-1,-1,-1
1950,1,1377.00,1222.00,104.00,61.00,0.8366,-1,-1,-1
1950,2,1829.00,1118.00,136.00,72.00,0.8124,-1,-1,-1
1951,1,1377.00,1221.00,113.00,62.00,0.8706,-1,-1,-1
1951,2,1832.00,1123.00,138.00,68.00,0.8192,-1,-1,-1
1952,1,1383.00,1224.00,113.00,60.00,0.8269,-1,-1,-1
1952,2,1842.00,1121.00,132.00,67.00,0.7934,-1,-1,-1
1953,1,1386.00,1225.00,111.00,62.00,0.7924,-1,-1,-1
1953,2,1842.00,1119.00,139.00,73.00,0.8548,-1,-1,-1
1954,1,1395.00,1227.00,107.00,60.00,0.8308,-1,-1,-1
1954,2,1852.00,1120.00,129.00,70.00,0.7762,-1,-1,-1
1955,1,1399.00,1229.00,107.00,58.00,0.7667,-1,-1,-1
1955,2,1856.00,1118.00,132.00,68.00,0.7381,-1,-1,-1
1956,1,1400.00,1229.00,110.00,63.00,0.8153,-1,-1,-1
1956,2,1862.00,1118.00,131.00,68.00,0.7909,-1,-1,-1
1957,1,1401.00,1231.00,115.00,62.00,0.8557,-1,-1,-1
1957,2,1866.00,1119.00,131.00,67.00,0.8277,-1,-1,-1
1958,1,1411.00,1232.00,110.00,62.00,0.8427,-1,-1,-1
1958,2,1870.00,1117.00,133.00,67.00,0.8611,-1,-1,-1
1959,1,1407.00,1230.00,120.00,68.00,0.8707,-1,-1,-1
1959,2,1879.00,1117.00,126.00,66.00,0.7623,-1,-1,-1
1960,1,1411.00,1231.00,122.00,68.00,0.8775,-1,-1,-1
1960,2,1881.00,1117.00,128.00,68.00,0.7744,-1,-1,-1
1961,1,1417.00,1233.00,115.00,65.00,0.8653,-1,-1,-1
1961,2,1882.00,1115.00,130.00,69.00,0.8561,-1,-1,-1
1962,1,1430.00,1235.00,110.00,62.00,0.8616,-1,-1,-1
1962,2,1892.00,1115.00,125.00,68.00,0.8722,-1,-1,-1
1963,1,1427.00,1234.00,118.00,68.00,0.8623,-1,-1,-1
1963,2,1893.00,1113.00,133.00,71.00,0.8741,-1,-1,-1
1964,1,1435.00,1235.00,113.00,66.00,0.8262,-1,-1,-1
1964,2,1895.00,1111.00,134.00,72.00,0.8719,-1,-1,-1
1965,1,1438.00,1235.00,116.00,69.00,0.8818,-1,-1,-1
1965,2,1904.00,1111.00,127.00,72.00,0.8070,-1,-1,-1
1966,1,1442.00,1237.00,111.00,65.00,0.8905,-1,-1,-1
1966,2,1905.00,1108.00,129.00,73.00,0.8811,-1,-1,-1
1967,1,1444.00,1231.00,120.00,69.00,0.8843,-1,-1,-1
1967,2,1908.00,1102.00,130.00,72.00,0.8689,-1,-1,-1
1968,1,1451.00,1228.00,117.00,64.00,0.8100,-1,-1,-1
1968,2,1916.00,1099.00,129.00,72.00,0.8889,-1,-1,-1
1969,1,1458.00,1221.00,115.00,65.00,0.8175,-1,-1,-1
1969,2,1916.00,1088.00,135.00,76.00,0.8636,-1,-1,-1
1970,1,1464.00,1215.00,115.00,65.00,0.8490,-1,-1,-1
1970,2,1920.00,1083.00,133.00,76.00,0.8733,-1,-1,-1
1971,1,1468.00,1210.00,112.00,67.00,0.8981,-1,-1,-1
1971,2,1927.00,1078.00,129.00,73.00,0.8705,-1,-1,-1
1972,1,1467.00,1204.00,117.00,71.00,0.9053,-1,-1,-1
1972,2,1925.00,1071.00,131.00,75.00,0.8147,-1,-1,-1
1973,1,1474.00,1202.00,115.00,65.00,0.8821,-1,-1,-1
1973,2,1925.00,1061.00,137.00,77.00,0.8760,-1,-1,-1
1974,1,1479.00,1199.00,111.00,66.00,0.8760,-1,-1,-1
1974,2,1936.00,1061.00,128.00,73.00,0.8487,-1,-1,-1
1975,1,1486.00,1196.00,106.00,67.00,0.8971,-1,-1,-1
1975,2,1942.00,1055.00,127.00,74.00,0.8368,-1,-1,-1
1976,1,1489.00,1196.00,105.00,66.00,0.8922,-1,-1,-1
1976,2,1937.00,1051.00,134.00,76.00,0.8647,-1,-1,-1
1977,1,1497.00,1193.00,102.00,66.00,0.8741,-1,-1,-1
1977,2,1940.00,1048.00,135.00,76.00,0.9116,-1,-1,-1
1978,1,1497.00,1191.00,106.00,70.00,0.8877,-1,-1,-1
1978,2,1945.00,1045.00,131.00,76.00,0.8772,-1,-1,-1
1979,1,1499.00,1189.00,110.00,73.00,0.8786,-1,-1,-1
1979,2,1944.00,1043.00,131.00,76.00,0.8279,-1,-1,-1
1980,1,1502.00,1192.00,114.00,72.00,0.8130,-1,-1,-1
1980,2,1946.00,1040.00,135.00,77.00,0.7614,-1,-1,-1
1981,1,1514.00,1194.00,103.00,67.00,0.8495,-1,-1,-1
1981,2,1952.00,1039.00,133.00,77.00,0.8098,-1,-1,-1
1982,1,1514.00,1196.00,106.00,69.00,0.8776,-1,-1,-1
1982,2,1951.00,1038.00,140.00,76.00,0.8645,-1,-1,-1
1983,1,1523.00,1197.00,99.00,65.00,0.8200,-1,-1,-1
1983,2,1962.00,1039.00,130.00,72.00,0.8241,-1,-1,-1
1984,1,1525.00,1199.00,101.00,63.00,0.8387,-1,-1,-1
1984,2,1964.00,1039.00,130.00,72.00,0.8288,-1,-1,-1
1985,1,1531.00,1201.00,101.00,61.00,0.8241,-1,-1,-1
1985,2,1961.00,1034.00,139.00,79.00,0.8520,-1,-1,-1
1986,1,1534.00,1201.00,102.00,64.00,0.8252,-1,-1,-1
1986,2,1966.00,1033.00,137.00,80.00,0.8649,-1,-1,-1
1987,1,1533.00,1205.00,106.00,64.00,0.8510,-1,-1,-1
1987,2,1967.00,1030.00,136.00,84.00,0.8877,-1,-1,-1
1988,1,1536.00,1206.00,106.00,65.00,0.8810,-1,-1,-1
1988,2,1972.00,1029.00,133.00,82.00,0.8467,-1,-1,-1
1989,1,1537.00,1206.00,108.00,67.00,0.8816,-1,-1,-1
1989,2,1972.00,1028.00,135.00,83.00,0.8590,-1,-1,-1
1990,1,1538.00,1207.00,111.00,70.00,0.8821,-1,-1,-1
1990,2,1975.00,1028.00,134.00,81.00,0.8523,-1,-1,-1
1991,1,1541.00,1208.00,109.00,71.00,0.8964,-1,-1,-1
1991,2,1975.00,1026.00,134.00,81.00,0.8381,-1,-1,-1
1992,1,1541.00,1212.00,109.00,70.00,0.8953,-1,-1,-1
1992,2,1976.00,1025.00,130.00,79.00,0.7821,-1,-1,-1
1993,1,1541.00,1212.00,108.00,74.00,0.8726,-1,-1,-1
1993,2,1972.00,1021.00,134.00,84.00,0.8155,-1,-1,-1
1994,1,1541.00,1213.00,107.00,75.00,0.8894,-1,-1,-1
1994,2,1972.00,1023.00,130.00,78.00,0.7852,-1,-1,-1
1995,1,1540.00,1212.00,110.00,81.00,0.9032,-1,-1,-1
1995,2,1971.00,1020.00,130.00,80.00,0.7708,-1,-1,-1
1996,1,1542.00,1214.00,108.00,79.00,0.8854,-1,-1,-1
1996,2,1972.00,1015.00,128.00,79.00,0.6967,-1,-1,-1
1997,1,1546.00,1216.00,103.00,78.00,0.8211,-1,-1,-1
1997,2,1966.00,1012.00,130.00,82.00,0.7872,-1,-1,-1
1998,1,1543.00,1219.00,107.00,80.00,0.7996,-1,-1,-1
1998,2,1968.00,1009.00,126.00,83.00,0.8646,-1,-1,-1
1999,1,1541.00,1224.00,106.00,81.00,0.8595,-1,-1,-1
1999,2,1964.00,1004.00,129.00,89.00,0.8436,-1,-1,-1
2000,1,1541.00,1227.00,105.00,80.00,0.8296,-1,-1,-1
2000,2,1961.00,1001.00,128.00,89.00,0.8174,-1,-1,-1
2001,1,1541.00,1228.00,105.00,84.00,0.8791,-1,-1,-1
2001,2,1958.00,1003.00,126.00,83.00,0.8470,-1,-1,-1
2002,1,1539.00,1231.00,107.00,82.00,0.8504,-1,-1,-1
2002,2,1957.00,999.00,124.00,84.00,0.8379,-1,-1,-1
2003,1,1540.00,1236.00,105.00,79.00,0.8768,-1,-1,-1
2003,2,1955.00,995.00,121.00,85.00,0.7744,-1,-1,-1
2004,1,1543.00,1233.00,102.00,81.00,0.8854,-1,-1,-1
2004,2,1955.00,994.00,118.00,86.00,0.7852,-1,-1,-1
2005,1,1538.00,1237.00,108.00,84.00,0.8875,-1,-1,-1
2005,2,1952.00,990.00,120.00,87.00,0.7997,-1,-1,-1
2006,1,1538.00,1240.00,108.00,84.00,0.8242,-1,-1,-1
2006,2,1951.00,988.00,118.00,89.00,0.8454,-1,-1,-1
2007,1,1543.00,1240.00,104.00,82.00,0.7953,-1,-1,-1
2007,2,1949.00,985.00,117.00,91.00,0.8766,-1,-1,-1
2008,1,1543.00,1242.00,102.00,79.00,0.7897,-1,-1,-1
2008,2,1947.00,984.00,116.00,91.00,0.8989,-1,-1,-1
2009,1,1541.00,1245.00,103.00,81.00,0.7982,-1,-1,-1
2009,2,1940.00,980.00,120.00,92.00,0.8684,-1,-1,-1
2010,1,1543.00,1247.00,103.00,83.00,0.8310,-1,-1,-1
2010,2,1935.00,979.00,121.00,91.00,0.8683,-1,-1,-1
2011,1,1546.00,1248.00,99.00,82.00,0.8279,-1,-1,-1
2011,2,1929.00,973.00,124.00,97.00,0.8799,-1,-1,-1
2012,1,1547.00,1251.00,98.00,82.00,0.8740,-1,-1,-1
2012,2,1929.00,969.00,123.00,97.00,0.8644,-1,-1,-1
2013,1,1546.00,1254.00,100.00,83.00,0.8850,-1,-1,-1
2013,2,1924.00,966.00,126.00,98.00,0.8435,-1,-1,-1
2014,1,1548.00,1255.00,97.00,84.00,0.8939,-1,-1,-1
2014,2,1922.00,959.00,123.00,103.00,0.8669,-1,-1,-1
2015,1,1548.00,1257.00,97.00,81.00,0.8983,-1,-1,-1
2015,2,1922.00,956.00,121.00,101.00,0.8851,-1,-1,-1
2016,1,1551.00,1259.00,95.00,81.00,0.8459,-1,-1,-1
2016,2,1917.00,953.00,126.00,105.00,0.8894,-1,-1,-1
2017,1,1549.00,1261.00,98.00,83.00,0.8335,-1,-1,-1
2017,2,1913.00,949.00,127.00,108.00,0.8545,-1,-1,-1
2018,1,1548.00,1263.00,99.00,85.00,0.8002,-1,-1,-1
2018,2,1907.00,946.00,128.00,114.00,0.8425,-1,-1,-1
2019,1,1552.00,1265.00,94.00,82.00,0.8069,-1,-1,-1
2019,2,1908.00,945.00,119.00,111.00,0.8729,-1,-1,-1
2020,1,1554.00,1265.00,93.00,84.00,0.7900,-1,-1,-1
2020,2,1902.00,943.00,123.00,111.00,0.8578,-1,-1,-1
2021,1,1552.00,1271.00,94.00,86.00,0.8772,-1,-1,-1
2021,2,1899.00,940.00,123.00,115.00,0.8340,-1,-1,-1
2022,1,1552.00,1274.00,93.00,86.00,0.9029,-1,-1,-1
2022,2,1893.00,944.00,123.00,107.00,0.8364,-1,-1,-1
2023,1,1550.00,1276.00,93.00,85.00,0.9203,-1,-1,-1
2023,2,1887.00,938.00,124.00,115.00,0.8641,-1,-1,-1
2024,1,1551.00,1277.00,91.00,87.00,0.9215,-1,-1,-1
2024,2,1885.00,936.00,121.00,110.00,0.8437,-1,-1,-1
2025,1,1555.00,1278.00,87.00,88.00,0.9243,-1,-1,-1
2025,2,1877.00,936.00,118.00,111.00,0.8242,-1,-1,-1
2026,1,1555.00,1279.00,88.00,87.00,0.9273,-1,-1,-1
2026,2,1875.00,932.00,117.00,112.00,0.8555,-1,-1,-1
2027,1,1556.00,1280.00,86.00,90.00,0.9114,-1,-1,-1
2027,2,1869.00,930.00,116.00,111.00,0.8682,-1,-1,-1
2028,1,1557.00,1282.00,84.00,88.00,0.8851,-1,-1,-1
2028,2,1866.00,925.00,116.00,113.00,0.7551,-1,-1,-1
2029,1,1556.00,1283.00,85.00,92.00,0.8665,-1,-1,-1
2029,2,1860.00,921.00,113.00,118.00,0.8279,-1,-1,-1
2030,1,1554.00,1283.00,87.00,97.00,0.8638,-1,-1,-1
2030,2,1859.00,921.00,106.00,116.00,0.8403,-1,-1,-1
2031,1,1554.00,1284.00,88.00,98.00,0.8471,-1,-1,-1
2031,2,1850.00,920.00,110.00,115.00,0.8291,-1,-1,-1
2032,1,1556.00,1285.00,86.00,100.00,0.8436,-1,-1,-1
2032,2,1849.00,917.00,106.00,111.00,0.8085,-1,-1,-1
2033,1,1552.00,1288.00,90.00,102.00,0.9090,-1,-1,-1
2033,2,1839.00,913.00,111.00,122.00,0.8521,-1,-1,-1
2034,1,1551.00,1291.00,91.00,103.00,0.9285,-1,-1,-1
2034,2,1832.00,913.00,110.00,119.00,0.8351,-1,-1,-1
2035,1,1553.00,1293.00,86.00,102.00,0.9055,-1,-1,-1
2035,2,1833.00,909.00,103.00,116.00,0.8226,-1,-1,-1
2036,1,1553.00,1294.00,86.00,105.00,0.8853,-1,-1,-1
2036,2,1828.00,908.00,101.00,117.00,0.8645,-1,-1,-1
2037,1,1553.00,1297.00,84.00,104.00,0.8790,-1,-1,-1
2037,2,1823.00,905.00,100.00,116.00,0.8201,-1,-1,-1
2038,1,1552.00,1299.00,86.00,103.00,0.8757,-1,-1,-1
2038,2,1815.00,904.00,103.00,117.00,0.8178,-1,-1,-1
2039,1,1553.00,1301.00,84.00,102.00,0.8740,-1,-1,-1
2039,2,1815.00,901.00,95.00,111.00,0.8560,-1,-1,-1
2040,1,1555.00,1301.00,82.00,106.00,0.8431,-1,-1,-1
2040,2,1811.00,899.00,93.00,111.00,0.8251,-1,-1,-1
2041,1,1555.00,1303.00,82.00,108.00,0.8294,-1,-1,-1
2041,2,1803.00,896.00,96.00,112.00,0.8689,-1,-1,-1
2042,1,1556.00,1304.00,80.00,110.00,0.8025,-1,-1,-1
2042,2,1803.00,894.00,90.00,114.00,0.8589,-1,-1,-1
2043,1,1561.00,1306.00,74.00,108.00,0.7555,-1,-1,-1
2043,2,1797.00,893.00,89.00,111.00,0.8269,-1,-1,-1
2044,1,1563.00,1307.00,72.00,109.00,0.7279,-1,-1,-1
2044,2,1790.00,893.00,90.00,114.00,0.8344,-1,-1,-1
2045,1,1559.00,1308.00,78.00,115.00,0.7871,-1,-1,-1
2045,2,1784.00,892.00,92.00,113.00,0.8684,-1,-1,-1
2046,1,1559.00,1310.00,79.00,115.00,0.8235,-1,-1,-1
2046,2,1781.00,890.00,89.00,115.00,0.8722,-1,-1,-1
2047,1,1561.00,1315.00,77.00,110.00,0.8461,-1,-1,-1
2047,2,1781.00,889.00,82.00,114.00,0.7889,-1,-1,-1
2048,1,1563.00,1317.00,76.00,107.00,0.8477,-1,-1,-1
2048,2,1773.00,888.00,88.00,114.00,0.8218,-1,-1,-1
2049,1,1565.00,1318.00,75.00,106.00,0.8613,-1,-1,-1
2049,2,1770.00,887.00,84.00,114.00,0.8136,-1,-1,-1
2050,1,1566.00,1321.00,75.00,105.00,0.8622,-1,-1,-1
2050,2,1767.00,884.00,86.00,117.00,0.8428,-1,-1,-1
2051,1,1567.00,1323.00,76.00,104.00,0.8417,-1,-1,-1
2051,2,1762.00,882.00,87.00,120.00,0.8510,-1,-1,-1
2052,1,1567.00,1323.00,78.00,107.00,0.8385,-1,-1,-1
2052,2,1759.00,882.00,86.00,119.00,0.7827,-1,-1,-1
2053,1,1567.00,1320.00,79.00,111.00,0.8726,-1,-1,-1
2053,2,1757.00,881.00,84.00,118.00,0.6947,-1,-1,-1
2054,1,1569.00,1322.00,79.00,112.00,0.8785,-1,-1,-1
2054,2,1752.00,878.00,86.00,120.00,0.7690,-1,-1,-1
2055,1,1571.00,1324.00,80.00,113.00,0.8843,-1,-1,-1
2055,2,1752.00,877.00,82.00,123.00,0.8038,-1,-1,-1
2056,1,1577.00,1323.00,77.00,113.00,0.8506,-1,-1,-1
2056,2,1752.00,876.00,82.00,122.00,0.8462,-1,-1,-1
2057,1,1584.00,1324.00,73.00,110.00,0.8365,-1,-1,-1
2057,2,1751.00,875.00,84.00,122.00,0.8542,-1,-1,-1
2058,1,1588.00,1322.00,75.00,111.00,0.8202,-1,-1,-1
2058,2,1752.00,873.00,86.00,123.00,0.8060,-1,-1,-1
2059,1,1589.00,1323.00,78.00,111.00,0.8526,-1,-1,-1
2059,2,1754.00,872.00,86.00,124.00,0.7987,-1,-1,-1
2060,1,1594.00,1323.00,78.00,114.00,0.8675,-1,-1,-1
2060,2,1756.00,871.00,87.00,124.00,0.7863,-1,-1,-1
2061,1,1601.00,1322.00,76.00,111.00,0.8586,-1,-1,-1
2061,2,1759.00,870.00,91.00,123.00,0.8448,-1,-1,-1
2062,1,1608.00,1319.00,72.00,110.00,0.8329,-1,-1,-1
2062,2,1763.00,870.00,90.00,120.00,0.8756,-1,-1,-1
2063,1,1615.00,1321.00,72.00,109.00,0.8699,-1,-1,-1
2063,2,1767.00,867.00,88.00,123.00,0.8571,-1,-1,-1
2064,1,1616.00,1319.00,76.00,113.00,0.8253,-1,-1,-1
2064,2,1771.00,867.00,85.00,121.00,0.8498,-1,-1,-1
2065,1,1624.00,1321.00,73.00,107.00,0.8145,-1,-1,-1
2065,2,1773.00,864.00,85.00,126.00,0.7872,-1,-1,-1
2066,1,1632.00,1315.00,71.00,112.00,0.8486,-1,-1,-1
2066,2,1778.00,863.00,85.00,119.00,0.8097,-1,-1,-1
2067,1,1640.00,1316.00,73.00,109.00,0.8176,-1,-1,-1
2067,2,1782.00,861.00,89.00,125.00,0.8499,-1,-1,-1
2068,1,1646.00,1314.00,77.00,111.00,0.8341,-1,-1,-1
2068,2,1793.00,860.00,84.00,121.00,0.8710,-1,-1,-1
2069,1,1658.00,1310.00,70.00,114.00,0.8719,-1,-1,-1
2069,2,1800.00,859.00,81.00,122.00,0.8406,-1,-1,-1
2070,1,1666.00,1307.00,73.00,116.00,0.7979,-1,-1,-1
2070,2,1806.00,857.00,87.00,124.00,0.8634,-1,-1,-1
2071,1,1672.00,1304.00,75.00,118.00,0.7681,-1,-1,-1
2071,2,1816.00,856.00,85.00,121.00,0.8936,-1,-1,-1
2072,1,1681.00,1305.00,71.00,117.00,0.8276,-1,-1,-1
2072,2,1823.00,855.00,83.00,122.00,0.8693,-1,-1,-1
2073,1,1690.00,1300.00,72.00,119.00,0.8064,-1,-1,-1
2073,2,1833.00,854.00,83.00,124.00,0.8209,-1,-1,-1
2074,1,1696.00,1301.00,78.00,118.00,0.8231,-1,-1,-1
2074,2,1840.00,853.00,83.00,122.00,0.9006,-1,-1,-1
2075,1,1704.00,1303.00,75.00,112.00,0.8690,-1,-1,-1
2075,2,1849.00,853.00,78.00,119.00,0.8437,-1,-1,-1
2076,1,1713.00,1298.00,76.00,121.00,0.8611,-1,-1,-1
2076,2,1853.00,851.00,84.00,127.00,0.7041,-1,-1,-1
2077,1,1723.00,1299.00,74.00,116.00,0.8242,-1,-1,-1
2077,2,1866.00,850.00,77.00,121.00,0.8554,-1,-1,-1
2078,1,1728.00,1302.00,75.00,112.00,0.8372,-1,-1,-1
2078,2,1872.00,851.00,79.00,123.00,0.8439,-1,-1,-1
2079,1,1737.00,1299.00,78.00,114.00,0.8481,-1,-1,-1
2079,2,1880.00,849.00,76.00,125.00,0.6787,-1,-1,-1
2080,1,1746.00,1299.00,78.00,114.00,0.8434,-1,-1,-1
2080,2,1886.00,850.00,80.00,122.00,0.8271,-1,-1,-1
2081,1,1753.00,1299.00,78.00,116.00,0.8249,-1,-1,-1
2081,2,1895.00,850.00,78.00,122.00,0.8525,-1,-1,-1
2082,1,1758.00,1298.00,79.00,116.00,0.8120,-1,-1,-1
2082,2,1903.00,849.00,74.00,120.00,0.7898,-1,-1,-1
2083,1,1765.00,1303.00,82.00,112.00,0.8045,-1,-1,-1
2083,2,1906.00,851.00,80.00,124.00,0.7461,-1,-1,-1
2084,1,1776.00,1300.00,77.00,113.00,0.7373,-1,-1,-1
2084,2,1917.00,850.00,76.00,120.00,0.8559,-1,-1,-1
2085,1,1777.00,1303.00,80.00,110.00,0.8661,-1,-1,-1
2085,2,1923.00,852.00,74.00,117.00,0.8224,-1,-1,-1
2086,1,1786.00,1301.00,80.00,114.00,0.8144,-1,-1,-1
2086,2,1930.00,850.00,72.00,119.00,0.7466,-1,-1,-1
2087,1,1794.00,1299.00,81.00,117.00,0.8060,-1,-1,-1
2087,2,1932.00,854.00,79.00,120.00,0.7793,-1,-1,-1
2088,1,1801.00,1300.00,76.00,115.00,0.7919,-1,-1,-1
2088,2,1942.00,851.00,75.00,118.00,0.8739,-1,-1,-1
2089,1,1802.00,1303.00,78.00,109.00,0.8514,-1,-1,-1
2089,2,1948.00,850.00,73.00,117.00,0.8598,-1,-1,-1
2090,1,1815.00,1302.00,72.00,105.00,0.7971,-1,-1,-1
2090,2,1954.00,850.00,72.00,118.00,0.7566,-1,-1,-1
2091,1,1819.00,1299.00,75.00,109.00,0.8371,-1,-1,-1
2091,2,1957.00,853.00,76.00,121.00,0.7757,-1,-1,-1
2092,1,1825.00,1299.00,74.00,110.00,0.7963,-1,-1,-1
2092,2,1969.00,849.00,68.00,116.00,0.8221,-1,-1,-1
2093,1,1829.00,1299.00,74.00,110.00,0.7917,-1,-1,-1
2093,2,1970.00,846.00,74.00,123.00,0.8436,-1,-1,-1
2094,1,1835.00,1300.00,74.00,108.00,0.8260,-1,-1,-1
2094,2,1972.00,844.00,80.00,120.00,0.8151,-1,-1,-1
2095,1,1842.00,1296.00,73.00,111.00,0.7837,-1,-1,-1
2095,2,1981.00,843.00,73.00,120.00,0.7944,-1,-1,-1
2096,1,1847.00,1296.00,71.00,107.00,0.8002,-1,-1,-1
2096,2,1986.00,845.00,73.00,122.00,0.8241,-1,-1,-1
2097,1,1851.00,1298.00,72.00,106.00,0.8319,-1,-1,-1
2097,2,1993.00,844.00,70.00,121.00,0.7757,-1,-1,-1
2098,1,1855.00,1297.00,71.00,104.00,0.8731,-1,-1,-1
2098,2,1991.00,842.00,79.00,119.00,0.7691,-1,-1,-1
2099,1,1858.00,1295.00,75.00,108.00,0.8057,-1,-1,-1
2099,2,1996.00,843.00,78.00,116.00,0.7681,-1,-1,-1
2100,1,1863.00,1297.00,74.00,106.00,0.8519,-1,-1,-1
2100,2,2000.00,839.00,80.00,120.00,0.7925,-1,-1,-1
2101,1,1870.00,1289.00,69.00,109.00,0.8323,-1,-1,-1
2101,2,2005.00,840.00,80.00,114.00,0.8640,-1,-1,-1
2102,1,1874.00,1287.00,69.00,109.00,0.8298,-1,-1,-1
2102,2,2010.00,839.00,82.00,121.00,0.8361,-1,-1,-1
2103,1,1875.00,1287.00,73.00,114.00,0.8360,-1,-1,-1
2103,2,2013.00,836.00,82.00,123.00,0.8557,-1,-1,-1
2104,1,1883.00,1282.00,70.00,110.00,0.7500,-1,-1,-1
2104,2,2016.00,836.00,82.00,116.00,0.8479,-1,-1,-1
2105,1,1886.00,1281.00,70.00,111.00,0.6936,-1,-1,-1
2105,2,2018.00,834.00,85.00,118.00,0.7624,-1,-1,-1
2106,1,1889.00,1280.00,70.00,113.00,0.7074,-1,-1,-1
2106,2,2023.00,833.00,85.00,118.00,0.7318,-1,-1,-1
2107,1,1893.00,1280.00,68.00,109.00,0.7399,-1,-1,-1
2107,2,2025.00,831.00,89.00,125.00,0.8514,-1,-1,-1
2108,1,1897.00,1278.00,67.00,108.00,0.7662,-1,-1,-1
2108,2,2030.00,829.00,85.00,124.00,0.8608,-1,-1,-1
2109,1,1902.00,1274.00,63.00,108.00,0.7051,-1,-1,-1
2109,2,2030.00,828.00,86.00,126.00,0.8669,-1,-1,-1
2110,1,1901.00,1281.00,68.00,99.00,0.7972,-1,-1,-1
2110,2,2033.00,826.00,84.00,127.00,0.8472,-1,-1,-1
2111,1,1903.00,1282.00,67.00,100.00,0.7664,-1,-1,-1
2111,2,2035.00,825.00,83.00,126.00,0.8369,-1,-1,-1
2112,1,1909.00,1277.00,62.00,96.00,0.7343,-1,-1,-1
2112,2,2037.00,824.00,83.00,127.00,0.8493,-1,-1,-1
2113,1,1910.00,1275.00,64.00,99.00,0.7718,-1,-1,-1
2113,2,2038.00,824.00,83.00,120.00,0.8035,-1,-1,-1
2114,1,1912.00,1271.00,65.00,101.00,0.7544,-1,-1,-1
2114,2,2046.00,823.00,75.00,118.00,0.6932,-1,-1,-1
2115,1,1921.00,1268.00,54.00,88.00,0.8111,-1,-1,-1
2115,2,2048.00,821.00,76.00,116.00,0.7453,-1,-1,-1
2116,1,1915.00,1269.00,63.00,102.00,0.7298,-1,-1,-1
2116,2,2051.00,821.00,72.00,114.00,0.6199,-1,-1,-1
2117,1,1916.00,1268.00,64.00,103.00,0.7321,-1,-1,-1
2117,2,2054.00,819.00,71.00,106.00,0.6818,-1,-1,-1
2118,1,1916.00,1268.00,68.00,104.00,0.8011,-1,-1,-1
2118,2,2054.00,817.00,71.00,109.00,0.6964,-1,-1,-1
2119,1,1919.00,1262.00,66.00,107.00,0.8094,-1,-1,-1
2119,2,2056.00,816.00,70.00,108.00,0.7102,-1,-1,-1
2120,1,1920.00,1261.00,65.00,105.00,0.8298,-1,-1,-1
2120,2,2053.00,815.00,76.00,115.00,0.7661,-1,-1,-1
2121,1,1921.00,1260.00,65.00,106.00,0.8126,-1,-1,-1
2121,2,2053.00,814.00,79.00,116.00,0.8056,-1,-1,-1
2122,1,1922.00,1259.00,63.00,105.00,0.7974,-1,-1,-1
2122,2,2053.00,812.00,79.00,117.00,0.8115,-1,-1,-1
2123,1,1924.00,1257.00,60.00,104.00,0.7505,-1,-1,-1
2123,2,2053.00,812.00,80.00,116.00,0.8273,-1,-1,-1
2124,1,1924.00,1256.00,60.00,104.00,0.7220,-1,-1,-1
2124,2,2054.00,810.00,80.00,117.00,0.8599,-1,-1,-1
2124,22,2638.00,517.00,31.00,27.00,0.5592,-1,-1,-1
2125,1,1924.00,1254.00,61.00,107.00,0.7216,-1,-1,-1
2125,2,2054.00,808.00,81.00,121.00,0.8731,-1,-1,-1
2125,22,2640.00,518.00,30.00,26.00,0.5630,-1,-1,-1
2126,1,1923.00,1254.00,64.00,109.00,0.7505,-1,-1,-1
2126,2,2054.00,807.00,82.00,120.00,0.8780,-1,-1,-1
2126,22,2640.00,519.00,31.00,27.00,0.5197,-1,-1,-1
2127,1,1923.00,1253.00,66.00,109.00,0.7802,-1,-1,-1
2127,2,2055.00,807.00,82.00,119.00,0.8873,-1,-1,-1
2127,22,2641.00,519.00,30.00,28.00,0.5426,-1,-1,-1
2128,1,1922.00,1251.00,67.00,110.00,0.7909,-1,-1,-1
2128,2,2055.00,806.00,82.00,119.00,0.8767,-1,-1,-1
2128,22,2641.00,520.00,31.00,28.00,0.5288,-1,-1,-1
2129,1,1922.00,1251.00,68.00,108.00,0.8063,-1,-1,-1
2129,2,2058.00,805.00,79.00,118.00,0.8666,-1,-1,-1
2129,22,2641.00,520.00,31.00,28.00,0.5366,-1,-1,-1
2130,1,1921.00,1251.00,70.00,107.00,0.8251,-1,-1,-1
2130,2,2059.00,804.00,79.00,119.00,0.8753,-1,-1,-1
2130,22,2641.00,520.00,32.00,29.00,0.5245,-1,-1,-1
2131,1,1921.00,1250.00,70.00,108.00,0.8393,-1,-1,-1
2131,2,2059.00,803.00,80.00,120.00,0.8673,-1,-1,-1
2132,1,1921.00,1249.00,70.00,108.00,0.8521,-1,-1,-1
2132,2,2061.00,802.00,78.00,118.00,0.8343,-1,-1,-1
2133,1,1922.00,1247.00,70.00,107.00,0.8766,-1,-1,-1
2133,2,2063.00,800.00,76.00,120.00,0.7364,-1,-1,-1
2134,1,1922.00,1246.00,70.00,108.00,0.8732,-1,-1,-1
2134,2,2063.00,799.00,76.00,121.00,0.7007,-1,-1,-1
2135,1,1922.00,1245.00,70.00,108.00,0.8701,-1,-1,-1
2135,2,2067.00,800.00,71.00,114.00,0.6393,-1,-1,-1
2136,1,1922.00,1244.00,69.00,108.00,0.8699,-1,-1,-1
2136,2,2068.00,799.00,70.00,114.00,0.6174,-1,-1,-1
2137,1,1921.00,1242.00,70.00,110.00,0.8631,-1,-1,-1
2137,2,2067.00,797.00,71.00,117.00,0.6292,-1,-1,-1
2138,1,1922.00,1241.00,70.00,109.00,0.8795,-1,-1,-1
2138,2,2064.00,795.00,76.00,120.00,0.7022,-1,-1,-1
2139,1,1922.00,1241.00,71.00,109.00,0.9032,-1,-1,-1
2139,2,2062.00,793.00,80.00,120.00,0.7867,-1,-1,-1
2140,1,1922.00,1240.00,73.00,108.00,0.9064,-1,-1,-1
2140,2,2061.00,792.00,83.00,121.00,0.8230,-1,-1,-1
2141,1,1923.00,1238.00,72.00,108.00,0.8828,-1,-1,-1
2141,2,2061.00,790.00,84.00,122.00,0.8332,-1,-1,-1
2142,1,1922.00,1237.00,74.00,106.00,0.8843,-1,-1,-1
2142,2,2062.00,789.00,84.00,121.00,0.8382,-1,-1,-1
2143,1,1923.00,1235.00,75.00,107.00,0.9018,-1,-1,-1
2143,2,2063.00,788.00,85.00,119.00,0.8361,-1,-1,-1
2144,1,1922.00,1232.00,77.00,109.00,0.8899,-1,-1,-1
2144,2,2061.00,787.00,90.00,121.00,0.8378,-1,-1,-1
2145,1,1922.00,1230.00,77.00,112.00,0.8768,-1,-1,-1
2145,2,2061.00,785.00,93.00,123.00,0.8440,-1,-1,-1
2146,1,1922.00,1229.00,78.00,113.00,0.8562,-1,-1,-1
2146,2,2060.00,784.00,96.00,126.00,0.8531,-1,-1,-1
2147,1,1923.00,1228.00,77.00,113.00,0.8453,-1,-1,-1
2147,2,2060.00,782.00,96.00,129.00,0.8538,-1,-1,-1
2148,1,1927.00,1225.00,73.00,114.00,0.8401,-1,-1,-1
2148,2,2060.00,781.00,97.00,128.00,0.8566,-1,-1,-1
2149,1,1928.00,1224.00,72.00,114.00,0.8326,-1,-1,-1
2149,2,2060.00,779.00,98.00,131.00,0.8475,-1,-1,-1
2150,1,1927.00,1226.00,76.00,109.00,0.8436,-1,-1,-1
2150,2,2060.00,776.00,98.00,135.00,0.8509,-1,-1,-1
2151,1,1926.00,1226.00,77.00,109.00,0.8510,-1,-1,-1
2151,2,2061.00,774.00,97.00,135.00,0.8273,-1,-1,-1
2152,1,1927.00,1225.00,75.00,108.00,0.8778,-1,-1,-1
2152,2,2060.00,773.00,100.00,137.00,0.7959,-1,-1,-1
2153,1,1929.00,1223.00,72.00,109.00,0.8851,-1,-1,-1
2153,2,2062.00,775.00,100.00,133.00,0.7640,-1,-1,-1
2154,1,1929.00,1221.00,72.00,110.00,0.8568,-1,-1,-1
2154,2,2065.00,776.00,97.00,130.00,0.7736,-1,-1,-1
2155,1,1930.00,1221.00,71.00,110.00,0.8686,-1,-1,-1
2155,2,2067.00,775.00,96.00,131.00,0.8111,-1,-1,-1
2156,1,1930.00,1219.00,71.00,112.00,0.8460,-1,-1,-1
2156,2,2066.00,774.00,97.00,132.00,0.7998,-1,-1,-1
2157,1,1930.00,1220.00,72.00,111.00,0.8290,-1,-1,-1
2157,2,2066.00,772.00,96.00,132.00,0.7954,-1,-1,-1
2158,1,1929.00,1218.00,73.00,111.00,0.8170,-1,-1,-1
2158,2,2066.00,771.00,97.00,131.00,0.7966,-1,-1,-1
2159,1,1929.00,1219.00,72.00,110.00,0.7940,-1,-1,-1
2159,2,2066.00,770.00,98.00,131.00,0.8163,-1,-1,-1
2160,1,1929.00,1218.00,73.00,111.00,0.7191,-1,-1,-1
2160,2,2065.00,769.00,97.00,130.00,0.8355,-1,-1,-1
2161,1,1932.00,1212.00,70.00,112.00,0.7143,-1,-1,-1
2161,2,2066.00,769.00,95.00,128.00,0.8416,-1,-1,-1
2162,1,1932.00,1212.00,70.00,112.00,0.7129,-1,-1,-1
2162,2,2067.00,768.00,94.00,129.00,0.8460,-1,-1,-1
2163,1,1932.00,1211.00,70.00,111.00,0.7371,-1,-1,-1
2163,2,2067.00,767.00,94.00,130.00,0.8502,-1,-1,-1
2164,1,1932.00,1210.00,71.00,111.00,0.7365,-1,-1,-1
2164,2,2067.00,766.00,94.00,130.00,0.8587,-1,-1,-1
2165,1,1933.00,1209.00,70.00,111.00,0.7748,-1,-1,-1
2165,2,2069.00,765.00,90.00,129.00,0.8606,-1,-1,-1
2166,1,1933.00,1208.00,71.00,112.00,0.7809,-1,-1,-1
2166,2,2070.00,765.00,90.00,129.00,0.8684,-1,-1,-1
2167,1,1932.00,1207.00,74.00,112.00,0.7900,-1,-1,-1
2167,2,2070.00,765.00,90.00,128.00,0.8712,-1,-1,-1
2168,1,1933.00,1206.00,73.00,111.00,0.8047,-1,-1,-1
2168,2,2072.00,764.00,86.00,128.00,0.8612,-1,-1,-1
2169,1,1935.00,1205.00,72.00,108.00,0.7887,-1,-1,-1
2169,2,2073.00,762.00,86.00,130.00,0.8556,-1,-1,-1
2170,1,1937.00,1204.00,70.00,106.00,0.8198,-1,-1,-1
2170,2,2073.00,761.00,84.00,129.00,0.8206,-1,-1,-1
2171,1,1936.00,1203.00,72.00,106.00,0.8557,-1,-1,-1
2171,2,2074.00,759.00,83.00,128.00,0.8059,-1,-1,-1
2172,1,1937.00,1203.00,72.00,105.00,0.8711,-1,-1,-1
2172,2,2075.00,757.00,82.00,126.00,0.7814,-1,-1,-1
2173,1,1938.00,1202.00,71.00,105.00,0.8690,-1,-1,-1
2173,2,2075.00,756.00,82.00,127.00,0.7604,-1,-1,-1
2174,1,1939.00,1201.00,70.00,105.00,0.8695,-1,-1,-1
2174,2,2078.00,755.00,79.00,124.00,0.7595,-1,-1,-1
2175,1,1940.00,1199.00,70.00,107.00,0.8615,-1,-1,-1
2175,2,2078.00,753.00,79.00,125.00,0.7259,-1,-1,-1
2176,1,1939.00,1195.00,71.00,110.00,0.8684,-1,-1,-1
2176,2,2078.00,752.00,79.00,127.00,0.6992,-1,-1,-1
2177,1,1941.00,1190.00,69.00,111.00,0.7997,-1,-1,-1
2177,2,2080.00,751.00,78.00,127.00,0.7200,-1,-1,-1
2178,1,1941.00,1188.00,70.00,112.00,0.8016,-1,-1,-1
2178,2,2081.00,750.00,77.00,126.00,0.6517,-1,-1,-1
2179,1,1943.00,1188.00,69.00,109.00,0.8284,-1,-1,-1
2179,2,2089.00,755.00,66.00,108.00,0.6305,-1,-1,-1
2180,1,1943.00,1187.00,71.00,108.00,0.8588,-1,-1,-1
2180,2,2089.00,754.00,65.00,109.00,0.6430,-1,-1,-1
2181,1,1944.00,1185.00,71.00,108.00,0.8291,-1,-1,-1
2181,2,2091.00,752.00,63.00,105.00,0.6947,-1,-1,-1
2182,1,1943.00,1184.00,75.00,109.00,0.8519,-1,-1,-1
2182,2,2092.00,751.00,63.00,104.00,0.6961,-1,-1,-1
2183,1,1946.00,1180.00,71.00,111.00,0.8274,-1,-1,-1
2183,2,2091.00,750.00,66.00,106.00,0.7396,-1,-1,-1
2184,1,1946.00,1179.00,73.00,112.00,0.8313,-1,-1,-1
2184,2,2091.00,749.00,67.00,107.00,0.7594,-1,-1,-1
2185,1,1946.00,1179.00,73.00,113.00,0.8335,-1,-1,-1
2185,2,2091.00,747.00,68.00,110.00,0.7864,-1,-1,-1
2186,1,1948.00,1178.00,71.00,113.00,0.7947,-1,-1,-1
2186,2,2089.00,746.00,72.00,114.00,0.8170,-1,-1,-1
2187,1,1949.00,1177.00,69.00,112.00,0.7536,-1,-1,-1
2187,2,2088.00,744.00,75.00,118.00,0.8155,-1,-1,-1
2188,1,1949.00,1177.00,69.00,112.00,0.7705,-1,-1,-1
2188,2,2089.00,743.00,75.00,119.00,0.8065,-1,-1,-1
2189,1,1949.00,1176.00,70.00,112.00,0.7837,-1,-1,-1
2189,2,2089.00,742.00,75.00,121.00,0.8224,-1,-1,-1
2190,1,1948.00,1183.00,71.00,104.00,0.8123,-1,-1,-1
2190,2,2089.00,740.00,76.00,121.00,0.8360,-1,-1,-1
2191,1,1950.00,1183.00,69.00,103.00,0.7749,-1,-1,-1
2191,2,2089.00,739.00,77.00,122.00,0.8524,-1,-1,-1
2192,1,1951.00,1182.00,66.00,102.00,0.7918,-1,-1,-1
2192,2,2089.00,739.00,78.00,121.00,0.8580,-1,-1,-1
2193,1,1952.00,1181.00,65.00,102.00,0.8096,-1,-1,-1
2193,2,2089.00,738.00,78.00,120.00,0.8557,-1,-1,-1
2194,1,1952.00,1178.00,65.00,102.00,0.8422,-1,-1,-1
2194,2,2089.00,737.00,79.00,121.00,0.8636,-1,-1,-1
2195,1,1953.00,1176.00,63.00,103.00,0.8505,-1,-1,-1
2195,2,2089.00,736.00,79.00,122.00,0.8652,-1,-1,-1
2196,1,1953.00,1176.00,63.00,102.00,0.8688,-1,-1,-1
2196,2,2089.00,734.00,79.00,123.00,0.8636,-1,-1,-1
2197,1,1953.00,1174.00,63.00,102.00,0.8146,-1,-1,-1
2197,2,2089.00,733.00,79.00,122.00,0.8609,-1,-1,-1
2198,1,1955.00,1171.00,62.00,102.00,0.7963,-1,-1,-1
2198,2,2089.00,731.00,80.00,125.00,0.8436,-1,-1,-1
2199,1,1956.00,1170.00,61.00,103.00,0.8385,-1,-1,-1
2199,2,2090.00,730.00,79.00,126.00,0.8337,-1,-1,-1
2200,1,1955.00,1169.00,64.00,104.00,0.8620,-1,-1,-1
2200,2,2089.00,729.00,81.00,129.00,0.8403,-1,-1,-1
2201,1,1953.00,1167.00,66.00,105.00,0.8870,-1,-1,-1
2201,2,2089.00,727.00,82.00,130.00,0.8198,-1,-1,-1
2202,1,1953.00,1166.00,67.00,105.00,0.8836,-1,-1,-1
2202,2,2089.00,726.00,82.00,130.00,0.7877,-1,-1,-1
2203,1,1953.00,1165.00,69.00,105.00,0.8841,-1,-1,-1
2203,2,2089.00,726.00,82.00,130.00,0.7839,-1,-1,-1
2204,1,1954.00,1165.00,69.00,105.00,0.8719,-1,-1,-1
2204,2,2089.00,723.00,82.00,134.00,0.7222,-1,-1,-1
2205,1,1954.00,1164.00,69.00,105.00,0.8534,-1,-1,-1
2205,2,2091.00,724.00,79.00,128.00,0.6879,-1,-1,-1
2206,1,1954.00,1163.00,69.00,106.00,0.8474,-1,-1,-1
2206,2,2091.00,722.00,79.00,131.00,0.6704,-1,-1,-1
2207,1,1953.00,1162.00,71.00,107.00,0.8655,-1,-1,-1
2207,2,2092.00,721.00,79.00,131.00,0.6151,-1,-1,-1
2208,1,1952.00,1160.00,72.00,108.00,0.8621,-1,-1,-1
2208,2,2093.00,720.00,78.00,131.00,0.6645,-1,-1,-1
2209,1,1954.00,1160.00,71.00,102.00,0.8358,-1,-1,-1
2209,2,2093.00,718.00,79.00,131.00,0.6677,-1,-1,-1
2210,1,1954.00,1158.00,72.00,105.00,0.8223,-1,-1,-1
2210,2,2094.00,718.00,78.00,129.00,0.6271,-1,-1,-1
2211,1,1953.00,1154.00,73.00,110.00,0.8323,-1,-1,-1
2211,2,2110.00,716.00,57.00,99.00,0.5951,-1,-1,-1
2212,1,1954.00,1156.00,74.00,107.00,0.8250,-1,-1,-1
2212,2,2111.00,715.00,56.00,99.00,0.6621,-1,-1,-1
2213,1,1955.00,1153.00,71.00,107.00,0.8358,-1,-1,-1
2213,2,2111.00,714.00,56.00,101.00,0.6418,-1,-1,-1
2214,1,1956.00,1155.00,71.00,105.00,0.8195,-1,-1,-1
2214,2,2103.00,711.00,69.00,118.00,0.6354,-1,-1,-1
2215,1,1956.00,1152.00,71.00,107.00,0.8075,-1,-1,-1
2215,2,2108.00,713.00,61.00,105.00,0.6906,-1,-1,-1
2216,1,1957.00,1151.00,70.00,108.00,0.8029,-1,-1,-1
2216,2,2109.00,712.00,60.00,108.00,0.6666,-1,-1,-1
2217,1,1959.00,1150.00,68.00,106.00,0.8279,-1,-1,-1
2217,2,2109.00,711.00,60.00,108.00,0.7082,-1,-1,-1
2218,1,1960.00,1149.00,67.00,105.00,0.8443,-1,-1,-1
2218,2,2109.00,710.00,61.00,109.00,0.6916,-1,-1,-1
2219,1,1961.00,1147.00,66.00,106.00,0.7964,-1,-1,-1
2219,2,2109.00,707.00,61.00,110.00,0.7499,-1,-1,-1
2220,1,1960.00,1146.00,67.00,108.00,0.7281,-1,-1,-1
2220,2,2110.00,707.00,61.00,111.00,0.8027,-1,-1,-1
2221,1,1962.00,1142.00,67.00,110.00,0.7691,-1,-1,-1
2221,2,2111.00,706.00,61.00,114.00,0.7141,-1,-1,-1
2222,1,1962.00,1139.00,67.00,111.00,0.8211,-1,-1,-1
2222,2,2112.00,705.00,61.00,118.00,0.6257,-1,-1,-1
2223,1,1963.00,1137.00,67.00,110.00,0.8557,-1,-1,-1
2223,2,2112.00,705.00,61.00,115.00,0.6561,-1,-1,-1
2224,1,1963.00,1136.00,67.00,111.00,0.8511,-1,-1,-1
2224,2,2119.00,704.00,52.00,93.00,0.6649,-1,-1,-1
2225,1,1962.00,1135.00,69.00,112.00,0.8494,-1,-1,-1
2225,2,2112.00,703.00,63.00,112.00,0.7388,-1,-1,-1
2226,1,1963.00,1134.00,70.00,114.00,0.8368,-1,-1,-1
2226,2,2110.00,702.00,67.00,114.00,0.8180,-1,-1,-1
2227,1,1963.00,1134.00,70.00,114.00,0.8282,-1,-1,-1
2227,2,2108.00,701.00,71.00,116.00,0.8189,-1,-1,-1
2228,1,1965.00,1134.00,68.00,112.00,0.7986,-1,-1,-1
2228,2,2106.00,700.00,75.00,119.00,0.8368,-1,-1,-1
2229,1,1965.00,1134.00,69.00,111.00,0.8016,-1,-1,-1
2229,2,2107.00,700.00,75.00,114.00,0.8302,-1,-1,-1
2230,1,1966.00,1135.00,68.00,108.00,0.7873,-1,-1,-1
2230,2,2106.00,699.00,78.00,117.00,0.8324,-1,-1,-1
2231,1,1967.00,1135.00,68.00,107.00,0.7910,-1,-1,-1
2231,2,2105.00,698.00,81.00,119.00,0.8325,-1,-1,-1
2232,1,1970.00,1129.00,68.00,111.00,0.7870,-1,-1,-1
2232,2,2106.00,696.00,81.00,120.00,0.8440,-1,-1,-1
2233,1,1970.00,1129.00,68.00,109.00,0.7860,-1,-1,-1
2233,2,2105.00,694.00,83.00,122.00,0.8492,-1,-1,-1
2234,1,1970.00,1128.00,68.00,109.00,0.7871,-1,-1,-1
2234,2,2105.00,693.00,83.00,120.00,0.8702,-1,-1,-1
2235,1,1970.00,1127.00,69.00,108.00,0.7911,-1,-1,-1
2235,2,2104.00,692.00,86.00,122.00,0.8779,-1,-1,-1
2236,1,1970.00,1127.00,70.00,108.00,0.8153,-1,-1,-1
2236,2,2105.00,690.00,84.00,122.00,0.8724,-1,-1,-1
2237,1,1970.00,1132.00,69.00,103.00,0.8273,-1,-1,-1
2237,2,2104.00,689.00,86.00,123.00,0.8879,-1,-1,-1
2238,1,1970.00,1130.00,69.00,103.00,0.8469,-1,-1,-1
2238,2,2104.00,688.00,86.00,122.00,0.8799,-1,-1,-1
2239,1,1971.00,1123.00,68.00,109.00,0.8334,-1,-1,-1
2239,2,2106.00,687.00,83.00,121.00,0.8747,-1,-1,-1
2240,1,1970.00,1122.00,68.00,108.00,0.8528,-1,-1,-1
2240,2,2107.00,685.00,82.00,120.00,0.8805,-1,-1,-1
2241,1,1971.00,1121.00,67.00,107.00,0.8653,-1,-1,-1
2241,2,2107.00,684.00,81.00,122.00,0.8581,-1,-1,-1
2242,1,1973.00,1120.00,65.00,106.00,0.8378,-1,-1,-1
2242,2,2108.00,683.00,80.00,122.00,0.8440,-1,-1,-1
2243,1,1974.00,1119.00,65.00,106.00,0.8389,-1,-1,-1
2243,2,2109.00,682.00,79.00,123.00,0.8323,-1,-1,-1
2244,1,1973.00,1119.00,66.00,105.00,0.8592,-1,-1,-1
2244,2,2110.00,682.00,78.00,125.00,0.7728,-1,-1,-1
2245,1,1974.00,1119.00,66.00,105.00,0.8531,-1,-1,-1
2245,2,2111.00,682.00,78.00,123.00,0.8187,-1,-1,-1
2246,1,1973.00,1117.00,69.00,106.00,0.8821,-1,-1,-1
2246,2,2110.00,681.00,80.00,124.00,0.8293,-1,-1,-1
2247,1,1973.00,1115.00,71.00,107.00,0.8991,-1,-1,-1
2247,2,2110.00,679.00,81.00,127.00,0.8226,-1,-1,-1
2248,1,1973.00,1112.00,73.00,111.00,0.8928,-1,-1,-1
2248,2,2110.00,678.00,81.00,128.00,0.7922,-1,-1,-1
2249,1,1973.00,1111.00,74.00,112.00,0.8847,-1,-1,-1
2249,2,2111.00,677.00,81.00,128.00,0.7772,-1,-1,-1
2250,1,1973.00,1110.00,74.00,111.00,0.8619,-1,-1,-1
2250,2,2112.00,673.00,81.00,134.00,0.7644,-1,-1,-1
2251,1,1974.00,1108.00,74.00,113.00,0.8358,-1,-1,-1
2251,2,2112.00,673.00,81.00,131.00,0.8182,-1,-1,-1
2252,1,1975.00,1109.00,75.00,108.00,0.8108,-1,-1,-1
2252,2,2113.00,672.00,80.00,132.00,0.7813,-1,-1,-1
2253,1,1976.00,1109.00,74.00,107.00,0.8174,-1,-1,-1
2253,2,2113.00,671.00,81.00,132.00,0.7956,-1,-1,-1
2254,1,1978.00,1107.00,72.00,107.00,0.7896,-1,-1,-1
2254,2,2113.00,671.00,82.00,133.00,0.7937,-1,-1,-1
2255,1,1978.00,1106.00,72.00,107.00,0.7730,-1,-1,-1
2255,2,2112.00,669.00,83.00,136.00,0.7687,-1,-1,-1
2256,1,1979.00,1105.00,71.00,106.00,0.7872,-1,-1,-1
2256,2,2113.00,669.00,82.00,132.00,0.8030,-1,-1,-1
2257,1,1978.00,1104.00,73.00,107.00,0.8342,-1,-1,-1
2257,2,2114.00,669.00,81.00,130.00,0.8004,-1,-1,-1
2258,1,1979.00,1103.00,71.00,106.00,0.8110,-1,-1,-1
2258,2,2115.00,669.00,80.00,127.00,0.7697,-1,-1,-1
2259,1,1979.00,1102.00,71.00,107.00,0.8347,-1,-1,-1
2259,2,2118.00,670.00,76.00,122.00,0.7295,-1,-1,-1
2260,1,1980.00,1101.00,69.00,107.00,0.8093,-1,-1,-1
2260,2,2118.00,668.00,77.00,124.00,0.6648,-1,-1,-1
2261,1,1979.00,1100.00,70.00,107.00,0.7893,-1,-1,-1
2261,2,2119.00,667.00,76.00,123.00,0.5989,-1,-1,-1
2262,1,1980.00,1100.00,69.00,105.00,0.7191,-1,-1,-1
2262,2,2120.00,663.00,76.00,126.00,0.5822,-1,-1,-1
2263,1,1982.00,1095.00,66.00,108.00,0.6995,-1,-1,-1
2263,2,2129.00,663.00,62.00,101.00,0.5082,-1,-1,-1
2264,1,1982.00,1094.00,66.00,108.00,0.6670,-1,-1,-1
2264,2,2127.00,661.00,65.00,105.00,0.5794,-1,-1,-1
2265,1,1984.00,1093.00,64.00,108.00,0.6578,-1,-1,-1
2265,2,2125.00,660.00,69.00,109.00,0.6068,-1,-1,-1
2266,1,1985.00,1093.00,65.00,110.00,0.6513,-1,-1,-1
2266,2,2119.00,663.00,77.00,121.00,0.5372,-1,-1,-1
2267,1,1984.00,1092.00,67.00,112.00,0.7013,-1,-1,-1
2267,2,2132.00,660.00,63.00,101.00,0.5725,-1,-1,-1
2268,1,1985.00,1092.00,66.00,112.00,0.7305,-1,-1,-1
2268,2,2132.00,660.00,65.00,99.00,0.5948,-1,-1,-1
2269,1,1985.00,1090.00,68.00,110.00,0.8272,-1,-1,-1
2269,2,2135.00,660.00,63.00,97.00,0.5822,-1,-1,-1
2270,1,1986.00,1088.00,68.00,110.00,0.8577,-1,-1,-1
2270,2,2131.00,658.00,70.00,107.00,0.6976,-1,-1,-1
2271,1,1986.00,1087.00,69.00,111.00,0.8529,-1,-1,-1
2271,2,2129.00,653.00,72.00,118.00,0.7653,-1,-1,-1
2272,1,1986.00,1086.00,69.00,111.00,0.8350,-1,-1,-1
2272,2,2127.00,652.00,74.00,120.00,0.8035,-1,-1,-1
2273,1,1986.00,1084.00,70.00,111.00,0.7846,-1,-1,-1
2273,2,2128.00,651.00,72.00,120.00,0.8025,-1,-1,-1
2274,1,1989.00,1084.00,67.00,108.00,0.7747,-1,-1,-1
2274,2,2129.00,651.00,71.00,120.00,0.7599,-1,-1,-1
2275,1,1989.00,1084.00,68.00,105.00,0.7946,-1,-1,-1
2275,2,2138.00,651.00,60.00,106.00,0.7792,-1,-1,-1
2276,1,1989.00,1083.00,69.00,107.00,0.8102,-1,-1,-1
2276,2,2138.00,649.00,61.00,107.00,0.7913,-1,-1,-1
2277,1,1989.00,1082.00,70.00,107.00,0.8128,-1,-1,-1
2277,2,2140.00,648.00,58.00,107.00,0.7336,-1,-1,-1
2278,1,1990.00,1081.00,68.00,105.00,0.8410,-1,-1,-1
2278,2,2139.00,647.00,61.00,110.00,0.7465,-1,-1,-1
2279,1,1991.00,1081.00,68.00,105.00,0.8420,-1,-1,-1
2279,2,2138.00,647.00,62.00,109.00,0.7686,-1,-1,-1
2280,1,1992.00,1081.00,67.00,105.00,0.8259,-1,-1,-1
2280,2,2139.00,644.00,62.00,107.00,0.7547,-1,-1,-1
2281,1,1994.00,1075.00,64.00,107.00,0.8298,-1,-1,-1
2281,2,2135.00,645.00,68.00,114.00,0.7998,-1,-1,-1
2282,1,1994.00,1074.00,65.00,108.00,0.8199,-1,-1,-1
2282,2,2136.00,641.00,67.00,113.00,0.7959,-1,-1,-1
2283,1,1995.00,1072.00,64.00,109.00,0.8121,-1,-1,-1
2283,2,2137.00,639.00,66.00,114.00,0.7677,-1,-1,-1
2284,1,1995.00,1071.00,64.00,109.00,0.7738,-1,-1,-1
2284,2,2137.00,638.00,66.00,115.00,0.7823,-1,-1,-1
2285,1,1995.00,1071.00,64.00,108.00,0.7835,-1,-1,-1
2285,2,2137.00,637.00,67.00,115.00,0.8009,-1,-1,-1
2286,1,1997.00,1071.00,62.00,107.00,0.7755,-1,-1,-1
2286,2,2138.00,636.00,66.00,114.00,0.7555,-1,-1,-1
2287,1,1997.00,1069.00,63.00,108.00,0.7722,-1,-1,-1
2287,2,2137.00,635.00,68.00,118.00,0.8054,-1,-1,-1
2288,1,1997.00,1068.00,63.00,106.00,0.7668,-1,-1,-1
2288,2,2136.00,634.00,69.00,120.00,0.7735,-1,-1,-1
2289,1,1997.00,1066.00,64.00,107.00,0.7573,-1,-1,-1
2289,2,2136.00,632.00,71.00,121.00,0.7700,-1,-1,-1
2290,1,1994.00,1066.00,67.00,108.00,0.8160,-1,-1,-1
2290,2,2138.00,635.00,69.00,111.00,0.7569,-1,-1,-1
2291,1,1995.00,1065.00,66.00,109.00,0.8164,-1,-1,-1
2291,2,2139.00,634.00,68.00,112.00,0.7145,-1,-1,-1
2292,1,1995.00,1064.00,66.00,108.00,0.7813,-1,-1,-1
2292,2,2140.00,633.00,68.00,113.00,0.6788,-1,-1,-1
2293,1,1998.00,1062.00,63.00,105.00,0.7504,-1,-1,-1
2293,2,2137.00,629.00,74.00,121.00,0.7419,-1,-1,-1
2294,1,1998.00,1060.00,63.00,106.00,0.7464,-1,-1,-1
2294,2,2137.00,627.00,75.00,123.00,0.7265,-1,-1,-1
2295,1,1997.00,1060.00,65.00,104.00,0.8107,-1,-1,-1
2295,2,2144.00,628.00,66.00,105.00,0.7051,-1,-1,-1
2296,1,1997.00,1060.00,66.00,104.00,0.8233,-1,-1,-1
2296,2,2146.00,627.00,63.00,104.00,0.7134,-1,-1,-1
2297,1,1998.00,1059.00,65.00,103.00,0.8626,-1,-1,-1
2297,2,2147.00,626.00,60.00,103.00,0.6693,-1,-1,-1
2298,1,1999.00,1058.00,64.00,102.00,0.8763,-1,-1,-1
2298,2,2157.00,628.00,46.00,80.00,0.5953,-1,-1,-1
2299,1,2000.00,1056.00,64.00,103.00,0.8674,-1,-1,-1
2299,2,2157.00,627.00,47.00,81.00,0.6506,-1,-1,-1
2300,1,2001.00,1054.00,64.00,103.00,0.8491,-1,-1,-1
2300,2,2148.00,623.00,60.00,106.00,0.6476,-1,-1,-1
2301,1,2002.00,1055.00,63.00,102.00,0.8411,-1,-1,-1
2301,2,2147.00,624.00,62.00,107.00,0.6859,-1,-1,-1
2302,1,2003.00,1054.00,63.00,103.00,0.8208,-1,-1,-1
2302,2,2146.00,622.00,63.00,111.00,0.6004,-1,-1,-1
2303,1,2003.00,1054.00,65.00,103.00,0.8178,-1,-1,-1
2303,2,2146.00,624.00,64.00,109.00,0.7242,-1,-1,-1
2304,1,2004.00,1052.00,64.00,105.00,0.7619,-1,-1,-1
2304,2,2146.00,623.00,65.00,110.00,0.7424,-1,-1,-1
2305,1,2003.00,1051.00,66.00,106.00,0.7452,-1,-1,-1
2305,2,2146.00,623.00,66.00,108.00,0.8165,-1,-1,-1
2306,1,2006.00,1046.00,64.00,108.00,0.7440,-1,-1,-1
2306,2,2148.00,623.00,64.00,105.00,0.8138,-1,-1,-1
2307,1,2007.00,1045.00,63.00,108.00,0.7212,-1,-1,-1
2307,2,2149.00,622.00,64.00,105.00,0.7879,-1,-1,-1
2308,1,2009.00,1045.00,62.00,108.00,0.6764,-1,-1,-1
2308,2,2147.00,623.00,67.00,106.00,0.8558,-1,-1,-1
2309,1,2009.00,1048.00,65.00,104.00,0.6985,-1,-1,-1
2309,2,2148.00,623.00,66.00,108.00,0.8190,-1,-1,-1
2310,1,2008.00,1049.00,67.00,104.00,0.6922,-1,-1,-1
2310,2,2147.00,622.00,68.00,112.00,0.8167,-1,-1,-1
2311,1,2007.00,1047.00,69.00,107.00,0.6992,-1,-1,-1
2311,2,2147.00,623.00,69.00,114.00,0.7938,-1,-1,-1
2312,1,2007.00,1048.00,69.00,107.00,0.6547,-1,-1,-1
2312,2,2148.00,624.00,68.00,113.00,0.7780,-1,-1,-1
2313,1,2009.00,1052.00,66.00,106.00,0.6917,-1,-1,-1
2313,2,2150.00,623.00,66.00,114.00,0.6910,-1,-1,-1
2314,1,2009.00,1053.00,66.00,105.00,0.7130,-1,-1,-1
2314,2,2150.00,624.00,65.00,109.00,0.6718,-1,-1,-1
2315,1,2010.00,1055.00,65.00,102.00,0.7808,-1,-1,-1
2315,2,2154.00,621.00,62.00,111.00,0.6556,-1,-1,-1
2316,1,2010.00,1055.00,65.00,103.00,0.7739,-1,-1,-1
2316,2,2155.00,621.00,61.00,109.00,0.7358,-1,-1,-1
2317,1,2010.00,1057.00,66.00,102.00,0.8102,-1,-1,-1
2317,2,2152.00,622.00,66.00,112.00,0.7962,-1,-1,-1
2318,1,2011.00,1057.00,65.00,104.00,0.8051,-1,-1,-1
2318,2,2154.00,623.00,63.00,108.00,0.7981,-1,-1,-1
2319,1,2013.00,1057.00,63.00,102.00,0.7098,-1,-1,-1
2319,2,2157.00,622.00,60.00,107.00,0.7487,-1,-1,-1
2320,1,2016.00,1059.00,59.00,99.00,0.5492,-1,-1,-1
2320,2,2158.00,624.00,59.00,106.00,0.7578,-1,-1,-1
2321,1,2016.00,1058.00,60.00,101.00,0.6142,-1,-1,-1
2321,2,2159.00,625.00,58.00,107.00,0.7545,-1,-1,-1
2322,1,2016.00,1059.00,61.00,102.00,0.5717,-1,-1,-1
2322,2,2159.00,627.00,59.00,104.00,0.7980,-1,-1,-1
2323,1,2015.00,1059.00,63.00,104.00,0.6781,-1,-1,-1
2323,2,2159.00,628.00,60.00,104.00,0.8307,-1,-1,-1
2324,1,2015.00,1062.00,64.00,103.00,0.7676,-1,-1,-1
2324,2,2157.00,628.00,64.00,116.00,0.7947,-1,-1,-1
2325,1,2016.00,1063.00,62.00,103.00,0.7681,-1,-1,-1
2325,2,2157.00,630.00,64.00,118.00,0.7799,-1,-1,-1
2326,1,2016.00,1063.00,63.00,102.00,0.8072,-1,-1,-1
2326,2,2166.00,632.00,53.00,96.00,0.7563,-1,-1,-1
2327,1,2018.00,1061.00,60.00,101.00,0.7891,-1,-1,-1
2327,2,2166.00,633.00,54.00,96.00,0.7478,-1,-1,-1
2328,1,2016.00,1067.00,64.00,105.00,0.7822,-1,-1,-1
2328,2,2160.00,633.00,62.00,111.00,0.8432,-1,-1,-1
2329,1,2017.00,1067.00,63.00,105.00,0.7899,-1,-1,-1
2329,2,2161.00,635.00,62.00,110.00,0.8459,-1,-1,-1
2330,1,2018.00,1069.00,64.00,104.00,0.8115,-1,-1,-1
2330,2,2162.00,636.00,62.00,106.00,0.8520,-1,-1,-1
2331,1,2019.00,1069.00,61.00,102.00,0.8019,-1,-1,-1
2331,2,2164.00,638.00,60.00,101.00,0.7876,-1,-1,-1
2332,1,2020.00,1072.00,61.00,100.00,0.8113,-1,-1,-1
2332,2,2164.00,641.00,61.00,101.00,0.8038,-1,-1,-1
2333,1,2021.00,1074.00,61.00,102.00,0.7731,-1,-1,-1
2333,2,2164.00,642.00,61.00,99.00,0.7667,-1,-1,-1
2334,1,2017.00,1074.00,66.00,107.00,0.8450,-1,-1,-1
2334,2,2166.00,644.00,59.00,97.00,0.7396,-1,-1,-1
2335,1,2019.00,1075.00,64.00,106.00,0.8393,-1,-1,-1
2335,2,2165.00,645.00,61.00,98.00,0.7666,-1,-1,-1
2336,1,2021.00,1076.00,63.00,104.00,0.7937,-1,-1,-1
2336,2,2164.00,646.00,63.00,103.00,0.7724,-1,-1,-1
2337,1,2022.00,1079.00,61.00,104.00,0.8023,-1,-1,-1
2337,2,2164.00,647.00,63.00,104.00,0.7674,-1,-1,-1
2338,1,2021.00,1080.00,62.00,104.00,0.8294,-1,-1,-1
2338,2,2165.00,648.00,63.00,102.00,0.7716,-1,-1,-1
2339,1,2019.00,1080.00,64.00,103.00,0.8190,-1,-1,-1
2339,2,2165.00,649.00,63.00,104.00,0.7517,-1,-1,-1
2340,1,2023.00,1082.00,60.00,101.00,0.8476,-1,-1,-1
2340,2,2166.00,650.00,63.00,102.00,0.7667,-1,-1,-1
2341,1,2025.00,1084.00,57.00,100.00,0.7766,-1,-1,-1
2341,2,2165.00,651.00,65.00,103.00,0.7603,-1,-1,-1
2342,1,2024.00,1086.00,60.00,101.00,0.7807,-1,-1,-1
2342,2,2166.00,650.00,62.00,103.00,0.7755,-1,-1,-1
2343,1,2024.00,1085.00,61.00,101.00,0.8315,-1,-1,-1
2343,2,2166.00,650.00,63.00,104.00,0.7656,-1,-1,-1
2344,1,2024.00,1086.00,63.00,101.00,0.8318,-1,-1,-1
2344,2,2165.00,652.00,66.00,109.00,0.7237,-1,-1,-1
2345,1,2023.00,1085.00,67.00,105.00,0.8164,-1,-1,-1
2345,2,2166.00,653.00,65.00,109.00,0.7038,-1,-1,-1
2346,1,2024.00,1086.00,67.00,103.00,0.7940,-1,-1,-1
2346,2,2168.00,650.00,62.00,108.00,0.7680,-1,-1,-1
2347,1,2025.00,1087.00,67.00,101.00,0.8039,-1,-1,-1
2347,2,2167.00,651.00,64.00,110.00,0.7428,-1,-1,-1
2348,1,2026.00,1086.00,68.00,104.00,0.7646,-1,-1,-1
2348,2,2168.00,651.00,63.00,109.00,0.7608,-1,-1,-1
2349,1,2027.00,1086.00,69.00,103.00,0.7924,-1,-1,-1
2349,2,2170.00,652.00,61.00,106.00,0.7787,-1,-1,-1
2350,1,2027.00,1084.00,70.00,106.00,0.7697,-1,-1,-1
2350,2,2169.00,653.00,64.00,105.00,0.8099,-1,-1,-1
2351,1,2029.00,1084.00,67.00,104.00,0.7469,-1,-1,-1
2351,2,2171.00,652.00,62.00,105.00,0.7743,-1,-1,-1
2352,1,2029.00,1084.00,66.00,104.00,0.6971,-1,-1,-1
2352,2,2171.00,651.00,63.00,106.00,0.7443,-1,-1,-1
2353,1,2030.00,1084.00,64.00,101.00,0.6506,-1,-1,-1
2353,2,2170.00,650.00,64.00,109.00,0.6937,-1,-1,-1
2354,1,2032.00,1081.00,64.00,101.00,0.7007,-1,-1,-1
2354,2,2170.00,650.00,66.00,112.00,0.6761,-1,-1,-1
2355,1,2031.00,1081.00,67.00,102.00,0.7426,-1,-1,-1
2355,2,2165.00,650.00,74.00,124.00,0.6881,-1,-1,-1
2356,1,2031.00,1080.00,68.00,104.00,0.7659,-1,-1,-1
2356,2,2171.00,649.00,65.00,110.00,0.6372,-1,-1,-1
2357,1,2032.00,1081.00,67.00,102.00,0.7899,-1,-1,-1
2357,2,2172.00,646.00,65.00,115.00,0.5155,-1,-1,-1
2358,1,2033.00,1081.00,66.00,101.00,0.8014,-1,-1,-1
2358,2,2171.00,646.00,67.00,116.00,0.5100,-1,-1,-1
2359,1,2034.00,1079.00,65.00,103.00,0.8030,-1,-1,-1
2359,2,2171.00,645.00,67.00,115.00,0.5461,-1,-1,-1
2360,1,2033.00,1078.00,67.00,104.00,0.8229,-1,-1,-1
2360,2,2183.00,644.00,50.00,90.00,0.5136,-1,-1,-1
2361,1,2033.00,1078.00,68.00,104.00,0.8292,-1,-1,-1
2361,2,2172.00,643.00,66.00,114.00,0.5493,-1,-1,-1
2362,1,2034.00,1078.00,68.00,104.00,0.8190,-1,-1,-1
2362,2,2181.00,643.00,53.00,94.00,0.6230,-1,-1,-1
2363,1,2034.00,1076.00,69.00,106.00,0.7949,-1,-1,-1
2363,2,2182.00,641.00,53.00,96.00,0.6939,-1,-1,-1
2364,1,2034.00,1069.00,70.00,112.00,0.7453,-1,-1,-1
2364,2,2180.00,639.00,56.00,100.00,0.7086,-1,-1,-1
2365,1,2035.00,1069.00,70.00,109.00,0.7648,-1,-1,-1
2365,2,2180.00,638.00,58.00,103.00,0.6549,-1,-1,-1
2366,1,2036.00,1067.00,69.00,111.00,0.7577,-1,-1,-1
2367,1,2037.00,1067.00,68.00,111.00,0.7543,-1,-1,-1
2367,2,2177.00,636.00,63.00,107.00,0.5566,-1,-1,-1
2368,1,2037.00,1066.00,69.00,111.00,0.7486,-1,-1,-1
2368,2,2180.00,636.00,60.00,102.00,0.5853,-1,-1,-1
2369,1,2040.00,1060.00,64.00,109.00,0.7545,-1,-1,-1
2369,2,2177.00,635.00,66.00,106.00,0.6009,-1,-1,-1
2370,1,2039.00,1059.00,66.00,111.00,0.7740,-1,-1,-1
2370,2,2178.00,633.00,66.00,105.00,0.6358,-1,-1,-1
2371,1,2038.00,1059.00,67.00,110.00,0.8030,-1,-1,-1
2371,2,2175.00,631.00,72.00,112.00,0.7073,-1,-1,-1
2372,1,2037.00,1058.00,69.00,109.00,0.8169,-1,-1,-1
2372,2,2174.00,630.00,76.00,115.00,0.7463,-1,-1,-1
2373,1,2037.00,1057.00,69.00,109.00,0.8283,-1,-1,-1
2373,2,2174.00,630.00,77.00,115.00,0.7709,-1,-1,-1
2374,1,2039.00,1056.00,67.00,107.00,0.8321,-1,-1,-1
2374,2,2174.00,629.00,78.00,115.00,0.7810,-1,-1,-1
2375,1,2037.00,1058.00,70.00,105.00,0.8460,-1,-1,-1
2375,2,2177.00,628.00,74.00,109.00,0.7734,-1,-1,-1
2376,1,2039.00,1054.00,67.00,106.00,0.8168,-1,-1,-1
2376,2,2179.00,626.00,71.00,108.00,0.7446,-1,-1,-1
2377,1,2038.00,1054.00,69.00,106.00,0.8459,-1,-1,-1
2377,2,2179.00,624.00,70.00,109.00,0.7482,-1,-1,-1
2378,1,2038.00,1053.00,70.00,106.00,0.8315,-1,-1,-1
2378,2,2179.00,623.00,70.00,110.00,0.7259,-1,-1,-1
2379,1,2040.00,1052.00,68.00,104.00,0.8451,-1,-1,-1
2379,2,2179.00,620.00,71.00,117.00,0.7112,-1,-1,-1
2380,1,2041.00,1051.00,67.00,103.00,0.8257,-1,-1,-1
2380,2,2179.00,619.00,71.00,118.00,0.6925,-1,-1,-1
2381,1,2043.00,1050.00,65.00,103.00,0.8368,-1,-1,-1
2381,2,2178.00,618.00,74.00,120.00,0.7371,-1,-1,-1
2382,1,2043.00,1050.00,65.00,102.00,0.8262,-1,-1,-1
2382,2,2179.00,617.00,72.00,116.00,0.7246,-1,-1,-1
2383,1,2042.00,1050.00,66.00,101.00,0.8247,-1,-1,-1
2383,2,2179.00,616.00,72.00,117.00,0.7082,-1,-1,-1
2384,1,2042.00,1049.00,65.00,101.00,0.7486,-1,-1,-1
2384,2,2179.00,616.00,72.00,116.00,0.7617,-1,-1,-1
2385,1,2044.00,1048.00,63.00,100.00,0.7409,-1,-1,-1
2385,2,2185.00,615.00,63.00,105.00,0.7975,-1,-1,-1
2386,1,2045.00,1047.00,63.00,98.00,0.7945,-1,-1,-1
2386,2,2185.00,614.00,65.00,108.00,0.7778,-1,-1,-1
2387,1,2045.00,1043.00,64.00,101.00,0.7463,-1,-1,-1
2387,2,2185.00,613.00,66.00,110.00,0.7877,-1,-1,-1
2388,1,2048.00,1042.00,63.00,97.00,0.7158,-1,-1,-1
2388,2,2186.00,611.00,65.00,110.00,0.7540,-1,-1,-1
2389,1,2048.00,1041.00,64.00,97.00,0.7177,-1,-1,-1
2389,2,2184.00,610.00,69.00,113.00,0.7854,-1,-1,-1
2390,1,2049.00,1040.00,64.00,96.00,0.7491,-1,-1,-1
2390,2,2188.00,610.00,63.00,103.00,0.7556,-1,-1,-1
2391,1,2049.00,1040.00,65.00,96.00,0.7673,-1,-1,-1
2391,2,2187.00,609.00,65.00,106.00,0.7592,-1,-1,-1
2392,1,2050.00,1039.00,66.00,95.00,0.8124,-1,-1,-1
2392,2,2186.00,608.00,67.00,108.00,0.7701,-1,-1,-1
2393,1,2050.00,1036.00,66.00,98.00,0.8355,-1,-1,-1
2393,2,2188.00,607.00,65.00,103.00,0.7754,-1,-1,-1
2394,1,2050.00,1034.00,67.00,100.00,0.8635,-1,-1,-1
2394,2,2188.00,606.00,65.00,105.00,0.7789,-1,-1,-1
2395,1,2050.00,1033.00,68.00,101.00,0.8457,-1,-1,-1
2395,2,2187.00,605.00,68.00,105.00,0.7978,-1,-1,-1
2396,1,2050.00,1032.00,68.00,102.00,0.8358,-1,-1,-1
2396,2,2188.00,603.00,67.00,106.00,0.8234,-1,-1,-1
2397,1,2050.00,1030.00,69.00,105.00,0.8114,-1,-1,-1
2397,2,2188.00,602.00,67.00,109.00,0.8305,-1,-1,-1
2398,1,2050.00,1030.00,70.00,105.00,0.7893,-1,-1,-1
2398,2,2188.00,601.00,68.00,110.00,0.8469,-1,-1,-1
2399,1,2050.00,1029.00,69.00,106.00,0.7741,-1,-1,-1
2399,2,2188.00,601.00,69.00,110.00,0.8618,-1,-1,-1
2400,1,2050.00,1028.00,69.00,106.00,0.7696,-1,-1,-1
2400,2,2188.00,601.00,70.00,110.00,0.8604,-1,-1,-1
2401,1,2050.00,1028.00,70.00,105.00,0.7540,-1,-1,-1
2401,2,2188.00,600.00,71.00,113.00,0.8740,-1,-1,-1
2402,1,2052.00,1022.00,70.00,110.00,0.7289,-1,-1,-1
2402,2,2188.00,599.00,72.00,114.00,0.8698,-1,-1,-1
2403,1,2053.00,1022.00,69.00,108.00,0.7462,-1,-1,-1
2403,2,2188.00,597.00,73.00,116.00,0.8690,-1,-1,-1
2404,1,2054.00,1020.00,70.00,108.00,0.7827,-1,-1,-1
2404,2,2189.00,596.00,72.00,114.00,0.8870,-1,-1,-1
2405,1,2054.00,1018.00,73.00,110.00,0.7678,-1,-1,-1
2405,2,2189.00,594.00,72.00,113.00,0.8772,-1,-1,-1
2406,1,2055.00,1017.00,72.00,109.00,0.7824,-1,-1,-1
2406,2,2195.00,594.00,63.00,105.00,0.8368,-1,-1,-1
2407,1,2055.00,1016.00,72.00,110.00,0.7864,-1,-1,-1
2407,2,2196.00,593.00,62.00,105.00,0.8583,-1,-1,-1
2408,1,2055.00,1014.00,73.00,112.00,0.7813,-1,-1,-1
2408,2,2197.00,591.00,62.00,105.00,0.8595,-1,-1,-1
2409,1,2056.00,1014.00,72.00,112.00,0.7904,-1,-1,-1
2409,2,2197.00,589.00,62.00,106.00,0.8237,-1,-1,-1
2410,1,2058.00,1014.00,70.00,109.00,0.7164,-1,-1,-1
2410,2,2197.00,589.00,64.00,109.00,0.8393,-1,-1,-1
2411,1,2058.00,1014.00,70.00,108.00,0.7212,-1,-1,-1
2411,2,2196.00,588.00,66.00,110.00,0.8219,-1,-1,-1
2412,1,2061.00,1014.00,68.00,102.00,0.7779,-1,-1,-1
2412,2,2197.00,586.00,65.00,109.00,0.7528,-1,-1,-1
2413,1,2062.00,1013.00,68.00,102.00,0.8143,-1,-1,-1
2413,2,2195.00,585.00,69.00,112.00,0.8015,-1,-1,-1
2414,1,2062.00,1012.00,68.00,103.00,0.8303,-1,-1,-1
2414,2,2193.00,583.00,72.00,114.00,0.7921,-1,-1,-1
2415,1,2063.00,1012.00,67.00,102.00,0.8050,-1,-1,-1
2415,2,2195.00,583.00,69.00,106.00,0.7469,-1,-1,-1
2416,1,2063.00,1011.00,67.00,102.00,0.8366,-1,-1,-1
2416,2,2196.00,582.00,69.00,106.00,0.7340,-1,-1,-1
2417,1,2063.00,1011.00,67.00,101.00,0.8482,-1,-1,-1
2417,2,2197.00,581.00,67.00,103.00,0.7382,-1,-1,-1
2418,1,2062.00,1010.00,68.00,102.00,0.8697,-1,-1,-1
2418,2,2195.00,581.00,71.00,106.00,0.7058,-1,-1,-1
2419,1,2063.00,1010.00,68.00,103.00,0.8512,-1,-1,-1
2419,2,2195.00,580.00,72.00,109.00,0.6980,-1,-1,-1
2420,1,2066.00,1007.00,64.00,102.00,0.8366,-1,-1,-1
2420,2,2197.00,580.00,71.00,106.00,0.6678,-1,-1,-1
2421,1,2066.00,1007.00,66.00,102.00,0.8745,-1,-1,-1
2421,2,2197.00,579.00,71.00,106.00,0.6475,-1,-1,-1
2422,1,2066.00,1005.00,67.00,104.00,0.8858,-1,-1,-1
2422,2,2197.00,578.00,71.00,108.00,0.6010,-1,-1,-1
2423,1,2068.00,1004.00,65.00,104.00,0.8738,-1,-1,-1
2423,2,2199.00,578.00,71.00,106.00,0.6442,-1,-1,-1
2424,1,2070.00,1002.00,65.00,106.00,0.8653,-1,-1,-1
2424,2,2199.00,578.00,72.00,107.00,0.6513,-1,-1,-1
2425,1,2070.00,1001.00,67.00,105.00,0.8551,-1,-1,-1
2425,2,2208.00,578.00,58.00,84.00,0.7035,-1,-1,-1
2426,1,2070.00,1001.00,69.00,104.00,0.8553,-1,-1,-1
2426,2,2209.00,577.00,57.00,85.00,0.7207,-1,-1,-1
2427,1,2071.00,1001.00,70.00,104.00,0.8441,-1,-1,-1
2427,2,2207.00,577.00,61.00,89.00,0.7150,-1,-1,-1
2428,1,2073.00,1001.00,67.00,102.00,0.8399,-1,-1,-1
2428,2,2200.00,576.00,73.00,107.00,0.7377,-1,-1,-1
2429,1,2072.00,1001.00,70.00,102.00,0.8512,-1,-1,-1
2429,2,2200.00,575.00,72.00,109.00,0.7196,-1,-1,-1
2430,1,2072.00,1001.00,71.00,103.00,0.8417,-1,-1,-1
2430,2,2200.00,573.00,72.00,114.00,0.7116,-1,-1,-1
2431,1,2072.00,1001.00,72.00,104.00,0.8322,-1,-1,-1
2431,2,2201.00,574.00,69.00,113.00,0.7129,-1,-1,-1
2432,1,2073.00,1002.00,71.00,102.00,0.7875,-1,-1,-1
2432,2,2203.00,574.00,67.00,112.00,0.6980,-1,-1,-1
2433,1,2075.00,999.00,70.00,103.00,0.7776,-1,-1,-1
2433,2,2207.00,574.00,62.00,108.00,0.6436,-1,-1,-1
2434,1,2075.00,1001.00,71.00,104.00,0.7526,-1,-1,-1
2434,2,2208.00,575.00,61.00,107.00,0.6568,-1,-1,-1
2435,1,2074.00,1007.00,71.00,102.00,0.7918,-1,-1,-1
2435,2,2209.00,577.00,60.00,105.00,0.6984,-1,-1,-1
2436,1,2076.00,1008.00,68.00,102.00,0.8008,-1,-1,-1
2436,2,2209.00,579.00,60.00,106.00,0.7225,-1,-1,-1
2437,1,2075.00,1011.00,74.00,103.00,0.7996,-1,-1,-1
2437,2,2204.00,581.00,68.00,119.00,0.7384,-1,-1,-1
2438,1,2076.00,1009.00,72.00,107.00,0.7876,-1,-1,-1
2438,2,2207.00,586.00,64.00,112.00,0.7457,-1,-1,-1
2439,1,2075.00,1013.00,73.00,108.00,0.8272,-1,-1,-1
2439,2,2208.00,590.00,63.00,107.00,0.8108,-1,-1,-1
2440,1,2075.00,1021.00,77.00,104.00,0.8070,-1,-1,-1
2440,2,2204.00,594.00,71.00,115.00,0.7739,-1,-1,-1
2441,1,2075.00,1028.00,76.00,109.00,0.7901,-1,-1,-1
2441,2,2205.00,599.00,69.00,114.00,0.8005,-1,-1,-1
2442,1,2077.00,1033.00,72.00,106.00,0.8133,-1,-1,-1
2442,2,2202.00,605.00,73.00,117.00,0.8391,-1,-1,-1
2443,1,2077.00,1037.00,73.00,108.00,0.8209,-1,-1,-1
2443,2,2200.00,614.00,78.00,118.00,0.8122,-1,-1,-1
2444,1,2079.00,1046.00,67.00,106.00,0.6566,-1,-1,-1
2444,2,2203.00,622.00,72.00,111.00,0.8236,-1,-1,-1
2445,1,2077.00,1054.00,71.00,108.00,0.8054,-1,-1,-1
2445,2,2205.00,627.00,70.00,111.00,0.8345,-1,-1,-1
2446,1,2080.00,1060.00,68.00,105.00,0.7353,-1,-1,-1
2446,2,2203.00,635.00,76.00,118.00,0.8346,-1,-1,-1
2447,1,2081.00,1068.00,69.00,106.00,0.7967,-1,-1,-1
2447,2,2205.00,642.00,74.00,111.00,0.7816,-1,-1,-1
2448,1,2081.00,1076.00,67.00,106.00,0.7641,-1,-1,-1
2448,2,2205.00,649.00,74.00,112.00,0.8210,-1,-1,-1
2449,1,2082.00,1081.00,68.00,106.00,0.8368,-1,-1,-1
2449,2,2207.00,657.00,71.00,116.00,0.8590,-1,-1,-1
2450,1,2083.00,1088.00,68.00,105.00,0.6962,-1,-1,-1
2450,2,2206.00,664.00,73.00,110.00,0.8417,-1,-1,-1
2451,1,2084.00,1097.00,68.00,104.00,0.7937,-1,-1,-1
2451,2,2207.00,672.00,72.00,111.00,0.8169,-1,-1,-1
2452,1,2083.00,1102.00,69.00,104.00,0.8259,-1,-1,-1
2452,2,2208.00,678.00,70.00,119.00,0.8351,-1,-1,-1
2453,1,2084.00,1107.00,69.00,104.00,0.8761,-1,-1,-1
2453,2,2207.00,684.00,72.00,116.00,0.8263,-1,-1,-1
2454,1,2085.00,1114.00,70.00,104.00,0.8254,-1,-1,-1
2454,2,2209.00,692.00,69.00,110.00,0.8135,-1,-1,-1
2455,1,2090.00,1119.00,62.00,99.00,0.7989,-1,-1,-1
2455,2,2209.00,696.00,70.00,125.00,0.7667,-1,-1,-1
2456,1,2086.00,1126.00,67.00,102.00,0.8562,-1,-1,-1
2456,2,2210.00,705.00,66.00,117.00,0.8121,-1,-1,-1
2457,1,2087.00,1130.00,68.00,104.00,0.8797,-1,-1,-1
2457,2,2210.00,709.00,67.00,113.00,0.7745,-1,-1,-1
2458,1,2088.00,1137.00,65.00,100.00,0.8028,-1,-1,-1
2458,2,2210.00,716.00,68.00,112.00,0.8505,-1,-1,-1
2459,1,2087.00,1142.00,68.00,103.00,0.8231,-1,-1,-1
2459,2,2213.00,722.00,62.00,110.00,0.7852,-1,-1,-1
2460,1,2088.00,1148.00,67.00,101.00,0.8618,-1,-1,-1
2460,2,2210.00,726.00,68.00,121.00,0.8263,-1,-1,-1
2461,1,2090.00,1149.00,67.00,105.00,0.8500,-1,-1,-1
2461,2,2210.00,731.00,69.00,115.00,0.7769,-1,-1,-1
2462,1,2089.00,1152.00,67.00,106.00,0.8252,-1,-1,-1
2462,2,2214.00,736.00,62.00,104.00,0.8022,-1,-1,-1
2463,1,2089.00,1154.00,68.00,108.00,0.8318,-1,-1,-1
2463,2,2211.00,740.00,69.00,114.00,0.8227,-1,-1,-1
2464,1,2090.00,1159.00,65.00,105.00,0.7976,-1,-1,-1
2464,2,2214.00,742.00,65.00,112.00,0.8130,-1,-1,-1
2465,1,2092.00,1161.00,66.00,110.00,0.8387,-1,-1,-1
2465,2,2215.00,745.00,63.00,108.00,0.8318,-1,-1,-1
2466,1,2094.00,1163.00,64.00,108.00,0.8836,-1,-1,-1
2466,2,2217.00,749.00,60.00,104.00,0.8277,-1,-1,-1
2467,1,2094.00,1165.00,65.00,107.00,0.8842,-1,-1,-1
2467,2,2216.00,750.00,61.00,104.00,0.8418,-1,-1,-1
2468,1,2095.00,1168.00,63.00,107.00,0.8545,-1,-1,-1
2468,2,2214.00,749.00,66.00,114.00,0.8559,-1,-1,-1
2469,1,2095.00,1168.00,64.00,108.00,0.8428,-1,-1,-1
2469,2,2215.00,749.00,66.00,113.00,0.8783,-1,-1,-1
2470,1,2094.00,1167.00,65.00,110.00,0.8254,-1,-1,-1
2470,2,2216.00,750.00,65.00,113.00,0.8770,-1,-1,-1
2471,1,2095.00,1168.00,64.00,107.00,0.8243,-1,-1,-1
2471,2,2217.00,750.00,63.00,114.00,0.8780,-1,-1,-1
2472,1,2094.00,1169.00,65.00,106.00,0.8097,-1,-1,-1
2472,2,2217.00,750.00,64.00,117.00,0.8666,-1,-1,-1
2473,1,2095.00,1169.00,66.00,107.00,0.8137,-1,-1,-1
2473,2,2216.00,751.00,66.00,116.00,0.8761,-1,-1,-1
2474,1,2097.00,1169.00,64.00,106.00,0.8209,-1,-1,-1
2474,2,2217.00,751.00,64.00,117.00,0.8675,-1,-1,-1
2475,1,2098.00,1171.00,62.00,106.00,0.7900,-1,-1,-1
2475,2,2217.00,752.00,65.00,116.00,0.8712,-1,-1,-1
2476,1,2097.00,1169.00,66.00,107.00,0.8065,-1,-1,-1
2476,2,2217.00,752.00,65.00,116.00,0.8692,-1,-1,-1
2477,1,2097.00,1170.00,65.00,107.00,0.8272,-1,-1,-1
2477,2,2217.00,753.00,65.00,117.00,0.8424,-1,-1,-1
2478,1,2097.00,1171.00,65.00,107.00,0.8475,-1,-1,-1
2478,2,2217.00,753.00,65.00,117.00,0.8396,-1,-1,-1
2479,1,2098.00,1172.00,63.00,105.00,0.8047,-1,-1,-1
2479,2,2217.00,753.00,65.00,117.00,0.8329,-1,-1,-1
2480,1,2099.00,1173.00,62.00,103.00,0.7890,-1,-1,-1
2480,2,2218.00,753.00,64.00,116.00,0.8445,-1,-1,-1
2481,1,2099.00,1173.00,63.00,103.00,0.8005,-1,-1,-1
2481,2,2219.00,753.00,63.00,114.00,0.8328,-1,-1,-1
2482,1,2099.00,1174.00,63.00,104.00,0.8073,-1,-1,-1
2482,2,2221.00,753.00,61.00,114.00,0.8060,-1,-1,-1
2483,1,2100.00,1174.00,63.00,101.00,0.7792,-1,-1,-1
2483,2,2221.00,754.00,61.00,114.00,0.7852,-1,-1,-1
2484,1,2100.00,1175.00,63.00,100.00,0.7763,-1,-1,-1
2484,2,2221.00,754.00,62.00,114.00,0.8209,-1,-1,-1
2485,1,2103.00,1174.00,61.00,99.00,0.7491,-1,-1,-1
2485,2,2221.00,754.00,63.00,114.00,0.8033,-1,-1,-1
2486,1,2105.00,1175.00,59.00,95.00,0.7223,-1,-1,-1
2486,2,2221.00,754.00,63.00,115.00,0.7785,-1,-1,-1
2487,1,2105.00,1173.00,59.00,95.00,0.7591,-1,-1,-1
2487,2,2222.00,754.00,61.00,115.00,0.7588,-1,-1,-1
2488,1,2106.00,1171.00,58.00,98.00,0.7541,-1,-1,-1
2488,2,2223.00,755.00,60.00,111.00,0.7327,-1,-1,-1
2489,1,2105.00,1172.00,60.00,98.00,0.7416,-1,-1,-1
2489,2,2224.00,757.00,59.00,109.00,0.7069,-1,-1,-1
2490,1,2107.00,1171.00,58.00,98.00,0.7424,-1,-1,-1
2490,2,2225.00,758.00,57.00,105.00,0.7028,-1,-1,-1
2491,1,2105.00,1173.00,65.00,103.00,0.7776,-1,-1,-1
2491,2,2225.00,760.00,58.00,104.00,0.7432,-1,-1,-1
2492,1,2105.00,1173.00,65.00,104.00,0.8128,-1,-1,-1
2492,2,2227.00,760.00,57.00,103.00,0.7163,-1,-1,-1
2493,1,2107.00,1174.00,65.00,104.00,0.8858,-1,-1,-1
2493,2,2229.00,760.00,53.00,97.00,0.7521,-1,-1,-1
2494,1,2106.00,1174.00,66.00,106.00,0.8796,-1,-1,-1
2494,2,2229.00,761.00,53.00,98.00,0.7649,-1,-1,-1
2495,1,2107.00,1174.00,67.00,106.00,0.9086,-1,-1,-1
2495,2,2229.00,763.00,54.00,97.00,0.7331,-1,-1,-1
2496,1,2107.00,1176.00,67.00,105.00,0.9085,-1,-1,-1
2496,2,2230.00,763.00,53.00,98.00,0.7219,-1,-1,-1
2497,1,2108.00,1177.00,66.00,104.00,0.9043,-1,-1,-1
2497,2,2231.00,764.00,53.00,96.00,0.7712,-1,-1,-1
2498,1,2108.00,1178.00,66.00,105.00,0.8963,-1,-1,-1
2498,2,2226.00,763.00,63.00,111.00,0.7757,-1,-1,-1
2499,1,2109.00,1179.00,67.00,105.00,0.8982,-1,-1,-1
2499,2,2228.00,764.00,62.00,109.00,0.8435,-1,-1,-1
2500,1,2109.00,1179.00,67.00,105.00,0.8980,-1,-1,-1
2500,2,2230.00,766.00,59.00,107.00,0.8305,-1,-1,-1
2501,1,2110.00,1180.00,66.00,104.00,0.8706,-1,-1,-1
2501,2,2231.00,766.00,58.00,107.00,0.8283,-1,-1,-1
2502,1,2112.00,1184.00,63.00,100.00,0.8430,-1,-1,-1
2502,2,2231.00,767.00,59.00,107.00,0.8432,-1,-1,-1
2503,1,2112.00,1185.00,63.00,100.00,0.8401,-1,-1,-1
2503,2,2230.00,769.00,60.00,107.00,0.8607,-1,-1,-1
2504,1,2112.00,1185.00,64.00,102.00,0.8395,-1,-1,-1
2504,2,2230.00,770.00,60.00,108.00,0.8475,-1,-1,-1
2505,1,2111.00,1186.00,67.00,103.00,0.8492,-1,-1,-1
2505,2,2228.00,772.00,66.00,118.00,0.8662,-1,-1,-1
2506,1,2112.00,1190.00,66.00,101.00,0.8482,-1,-1,-1
2506,2,2234.00,773.00,56.00,102.00,0.8450,-1,-1,-1
2507,1,2111.00,1190.00,66.00,102.00,0.8630,-1,-1,-1
2507,2,2231.00,774.00,62.00,114.00,0.8564,-1,-1,-1
2508,1,2110.00,1191.00,67.00,99.00,0.8679,-1,-1,-1
2508,2,2231.00,774.00,61.00,114.00,0.8531,-1,-1,-1
2509,1,2111.00,1191.00,66.00,101.00,0.8657,-1,-1,-1
2509,2,2237.00,776.00,52.00,96.00,0.8152,-1,-1,-1
2510,1,2113.00,1192.00,65.00,101.00,0.8291,-1,-1,-1
2510,2,2232.00,776.00,60.00,114.00,0.8236,-1,-1,-1
2511,1,2115.00,1193.00,64.00,101.00,0.8193,-1,-1,-1
2511,2,2233.00,777.00,58.00,111.00,0.7625,-1,-1,-1
2512,1,2117.00,1192.00,60.00,101.00,0.7979,-1,-1,-1
2512,2,2233.00,776.00,59.00,113.00,0.7521,-1,-1,-1
2513,1,2118.00,1192.00,61.00,103.00,0.8333,-1,-1,-1
2513,2,2239.00,776.00,51.00,94.00,0.7790,-1,-1,-1
2514,1,2118.00,1192.00,62.00,101.00,0.8644,-1,-1,-1
2514,2,2240.00,776.00,50.00,93.00,0.7300,-1,-1,-1
2515,1,2118.00,1191.00,62.00,100.00,0.8602,-1,-1,-1
2515,2,2239.00,777.00,52.00,94.00,0.7587,-1,-1,-1
2516,1,2118.00,1191.00,64.00,100.00,0.8862,-1,-1,-1
2516,2,2239.00,776.00,52.00,94.00,0.7960,-1,-1,-1
2517,1,2119.00,1191.00,63.00,100.00,0.8967,-1,-1,-1
2517,2,2238.00,776.00,54.00,98.00,0.7713,-1,-1,-1
2518,1,2119.00,1190.00,64.00,101.00,0.8965,-1,-1,-1
2518,2,2238.00,775.00,55.00,99.00,0.7651,-1,-1,-1
2519,1,2119.00,1190.00,65.00,101.00,0.8964,-1,-1,-1
2519,2,2239.00,775.00,55.00,100.00,0.7306,-1,-1,-1
2520,1,2120.00,1189.00,64.00,100.00,0.8868,-1,-1,-1
2520,2,2237.00,775.00,57.00,100.00,0.6973,-1,-1,-1
2521,1,2121.00,1188.00,63.00,99.00,0.8667,-1,-1,-1
2521,2,2238.00,775.00,57.00,99.00,0.6816,-1,-1,-1
2522,1,2121.00,1187.00,64.00,101.00,0.8719,-1,-1,-1
2522,2,2239.00,776.00,56.00,96.00,0.6728,-1,-1,-1
2523,1,2120.00,1187.00,66.00,102.00,0.8692,-1,-1,-1
2523,2,2240.00,774.00,54.00,98.00,0.7150,-1,-1,-1
2524,1,2121.00,1186.00,66.00,105.00,0.8799,-1,-1,-1
2524,2,2241.00,774.00,54.00,99.00,0.7403,-1,-1,-1
2525,1,2121.00,1185.00,67.00,105.00,0.8759,-1,-1,-1
2525,2,2241.00,775.00,53.00,100.00,0.6800,-1,-1,-1
2526,1,2119.00,1183.00,70.00,107.00,0.8294,-1,-1,-1
2526,2,2235.00,773.00,64.00,119.00,0.6896,-1,-1,-1
2527,1,2120.00,1184.00,69.00,106.00,0.8223,-1,-1,-1
2527,2,2235.00,774.00,64.00,120.00,0.7085,-1,-1,-1
2528,1,2121.00,1183.00,68.00,106.00,0.7857,-1,-1,-1
2528,2,2235.00,773.00,65.00,119.00,0.7634,-1,-1,-1
2529,1,2123.00,1182.00,68.00,107.00,0.7709,-1,-1,-1
2529,2,2235.00,773.00,65.00,121.00,0.7467,-1,-1,-1
2530,1,2122.00,1182.00,68.00,108.00,0.7482,-1,-1,-1
2530,2,2236.00,773.00,65.00,118.00,0.7889,-1,-1,-1
2531,1,2124.00,1181.00,68.00,107.00,0.7542,-1,-1,-1
2531,2,2237.00,773.00,64.00,116.00,0.8019,-1,-1,-1
2532,1,2124.00,1180.00,69.00,107.00,0.7939,-1,-1,-1
2532,2,2237.00,773.00,64.00,116.00,0.7508,-1,-1,-1
2533,1,2125.00,1180.00,68.00,106.00,0.8066,-1,-1,-1
2533,2,2237.00,773.00,64.00,116.00,0.7403,-1,-1,-1
2534,1,2125.00,1179.00,68.00,107.00,0.8190,-1,-1,-1
2534,2,2237.00,772.00,64.00,117.00,0.7184,-1,-1,-1
2535,1,2126.00,1178.00,67.00,106.00,0.7915,-1,-1,-1
2535,2,2238.00,772.00,63.00,119.00,0.6582,-1,-1,-1
2536,1,2127.00,1177.00,65.00,105.00,0.7675,-1,-1,-1
2536,2,2238.00,774.00,63.00,116.00,0.6699,-1,-1,-1
2537,1,2127.00,1175.00,66.00,106.00,0.8128,-1,-1,-1
2537,2,2238.00,772.00,63.00,116.00,0.7216,-1,-1,-1
2538,1,2127.00,1173.00,67.00,107.00,0.7886,-1,-1,-1
2538,2,2242.00,770.00,57.00,111.00,0.7184,-1,-1,-1
2539,1,2126.00,1172.00,69.00,109.00,0.7607,-1,-1,-1
2539,2,2241.00,770.00,59.00,112.00,0.7201,-1,-1,-1
2540,1,2126.00,1171.00,69.00,110.00,0.7556,-1,-1,-1
2540,2,2241.00,769.00,60.00,108.00,0.8335,-1,-1,-1
2541,1,2128.00,1172.00,66.00,107.00,0.7370,-1,-1,-1
2541,2,2240.00,766.00,63.00,111.00,0.8478,-1,-1,-1
2542,1,2130.00,1173.00,64.00,105.00,0.7020,-1,-1,-1
2542,2,2239.00,766.00,65.00,111.00,0.8387,-1,-1,-1
2543,1,2135.00,1172.00,58.00,97.00,0.5971,-1,-1,-1
2543,2,2237.00,765.00,69.00,112.00,0.8671,-1,-1,-1
2544,1,2136.00,1171.00,57.00,97.00,0.7052,-1,-1,-1
2544,2,2237.00,764.00,70.00,113.00,0.8422,-1,-1,-1
2545,1,2136.00,1170.00,57.00,97.00,0.7432,-1,-1,-1
2545,2,2236.00,762.00,72.00,115.00,0.8072,-1,-1,-1
2546,1,2135.00,1169.00,60.00,97.00,0.8082,-1,-1,-1
2546,2,2237.00,761.00,72.00,116.00,0.8114,-1,-1,-1
2547,1,2136.00,1169.00,58.00,96.00,0.8058,-1,-1,-1
2547,2,2238.00,757.00,71.00,117.00,0.7782,-1,-1,-1
2548,1,2137.00,1169.00,58.00,96.00,0.8206,-1,-1,-1
2548,2,2236.00,756.00,74.00,121.00,0.8175,-1,-1,-1
2549,1,2136.00,1168.00,59.00,96.00,0.8003,-1,-1,-1
2549,2,2234.00,755.00,77.00,121.00,0.8344,-1,-1,-1
2550,1,2137.00,1169.00,57.00,94.00,0.7596,-1,-1,-1
2550,2,2234.00,755.00,78.00,120.00,0.8335,-1,-1,-1
2551,1,2138.00,1171.00,56.00,96.00,0.7685,-1,-1,-1
2551,2,2238.00,760.00,75.00,104.00,0.7797,-1,-1,-1
2552,1,2137.00,1172.00,58.00,94.00,0.7529,-1,-1,-1
2552,2,2235.00,758.00,80.00,114.00,0.8010,-1,-1,-1
2553,1,2138.00,1174.00,57.00,94.00,0.7807,-1,-1,-1
2553,2,2235.00,760.00,82.00,115.00,0.7751,-1,-1,-1
2554,1,2141.00,1176.00,52.00,86.00,0.7850,-1,-1,-1
2554,2,2235.00,764.00,82.00,120.00,0.7839,-1,-1,-1
2555,1,2137.00,1177.00,60.00,96.00,0.8324,-1,-1,-1
2555,2,2238.00,768.00,77.00,113.00,0.6890,-1,-1,-1
2556,1,2138.00,1179.00,59.00,97.00,0.8684,-1,-1,-1
2556,2,2238.00,771.00,78.00,118.00,0.7203,-1,-1,-1
2557,1,2139.00,1182.00,59.00,97.00,0.8732,-1,-1,-1
2557,2,2239.00,775.00,77.00,112.00,0.6410,-1,-1,-1
2558,1,2141.00,1186.00,57.00,96.00,0.7660,-1,-1,-1
2558,2,2246.00,779.00,70.00,104.00,0.5174,-1,-1,-1
2559,1,2144.00,1195.00,54.00,89.00,0.7824,-1,-1,-1
2560,1,2141.00,1199.00,59.00,97.00,0.8133,-1,-1,-1
2561,1,2140.00,1204.00,61.00,103.00,0.7919,-1,-1,-1
2561,2,2249.00,801.00,64.00,98.00,0.6046,-1,-1,-1
2562,1,2142.00,1218.00,60.00,101.00,0.8039,-1,-1,-1
2562,2,2252.00,814.00,57.00,91.00,0.5923,-1,-1,-1
2563,1,2143.00,1234.00,61.00,96.00,0.8053,-1,-1,-1
2563,2,2247.00,824.00,68.00,115.00,0.5626,-1,-1,-1
2564,1,2143.00,1248.00,61.00,101.00,0.8715,-1,-1,-1
2564,2,2248.00,841.00,66.00,103.00,0.6347,-1,-1,-1
2565,1,2143.00,1265.00,63.00,101.00,0.8734,-1,-1,-1
2565,2,2253.00,859.00,58.00,97.00,0.7511,-1,-1,-1
2566,1,2144.00,1283.00,63.00,98.00,0.8055,-1,-1,-1
2566,2,2248.00,875.00,67.00,111.00,0.7559,-1,-1,-1
2567,1,2144.00,1302.00,65.00,103.00,0.8546,-1,-1,-1
2567,2,2253.00,895.00,59.00,97.00,0.7402,-1,-1,-1
2568,1,2146.00,1322.00,64.00,104.00,0.8932,-1,-1,-1
2568,2,2250.00,915.00,66.00,106.00,0.8380,-1,-1,-1
2569,1,2146.00,1342.00,63.00,101.00,0.8323,-1,-1,-1
2569,2,2257.00,937.00,52.00,88.00,0.7381,-1,-1,-1
2570,1,2145.00,1362.00,68.00,101.00,0.8492,-1,-1,-1
2570,2,2254.00,957.00,56.00,94.00,0.7585,-1,-1,-1
2571,1,2144.00,1382.00,70.00,102.00,0.8624,-1,-1,-1
2571,2,2251.00,974.00,62.00,103.00,0.8612,-1,-1,-1
2572,1,2145.00,1402.00,68.00,104.00,0.8246,-1,-1,-1
2572,2,2248.00,993.00,67.00,106.00,0.8135,-1,-1,-1
2573,1,2148.00,1423.00,67.00,101.00,0.7491,-1,-1,-1
2573,2,2252.00,1015.00,60.00,98.00,0.8498,-1,-1,-1
2574,1,2149.00,1443.00,66.00,102.00,0.8301,-1,-1,-1
2574,2,2251.00,1035.00,65.00,103.00,0.8717,-1,-1,-1
2575,1,2149.00,1461.00,66.00,105.00,0.8119,-1,-1,-1
2575,2,2250.00,1054.00,67.00,103.00,0.7470,-1,-1,-1
2576,1,2150.00,1476.00,66.00,107.00,0.7811,-1,-1,-1
2576,2,2253.00,1068.00,64.00,105.00,0.8663,-1,-1,-1
2577,1,2150.00,1489.00,68.00,109.00,0.7505,-1,-1,-1
2577,2,2254.00,1086.00,64.00,96.00,0.8836,-1,-1,-1
2578,1,2152.00,1508.00,66.00,105.00,0.7084,-1,-1,-1
2578,2,2255.00,1100.00,61.00,98.00,0.8477,-1,-1,-1
2579,1,2151.00,1512.00,67.00,109.00,0.7195,-1,-1,-1
2579,2,2253.00,1110.00,65.00,97.00,0.8806,-1,-1,-1
2580,1,2153.00,1523.00,65.00,105.00,0.7864,-1,-1,-1
2580,2,2255.00,1116.00,64.00,107.00,0.8117,-1,-1,-1
2581,1,2152.00,1533.00,67.00,104.00,0.7150,-1,-1,-1
2581,2,2256.00,1127.00,62.00,98.00,0.8315,-1,-1,-1
2582,1,2154.00,1538.00,65.00,104.00,0.8198,-1,-1,-1
2582,2,2253.00,1130.00,67.00,103.00,0.8785,-1,-1,-1
2583,1,2153.00,1540.00,68.00,107.00,0.8189,-1,-1,-1
2583,2,2257.00,1134.00,63.00,98.00,0.8858,-1,-1,-1
2584,1,2154.00,1546.00,67.00,104.00,0.8164,-1,-1,-1
2584,2,2259.00,1137.00,60.00,96.00,0.8187,-1,-1,-1
2585,1,2156.00,1550.00,65.00,102.00,0.8450,-1,-1,-1
2585,2,2254.00,1137.00,68.00,105.00,0.8279,-1,-1,-1
2586,1,2157.00,1551.00,64.00,101.00,0.8512,-1,-1,-1
2586,2,2253.00,1138.00,70.00,105.00,0.8664,-1,-1,-1
2587,1,2158.00,1550.00,63.00,100.00,0.8447,-1,-1,-1
2587,2,2253.00,1138.00,71.00,107.00,0.8830,-1,-1,-1
2588,1,2157.00,1548.00,64.00,101.00,0.8346,-1,-1,-1
2588,2,2251.00,1136.00,75.00,111.00,0.8736,-1,-1,-1
2589,1,2157.00,1547.00,64.00,100.00,0.8240,-1,-1,-1
2589,2,2252.00,1134.00,75.00,112.00,0.8586,-1,-1,-1
2590,1,2159.00,1545.00,62.00,100.00,0.8037,-1,-1,-1
2590,2,2253.00,1134.00,73.00,108.00,0.8461,-1,-1,-1
2591,1,2159.00,1543.00,62.00,102.00,0.8286,-1,-1,-1
2591,2,2251.00,1134.00,75.00,108.00,0.8449,-1,-1,-1
2592,1,2160.00,1542.00,62.00,103.00,0.8318,-1,-1,-1
2592,2,2252.00,1133.00,75.00,108.00,0.8409,-1,-1,-1
2593,1,2161.00,1541.00,62.00,103.00,0.8139,-1,-1,-1
2593,2,2252.00,1132.00,75.00,108.00,0.8400,-1,-1,-1
2594,1,2160.00,1539.00,64.00,104.00,0.8345,-1,-1,-1
2594,2,2253.00,1131.00,75.00,111.00,0.8422,-1,-1,-1
2595,1,2161.00,1537.00,64.00,104.00,0.8412,-1,-1,-1
2595,2,2254.00,1130.00,75.00,110.00,0.8436,-1,-1,-1
2596,1,2164.00,1532.00,61.00,106.00,0.7944,-1,-1,-1
2596,2,2254.00,1128.00,76.00,113.00,0.8469,-1,-1,-1
2597,1,2165.00,1530.00,61.00,106.00,0.7902,-1,-1,-1
2597,2,2255.00,1127.00,74.00,110.00,0.8369,-1,-1,-1
2598,1,2166.00,1530.00,61.00,104.00,0.8070,-1,-1,-1
2598,2,2256.00,1126.00,73.00,109.00,0.8372,-1,-1,-1
2599,1,2166.00,1529.00,61.00,103.00,0.8155,-1,-1,-1
2599,2,2258.00,1124.00,71.00,109.00,0.8322,-1,-1,-1
2600,1,2165.00,1529.00,63.00,104.00,0.8346,-1,-1,-1
2600,2,2259.00,1123.00,70.00,109.00,0.8139,-1,-1,-1
2601,1,2165.00,1529.00,64.00,106.00,0.8308,-1,-1,-1
2601,2,2260.00,1122.00,69.00,108.00,0.7797,-1,-1,-1
2602,1,2166.00,1528.00,63.00,105.00,0.8666,-1,-1,-1
2602,2,2260.00,1121.00,69.00,111.00,0.7998,-1,-1,-1
2603,1,2166.00,1528.00,64.00,104.00,0.8762,-1,-1,-1
2603,2,2260.00,1119.00,69.00,113.00,0.7992,-1,-1,-1
2604,1,2167.00,1528.00,63.00,102.00,0.8981,-1,-1,-1
2604,2,2260.00,1118.00,71.00,116.00,0.7891,-1,-1,-1
2605,1,2168.00,1526.00,64.00,103.00,0.9132,-1,-1,-1
2605,2,2260.00,1117.00,71.00,119.00,0.7838,-1,-1,-1
2606,1,2168.00,1525.00,64.00,102.00,0.9116,-1,-1,-1
2606,2,2263.00,1117.00,64.00,113.00,0.7843,-1,-1,-1
2607,1,2168.00,1524.00,64.00,101.00,0.9011,-1,-1,-1
2607,2,2264.00,1116.00,64.00,114.00,0.8015,-1,-1,-1
2608,1,2168.00,1523.00,64.00,101.00,0.8939,-1,-1,-1
2608,2,2264.00,1115.00,64.00,112.00,0.8294,-1,-1,-1
2609,1,2168.00,1522.00,66.00,101.00,0.8772,-1,-1,-1
2609,2,2266.00,1113.00,62.00,109.00,0.8478,-1,-1,-1
2610,1,2167.00,1521.00,67.00,101.00,0.8326,-1,-1,-1
2610,2,2266.00,1113.00,62.00,110.00,0.8404,-1,-1,-1
2611,1,2168.00,1519.00,65.00,103.00,0.8320,-1,-1,-1
2611,2,2267.00,1112.00,62.00,111.00,0.8273,-1,-1,-1
2612,1,2168.00,1517.00,65.00,104.00,0.8445,-1,-1,-1
2612,2,2270.00,1114.00,55.00,98.00,0.8051,-1,-1,-1
2613,1,2168.00,1516.00,65.00,104.00,0.8417,-1,-1,-1
2613,2,2270.00,1114.00,55.00,98.00,0.8139,-1,-1,-1
2614,1,2169.00,1516.00,65.00,104.00,0.8497,-1,-1,-1
2614,2,2270.00,1114.00,56.00,98.00,0.8301,-1,-1,-1
2615,1,2170.00,1515.00,63.00,103.00,0.8496,-1,-1,-1
2615,2,2271.00,1113.00,55.00,98.00,0.8538,-1,-1,-1
2616,1,2172.00,1515.00,60.00,101.00,0.8360,-1,-1,-1
2616,2,2270.00,1112.00,56.00,98.00,0.8649,-1,-1,-1
2617,1,2173.00,1513.00,58.00,101.00,0.8245,-1,-1,-1
2617,2,2270.00,1110.00,57.00,100.00,0.8669,-1,-1,-1
2618,1,2174.00,1512.00,57.00,102.00,0.8111,-1,-1,-1
2618,2,2269.00,1109.00,59.00,102.00,0.8729,-1,-1,-1
2619,1,2174.00,1511.00,58.00,103.00,0.7949,-1,-1,-1
2619,2,2268.00,1108.00,60.00,102.00,0.8832,-1,-1,-1
2620,1,2175.00,1511.00,58.00,97.00,0.7374,-1,-1,-1
2620,2,2269.00,1106.00,59.00,104.00,0.8937,-1,-1,-1
2621,1,2175.00,1510.00,59.00,97.00,0.7641,-1,-1,-1
2621,2,2268.00,1104.00,61.00,106.00,0.8848,-1,-1,-1
2622,1,2175.00,1509.00,60.00,98.00,0.7766,-1,-1,-1
2622,2,2268.00,1103.00,61.00,105.00,0.8683,-1,-1,-1
2623,1,2175.00,1507.00,61.00,100.00,0.7707,-1,-1,-1
2623,2,2267.00,1103.00,63.00,106.00,0.8770,-1,-1,-1
2624,1,2175.00,1505.00,62.00,101.00,0.7827,-1,-1,-1
2624,2,2267.00,1101.00,64.00,108.00,0.8713,-1,-1,-1
2625,1,2174.00,1502.00,64.00,103.00,0.7931,-1,-1,-1
2625,2,2267.00,1100.00,66.00,109.00,0.8624,-1,-1,-1
2626,1,2174.00,1502.00,65.00,102.00,0.8030,-1,-1,-1
2626,2,2267.00,1099.00,66.00,109.00,0.8548,-1,-1,-1
2627,1,2176.00,1502.00,64.00,100.00,0.7968,-1,-1,-1
2627,2,2268.00,1099.00,66.00,109.00,0.8050,-1,-1,-1
2628,1,2177.00,1502.00,62.00,99.00,0.8005,-1,-1,-1
2628,2,2271.00,1098.00,59.00,103.00,0.8330,-1,-1,-1
2629,1,2178.00,1500.00,62.00,100.00,0.7861,-1,-1,-1
2629,2,2271.00,1095.00,60.00,106.00,0.8285,-1,-1,-1
2630,1,2179.00,1499.00,62.00,98.00,0.7651,-1,-1,-1
2630,2,2271.00,1093.00,61.00,108.00,0.8421,-1,-1,-1
2631,1,2182.00,1499.00,58.00,96.00,0.7893,-1,-1,-1
2631,2,2270.00,1092.00,62.00,107.00,0.8639,-1,-1,-1
2632,1,2183.00,1499.00,57.00,94.00,0.8063,-1,-1,-1
2632,2,2270.00,1090.00,62.00,107.00,0.8688,-1,-1,-1
2633,1,2183.00,1497.00,57.00,95.00,0.8025,-1,-1,-1
2633,2,2270.00,1090.00,62.00,106.00,0.8648,-1,-1,-1
2634,1,2184.00,1496.00,56.00,94.00,0.8120,-1,-1,-1
2634,2,2271.00,1090.00,61.00,105.00,0.8595,-1,-1,-1
2635,1,2185.00,1496.00,56.00,93.00,0.7922,-1,-1,-1
2635,2,2271.00,1089.00,61.00,105.00,0.8471,-1,-1,-1
2636,1,2186.00,1495.00,55.00,94.00,0.7816,-1,-1,-1
2636,2,2272.00,1089.00,60.00,103.00,0.7752,-1,-1,-1
2637,1,2186.00,1494.00,56.00,95.00,0.7543,-1,-1,-1
2637,2,2276.00,1091.00,53.00,95.00,0.7550,-1,-1,-1
2638,1,2187.00,1493.00,55.00,96.00,0.7588,-1,-1,-1
2638,2,2276.00,1090.00,54.00,95.00,0.7908,-1,-1,-1
2639,1,2187.00,1492.00,56.00,96.00,0.7257,-1,-1,-1
2639,2,2276.00,1089.00,54.00,94.00,0.8134,-1,-1,-1
2640,1,2187.00,1492.00,57.00,96.00,0.7346,-1,-1,-1
2640,2,2277.00,1087.00,53.00,94.00,0.7951,-1,-1,-1
2641,1,2187.00,1493.00,56.00,96.00,0.7072,-1,-1,-1
2641,2,2277.00,1086.00,53.00,94.00,0.7987,-1,-1,-1
2642,1,2188.00,1492.00,56.00,94.00,0.6888,-1,-1,-1
2642,2,2277.00,1084.00,53.00,94.00,0.7798,-1,-1,-1
2643,1,2188.00,1490.00,57.00,95.00,0.6968,-1,-1,-1
2643,2,2277.00,1082.00,52.00,95.00,0.7038,-1,-1,-1
2644,1,2189.00,1490.00,56.00,93.00,0.6228,-1,-1,-1
2644,2,2276.00,1081.00,54.00,96.00,0.6848,-1,-1,-1
2645,1,2191.00,1484.00,55.00,96.00,0.6496,-1,-1,-1
2645,2,2279.00,1080.00,49.00,87.00,0.6868,-1,-1,-1
2646,1,2191.00,1482.00,56.00,97.00,0.6995,-1,-1,-1
2646,2,2279.00,1079.00,49.00,87.00,0.7477,-1,-1,-1
2647,1,2192.00,1479.00,54.00,100.00,0.6816,-1,-1,-1
2647,2,2280.00,1077.00,48.00,88.00,0.7259,-1,-1,-1
2648,1,2193.00,1478.00,52.00,98.00,0.6092,-1,-1,-1
2648,2,2280.00,1076.00,47.00,84.00,0.6810,-1,-1,-1
2649,1,2195.00,1471.00,50.00,97.00,0.5833,-1,-1,-1
2649,2,2281.00,1076.00,47.00,80.00,0.7071,-1,-1,-1
2650,1,2193.00,1474.00,53.00,95.00,0.6902,-1,-1,-1
2650,2,2283.00,1075.00,44.00,74.00,0.7074,-1,-1,-1
2651,1,2193.00,1474.00,54.00,94.00,0.7282,-1,-1,-1
2651,2,2281.00,1075.00,47.00,80.00,0.7103,-1,-1,-1
2652,1,2193.00,1474.00,55.00,95.00,0.7475,-1,-1,-1
2652,2,2281.00,1074.00,48.00,80.00,0.7050,-1,-1,-1
2653,1,2194.00,1474.00,55.00,95.00,0.7492,-1,-1,-1
2653,2,2282.00,1073.00,48.00,79.00,0.7323,-1,-1,-1
2654,1,2195.00,1473.00,54.00,95.00,0.7447,-1,-1,-1
2654,2,2282.00,1071.00,49.00,82.00,0.7614,-1,-1,-1
2655,1,2195.00,1473.00,55.00,97.00,0.7464,-1,-1,-1
2655,2,2282.00,1070.00,50.00,86.00,0.7315,-1,-1,-1
2656,1,2195.00,1472.00,56.00,98.00,0.7328,-1,-1,-1
2656,2,2279.00,1067.00,56.00,103.00,0.7593,-1,-1,-1
2657,1,2195.00,1470.00,56.00,99.00,0.7805,-1,-1,-1
2657,2,2278.00,1066.00,58.00,106.00,0.8151,-1,-1,-1
2658,1,2195.00,1469.00,56.00,99.00,0.7838,-1,-1,-1
2658,2,2278.00,1065.00,58.00,106.00,0.7808,-1,-1,-1
2659,1,2196.00,1468.00,55.00,99.00,0.7318,-1,-1,-1
2659,2,2278.00,1064.00,59.00,109.00,0.7855,-1,-1,-1
2660,1,2196.00,1467.00,56.00,99.00,0.7072,-1,-1,-1
2660,2,2282.00,1065.00,53.00,95.00,0.7942,-1,-1,-1
2661,1,2196.00,1466.00,56.00,100.00,0.7045,-1,-1,-1
2661,2,2276.00,1062.00,62.00,113.00,0.8505,-1,-1,-1
2662,1,2196.00,1465.00,56.00,100.00,0.6917,-1,-1,-1
2662,2,2278.00,1062.00,60.00,114.00,0.8294,-1,-1,-1
2663,1,2196.00,1464.00,56.00,100.00,0.6856,-1,-1,-1
2663,2,2278.00,1061.00,61.00,116.00,0.8670,-1,-1,-1
2664,1,2196.00,1459.00,59.00,100.00,0.7106,-1,-1,-1
2664,2,2278.00,1060.00,62.00,115.00,0.8638,-1,-1,-1
2665,1,2196.00,1458.00,59.00,100.00,0.7507,-1,-1,-1
2665,2,2282.00,1062.00,56.00,103.00,0.8652,-1,-1,-1
2666,1,2196.00,1457.00,60.00,100.00,0.7844,-1,-1,-1
2666,2,2283.00,1061.00,54.00,100.00,0.8667,-1,-1,-1
2667,1,2196.00,1457.00,60.00,99.00,0.7623,-1,-1,-1
2667,2,2281.00,1060.00,57.00,103.00,0.8829,-1,-1,-1
2668,1,2196.00,1456.00,61.00,100.00,0.7714,-1,-1,-1
2668,2,2281.00,1059.00,57.00,102.00,0.8714,-1,-1,-1
2669,1,2197.00,1456.00,60.00,100.00,0.7387,-1,-1,-1
2669,2,2284.00,1057.00,53.00,99.00,0.7847,-1,-1,-1
2670,1,2197.00,1455.00,60.00,100.00,0.7607,-1,-1,-1
2670,2,2287.00,1058.00,48.00,86.00,0.7980,-1,-1,-1
2671,1,2198.00,1455.00,59.00,99.00,0.7480,-1,-1,-1
2671,2,2287.00,1057.00,49.00,88.00,0.8272,-1,-1,-1
2672,1,2197.00,1454.00,59.00,99.00,0.7611,-1,-1,-1
2672,2,2287.00,1056.00,50.00,88.00,0.8574,-1,-1,-1
2673,1,2198.00,1453.00,59.00,98.00,0.7572,-1,-1,-1
2673,2,2286.00,1055.00,51.00,92.00,0.8778,-1,-1,-1
2674,1,2198.00,1452.00,59.00,97.00,0.7553,-1,-1,-1
2674,2,2285.00,1055.00,53.00,93.00,0.8833,-1,-1,-1
2675,1,2200.00,1451.00,58.00,95.00,0.6882,-1,-1,-1
2675,2,2285.00,1054.00,53.00,94.00,0.8866,-1,-1,-1
2676,1,2202.00,1450.00,55.00,93.00,0.6967,-1,-1,-1
2676,2,2285.00,1053.00,55.00,98.00,0.8605,-1,-1,-1
2677,1,2202.00,1448.00,56.00,93.00,0.7204,-1,-1,-1
2677,2,2284.00,1050.00,57.00,103.00,0.8648,-1,-1,-1
2678,1,2202.00,1447.00,57.00,95.00,0.7908,-1,-1,-1
2678,2,2283.00,1049.00,58.00,104.00,0.8389,-1,-1,-1
2679,1,2202.00,1445.00,56.00,95.00,0.7818,-1,-1,-1
2679,2,2284.00,1047.00,57.00,105.00,0.7780,-1,-1,-1
2680,1,2203.00,1444.00,56.00,96.00,0.7719,-1,-1,-1
2680,2,2285.00,1046.00,57.00,103.00,0.8052,-1,-1,-1
2681,1,2203.00,1443.00,57.00,96.00,0.7394,-1,-1,-1
2681,2,2286.00,1044.00,56.00,104.00,0.7779,-1,-1,-1
2682,1,2204.00,1442.00,56.00,97.00,0.7058,-1,-1,-1
2682,2,2286.00,1043.00,57.00,104.00,0.7641,-1,-1,-1
2683,1,2205.00,1441.00,55.00,97.00,0.6925,-1,-1,-1
2683,2,2286.00,1042.00,59.00,106.00,0.7800,-1,-1,-1
2684,1,2208.00,1439.00,51.00,92.00,0.6672,-1,-1,-1
2684,2,2289.00,1042.00,52.00,94.00,0.7456,-1,-1,-1
2685,1,2208.00,1438.00,52.00,93.00,0.7426,-1,-1,-1
2685,2,2290.00,1042.00,51.00,92.00,0.7518,-1,-1,-1
2686,1,2207.00,1438.00,54.00,94.00,0.7943,-1,-1,-1
2686,2,2289.00,1041.00,53.00,94.00,0.7915,-1,-1,-1
2687,1,2206.00,1436.00,57.00,96.00,0.8242,-1,-1,-1
2687,2,2287.00,1040.00,56.00,96.00,0.8152,-1,-1,-1
2688,1,2207.00,1435.00,57.00,96.00,0.8483,-1,-1,-1
2688,2,2287.00,1040.00,58.00,96.00,0.8017,-1,-1,-1
2689,1,2206.00,1433.00,58.00,96.00,0.8501,-1,-1,-1
2689,2,2287.00,1038.00,57.00,98.00,0.7936,-1,-1,-1
2690,1,2205.00,1432.00,61.00,96.00,0.8856,-1,-1,-1
2690,2,2286.00,1037.00,59.00,100.00,0.7870,-1,-1,-1
2691,1,2204.00,1430.00,62.00,98.00,0.8736,-1,-1,-1
2691,2,2285.00,1037.00,61.00,102.00,0.7970,-1,-1,-1
2692,1,2206.00,1433.00,60.00,95.00,0.8970,-1,-1,-1
2692,2,2283.00,1038.00,65.00,110.00,0.8024,-1,-1,-1
2693,1,2207.00,1437.00,61.00,99.00,0.8380,-1,-1,-1
2693,2,2283.00,1041.00,65.00,110.00,0.7693,-1,-1,-1
2694,1,2209.00,1443.00,58.00,96.00,0.8700,-1,-1,-1
2694,2,2285.00,1047.00,63.00,106.00,0.7752,-1,-1,-1
2695,1,2209.00,1450.00,59.00,98.00,0.8175,-1,-1,-1
2695,2,2285.00,1055.00,62.00,105.00,0.7712,-1,-1,-1
2696,1,2211.00,1461.00,60.00,98.00,0.7991,-1,-1,-1
2696,2,2286.00,1064.00,62.00,104.00,0.7105,-1,-1,-1
2697,1,2211.00,1470.00,60.00,100.00,0.8511,-1,-1,-1
2697,2,2289.00,1073.00,57.00,96.00,0.8024,-1,-1,-1
2698,1,2213.00,1481.00,59.00,97.00,0.7902,-1,-1,-1
2698,2,2290.00,1082.00,56.00,99.00,0.6577,-1,-1,-1
2699,1,2214.00,1492.00,56.00,99.00,0.7772,-1,-1,-1
2699,2,2287.00,1094.00,62.00,106.00,0.7731,-1,-1,-1
2700,1,2216.00,1502.00,54.00,98.00,0.7521,-1,-1,-1
2700,2,2288.00,1105.00,60.00,104.00,0.6892,-1,-1,-1
2701,1,2214.00,1512.00,57.00,101.00,0.7791,-1,-1,-1
2701,2,2288.00,1116.00,60.00,103.00,0.7200,-1,-1,-1
2702,1,2215.00,1528.00,58.00,101.00,0.7708,-1,-1,-1
2702,2,2295.00,1132.00,48.00,79.00,0.7025,-1,-1,-1
2703,1,2215.00,1539.00,59.00,104.00,0.8277,-1,-1,-1
2703,2,2293.00,1143.00,52.00,83.00,0.7621,-1,-1,-1
2704,1,2216.00,1553.00,60.00,103.00,0.8454,-1,-1,-1
2704,2,2289.00,1153.00,59.00,99.00,0.7941,-1,-1,-1
2705,1,2217.00,1563.00,61.00,107.00,0.8577,-1,-1,-1
2705,2,2291.00,1165.00,57.00,98.00,0.7881,-1,-1,-1
2706,1,2217.00,1575.00,60.00,105.00,0.8553,-1,-1,-1
2706,2,2290.00,1179.00,58.00,98.00,0.8327,-1,-1,-1
2707,1,2218.00,1587.00,62.00,107.00,0.8655,-1,-1,-1
2707,2,2291.00,1190.00,56.00,99.00,0.7987,-1,-1,-1
2708,1,2219.00,1600.00,60.00,103.00,0.8867,-1,-1,-1
2708,2,2290.00,1203.00,60.00,102.00,0.8665,-1,-1,-1
2709,1,2219.00,1613.00,63.00,104.00,0.8588,-1,-1,-1
2709,2,2291.00,1212.00,58.00,105.00,0.8274,-1,-1,-1
2710,1,2219.00,1622.00,61.00,101.00,0.8851,-1,-1,-1
2710,2,2291.00,1224.00,60.00,101.00,0.8378,-1,-1,-1
2711,1,2221.00,1632.00,59.00,104.00,0.8679,-1,-1,-1
2711,2,2294.00,1236.00,54.00,90.00,0.8597,-1,-1,-1
2712,1,2220.00,1641.00,63.00,100.00,0.8134,-1,-1,-1
2712,2,2292.00,1241.00,57.00,98.00,0.9131,-1,-1,-1
2713,1,2220.00,1645.00,62.00,102.00,0.8489,-1,-1,-1
2713,2,2293.00,1248.00,57.00,95.00,0.8939,-1,-1,-1
2714,1,2222.00,1651.00,61.00,101.00,0.7883,-1,-1,-1
2714,2,2292.00,1253.00,60.00,98.00,0.8907,-1,-1,-1
2715,1,2223.00,1654.00,59.00,102.00,0.7472,-1,-1,-1
2715,2,2293.00,1258.00,60.00,98.00,0.8481,-1,-1,-1
2716,1,2223.00,1660.00,60.00,100.00,0.8239,-1,-1,-1
2716,2,2292.00,1258.00,63.00,101.00,0.8567,-1,-1,-1
2717,1,2223.00,1661.00,59.00,100.00,0.8204,-1,-1,-1
2717,2,2292.00,1259.00,62.00,105.00,0.8981,-1,-1,-1
2718,1,2224.00,1663.00,58.00,97.00,0.7906,-1,-1,-1
2718,2,2292.00,1260.00,63.00,105.00,0.9031,-1,-1,-1
2719,1,2225.00,1663.00,56.00,94.00,0.7516,-1,-1,-1
2719,2,2291.00,1261.00,66.00,107.00,0.8995,-1,-1,-1
2720,1,2226.00,1663.00,55.00,93.00,0.7199,-1,-1,-1
2720,2,2291.00,1258.00,69.00,112.00,0.8757,-1,-1,-1
2721,1,2226.00,1662.00,56.00,95.00,0.7336,-1,-1,-1
2721,2,2290.00,1259.00,70.00,110.00,0.8779,-1,-1,-1
2722,1,2226.00,1660.00,57.00,97.00,0.7531,-1,-1,-1
2722,2,2290.00,1260.00,70.00,104.00,0.8826,-1,-1,-1
2723,1,2225.00,1659.00,60.00,98.00,0.7904,-1,-1,-1
2723,2,2290.00,1259.00,70.00,103.00,0.8664,-1,-1,-1
2724,1,2225.00,1659.00,60.00,98.00,0.7973,-1,-1,-1
2724,2,2289.00,1258.00,72.00,106.00,0.8437,-1,-1,-1
2725,1,2226.00,1657.00,58.00,98.00,0.7369,-1,-1,-1
2725,2,2288.00,1258.00,75.00,105.00,0.8257,-1,-1,-1
2726,1,2226.00,1657.00,58.00,97.00,0.7021,-1,-1,-1
2726,2,2289.00,1255.00,75.00,105.00,0.8222,-1,-1,-1
2727,1,2227.00,1656.00,57.00,97.00,0.6420,-1,-1,-1
2727,2,2289.00,1254.00,77.00,106.00,0.8277,-1,-1,-1
2728,1,2228.00,1652.00,55.00,96.00,0.6623,-1,-1,-1
2728,2,2288.00,1253.00,79.00,108.00,0.8283,-1,-1,-1
2729,1,2229.00,1654.00,56.00,92.00,0.7648,-1,-1,-1
2729,2,2288.00,1252.00,80.00,109.00,0.8167,-1,-1,-1
2730,1,2229.00,1653.00,57.00,93.00,0.8143,-1,-1,-1
2730,2,2288.00,1251.00,81.00,110.00,0.8133,-1,-1,-1
2731,1,2229.00,1653.00,57.00,93.00,0.8275,-1,-1,-1
2731,2,2287.00,1252.00,80.00,107.00,0.8249,-1,-1,-1
2732,1,2230.00,1652.00,57.00,94.00,0.8360,-1,-1,-1
2732,2,2286.00,1251.00,80.00,104.00,0.8235,-1,-1,-1
2733,1,2231.00,1652.00,56.00,93.00,0.8418,-1,-1,-1
2733,2,2286.00,1250.00,79.00,105.00,0.8364,-1,-1,-1
2734,1,2232.00,1651.00,55.00,91.00,0.8530,-1,-1,-1
2734,2,2287.00,1249.00,78.00,106.00,0.8410,-1,-1,-1
2735,1,2231.00,1649.00,57.00,90.00,0.8483,-1,-1,-1
2735,2,2287.00,1247.00,77.00,107.00,0.8551,-1,-1,-1
2736,1,2231.00,1647.00,57.00,91.00,0.8115,-1,-1,-1
2736,2,2288.00,1245.00,78.00,109.00,0.8108,-1,-1,-1
2737,1,2231.00,1644.00,57.00,92.00,0.8012,-1,-1,-1
2737,2,2287.00,1242.00,82.00,114.00,0.7641,-1,-1,-1
2738,1,2232.00,1642.00,56.00,93.00,0.8326,-1,-1,-1
2738,2,2288.00,1240.00,83.00,116.00,0.7645,-1,-1,-1
2739,1,2232.00,1639.00,57.00,95.00,0.8170,-1,-1,-1
2739,2,2292.00,1241.00,74.00,109.00,0.7725,-1,-1,-1
2740,1,2232.00,1636.00,59.00,97.00,0.8226,-1,-1,-1
2740,2,2294.00,1240.00,71.00,108.00,0.8103,-1,-1,-1
2741,1,2231.00,1634.00,61.00,100.00,0.8157,-1,-1,-1
2741,2,2294.00,1240.00,71.00,108.00,0.8147,-1,-1,-1
2742,1,2231.00,1632.00,63.00,102.00,0.7870,-1,-1,-1
2742,2,2296.00,1239.00,69.00,109.00,0.8365,-1,-1,-1
2743,1,2233.00,1632.00,61.00,102.00,0.7215,-1,-1,-1
2743,2,2296.00,1238.00,69.00,111.00,0.8312,-1,-1,-1
2744,1,2233.00,1631.00,61.00,103.00,0.6906,-1,-1,-1
2744,2,2296.00,1237.00,70.00,113.00,0.8456,-1,-1,-1
2745,1,2233.00,1631.00,62.00,103.00,0.7106,-1,-1,-1
2745,2,2296.00,1237.00,69.00,114.00,0.8261,-1,-1,-1
2746,1,2234.00,1631.00,61.00,104.00,0.6724,-1,-1,-1
2746,2,2297.00,1237.00,67.00,113.00,0.8404,-1,-1,-1
2747,1,2234.00,1631.00,62.00,104.00,0.6359,-1,-1,-1
2747,2,2297.00,1237.00,67.00,113.00,0.8618,-1,-1,-1
2748,1,2236.00,1621.00,58.00,105.00,0.6471,-1,-1,-1
2748,2,2298.00,1236.00,66.00,113.00,0.8609,-1,-1,-1
2749,1,2236.00,1621.00,59.00,106.00,0.6951,-1,-1,-1
2749,2,2299.00,1235.00,64.00,112.00,0.8576,-1,-1,-1
2750,1,2235.00,1620.00,62.00,108.00,0.7603,-1,-1,-1
2750,2,2299.00,1235.00,63.00,111.00,0.8535,-1,-1,-1
2751,1,2235.00,1621.00,63.00,107.00,0.7769,-1,-1,-1
2751,2,2299.00,1234.00,62.00,108.00,0.8369,-1,-1,-1
2752,1,2235.00,1620.00,65.00,108.00,0.8043,-1,-1,-1
2752,2,2298.00,1233.00,65.00,110.00,0.8705,-1,-1,-1
2753,1,2235.00,1619.00,66.00,109.00,0.8165,-1,-1,-1
2753,2,2298.00,1232.00,66.00,111.00,0.8933,-1,-1,-1
2754,1,2235.00,1618.00,66.00,108.00,0.8042,-1,-1,-1
2754,2,2299.00,1231.00,66.00,111.00,0.8937,-1,-1,-1
2755,1,2236.00,1618.00,66.00,106.00,0.8005,-1,-1,-1
2755,2,2300.00,1231.00,64.00,108.00,0.8700,-1,-1,-1
2756,1,2237.00,1618.00,65.00,103.00,0.7822,-1,-1,-1
2756,2,2301.00,1230.00,64.00,110.00,0.8727,-1,-1,-1
2757,1,2237.00,1618.00,65.00,102.00,0.7741,-1,-1,-1
2757,2,2302.00,1230.00,63.00,110.00,0.8736,-1,-1,-1
2758,1,2239.00,1618.00,63.00,100.00,0.7529,-1,-1,-1
2758,2,2302.00,1229.00,66.00,115.00,0.8615,-1,-1,-1
2759,1,2240.00,1618.00,63.00,98.00,0.7319,-1,-1,-1
2759,2,2303.00,1228.00,67.00,116.00,0.8302,-1,-1,-1
2760,1,2241.00,1617.00,62.00,99.00,0.7252,-1,-1,-1
2760,2,2303.00,1227.00,65.00,111.00,0.8088,-1,-1,-1
2761,1,2242.00,1621.00,62.00,91.00,0.7297,-1,-1,-1
2761,2,2302.00,1227.00,67.00,109.00,0.8238,-1,-1,-1
2762,1,2243.00,1621.00,61.00,90.00,0.7529,-1,-1,-1
2762,2,2302.00,1226.00,69.00,110.00,0.8325,-1,-1,-1
2763,1,2244.00,1620.00,59.00,90.00,0.7538,-1,-1,-1
2763,2,2302.00,1227.00,70.00,109.00,0.8398,-1,-1,-1
2764,1,2244.00,1619.00,59.00,90.00,0.7603,-1,-1,-1
2764,2,2301.00,1226.00,71.00,109.00,0.8453,-1,-1,-1
2765,1,2244.00,1618.00,59.00,91.00,0.7801,-1,-1,-1
2765,2,2302.00,1223.00,69.00,111.00,0.8559,-1,-1,-1
2766,1,2244.00,1618.00,60.00,90.00,0.8151,-1,-1,-1
2766,2,2302.00,1222.00,71.00,112.00,0.8610,-1,-1,-1
2767,1,2245.00,1617.00,59.00,90.00,0.8166,-1,-1,-1
2767,2,2302.00,1222.00,71.00,112.00,0.8643,-1,-1,-1
2768,1,2246.00,1616.00,58.00,91.00,0.8011,-1,-1,-1
2768,2,2302.00,1221.00,72.00,112.00,0.8720,-1,-1,-1
2769,1,2247.00,1615.00,58.00,91.00,0.7809,-1,-1,-1
2769,2,2302.00,1220.00,72.00,113.00,0.8834,-1,-1,-1
2770,1,2249.00,1614.00,57.00,90.00,0.7360,-1,-1,-1
2770,2,2302.00,1219.00,72.00,114.00,0.8849,-1,-1,-1
2771,1,2249.00,1613.00,58.00,91.00,0.7091,-1,-1,-1
2771,2,2302.00,1217.00,73.00,116.00,0.8878,-1,-1,-1
2772,1,2251.00,1609.00,55.00,89.00,0.7331,-1,-1,-1
2772,2,2302.00,1215.00,72.00,118.00,0.8810,-1,-1,-1
2773,1,2251.00,1607.00,56.00,90.00,0.7278,-1,-1,-1
2773,2,2303.00,1212.00,71.00,120.00,0.8562,-1,-1,-1
2774,1,2250.00,1606.00,58.00,92.00,0.7235,-1,-1,-1
2774,2,2303.00,1211.00,71.00,120.00,0.8345,-1,-1,-1
2775,1,2249.00,1605.00,61.00,95.00,0.7228,-1,-1,-1
2775,2,2303.00,1210.00,70.00,120.00,0.8277,-1,-1,-1
2776,1,2250.00,1605.00,63.00,93.00,0.7606,-1,-1,-1
2776,2,2304.00,1209.00,69.00,120.00,0.8082,-1,-1,-1
2777,1,2251.00,1604.00,64.00,94.00,0.7970,-1,-1,-1
2777,2,2307.00,1211.00,64.00,116.00,0.7968,-1,-1,-1
2778,1,2252.00,1603.00,64.00,95.00,0.8243,-1,-1,-1
2778,2,2307.00,1210.00,64.00,116.00,0.8059,-1,-1,-1
2779,1,2254.00,1603.00,61.00,92.00,0.8133,-1,-1,-1
2779,2,2307.00,1209.00,65.00,119.00,0.8130,-1,-1,-1
2780,1,2253.00,1602.00,62.00,94.00,0.7985,-1,-1,-1
2780,2,2306.00,1210.00,65.00,114.00,0.8049,-1,-1,-1
2781,1,2252.00,1598.00,65.00,95.00,0.7958,-1,-1,-1
2781,2,2307.00,1209.00,65.00,118.00,0.8047,-1,-1,-1
2782,1,2251.00,1598.00,68.00,97.00,0.7839,-1,-1,-1
2782,2,2308.00,1208.00,64.00,118.00,0.8221,-1,-1,-1
2783,1,2253.00,1597.00,65.00,94.00,0.7778,-1,-1,-1
2783,2,2308.00,1208.00,63.00,117.00,0.8075,-1,-1,-1
2784,1,2254.00,1595.00,65.00,97.00,0.7784,-1,-1,-1
2784,2,2309.00,1208.00,61.00,114.00,0.8231,-1,-1,-1
2785,1,2254.00,1595.00,68.00,98.00,0.7838,-1,-1,-1
2785,2,2309.00,1207.00,60.00,111.00,0.7959,-1,-1,-1
2786,1,2254.00,1594.00,72.00,100.00,0.7816,-1,-1,-1
2786,2,2309.00,1207.00,60.00,111.00,0.7842,-1,-1,-1
2787,1,2255.00,1593.00,72.00,100.00,0.7862,-1,-1,-1
2787,2,2312.00,1208.00,54.00,99.00,0.7669,-1,-1,-1
2788,1,2256.00,1592.00,73.00,100.00,0.7822,-1,-1,-1
2788,2,2313.00,1207.00,52.00,95.00,0.7909,-1,-1,-1
2789,1,2257.00,1592.00,72.00,99.00,0.7889,-1,-1,-1
2789,2,2313.00,1206.00,52.00,96.00,0.7961,-1,-1,-1
2790,1,2256.00,1592.00,71.00,100.00,0.7963,-1,-1,-1
2790,2,2314.00,1204.00,51.00,95.00,0.7637,-1,-1,-1
2791,1,2256.00,1592.00,71.00,101.00,0.8016,-1,-1,-1
2791,2,2312.00,1206.00,52.00,87.00,0.7646,-1,-1,-1
2792,1,2257.00,1592.00,69.00,100.00,0.7950,-1,-1,-1
2792,2,2312.00,1205.00,52.00,87.00,0.7637,-1,-1,-1
2793,1,2259.00,1593.00,65.00,98.00,0.7954,-1,-1,-1
2793,2,2312.00,1205.00,53.00,88.00,0.7483,-1,-1,-1
2794,1,2260.00,1592.00,63.00,98.00,0.7830,-1,-1,-1
2794,2,2313.00,1204.00,52.00,88.00,0.7203,-1,-1,-1
2795,1,2260.00,1592.00,61.00,96.00,0.7958,-1,-1,-1
2795,2,2314.00,1203.00,51.00,88.00,0.7094,-1,-1,-1
2796,1,2261.00,1591.00,60.00,95.00,0.8129,-1,-1,-1
2796,2,2315.00,1201.00,50.00,87.00,0.7071,-1,-1,-1
2797,1,2261.00,1590.00,60.00,94.00,0.8169,-1,-1,-1
2797,2,2316.00,1201.00,48.00,86.00,0.7013,-1,-1,-1
2798,1,2262.00,1589.00,60.00,95.00,0.8180,-1,-1,-1
2798,2,2317.00,1200.00,47.00,85.00,0.7094,-1,-1,-1
2799,1,2263.00,1591.00,60.00,94.00,0.8314,-1,-1,-1
2799,2,2317.00,1199.00,47.00,85.00,0.7454,-1,-1,-1
2800,1,2264.00,1591.00,61.00,94.00,0.8538,-1,-1,-1
2800,2,2317.00,1198.00,47.00,85.00,0.7494,-1,-1,-1
2801,1,2265.00,1592.00,61.00,94.00,0.8205,-1,-1,-1
2801,2,2317.00,1198.00,47.00,83.00,0.7326,-1,-1,-1
2802,1,2265.00,1592.00,61.00,94.00,0.8280,-1,-1,-1
2802,2,2317.00,1198.00,47.00,83.00,0.6827,-1,-1,-1
2803,1,2266.00,1592.00,61.00,93.00,0.8186,-1,-1,-1
2803,2,2317.00,1197.00,47.00,85.00,0.6858,-1,-1,-1
2804,1,2267.00,1592.00,60.00,92.00,0.8339,-1,-1,-1
2804,2,2316.00,1196.00,48.00,88.00,0.6966,-1,-1,-1
2805,1,2266.00,1590.00,61.00,93.00,0.8351,-1,-1,-1
2805,2,2314.00,1196.00,51.00,92.00,0.7362,-1,-1,-1
2806,1,2267.00,1589.00,60.00,92.00,0.8348,-1,-1,-1
2806,2,2314.00,1195.00,52.00,94.00,0.7577,-1,-1,-1
2807,1,2267.00,1588.00,59.00,93.00,0.8325,-1,-1,-1
2807,2,2313.00,1195.00,54.00,95.00,0.7766,-1,-1,-1
2808,1,2267.00,1588.00,57.00,93.00,0.8275,-1,-1,-1
2808,2,2313.00,1194.00,54.00,99.00,0.7839,-1,-1,-1
2809,1,2268.00,1587.00,56.00,93.00,0.8080,-1,-1,-1
2809,2,2312.00,1194.00,56.00,99.00,0.7961,-1,-1,-1
2810,1,2268.00,1587.00,57.00,95.00,0.8150,-1,-1,-1
2810,2,2313.00,1193.00,55.00,100.00,0.7881,-1,-1,-1
2811,1,2269.00,1586.00,56.00,96.00,0.8126,-1,-1,-1
2811,2,2315.00,1193.00,52.00,96.00,0.8098,-1,-1,-1
2812,1,2268.00,1586.00,58.00,98.00,0.8517,-1,-1,-1
2812,2,2315.00,1192.00,52.00,94.00,0.8168,-1,-1,-1
2813,1,2269.00,1586.00,56.00,97.00,0.8335,-1,-1,-1
2813,2,2315.00,1193.00,52.00,93.00,0.8360,-1,-1,-1
2814,1,2269.00,1587.00,55.00,96.00,0.8563,-1,-1,-1
2814,2,2316.00,1192.00,51.00,93.00,0.8450,-1,-1,-1
2815,1,2269.00,1587.00,55.00,96.00,0.8240,-1,-1,-1
2815,2,2317.00,1192.00,50.00,93.00,0.8437,-1,-1,-1
2816,1,2269.00,1585.00,56.00,96.00,0.8313,-1,-1,-1
2816,2,2316.00,1193.00,52.00,93.00,0.8702,-1,-1,-1
2817,1,2270.00,1586.00,56.00,96.00,0.8475,-1,-1,-1
2817,2,2317.00,1193.00,51.00,94.00,0.8861,-1,-1,-1
2818,1,2271.00,1586.00,56.00,97.00,0.8599,-1,-1,-1
2818,2,2316.00,1194.00,52.00,95.00,0.9043,-1,-1,-1
2819,1,2271.00,1587.00,57.00,98.00,0.8687,-1,-1,-1
2819,2,2318.00,1193.00,50.00,93.00,0.9029,-1,-1,-1
2820,1,2272.00,1586.00,57.00,100.00,0.8385,-1,-1,-1
2820,2,2318.00,1194.00,50.00,91.00,0.9041,-1,-1,-1
2821,1,2273.00,1587.00,57.00,98.00,0.7514,-1,-1,-1
2821,2,2318.00,1195.00,51.00,91.00,0.9128,-1,-1,-1
2822,1,2273.00,1587.00,59.00,101.00,0.7663,-1,-1,-1
2822,2,2318.00,1196.00,51.00,91.00,0.9168,-1,-1,-1
2823,1,2274.00,1587.00,59.00,101.00,0.8215,-1,-1,-1
2823,2,2318.00,1196.00,51.00,91.00,0.9119,-1,-1,-1
2824,1,2276.00,1588.00,56.00,99.00,0.7906,-1,-1,-1
2824,2,2318.00,1198.00,52.00,93.00,0.9049,-1,-1,-1
2825,1,2277.00,1588.00,55.00,96.00,0.7780,-1,-1,-1
2825,2,2318.00,1199.00,53.00,94.00,0.9028,-1,-1,-1
2826,1,2277.00,1588.00,55.00,97.00,0.7412,-1,-1,-1
2826,2,2316.00,1196.00,57.00,103.00,0.8841,-1,-1,-1
2827,1,2277.00,1590.00,57.00,97.00,0.8050,-1,-1,-1
2827,2,2318.00,1198.00,55.00,102.00,0.8891,-1,-1,-1
2828,1,2276.00,1590.00,58.00,98.00,0.8167,-1,-1,-1
2828,2,2319.00,1199.00,54.00,102.00,0.8773,-1,-1,-1
2829,1,2277.00,1593.00,57.00,94.00,0.8045,-1,-1,-1
2829,2,2319.00,1201.00,55.00,99.00,0.8918,-1,-1,-1
2830,1,2279.00,1594.00,55.00,93.00,0.8038,-1,-1,-1
2830,2,2319.00,1202.00,55.00,98.00,0.8851,-1,-1,-1
2831,1,2279.00,1595.00,55.00,93.00,0.7646,-1,-1,-1
2831,2,2320.00,1204.00,55.00,97.00,0.8766,-1,-1,-1
2832,1,2278.00,1596.00,58.00,100.00,0.8165,-1,-1,-1
2832,2,2320.00,1205.00,55.00,96.00,0.8644,-1,-1,-1
2833,1,2278.00,1600.00,57.00,100.00,0.7805,-1,-1,-1
2833,2,2319.00,1207.00,58.00,100.00,0.8559,-1,-1,-1
2834,1,2280.00,1602.00,56.00,98.00,0.7167,-1,-1,-1
2834,2,2319.00,1208.00,58.00,98.00,0.8823,-1,-1,-1
2835,1,2281.00,1604.00,55.00,97.00,0.6938,-1,-1,-1
2835,2,2320.00,1209.00,57.00,98.00,0.8444,-1,-1,-1
2836,1,2281.00,1605.00,55.00,95.00,0.7369,-1,-1,-1
2836,2,2322.00,1211.00,54.00,96.00,0.8053,-1,-1,-1
2837,1,2282.00,1606.00,54.00,92.00,0.7672,-1,-1,-1
2837,2,2321.00,1210.00,56.00,100.00,0.7888,-1,-1,-1
2838,1,2280.00,1608.00,58.00,101.00,0.7483,-1,-1,-1
2838,2,2321.00,1210.00,58.00,107.00,0.8197,-1,-1,-1
2839,1,2279.00,1608.00,61.00,100.00,0.7943,-1,-1,-1
2839,2,2323.00,1212.00,55.00,108.00,0.6777,-1,-1,-1
2840,1,2283.00,1610.00,57.00,99.00,0.8059,-1,-1,-1
2840,2,2323.00,1213.00,56.00,108.00,0.7401,-1,-1,-1
2841,1,2282.00,1610.00,60.00,102.00,0.8483,-1,-1,-1
2841,2,2321.00,1216.00,58.00,104.00,0.7633,-1,-1,-1
2842,1,2285.00,1612.00,58.00,100.00,0.7860,-1,-1,-1
2842,2,2323.00,1216.00,56.00,103.00,0.7686,-1,-1,-1
2843,1,2286.00,1616.00,56.00,98.00,0.7738,-1,-1,-1
2843,2,2326.00,1219.00,52.00,98.00,0.8263,-1,-1,-1
2844,1,2286.00,1618.00,55.00,95.00,0.7824,-1,-1,-1
2844,2,2327.00,1222.00,51.00,93.00,0.8506,-1,-1,-1
2845,1,2288.00,1622.00,54.00,99.00,0.7889,-1,-1,-1
2845,2,2328.00,1223.00,50.00,91.00,0.8129,-1,-1,-1
2846,1,2288.00,1624.00,54.00,98.00,0.8541,-1,-1,-1
2846,2,2325.00,1224.00,56.00,100.00,0.7901,-1,-1,-1
2847,1,2290.00,1626.00,53.00,101.00,0.8261,-1,-1,-1
2847,2,2326.00,1226.00,55.00,100.00,0.8489,-1,-1,-1
2848,1,2290.00,1628.00,53.00,99.00,0.7915,-1,-1,-1
2848,2,2328.00,1230.00,52.00,95.00,0.8664,-1,-1,-1
2849,1,2290.00,1630.00,54.00,97.00,0.8236,-1,-1,-1
2849,2,2330.00,1230.00,50.00,95.00,0.8489,-1,-1,-1
2850,1,2291.00,1632.00,54.00,103.00,0.8663,-1,-1,-1
2850,2,2332.00,1234.00,49.00,91.00,0.8718,-1,-1,-1
2851,1,2291.00,1636.00,55.00,101.00,0.8813,-1,-1,-1
2851,2,2332.00,1236.00,50.00,89.00,0.8692,-1,-1,-1
2852,1,2291.00,1637.00,57.00,103.00,0.8661,-1,-1,-1
2852,2,2330.00,1235.00,53.00,100.00,0.8911,-1,-1,-1
2853,1,2291.00,1638.00,58.00,108.00,0.8569,-1,-1,-1
2853,2,2331.00,1240.00,52.00,96.00,0.9244,-1,-1,-1
2854,1,2291.00,1642.00,59.00,105.00,0.8836,-1,-1,-1
2854,2,2332.00,1243.00,52.00,95.00,0.9213,-1,-1,-1
2855,1,2292.00,1644.00,60.00,105.00,0.8826,-1,-1,-1
2855,2,2332.00,1245.00,52.00,97.00,0.9039,-1,-1,-1
2856,1,2292.00,1647.00,61.00,103.00,0.8731,-1,-1,-1
2856,2,2330.00,1247.00,57.00,107.00,0.9113,-1,-1,-1
2857,1,2294.00,1650.00,60.00,104.00,0.8219,-1,-1,-1
2857,2,2332.00,1248.00,54.00,104.00,0.8827,-1,-1,-1
2858,1,2295.00,1654.00,60.00,106.00,0.8148,-1,-1,-1
2858,2,2334.00,1251.00,52.00,98.00,0.8544,-1,-1,-1
2859,1,2295.00,1657.00,62.00,106.00,0.7732,-1,-1,-1
2859,2,2334.00,1255.00,53.00,97.00,0.8627,-1,-1,-1
2860,1,2296.00,1661.00,60.00,102.00,0.7493,-1,-1,-1
2860,2,2334.00,1258.00,53.00,96.00,0.8646,-1,-1,-1
2861,1,2296.00,1666.00,61.00,104.00,0.7285,-1,-1,-1
2861,2,2333.00,1258.00,56.00,104.00,0.8623,-1,-1,-1
2862,1,2298.00,1668.00,59.00,105.00,0.6606,-1,-1,-1
2862,2,2334.00,1261.00,56.00,102.00,0.8236,-1,-1,-1
2863,1,2298.00,1669.00,60.00,104.00,0.7784,-1,-1,-1
2863,2,2337.00,1265.00,52.00,98.00,0.6995,-1,-1,-1
2864,1,2299.00,1670.00,58.00,106.00,0.6912,-1,-1,-1
2864,2,2338.00,1268.00,51.00,95.00,0.7327,-1,-1,-1
2865,1,2299.00,1676.00,57.00,108.00,0.6413,-1,-1,-1
2865,2,2336.00,1272.00,53.00,93.00,0.7496,-1,-1,-1
2866,1,2300.00,1681.00,57.00,104.00,0.7096,-1,-1,-1
2866,2,2335.00,1274.00,56.00,99.00,0.8342,-1,-1,-1
2867,1,2300.00,1683.00,58.00,101.00,0.7807,-1,-1,-1
2867,2,2329.00,1275.00,63.00,105.00,0.8720,-1,-1,-1
2868,1,2299.00,1683.00,59.00,105.00,0.7903,-1,-1,-1
2868,2,2332.00,1278.00,61.00,102.00,0.8359,-1,-1,-1
2869,1,2301.00,1685.00,56.00,103.00,0.7110,-1,-1,-1
2869,2,2333.00,1279.00,61.00,109.00,0.8458,-1,-1,-1
2870,1,2301.00,1688.00,59.00,109.00,0.7567,-1,-1,-1
2870,2,2333.00,1282.00,61.00,112.00,0.8807,-1,-1,-1
2871,1,2304.00,1691.00,56.00,93.00,0.7609,-1,-1,-1
2871,2,2333.00,1284.00,61.00,111.00,0.8923,-1,-1,-1
2872,1,2302.00,1694.00,61.00,105.00,0.8732,-1,-1,-1
2872,2,2335.00,1286.00,58.00,111.00,0.8539,-1,-1,-1
2873,1,2302.00,1697.00,61.00,105.00,0.8537,-1,-1,-1
2873,2,2336.00,1288.00,55.00,103.00,0.8752,-1,-1,-1
2874,1,2303.00,1698.00,60.00,105.00,0.8226,-1,-1,-1
2874,2,2336.00,1290.00,57.00,102.00,0.8862,-1,-1,-1
2875,1,2303.00,1700.00,62.00,110.00,0.8440,-1,-1,-1
2875,2,2336.00,1292.00,59.00,110.00,0.8746,-1,-1,-1
2876,1,2304.00,1703.00,61.00,108.00,0.8209,-1,-1,-1
2876,2,2338.00,1294.00,56.00,108.00,0.8708,-1,-1,-1
2877,1,2306.00,1707.00,59.00,103.00,0.7937,-1,-1,-1
2877,2,2338.00,1297.00,56.00,107.00,0.8915,-1,-1,-1
2878,1,2307.00,1712.00,58.00,99.00,0.7598,-1,-1,-1
2878,2,2337.00,1300.00,62.00,116.00,0.8900,-1,-1,-1
2879,1,2307.00,1714.00,60.00,109.00,0.7472,-1,-1,-1
2879,2,2337.00,1302.00,62.00,116.00,0.9247,-1,-1,-1
2880,1,2308.00,1718.00,59.00,105.00,0.7960,-1,-1,-1
2880,2,2337.00,1304.00,63.00,116.00,0.9353,-1,-1,-1
2881,1,2307.00,1719.00,60.00,100.00,0.8700,-1,-1,-1
2881,2,2336.00,1306.00,66.00,117.00,0.9226,-1,-1,-1
2882,1,2307.00,1723.00,61.00,99.00,0.8515,-1,-1,-1
2882,2,2339.00,1308.00,62.00,114.00,0.8999,-1,-1,-1
2883,1,2308.00,1725.00,58.00,99.00,0.8211,-1,-1,-1
2883,2,2341.00,1309.00,59.00,113.00,0.8936,-1,-1,-1
2884,1,2308.00,1727.00,62.00,105.00,0.8237,-1,-1,-1
2884,2,2340.00,1312.00,62.00,114.00,0.8408,-1,-1,-1
2885,1,2310.00,1729.00,60.00,105.00,0.8199,-1,-1,-1
2885,2,2340.00,1313.00,63.00,112.00,0.8448,-1,-1,-1
2886,1,2312.00,1733.00,55.00,103.00,0.7796,-1,-1,-1
2886,2,2341.00,1315.00,63.00,110.00,0.8675,-1,-1,-1
2887,1,2309.00,1733.00,57.00,101.00,0.7831,-1,-1,-1
2887,2,2342.00,1317.00,62.00,110.00,0.8785,-1,-1,-1
2888,1,2310.00,1735.00,58.00,103.00,0.7629,-1,-1,-1
2888,2,2342.00,1318.00,63.00,111.00,0.8641,-1,-1,-1
2889,1,2313.00,1738.00,55.00,105.00,0.8105,-1,-1,-1
2889,2,2344.00,1321.00,60.00,109.00,0.8056,-1,-1,-1
2890,1,2313.00,1738.00,56.00,106.00,0.8357,-1,-1,-1
2890,2,2345.00,1322.00,60.00,108.00,0.7318,-1,-1,-1
2891,1,2313.00,1741.00,58.00,108.00,0.8639,-1,-1,-1
2891,2,2346.00,1322.00,60.00,107.00,0.7074,-1,-1,-1
2892,1,2314.00,1743.00,58.00,107.00,0.8649,-1,-1,-1
2892,2,2346.00,1325.00,58.00,103.00,0.6913,-1,-1,-1
2893,1,2311.00,1744.00,60.00,103.00,0.8668,-1,-1,-1
2893,2,2346.00,1326.00,59.00,105.00,0.7268,-1,-1,-1
2894,1,2310.00,1744.00,62.00,105.00,0.8364,-1,-1,-1
2894,2,2343.00,1325.00,65.00,115.00,0.7407,-1,-1,-1
2895,1,2313.00,1748.00,59.00,106.00,0.8629,-1,-1,-1
2895,2,2343.00,1328.00,64.00,114.00,0.7807,-1,-1,-1
2896,1,2313.00,1750.00,60.00,105.00,0.8754,-1,-1,-1
2896,2,2345.00,1330.00,61.00,115.00,0.7810,-1,-1,-1
2897,1,2313.00,1750.00,61.00,106.00,0.8816,-1,-1,-1
2897,2,2347.00,1331.00,58.00,114.00,0.7620,-1,-1,-1
2898,1,2314.00,1753.00,63.00,107.00,0.8465,-1,-1,-1
2898,2,2351.00,1333.00,52.00,106.00,0.7312,-1,-1,-1
2899,1,2314.00,1753.00,62.00,105.00,0.8472,-1,-1,-1
2899,2,2351.00,1336.00,52.00,104.00,0.8154,-1,-1,-1
2900,1,2314.00,1754.00,63.00,105.00,0.8498,-1,-1,-1
2900,2,2352.00,1338.00,52.00,102.00,0.8902,-1,-1,-1
2901,1,2313.00,1756.00,66.00,108.00,0.8415,-1,-1,-1
2901,2,2352.00,1340.00,53.00,102.00,0.8742,-1,-1,-1
2902,1,2315.00,1758.00,64.00,106.00,0.7968,-1,-1,-1
2902,2,2350.00,1341.00,59.00,110.00,0.8938,-1,-1,-1
2903,1,2315.00,1759.00,65.00,111.00,0.7594,-1,-1,-1
2903,2,2349.00,1343.00,60.00,110.00,0.9029,-1,-1,-1
2904,1,2316.00,1762.00,64.00,111.00,0.7567,-1,-1,-1
2904,2,2349.00,1344.00,60.00,110.00,0.8917,-1,-1,-1
2905,1,2318.00,1765.00,62.00,109.00,0.7512,-1,-1,-1
2905,2,2348.00,1345.00,62.00,113.00,0.8830,-1,-1,-1
2906,1,2318.00,1769.00,62.00,104.00,0.8221,-1,-1,-1
2906,2,2347.00,1346.00,65.00,118.00,0.8914,-1,-1,-1
2907,1,2318.00,1770.00,61.00,103.00,0.8388,-1,-1,-1
2907,2,2346.00,1348.00,67.00,118.00,0.9156,-1,-1,-1
2908,1,2318.00,1772.00,60.00,105.00,0.7964,-1,-1,-1
2908,2,2346.00,1350.00,69.00,117.00,0.9193,-1,-1,-1
2909,1,2319.00,1775.00,59.00,104.00,0.8234,-1,-1,-1
2909,2,2347.00,1352.00,69.00,117.00,0.9138,-1,-1,-1
2910,1,2320.00,1777.00,59.00,104.00,0.8174,-1,-1,-1
2910,2,2346.00,1354.00,70.00,117.00,0.8945,-1,-1,-1
2911,1,2321.00,1776.00,60.00,105.00,0.8110,-1,-1,-1
2911,2,2347.00,1355.00,69.00,114.00,0.8908,-1,-1,-1
2912,1,2322.00,1778.00,58.00,102.00,0.7574,-1,-1,-1
2912,2,2346.00,1355.00,71.00,114.00,0.8693,-1,-1,-1
2913,1,2322.00,1779.00,57.00,99.00,0.8452,-1,-1,-1
2913,2,2346.00,1356.00,73.00,115.00,0.8178,-1,-1,-1
2914,1,2322.00,1781.00,58.00,99.00,0.8292,-1,-1,-1
2914,2,2345.00,1355.00,76.00,123.00,0.8431,-1,-1,-1
2915,1,2323.00,1781.00,58.00,104.00,0.7272,-1,-1,-1
2915,2,2345.00,1355.00,76.00,120.00,0.8296,-1,-1,-1
2916,1,2323.00,1783.00,57.00,101.00,0.6563,-1,-1,-1
2916,2,2346.00,1355.00,75.00,120.00,0.7905,-1,-1,-1
2917,1,2325.00,1784.00,54.00,98.00,0.6947,-1,-1,-1
2917,2,2348.00,1356.00,73.00,120.00,0.8184,-1,-1,-1
2918,1,2325.00,1785.00,54.00,97.00,0.6789,-1,-1,-1
2918,2,2348.00,1358.00,75.00,121.00,0.8689,-1,-1,-1
2919,1,2325.00,1783.00,57.00,106.00,0.7217,-1,-1,-1
2919,2,2349.00,1359.00,75.00,121.00,0.8680,-1,-1,-1
2920,1,2322.00,1783.00,61.00,103.00,0.8004,-1,-1,-1
2920,2,2350.00,1358.00,75.00,121.00,0.8470,-1,-1,-1
2921,1,2317.00,1783.00,66.00,108.00,0.8832,-1,-1,-1
2921,2,2350.00,1359.00,76.00,121.00,0.8509,-1,-1,-1
2922,1,2317.00,1786.00,67.00,105.00,0.8898,-1,-1,-1
2922,2,2350.00,1362.00,75.00,116.00,0.8498,-1,-1,-1
2923,1,2321.00,1789.00,64.00,101.00,0.8524,-1,-1,-1
2923,2,2351.00,1364.00,74.00,116.00,0.8549,-1,-1,-1
2924,1,2321.00,1789.00,66.00,102.00,0.8881,-1,-1,-1
2924,2,2349.00,1364.00,77.00,120.00,0.8634,-1,-1,-1
2925,1,2324.00,1792.00,64.00,102.00,0.9027,-1,-1,-1
2925,2,2350.00,1364.00,75.00,119.00,0.8573,-1,-1,-1
2926,1,2324.00,1794.00,65.00,102.00,0.8814,-1,-1,-1
2926,2,2352.00,1365.00,73.00,118.00,0.8385,-1,-1,-1
2927,1,2325.00,1794.00,65.00,106.00,0.8566,-1,-1,-1
2927,2,2353.00,1365.00,71.00,118.00,0.8042,-1,-1,-1
2928,1,2326.00,1794.00,65.00,107.00,0.8215,-1,-1,-1
2928,2,2357.00,1367.00,64.00,116.00,0.7848,-1,-1,-1
2929,1,2325.00,1795.00,65.00,104.00,0.8310,-1,-1,-1
2929,2,2354.00,1366.00,69.00,115.00,0.7784,-1,-1,-1
2930,1,2325.00,1796.00,66.00,107.00,0.8741,-1,-1,-1
2930,2,2354.00,1368.00,69.00,112.00,0.8123,-1,-1,-1
2931,1,2329.00,1797.00,64.00,108.00,0.8669,-1,-1,-1
2931,2,2352.00,1369.00,72.00,113.00,0.8423,-1,-1,-1
2932,1,2330.00,1798.00,64.00,109.00,0.8373,-1,-1,-1
2932,2,2352.00,1370.00,72.00,113.00,0.8443,-1,-1,-1
2933,1,2330.00,1800.00,63.00,108.00,0.7882,-1,-1,-1
2933,2,2351.00,1371.00,72.00,112.00,0.8454,-1,-1,-1
2934,1,2331.00,1802.00,63.00,107.00,0.7130,-1,-1,-1
2934,2,2352.00,1372.00,71.00,111.00,0.8301,-1,-1,-1
2935,1,2331.00,1802.00,63.00,108.00,0.7692,-1,-1,-1
2935,2,2354.00,1371.00,69.00,119.00,0.8222,-1,-1,-1
2936,1,2330.00,1802.00,64.00,108.00,0.8252,-1,-1,-1
2936,2,2355.00,1372.00,68.00,116.00,0.8467,-1,-1,-1
2937,1,2330.00,1800.00,64.00,111.00,0.7963,-1,-1,-1
2937,2,2356.00,1374.00,67.00,114.00,0.8778,-1,-1,-1
2938,1,2333.00,1801.00,61.00,112.00,0.7198,-1,-1,-1
2938,2,2357.00,1375.00,64.00,110.00,0.8815,-1,-1,-1
2939,1,2334.00,1805.00,61.00,114.00,0.7718,-1,-1,-1
2939,2,2357.00,1376.00,66.00,109.00,0.9015,-1,-1,-1
2940,1,2334.00,1804.00,63.00,116.00,0.7928,-1,-1,-1
2940,2,2358.00,1378.00,65.00,109.00,0.9173,-1,-1,-1
2941,1,2334.00,1807.00,65.00,115.00,0.8504,-1,-1,-1
2941,2,2358.00,1380.00,65.00,110.00,0.9192,-1,-1,-1
2942,1,2334.00,1810.00,64.00,113.00,0.8560,-1,-1,-1
2942,2,2359.00,1380.00,62.00,109.00,0.9110,-1,-1,-1
2943,1,2335.00,1812.00,62.00,111.00,0.8616,-1,-1,-1
2943,2,2360.00,1381.00,62.00,111.00,0.8942,-1,-1,-1
2944,1,2335.00,1813.00,62.00,110.00,0.8692,-1,-1,-1
2944,2,2359.00,1382.00,65.00,112.00,0.8652,-1,-1,-1
2945,1,2335.00,1814.00,63.00,111.00,0.8359,-1,-1,-1
2945,2,2357.00,1384.00,70.00,110.00,0.8575,-1,-1,-1
2946,1,2335.00,1815.00,63.00,110.00,0.8381,-1,-1,-1
2946,2,2357.00,1386.00,72.00,111.00,0.8616,-1,-1,-1
2947,1,2336.00,1816.00,64.00,111.00,0.8132,-1,-1,-1
2947,2,2358.00,1383.00,74.00,119.00,0.8550,-1,-1,-1
2948,1,2338.00,1818.00,60.00,111.00,0.8304,-1,-1,-1
2948,2,2357.00,1384.00,75.00,120.00,0.8619,-1,-1,-1
2949,1,2339.00,1819.00,59.00,110.00,0.8470,-1,-1,-1
2949,2,2357.00,1385.00,76.00,118.00,0.8550,-1,-1,-1
2950,1,2340.00,1819.00,58.00,107.00,0.8535,-1,-1,-1
2950,2,2355.00,1385.00,79.00,119.00,0.8567,-1,-1,-1
2951,1,2339.00,1819.00,60.00,107.00,0.8659,-1,-1,-1
2951,2,2352.00,1388.00,82.00,115.00,0.8498,-1,-1,-1
2952,1,2338.00,1820.00,61.00,105.00,0.8795,-1,-1,-1
2952,2,2350.00,1389.00,85.00,119.00,0.8384,-1,-1,-1
2953,1,2341.00,1823.00,58.00,104.00,0.8957,-1,-1,-1
2953,2,2351.00,1389.00,85.00,117.00,0.8377,-1,-1,-1
2954,1,2341.00,1824.00,59.00,103.00,0.8952,-1,-1,-1
2954,2,2353.00,1390.00,83.00,114.00,0.8320,-1,-1,-1
2955,1,2342.00,1825.00,58.00,105.00,0.8772,-1,-1,-1
2955,2,2354.00,1392.00,81.00,109.00,0.8246,-1,-1,-1
2956,1,2342.00,1828.00,59.00,108.00,0.7827,-1,-1,-1
2956,2,2353.00,1393.00,85.00,108.00,0.8274,-1,-1,-1
2957,1,2342.00,1830.00,59.00,108.00,0.7481,-1,-1,-1
2957,2,2355.00,1394.00,84.00,105.00,0.8103,-1,-1,-1
2958,1,2343.00,1831.00,58.00,105.00,0.7569,-1,-1,-1
2958,2,2357.00,1395.00,83.00,108.00,0.8118,-1,-1,-1
2959,1,2343.00,1832.00,58.00,105.00,0.7886,-1,-1,-1
2959,2,2357.00,1395.00,84.00,109.00,0.8156,-1,-1,-1
2960,1,2343.00,1832.00,56.00,102.00,0.7638,-1,-1,-1
2960,2,2356.00,1394.00,86.00,112.00,0.8218,-1,-1,-1
2961,1,2344.00,1831.00,56.00,103.00,0.7307,-1,-1,-1
2961,2,2356.00,1395.00,87.00,115.00,0.8025,-1,-1,-1
2962,1,2343.00,1830.00,59.00,111.00,0.7465,-1,-1,-1
2962,2,2357.00,1395.00,84.00,113.00,0.7968,-1,-1,-1
2963,1,2343.00,1830.00,60.00,110.00,0.7018,-1,-1,-1
2963,2,2359.00,1396.00,80.00,108.00,0.7903,-1,-1,-1
2964,1,2343.00,1830.00,60.00,111.00,0.7114,-1,-1,-1
2964,2,2360.00,1398.00,70.00,102.00,0.7532,-1,-1,-1
2965,1,2342.00,1830.00,62.00,112.00,0.7464,-1,-1,-1
2965,2,2362.00,1397.00,65.00,100.00,0.7889,-1,-1,-1
2966,1,2342.00,1828.00,63.00,113.00,0.7320,-1,-1,-1
2966,2,2362.00,1398.00,65.00,99.00,0.7971,-1,-1,-1
2967,1,2343.00,1828.00,62.00,109.00,0.7049,-1,-1,-1
2967,2,2364.00,1398.00,64.00,99.00,0.7965,-1,-1,-1
2968,1,2343.00,1827.00,63.00,111.00,0.6929,-1,-1,-1
2968,2,2364.00,1398.00,65.00,101.00,0.8117,-1,-1,-1
2969,1,2343.00,1828.00,63.00,109.00,0.7063,-1,-1,-1
2969,2,2363.00,1398.00,66.00,101.00,0.8352,-1,-1,-1
2970,1,2344.00,1827.00,59.00,110.00,0.6743,-1,-1,-1
2970,2,2363.00,1397.00,65.00,103.00,0.8371,-1,-1,-1
2971,1,2345.00,1828.00,59.00,108.00,0.7138,-1,-1,-1
2971,2,2363.00,1398.00,67.00,106.00,0.8095,-1,-1,-1
2972,1,2344.00,1828.00,60.00,108.00,0.7249,-1,-1,-1
2972,2,2364.00,1398.00,64.00,104.00,0.8211,-1,-1,-1
2973,1,2344.00,1828.00,61.00,108.00,0.7482,-1,-1,-1
2973,2,2366.00,1398.00,62.00,105.00,0.7566,-1,-1,-1
2974,1,2344.00,1827.00,61.00,109.00,0.7435,-1,-1,-1
2974,2,2367.00,1398.00,59.00,104.00,0.7680,-1,-1,-1
2975,1,2344.00,1826.00,60.00,110.00,0.7025,-1,-1,-1
2975,2,2368.00,1398.00,56.00,103.00,0.7402,-1,-1,-1
2976,1,2344.00,1828.00,62.00,106.00,0.7546,-1,-1,-1
2976,2,2368.00,1398.00,56.00,104.00,0.7414,-1,-1,-1
2977,1,2344.00,1828.00,62.00,107.00,0.7743,-1,-1,-1
2977,2,2368.00,1397.00,56.00,105.00,0.7533,-1,-1,-1
2978,1,2343.00,1827.00,64.00,108.00,0.7862,-1,-1,-1
2978,2,2368.00,1396.00,54.00,106.00,0.7631,-1,-1,-1
2979,1,2343.00,1827.00,64.00,108.00,0.7636,-1,-1,-1
2979,2,2368.00,1395.00,54.00,105.00,0.7544,-1,-1,-1
2980,1,2344.00,1828.00,62.00,106.00,0.7771,-1,-1,-1
2980,2,2366.00,1394.00,59.00,110.00,0.7091,-1,-1,-1
2981,1,2345.00,1827.00,61.00,106.00,0.7718,-1,-1,-1
2981,2,2365.00,1392.00,61.00,111.00,0.7280,-1,-1,-1
2982,1,2345.00,1826.00,62.00,107.00,0.8202,-1,-1,-1
2982,2,2364.00,1390.00,64.00,110.00,0.7487,-1,-1,-1
2983,1,2345.00,1826.00,62.00,106.00,0.8373,-1,-1,-1
2983,2,2363.00,1390.00,67.00,111.00,0.7296,-1,-1,-1
2984,1,2345.00,1827.00,63.00,104.00,0.8422,-1,-1,-1
2984,2,2363.00,1391.00,71.00,111.00,0.7252,-1,-1,-1
2985,1,2345.00,1825.00,63.00,105.00,0.8660,-1,-1,-1
2985,2,2363.00,1390.00,75.00,117.00,0.7379,-1,-1,-1
2986,1,2346.00,1825.00,62.00,104.00,0.8529,-1,-1,-1
2986,2,2361.00,1389.00,77.00,118.00,0.6954,-1,-1,-1
2987,1,2346.00,1824.00,62.00,103.00,0.8268,-1,-1,-1
2987,2,2360.00,1388.00,76.00,110.00,0.6564,-1,-1,-1
2988,1,2347.00,1823.00,60.00,102.00,0.7989,-1,-1,-1
2988,2,2362.00,1384.00,71.00,107.00,0.6352,-1,-1,-1
2989,1,2348.00,1820.00,59.00,103.00,0.7933,-1,-1,-1
2989,2,2364.00,1383.00,73.00,108.00,0.6243,-1,-1,-1
2990,1,2349.00,1819.00,58.00,103.00,0.8308,-1,-1,-1
2990,2,2366.00,1382.00,70.00,103.00,0.7169,-1,-1,-1
2991,1,2349.00,1817.00,58.00,104.00,0.8418,-1,-1,-1
2991,2,2367.00,1380.00,68.00,102.00,0.7269,-1,-1,-1
2992,1,2349.00,1816.00,58.00,104.00,0.8467,-1,-1,-1
2992,2,2367.00,1379.00,69.00,101.00,0.7420,-1,-1,-1
2993,1,2349.00,1815.00,58.00,105.00,0.8460,-1,-1,-1
2993,2,2366.00,1379.00,70.00,100.00,0.7651,-1,-1,-1
2994,1,2349.00,1813.00,57.00,106.00,0.7845,-1,-1,-1
2994,2,2364.00,1378.00,71.00,100.00,0.7782,-1,-1,-1
2995,1,2348.00,1811.00,58.00,107.00,0.7544,-1,-1,-1
2995,2,2363.00,1377.00,71.00,99.00,0.7559,-1,-1,-1
2996,1,2348.00,1809.00,58.00,107.00,0.7339,-1,-1,-1
2996,2,2363.00,1376.00,70.00,98.00,0.7406,-1,-1,-1
2997,1,2348.00,1805.00,57.00,103.00,0.7408,-1,-1,-1
2997,2,2363.00,1377.00,67.00,95.00,0.7376,-1,-1,-1
2998,1,2348.00,1803.00,58.00,104.00,0.7864,-1,-1,-1
2998,2,2364.00,1375.00,65.00,94.00,0.7821,-1,-1,-1
2999,1,2348.00,1802.00,59.00,105.00,0.8130,-1,-1,-1
2999,2,2365.00,1373.00,63.00,95.00,0.7921,-1,-1,-1
3000,1,2348.00,1800.00,60.00,106.00,0.8229,-1,-1,-1
3000,2,2365.00,1372.00,63.00,94.00,0.7701,-1,-1,-1
3001,1,2348.00,1799.00,60.00,106.00,0.8226,-1,-1,-1
3001,2,2364.00,1371.00,67.00,98.00,0.7997,-1,-1,-1
3002,1,2348.00,1798.00,60.00,105.00,0.8052,-1,-1,-1
3002,2,2365.00,1370.00,65.00,98.00,0.8026,-1,-1,-1
3003,1,2349.00,1798.00,59.00,104.00,0.7987,-1,-1,-1
3003,2,2365.00,1369.00,65.00,99.00,0.7605,-1,-1,-1
3004,1,2349.00,1798.00,59.00,104.00,0.7958,-1,-1,-1
3004,2,2365.00,1368.00,66.00,103.00,0.7704,-1,-1,-1
3005,1,2349.00,1796.00,59.00,102.00,0.7545,-1,-1,-1
3005,2,2366.00,1367.00,65.00,104.00,0.7546,-1,-1,-1
3006,1,2349.00,1795.00,59.00,101.00,0.8068,-1,-1,-1
3006,2,2366.00,1365.00,64.00,107.00,0.6938,-1,-1,-1
3007,1,2348.00,1793.00,60.00,101.00,0.8426,-1,-1,-1
3007,2,2368.00,1365.00,57.00,99.00,0.7191,-1,-1,-1
3008,1,2348.00,1791.00,60.00,101.00,0.8424,-1,-1,-1
3008,2,2368.00,1364.00,56.00,99.00,0.7430,-1,-1,-1
3009,1,2346.00,1790.00,63.00,99.00,0.8140,-1,-1,-1
3009,2,2369.00,1363.00,54.00,98.00,0.7960,-1,-1,-1
3010,1,2346.00,1786.00,63.00,103.00,0.7948,-1,-1,-1
3010,2,2369.00,1361.00,53.00,96.00,0.8275,-1,-1,-1
3011,1,2348.00,1785.00,59.00,100.00,0.7934,-1,-1,-1
3011,2,2369.00,1360.00,52.00,94.00,0.8540,-1,-1,-1
3012,1,2348.00,1783.00,59.00,102.00,0.7857,-1,-1,-1
3012,2,2369.00,1359.00,53.00,96.00,0.8524,-1,-1,-1
3013,1,2348.00,1781.00,58.00,103.00,0.7678,-1,-1,-1
3013,2,2369.00,1358.00,53.00,97.00,0.8489,-1,-1,-1
3014,1,2350.00,1783.00,57.00,99.00,0.8096,-1,-1,-1
3014,2,2370.00,1357.00,52.00,98.00,0.8155,-1,-1,-1
3015,1,2350.00,1782.00,57.00,100.00,0.8078,-1,-1,-1
3015,2,2369.00,1356.00,53.00,99.00,0.8171,-1,-1,-1
3016,1,2351.00,1782.00,55.00,100.00,0.7925,-1,-1,-1
3016,2,2369.00,1356.00,53.00,98.00,0.7928,-1,-1,-1
3017,1,2351.00,1781.00,55.00,101.00,0.7843,-1,-1,-1
3017,2,2369.00,1355.00,55.00,101.00,0.7804,-1,-1,-1
3018,1,2351.00,1780.00,56.00,102.00,0.7920,-1,-1,-1
3018,2,2369.00,1354.00,56.00,104.00,0.7694,-1,-1,-1
3019,1,2352.00,1778.00,55.00,102.00,0.8118,-1,-1,-1
3019,2,2367.00,1353.00,60.00,106.00,0.7749,-1,-1,-1
3020,1,2352.00,1776.00,56.00,103.00,0.8099,-1,-1,-1
3020,2,2366.00,1352.00,62.00,107.00,0.7966,-1,-1,-1
3021,1,2353.00,1775.00,56.00,104.00,0.7957,-1,-1,-1
3021,2,2365.00,1352.00,64.00,107.00,0.7521,-1,-1,-1
3022,1,2353.00,1774.00,57.00,103.00,0.8010,-1,-1,-1
3022,2,2364.00,1351.00,64.00,102.00,0.7570,-1,-1,-1
3023,1,2353.00,1773.00,57.00,103.00,0.8039,-1,-1,-1
3023,2,2363.00,1350.00,68.00,106.00,0.7482,-1,-1,-1
3024,1,2353.00,1772.00,59.00,103.00,0.8181,-1,-1,-1
3024,2,2362.00,1348.00,71.00,109.00,0.7555,-1,-1,-1
3025,1,2353.00,1770.00,60.00,105.00,0.8368,-1,-1,-1
3025,2,2363.00,1347.00,69.00,108.00,0.7722,-1,-1,-1
3026,1,2353.00,1769.00,61.00,104.00,0.8546,-1,-1,-1
3026,2,2363.00,1346.00,69.00,108.00,0.7723,-1,-1,-1
3027,1,2352.00,1766.00,62.00,105.00,0.8721,-1,-1,-1
3027,2,2363.00,1345.00,70.00,110.00,0.7477,-1,-1,-1
3028,1,2351.00,1765.00,63.00,104.00,0.8792,-1,-1,-1
3028,2,2362.00,1346.00,75.00,112.00,0.7798,-1,-1,-1
3029,1,2351.00,1764.00,64.00,104.00,0.8752,-1,-1,-1
3029,2,2361.00,1345.00,76.00,111.00,0.7899,-1,-1,-1
3030,1,2351.00,1762.00,65.00,105.00,0.8511,-1,-1,-1
3030,2,2360.00,1344.00,77.00,111.00,0.7829,-1,-1,-1
3031,1,2349.00,1760.00,67.00,105.00,0.8151,-1,-1,-1
3031,2,2359.00,1342.00,78.00,113.00,0.7962,-1,-1,-1
3032,1,2350.00,1759.00,67.00,105.00,0.7855,-1,-1,-1
3032,2,2360.00,1341.00,77.00,113.00,0.7596,-1,-1,-1
3033,1,2350.00,1760.00,66.00,102.00,0.7569,-1,-1,-1
3033,2,2361.00,1340.00,77.00,115.00,0.7524,-1,-1,-1
3034,1,2350.00,1758.00,66.00,104.00,0.7746,-1,-1,-1
3034,2,2361.00,1339.00,76.00,113.00,0.7292,-1,-1,-1
3035,1,2350.00,1757.00,66.00,106.00,0.7380,-1,-1,-1
3035,2,2362.00,1338.00,73.00,110.00,0.6943,-1,-1,-1
3036,1,2350.00,1756.00,67.00,107.00,0.7498,-1,-1,-1
3036,2,2362.00,1334.00,70.00,111.00,0.8110,-1,-1,-1
3037,1,2349.00,1754.00,68.00,109.00,0.7924,-1,-1,-1
3037,2,2363.00,1332.00,68.00,111.00,0.8643,-1,-1,-1
3038,1,2350.00,1753.00,67.00,109.00,0.7915,-1,-1,-1
3038,2,2364.00,1331.00,65.00,109.00,0.8939,-1,-1,-1
3039,1,2351.00,1753.00,66.00,109.00,0.7799,-1,-1,-1
3039,2,2364.00,1331.00,66.00,110.00,0.9023,-1,-1,-1
3040,1,2352.00,1753.00,66.00,109.00,0.7864,-1,-1,-1
3040,2,2364.00,1330.00,65.00,110.00,0.9165,-1,-1,-1
3041,1,2352.00,1753.00,65.00,108.00,0.7706,-1,-1,-1
3041,2,2364.00,1329.00,64.00,110.00,0.9136,-1,-1,-1
3042,1,2352.00,1753.00,65.00,107.00,0.7917,-1,-1,-1
3042,2,2364.00,1328.00,63.00,110.00,0.9020,-1,-1,-1
3043,1,2352.00,1753.00,65.00,107.00,0.8074,-1,-1,-1
3043,2,2364.00,1328.00,62.00,109.00,0.8967,-1,-1,-1
3044,1,2353.00,1753.00,63.00,107.00,0.7688,-1,-1,-1
3044,2,2364.00,1327.00,61.00,107.00,0.8744,-1,-1,-1
3045,1,2353.00,1753.00,63.00,107.00,0.7472,-1,-1,-1
3045,2,2365.00,1329.00,56.00,99.00,0.8855,-1,-1,-1
3046,1,2353.00,1751.00,63.00,107.00,0.7720,-1,-1,-1
3046,2,2364.00,1329.00,57.00,98.00,0.9003,-1,-1,-1
3047,1,2353.00,1752.00,63.00,107.00,0.7766,-1,-1,-1
3047,2,2364.00,1329.00,57.00,97.00,0.9010,-1,-1,-1
3048,1,2354.00,1751.00,62.00,105.00,0.7881,-1,-1,-1
3048,2,2365.00,1328.00,56.00,97.00,0.9064,-1,-1,-1
3049,1,2354.00,1750.00,61.00,105.00,0.7980,-1,-1,-1
3049,2,2365.00,1328.00,55.00,93.00,0.9084,-1,-1,-1
3050,1,2354.00,1749.00,61.00,105.00,0.7825,-1,-1,-1
3050,2,2365.00,1327.00,54.00,94.00,0.8899,-1,-1,-1
3051,1,2355.00,1749.00,60.00,105.00,0.7530,-1,-1,-1
3051,2,2366.00,1327.00,52.00,92.00,0.8783,-1,-1,-1
3052,1,2355.00,1749.00,60.00,105.00,0.7199,-1,-1,-1
3052,2,2365.00,1327.00,53.00,91.00,0.8746,-1,-1,-1
3053,1,2355.00,1749.00,59.00,105.00,0.7105,-1,-1,-1
3053,2,2365.00,1327.00,54.00,94.00,0.8687,-1,-1,-1
3054,1,2358.00,1743.00,54.00,103.00,0.6979,-1,-1,-1
3054,2,2364.00,1327.00,55.00,97.00,0.8591,-1,-1,-1
3055,1,2355.00,1743.00,61.00,108.00,0.7511,-1,-1,-1
3055,2,2362.00,1327.00,59.00,103.00,0.8425,-1,-1,-1
3056,1,2355.00,1742.00,60.00,107.00,0.7952,-1,-1,-1
3056,2,2361.00,1324.00,63.00,112.00,0.8564,-1,-1,-1
3057,1,2354.00,1742.00,61.00,107.00,0.8168,-1,-1,-1
3057,2,2361.00,1325.00,63.00,111.00,0.8725,-1,-1,-1
3058,1,2355.00,1741.00,60.00,106.00,0.8313,-1,-1,-1
3058,2,2361.00,1325.00,63.00,111.00,0.8831,-1,-1,-1
3059,1,2355.00,1741.00,60.00,104.00,0.8483,-1,-1,-1
3059,2,2360.00,1325.00,63.00,111.00,0.8882,-1,-1,-1
3060,1,2355.00,1740.00,60.00,104.00,0.8697,-1,-1,-1
3060,2,2359.00,1325.00,63.00,110.00,0.8640,-1,-1,-1
3061,1,2354.00,1740.00,61.00,104.00,0.8815,-1,-1,-1
3061,2,2359.00,1325.00,62.00,110.00,0.8293,-1,-1,-1
3062,1,2354.00,1739.00,61.00,104.00,0.8843,-1,-1,-1
3062,2,2359.00,1327.00,59.00,101.00,0.7948,-1,-1,-1
3063,1,2353.00,1739.00,61.00,102.00,0.8771,-1,-1,-1
3063,2,2357.00,1325.00,64.00,112.00,0.7924,-1,-1,-1
3064,1,2353.00,1739.00,61.00,101.00,0.8710,-1,-1,-1
3064,2,2356.00,1326.00,63.00,102.00,0.7970,-1,-1,-1
3065,1,2351.00,1738.00,62.00,102.00,0.8709,-1,-1,-1
3065,2,2354.00,1327.00,65.00,104.00,0.8239,-1,-1,-1
3066,1,2352.00,1738.00,60.00,102.00,0.8727,-1,-1,-1
3066,2,2353.00,1327.00,66.00,105.00,0.8326,-1,-1,-1
3067,1,2352.00,1738.00,59.00,101.00,0.8594,-1,-1,-1
3067,2,2353.00,1326.00,67.00,107.00,0.8298,-1,-1,-1
3068,1,2351.00,1737.00,60.00,102.00,0.8568,-1,-1,-1
3068,2,2353.00,1326.00,65.00,104.00,0.8233,-1,-1,-1
3069,1,2349.00,1738.00,62.00,101.00,0.8601,-1,-1,-1
3069,2,2354.00,1327.00,63.00,100.00,0.8212,-1,-1,-1
3070,1,2348.00,1738.00,63.00,102.00,0.8572,-1,-1,-1
3070,2,2353.00,1328.00,64.00,101.00,0.8316,-1,-1,-1
3071,1,2349.00,1738.00,61.00,101.00,0.8560,-1,-1,-1
3071,2,2354.00,1329.00,62.00,101.00,0.8265,-1,-1,-1
3072,1,2348.00,1738.00,62.00,102.00,0.8803,-1,-1,-1
3072,2,2354.00,1329.00,62.00,103.00,0.8356,-1,-1,-1
3073,1,2347.00,1737.00,64.00,104.00,0.8723,-1,-1,-1
3073,2,2355.00,1329.00,64.00,109.00,0.8425,-1,-1,-1
3074,1,2347.00,1737.00,62.00,105.00,0.8684,-1,-1,-1
3074,2,2354.00,1329.00,63.00,109.00,0.8563,-1,-1,-1
3075,1,2347.00,1738.00,62.00,103.00,0.8666,-1,-1,-1
3075,2,2356.00,1330.00,60.00,104.00,0.8063,-1,-1,-1
3076,1,2351.00,1738.00,57.00,103.00,0.8194,-1,-1,-1
3076,2,2355.00,1331.00,61.00,107.00,0.8819,-1,-1,-1
3077,1,2351.00,1737.00,56.00,105.00,0.7764,-1,-1,-1
3077,2,2354.00,1332.00,62.00,108.00,0.9020,-1,-1,-1
3078,1,2349.00,1736.00,57.00,107.00,0.7864,-1,-1,-1
3078,2,2354.00,1332.00,60.00,107.00,0.8995,-1,-1,-1
3079,1,2349.00,1736.00,58.00,106.00,0.8186,-1,-1,-1
3079,2,2354.00,1333.00,58.00,105.00,0.9076,-1,-1,-1
3080,1,2348.00,1736.00,58.00,107.00,0.8198,-1,-1,-1
3080,2,2353.00,1333.00,55.00,105.00,0.9187,-1,-1,-1
3081,1,2346.00,1736.00,60.00,107.00,0.8203,-1,-1,-1
3081,2,2352.00,1334.00,56.00,108.00,0.9123,-1,-1,-1
3082,1,2345.00,1736.00,61.00,109.00,0.8105,-1,-1,-1
3082,2,2350.00,1335.00,58.00,111.00,0.8806,-1,-1,-1
3083,1,2344.00,1737.00,61.00,107.00,0.8126,-1,-1,-1
3083,2,2351.00,1335.00,55.00,108.00,0.8652,-1,-1,-1
3084,1,2344.00,1738.00,63.00,105.00,0.8287,-1,-1,-1
3084,2,2349.00,1335.00,58.00,111.00,0.8576,-1,-1,-1
3085,1,2344.00,1738.00,62.00,104.00,0.8521,-1,-1,-1
3085,2,2349.00,1336.00,56.00,108.00,0.8551,-1,-1,-1
3086,1,2345.00,1739.00,61.00,104.00,0.8253,-1,-1,-1
3086,2,2349.00,1337.00,55.00,104.00,0.8413,-1,-1,-1
3087,1,2344.00,1740.00,60.00,103.00,0.8431,-1,-1,-1
3087,2,2350.00,1338.00,52.00,98.00,0.8607,-1,-1,-1
3088,1,2342.00,1740.00,61.00,104.00,0.8926,-1,-1,-1
3088,2,2350.00,1339.00,52.00,98.00,0.8369,-1,-1,-1
3089,1,2342.00,1741.00,60.00,103.00,0.8923,-1,-1,-1
3089,2,2350.00,1340.00,52.00,98.00,0.8012,-1,-1,-1
3090,1,2344.00,1743.00,57.00,100.00,0.8560,-1,-1,-1
3090,2,2349.00,1340.00,52.00,96.00,0.7347,-1,-1,-1
3091,1,2343.00,1744.00,58.00,96.00,0.8766,-1,-1,-1
3091,2,2350.00,1341.00,49.00,96.00,0.7485,-1,-1,-1
3092,1,2343.00,1744.00,57.00,95.00,0.8681,-1,-1,-1
3092,2,2348.00,1342.00,51.00,95.00,0.8236,-1,-1,-1
3093,1,2343.00,1746.00,56.00,92.00,0.8728,-1,-1,-1
3093,2,2347.00,1342.00,51.00,94.00,0.8076,-1,-1,-1
3094,1,2344.00,1746.00,55.00,92.00,0.8617,-1,-1,-1
3094,2,2345.00,1341.00,55.00,104.00,0.8008,-1,-1,-1
3095,1,2344.00,1746.00,53.00,92.00,0.8594,-1,-1,-1
3095,2,2342.00,1342.00,59.00,105.00,0.8725,-1,-1,-1
3096,1,2344.00,1747.00,53.00,94.00,0.8089,-1,-1,-1
3096,2,2340.00,1343.00,61.00,106.00,0.9009,-1,-1,-1
3097,1,2342.00,1746.00,55.00,100.00,0.8106,-1,-1,-1
3097,2,2340.00,1344.00,60.00,104.00,0.8928,-1,-1,-1
3098,1,2342.00,1747.00,55.00,99.00,0.7975,-1,-1,-1
3098,2,2338.00,1344.00,62.00,105.00,0.9096,-1,-1,-1
3099,1,2342.00,1748.00,54.00,97.00,0.7955,-1,-1,-1
3099,2,2338.00,1345.00,62.00,107.00,0.8924,-1,-1,-1
3100,1,2341.00,1749.00,54.00,94.00,0.8326,-1,-1,-1
3100,2,2337.00,1346.00,63.00,108.00,0.9072,-1,-1,-1
3101,1,2341.00,1749.00,53.00,93.00,0.8646,-1,-1,-1
3101,2,2337.00,1346.00,63.00,109.00,0.8817,-1,-1,-1
3102,1,2342.00,1750.00,51.00,91.00,0.8391,-1,-1,-1
3102,2,2335.00,1348.00,64.00,108.00,0.8556,-1,-1,-1
3103,1,2341.00,1749.00,53.00,93.00,0.8539,-1,-1,-1
3103,2,2334.00,1349.00,64.00,105.00,0.8426,-1,-1,-1
3104,1,2340.00,1748.00,54.00,95.00,0.8429,-1,-1,-1
3104,2,2333.00,1348.00,67.00,115.00,0.8493,-1,-1,-1
3105,1,2338.00,1748.00,55.00,96.00,0.8897,-1,-1,-1
3105,2,2332.00,1348.00,68.00,116.00,0.8691,-1,-1,-1
3106,1,2337.00,1748.00,56.00,96.00,0.8936,-1,-1,-1
3106,2,2332.00,1348.00,68.00,116.00,0.8906,-1,-1,-1
3107,1,2338.00,1748.00,55.00,96.00,0.8848,-1,-1,-1
3107,2,2331.00,1349.00,68.00,113.00,0.8732,-1,-1,-1
3108,1,2337.00,1748.00,55.00,96.00,0.8824,-1,-1,-1
3108,2,2331.00,1351.00,65.00,101.00,0.8339,-1,-1,-1
3109,1,2336.00,1747.00,56.00,97.00,0.8658,-1,-1,-1
3109,2,2333.00,1352.00,61.00,97.00,0.8189,-1,-1,-1
3110,1,2337.00,1747.00,56.00,97.00,0.8681,-1,-1,-1
3110,2,2331.00,1351.00,63.00,99.00,0.8247,-1,-1,-1
3111,1,2338.00,1746.00,56.00,98.00,0.8540,-1,-1,-1
3111,2,2332.00,1353.00,60.00,99.00,0.8391,-1,-1,-1
3112,1,2338.00,1746.00,56.00,99.00,0.8818,-1,-1,-1
3112,2,2333.00,1354.00,58.00,99.00,0.8281,-1,-1,-1
3113,1,2337.00,1747.00,57.00,101.00,0.8633,-1,-1,-1
3113,2,2331.00,1351.00,63.00,107.00,0.8573,-1,-1,-1
3114,1,2337.00,1747.00,56.00,101.00,0.8700,-1,-1,-1
3114,2,2332.00,1352.00,61.00,108.00,0.8520,-1,-1,-1
3115,1,2336.00,1746.00,56.00,101.00,0.8841,-1,-1,-1
3115,2,2331.00,1352.00,60.00,107.00,0.8668,-1,-1,-1
3116,1,2335.00,1745.00,57.00,102.00,0.8929,-1,-1,-1
3116,2,2329.00,1351.00,63.00,110.00,0.8845,-1,-1,-1
3117,1,2335.00,1743.00,58.00,103.00,0.8964,-1,-1,-1
3117,2,2328.00,1350.00,64.00,109.00,0.8918,-1,-1,-1
3118,1,2335.00,1739.00,58.00,105.00,0.8426,-1,-1,-1
3118,2,2327.00,1353.00,61.00,96.00,0.9030,-1,-1,-1
3119,1,2332.00,1735.00,61.00,102.00,0.7546,-1,-1,-1
3119,2,2325.00,1349.00,63.00,99.00,0.9211,-1,-1,-1
3120,1,2330.00,1729.00,62.00,104.00,0.8841,-1,-1,-1
3120,2,2323.00,1345.00,62.00,102.00,0.9166,-1,-1,-1
3121,1,2327.00,1725.00,63.00,101.00,0.8581,-1,-1,-1
3121,2,2324.00,1339.00,57.00,100.00,0.8872,-1,-1,-1
3122,1,2330.00,1719.00,62.00,101.00,0.8563,-1,-1,-1
3122,2,2321.00,1331.00,64.00,103.00,0.8940,-1,-1,-1
3123,1,2330.00,1712.00,60.00,98.00,0.7200,-1,-1,-1
3123,2,2323.00,1327.00,59.00,97.00,0.8196,-1,-1,-1
3124,1,2329.00,1705.00,60.00,101.00,0.7992,-1,-1,-1
3124,2,2323.00,1320.00,58.00,103.00,0.7957,-1,-1,-1
3125,1,2328.00,1697.00,60.00,97.00,0.8644,-1,-1,-1
3125,2,2321.00,1310.00,55.00,98.00,0.9133,-1,-1,-1
3126,1,2329.00,1688.00,59.00,97.00,0.8174,-1,-1,-1
3126,2,2321.00,1305.00,55.00,94.00,0.8915,-1,-1,-1
3127,1,2326.00,1676.00,61.00,100.00,0.8212,-1,-1,-1
3127,2,2319.00,1295.00,60.00,103.00,0.8701,-1,-1,-1
3128,1,2325.00,1665.00,58.00,100.00,0.7935,-1,-1,-1
3128,2,2317.00,1284.00,59.00,98.00,0.8967,-1,-1,-1
3129,1,2323.00,1656.00,61.00,98.00,0.8096,-1,-1,-1
3129,2,2316.00,1277.00,62.00,98.00,0.9184,-1,-1,-1
3130,1,2326.00,1646.00,56.00,93.00,0.7541,-1,-1,-1
3130,2,2314.00,1266.00,63.00,99.00,0.9055,-1,-1,-1
3131,1,2327.00,1636.00,54.00,94.00,0.7671,-1,-1,-1
3131,2,2312.00,1256.00,64.00,100.00,0.8728,-1,-1,-1
3132,1,2324.00,1623.00,56.00,96.00,0.7406,-1,-1,-1
3132,2,2310.00,1243.00,67.00,101.00,0.8470,-1,-1,-1
3133,1,2324.00,1610.00,56.00,97.00,0.7789,-1,-1,-1
3133,2,2308.00,1233.00,68.00,99.00,0.8413,-1,-1,-1
3134,1,2323.00,1600.00,55.00,91.00,0.7595,-1,-1,-1
3134,2,2305.00,1221.00,73.00,104.00,0.8807,-1,-1,-1
3135,1,2324.00,1586.00,54.00,95.00,0.6691,-1,-1,-1
3135,2,2305.00,1209.00,74.00,106.00,0.8939,-1,-1,-1
3136,1,2320.00,1574.00,57.00,94.00,0.7783,-1,-1,-1
3136,2,2305.00,1199.00,75.00,107.00,0.9019,-1,-1,-1
3137,1,2320.00,1562.00,56.00,94.00,0.8242,-1,-1,-1
3137,2,2304.00,1188.00,75.00,104.00,0.8905,-1,-1,-1
3138,1,2320.00,1553.00,55.00,90.00,0.9056,-1,-1,-1
3138,2,2304.00,1182.00,74.00,100.00,0.8935,-1,-1,-1
3139,1,2323.00,1548.00,51.00,88.00,0.7584,-1,-1,-1
3139,2,2305.00,1169.00,71.00,102.00,0.8820,-1,-1,-1
3140,1,2322.00,1536.00,49.00,87.00,0.7453,-1,-1,-1
3140,2,2304.00,1163.00,74.00,103.00,0.8729,-1,-1,-1
3141,1,2320.00,1532.00,52.00,89.00,0.7652,-1,-1,-1
3141,2,2302.00,1158.00,73.00,100.00,0.8682,-1,-1,-1
3142,1,2321.00,1527.00,49.00,87.00,0.6846,-1,-1,-1
3142,2,2302.00,1153.00,74.00,103.00,0.8769,-1,-1,-1
3143,1,2318.00,1525.00,52.00,85.00,0.8533,-1,-1,-1
3143,2,2303.00,1148.00,73.00,102.00,0.9058,-1,-1,-1
3144,1,2318.00,1520.00,50.00,82.00,0.8201,-1,-1,-1
3144,2,2304.00,1143.00,72.00,104.00,0.8876,-1,-1,-1
3145,1,2320.00,1516.00,47.00,83.00,0.7598,-1,-1,-1
3145,2,2303.00,1142.00,72.00,100.00,0.8778,-1,-1,-1
3146,1,2319.00,1514.00,47.00,86.00,0.8163,-1,-1,-1
3146,2,2303.00,1139.00,71.00,102.00,0.8683,-1,-1,-1
3147,1,2318.00,1514.00,47.00,85.00,0.8283,-1,-1,-1
3147,2,2304.00,1140.00,69.00,99.00,0.8644,-1,-1,-1
3148,1,2317.00,1514.00,48.00,85.00,0.8612,-1,-1,-1
3148,2,2304.00,1141.00,69.00,100.00,0.8890,-1,-1,-1
3149,1,2316.00,1515.00,49.00,85.00,0.8240,-1,-1,-1
3149,2,2304.00,1141.00,68.00,102.00,0.8977,-1,-1,-1
3150,1,2314.00,1515.00,52.00,84.00,0.8197,-1,-1,-1
3150,2,2304.00,1141.00,67.00,103.00,0.9000,-1,-1,-1
3151,1,2310.00,1513.00,56.00,87.00,0.8624,-1,-1,-1
3151,2,2303.00,1141.00,66.00,102.00,0.9073,-1,-1,-1
3152,1,2311.00,1513.00,56.00,87.00,0.8544,-1,-1,-1
3152,2,2304.00,1143.00,64.00,102.00,0.8957,-1,-1,-1
3153,1,2318.00,1514.00,49.00,88.00,0.7689,-1,-1,-1
3153,2,2303.00,1144.00,66.00,102.00,0.9065,-1,-1,-1
3154,1,2317.00,1514.00,50.00,88.00,0.7737,-1,-1,-1
3154,2,2302.00,1144.00,65.00,104.00,0.9026,-1,-1,-1
3155,1,2316.00,1513.00,51.00,89.00,0.7856,-1,-1,-1
3155,2,2301.00,1144.00,65.00,104.00,0.8957,-1,-1,-1
3156,1,2316.00,1512.00,50.00,90.00,0.7767,-1,-1,-1
3156,2,2300.00,1147.00,64.00,102.00,0.8917,-1,-1,-1
3157,1,2315.00,1512.00,51.00,91.00,0.7678,-1,-1,-1
3157,2,2300.00,1148.00,61.00,100.00,0.8705,-1,-1,-1
3158,1,2314.00,1512.00,52.00,92.00,0.7819,-1,-1,-1
3158,2,2298.00,1149.00,64.00,101.00,0.8324,-1,-1,-1
3159,1,2313.00,1510.00,53.00,92.00,0.7648,-1,-1,-1
3159,2,2297.00,1149.00,69.00,106.00,0.8274,-1,-1,-1
3160,1,2312.00,1510.00,53.00,91.00,0.7790,-1,-1,-1
3160,2,2299.00,1150.00,59.00,98.00,0.7714,-1,-1,-1
3161,1,2313.00,1509.00,51.00,91.00,0.7143,-1,-1,-1
3161,2,2300.00,1151.00,54.00,94.00,0.7242,-1,-1,-1
3162,1,2313.00,1511.00,53.00,89.00,0.7083,-1,-1,-1
3162,2,2300.00,1151.00,53.00,89.00,0.8159,-1,-1,-1
3163,1,2310.00,1511.00,56.00,92.00,0.7518,-1,-1,-1
3163,2,2298.00,1151.00,54.00,90.00,0.8324,-1,-1,-1
3164,1,2309.00,1511.00,57.00,92.00,0.7943,-1,-1,-1
3164,2,2296.00,1152.00,56.00,92.00,0.8289,-1,-1,-1
3165,1,2308.00,1510.00,58.00,93.00,0.8386,-1,-1,-1
3165,2,2295.00,1151.00,59.00,100.00,0.8645,-1,-1,-1
3166,1,2306.00,1510.00,60.00,95.00,0.8534,-1,-1,-1
3166,2,2294.00,1152.00,60.00,98.00,0.8773,-1,-1,-1
3167,1,2306.00,1510.00,60.00,95.00,0.8478,-1,-1,-1
3167,2,2293.00,1152.00,63.00,98.00,0.8776,-1,-1,-1
3168,1,2305.00,1511.00,60.00,93.00,0.8398,-1,-1,-1
3168,2,2293.00,1154.00,63.00,97.00,0.8902,-1,-1,-1
3169,1,2307.00,1513.00,57.00,90.00,0.8450,-1,-1,-1
3169,2,2292.00,1155.00,63.00,96.00,0.9019,-1,-1,-1
3170,1,2308.00,1515.00,55.00,88.00,0.8128,-1,-1,-1
3170,2,2291.00,1155.00,62.00,97.00,0.8858,-1,-1,-1
3171,1,2309.00,1516.00,53.00,92.00,0.6840,-1,-1,-1
3171,2,2288.00,1155.00,67.00,100.00,0.8979,-1,-1,-1
3172,1,2310.00,1518.00,51.00,91.00,0.6760,-1,-1,-1
3172,2,2287.00,1157.00,67.00,98.00,0.8797,-1,-1,-1
3173,1,2310.00,1519.00,50.00,89.00,0.6423,-1,-1,-1
3173,2,2283.00,1158.00,68.00,95.00,0.8882,-1,-1,-1
3174,1,2309.00,1519.00,50.00,88.00,0.6885,-1,-1,-1
3174,2,2283.00,1158.00,66.00,95.00,0.8879,-1,-1,-1
3175,1,2309.00,1519.00,49.00,87.00,0.6606,-1,-1,-1
3175,2,2281.00,1158.00,67.00,94.00,0.8923,-1,-1,-1
3176,1,2309.00,1521.00,48.00,85.00,0.5923,-1,-1,-1
3176,2,2281.00,1158.00,69.00,97.00,0.8756,-1,-1,-1
3177,1,2310.00,1522.00,47.00,84.00,0.6397,-1,-1,-1
3177,2,2280.00,1159.00,70.00,96.00,0.8806,-1,-1,-1
3178,1,2310.00,1522.00,46.00,84.00,0.6165,-1,-1,-1
3178,2,2279.00,1160.00,71.00,96.00,0.8750,-1,-1,-1
3179,1,2310.00,1524.00,46.00,82.00,0.6987,-1,-1,-1
3179,2,2280.00,1161.00,69.00,94.00,0.8753,-1,-1,-1
3180,1,2310.00,1524.00,46.00,83.00,0.7172,-1,-1,-1
3180,2,2281.00,1161.00,68.00,96.00,0.8626,-1,-1,-1
3181,1,2309.00,1523.00,46.00,83.00,0.6494,-1,-1,-1
3181,2,2280.00,1160.00,69.00,98.00,0.8700,-1,-1,-1
3182,1,2308.00,1524.00,47.00,84.00,0.6847,-1,-1,-1
3182,2,2280.00,1161.00,69.00,97.00,0.8688,-1,-1,-1
3183,1,2307.00,1525.00,47.00,82.00,0.7030,-1,-1,-1
3183,2,2280.00,1162.00,68.00,94.00,0.8789,-1,-1,-1
3184,1,2305.00,1525.00,48.00,82.00,0.7714,-1,-1,-1
3184,2,2281.00,1162.00,67.00,94.00,0.8733,-1,-1,-1
3185,1,2304.00,1523.00,49.00,83.00,0.7431,-1,-1,-1
3185,2,2280.00,1162.00,69.00,96.00,0.8703,-1,-1,-1
3186,1,2302.00,1521.00,51.00,86.00,0.7709,-1,-1,-1
3186,2,2279.00,1162.00,72.00,98.00,0.8763,-1,-1,-1
3187,1,2300.00,1520.00,53.00,90.00,0.8124,-1,-1,-1
3187,2,2279.00,1162.00,71.00,99.00,0.8712,-1,-1,-1
3188,1,2299.00,1519.00,55.00,90.00,0.8276,-1,-1,-1
3188,2,2278.00,1162.00,71.00,99.00,0.8604,-1,-1,-1
3189,1,2299.00,1518.00,55.00,92.00,0.8121,-1,-1,-1
3189,2,2280.00,1163.00,69.00,99.00,0.8528,-1,-1,-1
3190,1,2303.00,1520.00,50.00,88.00,0.6533,-1,-1,-1
3190,2,2280.00,1164.00,68.00,99.00,0.8742,-1,-1,-1
3191,1,2303.00,1520.00,50.00,89.00,0.6109,-1,-1,-1
3191,2,2280.00,1164.00,67.00,98.00,0.8891,-1,-1,-1
3192,1,2302.00,1520.00,52.00,90.00,0.6537,-1,-1,-1
3192,2,2279.00,1164.00,68.00,98.00,0.9046,-1,-1,-1
3193,1,2300.00,1520.00,55.00,92.00,0.7474,-1,-1,-1
3193,2,2279.00,1165.00,67.00,98.00,0.9024,-1,-1,-1
3194,1,2299.00,1518.00,56.00,93.00,0.8264,-1,-1,-1
3194,2,2278.00,1165.00,65.00,96.00,0.8969,-1,-1,-1
3195,1,2300.00,1520.00,54.00,90.00,0.7922,-1,-1,-1
3195,2,2278.00,1167.00,64.00,94.00,0.9098,-1,-1,-1
3196,1,2300.00,1520.00,54.00,91.00,0.7239,-1,-1,-1
3196,2,2278.00,1168.00,65.00,94.00,0.9076,-1,-1,-1
3197,1,2299.00,1520.00,54.00,90.00,0.6907,-1,-1,-1
3197,2,2278.00,1168.00,64.00,95.00,0.9096,-1,-1,-1
3198,1,2300.00,1519.00,52.00,89.00,0.6092,-1,-1,-1
3198,2,2278.00,1170.00,63.00,96.00,0.9118,-1,-1,-1
3199,1,2300.00,1519.00,52.00,90.00,0.5444,-1,-1,-1
3199,2,2279.00,1170.00,58.00,95.00,0.9000,-1,-1,-1
3200,1,2298.00,1519.00,53.00,91.00,0.5575,-1,-1,-1
3200,2,2279.00,1172.00,56.00,92.00,0.8879,-1,-1,-1
3201,1,2296.00,1519.00,55.00,91.00,0.6277,-1,-1,-1
3201,2,2277.00,1172.00,59.00,94.00,0.8819,-1,-1,-1
3202,1,2295.00,1520.00,55.00,89.00,0.7539,-1,-1,-1
3202,2,2277.00,1173.00,55.00,91.00,0.8430,-1,-1,-1
3203,1,2295.00,1522.00,57.00,89.00,0.7886,-1,-1,-1
3203,2,2276.00,1174.00,55.00,91.00,0.8145,-1,-1,-1
3204,1,2295.00,1522.00,57.00,88.00,0.8041,-1,-1,-1
3204,2,2278.00,1174.00,49.00,86.00,0.8066,-1,-1,-1
3205,1,2295.00,1525.00,56.00,86.00,0.8104,-1,-1,-1
3205,2,2277.00,1174.00,50.00,88.00,0.8084,-1,-1,-1
3206,1,2295.00,1526.00,55.00,85.00,0.7978,-1,-1,-1
3206,2,2276.00,1176.00,50.00,86.00,0.8281,-1,-1,-1
3207,1,2297.00,1527.00,52.00,83.00,0.7362,-1,-1,-1
3207,2,2274.00,1177.00,52.00,88.00,0.8227,-1,-1,-1
3208,1,2296.00,1528.00,52.00,82.00,0.7350,-1,-1,-1
3208,2,2273.00,1177.00,53.00,90.00,0.8140,-1,-1,-1
3209,1,2297.00,1528.00,50.00,82.00,0.7084,-1,-1,-1
3209,2,2272.00,1176.00,58.00,95.00,0.8418,-1,-1,-1
3210,1,2296.00,1529.00,51.00,84.00,0.6640,-1,-1,-1
3210,2,2271.00,1177.00,59.00,96.00,0.8759,-1,-1,-1
3211,1,2294.00,1528.00,54.00,90.00,0.7268,-1,-1,-1
3211,2,2271.00,1177.00,59.00,95.00,0.8662,-1,-1,-1
3212,1,2294.00,1528.00,53.00,90.00,0.7213,-1,-1,-1
3212,2,2269.00,1179.00,62.00,94.00,0.9054,-1,-1,-1
3213,1,2295.00,1529.00,52.00,88.00,0.7008,-1,-1,-1
3213,2,2267.00,1180.00,64.00,95.00,0.9249,-1,-1,-1
3214,1,2295.00,1531.00,50.00,85.00,0.7001,-1,-1,-1
3214,2,2265.00,1181.00,65.00,96.00,0.9136,-1,-1,-1
3215,1,2295.00,1532.00,50.00,84.00,0.7558,-1,-1,-1
3215,2,2264.00,1182.00,65.00,93.00,0.8989,-1,-1,-1
3216,1,2295.00,1533.00,51.00,83.00,0.7871,-1,-1,-1
3216,2,2264.00,1183.00,64.00,91.00,0.8959,-1,-1,-1
3217,1,2295.00,1533.00,51.00,84.00,0.8056,-1,-1,-1
3217,2,2264.00,1185.00,64.00,90.00,0.8888,-1,-1,-1
3218,1,2294.00,1532.00,51.00,86.00,0.8199,-1,-1,-1
3218,2,2262.00,1186.00,66.00,91.00,0.8460,-1,-1,-1
3219,1,2293.00,1532.00,51.00,85.00,0.8044,-1,-1,-1
3219,2,2258.00,1184.00,69.00,94.00,0.8468,-1,-1,-1
3220,1,2292.00,1531.00,52.00,86.00,0.7867,-1,-1,-1
3220,2,2258.00,1185.00,68.00,91.00,0.8618,-1,-1,-1
3221,1,2291.00,1532.00,52.00,86.00,0.7832,-1,-1,-1
3221,2,2258.00,1184.00,68.00,94.00,0.8446,-1,-1,-1
3222,1,2290.00,1532.00,52.00,86.00,0.7627,-1,-1,-1
3222,2,2258.00,1184.00,68.00,96.00,0.8343,-1,-1,-1
3223,1,2290.00,1532.00,52.00,85.00,0.7879,-1,-1,-1
3223,2,2259.00,1184.00,66.00,95.00,0.8174,-1,-1,-1
3224,1,2288.00,1531.00,54.00,87.00,0.8205,-1,-1,-1
3224,2,2259.00,1184.00,66.00,95.00,0.8241,-1,-1,-1
3225,1,2286.00,1531.00,56.00,87.00,0.8555,-1,-1,-1
3225,2,2256.00,1184.00,69.00,96.00,0.8461,-1,-1,-1
3226,1,2288.00,1531.00,55.00,88.00,0.8520,-1,-1,-1
3226,2,2257.00,1185.00,69.00,96.00,0.8490,-1,-1,-1
3227,1,2289.00,1531.00,54.00,88.00,0.7935,-1,-1,-1
3227,2,2257.00,1185.00,68.00,96.00,0.8505,-1,-1,-1
3228,1,2290.00,1531.00,51.00,90.00,0.7485,-1,-1,-1
3228,2,2258.00,1187.00,67.00,92.00,0.8490,-1,-1,-1
3229,1,2288.00,1528.00,54.00,92.00,0.7502,-1,-1,-1
3229,2,2258.00,1187.00,67.00,93.00,0.8527,-1,-1,-1
3230,1,2287.00,1528.00,54.00,90.00,0.7277,-1,-1,-1
3230,2,2258.00,1187.00,67.00,93.00,0.8649,-1,-1,-1
3231,1,2286.00,1527.00,54.00,90.00,0.7470,-1,-1,-1
3231,2,2257.00,1188.00,68.00,93.00,0.8711,-1,-1,-1
3232,1,2285.00,1527.00,54.00,88.00,0.7471,-1,-1,-1
3232,2,2257.00,1189.00,67.00,93.00,0.8664,-1,-1,-1
3233,1,2284.00,1528.00,54.00,87.00,0.7701,-1,-1,-1
3233,2,2256.00,1189.00,68.00,92.00,0.8699,-1,-1,-1
3234,1,2284.00,1527.00,54.00,86.00,0.7913,-1,-1,-1
3234,2,2257.00,1190.00,67.00,92.00,0.8622,-1,-1,-1
3235,1,2284.00,1527.00,53.00,86.00,0.7706,-1,-1,-1
3235,2,2257.00,1190.00,66.00,92.00,0.8566,-1,-1,-1
3236,1,2285.00,1526.00,52.00,87.00,0.7654,-1,-1,-1
3236,2,2258.00,1191.00,65.00,92.00,0.8648,-1,-1,-1
3237,1,2285.00,1526.00,53.00,88.00,0.7414,-1,-1,-1
3237,2,2258.00,1191.00,65.00,93.00,0.8877,-1,-1,-1
3238,1,2284.00,1525.00,54.00,89.00,0.7375,-1,-1,-1
3238,2,2256.00,1191.00,67.00,94.00,0.9052,-1,-1,-1
3239,1,2284.00,1525.00,53.00,88.00,0.6933,-1,-1,-1
3239,2,2257.00,1191.00,65.00,94.00,0.9139,-1,-1,-1
3240,1,2281.00,1525.00,56.00,91.00,0.6944,-1,-1,-1
3240,2,2257.00,1192.00,65.00,94.00,0.9069,-1,-1,-1
3241,1,2281.00,1527.00,56.00,91.00,0.7259,-1,-1,-1
3241,2,2256.00,1193.00,65.00,93.00,0.8948,-1,-1,-1
3242,1,2281.00,1528.00,57.00,90.00,0.7602,-1,-1,-1
3242,2,2255.00,1193.00,66.00,93.00,0.8971,-1,-1,-1
3243,1,2281.00,1528.00,58.00,92.00,0.8162,-1,-1,-1
3243,2,2254.00,1193.00,67.00,94.00,0.8942,-1,-1,-1
3244,1,2280.00,1528.00,59.00,93.00,0.8289,-1,-1,-1
3244,2,2253.00,1194.00,68.00,93.00,0.8920,-1,-1,-1
3245,1,2280.00,1528.00,58.00,92.00,0.8303,-1,-1,-1
3245,2,2253.00,1194.00,67.00,92.00,0.8870,-1,-1,-1
3246,1,2279.00,1528.00,59.00,92.00,0.8329,-1,-1,-1
3246,2,2253.00,1195.00,65.00,92.00,0.8786,-1,-1,-1
3247,1,2278.00,1529.00,60.00,91.00,0.8404,-1,-1,-1
3247,2,2252.00,1197.00,65.00,91.00,0.8722,-1,-1,-1
3248,1,2278.00,1529.00,59.00,91.00,0.8404,-1,-1,-1
3248,2,2251.00,1197.00,65.00,92.00,0.8472,-1,-1,-1
3249,1,2277.00,1530.00,60.00,89.00,0.8346,-1,-1,-1
3249,2,2250.00,1196.00,65.00,94.00,0.8315,-1,-1,-1
3250,1,2278.00,1532.00,58.00,88.00,0.8492,-1,-1,-1
3250,2,2248.00,1196.00,67.00,94.00,0.8347,-1,-1,-1
3251,1,2279.00,1532.00,56.00,87.00,0.8462,-1,-1,-1
3251,2,2247.00,1196.00,68.00,95.00,0.8373,-1,-1,-1
3252,1,2280.00,1533.00,55.00,86.00,0.8355,-1,-1,-1
3252,2,2246.00,1196.00,69.00,96.00,0.8353,-1,-1,-1
3253,1,2279.00,1531.00,55.00,87.00,0.8030,-1,-1,-1
3253,2,2245.00,1197.00,70.00,94.00,0.8306,-1,-1,-1
3254,1,2280.00,1531.00,54.00,87.00,0.7913,-1,-1,-1
3254,2,2244.00,1197.00,68.00,95.00,0.8383,-1,-1,-1
3255,1,2280.00,1531.00,53.00,86.00,0.7544,-1,-1,-1
3255,2,2243.00,1197.00,68.00,94.00,0.8634,-1,-1,-1
3256,1,2280.00,1532.00,52.00,86.00,0.7681,-1,-1,-1
3256,2,2243.00,1197.00,66.00,93.00,0.8861,-1,-1,-1
3257,1,2280.00,1532.00,52.00,87.00,0.7619,-1,-1,-1
3257,2,2242.00,1197.00,66.00,94.00,0.8952,-1,-1,-1
3258,1,2280.00,1532.00,53.00,87.00,0.7849,-1,-1,-1
3258,2,2241.00,1197.00,68.00,95.00,0.8957,-1,-1,-1
3259,1,2280.00,1532.00,54.00,88.00,0.8060,-1,-1,-1
3259,2,2241.00,1196.00,68.00,95.00,0.9153,-1,-1,-1
3260,1,2280.00,1531.00,54.00,88.00,0.8154,-1,-1,-1
3260,2,2242.00,1196.00,66.00,94.00,0.9249,-1,-1,-1
3261,1,2280.00,1531.00,55.00,86.00,0.8018,-1,-1,-1
3261,2,2242.00,1197.00,65.00,92.00,0.9225,-1,-1,-1
3262,1,2280.00,1531.00,55.00,87.00,0.8281,-1,-1,-1
3262,2,2241.00,1198.00,65.00,90.00,0.9062,-1,-1,-1
3263,1,2280.00,1532.00,55.00,85.00,0.7908,-1,-1,-1
3263,2,2240.00,1198.00,67.00,90.00,0.8976,-1,-1,-1
3264,1,2280.00,1532.00,56.00,84.00,0.7736,-1,-1,-1
3264,2,2240.00,1197.00,67.00,92.00,0.8963,-1,-1,-1
3265,1,2281.00,1532.00,55.00,83.00,0.7720,-1,-1,-1
3265,2,2240.00,1197.00,68.00,93.00,0.8970,-1,-1,-1
3266,1,2281.00,1531.00,55.00,85.00,0.7699,-1,-1,-1
3266,2,2240.00,1195.00,68.00,95.00,0.9014,-1,-1,-1
3267,1,2281.00,1528.00,54.00,84.00,0.7341,-1,-1,-1
3267,2,2239.00,1194.00,70.00,97.00,0.9076,-1,-1,-1
3268,1,2281.00,1526.00,54.00,85.00,0.7533,-1,-1,-1
3268,2,2239.00,1194.00,71.00,98.00,0.9006,-1,-1,-1
3269,1,2280.00,1525.00,55.00,85.00,0.7943,-1,-1,-1
3269,2,2240.00,1193.00,69.00,98.00,0.9056,-1,-1,-1
3270,1,2282.00,1523.00,54.00,85.00,0.8048,-1,-1,-1
3270,2,2239.00,1192.00,70.00,98.00,0.9090,-1,-1,-1
3271,1,2282.00,1522.00,54.00,85.00,0.7968,-1,-1,-1
3271,2,2239.00,1192.00,69.00,96.00,0.9190,-1,-1,-1
3272,1,2282.00,1522.00,55.00,83.00,0.7834,-1,-1,-1
3272,2,2239.00,1192.00,68.00,95.00,0.9111,-1,-1,-1
3273,1,2282.00,1521.00,55.00,84.00,0.7754,-1,-1,-1
3273,2,2239.00,1191.00,68.00,96.00,0.9072,-1,-1,-1
3274,1,2282.00,1520.00,55.00,84.00,0.7662,-1,-1,-1
3274,2,2239.00,1191.00,68.00,95.00,0.8953,-1,-1,-1
3275,1,2282.00,1518.00,55.00,87.00,0.7650,-1,-1,-1
3275,2,2238.00,1189.00,67.00,96.00,0.8780,-1,-1,-1
3276,1,2281.00,1518.00,57.00,87.00,0.7680,-1,-1,-1
3276,2,2238.00,1189.00,66.00,96.00,0.8704,-1,-1,-1
3277,1,2282.00,1518.00,55.00,87.00,0.7588,-1,-1,-1
3277,2,2238.00,1189.00,66.00,96.00,0.8594,-1,-1,-1
3278,1,2281.00,1518.00,56.00,87.00,0.7666,-1,-1,-1
3278,2,2236.00,1186.00,66.00,98.00,0.8198,-1,-1,-1
3279,1,2282.00,1519.00,53.00,86.00,0.7111,-1,-1,-1
3279,2,2237.00,1187.00,64.00,94.00,0.8093,-1,-1,-1
3280,1,2284.00,1520.00,49.00,84.00,0.5958,-1,-1,-1
3280,2,2237.00,1187.00,62.00,92.00,0.7892,-1,-1,-1
3281,1,2284.00,1520.00,49.00,83.00,0.6328,-1,-1,-1
3281,2,2237.00,1187.00,60.00,91.00,0.7883,-1,-1,-1
3282,1,2284.00,1521.00,49.00,84.00,0.6420,-1,-1,-1
3282,2,2237.00,1191.00,58.00,84.00,0.7898,-1,-1,-1
3283,1,2283.00,1522.00,51.00,86.00,0.7174,-1,-1,-1
3283,2,2237.00,1190.00,56.00,84.00,0.8215,-1,-1,-1
3284,1,2283.00,1522.00,51.00,87.00,0.6966,-1,-1,-1
3284,2,2235.00,1190.00,56.00,83.00,0.8491,-1,-1,-1
3285,1,2283.00,1524.00,50.00,87.00,0.7017,-1,-1,-1
3285,2,2235.00,1190.00,57.00,84.00,0.8452,-1,-1,-1
3286,1,2283.00,1525.00,50.00,87.00,0.7210,-1,-1,-1
3286,2,2235.00,1191.00,57.00,86.00,0.8373,-1,-1,-1
3287,1,2281.00,1526.00,52.00,90.00,0.6764,-1,-1,-1
3287,2,2235.00,1192.00,58.00,86.00,0.8331,-1,-1,-1
3288,1,2283.00,1526.00,50.00,86.00,0.6902,-1,-1,-1
3288,2,2234.00,1193.00,59.00,84.00,0.8485,-1,-1,-1
3289,1,2282.00,1526.00,51.00,87.00,0.6798,-1,-1,-1
3289,2,2234.00,1193.00,59.00,86.00,0.8552,-1,-1,-1
3290,1,2282.00,1524.00,51.00,88.00,0.7290,-1,-1,-1
3290,2,2234.00,1193.00,60.00,86.00,0.8298,-1,-1,-1
3291,1,2279.00,1523.00,55.00,90.00,0.7591,-1,-1,-1
3291,2,2234.00,1194.00,59.00,84.00,0.8299,-1,-1,-1
3292,1,2279.00,1522.00,55.00,93.00,0.7556,-1,-1,-1
3292,2,2235.00,1193.00,60.00,88.00,0.8603,-1,-1,-1
3293,1,2279.00,1522.00,55.00,95.00,0.7363,-1,-1,-1
3293,2,2234.00,1194.00,62.00,89.00,0.8961,-1,-1,-1
3294,1,2279.00,1521.00,55.00,95.00,0.7275,-1,-1,-1
3294,2,2234.00,1195.00,64.00,90.00,0.8983,-1,-1,-1
3295,1,2278.00,1522.00,57.00,94.00,0.7936,-1,-1,-1
3295,2,2233.00,1196.00,65.00,91.00,0.9013,-1,-1,-1
3296,1,2278.00,1522.00,57.00,95.00,0.7638,-1,-1,-1
3296,2,2232.00,1197.00,66.00,91.00,0.9026,-1,-1,-1
3297,1,2280.00,1523.00,56.00,92.00,0.7887,-1,-1,-1
3297,2,2232.00,1198.00,64.00,89.00,0.8992,-1,-1,-1
3298,1,2279.00,1526.00,56.00,91.00,0.7664,-1,-1,-1
3298,2,2233.00,1199.00,62.00,90.00,0.9005,-1,-1,-1
3299,1,2280.00,1527.00,55.00,89.00,0.7460,-1,-1,-1
3299,2,2232.00,1200.00,61.00,89.00,0.9003,-1,-1,-1
3300,1,2282.00,1528.00,54.00,89.00,0.7868,-1,-1,-1
3300,2,2232.00,1200.00,61.00,88.00,0.9127,-1,-1,-1
3301,1,2281.00,1529.00,56.00,89.00,0.8203,-1,-1,-1
3301,2,2232.00,1201.00,62.00,89.00,0.8993,-1,-1,-1
3302,1,2281.00,1530.00,56.00,88.00,0.8414,-1,-1,-1
3302,2,2232.00,1201.00,61.00,89.00,0.8907,-1,-1,-1
3303,1,2281.00,1530.00,57.00,89.00,0.8713,-1,-1,-1
3303,2,2231.00,1202.00,61.00,87.00,0.8998,-1,-1,-1
3304,1,2281.00,1530.00,57.00,89.00,0.8440,-1,-1,-1
3304,2,2230.00,1203.00,62.00,88.00,0.8784,-1,-1,-1
3305,1,2282.00,1530.00,58.00,90.00,0.8573,-1,-1,-1
3305,2,2231.00,1204.00,60.00,88.00,0.8642,-1,-1,-1
3306,1,2281.00,1530.00,60.00,93.00,0.8602,-1,-1,-1
3306,2,2230.00,1204.00,62.00,90.00,0.8639,-1,-1,-1
3307,1,2281.00,1530.00,62.00,95.00,0.8445,-1,-1,-1
3307,2,2231.00,1204.00,61.00,90.00,0.8770,-1,-1,-1
3308,1,2280.00,1530.00,63.00,94.00,0.8470,-1,-1,-1
3308,2,2230.00,1205.00,62.00,89.00,0.8802,-1,-1,-1
3309,1,2281.00,1531.00,62.00,94.00,0.8498,-1,-1,-1
3309,2,2230.00,1204.00,62.00,92.00,0.8887,-1,-1,-1
3310,1,2282.00,1532.00,61.00,93.00,0.8682,-1,-1,-1
3310,2,2229.00,1205.00,63.00,91.00,0.8959,-1,-1,-1
3311,1,2283.00,1533.00,59.00,92.00,0.8393,-1,-1,-1
3311,2,2228.00,1206.00,63.00,91.00,0.8946,-1,-1,-1
3312,1,2282.00,1534.00,60.00,93.00,0.8233,-1,-1,-1
3312,2,2228.00,1206.00,63.00,92.00,0.8923,-1,-1,-1
3313,1,2281.00,1534.00,59.00,95.00,0.8095,-1,-1,-1
3313,2,2227.00,1207.00,64.00,91.00,0.8895,-1,-1,-1
3314,1,2281.00,1535.00,59.00,94.00,0.8112,-1,-1,-1
3314,2,2227.00,1208.00,63.00,90.00,0.8877,-1,-1,-1
3315,1,2281.00,1536.00,59.00,94.00,0.7892,-1,-1,-1
3315,2,2227.00,1209.00,63.00,88.00,0.8832,-1,-1,-1
3316,1,2281.00,1537.00,60.00,95.00,0.7918,-1,-1,-1
3316,2,2227.00,1210.00,62.00,87.00,0.8815,-1,-1,-1
3317,1,2282.00,1536.00,56.00,92.00,0.7740,-1,-1,-1
3317,2,2227.00,1210.00,61.00,87.00,0.8712,-1,-1,-1
3318,1,2282.00,1538.00,59.00,94.00,0.8029,-1,-1,-1
3318,2,2227.00,1210.00,60.00,86.00,0.8617,-1,-1,-1
3319,1,2283.00,1537.00,56.00,92.00,0.7822,-1,-1,-1
3319,2,2228.00,1211.00,59.00,86.00,0.8641,-1,-1,-1
3320,1,2285.00,1537.00,54.00,90.00,0.7697,-1,-1,-1
3320,2,2228.00,1210.00,58.00,86.00,0.8624,-1,-1,-1
3321,1,2286.00,1536.00,53.00,89.00,0.7486,-1,-1,-1
3321,2,2227.00,1209.00,59.00,88.00,0.8566,-1,-1,-1
3322,1,2286.00,1536.00,53.00,89.00,0.7336,-1,-1,-1
3322,2,2228.00,1205.00,56.00,91.00,0.8497,-1,-1,-1
3323,1,2286.00,1536.00,52.00,88.00,0.7198,-1,-1,-1
3323,2,2228.00,1205.00,57.00,91.00,0.8435,-1,-1,-1
3324,1,2286.00,1536.00,52.00,88.00,0.7193,-1,-1,-1
3324,2,2227.00,1205.00,57.00,91.00,0.8736,-1,-1,-1
3325,1,2287.00,1538.00,52.00,85.00,0.7208,-1,-1,-1
3325,2,2227.00,1205.00,57.00,90.00,0.8688,-1,-1,-1
3326,1,2287.00,1538.00,52.00,86.00,0.7243,-1,-1,-1
3326,2,2227.00,1204.00,56.00,90.00,0.8760,-1,-1,-1
3327,1,2286.00,1538.00,53.00,84.00,0.7809,-1,-1,-1
3327,2,2226.00,1203.00,57.00,91.00,0.8643,-1,-1,-1
3328,1,2286.00,1538.00,53.00,83.00,0.8188,-1,-1,-1
3328,2,2225.00,1202.00,58.00,91.00,0.8353,-1,-1,-1
3329,1,2286.00,1537.00,52.00,82.00,0.8320,-1,-1,-1
3329,2,2224.00,1202.00,55.00,88.00,0.8524,-1,-1,-1
3330,1,2286.00,1535.00,52.00,84.00,0.8610,-1,-1,-1
3330,2,2224.00,1201.00,54.00,88.00,0.8824,-1,-1,-1
3331,1,2286.00,1534.00,53.00,84.00,0.8662,-1,-1,-1
3331,2,2223.00,1199.00,53.00,89.00,0.9094,-1,-1,-1
3332,1,2286.00,1533.00,53.00,86.00,0.8819,-1,-1,-1
3332,2,2222.00,1198.00,54.00,90.00,0.9241,-1,-1,-1
3333,1,2287.00,1532.00,53.00,86.00,0.8747,-1,-1,-1
3333,2,2221.00,1197.00,56.00,90.00,0.9275,-1,-1,-1
3334,1,2286.00,1531.00,54.00,86.00,0.8611,-1,-1,-1
3334,2,2221.00,1197.00,56.00,91.00,0.9276,-1,-1,-1
3335,1,2286.00,1530.00,54.00,86.00,0.8214,-1,-1,-1
3335,2,2220.00,1196.00,59.00,93.00,0.9268,-1,-1,-1
3336,1,2285.00,1528.00,54.00,85.00,0.7898,-1,-1,-1
3336,2,2219.00,1195.00,61.00,95.00,0.9271,-1,-1,-1
3337,1,2286.00,1527.00,54.00,85.00,0.7786,-1,-1,-1
3337,2,2219.00,1194.00,60.00,95.00,0.9279,-1,-1,-1
3338,1,2284.00,1526.00,56.00,86.00,0.7924,-1,-1,-1
3338,2,2219.00,1194.00,59.00,95.00,0.9269,-1,-1,-1
3339,1,2285.00,1524.00,56.00,87.00,0.8111,-1,-1,-1
3339,2,2219.00,1195.00,57.00,92.00,0.9238,-1,-1,-1
3340,1,2286.00,1522.00,54.00,87.00,0.7933,-1,-1,-1
3340,2,2219.00,1194.00,56.00,91.00,0.9089,-1,-1,-1
3341,1,2286.00,1520.00,54.00,88.00,0.7586,-1,-1,-1
3341,2,2218.00,1193.00,57.00,92.00,0.9026,-1,-1,-1
3342,1,2287.00,1517.00,50.00,84.00,0.7409,-1,-1,-1
3342,2,2217.00,1192.00,59.00,92.00,0.8868,-1,-1,-1
3343,1,2287.00,1516.00,50.00,82.00,0.6978,-1,-1,-1
3343,2,2217.00,1191.00,59.00,93.00,0.8577,-1,-1,-1
3344,1,2286.00,1516.00,53.00,81.00,0.6974,-1,-1,-1
3344,2,2217.00,1192.00,56.00,87.00,0.8235,-1,-1,-1
3345,1,2286.00,1515.00,53.00,83.00,0.6865,-1,-1,-1
3345,2,2216.00,1191.00,57.00,88.00,0.8338,-1,-1,-1
3346,1,2288.00,1513.00,51.00,85.00,0.6940,-1,-1,-1
3346,2,2216.00,1190.00,57.00,87.00,0.8526,-1,-1,-1
3347,1,2288.00,1513.00,53.00,84.00,0.7362,-1,-1,-1
3347,2,2215.00,1190.00,59.00,87.00,0.8637,-1,-1,-1
3348,1,2288.00,1512.00,53.00,84.00,0.7550,-1,-1,-1
3348,2,2215.00,1190.00,58.00,86.00,0.8660,-1,-1,-1
3349,1,2288.00,1511.00,52.00,83.00,0.7424,-1,-1,-1
3349,2,2215.00,1189.00,59.00,86.00,0.8792,-1,-1,-1
3350,1,2289.00,1511.00,51.00,83.00,0.7474,-1,-1,-1
3350,2,2214.00,1188.00,60.00,87.00,0.8833,-1,-1,-1
3351,1,2288.00,1511.00,52.00,82.00,0.7734,-1,-1,-1
3351,2,2214.00,1187.00,60.00,87.00,0.8830,-1,-1,-1
3352,1,2288.00,1511.00,52.00,82.00,0.7716,-1,-1,-1
3352,2,2214.00,1184.00,60.00,90.00,0.8822,-1,-1,-1
3353,1,2288.00,1510.00,51.00,83.00,0.7654,-1,-1,-1
3353,2,2214.00,1183.00,59.00,89.00,0.8824,-1,-1,-1
3354,1,2287.00,1510.00,53.00,85.00,0.8105,-1,-1,-1
3354,2,2214.00,1182.00,58.00,89.00,0.8744,-1,-1,-1
3355,1,2286.00,1508.00,54.00,88.00,0.8106,-1,-1,-1
3355,2,2214.00,1181.00,57.00,88.00,0.8697,-1,-1,-1
3356,1,2286.00,1508.00,54.00,87.00,0.8038,-1,-1,-1
3356,2,2214.00,1180.00,56.00,88.00,0.8771,-1,-1,-1
3357,1,2286.00,1507.00,53.00,87.00,0.7843,-1,-1,-1
3357,2,2213.00,1179.00,56.00,87.00,0.8741,-1,-1,-1
3358,1,2287.00,1507.00,52.00,85.00,0.7466,-1,-1,-1
3358,2,2213.00,1178.00,55.00,87.00,0.8746,-1,-1,-1
3359,1,2286.00,1506.00,53.00,86.00,0.7543,-1,-1,-1
3359,2,2214.00,1176.00,52.00,87.00,0.8938,-1,-1,-1
3360,1,2285.00,1505.00,54.00,88.00,0.7783,-1,-1,-1
3360,2,2214.00,1175.00,52.00,88.00,0.9002,-1,-1,-1
3361,1,2286.00,1505.00,51.00,84.00,0.7728,-1,-1,-1
3361,2,2213.00,1175.00,53.00,89.00,0.9030,-1,-1,-1
3362,1,2286.00,1504.00,51.00,84.00,0.7870,-1,-1,-1
3362,2,2213.00,1174.00,53.00,89.00,0.9108,-1,-1,-1
3363,1,2285.00,1503.00,52.00,84.00,0.8002,-1,-1,-1
3363,2,2212.00,1173.00,55.00,90.00,0.9238,-1,-1,-1
3364,1,2286.00,1502.00,51.00,84.00,0.8108,-1,-1,-1
3364,2,2211.00,1173.00,57.00,90.00,0.9240,-1,-1,-1
3365,1,2286.00,1501.00,51.00,83.00,0.8052,-1,-1,-1
3365,2,2210.00,1173.00,59.00,91.00,0.9199,-1,-1,-1
3366,1,2286.00,1500.00,51.00,82.00,0.8262,-1,-1,-1
3366,2,2209.00,1173.00,60.00,91.00,0.9183,-1,-1,-1
3367,1,2286.00,1499.00,51.00,81.00,0.8191,-1,-1,-1
3367,2,2208.00,1172.00,61.00,90.00,0.9247,-1,-1,-1
3368,1,2285.00,1496.00,51.00,81.00,0.7942,-1,-1,-1
3368,2,2206.00,1172.00,63.00,90.00,0.9262,-1,-1,-1
3369,1,2285.00,1493.00,50.00,82.00,0.8037,-1,-1,-1
3369,2,2206.00,1171.00,63.00,91.00,0.9225,-1,-1,-1
3370,1,2285.00,1492.00,51.00,81.00,0.8241,-1,-1,-1
3370,2,2205.00,1170.00,64.00,90.00,0.9109,-1,-1,-1
3371,1,2285.00,1491.00,51.00,82.00,0.8493,-1,-1,-1
3371,2,2205.00,1169.00,64.00,90.00,0.8921,-1,-1,-1
3372,1,2285.00,1490.00,51.00,82.00,0.8608,-1,-1,-1
3372,2,2205.00,1168.00,64.00,91.00,0.8823,-1,-1,-1
3373,1,2285.00,1489.00,52.00,83.00,0.8723,-1,-1,-1
3373,2,2204.00,1168.00,65.00,90.00,0.8674,-1,-1,-1
3374,1,2285.00,1488.00,52.00,83.00,0.8677,-1,-1,-1
3374,2,2204.00,1167.00,64.00,89.00,0.8694,-1,-1,-1
3375,1,2285.00,1488.00,52.00,82.00,0.8821,-1,-1,-1
3375,2,2203.00,1166.00,65.00,89.00,0.8696,-1,-1,-1
3376,1,2283.00,1486.00,54.00,84.00,0.8941,-1,-1,-1
3376,2,2202.00,1166.00,67.00,86.00,0.8481,-1,-1,-1
3377,1,2282.00,1484.00,55.00,86.00,0.9026,-1,-1,-1
3377,2,2201.00,1165.00,66.00,84.00,0.8617,-1,-1,-1
3378,1,2281.00,1484.00,56.00,86.00,0.9011,-1,-1,-1
3378,2,2201.00,1164.00,66.00,85.00,0.8714,-1,-1,-1
3379,1,2281.00,1483.00,57.00,87.00,0.8960,-1,-1,-1
3379,2,2200.00,1163.00,67.00,85.00,0.8695,-1,-1,-1
3380,1,2281.00,1482.00,57.00,88.00,0.8813,-1,-1,-1
3380,2,2200.00,1163.00,66.00,84.00,0.8574,-1,-1,-1
3381,1,2281.00,1481.00,57.00,89.00,0.8684,-1,-1,-1
3381,2,2201.00,1160.00,62.00,87.00,0.8722,-1,-1,-1
3382,1,2280.00,1482.00,57.00,87.00,0.8537,-1,-1,-1
3382,2,2200.00,1159.00,63.00,87.00,0.8795,-1,-1,-1
3383,1,2281.00,1478.00,54.00,90.00,0.8177,-1,-1,-1
3383,2,2200.00,1158.00,63.00,87.00,0.8707,-1,-1,-1
3384,1,2282.00,1477.00,53.00,90.00,0.7918,-1,-1,-1
3384,2,2199.00,1156.00,63.00,88.00,0.8528,-1,-1,-1
3385,1,2282.00,1480.00,53.00,86.00,0.8061,-1,-1,-1
3385,2,2200.00,1156.00,59.00,85.00,0.8350,-1,-1,-1
3386,1,2283.00,1479.00,52.00,85.00,0.8096,-1,-1,-1
3386,2,2199.00,1155.00,60.00,86.00,0.8576,-1,-1,-1
3387,1,2282.00,1478.00,53.00,86.00,0.8199,-1,-1,-1
3387,2,2198.00,1153.00,60.00,88.00,0.8822,-1,-1,-1
3388,1,2283.00,1477.00,52.00,86.00,0.8289,-1,-1,-1
3388,2,2198.00,1153.00,59.00,86.00,0.9041,-1,-1,-1
3389,1,2283.00,1475.00,52.00,86.00,0.8438,-1,-1,-1
3389,2,2197.00,1152.00,58.00,84.00,0.9162,-1,-1,-1
3390,1,2283.00,1473.00,52.00,86.00,0.8402,-1,-1,-1
3390,2,2197.00,1151.00,58.00,84.00,0.9222,-1,-1,-1
3391,1,2283.00,1472.00,52.00,84.00,0.8162,-1,-1,-1
3391,2,2196.00,1150.00,60.00,86.00,0.9257,-1,-1,-1
3392,1,2283.00,1471.00,52.00,85.00,0.8003,-1,-1,-1
3392,2,2196.00,1149.00,59.00,88.00,0.9316,-1,-1,-1
3393,1,2283.00,1470.00,51.00,84.00,0.7690,-1,-1,-1
3393,2,2196.00,1148.00,59.00,90.00,0.9336,-1,-1,-1
3394,1,2282.00,1470.00,52.00,83.00,0.7872,-1,-1,-1
3394,2,2196.00,1148.00,58.00,89.00,0.9341,-1,-1,-1
3395,1,2282.00,1469.00,52.00,84.00,0.8080,-1,-1,-1
3395,2,2196.00,1147.00,57.00,90.00,0.9359,-1,-1,-1
3396,1,2282.00,1467.00,53.00,85.00,0.8457,-1,-1,-1
3396,2,2196.00,1147.00,57.00,89.00,0.9313,-1,-1,-1
3397,1,2281.00,1466.00,54.00,86.00,0.8548,-1,-1,-1
3397,2,2196.00,1147.00,57.00,89.00,0.9291,-1,-1,-1
3398,1,2280.00,1465.00,55.00,87.00,0.8639,-1,-1,-1
3398,2,2195.00,1147.00,59.00,90.00,0.9266,-1,-1,-1
3399,1,2280.00,1463.00,55.00,89.00,0.8798,-1,-1,-1
3399,2,2195.00,1147.00,59.00,89.00,0.9217,-1,-1,-1
3400,1,2279.00,1463.00,56.00,88.00,0.8789,-1,-1,-1
3400,2,2194.00,1147.00,61.00,89.00,0.9082,-1,-1,-1
3401,1,2279.00,1462.00,56.00,88.00,0.8809,-1,-1,-1
3401,2,2193.00,1147.00,62.00,88.00,0.9006,-1,-1,-1
3402,1,2279.00,1461.00,56.00,88.00,0.8786,-1,-1,-1
3402,2,2193.00,1146.00,61.00,89.00,0.8936,-1,-1,-1
3403,1,2279.00,1461.00,56.00,87.00,0.8810,-1,-1,-1
3403,2,2193.00,1145.00,61.00,90.00,0.8829,-1,-1,-1
3404,1,2279.00,1460.00,56.00,87.00,0.8823,-1,-1,-1
3404,2,2193.00,1145.00,61.00,90.00,0.8798,-1,-1,-1
3405,1,2280.00,1460.00,55.00,86.00,0.8872,-1,-1,-1
3405,2,2193.00,1143.00,61.00,92.00,0.8590,-1,-1,-1
3406,1,2280.00,1460.00,55.00,84.00,0.8768,-1,-1,-1
3406,2,2193.00,1142.00,61.00,93.00,0.8384,-1,-1,-1
3407,1,2280.00,1461.00,55.00,82.00,0.8678,-1,-1,-1
3407,2,2193.00,1143.00,58.00,90.00,0.8632,-1,-1,-1
3408,1,2281.00,1461.00,54.00,81.00,0.8677,-1,-1,-1
3408,2,2192.00,1142.00,60.00,92.00,0.8674,-1,-1,-1
3409,1,2281.00,1459.00,54.00,84.00,0.8510,-1,-1,-1
3409,2,2192.00,1142.00,60.00,91.00,0.8695,-1,-1,-1
3410,1,2281.00,1459.00,54.00,83.00,0.8677,-1,-1,-1
3410,2,2192.00,1141.00,60.00,92.00,0.8689,-1,-1,-1
3411,1,2281.00,1458.00,54.00,84.00,0.8586,-1,-1,-1
3411,2,2191.00,1140.00,60.00,90.00,0.8725,-1,-1,-1
3412,1,2281.00,1457.00,54.00,84.00,0.8524,-1,-1,-1
3412,2,2191.00,1139.00,61.00,90.00,0.8843,-1,-1,-1
3413,1,2280.00,1456.00,55.00,85.00,0.8447,-1,-1,-1
3413,2,2191.00,1138.00,61.00,91.00,0.8727,-1,-1,-1
3414,1,2280.00,1455.00,55.00,84.00,0.8382,-1,-1,-1
3414,2,2191.00,1137.00,61.00,92.00,0.8628,-1,-1,-1
3415,1,2279.00,1453.00,56.00,85.00,0.8291,-1,-1,-1
3415,2,2190.00,1136.00,61.00,91.00,0.8377,-1,-1,-1
3416,1,2279.00,1453.00,57.00,84.00,0.8453,-1,-1,-1
3416,2,2190.00,1132.00,58.00,90.00,0.8446,-1,-1,-1
3417,1,2279.00,1451.00,57.00,84.00,0.8526,-1,-1,-1
3417,2,2190.00,1131.00,58.00,91.00,0.8462,-1,-1,-1
3418,1,2279.00,1449.00,56.00,84.00,0.8363,-1,-1,-1
3418,2,2189.00,1130.00,60.00,92.00,0.8531,-1,-1,-1
3419,1,2278.00,1448.00,57.00,84.00,0.8171,-1,-1,-1
3419,2,2188.00,1129.00,61.00,94.00,0.8739,-1,-1,-1
3420,1,2277.00,1448.00,57.00,82.00,0.7859,-1,-1,-1
3420,2,2187.00,1128.00,62.00,94.00,0.8752,-1,-1,-1
3421,1,2276.00,1445.00,57.00,84.00,0.7582,-1,-1,-1
3421,2,2187.00,1128.00,60.00,91.00,0.8812,-1,-1,-1
3422,1,2276.00,1445.00,57.00,83.00,0.7780,-1,-1,-1
3422,2,2188.00,1128.00,58.00,89.00,0.8811,-1,-1,-1
3423,1,2277.00,1443.00,56.00,85.00,0.8113,-1,-1,-1
3423,2,2188.00,1127.00,57.00,91.00,0.8844,-1,-1,-1
3424,1,2277.00,1442.00,56.00,85.00,0.8291,-1,-1,-1
3424,2,2188.00,1125.00,57.00,90.00,0.8963,-1,-1,-1
3425,1,2276.00,1440.00,57.00,85.00,0.8371,-1,-1,-1
3425,2,2189.00,1125.00,55.00,89.00,0.8893,-1,-1,-1
3426,1,2276.00,1439.00,57.00,86.00,0.8399,-1,-1,-1
3426,2,2189.00,1123.00,54.00,90.00,0.8855,-1,-1,-1
3427,1,2275.00,1437.00,59.00,88.00,0.8373,-1,-1,-1
3427,2,2189.00,1122.00,53.00,91.00,0.8826,-1,-1,-1
3428,1,2275.00,1433.00,58.00,91.00,0.8174,-1,-1,-1
3428,2,2189.00,1122.00,54.00,90.00,0.8861,-1,-1,-1
3429,1,2274.00,1432.00,59.00,92.00,0.8127,-1,-1,-1
3429,2,2188.00,1122.00,55.00,90.00,0.8953,-1,-1,-1
3430,1,2274.00,1431.00,59.00,91.00,0.8088,-1,-1,-1
3430,2,2188.00,1121.00,55.00,90.00,0.8809,-1,-1,-1
3431,1,2273.00,1429.00,60.00,93.00,0.8184,-1,-1,-1
3431,2,2188.00,1120.00,54.00,89.00,0.8538,-1,-1,-1
3432,1,2272.00,1428.00,61.00,93.00,0.8130,-1,-1,-1
3432,2,2188.00,1120.00,54.00,89.00,0.8503,-1,-1,-1
3433,1,2271.00,1428.00,64.00,93.00,0.8166,-1,-1,-1
3433,2,2187.00,1121.00,53.00,85.00,0.8550,-1,-1,-1
3434,1,2271.00,1427.00,64.00,93.00,0.8478,-1,-1,-1
3434,2,2186.00,1120.00,54.00,86.00,0.8757,-1,-1,-1
3435,1,2271.00,1427.00,63.00,92.00,0.8471,-1,-1,-1
3435,2,2185.00,1120.00,56.00,87.00,0.8801,-1,-1,-1
3436,1,2271.00,1427.00,63.00,91.00,0.8430,-1,-1,-1
3436,2,2184.00,1119.00,58.00,89.00,0.8905,-1,-1,-1
3437,1,2272.00,1427.00,61.00,90.00,0.8410,-1,-1,-1
3437,2,2183.00,1117.00,59.00,90.00,0.9017,-1,-1,-1
3438,1,2272.00,1427.00,60.00,87.00,0.8339,-1,-1,-1
3438,2,2183.00,1117.00,59.00,89.00,0.8982,-1,-1,-1
3439,1,2272.00,1427.00,60.00,87.00,0.8255,-1,-1,-1
3439,2,2183.00,1115.00,58.00,89.00,0.9078,-1,-1,-1
3440,1,2273.00,1427.00,59.00,86.00,0.8219,-1,-1,-1
3440,2,2182.00,1115.00,59.00,89.00,0.9146,-1,-1,-1
3441,1,2273.00,1427.00,60.00,86.00,0.8160,-1,-1,-1
3441,2,2182.00,1114.00,58.00,89.00,0.9164,-1,-1,-1
3442,1,2274.00,1426.00,59.00,86.00,0.8086,-1,-1,-1
3442,2,2181.00,1113.00,60.00,90.00,0.9172,-1,-1,-1
3443,1,2274.00,1425.00,58.00,86.00,0.8052,-1,-1,-1
3443,2,2181.00,1113.00,59.00,89.00,0.9082,-1,-1,-1
3444,1,2274.00,1425.00,58.00,85.00,0.8204,-1,-1,-1
3444,2,2181.00,1112.00,60.00,90.00,0.9020,-1,-1,-1
3445,1,2274.00,1424.00,58.00,85.00,0.8308,-1,-1,-1
3445,2,2180.00,1111.00,60.00,91.00,0.8920,-1,-1,-1
3446,1,2274.00,1423.00,58.00,85.00,0.8184,-1,-1,-1
3446,2,2179.00,1110.00,62.00,91.00,0.8882,-1,-1,-1
3447,1,2274.00,1423.00,57.00,83.00,0.7955,-1,-1,-1
3447,2,2179.00,1109.00,61.00,91.00,0.8591,-1,-1,-1
3448,1,2274.00,1422.00,57.00,84.00,0.7585,-1,-1,-1
3448,2,2180.00,1107.00,58.00,92.00,0.8277,-1,-1,-1
3449,1,2274.00,1421.00,54.00,81.00,0.7592,-1,-1,-1
3449,2,2179.00,1107.00,55.00,87.00,0.7890,-1,-1,-1
3450,1,2275.00,1421.00,53.00,77.00,0.7680,-1,-1,-1
3450,2,2179.00,1106.00,54.00,87.00,0.8129,-1,-1,-1
3451,1,2275.00,1419.00,53.00,78.00,0.8124,-1,-1,-1
3451,2,2178.00,1106.00,56.00,87.00,0.8147,-1,-1,-1
3452,1,2275.00,1418.00,53.00,80.00,0.8198,-1,-1,-1
3452,2,2177.00,1104.00,56.00,87.00,0.8663,-1,-1,-1
3453,1,2274.00,1417.00,54.00,80.00,0.8499,-1,-1,-1
3453,2,2175.00,1103.00,60.00,88.00,0.8895,-1,-1,-1
3454,1,2273.00,1417.00,54.00,79.00,0.8651,-1,-1,-1
3454,2,2175.00,1101.00,60.00,91.00,0.9022,-1,-1,-1
3455,1,2272.00,1416.00,55.00,80.00,0.8840,-1,-1,-1
3455,2,2174.00,1101.00,60.00,91.00,0.9130,-1,-1,-1
3456,1,2272.00,1413.00,55.00,83.00,0.8933,-1,-1,-1
3456,2,2174.00,1101.00,60.00,90.00,0.9233,-1,-1,-1
3457,1,2271.00,1413.00,56.00,83.00,0.8873,-1,-1,-1
3457,2,2174.00,1100.00,61.00,92.00,0.9135,-1,-1,-1
3458,1,2271.00,1411.00,56.00,84.00,0.8711,-1,-1,-1
3458,2,2174.00,1100.00,61.00,92.00,0.9173,-1,-1,-1
3459,1,2271.00,1410.00,56.00,85.00,0.8661,-1,-1,-1
3459,2,2174.00,1100.00,61.00,91.00,0.9193,-1,-1,-1
3460,1,2271.00,1410.00,57.00,85.00,0.8496,-1,-1,-1
3460,2,2174.00,1100.00,61.00,89.00,0.9283,-1,-1,-1
3461,1,2270.00,1408.00,58.00,86.00,0.8181,-1,-1,-1
3461,2,2173.00,1099.00,62.00,90.00,0.9301,-1,-1,-1
3462,1,2269.00,1408.00,59.00,87.00,0.7985,-1,-1,-1
3462,2,2173.00,1099.00,61.00,90.00,0.9297,-1,-1,-1
3463,1,2269.00,1407.00,60.00,87.00,0.8259,-1,-1,-1
3463,2,2173.00,1098.00,61.00,90.00,0.9249,-1,-1,-1
3464,1,2270.00,1406.00,59.00,88.00,0.8283,-1,-1,-1
3464,2,2173.00,1097.00,60.00,90.00,0.9104,-1,-1,-1
3465,1,2270.00,1405.00,60.00,89.00,0.8395,-1,-1,-1
3465,2,2172.00,1096.00,61.00,91.00,0.9035,-1,-1,-1
3466,1,2270.00,1404.00,60.00,90.00,0.8661,-1,-1,-1
3466,2,2172.00,1095.00,60.00,91.00,0.8888,-1,-1,-1
3467,1,2270.00,1403.00,59.00,88.00,0.8853,-1,-1,-1
3467,2,2173.00,1098.00,57.00,85.00,0.8519,-1,-1,-1
3468,1,2269.00,1401.00,61.00,88.00,0.8870,-1,-1,-1
3468,2,2173.00,1097.00,57.00,86.00,0.8674,-1,-1,-1
3469,1,2268.00,1398.00,61.00,88.00,0.8794,-1,-1,-1
3469,2,2172.00,1096.00,58.00,86.00,0.8797,-1,-1,-1
3470,1,2267.00,1396.00,63.00,89.00,0.8822,-1,-1,-1
3470,2,2171.00,1095.00,59.00,86.00,0.8803,-1,-1,-1
3471,1,2266.00,1396.00,64.00,88.00,0.8688,-1,-1,-1
3471,2,2170.00,1094.00,59.00,87.00,0.8873,-1,-1,-1
3472,1,2266.00,1397.00,63.00,84.00,0.8691,-1,-1,-1
3472,2,2170.00,1093.00,60.00,88.00,0.8946,-1,-1,-1
3473,1,2265.00,1396.00,64.00,84.00,0.8939,-1,-1,-1
3473,2,2170.00,1092.00,59.00,88.00,0.8937,-1,-1,-1
3474,1,2266.00,1396.00,63.00,84.00,0.8931,-1,-1,-1
3474,2,2169.00,1091.00,60.00,88.00,0.8829,-1,-1,-1
3475,1,2266.00,1396.00,63.00,84.00,0.9015,-1,-1,-1
3475,2,2169.00,1090.00,59.00,87.00,0.8644,-1,-1,-1
3476,1,2266.00,1395.00,63.00,85.00,0.8975,-1,-1,-1
3476,2,2170.00,1089.00,58.00,87.00,0.8475,-1,-1,-1
3477,1,2266.00,1396.00,62.00,83.00,0.8897,-1,-1,-1
3477,2,2169.00,1085.00,58.00,88.00,0.8510,-1,-1,-1
3478,1,2266.00,1395.00,62.00,84.00,0.8927,-1,-1,-1
3478,2,2169.00,1084.00,57.00,87.00,0.8470,-1,-1,-1
3479,1,2267.00,1394.00,60.00,83.00,0.8871,-1,-1,-1
3479,2,2169.00,1083.00,57.00,87.00,0.8530,-1,-1,-1
3480,1,2267.00,1393.00,59.00,82.00,0.8798,-1,-1,-1
3480,2,2168.00,1082.00,58.00,87.00,0.8561,-1,-1,-1
3481,1,2267.00,1392.00,59.00,81.00,0.8796,-1,-1,-1
3481,2,2168.00,1082.00,58.00,85.00,0.8573,-1,-1,-1
3482,1,2267.00,1392.00,57.00,79.00,0.8544,-1,-1,-1
3482,2,2168.00,1081.00,58.00,85.00,0.8625,-1,-1,-1
3483,1,2268.00,1391.00,55.00,78.00,0.8192,-1,-1,-1
3483,2,2167.00,1081.00,59.00,85.00,0.8761,-1,-1,-1
3484,1,2268.00,1390.00,54.00,78.00,0.7328,-1,-1,-1
3484,2,2166.00,1080.00,60.00,84.00,0.8591,-1,-1,-1
3485,1,2267.00,1388.00,54.00,79.00,0.7329,-1,-1,-1
3485,2,2165.00,1079.00,62.00,84.00,0.8493,-1,-1,-1
3486,1,2267.00,1388.00,53.00,78.00,0.7405,-1,-1,-1
3486,2,2165.00,1078.00,61.00,85.00,0.8442,-1,-1,-1
3487,1,2266.00,1387.00,54.00,79.00,0.7521,-1,-1,-1
3487,2,2166.00,1076.00,58.00,87.00,0.8469,-1,-1,-1
3488,1,2268.00,1386.00,50.00,77.00,0.7398,-1,-1,-1
3488,2,2165.00,1076.00,59.00,86.00,0.8598,-1,-1,-1
3489,1,2269.00,1386.00,49.00,74.00,0.7599,-1,-1,-1
3489,2,2165.00,1076.00,59.00,87.00,0.8730,-1,-1,-1
3490,1,2269.00,1386.00,49.00,74.00,0.7909,-1,-1,-1
3490,2,2164.00,1076.00,60.00,86.00,0.9003,-1,-1,-1
3491,1,2269.00,1385.00,48.00,74.00,0.8046,-1,-1,-1
3491,2,2164.00,1076.00,60.00,86.00,0.8974,-1,-1,-1
3492,1,2269.00,1384.00,49.00,74.00,0.8322,-1,-1,-1
3492,2,2163.00,1075.00,60.00,87.00,0.9037,-1,-1,-1
3493,1,2268.00,1383.00,49.00,74.00,0.8436,-1,-1,-1
3493,2,2162.00,1075.00,61.00,86.00,0.8989,-1,-1,-1
3494,1,2268.00,1382.00,49.00,76.00,0.8466,-1,-1,-1
3494,2,2160.00,1075.00,64.00,87.00,0.8970,-1,-1,-1
3495,1,2268.00,1382.00,49.00,75.00,0.8452,-1,-1,-1
3495,2,2159.00,1075.00,64.00,85.00,0.8739,-1,-1,-1
3496,1,2267.00,1381.00,50.00,76.00,0.8562,-1,-1,-1
3496,2,2158.00,1074.00,64.00,86.00,0.8786,-1,-1,-1
3497,1,2267.00,1380.00,50.00,75.00,0.8504,-1,-1,-1
3497,2,2157.00,1073.00,65.00,86.00,0.8742,-1,-1,-1
3498,1,2266.00,1379.00,51.00,74.00,0.8514,-1,-1,-1
3498,2,2156.00,1072.00,66.00,88.00,0.8703,-1,-1,-1
3499,1,2265.00,1377.00,52.00,75.00,0.8441,-1,-1,-1
3499,2,2155.00,1071.00,66.00,89.00,0.8605,-1,-1,-1
3500,1,2265.00,1376.00,52.00,75.00,0.8317,-1,-1,-1
3500,2,2154.00,1069.00,67.00,90.00,0.8582,-1,-1,-1
3501,1,2264.00,1375.00,52.00,74.00,0.8197,-1,-1,-1
3501,2,2154.00,1069.00,66.00,88.00,0.8405,-1,-1,-1
3502,1,2263.00,1373.00,53.00,76.00,0.8313,-1,-1,-1
3502,2,2153.00,1068.00,67.00,87.00,0.8369,-1,-1,-1
3503,1,2262.00,1371.00,54.00,77.00,0.8441,-1,-1,-1
3503,2,2151.00,1067.00,69.00,88.00,0.8367,-1,-1,-1
3504,1,2261.00,1370.00,55.00,78.00,0.8647,-1,-1,-1
3504,2,2150.00,1066.00,72.00,89.00,0.8560,-1,-1,-1
3505,1,2260.00,1369.00,56.00,79.00,0.8716,-1,-1,-1
3505,2,2151.00,1066.00,71.00,88.00,0.8717,-1,-1,-1
3506,1,2260.00,1368.00,57.00,79.00,0.8728,-1,-1,-1
3506,2,2152.00,1066.00,70.00,89.00,0.8831,-1,-1,-1
3507,1,2259.00,1367.00,57.00,80.00,0.8623,-1,-1,-1
3507,2,2152.00,1065.00,70.00,89.00,0.8907,-1,-1,-1
3508,1,2259.00,1367.00,57.00,79.00,0.8606,-1,-1,-1
3508,2,2152.00,1063.00,70.00,90.00,0.8926,-1,-1,-1
3509,1,2259.00,1365.00,56.00,80.00,0.8502,-1,-1,-1
3509,2,2152.00,1063.00,70.00,90.00,0.8817,-1,-1,-1
3510,1,2259.00,1364.00,56.00,80.00,0.8564,-1,-1,-1
3510,2,2152.00,1062.00,71.00,91.00,0.8701,-1,-1,-1
3511,1,2259.00,1362.00,55.00,81.00,0.8446,-1,-1,-1
3511,2,2152.00,1061.00,71.00,91.00,0.8714,-1,-1,-1
3512,1,2259.00,1362.00,55.00,80.00,0.8416,-1,-1,-1
3512,2,2152.00,1059.00,71.00,92.00,0.8672,-1,-1,-1
3513,1,2258.00,1362.00,56.00,81.00,0.8509,-1,-1,-1
3513,2,2152.00,1059.00,70.00,92.00,0.8559,-1,-1,-1
3514,1,2259.00,1362.00,56.00,81.00,0.8350,-1,-1,-1
3514,2,2152.00,1059.00,70.00,91.00,0.8307,-1,-1,-1
3515,1,2258.00,1362.00,57.00,81.00,0.8453,-1,-1,-1
3515,2,2151.00,1058.00,70.00,91.00,0.8428,-1,-1,-1
3516,1,2258.00,1361.00,57.00,81.00,0.8374,-1,-1,-1
3516,2,2151.00,1057.00,70.00,91.00,0.8546,-1,-1,-1
3517,1,2257.00,1360.00,58.00,82.00,0.8389,-1,-1,-1
3517,2,2150.00,1056.00,70.00,91.00,0.8662,-1,-1,-1
3518,1,2256.00,1359.00,60.00,85.00,0.8462,-1,-1,-1
3518,2,2150.00,1055.00,70.00,90.00,0.8711,-1,-1,-1
3519,1,2255.00,1358.00,61.00,85.00,0.8365,-1,-1,-1
3519,2,2150.00,1054.00,69.00,90.00,0.8679,-1,-1,-1
3520,1,2254.00,1358.00,63.00,84.00,0.8467,-1,-1,-1
3520,2,2150.00,1053.00,69.00,92.00,0.8638,-1,-1,-1
3521,1,2254.00,1357.00,63.00,84.00,0.8530,-1,-1,-1
3521,2,2149.00,1053.00,70.00,92.00,0.8614,-1,-1,-1
3522,1,2253.00,1356.00,63.00,83.00,0.8593,-1,-1,-1
3522,2,2148.00,1053.00,72.00,92.00,0.8414,-1,-1,-1
3523,1,2253.00,1354.00,63.00,84.00,0.8570,-1,-1,-1
3523,2,2148.00,1052.00,72.00,93.00,0.8298,-1,-1,-1
3524,1,2253.00,1353.00,63.00,85.00,0.8597,-1,-1,-1
3524,2,2149.00,1050.00,68.00,93.00,0.8276,-1,-1,-1
3525,1,2253.00,1352.00,62.00,84.00,0.8489,-1,-1,-1
3525,2,2149.00,1050.00,67.00,91.00,0.8146,-1,-1,-1
3526,1,2253.00,1352.00,61.00,83.00,0.8327,-1,-1,-1
3526,2,2148.00,1050.00,69.00,92.00,0.8302,-1,-1,-1
3527,1,2253.00,1352.00,60.00,82.00,0.8107,-1,-1,-1
3527,2,2147.00,1050.00,69.00,92.00,0.8436,-1,-1,-1
3528,1,2253.00,1351.00,59.00,82.00,0.7909,-1,-1,-1
3528,2,2147.00,1049.00,68.00,92.00,0.8477,-1,-1,-1
3529,1,2252.00,1350.00,60.00,82.00,0.8233,-1,-1,-1
3529,2,2146.00,1049.00,68.00,92.00,0.8543,-1,-1,-1
3530,1,2252.00,1350.00,59.00,80.00,0.8491,-1,-1,-1
3530,2,2145.00,1050.00,68.00,91.00,0.8687,-1,-1,-1
3531,1,2252.00,1349.00,59.00,80.00,0.8542,-1,-1,-1
3531,2,2145.00,1050.00,68.00,91.00,0.8885,-1,-1,-1
3532,1,2252.00,1349.00,58.00,78.00,0.8511,-1,-1,-1
3532,2,2145.00,1049.00,67.00,91.00,0.8946,-1,-1,-1
3533,1,2251.00,1349.00,60.00,78.00,0.8561,-1,-1,-1
3533,2,2145.00,1048.00,68.00,91.00,0.8849,-1,-1,-1
3534,1,2251.00,1349.00,59.00,77.00,0.8405,-1,-1,-1
3534,2,2144.00,1047.00,69.00,92.00,0.8564,-1,-1,-1
3535,1,2250.00,1348.00,60.00,77.00,0.8343,-1,-1,-1
3535,2,2142.00,1045.00,69.00,93.00,0.8465,-1,-1,-1
3536,1,2250.00,1346.00,59.00,79.00,0.8389,-1,-1,-1
3536,2,2141.00,1044.00,70.00,94.00,0.8542,-1,-1,-1
3537,1,2249.00,1345.00,60.00,80.00,0.8416,-1,-1,-1
3537,2,2141.00,1043.00,70.00,94.00,0.8566,-1,-1,-1
3538,1,2248.00,1344.00,61.00,81.00,0.8460,-1,-1,-1
3538,2,2140.00,1042.00,73.00,95.00,0.8602,-1,-1,-1
3539,1,2248.00,1342.00,61.00,82.00,0.8584,-1,-1,-1
3539,2,2141.00,1043.00,74.00,92.00,0.8684,-1,-1,-1
3540,1,2248.00,1340.00,61.00,83.00,0.8679,-1,-1,-1
3540,2,2141.00,1043.00,74.00,92.00,0.8727,-1,-1,-1
3541,1,2248.00,1339.00,60.00,81.00,0.8708,-1,-1,-1
3541,2,2140.00,1042.00,75.00,92.00,0.8882,-1,-1,-1
3542,1,2248.00,1337.00,59.00,82.00,0.8585,-1,-1,-1
3542,2,2139.00,1041.00,76.00,91.00,0.8904,-1,-1,-1
3543,1,2247.00,1337.00,59.00,80.00,0.8618,-1,-1,-1
3543,2,2138.00,1040.00,75.00,90.00,0.8934,-1,-1,-1
3544,1,2247.00,1335.00,58.00,79.00,0.8892,-1,-1,-1
3544,2,2139.00,1038.00,71.00,90.00,0.9044,-1,-1,-1
3545,1,2247.00,1334.00,57.00,79.00,0.8820,-1,-1,-1
3545,2,2138.00,1037.00,70.00,89.00,0.9056,-1,-1,-1
3546,1,2246.00,1333.00,58.00,79.00,0.8733,-1,-1,-1
3546,2,2138.00,1036.00,69.00,88.00,0.9018,-1,-1,-1
3547,1,2245.00,1331.00,58.00,80.00,0.8732,-1,-1,-1
3547,2,2138.00,1036.00,67.00,86.00,0.9006,-1,-1,-1
3548,1,2245.00,1330.00,58.00,80.00,0.8723,-1,-1,-1
3548,2,2137.00,1036.00,68.00,86.00,0.9026,-1,-1,-1
3549,1,2244.00,1329.00,59.00,80.00,0.8546,-1,-1,-1
3549,2,2137.00,1035.00,67.00,86.00,0.9017,-1,-1,-1
3550,1,2245.00,1327.00,56.00,80.00,0.8294,-1,-1,-1
3550,2,2137.00,1033.00,67.00,86.00,0.8963,-1,-1,-1
3551,1,2245.00,1326.00,56.00,80.00,0.8299,-1,-1,-1
3551,2,2136.00,1032.00,68.00,87.00,0.8921,-1,-1,-1
3552,1,2244.00,1326.00,57.00,77.00,0.8542,-1,-1,-1
3552,2,2136.00,1032.00,68.00,87.00,0.8909,-1,-1,-1
3553,1,2244.00,1325.00,57.00,77.00,0.8623,-1,-1,-1
3553,2,2136.00,1031.00,67.00,86.00,0.8675,-1,-1,-1
3554,1,2243.00,1324.00,57.00,77.00,0.8633,-1,-1,-1
3554,2,2136.00,1030.00,67.00,88.00,0.8639,-1,-1,-1
3555,1,2243.00,1323.00,57.00,78.00,0.8651,-1,-1,-1
3555,2,2136.00,1029.00,67.00,88.00,0.8565,-1,-1,-1
3556,1,2242.00,1323.00,58.00,78.00,0.8503,-1,-1,-1
3556,2,2135.00,1028.00,67.00,88.00,0.8433,-1,-1,-1
3557,1,2242.00,1323.00,57.00,78.00,0.8445,-1,-1,-1
3557,2,2135.00,1028.00,67.00,88.00,0.8410,-1,-1,-1
3558,1,2242.00,1322.00,57.00,79.00,0.8439,-1,-1,-1
3558,2,2135.00,1028.00,67.00,87.00,0.8314,-1,-1,-1
3559,1,2241.00,1322.00,57.00,78.00,0.8390,-1,-1,-1
3559,2,2135.00,1027.00,66.00,89.00,0.8154,-1,-1,-1
3560,1,2240.00,1319.00,58.00,81.00,0.8396,-1,-1,-1
3560,2,2136.00,1026.00,63.00,88.00,0.7991,-1,-1,-1
3561,1,2240.00,1318.00,58.00,82.00,0.8395,-1,-1,-1
3561,2,2135.00,1025.00,64.00,89.00,0.7939,-1,-1,-1
3562,1,2240.00,1318.00,57.00,81.00,0.8397,-1,-1,-1
3562,2,2133.00,1025.00,66.00,88.00,0.7953,-1,-1,-1
3563,1,2239.00,1317.00,58.00,81.00,0.8449,-1,-1,-1
3563,2,2133.00,1024.00,66.00,88.00,0.7879,-1,-1,-1
3564,1,2239.00,1317.00,58.00,81.00,0.8465,-1,-1,-1
3564,2,2133.00,1024.00,65.00,87.00,0.8120,-1,-1,-1
3565,1,2238.00,1317.00,59.00,81.00,0.8487,-1,-1,-1
3565,2,2132.00,1023.00,65.00,86.00,0.8247,-1,-1,-1
3566,1,2237.00,1316.00,61.00,83.00,0.8521,-1,-1,-1
3566,2,2132.00,1023.00,65.00,85.00,0.8385,-1,-1,-1
3567,1,2237.00,1316.00,61.00,83.00,0.8551,-1,-1,-1
3567,2,2131.00,1022.00,65.00,85.00,0.8289,-1,-1,-1
3568,1,2237.00,1314.00,60.00,84.00,0.8513,-1,-1,-1
3568,2,2131.00,1022.00,64.00,84.00,0.8365,-1,-1,-1
3569,1,2238.00,1313.00,58.00,84.00,0.8404,-1,-1,-1
3569,2,2131.00,1021.00,62.00,84.00,0.8283,-1,-1,-1
3570,1,2237.00,1312.00,57.00,83.00,0.8384,-1,-1,-1
3570,2,2131.00,1021.00,62.00,83.00,0.8346,-1,-1,-1
3571,1,2238.00,1311.00,56.00,83.00,0.8435,-1,-1,-1
3571,2,2129.00,1020.00,64.00,85.00,0.8439,-1,-1,-1
3572,1,2237.00,1310.00,57.00,82.00,0.8540,-1,-1,-1
3572,2,2128.00,1020.00,66.00,85.00,0.8507,-1,-1,-1
3573,1,2238.00,1310.00,56.00,82.00,0.8508,-1,-1,-1
3573,2,2127.00,1019.00,67.00,86.00,0.8414,-1,-1,-1
3574,1,2238.00,1309.00,56.00,81.00,0.8497,-1,-1,-1
3574,2,2128.00,1018.00,62.00,81.00,0.8372,-1,-1,-1
3575,1,2237.00,1307.00,56.00,82.00,0.8597,-1,-1,-1
3575,2,2127.00,1017.00,63.00,81.00,0.8459,-1,-1,-1
3576,1,2236.00,1305.00,57.00,82.00,0.8647,-1,-1,-1
3576,2,2126.00,1016.00,64.00,81.00,0.8362,-1,-1,-1
3577,1,2236.00,1304.00,56.00,81.00,0.8510,-1,-1,-1
3577,2,2125.00,1015.00,65.00,81.00,0.8357,-1,-1,-1
3578,1,2235.00,1303.00,57.00,82.00,0.8417,-1,-1,-1
3578,2,2123.00,1014.00,67.00,84.00,0.8254,-1,-1,-1
3579,1,2234.00,1302.00,58.00,82.00,0.8358,-1,-1,-1
3579,2,2122.00,1013.00,67.00,82.00,0.8454,-1,-1,-1
3580,1,2233.00,1302.00,61.00,79.00,0.8616,-1,-1,-1
3580,2,2121.00,1012.00,68.00,82.00,0.8588,-1,-1,-1
3581,1,2233.00,1300.00,61.00,81.00,0.8720,-1,-1,-1
3581,2,2121.00,1011.00,66.00,82.00,0.8632,-1,-1,-1
3582,1,2233.00,1300.00,61.00,81.00,0.8767,-1,-1,-1
3582,2,2121.00,1009.00,65.00,83.00,0.8566,-1,-1,-1
3583,1,2233.00,1300.00,61.00,81.00,0.8802,-1,-1,-1
3583,2,2121.00,1008.00,65.00,84.00,0.8540,-1,-1,-1
3584,1,2233.00,1300.00,60.00,82.00,0.8752,-1,-1,-1
3584,2,2119.00,1007.00,68.00,86.00,0.8630,-1,-1,-1
3585,1,2233.00,1299.00,61.00,83.00,0.8830,-1,-1,-1
3585,2,2118.00,1006.00,70.00,88.00,0.8660,-1,-1,-1
3586,1,2233.00,1299.00,61.00,82.00,0.8903,-1,-1,-1
3586,2,2117.00,1006.00,70.00,87.00,0.8629,-1,-1,-1
3587,1,2233.00,1299.00,61.00,83.00,0.8746,-1,-1,-1
3587,2,2117.00,1006.00,66.00,84.00,0.8518,-1,-1,-1
3588,1,2232.00,1299.00,62.00,84.00,0.8716,-1,-1,-1
3588,2,2116.00,1005.00,66.00,83.00,0.8502,-1,-1,-1
3589,1,2231.00,1299.00,63.00,83.00,0.8833,-1,-1,-1
3589,2,2115.00,1003.00,66.00,84.00,0.8568,-1,-1,-1
3590,1,2231.00,1299.00,63.00,82.00,0.8837,-1,-1,-1
3590,2,2114.00,1002.00,67.00,84.00,0.8576,-1,-1,-1
3591,1,2231.00,1298.00,63.00,82.00,0.8845,-1,-1,-1
3591,2,2115.00,1002.00,65.00,82.00,0.8551,-1,-1,-1
3592,1,2230.00,1297.00,63.00,83.00,0.8901,-1,-1,-1
3592,2,2115.00,1000.00,66.00,84.00,0.8508,-1,-1,-1
3593,1,2230.00,1297.00,62.00,81.00,0.8891,-1,-1,-1
3593,2,2116.00,1000.00,63.00,80.00,0.8518,-1,-1,-1
3594,1,2230.00,1296.00,61.00,82.00,0.8847,-1,-1,-1
3594,2,2116.00,999.00,63.00,81.00,0.8516,-1,-1,-1
3595,1,2230.00,1295.00,60.00,82.00,0.8777,-1,-1,-1
3595,2,2116.00,999.00,63.00,80.00,0.8518,-1,-1,-1
3596,1,2229.00,1293.00,60.00,82.00,0.8581,-1,-1,-1
3596,2,2115.00,999.00,64.00,81.00,0.8531,-1,-1,-1
3597,1,2230.00,1290.00,55.00,83.00,0.8386,-1,-1,-1
3597,2,2114.00,998.00,65.00,82.00,0.8658,-1,-1,-1
3598,1,2229.00,1289.00,56.00,83.00,0.8438,-1,-1,-1
3598,2,2114.00,998.00,64.00,81.00,0.8654,-1,-1,-1
3599,1,2229.00,1289.00,55.00,82.00,0.8403,-1,-1,-1
3599,2,2114.00,998.00,64.00,81.00,0.8704,-1,-1,-1
3600,1,2229.00,1288.00,54.00,82.00,0.8260,-1,-1,-1
3600,2,2114.00,998.00,64.00,81.00,0.8692,-1,-1,-1
3601,1,2228.00,1287.00,55.00,82.00,0.8144,-1,-1,-1
3601,2,2113.00,998.00,66.00,80.00,0.8769,-1,-1,-1
3602,1,2228.00,1287.00,55.00,80.00,0.8244,-1,-1,-1
3602,2,2112.00,997.00,67.00,80.00,0.8839,-1,-1,-1
3603,1,2228.00,1287.00,54.00,78.00,0.8424,-1,-1,-1
3603,2,2111.00,997.00,68.00,80.00,0.8778,-1,-1,-1
3604,1,2228.00,1286.00,54.00,78.00,0.8456,-1,-1,-1
3604,2,2111.00,996.00,67.00,82.00,0.8796,-1,-1,-1
3605,1,2227.00,1285.00,55.00,77.00,0.8597,-1,-1,-1
3605,2,2110.00,996.00,68.00,81.00,0.8784,-1,-1,-1
3606,1,2227.00,1284.00,53.00,77.00,0.8605,-1,-1,-1
3606,2,2109.00,996.00,68.00,81.00,0.8580,-1,-1,-1
3607,1,2227.00,1284.00,53.00,75.00,0.8379,-1,-1,-1
3607,2,2108.00,996.00,69.00,81.00,0.8437,-1,-1,-1
3608,1,2226.00,1282.00,54.00,75.00,0.7726,-1,-1,-1
3608,2,2108.00,997.00,68.00,79.00,0.8478,-1,-1,-1
3609,1,2225.00,1281.00,54.00,73.00,0.8109,-1,-1,-1
3609,2,2107.00,996.00,69.00,80.00,0.8377,-1,-1,-1
3610,1,2224.00,1279.00,56.00,73.00,0.8488,-1,-1,-1
3610,2,2106.00,996.00,70.00,79.00,0.8293,-1,-1,-1
3611,1,2223.00,1278.00,57.00,74.00,0.8605,-1,-1,-1
3611,2,2106.00,995.00,69.00,80.00,0.7927,-1,-1,-1
3612,1,2223.00,1278.00,56.00,71.00,0.8557,-1,-1,-1
3612,2,2105.00,994.00,70.00,81.00,0.7722,-1,-1,-1
3613,1,2224.00,1278.00,54.00,71.00,0.8538,-1,-1,-1
3613,2,2105.00,991.00,69.00,84.00,0.7748,-1,-1,-1
3614,1,2223.00,1277.00,55.00,73.00,0.8588,-1,-1,-1
3614,2,2105.00,990.00,69.00,85.00,0.7875,-1,-1,-1
3615,1,2223.00,1278.00,55.00,72.00,0.8628,-1,-1,-1
3615,2,2104.00,990.00,71.00,85.00,0.7994,-1,-1,-1
3616,1,2222.00,1278.00,56.00,72.00,0.8574,-1,-1,-1
3616,2,2104.00,989.00,71.00,85.00,0.8099,-1,-1,-1
3617,1,2223.00,1278.00,55.00,73.00,0.8460,-1,-1,-1
3617,2,2103.00,988.00,73.00,86.00,0.8171,-1,-1,-1
3618,1,2223.00,1277.00,55.00,74.00,0.8451,-1,-1,-1
3618,2,2102.00,987.00,74.00,87.00,0.8184,-1,-1,-1
3619,1,2223.00,1276.00,55.00,74.00,0.8492,-1,-1,-1
3619,2,2102.00,986.00,73.00,87.00,0.8411,-1,-1,-1
3620,1,2223.00,1276.00,54.00,73.00,0.8515,-1,-1,-1
3620,2,2102.00,985.00,73.00,87.00,0.8469,-1,-1,-1
3621,1,2222.00,1276.00,56.00,73.00,0.8502,-1,-1,-1
3621,2,2102.00,984.00,73.00,87.00,0.8545,-1,-1,-1
3622,1,2222.00,1274.00,54.00,74.00,0.8245,-1,-1,-1
3622,2,2101.00,983.00,73.00,87.00,0.8573,-1,-1,-1
3623,1,2219.00,1269.00,56.00,78.00,0.7782,-1,-1,-1
3623,2,2101.00,983.00,72.00,86.00,0.8477,-1,-1,-1
3624,1,2218.00,1267.00,57.00,79.00,0.7934,-1,-1,-1
3624,2,2100.00,980.00,73.00,89.00,0.8554,-1,-1,-1
3625,1,2218.00,1265.00,56.00,81.00,0.7969,-1,-1,-1
3625,2,2100.00,980.00,71.00,88.00,0.8733,-1,-1,-1
3626,1,2217.00,1263.00,56.00,82.00,0.8104,-1,-1,-1
3626,2,2099.00,978.00,73.00,89.00,0.8832,-1,-1,-1
3627,1,2218.00,1263.00,55.00,80.00,0.8324,-1,-1,-1
3627,2,2098.00,978.00,73.00,89.00,0.8872,-1,-1,-1
3628,1,2218.00,1262.00,54.00,80.00,0.8455,-1,-1,-1
3628,2,2098.00,977.00,72.00,89.00,0.8932,-1,-1,-1
3629,1,2218.00,1261.00,54.00,80.00,0.8603,-1,-1,-1
3629,2,2097.00,977.00,72.00,87.00,0.8873,-1,-1,-1
3630,1,2217.00,1261.00,54.00,79.00,0.8686,-1,-1,-1
3630,2,2096.00,976.00,72.00,87.00,0.8798,-1,-1,-1
3631,1,2218.00,1260.00,54.00,80.00,0.8764,-1,-1,-1
3631,2,2096.00,976.00,72.00,87.00,0.8763,-1,-1,-1
3632,1,2218.00,1260.00,55.00,80.00,0.8808,-1,-1,-1
3632,2,2096.00,975.00,72.00,87.00,0.8733,-1,-1,-1
3633,1,2218.00,1259.00,55.00,79.00,0.8819,-1,-1,-1
3633,2,2095.00,975.00,73.00,86.00,0.8695,-1,-1,-1
3634,1,2218.00,1257.00,54.00,81.00,0.8764,-1,-1,-1
3634,2,2095.00,975.00,72.00,85.00,0.8606,-1,-1,-1
3635,1,2217.00,1255.00,54.00,80.00,0.8726,-1,-1,-1
3635,2,2093.00,974.00,73.00,84.00,0.8746,-1,-1,-1
3636,1,2216.00,1254.00,55.00,80.00,0.8740,-1,-1,-1
3636,2,2094.00,973.00,70.00,82.00,0.8815,-1,-1,-1
3637,1,2216.00,1252.00,54.00,81.00,0.8638,-1,-1,-1
3637,2,2093.00,973.00,70.00,81.00,0.8820,-1,-1,-1
3638,1,2217.00,1252.00,54.00,77.00,0.8561,-1,-1,-1
3638,2,2091.00,971.00,73.00,84.00,0.8887,-1,-1,-1
3639,1,2217.00,1251.00,54.00,76.00,0.8750,-1,-1,-1
3639,2,2092.00,971.00,72.00,83.00,0.8864,-1,-1,-1
3640,1,2217.00,1250.00,54.00,76.00,0.8961,-1,-1,-1
3640,2,2091.00,970.00,73.00,85.00,0.8872,-1,-1,-1
3641,1,2217.00,1250.00,53.00,76.00,0.9018,-1,-1,-1
3641,2,2091.00,969.00,73.00,85.00,0.8967,-1,-1,-1
3642,1,2216.00,1249.00,54.00,78.00,0.9089,-1,-1,-1
3642,2,2091.00,968.00,72.00,85.00,0.8973,-1,-1,-1
3643,1,2216.00,1247.00,54.00,80.00,0.9077,-1,-1,-1
3643,2,2090.00,967.00,72.00,85.00,0.8942,-1,-1,-1
3644,1,2216.00,1247.00,53.00,78.00,0.8915,-1,-1,-1
3644,2,2089.00,966.00,72.00,86.00,0.9015,-1,-1,-1
3645,1,2215.00,1246.00,54.00,79.00,0.8832,-1,-1,-1
3645,2,2088.00,966.00,71.00,84.00,0.9064,-1,-1,-1
3646,1,2213.00,1244.00,56.00,80.00,0.8545,-1,-1,-1
3646,2,2088.00,964.00,69.00,83.00,0.9109,-1,-1,-1
3647,1,2213.00,1243.00,55.00,79.00,0.8475,-1,-1,-1
3647,2,2087.00,962.00,70.00,83.00,0.9078,-1,-1,-1
3648,1,2213.00,1243.00,56.00,77.00,0.8597,-1,-1,-1
3648,2,2086.00,960.00,70.00,84.00,0.8981,-1,-1,-1
3649,1,2213.00,1241.00,55.00,78.00,0.8694,-1,-1,-1
3649,2,2085.00,958.00,71.00,86.00,0.8788,-1,-1,-1
3650,1,2213.00,1239.00,56.00,79.00,0.8834,-1,-1,-1
3650,2,2084.00,956.00,70.00,85.00,0.8747,-1,-1,-1
3651,1,2212.00,1237.00,57.00,79.00,0.8830,-1,-1,-1
3651,2,2082.00,954.00,72.00,86.00,0.8655,-1,-1,-1
3652,1,2213.00,1237.00,56.00,78.00,0.8735,-1,-1,-1
3652,2,2083.00,952.00,70.00,85.00,0.8813,-1,-1,-1
3653,1,2212.00,1235.00,56.00,80.00,0.8725,-1,-1,-1
3653,2,2083.00,950.00,70.00,85.00,0.8921,-1,-1,-1
3654,1,2212.00,1234.00,56.00,79.00,0.8783,-1,-1,-1
3654,2,2081.00,947.00,74.00,88.00,0.8749,-1,-1,-1
3655,1,2212.00,1231.00,55.00,80.00,0.8671,-1,-1,-1
3655,2,2080.00,945.00,75.00,89.00,0.8785,-1,-1,-1
3656,1,2212.00,1229.00,56.00,79.00,0.8751,-1,-1,-1
3656,2,2080.00,943.00,75.00,89.00,0.8618,-1,-1,-1
3657,1,2212.00,1226.00,55.00,77.00,0.9045,-1,-1,-1
3657,2,2081.00,940.00,72.00,90.00,0.8436,-1,-1,-1
3658,1,2212.00,1224.00,55.00,77.00,0.9061,-1,-1,-1
3658,2,2082.00,938.00,71.00,89.00,0.8469,-1,-1,-1
3659,1,2211.00,1221.00,55.00,78.00,0.8806,-1,-1,-1
3659,2,2082.00,937.00,72.00,87.00,0.8454,-1,-1,-1
3660,1,2212.00,1219.00,54.00,80.00,0.8886,-1,-1,-1
3660,2,2082.00,935.00,72.00,88.00,0.8543,-1,-1,-1
3661,1,2211.00,1218.00,55.00,79.00,0.8864,-1,-1,-1
3661,2,2081.00,933.00,74.00,87.00,0.8652,-1,-1,-1
3662,1,2211.00,1217.00,56.00,78.00,0.8670,-1,-1,-1
3662,2,2080.00,931.00,75.00,87.00,0.8641,-1,-1,-1
3663,1,2210.00,1216.00,57.00,75.00,0.8684,-1,-1,-1
3663,2,2080.00,928.00,73.00,88.00,0.8656,-1,-1,-1
3664,1,2210.00,1214.00,58.00,75.00,0.8714,-1,-1,-1
3664,2,2079.00,926.00,74.00,88.00,0.8775,-1,-1,-1
3665,1,2209.00,1210.00,57.00,78.00,0.8319,-1,-1,-1
3665,2,2078.00,925.00,76.00,88.00,0.8816,-1,-1,-1
3666,1,2208.00,1208.00,58.00,77.00,0.8193,-1,-1,-1
3666,2,2077.00,922.00,77.00,89.00,0.8767,-1,-1,-1
3667,1,2208.00,1206.00,56.00,75.00,0.8418,-1,-1,-1
3667,2,2077.00,921.00,76.00,88.00,0.8562,-1,-1,-1
3668,1,2208.00,1204.00,55.00,75.00,0.8648,-1,-1,-1
3668,2,2076.00,920.00,75.00,87.00,0.8169,-1,-1,-1
3669,1,2208.00,1202.00,55.00,75.00,0.8691,-1,-1,-1
3669,2,2076.00,918.00,76.00,88.00,0.7969,-1,-1,-1
3670,1,2207.00,1198.00,55.00,79.00,0.8712,-1,-1,-1
3670,2,2076.00,917.00,76.00,88.00,0.7281,-1,-1,-1
3671,1,2208.00,1197.00,54.00,78.00,0.8635,-1,-1,-1
3671,2,2074.00,913.00,77.00,89.00,0.7521,-1,-1,-1
3672,1,2208.00,1196.00,52.00,75.00,0.8625,-1,-1,-1
3672,2,2073.00,910.00,79.00,91.00,0.8082,-1,-1,-1
3673,1,2208.00,1195.00,53.00,73.00,0.8548,-1,-1,-1
3673,2,2072.00,908.00,80.00,92.00,0.8549,-1,-1,-1
3674,1,2209.00,1193.00,52.00,74.00,0.8325,-1,-1,-1
3674,2,2072.00,906.00,81.00,92.00,0.8724,-1,-1,-1
3675,1,2208.00,1192.00,56.00,74.00,0.8277,-1,-1,-1
3675,2,2073.00,904.00,81.00,91.00,0.8872,-1,-1,-1
3676,1,2208.00,1191.00,56.00,73.00,0.8269,-1,-1,-1
3676,2,2073.00,903.00,79.00,90.00,0.8808,-1,-1,-1
3677,1,2207.00,1186.00,57.00,78.00,0.8092,-1,-1,-1
3677,2,2074.00,903.00,76.00,87.00,0.8636,-1,-1,-1
3678,1,2207.00,1184.00,56.00,77.00,0.8382,-1,-1,-1
3678,2,2072.00,901.00,77.00,89.00,0.8665,-1,-1,-1
3679,1,2207.00,1182.00,55.00,77.00,0.8516,-1,-1,-1
3679,2,2071.00,899.00,78.00,90.00,0.8705,-1,-1,-1
3680,1,2205.00,1179.00,55.00,77.00,0.8537,-1,-1,-1
3680,2,2070.00,898.00,77.00,89.00,0.8564,-1,-1,-1
3681,1,2206.00,1176.00,55.00,78.00,0.8538,-1,-1,-1
3681,2,2069.00,895.00,78.00,90.00,0.8505,-1,-1,-1
3682,1,2204.00,1173.00,58.00,80.00,0.8764,-1,-1,-1
3682,2,2069.00,894.00,81.00,89.00,0.8280,-1,-1,-1
3683,1,2205.00,1171.00,56.00,80.00,0.8768,-1,-1,-1
3683,2,2069.00,891.00,79.00,89.00,0.8122,-1,-1,-1
3684,1,2205.00,1170.00,56.00,79.00,0.8833,-1,-1,-1
3684,2,2069.00,888.00,79.00,90.00,0.8161,-1,-1,-1
3685,1,2206.00,1169.00,55.00,78.00,0.8886,-1,-1,-1
3685,2,2069.00,887.00,78.00,88.00,0.8381,-1,-1,-1
3686,1,2206.00,1168.00,56.00,77.00,0.8707,-1,-1,-1
3686,2,2068.00,885.00,81.00,89.00,0.8558,-1,-1,-1
3687,1,2206.00,1167.00,56.00,76.00,0.8596,-1,-1,-1
3687,2,2069.00,884.00,80.00,88.00,0.8593,-1,-1,-1
3688,1,2205.00,1166.00,57.00,76.00,0.8184,-1,-1,-1
3688,2,2068.00,882.00,79.00,87.00,0.8578,-1,-1,-1
3689,1,2205.00,1164.00,56.00,76.00,0.7741,-1,-1,-1
3689,2,2067.00,880.00,78.00,86.00,0.8505,-1,-1,-1
3690,1,2203.00,1160.00,58.00,79.00,0.7458,-1,-1,-1
3690,2,2067.00,878.00,81.00,87.00,0.8571,-1,-1,-1
3691,1,2204.00,1158.00,56.00,78.00,0.8040,-1,-1,-1
3691,2,2068.00,876.00,80.00,88.00,0.8633,-1,-1,-1
3692,1,2204.00,1156.00,56.00,77.00,0.8196,-1,-1,-1
3692,2,2067.00,875.00,82.00,89.00,0.8686,-1,-1,-1
3693,1,2205.00,1154.00,53.00,77.00,0.8338,-1,-1,-1
3693,2,2067.00,874.00,82.00,87.00,0.8687,-1,-1,-1
3694,1,2205.00,1151.00,53.00,79.00,0.8336,-1,-1,-1
3694,2,2065.00,872.00,84.00,88.00,0.8581,-1,-1,-1
3695,1,2204.00,1149.00,54.00,79.00,0.8394,-1,-1,-1
3695,2,2065.00,871.00,84.00,88.00,0.8619,-1,-1,-1
3696,1,2204.00,1148.00,54.00,78.00,0.8438,-1,-1,-1
3696,2,2065.00,869.00,82.00,87.00,0.8702,-1,-1,-1
3697,1,2203.00,1147.00,54.00,76.00,0.8467,-1,-1,-1
3697,2,2064.00,867.00,81.00,86.00,0.8720,-1,-1,-1
3698,1,2201.00,1144.00,57.00,77.00,0.8707,-1,-1,-1
3698,2,2064.00,865.00,81.00,86.00,0.8665,-1,-1,-1
3699,1,2201.00,1142.00,56.00,77.00,0.8890,-1,-1,-1
3699,2,2064.00,864.00,80.00,85.00,0.8407,-1,-1,-1
3700,1,2200.00,1141.00,57.00,78.00,0.9114,-1,-1,-1
3700,2,2064.00,862.00,81.00,85.00,0.8057,-1,-1,-1
3701,1,2199.00,1139.00,58.00,79.00,0.9214,-1,-1,-1
3701,2,2062.00,860.00,81.00,85.00,0.8138,-1,-1,-1
3702,1,2198.00,1137.00,59.00,79.00,0.9148,-1,-1,-1
3702,2,2061.00,858.00,82.00,85.00,0.8071,-1,-1,-1
3703,1,2197.00,1134.00,59.00,80.00,0.8786,-1,-1,-1
3703,2,2059.00,856.00,81.00,83.00,0.7988,-1,-1,-1
3704,1,2198.00,1133.00,57.00,78.00,0.9089,-1,-1,-1
3704,2,2059.00,855.00,79.00,82.00,0.8104,-1,-1,-1
3705,1,2198.00,1131.00,57.00,77.00,0.9075,-1,-1,-1
3705,2,2059.00,853.00,77.00,82.00,0.8137,-1,-1,-1
3706,1,2197.00,1130.00,59.00,78.00,0.9132,-1,-1,-1
3706,2,2058.00,852.00,76.00,80.00,0.8332,-1,-1,-1
3707,1,2196.00,1129.00,60.00,76.00,0.9083,-1,-1,-1
3707,2,2057.00,850.00,77.00,83.00,0.8296,-1,-1,-1
3708,1,2196.00,1128.00,59.00,76.00,0.8938,-1,-1,-1
3708,2,2057.00,850.00,76.00,80.00,0.8263,-1,-1,-1
3709,1,2196.00,1126.00,59.00,78.00,0.8846,-1,-1,-1
3709,2,2055.00,848.00,78.00,82.00,0.8143,-1,-1,-1
3710,1,2196.00,1125.00,59.00,79.00,0.8721,-1,-1,-1
3710,2,2056.00,847.00,73.00,79.00,0.7811,-1,-1,-1
3711,1,2195.00,1124.00,59.00,79.00,0.8294,-1,-1,-1
3711,2,2054.00,844.00,75.00,83.00,0.7808,-1,-1,-1
3712,1,2194.00,1121.00,59.00,81.00,0.8562,-1,-1,-1
3712,2,2053.00,843.00,77.00,83.00,0.7954,-1,-1,-1
3713,1,2194.00,1119.00,59.00,82.00,0.8682,-1,-1,-1
3713,2,2053.00,841.00,79.00,84.00,0.8050,-1,-1,-1
3714,1,2193.00,1118.00,59.00,81.00,0.8551,-1,-1,-1
3714,2,2052.00,840.00,79.00,85.00,0.8218,-1,-1,-1
3715,1,2194.00,1114.00,57.00,82.00,0.8503,-1,-1,-1
3715,2,2051.00,839.00,82.00,85.00,0.8181,-1,-1,-1
3716,1,2194.00,1112.00,57.00,83.00,0.8516,-1,-1,-1
3716,2,2051.00,837.00,81.00,87.00,0.8206,-1,-1,-1
3717,1,2195.00,1111.00,55.00,81.00,0.8321,-1,-1,-1
3717,2,2051.00,836.00,81.00,87.00,0.8013,-1,-1,-1
3718,1,2194.00,1109.00,56.00,81.00,0.8184,-1,-1,-1
3718,2,2051.00,835.00,82.00,86.00,0.8101,-1,-1,-1
3719,1,2194.00,1107.00,57.00,82.00,0.8144,-1,-1,-1
3719,2,2052.00,835.00,76.00,81.00,0.8145,-1,-1,-1
3720,1,2195.00,1106.00,56.00,82.00,0.7950,-1,-1,-1
3720,2,2051.00,834.00,76.00,80.00,0.8174,-1,-1,-1
3721,1,2196.00,1108.00,55.00,78.00,0.8144,-1,-1,-1
3721,2,2050.00,831.00,77.00,82.00,0.8011,-1,-1,-1
3722,1,2196.00,1108.00,55.00,77.00,0.8110,-1,-1,-1
3722,2,2050.00,831.00,75.00,80.00,0.8005,-1,-1,-1
3723,1,2196.00,1107.00,55.00,77.00,0.8346,-1,-1,-1
3723,2,2049.00,829.00,75.00,79.00,0.7906,-1,-1,-1
3724,1,2196.00,1106.00,55.00,77.00,0.8476,-1,-1,-1
3724,2,2048.00,828.00,76.00,80.00,0.7738,-1,-1,-1
3725,1,2195.00,1106.00,56.00,76.00,0.8269,-1,-1,-1
3725,2,2048.00,826.00,75.00,81.00,0.7749,-1,-1,-1
3726,1,2193.00,1102.00,58.00,80.00,0.8079,-1,-1,-1
3726,2,2047.00,825.00,73.00,79.00,0.8197,-1,-1,-1
3727,1,2192.00,1100.00,58.00,81.00,0.8086,-1,-1,-1
3727,2,2047.00,825.00,74.00,77.00,0.8122,-1,-1,-1
3728,1,2192.00,1100.00,57.00,79.00,0.8261,-1,-1,-1
3728,2,2046.00,823.00,76.00,80.00,0.8118,-1,-1,-1
3729,1,2192.00,1098.00,57.00,80.00,0.8205,-1,-1,-1
3729,2,2044.00,822.00,80.00,80.00,0.7958,-1,-1,-1
3730,1,2192.00,1096.00,57.00,80.00,0.8227,-1,-1,-1
3730,2,2044.00,820.00,82.00,80.00,0.7580,-1,-1,-1
3731,1,2192.00,1094.00,57.00,80.00,0.8379,-1,-1,-1
3731,2,2043.00,819.00,80.00,80.00,0.7973,-1,-1,-1
3732,1,2192.00,1092.00,57.00,82.00,0.8433,-1,-1,-1
3732,2,2043.00,818.00,80.00,81.00,0.8253,-1,-1,-1
3733,1,2193.00,1091.00,57.00,81.00,0.8567,-1,-1,-1
3733,2,2041.00,816.00,81.00,82.00,0.8304,-1,-1,-1
3734,1,2191.00,1089.00,59.00,81.00,0.8655,-1,-1,-1
3734,2,2040.00,815.00,81.00,82.00,0.8383,-1,-1,-1
3735,1,2190.00,1087.00,58.00,81.00,0.8570,-1,-1,-1
3735,2,2040.00,814.00,78.00,80.00,0.8217,-1,-1,-1
3736,1,2189.00,1084.00,58.00,82.00,0.8483,-1,-1,-1
3736,2,2039.00,814.00,75.00,77.00,0.8123,-1,-1,-1
3737,1,2189.00,1084.00,58.00,81.00,0.8536,-1,-1,-1
3737,2,2038.00,813.00,76.00,78.00,0.8313,-1,-1,-1
3738,1,2190.00,1083.00,56.00,80.00,0.8337,-1,-1,-1
3738,2,2037.00,812.00,75.00,79.00,0.8427,-1,-1,-1
3739,1,2189.00,1083.00,57.00,80.00,0.8128,-1,-1,-1
3739,2,2036.00,811.00,73.00,78.00,0.8513,-1,-1,-1
3740,1,2189.00,1082.00,58.00,79.00,0.8094,-1,-1,-1
3740,2,2035.00,810.00,73.00,77.00,0.8673,-1,-1,-1
3741,1,2189.00,1080.00,57.00,79.00,0.8255,-1,-1,-1
3741,2,2035.00,809.00,74.00,77.00,0.8568,-1,-1,-1
3742,1,2188.00,1078.00,57.00,80.00,0.8404,-1,-1,-1
3742,2,2033.00,807.00,76.00,78.00,0.8647,-1,-1,-1
3743,1,2188.00,1078.00,57.00,79.00,0.8322,-1,-1,-1
3743,2,2032.00,805.00,77.00,80.00,0.8606,-1,-1,-1
3744,1,2187.00,1078.00,58.00,78.00,0.8186,-1,-1,-1
3744,2,2031.00,804.00,79.00,80.00,0.8699,-1,-1,-1
3745,1,2186.00,1075.00,60.00,82.00,0.8093,-1,-1,-1
3745,2,2030.00,803.00,80.00,80.00,0.8670,-1,-1,-1
3746,1,2185.00,1074.00,61.00,81.00,0.8407,-1,-1,-1
3746,2,2029.00,802.00,80.00,80.00,0.8469,-1,-1,-1
3747,1,2184.00,1073.00,62.00,80.00,0.8508,-1,-1,-1
3747,2,2028.00,801.00,82.00,81.00,0.8384,-1,-1,-1
3748,1,2183.00,1072.00,61.00,80.00,0.8602,-1,-1,-1
3748,2,2027.00,801.00,83.00,80.00,0.7982,-1,-1,-1
3749,1,2183.00,1072.00,61.00,79.00,0.8652,-1,-1,-1
3749,2,2027.00,800.00,81.00,78.00,0.7803,-1,-1,-1
3750,1,2182.00,1072.00,62.00,77.00,0.8599,-1,-1,-1
3750,2,2025.00,799.00,82.00,81.00,0.7801,-1,-1,-1
3751,1,2182.00,1072.00,61.00,77.00,0.8718,-1,-1,-1
3751,2,2024.00,798.00,83.00,81.00,0.7866,-1,-1,-1
3752,1,2182.00,1072.00,61.00,78.00,0.8751,-1,-1,-1
3752,2,2024.00,798.00,83.00,81.00,0.7889,-1,-1,-1
3753,1,2183.00,1073.00,60.00,77.00,0.8786,-1,-1,-1
3753,2,2023.00,797.00,84.00,82.00,0.8011,-1,-1,-1
3754,1,2184.00,1073.00,59.00,77.00,0.8804,-1,-1,-1
3754,2,2023.00,797.00,84.00,81.00,0.8129,-1,-1,-1
3755,1,2185.00,1073.00,58.00,79.00,0.8590,-1,-1,-1
3755,2,2021.00,796.00,87.00,83.00,0.8168,-1,-1,-1
3756,1,2186.00,1072.00,57.00,81.00,0.8531,-1,-1,-1
3756,2,2021.00,796.00,84.00,81.00,0.8019,-1,-1,-1
3757,1,2186.00,1072.00,57.00,81.00,0.8620,-1,-1,-1
3757,2,2022.00,796.00,80.00,81.00,0.8197,-1,-1,-1
3758,1,2185.00,1072.00,58.00,83.00,0.8726,-1,-1,-1
3758,2,2021.00,796.00,80.00,81.00,0.8107,-1,-1,-1
3759,1,2184.00,1071.00,58.00,84.00,0.8671,-1,-1,-1
3759,2,2021.00,796.00,81.00,81.00,0.7877,-1,-1,-1
3760,1,2184.00,1070.00,58.00,85.00,0.8509,-1,-1,-1
3760,2,2020.00,797.00,82.00,80.00,0.8039,-1,-1,-1
3761,1,2184.00,1072.00,57.00,80.00,0.8330,-1,-1,-1
3761,2,2020.00,797.00,80.00,79.00,0.8266,-1,-1,-1
3762,1,2183.00,1071.00,57.00,80.00,0.8389,-1,-1,-1
3762,2,2019.00,798.00,79.00,77.00,0.8406,-1,-1,-1
3763,1,2184.00,1072.00,56.00,78.00,0.8381,-1,-1,-1
3763,2,2018.00,798.00,82.00,78.00,0.8383,-1,-1,-1
3764,1,2183.00,1071.00,57.00,79.00,0.8353,-1,-1,-1
3764,2,2018.00,797.00,81.00,79.00,0.8612,-1,-1,-1
3765,1,2183.00,1071.00,57.00,78.00,0.8179,-1,-1,-1
3765,2,2018.00,797.00,79.00,78.00,0.8700,-1,-1,-1
3766,1,2183.00,1070.00,57.00,79.00,0.8341,-1,-1,-1
3766,2,2017.00,796.00,80.00,80.00,0.8893,-1,-1,-1
3767,1,2183.00,1070.00,58.00,79.00,0.8375,-1,-1,-1
3767,2,2017.00,796.00,78.00,79.00,0.8933,-1,-1,-1
3768,1,2182.00,1070.00,60.00,79.00,0.8374,-1,-1,-1
3768,2,2016.00,796.00,79.00,79.00,0.8957,-1,-1,-1
3769,1,2182.00,1070.00,60.00,80.00,0.8431,-1,-1,-1
3769,2,2015.00,796.00,79.00,80.00,0.9002,-1,-1,-1
3770,1,2182.00,1070.00,59.00,79.00,0.8322,-1,-1,-1
3770,2,2015.00,796.00,79.00,81.00,0.9073,-1,-1,-1
3771,1,2182.00,1070.00,58.00,78.00,0.8266,-1,-1,-1
3771,2,2014.00,795.00,81.00,82.00,0.9109,-1,-1,-1
3772,1,2181.00,1070.00,59.00,78.00,0.8369,-1,-1,-1
3772,2,2013.00,795.00,80.00,80.00,0.9085,-1,-1,-1
3773,1,2181.00,1071.00,59.00,76.00,0.8311,-1,-1,-1
3773,2,2012.00,795.00,81.00,80.00,0.9096,-1,-1,-1
3774,1,2181.00,1071.00,59.00,75.00,0.8295,-1,-1,-1
3774,2,2011.00,795.00,80.00,80.00,0.9107,-1,-1,-1
3775,1,2181.00,1071.00,59.00,76.00,0.8271,-1,-1,-1
3775,2,2010.00,795.00,82.00,80.00,0.9094,-1,-1,-1
3776,1,2181.00,1071.00,59.00,77.00,0.8240,-1,-1,-1
3776,2,2009.00,796.00,84.00,81.00,0.9171,-1,-1,-1
3777,1,2181.00,1070.00,56.00,77.00,0.8029,-1,-1,-1
3777,2,2008.00,796.00,85.00,81.00,0.9204,-1,-1,-1
3778,1,2180.00,1071.00,59.00,76.00,0.8045,-1,-1,-1
3778,2,2007.00,796.00,85.00,81.00,0.9037,-1,-1,-1
3779,1,2180.00,1070.00,58.00,78.00,0.8397,-1,-1,-1
3779,2,2007.00,797.00,83.00,80.00,0.8967,-1,-1,-1
3780,1,2179.00,1069.00,59.00,79.00,0.8550,-1,-1,-1
3780,2,2006.00,797.00,84.00,80.00,0.8905,-1,-1,-1
3781,1,2178.00,1069.00,58.00,78.00,0.8867,-1,-1,-1
3781,2,2005.00,797.00,83.00,80.00,0.8679,-1,-1,-1
3782,1,2179.00,1069.00,58.00,79.00,0.8674,-1,-1,-1
3782,2,2004.00,797.00,85.00,81.00,0.8654,-1,-1,-1
3783,1,2179.00,1070.00,59.00,80.00,0.8359,-1,-1,-1
3783,2,2003.00,796.00,86.00,83.00,0.8690,-1,-1,-1
3784,1,2179.00,1071.00,58.00,79.00,0.8120,-1,-1,-1
3784,2,2002.00,795.00,87.00,85.00,0.8515,-1,-1,-1
3785,1,2178.00,1071.00,58.00,80.00,0.8227,-1,-1,-1
3785,2,2002.00,796.00,84.00,83.00,0.8326,-1,-1,-1
3786,1,2178.00,1072.00,58.00,80.00,0.8139,-1,-1,-1
3786,2,2001.00,796.00,85.00,85.00,0.8381,-1,-1,-1
3787,1,2177.00,1073.00,60.00,80.00,0.8525,-1,-1,-1
3787,2,2000.00,795.00,86.00,88.00,0.8256,-1,-1,-1
3788,1,2177.00,1073.00,60.00,80.00,0.8306,-1,-1,-1
3788,2,1999.00,795.00,86.00,89.00,0.8094,-1,-1,-1
3789,1,2177.00,1074.00,60.00,79.00,0.8491,-1,-1,-1
3789,2,1999.00,795.00,86.00,90.00,0.7765,-1,-1,-1
3790,1,2177.00,1075.00,60.00,78.00,0.8484,-1,-1,-1
3790,2,1999.00,797.00,86.00,88.00,0.7934,-1,-1,-1
3791,1,2176.00,1075.00,62.00,80.00,0.8456,-1,-1,-1
3791,2,2000.00,799.00,85.00,87.00,0.8148,-1,-1,-1
3792,1,2175.00,1075.00,61.00,78.00,0.8601,-1,-1,-1
3792,2,1999.00,800.00,82.00,86.00,0.8261,-1,-1,-1
3793,1,2174.00,1074.00,61.00,80.00,0.8450,-1,-1,-1
3793,2,1998.00,801.00,84.00,86.00,0.8404,-1,-1,-1
3794,1,2173.00,1075.00,65.00,81.00,0.8756,-1,-1,-1
3794,2,1997.00,802.00,85.00,86.00,0.8516,-1,-1,-1
3795,1,2172.00,1076.00,64.00,80.00,0.8817,-1,-1,-1
3795,2,1997.00,803.00,86.00,85.00,0.8557,-1,-1,-1
3796,1,2173.00,1078.00,62.00,77.00,0.8838,-1,-1,-1
3796,2,1996.00,804.00,86.00,87.00,0.8678,-1,-1,-1
3797,1,2173.00,1080.00,60.00,74.00,0.8804,-1,-1,-1
3797,2,1996.00,805.00,87.00,89.00,0.8851,-1,-1,-1
3798,1,2173.00,1081.00,57.00,73.00,0.8748,-1,-1,-1
3798,2,1995.00,806.00,88.00,89.00,0.8952,-1,-1,-1
3799,1,2173.00,1083.00,58.00,73.00,0.8992,-1,-1,-1
3799,2,1995.00,807.00,88.00,89.00,0.8957,-1,-1,-1
3800,1,2172.00,1082.00,60.00,77.00,0.9076,-1,-1,-1
3800,2,1994.00,808.00,87.00,89.00,0.8816,-1,-1,-1
3801,1,2171.00,1084.00,60.00,76.00,0.9063,-1,-1,-1
3801,2,1992.00,809.00,87.00,86.00,0.8735,-1,-1,-1
3802,1,2171.00,1085.00,60.00,76.00,0.8934,-1,-1,-1
3802,2,1994.00,811.00,83.00,85.00,0.8509,-1,-1,-1
3803,1,2170.00,1086.00,62.00,76.00,0.8820,-1,-1,-1
3803,2,1992.00,811.00,85.00,87.00,0.8519,-1,-1,-1
3804,1,2172.00,1087.00,59.00,78.00,0.8583,-1,-1,-1
3804,2,1991.00,813.00,80.00,84.00,0.8465,-1,-1,-1
3805,1,2172.00,1089.00,59.00,78.00,0.8628,-1,-1,-1
3805,2,1990.00,813.00,83.00,87.00,0.8626,-1,-1,-1
3806,1,2172.00,1091.00,59.00,76.00,0.8818,-1,-1,-1
3806,2,1989.00,814.00,84.00,88.00,0.8899,-1,-1,-1
3807,1,2171.00,1093.00,60.00,75.00,0.8937,-1,-1,-1
3807,2,1988.00,816.00,82.00,85.00,0.9139,-1,-1,-1
3808,1,2171.00,1095.00,58.00,75.00,0.8782,-1,-1,-1
3808,2,1987.00,817.00,86.00,86.00,0.9197,-1,-1,-1
3809,1,2171.00,1096.00,58.00,76.00,0.8777,-1,-1,-1
3809,2,1988.00,819.00,83.00,86.00,0.9092,-1,-1,-1
3810,1,2173.00,1097.00,55.00,76.00,0.8317,-1,-1,-1
3810,2,1987.00,823.00,83.00,84.00,0.8948,-1,-1,-1
3811,1,2171.00,1101.00,58.00,76.00,0.8186,-1,-1,-1
3811,2,1985.00,825.00,86.00,84.00,0.8851,-1,-1,-1
3812,1,2171.00,1102.00,57.00,75.00,0.8256,-1,-1,-1
3812,2,1984.00,827.00,82.00,79.00,0.8743,-1,-1,-1
3813,1,2171.00,1105.00,57.00,75.00,0.8837,-1,-1,-1
3813,2,1982.00,827.00,85.00,81.00,0.8675,-1,-1,-1
3814,1,2170.00,1108.00,59.00,75.00,0.8908,-1,-1,-1
3814,2,1983.00,829.00,84.00,83.00,0.8316,-1,-1,-1
3815,1,2170.00,1109.00,59.00,75.00,0.8928,-1,-1,-1
3815,2,1981.00,830.00,87.00,84.00,0.8205,-1,-1,-1
3816,1,2169.00,1109.00,59.00,75.00,0.8847,-1,-1,-1
3816,2,1981.00,832.00,82.00,81.00,0.8484,-1,-1,-1
3817,1,2169.00,1109.00,59.00,77.00,0.8839,-1,-1,-1
3817,2,1978.00,834.00,84.00,80.00,0.8498,-1,-1,-1
3818,1,2169.00,1111.00,59.00,78.00,0.8815,-1,-1,-1
3818,2,1978.00,836.00,81.00,80.00,0.8662,-1,-1,-1
3819,1,2168.00,1113.00,60.00,79.00,0.8938,-1,-1,-1
3819,2,1976.00,838.00,84.00,81.00,0.8669,-1,-1,-1
3820,1,2167.00,1115.00,62.00,81.00,0.9005,-1,-1,-1
3820,2,1975.00,839.00,85.00,82.00,0.8545,-1,-1,-1
3821,1,2167.00,1120.00,61.00,81.00,0.8624,-1,-1,-1
3821,2,1973.00,840.00,85.00,84.00,0.8196,-1,-1,-1
3822,1,2164.00,1119.00,64.00,84.00,0.8490,-1,-1,-1
3822,2,1973.00,841.00,83.00,85.00,0.7853,-1,-1,-1
3823,1,2162.00,1123.00,66.00,83.00,0.8582,-1,-1,-1
3823,2,1970.00,844.00,88.00,86.00,0.7846,-1,-1,-1
3824,1,2165.00,1128.00,63.00,77.00,0.8665,-1,-1,-1
3824,2,1971.00,847.00,86.00,87.00,0.8258,-1,-1,-1
3825,1,2164.00,1129.00,64.00,78.00,0.8792,-1,-1,-1
3825,2,1971.00,849.00,86.00,86.00,0.8350,-1,-1,-1
3826,1,2162.00,1129.00,64.00,82.00,0.8854,-1,-1,-1
3826,2,1970.00,851.00,87.00,87.00,0.8535,-1,-1,-1
3827,1,2163.00,1132.00,64.00,83.00,0.9028,-1,-1,-1
3827,2,1970.00,854.00,89.00,86.00,0.8585,-1,-1,-1
3828,1,2161.00,1136.00,66.00,83.00,0.9118,-1,-1,-1
3828,2,1969.00,857.00,88.00,88.00,0.8458,-1,-1,-1
3829,1,2161.00,1137.00,66.00,87.00,0.8905,-1,-1,-1
3829,2,1966.00,858.00,90.00,92.00,0.8368,-1,-1,-1
3830,1,2158.00,1143.00,70.00,83.00,0.8764,-1,-1,-1
3830,2,1965.00,861.00,88.00,92.00,0.8904,-1,-1,-1
3831,1,2159.00,1144.00,67.00,84.00,0.8588,-1,-1,-1
3831,2,1964.00,864.00,90.00,89.00,0.8901,-1,-1,-1
3832,1,2158.00,1146.00,68.00,84.00,0.8815,-1,-1,-1
3832,2,1964.00,868.00,87.00,86.00,0.8846,-1,-1,-1
3833,1,2159.00,1150.00,66.00,81.00,0.8941,-1,-1,-1
3833,2,1962.00,873.00,91.00,84.00,0.8516,-1,-1,-1
3834,1,2158.00,1153.00,68.00,83.00,0.9031,-1,-1,-1
3834,2,1962.00,874.00,90.00,85.00,0.8412,-1,-1,-1
3835,1,2158.00,1156.00,66.00,85.00,0.8826,-1,-1,-1
3835,2,1961.00,877.00,92.00,84.00,0.8192,-1,-1,-1
3836,1,2157.00,1159.00,68.00,84.00,0.8829,-1,-1,-1
3836,2,1960.00,880.00,100.00,85.00,0.7814,-1,-1,-1
3837,1,2158.00,1164.00,68.00,82.00,0.8682,-1,-1,-1
3837,2,1960.00,882.00,93.00,83.00,0.7570,-1,-1,-1
3838,1,2158.00,1165.00,65.00,82.00,0.8813,-1,-1,-1
3838,2,1961.00,883.00,90.00,87.00,0.8018,-1,-1,-1
3839,1,2158.00,1167.00,64.00,82.00,0.8843,-1,-1,-1
3839,2,1961.00,886.00,91.00,88.00,0.8752,-1,-1,-1
3840,1,2159.00,1169.00,62.00,82.00,0.9035,-1,-1,-1
3840,2,1960.00,889.00,93.00,88.00,0.8998,-1,-1,-1
3841,1,2158.00,1171.00,64.00,82.00,0.9012,-1,-1,-1
3841,2,1959.00,891.00,88.00,84.00,0.8930,-1,-1,-1
3842,1,2159.00,1173.00,62.00,80.00,0.8974,-1,-1,-1
3842,2,1957.00,894.00,92.00,84.00,0.8725,-1,-1,-1
3843,1,2158.00,1175.00,64.00,78.00,0.9089,-1,-1,-1
3843,2,1957.00,895.00,93.00,85.00,0.8652,-1,-1,-1
3844,1,2158.00,1178.00,65.00,79.00,0.9105,-1,-1,-1
3844,2,1955.00,898.00,94.00,84.00,0.8398,-1,-1,-1
3845,1,2157.00,1179.00,65.00,80.00,0.8928,-1,-1,-1
3845,2,1955.00,900.00,93.00,80.00,0.8134,-1,-1,-1
3846,1,2157.00,1180.00,65.00,81.00,0.8772,-1,-1,-1
3846,2,1953.00,901.00,99.00,82.00,0.7842,-1,-1,-1
3847,1,2158.00,1183.00,62.00,79.00,0.8404,-1,-1,-1
3847,2,1951.00,903.00,93.00,80.00,0.8589,-1,-1,-1
3848,1,2156.00,1183.00,63.00,79.00,0.8303,-1,-1,-1
3848,2,1951.00,905.00,91.00,80.00,0.8474,-1,-1,-1
3849,1,2157.00,1184.00,61.00,77.00,0.8090,-1,-1,-1
3849,2,1949.00,906.00,92.00,77.00,0.8497,-1,-1,-1
3850,1,2156.00,1184.00,62.00,78.00,0.7985,-1,-1,-1
3850,2,1947.00,907.00,95.00,76.00,0.8562,-1,-1,-1
3851,1,2155.00,1184.00,62.00,78.00,0.7771,-1,-1,-1
3851,2,1947.00,907.00,93.00,77.00,0.8689,-1,-1,-1
3852,1,2152.00,1185.00,66.00,80.00,0.7330,-1,-1,-1
3852,2,1944.00,906.00,96.00,79.00,0.8674,-1,-1,-1
3853,1,2150.00,1185.00,68.00,82.00,0.7637,-1,-1,-1
3853,2,1944.00,906.00,95.00,79.00,0.8641,-1,-1,-1
3854,1,2149.00,1184.00,69.00,82.00,0.7753,-1,-1,-1
3854,2,1943.00,905.00,94.00,82.00,0.8573,-1,-1,-1
3855,1,2149.00,1185.00,68.00,81.00,0.8050,-1,-1,-1
3855,2,1943.00,905.00,94.00,84.00,0.8577,-1,-1,-1
3856,1,2149.00,1185.00,66.00,80.00,0.8090,-1,-1,-1
3856,2,1942.00,905.00,96.00,84.00,0.8539,-1,-1,-1
3857,1,2148.00,1185.00,66.00,80.00,0.8311,-1,-1,-1
3857,2,1943.00,905.00,89.00,83.00,0.8097,-1,-1,-1
3858,1,2148.00,1185.00,66.00,81.00,0.8555,-1,-1,-1
3858,2,1941.00,904.00,85.00,82.00,0.7704,-1,-1,-1
3859,1,2145.00,1183.00,70.00,85.00,0.8607,-1,-1,-1
3859,2,1940.00,903.00,87.00,83.00,0.7636,-1,-1,-1
3860,1,2146.00,1182.00,68.00,86.00,0.8464,-1,-1,-1
3860,2,1939.00,904.00,89.00,82.00,0.7705,-1,-1,-1
3861,1,2147.00,1184.00,66.00,82.00,0.8464,-1,-1,-1
3861,2,1940.00,903.00,87.00,84.00,0.7787,-1,-1,-1
3862,1,2146.00,1185.00,65.00,80.00,0.8513,-1,-1,-1
3862,2,1940.00,902.00,86.00,86.00,0.7909,-1,-1,-1
3863,1,2146.00,1184.00,64.00,81.00,0.8619,-1,-1,-1
3863,2,1940.00,902.00,84.00,86.00,0.7974,-1,-1,-1
3864,1,2146.00,1184.00,65.00,81.00,0.8690,-1,-1,-1
3864,2,1938.00,903.00,87.00,84.00,0.7887,-1,-1,-1
3865,1,2146.00,1182.00,63.00,82.00,0.8618,-1,-1,-1
3865,2,1937.00,903.00,88.00,82.00,0.7797,-1,-1,-1
3866,1,2146.00,1182.00,62.00,81.00,0.8746,-1,-1,-1
3866,2,1936.00,904.00,88.00,80.00,0.7613,-1,-1,-1
3867,1,2146.00,1182.00,62.00,81.00,0.8722,-1,-1,-1
3867,2,1935.00,904.00,89.00,80.00,0.7549,-1,-1,-1
3868,1,2146.00,1182.00,61.00,80.00,0.8738,-1,-1,-1
3868,2,1934.00,903.00,92.00,82.00,0.7542,-1,-1,-1
3869,1,2145.00,1181.00,62.00,81.00,0.8801,-1,-1,-1
3869,2,1933.00,903.00,93.00,82.00,0.7529,-1,-1,-1
3870,1,2144.00,1181.00,63.00,82.00,0.8889,-1,-1,-1
3870,2,1932.00,903.00,94.00,83.00,0.7505,-1,-1,-1
3871,1,2143.00,1180.00,63.00,82.00,0.8840,-1,-1,-1
3871,2,1931.00,903.00,92.00,82.00,0.7285,-1,-1,-1
3872,1,2143.00,1179.00,63.00,83.00,0.8864,-1,-1,-1
3872,2,1929.00,902.00,96.00,83.00,0.7378,-1,-1,-1
3873,1,2141.00,1177.00,64.00,84.00,0.8853,-1,-1,-1
3873,2,1928.00,902.00,97.00,82.00,0.7483,-1,-1,-1
3874,1,2141.00,1176.00,64.00,84.00,0.8718,-1,-1,-1
3874,2,1929.00,901.00,95.00,82.00,0.7697,-1,-1,-1
3875,1,2141.00,1176.00,64.00,82.00,0.8470,-1,-1,-1
3875,2,1929.00,901.00,95.00,82.00,0.7825,-1,-1,-1
3876,1,2140.00,1175.00,64.00,82.00,0.8457,-1,-1,-1
3876,2,1928.00,900.00,95.00,83.00,0.8066,-1,-1,-1
3877,1,2139.00,1174.00,64.00,81.00,0.8491,-1,-1,-1
3877,2,1927.00,899.00,95.00,83.00,0.8155,-1,-1,-1
3878,1,2139.00,1173.00,64.00,81.00,0.8485,-1,-1,-1
3878,2,1925.00,899.00,98.00,84.00,0.8153,-1,-1,-1
3879,1,2139.00,1173.00,63.00,81.00,0.8490,-1,-1,-1
3879,2,1925.00,899.00,97.00,84.00,0.8233,-1,-1,-1
3880,1,2138.00,1173.00,63.00,79.00,0.8461,-1,-1,-1
3880,2,1923.00,899.00,98.00,82.00,0.8087,-1,-1,-1
3881,1,2138.00,1172.00,63.00,78.00,0.8513,-1,-1,-1
3881,2,1922.00,899.00,101.00,82.00,0.8090,-1,-1,-1
3882,1,2137.00,1170.00,63.00,80.00,0.8402,-1,-1,-1
3882,2,1920.00,899.00,104.00,82.00,0.8257,-1,-1,-1
3883,1,2137.00,1170.00,63.00,80.00,0.8466,-1,-1,-1
3883,2,1920.00,900.00,104.00,80.00,0.8156,-1,-1,-1
3884,1,2137.00,1168.00,62.00,83.00,0.8517,-1,-1,-1
3884,2,1920.00,901.00,103.00,79.00,0.8122,-1,-1,-1
3885,1,2136.00,1168.00,64.00,84.00,0.8533,-1,-1,-1
3885,2,1920.00,901.00,103.00,78.00,0.7908,-1,-1,-1
3886,1,2135.00,1168.00,64.00,84.00,0.8764,-1,-1,-1
3886,2,1918.00,900.00,107.00,80.00,0.7646,-1,-1,-1
3887,1,2134.00,1169.00,64.00,80.00,0.8700,-1,-1,-1
3887,2,1916.00,900.00,111.00,81.00,0.7516,-1,-1,-1
3888,1,2132.00,1169.00,66.00,81.00,0.8839,-1,-1,-1
3888,2,1913.00,901.00,109.00,79.00,0.7193,-1,-1,-1
3889,1,2130.00,1169.00,69.00,82.00,0.8928,-1,-1,-1
3889,2,1913.00,902.00,105.00,76.00,0.7071,-1,-1,-1
3890,1,2130.00,1169.00,68.00,81.00,0.8900,-1,-1,-1
3890,2,1912.00,902.00,100.00,76.00,0.7166,-1,-1,-1
3891,1,2130.00,1169.00,67.00,79.00,0.8854,-1,-1,-1
3891,2,1909.00,899.00,105.00,82.00,0.7342,-1,-1,-1
3892,1,2130.00,1169.00,66.00,80.00,0.8847,-1,-1,-1
3892,2,1908.00,901.00,99.00,78.00,0.7729,-1,-1,-1
3893,1,2130.00,1169.00,66.00,80.00,0.8872,-1,-1,-1
3893,2,1908.00,901.00,97.00,80.00,0.7882,-1,-1,-1
3894,1,2129.00,1169.00,66.00,80.00,0.8892,-1,-1,-1
3894,2,1908.00,901.00,99.00,82.00,0.7562,-1,-1,-1
3895,1,2128.00,1169.00,67.00,80.00,0.8851,-1,-1,-1
3895,2,1907.00,902.00,100.00,83.00,0.7283,-1,-1,-1
3896,1,2127.00,1169.00,68.00,80.00,0.8790,-1,-1,-1
3896,2,1906.00,901.00,105.00,84.00,0.7298,-1,-1,-1
3897,1,2126.00,1169.00,70.00,79.00,0.8784,-1,-1,-1
3897,2,1905.00,903.00,101.00,82.00,0.7135,-1,-1,-1
3898,1,2126.00,1168.00,70.00,79.00,0.8663,-1,-1,-1
3898,2,1904.00,903.00,103.00,81.00,0.7086,-1,-1,-1
3899,1,2126.00,1169.00,69.00,79.00,0.8626,-1,-1,-1
3899,2,1903.00,903.00,106.00,81.00,0.6920,-1,-1,-1
3900,1,2125.00,1168.00,70.00,80.00,0.8572,-1,-1,-1
3900,2,1903.00,905.00,108.00,80.00,0.6805,-1,-1,-1
3901,1,2124.00,1168.00,69.00,80.00,0.8371,-1,-1,-1
3901,2,1901.00,905.00,111.00,82.00,0.6827,-1,-1,-1
3902,1,2124.00,1168.00,69.00,80.00,0.8362,-1,-1,-1
3902,2,1900.00,905.00,109.00,82.00,0.6842,-1,-1,-1
3903,1,2124.00,1168.00,69.00,81.00,0.8465,-1,-1,-1
3903,2,1899.00,905.00,108.00,81.00,0.6427,-1,-1,-1
3904,1,2124.00,1168.00,69.00,81.00,0.8511,-1,-1,-1
3904,2,1898.00,905.00,112.00,81.00,0.6448,-1,-1,-1
3905,1,2123.00,1168.00,70.00,82.00,0.8540,-1,-1,-1
3905,2,1896.00,906.00,113.00,79.00,0.6731,-1,-1,-1
3906,1,2123.00,1169.00,69.00,80.00,0.8438,-1,-1,-1
3906,2,1895.00,906.00,109.00,80.00,0.6764,-1,-1,-1
3907,1,2123.00,1168.00,68.00,81.00,0.8394,-1,-1,-1
3907,2,1896.00,906.00,114.00,79.00,0.6348,-1,-1,-1
3908,1,2123.00,1168.00,66.00,80.00,0.8367,-1,-1,-1
3908,2,1895.00,906.00,113.00,80.00,0.6645,-1,-1,-1
3909,1,2122.00,1168.00,67.00,81.00,0.8347,-1,-1,-1
3909,2,1893.00,906.00,112.00,81.00,0.6977,-1,-1,-1
3910,1,2122.00,1168.00,67.00,81.00,0.8274,-1,-1,-1
3910,2,1892.00,906.00,114.00,80.00,0.6620,-1,-1,-1
3911,1,2122.00,1167.00,66.00,82.00,0.8357,-1,-1,-1
3911,2,1890.00,906.00,124.00,82.00,0.6544,-1,-1,-1
3912,1,2120.00,1168.00,68.00,80.00,0.8327,-1,-1,-1
3912,2,1889.00,907.00,128.00,82.00,0.6621,-1,-1,-1
3913,1,2120.00,1167.00,67.00,79.00,0.8343,-1,-1,-1
3913,2,1888.00,908.00,131.00,81.00,0.6763,-1,-1,-1
3914,1,2120.00,1166.00,64.00,79.00,0.8367,-1,-1,-1
3914,2,1887.00,909.00,132.00,80.00,0.7004,-1,-1,-1
3915,1,2119.00,1167.00,66.00,82.00,0.8313,-1,-1,-1
3915,2,1886.00,909.00,128.00,79.00,0.7102,-1,-1,-1
3916,1,2118.00,1168.00,67.00,80.00,0.8574,-1,-1,-1
3916,2,1886.00,910.00,118.00,76.00,0.6892,-1,-1,-1
3917,1,2117.00,1167.00,69.00,82.00,0.8622,-1,-1,-1
3917,2,1884.00,909.00,115.00,77.00,0.7146,-1,-1,-1
3918,1,2117.00,1166.00,66.00,82.00,0.8661,-1,-1,-1
3918,2,1883.00,909.00,118.00,78.00,0.6801,-1,-1,-1
3919,1,2117.00,1166.00,65.00,82.00,0.8576,-1,-1,-1
3919,2,1882.00,909.00,113.00,78.00,0.6534,-1,-1,-1
3920,1,2117.00,1166.00,65.00,83.00,0.8716,-1,-1,-1
3920,2,1880.00,909.00,110.00,78.00,0.6720,-1,-1,-1
3921,1,2115.00,1167.00,67.00,82.00,0.8687,-1,-1,-1
3921,2,1879.00,911.00,110.00,75.00,0.6486,-1,-1,-1
3922,1,2114.00,1169.00,66.00,82.00,0.8645,-1,-1,-1
3922,2,1879.00,913.00,109.00,77.00,0.6519,-1,-1,-1
3923,1,2114.00,1170.00,68.00,82.00,0.8649,-1,-1,-1
3923,2,1877.00,914.00,112.00,76.00,0.7121,-1,-1,-1
3924,1,2112.00,1171.00,70.00,82.00,0.8675,-1,-1,-1
3924,2,1875.00,916.00,116.00,74.00,0.7542,-1,-1,-1
3925,1,2112.00,1172.00,70.00,82.00,0.8724,-1,-1,-1
3925,2,1874.00,917.00,111.00,74.00,0.8063,-1,-1,-1
3926,1,2113.00,1175.00,68.00,80.00,0.8775,-1,-1,-1
3926,2,1872.00,918.00,110.00,75.00,0.6472,-1,-1,-1
3927,1,2114.00,1176.00,67.00,79.00,0.8738,-1,-1,-1
3927,2,1870.00,919.00,110.00,73.00,0.6384,-1,-1,-1
3928,1,2114.00,1176.00,66.00,79.00,0.8612,-1,-1,-1
3928,2,1868.00,920.00,105.00,71.00,0.6456,-1,-1,-1
3929,1,2115.00,1179.00,65.00,77.00,0.8635,-1,-1,-1
3929,2,1868.00,922.00,110.00,70.00,0.6669,-1,-1,-1
3930,1,2114.00,1179.00,66.00,78.00,0.8816,-1,-1,-1
3930,2,1867.00,922.00,107.00,73.00,0.7056,-1,-1,-1
3931,1,2115.00,1180.00,65.00,78.00,0.9039,-1,-1,-1
3931,2,1867.00,925.00,104.00,74.00,0.7774,-1,-1,-1
3932,1,2115.00,1183.00,67.00,79.00,0.9159,-1,-1,-1
3932,2,1868.00,925.00,110.00,73.00,0.7437,-1,-1,-1
3933,1,2115.00,1185.00,68.00,81.00,0.9040,-1,-1,-1
3933,2,1869.00,928.00,103.00,71.00,0.7469,-1,-1,-1
3934,1,2115.00,1187.00,69.00,82.00,0.8996,-1,-1,-1
3934,2,1868.00,931.00,101.00,69.00,0.7870,-1,-1,-1
3935,1,2114.00,1188.00,70.00,83.00,0.8871,-1,-1,-1
3935,2,1867.00,933.00,100.00,69.00,0.8540,-1,-1,-1
3936,1,2115.00,1188.00,68.00,82.00,0.8909,-1,-1,-1
3936,2,1867.00,934.00,98.00,69.00,0.8629,-1,-1,-1
3937,1,2113.00,1190.00,66.00,79.00,0.8814,-1,-1,-1
3937,2,1866.00,936.00,98.00,67.00,0.8282,-1,-1,-1
3938,1,2112.00,1191.00,68.00,80.00,0.8728,-1,-1,-1
3938,2,1864.00,938.00,94.00,66.00,0.8107,-1,-1,-1
3939,1,2112.00,1195.00,67.00,77.00,0.8560,-1,-1,-1
3939,2,1863.00,939.00,94.00,67.00,0.8001,-1,-1,-1
3940,1,2112.00,1196.00,65.00,75.00,0.8517,-1,-1,-1
3940,2,1862.00,940.00,95.00,66.00,0.7853,-1,-1,-1
3941,1,2111.00,1197.00,67.00,78.00,0.8503,-1,-1,-1
3941,2,1859.00,940.00,108.00,71.00,0.8482,-1,-1,-1
3942,1,2110.00,1197.00,69.00,78.00,0.8548,-1,-1,-1
3942,2,1859.00,941.00,99.00,71.00,0.8423,-1,-1,-1
3943,1,2110.00,1196.00,68.00,78.00,0.8646,-1,-1,-1
3943,2,1857.00,942.00,100.00,68.00,0.8382,-1,-1,-1
3944,1,2109.00,1196.00,70.00,79.00,0.8780,-1,-1,-1
3944,2,1855.00,943.00,103.00,69.00,0.8504,-1,-1,-1
3945,1,2108.00,1196.00,71.00,79.00,0.8627,-1,-1,-1
3945,2,1855.00,943.00,106.00,67.00,0.8381,-1,-1,-1
3946,1,2105.00,1194.00,72.00,81.00,0.8701,-1,-1,-1
3946,2,1853.00,944.00,103.00,69.00,0.8335,-1,-1,-1
3947,1,2105.00,1195.00,71.00,79.00,0.8626,-1,-1,-1
3947,2,1850.00,944.00,106.00,69.00,0.8174,-1,-1,-1
3948,1,2105.00,1195.00,69.00,79.00,0.8614,-1,-1,-1
3948,2,1849.00,944.00,106.00,68.00,0.8168,-1,-1,-1
3949,1,2105.00,1195.00,69.00,80.00,0.8712,-1,-1,-1
3949,2,1847.00,944.00,111.00,69.00,0.7958,-1,-1,-1
3950,1,2104.00,1194.00,70.00,83.00,0.8673,-1,-1,-1
3950,2,1848.00,945.00,110.00,69.00,0.8023,-1,-1,-1
3951,1,2102.00,1194.00,73.00,84.00,0.8781,-1,-1,-1
3951,2,1843.00,944.00,113.00,70.00,0.8003,-1,-1,-1
3952,1,2101.00,1193.00,75.00,86.00,0.8828,-1,-1,-1
3952,2,1841.00,943.00,114.00,71.00,0.8101,-1,-1,-1
3953,1,2100.00,1194.00,75.00,85.00,0.8813,-1,-1,-1
3953,2,1844.00,943.00,109.00,70.00,0.7900,-1,-1,-1
3954,1,2101.00,1194.00,73.00,84.00,0.8776,-1,-1,-1
3954,2,1843.00,943.00,108.00,69.00,0.8143,-1,-1,-1
3955,1,2101.00,1194.00,73.00,84.00,0.8722,-1,-1,-1
3955,2,1843.00,943.00,107.00,69.00,0.8129,-1,-1,-1
3956,1,2100.00,1193.00,73.00,84.00,0.8787,-1,-1,-1
3956,2,1842.00,943.00,104.00,68.00,0.8067,-1,-1,-1
3957,1,2100.00,1192.00,73.00,85.00,0.8756,-1,-1,-1
3957,2,1840.00,943.00,105.00,68.00,0.7927,-1,-1,-1
3958,1,2100.00,1191.00,72.00,86.00,0.8734,-1,-1,-1
3958,2,1839.00,942.00,104.00,67.00,0.7829,-1,-1,-1
3959,1,2099.00,1191.00,73.00,85.00,0.8675,-1,-1,-1
3959,2,1838.00,941.00,106.00,69.00,0.7838,-1,-1,-1
3960,1,2098.00,1191.00,72.00,84.00,0.8526,-1,-1,-1
3960,2,1837.00,942.00,102.00,67.00,0.7438,-1,-1,-1
3961,1,2097.00,1191.00,72.00,84.00,0.8592,-1,-1,-1
3961,2,1836.00,942.00,97.00,64.00,0.7512,-1,-1,-1
3962,1,2097.00,1190.00,72.00,85.00,0.8596,-1,-1,-1
3962,2,1835.00,941.00,99.00,66.00,0.7596,-1,-1,-1
3963,1,2096.00,1190.00,73.00,86.00,0.8603,-1,-1,-1
3963,2,1833.00,941.00,103.00,67.00,0.7496,-1,-1,-1
3964,1,2097.00,1191.00,72.00,84.00,0.8667,-1,-1,-1
3964,2,1832.00,940.00,106.00,68.00,0.7479,-1,-1,-1
3965,1,2097.00,1192.00,71.00,83.00,0.8715,-1,-1,-1
3965,2,1832.00,941.00,104.00,68.00,0.7587,-1,-1,-1
3966,1,2097.00,1192.00,69.00,82.00,0.8559,-1,-1,-1
3966,2,1831.00,942.00,104.00,66.00,0.7489,-1,-1,-1
3967,1,2096.00,1193.00,70.00,81.00,0.8586,-1,-1,-1
3967,2,1831.00,942.00,101.00,67.00,0.7481,-1,-1,-1
3968,1,2097.00,1194.00,68.00,79.00,0.8614,-1,-1,-1
3968,2,1828.00,941.00,103.00,67.00,0.7439,-1,-1,-1
3969,1,2096.00,1194.00,68.00,79.00,0.8627,-1,-1,-1
3969,2,1828.00,941.00,96.00,66.00,0.7970,-1,-1,-1
3970,1,2096.00,1193.00,68.00,80.00,0.8692,-1,-1,-1
3970,2,1827.00,942.00,96.00,66.00,0.8272,-1,-1,-1
3971,1,2096.00,1193.00,67.00,80.00,0.8631,-1,-1,-1
3971,2,1826.00,942.00,98.00,66.00,0.8392,-1,-1,-1
3972,1,2097.00,1194.00,68.00,79.00,0.8674,-1,-1,-1
3972,2,1825.00,941.00,98.00,67.00,0.8403,-1,-1,-1
3973,1,2097.00,1194.00,70.00,80.00,0.8772,-1,-1,-1
3973,2,1824.00,941.00,97.00,67.00,0.8334,-1,-1,-1
3974,1,2098.00,1195.00,70.00,79.00,0.8815,-1,-1,-1
3974,2,1823.00,941.00,99.00,67.00,0.8295,-1,-1,-1
3975,1,2099.00,1195.00,70.00,79.00,0.8913,-1,-1,-1
3975,2,1823.00,941.00,99.00,68.00,0.8412,-1,-1,-1
3976,1,2099.00,1196.00,71.00,80.00,0.8946,-1,-1,-1
3976,2,1823.00,941.00,99.00,70.00,0.8452,-1,-1,-1
3977,1,2101.00,1196.00,70.00,80.00,0.8957,-1,-1,-1
3977,2,1824.00,942.00,99.00,69.00,0.8339,-1,-1,-1
3978,1,2100.00,1198.00,73.00,78.00,0.8995,-1,-1,-1
3978,2,1822.00,941.00,102.00,72.00,0.8366,-1,-1,-1
3979,1,2100.00,1197.00,73.00,80.00,0.9002,-1,-1,-1
3979,2,1822.00,941.00,103.00,73.00,0.8290,-1,-1,-1
3980,1,2100.00,1198.00,72.00,78.00,0.8965,-1,-1,-1
3980,2,1822.00,942.00,103.00,71.00,0.8390,-1,-1,-1
3981,1,2102.00,1198.00,70.00,80.00,0.8947,-1,-1,-1
3981,2,1823.00,943.00,100.00,72.00,0.8128,-1,-1,-1
3982,1,2101.00,1199.00,73.00,79.00,0.8937,-1,-1,-1
3982,2,1823.00,944.00,100.00,72.00,0.8220,-1,-1,-1
3983,1,2101.00,1198.00,73.00,81.00,0.8885,-1,-1,-1
3983,2,1821.00,944.00,104.00,73.00,0.8035,-1,-1,-1
3984,1,2101.00,1199.00,74.00,81.00,0.8899,-1,-1,-1
3984,2,1820.00,945.00,105.00,72.00,0.7898,-1,-1,-1
3985,1,2100.00,1200.00,75.00,82.00,0.8888,-1,-1,-1
3985,2,1821.00,948.00,104.00,70.00,0.7310,-1,-1,-1
3986,1,2100.00,1200.00,75.00,82.00,0.8774,-1,-1,-1
3986,2,1819.00,949.00,106.00,73.00,0.8000,-1,-1,-1
3987,1,2098.00,1200.00,78.00,84.00,0.8782,-1,-1,-1
3987,2,1819.00,950.00,105.00,73.00,0.8246,-1,-1,-1
3988,1,2098.00,1202.00,76.00,82.00,0.8444,-1,-1,-1
3988,2,1818.00,952.00,106.00,74.00,0.8478,-1,-1,-1
3989,1,2096.00,1203.00,77.00,83.00,0.8489,-1,-1,-1
3989,2,1816.00,953.00,109.00,75.00,0.8532,-1,-1,-1
3990,1,2095.00,1203.00,79.00,84.00,0.8653,-1,-1,-1
3990,2,1816.00,955.00,107.00,75.00,0.8476,-1,-1,-1
3991,1,2094.00,1205.00,78.00,84.00,0.8536,-1,-1,-1
3991,2,1812.00,956.00,113.00,75.00,0.8543,-1,-1,-1
3992,1,2092.00,1206.00,81.00,85.00,0.8766,-1,-1,-1
3992,2,1811.00,958.00,112.00,76.00,0.8696,-1,-1,-1
3993,1,2091.00,1208.00,79.00,84.00,0.8918,-1,-1,-1
3993,2,1810.00,961.00,112.00,72.00,0.8961,-1,-1,-1
3994,1,2093.00,1210.00,77.00,83.00,0.8908,-1,-1,-1
3994,2,1808.00,964.00,113.00,72.00,0.9114,-1,-1,-1
3995,1,2092.00,1212.00,79.00,87.00,0.8820,-1,-1,-1
3995,2,1807.00,965.00,114.00,73.00,0.9115,-1,-1,-1
3996,1,2091.00,1214.00,75.00,84.00,0.8442,-1,-1,-1
3996,2,1805.00,967.00,114.00,73.00,0.8824,-1,-1,-1
3997,1,2089.00,1215.00,77.00,86.00,0.8596,-1,-1,-1
3997,2,1806.00,971.00,107.00,70.00,0.8476,-1,-1,-1
3998,1,2087.00,1217.00,80.00,88.00,0.8691,-1,-1,-1
3998,2,1804.00,974.00,108.00,70.00,0.8442,-1,-1,-1
3999,1,2085.00,1220.00,82.00,88.00,0.8938,-1,-1,-1
3999,2,1804.00,977.00,110.00,69.00,0.8623,-1,-1,-1
4000,1,2084.00,1222.00,82.00,87.00,0.9169,-1,-1,-1
4000,2,1803.00,980.00,111.00,70.00,0.8513,-1,-1,-1
4001,1,2083.00,1223.00,83.00,88.00,0.9290,-1,-1,-1
4001,2,1801.00,980.00,118.00,74.00,0.8123,-1,-1,-1
4002,1,2081.00,1229.00,85.00,85.00,0.9174,-1,-1,-1
4002,2,1799.00,982.00,120.00,79.00,0.8349,-1,-1,-1
4003,1,2081.00,1233.00,84.00,84.00,0.9165,-1,-1,-1
4003,2,1797.00,986.00,116.00,72.00,0.8702,-1,-1,-1
4004,1,2083.00,1235.00,78.00,85.00,0.8819,-1,-1,-1
4004,2,1796.00,989.00,112.00,71.00,0.8808,-1,-1,-1
4005,1,2082.00,1237.00,80.00,85.00,0.8583,-1,-1,-1
4005,2,1793.00,991.00,116.00,75.00,0.8569,-1,-1,-1
4006,1,2080.00,1241.00,82.00,84.00,0.8614,-1,-1,-1
4006,2,1793.00,997.00,114.00,69.00,0.7517,-1,-1,-1
4007,1,2081.00,1245.00,79.00,82.00,0.8561,-1,-1,-1
4007,2,1792.00,1001.00,111.00,69.00,0.7983,-1,-1,-1
4008,1,2081.00,1249.00,81.00,82.00,0.8887,-1,-1,-1
4008,2,1791.00,1002.00,115.00,70.00,0.8698,-1,-1,-1
4009,1,2081.00,1254.00,82.00,80.00,0.9046,-1,-1,-1
4009,2,1791.00,1006.00,114.00,70.00,0.8602,-1,-1,-1
4010,1,2082.00,1257.00,80.00,79.00,0.9077,-1,-1,-1
4010,2,1790.00,1010.00,114.00,67.00,0.8571,-1,-1,-1
4011,1,2082.00,1259.00,77.00,77.00,0.8955,-1,-1,-1
4011,2,1787.00,1013.00,113.00,67.00,0.8435,-1,-1,-1
4012,1,2081.00,1262.00,80.00,81.00,0.8678,-1,-1,-1
4012,2,1785.00,1016.00,114.00,70.00,0.8619,-1,-1,-1
4013,1,2080.00,1267.00,79.00,80.00,0.8833,-1,-1,-1
4013,2,1784.00,1020.00,112.00,67.00,0.8669,-1,-1,-1
4014,1,2080.00,1270.00,79.00,79.00,0.8829,-1,-1,-1
4014,2,1783.00,1022.00,117.00,70.00,0.8665,-1,-1,-1
4015,1,2078.00,1274.00,80.00,77.00,0.8786,-1,-1,-1
4015,2,1781.00,1025.00,116.00,69.00,0.8844,-1,-1,-1
4016,1,2077.00,1278.00,81.00,78.00,0.8795,-1,-1,-1
4016,2,1780.00,1028.00,120.00,70.00,0.9119,-1,-1,-1
4017,1,2077.00,1282.00,80.00,77.00,0.8782,-1,-1,-1
4017,2,1780.00,1034.00,112.00,67.00,0.8003,-1,-1,-1
4018,1,2078.00,1281.00,79.00,82.00,0.8534,-1,-1,-1
4018,2,1776.00,1035.00,113.00,69.00,0.8129,-1,-1,-1
4019,1,2076.00,1284.00,79.00,81.00,0.8968,-1,-1,-1
4019,2,1774.00,1038.00,115.00,70.00,0.8035,-1,-1,-1
4020,1,2074.00,1286.00,82.00,83.00,0.8956,-1,-1,-1
4020,2,1773.00,1042.00,117.00,71.00,0.8218,-1,-1,-1
4021,1,2072.00,1290.00,84.00,82.00,0.9062,-1,-1,-1
4021,2,1772.00,1047.00,114.00,67.00,0.8057,-1,-1,-1
4022,1,2071.00,1292.00,83.00,82.00,0.9162,-1,-1,-1
4022,2,1770.00,1048.00,117.00,70.00,0.8337,-1,-1,-1
4023,1,2069.00,1296.00,83.00,82.00,0.8863,-1,-1,-1
4023,2,1767.00,1051.00,123.00,70.00,0.8479,-1,-1,-1
4024,1,2070.00,1298.00,79.00,81.00,0.8609,-1,-1,-1
4024,2,1768.00,1056.00,114.00,70.00,0.8660,-1,-1,-1
4025,1,2067.00,1299.00,83.00,84.00,0.8700,-1,-1,-1
4025,2,1766.00,1060.00,116.00,71.00,0.8481,-1,-1,-1
4026,1,2068.00,1304.00,79.00,83.00,0.8794,-1,-1,-1
4026,2,1764.00,1063.00,120.00,71.00,0.7970,-1,-1,-1
4027,1,2066.00,1307.00,85.00,88.00,0.8971,-1,-1,-1
4027,2,1763.00,1065.00,118.00,72.00,0.7666,-1,-1,-1
4028,1,2066.00,1311.00,76.00,83.00,0.8836,-1,-1,-1
4028,2,1763.00,1070.00,115.00,70.00,0.7678,-1,-1,-1
4029,1,2065.00,1316.00,78.00,84.00,0.8638,-1,-1,-1
4029,2,1763.00,1074.00,115.00,71.00,0.8216,-1,-1,-1
4030,1,2062.00,1319.00,81.00,85.00,0.9134,-1,-1,-1
4030,2,1761.00,1077.00,110.00,70.00,0.8381,-1,-1,-1
4031,1,2061.00,1322.00,82.00,85.00,0.9236,-1,-1,-1
4031,2,1760.00,1083.00,108.00,67.00,0.7624,-1,-1,-1
4032,1,2059.00,1327.00,87.00,86.00,0.9187,-1,-1,-1
4032,2,1758.00,1085.00,109.00,72.00,0.8285,-1,-1,-1
4033,1,2059.00,1331.00,84.00,85.00,0.9051,-1,-1,-1
4033,2,1756.00,1091.00,108.00,69.00,0.7795,-1,-1,-1
4034,1,2057.00,1333.00,83.00,88.00,0.8623,-1,-1,-1
4034,2,1755.00,1096.00,105.00,69.00,0.7785,-1,-1,-1
4035,1,2056.00,1335.00,86.00,92.00,0.8742,-1,-1,-1
4035,2,1753.00,1099.00,106.00,68.00,0.8543,-1,-1,-1
4036,1,2054.00,1342.00,87.00,88.00,0.9055,-1,-1,-1
4036,2,1750.00,1103.00,112.00,69.00,0.8837,-1,-1,-1
4037,1,2054.00,1346.00,87.00,86.00,0.8823,-1,-1,-1
4037,2,1748.00,1107.00,112.00,69.00,0.8669,-1,-1,-1
4038,1,2054.00,1350.00,87.00,87.00,0.8976,-1,-1,-1
4038,2,1745.00,1112.00,111.00,69.00,0.8318,-1,-1,-1
4039,1,2053.00,1354.00,83.00,84.00,0.8251,-1,-1,-1
4039,2,1745.00,1119.00,109.00,67.00,0.7026,-1,-1,-1
4040,1,2054.00,1359.00,83.00,85.00,0.8588,-1,-1,-1
4040,2,1744.00,1123.00,110.00,66.00,0.8028,-1,-1,-1
4041,1,2053.00,1364.00,82.00,86.00,0.8690,-1,-1,-1
4041,2,1745.00,1128.00,108.00,65.00,0.8285,-1,-1,-1
4042,1,2053.00,1371.00,81.00,80.00,0.8434,-1,-1,-1
4042,2,1742.00,1132.00,110.00,62.00,0.8397,-1,-1,-1
4043,1,2053.00,1375.00,84.00,82.00,0.8625,-1,-1,-1
4043,2,1738.00,1134.00,115.00,71.00,0.8981,-1,-1,-1
4044,1,2052.00,1378.00,82.00,82.00,0.8396,-1,-1,-1
4044,2,1738.00,1140.00,113.00,68.00,0.8123,-1,-1,-1
4045,1,2052.00,1383.00,83.00,84.00,0.8735,-1,-1,-1
4045,2,1737.00,1143.00,114.00,70.00,0.8844,-1,-1,-1
4046,1,2053.00,1390.00,77.00,76.00,0.8718,-1,-1,-1
4046,2,1735.00,1147.00,118.00,70.00,0.9070,-1,-1,-1
4047,1,2050.00,1396.00,87.00,80.00,0.8938,-1,-1,-1
4047,2,1732.00,1152.00,119.00,67.00,0.8941,-1,-1,-1
4048,1,2050.00,1401.00,82.00,78.00,0.8505,-1,-1,-1
4048,2,1731.00,1157.00,121.00,69.00,0.8723,-1,-1,-1
4049,1,2051.00,1404.00,83.00,82.00,0.8683,-1,-1,-1
4049,2,1730.00,1163.00,115.00,69.00,0.8599,-1,-1,-1
4050,1,2052.00,1409.00,80.00,81.00,0.8863,-1,-1,-1
4050,2,1730.00,1171.00,110.00,60.00,0.8380,-1,-1,-1
4051,1,2051.00,1418.00,80.00,74.00,0.8508,-1,-1,-1
4051,2,1729.00,1174.00,114.00,65.00,0.8739,-1,-1,-1
4052,1,2050.00,1421.00,82.00,78.00,0.8735,-1,-1,-1
4052,2,1725.00,1177.00,118.00,67.00,0.8301,-1,-1,-1
4053,1,2050.00,1426.00,79.00,76.00,0.7564,-1,-1,-1
4053,2,1723.00,1183.00,117.00,66.00,0.8276,-1,-1,-1
4054,1,2050.00,1430.00,82.00,79.00,0.8642,-1,-1,-1
4054,2,1722.00,1187.00,119.00,67.00,0.8101,-1,-1,-1
4055,1,2049.00,1435.00,79.00,78.00,0.8726,-1,-1,-1
4055,2,1720.00,1192.00,120.00,65.00,0.7758,-1,-1,-1
4056,1,2048.00,1441.00,84.00,78.00,0.8860,-1,-1,-1
4056,2,1718.00,1195.00,122.00,68.00,0.8400,-1,-1,-1
4057,1,2047.00,1446.00,79.00,76.00,0.8076,-1,-1,-1
4057,2,1717.00,1202.00,116.00,63.00,0.8436,-1,-1,-1
4058,1,2046.00,1448.00,82.00,81.00,0.8383,-1,-1,-1
4058,2,1716.00,1206.00,118.00,67.00,0.8543,-1,-1,-1
4059,1,2046.00,1451.00,80.00,82.00,0.8545,-1,-1,-1
4059,2,1713.00,1211.00,120.00,67.00,0.7954,-1,-1,-1
4060,1,2044.00,1456.00,83.00,84.00,0.8924,-1,-1,-1
4060,2,1715.00,1218.00,116.00,66.00,0.7477,-1,-1,-1
4061,1,2041.00,1462.00,82.00,80.00,0.8702,-1,-1,-1
4061,2,1711.00,1220.00,122.00,69.00,0.8197,-1,-1,-1
4062,1,2038.00,1464.00,84.00,85.00,0.8939,-1,-1,-1
4062,2,1708.00,1224.00,123.00,69.00,0.8015,-1,-1,-1
4063,1,2039.00,1470.00,82.00,81.00,0.8983,-1,-1,-1
4063,2,1705.00,1230.00,127.00,68.00,0.8431,-1,-1,-1
4064,1,2035.00,1475.00,84.00,80.00,0.8904,-1,-1,-1
4064,2,1707.00,1236.00,123.00,66.00,0.8210,-1,-1,-1
4065,1,2031.00,1476.00,87.00,84.00,0.8669,-1,-1,-1
4065,2,1706.00,1243.00,116.00,64.00,0.8484,-1,-1,-1
4066,1,2031.00,1480.00,88.00,88.00,0.8405,-1,-1,-1
4066,2,1703.00,1246.00,117.00,66.00,0.8586,-1,-1,-1
4067,1,2029.00,1486.00,91.00,85.00,0.8803,-1,-1,-1
4067,2,1701.00,1251.00,118.00,66.00,0.8097,-1,-1,-1
4068,1,2029.00,1490.00,89.00,86.00,0.8992,-1,-1,-1
4068,2,1700.00,1255.00,118.00,67.00,0.7891,-1,-1,-1
4069,1,2029.00,1495.00,89.00,87.00,0.9007,-1,-1,-1
4069,2,1695.00,1256.00,121.00,72.00,0.8554,-1,-1,-1
4070,1,2028.00,1500.00,93.00,92.00,0.8520,-1,-1,-1
4070,2,1695.00,1263.00,122.00,69.00,0.8255,-1,-1,-1
4071,1,2028.00,1505.00,91.00,89.00,0.8648,-1,-1,-1
4071,2,1696.00,1267.00,117.00,69.00,0.8655,-1,-1,-1
4072,1,2028.00,1509.00,89.00,88.00,0.8617,-1,-1,-1
4072,2,1695.00,1272.00,112.00,67.00,0.8292,-1,-1,-1
4073,1,2027.00,1513.00,87.00,89.00,0.8693,-1,-1,-1
4073,2,1694.00,1275.00,113.00,70.00,0.8186,-1,-1,-1
4074,1,2026.00,1516.00,88.00,91.00,0.8546,-1,-1,-1
4074,2,1690.00,1276.00,118.00,73.00,0.8134,-1,-1,-1
4075,1,2026.00,1522.00,88.00,91.00,0.8385,-1,-1,-1
4075,2,1692.00,1281.00,114.00,73.00,0.7955,-1,-1,-1
4076,1,2025.00,1527.00,86.00,89.00,0.8782,-1,-1,-1
4076,2,1689.00,1285.00,118.00,75.00,0.8343,-1,-1,-1
4077,1,2026.00,1532.00,86.00,89.00,0.8738,-1,-1,-1
4077,2,1687.00,1289.00,116.00,73.00,0.8463,-1,-1,-1
4078,1,2023.00,1537.00,89.00,87.00,0.8547,-1,-1,-1
4078,2,1684.00,1292.00,120.00,73.00,0.8599,-1,-1,-1
4079,1,2024.00,1539.00,87.00,90.00,0.7953,-1,-1,-1
4079,2,1682.00,1297.00,118.00,73.00,0.8028,-1,-1,-1
4080,1,2023.00,1546.00,88.00,89.00,0.8233,-1,-1,-1
4080,2,1681.00,1302.00,117.00,73.00,0.8304,-1,-1,-1
4081,1,2022.00,1551.00,89.00,86.00,0.8584,-1,-1,-1
4081,2,1678.00,1305.00,117.00,74.00,0.8305,-1,-1,-1
4082,1,2021.00,1554.00,88.00,86.00,0.8656,-1,-1,-1
4082,2,1675.00,1312.00,116.00,71.00,0.8455,-1,-1,-1
4083,1,2021.00,1559.00,87.00,85.00,0.8550,-1,-1,-1
4083,2,1672.00,1315.00,121.00,74.00,0.8806,-1,-1,-1
4084,1,2020.00,1562.00,87.00,84.00,0.8206,-1,-1,-1
4084,2,1670.00,1316.00,126.00,75.00,0.8672,-1,-1,-1
4085,1,2020.00,1565.00,85.00,84.00,0.8017,-1,-1,-1
4085,2,1669.00,1322.00,120.00,71.00,0.8493,-1,-1,-1
4086,1,2018.00,1570.00,88.00,83.00,0.8550,-1,-1,-1
4086,2,1668.00,1325.00,119.00,72.00,0.8303,-1,-1,-1
4087,1,2016.00,1573.00,86.00,78.00,0.8762,-1,-1,-1
4087,2,1668.00,1327.00,120.00,74.00,0.7856,-1,-1,-1
4088,1,2016.00,1575.00,85.00,82.00,0.8531,-1,-1,-1
4088,2,1666.00,1329.00,120.00,75.00,0.7643,-1,-1,-1
4089,1,2017.00,1579.00,86.00,82.00,0.8789,-1,-1,-1
4089,2,1664.00,1332.00,122.00,77.00,0.8495,-1,-1,-1
4090,1,2015.00,1582.00,88.00,81.00,0.8466,-1,-1,-1
4090,2,1664.00,1335.00,120.00,76.00,0.8865,-1,-1,-1
4091,1,2015.00,1586.00,86.00,77.00,0.8302,-1,-1,-1
4091,2,1661.00,1338.00,124.00,75.00,0.8899,-1,-1,-1
4092,1,2014.00,1589.00,81.00,72.00,0.8374,-1,-1,-1
4092,2,1658.00,1339.00,128.00,77.00,0.8918,-1,-1,-1
4093,1,2014.00,1591.00,79.00,71.00,0.8804,-1,-1,-1
4093,2,1655.00,1341.00,133.00,76.00,0.8664,-1,-1,-1
4094,1,2013.00,1593.00,80.00,72.00,0.9040,-1,-1,-1
4094,2,1654.00,1344.00,130.00,77.00,0.8516,-1,-1,-1
4095,1,2011.00,1595.00,82.00,71.00,0.8827,-1,-1,-1
4095,2,1654.00,1346.00,130.00,75.00,0.8219,-1,-1,-1
4096,1,2010.00,1596.00,80.00,73.00,0.8525,-1,-1,-1
4096,2,1652.00,1348.00,132.00,77.00,0.8337,-1,-1,-1
4097,1,2007.00,1598.00,85.00,72.00,0.8657,-1,-1,-1
4097,2,1650.00,1350.00,140.00,77.00,0.8498,-1,-1,-1
4098,1,2007.00,1600.00,82.00,71.00,0.8551,-1,-1,-1
4098,2,1649.00,1356.00,132.00,73.00,0.8741,-1,-1,-1
4099,1,2005.00,1601.00,83.00,70.00,0.8431,-1,-1,-1
4099,2,1648.00,1359.00,129.00,70.00,0.8579,-1,-1,-1
4100,1,2004.00,1602.00,87.00,74.00,0.8223,-1,-1,-1
4100,2,1647.00,1360.00,131.00,72.00,0.8789,-1,-1,-1
4101,1,2002.00,1601.00,87.00,75.00,0.7986,-1,-1,-1
4101,2,1647.00,1362.00,131.00,70.00,0.8665,-1,-1,-1
4102,1,1997.00,1599.00,94.00,79.00,0.8306,-1,-1,-1
4102,2,1646.00,1362.00,133.00,73.00,0.8714,-1,-1,-1
4103,1,1998.00,1600.00,88.00,76.00,0.8663,-1,-1,-1
4103,2,1644.00,1365.00,131.00,67.00,0.8332,-1,-1,-1
4104,1,1997.00,1600.00,88.00,78.00,0.8703,-1,-1,-1
4104,2,1644.00,1367.00,127.00,66.00,0.8376,-1,-1,-1
4105,1,1996.00,1600.00,88.00,78.00,0.8576,-1,-1,-1
4105,2,1642.00,1368.00,126.00,66.00,0.8273,-1,-1,-1
4106,1,1995.00,1599.00,87.00,79.00,0.8491,-1,-1,-1
4106,2,1641.00,1369.00,133.00,66.00,0.8305,-1,-1,-1
4107,1,1993.00,1599.00,88.00,79.00,0.8497,-1,-1,-1
4107,2,1637.00,1368.00,136.00,67.00,0.8303,-1,-1,-1
4108,1,1992.00,1599.00,89.00,79.00,0.8556,-1,-1,-1
4108,2,1636.00,1369.00,131.00,65.00,0.8263,-1,-1,-1
4109,1,1988.00,1597.00,94.00,81.00,0.8556,-1,-1,-1
4109,2,1634.00,1369.00,133.00,65.00,0.7844,-1,-1,-1
4110,1,1986.00,1597.00,96.00,82.00,0.8696,-1,-1,-1
4110,2,1633.00,1371.00,126.00,63.00,0.7502,-1,-1,-1
4111,1,1985.00,1597.00,97.00,83.00,0.8633,-1,-1,-1
4111,2,1631.00,1374.00,116.00,59.00,0.7772,-1,-1,-1
4112,1,1984.00,1597.00,97.00,83.00,0.8580,-1,-1,-1
4112,2,1630.00,1373.00,116.00,62.00,0.7788,-1,-1,-1
4113,1,1985.00,1597.00,90.00,81.00,0.8589,-1,-1,-1
4113,2,1627.00,1374.00,118.00,62.00,0.8073,-1,-1,-1
4114,1,1984.00,1597.00,87.00,80.00,0.8639,-1,-1,-1
4114,2,1625.00,1373.00,120.00,64.00,0.8074,-1,-1,-1
4115,1,1983.00,1596.00,87.00,80.00,0.8793,-1,-1,-1
4115,2,1624.00,1373.00,124.00,64.00,0.8232,-1,-1,-1
4116,1,1982.00,1596.00,88.00,79.00,0.8848,-1,-1,-1
4116,2,1623.00,1374.00,122.00,63.00,0.8167,-1,-1,-1
4117,1,1980.00,1595.00,88.00,77.00,0.8737,-1,-1,-1
4117,2,1621.00,1374.00,121.00,62.00,0.8247,-1,-1,-1
4118,1,1980.00,1596.00,87.00,75.00,0.8633,-1,-1,-1
4118,2,1619.00,1376.00,117.00,60.00,0.8204,-1,-1,-1
4119,1,1979.00,1595.00,89.00,77.00,0.8565,-1,-1,-1
4119,2,1618.00,1375.00,113.00,62.00,0.7978,-1,-1,-1
4120,1,1979.00,1595.00,88.00,78.00,0.8469,-1,-1,-1
4120,2,1617.00,1375.00,113.00,62.00,0.8097,-1,-1,-1
4121,1,1979.00,1596.00,89.00,77.00,0.8492,-1,-1,-1
4121,2,1616.00,1374.00,114.00,63.00,0.8097,-1,-1,-1
4122,1,1978.00,1596.00,90.00,78.00,0.8468,-1,-1,-1
4122,2,1614.00,1374.00,116.00,64.00,0.8152,-1,-1,-1
4123,1,1976.00,1596.00,92.00,77.00,0.8354,-1,-1,-1
4123,2,1613.00,1374.00,118.00,65.00,0.8126,-1,-1,-1
4124,1,1974.00,1595.00,95.00,79.00,0.8184,-1,-1,-1
4124,2,1612.00,1373.00,120.00,66.00,0.8052,-1,-1,-1
4125,1,1975.00,1596.00,92.00,74.00,0.8033,-1,-1,-1
4125,2,1611.00,1373.00,119.00,65.00,0.7924,-1,-1,-1
4126,1,1972.00,1595.00,96.00,77.00,0.7919,-1,-1,-1
4126,2,1608.00,1372.00,121.00,66.00,0.7859,-1,-1,-1
4127,1,1974.00,1596.00,93.00,72.00,0.7898,-1,-1,-1
4127,2,1608.00,1372.00,121.00,67.00,0.7879,-1,-1,-1
4128,1,1969.00,1595.00,97.00,73.00,0.8004,-1,-1,-1
4128,2,1605.00,1372.00,122.00,67.00,0.7974,-1,-1,-1
4129,1,1968.00,1593.00,95.00,75.00,0.7876,-1,-1,-1
4129,2,1603.00,1371.00,124.00,68.00,0.8043,-1,-1,-1
4130,1,1968.00,1592.00,92.00,76.00,0.7675,-1,-1,-1
4130,2,1601.00,1372.00,125.00,67.00,0.8250,-1,-1,-1
4131,1,1967.00,1592.00,92.00,76.00,0.7971,-1,-1,-1
4131,2,1599.00,1372.00,125.00,66.00,0.8290,-1,-1,-1
4132,1,1967.00,1592.00,92.00,75.00,0.8138,-1,-1,-1
4132,2,1597.00,1372.00,123.00,65.00,0.8347,-1,-1,-1
4133,1,1965.00,1592.00,94.00,73.00,0.8327,-1,-1,-1
4133,2,1596.00,1372.00,124.00,65.00,0.8301,-1,-1,-1
4134,1,1964.00,1591.00,95.00,73.00,0.8510,-1,-1,-1
4134,2,1595.00,1373.00,122.00,63.00,0.8372,-1,-1,-1
4135,1,1963.00,1590.00,98.00,74.00,0.8623,-1,-1,-1
4135,2,1595.00,1372.00,120.00,64.00,0.8480,-1,-1,-1
4136,1,1962.00,1589.00,98.00,75.00,0.8643,-1,-1,-1
4136,2,1594.00,1372.00,119.00,65.00,0.8442,-1,-1,-1
4137,1,1961.00,1590.00,98.00,73.00,0.8718,-1,-1,-1
4137,2,1592.00,1373.00,119.00,65.00,0.8415,-1,-1,-1
4138,1,1961.00,1591.00,95.00,72.00,0.8675,-1,-1,-1
4138,2,1589.00,1373.00,121.00,65.00,0.8343,-1,-1,-1
4139,1,1959.00,1591.00,96.00,70.00,0.8466,-1,-1,-1
4139,2,1589.00,1373.00,120.00,65.00,0.8117,-1,-1,-1
4140,1,1960.00,1590.00,90.00,69.00,0.8246,-1,-1,-1
4140,2,1588.00,1373.00,119.00,65.00,0.8210,-1,-1,-1
4141,1,1957.00,1589.00,91.00,70.00,0.8253,-1,-1,-1
4141,2,1585.00,1373.00,118.00,65.00,0.7953,-1,-1,-1
4142,1,1955.00,1587.00,92.00,71.00,0.8082,-1,-1,-1
4142,2,1582.00,1372.00,121.00,66.00,0.8081,-1,-1,-1
4143,1,1955.00,1587.00,88.00,69.00,0.8247,-1,-1,-1
4143,2,1581.00,1372.00,124.00,67.00,0.8018,-1,-1,-1
4144,1,1952.00,1586.00,91.00,70.00,0.8490,-1,-1,-1
4144,2,1580.00,1372.00,123.00,67.00,0.8240,-1,-1,-1
4145,1,1948.00,1584.00,94.00,72.00,0.8693,-1,-1,-1
4145,2,1577.00,1372.00,123.00,67.00,0.8237,-1,-1,-1
4146,1,1946.00,1583.00,94.00,72.00,0.8660,-1,-1,-1
4146,2,1576.00,1373.00,124.00,68.00,0.8259,-1,-1,-1
4147,1,1944.00,1581.00,95.00,74.00,0.8764,-1,-1,-1
4147,2,1575.00,1374.00,122.00,65.00,0.8038,-1,-1,-1
4148,1,1945.00,1580.00,92.00,73.00,0.8627,-1,-1,-1
4148,2,1574.00,1376.00,118.00,62.00,0.7840,-1,-1,-1
4149,1,1943.00,1579.00,93.00,74.00,0.8509,-1,-1,-1
4149,2,1571.00,1376.00,117.00,61.00,0.7588,-1,-1,-1
4150,1,1939.00,1575.00,97.00,78.00,0.8628,-1,-1,-1
4150,2,1572.00,1374.00,119.00,63.00,0.8102,-1,-1,-1
4151,1,1938.00,1575.00,97.00,77.00,0.8830,-1,-1,-1
4151,2,1571.00,1373.00,111.00,64.00,0.7874,-1,-1,-1
4152,1,1937.00,1574.00,95.00,77.00,0.8910,-1,-1,-1
4152,2,1570.00,1374.00,111.00,64.00,0.8069,-1,-1,-1
4153,1,1938.00,1574.00,89.00,75.00,0.8931,-1,-1,-1
4153,2,1568.00,1373.00,111.00,65.00,0.8026,-1,-1,-1
4154,1,1937.00,1574.00,90.00,75.00,0.8967,-1,-1,-1
4154,2,1567.00,1375.00,112.00,64.00,0.7779,-1,-1,-1
4155,1,1936.00,1574.00,90.00,75.00,0.8974,-1,-1,-1
4155,2,1567.00,1374.00,110.00,64.00,0.7736,-1,-1,-1
4156,1,1936.00,1574.00,89.00,75.00,0.9007,-1,-1,-1
4156,2,1564.00,1375.00,113.00,64.00,0.7603,-1,-1,-1
4157,1,1935.00,1575.00,88.00,73.00,0.9002,-1,-1,-1
4157,2,1561.00,1375.00,112.00,65.00,0.7532,-1,-1,-1
4158,1,1935.00,1575.00,86.00,72.00,0.8920,-1,-1,-1
4158,2,1560.00,1374.00,114.00,66.00,0.7466,-1,-1,-1
4159,1,1935.00,1575.00,84.00,71.00,0.8788,-1,-1,-1
4159,2,1558.00,1374.00,118.00,65.00,0.7598,-1,-1,-1
4160,1,1935.00,1575.00,82.00,71.00,0.8722,-1,-1,-1
4160,2,1557.00,1373.00,117.00,67.00,0.7364,-1,-1,-1
4161,1,1934.00,1575.00,82.00,70.00,0.8685,-1,-1,-1
4161,2,1555.00,1372.00,119.00,69.00,0.7530,-1,-1,-1
4162,1,1933.00,1575.00,84.00,70.00,0.8626,-1,-1,-1
4162,2,1555.00,1371.00,119.00,69.00,0.7719,-1,-1,-1
4163,1,1932.00,1575.00,85.00,70.00,0.8489,-1,-1,-1
4163,2,1554.00,1368.00,121.00,72.00,0.8104,-1,-1,-1
4164,1,1931.00,1574.00,85.00,70.00,0.8441,-1,-1,-1
4164,2,1551.00,1367.00,123.00,73.00,0.8305,-1,-1,-1
4165,1,1928.00,1574.00,88.00,70.00,0.8240,-1,-1,-1
4165,2,1550.00,1367.00,124.00,73.00,0.8376,-1,-1,-1
4166,1,1924.00,1571.00,91.00,75.00,0.8101,-1,-1,-1
4166,2,1548.00,1365.00,127.00,74.00,0.8419,-1,-1,-1
4167,1,1923.00,1570.00,91.00,75.00,0.8126,-1,-1,-1
4167,2,1546.00,1364.00,131.00,76.00,0.8635,-1,-1,-1
4168,1,1921.00,1570.00,94.00,75.00,0.7729,-1,-1,-1
4168,2,1545.00,1363.00,130.00,78.00,0.8601,-1,-1,-1
4169,1,1922.00,1572.00,90.00,71.00,0.7817,-1,-1,-1
4169,2,1543.00,1363.00,124.00,77.00,0.8561,-1,-1,-1
4170,1,1921.00,1572.00,91.00,72.00,0.7961,-1,-1,-1
4170,2,1541.00,1362.00,124.00,80.00,0.8534,-1,-1,-1
4171,1,1917.00,1569.00,94.00,76.00,0.8465,-1,-1,-1
4171,2,1536.00,1360.00,130.00,84.00,0.8572,-1,-1,-1
4172,1,1916.00,1568.00,95.00,77.00,0.8634,-1,-1,-1
4172,2,1535.00,1360.00,129.00,85.00,0.8622,-1,-1,-1
4173,1,1914.00,1567.00,96.00,77.00,0.8884,-1,-1,-1
4173,2,1534.00,1360.00,129.00,84.00,0.8651,-1,-1,-1
4174,1,1913.00,1567.00,96.00,77.00,0.8934,-1,-1,-1
4174,2,1533.00,1359.00,131.00,86.00,0.8574,-1,-1,-1
4175,1,1915.00,1567.00,93.00,74.00,0.8945,-1,-1,-1
4175,2,1532.00,1359.00,131.00,86.00,0.8619,-1,-1,-1
4176,1,1913.00,1566.00,95.00,76.00,0.8918,-1,-1,-1
4176,2,1531.00,1361.00,131.00,83.00,0.8478,-1,-1,-1
4177,1,1912.00,1566.00,96.00,75.00,0.8830,-1,-1,-1
4177,2,1531.00,1363.00,130.00,81.00,0.8422,-1,-1,-1
4178,1,1913.00,1566.00,93.00,73.00,0.8734,-1,-1,-1
4178,2,1530.00,1365.00,128.00,79.00,0.8392,-1,-1,-1
4179,1,1912.00,1566.00,94.00,72.00,0.8681,-1,-1,-1
4179,2,1529.00,1365.00,129.00,80.00,0.8312,-1,-1,-1
4180,1,1910.00,1565.00,95.00,73.00,0.8690,-1,-1,-1
4180,2,1526.00,1366.00,130.00,79.00,0.8306,-1,-1,-1
4181,1,1909.00,1565.00,94.00,72.00,0.8660,-1,-1,-1
4181,2,1525.00,1367.00,130.00,79.00,0.8361,-1,-1,-1
4182,1,1908.00,1565.00,92.00,71.00,0.8461,-1,-1,-1
4182,2,1522.00,1367.00,134.00,79.00,0.8308,-1,-1,-1
4183,1,1907.00,1564.00,92.00,72.00,0.8284,-1,-1,-1
4183,2,1520.00,1369.00,134.00,78.00,0.8266,-1,-1,-1
4184,1,1906.00,1564.00,92.00,72.00,0.8299,-1,-1,-1
4184,2,1516.00,1368.00,135.00,80.00,0.8363,-1,-1,-1
4185,1,1905.00,1563.00,91.00,72.00,0.8188,-1,-1,-1
4185,2,1514.00,1369.00,136.00,80.00,0.8339,-1,-1,-1
4186,1,1904.00,1563.00,90.00,70.00,0.8320,-1,-1,-1
4186,2,1512.00,1368.00,138.00,81.00,0.8325,-1,-1,-1
4187,1,1902.00,1562.00,92.00,71.00,0.8474,-1,-1,-1
4187,2,1510.00,1369.00,141.00,80.00,0.8204,-1,-1,-1
4188,1,1901.00,1562.00,91.00,70.00,0.8427,-1,-1,-1
4188,2,1508.00,1370.00,140.00,80.00,0.8244,-1,-1,-1
4189,1,1900.00,1562.00,93.00,70.00,0.8373,-1,-1,-1
4189,2,1507.00,1372.00,134.00,78.00,0.8156,-1,-1,-1
4190,1,1899.00,1561.00,92.00,71.00,0.8360,-1,-1,-1
4190,2,1505.00,1373.00,132.00,76.00,0.7864,-1,-1,-1
4191,1,1900.00,1563.00,89.00,70.00,0.8419,-1,-1,-1
4191,2,1503.00,1375.00,130.00,74.00,0.7668,-1,-1,-1
4192,1,1899.00,1563.00,89.00,69.00,0.8561,-1,-1,-1
4192,2,1501.00,1373.00,136.00,76.00,0.7870,-1,-1,-1
4193,1,1896.00,1561.00,90.00,70.00,0.8618,-1,-1,-1
4193,2,1499.00,1375.00,134.00,74.00,0.7389,-1,-1,-1
4194,1,1892.00,1555.00,92.00,70.00,0.8547,-1,-1,-1
4194,2,1499.00,1375.00,128.00,71.00,0.7255,-1,-1,-1
4195,1,1892.00,1553.00,93.00,69.00,0.8528,-1,-1,-1
4195,2,1500.00,1375.00,120.00,66.00,0.7495,-1,-1,-1
4196,1,1890.00,1544.00,94.00,70.00,0.8542,-1,-1,-1
4196,2,1501.00,1370.00,105.00,60.00,0.7607,-1,-1,-1
4197,1,1887.00,1529.00,96.00,69.00,0.8480,-1,-1,-1
4197,2,1498.00,1356.00,114.00,62.00,0.7397,-1,-1,-1
4198,1,1885.00,1509.00,97.00,72.00,0.8629,-1,-1,-1
4198,2,1496.00,1333.00,126.00,68.00,0.6724,-1,-1,-1
4199,1,1885.00,1485.00,91.00,70.00,0.8182,-1,-1,-1
4199,2,1496.00,1309.00,125.00,68.00,0.7052,-1,-1,-1
4200,1,1883.00,1459.00,93.00,67.00,0.8818,-1,-1,-1
4200,2,1495.00,1286.00,122.00,66.00,0.7416,-1,-1,-1
4201,1,1882.00,1429.00,92.00,67.00,0.8379,-1,-1,-1
4201,2,1494.00,1261.00,111.00,61.00,0.8118,-1,-1,-1
4202,1,1880.00,1397.00,99.00,71.00,0.8282,-1,-1,-1
4202,2,1493.00,1229.00,115.00,62.00,0.7439,-1,-1,-1
4203,1,1879.00,1363.00,95.00,70.00,0.8856,-1,-1,-1
4203,2,1492.00,1201.00,114.00,60.00,0.8288,-1,-1,-1
4204,1,1877.00,1332.00,96.00,69.00,0.8926,-1,-1,-1
4204,2,1491.00,1169.00,113.00,60.00,0.8367,-1,-1,-1
4205,1,1879.00,1298.00,93.00,70.00,0.8349,-1,-1,-1
4205,2,1490.00,1133.00,114.00,62.00,0.7835,-1,-1,-1
4206,1,1876.00,1263.00,95.00,70.00,0.8361,-1,-1,-1
4206,2,1488.00,1102.00,113.00,60.00,0.8555,-1,-1,-1
4207,1,1873.00,1234.00,98.00,70.00,0.9002,-1,-1,-1
4207,2,1485.00,1068.00,115.00,64.00,0.7771,-1,-1,-1
4208,1,1873.00,1207.00,97.00,68.00,0.8379,-1,-1,-1
4208,2,1485.00,1042.00,116.00,62.00,0.7865,-1,-1,-1
4209,1,1873.00,1183.00,96.00,69.00,0.8330,-1,-1,-1
4209,2,1483.00,1018.00,119.00,63.00,0.7712,-1,-1,-1
4210,1,1870.00,1160.00,101.00,73.00,0.8711,-1,-1,-1
4210,2,1481.00,995.00,118.00,65.00,0.7586,-1,-1,-1
4211,1,1870.00,1141.00,96.00,69.00,0.8202,-1,-1,-1
4211,2,1480.00,980.00,120.00,64.00,0.8101,-1,-1,-1
4212,1,1867.00,1124.00,97.00,71.00,0.8780,-1,-1,-1
4212,2,1479.00,964.00,118.00,65.00,0.8160,-1,-1,-1
4213,1,1867.00,1113.00,98.00,71.00,0.8825,-1,-1,-1
4213,2,1475.00,950.00,125.00,66.00,0.7381,-1,-1,-1
4214,1,1864.00,1101.00,97.00,71.00,0.9159,-1,-1,-1
4214,2,1476.00,944.00,119.00,63.00,0.8210,-1,-1,-1
4215,1,1864.00,1094.00,98.00,72.00,0.9044,-1,-1,-1
4215,2,1474.00,937.00,118.00,63.00,0.8100,-1,-1,-1
4216,1,1862.00,1091.00,98.00,72.00,0.8931,-1,-1,-1
4216,2,1473.00,932.00,118.00,64.00,0.7886,-1,-1,-1
4217,1,1861.00,1089.00,97.00,71.00,0.8954,-1,-1,-1
4217,2,1470.00,930.00,122.00,67.00,0.7870,-1,-1,-1
4218,1,1861.00,1088.00,97.00,71.00,0.8881,-1,-1,-1
4218,2,1469.00,931.00,122.00,66.00,0.8029,-1,-1,-1
4219,1,1860.00,1087.00,98.00,72.00,0.8896,-1,-1,-1
4219,2,1466.00,932.00,123.00,66.00,0.8013,-1,-1,-1
4220,1,1859.00,1086.00,98.00,73.00,0.8849,-1,-1,-1
4220,2,1464.00,932.00,125.00,67.00,0.7971,-1,-1,-1
4221,1,1858.00,1086.00,97.00,73.00,0.8784,-1,-1,-1
4221,2,1463.00,933.00,118.00,63.00,0.7668,-1,-1,-1
4222,1,1858.00,1086.00,96.00,73.00,0.8822,-1,-1,-1
4222,2,1462.00,934.00,113.00,62.00,0.7657,-1,-1,-1
4223,1,1856.00,1085.00,95.00,75.00,0.8761,-1,-1,-1
4223,2,1460.00,935.00,117.00,63.00,0.7842,-1,-1,-1
4224,1,1856.00,1085.00,93.00,73.00,0.8850,-1,-1,-1
4224,2,1459.00,936.00,117.00,62.00,0.7889,-1,-1,-1
4225,1,1855.00,1085.00,92.00,71.00,0.8909,-1,-1,-1
4225,2,1456.00,935.00,118.00,63.00,0.8092,-1,-1,-1
4226,1,1855.00,1086.00,92.00,69.00,0.8887,-1,-1,-1
4226,2,1456.00,937.00,113.00,61.00,0.7941,-1,-1,-1
4227,1,1854.00,1087.00,91.00,68.00,0.8841,-1,-1,-1
4227,2,1454.00,938.00,118.00,61.00,0.7747,-1,-1,-1
4228,1,1853.00,1086.00,92.00,69.00,0.8823,-1,-1,-1
4228,2,1454.00,938.00,115.00,61.00,0.7788,-1,-1,-1
4229,1,1853.00,1087.00,90.00,67.00,0.8562,-1,-1,-1
4229,2,1453.00,937.00,123.00,64.00,0.7888,-1,-1,-1
4230,1,1853.00,1087.00,88.00,65.00,0.8332,-1,-1,-1
4230,2,1451.00,938.00,122.00,62.00,0.7823,-1,-1,-1
4231,1,1851.00,1087.00,90.00,64.00,0.8357,-1,-1,-1
4231,2,1450.00,937.00,122.00,62.00,0.7616,-1,-1,-1
4232,1,1849.00,1087.00,91.00,65.00,0.8371,-1,-1,-1
4232,2,1451.00,938.00,110.00,60.00,0.7154,-1,-1,-1
4233,1,1846.00,1085.00,95.00,68.00,0.8449,-1,-1,-1
4233,2,1449.00,938.00,110.00,61.00,0.7243,-1,-1,-1
4234,1,1844.00,1084.00,95.00,69.00,0.8659,-1,-1,-1
4234,2,1448.00,940.00,107.00,59.00,0.7278,-1,-1,-1
4235,1,1842.00,1083.00,95.00,69.00,0.8448,-1,-1,-1
4235,2,1447.00,941.00,97.00,58.00,0.7572,-1,-1,-1
4236,1,1839.00,1082.00,95.00,66.00,0.8428,-1,-1,-1
4236,2,1445.00,942.00,102.00,57.00,0.7523,-1,-1,-1
4237,1,1836.00,1080.00,98.00,68.00,0.8411,-1,-1,-1
4237,2,1443.00,942.00,100.00,57.00,0.7682,-1,-1,-1
4238,1,1833.00,1079.00,101.00,69.00,0.8024,-1,-1,-1
4238,2,1441.00,942.00,106.00,57.00,0.7407,-1,-1,-1
4239,1,1834.00,1079.00,96.00,66.00,0.8023,-1,-1,-1
4239,2,1439.00,941.00,109.00,58.00,0.7500,-1,-1,-1
4240,1,1832.00,1078.00,98.00,67.00,0.8079,-1,-1,-1
4240,2,1437.00,941.00,115.00,58.00,0.7420,-1,-1,-1
4241,1,1828.00,1077.00,105.00,70.00,0.8296,-1,-1,-1
4241,2,1434.00,941.00,114.00,60.00,0.7561,-1,-1,-1
4242,1,1826.00,1077.00,107.00,71.00,0.8457,-1,-1,-1
4242,2,1434.00,941.00,111.00,60.00,0.7675,-1,-1,-1
4243,1,1825.00,1076.00,105.00,72.00,0.8698,-1,-1,-1
4243,2,1433.00,942.00,110.00,60.00,0.7478,-1,-1,-1
4244,1,1824.00,1076.00,102.00,72.00,0.8746,-1,-1,-1
4244,2,1432.00,942.00,110.00,60.00,0.7738,-1,-1,-1
4245,1,1823.00,1075.00,100.00,71.00,0.8533,-1,-1,-1
4245,2,1430.00,942.00,107.00,60.00,0.7688,-1,-1,-1
4246,1,1822.00,1075.00,101.00,71.00,0.8247,-1,-1,-1
4246,2,1428.00,943.00,106.00,60.00,0.7470,-1,-1,-1
4247,1,1822.00,1075.00,100.00,71.00,0.7983,-1,-1,-1
4247,2,1427.00,944.00,105.00,59.00,0.7403,-1,-1,-1
4248,1,1823.00,1074.00,97.00,72.00,0.8109,-1,-1,-1
4248,2,1425.00,944.00,109.00,59.00,0.7288,-1,-1,-1
4249,1,1822.00,1074.00,99.00,73.00,0.8307,-1,-1,-1
4249,2,1424.00,944.00,107.00,60.00,0.7603,-1,-1,-1
4250,1,1820.00,1073.00,100.00,74.00,0.8505,-1,-1,-1
4250,2,1422.00,943.00,114.00,61.00,0.7720,-1,-1,-1
4251,1,1819.00,1074.00,100.00,71.00,0.8469,-1,-1,-1
4251,2,1420.00,944.00,115.00,61.00,0.7844,-1,-1,-1
4252,1,1817.00,1074.00,102.00,71.00,0.8541,-1,-1,-1
4252,2,1419.00,943.00,115.00,62.00,0.7781,-1,-1,-1
4253,1,1816.00,1075.00,100.00,70.00,0.8480,-1,-1,-1
4253,2,1417.00,944.00,113.00,63.00,0.7646,-1,-1,-1
4254,1,1815.00,1075.00,99.00,69.00,0.8617,-1,-1,-1
4254,2,1415.00,943.00,117.00,65.00,0.7924,-1,-1,-1
4255,1,1814.00,1076.00,97.00,67.00,0.8512,-1,-1,-1
4255,2,1414.00,942.00,117.00,65.00,0.7777,-1,-1,-1
4256,1,1814.00,1077.00,96.00,65.00,0.8418,-1,-1,-1
4256,2,1413.00,945.00,111.00,63.00,0.7754,-1,-1,-1
4257,1,1815.00,1078.00,92.00,62.00,0.8390,-1,-1,-1
4257,2,1411.00,945.00,113.00,63.00,0.7972,-1,-1,-1
4258,1,1814.00,1077.00,92.00,63.00,0.8497,-1,-1,-1
4258,2,1409.00,945.00,111.00,63.00,0.8000,-1,-1,-1
4259,1,1812.00,1077.00,94.00,64.00,0.8711,-1,-1,-1
4259,2,1406.00,944.00,118.00,66.00,0.7939,-1,-1,-1
4260,1,1812.00,1077.00,93.00,64.00,0.8745,-1,-1,-1
4260,2,1405.00,944.00,116.00,66.00,0.7950,-1,-1,-1
4261,1,1811.00,1077.00,92.00,64.00,0.8729,-1,-1,-1
4261,2,1404.00,945.00,112.00,65.00,0.8136,-1,-1,-1
4262,1,1810.00,1077.00,93.00,63.00,0.8698,-1,-1,-1
4262,2,1402.00,944.00,118.00,66.00,0.7861,-1,-1,-1
4263,1,1809.00,1075.00,93.00,66.00,0.8574,-1,-1,-1
4263,2,1401.00,945.00,114.00,65.00,0.7953,-1,-1,-1
4264,1,1808.00,1075.00,94.00,65.00,0.8701,-1,-1,-1
4264,2,1399.00,945.00,118.00,66.00,0.7897,-1,-1,-1
4265,1,1807.00,1074.00,94.00,66.00,0.8865,-1,-1,-1
4265,2,1398.00,945.00,115.00,66.00,0.8118,-1,-1,-1
4266,1,1807.00,1074.00,92.00,65.00,0.8869,-1,-1,-1
4266,2,1396.00,945.00,118.00,66.00,0.8154,-1,-1,-1
4267,1,1805.00,1073.00,94.00,66.00,0.8833,-1,-1,-1
4267,2,1394.00,946.00,116.00,66.00,0.8176,-1,-1,-1
4268,1,1804.00,1073.00,95.00,65.00,0.8744,-1,-1,-1
4268,2,1393.00,946.00,119.00,66.00,0.8033,-1,-1,-1
4269,1,1803.00,1073.00,95.00,65.00,0.8547,-1,-1,-1
4269,2,1392.00,948.00,120.00,65.00,0.7925,-1,-1,-1
4270,1,1803.00,1073.00,94.00,65.00,0.8373,-1,-1,-1
4270,2,1390.00,947.00,120.00,66.00,0.7966,-1,-1,-1
4271,1,1800.00,1073.00,96.00,65.00,0.7794,-1,-1,-1
4271,2,1389.00,948.00,115.00,64.00,0.7780,-1,-1,-1
4272,1,1799.00,1073.00,96.00,64.00,0.7892,-1,-1,-1
4272,2,1387.00,947.00,121.00,66.00,0.8028,-1,-1,-1
4273,1,1797.00,1073.00,97.00,63.00,0.8166,-1,-1,-1
4273,2,1383.00,947.00,128.00,67.00,0.8221,-1,-1,-1
4274,1,1796.00,1073.00,98.00,63.00,0.8533,-1,-1,-1
4274,2,1381.00,947.00,126.00,68.00,0.8002,-1,-1,-1
4275,1,1795.00,1073.00,97.00,63.00,0.8754,-1,-1,-1
4275,2,1381.00,947.00,127.00,68.00,0.7862,-1,-1,-1
4276,1,1793.00,1073.00,100.00,63.00,0.8851,-1,-1,-1
4276,2,1379.00,949.00,120.00,67.00,0.7288,-1,-1,-1
4277,1,1792.00,1074.00,99.00,61.00,0.8705,-1,-1,-1
4277,2,1378.00,951.00,118.00,64.00,0.7221,-1,-1,-1
4278,1,1791.00,1074.00,99.00,61.00,0.8495,-1,-1,-1
4278,2,1377.00,948.00,121.00,68.00,0.7374,-1,-1,-1
4279,1,1791.00,1075.00,98.00,60.00,0.8387,-1,-1,-1
4279,2,1375.00,949.00,118.00,67.00,0.7623,-1,-1,-1
4280,1,1788.00,1075.00,99.00,59.00,0.8169,-1,-1,-1
4280,2,1374.00,948.00,120.00,69.00,0.7707,-1,-1,-1
4281,1,1786.00,1075.00,99.00,59.00,0.8037,-1,-1,-1
4281,2,1372.00,947.00,125.00,71.00,0.7889,-1,-1,-1
4282,1,1786.00,1075.00,94.00,56.00,0.7913,-1,-1,-1
4282,2,1370.00,948.00,124.00,71.00,0.7907,-1,-1,-1
4283,1,1783.00,1073.00,96.00,58.00,0.7827,-1,-1,-1
4283,2,1368.00,952.00,119.00,67.00,0.7787,-1,-1,-1
4284,1,1781.00,1073.00,97.00,58.00,0.8135,-1,-1,-1
4284,2,1365.00,952.00,124.00,68.00,0.7899,-1,-1,-1
4285,1,1779.00,1073.00,95.00,57.00,0.8638,-1,-1,-1
4285,2,1365.00,954.00,122.00,66.00,0.7956,-1,-1,-1
4286,1,1778.00,1072.00,95.00,57.00,0.8296,-1,-1,-1
4286,2,1366.00,956.00,120.00,63.00,0.7940,-1,-1,-1
4287,1,1777.00,1071.00,96.00,58.00,0.8118,-1,-1,-1
4287,2,1363.00,956.00,122.00,64.00,0.8099,-1,-1,-1
4288,1,1776.00,1070.00,95.00,59.00,0.8195,-1,-1,-1
4288,2,1362.00,956.00,124.00,65.00,0.8188,-1,-1,-1
4289,1,1774.00,1069.00,97.00,60.00,0.8271,-1,-1,-1
4289,2,1360.00,955.00,127.00,68.00,0.8379,-1,-1,-1
4290,1,1771.00,1069.00,99.00,59.00,0.8012,-1,-1,-1
4290,2,1359.00,958.00,120.00,64.00,0.7980,-1,-1,-1
4291,1,1770.00,1069.00,98.00,59.00,0.7929,-1,-1,-1
4291,2,1359.00,959.00,119.00,63.00,0.7984,-1,-1,-1
4292,1,1768.00,1069.00,100.00,59.00,0.8234,-1,-1,-1
4292,2,1357.00,961.00,119.00,60.00,0.7786,-1,-1,-1
4293,1,1767.00,1068.00,100.00,61.00,0.8248,-1,-1,-1
4293,2,1355.00,961.00,121.00,62.00,0.7900,-1,-1,-1
4294,1,1765.00,1068.00,100.00,60.00,0.8358,-1,-1,-1
4294,2,1353.00,960.00,124.00,64.00,0.7899,-1,-1,-1
4295,1,1764.00,1069.00,103.00,60.00,0.8320,-1,-1,-1
4295,2,1351.00,961.00,126.00,64.00,0.7682,-1,-1,-1
4296,1,1762.00,1069.00,104.00,60.00,0.8508,-1,-1,-1
4296,2,1350.00,963.00,119.00,63.00,0.7411,-1,-1,-1
4297,1,1762.00,1069.00,103.00,58.00,0.8443,-1,-1,-1
4297,2,1349.00,964.00,117.00,62.00,0.7800,-1,-1,-1
4298,1,1762.00,1068.00,98.00,58.00,0.8502,-1,-1,-1
4298,2,1348.00,966.00,114.00,60.00,0.7926,-1,-1,-1
4299,1,1762.00,1068.00,96.00,58.00,0.8384,-1,-1,-1
4299,2,1346.00,967.00,111.00,60.00,0.8171,-1,-1,-1
4300,1,1758.00,1068.00,101.00,59.00,0.8319,-1,-1,-1
4300,2,1345.00,965.00,111.00,63.00,0.8125,-1,-1,-1
4301,1,1757.00,1067.00,102.00,61.00,0.8547,-1,-1,-1
4301,2,1343.00,964.00,106.00,64.00,0.8046,-1,-1,-1
4302,1,1756.00,1066.00,101.00,62.00,0.8854,-1,-1,-1
4302,2,1342.00,964.00,107.00,63.00,0.8008,-1,-1,-1
4303,1,1755.00,1065.00,101.00,63.00,0.8902,-1,-1,-1
4303,2,1339.00,962.00,109.00,67.00,0.8149,-1,-1,-1
4304,1,1755.00,1065.00,99.00,63.00,0.8894,-1,-1,-1
4304,2,1337.00,961.00,108.00,67.00,0.8296,-1,-1,-1
4305,1,1754.00,1066.00,99.00,62.00,0.8956,-1,-1,-1
4305,2,1334.00,962.00,109.00,68.00,0.8410,-1,-1,-1
4306,1,1753.00,1066.00,99.00,61.00,0.8872,-1,-1,-1
4306,2,1334.00,963.00,104.00,67.00,0.8196,-1,-1,-1
4307,1,1752.00,1066.00,100.00,60.00,0.8829,-1,-1,-1
4307,2,1332.00,963.00,106.00,68.00,0.8134,-1,-1,-1
4308,1,1751.00,1066.00,99.00,60.00,0.8803,-1,-1,-1
4308,2,1331.00,964.00,103.00,68.00,0.8052,-1,-1,-1
4309,1,1750.00,1066.00,97.00,59.00,0.8503,-1,-1,-1
4309,2,1330.00,964.00,106.00,68.00,0.8163,-1,-1,-1
4310,1,1749.00,1066.00,98.00,59.00,0.8482,-1,-1,-1
4310,2,1328.00,965.00,106.00,68.00,0.8216,-1,-1,-1
4311,1,1748.00,1066.00,98.00,58.00,0.8383,-1,-1,-1
4311,2,1326.00,965.00,110.00,70.00,0.8213,-1,-1,-1
4312,1,1745.00,1066.00,101.00,57.00,0.8362,-1,-1,-1
4312,2,1325.00,966.00,110.00,69.00,0.8192,-1,-1,-1
4313,1,1744.00,1066.00,101.00,57.00,0.8418,-1,-1,-1
4313,2,1323.00,968.00,112.00,67.00,0.8483,-1,-1,-1
4314,1,1743.00,1065.00,100.00,58.00,0.8399,-1,-1,-1
4314,2,1321.00,967.00,116.00,70.00,0.8758,-1,-1,-1
4315,1,1743.00,1066.00,95.00,55.00,0.8254,-1,-1,-1
4315,2,1319.00,967.00,119.00,70.00,0.8660,-1,-1,-1
4316,1,1742.00,1065.00,97.00,57.00,0.8185,-1,-1,-1
4316,2,1317.00,967.00,120.00,70.00,0.8473,-1,-1,-1
4317,1,1741.00,1065.00,96.00,56.00,0.8267,-1,-1,-1
4317,2,1316.00,967.00,120.00,72.00,0.8476,-1,-1,-1
4318,1,1741.00,1065.00,92.00,54.00,0.8227,-1,-1,-1
4318,2,1310.00,965.00,129.00,77.00,0.8490,-1,-1,-1
4319,1,1740.00,1065.00,92.00,54.00,0.8326,-1,-1,-1
4319,2,1308.00,965.00,131.00,78.00,0.8419,-1,-1,-1
4320,1,1739.00,1066.00,91.00,53.00,0.8318,-1,-1,-1
4320,2,1307.00,966.00,129.00,77.00,0.8195,-1,-1,-1
4321,1,1739.00,1066.00,89.00,52.00,0.8345,-1,-1,-1
4321,2,1309.00,973.00,111.00,68.00,0.7368,-1,-1,-1
4322,1,1737.00,1066.00,90.00,52.00,0.8346,-1,-1,-1
4322,2,1308.00,974.00,110.00,67.00,0.7490,-1,-1,-1
4323,1,1734.00,1065.00,92.00,53.00,0.8540,-1,-1,-1
4323,2,1306.00,975.00,110.00,66.00,0.7551,-1,-1,-1
4324,1,1731.00,1065.00,95.00,53.00,0.8687,-1,-1,-1
4324,2,1305.00,976.00,110.00,66.00,0.7526,-1,-1,-1
4325,1,1727.00,1064.00,101.00,55.00,0.8719,-1,-1,-1
4325,2,1303.00,975.00,115.00,68.00,0.7625,-1,-1,-1
4326,1,1726.00,1065.00,100.00,54.00,0.8434,-1,-1,-1
4326,2,1302.00,976.00,115.00,68.00,0.7781,-1,-1,-1
4327,1,1724.00,1064.00,100.00,55.00,0.8451,-1,-1,-1
4327,2,1300.00,978.00,116.00,66.00,0.7838,-1,-1,-1
4328,1,1720.00,1060.00,103.00,58.00,0.8513,-1,-1,-1
4328,2,1299.00,979.00,115.00,65.00,0.7849,-1,-1,-1
4329,1,1718.00,1060.00,103.00,58.00,0.8890,-1,-1,-1
4329,2,1297.00,979.00,116.00,66.00,0.7627,-1,-1,-1
4330,1,1715.00,1059.00,105.00,59.00,0.9174,-1,-1,-1
4330,2,1296.00,979.00,119.00,68.00,0.7561,-1,-1,-1
4331,1,1712.00,1058.00,107.00,59.00,0.9064,-1,-1,-1
4331,2,1294.00,980.00,118.00,67.00,0.7435,-1,-1,-1
4332,1,1710.00,1057.00,108.00,60.00,0.8784,-1,-1,-1
4332,2,1294.00,982.00,111.00,65.00,0.7169,-1,-1,-1
4333,1,1711.00,1057.00,102.00,59.00,0.8626,-1,-1,-1
4333,2,1292.00,982.00,112.00,66.00,0.7136,-1,-1,-1
4334,1,1710.00,1057.00,103.00,59.00,0.8553,-1,-1,-1
4334,2,1291.00,980.00,118.00,68.00,0.7353,-1,-1,-1
4335,1,1707.00,1056.00,107.00,61.00,0.8441,-1,-1,-1
4335,2,1289.00,981.00,118.00,67.00,0.7643,-1,-1,-1
4336,1,1705.00,1056.00,108.00,61.00,0.8704,-1,-1,-1
4336,2,1287.00,982.00,114.00,66.00,0.7704,-1,-1,-1
4337,1,1703.00,1055.00,110.00,63.00,0.8789,-1,-1,-1
4337,2,1287.00,983.00,105.00,66.00,0.7416,-1,-1,-1
4338,1,1701.00,1055.00,112.00,63.00,0.8687,-1,-1,-1
4338,2,1284.00,984.00,109.00,65.00,0.7543,-1,-1,-1
4339,1,1701.00,1055.00,109.00,62.00,0.8622,-1,-1,-1
4339,2,1283.00,985.00,108.00,65.00,0.7359,-1,-1,-1
4340,1,1700.00,1055.00,108.00,61.00,0.8570,-1,-1,-1
4340,2,1282.00,987.00,106.00,65.00,0.7298,-1,-1,-1
4341,1,1702.00,1058.00,101.00,55.00,0.8256,-1,-1,-1
4341,2,1282.00,988.00,104.00,64.00,0.7627,-1,-1,-1
4342,1,1702.00,1058.00,99.00,55.00,0.8238,-1,-1,-1
4342,2,1281.00,989.00,104.00,63.00,0.7718,-1,-1,-1
4343,1,1700.00,1054.00,99.00,60.00,0.8215,-1,-1,-1
4343,2,1280.00,990.00,100.00,62.00,0.7870,-1,-1,-1
4344,1,1699.00,1055.00,99.00,59.00,0.8299,-1,-1,-1
4344,2,1277.00,991.00,102.00,63.00,0.7959,-1,-1,-1
4345,1,1698.00,1055.00,98.00,58.00,0.8334,-1,-1,-1
4345,2,1276.00,992.00,104.00,62.00,0.8078,-1,-1,-1
4346,1,1697.00,1055.00,100.00,59.00,0.8650,-1,-1,-1
4346,2,1273.00,991.00,112.00,65.00,0.8228,-1,-1,-1
4347,1,1695.00,1054.00,101.00,60.00,0.8942,-1,-1,-1
4347,2,1272.00,991.00,112.00,66.00,0.8139,-1,-1,-1
4348,1,1694.00,1055.00,101.00,59.00,0.8944,-1,-1,-1
4348,2,1270.00,990.00,116.00,68.00,0.8216,-1,-1,-1
4349,1,1693.00,1055.00,103.00,60.00,0.8926,-1,-1,-1
4349,2,1269.00,990.00,115.00,68.00,0.8273,-1,-1,-1
4350,1,1692.00,1054.00,104.00,63.00,0.8911,-1,-1,-1
4350,2,1266.00,991.00,115.00,67.00,0.8292,-1,-1,-1
4351,1,1691.00,1055.00,104.00,64.00,0.8679,-1,-1,-1
4351,2,1265.00,991.00,116.00,68.00,0.8253,-1,-1,-1
4352,1,1691.00,1056.00,99.00,61.00,0.8655,-1,-1,-1
4352,2,1263.00,992.00,115.00,67.00,0.8187,-1,-1,-1
4353,1,1690.00,1056.00,99.00,59.00,0.8663,-1,-1,-1
4353,2,1261.00,991.00,118.00,68.00,0.8137,-1,-1,-1
4354,1,1690.00,1056.00,97.00,59.00,0.8672,-1,-1,-1
4354,2,1260.00,990.00,121.00,71.00,0.8212,-1,-1,-1
4355,1,1689.00,1056.00,96.00,58.00,0.8601,-1,-1,-1
4355,2,1258.00,990.00,124.00,71.00,0.8264,-1,-1,-1
4356,1,1689.00,1056.00,94.00,56.00,0.8512,-1,-1,-1
4356,2,1257.00,990.00,121.00,70.00,0.8015,-1,-1,-1
4357,1,1685.00,1053.00,97.00,58.00,0.8149,-1,-1,-1
4357,2,1257.00,991.00,114.00,68.00,0.7844,-1,-1,-1
4358,1,1683.00,1053.00,100.00,59.00,0.8432,-1,-1,-1
4358,2,1256.00,990.00,117.00,69.00,0.7992,-1,-1,-1
4359,1,1682.00,1053.00,100.00,58.00,0.8478,-1,-1,-1
4359,2,1253.00,989.00,121.00,72.00,0.8235,-1,-1,-1
4360,1,1680.00,1053.00,100.00,59.00,0.8617,-1,-1,-1
4360,2,1251.00,990.00,121.00,73.00,0.8040,-1,-1,-1
4361,1,1679.00,1054.00,102.00,57.00,0.8484,-1,-1,-1
4361,2,1250.00,991.00,123.00,72.00,0.8062,-1,-1,-1
4362,1,1678.00,1056.00,100.00,56.00,0.8103,-1,-1,-1
4362,2,1249.00,991.00,124.00,73.00,0.8146,-1,-1,-1
4363,1,1673.00,1052.00,105.00,61.00,0.8579,-1,-1,-1
4363,2,1247.00,992.00,124.00,73.00,0.8035,-1,-1,-1
4364,1,1669.00,1052.00,109.00,62.00,0.9049,-1,-1,-1
4364,2,1245.00,994.00,124.00,72.00,0.7790,-1,-1,-1
4365,1,1667.00,1052.00,111.00,62.00,0.9196,-1,-1,-1
4365,2,1243.00,995.00,123.00,72.00,0.7488,-1,-1,-1
4366,1,1665.00,1051.00,113.00,63.00,0.9333,-1,-1,-1
4366,2,1241.00,1000.00,116.00,68.00,0.6427,-1,-1,-1
4367,1,1664.00,1051.00,112.00,64.00,0.9402,-1,-1,-1
4367,2,1239.00,1003.00,107.00,66.00,0.6643,-1,-1,-1
4368,1,1663.00,1052.00,111.00,61.00,0.9259,-1,-1,-1
4368,2,1239.00,1005.00,102.00,64.00,0.6957,-1,-1,-1
4369,1,1661.00,1052.00,112.00,62.00,0.9055,-1,-1,-1
4369,2,1237.00,1003.00,104.00,65.00,0.6904,-1,-1,-1
4370,1,1660.00,1054.00,107.00,57.00,0.8519,-1,-1,-1
4370,2,1235.00,1005.00,103.00,64.00,0.7274,-1,-1,-1
4371,1,1658.00,1054.00,106.00,57.00,0.8389,-1,-1,-1
4371,2,1234.00,1006.00,100.00,63.00,0.7518,-1,-1,-1
4372,1,1658.00,1053.00,107.00,58.00,0.8311,-1,-1,-1
4372,2,1234.00,1007.00,96.00,62.00,0.7487,-1,-1,-1
4373,1,1657.00,1052.00,104.00,58.00,0.7932,-1,-1,-1
4373,2,1232.00,1007.00,96.00,63.00,0.7770,-1,-1,-1
4374,1,1655.00,1050.00,109.00,61.00,0.8211,-1,-1,-1
4374,2,1232.00,1006.00,97.00,65.00,0.7911,-1,-1,-1
4375,1,1655.00,1051.00,108.00,61.00,0.8311,-1,-1,-1
4375,2,1230.00,1007.00,98.00,68.00,0.7796,-1,-1,-1
4376,1,1654.00,1051.00,105.00,62.00,0.7893,-1,-1,-1
4376,2,1228.00,1006.00,98.00,71.00,0.7917,-1,-1,-1
4377,1,1653.00,1051.00,101.00,62.00,0.7202,-1,-1,-1
4377,2,1226.00,1005.00,102.00,74.00,0.7983,-1,-1,-1
4378,1,1653.00,1051.00,98.00,61.00,0.7351,-1,-1,-1
4378,2,1225.00,1005.00,100.00,74.00,0.8095,-1,-1,-1
4379,1,1652.00,1052.00,98.00,60.00,0.7810,-1,-1,-1
4379,2,1223.00,1003.00,101.00,77.00,0.8298,-1,-1,-1
4380,1,1652.00,1052.00,97.00,60.00,0.7880,-1,-1,-1
4380,2,1221.00,1003.00,104.00,78.00,0.8252,-1,-1,-1
4381,1,1651.00,1051.00,98.00,61.00,0.7620,-1,-1,-1
4381,2,1220.00,1004.00,99.00,78.00,0.8140,-1,-1,-1
4382,1,1651.00,1051.00,97.00,61.00,0.7859,-1,-1,-1
4382,2,1217.00,1003.00,100.00,79.00,0.8058,-1,-1,-1
4383,1,1650.00,1051.00,98.00,60.00,0.7949,-1,-1,-1
4383,2,1215.00,1005.00,102.00,77.00,0.8077,-1,-1,-1
4384,1,1649.00,1052.00,99.00,59.00,0.8134,-1,-1,-1
4384,2,1213.00,1006.00,103.00,78.00,0.8112,-1,-1,-1
4385,1,1648.00,1053.00,99.00,59.00,0.8162,-1,-1,-1
4385,2,1212.00,1009.00,104.00,74.00,0.8062,-1,-1,-1
4386,1,1647.00,1053.00,101.00,61.00,0.8585,-1,-1,-1
4386,2,1211.00,1010.00,106.00,74.00,0.8060,-1,-1,-1
4387,1,1645.00,1054.00,101.00,59.00,0.8441,-1,-1,-1
4387,2,1207.00,1011.00,113.00,76.00,0.8238,-1,-1,-1
4388,1,1645.00,1054.00,96.00,57.00,0.8415,-1,-1,-1
4388,2,1207.00,1013.00,111.00,75.00,0.8277,-1,-1,-1
4389,1,1644.00,1053.00,96.00,58.00,0.8501,-1,-1,-1
4389,2,1206.00,1013.00,110.00,74.00,0.8205,-1,-1,-1
4390,1,1642.00,1052.00,96.00,58.00,0.8454,-1,-1,-1
4390,2,1205.00,1015.00,109.00,73.00,0.8342,-1,-1,-1
4391,1,1642.00,1053.00,94.00,58.00,0.8520,-1,-1,-1
4391,2,1205.00,1015.00,108.00,73.00,0.8383,-1,-1,-1
4392,1,1641.00,1053.00,95.00,59.00,0.8581,-1,-1,-1
4392,2,1204.00,1017.00,107.00,71.00,0.8266,-1,-1,-1
4393,1,1639.00,1053.00,97.00,61.00,0.8648,-1,-1,-1
4393,2,1203.00,1019.00,107.00,70.00,0.7910,-1,-1,-1
4394,1,1638.00,1053.00,98.00,60.00,0.8674,-1,-1,-1
4394,2,1202.00,1018.00,107.00,72.00,0.7820,-1,-1,-1
4395,1,1638.00,1052.00,98.00,60.00,0.8539,-1,-1,-1
4395,2,1200.00,1017.00,112.00,74.00,0.7699,-1,-1,-1
4396,1,1636.00,1052.00,98.00,60.00,0.8647,-1,-1,-1
4396,2,1199.00,1020.00,110.00,70.00,0.7168,-1,-1,-1
4397,1,1635.00,1052.00,98.00,59.00,0.8690,-1,-1,-1
4397,2,1199.00,1024.00,102.00,68.00,0.6564,-1,-1,-1
4398,1,1632.00,1052.00,103.00,59.00,0.8848,-1,-1,-1
4398,2,1199.00,1027.00,92.00,67.00,0.6935,-1,-1,-1
4399,1,1630.00,1052.00,106.00,59.00,0.8908,-1,-1,-1
4399,2,1198.00,1028.00,93.00,66.00,0.7272,-1,-1,-1
4400,1,1628.00,1051.00,108.00,60.00,0.8710,-1,-1,-1
4400,2,1198.00,1029.00,91.00,65.00,0.7602,-1,-1,-1
4401,1,1628.00,1052.00,107.00,59.00,0.8375,-1,-1,-1
4401,2,1196.00,1031.00,92.00,63.00,0.7741,-1,-1,-1
4402,1,1627.00,1053.00,107.00,58.00,0.8407,-1,-1,-1
4402,2,1196.00,1033.00,93.00,61.00,0.7638,-1,-1,-1
4403,1,1625.00,1052.00,110.00,60.00,0.8368,-1,-1,-1
4403,2,1194.00,1037.00,93.00,59.00,0.7797,-1,-1,-1
4404,1,1627.00,1054.00,106.00,57.00,0.8190,-1,-1,-1
4404,2,1194.00,1037.00,91.00,59.00,0.7777,-1,-1,-1
4405,1,1627.00,1055.00,106.00,56.00,0.8355,-1,-1,-1
4405,2,1194.00,1038.00,92.00,59.00,0.7897,-1,-1,-1
4406,1,1627.00,1056.00,106.00,54.00,0.8377,-1,-1,-1
4406,2,1194.00,1038.00,93.00,60.00,0.7924,-1,-1,-1
4407,1,1627.00,1056.00,106.00,55.00,0.8407,-1,-1,-1
4407,2,1192.00,1038.00,97.00,61.00,0.7810,-1,-1,-1
4408,1,1625.00,1055.00,111.00,56.00,0.8459,-1,-1,-1
4408,2,1191.00,1037.00,99.00,63.00,0.8002,-1,-1,-1
4409,1,1628.00,1056.00,105.00,53.00,0.8159,-1,-1,-1
4409,2,1192.00,1036.00,102.00,64.00,0.7824,-1,-1,-1
4410,1,1628.00,1057.00,105.00,52.00,0.8220,-1,-1,-1
4410,2,1191.00,1036.00,104.00,66.00,0.7722,-1,-1,-1
4411,1,1627.00,1057.00,108.00,53.00,0.8067,-1,-1,-1
4411,2,1191.00,1037.00,105.00,65.00,0.7616,-1,-1,-1
4412,1,1626.00,1056.00,105.00,54.00,0.8001,-1,-1,-1
4412,2,1191.00,1036.00,113.00,67.00,0.7636,-1,-1,-1
4413,1,1625.00,1055.00,106.00,55.00,0.7868,-1,-1,-1
4413,2,1192.00,1036.00,112.00,68.00,0.7840,-1,-1,-1
4414,1,1626.00,1056.00,104.00,54.00,0.7824,-1,-1,-1
4414,2,1192.00,1038.00,103.00,65.00,0.7780,-1,-1,-1
4415,1,1625.00,1057.00,103.00,53.00,0.7776,-1,-1,-1
4415,2,1190.00,1037.00,112.00,67.00,0.7993,-1,-1,-1
4416,1,1625.00,1058.00,103.00,51.00,0.7785,-1,-1,-1
4416,2,1190.00,1037.00,117.00,68.00,0.8208,-1,-1,-1
4417,1,1625.00,1057.00,102.00,52.00,0.7597,-1,-1,-1
4417,2,1189.00,1038.00,120.00,68.00,0.8169,-1,-1,-1
4418,1,1624.00,1058.00,101.00,51.00,0.7683,-1,-1,-1
4418,2,1188.00,1038.00,117.00,69.00,0.8094,-1,-1,-1
4419,1,1624.00,1059.00,102.00,51.00,0.7772,-1,-1,-1
4419,2,1187.00,1039.00,117.00,67.00,0.8223,-1,-1,-1
4420,1,1623.00,1059.00,102.00,51.00,0.8071,-1,-1,-1
4420,2,1187.00,1039.00,116.00,68.00,0.8204,-1,-1,-1
4421,1,1623.00,1059.00,100.00,51.00,0.8265,-1,-1,-1
4421,2,1186.00,1039.00,113.00,68.00,0.8265,-1,-1,-1
4422,1,1619.00,1058.00,106.00,53.00,0.8506,-1,-1,-1
4422,2,1185.00,1042.00,108.00,66.00,0.8310,-1,-1,-1
4423,1,1619.00,1058.00,106.00,54.00,0.8753,-1,-1,-1
4423,2,1184.00,1043.00,111.00,66.00,0.8319,-1,-1,-1
4424,1,1617.00,1057.00,107.00,55.00,0.8702,-1,-1,-1
4424,2,1184.00,1043.00,112.00,67.00,0.8427,-1,-1,-1
4425,1,1616.00,1058.00,105.00,54.00,0.8357,-1,-1,-1
4425,2,1183.00,1044.00,112.00,67.00,0.8640,-1,-1,-1
4426,1,1617.00,1059.00,98.00,52.00,0.8500,-1,-1,-1
4426,2,1183.00,1045.00,109.00,66.00,0.8733,-1,-1,-1
4427,1,1616.00,1060.00,100.00,51.00,0.8381,-1,-1,-1
4427,2,1183.00,1045.00,108.00,67.00,0.8573,-1,-1,-1
4428,1,1614.00,1060.00,103.00,53.00,0.8481,-1,-1,-1
4428,2,1182.00,1046.00,108.00,66.00,0.8359,-1,-1,-1
4429,1,1613.00,1060.00,104.00,53.00,0.8567,-1,-1,-1
4429,2,1179.00,1047.00,109.00,66.00,0.8242,-1,-1,-1
4430,1,1610.00,1059.00,108.00,56.00,0.8641,-1,-1,-1
4430,2,1179.00,1050.00,103.00,63.00,0.7593,-1,-1,-1
4431,1,1610.00,1059.00,107.00,55.00,0.8785,-1,-1,-1
4431,2,1178.00,1051.00,101.00,64.00,0.7647,-1,-1,-1
4432,1,1608.00,1060.00,107.00,53.00,0.8784,-1,-1,-1
4432,2,1174.00,1052.00,102.00,65.00,0.7620,-1,-1,-1
4433,1,1607.00,1060.00,107.00,53.00,0.8771,-1,-1,-1
4433,2,1171.00,1052.00,109.00,67.00,0.7685,-1,-1,-1
4434,1,1605.00,1061.00,108.00,52.00,0.8847,-1,-1,-1
4434,2,1169.00,1054.00,106.00,65.00,0.7631,-1,-1,-1
4435,1,1603.00,1061.00,108.00,52.00,0.8685,-1,-1,-1
4435,2,1168.00,1053.00,109.00,66.00,0.7604,-1,-1,-1
4436,1,1606.00,1063.00,102.00,48.00,0.8572,-1,-1,-1
4436,2,1165.00,1051.00,113.00,69.00,0.7150,-1,-1,-1
4437,1,1604.00,1063.00,104.00,50.00,0.8650,-1,-1,-1
4437,2,1163.00,1050.00,114.00,73.00,0.7315,-1,-1,-1
4438,1,1602.00,1064.00,107.00,49.00,0.8594,-1,-1,-1
4438,2,1159.00,1048.00,120.00,76.00,0.7321,-1,-1,-1
4439,1,1599.00,1063.00,108.00,51.00,0.8594,-1,-1,-1
4439,2,1158.00,1049.00,117.00,74.00,0.7553,-1,-1,-1
4440,1,1595.00,1060.00,112.00,54.00,0.8638,-1,-1,-1
4440,2,1158.00,1048.00,113.00,74.00,0.7557,-1,-1,-1
4441,1,1593.00,1061.00,115.00,54.00,0.8729,-1,-1,-1
4441,2,1157.00,1057.00,104.00,69.00,0.7115,-1,-1,-1
4442,1,1593.00,1061.00,115.00,55.00,0.8778,-1,-1,-1
4442,2,1158.00,1063.00,88.00,62.00,0.7336,-1,-1,-1
4443,1,1590.00,1061.00,115.00,55.00,0.8826,-1,-1,-1
4443,2,1156.00,1057.00,101.00,70.00,0.7328,-1,-1,-1
4444,1,1589.00,1061.00,114.00,54.00,0.8653,-1,-1,-1
4444,2,1154.00,1057.00,103.00,71.00,0.7536,-1,-1,-1
4445,1,1588.00,1060.00,114.00,55.00,0.8430,-1,-1,-1
4445,2,1152.00,1054.00,109.00,74.00,0.7666,-1,-1,-1
4446,1,1588.00,1060.00,114.00,56.00,0.8225,-1,-1,-1
4446,2,1150.00,1052.00,115.00,76.00,0.7877,-1,-1,-1
4447,1,1588.00,1062.00,107.00,53.00,0.8082,-1,-1,-1
4447,2,1148.00,1053.00,113.00,76.00,0.7913,-1,-1,-1
4448,1,1587.00,1062.00,106.00,53.00,0.8044,-1,-1,-1
4448,2,1144.00,1054.00,118.00,77.00,0.8101,-1,-1,-1
4449,1,1584.00,1060.00,108.00,56.00,0.8488,-1,-1,-1
4449,2,1142.00,1057.00,110.00,74.00,0.8110,-1,-1,-1
4450,1,1583.00,1060.00,106.00,56.00,0.8920,-1,-1,-1
4450,2,1140.00,1053.00,125.00,79.00,0.8387,-1,-1,-1
4451,1,1583.00,1060.00,104.00,56.00,0.8889,-1,-1,-1
4451,2,1139.00,1054.00,119.00,79.00,0.8473,-1,-1,-1
4452,1,1581.00,1060.00,104.00,56.00,0.8665,-1,-1,-1
4452,2,1137.00,1054.00,121.00,80.00,0.8387,-1,-1,-1
4453,1,1579.00,1061.00,103.00,55.00,0.8522,-1,-1,-1
4453,2,1137.00,1056.00,117.00,78.00,0.8278,-1,-1,-1
4454,1,1577.00,1062.00,105.00,53.00,0.8533,-1,-1,-1
4454,2,1134.00,1058.00,118.00,77.00,0.8299,-1,-1,-1
4455,1,1571.00,1059.00,113.00,57.00,0.8384,-1,-1,-1
4455,2,1132.00,1062.00,114.00,74.00,0.8004,-1,-1,-1
4456,1,1570.00,1059.00,113.00,57.00,0.8773,-1,-1,-1
4456,2,1132.00,1064.00,112.00,73.00,0.8054,-1,-1,-1
4457,1,1568.00,1059.00,113.00,57.00,0.8919,-1,-1,-1
4457,2,1130.00,1065.00,114.00,72.00,0.8052,-1,-1,-1
4458,1,1566.00,1059.00,112.00,56.00,0.8874,-1,-1,-1
4458,2,1129.00,1069.00,110.00,69.00,0.8043,-1,-1,-1
4459,1,1568.00,1061.00,102.00,52.00,0.8754,-1,-1,-1
4459,2,1127.00,1072.00,110.00,67.00,0.7785,-1,-1,-1
4460,1,1566.00,1061.00,103.00,53.00,0.8745,-1,-1,-1
4460,2,1128.00,1075.00,104.00,64.00,0.7226,-1,-1,-1
4461,1,1563.00,1059.00,102.00,56.00,0.9061,-1,-1,-1
4461,2,1125.00,1076.00,104.00,64.00,0.7052,-1,-1,-1
4462,1,1561.00,1059.00,104.00,57.00,0.9165,-1,-1,-1
4462,2,1124.00,1079.00,94.00,62.00,0.7156,-1,-1,-1
4463,1,1561.00,1060.00,105.00,57.00,0.9125,-1,-1,-1
4463,2,1123.00,1083.00,93.00,59.00,0.7114,-1,-1,-1
4464,1,1559.00,1059.00,106.00,58.00,0.9193,-1,-1,-1
4464,2,1121.00,1084.00,93.00,59.00,0.7660,-1,-1,-1
4465,1,1556.00,1060.00,109.00,58.00,0.9121,-1,-1,-1
4465,2,1119.00,1084.00,94.00,60.00,0.7530,-1,-1,-1
4466,1,1554.00,1062.00,107.00,55.00,0.8767,-1,-1,-1
4466,2,1118.00,1083.00,96.00,62.00,0.7447,-1,-1,-1
4467,1,1553.00,1061.00,107.00,56.00,0.8762,-1,-1,-1
4467,2,1115.00,1083.00,100.00,63.00,0.7606,-1,-1,-1
4468,1,1552.00,1061.00,107.00,56.00,0.8769,-1,-1,-1
4468,2,1115.00,1079.00,102.00,66.00,0.7651,-1,-1,-1
4469,1,1549.00,1058.00,111.00,59.00,0.8995,-1,-1,-1
4469,2,1112.00,1085.00,99.00,63.00,0.7644,-1,-1,-1
4470,1,1548.00,1057.00,113.00,61.00,0.9019,-1,-1,-1
4470,2,1110.00,1086.00,100.00,63.00,0.7664,-1,-1,-1
4471,1,1546.00,1058.00,114.00,60.00,0.9067,-1,-1,-1
4471,2,1109.00,1084.00,105.00,67.00,0.7786,-1,-1,-1
4472,1,1544.00,1057.00,116.00,60.00,0.9182,-1,-1,-1
4472,2,1107.00,1083.00,110.00,69.00,0.7906,-1,-1,-1
4473,1,1542.00,1057.00,118.00,60.00,0.9228,-1,-1,-1
4473,2,1105.00,1083.00,111.00,70.00,0.7921,-1,-1,-1
4474,1,1541.00,1058.00,117.00,59.00,0.9130,-1,-1,-1
4474,2,1105.00,1083.00,110.00,71.00,0.7836,-1,-1,-1
4475,1,1541.00,1058.00,116.00,59.00,0.9205,-1,-1,-1
4475,2,1103.00,1084.00,112.00,73.00,0.8190,-1,-1,-1
4476,1,1541.00,1059.00,115.00,59.00,0.9072,-1,-1,-1
4476,2,1100.00,1084.00,111.00,73.00,0.8104,-1,-1,-1
4477,1,1542.00,1060.00,113.00,58.00,0.8936,-1,-1,-1
4477,2,1097.00,1082.00,117.00,77.00,0.8214,-1,-1,-1
4478,1,1541.00,1060.00,114.00,58.00,0.8810,-1,-1,-1
4478,2,1095.00,1085.00,113.00,75.00,0.8265,-1,-1,-1
4479,1,1540.00,1061.00,113.00,57.00,0.8517,-1,-1,-1
4479,2,1093.00,1085.00,119.00,76.00,0.8229,-1,-1,-1
4480,1,1541.00,1064.00,108.00,54.00,0.8508,-1,-1,-1
4480,2,1091.00,1085.00,121.00,77.00,0.8161,-1,-1,-1
4481,1,1541.00,1064.00,106.00,54.00,0.8525,-1,-1,-1
4481,2,1090.00,1083.00,125.00,80.00,0.8109,-1,-1,-1
4482,1,1540.00,1064.00,105.00,54.00,0.8497,-1,-1,-1
4482,2,1089.00,1082.00,127.00,82.00,0.8309,-1,-1,-1
4483,1,1537.00,1065.00,107.00,55.00,0.8425,-1,-1,-1
4483,2,1088.00,1084.00,128.00,81.00,0.8023,-1,-1,-1
4484,1,1536.00,1065.00,100.00,55.00,0.8499,-1,-1,-1
4484,2,1086.00,1084.00,129.00,81.00,0.8064,-1,-1,-1
4485,1,1534.00,1066.00,98.00,54.00,0.8448,-1,-1,-1
4485,2,1084.00,1085.00,128.00,81.00,0.8025,-1,-1,-1
4486,1,1532.00,1066.00,98.00,54.00,0.8342,-1,-1,-1
4486,2,1083.00,1086.00,127.00,80.00,0.7887,-1,-1,-1
4487,1,1531.00,1067.00,101.00,53.00,0.8298,-1,-1,-1
4487,2,1082.00,1087.00,126.00,77.00,0.7562,-1,-1,-1
4488,1,1529.00,1067.00,100.00,52.00,0.8266,-1,-1,-1
4488,2,1080.00,1090.00,124.00,75.00,0.7099,-1,-1,-1
4489,1,1527.00,1068.00,101.00,51.00,0.8197,-1,-1,-1
4489,2,1080.00,1094.00,116.00,73.00,0.7139,-1,-1,-1
4490,1,1526.00,1068.00,103.00,52.00,0.8061,-1,-1,-1
4490,2,1078.00,1092.00,121.00,76.00,0.7238,-1,-1,-1
4491,1,1525.00,1069.00,101.00,51.00,0.8070,-1,-1,-1
4491,2,1074.00,1096.00,121.00,77.00,0.7328,-1,-1,-1
4492,1,1522.00,1069.00,102.00,52.00,0.8149,-1,-1,-1
4492,2,1072.00,1104.00,111.00,68.00,0.6718,-1,-1,-1
4493,1,1521.00,1069.00,101.00,52.00,0.8164,-1,-1,-1
4493,2,1072.00,1102.00,116.00,70.00,0.7057,-1,-1,-1
4494,1,1516.00,1066.00,104.00,57.00,0.8217,-1,-1,-1
4494,2,1074.00,1109.00,94.00,63.00,0.6729,-1,-1,-1
4495,1,1514.00,1067.00,106.00,56.00,0.8126,-1,-1,-1
4495,2,1068.00,1104.00,119.00,72.00,0.7627,-1,-1,-1
4496,1,1512.00,1067.00,109.00,57.00,0.8318,-1,-1,-1
4496,2,1071.00,1108.00,101.00,66.00,0.7186,-1,-1,-1
4497,1,1511.00,1068.00,109.00,55.00,0.8060,-1,-1,-1
4497,2,1069.00,1110.00,98.00,65.00,0.7571,-1,-1,-1
4498,1,1508.00,1070.00,112.00,55.00,0.8450,-1,-1,-1
4498,2,1067.00,1108.00,100.00,68.00,0.7720,-1,-1,-1
4499,1,1506.00,1070.00,116.00,55.00,0.8037,-1,-1,-1
4499,2,1067.00,1109.00,98.00,66.00,0.7804,-1,-1,-1
4500,1,1504.00,1071.00,109.00,56.00,0.8260,-1,-1,-1
4500,2,1064.00,1110.00,99.00,67.00,0.7938,-1,-1,-1
4501,1,1503.00,1071.00,111.00,56.00,0.8041,-1,-1,-1
4501,2,1062.00,1111.00,102.00,68.00,0.8096,-1,-1,-1
4502,1,1501.00,1071.00,110.00,56.00,0.8133,-1,-1,-1
4502,2,1061.00,1112.00,103.00,69.00,0.7985,-1,-1,-1
4503,1,1499.00,1072.00,109.00,55.00,0.8199,-1,-1,-1
4503,2,1059.00,1111.00,108.00,71.00,0.7992,-1,-1,-1
4504,1,1495.00,1071.00,115.00,56.00,0.8038,-1,-1,-1
4504,2,1059.00,1110.00,106.00,72.00,0.7639,-1,-1,-1
4505,1,1495.00,1074.00,110.00,53.00,0.8008,-1,-1,-1
4505,2,1058.00,1111.00,103.00,71.00,0.7719,-1,-1,-1
4506,1,1493.00,1075.00,110.00,53.00,0.7867,-1,-1,-1
4506,2,1057.00,1110.00,103.00,72.00,0.7713,-1,-1,-1
4507,1,1492.00,1075.00,108.00,53.00,0.7812,-1,-1,-1
4507,2,1055.00,1110.00,105.00,75.00,0.7653,-1,-1,-1
4508,1,1489.00,1074.00,107.00,56.00,0.7784,-1,-1,-1
4508,2,1053.00,1115.00,100.00,71.00,0.7119,-1,-1,-1
4509,1,1485.00,1071.00,111.00,61.00,0.7774,-1,-1,-1
4509,2,1049.00,1117.00,100.00,71.00,0.7702,-1,-1,-1
4510,1,1483.00,1071.00,112.00,61.00,0.7445,-1,-1,-1
4510,2,1046.00,1116.00,105.00,72.00,0.8046,-1,-1,-1
4511,1,1483.00,1072.00,108.00,59.00,0.7263,-1,-1,-1
4511,2,1045.00,1117.00,109.00,73.00,0.7916,-1,-1,-1
4512,1,1480.00,1074.00,108.00,58.00,0.7084,-1,-1,-1
4512,2,1042.00,1118.00,111.00,73.00,0.8131,-1,-1,-1
4513,1,1479.00,1072.00,109.00,61.00,0.7506,-1,-1,-1
4513,2,1041.00,1118.00,112.00,73.00,0.8074,-1,-1,-1
4514,1,1478.00,1073.00,108.00,60.00,0.7651,-1,-1,-1
4514,2,1041.00,1119.00,112.00,71.00,0.7874,-1,-1,-1
4515,1,1478.00,1072.00,110.00,61.00,0.7926,-1,-1,-1
4515,2,1039.00,1122.00,108.00,70.00,0.7258,-1,-1,-1
4516,1,1478.00,1073.00,109.00,61.00,0.7950,-1,-1,-1
4516,2,1038.00,1121.00,108.00,72.00,0.7095,-1,-1,-1
4517,1,1478.00,1073.00,108.00,61.00,0.8072,-1,-1,-1
4517,2,1038.00,1127.00,102.00,70.00,0.6610,-1,-1,-1
4518,1,1478.00,1072.00,109.00,63.00,0.8158,-1,-1,-1
4518,2,1037.00,1126.00,106.00,72.00,0.6945,-1,-1,-1
4519,1,1477.00,1073.00,111.00,62.00,0.8078,-1,-1,-1
4519,2,1036.00,1129.00,101.00,70.00,0.7082,-1,-1,-1
4520,1,1477.00,1074.00,110.00,61.00,0.7980,-1,-1,-1
4520,2,1032.00,1129.00,108.00,72.00,0.7109,-1,-1,-1
4521,1,1475.00,1074.00,110.00,61.00,0.8150,-1,-1,-1
4521,2,1029.00,1128.00,113.00,74.00,0.6853,-1,-1,-1
4522,1,1474.00,1074.00,112.00,62.00,0.8198,-1,-1,-1
4522,2,1028.00,1132.00,97.00,69.00,0.6658,-1,-1,-1
4523,1,1474.00,1074.00,111.00,61.00,0.8219,-1,-1,-1
4523,2,1026.00,1133.00,97.00,69.00,0.6879,-1,-1,-1
4524,1,1474.00,1078.00,105.00,57.00,0.8145,-1,-1,-1
4524,2,1025.00,1135.00,96.00,68.00,0.7252,-1,-1,-1
4525,1,1473.00,1078.00,106.00,56.00,0.8276,-1,-1,-1
4525,2,1023.00,1133.00,100.00,70.00,0.7416,-1,-1,-1
4526,1,1472.00,1078.00,106.00,57.00,0.8389,-1,-1,-1
4526,2,1021.00,1133.00,103.00,71.00,0.7277,-1,-1,-1
4527,1,1469.00,1079.00,106.00,56.00,0.8265,-1,-1,-1
4527,2,1020.00,1131.00,103.00,75.00,0.7448,-1,-1,-1
4528,1,1468.00,1079.00,104.00,57.00,0.8290,-1,-1,-1
4528,2,1020.00,1130.00,103.00,77.00,0.7184,-1,-1,-1
4529,1,1467.00,1079.00,104.00,58.00,0.8265,-1,-1,-1
4529,2,1019.00,1126.00,110.00,83.00,0.7755,-1,-1,-1
4530,1,1466.00,1080.00,105.00,57.00,0.8108,-1,-1,-1
4530,2,1018.00,1129.00,108.00,80.00,0.7547,-1,-1,-1
4531,1,1466.00,1080.00,103.00,59.00,0.8432,-1,-1,-1
4531,2,1017.00,1131.00,105.00,78.00,0.7429,-1,-1,-1
4532,1,1465.00,1081.00,100.00,58.00,0.8576,-1,-1,-1
4532,2,1016.00,1135.00,101.00,75.00,0.7320,-1,-1,-1
4533,1,1464.00,1082.00,100.00,57.00,0.8655,-1,-1,-1
4533,2,1015.00,1139.00,98.00,73.00,0.7105,-1,-1,-1
4534,1,1463.00,1082.00,101.00,57.00,0.8608,-1,-1,-1
4534,2,1014.00,1139.00,99.00,73.00,0.7128,-1,-1,-1
4535,1,1458.00,1083.00,104.00,57.00,0.8388,-1,-1,-1
4535,2,1013.00,1142.00,97.00,71.00,0.6987,-1,-1,-1
4536,1,1454.00,1082.00,105.00,58.00,0.8104,-1,-1,-1
4536,2,1010.00,1145.00,97.00,70.00,0.7052,-1,-1,-1
4537,1,1453.00,1083.00,103.00,57.00,0.7582,-1,-1,-1
4537,2,1008.00,1144.00,99.00,72.00,0.7198,-1,-1,-1
4538,1,1453.00,1082.00,103.00,57.00,0.7663,-1,-1,-1
4538,2,1007.00,1147.00,98.00,71.00,0.7321,-1,-1,-1
4539,1,1449.00,1081.00,104.00,57.00,0.7781,-1,-1,-1
4539,2,1006.00,1149.00,96.00,69.00,0.7295,-1,-1,-1
4540,1,1446.00,1082.00,102.00,56.00,0.7826,-1,-1,-1
4540,2,1006.00,1152.00,86.00,67.00,0.7145,-1,-1,-1
4541,1,1445.00,1082.00,102.00,56.00,0.8055,-1,-1,-1
4541,2,1006.00,1148.00,89.00,72.00,0.7295,-1,-1,-1
4542,1,1442.00,1080.00,102.00,60.00,0.8032,-1,-1,-1
4542,2,1003.00,1153.00,86.00,67.00,0.7391,-1,-1,-1
4543,1,1440.00,1081.00,103.00,60.00,0.8319,-1,-1,-1
4543,2,1001.00,1154.00,87.00,67.00,0.7595,-1,-1,-1
4544,1,1439.00,1082.00,102.00,59.00,0.8597,-1,-1,-1
4544,2,1001.00,1157.00,82.00,64.00,0.7550,-1,-1,-1
4545,1,1437.00,1081.00,104.00,59.00,0.8662,-1,-1,-1
4545,2,999.00,1156.00,85.00,67.00,0.7641,-1,-1,-1
4546,1,1435.00,1081.00,108.00,60.00,0.8678,-1,-1,-1
4546,2,998.00,1155.00,87.00,69.00,0.7674,-1,-1,-1
4547,1,1432.00,1081.00,113.00,60.00,0.8682,-1,-1,-1
4547,2,996.00,1156.00,91.00,70.00,0.7666,-1,-1,-1
4548,1,1430.00,1080.00,114.00,62.00,0.8351,-1,-1,-1
4548,2,995.00,1158.00,85.00,69.00,0.7627,-1,-1,-1
4549,1,1430.00,1081.00,112.00,61.00,0.8349,-1,-1,-1
4549,2,993.00,1159.00,86.00,69.00,0.7881,-1,-1,-1
4550,1,1427.00,1080.00,115.00,62.00,0.8660,-1,-1,-1
4550,2,991.00,1156.00,98.00,74.00,0.7535,-1,-1,-1
4551,1,1426.00,1080.00,116.00,63.00,0.8545,-1,-1,-1
4551,2,989.00,1154.00,104.00,77.00,0.7592,-1,-1,-1
4552,1,1424.00,1081.00,117.00,62.00,0.8589,-1,-1,-1
4552,2,989.00,1156.00,95.00,76.00,0.7597,-1,-1,-1
4553,1,1424.00,1081.00,115.00,62.00,0.8590,-1,-1,-1
4553,2,988.00,1156.00,94.00,76.00,0.7638,-1,-1,-1
4554,1,1424.00,1082.00,113.00,61.00,0.8748,-1,-1,-1
4554,2,986.00,1157.00,95.00,77.00,0.8079,-1,-1,-1
4555,1,1425.00,1083.00,111.00,60.00,0.8651,-1,-1,-1
4555,2,984.00,1157.00,98.00,78.00,0.7894,-1,-1,-1
4556,1,1425.00,1083.00,110.00,61.00,0.8687,-1,-1,-1
4556,2,981.00,1160.00,95.00,76.00,0.8080,-1,-1,-1
4557,1,1423.00,1083.00,111.00,61.00,0.8719,-1,-1,-1
4557,2,980.00,1157.00,100.00,80.00,0.8186,-1,-1,-1
4558,1,1423.00,1083.00,108.00,61.00,0.8190,-1,-1,-1
4558,2,977.00,1158.00,101.00,82.00,0.8098,-1,-1,-1
4559,1,1423.00,1087.00,102.00,58.00,0.7845,-1,-1,-1
4559,2,975.00,1162.00,97.00,80.00,0.7648,-1,-1,-1
4560,1,1421.00,1087.00,105.00,59.00,0.7929,-1,-1,-1
4560,2,974.00,1166.00,94.00,76.00,0.6732,-1,-1,-1
4561,1,1420.00,1090.00,102.00,56.00,0.7572,-1,-1,-1
4561,2,974.00,1174.00,89.00,70.00,0.6641,-1,-1,-1
4562,1,1419.00,1090.00,104.00,57.00,0.7561,-1,-1,-1
4562,2,974.00,1175.00,88.00,69.00,0.6368,-1,-1,-1
4563,1,1417.00,1091.00,106.00,57.00,0.7667,-1,-1,-1
4563,2,972.00,1173.00,94.00,73.00,0.6529,-1,-1,-1
4564,1,1416.00,1090.00,106.00,57.00,0.7804,-1,-1,-1
4564,2,971.00,1177.00,91.00,70.00,0.6901,-1,-1,-1
4565,1,1414.00,1090.00,100.00,58.00,0.7975,-1,-1,-1
4565,2,967.00,1169.00,108.00,81.00,0.7321,-1,-1,-1
4566,1,1412.00,1089.00,103.00,60.00,0.8097,-1,-1,-1
4566,2,965.00,1169.00,113.00,82.00,0.7740,-1,-1,-1
4567,1,1411.00,1090.00,102.00,60.00,0.7986,-1,-1,-1
4567,2,964.00,1171.00,109.00,80.00,0.7530,-1,-1,-1
4568,1,1409.00,1090.00,104.00,59.00,0.8014,-1,-1,-1
4568,2,962.00,1172.00,109.00,80.00,0.7243,-1,-1,-1
4569,1,1408.00,1091.00,101.00,57.00,0.7800,-1,-1,-1
4569,2,962.00,1171.00,110.00,82.00,0.7197,-1,-1,-1
4570,1,1406.00,1091.00,104.00,57.00,0.7889,-1,-1,-1
4570,2,962.00,1171.00,111.00,81.00,0.7263,-1,-1,-1
4571,1,1403.00,1092.00,107.00,58.00,0.8084,-1,-1,-1
4571,2,959.00,1174.00,111.00,79.00,0.7048,-1,-1,-1
4572,1,1403.00,1093.00,107.00,58.00,0.8148,-1,-1,-1
4572,2,962.00,1176.00,96.00,77.00,0.6934,-1,-1,-1
4573,1,1399.00,1087.00,114.00,70.00,0.8294,-1,-1,-1
4573,2,960.00,1165.00,123.00,94.00,0.8037,-1,-1,-1
4574,1,1397.00,1088.00,113.00,69.00,0.7539,-1,-1,-1
4574,2,959.00,1165.00,124.00,96.00,0.7914,-1,-1,-1
4575,1,1394.00,1091.00,111.00,67.00,0.7425,-1,-1,-1
4575,2,957.00,1167.00,121.00,94.00,0.7718,-1,-1,-1
4576,1,1393.00,1097.00,101.00,57.00,0.7698,-1,-1,-1
4576,2,952.00,1169.00,126.00,92.00,0.7720,-1,-1,-1
4577,1,1388.00,1097.00,101.00,59.00,0.6967,-1,-1,-1
4577,2,946.00,1174.00,114.00,86.00,0.7881,-1,-1,-1
4578,1,1382.00,1094.00,110.00,67.00,0.6494,-1,-1,-1
4578,2,939.00,1170.00,124.00,94.00,0.8185,-1,-1,-1
4579,1,1379.00,1094.00,112.00,68.00,0.6844,-1,-1,-1
4579,2,938.00,1172.00,122.00,94.00,0.8000,-1,-1,-1
4580,1,1375.00,1093.00,120.00,71.00,0.7331,-1,-1,-1
4580,2,934.00,1175.00,122.00,94.00,0.7526,-1,-1,-1
4581,1,1375.00,1095.00,117.00,68.00,0.7469,-1,-1,-1
4581,2,935.00,1172.00,127.00,98.00,0.8233,-1,-1,-1
4582,1,1382.00,1097.00,106.00,61.00,0.7729,-1,-1,-1
4582,2,944.00,1186.00,101.00,79.00,0.6465,-1,-1,-1
4583,1,1378.00,1099.00,107.00,60.00,0.8004,-1,-1,-1
4583,2,941.00,1188.00,101.00,79.00,0.6925,-1,-1,-1
4584,1,1377.00,1099.00,109.00,61.00,0.7925,-1,-1,-1
4584,2,939.00,1189.00,101.00,80.00,0.6893,-1,-1,-1
4585,1,1376.00,1098.00,111.00,63.00,0.8034,-1,-1,-1
4585,2,938.00,1193.00,94.00,76.00,0.7053,-1,-1,-1
4586,1,1376.00,1101.00,106.00,59.00,0.8164,-1,-1,-1
4586,2,937.00,1196.00,89.00,73.00,0.6984,-1,-1,-1
4587,1,1376.00,1101.00,103.00,59.00,0.8131,-1,-1,-1
4587,2,936.00,1197.00,91.00,73.00,0.7100,-1,-1,-1
4588,1,1373.00,1101.00,107.00,60.00,0.8263,-1,-1,-1
4588,2,936.00,1202.00,78.00,67.00,0.6977,-1,-1,-1
4589,1,1372.00,1100.00,108.00,62.00,0.8364,-1,-1,-1
4589,2,933.00,1202.00,83.00,68.00,0.7019,-1,-1,-1
4590,1,1371.00,1101.00,107.00,61.00,0.8204,-1,-1,-1
4590,2,931.00,1203.00,84.00,69.00,0.6931,-1,-1,-1
4591,1,1371.00,1104.00,107.00,57.00,0.7996,-1,-1,-1
4591,2,929.00,1209.00,78.00,65.00,0.7258,-1,-1,-1
4592,1,1369.00,1104.00,108.00,57.00,0.7917,-1,-1,-1
4592,2,929.00,1208.00,78.00,68.00,0.7135,-1,-1,-1
4593,1,1370.00,1105.00,109.00,57.00,0.7809,-1,-1,-1
4593,2,928.00,1209.00,78.00,68.00,0.7082,-1,-1,-1
4594,1,1369.00,1106.00,104.00,56.00,0.7948,-1,-1,-1
4594,2,927.00,1209.00,80.00,70.00,0.7368,-1,-1,-1
4595,1,1368.00,1106.00,104.00,57.00,0.8064,-1,-1,-1
4595,2,925.00,1210.00,83.00,71.00,0.7194,-1,-1,-1
4596,1,1367.00,1105.00,99.00,58.00,0.8128,-1,-1,-1
4596,2,924.00,1210.00,83.00,73.00,0.7318,-1,-1,-1
4597,1,1368.00,1105.00,99.00,58.00,0.7960,-1,-1,-1
4597,2,921.00,1211.00,86.00,74.00,0.6815,-1,-1,-1
4598,1,1367.00,1105.00,98.00,59.00,0.7957,-1,-1,-1
4598,2,921.00,1207.00,93.00,76.00,0.7102,-1,-1,-1
4599,1,1365.00,1105.00,99.00,59.00,0.7938,-1,-1,-1
4599,2,921.00,1207.00,93.00,77.00,0.7229,-1,-1,-1
4600,1,1363.00,1106.00,101.00,59.00,0.7949,-1,-1,-1
4600,2,920.00,1206.00,98.00,81.00,0.7398,-1,-1,-1
4601,1,1362.00,1104.00,106.00,63.00,0.7911,-1,-1,-1
4601,2,918.00,1207.00,101.00,80.00,0.7521,-1,-1,-1
4602,1,1361.00,1107.00,99.00,60.00,0.7415,-1,-1,-1
4602,2,917.00,1207.00,105.00,81.00,0.7797,-1,-1,-1
4603,1,1360.00,1108.00,98.00,58.00,0.7141,-1,-1,-1
4603,2,914.00,1210.00,99.00,80.00,0.6333,-1,-1,-1
4604,1,1358.00,1112.00,91.00,54.00,0.7158,-1,-1,-1
4604,2,911.00,1210.00,108.00,82.00,0.6069,-1,-1,-1
4605,1,1354.00,1111.00,96.00,54.00,0.7125,-1,-1,-1
4605,2,907.00,1211.00,111.00,82.00,0.5325,-1,-1,-1
4606,1,1350.00,1113.00,92.00,53.00,0.7329,-1,-1,-1
4606,2,904.00,1210.00,114.00,86.00,0.5928,-1,-1,-1
4607,1,1349.00,1113.00,92.00,53.00,0.7370,-1,-1,-1
4607,2,903.00,1207.00,118.00,90.00,0.6019,-1,-1,-1
4608,1,1348.00,1113.00,91.00,53.00,0.7596,-1,-1,-1
4608,2,902.00,1213.00,105.00,85.00,0.6012,-1,-1,-1
4609,1,1347.00,1113.00,92.00,53.00,0.7568,-1,-1,-1
4609,2,900.00,1216.00,103.00,83.00,0.6504,-1,-1,-1
4610,1,1343.00,1113.00,98.00,53.00,0.7762,-1,-1,-1
4610,2,899.00,1214.00,104.00,85.00,0.6021,-1,-1,-1
4611,1,1340.00,1113.00,96.00,54.00,0.7810,-1,-1,-1
4611,2,899.00,1218.00,100.00,82.00,0.5596,-1,-1,-1
4612,1,1337.00,1114.00,100.00,55.00,0.8166,-1,-1,-1
4612,2,899.00,1220.00,98.00,81.00,0.5724,-1,-1,-1
4613,1,1335.00,1115.00,99.00,55.00,0.8258,-1,-1,-1
4613,2,896.00,1218.00,103.00,84.00,0.5667,-1,-1,-1
4614,1,1334.00,1114.00,103.00,56.00,0.8226,-1,-1,-1
4614,2,898.00,1233.00,78.00,68.00,0.5518,-1,-1,-1
4615,1,1333.00,1115.00,98.00,55.00,0.8192,-1,-1,-1
4616,1,1331.00,1114.00,104.00,58.00,0.8084,-1,-1,-1
4617,1,1329.00,1115.00,103.00,58.00,0.7910,-1,-1,-1
4617,2,893.00,1229.00,88.00,75.00,0.5292,-1,-1,-1
4618,1,1327.00,1115.00,103.00,60.00,0.7891,-1,-1,-1
4618,2,890.00,1231.00,89.00,75.00,0.6381,-1,-1,-1
4619,1,1327.00,1117.00,94.00,58.00,0.7612,-1,-1,-1
4619,2,890.00,1233.00,86.00,74.00,0.6340,-1,-1,-1
4620,1,1327.00,1117.00,97.00,57.00,0.7719,-1,-1,-1
4620,2,888.00,1237.00,84.00,72.00,0.7100,-1,-1,-1
4621,1,1326.00,1116.00,101.00,57.00,0.8053,-1,-1,-1
4621,2,886.00,1235.00,88.00,75.00,0.7185,-1,-1,-1
4622,1,1325.00,1114.00,101.00,60.00,0.8087,-1,-1,-1
4622,2,885.00,1240.00,84.00,71.00,0.7083,-1,-1,-1
4623,1,1323.00,1115.00,104.00,61.00,0.7932,-1,-1,-1
4623,2,882.00,1241.00,86.00,73.00,0.6437,-1,-1,-1
4624,1,1322.00,1114.00,104.00,64.00,0.7723,-1,-1,-1
4624,2,880.00,1240.00,90.00,75.00,0.6145,-1,-1,-1
4625,1,1320.00,1112.00,106.00,67.00,0.7956,-1,-1,-1
4625,2,879.00,1237.00,94.00,80.00,0.6529,-1,-1,-1
4626,1,1319.00,1113.00,103.00,65.00,0.7938,-1,-1,-1
4626,2,877.00,1235.00,100.00,83.00,0.6543,-1,-1,-1
4627,1,1319.00,1113.00,103.00,66.00,0.8298,-1,-1,-1
4627,2,875.00,1233.00,105.00,87.00,0.6195,-1,-1,-1
4628,1,1317.00,1114.00,104.00,65.00,0.8173,-1,-1,-1
4628,2,875.00,1235.00,104.00,85.00,0.6089,-1,-1,-1
4629,1,1316.00,1118.00,100.00,62.00,0.7797,-1,-1,-1
4629,2,873.00,1239.00,108.00,85.00,0.6637,-1,-1,-1
4630,1,1315.00,1119.00,98.00,61.00,0.7969,-1,-1,-1
4630,2,873.00,1242.00,104.00,82.00,0.6638,-1,-1,-1
4631,1,1313.00,1120.00,99.00,60.00,0.8030,-1,-1,-1
4631,2,872.00,1244.00,101.00,80.00,0.6774,-1,-1,-1
4632,1,1313.00,1120.00,99.00,60.00,0.8192,-1,-1,-1
4632,2,872.00,1247.00,95.00,79.00,0.6863,-1,-1,-1
4633,1,1312.00,1121.00,100.00,60.00,0.8094,-1,-1,-1
4633,2,872.00,1254.00,83.00,71.00,0.7264,-1,-1,-1
4634,1,1310.00,1122.00,99.00,61.00,0.8331,-1,-1,-1
4634,2,870.00,1255.00,84.00,72.00,0.7736,-1,-1,-1
4635,1,1308.00,1125.00,96.00,58.00,0.8374,-1,-1,-1
4635,2,867.00,1253.00,94.00,76.00,0.7672,-1,-1,-1
4636,1,1305.00,1125.00,97.00,59.00,0.8366,-1,-1,-1
4636,2,865.00,1254.00,90.00,77.00,0.7862,-1,-1,-1
4637,1,1302.00,1127.00,102.00,58.00,0.8426,-1,-1,-1
4637,2,862.00,1251.00,99.00,83.00,0.7688,-1,-1,-1
4638,1,1301.00,1128.00,102.00,58.00,0.8132,-1,-1,-1
4638,2,861.00,1252.00,99.00,81.00,0.7962,-1,-1,-1
4639,1,1299.00,1127.00,99.00,61.00,0.8203,-1,-1,-1
4639,2,860.00,1254.00,97.00,80.00,0.7875,-1,-1,-1
4640,1,1296.00,1129.00,98.00,59.00,0.8002,-1,-1,-1
4640,2,858.00,1251.00,103.00,85.00,0.8067,-1,-1,-1
4641,1,1295.00,1130.00,97.00,59.00,0.8012,-1,-1,-1
4641,2,857.00,1252.00,103.00,85.00,0.8108,-1,-1,-1
4642,1,1293.00,1130.00,102.00,60.00,0.8080,-1,-1,-1
4642,2,854.00,1251.00,107.00,87.00,0.8218,-1,-1,-1
4643,1,1291.00,1130.00,102.00,60.00,0.8133,-1,-1,-1
4643,2,853.00,1249.00,112.00,90.00,0.8190,-1,-1,-1
4644,1,1289.00,1132.00,99.00,58.00,0.7996,-1,-1,-1
4644,2,852.00,1254.00,105.00,86.00,0.7468,-1,-1,-1
4645,1,1288.00,1133.00,97.00,57.00,0.7886,-1,-1,-1
4645,2,851.00,1255.00,105.00,85.00,0.6780,-1,-1,-1
4646,1,1288.00,1133.00,97.00,57.00,0.7999,-1,-1,-1
4646,2,850.00,1255.00,106.00,85.00,0.6197,-1,-1,-1
4647,1,1285.00,1133.00,101.00,58.00,0.8100,-1,-1,-1
4647,2,848.00,1253.00,113.00,89.00,0.6519,-1,-1,-1
4648,1,1284.00,1133.00,104.00,59.00,0.8106,-1,-1,-1
4648,2,845.00,1260.00,112.00,85.00,0.5977,-1,-1,-1
4649,1,1283.00,1133.00,104.00,59.00,0.7970,-1,-1,-1
4649,2,845.00,1254.00,114.00,89.00,0.5223,-1,-1,-1
4650,1,1283.00,1133.00,106.00,58.00,0.7802,-1,-1,-1
4650,2,843.00,1262.00,111.00,84.00,0.5980,-1,-1,-1
4651,1,1282.00,1134.00,106.00,57.00,0.7544,-1,-1,-1
4651,2,841.00,1264.00,108.00,83.00,0.5823,-1,-1,-1
4652,1,1282.00,1134.00,107.00,58.00,0.7493,-1,-1,-1
4652,2,839.00,1263.00,112.00,86.00,0.6014,-1,-1,-1
4653,1,1280.00,1135.00,102.00,58.00,0.7334,-1,-1,-1
4653,2,835.00,1264.00,115.00,86.00,0.5414,-1,-1,-1
4654,1,1279.00,1137.00,94.00,56.00,0.6834,-1,-1,-1
4655,1,1279.00,1136.00,95.00,57.00,0.6696,-1,-1,-1
4655,2,835.00,1264.00,111.00,84.00,0.5850,-1,-1,-1
4656,1,1277.00,1136.00,97.00,57.00,0.6726,-1,-1,-1
4656,2,834.00,1272.00,92.00,78.00,0.5925,-1,-1,-1
4657,1,1274.00,1137.00,96.00,57.00,0.6695,-1,-1,-1
4657,2,832.00,1271.00,96.00,82.00,0.6601,-1,-1,-1
4658,1,1271.00,1135.00,99.00,61.00,0.6871,-1,-1,-1
4658,2,830.00,1274.00,93.00,81.00,0.6385,-1,-1,-1
4659,1,1269.00,1135.00,99.00,63.00,0.7207,-1,-1,-1
4659,2,831.00,1282.00,80.00,75.00,0.6313,-1,-1,-1
4660,1,1268.00,1136.00,97.00,62.00,0.7259,-1,-1,-1
4660,2,829.00,1281.00,86.00,77.00,0.6294,-1,-1,-1
4661,1,1268.00,1139.00,94.00,59.00,0.7493,-1,-1,-1
4661,2,828.00,1284.00,81.00,75.00,0.6029,-1,-1,-1
4662,1,1266.00,1138.00,96.00,60.00,0.7612,-1,-1,-1
4662,2,827.00,1279.00,89.00,80.00,0.6028,-1,-1,-1
4663,1,1264.00,1139.00,96.00,59.00,0.7517,-1,-1,-1
4663,2,825.00,1277.00,95.00,84.00,0.6366,-1,-1,-1
4664,1,1262.00,1138.00,99.00,61.00,0.7741,-1,-1,-1
4664,2,823.00,1269.00,109.00,93.00,0.6904,-1,-1,-1
4665,1,1260.00,1138.00,103.00,62.00,0.7786,-1,-1,-1
4665,2,821.00,1266.00,115.00,99.00,0.6836,-1,-1,-1
4666,1,1259.00,1139.00,103.00,61.00,0.7808,-1,-1,-1
4666,2,820.00,1273.00,108.00,92.00,0.6066,-1,-1,-1
4667,1,1258.00,1140.00,99.00,60.00,0.7555,-1,-1,-1
4667,2,818.00,1271.00,113.00,95.00,0.6515,-1,-1,-1
4668,1,1256.00,1141.00,99.00,59.00,0.7784,-1,-1,-1
4668,2,816.00,1274.00,115.00,94.00,0.6361,-1,-1,-1
4669,1,1254.00,1140.00,98.00,62.00,0.7679,-1,-1,-1
4669,2,814.00,1282.00,107.00,89.00,0.5335,-1,-1,-1
4670,1,1253.00,1140.00,98.00,62.00,0.7636,-1,-1,-1
4671,1,1250.00,1136.00,101.00,68.00,0.7589,-1,-1,-1
4671,2,814.00,1298.00,80.00,71.00,0.5630,-1,-1,-1
4672,1,1249.00,1137.00,103.00,68.00,0.7980,-1,-1,-1
4672,2,813.00,1282.00,108.00,90.00,0.5834,-1,-1,-1
4673,1,1249.00,1138.00,103.00,67.00,0.7971,-1,-1,-1
4673,2,810.00,1289.00,100.00,87.00,0.7265,-1,-1,-1
4674,1,1248.00,1140.00,101.00,65.00,0.7935,-1,-1,-1
4674,2,807.00,1286.00,106.00,91.00,0.7555,-1,-1,-1
4675,1,1246.00,1140.00,105.00,66.00,0.7624,-1,-1,-1
4675,2,806.00,1282.00,112.00,97.00,0.7957,-1,-1,-1
4676,1,1242.00,1140.00,111.00,66.00,0.7327,-1,-1,-1
4676,2,805.00,1285.00,111.00,94.00,0.7923,-1,-1,-1
4677,1,1245.00,1143.00,97.00,62.00,0.7280,-1,-1,-1
4677,2,801.00,1286.00,116.00,97.00,0.8080,-1,-1,-1
4678,1,1243.00,1144.00,95.00,62.00,0.7661,-1,-1,-1
4678,2,801.00,1284.00,118.00,97.00,0.8011,-1,-1,-1
4679,1,1242.00,1145.00,93.00,61.00,0.7771,-1,-1,-1
4679,2,799.00,1283.00,120.00,100.00,0.7818,-1,-1,-1
4680,1,1241.00,1146.00,93.00,61.00,0.7955,-1,-1,-1
4680,2,798.00,1279.00,127.00,104.00,0.8253,-1,-1,-1
4681,1,1239.00,1145.00,99.00,62.00,0.8091,-1,-1,-1
4681,2,796.00,1280.00,127.00,105.00,0.8120,-1,-1,-1
4682,1,1239.00,1146.00,99.00,62.00,0.8193,-1,-1,-1
4682,2,794.00,1282.00,126.00,105.00,0.7974,-1,-1,-1
4683,1,1238.00,1147.00,95.00,61.00,0.8290,-1,-1,-1
4683,2,793.00,1282.00,127.00,108.00,0.8099,-1,-1,-1
4684,1,1237.00,1148.00,97.00,61.00,0.8389,-1,-1,-1
4684,2,792.00,1283.00,130.00,107.00,0.8005,-1,-1,-1
4685,1,1236.00,1148.00,96.00,61.00,0.8475,-1,-1,-1
4685,2,792.00,1285.00,128.00,106.00,0.6835,-1,-1,-1
4686,1,1234.00,1148.00,99.00,62.00,0.8478,-1,-1,-1
4686,2,790.00,1294.00,118.00,101.00,0.5057,-1,-1,-1
4687,1,1231.00,1150.00,98.00,60.00,0.8483,-1,-1,-1
4688,1,1230.00,1150.00,100.00,62.00,0.8591,-1,-1,-1
4689,1,1229.00,1150.00,99.00,63.00,0.8662,-1,-1,-1
4690,1,1228.00,1150.00,98.00,63.00,0.8603,-1,-1,-1
4691,1,1227.00,1150.00,99.00,64.00,0.8561,-1,-1,-1
4692,1,1225.00,1151.00,99.00,64.00,0.8369,-1,-1,-1
4692,2,783.00,1314.00,90.00,87.00,0.5104,-1,-1,-1
4693,1,1223.00,1152.00,102.00,64.00,0.8364,-1,-1,-1
4693,2,783.00,1318.00,88.00,82.00,0.5669,-1,-1,-1
4694,1,1221.00,1153.00,105.00,63.00,0.8502,-1,-1,-1
4694,2,780.00,1318.00,95.00,84.00,0.6053,-1,-1,-1
4695,1,1217.00,1155.00,105.00,62.00,0.8120,-1,-1,-1
4695,2,780.00,1315.00,101.00,87.00,0.6931,-1,-1,-1
4696,1,1216.00,1156.00,105.00,61.00,0.8173,-1,-1,-1
4696,2,779.00,1316.00,99.00,88.00,0.6244,-1,-1,-1
4697,1,1214.00,1157.00,106.00,61.00,0.8118,-1,-1,-1
4697,2,777.00,1321.00,92.00,84.00,0.5330,-1,-1,-1
4698,1,1212.00,1157.00,110.00,63.00,0.8066,-1,-1,-1
4698,2,775.00,1319.00,98.00,86.00,0.5653,-1,-1,-1
4699,1,1210.00,1159.00,109.00,62.00,0.7956,-1,-1,-1
4699,2,773.00,1314.00,106.00,93.00,0.6288,-1,-1,-1
4700,1,1211.00,1162.00,103.00,59.00,0.8114,-1,-1,-1
4700,2,770.00,1312.00,113.00,97.00,0.6525,-1,-1,-1
4701,1,1209.00,1161.00,105.00,62.00,0.8144,-1,-1,-1
4701,2,770.00,1316.00,107.00,95.00,0.5453,-1,-1,-1
4702,1,1207.00,1162.00,106.00,62.00,0.8200,-1,-1,-1
4702,2,769.00,1333.00,86.00,79.00,0.5529,-1,-1,-1
4703,1,1206.00,1167.00,105.00,58.00,0.8262,-1,-1,-1
4703,2,769.00,1321.00,94.00,91.00,0.5938,-1,-1,-1
4704,1,1204.00,1167.00,106.00,59.00,0.8338,-1,-1,-1
4704,2,767.00,1331.00,89.00,84.00,0.6048,-1,-1,-1
4705,1,1203.00,1168.00,102.00,59.00,0.7957,-1,-1,-1
4705,2,765.00,1333.00,89.00,83.00,0.6174,-1,-1,-1
4706,1,1201.00,1169.00,101.00,59.00,0.7506,-1,-1,-1
4706,2,764.00,1334.00,90.00,83.00,0.6651,-1,-1,-1
4707,1,1199.00,1169.00,98.00,59.00,0.7917,-1,-1,-1
4707,2,760.00,1335.00,93.00,84.00,0.6425,-1,-1,-1
4708,1,1196.00,1168.00,101.00,60.00,0.7886,-1,-1,-1
4708,2,759.00,1323.00,103.00,98.00,0.6306,-1,-1,-1
4709,1,1194.00,1170.00,99.00,59.00,0.7787,-1,-1,-1
4709,2,757.00,1329.00,102.00,93.00,0.6383,-1,-1,-1
4710,1,1192.00,1170.00,104.00,60.00,0.7837,-1,-1,-1
4710,2,755.00,1327.00,105.00,97.00,0.6599,-1,-1,-1
4711,1,1190.00,1171.00,104.00,60.00,0.7965,-1,-1,-1
4711,2,755.00,1331.00,102.00,94.00,0.6840,-1,-1,-1
4712,1,1188.00,1170.00,106.00,62.00,0.7941,-1,-1,-1
4712,2,752.00,1327.00,109.00,99.00,0.7089,-1,-1,-1
4713,1,1186.00,1169.00,110.00,65.00,0.7814,-1,-1,-1
4713,2,751.00,1327.00,107.00,99.00,0.7004,-1,-1,-1
4714,1,1185.00,1169.00,110.00,66.00,0.8061,-1,-1,-1
4714,2,748.00,1329.00,107.00,101.00,0.6705,-1,-1,-1
4715,1,1183.00,1168.00,110.00,67.00,0.8155,-1,-1,-1
4715,2,748.00,1331.00,105.00,100.00,0.6275,-1,-1,-1
4716,1,1181.00,1168.00,111.00,68.00,0.8385,-1,-1,-1
4716,2,745.00,1329.00,111.00,105.00,0.6192,-1,-1,-1
4717,1,1181.00,1169.00,107.00,68.00,0.8341,-1,-1,-1
4717,2,748.00,1340.00,91.00,94.00,0.6033,-1,-1,-1
4718,1,1179.00,1169.00,109.00,70.00,0.8554,-1,-1,-1
4718,2,745.00,1340.00,95.00,96.00,0.5703,-1,-1,-1
4719,1,1178.00,1168.00,110.00,72.00,0.8615,-1,-1,-1
4719,2,745.00,1348.00,86.00,89.00,0.6640,-1,-1,-1
4720,1,1176.00,1169.00,111.00,71.00,0.8713,-1,-1,-1
4720,2,744.00,1350.00,85.00,88.00,0.6618,-1,-1,-1
4721,1,1175.00,1170.00,108.00,71.00,0.8097,-1,-1,-1
4721,2,743.00,1354.00,82.00,85.00,0.5902,-1,-1,-1
4722,1,1174.00,1174.00,103.00,67.00,0.8179,-1,-1,-1
4722,2,742.00,1368.00,71.00,70.00,0.6014,-1,-1,-1
4723,1,1172.00,1171.00,109.00,72.00,0.8292,-1,-1,-1
4723,2,741.00,1367.00,72.00,71.00,0.6254,-1,-1,-1
4724,1,1171.00,1172.00,108.00,71.00,0.8374,-1,-1,-1
4724,2,740.00,1374.00,65.00,65.00,0.6935,-1,-1,-1
4725,1,1171.00,1178.00,101.00,64.00,0.7971,-1,-1,-1
4725,2,737.00,1368.00,76.00,73.00,0.6581,-1,-1,-1
4726,1,1171.00,1180.00,95.00,62.00,0.7630,-1,-1,-1
4726,2,735.00,1362.00,86.00,81.00,0.6536,-1,-1,-1
4727,1,1170.00,1180.00,95.00,62.00,0.7789,-1,-1,-1
4727,2,734.00,1364.00,83.00,82.00,0.6772,-1,-1,-1
4728,1,1169.00,1180.00,97.00,62.00,0.7774,-1,-1,-1
4728,2,732.00,1360.00,92.00,86.00,0.6923,-1,-1,-1
4729,1,1168.00,1181.00,97.00,61.00,0.7650,-1,-1,-1
4729,2,731.00,1357.00,95.00,88.00,0.7123,-1,-1,-1
4730,1,1168.00,1183.00,93.00,58.00,0.7322,-1,-1,-1
4730,2,728.00,1354.00,102.00,94.00,0.7057,-1,-1,-1
4731,1,1167.00,1185.00,91.00,54.00,0.6675,-1,-1,-1
4731,2,725.00,1353.00,108.00,96.00,0.6964,-1,-1,-1
4732,1,1164.00,1188.00,82.00,53.00,0.6532,-1,-1,-1
4732,2,723.00,1354.00,112.00,96.00,0.7454,-1,-1,-1
4733,1,1162.00,1188.00,88.00,54.00,0.7064,-1,-1,-1
4733,2,722.00,1356.00,112.00,96.00,0.7585,-1,-1,-1
4734,1,1160.00,1189.00,80.00,53.00,0.7369,-1,-1,-1
4734,2,722.00,1365.00,96.00,88.00,0.7594,-1,-1,-1
4735,1,1157.00,1190.00,83.00,53.00,0.7733,-1,-1,-1
4735,2,721.00,1365.00,100.00,88.00,0.8025,-1,-1,-1
4736,1,1156.00,1188.00,96.00,56.00,0.7407,-1,-1,-1
4736,2,720.00,1371.00,91.00,84.00,0.7860,-1,-1,-1
4737,1,1154.00,1188.00,100.00,57.00,0.7475,-1,-1,-1
4737,2,717.00,1368.00,101.00,89.00,0.8174,-1,-1,-1
4738,1,1154.00,1186.00,99.00,60.00,0.7486,-1,-1,-1
4738,2,714.00,1371.00,99.00,88.00,0.7831,-1,-1,-1
4739,1,1153.00,1188.00,91.00,58.00,0.7736,-1,-1,-1
4739,2,712.00,1373.00,99.00,89.00,0.7506,-1,-1,-1
4740,1,1151.00,1185.00,99.00,63.00,0.7714,-1,-1,-1
4740,2,710.00,1373.00,101.00,91.00,0.6857,-1,-1,-1
4741,1,1149.00,1186.00,100.00,62.00,0.7970,-1,-1,-1
4741,2,708.00,1374.00,105.00,93.00,0.6665,-1,-1,-1
4742,1,1148.00,1186.00,100.00,63.00,0.7961,-1,-1,-1
4742,2,709.00,1382.00,98.00,85.00,0.6637,-1,-1,-1
4743,1,1146.00,1186.00,101.00,63.00,0.7851,-1,-1,-1
4743,2,708.00,1382.00,99.00,86.00,0.7087,-1,-1,-1
4744,1,1144.00,1187.00,99.00,63.00,0.7732,-1,-1,-1
4744,2,707.00,1378.00,106.00,93.00,0.7667,-1,-1,-1
4745,1,1144.00,1188.00,98.00,62.00,0.7794,-1,-1,-1
4745,2,706.00,1377.00,108.00,96.00,0.7899,-1,-1,-1
4746,1,1142.00,1188.00,100.00,63.00,0.7939,-1,-1,-1
4746,2,704.00,1373.00,114.00,103.00,0.7989,-1,-1,-1
4747,1,1139.00,1188.00,106.00,65.00,0.7956,-1,-1,-1
4747,2,703.00,1377.00,109.00,99.00,0.7944,-1,-1,-1
4748,1,1138.00,1189.00,104.00,65.00,0.7828,-1,-1,-1
4748,2,701.00,1375.00,114.00,104.00,0.7489,-1,-1,-1
4749,1,1136.00,1188.00,106.00,66.00,0.7978,-1,-1,-1
4749,2,700.00,1376.00,114.00,103.00,0.7186,-1,-1,-1
4750,1,1134.00,1189.00,106.00,67.00,0.7944,-1,-1,-1
4750,2,699.00,1376.00,114.00,104.00,0.6816,-1,-1,-1
4751,1,1133.00,1191.00,105.00,65.00,0.7795,-1,-1,-1
4751,2,698.00,1380.00,110.00,101.00,0.6049,-1,-1,-1
4752,1,1132.00,1193.00,105.00,65.00,0.8155,-1,-1,-1
4752,2,700.00,1395.00,84.00,87.00,0.6156,-1,-1,-1
4753,1,1131.00,1194.00,104.00,64.00,0.8253,-1,-1,-1
4753,2,698.00,1394.00,90.00,90.00,0.6449,-1,-1,-1
4754,1,1130.00,1195.00,102.00,63.00,0.8388,-1,-1,-1
4754,2,697.00,1394.00,92.00,91.00,0.6069,-1,-1,-1
4755,1,1130.00,1196.00,102.00,62.00,0.8442,-1,-1,-1
4755,2,696.00,1397.00,88.00,90.00,0.6401,-1,-1,-1
4756,1,1130.00,1197.00,101.00,61.00,0.8242,-1,-1,-1
4756,2,694.00,1404.00,80.00,84.00,0.5024,-1,-1,-1
4757,1,1129.00,1197.00,103.00,62.00,0.8448,-1,-1,-1
4758,1,1128.00,1199.00,104.00,61.00,0.8411,-1,-1,-1
4758,2,693.00,1415.00,73.00,72.00,0.5067,-1,-1,-1
4759,1,1126.00,1203.00,101.00,58.00,0.8303,-1,-1,-1
4759,2,692.00,1424.00,65.00,63.00,0.6766,-1,-1,-1
4760,1,1123.00,1203.00,100.00,59.00,0.8201,-1,-1,-1
4760,2,690.00,1420.00,70.00,72.00,0.6855,-1,-1,-1
4761,1,1122.00,1201.00,102.00,63.00,0.7998,-1,-1,-1
4761,2,691.00,1422.00,73.00,70.00,0.6877,-1,-1,-1
4762,1,1120.00,1201.00,101.00,63.00,0.7769,-1,-1,-1
4762,2,689.00,1422.00,73.00,74.00,0.6975,-1,-1,-1
4763,1,1119.00,1201.00,107.00,64.00,0.8040,-1,-1,-1
4763,2,689.00,1423.00,67.00,73.00,0.6820,-1,-1,-1
4764,1,1119.00,1201.00,106.00,64.00,0.7891,-1,-1,-1
4764,2,688.00,1423.00,69.00,75.00,0.6308,-1,-1,-1
4765,1,1118.00,1203.00,107.00,62.00,0.7752,-1,-1,-1
4765,2,687.00,1425.00,68.00,74.00,0.6271,-1,-1,-1
4766,1,1118.00,1204.00,107.00,60.00,0.7418,-1,-1,-1
4766,2,686.00,1424.00,76.00,77.00,0.5747,-1,-1,-1
4767,1,1116.00,1201.00,109.00,66.00,0.7555,-1,-1,-1
4767,2,684.00,1426.00,77.00,77.00,0.5751,-1,-1,-1
4768,1,1116.00,1204.00,102.00,63.00,0.7265,-1,-1,-1
4768,2,683.00,1426.00,79.00,78.00,0.5835,-1,-1,-1
4769,1,1115.00,1208.00,97.00,60.00,0.7278,-1,-1,-1
4769,2,681.00,1422.00,85.00,84.00,0.5971,-1,-1,-1
4770,1,1112.00,1209.00,99.00,61.00,0.7229,-1,-1,-1
4770,2,677.00,1410.00,103.00,100.00,0.6171,-1,-1,-1
4771,1,1110.00,1210.00,98.00,61.00,0.6906,-1,-1,-1
4771,2,676.00,1418.00,96.00,94.00,0.5623,-1,-1,-1
4772,1,1109.00,1212.00,91.00,60.00,0.7366,-1,-1,-1
