1,1,1859.79,1167.14,77.6400000000001,101.75999999999999,1,2,1.0
1,2,2165.07,1345.78,59.54999999999973,89.70000000000005,1,2,1.0
2,1,1860.15,1167.42,77.17999999999984,101.93999999999983,1,2,1.0
2,2,2165.3,1346.16,59.48000000000002,89.69999999999982,1,2,1.0
3,1,1860.5,1167.71,76.73000000000002,102.1099999999999,1,2,1.0
3,2,2165.53,1346.53,59.409999999999854,89.70000000000005,1,2,1.0
4,1,1860.86,1168.0,76.27000000000021,102.27999999999997,1,2,1.0
4,2,2165.75,1346.91,59.34999999999991,89.69999999999982,1,2,1.0
5,1,1861.22,1168.29,75.80999999999995,102.45000000000005,1,2,1.0
5,2,2165.98,1347.28,59.2800000000002,89.70000000000005,1,2,1.0
6,1,1861.58,1168.57,75.35000000000014,102.6400000000001,1,2,1.0
6,2,2166.21,1347.66,59.210000000000036,89.69999999999982,1,2,1.0
7,1,1861.93,1168.86,74.89999999999986,102.81000000000017,1,2,1.0
7,2,2166.43,1348.03,59.16000000000031,89.70000000000005,1,2,1.0
8,1,1862.29,1169.15,74.44000000000005,102.98000000000002,1,2,1.0
8,2,2166.66,1348.41,59.090000000000146,89.69999999999982,1,2,1.0
9,1,1862.65,1169.44,73.98000000000002,103.14999999999986,1,2,1.0
9,2,2166.89,1348.78,59.01999999999998,89.70000000000005,1,2,1.0
10,1,1863.01,1169.73,73.51999999999998,103.31999999999994,1,2,1.0
10,2,2167.11,1349.16,58.960000000000036,89.69999999999982,1,2,1.0
11,1,1863.36,1170.01,73.07000000000016,103.50999999999999,1,2,1.0
11,2,2167.34,1349.53,58.88999999999987,89.70000000000005,1,2,1.0
12,1,1863.72,1170.3,72.6099999999999,103.68000000000006,1,2,1.0
12,2,2167.57,1349.91,58.81999999999971,89.69999999999982,1,2,1.0
13,1,1864.08,1170.59,72.15000000000009,103.85000000000014,1,2,1.0
13,2,2167.79,1350.28,58.76000000000022,89.70000000000005,1,2,1.0
14,1,1864.44,1170.88,71.69000000000005,104.01999999999998,1,2,1.0
14,2,2168.02,1350.66,58.690000000000055,89.69999999999982,1,2,1.0
15,1,1864.79,1171.16,71.24000000000001,104.19999999999982,1,2,1.0
15,2,2168.25,1351.03,58.61999999999989,89.70000000000005,1,2,1.0
16,1,1865.15,1171.45,70.77999999999997,104.36999999999989,1,2,1.0
16,2,2168.47,1351.41,58.5600000000004,89.69999999999982,1,2,1.0
17,1,1865.51,1171.74,70.31999999999994,104.54999999999995,1,2,1.0
17,2,2168.7,1351.78,58.49000000000024,89.70000000000005,1,2,1.0
18,1,1865.87,1172.03,69.87000000000012,104.72000000000003,1,2,1.0
18,2,2168.93,1352.16,58.42000000000007,89.69999999999982,1,2,1.0
19,1,1865.94,1171.16,69.98000000000002,105.47000000000003,1,2,1.0
19,2,2169.14,1352.43,58.36000000000013,89.70000000000005,1,2,1.0
20,1,1866.02,1170.3,70.08999999999992,106.20000000000005,1,2,1.0
20,2,2169.35,1352.7,58.289999999999964,89.70000000000005,1,2,1.0
21,1,1866.1,1169.44,70.19000000000005,106.94000000000005,1,2,1.0
21,2,2169.56,1352.97,58.23000000000002,89.70000000000005,1,2,1.0
22,1,1866.17,1168.58,70.30999999999995,107.68000000000006,1,2,1.0
22,2,2169.77,1353.24,58.159999999999854,89.70000000000005,1,2,1.0
23,1,1866.25,1167.71,70.42000000000007,108.43000000000006,1,2,1.0
23,2,2169.99,1353.51,58.090000000000146,89.70000000000005,1,2,1.0
24,1,1866.33,1166.85,70.51999999999998,109.17000000000007,1,2,1.0
24,2,2170.2,1353.78,58.0300000000002,89.70000000000005,1,2,1.0
25,1,1866.4,1165.99,70.63999999999987,109.90000000000009,1,2,1.0
25,2,2170.41,1354.05,57.960000000000036,89.70000000000005,1,2,1.0
26,1,1866.48,1165.13,70.75,110.63999999999987,1,2,1.0
26,2,2170.62,1354.32,57.90000000000009,89.70000000000005,1,2,1.0
27,1,1866.56,1164.26,70.85000000000014,111.3900000000001,1,2,1.0
27,2,2170.83,1354.59,57.82999999999993,89.70000000000005,1,2,1.0
28,1,1866.63,1163.4,70.9699999999998,112.12999999999988,1,2,1.0
28,2,2171.05,1354.86,57.75999999999976,89.70000000000005,1,2,1.0
29,1,1867.23,1163.82,70.07999999999993,111.87000000000012,1,2,1.0
29,2,2170.94,1354.51,57.69999999999982,89.71000000000004,1,2,1.0
30,1,1867.83,1164.25,69.18000000000006,111.59999999999991,1,2,1.0
30,2,2170.84,1354.17,57.629999999999654,89.69999999999982,1,2,1.0
31,1,1868.43,1164.67,68.28999999999996,111.34999999999991,1,2,1.0
31,2,2170.73,1353.82,57.570000000000164,89.70000000000005,1,2,1.0
32,1,1869.03,1165.1,67.3900000000001,111.08000000000015,1,2,1.0
32,2,2170.63,1353.48,57.5,89.70000000000005,1,2,1.0
33,1,1869.63,1165.52,66.5,110.81999999999994,1,2,1.0
33,2,2170.53,1353.13,57.429999999999836,89.69999999999982,1,2,1.0
34,1,1870.23,1165.94,65.6099999999999,110.55999999999995,1,2,1.0
34,2,2170.42,1352.79,57.36999999999989,89.70000000000005,1,2,1.0
35,1,1865.79,1164.48,64.71000000000004,110.28999999999996,1,2,1.0
35,2,2165.91,1351.18,57.30000000000018,89.70000000000005,1,2,1.0
36,1,1861.35,1163.01,63.820000000000164,110.03999999999996,1,2,1.0
36,2,2161.4,1349.58,57.23000000000002,89.70000000000005,1,2,1.0
37,1,1856.91,1161.55,62.929999999999836,109.76999999999998,1,2,1.0
37,2,2156.89,1347.97,57.16000000000031,89.70000000000005,1,2,1.0
38,1,1853.27,1161.86,62.039999999999964,109.50999999999999,1,2,1.0
38,2,2153.26,1347.21,57.10999999999967,89.70000000000005,1,2,1.0
39,1,1849.63,1162.16,61.13999999999987,109.25,1,2,1.0
39,2,2149.64,1346.44,57.039999999999964,89.70000000000005,1,2,1.0
40,1,1845.99,1162.47,60.25,108.99000000000001,1,2,1.0
40,2,2146.02,1345.68,56.9699999999998,89.70000000000005,1,2,1.0
41,1,1842.35,1162.78,59.350000000000136,108.72000000000003,1,2,1.0
41,2,2142.4,1344.91,56.90000000000009,89.69999999999982,1,2,1.0
42,1,1838.25,1161.24,58.569999999999936,108.72000000000003,1,2,1.0
42,2,2137.71,1343.6,56.90000000000009,89.79000000000019,1,2,1.0
43,1,1834.16,1159.7,57.77999999999997,108.73000000000002,1,2,1.0
43,2,2133.02,1342.29,56.90000000000009,89.88000000000011,1,2,1.0
44,1,1830.07,1158.16,56.99000000000001,108.73000000000002,1,2,1.0
44,2,2128.33,1340.98,56.909999999999854,89.97000000000003,1,2,1.0
45,1,1820.46,1157.83,56.200000000000045,108.72000000000003,1,2,1.0
45,2,2119.36,1339.04,56.90000000000009,90.05999999999995,1,2,1.0
46,1,1810.85,1157.49,55.41000000000008,108.72000000000003,1,2,1.0
46,2,2110.38,1337.1,56.909999999999854,90.15000000000009,1,2,1.0
47,1,1801.24,1157.15,54.61999999999989,108.7199999999998,1,2,1.0
47,2,2101.41,1335.15,56.90000000000009,90.24000000000001,1,2,1.0
48,1,1791.62,1156.81,53.840000000000146,108.73000000000002,1,2,1.0
48,2,2092.43,1333.21,56.90000000000009,90.32999999999993,1,2,1.0
49,1,1787.89,1156.47,53.049999999999955,108.73000000000002,1,2,1.0
49,2,2087.86,1332.74,56.909999999999854,90.42000000000007,1,2,1.0
50,1,1784.16,1156.14,52.25999999999999,108.7199999999998,1,2,1.0
50,2,2083.3,1332.27,56.899999999999636,90.50999999999999,1,2,1.0
51,1,1780.42,1155.8,51.48000000000002,108.72000000000003,1,2,1.0
51,2,2078.73,1331.8,56.90000000000009,90.60000000000014,1,2,1.0
52,1,1779.81,1154.99,51.87000000000012,108.73000000000002,1,2,1.0
52,2,2078.55,1331.36,57.039999999999964,90.60000000000014,1,2,1.0
53,1,1779.2,1154.18,52.25999999999999,108.73000000000002,1,2,1.0
53,2,2078.38,1330.93,57.17000000000007,90.59999999999991,1,2,1.0
54,1,1778.59,1153.38,52.66000000000008,108.7199999999998,1,2,1.0
54,2,2078.21,1330.49,57.30000000000018,90.59999999999991,1,2,1.0
55,1,1777.98,1152.57,53.049999999999955,108.72000000000003,1,2,1.0
55,2,2078.03,1330.06,57.4399999999996,90.60000000000014,1,2,1.0
56,1,1777.37,1151.76,53.440000000000055,108.73000000000002,1,2,1.0
56,2,2077.86,1329.62,57.559999999999945,90.60000000000014,1,2,1.0
57,1,1776.76,1150.96,53.82999999999993,108.72000000000003,1,2,1.0
57,2,2077.68,1329.18,57.70000000000027,90.59999999999991,1,2,1.0
58,1,1776.15,1150.15,54.2199999999998,108.7199999999998,1,2,1.0
58,2,2077.51,1328.75,57.82999999999993,90.59999999999991,1,2,1.0
59,1,1775.54,1149.34,54.61000000000013,108.73000000000002,1,2,1.0
59,2,2077.33,1328.31,57.970000000000255,90.60000000000014,1,2,1.0
60,1,1774.93,1148.54,55.00999999999999,108.72000000000003,1,2,1.0
60,2,2077.16,1327.88,58.100000000000364,90.59999999999991,1,2,1.0
61,1,1774.32,1147.73,55.40000000000009,108.72000000000003,1,2,1.0
61,2,2076.98,1327.44,58.23999999999978,90.59999999999991,1,2,1.0
62,1,1773.71,1146.92,55.789999999999964,108.73000000000002,1,2,1.0
62,2,2076.81,1327.0,58.36000000000013,90.59999999999991,1,2,1.0
63,1,1773.1,1146.12,56.180000000000064,108.72000000000003,1,2,1.0
63,2,2076.64,1326.57,58.49000000000024,90.60000000000014,1,2,1.0
64,1,1772.48,1145.31,56.57999999999993,108.72000000000003,1,2,1.0
64,2,2076.46,1326.13,58.63000000000011,90.59999999999991,1,2,1.0
65,1,1772.5,1144.19,56.97000000000003,108.72000000000003,1,2,1.0
65,2,2076.29,1325.69,58.76000000000022,90.59999999999991,1,2,1.0
66,1,1772.51,1143.07,57.3599999999999,108.72000000000003,1,2,1.0
66,2,2076.11,1325.26,58.90000000000009,90.59999999999991,1,2,1.0
67,1,1772.52,1141.96,57.75999999999999,108.72000000000003,1,2,1.0
67,2,2075.94,1324.82,59.029999999999745,90.60000000000014,1,2,1.0
68,1,1772.54,1140.84,58.1400000000001,108.72000000000003,1,2,1.0
68,2,2075.76,1324.39,59.159999999999854,90.59999999999991,1,2,1.0
69,1,1772.55,1139.72,58.539999999999964,108.72000000000003,1,2,1.0
69,2,2075.59,1323.95,59.289999999999964,90.59999999999991,1,2,1.0
70,1,1772.56,1138.6,58.930000000000064,108.72000000000003,1,2,1.0
70,2,2075.41,1323.51,59.43000000000029,90.59999999999991,1,2,1.0
71,1,1772.57,1137.48,59.330000000000155,108.72000000000003,1,2,1.0
71,2,2075.24,1323.08,59.5600000000004,90.60000000000014,1,2,1.0
72,1,1772.05,1136.02,60.25999999999999,108.67000000000007,1,2,1.0
72,2,2075.18,1322.62,59.65000000000009,90.60000000000014,1,2,1.0
73,1,1771.52,1134.55,61.200000000000045,108.63000000000011,1,2,1.0
73,2,2075.13,1322.17,59.73000000000002,90.59999999999991,1,2,1.0
74,1,1771.0,1133.09,62.13000000000011,108.58000000000015,1,2,1.0
74,2,2075.07,1321.72,59.81999999999971,90.59999999999991,1,2,1.0
75,1,1770.47,1131.62,63.069999999999936,108.54000000000019,1,2,1.0
75,2,2075.01,1321.26,59.909999999999854,90.59999999999991,1,2,1.0
76,1,1769.95,1130.16,64.0,108.49000000000001,1,2,1.0
76,2,2074.96,1320.81,59.98999999999978,90.60000000000014,1,2,1.0
77,1,1769.42,1128.69,64.94999999999982,108.45000000000005,1,2,1.0
77,2,2074.9,1320.35,60.07999999999993,90.60000000000014,1,2,1.0
78,1,1768.9,1127.23,65.87999999999988,108.40000000000009,1,2,1.0
78,2,2074.84,1319.9,60.17000000000007,90.59999999999991,1,2,1.0
79,1,1768.37,1125.77,66.82000000000016,108.34999999999991,1,2,1.0
79,2,2074.79,1319.44,60.26000000000022,90.59999999999991,1,2,1.0
80,1,1767.84,1124.3,67.75999999999999,108.30999999999995,1,2,1.0
80,2,2074.73,1318.99,60.34999999999991,90.59999999999991,1,2,1.0
81,1,1767.32,1122.84,68.69000000000005,108.26999999999998,1,2,1.0
81,2,2074.67,1318.54,60.440000000000055,90.60000000000014,1,2,1.0
82,1,1766.79,1121.37,69.63000000000011,108.23000000000002,1,2,1.0
82,2,2074.62,1318.08,60.51999999999998,90.60000000000014,1,2,1.0
83,1,1766.78,1120.16,70.55999999999995,108.17999999999984,1,2,1.0
83,2,2075.26,1317.69,60.60999999999967,90.59999999999991,1,2,1.0
84,1,1766.76,1118.95,71.5,108.13999999999987,1,2,1.0
84,2,2075.91,1317.29,60.690000000000055,90.60000000000014,1,2,1.0
85,1,1766.74,1117.74,72.44000000000005,108.08999999999992,1,2,1.0
85,2,2076.55,1316.9,60.789999999999964,90.59999999999991,1,2,1.0
86,1,1766.73,1116.53,73.36999999999989,108.04999999999995,1,2,1.0
86,2,2077.2,1316.51,60.870000000000346,90.59999999999991,1,2,1.0
87,1,1766.71,1115.32,74.30999999999995,108.0,1,2,1.0
87,2,2078.41,1315.55,60.960000000000036,90.60000000000014,1,2,1.0
88,1,1766.69,1114.11,75.25,107.96000000000004,1,2,1.0
88,2,2079.62,1314.59,61.05000000000018,90.60000000000014,1,2,1.0
89,1,1766.68,1112.9,76.17999999999984,107.90999999999985,1,2,1.0
89,2,2080.84,1313.63,61.129999999999654,90.59999999999991,1,2,1.0
90,1,1766.66,1111.69,77.11999999999989,107.86999999999989,1,2,1.0
90,2,2082.05,1312.67,61.2199999999998,90.59999999999991,1,2,1.0
91,1,1766.64,1110.48,78.05999999999995,107.81999999999994,1,2,1.0
91,2,2083.26,1311.71,61.309999999999945,90.59999999999991,1,2,1.0
92,1,1767.41,1109.34,78.3599999999999,107.56000000000017,1,2,1.0
92,2,2084.73,1310.92,61.40000000000009,90.59999999999991,1,2,1.0
93,1,1768.18,1108.21,78.65999999999985,107.28999999999996,1,2,1.0
93,2,2086.19,1310.14,61.48999999999978,90.59999999999991,1,2,1.0
94,1,1768.95,1107.07,78.96000000000004,107.02999999999997,1,2,1.0
94,2,2087.66,1309.36,61.570000000000164,90.60000000000014,1,2,1.0
95,1,1769.71,1105.93,79.26999999999998,106.76999999999998,1,2,1.0
95,2,2089.12,1308.58,61.66000000000031,90.60000000000014,1,2,1.0
96,1,1770.48,1104.79,79.56999999999994,106.50999999999999,1,2,1.0
96,2,2090.59,1307.8,61.75,90.60000000000014,1,2,1.0
97,1,1771.25,1103.66,79.86999999999989,106.24000000000001,1,2,1.0
97,2,2092.06,1307.02,61.82999999999993,90.59999999999991,1,2,1.0
98,1,1772.02,1102.52,80.17000000000007,105.98000000000002,1,2,1.0
98,2,2093.52,1306.24,61.92000000000007,90.59999999999991,1,2,1.0
99,1,1772.78,1101.38,80.48000000000002,105.7199999999998,1,2,1.0
99,2,2094.99,1305.45,62.0,90.59999999999991,1,2,1.0
100,1,1773.55,1100.24,80.77999999999997,105.46000000000004,1,2,1.0
100,2,2096.45,1304.67,62.100000000000364,90.59999999999991,1,2,1.0
101,1,1774.32,1099.11,81.08000000000015,105.19000000000005,1,2,1.0
101,2,2097.92,1303.89,62.179999999999836,90.59999999999991,1,2,1.0
102,1,1774.67,1097.28,81.77999999999997,104.75,1,2,1.0
102,2,2099.75,1302.23,62.01000000000022,90.59999999999991,1,2,1.0
103,1,1775.02,1095.44,82.47000000000003,104.31999999999994,1,2,1.0
103,2,2101.58,1300.58,61.82999999999993,90.60000000000014,1,2,1.0
104,1,1775.36,1093.61,83.18000000000006,103.88000000000011,1,2,1.0
104,2,2103.41,1298.92,61.66000000000031,90.59999999999991,1,2,1.0
105,1,1775.71,1091.78,83.86999999999989,103.44000000000005,1,2,1.0
105,2,2105.24,1297.26,61.48000000000002,90.59999999999991,1,2,1.0
106,1,1776.06,1089.95,84.57000000000016,103.0,1,2,1.0
106,2,2107.07,1295.61,61.309999999999945,90.60000000000014,1,2,1.0
107,1,1776.41,1088.12,85.25999999999999,102.56000000000017,1,2,1.0
107,2,2108.9,1293.95,61.13000000000011,90.59999999999991,1,2,1.0
108,1,1776.76,1086.29,85.96000000000004,102.12000000000012,1,2,1.0
108,2,2110.74,1292.29,60.95000000000027,90.60000000000014,1,2,1.0
109,1,1777.11,1084.46,86.65000000000009,101.68000000000006,1,2,1.0
109,2,2112.57,1290.63,60.76999999999998,90.59999999999991,1,2,1.0
110,1,1777.46,1082.62,87.34999999999991,101.25,1,2,1.0
110,2,2114.4,1288.98,60.59999999999991,90.59999999999991,1,2,1.0
111,1,1777.81,1080.79,88.03999999999996,100.80999999999995,1,2,1.0
111,2,2116.23,1287.32,60.42000000000007,90.60000000000014,1,2,1.0
112,1,1778.16,1078.96,88.74000000000001,100.36999999999989,1,2,1.0
112,2,2118.06,1285.66,60.25,90.59999999999991,1,2,1.0
113,1,1778.5,1077.13,89.44000000000005,99.92999999999984,1,2,1.0
113,2,2119.89,1284.01,60.070000000000164,90.59999999999991,1,2,1.0
114,1,1778.85,1075.3,90.1400000000001,99.49000000000001,1,2,1.0
114,2,2121.73,1282.35,59.88999999999987,90.60000000000014,1,2,1.0
115,1,1779.2,1073.47,90.82999999999993,99.04999999999995,1,2,1.0
115,2,2123.56,1280.69,59.710000000000036,90.59999999999991,1,2,1.0
116,1,1779.55,1071.63,91.52999999999997,98.61999999999989,1,2,1.0
116,2,2125.39,1279.03,59.539999999999964,90.60000000000014,1,2,1.0
117,1,1779.9,1069.8,92.2199999999998,98.18000000000006,1,2,1.0
117,2,2127.22,1277.38,59.36000000000013,90.59999999999991,1,2,1.0
118,1,1780.25,1067.97,92.92000000000007,97.74000000000001,1,2,1.0
118,2,2129.05,1275.72,59.1899999999996,90.59999999999991,1,2,1.0
119,1,1780.6,1066.14,93.61000000000013,97.29999999999995,1,2,1.0
119,2,2130.88,1274.06,59.00999999999976,90.60000000000014,1,2,1.0
120,1,1780.95,1064.31,94.30999999999995,96.86000000000013,1,2,1.0
120,2,2132.71,1272.41,58.840000000000146,90.59999999999991,1,2,1.0
121,1,1781.3,1062.48,95.0,96.42000000000007,1,2,1.0
121,2,2134.55,1270.75,58.649999999999636,90.59999999999991,1,2,1.0
122,1,1781.48,1059.82,95.94000000000005,95.52999999999997,1,2,1.0
122,2,2136.9,1267.88,57.279999999999745,91.37999999999988,1,2,1.0
123,1,1781.66,1057.16,96.87999999999988,94.62999999999988,1,2,1.0
123,2,2139.26,1265.01,55.909999999999854,92.16000000000008,1,2,1.0
124,1,1781.85,1054.51,97.81000000000017,93.73000000000002,1,2,1.0
124,2,2141.61,1262.14,54.539999999999964,92.92999999999984,1,2,1.0
125,1,1782.03,1051.85,98.75,92.84000000000015,1,2,1.0
125,2,2143.97,1259.28,53.16000000000031,93.70000000000005,1,2,1.0
126,1,1782.22,1049.19,99.68000000000006,91.94000000000005,1,2,1.0
126,2,2146.32,1256.41,51.79999999999973,94.48000000000002,1,2,1.0
127,1,1782.4,1046.53,100.61999999999989,91.04999999999995,1,2,1.0
127,2,2148.68,1253.54,50.42000000000007,95.25999999999999,1,2,1.0
128,1,1783.46,1043.88,100.68000000000006,90.14999999999986,1,2,1.0
128,2,2151.28,1250.67,49.48999999999978,95.14999999999986,1,2,1.0
129,1,1784.52,1041.22,100.74000000000001,89.25,1,2,1.0
129,2,2153.89,1247.8,48.55000000000018,95.03999999999996,1,2,1.0
130,1,1785.58,1038.56,100.80000000000018,88.36000000000013,1,2,1.0
130,2,2156.5,1244.94,47.61000000000013,94.91999999999985,1,2,1.0
131,1,1786.64,1035.91,100.8599999999999,87.45999999999981,1,2,1.0
131,2,2159.11,1242.07,46.67000000000007,94.81000000000017,1,2,1.0
132,1,1787.71,1033.25,100.90999999999985,86.55999999999995,1,2,1.0
132,2,2161.71,1239.2,45.73999999999978,94.70000000000005,1,2,1.0
133,1,1788.77,1030.59,100.97000000000003,85.67000000000007,1,2,1.0
133,2,2164.32,1236.33,44.79999999999973,94.59000000000015,1,2,1.0
134,1,1789.83,1027.93,101.02999999999997,84.77999999999997,1,2,1.0
134,2,2166.93,1233.46,43.86000000000013,94.48000000000002,1,2,1.0
135,1,1790.89,1025.28,101.08999999999992,83.87000000000012,1,2,1.0
135,2,2169.53,1230.59,42.929999999999836,94.37000000000012,1,2,1.0
136,1,1791.95,1022.62,101.14999999999986,82.9799999999999,1,2,1.0
136,2,2172.14,1227.73,42.0,94.25,1,2,1.0
137,1,1793.01,1019.96,101.21000000000004,82.08999999999992,1,2,1.0
137,2,2174.75,1224.86,41.059999999999945,94.1400000000001,1,2,1.0
138,1,1794.07,1017.3,101.26999999999998,81.19000000000005,1,2,1.0
138,2,2177.36,1221.99,40.11999999999989,94.02999999999997,1,2,1.0
139,1,1795.13,1014.65,101.32999999999993,80.29000000000008,1,2,1.0
139,2,2179.96,1219.12,39.190000000000055,93.92000000000007,1,2,1.0
140,1,1796.2,1011.99,101.37999999999988,79.40000000000009,1,2,1.0
140,2,2182.57,1216.25,38.25,93.80999999999995,1,2,1.0
141,1,1797.26,1009.33,101.44000000000005,78.49999999999989,1,2,1.0
141,2,2185.18,1213.38,37.309999999999945,93.69999999999982,1,2,1.0
142,1,1798.32,1006.68,101.5,77.60000000000002,1,2,1.0
142,2,2187.79,1210.51,36.36999999999989,93.58999999999992,1,2,1.0
143,1,1799.38,1004.02,101.55999999999995,76.71000000000004,1,2,1.0
143,2,2190.39,1207.65,35.440000000000055,93.4699999999998,1,2,1.0
144,1,1800.44,1001.36,101.61999999999989,75.81000000000006,1,2,1.0
144,2,2193.0,1204.78,34.5,93.36000000000013,1,2,1.0
145,1,1801.5,998.7,101.68000000000006,74.91999999999985,1,2,1.0
145,2,2194.74,1201.91,36.15000000000009,93.25,1,2,1.0
146,1,1802.56,996.05,101.74000000000001,74.01999999999998,1,2,1.0
146,2,2196.49,1199.04,37.7800000000002,93.1400000000001,1,2,1.0
147,1,1803.62,993.39,101.80000000000018,73.12,1,2,1.0
147,2,2198.23,1196.17,39.429999999999836,93.02999999999997,1,2,1.0
148,1,1804.68,990.73,101.8599999999999,72.23000000000002,1,2,1.0
148,2,2199.97,1193.3,41.070000000000164,92.92000000000007,1,2,1.0
149,1,1805.75,988.08,101.91000000000008,71.33000000000004,1,2,1.0
149,2,2201.71,1190.44,42.7199999999998,92.79999999999995,1,2,1.0
150,1,1806.81,985.42,101.97000000000003,70.42999999999995,1,2,1.0
150,2,2203.46,1187.57,44.34999999999991,92.69000000000005,1,2,1.0
151,1,1807.87,982.76,102.0300000000002,69.53999999999996,1,2,1.0
151,2,2205.2,1184.7,46.0,92.57999999999993,1,2,1.0
152,1,1809.37,979.23,103.52000000000021,69.82999999999993,1,2,1.0
152,2,2206.3,1181.53,48.13999999999987,91.71000000000004,1,2,1.0
153,1,1810.87,975.7,105.0,70.1099999999999,1,2,1.0
153,2,2207.4,1178.36,50.289999999999964,90.84000000000015,1,2,1.0
154,1,1812.38,972.17,106.47999999999979,70.39999999999998,1,2,1.0
154,2,2208.5,1175.19,52.429999999999836,89.97000000000003,1,2,1.0
155,1,1813.88,968.64,107.95999999999981,70.68999999999994,1,2,1.0
155,2,2209.6,1172.02,54.570000000000164,89.09999999999991,1,2,1.0
156,1,1815.38,965.11,109.44999999999982,70.9799999999999,1,2,1.0
156,2,2210.7,1168.85,56.710000000000036,88.23000000000002,1,2,1.0
157,1,1816.88,961.58,110.92999999999984,71.25999999999988,1,2,1.0
157,2,2211.8,1165.68,58.85999999999967,87.3599999999999,1,2,1.0
158,1,1818.39,958.05,112.40999999999985,71.54999999999995,1,2,1.0
158,2,2212.9,1162.51,61.0,86.49000000000001,1,2,1.0
159,1,1820.59,954.96,112.75,70.94000000000005,1,2,1.0
159,2,2214.73,1159.55,63.11000000000013,85.60000000000014,1,2,1.0
160,1,1822.79,951.87,113.09000000000015,70.33000000000004,1,2,1.0
160,2,2216.56,1156.59,65.22000000000025,84.71000000000004,1,2,1.0
161,1,1824.99,948.78,113.44000000000005,69.72000000000003,1,2,1.0
161,2,2218.4,1153.62,67.32999999999993,83.83000000000015,1,2,1.0
162,1,1827.19,945.69,113.77999999999997,69.1099999999999,1,2,1.0
162,2,2220.23,1150.66,69.44000000000005,82.93999999999983,1,2,1.0
163,1,1829.39,942.6,114.11999999999989,68.5,1,2,1.0
163,2,2222.06,1147.7,71.55000000000018,82.04999999999995,1,2,1.0
164,1,1831.59,939.51,114.46000000000004,67.88999999999999,1,2,1.0
164,2,2223.89,1144.74,73.66000000000031,81.16000000000008,1,2,1.0
165,1,1833.79,936.42,114.79999999999995,67.28000000000009,1,2,1.0
165,2,2225.72,1141.78,75.76999999999998,80.26999999999998,1,2,1.0
166,1,1835.99,933.33,115.1400000000001,66.66999999999996,1,2,1.0
166,2,2227.55,1138.82,77.87999999999965,79.38000000000011,1,2,1.0
167,1,1838.19,930.24,115.49000000000001,66.05999999999995,1,2,1.0
167,2,2229.38,1135.86,80.0,78.49000000000001,1,2,1.0
168,1,1840.39,927.16,115.82999999999993,65.44000000000005,1,2,1.0
168,2,2231.21,1132.9,82.11000000000013,77.59999999999991,1,2,1.0
169,1,1842.59,924.07,116.17000000000007,64.82999999999993,1,2,1.0
169,2,2233.04,1129.94,84.22000000000025,76.71000000000004,1,2,1.0
170,1,1844.79,920.98,116.50999999999999,64.22000000000003,1,2,1.0
170,2,2234.87,1126.98,86.32999999999993,75.81999999999994,1,2,1.0
171,1,1845.9,917.89,115.30999999999995,63.15999999999997,1,2,1.0
171,2,2235.87,1123.94,87.34000000000015,74.26999999999998,1,2,1.0
172,1,1847.0,914.8,114.11999999999989,62.110000000000014,1,2,1.0
172,2,2236.87,1120.9,88.34999999999991,72.70999999999981,1,2,1.0
173,1,1848.11,911.71,112.93000000000006,61.049999999999955,1,2,1.0
173,2,2237.86,1117.86,89.35999999999967,71.16000000000008,1,2,1.0
174,1,1849.22,908.62,111.73000000000002,60.0,1,2,1.0
174,2,2238.86,1114.82,90.36999999999989,69.60000000000014,1,2,1.0
175,1,1850.33,905.53,110.52999999999997,58.940000000000055,1,2,1.0
175,2,2239.86,1111.78,91.37999999999965,68.04999999999995,1,2,1.0
176,1,1851.43,902.44,109.33999999999992,57.889999999999986,1,2,1.0
176,2,2240.85,1108.74,92.40000000000009,66.49000000000001,1,2,1.0
177,1,1852.54,899.35,108.15000000000009,56.82999999999993,1,2,1.0
177,2,2241.85,1105.7,93.41000000000031,64.94000000000005,1,2,1.0
178,1,1848.21,896.26,106.95000000000005,55.76999999999998,1,2,1.0
178,2,2237.9,1101.67,94.42000000000007,63.37999999999988,1,2,1.0
179,1,1843.87,893.17,105.76000000000022,54.72000000000003,1,2,1.0
179,2,2233.95,1097.64,95.43000000000029,61.82999999999993,1,2,1.0
180,1,1839.54,890.08,104.55999999999995,53.65999999999997,1,2,1.0
180,2,2230.0,1093.61,96.44000000000005,60.27000000000021,1,2,1.0
181,1,1835.2,886.99,103.36999999999989,52.610000000000014,1,2,1.0
181,2,2226.05,1089.58,97.44999999999982,58.72000000000003,1,2,1.0
182,1,1824.72,883.8,110.49000000000001,55.60000000000002,1,2,1.0
182,2,2215.34,1084.16,97.44999999999982,58.24000000000001,1,2,1.0
183,1,1814.24,880.61,117.61999999999989,58.59000000000003,1,2,1.0
183,2,2204.64,1078.74,97.45000000000027,57.75999999999999,1,2,1.0
184,1,1803.76,877.42,124.74000000000001,61.58000000000004,1,2,1.0
184,2,2193.93,1073.32,97.45000000000027,57.27999999999997,1,2,1.0
185,1,1788.02,871.39,125.66000000000008,64.31000000000006,1,2,1.0
185,2,2179.38,1066.63,97.44999999999982,56.799999999999955,1,2,1.0
186,1,1772.28,865.36,126.56999999999994,67.03999999999996,1,2,1.0
186,2,2164.83,1059.93,97.45000000000027,56.32999999999993,1,2,1.0
187,1,1756.54,859.34,127.49000000000001,69.75999999999999,1,2,1.0
187,2,2150.27,1053.24,97.44999999999982,55.84999999999991,1,2,1.0
188,1,1740.8,853.31,128.4000000000001,72.49000000000001,1,2,1.0
188,2,2135.72,1046.55,97.45000000000027,55.37000000000012,1,2,1.0
189,1,1722.2,849.91,127.84999999999991,72.25,1,2,1.0
189,2,2118.61,1040.56,97.69000000000005,54.180000000000064,1,2,1.0
190,1,1703.61,846.5,127.30000000000018,72.00999999999999,1,2,1.0
190,2,2101.51,1034.57,97.92999999999984,52.99000000000001,1,2,1.0
191,1,1685.01,843.1,126.75,71.76999999999998,1,2,1.0
191,2,2084.4,1028.59,98.17000000000007,51.79000000000019,1,2,1.0
192,1,1666.42,839.69,126.18999999999983,71.52999999999997,1,2,1.0
192,2,2067.3,1022.6,98.39999999999964,50.60000000000002,1,2,1.0
193,1,1648.64,837.14,125.63999999999987,71.28999999999996,1,2,1.0
193,2,2051.65,1015.6,98.34999999999991,50.26999999999987,1,2,1.0
194,1,1630.86,834.59,125.09000000000015,71.04999999999995,1,2,1.0
194,2,2036.01,1008.6,98.29999999999995,49.93999999999994,1,2,1.0
195,1,1618.58,830.19,124.53999999999996,70.80999999999995,1,2,1.0
195,2,2020.09,1000.6,98.25000000000023,49.620000000000005,1,2,1.0
196,1,1609.31,828.05,123.98000000000002,70.57000000000005,1,2,1.0
196,2,2010.77,994.49,98.19999999999982,49.289999999999964,1,2,1.0
197,1,1608.04,825.9,123.43000000000006,70.33000000000004,1,2,1.0
197,2,2010.85,990.26,98.15000000000009,48.960000000000036,1,2,1.0
198,1,1611.78,823.76,122.88000000000011,70.09000000000003,1,2,1.0
198,2,2013.75,987.28,98.09999999999991,48.6400000000001,1,2,1.0
199,1,1615.52,821.62,122.32999999999993,69.85000000000002,1,2,1.0
199,2,2016.65,984.3,98.04999999999973,48.309999999999945,1,2,1.0
200,1,1619.26,819.47,121.77999999999997,69.61000000000001,1,2,1.0
200,2,2019.55,981.33,98.00000000000023,47.979999999999905,1,2,1.0
201,1,1622.82,816.17,121.22000000000003,69.37,1,2,1.0
201,2,2023.08,977.96,97.95000000000027,47.649999999999864,1,2,1.0
202,1,1626.37,812.87,120.67000000000007,69.13,1,2,1.0
202,2,2026.61,974.59,97.90000000000032,47.319999999999936,1,2,1.0
203,1,1629.93,809.56,120.1099999999999,68.8900000000001,1,2,1.0
203,2,2030.13,971.22,97.85999999999967,47.0,1,2,1.0
204,1,1633.48,806.26,119.56999999999994,68.64999999999998,1,2,1.0
204,2,2033.66,967.85,97.79999999999995,46.66999999999996,1,2,1.0
205,1,1637.17,804.11,119.00999999999999,68.40999999999997,1,2,1.0
205,2,2036.86,965.6,97.75000000000023,46.35000000000002,1,2,1.0
206,1,1640.86,801.96,118.46000000000004,68.17999999999995,1,2,1.0
206,2,2040.05,963.36,97.70000000000005,46.00999999999999,1,2,1.0
207,1,1644.55,799.82,117.91000000000008,67.92999999999995,1,2,1.0
207,2,2043.24,961.11,97.64999999999986,45.68999999999994,1,2,1.0
208,1,1648.23,797.67,117.3599999999999,67.69000000000005,1,2,1.0
208,2,2046.43,958.86,97.60000000000014,45.360000000000014,1,2,1.0
209,1,1651.92,795.52,116.80999999999995,67.45000000000005,1,2,1.0
209,2,2049.63,956.61,97.54999999999973,45.039999999999964,1,2,1.0
210,1,1655.61,793.37,116.25,67.22000000000003,1,2,1.0
210,2,2052.82,954.37,97.5,44.700000000000045,1,2,1.0
211,1,1659.3,791.23,115.70000000000005,66.97000000000003,1,2,1.0
211,2,2056.01,952.12,97.44999999999982,44.379999999999995,1,2,1.0
212,1,1664.01,788.28,115.70000000000005,66.77999999999997,1,2,1.0
212,2,2059.99,948.97,97.46000000000004,44.379999999999995,1,2,1.0
213,1,1668.72,785.34,115.70000000000005,66.57999999999993,1,2,1.0
213,2,2063.98,945.82,97.44999999999982,44.379999999999995,1,2,1.0
214,1,1673.44,782.4,115.70000000000005,66.38999999999999,1,2,1.0
214,2,2067.96,942.67,97.44999999999982,44.370000000000005,1,2,1.0
215,1,1678.15,779.46,115.69999999999982,66.18999999999994,1,2,1.0
215,2,2071.94,939.51,97.46000000000004,44.379999999999995,1,2,1.0
216,1,1682.86,776.51,115.70000000000005,66.0,1,2,1.0
216,2,2075.93,936.36,97.45000000000027,44.379999999999995,1,2,1.0
217,1,1687.57,773.57,115.70000000000005,65.79999999999995,1,2,1.0
217,2,2079.91,933.21,97.45000000000027,44.379999999999995,1,2,1.0
218,1,1692.29,770.63,115.70000000000005,65.60000000000002,1,2,1.0
218,2,2083.9,930.06,97.44999999999982,44.38000000000011,1,2,1.0
219,1,1696.58,768.56,115.70000000000005,65.42000000000007,1,2,1.0
219,2,2087.99,927.65,97.45000000000027,44.370000000000005,1,2,1.0
220,1,1700.88,766.5,115.69999999999982,65.22000000000003,1,2,1.0
220,2,2092.08,925.23,97.45000000000027,44.379999999999995,1,2,1.0
221,1,1705.17,764.44,115.69999999999982,65.01999999999998,1,2,1.0
221,2,2096.17,922.82,97.44999999999982,44.379999999999995,1,2,1.0
222,1,1709.46,762.38,115.70000000000005,64.82000000000005,1,2,1.0
222,2,2100.26,920.4,97.44999999999982,44.379999999999995,1,2,1.0
223,1,1713.76,760.31,115.70000000000005,64.63000000000011,1,2,1.0
223,2,2104.35,917.99,97.45000000000027,44.379999999999995,1,2,1.0
224,1,1718.05,758.25,115.70000000000005,64.42999999999995,1,2,1.0
224,2,2108.44,915.58,97.44999999999982,44.379999999999995,1,2,1.0
225,1,1722.35,756.19,115.70000000000005,64.2299999999999,1,2,1.0
225,2,2112.53,913.16,97.45999999999958,44.379999999999995,1,2,1.0
226,1,1726.64,754.12,115.69999999999982,64.04999999999995,1,2,1.0
226,2,2116.62,910.75,97.46000000000004,44.379999999999995,1,2,1.0
227,1,1730.93,752.06,115.70000000000005,63.85000000000002,1,2,1.0
227,2,2120.72,908.34,97.45000000000027,44.379999999999995,1,2,1.0
228,1,1735.92,750.86,115.69999999999982,63.64999999999998,1,2,1.0
228,2,2125.49,906.44,97.46000000000004,44.379999999999995,1,2,1.0
229,1,1740.9,749.65,115.69999999999982,63.460000000000036,1,2,1.0
229,2,2130.27,904.54,97.44999999999982,44.379999999999995,1,2,1.0
230,1,1745.88,748.45,115.69999999999982,63.25999999999999,1,2,1.0
230,2,2135.05,902.64,97.44999999999982,44.379999999999995,1,2,1.0
231,1,1750.86,747.24,115.70000000000005,63.069999999999936,1,2,1.0
231,2,2139.83,900.74,97.45000000000027,44.379999999999995,1,2,1.0
232,1,1755.84,746.04,115.70000000000005,62.870000000000005,1,2,1.0
232,2,2144.61,898.85,97.44999999999982,44.370000000000005,1,2,1.0
233,1,1760.82,744.84,115.70000000000005,62.66999999999996,1,2,1.0
233,2,2149.38,896.95,97.46000000000004,44.379999999999995,1,2,1.0
234,1,1765.8,743.63,115.70000000000005,62.48000000000002,1,2,1.0
234,2,2154.16,895.05,97.46000000000004,44.379999999999995,1,2,1.0
235,1,1770.78,742.43,115.70000000000005,62.280000000000086,1,2,1.0
235,2,2158.94,893.15,97.44999999999982,44.379999999999995,1,2,1.0
236,1,1775.77,741.22,115.70000000000005,62.08999999999992,1,2,1.0
236,2,2163.72,891.25,97.45000000000027,44.379999999999995,1,2,1.0
237,1,1780.75,740.02,115.70000000000005,61.889999999999986,1,2,1.0
237,2,2168.5,889.35,97.44999999999982,44.379999999999995,1,2,1.0
238,1,1785.73,738.81,115.70000000000005,61.700000000000045,1,2,1.0
238,2,2173.28,887.46,97.44999999999982,44.370000000000005,1,2,1.0
239,1,1790.71,737.61,115.70000000000005,61.5,1,2,1.0
239,2,2178.05,885.56,97.46000000000004,44.38000000000011,1,2,1.0
240,1,1795.69,736.4,115.70000000000005,61.31000000000006,1,2,1.0
240,2,2182.83,883.66,97.45000000000027,44.379999999999995,1,2,1.0
241,1,1800.67,735.2,115.69999999999982,61.1099999999999,1,2,1.0
241,2,2187.61,881.76,97.44999999999982,44.379999999999995,1,2,1.0
242,1,1805.58,734.49,115.70000000000005,61.110000000000014,1,2,1.0
242,2,2192.93,879.87,97.46000000000004,44.379999999999995,1,2,1.0
243,1,1810.49,733.79,115.70000000000005,61.110000000000014,1,2,1.0
243,2,2198.26,877.98,97.44999999999982,44.379999999999995,1,2,1.0
244,1,1815.39,733.08,115.69999999999982,61.110000000000014,1,2,1.0
244,2,2203.58,876.09,97.45000000000027,44.379999999999995,1,2,1.0
245,1,1820.3,732.38,115.70000000000005,61.110000000000014,1,2,1.0
245,2,2208.9,874.21,97.46000000000004,44.370000000000005,1,2,1.0
246,1,1825.39,731.3,115.69999999999982,61.110000000000014,1,2,1.0
246,2,2213.79,872.94,97.44999999999982,44.379999999999995,1,2,1.0
247,1,1830.49,730.23,115.70000000000005,61.110000000000014,1,2,1.0
247,2,2218.68,871.67,97.45000000000027,44.379999999999995,1,2,1.0
248,1,1835.58,729.15,115.70000000000005,61.110000000000014,1,2,1.0
248,2,2223.56,870.41,97.46000000000004,44.370000000000005,1,2,1.0
249,1,1840.67,728.08,115.69999999999982,61.110000000000014,1,2,1.0
249,2,2228.45,869.14,97.45000000000027,44.379999999999995,1,2,1.0
250,1,1845.76,727.0,115.70000000000005,61.110000000000014,1,2,1.0
250,2,2233.34,867.87,97.44999999999982,44.379999999999995,1,2,1.0
251,1,1850.86,725.93,115.70000000000005,61.110000000000014,1,2,1.0
251,2,2238.23,866.6,97.44999999999982,44.379999999999995,1,2,1.0
252,1,1855.95,724.85,115.70000000000005,61.110000000000014,1,2,1.0
252,2,2243.11,865.34,97.44999999999982,44.379999999999995,1,2,1.0
253,1,1861.04,723.78,115.70000000000005,61.110000000000014,1,2,1.0
253,2,2248.0,864.07,97.44999999999982,44.379999999999995,1,2,1.0
254,1,1866.45,723.49,115.70000000000005,61.110000000000014,1,2,1.0
254,2,2253.34,863.55,97.44999999999982,44.379999999999995,1,2,1.0
255,1,1871.85,723.2,115.70000000000005,61.1099999999999,1,2,1.0
255,2,2258.67,863.03,97.46000000000004,44.370000000000005,1,2,1.0
256,1,1877.26,722.91,115.70000000000005,61.110000000000014,1,2,1.0
256,2,2264.01,862.5,97.44999999999982,44.379999999999995,1,2,1.0
257,1,1882.67,722.62,115.69999999999982,61.110000000000014,1,2,1.0
257,2,2269.35,861.98,97.45000000000027,44.379999999999995,1,2,1.0
258,1,1888.07,722.32,115.70000000000005,61.1099999999999,1,2,1.0
258,2,2274.69,861.46,97.44999999999982,44.379999999999995,1,2,1.0
259,1,1893.48,722.03,115.70000000000005,61.110000000000014,1,2,1.0
259,2,2280.02,860.94,97.46000000000004,44.379999999999995,1,2,1.0
260,1,1898.88,721.74,115.69999999999982,61.110000000000014,1,2,1.0
260,2,2285.36,860.41,97.44999999999982,44.379999999999995,1,2,1.0
261,1,1904.29,721.45,115.70000000000005,61.1099999999999,1,2,1.0
261,2,2290.7,859.89,97.45000000000027,44.379999999999995,1,2,1.0
262,1,1909.65,721.33,115.69999999999982,61.110000000000014,1,2,1.0
262,2,2296.34,859.02,97.46000000000004,44.379999999999995,1,2,1.0
263,1,1915.01,721.2,115.70000000000005,61.1099999999999,1,2,1.0
263,2,2301.99,858.14,97.45000000000027,44.379999999999995,1,2,1.0
264,1,1920.37,721.07,115.70000000000005,61.1099999999999,1,2,1.0
264,2,2307.63,857.27,97.44999999999982,44.379999999999995,1,2,1.0
265,1,1925.72,720.95,115.70000000000005,61.1099999999999,1,2,1.0
265,2,2313.27,856.39,97.46000000000004,44.379999999999995,1,2,1.0
266,1,1931.08,720.82,115.70000000000005,61.1099999999999,1,2,1.0
266,2,2318.92,855.52,97.44999999999982,44.370000000000005,1,2,1.0
267,1,1936.44,720.69,115.69999999999982,61.1099999999999,1,2,1.0
267,2,2324.56,854.64,97.45000000000027,44.379999999999995,1,2,1.0
268,1,1941.8,720.57,115.70000000000005,61.1099999999999,1,2,1.0
268,2,2330.2,853.77,97.46000000000004,44.370000000000005,1,2,1.0
269,1,1947.16,720.44,115.70000000000005,61.1099999999999,1,2,1.0
269,2,2335.85,852.89,97.45000000000027,44.379999999999995,1,2,1.0
270,1,1952.23,721.34,115.69999999999982,61.110000000000014,1,2,1.0
270,2,2340.59,853.45,97.44999999999982,44.379999999999995,1,2,1.0
271,1,1957.3,722.24,115.70000000000005,61.110000000000014,1,2,1.0
271,2,2345.34,854.0,97.44999999999982,44.379999999999995,1,2,1.0
272,1,1962.36,723.14,115.70000000000005,61.110000000000014,1,2,1.0
272,2,2350.08,854.56,97.46000000000004,44.38000000000011,1,2,1.0
273,1,1967.43,724.05,115.70000000000005,61.110000000000014,1,2,1.0
273,2,2354.83,855.12,97.45000000000027,44.379999999999995,1,2,1.0
274,1,1972.5,724.95,115.69999999999982,61.1099999999999,1,2,1.0
274,2,2359.58,855.67,97.45000000000027,44.379999999999995,1,2,1.0
275,1,1977.57,725.85,115.70000000000005,61.110000000000014,1,2,1.0
275,2,2364.32,856.23,97.44999999999982,44.379999999999995,1,2,1.0
276,1,1982.63,726.75,115.71000000000004,61.110000000000014,1,2,1.0
276,2,2369.07,856.79,97.44999999999982,44.379999999999995,1,2,1.0
277,1,1987.7,727.65,115.70000000000005,61.110000000000014,1,2,1.0
277,2,2373.81,857.34,97.46000000000004,44.379999999999995,1,2,1.0
278,1,1992.77,728.55,115.69999999999982,61.110000000000014,1,2,1.0
278,2,2378.56,857.9,97.45000000000027,44.379999999999995,1,2,1.0
279,1,1997.84,729.45,115.70000000000005,61.1099999999999,1,2,1.0
279,2,2383.31,858.46,97.45000000000027,44.379999999999995,1,2,1.0
280,1,2002.91,730.35,115.70000000000005,61.110000000000014,1,2,1.0
280,2,2388.05,859.01,97.44999999999982,44.379999999999995,1,2,1.0
281,1,2007.1,732.6,115.70000000000027,61.110000000000014,1,2,1.0
281,2,2393.7,860.45,97.45000000000027,44.370000000000005,1,2,1.0
282,1,2011.3,734.85,115.70000000000005,61.110000000000014,1,2,1.0
282,2,2399.34,861.88,97.46000000000004,44.379999999999995,1,2,1.0
283,1,2015.08,737.25,115.70000000000027,61.110000000000014,1,2,1.0
283,2,2403.12,863.8,97.45000000000027,44.370000000000005,1,2,1.0
284,1,2018.86,739.65,115.70000000000005,61.110000000000014,1,2,1.0
284,2,2406.9,865.71,97.44999999999982,44.379999999999995,1,2,1.0
285,1,2022.64,742.05,115.70000000000005,61.110000000000014,1,2,1.0
285,2,2410.67,867.63,97.46000000000004,44.379999999999995,1,2,1.0
286,1,2026.41,744.44,115.70000000000005,61.1099999999999,1,2,1.0
286,2,2414.45,869.55,97.45000000000027,44.379999999999995,1,2,1.0
287,1,2030.19,746.84,115.69999999999982,61.110000000000014,1,2,1.0
287,2,2418.23,871.47,97.44999999999982,44.379999999999995,1,2,1.0
288,1,2033.97,749.24,115.70000000000005,61.110000000000014,1,2,1.0
288,2,2422.0,873.39,97.44999999999982,44.379999999999995,1,2,1.0
289,1,2037.75,751.64,115.69999999999982,61.110000000000014,1,2,1.0
289,2,2425.78,875.31,97.44999999999982,44.370000000000005,1,2,1.0
290,1,2041.53,754.04,115.70000000000005,61.110000000000014,1,2,1.0
290,2,2429.55,877.22,97.46000000000004,44.379999999999995,1,2,1.0
291,1,2042.85,755.95,115.70000000000027,61.1099999999999,1,2,1.0
291,2,2430.41,878.65,97.45000000000027,44.379999999999995,1,2,1.0
292,1,2044.18,757.86,115.70000000000005,61.110000000000014,1,2,1.0
292,2,2431.27,880.08,97.44999999999982,44.379999999999995,1,2,1.0
293,1,2045.51,759.77,115.70000000000005,61.110000000000014,1,2,1.0
293,2,2432.13,881.51,97.44999999999982,44.379999999999995,1,2,1.0
294,1,2046.84,761.68,115.70000000000005,61.110000000000014,1,2,1.0
294,2,2432.98,882.94,97.44999999999982,44.379999999999995,1,2,1.0
295,1,2048.17,763.59,115.69999999999982,61.110000000000014,1,2,1.0
295,2,2433.84,884.37,97.44999999999982,44.370000000000005,1,2,1.0
296,1,2049.5,765.5,115.69999999999982,61.10000000000002,1,2,1.0
296,2,2434.7,885.79,97.45000000000027,44.379999999999995,1,2,1.0
297,1,2050.82,767.4,115.69999999999982,61.110000000000014,1,2,1.0
297,2,2435.55,887.22,97.46000000000004,44.379999999999995,1,2,1.0
298,1,2052.15,769.31,115.69999999999982,61.110000000000014,1,2,1.0
298,2,2436.41,888.65,97.45000000000027,44.379999999999995,1,2,1.0
299,1,2052.37,772.06,115.70000000000027,61.110000000000014,1,2,1.0
299,2,2436.43,890.91,97.45000000000027,44.379999999999995,1,2,1.0
300,1,2052.58,774.8,115.70000000000027,61.110000000000014,1,2,1.0
300,2,2436.45,893.18,97.46000000000004,44.379999999999995,1,2,1.0
301,1,2052.79,777.55,115.71000000000004,61.110000000000014,1,2,1.0
301,2,2436.48,895.44,97.44999999999982,44.379999999999995,1,2,1.0
302,1,2050.63,780.08,115.29999999999973,60.799999999999955,1,2,1.0
302,2,2433.88,896.51,97.27999999999975,44.31000000000006,1,2,1.0
303,1,2048.47,782.62,114.89000000000033,60.49000000000001,1,2,1.0
303,2,2431.28,897.58,97.11999999999989,44.24000000000001,1,2,1.0
304,1,2046.31,785.15,114.48000000000002,60.180000000000064,1,2,1.0
304,2,2428.68,898.66,96.95000000000027,44.16000000000008,1,2,1.0
305,1,2044.15,787.69,114.06999999999971,59.86999999999989,1,2,1.0
305,2,2426.08,899.73,96.7800000000002,44.09000000000003,1,2,1.0
306,1,2038.28,789.86,113.66000000000008,59.559999999999945,1,2,1.0
306,2,2420.14,900.54,96.61000000000013,44.01999999999998,1,2,1.0
307,1,2032.41,792.03,113.25999999999999,59.25,1,2,1.0
307,2,2414.19,901.36,96.44999999999982,43.94999999999993,1,2,1.0
308,1,2026.55,794.2,112.83999999999992,58.94999999999993,1,2,1.0
308,2,2408.25,902.17,96.2800000000002,43.879999999999995,1,2,1.0
309,1,2020.68,796.37,112.43000000000006,58.639999999999986,1,2,1.0
309,2,2402.31,902.99,96.11000000000013,43.799999999999955,1,2,1.0
310,1,2014.81,798.54,112.01999999999998,58.33000000000004,1,2,1.0
310,2,2396.36,903.8,95.94999999999982,43.74000000000001,1,2,1.0
311,1,2008.66,800.15,111.22000000000003,59.23000000000002,1,2,1.0
311,2,2389.59,904.36,95.76999999999998,43.65999999999997,1,2,1.0
312,1,2002.51,801.76,110.41000000000008,60.139999999999986,1,2,1.0
312,2,2382.81,904.91,95.61000000000013,43.59000000000003,1,2,1.0
313,1,1996.35,803.37,109.61999999999989,61.039999999999964,1,2,1.0
313,2,2376.03,905.46,95.4399999999996,43.52999999999997,1,2,1.0
314,1,1990.2,804.98,108.81000000000017,61.94999999999993,1,2,1.0
314,2,2369.26,906.02,95.26999999999998,43.450000000000045,1,2,1.0
315,1,1984.05,806.59,108.00999999999999,62.860000000000014,1,2,1.0
315,2,2362.48,906.57,95.11000000000013,43.379999999999995,1,2,1.0
316,1,1977.9,808.2,107.19999999999982,63.75999999999999,1,2,1.0
316,2,2355.7,907.13,94.94000000000005,43.31000000000006,1,2,1.0
317,1,1974.63,810.72,106.94999999999982,63.370000000000005,1,2,1.0
317,2,2351.84,908.8,94.76999999999998,43.23000000000002,1,2,1.0
318,1,1971.35,813.23,106.70000000000027,62.99000000000001,1,2,1.0
318,2,2347.98,910.46,94.59999999999991,43.16999999999996,1,2,1.0
319,1,1968.08,815.75,106.45000000000027,62.60000000000002,1,2,1.0
319,2,2344.12,912.13,94.43000000000029,43.09000000000003,1,2,1.0
320,1,1964.8,818.27,106.20000000000005,62.210000000000036,1,2,1.0
320,2,2340.26,913.8,94.26999999999998,43.020000000000095,1,2,1.0
321,1,1961.53,820.78,105.95000000000005,61.83000000000004,1,2,1.0
321,2,2336.39,915.47,94.11000000000013,42.94999999999993,1,2,1.0
322,1,1958.25,823.3,105.69999999999982,61.450000000000045,1,2,1.0
322,2,2332.53,917.13,93.9399999999996,42.879999999999995,1,2,1.0
323,1,1957.5,826.67,105.46000000000004,60.370000000000005,1,2,1.0
323,2,2331.37,919.31,93.76999999999998,42.81000000000006,1,2,1.0
324,1,1956.76,830.03,105.20000000000005,59.31000000000006,1,2,1.0
324,2,2330.21,921.48,93.59999999999991,42.74000000000001,1,2,1.0
325,1,1956.01,833.4,104.95999999999981,58.24000000000001,1,2,1.0
325,2,2329.05,923.66,93.42999999999984,42.66000000000008,1,2,1.0
326,1,1955.27,836.77,104.69999999999982,57.17000000000007,1,2,1.0
326,2,2327.88,925.83,93.26999999999998,42.58999999999992,1,2,1.0
327,1,1954.52,840.13,104.46000000000004,56.110000000000014,1,2,1.0
327,2,2326.72,928.0,93.10000000000036,42.52999999999997,1,2,1.0
328,1,1953.78,843.5,104.20000000000005,55.039999999999964,1,2,1.0
328,2,2325.56,930.18,92.92999999999984,42.450000000000045,1,2,1.0
329,1,1953.03,846.87,103.95999999999981,53.97000000000003,1,2,1.0
329,2,2324.4,932.35,92.75999999999976,42.379999999999995,1,2,1.0
330,1,1952.29,850.23,103.69999999999982,52.90999999999997,1,2,1.0
330,2,2323.24,934.53,92.59000000000015,42.30000000000007,1,2,1.0
331,1,1951.54,853.6,103.46000000000004,51.84000000000003,1,2,1.0
331,2,2322.07,936.7,92.42999999999984,42.24000000000001,1,2,1.0
332,1,1950.88,855.89,103.17999999999984,51.99000000000001,1,2,1.0
332,2,2320.83,938.66,92.30000000000018,42.07000000000005,1,2,1.0
333,1,1950.23,858.18,102.88999999999987,52.15000000000009,1,2,1.0
333,2,2319.59,940.62,92.17999999999984,41.89999999999998,1,2,1.0
334,1,1949.57,860.47,102.6099999999999,52.299999999999955,1,2,1.0
334,2,2318.35,942.58,92.05000000000018,41.729999999999905,1,2,1.0
335,1,1948.91,862.76,102.3299999999997,52.460000000000036,1,2,1.0
335,2,2317.11,944.54,91.92999999999984,41.56000000000006,1,2,1.0
336,1,1948.25,865.05,102.05000000000018,52.610000000000014,1,2,1.0
336,2,2315.87,946.49,91.80000000000018,41.39999999999998,1,2,1.0
337,1,1947.59,867.34,101.77000000000021,52.76999999999998,1,2,1.0
337,2,2314.63,948.45,91.67999999999984,41.24000000000001,1,2,1.0
338,1,1946.93,869.63,101.49000000000001,52.91999999999996,1,2,1.0
338,2,2313.39,950.41,91.55000000000018,41.07000000000005,1,2,1.0
339,1,1946.27,871.91,101.21000000000004,53.09000000000003,1,2,1.0
339,2,2312.15,952.37,91.42000000000007,40.89999999999998,1,2,1.0
340,1,1945.61,874.2,100.93000000000006,53.24000000000001,1,2,1.0
340,2,2310.91,954.33,91.30000000000018,40.729999999999905,1,2,1.0
341,1,1944.95,876.49,100.64999999999986,53.39999999999998,1,2,1.0
341,2,2309.67,956.29,91.17000000000007,40.56000000000006,1,2,1.0
342,1,1944.29,878.78,100.37000000000012,53.55000000000007,1,2,1.0
342,2,2308.43,958.25,91.05000000000018,40.389999999999986,1,2,1.0
343,1,1943.64,881.07,100.07999999999993,53.70999999999992,1,2,1.0
343,2,2307.19,960.21,90.92000000000007,40.219999999999914,1,2,1.0
344,1,1942.98,883.45,99.79999999999995,53.8599999999999,1,2,1.0
344,2,2306.29,962.33,90.78999999999996,40.059999999999945,1,2,1.0
345,1,1942.32,885.82,99.51999999999998,54.01999999999998,1,2,1.0
345,2,2305.39,964.46,90.66000000000031,39.89999999999998,1,2,1.0
346,1,1941.66,888.19,99.24000000000001,54.17999999999995,1,2,1.0
346,2,2304.49,966.59,90.54000000000042,39.73000000000002,1,2,1.0
347,1,1941.0,890.57,98.96000000000004,54.32999999999993,1,2,1.0
347,2,2303.58,968.72,90.42000000000007,39.559999999999945,1,2,1.0
348,1,1940.34,892.94,98.68000000000006,54.479999999999905,1,2,1.0
348,2,2302.68,970.84,90.28999999999996,39.39999999999998,1,2,1.0
349,1,1939.68,895.31,98.39999999999986,54.6400000000001,1,2,1.0
349,2,2301.78,972.97,90.15999999999985,39.23000000000002,1,2,1.0
350,1,1939.02,897.69,98.12000000000012,54.789999999999964,1,2,1.0
350,2,2300.88,975.1,90.02999999999975,39.059999999999945,1,2,1.0
351,1,1938.36,900.06,97.84000000000015,54.950000000000045,1,2,1.0
351,2,2299.97,977.23,89.91000000000031,38.889999999999986,1,2,1.0
352,1,1937.71,902.44,97.54999999999995,55.09999999999991,1,2,1.0
352,2,2299.07,979.35,89.78999999999996,38.73000000000002,1,2,1.0
353,1,1937.05,904.81,97.26999999999998,55.260000000000105,1,2,1.0
353,2,2298.17,981.48,89.65999999999985,38.559999999999945,1,2,1.0
354,1,1936.39,907.18,96.99000000000001,55.42000000000007,1,2,1.0
354,2,2297.27,983.61,89.5300000000002,38.389999999999986,1,2,1.0
355,1,1935.73,909.56,96.71000000000004,55.57000000000005,1,2,1.0
355,2,2296.36,985.74,89.40999999999985,38.22000000000003,1,2,1.0
356,1,1935.07,911.93,96.43000000000006,55.73000000000002,1,2,1.0
356,2,2295.46,987.86,89.27999999999975,38.06000000000006,1,2,1.0
357,1,1934.41,914.3,96.14999999999986,55.8900000000001,1,2,1.0
357,2,2294.56,989.99,89.15000000000009,37.8900000000001,1,2,1.0
358,1,1933.75,916.68,95.86999999999989,56.04000000000008,1,2,1.0
358,2,2293.66,992.12,89.0300000000002,37.719999999999914,1,2,1.0
359,1,1933.09,919.05,95.59000000000015,56.200000000000045,1,2,1.0
359,2,2292.75,994.25,88.90999999999985,37.549999999999955,1,2,1.0
360,1,1932.43,921.43,95.30999999999995,56.35000000000002,1,2,1.0
360,2,2291.85,996.37,88.7800000000002,37.389999999999986,1,2,1.0
361,1,1931.78,923.8,95.01999999999998,56.50999999999999,1,2,1.0
361,2,2290.95,998.5,88.65000000000009,37.22000000000003,1,2,1.0
362,1,1931.11,926.02,94.81000000000017,56.56000000000006,1,2,1.0
362,2,2289.89,1000.49,88.65000000000009,37.069999999999936,1,2,1.0
363,1,1930.44,928.23,94.59999999999991,56.620000000000005,1,2,1.0
363,2,2288.83,1002.48,88.65999999999985,36.92000000000007,1,2,1.0
364,1,1929.77,930.45,94.3900000000001,56.66999999999996,1,2,1.0
364,2,2287.78,1004.46,88.64999999999964,36.77999999999997,1,2,1.0
365,1,1929.1,932.67,94.18000000000006,56.72000000000003,1,2,1.0
365,2,2286.72,1006.45,88.65000000000009,36.62999999999988,1,2,1.0
366,1,1928.63,935.19,93.9699999999998,56.77999999999997,1,2,1.0
366,2,2285.66,1008.44,88.65000000000009,36.48000000000002,1,2,1.0
367,1,1928.16,937.71,93.76999999999998,56.82999999999993,1,2,1.0
367,2,2284.6,1010.43,88.66000000000031,36.33000000000004,1,2,1.0
368,1,1927.7,940.23,93.54999999999995,56.889999999999986,1,2,1.0
368,2,2283.55,1012.42,88.64999999999964,36.18999999999994,1,2,1.0
369,1,1927.23,942.76,93.33999999999992,56.930000000000064,1,2,1.0
369,2,2282.49,1014.4,88.65000000000009,36.05000000000007,1,2,1.0
370,1,1926.76,945.28,93.1400000000001,56.99000000000001,1,2,1.0
370,2,2281.43,1016.39,88.65000000000009,35.89999999999998,1,2,1.0
371,1,1926.29,947.8,92.93000000000006,57.04000000000008,1,2,1.0
371,2,2280.38,1018.38,88.65000000000009,35.750000000000114,1,2,1.0
372,1,1925.69,949.35,92.71000000000004,57.69999999999993,1,2,1.0
372,2,2279.97,1020.35,88.65000000000009,35.60000000000002,1,2,1.0
373,1,1925.08,950.9,92.5,58.360000000000014,1,2,1.0
373,2,2279.56,1022.32,88.65000000000009,35.44999999999993,1,2,1.0
374,1,1924.47,952.45,92.28999999999996,59.01999999999998,1,2,1.0
374,2,2279.15,1024.28,88.65000000000009,35.309999999999945,1,2,1.0
375,1,1923.86,954.0,92.08000000000015,59.67999999999995,1,2,1.0
375,2,2278.74,1026.25,88.65000000000009,35.16000000000008,1,2,1.0
376,1,1923.25,955.55,91.86999999999989,60.34000000000003,1,2,1.0
376,2,2278.33,1028.22,88.65000000000009,35.00999999999999,1,2,1.0
377,1,1922.64,957.1,91.65999999999985,61.0,1,2,1.0
377,2,2277.92,1030.19,88.65000000000009,34.86999999999989,1,2,1.0
378,1,1922.0,959.53,91.45000000000005,60.89999999999998,1,2,1.0
378,2,2276.47,1032.02,88.65000000000009,34.72000000000003,1,2,1.0
379,1,1921.35,961.96,91.24000000000001,60.809999999999945,1,2,1.0
379,2,2275.03,1033.85,88.64999999999964,34.570000000000164,1,2,1.0
380,1,1920.71,964.39,91.02999999999997,60.70999999999992,1,2,1.0
380,2,2273.59,1035.68,88.64999999999964,34.429999999999836,1,2,1.0
381,1,1920.06,966.82,90.82000000000016,60.610000000000014,1,2,1.0
381,2,2272.15,1037.51,88.65000000000009,34.27999999999997,1,2,1.0
382,1,1919.42,969.25,90.6099999999999,60.50999999999999,1,2,1.0
382,2,2270.71,1039.34,88.65000000000009,34.1400000000001,1,2,1.0
383,1,1918.19,971.53,90.39999999999986,60.41000000000008,1,2,1.0
383,2,2269.01,1040.93,88.64999999999964,33.99000000000001,1,2,1.0
384,1,1916.95,973.8,90.20000000000005,60.319999999999936,1,2,1.0
384,2,2267.32,1042.51,88.64999999999964,33.83999999999992,1,2,1.0
385,1,1915.72,976.08,89.98000000000002,60.219999999999914,1,2,1.0
385,2,2265.63,1044.1,88.65000000000009,33.690000000000055,1,2,1.0
386,1,1914.49,978.35,89.76999999999998,60.129999999999995,1,2,1.0
386,2,2263.94,1045.68,88.65000000000009,33.549999999999955,1,2,1.0
387,1,1913.26,980.63,89.55999999999995,60.020000000000095,1,2,1.0
387,2,2262.25,1047.27,88.65000000000009,33.40000000000009,1,2,1.0
388,1,1912.02,982.91,89.36000000000013,59.91999999999996,1,2,1.0
388,2,2260.56,1048.85,88.65000000000009,33.25999999999999,1,2,1.0
389,1,1910.79,985.18,89.15000000000009,59.83000000000004,1,2,1.0
389,2,2258.87,1050.44,88.65000000000009,33.09999999999991,1,2,1.0
390,1,1909.56,987.46,88.93000000000006,59.73000000000002,1,2,1.0
390,2,2257.17,1052.02,88.65000000000009,32.960000000000036,1,2,1.0
391,1,1908.33,989.74,88.72000000000003,59.62999999999988,1,2,1.0
391,2,2255.48,1053.61,88.65000000000009,32.81000000000017,1,2,1.0
392,1,1907.09,992.01,88.51999999999998,59.539999999999964,1,2,1.0
392,2,2253.79,1055.19,88.65000000000009,32.669999999999845,1,2,1.0
393,1,1904.84,994.29,88.30000000000018,59.440000000000055,1,2,1.0
393,2,2251.33,1056.65,88.65000000000009,32.51999999999998,1,2,1.0
394,1,1902.58,996.57,88.09000000000015,59.33000000000004,1,2,1.0
394,2,2248.87,1058.1,88.65000000000009,32.38000000000011,1,2,1.0
395,1,1900.32,998.84,87.8900000000001,59.239999999999895,1,2,1.0
395,2,2246.41,1059.56,88.65000000000009,32.23000000000002,1,2,1.0
396,1,1898.06,1001.12,87.68000000000006,59.139999999999986,1,2,1.0
396,2,2243.95,1061.02,88.65000000000009,32.07999999999993,1,2,1.0
397,1,1895.8,1003.39,87.47000000000003,59.05000000000007,1,2,1.0
397,2,2241.49,1062.47,88.65000000000009,31.940000000000055,1,2,1.0
398,1,1893.55,1005.67,87.25,58.94999999999993,1,2,1.0
398,2,2239.03,1063.93,88.64999999999964,31.789999999999964,1,2,1.0
399,1,1891.29,1007.95,87.04999999999995,58.84999999999991,1,2,1.0
399,2,2236.57,1065.39,88.64999999999964,31.639999999999873,1,2,1.0
400,1,1889.03,1010.22,86.83999999999992,58.75999999999999,1,2,1.0
400,2,2234.11,1066.84,88.65000000000009,31.5,1,2,1.0
401,1,1886.77,1012.5,86.63000000000011,58.65000000000009,1,2,1.0
401,2,2231.64,1068.3,88.66000000000031,31.350000000000136,1,2,1.0
402,1,1884.46,1014.36,86.62999999999988,59.10000000000002,1,2,1.0
402,2,2229.22,1069.71,88.37000000000035,31.460000000000036,1,2,1.0
403,1,1882.15,1016.22,86.62999999999988,59.549999999999955,1,2,1.0
403,2,2226.8,1071.12,88.08999999999969,31.580000000000155,1,2,1.0
404,1,1879.85,1018.08,86.62000000000012,59.999999999999886,1,2,1.0
404,2,2224.37,1072.52,87.82000000000016,31.700000000000045,1,2,1.0
405,1,1877.54,1019.94,86.63000000000011,60.450000000000045,1,2,1.0
405,2,2221.95,1073.93,87.5300000000002,31.819999999999936,1,2,1.0
406,1,1875.23,1021.8,86.62999999999988,60.90000000000009,1,2,1.0
406,2,2219.52,1075.34,87.26000000000022,31.930000000000064,1,2,1.0
407,1,1872.92,1023.66,86.62999999999988,61.35000000000002,1,2,1.0
407,2,2217.1,1076.75,86.98000000000002,32.049999999999955,1,2,1.0
408,1,1870.61,1025.52,86.63000000000011,61.789999999999964,1,2,1.0
408,2,2214.67,1078.15,86.71000000000004,32.169999999999845,1,2,1.0
409,1,1868.3,1027.38,86.63000000000011,62.23999999999978,1,2,1.0
409,2,2212.25,1079.56,86.42000000000007,32.289999999999964,1,2,1.0
410,1,1866.0,1029.24,86.61999999999989,62.690000000000055,1,2,1.0
410,2,2209.82,1080.97,86.14999999999964,32.399999999999864,1,2,1.0
411,1,1863.69,1031.1,86.62999999999988,63.1400000000001,1,2,1.0
411,2,2207.4,1082.38,85.86999999999989,32.51999999999998,1,2,1.0
412,1,1861.3,1033.43,86.3900000000001,63.23000000000002,1,2,1.0
412,2,2204.54,1083.75,85.71000000000004,32.48000000000002,1,2,1.0
413,1,1858.92,1035.75,86.14999999999986,63.33999999999992,1,2,1.0
413,2,2201.68,1085.12,85.55000000000018,32.440000000000055,1,2,1.0
414,1,1856.53,1038.08,85.91000000000008,63.430000000000064,1,2,1.0
414,2,2198.81,1086.5,85.40000000000009,32.3900000000001,1,2,1.0
415,1,1854.15,1040.41,85.66999999999985,63.52999999999997,1,2,1.0
415,2,2195.95,1087.87,85.25,32.350000000000136,1,2,1.0
416,1,1851.76,1042.73,85.43000000000006,63.62999999999988,1,2,1.0
416,2,2193.09,1089.25,85.08999999999969,32.299999999999955,1,2,1.0
417,1,1849.38,1045.06,85.18999999999983,63.73000000000002,1,2,1.0
417,2,2190.22,1090.62,84.94000000000005,32.27000000000021,1,2,1.0
418,1,1846.99,1047.39,84.96000000000004,63.82999999999993,1,2,1.0
418,2,2187.36,1092.0,84.77999999999975,32.22000000000003,1,2,1.0
419,1,1844.61,1049.72,84.71000000000004,63.92000000000007,1,2,1.0
419,2,2184.5,1093.37,84.61999999999989,32.180000000000064,1,2,1.0
420,1,1842.22,1052.04,84.48000000000002,64.02999999999997,1,2,1.0
420,2,2181.64,1094.75,84.46000000000004,32.13000000000011,1,2,1.0
421,1,1839.84,1054.37,84.23000000000002,64.12000000000012,1,2,1.0
421,2,2178.77,1096.12,84.32000000000016,32.090000000000146,1,2,1.0
422,1,1837.46,1056.7,83.99000000000001,64.22000000000003,1,2,1.0
422,2,2175.91,1097.49,84.16000000000031,32.049999999999955,1,2,1.0
423,1,1835.07,1059.02,83.75,64.31999999999994,1,2,1.0
423,2,2173.05,1098.87,84.0,32.0,1,2,1.0
424,1,1832.69,1061.35,83.50999999999999,64.42000000000007,1,2,1.0
424,2,2170.19,1100.24,83.84000000000015,31.960000000000036,1,2,1.0
425,1,1829.96,1063.4,83.26999999999998,64.50999999999999,1,2,1.0
425,2,2167.18,1101.48,83.69000000000005,31.910000000000082,1,2,1.0
426,1,1827.23,1065.45,83.02999999999997,64.6099999999999,1,2,1.0
426,2,2164.18,1102.72,83.53999999999996,31.86999999999989,1,2,1.0
427,1,1824.49,1067.5,82.79999999999995,64.71000000000004,1,2,1.0
427,2,2161.18,1103.95,83.38000000000011,31.829999999999927,1,2,1.0
428,1,1821.76,1069.55,82.55999999999995,64.80999999999995,1,2,1.0
428,2,2158.18,1105.19,83.22000000000025,31.779999999999973,1,2,1.0
429,1,1819.03,1071.6,82.31999999999994,64.91000000000008,1,2,1.0
429,2,2155.18,1106.42,83.07000000000016,31.74000000000001,1,2,1.0
430,1,1816.3,1073.65,82.08000000000015,65.0,1,2,1.0
430,2,2152.18,1107.66,82.91000000000031,31.699999999999818,1,2,1.0
431,1,1813.57,1075.7,81.84000000000015,65.09999999999991,1,2,1.0
431,2,2149.18,1108.89,82.75,31.659999999999854,1,2,1.0
432,1,1810.84,1077.75,81.60000000000014,65.20000000000005,1,2,1.0
432,2,2146.18,1110.13,82.60000000000036,31.6099999999999,1,2,1.0
433,1,1808.11,1079.8,81.36000000000013,65.29999999999995,1,2,1.0
433,2,2143.18,1111.37,82.44000000000005,31.560000000000173,1,2,1.0
434,1,1805.38,1081.85,81.11999999999989,65.40000000000009,1,2,1.0
434,2,2140.18,1112.6,82.2800000000002,31.5300000000002,1,2,1.0
435,1,1802.65,1083.9,80.87999999999988,65.5,1,2,1.0
435,2,2137.17,1113.84,82.13999999999987,31.480000000000018,1,2,1.0
436,1,1799.92,1085.95,80.63999999999987,65.58999999999992,1,2,1.0
436,2,2134.17,1115.07,81.98000000000002,31.440000000000055,1,2,1.0
437,1,1797.19,1088.0,80.39999999999986,65.69000000000005,1,2,1.0
437,2,2131.17,1116.31,81.81999999999971,31.3900000000001,1,2,1.0
438,1,1794.46,1090.05,80.14999999999986,65.78999999999996,1,2,1.0
438,2,2128.17,1117.55,81.67000000000007,31.350000000000136,1,2,1.0
439,1,1791.73,1092.1,79.91000000000008,65.8900000000001,1,2,1.0
439,2,2125.17,1118.78,81.50999999999976,31.309999999999945,1,2,1.0
440,1,1788.99,1094.15,79.68000000000006,65.99000000000001,1,2,1.0
440,2,2122.17,1120.02,81.34999999999991,31.25999999999999,1,2,1.0
441,1,1786.26,1096.2,79.44000000000005,66.07999999999993,1,2,1.0
441,2,2119.17,1121.25,81.19999999999982,31.220000000000027,1,2,1.0
442,1,1783.53,1098.25,79.20000000000005,66.18000000000006,1,2,1.0
442,2,2116.17,1122.49,81.03999999999996,31.180000000000064,1,2,1.0
443,1,1780.8,1100.3,78.96000000000004,66.27999999999997,1,2,1.0
443,2,2113.17,1123.73,80.88000000000011,31.12999999999988,1,2,1.0
444,1,1778.07,1102.35,78.72000000000003,66.38000000000011,1,2,1.0
444,2,2110.16,1124.96,80.74000000000024,31.089999999999918,1,2,1.0
445,1,1775.34,1104.4,78.48000000000002,66.48000000000002,1,2,1.0
445,2,2107.16,1126.2,80.57999999999993,31.039999999999964,1,2,1.0
446,1,1772.61,1106.45,78.24000000000001,66.57999999999993,1,2,1.0
446,2,2104.16,1127.43,80.42000000000007,31.00999999999999,1,2,1.0
447,1,1769.88,1108.5,78.0,66.67000000000007,1,2,1.0
447,2,2101.16,1128.67,80.26999999999998,30.960000000000036,1,2,1.0
448,1,1767.15,1110.55,77.75999999999999,66.76999999999998,1,2,1.0
448,2,2098.16,1129.91,80.11000000000013,30.909999999999854,1,2,1.0
449,1,1764.42,1112.6,77.51999999999998,66.87000000000012,1,2,1.0
449,2,2095.16,1131.14,79.95000000000027,30.86999999999989,1,2,1.0
450,1,1761.69,1114.65,77.27999999999997,66.9699999999998,1,2,1.0
450,2,2092.16,1132.38,79.80000000000018,30.829999999999927,1,2,1.0
451,1,1758.96,1116.7,77.03999999999996,67.06999999999994,1,2,1.0
451,2,2089.16,1133.61,79.64000000000033,30.79000000000019,1,2,1.0
452,1,1756.42,1118.5,76.90999999999985,67.06999999999994,1,2,1.0
452,2,2086.2,1134.69,79.64000000000033,30.789999999999964,1,2,1.0
453,1,1753.89,1120.3,76.76999999999998,67.06999999999994,1,2,1.0
453,2,2083.24,1135.77,79.64000000000033,30.789999999999964,1,2,1.0
454,1,1751.36,1122.1,76.6400000000001,67.07000000000016,1,2,1.0
454,2,2080.28,1136.85,79.63999999999987,30.79000000000019,1,2,1.0
455,1,1748.83,1123.9,76.5,67.06999999999994,1,2,1.0
455,2,2077.32,1137.93,79.63999999999987,30.789999999999964,1,2,1.0
456,1,1746.29,1125.7,76.37000000000012,67.06999999999994,1,2,1.0
456,2,2074.36,1139.01,79.63999999999987,30.789999999999964,1,2,1.0
457,1,1743.76,1127.5,76.23000000000002,67.06999999999994,1,2,1.0
457,2,2071.4,1140.09,79.63999999999987,30.79000000000019,1,2,1.0
458,1,1741.23,1129.3,76.09999999999991,67.06999999999994,1,2,1.0
458,2,2068.44,1141.17,79.63999999999987,30.789999999999964,1,2,1.0
459,1,1738.7,1131.11,75.96000000000004,67.06000000000017,1,2,1.0
459,2,2065.48,1142.25,79.63999999999987,30.789999999999964,1,2,1.0
460,1,1736.16,1132.91,75.82999999999993,67.05999999999995,1,2,1.0
460,2,2062.52,1143.33,79.63999999999987,30.789999999999964,1,2,1.0
461,1,1734.41,1134.23,75.68999999999983,67.05999999999995,1,2,1.0
461,2,2060.4,1143.7,79.63999999999987,30.779999999999973,1,2,1.0
462,1,1732.65,1135.54,75.55999999999995,67.06999999999994,1,2,1.0
462,2,2058.28,1144.06,79.64999999999964,30.789999999999964,1,2,1.0
463,1,1730.9,1136.86,75.41999999999985,67.07000000000016,1,2,1.0
463,2,2056.17,1144.43,79.63999999999987,30.789999999999964,1,2,1.0
464,1,1729.14,1138.18,75.28999999999996,67.06999999999994,1,2,1.0
464,2,2054.05,1144.8,79.63999999999987,30.779999999999973,1,2,1.0
465,1,1727.39,1139.5,75.14999999999986,67.06999999999994,1,2,1.0
465,2,2051.94,1145.16,79.63999999999987,30.789999999999964,1,2,1.0
466,1,1725.63,1140.82,75.01999999999998,67.07000000000016,1,2,1.0
466,2,2049.82,1145.53,79.63999999999987,30.789999999999964,1,2,1.0
467,1,1723.88,1142.14,74.86999999999989,67.06999999999994,1,2,1.0
467,2,2047.7,1145.9,79.64999999999986,30.779999999999973,1,2,1.0
468,1,1722.12,1143.46,74.74000000000001,67.06999999999994,1,2,1.0
468,2,2045.59,1146.26,79.6400000000001,30.789999999999964,1,2,1.0
469,1,1720.36,1144.78,74.61000000000013,67.06999999999994,1,2,1.0
469,2,2043.47,1146.63,79.6400000000001,30.789999999999964,1,2,1.0
470,1,1718.61,1146.1,74.47000000000003,67.07000000000016,1,2,1.0
470,2,2041.36,1147.0,79.6400000000001,30.779999999999973,1,2,1.0
471,1,1716.85,1147.42,74.34000000000015,67.06999999999994,1,2,1.0
471,2,2039.24,1147.36,79.6400000000001,30.79000000000019,1,2,1.0
472,1,1715.1,1148.74,74.20000000000005,67.05999999999995,1,2,1.0
472,2,2037.12,1147.73,79.65000000000009,30.779999999999973,1,2,1.0
473,1,1713.34,1150.06,74.07000000000016,67.05999999999995,1,2,1.0
473,2,2035.01,1148.09,79.6400000000001,30.79000000000019,1,2,1.0
474,1,1711.59,1151.38,73.93000000000006,67.05999999999995,1,2,1.0
474,2,2032.89,1148.46,79.6400000000001,30.789999999999964,1,2,1.0
475,1,1709.83,1152.7,73.80000000000018,67.05999999999995,1,2,1.0
475,2,2030.77,1148.83,79.65000000000009,30.779999999999973,1,2,1.0
476,1,1708.08,1154.02,73.66000000000008,67.05999999999995,1,2,1.0
476,2,2028.66,1149.19,79.6400000000001,30.789999999999964,1,2,1.0
477,1,1706.32,1155.33,73.52999999999997,67.07000000000016,1,2,1.0
477,2,2026.54,1149.56,79.65000000000009,30.789999999999964,1,2,1.0
478,1,1704.56,1156.65,73.40000000000009,67.06999999999994,1,2,1.0
478,2,2024.43,1149.93,79.6400000000001,30.779999999999973,1,2,1.0
479,1,1703.67,1157.14,73.25999999999999,67.06999999999994,1,2,1.0
479,2,2023.09,1149.75,79.6400000000001,30.779999999999973,1,2,1.0
480,1,1702.78,1157.62,73.12000000000012,67.07000000000016,1,2,1.0
480,2,2021.74,1149.57,79.64999999999986,30.779999999999973,1,2,1.0
481,1,1701.88,1158.11,72.98999999999978,67.06000000000017,1,2,1.0
481,2,2020.4,1149.39,79.65000000000009,30.779999999999973,1,2,1.0
482,1,1700.99,1158.59,72.84999999999991,67.07000000000016,1,2,1.0
482,2,2019.06,1149.21,79.63999999999987,30.789999999999964,1,2,1.0
483,1,1700.09,1159.08,72.72000000000003,67.06000000000017,1,2,1.0
483,2,2017.72,1149.03,79.6400000000001,30.789999999999964,1,2,1.0
484,1,1699.2,1159.56,72.57999999999993,67.07000000000016,1,2,1.0
484,2,2016.38,1148.85,79.63999999999987,30.79000000000019,1,2,1.0
485,1,1698.3,1160.05,72.45000000000005,67.05999999999995,1,2,1.0
485,2,2015.04,1148.67,79.63999999999987,30.789999999999964,1,2,1.0
486,1,1697.41,1160.53,72.30999999999995,67.06999999999994,1,2,1.0
486,2,2013.69,1148.49,79.65000000000009,30.789999999999964,1,2,1.0
487,1,1696.51,1161.02,72.18000000000006,67.05999999999995,1,2,1.0
487,2,2012.35,1148.31,79.65000000000009,30.789999999999964,1,2,1.0
488,1,1695.62,1161.5,72.04000000000019,67.06999999999994,1,2,1.0
488,2,2011.01,1148.13,79.6400000000001,30.789999999999964,1,2,1.0
489,1,1694.73,1161.99,71.90000000000009,67.05999999999995,1,2,1.0
489,2,2009.67,1147.95,79.63999999999987,30.789999999999964,1,2,1.0
490,1,1693.83,1162.47,71.76999999999998,67.06999999999994,1,2,1.0
490,2,2008.33,1147.78,79.63999999999987,30.779999999999973,1,2,1.0
491,1,1692.94,1162.95,71.62999999999988,67.06999999999994,1,2,1.0
491,2,2006.99,1147.6,79.6400000000001,30.7800000000002,1,2,1.0
492,1,1692.04,1163.44,71.5,67.06999999999994,1,2,1.0
492,2,2005.65,1147.42,79.63999999999987,30.779999999999973,1,2,1.0
493,1,1691.15,1163.92,71.3599999999999,67.06999999999994,1,2,1.0
493,2,2004.3,1147.24,79.64999999999986,30.779999999999973,1,2,1.0
494,1,1690.25,1164.41,71.23000000000002,67.06999999999994,1,2,1.0
494,2,2002.96,1147.06,79.65000000000009,30.779999999999973,1,2,1.0
495,1,1689.36,1164.89,71.09000000000015,67.06999999999994,1,2,1.0
495,2,2001.62,1146.88,79.64000000000033,30.779999999999973,1,2,1.0
496,1,1688.46,1165.38,70.96000000000004,67.05999999999995,1,2,1.0
496,2,2000.28,1146.7,79.6400000000001,30.779999999999973,1,2,1.0
497,1,1688.04,1165.55,70.81999999999994,67.06999999999994,1,2,1.0
497,2,1999.25,1145.43,79.63999999999987,30.789999999999964,1,2,1.0
498,1,1687.61,1165.73,70.68000000000006,67.05999999999995,1,2,1.0
498,2,1998.22,1144.17,79.6400000000001,30.779999999999973,1,2,1.0
499,1,1687.18,1165.9,70.54999999999995,67.06999999999994,1,2,1.0
499,2,1997.19,1142.9,79.63999999999987,30.789999999999964,1,2,1.0
500,1,1686.75,1166.07,70.41000000000008,67.07000000000016,1,2,1.0
500,2,1996.16,1141.64,79.6400000000001,30.779999999999973,1,2,1.0
501,1,1686.32,1166.25,70.27999999999997,67.06999999999994,1,2,1.0
501,2,1995.13,1140.37,79.63999999999987,30.79000000000019,1,2,1.0
502,1,1686.39,1165.83,70.17999999999984,67.19000000000005,1,2,1.0
502,2,1994.71,1139.53,79.53999999999996,30.6400000000001,1,2,1.0
503,1,1686.45,1165.42,70.09999999999991,67.30999999999995,1,2,1.0
503,2,1994.3,1138.7,79.43999999999983,30.49000000000001,1,2,1.0
504,1,1686.51,1165.0,70.00999999999999,67.44000000000005,1,2,1.0
504,2,1993.88,1137.86,79.33999999999969,30.340000000000146,1,2,1.0
505,1,1686.58,1164.59,69.91000000000008,67.56000000000017,1,2,1.0
505,2,1993.47,1137.02,79.22999999999979,30.200000000000045,1,2,1.0
506,1,1686.64,1164.17,69.82999999999993,67.68999999999983,1,2,1.0
506,2,1993.05,1136.18,79.1400000000001,30.059999999999945,1,2,1.0
507,1,1686.71,1163.75,69.73000000000002,67.80999999999995,1,2,1.0
507,2,1992.63,1135.35,79.03999999999996,29.90000000000009,1,2,1.0
508,1,1686.77,1163.34,69.6400000000001,67.93000000000006,1,2,1.0
508,2,1992.22,1134.51,78.93999999999983,29.75999999999999,1,2,1.0
509,1,1686.83,1162.92,69.56000000000017,68.05999999999995,1,2,1.0
509,2,1991.8,1133.67,78.83999999999992,29.6099999999999,1,2,1.0
510,1,1686.9,1162.51,69.45999999999981,68.18000000000006,1,2,1.0
510,2,1991.39,1132.83,78.72999999999979,29.470000000000027,1,2,1.0
511,1,1686.96,1162.09,69.37999999999988,68.30000000000018,1,2,1.0
511,2,1990.97,1131.99,78.6400000000001,29.319999999999936,1,2,1.0
512,1,1687.02,1161.67,69.28999999999996,68.42999999999984,1,2,1.0
512,2,1990.56,1131.16,78.5300000000002,29.169999999999845,1,2,1.0
513,1,1687.09,1161.26,69.19000000000005,68.54999999999995,1,2,1.0
513,2,1990.14,1130.32,78.43000000000006,29.029999999999973,1,2,1.0
514,1,1687.15,1160.84,69.1099999999999,68.68000000000006,1,2,1.0
514,2,1989.73,1129.48,78.32999999999993,28.87999999999988,1,2,1.0
515,1,1687.22,1160.43,69.00999999999999,68.79999999999995,1,2,1.0
515,2,1989.31,1128.64,78.23000000000002,28.74000000000001,1,2,1.0
516,1,1687.28,1160.01,68.92000000000007,68.92000000000007,1,2,1.0
516,2,1988.9,1127.81,78.13000000000011,28.580000000000155,1,2,1.0
517,1,1687.34,1159.6,68.84000000000015,69.04000000000019,1,2,1.0
517,2,1988.48,1126.97,78.0300000000002,28.440000000000055,1,2,1.0
518,1,1687.41,1159.18,68.74000000000001,69.16999999999985,1,2,1.0
518,2,1988.07,1126.13,77.91999999999985,28.289999999999964,1,2,1.0
519,1,1687.47,1158.76,68.64999999999986,69.29999999999995,1,2,1.0
519,2,1987.65,1125.29,77.82999999999993,28.15000000000009,1,2,1.0
520,1,1687.54,1158.35,68.55999999999995,69.42000000000007,1,2,1.0
520,2,1987.24,1124.46,77.72000000000003,28.0,1,2,1.0
521,1,1687.6,1157.93,68.47000000000003,69.53999999999996,1,2,1.0
521,2,1986.82,1123.62,77.62000000000012,27.850000000000136,1,2,1.0
522,1,1687.66,1157.52,68.37999999999988,69.66000000000008,1,2,1.0
522,2,1986.41,1122.78,77.51999999999975,27.710000000000036,1,2,1.0
523,1,1687.73,1157.1,68.28999999999996,69.79000000000019,1,2,1.0
523,2,1985.99,1121.94,77.41999999999985,27.559999999999945,1,2,1.0
524,1,1688.48,1156.58,68.20000000000005,69.57000000000016,1,2,1.0
524,2,1986.22,1120.71,77.31999999999994,27.409999999999854,1,2,1.0
525,1,1689.24,1156.06,68.09999999999991,69.36000000000013,1,2,1.0
525,2,1986.44,1119.48,77.2199999999998,27.269999999999982,1,2,1.0
526,1,1689.99,1155.55,68.01999999999998,69.13000000000011,1,2,1.0
526,2,1986.67,1118.25,77.11999999999989,27.11999999999989,1,2,1.0
527,1,1690.74,1155.03,67.93000000000006,68.92000000000007,1,2,1.0
527,2,1986.89,1117.01,77.01999999999975,26.980000000000018,1,2,1.0
528,1,1691.5,1154.51,67.83999999999992,68.70000000000005,1,2,1.0
528,2,1987.12,1115.78,76.91000000000031,26.829999999999927,1,2,1.0
529,1,1692.25,1153.99,67.75,68.49000000000001,1,2,1.0
529,2,1987.35,1114.55,76.80999999999995,26.680000000000064,1,2,1.0
530,1,1693.01,1153.48,67.65000000000009,68.25999999999999,1,2,1.0
530,2,1987.57,1113.32,76.71000000000026,26.529999999999973,1,2,1.0
531,1,1693.76,1152.96,67.56999999999994,68.03999999999996,1,2,1.0
531,2,1987.8,1112.09,76.6099999999999,26.38000000000011,1,2,1.0
532,1,1694.52,1152.44,67.47000000000003,67.82999999999993,1,2,1.0
532,2,1988.02,1110.85,76.51000000000022,26.25,1,2,1.0
533,1,1695.27,1151.92,67.38000000000011,67.6099999999999,1,2,1.0
533,2,1988.25,1109.62,76.40999999999985,26.100000000000136,1,2,1.0
534,1,1696.02,1151.4,67.29999999999995,67.39999999999986,1,2,1.0
534,2,1988.47,1108.39,76.31000000000017,25.949999999999818,1,2,1.0
535,1,1696.78,1150.89,67.20000000000005,67.16999999999985,1,2,1.0
535,2,1988.7,1107.16,76.20999999999981,25.799999999999955,1,2,1.0
536,1,1697.53,1150.37,67.12000000000012,66.96000000000004,1,2,1.0
536,2,1988.93,1105.92,76.10000000000014,25.659999999999854,1,2,1.0
537,1,1698.29,1149.85,67.01999999999998,66.74000000000001,1,2,1.0
537,2,1989.15,1104.69,76.00999999999976,25.50999999999999,1,2,1.0
538,1,1699.04,1149.33,66.93000000000006,66.51999999999998,1,2,1.0
538,2,1989.38,1103.46,75.90000000000009,25.3599999999999,1,2,1.0
539,1,1699.79,1148.81,66.85000000000014,66.30999999999995,1,2,1.0
539,2,1989.6,1102.23,75.80000000000018,25.210000000000036,1,2,1.0
540,1,1700.55,1148.3,66.75,66.08000000000015,1,2,1.0
540,2,1989.83,1101.0,75.70000000000027,25.069999999999936,1,2,1.0
541,1,1701.3,1147.78,66.66000000000008,65.87000000000012,1,2,1.0
541,2,1990.05,1099.76,75.60000000000014,24.930000000000064,1,2,1.0
542,1,1702.06,1147.26,66.57000000000016,65.65000000000009,1,2,1.0
542,2,1990.28,1098.53,75.50000000000023,24.779999999999973,1,2,1.0
543,1,1702.81,1146.74,66.48000000000002,65.44000000000005,1,2,1.0
543,2,1990.51,1097.3,75.3900000000001,24.63000000000011,1,2,1.0
544,1,1703.56,1146.23,66.3900000000001,65.21000000000004,1,2,1.0
544,2,1990.73,1096.07,75.30000000000018,24.480000000000018,1,2,1.0
545,1,1704.32,1145.71,66.29999999999995,64.99000000000001,1,2,1.0
545,2,1990.96,1094.84,75.19000000000005,24.330000000000155,1,2,1.0
546,1,1705.07,1145.19,66.21000000000004,64.77999999999997,1,2,1.0
546,2,1991.18,1093.6,75.10000000000014,24.190000000000055,1,2,1.0
547,1,1705.83,1144.67,66.12000000000012,64.55999999999995,1,2,1.0
547,2,1991.41,1092.37,74.99000000000001,24.04000000000019,1,2,1.0
548,1,1706.58,1144.15,66.02999999999997,64.34999999999991,1,2,1.0
548,2,1991.63,1091.14,74.90000000000009,23.899999999999864,1,2,1.0
549,1,1707.34,1143.64,65.93000000000006,64.11999999999989,1,2,1.0
549,2,1991.86,1089.91,74.79000000000019,23.75,1,2,1.0
550,1,1708.09,1143.12,65.85000000000014,63.91000000000008,1,2,1.0
550,2,1992.08,1088.68,74.70000000000027,23.59999999999991,1,2,1.0
551,1,1708.84,1142.6,65.75999999999999,63.690000000000055,1,2,1.0
551,2,1992.31,1087.44,74.59000000000015,23.460000000000036,1,2,1.0
552,1,1709.98,1141.86,65.61999999999989,63.690000000000055,1,2,1.0
552,2,1992.85,1085.92,74.59000000000015,23.449999999999818,1,2,1.0
553,1,1711.11,1141.12,65.48000000000002,63.690000000000055,1,2,1.0
553,2,1993.38,1084.39,74.58999999999969,23.45999999999981,1,2,1.0
554,1,1712.24,1140.39,65.34999999999991,63.68999999999983,1,2,1.0
554,2,1993.92,1082.87,74.59000000000015,23.450000000000045,1,2,1.0
555,1,1713.37,1139.65,65.22000000000003,63.68999999999983,1,2,1.0
555,2,1994.45,1081.34,74.58999999999992,23.460000000000036,1,2,1.0
556,1,1714.51,1138.91,65.06999999999994,63.68999999999983,1,2,1.0
556,2,1994.99,1079.81,74.58999999999992,23.460000000000036,1,2,1.0
557,1,1715.64,1138.17,64.93999999999983,63.68999999999983,1,2,1.0
557,2,1995.53,1078.29,74.58999999999992,23.460000000000036,1,2,1.0
558,1,1716.77,1137.44,64.80999999999995,63.690000000000055,1,2,1.0
558,2,1996.06,1076.76,74.59000000000015,23.460000000000036,1,2,1.0
559,1,1717.91,1136.7,64.65999999999985,63.690000000000055,1,2,1.0
559,2,1996.6,1075.24,74.59000000000015,23.450000000000045,1,2,1.0
560,1,1719.17,1135.78,64.52999999999997,63.690000000000055,1,2,1.0
560,2,1997.23,1073.82,74.59000000000015,23.460000000000036,1,2,1.0
561,1,1720.43,1134.86,64.38999999999987,63.690000000000055,1,2,1.0
561,2,1997.86,1072.41,74.58999999999992,23.45999999999981,1,2,1.0
562,1,1721.69,1133.94,64.25999999999999,63.690000000000055,1,2,1.0
562,2,1998.49,1071.0,74.58999999999992,23.460000000000036,1,2,1.0
563,1,1722.95,1133.02,64.11999999999989,63.690000000000055,1,2,1.0
563,2,1999.12,1069.59,74.59000000000015,23.450000000000045,1,2,1.0
564,1,1724.21,1132.11,63.99000000000001,63.680000000000064,1,2,1.0
564,2,1999.75,1068.18,74.59000000000015,23.450000000000045,1,2,1.0
565,1,1725.47,1131.19,63.84999999999991,63.690000000000055,1,2,1.0
565,2,2000.38,1066.76,74.58999999999969,23.460000000000036,1,2,1.0
566,1,1726.73,1130.27,63.72000000000003,63.690000000000055,1,2,1.0
566,2,2001.01,1065.35,74.58999999999992,23.460000000000036,1,2,1.0
567,1,1727.99,1129.35,63.57999999999993,63.690000000000055,1,2,1.0
567,2,2001.64,1063.94,74.58999999999992,23.450000000000045,1,2,1.0
568,1,1729.25,1128.43,63.450000000000045,63.68999999999983,1,2,1.0
568,2,2002.27,1062.53,74.59000000000015,23.450000000000045,1,2,1.0
569,1,1730.51,1127.51,63.309999999999945,63.690000000000055,1,2,1.0
569,2,2002.9,1061.11,74.58999999999969,23.460000000000036,1,2,1.0
570,1,1731.77,1126.59,63.17000000000007,63.690000000000055,1,2,1.0
570,2,2003.53,1059.7,74.58999999999992,23.460000000000036,1,2,1.0
571,1,1733.03,1125.68,63.039999999999964,63.679999999999836,1,2,1.0
571,2,2004.16,1058.29,74.58999999999992,23.450000000000045,1,2,1.0
572,1,1734.29,1124.76,62.90000000000009,63.690000000000055,1,2,1.0
572,2,2004.79,1056.88,74.57999999999993,23.449999999999818,1,2,1.0
573,1,1735.55,1123.84,62.76999999999998,63.690000000000055,1,2,1.0
573,2,2005.42,1055.46,74.57999999999993,23.460000000000036,1,2,1.0
574,1,1736.81,1122.92,62.63000000000011,63.68999999999983,1,2,1.0
574,2,2006.05,1054.05,74.58000000000015,23.460000000000036,1,2,1.0
575,1,1738.07,1122.0,62.5,63.690000000000055,1,2,1.0
575,2,2006.67,1052.64,74.59000000000015,23.449999999999818,1,2,1.0
576,1,1739.33,1121.08,62.36000000000013,63.690000000000055,1,2,1.0
576,2,2007.3,1051.23,74.58999999999992,23.450000000000045,1,2,1.0
577,1,1740.59,1120.16,62.23000000000002,63.68999999999983,1,2,1.0
577,2,2007.93,1049.81,74.58999999999992,23.460000000000036,1,2,1.0
578,1,1742.0,1119.25,62.07999999999993,63.680000000000064,1,2,1.0
578,2,2008.77,1048.52,74.59000000000015,23.460000000000036,1,2,1.0
579,1,1743.4,1118.33,61.94999999999982,63.690000000000055,1,2,1.0
579,2,2009.6,1047.22,74.59000000000015,23.460000000000036,1,2,1.0
580,1,1744.81,1117.41,61.809999999999945,63.68999999999983,1,2,1.0
580,2,2010.43,1045.93,74.58999999999992,23.460000000000036,1,2,1.0
581,1,1746.21,1116.49,61.680000000000064,63.690000000000055,1,2,1.0
581,2,2011.26,1044.64,74.58999999999992,23.449999999999818,1,2,1.0
582,1,1747.61,1115.57,61.55000000000018,63.690000000000055,1,2,1.0
582,2,2012.1,1043.34,74.59000000000015,23.460000000000036,1,2,1.0
583,1,1749.02,1114.65,61.40000000000009,63.68999999999983,1,2,1.0
583,2,2012.93,1042.05,74.58999999999992,23.450000000000045,1,2,1.0
584,1,1750.42,1113.73,61.26999999999998,63.690000000000055,1,2,1.0
584,2,2013.76,1040.75,74.58999999999992,23.460000000000036,1,2,1.0
585,1,1751.82,1112.82,61.1400000000001,63.690000000000055,1,2,1.0
585,2,2014.59,1039.46,74.58999999999992,23.460000000000036,1,2,1.0
586,1,1753.23,1111.9,61.0,63.68999999999983,1,2,1.0
586,2,2015.43,1038.17,74.58999999999992,23.449999999999818,1,2,1.0
587,1,1754.96,1111.18,60.8599999999999,63.68999999999983,1,2,1.0
587,2,2016.74,1036.75,74.58999999999992,23.460000000000036,1,2,1.0
588,1,1756.68,1110.47,60.73000000000002,63.680000000000064,1,2,1.0
588,2,2018.06,1035.33,74.59000000000015,23.460000000000036,1,2,1.0
589,1,1758.41,1109.75,60.58999999999992,63.690000000000055,1,2,1.0
589,2,2019.38,1033.92,74.58999999999969,23.449999999999818,1,2,1.0
590,1,1760.95,1109.08,60.460000000000036,63.690000000000055,1,2,1.0
590,2,2020.7,1032.5,74.58999999999992,23.460000000000036,1,2,1.0
591,1,1763.49,1108.42,60.319999999999936,63.68999999999983,1,2,1.0
591,2,2022.02,1031.09,74.59000000000015,23.450000000000045,1,2,1.0
592,1,1767.48,1107.39,60.190000000000055,63.68999999999983,1,2,1.0
592,2,2025.52,1029.85,74.59000000000015,23.460000000000036,1,2,1.0
593,1,1771.48,1106.36,60.049999999999955,63.690000000000055,1,2,1.0
593,2,2029.03,1028.62,74.58999999999992,23.460000000000036,1,2,1.0
594,1,1775.47,1105.33,59.92000000000007,63.690000000000055,1,2,1.0
594,2,2032.53,1027.39,74.58999999999992,23.449999999999818,1,2,1.0
595,1,1779.47,1104.3,59.76999999999998,63.690000000000055,1,2,1.0
595,2,2036.04,1026.15,74.59000000000015,23.45999999999981,1,2,1.0
596,1,1783.46,1103.27,59.63999999999987,63.690000000000055,1,2,1.0
596,2,2039.54,1024.92,74.59000000000015,23.449999999999818,1,2,1.0
597,1,1787.46,1102.24,59.5,63.690000000000055,1,2,1.0
597,2,2043.05,1023.68,74.58000000000015,23.46000000000015,1,2,1.0
598,1,1791.45,1101.21,59.36999999999989,63.690000000000055,1,2,1.0
598,2,2046.55,1022.45,74.58999999999992,23.460000000000036,1,2,1.0
599,1,1795.45,1100.18,59.23000000000002,63.68999999999983,1,2,1.0
599,2,2050.05,1021.22,74.58999999999969,23.450000000000045,1,2,1.0
600,1,1799.44,1099.15,59.09999999999991,63.68999999999983,1,2,1.0
600,2,2053.56,1019.98,74.59000000000015,23.460000000000036,1,2,1.0
601,1,1803.44,1098.12,58.960000000000036,63.690000000000055,1,2,1.0
601,2,2057.06,1018.75,74.59000000000015,23.460000000000036,1,2,1.0
602,1,1807.15,1096.94,58.86999999999989,63.690000000000055,1,2,1.0
602,2,2060.29,1017.47,74.48000000000002,23.589999999999918,1,2,1.0
603,1,1810.87,1095.77,58.7800000000002,63.690000000000055,1,2,1.0
603,2,2063.52,1016.18,74.36999999999989,23.730000000000132,1,2,1.0
604,1,1814.58,1094.59,58.690000000000055,63.690000000000055,1,2,1.0
604,2,2066.75,1014.9,74.26000000000022,23.870000000000005,1,2,1.0
605,1,1818.44,1093.11,58.59999999999991,63.690000000000055,1,2,1.0
605,2,2070.22,1013.14,74.13000000000011,24.010000000000105,1,2,1.0
606,1,1822.3,1091.63,58.5,63.68999999999983,1,2,1.0
606,2,2073.68,1011.39,74.01999999999998,24.149999999999977,1,2,1.0
607,1,1825.6,1090.47,58.42000000000007,63.690000000000055,1,2,1.0
607,2,2076.47,1009.81,73.91000000000031,24.289999999999964,1,2,1.0
608,1,1828.9,1089.31,58.32999999999993,63.690000000000055,1,2,1.0
608,2,2079.26,1008.23,73.79999999999973,24.430000000000064,1,2,1.0
609,1,1832.21,1088.14,58.23000000000002,63.68999999999983,1,2,1.0
609,2,2082.05,1006.65,73.6899999999996,24.57000000000005,1,2,1.0
610,1,1835.32,1086.68,58.1400000000001,63.68999999999983,1,2,1.0
610,2,2085.04,1005.27,73.57999999999993,24.700000000000045,1,2,1.0
611,1,1838.43,1085.21,58.049999999999955,63.690000000000055,1,2,1.0
611,2,2088.03,1003.88,73.45999999999958,24.850000000000023,1,2,1.0
612,1,1841.53,1083.75,57.960000000000036,63.680000000000064,1,2,1.0
612,2,2091.02,1002.5,73.34999999999991,24.980000000000018,1,2,1.0
613,1,1844.64,1082.28,57.86999999999989,63.690000000000055,1,2,1.0
613,2,2094.01,1001.12,73.22999999999956,25.120000000000005,1,2,1.0
614,1,1847.77,1080.54,57.76999999999998,63.690000000000055,1,2,1.0
614,2,2097.55,998.96,73.11999999999989,25.25999999999999,1,2,1.0
615,1,1850.89,1078.8,57.679999999999836,63.690000000000055,1,2,1.0
615,2,2101.1,996.81,73.0,25.40000000000009,1,2,1.0
616,1,1854.01,1077.07,57.59999999999991,63.690000000000055,1,2,1.0
616,2,2104.64,994.66,72.90000000000009,25.530000000000086,1,2,1.0
617,1,1857.06,1075.87,57.5,63.690000000000055,1,2,1.0
617,2,2107.03,992.79,72.78999999999996,25.680000000000064,1,2,1.0
618,1,1860.1,1074.67,57.42000000000007,63.68999999999983,1,2,1.0
618,2,2109.43,990.93,72.67000000000007,25.81000000000006,1,2,1.0
619,1,1863.15,1073.47,57.319999999999936,63.690000000000055,1,2,1.0
619,2,2111.82,989.07,72.55999999999995,25.949999999999932,1,2,1.0
620,1,1866.2,1072.27,57.23000000000002,63.690000000000055,1,2,1.0
620,2,2114.21,987.2,72.44999999999982,26.089999999999918,1,2,1.0
621,1,1869.24,1071.07,57.1400000000001,63.690000000000055,1,2,1.0
621,2,2116.61,985.34,72.32999999999993,26.230000000000018,1,2,1.0
622,1,1872.63,1069.64,57.049999999999955,63.68999999999983,1,2,1.0
622,2,2120.28,983.35,72.20999999999958,26.370000000000005,1,2,1.0
623,1,1876.03,1068.22,56.950000000000045,63.690000000000055,1,2,1.0
623,2,2123.95,981.37,72.10000000000036,26.5,1,2,1.0
624,1,1879.42,1066.8,56.8599999999999,63.690000000000055,1,2,1.0
624,2,2127.61,979.38,72.0,26.649999999999977,1,2,1.0
625,1,1882.81,1065.38,56.76999999999998,63.68999999999983,1,2,1.0
625,2,2131.28,977.39,71.87999999999965,26.789999999999964,1,2,1.0
626,1,1886.2,1063.95,56.680000000000064,63.690000000000055,1,2,1.0
626,2,2134.95,975.41,71.76999999999998,26.920000000000073,1,2,1.0
627,1,1889.71,1063.32,57.319999999999936,62.61000000000013,1,2,1.0
627,2,2138.01,973.88,71.65999999999985,27.07000000000005,1,2,1.0
628,1,1893.22,1062.69,57.950000000000045,61.52999999999997,1,2,1.0
628,2,2141.08,972.36,71.53999999999996,27.199999999999932,1,2,1.0
629,1,1896.74,1062.06,58.569999999999936,60.440000000000055,1,2,1.0
629,2,2144.14,970.84,71.42000000000007,27.339999999999918,1,2,1.0
630,1,1900.25,1061.43,59.210000000000036,59.3599999999999,1,2,1.0
630,2,2147.2,969.31,71.3100000000004,27.480000000000018,1,2,1.0
631,1,1903.76,1060.8,59.83999999999992,58.26999999999998,1,2,1.0
631,2,2150.26,967.79,71.19999999999982,27.620000000000005,1,2,1.0
632,1,1899.77,1059.12,59.569999999999936,58.54000000000019,1,2,1.0
632,2,2146.25,964.84,71.09000000000015,27.75,1,2,1.0
633,1,1895.78,1057.44,59.299999999999955,58.809999999999945,1,2,1.0
633,2,2142.23,961.88,70.98000000000002,27.899999999999977,1,2,1.0
634,1,1891.8,1055.76,59.01999999999998,59.07999999999993,1,2,1.0
634,2,2138.22,958.93,70.86000000000013,28.040000000000077,1,2,1.0
635,1,1887.81,1054.07,58.75,59.36000000000013,1,2,1.0
635,2,2134.21,955.98,70.75,28.16999999999996,1,2,1.0
636,1,1883.82,1052.39,58.48000000000002,59.62999999999988,1,2,1.0
636,2,2130.19,953.03,70.63999999999987,28.31000000000006,1,2,1.0
637,1,1868.47,1050.61,58.210000000000036,59.90000000000009,1,2,1.0
637,2,2113.04,949.35,70.51999999999998,28.449999999999932,1,2,1.0
638,1,1853.13,1048.83,57.93999999999983,60.17000000000007,1,2,1.0
638,2,2095.89,945.67,70.41000000000031,28.590000000000032,1,2,1.0
639,1,1837.78,1047.05,57.67000000000007,60.440000000000055,1,2,1.0
639,2,2078.73,941.99,70.30000000000018,28.730000000000018,1,2,1.0
640,1,1822.44,1045.26,57.38999999999987,60.710000000000036,1,2,1.0
640,2,2061.58,938.31,70.19000000000005,28.870000000000005,1,2,1.0
641,1,1807.09,1043.48,57.13000000000011,60.98000000000002,1,2,1.0
641,2,2044.43,934.63,70.06999999999994,29.0,1,2,1.0
642,1,1791.75,1041.7,56.84999999999991,61.25,1,2,1.0
642,2,2027.28,930.95,69.95999999999981,29.139999999999986,1,2,1.0
643,1,1769.19,1041.19,56.57999999999993,61.51999999999998,1,2,1.0
643,2,2002.91,927.21,69.85000000000014,29.289999999999964,1,2,1.0
644,1,1746.63,1040.68,56.309999999999945,61.799999999999955,1,2,1.0
644,2,1978.54,923.48,69.74000000000024,29.41999999999996,1,2,1.0
645,1,1724.07,1040.18,56.039999999999964,62.059999999999945,1,2,1.0
645,2,1954.18,919.75,69.61999999999989,29.559999999999945,1,2,1.0
646,1,1701.51,1039.67,55.76999999999998,62.33999999999992,1,2,1.0
646,2,1929.81,916.01,69.50999999999999,29.700000000000045,1,2,1.0
647,1,1678.95,1039.16,55.5,62.6099999999999,1,2,1.0
647,2,1905.45,912.28,69.38999999999987,29.840000000000032,1,2,1.0
648,1,1659.64,1039.0,55.2199999999998,62.88000000000011,1,2,1.0
648,2,1884.23,910.69,69.27999999999997,29.979999999999905,1,2,1.0
649,1,1640.33,1038.84,54.950000000000045,63.1400000000001,1,2,1.0
649,2,1863.01,909.1,69.17000000000007,30.120000000000005,1,2,1.0
650,1,1629.22,1038.67,54.680000000000064,63.419999999999845,1,2,1.0
650,2,1850.9,906.6,69.05999999999995,30.25999999999999,1,2,1.0
651,1,1624.79,1039.32,54.41000000000008,63.690000000000055,1,2,1.0
651,2,1844.06,903.9,68.94000000000005,30.389999999999986,1,2,1.0
652,1,1625.69,1038.18,54.409999999999854,63.68999999999983,1,2,1.0
652,2,1844.24,902.65,68.76999999999998,30.590000000000032,1,2,1.0
653,1,1626.58,1037.03,54.41000000000008,63.690000000000055,1,2,1.0
653,2,1844.42,901.4,68.6099999999999,30.779999999999973,1,2,1.0
654,1,1627.48,1035.88,54.41000000000008,63.68999999999983,1,2,1.0
654,2,1844.6,900.15,68.44000000000005,30.980000000000018,1,2,1.0
655,1,1631.62,1034.74,54.40000000000009,63.690000000000055,1,2,1.0
655,2,1848.82,898.9,68.27999999999997,31.180000000000064,1,2,1.0
656,1,1635.85,1033.15,54.41000000000008,63.68999999999983,1,2,1.0
656,2,1852.6,897.43,68.12000000000012,31.370000000000005,1,2,1.0
657,1,1640.09,1031.56,54.41000000000008,63.690000000000055,1,2,1.0
657,2,1856.38,895.96,67.94999999999982,31.569999999999936,1,2,1.0
658,1,1644.33,1029.98,54.41000000000008,63.690000000000055,1,2,1.0
658,2,1860.16,894.49,67.77999999999997,31.75999999999999,1,2,1.0
659,1,1648.57,1028.39,54.41000000000008,63.68999999999983,1,2,1.0
659,2,1863.94,893.02,67.61999999999989,31.960000000000036,1,2,1.0
660,1,1652.81,1026.8,54.40000000000009,63.690000000000055,1,2,1.0
660,2,1867.72,891.55,67.45000000000005,32.15000000000009,1,2,1.0
661,1,1657.04,1025.21,54.41000000000008,63.690000000000055,1,2,1.0
661,2,1871.5,890.08,67.27999999999997,32.34999999999991,1,2,1.0
662,1,1661.28,1023.63,54.41000000000008,63.68999999999994,1,2,1.0
662,2,1875.28,888.61,67.12000000000012,32.549999999999955,1,2,1.0
663,1,1665.52,1022.04,54.41000000000008,63.690000000000055,1,2,1.0
663,2,1879.06,887.14,66.95000000000005,32.74000000000001,1,2,1.0
664,1,1669.76,1020.45,54.41000000000008,63.690000000000055,1,2,1.0
664,2,1882.84,885.67,66.77999999999997,32.940000000000055,1,2,1.0
665,1,1674.0,1018.86,54.41000000000008,63.68999999999994,1,2,1.0
665,2,1886.62,884.2,66.62000000000012,33.129999999999995,1,2,1.0
666,1,1678.24,1017.28,54.40000000000009,63.690000000000055,1,2,1.0
666,2,1890.4,882.73,66.44999999999982,33.32999999999993,1,2,1.0
667,1,1682.58,1016.12,54.41000000000008,63.68999999999994,1,2,1.0
667,2,1894.58,881.33,66.28999999999996,33.52999999999997,1,2,1.0
668,1,1686.93,1014.96,54.409999999999854,63.690000000000055,1,2,1.0
668,2,1898.77,879.93,66.12000000000012,33.72000000000003,1,2,1.0
669,1,1691.28,1013.8,54.41000000000008,63.690000000000055,1,2,1.0
669,2,1902.95,878.53,65.96000000000004,33.92000000000007,1,2,1.0
670,1,1695.63,1012.64,54.399999999999864,63.68999999999994,1,2,1.0
670,2,1907.14,877.14,65.78999999999996,34.110000000000014,1,2,1.0
671,1,1699.97,1011.48,54.41000000000008,63.690000000000055,1,2,1.0
671,2,1911.32,875.74,65.63000000000011,34.309999999999945,1,2,1.0
672,1,1704.32,1010.32,54.41000000000008,63.68999999999994,1,2,1.0
672,2,1915.51,874.34,65.46000000000004,34.50999999999999,1,2,1.0
673,1,1708.67,1009.16,54.409999999999854,63.68999999999994,1,2,1.0
673,2,1919.7,872.94,65.28999999999996,34.70999999999992,1,2,1.0
674,1,1713.02,1008.0,54.41000000000008,63.690000000000055,1,2,1.0
674,2,1923.88,871.54,65.12999999999988,34.90000000000009,1,2,1.0
675,1,1717.09,1007.19,54.41000000000008,63.690000000000055,1,2,1.0
675,2,1927.5,870.2,64.96000000000004,35.08999999999992,1,2,1.0
676,1,1721.17,1006.38,54.409999999999854,63.68999999999994,1,2,1.0
676,2,1931.11,868.85,64.80000000000018,35.289999999999964,1,2,1.0
677,1,1725.24,1005.57,54.41000000000008,63.68999999999994,1,2,1.0
677,2,1934.73,867.5,64.62999999999988,35.49000000000001,1,2,1.0
678,1,1729.32,1004.76,54.41000000000008,63.690000000000055,1,2,1.0
678,2,1938.34,866.15,64.46000000000004,35.690000000000055,1,2,1.0
679,1,1733.39,1003.95,54.409999999999854,63.690000000000055,1,2,1.0
679,2,1941.96,864.81,64.28999999999996,35.88000000000011,1,2,1.0
680,1,1737.47,1003.14,54.41000000000008,63.68999999999994,1,2,1.0
680,2,1945.57,863.46,64.13000000000011,36.07999999999993,1,2,1.0
681,1,1741.54,1002.33,54.41000000000008,63.68999999999994,1,2,1.0
681,2,1949.19,862.11,63.960000000000036,36.26999999999998,1,2,1.0
682,1,1745.62,1001.52,54.41000000000008,63.690000000000055,1,2,1.0
682,2,1952.8,860.77,63.799999999999955,36.460000000000036,1,2,1.0
683,1,1749.69,1000.71,54.409999999999854,63.690000000000055,1,2,1.0
683,2,1956.42,859.42,63.62999999999988,36.66000000000008,1,2,1.0
684,1,1753.77,999.9,54.41000000000008,63.68999999999994,1,2,1.0
684,2,1960.03,858.07,63.47000000000003,36.8599999999999,1,2,1.0
685,1,1757.84,999.09,54.41000000000008,63.68999999999994,1,2,1.0
685,2,1963.64,856.72,63.309999999999945,37.059999999999945,1,2,1.0
686,1,1761.92,998.28,54.409999999999854,63.690000000000055,1,2,1.0
686,2,1967.26,855.38,63.1400000000001,37.25,1,2,1.0
687,1,1765.75,997.2,54.41000000000008,63.690000000000055,1,2,1.0
687,2,1970.94,854.06,62.97000000000003,37.450000000000045,1,2,1.0
688,1,1769.58,996.12,54.41000000000008,63.68999999999994,1,2,1.0
688,2,1974.61,852.74,62.81000000000017,37.64999999999998,1,2,1.0
689,1,1773.41,995.03,54.409999999999854,63.690000000000055,1,2,1.0
689,2,1978.29,851.43,62.6400000000001,37.83000000000004,1,2,1.0
690,1,1777.24,993.95,54.41000000000008,63.690000000000055,1,2,1.0
690,2,1981.96,850.11,62.47000000000003,38.02999999999997,1,2,1.0
691,1,1781.08,992.87,54.40000000000009,63.68999999999994,1,2,1.0
691,2,1985.64,848.79,62.299999999999955,38.23000000000002,1,2,1.0
692,1,1783.09,991.78,54.40000000000009,63.690000000000055,1,2,1.0
692,2,1987.31,847.29,62.13999999999987,38.430000000000064,1,2,1.0
693,1,1785.1,990.7,54.40000000000009,63.690000000000055,1,2,1.0
693,2,1988.98,845.79,61.98000000000002,38.629999999999995,1,2,1.0
694,1,1787.11,989.62,54.40000000000009,63.68999999999994,1,2,1.0
694,2,1990.65,844.29,61.809999999999945,38.82000000000005,1,2,1.0
695,1,1789.12,988.53,54.40000000000009,63.690000000000055,1,2,1.0
695,2,1992.32,842.8,61.649999999999864,39.00999999999999,1,2,1.0
696,1,1791.13,987.45,54.399999999999864,63.690000000000055,1,2,1.0
696,2,1993.99,841.3,61.47999999999979,39.210000000000036,1,2,1.0
697,1,1793.14,986.37,54.399999999999864,63.68999999999994,1,2,1.0
697,2,1995.67,839.8,61.309999999999945,39.40000000000009,1,2,1.0
698,1,1795.15,985.29,54.399999999999864,63.680000000000064,1,2,1.0
698,2,1997.34,838.3,61.1400000000001,39.60000000000002,1,2,1.0
699,1,1797.16,984.2,54.409999999999854,63.690000000000055,1,2,1.0
699,2,1999.01,836.8,60.97999999999979,39.80000000000007,1,2,1.0
700,1,1799.17,983.12,54.409999999999854,63.68999999999994,1,2,1.0
700,2,2000.68,835.3,60.80999999999972,39.99000000000001,1,2,1.0
701,1,1801.18,982.04,54.409999999999854,63.680000000000064,1,2,1.0
701,2,2002.35,833.8,60.65000000000009,40.190000000000055,1,2,1.0
702,1,1801.43,980.89,54.27999999999997,63.629999999999995,1,2,1.0
702,2,2002.3,832.73,60.330000000000155,40.379999999999995,1,2,1.0
703,1,1801.69,979.74,54.13999999999987,63.57999999999993,1,2,1.0
703,2,2002.25,831.66,60.01999999999998,40.57000000000005,1,2,1.0
704,1,1799.99,978.79,54.00999999999999,63.51999999999998,1,2,1.0
704,2,1999.62,829.84,59.70000000000027,40.75999999999999,1,2,1.0
705,1,1798.3,977.84,53.87000000000012,63.469999999999914,1,2,1.0
705,2,1996.99,828.02,59.37999999999988,40.960000000000036,1,2,1.0
706,1,1796.61,976.89,53.74000000000001,63.40999999999997,1,2,1.0
706,2,1994.36,826.2,59.069999999999936,41.14999999999998,1,2,1.0
707,1,1794.91,975.94,53.6099999999999,63.3599999999999,1,2,1.0
707,2,1991.73,824.38,58.75,41.34000000000003,1,2,1.0
708,1,1793.22,974.99,53.47000000000003,63.299999999999955,1,2,1.0
708,2,1989.1,822.56,58.430000000000064,41.530000000000086,1,2,1.0
709,1,1791.53,974.04,53.32999999999993,63.25,1,2,1.0
709,2,1986.47,820.74,58.11999999999989,41.72000000000003,1,2,1.0
710,1,1789.83,973.1,53.200000000000045,63.17999999999995,1,2,1.0
710,2,1983.84,818.92,57.80000000000018,41.91000000000008,1,2,1.0
711,1,1787.24,972.22,53.069999999999936,63.12999999999988,1,2,1.0
711,2,1980.48,817.43,57.48000000000002,42.110000000000014,1,2,1.0
712,1,1784.64,971.35,52.93999999999983,63.07000000000005,1,2,1.0
712,2,1977.12,815.94,57.17000000000007,42.299999999999955,1,2,1.0
713,1,1782.05,970.47,52.799999999999955,63.01999999999998,1,2,1.0
713,2,1973.76,814.46,56.84999999999991,42.49000000000001,1,2,1.0
714,1,1779.45,969.6,52.669999999999845,62.95999999999992,1,2,1.0
714,2,1970.4,812.97,56.539999999999964,42.67999999999995,1,2,1.0
715,1,1776.86,968.72,52.5300000000002,62.91000000000008,1,2,1.0
715,2,1967.04,811.49,56.22000000000003,42.870000000000005,1,2,1.0
716,1,1774.26,967.85,52.40000000000009,62.85000000000002,1,2,1.0
716,2,1963.68,810.0,55.909999999999854,43.059999999999945,1,2,1.0
717,1,1771.67,966.97,52.25999999999999,62.789999999999964,1,2,1.0
717,2,1960.33,808.51,55.580000000000155,43.25999999999999,1,2,1.0
718,1,1768.97,966.27,52.11999999999989,62.74000000000001,1,2,1.0
718,2,1956.65,806.72,55.26999999999998,43.43999999999994,1,2,1.0
719,1,1766.27,965.57,51.99000000000001,62.68999999999994,1,2,1.0
719,2,1952.97,804.92,54.960000000000036,43.639999999999986,1,2,1.0
720,1,1763.56,964.87,51.86000000000013,62.629999999999995,1,2,1.0
720,2,1949.3,803.12,54.6400000000001,43.83000000000004,1,2,1.0
721,1,1760.86,964.17,51.73000000000002,62.58000000000004,1,2,1.0
721,2,1945.62,801.32,54.330000000000155,44.02999999999997,1,2,1.0
722,1,1758.16,963.48,51.58999999999992,62.50999999999999,1,2,1.0
722,2,1941.95,799.53,54.00999999999999,44.210000000000036,1,2,1.0
723,1,1755.46,962.78,51.450000000000045,62.460000000000036,1,2,1.0
723,2,1938.27,797.73,53.690000000000055,44.39999999999998,1,2,1.0
724,1,1752.75,962.08,51.32999999999993,62.39999999999998,1,2,1.0
724,2,1934.6,795.93,53.37000000000012,44.60000000000002,1,2,1.0
725,1,1750.08,961.51,51.190000000000055,62.35000000000002,1,2,1.0
725,2,1930.88,794.56,53.049999999999955,44.79000000000008,1,2,1.0
726,1,1747.41,960.95,51.049999999999955,62.289999999999964,1,2,1.0
726,2,1927.15,793.19,52.74000000000001,44.979999999999905,1,2,1.0
727,1,1744.73,960.38,50.92000000000007,62.24000000000001,1,2,1.0
727,2,1923.43,791.82,52.419999999999845,45.16999999999996,1,2,1.0
728,1,1742.06,959.82,50.77999999999997,62.16999999999996,1,2,1.0
728,2,1919.7,790.45,52.1099999999999,45.370000000000005,1,2,1.0
729,1,1739.38,959.25,50.649999999999864,62.120000000000005,1,2,1.0
729,2,1915.98,789.08,51.789999999999964,45.559999999999945,1,2,1.0
730,1,1736.71,958.68,50.51999999999998,62.07000000000005,1,2,1.0
730,2,1912.26,787.71,51.47000000000003,45.75,1,2,1.0
731,1,1734.03,958.12,50.3900000000001,62.00999999999999,1,2,1.0
731,2,1908.53,786.34,51.16000000000008,45.93999999999994,1,2,1.0
732,1,1731.36,957.55,50.25,61.960000000000036,1,2,1.0
732,2,1904.81,784.97,50.840000000000146,46.129999999999995,1,2,1.0
733,1,1728.76,957.25,50.1099999999999,61.89999999999998,1,2,1.0
733,2,1901.44,783.76,50.52999999999997,46.32000000000005,1,2,1.0
734,1,1726.15,956.94,49.98000000000002,61.83999999999992,1,2,1.0
734,2,1898.07,782.54,50.210000000000036,46.50999999999999,1,2,1.0
735,1,1723.55,956.63,49.840000000000146,61.789999999999964,1,2,1.0
735,2,1894.7,781.32,49.88999999999987,46.69999999999993,1,2,1.0
736,1,1720.94,956.32,49.72000000000003,61.739999999999895,1,2,1.0
736,2,1891.32,780.1,49.580000000000155,46.889999999999986,1,2,1.0
737,1,1718.34,956.02,49.580000000000155,61.67000000000007,1,2,1.0
737,2,1887.95,778.88,49.25999999999999,47.08000000000004,1,2,1.0
738,1,1715.73,955.71,49.450000000000045,61.620000000000005,1,2,1.0
738,2,1884.58,777.66,48.940000000000055,47.280000000000086,1,2,1.0
739,1,1713.13,955.4,49.309999999999945,61.56000000000006,1,2,1.0
739,2,1881.21,776.44,48.62999999999988,47.469999999999914,1,2,1.0
740,1,1709.33,955.37,49.180000000000064,61.50999999999999,1,2,1.0
740,2,1876.37,775.57,48.31000000000017,47.65999999999997,1,2,1.0
741,1,1705.54,955.34,49.039999999999964,61.44999999999993,1,2,1.0
741,2,1871.53,774.7,47.99000000000001,47.84999999999991,1,2,1.0
742,1,1701.74,955.3,48.91000000000008,61.40000000000009,1,2,1.0
742,2,1866.69,773.83,47.679999999999836,48.049999999999955,1,2,1.0
743,1,1697.94,955.27,48.77999999999997,61.34000000000003,1,2,1.0
743,2,1861.85,772.96,47.36000000000013,48.24000000000001,1,2,1.0
744,1,1694.15,955.24,48.62999999999988,61.27999999999997,1,2,1.0
744,2,1857.01,772.09,47.049999999999955,48.42999999999995,1,2,1.0
745,1,1690.35,955.21,48.5,61.219999999999914,1,2,1.0
745,2,1852.17,771.23,46.73000000000002,48.610000000000014,1,2,1.0
746,1,1686.55,955.17,48.37000000000012,61.17000000000007,1,2,1.0
746,2,1847.33,770.36,46.42000000000007,48.809999999999945,1,2,1.0
747,1,1682.75,955.14,48.24000000000001,61.120000000000005,1,2,1.0
747,2,1842.49,769.49,46.09999999999991,49.0,1,2,1.0
748,1,1677.59,955.11,48.100000000000136,61.059999999999945,1,2,1.0
748,2,1836.29,768.39,45.77999999999997,49.190000000000055,1,2,1.0
749,1,1672.43,955.07,47.97000000000003,61.00999999999999,1,2,1.0
749,2,1830.08,767.29,45.460000000000036,49.389999999999986,1,2,1.0
750,1,1667.26,955.04,47.83999999999992,60.950000000000045,1,2,1.0
750,2,1823.87,766.2,45.15000000000009,49.569999999999936,1,2,1.0
751,1,1662.1,955.01,47.700000000000045,60.889999999999986,1,2,1.0
751,2,1817.67,765.1,44.82999999999993,49.76999999999998,1,2,1.0
752,1,1657.03,955.11,47.63000000000011,60.91999999999996,1,2,1.0
752,2,1811.3,764.42,44.539999999999964,49.85000000000002,1,2,1.0
753,1,1651.96,955.21,47.569999999999936,60.93999999999994,1,2,1.0
753,2,1804.94,763.74,44.24000000000001,49.91999999999996,1,2,1.0
754,1,1646.88,955.31,47.50999999999999,60.97000000000003,1,2,1.0
754,2,1798.58,763.06,43.940000000000055,50.0,1,2,1.0
755,1,1641.81,955.41,47.440000000000055,61.0,1,2,1.0
755,2,1792.22,762.38,43.62999999999988,50.08000000000004,1,2,1.0
756,1,1636.74,955.51,47.37999999999988,61.01999999999998,1,2,1.0
756,2,1785.85,761.69,43.340000000000146,50.16999999999996,1,2,1.0
757,1,1631.67,955.9,47.319999999999936,61.06000000000006,1,2,1.0
757,2,1779.66,761.59,43.039999999999964,50.25,1,2,1.0
758,1,1626.61,956.3,47.25,61.08000000000004,1,2,1.0
758,2,1773.47,761.49,42.74000000000001,50.33000000000004,1,2,1.0
759,1,1621.54,956.7,47.190000000000055,61.09999999999991,1,2,1.0
759,2,1767.27,761.39,42.450000000000045,50.40999999999997,1,2,1.0
760,1,1616.47,957.09,47.11999999999989,61.139999999999986,1,2,1.0
760,2,1761.08,761.29,42.1400000000001,50.48000000000002,1,2,1.0
761,1,1611.41,957.49,47.049999999999955,61.15999999999997,1,2,1.0
761,2,1754.88,761.19,41.84999999999991,50.559999999999945,1,2,1.0
762,1,1606.34,957.89,46.99000000000001,61.180000000000064,1,2,1.0
762,2,1748.69,761.09,41.549999999999955,50.639999999999986,1,2,1.0
763,1,1601.28,958.28,46.92000000000007,61.22000000000003,1,2,1.0
763,2,1742.5,760.99,41.24000000000001,50.72000000000003,1,2,1.0
764,1,1596.21,958.68,46.8599999999999,61.24000000000001,1,2,1.0
764,2,1736.3,760.89,40.950000000000045,50.80000000000007,1,2,1.0
765,1,1591.15,959.08,46.789999999999964,61.25999999999999,1,2,1.0
765,2,1730.11,760.79,40.65000000000009,50.879999999999995,1,2,1.0
766,1,1586.08,959.48,46.73000000000002,61.289999999999964,1,2,1.0
766,2,1723.91,760.69,40.3599999999999,50.95999999999992,1,2,1.0
767,1,1581.2,960.28,46.669999999999845,61.32000000000005,1,2,1.0
767,2,1718.38,761.33,40.049999999999955,51.039999999999964,1,2,1.0
768,1,1576.31,961.08,46.61000000000013,61.34999999999991,1,2,1.0
768,2,1712.85,761.97,39.75,51.110000000000014,1,2,1.0
769,1,1571.43,961.89,46.539999999999964,61.370000000000005,1,2,1.0
769,2,1707.31,762.61,39.460000000000036,51.18999999999994,1,2,1.0
770,1,1566.54,962.69,46.48000000000002,61.399999999999864,1,2,1.0
770,2,1701.0,762.86,39.16000000000008,51.26999999999998,1,2,1.0
771,1,1561.66,963.49,46.409999999999854,61.430000000000064,1,2,1.0
771,2,1694.7,763.11,38.8599999999999,51.35000000000002,1,2,1.0
772,1,1556.78,964.3,46.33999999999992,61.450000000000045,1,2,1.0
772,2,1688.39,763.36,38.559999999999945,51.43999999999994,1,2,1.0
773,1,1551.89,965.1,46.289999999999964,61.479999999999905,1,2,1.0
773,2,1682.08,763.61,38.25999999999999,51.51999999999998,1,2,1.0
774,1,1547.01,965.9,46.22000000000003,61.510000000000105,1,2,1.0
774,2,1675.77,763.87,37.960000000000036,51.59000000000003,1,2,1.0
775,1,1542.12,966.71,46.16000000000008,61.52999999999997,1,2,1.0
775,2,1669.46,764.12,37.67000000000007,51.66999999999996,1,2,1.0
776,1,1537.24,967.51,46.08999999999992,61.549999999999955,1,2,1.0
776,2,1663.15,764.37,37.36999999999989,51.75,1,2,1.0
777,1,1534.37,968.27,46.0300000000002,61.58999999999992,1,2,1.0
777,2,1659.29,764.74,37.069999999999936,51.83000000000004,1,2,1.0
778,1,1531.5,969.04,45.960000000000036,61.61000000000013,1,2,1.0
778,2,1655.43,765.11,36.76999999999998,51.89999999999998,1,2,1.0
779,1,1528.63,969.81,45.899999999999864,61.63000000000011,1,2,1.0
779,2,1651.57,765.47,36.47000000000003,51.99000000000001,1,2,1.0
780,1,1525.76,970.57,45.83999999999992,61.65999999999997,1,2,1.0
780,2,1647.71,765.84,36.17000000000007,52.069999999999936,1,2,1.0
781,1,1525.26,971.34,45.76999999999998,61.68999999999994,1,2,1.0
781,2,1646.22,766.21,35.86999999999989,52.14999999999998,1,2,1.0
782,1,1524.77,972.1,45.700000000000045,61.719999999999914,1,2,1.0
782,2,1644.73,766.58,35.57999999999993,52.219999999999914,1,2,1.0
783,1,1524.27,972.87,45.6400000000001,61.739999999999895,1,2,1.0
783,2,1643.24,766.95,35.27999999999997,52.299999999999955,1,2,1.0
784,1,1526.67,973.63,45.57999999999993,61.770000000000095,1,2,1.0
784,2,1645.43,767.31,34.98000000000002,52.3900000000001,1,2,1.0
785,1,1529.08,974.4,45.50999999999999,61.80000000000007,1,2,1.0
785,2,1647.62,767.68,34.680000000000064,52.460000000000036,1,2,1.0
786,1,1531.49,975.17,45.440000000000055,61.82000000000005,1,2,1.0
786,2,1649.81,768.05,34.38000000000011,52.54000000000008,1,2,1.0
787,1,1536.24,975.17,45.3900000000001,61.84000000000003,1,2,1.0
787,2,1653.55,768.01,34.080000000000155,52.620000000000005,1,2,1.0
788,1,1541.0,975.16,45.319999999999936,61.879999999999995,1,2,1.0
788,2,1657.3,767.97,33.77999999999997,52.69999999999993,1,2,1.0
789,1,1545.75,975.16,45.25999999999999,61.89999999999998,1,2,1.0
789,2,1661.05,767.93,33.48000000000002,52.780000000000086,1,2,1.0
790,1,1550.51,975.16,45.190000000000055,61.92999999999995,1,2,1.0
790,2,1664.79,767.89,33.190000000000055,52.860000000000014,1,2,1.0
791,1,1555.26,975.99,45.13000000000011,61.960000000000036,1,2,1.0
791,2,1669.09,768.41,32.8900000000001,52.940000000000055,1,2,1.0
792,1,1560.02,976.82,45.059999999999945,61.979999999999905,1,2,1.0
792,2,1673.39,768.93,32.58999999999992,53.010000000000105,1,2,1.0
793,1,1564.77,977.65,45.0,62.010000000000105,1,2,1.0
793,2,1677.69,769.44,32.289999999999964,53.09999999999991,1,2,1.0
794,1,1569.53,978.48,44.930000000000064,62.039999999999964,1,2,1.0
794,2,1682.0,769.96,31.99000000000001,53.16999999999996,1,2,1.0
795,1,1574.28,979.32,44.87000000000012,62.06000000000006,1,2,1.0
795,2,1686.3,770.47,31.690000000000055,53.25999999999999,1,2,1.0
796,1,1579.04,980.15,44.799999999999955,62.08000000000004,1,2,1.0
796,2,1690.6,770.99,31.3900000000001,53.33000000000004,1,2,1.0
797,1,1583.8,980.98,44.74000000000001,62.1099999999999,1,2,1.0
797,2,1694.9,771.51,31.089999999999918,53.40999999999997,1,2,1.0
798,1,1588.55,981.81,44.680000000000064,62.1400000000001,1,2,1.0
798,2,1699.2,772.02,30.789999999999964,53.49000000000001,1,2,1.0
799,1,1593.31,982.64,44.61000000000013,62.16999999999996,1,2,1.0
799,2,1703.5,772.54,30.5,53.57000000000005,1,2,1.0
800,1,1598.06,983.47,44.549999999999955,62.190000000000055,1,2,1.0
800,2,1707.8,773.05,30.200000000000045,53.65000000000009,1,2,1.0
801,1,1602.82,984.3,44.48000000000002,62.22000000000003,1,2,1.0
801,2,1712.1,773.57,29.90000000000009,53.729999999999905,1,2,1.0
802,1,1606.24,985.26,44.440000000000055,62.25,1,2,1.0
802,2,1715.2,774.82,29.779999999999973,53.789999999999964,1,2,1.0
803,1,1609.66,986.22,44.38999999999987,62.26999999999998,1,2,1.0
803,2,1718.29,776.07,29.660000000000082,53.84999999999991,1,2,1.0
804,1,1613.08,987.18,44.350000000000136,62.30000000000007,1,2,1.0
804,2,1721.39,777.32,29.539999999999964,53.91999999999996,1,2,1.0
805,1,1615.44,989.04,44.299999999999955,62.319999999999936,1,2,1.0
805,2,1722.89,778.39,29.419999999999845,53.98000000000002,1,2,1.0
806,1,1617.8,990.89,44.25999999999999,62.35000000000002,1,2,1.0
806,2,1724.39,779.47,29.299999999999955,54.039999999999964,1,2,1.0
807,1,1620.16,992.75,44.20999999999981,62.38000000000011,1,2,1.0
807,2,1725.89,780.54,29.179999999999836,54.110000000000014,1,2,1.0
808,1,1622.52,994.61,44.17000000000007,62.39999999999998,1,2,1.0
808,2,1727.39,781.62,29.059999999999945,54.16999999999996,1,2,1.0
809,1,1624.88,996.47,44.12999999999988,62.430000000000064,1,2,1.0
809,2,1728.89,782.69,28.939999999999827,54.239999999999895,1,2,1.0
810,1,1627.24,998.33,44.07999999999993,62.44999999999993,1,2,1.0
810,2,1730.39,783.77,28.819999999999936,54.289999999999964,1,2,1.0
811,1,1629.61,1000.19,44.0300000000002,62.48000000000002,1,2,1.0
811,2,1731.89,784.84,28.699999999999818,54.360000000000014,1,2,1.0
812,1,1631.97,1002.04,43.99000000000001,62.50999999999999,1,2,1.0
812,2,1733.39,785.92,28.579999999999927,54.42000000000007,1,2,1.0
813,1,1633.84,1003.29,44.49000000000001,62.940000000000055,1,2,1.0
813,2,1734.81,787.6,28.460000000000036,54.49000000000001,1,2,1.0
814,1,1635.71,1004.53,45.0,63.38000000000011,1,2,1.0
814,2,1736.23,789.29,28.339999999999918,54.55000000000007,1,2,1.0
815,1,1637.58,1005.77,45.5,63.819999999999936,1,2,1.0
815,2,1737.64,790.98,28.2199999999998,54.610000000000014,1,2,1.0
816,1,1639.45,1007.01,46.0,64.26999999999998,1,2,1.0
816,2,1739.06,792.67,28.100000000000136,54.67000000000007,1,2,1.0
817,1,1641.32,1008.26,46.50999999999999,64.70000000000005,1,2,1.0
817,2,1740.48,794.35,27.980000000000018,54.74000000000001,1,2,1.0
818,1,1643.19,1009.5,47.00999999999999,65.1400000000001,1,2,1.0
818,2,1741.89,796.04,27.8599999999999,54.80000000000007,1,2,1.0
819,1,1645.06,1011.78,46.1400000000001,64.53999999999996,1,2,1.0
819,2,1743.31,797.73,27.74000000000001,54.860000000000014,1,2,1.0
820,1,1646.93,1014.05,45.27999999999997,63.950000000000045,1,2,1.0
820,2,1744.73,799.42,27.61999999999989,54.92000000000007,1,2,1.0
821,1,1648.8,1016.33,44.41000000000008,63.35000000000002,1,2,1.0
821,2,1746.15,801.1,27.5,54.99000000000001,1,2,1.0
822,1,1650.67,1018.6,43.539999999999964,62.76999999999987,1,2,1.0
822,2,1747.56,802.79,27.38000000000011,55.05000000000007,1,2,1.0
823,1,1652.57,1020.6,43.5,62.79000000000008,1,2,1.0
823,2,1748.61,804.3,27.25999999999999,55.110000000000014,1,2,1.0
824,1,1654.48,1022.61,43.450000000000045,62.81000000000006,1,2,1.0
824,2,1749.66,805.8,27.139999999999873,55.180000000000064,1,2,1.0
825,1,1656.38,1024.61,43.409999999999854,62.840000000000146,1,2,1.0
825,2,1750.72,807.31,27.019999999999982,55.24000000000001,1,2,1.0
826,1,1658.29,1026.61,43.36000000000013,62.87000000000012,1,2,1.0
826,2,1751.77,808.82,26.90000000000009,55.299999999999955,1,2,1.0
827,1,1660.19,1028.62,43.319999999999936,62.8900000000001,1,2,1.0
827,2,1752.82,810.32,26.779999999999973,55.370000000000005,1,2,1.0
828,1,1662.09,1030.62,43.27999999999997,62.92000000000007,1,2,1.0
828,2,1753.87,811.83,26.660000000000082,55.42999999999995,1,2,1.0
829,1,1664.0,1032.62,43.23000000000002,62.950000000000045,1,2,1.0
829,2,1754.92,813.34,26.539999999999964,55.49000000000001,1,2,1.0
830,1,1665.9,1034.62,43.18999999999983,62.97000000000003,1,2,1.0
830,2,1755.97,814.84,26.420000000000073,55.559999999999945,1,2,1.0
831,1,1667.8,1036.63,43.1400000000001,62.98999999999978,1,2,1.0
831,2,1757.02,816.35,26.299999999999955,55.620000000000005,1,2,1.0
832,1,1669.18,1038.76,43.09999999999991,63.01999999999998,1,2,1.0
832,2,1758.62,818.12,26.180000000000064,55.67999999999995,1,2,1.0
833,1,1670.56,1040.89,43.049999999999955,63.049999999999955,1,2,1.0
833,2,1760.23,819.89,26.059999999999945,55.74000000000001,1,2,1.0
834,1,1671.94,1043.03,43.00999999999999,63.069999999999936,1,2,1.0
834,2,1760.92,821.66,25.939999999999827,55.80000000000007,1,2,1.0
835,1,1673.32,1045.16,42.960000000000036,63.09999999999991,1,2,1.0
835,2,1761.62,823.42,25.820000000000164,55.879999999999995,1,2,1.0
836,1,1674.7,1047.29,42.919999999999845,63.13000000000011,1,2,1.0
836,2,1762.32,825.19,25.700000000000045,55.93999999999994,1,2,1.0
837,1,1676.08,1049.43,42.87000000000012,63.149999999999864,1,2,1.0
837,2,1763.02,826.96,25.579999999999927,56.0,1,2,1.0
838,1,1677.46,1051.56,42.82999999999993,63.180000000000064,1,2,1.0
838,2,1763.72,828.73,25.460000000000036,56.059999999999945,1,2,1.0
839,1,1678.84,1053.7,42.77999999999997,63.200000000000045,1,2,1.0
839,2,1764.42,830.5,25.339999999999918,56.120000000000005,1,2,1.0
840,1,1680.22,1055.83,42.74000000000001,63.23000000000002,1,2,1.0
840,2,1765.12,832.27,25.220000000000027,56.180000000000064,1,2,1.0
841,1,1681.6,1057.96,42.690000000000055,63.25999999999999,1,2,1.0
841,2,1765.81,834.04,25.100000000000136,56.24000000000001,1,2,1.0
842,1,1682.98,1060.1,42.65000000000009,63.2800000000002,1,2,1.0
842,2,1766.51,835.8,24.980000000000018,56.32000000000005,1,2,1.0
843,1,1684.36,1062.23,42.600000000000136,63.309999999999945,1,2,1.0
843,2,1767.21,837.57,24.8599999999999,56.379999999999995,1,2,1.0
844,1,1685.74,1064.36,42.559999999999945,63.340000000000146,1,2,1.0
844,2,1767.91,839.34,24.74000000000001,56.43999999999994,1,2,1.0
845,1,1687.12,1066.5,42.51000000000022,63.3599999999999,1,2,1.0
845,2,1768.61,841.11,24.62000000000012,56.5,1,2,1.0
846,1,1688.5,1068.63,42.47000000000003,63.38999999999987,1,2,1.0
846,2,1769.31,842.88,24.5,56.56000000000006,1,2,1.0
847,1,1689.88,1070.77,42.419999999999845,63.41000000000008,1,2,1.0
847,2,1770.01,844.65,24.38000000000011,56.620000000000005,1,2,1.0
848,1,1691.26,1072.9,42.38000000000011,63.43999999999983,1,2,1.0
848,2,1770.7,846.42,24.25999999999999,56.690000000000055,1,2,1.0
849,1,1692.64,1075.03,42.32999999999993,63.47000000000003,1,2,1.0
849,2,1771.4,848.18,24.139999999999873,56.760000000000105,1,2,1.0
850,1,1694.02,1077.17,42.289999999999964,63.49000000000001,1,2,1.0
850,2,1772.1,849.95,24.019999999999982,56.819999999999936,1,2,1.0
851,1,1695.4,1079.3,42.24000000000001,63.51999999999998,1,2,1.0
851,2,1772.8,851.72,23.90000000000009,56.879999999999995,1,2,1.0
852,1,1696.76,1081.91,42.16000000000008,63.82999999999993,1,2,1.0
852,2,1772.94,854.14,24.019999999999982,56.879999999999995,1,2,1.0
853,1,1698.11,1084.52,42.080000000000155,64.15000000000009,1,2,1.0
853,2,1773.08,856.56,24.13000000000011,56.88000000000011,1,2,1.0
854,1,1699.47,1087.13,41.99000000000001,64.4699999999998,1,2,1.0
854,2,1773.22,858.97,24.25,56.889999999999986,1,2,1.0
855,1,1700.82,1089.74,41.91000000000008,64.78999999999996,1,2,1.0
855,2,1773.35,861.39,24.37000000000012,56.879999999999995,1,2,1.0
856,1,1700.92,1091.94,41.82999999999993,65.1099999999999,1,2,1.0
856,2,1772.49,863.15,24.49000000000001,56.889999999999986,1,2,1.0
857,1,1701.02,1094.14,41.74000000000001,65.42999999999984,1,2,1.0
857,2,1771.62,864.91,24.610000000000127,56.889999999999986,1,2,1.0
858,1,1701.12,1096.35,41.66000000000008,65.74000000000001,1,2,1.0
858,2,1770.76,866.67,24.720000000000027,56.889999999999986,1,2,1.0
859,1,1701.22,1098.55,41.569999999999936,66.05999999999995,1,2,1.0
859,2,1769.89,868.42,24.839999999999918,56.90000000000009,1,2,1.0
860,1,1701.32,1101.28,41.49000000000001,66.38000000000011,1,2,1.0
860,2,1769.03,870.71,24.950000000000045,56.89999999999998,1,2,1.0
861,1,1701.42,1104.02,41.409999999999854,66.70000000000005,1,2,1.0
861,2,1768.16,873.0,25.069999999999936,56.89999999999998,1,2,1.0
862,1,1701.52,1106.75,41.319999999999936,67.01999999999998,1,2,1.0
862,2,1767.29,875.3,25.190000000000055,56.90000000000009,1,2,1.0
863,1,1701.62,1109.49,41.24000000000001,67.32999999999993,1,2,1.0
863,2,1766.43,877.59,25.309999999999945,56.89999999999998,1,2,1.0
864,1,1701.72,1112.22,41.149999999999864,67.66000000000008,1,2,1.0
864,2,1765.56,879.88,25.430000000000064,56.89999999999998,1,2,1.0
865,1,1701.82,1114.96,41.070000000000164,67.97000000000003,1,2,1.0
865,2,1764.7,882.17,25.539999999999964,56.90000000000009,1,2,1.0
866,1,1701.92,1117.69,40.98000000000002,68.28999999999996,1,2,1.0
866,2,1763.83,884.46,25.660000000000082,56.90999999999997,1,2,1.0
867,1,1702.02,1120.43,40.90000000000009,68.6099999999999,1,2,1.0
867,2,1762.97,886.75,25.769999999999982,56.90999999999997,1,2,1.0
868,1,1702.12,1123.16,40.820000000000164,68.92999999999984,1,2,1.0
868,2,1762.1,889.04,25.8900000000001,56.91000000000008,1,2,1.0
869,1,1702.22,1125.9,40.73000000000002,69.24000000000001,1,2,1.0
869,2,1761.23,891.33,26.019999999999982,56.90999999999997,1,2,1.0
870,1,1702.32,1128.63,40.65000000000009,69.55999999999995,1,2,1.0
870,2,1760.37,893.62,26.13000000000011,56.91999999999996,1,2,1.0
871,1,1702.42,1131.36,40.559999999999945,69.8900000000001,1,2,1.0
871,2,1759.5,895.91,26.25,56.92000000000007,1,2,1.0
872,1,1702.51,1134.1,40.49000000000001,70.20000000000005,1,2,1.0
872,2,1758.64,898.2,26.3599999999999,56.91999999999996,1,2,1.0
873,1,1702.69,1136.98,40.649999999999864,69.87999999999988,1,2,1.0
873,2,1757.82,900.56,26.519999999999982,57.030000000000086,1,2,1.0
874,1,1702.87,1139.86,40.81000000000017,69.56000000000017,1,2,1.0
874,2,1757.01,902.91,26.670000000000073,57.16000000000008,1,2,1.0
875,1,1703.04,1142.74,40.98000000000002,69.24000000000001,1,2,1.0
875,2,1756.19,905.27,26.829999999999927,57.26999999999998,1,2,1.0
876,1,1703.22,1145.62,41.13999999999987,68.92000000000007,1,2,1.0
876,2,1755.37,907.62,26.99000000000001,57.39999999999998,1,2,1.0
877,1,1703.4,1148.5,41.299999999999955,68.59999999999991,1,2,1.0
877,2,1754.56,909.98,27.1400000000001,57.50999999999999,1,2,1.0
878,1,1703.36,1151.78,41.080000000000155,68.47000000000003,1,2,1.0
878,2,1753.74,912.34,27.299999999999955,57.620000000000005,1,2,1.0
879,1,1703.33,1155.06,40.840000000000146,68.34000000000015,1,2,1.0
879,2,1752.93,914.69,27.450000000000045,57.75,1,2,1.0
880,1,1703.29,1158.34,40.62000000000012,68.21000000000004,1,2,1.0
880,2,1752.11,917.05,27.610000000000127,57.860000000000014,1,2,1.0
881,1,1703.26,1161.61,40.38000000000011,68.09000000000015,1,2,1.0
881,2,1751.29,919.4,27.769999999999982,57.99000000000001,1,2,1.0
882,1,1703.23,1164.89,40.15000000000009,67.95999999999981,1,2,1.0
882,2,1750.48,921.76,27.920000000000073,58.10000000000002,1,2,1.0
883,1,1703.19,1168.17,39.919999999999845,67.82999999999993,1,2,1.0
883,2,1749.66,924.11,28.079999999999927,58.22000000000003,1,2,1.0
884,1,1703.7,1171.45,39.690000000000055,67.70000000000005,1,2,1.0
884,2,1749.2,926.83,28.24000000000001,58.33999999999992,1,2,1.0
885,1,1704.21,1174.73,39.460000000000036,67.56999999999994,1,2,1.0
885,2,1748.74,929.54,28.40000000000009,58.460000000000036,1,2,1.0
886,1,1704.72,1178.01,39.22000000000003,67.44000000000005,1,2,1.0
886,2,1748.28,932.25,28.559999999999945,58.58000000000004,1,2,1.0
887,1,1705.22,1181.29,39.0,67.30999999999995,1,2,1.0
887,2,1747.83,934.97,28.700000000000045,58.68999999999994,1,2,1.0
888,1,1705.73,1184.56,38.76999999999998,67.19000000000005,1,2,1.0
888,2,1747.37,937.68,28.860000000000127,58.81000000000006,1,2,1.0
889,1,1706.24,1187.84,38.52999999999997,67.06000000000017,1,2,1.0
889,2,1746.91,940.39,29.019999999999982,58.930000000000064,1,2,1.0
890,1,1706.75,1191.12,38.299999999999955,66.93000000000006,1,2,1.0
890,2,1746.45,943.11,29.180000000000064,59.039999999999964,1,2,1.0
891,1,1707.26,1194.4,38.069999999999936,66.79999999999995,1,2,1.0
891,2,1745.99,945.82,29.329999999999927,59.16999999999996,1,2,1.0
892,1,1707.77,1197.68,37.83999999999992,66.66999999999985,1,2,1.0
892,2,1745.53,948.53,29.49000000000001,59.29000000000008,1,2,1.0
893,1,1708.27,1200.96,37.61000000000013,66.53999999999996,1,2,1.0
893,2,1745.07,951.25,29.65000000000009,59.39999999999998,1,2,1.0
894,1,1708.78,1204.24,37.38000000000011,66.41000000000008,1,2,1.0
894,2,1744.61,953.96,29.810000000000173,59.51999999999998,1,2,1.0
895,1,1709.29,1207.51,37.15000000000009,66.28999999999996,1,2,1.0
895,2,1744.16,956.67,29.949999999999818,59.639999999999986,1,2,1.0
896,1,1709.8,1210.79,36.91000000000008,66.16000000000008,1,2,1.0
896,2,1743.7,959.39,30.1099999999999,59.75,1,2,1.0
897,1,1710.31,1214.07,36.680000000000064,66.02999999999997,1,2,1.0
897,2,1743.24,962.1,30.269999999999982,59.870000000000005,1,2,1.0
898,1,1710.81,1217.35,36.460000000000036,65.90000000000009,1,2,1.0
898,2,1742.78,964.81,30.430000000000064,60.0,1,2,1.0
899,1,1711.32,1220.63,36.23000000000002,65.76999999999998,1,2,1.0
899,2,1742.32,967.52,30.580000000000155,60.12000000000012,1,2,1.0
900,1,1711.83,1223.91,35.99000000000001,65.63999999999987,1,2,1.0
900,2,1741.86,970.24,30.74000000000001,60.23000000000002,1,2,1.0
901,1,1712.34,1227.19,35.75999999999999,65.50999999999999,1,2,1.0
901,2,1741.4,972.95,30.899999999999864,60.34999999999991,1,2,1.0
902,1,1710.57,1225.5,39.02999999999997,71.31999999999994,1,2,1.0
902,2,1740.53,976.17,31.12000000000012,60.35000000000002,1,2,1.0
903,1,1711.24,1228.98,39.02999999999997,71.3599999999999,1,2,1.0
903,2,1739.65,979.38,31.3599999999999,60.360000000000014,1,2,1.0
904,1,1711.91,1232.47,39.02999999999997,71.37999999999988,1,2,1.0
904,2,1738.78,982.6,31.579999999999927,60.360000000000014,1,2,1.0
905,1,1712.57,1235.95,39.02999999999997,71.41999999999985,1,2,1.0
905,2,1737.91,985.81,31.799999999999955,60.37000000000012,1,2,1.0
906,1,1713.24,1239.43,39.02999999999997,71.45000000000005,1,2,1.0
906,2,1737.03,989.03,32.02999999999997,60.37000000000012,1,2,1.0
907,1,1712.88,1242.93,39.02999999999997,71.48000000000002,1,2,1.0
907,2,1735.74,992.12,32.25999999999999,60.379999999999995,1,2,1.0
908,1,1712.52,1246.42,39.02999999999997,71.51999999999998,1,2,1.0
908,2,1734.45,995.2,32.49000000000001,60.38999999999987,1,2,1.0
909,1,1712.16,1249.92,39.02999999999997,71.53999999999996,1,2,1.0
909,2,1733.16,998.29,32.70999999999981,60.40000000000009,1,2,1.0
910,1,1711.8,1253.42,39.01999999999998,71.56999999999994,1,2,1.0
910,2,1731.87,1001.38,32.940000000000055,60.39999999999998,1,2,1.0
911,1,1711.44,1256.91,39.01999999999998,71.6099999999999,1,2,1.0
911,2,1730.58,1004.47,33.17000000000007,60.41000000000008,1,2,1.0
912,1,1711.01,1261.0,39.01999999999998,71.6400000000001,1,2,1.0
912,2,1728.68,1007.84,33.38999999999987,60.40999999999997,1,2,1.0
913,1,1710.58,1265.1,39.01999999999998,71.67000000000007,1,2,1.0
913,2,1726.77,1011.2,33.62000000000012,60.419999999999845,1,2,1.0
914,1,1710.15,1269.19,39.01999999999998,71.70000000000005,1,2,1.0
914,2,1724.87,1014.57,33.840000000000146,60.41999999999996,1,2,1.0
915,1,1709.72,1273.28,39.01999999999998,71.73000000000002,1,2,1.0
915,2,1722.96,1017.94,34.069999999999936,60.419999999999845,1,2,1.0
916,1,1709.29,1277.37,39.01999999999998,71.77000000000021,1,2,1.0
916,2,1721.05,1021.3,34.299999999999955,60.440000000000055,1,2,1.0
917,1,1708.86,1281.47,39.02000000000021,71.78999999999996,1,2,1.0
917,2,1719.15,1024.67,34.51999999999998,60.43999999999983,1,2,1.0
918,1,1707.64,1285.14,39.01999999999998,72.16999999999985,1,2,1.0
918,2,1716.79,1028.01,34.75,60.440000000000055,1,2,1.0
919,1,1706.41,1288.82,39.01999999999998,72.53999999999996,1,2,1.0
919,2,1714.44,1031.34,34.98000000000002,60.450000000000045,1,2,1.0
920,1,1705.19,1292.5,39.01999999999998,72.92000000000007,1,2,1.0
920,2,1712.09,1034.68,35.200000000000045,60.460000000000036,1,2,1.0
921,1,1703.96,1296.17,39.01999999999998,73.29999999999995,1,2,1.0
921,2,1709.74,1038.02,35.430000000000064,60.460000000000036,1,2,1.0
922,1,1702.74,1299.85,39.01999999999998,73.67000000000007,1,2,1.0
922,2,1707.38,1041.35,35.659999999999854,60.47000000000003,1,2,1.0
923,1,1701.52,1303.52,39.00999999999999,74.04999999999995,1,2,1.0
923,2,1705.03,1044.69,35.88000000000011,60.47000000000003,1,2,1.0
924,1,1700.29,1307.2,39.01999999999998,74.41999999999985,1,2,1.0
924,2,1702.68,1048.03,36.1099999999999,60.48000000000002,1,2,1.0
925,1,1697.3,1311.11,39.00999999999999,74.37000000000012,1,2,1.0
925,2,1698.12,1050.99,36.330000000000155,60.49000000000001,1,2,1.0
926,1,1694.3,1315.03,39.01999999999998,74.29999999999995,1,2,1.0
926,2,1693.55,1053.95,36.569999999999936,60.49000000000001,1,2,1.0
927,1,1691.31,1318.94,39.00999999999999,74.25,1,2,1.0
927,2,1688.99,1056.92,36.789999999999964,60.49000000000001,1,2,1.0
928,1,1688.31,1322.85,39.00999999999999,74.19000000000005,1,2,1.0
928,2,1684.43,1059.88,37.00999999999999,60.5,1,2,1.0
929,1,1685.31,1326.77,39.01999999999998,74.13000000000011,1,2,1.0
929,2,1679.87,1062.84,37.24000000000001,60.50999999999999,1,2,1.0
930,1,1682.52,1330.87,39.00999999999999,74.08000000000015,1,2,1.0
930,2,1675.5,1066.8,37.47000000000003,60.50999999999999,1,2,1.0
931,1,1679.72,1334.98,39.01999999999998,74.01999999999998,1,2,1.0
931,2,1671.14,1070.76,37.68999999999983,60.51999999999998,1,2,1.0
932,1,1676.93,1339.08,39.00999999999999,73.96000000000004,1,2,1.0
932,2,1666.78,1074.72,37.92000000000007,60.52999999999997,1,2,1.0
933,1,1674.13,1343.19,39.00999999999999,73.89999999999986,1,2,1.0
933,2,1662.41,1078.68,38.149999999999864,60.52999999999997,1,2,1.0
934,1,1671.33,1347.3,39.00999999999999,73.84000000000015,1,2,1.0
934,2,1658.05,1082.64,38.37000000000012,60.539999999999964,1,2,1.0
935,1,1668.54,1351.4,39.00999999999999,73.78999999999996,1,2,1.0
935,2,1653.69,1086.6,38.59999999999991,60.54000000000019,1,2,1.0
936,1,1665.74,1355.51,39.00999999999999,73.73000000000002,1,2,1.0
936,2,1649.32,1090.56,38.830000000000155,60.549999999999955,1,2,1.0
937,1,1662.95,1359.61,39.0,73.67000000000007,1,2,1.0
937,2,1644.96,1094.52,39.049999999999955,60.559999999999945,1,2,1.0
938,1,1660.15,1364.36,39.00999999999999,73.61000000000013,1,2,1.0
938,2,1640.6,1098.48,39.2800000000002,60.559999999999945,1,2,1.0
939,1,1657.35,1369.1,39.00999999999999,73.56000000000017,1,2,1.0
939,2,1636.23,1102.44,39.50999999999999,60.569999999999936,1,2,1.0
940,1,1654.56,1373.85,39.0,73.49000000000001,1,2,1.0
940,2,1631.87,1106.4,39.73000000000002,60.569999999999936,1,2,1.0
941,1,1651.76,1378.59,39.00999999999999,73.44000000000005,1,2,1.0
941,2,1627.51,1110.37,39.960000000000036,60.570000000000164,1,2,1.0
942,1,1648.96,1383.33,39.00999999999999,73.3900000000001,1,2,1.0
942,2,1623.14,1114.33,40.18999999999983,60.580000000000155,1,2,1.0
943,1,1646.17,1388.08,39.0,73.33000000000015,1,2,1.0
943,2,1618.78,1118.29,40.41000000000008,60.57999999999993,1,2,1.0
944,1,1643.37,1392.82,39.01000000000022,73.26999999999998,1,2,1.0
944,2,1614.42,1122.25,40.63999999999987,60.58999999999992,1,2,1.0
945,1,1640.58,1397.57,39.0,73.21000000000004,1,2,1.0
945,2,1610.05,1126.21,40.87000000000012,60.58999999999992,1,2,1.0
946,1,1637.78,1402.31,39.0,73.16000000000008,1,2,1.0
946,2,1605.69,1130.17,41.08999999999992,60.59999999999991,1,2,1.0
947,1,1634.98,1407.06,39.00999999999999,73.09000000000015,1,2,1.0
947,2,1601.33,1134.13,41.320000000000164,60.6099999999999,1,2,1.0
948,1,1632.19,1411.8,39.0,73.03999999999996,1,2,1.0
948,2,1596.96,1138.09,41.549999999999955,60.61000000000013,1,2,1.0
949,1,1629.39,1416.54,39.0,72.99000000000001,1,2,1.0
949,2,1592.6,1142.05,41.76999999999998,60.62000000000012,1,2,1.0
950,1,1626.6,1421.29,39.0,72.92000000000007,1,2,1.0
950,2,1588.24,1146.01,42.0,60.62000000000012,1,2,1.0
951,1,1623.8,1426.03,39.0,72.87000000000012,1,2,1.0
951,2,1583.87,1149.97,42.23000000000002,60.62999999999988,1,2,1.0
952,1,1621.2,1430.03,39.22000000000003,73.1400000000001,1,2,1.0
952,2,1579.91,1154.55,42.47000000000003,60.580000000000155,1,2,1.0
953,1,1618.61,1434.03,39.430000000000064,73.41000000000008,1,2,1.0
953,2,1575.95,1159.14,42.700000000000045,60.51999999999998,1,2,1.0
954,1,1616.01,1438.03,39.65000000000009,73.68000000000006,1,2,1.0
954,2,1571.99,1163.73,42.940000000000055,60.460000000000036,1,2,1.0
955,1,1613.87,1441.95,39.86000000000013,73.95000000000005,1,2,1.0
955,2,1569.42,1166.85,43.169999999999845,60.40000000000009,1,2,1.0
956,1,1611.74,1445.88,40.069999999999936,74.20999999999981,1,2,1.0
956,2,1566.84,1169.97,43.42000000000007,60.33999999999992,1,2,1.0
957,1,1609.21,1444.5,40.289999999999964,74.49000000000001,1,2,1.0
957,2,1563.26,1168.64,43.65000000000009,60.289999999999964,1,2,1.0
958,1,1606.68,1443.13,40.50999999999999,74.75999999999999,1,2,1.0
958,2,1559.68,1167.32,43.88999999999987,60.23000000000002,1,2,1.0
959,1,1604.16,1441.76,40.72000000000003,75.02999999999997,1,2,1.0
959,2,1556.09,1166.0,44.13000000000011,60.17000000000007,1,2,1.0
960,1,1601.63,1440.39,40.93999999999983,75.29999999999995,1,2,1.0
960,2,1552.51,1164.67,44.37000000000012,60.11999999999989,1,2,1.0
961,1,1599.1,1439.02,41.16000000000008,75.56999999999994,1,2,1.0
961,2,1548.92,1163.35,44.6099999999999,60.06000000000017,1,2,1.0
962,1,1597.33,1432.04,41.37000000000012,75.84000000000015,1,2,1.0
962,2,1544.71,1156.25,44.83999999999992,60.00999999999999,1,2,1.0
963,1,1595.56,1425.06,41.580000000000155,76.11000000000013,1,2,1.0
963,2,1540.5,1149.15,45.07999999999993,59.94999999999982,1,2,1.0
964,1,1593.78,1418.08,41.799999999999955,76.38000000000011,1,2,1.0
964,2,1536.28,1142.06,45.319999999999936,59.8900000000001,1,2,1.0
965,1,1592.01,1411.1,42.00999999999999,76.65000000000009,1,2,1.0
965,2,1532.07,1134.96,45.549999999999955,59.82999999999993,1,2,1.0
966,1,1590.23,1404.12,42.23000000000002,76.92000000000007,1,2,1.0
966,2,1527.85,1127.86,45.80000000000018,59.7800000000002,1,2,1.0
967,1,1588.85,1394.78,42.440000000000055,77.19000000000005,1,2,1.0
967,2,1524.77,1119.21,46.02999999999997,59.72000000000003,1,2,1.0
968,1,1587.46,1385.45,42.659999999999854,77.46000000000004,1,2,1.0
968,2,1521.69,1110.56,46.26999999999998,59.66000000000008,1,2,1.0
969,1,1586.08,1376.12,42.87000000000012,77.73000000000002,1,2,1.0
969,2,1518.61,1101.91,46.50999999999999,59.59999999999991,1,2,1.0
970,1,1584.69,1366.79,43.08999999999992,78.0,1,2,1.0
970,2,1515.53,1093.25,46.74000000000001,59.549999999999955,1,2,1.0
971,1,1584.21,1357.13,43.309999999999945,78.26999999999998,1,2,1.0
971,2,1513.35,1083.76,46.99000000000001,59.49000000000001,1,2,1.0
972,1,1583.74,1347.48,43.51999999999998,78.53999999999996,1,2,1.0
972,2,1511.18,1074.26,47.22000000000003,59.430000000000064,1,2,1.0
973,1,1583.26,1337.83,43.74000000000001,78.81000000000017,1,2,1.0
973,2,1509.01,1064.76,47.460000000000036,59.38000000000011,1,2,1.0
974,1,1582.78,1328.18,43.960000000000036,79.07999999999993,1,2,1.0
974,2,1506.83,1055.26,47.700000000000045,59.319999999999936,1,2,1.0
975,1,1582.31,1318.53,44.17000000000007,79.35000000000014,1,2,1.0
975,2,1504.66,1045.76,47.93999999999983,59.26999999999998,1,2,1.0
976,1,1580.68,1310.99,44.789999999999964,80.23000000000002,1,2,1.0
976,2,1502.05,1038.38,48.37000000000012,59.51999999999998,1,2,1.0
977,1,1579.04,1303.44,45.42000000000007,81.1099999999999,1,2,1.0
977,2,1499.43,1031.0,48.819999999999936,59.76999999999998,1,2,1.0
978,1,1577.95,1300.24,46.039999999999964,81.98000000000002,1,2,1.0
978,2,1496.82,1023.89,49.25,60.020000000000095,1,2,1.0
979,1,1576.86,1297.03,46.67000000000007,82.87000000000012,1,2,1.0
979,2,1494.2,1021.66,49.700000000000045,60.270000000000095,1,2,1.0
980,1,1575.77,1293.82,47.289999999999964,83.75,1,2,1.0
980,2,1491.58,1019.43,50.1400000000001,60.510000000000105,1,2,1.0
981,1,1574.68,1290.61,47.909999999999854,84.63000000000011,1,2,1.0
981,2,1488.97,1017.2,50.57999999999993,60.75999999999999,1,2,1.0
982,1,1573.59,1287.41,48.54000000000019,85.5,1,2,1.0
982,2,1486.35,1014.97,51.01999999999998,61.00999999999999,1,2,1.0
983,1,1572.5,1284.2,49.16000000000008,86.37999999999988,1,2,1.0
983,2,1483.74,1012.74,51.460000000000036,61.25999999999999,1,2,1.0
984,1,1572.43,1285.28,49.18999999999983,86.3900000000001,1,2,1.0
984,2,1481.43,1014.1,51.6099999999999,61.07000000000005,1,2,1.0
985,1,1572.36,1286.37,49.23000000000002,86.38000000000011,1,2,1.0
985,2,1479.12,1015.46,51.75,60.86999999999989,1,2,1.0
986,1,1571.08,1289.84,49.26999999999998,86.38000000000011,1,2,1.0
986,2,1476.06,1018.61,51.91000000000008,60.67999999999995,1,2,1.0
987,1,1569.81,1293.31,49.299999999999955,86.38000000000011,1,2,1.0
987,2,1473.01,1021.77,52.049999999999955,60.49000000000001,1,2,1.0
988,1,1568.54,1296.78,49.32999999999993,86.38000000000011,1,2,1.0
988,2,1469.95,1024.92,52.200000000000045,60.299999999999955,1,2,1.0
989,1,1567.26,1300.25,49.37000000000012,86.3900000000001,1,2,1.0
989,2,1466.89,1028.08,52.34999999999991,60.100000000000136,1,2,1.0
990,1,1565.99,1303.73,49.40000000000009,86.37999999999988,1,2,1.0
990,2,1463.84,1031.23,52.49000000000001,59.91000000000008,1,2,1.0
991,1,1564.72,1307.2,49.430000000000064,86.37999999999988,1,2,1.0
991,2,1460.78,1034.39,52.65000000000009,59.70999999999981,1,2,1.0
992,1,1561.71,1311.97,49.460000000000036,86.37999999999988,1,2,1.0
992,2,1455.99,1039.06,52.789999999999964,59.51999999999998,1,2,1.0
993,1,1558.7,1316.74,49.5,86.37999999999988,1,2,1.0
993,2,1451.2,1043.73,52.940000000000055,59.32999999999993,1,2,1.0
994,1,1555.69,1321.52,49.52999999999997,86.37000000000012,1,2,1.0
994,2,1446.41,1048.41,53.08999999999992,59.12999999999988,1,2,1.0
995,1,1552.68,1326.29,49.569999999999936,86.38000000000011,1,2,1.0
995,2,1441.62,1053.08,53.24000000000001,58.940000000000055,1,2,1.0
996,1,1549.67,1331.06,49.59999999999991,86.38000000000011,1,2,1.0
996,2,1436.83,1057.75,53.38000000000011,58.75,1,2,1.0
997,1,1546.67,1335.83,49.62999999999988,86.38000000000011,1,2,1.0
997,2,1432.04,1062.43,53.52999999999997,58.549999999999955,1,2,1.0
998,1,1543.66,1340.61,49.659999999999854,86.37000000000012,1,2,1.0
998,2,1427.25,1067.1,53.680000000000064,58.36000000000013,1,2,1.0
999,1,1540.65,1345.38,49.69999999999982,86.37999999999988,1,2,1.0
999,2,1422.46,1071.77,53.82999999999993,58.17000000000007,1,2,1.0
1000,1,1537.64,1350.15,49.72999999999979,86.37999999999988,1,2,1.0
1000,2,1417.67,1076.45,53.97000000000003,57.97000000000003,1,2,1.0
1001,1,1534.63,1354.93,49.76999999999998,86.36999999999989,1,2,1.0
1001,2,1412.88,1081.12,54.11999999999989,57.7800000000002,1,2,1.0
1002,1,1531.64,1358.03,50.07999999999993,86.46000000000004,1,2,1.0
1002,2,1407.71,1084.05,54.42000000000007,57.75,1,2,1.0
1003,1,1528.65,1361.13,50.38999999999987,86.55999999999995,1,2,1.0
1003,2,1402.54,1086.97,54.72000000000003,57.73000000000002,1,2,1.0
1004,1,1525.66,1364.23,50.70999999999981,86.65000000000009,1,2,1.0
1004,2,1397.37,1089.9,55.02000000000021,57.69999999999982,1,2,1.0
1005,1,1521.72,1362.47,51.01999999999998,86.74000000000001,1,2,1.0
1005,2,1391.06,1089.19,55.320000000000164,57.669999999999845,1,2,1.0
1006,1,1517.79,1360.71,51.32999999999993,86.82999999999993,1,2,1.0
1006,2,1384.75,1088.47,55.6099999999999,57.66000000000008,1,2,1.0
1007,1,1513.85,1358.95,51.6400000000001,86.91999999999985,1,2,1.0
1007,2,1378.43,1087.76,55.919999999999845,57.63000000000011,1,2,1.0
1008,1,1509.92,1357.18,51.94999999999982,87.01999999999998,1,2,1.0
1008,2,1372.12,1087.05,56.210000000000036,57.600000000000136,1,2,1.0
1009,1,1505.98,1355.42,52.26999999999998,87.1099999999999,1,2,1.0
1009,2,1365.8,1086.34,56.51999999999998,57.580000000000155,1,2,1.0
1010,1,1501.89,1350.04,52.57999999999993,87.21000000000004,1,2,1.0
1010,2,1358.8,1081.83,56.809999999999945,57.55000000000018,1,2,1.0
1011,1,1497.8,1344.67,52.8900000000001,87.28999999999996,1,2,1.0
1011,2,1351.79,1077.31,57.12000000000012,57.52999999999997,1,2,1.0
1012,1,1493.71,1339.29,53.200000000000045,87.38000000000011,1,2,1.0
1012,2,1344.79,1072.8,57.41000000000008,57.5,1,2,1.0
1013,1,1488.82,1332.13,53.51999999999998,87.47999999999979,1,2,1.0
1013,2,1337.95,1066.53,57.710000000000036,57.47000000000003,1,2,1.0
1014,1,1483.94,1324.97,53.82999999999993,87.56999999999994,1,2,1.0
1014,2,1331.12,1060.26,58.01000000000022,57.450000000000045,1,2,1.0
1015,1,1479.06,1317.8,54.1400000000001,87.67000000000007,1,2,1.0
1015,2,1324.28,1053.99,58.309999999999945,57.42000000000007,1,2,1.0
1016,1,1474.17,1310.64,54.460000000000036,87.75999999999999,1,2,1.0
1016,2,1317.45,1047.72,58.6099999999999,57.399999999999864,1,2,1.0
1017,1,1470.66,1302.05,54.76999999999998,87.85000000000014,1,2,1.0
1017,2,1310.85,1040.15,58.91000000000008,57.37999999999988,1,2,1.0
1018,1,1467.15,1293.46,55.07999999999993,87.94000000000005,1,2,1.0
1018,2,1304.26,1032.59,59.210000000000036,57.350000000000136,1,2,1.0
1019,1,1463.63,1284.87,55.399999999999864,88.04000000000019,1,2,1.0
1019,2,1297.67,1025.02,59.50999999999999,57.319999999999936,1,2,1.0
1020,1,1458.67,1275.75,56.929999999999836,88.11999999999989,1,2,1.0
1020,2,1291.11,1016.85,59.81000000000017,57.29000000000008,1,2,1.0
1021,1,1453.72,1266.63,58.450000000000045,88.20999999999981,1,2,1.0
1021,2,1284.55,1008.67,60.11000000000013,57.270000000000095,1,2,1.0
1022,1,1448.76,1257.51,59.98000000000002,88.29999999999995,1,2,1.0
1022,2,1277.99,1000.5,60.41000000000008,57.24000000000001,1,2,1.0
1023,1,1443.8,1248.38,61.50999999999999,88.39999999999986,1,2,1.0
1023,2,1271.43,992.32,60.710000000000036,57.219999999999914,1,2,1.0
1024,1,1440.7,1239.67,61.649999999999864,88.49000000000001,1,2,1.0
1024,2,1264.09,984.03,61.0,57.200000000000045,1,2,1.0
1025,1,1437.59,1230.95,61.79000000000019,88.57999999999993,1,2,1.0
1025,2,1256.75,975.74,61.299999999999955,57.17000000000007,1,2,1.0
1026,1,1434.49,1222.23,61.930000000000064,88.68000000000006,1,2,1.0
1026,2,1249.4,967.45,61.6099999999999,57.13999999999987,1,2,1.0
1027,1,1431.39,1213.52,62.059999999999945,88.75999999999999,1,2,1.0
1027,2,1242.06,959.16,61.90000000000009,57.120000000000005,1,2,1.0
1028,1,1428.55,1207.04,62.210000000000036,88.86000000000013,1,2,1.0
1028,2,1236.72,953.44,62.200000000000045,57.08999999999992,1,2,1.0
1029,1,1425.72,1200.56,62.34999999999991,88.95000000000005,1,2,1.0
1029,2,1231.37,947.73,62.5,57.059999999999945,1,2,1.0
1030,1,1422.89,1194.08,62.47999999999979,89.03999999999996,1,2,1.0
1030,2,1226.03,942.01,62.799999999999955,57.039999999999964,1,2,1.0
1031,1,1420.97,1192.22,63.430000000000064,89.13999999999987,1,2,1.0
1031,2,1221.52,941.21,63.91000000000008,56.59999999999991,1,2,1.0
1032,1,1419.04,1190.37,64.3900000000001,89.23000000000002,1,2,1.0
1032,2,1217.01,940.41,65.01999999999998,56.17000000000007,1,2,1.0
1033,1,1417.12,1188.51,65.34000000000015,89.31999999999994,1,2,1.0
1033,2,1212.51,939.61,66.12000000000012,55.73000000000002,1,2,1.0
1034,1,1415.2,1186.66,66.28999999999996,89.40999999999985,1,2,1.0
1034,2,1208.0,938.82,67.23000000000002,55.27999999999997,1,2,1.0
1035,1,1416.57,1189.17,67.85000000000014,89.5,1,2,1.0
1035,2,1208.5,941.41,67.33999999999992,55.360000000000014,1,2,1.0
1036,1,1417.93,1191.67,69.41999999999985,89.59999999999991,1,2,1.0
1036,2,1209.0,944.01,67.45000000000005,55.430000000000064,1,2,1.0
1037,1,1419.3,1194.18,70.97000000000003,89.67999999999984,1,2,1.0
1037,2,1209.5,946.6,67.55999999999995,55.5,1,2,1.0
1038,1,1424.6,1199.32,70.58000000000015,89.77999999999997,1,2,1.0
1038,2,1214.28,951.18,67.67000000000007,55.57000000000005,1,2,1.0
1039,1,1429.9,1204.45,70.17999999999984,89.87999999999988,1,2,1.0
1039,2,1219.06,955.75,67.77999999999997,55.639999999999986,1,2,1.0
1040,1,1435.2,1209.59,69.77999999999997,89.97000000000003,1,2,1.0
1040,2,1223.84,960.32,67.8900000000001,55.70999999999992,1,2,1.0
1041,1,1440.5,1214.73,69.38000000000011,90.05999999999995,1,2,1.0
1041,2,1228.62,964.89,68.0,55.77999999999997,1,2,1.0
1042,1,1445.8,1219.87,68.98000000000002,90.15000000000009,1,2,1.0
1042,2,1233.4,969.46,68.09999999999991,55.8599999999999,1,2,1.0
1043,1,1451.1,1225.01,68.59000000000015,90.24000000000001,1,2,1.0
1043,2,1238.18,974.03,68.21000000000004,55.930000000000064,1,2,1.0
1044,1,1456.4,1230.15,68.18999999999983,90.32999999999993,1,2,1.0
1044,2,1242.96,978.6,68.31999999999994,55.999999999999886,1,2,1.0
1045,1,1461.7,1235.29,67.78999999999996,90.42000000000007,1,2,1.0
1045,2,1247.74,983.17,68.43000000000006,56.07000000000005,1,2,1.0
1046,1,1467.0,1240.43,67.3900000000001,90.50999999999999,1,2,1.0
1046,2,1252.52,987.74,68.53999999999996,56.15000000000009,1,2,1.0
1047,1,1472.3,1245.57,66.99000000000001,90.61000000000013,1,2,1.0
1047,2,1257.29,992.32,68.66000000000008,56.20999999999992,1,2,1.0
1048,1,1477.6,1250.71,66.59000000000015,90.70000000000005,1,2,1.0
1048,2,1262.07,996.89,68.75999999999999,56.280000000000086,1,2,1.0
1049,1,1482.9,1255.85,66.19999999999982,90.79000000000019,1,2,1.0
1049,2,1266.85,1001.46,68.87000000000012,56.34999999999991,1,2,1.0
1050,1,1488.2,1260.98,65.79999999999995,90.88999999999987,1,2,1.0
1050,2,1271.63,1006.03,68.97999999999979,56.430000000000064,1,2,1.0
1051,1,1493.5,1266.12,65.40000000000009,90.98000000000002,1,2,1.0
1051,2,1276.41,1010.6,69.08999999999992,56.499999999999886,1,2,1.0
1052,1,1498.83,1271.01,65.56000000000017,91.17000000000007,1,2,1.0
1052,2,1281.54,1015.21,69.19000000000005,56.659999999999854,1,2,1.0
1053,1,1504.16,1275.9,65.72000000000003,91.36999999999989,1,2,1.0
1053,2,1286.66,1019.83,69.29999999999995,56.81000000000006,1,2,1.0
1054,1,1509.5,1280.79,65.86999999999989,91.55999999999995,1,2,1.0
1054,2,1291.78,1024.44,69.41000000000008,56.98000000000002,1,2,1.0
1055,1,1514.83,1285.69,66.02999999999997,91.74000000000001,1,2,1.0
1055,2,1296.91,1029.06,69.5,57.13000000000011,1,2,1.0
1056,1,1520.16,1290.58,66.18999999999983,91.93000000000006,1,2,1.0
1056,2,1302.03,1033.68,69.61000000000013,57.27999999999997,1,2,1.0
1057,1,1525.5,1295.47,66.33999999999992,92.12999999999988,1,2,1.0
1057,2,1307.16,1038.29,69.70999999999981,57.440000000000055,1,2,1.0
1058,1,1530.83,1300.36,66.5,92.32000000000016,1,2,1.0
1058,2,1312.28,1042.91,69.81999999999994,57.59999999999991,1,2,1.0
1059,1,1536.16,1305.25,66.65999999999985,92.50999999999999,1,2,1.0
1059,2,1317.41,1047.52,69.91999999999985,57.75999999999999,1,2,1.0
1060,1,1541.49,1310.14,66.81999999999994,92.70999999999981,1,2,1.0
1060,2,1322.53,1052.14,70.02999999999997,57.909999999999854,1,2,1.0
1061,1,1546.63,1314.74,66.97999999999979,92.90000000000009,1,2,1.0
1061,2,1327.36,1055.98,70.13000000000011,58.069999999999936,1,2,1.0
1062,1,1551.77,1319.34,67.13000000000011,93.09000000000015,1,2,1.0
1062,2,1332.19,1059.82,70.23000000000002,58.23000000000002,1,2,1.0
1063,1,1556.91,1323.94,67.28999999999996,93.27999999999997,1,2,1.0
1063,2,1337.01,1063.67,70.33999999999992,58.37999999999988,1,2,1.0
1064,1,1562.05,1328.53,67.44000000000005,93.48000000000002,1,2,1.0
1064,2,1341.84,1067.51,70.44000000000005,58.549999999999955,1,2,1.0
1065,1,1567.19,1333.13,67.59999999999991,93.66999999999985,1,2,1.0
1065,2,1346.67,1071.36,70.53999999999996,58.700000000000045,1,2,1.0
1066,1,1572.33,1337.73,67.75999999999999,93.8599999999999,1,2,1.0
1066,2,1351.49,1075.2,70.65000000000009,58.8599999999999,1,2,1.0
1067,1,1577.47,1342.33,67.91000000000008,94.06000000000017,1,2,1.0
1067,2,1356.32,1079.04,70.75,59.01999999999998,1,2,1.0
1068,1,1582.61,1346.93,68.07000000000016,94.25,1,2,1.0
1068,2,1361.15,1082.89,70.8599999999999,59.169999999999845,1,2,1.0
1069,1,1587.75,1351.53,68.23000000000002,94.44000000000005,1,2,1.0
1069,2,1365.97,1086.73,70.97000000000003,59.32999999999993,1,2,1.0
1070,1,1592.89,1356.13,68.37999999999988,94.62999999999988,1,2,1.0
1070,2,1370.8,1090.58,71.06999999999994,59.48000000000002,1,2,1.0
1071,1,1598.03,1360.73,68.53999999999996,94.81999999999994,1,2,1.0
1071,2,1375.63,1094.42,71.16999999999985,59.63999999999987,1,2,1.0
1072,1,1603.17,1365.32,68.69999999999982,95.01999999999998,1,2,1.0
1072,2,1380.45,1098.26,71.27999999999997,59.809999999999945,1,2,1.0
1073,1,1608.31,1369.92,68.85000000000014,95.21000000000004,1,2,1.0
1073,2,1385.28,1102.11,71.38000000000011,59.960000000000036,1,2,1.0
1074,1,1613.45,1374.52,69.00999999999999,95.40000000000009,1,2,1.0
1074,2,1390.11,1105.95,71.48000000000002,60.11999999999989,1,2,1.0
1075,1,1618.59,1379.12,69.17000000000007,95.59000000000015,1,2,1.0
1075,2,1394.93,1109.8,71.58999999999992,60.26999999999998,1,2,1.0
1076,1,1623.72,1383.72,69.32999999999993,95.78999999999996,1,2,1.0
1076,2,1399.76,1113.64,71.69000000000005,60.429999999999836,1,2,1.0
1077,1,1628.86,1388.32,69.49000000000001,95.98000000000002,1,2,1.0
1077,2,1404.59,1117.48,71.79000000000019,60.58999999999992,1,2,1.0
1078,1,1634.0,1392.92,69.6400000000001,96.16999999999985,1,2,1.0
1078,2,1409.41,1121.33,71.89999999999986,60.74000000000001,1,2,1.0
1079,1,1639.14,1397.52,69.79999999999995,96.36000000000013,1,2,1.0
1079,2,1414.24,1125.17,72.00999999999999,60.899999999999864,1,2,1.0
1080,1,1644.28,1402.12,69.96000000000004,96.55000000000018,1,2,1.0
1080,2,1419.07,1129.02,72.11000000000013,61.059999999999945,1,2,1.0
1081,1,1649.42,1406.71,70.1099999999999,96.75,1,2,1.0
1081,2,1423.89,1132.86,72.2199999999998,61.22000000000003,1,2,1.0
1082,1,1654.8,1410.99,70.25999999999999,96.94000000000005,1,2,1.0
1082,2,1428.55,1136.62,72.31999999999994,61.38000000000011,1,2,1.0
1083,1,1660.17,1415.27,70.42999999999984,97.13000000000011,1,2,1.0
1083,2,1433.22,1140.38,72.42000000000007,61.539999999999964,1,2,1.0
1084,1,1665.54,1419.54,70.59000000000015,97.32999999999993,1,2,1.0
1084,2,1437.88,1144.15,72.51999999999998,61.68999999999983,1,2,1.0
1085,1,1670.92,1423.82,70.74000000000001,97.50999999999999,1,2,1.0
1085,2,1442.54,1147.91,72.63000000000011,61.84999999999991,1,2,1.0
1086,1,1676.29,1428.09,70.90000000000009,97.71000000000004,1,2,1.0
1086,2,1447.2,1151.67,72.73000000000002,62.00999999999999,1,2,1.0
1087,1,1681.66,1432.37,71.05999999999995,97.90000000000009,1,2,1.0
1087,2,1451.86,1155.43,72.83000000000015,62.169999999999845,1,2,1.0
1088,1,1687.04,1436.64,71.21000000000004,98.09999999999991,1,2,1.0
1088,2,1456.52,1159.2,72.94000000000005,62.319999999999936,1,2,1.0
1089,1,1692.41,1440.92,71.36999999999989,98.28999999999996,1,2,1.0
1089,2,1461.18,1162.96,73.03999999999996,62.48000000000002,1,2,1.0
1090,1,1697.78,1445.19,71.52999999999997,98.48000000000002,1,2,1.0
1090,2,1465.84,1166.72,73.15000000000009,62.62999999999988,1,2,1.0
1091,1,1703.16,1449.47,71.67999999999984,98.67000000000007,1,2,1.0
1091,2,1470.5,1170.49,73.25,62.77999999999997,1,2,1.0
1092,1,1708.86,1454.23,71.84000000000015,98.86999999999989,1,2,1.0
1092,2,1475.81,1174.41,73.36000000000013,62.94999999999982,1,2,1.0
1093,1,1714.56,1459.0,71.99000000000001,99.04999999999995,1,2,1.0
1093,2,1481.12,1178.34,73.46000000000004,63.100000000000136,1,2,1.0
1094,1,1720.25,1463.76,72.16000000000008,99.25,1,2,1.0
1094,2,1486.43,1182.26,73.56999999999994,63.25999999999999,1,2,1.0
1095,1,1725.95,1468.52,72.30999999999995,99.44000000000005,1,2,1.0
1095,2,1491.74,1186.19,73.67000000000007,63.409999999999854,1,2,1.0
1096,1,1731.65,1473.29,72.4699999999998,99.63000000000011,1,2,1.0
1096,2,1497.05,1190.11,73.77999999999997,63.580000000000155,1,2,1.0
1097,1,1737.35,1478.05,72.63000000000011,99.83000000000015,1,2,1.0
1097,2,1502.36,1194.04,73.88000000000011,63.73000000000002,1,2,1.0
1098,1,1743.05,1482.81,72.77999999999997,100.01999999999998,1,2,1.0
1098,2,1507.67,1197.96,73.99000000000001,63.88999999999987,1,2,1.0
1099,1,1748.75,1487.58,72.94000000000005,100.21000000000004,1,2,1.0
1099,2,1512.98,1201.89,74.08999999999992,64.03999999999996,1,2,1.0
1100,1,1754.45,1492.34,73.08999999999992,100.40000000000009,1,2,1.0
1100,2,1518.29,1205.81,74.20000000000005,64.21000000000004,1,2,1.0
1101,1,1760.15,1497.1,73.25,100.60000000000014,1,2,1.0
1101,2,1523.6,1209.74,74.30000000000018,64.3599999999999,1,2,1.0
1102,1,1766.47,1500.28,73.25999999999999,100.85000000000014,1,2,1.0
1102,2,1529.3,1212.44,74.36000000000013,64.33999999999992,1,2,1.0
1103,1,1772.8,1503.45,73.25,101.09999999999991,1,2,1.0
1103,2,1535.0,1215.14,74.42000000000007,64.30999999999995,1,2,1.0
1104,1,1779.39,1508.7,73.25999999999999,101.34999999999991,1,2,1.0
1104,2,1540.7,1219.1,74.48000000000002,64.29000000000019,1,2,1.0
1105,1,1785.99,1513.95,73.25,101.6099999999999,1,2,1.0
1105,2,1546.39,1223.06,74.54999999999995,64.26999999999998,1,2,1.0
1106,1,1792.59,1519.2,73.25,101.8599999999999,1,2,1.0
1106,2,1552.09,1227.03,74.61000000000013,64.24000000000001,1,2,1.0
1107,1,1798.45,1523.32,73.25,102.11000000000013,1,2,1.0
1107,2,1557.79,1230.83,74.67000000000007,64.22000000000003,1,2,1.0
1108,1,1804.31,1527.43,73.25999999999999,102.3599999999999,1,2,1.0
1108,2,1563.48,1234.63,74.74000000000001,64.19999999999982,1,2,1.0
1109,1,1811.05,1527.23,73.25999999999999,102.6099999999999,1,2,1.0
1109,2,1569.59,1234.52,74.80000000000018,64.17000000000007,1,2,1.0
1110,1,1817.79,1527.02,73.25999999999999,102.87000000000012,1,2,1.0
1110,2,1575.69,1234.41,74.8599999999999,64.14999999999986,1,2,1.0
1111,1,1823.78,1519.9,74.07999999999993,103.65999999999985,1,2,1.0
1111,2,1581.31,1227.17,74.93000000000006,64.12999999999988,1,2,1.0
1112,1,1829.77,1512.77,74.91000000000008,104.46000000000004,1,2,1.0
1112,2,1586.94,1219.93,74.99000000000001,64.1099999999999,1,2,1.0
1113,1,1835.76,1505.64,75.74000000000001,105.25999999999999,1,2,1.0
1113,2,1592.56,1212.69,75.04999999999995,64.07999999999993,1,2,1.0
1114,1,1842.53,1494.22,75.43000000000006,105.29999999999995,1,2,1.0
1114,2,1597.78,1200.37,75.11000000000013,64.06000000000017,1,2,1.0
1115,1,1849.3,1482.79,75.11000000000013,105.35000000000014,1,2,1.0
1115,2,1602.99,1188.05,75.18000000000006,64.02999999999997,1,2,1.0
1116,1,1855.52,1468.65,74.80999999999995,105.39999999999986,1,2,1.0
1116,2,1608.75,1174.37,75.24000000000001,64.01000000000022,1,2,1.0
1117,1,1861.75,1454.51,74.49000000000001,105.45000000000005,1,2,1.0
1117,2,1614.51,1160.69,75.29999999999995,63.99000000000001,1,2,1.0
1118,1,1867.97,1440.37,74.19000000000005,105.5,1,2,1.0
1118,2,1620.27,1147.02,75.36000000000013,63.960000000000036,1,2,1.0
1119,1,1874.2,1426.24,73.86999999999989,105.53999999999996,1,2,1.0
1119,2,1626.03,1131.71,75.43000000000006,63.940000000000055,1,2,1.0
1120,1,1880.42,1412.1,73.56999999999994,105.59000000000015,1,2,1.0
1120,2,1631.79,1116.41,75.49000000000001,63.919999999999845,1,2,1.0
1121,1,1886.65,1397.96,73.25,105.63999999999987,1,2,1.0
1121,2,1637.54,1101.11,75.55999999999995,63.8900000000001,1,2,1.0
1122,1,1894.88,1382.2,73.25,105.73000000000002,1,2,1.0
1122,2,1643.74,1084.51,75.45000000000005,64.08999999999992,1,2,1.0
1123,1,1900.99,1368.47,73.25,105.81999999999994,1,2,1.0
1123,2,1649.93,1071.58,75.3599999999999,64.27999999999997,1,2,1.0
1124,1,1907.1,1354.75,73.25,105.90000000000009,1,2,1.0
1124,2,1656.13,1058.64,75.25,64.47999999999979,1,2,1.0
1125,1,1913.66,1348.79,73.25999999999999,105.99000000000001,1,2,1.0
1125,2,1662.32,1050.85,75.16000000000008,64.68000000000006,1,2,1.0
1126,1,1920.23,1342.84,73.25,106.07000000000016,1,2,1.0
1126,2,1668.52,1043.06,75.04999999999995,64.87000000000012,1,2,1.0
1127,1,1927.07,1338.78,73.25,106.16000000000008,1,2,1.0
1127,2,1674.71,1037.81,74.96000000000004,65.07000000000016,1,2,1.0
1128,1,1933.9,1334.73,73.25,106.24000000000001,1,2,1.0
1128,2,1680.91,1032.56,74.84999999999991,65.26999999999998,1,2,1.0
1129,1,1940.74,1330.67,73.25,106.32999999999993,1,2,1.0
1129,2,1687.1,1027.32,74.75999999999999,65.46000000000004,1,2,1.0
1130,1,1947.23,1333.93,73.25999999999999,106.40999999999985,1,2,1.0
1130,2,1693.09,1029.52,74.66000000000008,65.66000000000008,1,2,1.0
1131,1,1953.73,1337.19,73.25,106.5,1,2,1.0
1131,2,1699.08,1031.73,74.56000000000017,65.84999999999991,1,2,1.0
1132,1,1960.23,1340.45,73.25,106.57999999999993,1,2,1.0
1132,2,1705.07,1033.94,74.46000000000004,66.04999999999995,1,2,1.0
1133,1,1966.73,1343.71,73.25,106.67000000000007,1,2,1.0
1133,2,1711.06,1036.14,74.37000000000012,66.25,1,2,1.0
1134,1,1973.22,1349.72,73.25,106.75,1,2,1.0
1134,2,1717.36,1041.4,74.25999999999999,66.43999999999983,1,2,1.0
1135,1,1979.72,1355.72,73.24999999999977,106.83999999999992,1,2,1.0
1135,2,1723.66,1046.65,74.15999999999985,66.63999999999987,1,2,1.0
1136,1,1986.22,1361.73,73.24999999999977,106.92000000000007,1,2,1.0
1136,2,1729.95,1051.91,74.06999999999994,66.82999999999993,1,2,1.0
1137,1,1992.72,1367.73,73.24999999999977,107.00999999999999,1,2,1.0
1137,2,1736.25,1057.16,73.96000000000004,67.02999999999997,1,2,1.0
1138,1,1999.21,1373.74,73.25,107.08999999999992,1,2,1.0
1138,2,1742.54,1062.42,73.87000000000012,67.23000000000002,1,2,1.0
1139,1,2005.71,1379.74,73.25,107.18000000000006,1,2,1.0
1139,2,1748.84,1067.67,73.76999999999998,67.42999999999984,1,2,1.0
1140,1,2012.21,1385.75,73.25,107.25999999999999,1,2,1.0
1140,2,1755.14,1072.93,73.65999999999985,67.61999999999989,1,2,1.0
1141,1,2018.71,1391.75,73.25,107.34999999999991,1,2,1.0
1141,2,1761.43,1078.18,73.56999999999994,67.81999999999994,1,2,1.0
1142,1,2025.69,1397.56,73.34000000000015,107.71000000000004,1,2,1.0
1142,2,1767.09,1083.52,75.21000000000004,70.57999999999993,1,2,1.0
1143,1,2030.95,1402.51,73.45000000000005,108.06999999999994,1,2,1.0
1143,2,1771.04,1088.85,75.18000000000006,70.82000000000016,1,2,1.0
1144,1,2036.22,1407.46,73.54999999999995,108.43000000000006,1,2,1.0
1144,2,1774.99,1094.18,75.15000000000009,71.06999999999994,1,2,1.0
1145,1,2041.49,1412.42,73.6400000000001,108.77999999999997,1,2,1.0
1145,2,1778.94,1099.52,75.11999999999989,71.29999999999995,1,2,1.0
1146,1,2046.76,1417.37,73.74000000000001,109.15000000000009,1,2,1.0
1146,2,1782.89,1104.85,75.08999999999992,71.54000000000019,1,2,1.0
1147,1,2052.03,1422.32,73.83999999999969,109.50999999999999,1,2,1.0
1147,2,1786.84,1110.18,75.07000000000016,71.78999999999996,1,2,1.0
1148,1,2057.3,1427.27,73.92999999999984,109.87000000000012,1,2,1.0
1148,2,1790.79,1115.51,75.03999999999996,72.02999999999997,1,2,1.0
1149,1,2062.57,1432.23,74.02999999999975,110.22000000000003,1,2,1.0
1149,2,1794.74,1120.85,75.00999999999999,72.26999999999998,1,2,1.0
1150,1,2067.83,1437.18,74.13999999999987,110.58999999999992,1,2,1.0
1150,2,1798.69,1126.18,74.98000000000002,72.50999999999999,1,2,1.0
1151,1,2073.1,1442.13,74.23000000000002,110.94999999999982,1,2,1.0
1151,2,1802.64,1131.51,74.94999999999982,72.75,1,2,1.0
1152,1,2078.37,1447.08,74.32999999999993,111.31000000000017,1,2,1.0
1152,2,1806.59,1136.85,74.92000000000007,72.99000000000001,1,2,1.0
1153,1,2083.64,1452.03,74.43000000000029,111.67000000000007,1,2,1.0
1153,2,1810.54,1142.18,74.8900000000001,73.23000000000002,1,2,1.0
1154,1,2088.91,1456.99,74.51999999999998,112.01999999999998,1,2,1.0
1154,2,1814.49,1147.51,74.8599999999999,73.47000000000003,1,2,1.0
1155,1,2094.18,1461.94,74.62000000000035,112.38999999999987,1,2,1.0
1155,2,1818.44,1152.85,74.82999999999993,73.71000000000004,1,2,1.0
1156,1,2099.45,1466.89,74.72000000000025,112.75,1,2,1.0
1156,2,1822.39,1158.18,74.79999999999995,73.95000000000005,1,2,1.0
1157,1,2104.72,1471.84,74.8100000000004,113.11000000000013,1,2,1.0
1157,2,1826.34,1163.51,74.77999999999997,74.20000000000005,1,2,1.0
1158,1,2109.98,1476.8,74.92000000000007,113.46000000000004,1,2,1.0
1158,2,1830.28,1168.84,74.75999999999999,74.44000000000005,1,2,1.0
1159,1,2115.25,1481.75,75.01999999999998,113.82999999999993,1,2,1.0
1159,2,1834.23,1174.18,74.73000000000002,74.66999999999985,1,2,1.0
1160,1,2120.52,1486.7,75.11000000000013,114.19000000000005,1,2,1.0
1160,2,1838.18,1179.51,74.70000000000005,74.92000000000007,1,2,1.0
1161,1,2125.79,1491.65,75.21000000000004,114.54999999999995,1,2,1.0
1161,2,1842.13,1184.84,74.66999999999985,75.16000000000008,1,2,1.0
1162,1,2130.71,1495.08,75.4699999999998,114.74000000000001,1,2,1.0
1162,2,1845.07,1189.56,74.70000000000005,75.10000000000014,1,2,1.0
1163,1,2135.63,1498.51,75.7199999999998,114.94000000000005,1,2,1.0
1163,2,1848.0,1194.27,74.73000000000002,75.03999999999996,1,2,1.0
1164,1,2140.55,1501.94,75.98000000000002,115.12999999999988,1,2,1.0
1164,2,1850.94,1198.98,74.75999999999999,74.99000000000001,1,2,1.0
1165,1,2145.47,1505.37,76.23000000000002,115.33000000000015,1,2,1.0
1165,2,1853.87,1203.69,74.79000000000019,74.92999999999984,1,2,1.0
1166,1,2150.39,1508.8,76.49000000000024,115.51999999999998,1,2,1.0
1166,2,1856.81,1208.41,74.82000000000016,74.86999999999989,1,2,1.0
1167,1,2155.31,1512.23,76.75,115.72000000000003,1,2,1.0
1167,2,1859.74,1213.12,74.84999999999991,74.81000000000017,1,2,1.0
1168,1,2160.23,1515.66,77.0,115.90999999999985,1,2,1.0
1168,2,1862.67,1217.83,74.88999999999987,74.75,1,2,1.0
1169,1,2165.15,1519.09,77.25999999999976,116.11000000000013,1,2,1.0
1169,2,1865.61,1222.54,74.91000000000008,74.70000000000005,1,2,1.0
1170,1,2170.07,1522.51,77.50999999999976,116.30999999999995,1,2,1.0
1170,2,1868.54,1227.25,74.95000000000005,74.65000000000009,1,2,1.0
1171,1,2174.99,1525.94,77.77000000000044,116.5,1,2,1.0
1171,2,1871.48,1231.97,74.97000000000003,74.57999999999993,1,2,1.0
1172,1,2179.92,1529.37,78.01999999999998,116.70000000000005,1,2,1.0
1172,2,1874.41,1236.68,75.00999999999999,74.52999999999997,1,2,1.0
1173,1,2185.0,1533.46,78.2800000000002,116.88999999999987,1,2,1.0
1173,2,1877.35,1241.39,75.0300000000002,74.4699999999998,1,2,1.0
1174,1,2190.08,1537.54,78.53999999999996,117.09000000000015,1,2,1.0
1174,2,1880.28,1246.1,75.06999999999994,74.42000000000007,1,2,1.0
1175,1,2195.17,1541.63,78.78999999999996,117.27999999999997,1,2,1.0
1175,2,1883.22,1250.82,75.08999999999992,74.35000000000014,1,2,1.0
1176,1,2200.25,1545.72,79.05000000000018,117.47000000000003,1,2,1.0
1176,2,1886.15,1255.53,75.12999999999988,74.29999999999995,1,2,1.0
1177,1,2205.34,1549.8,79.29999999999973,117.67000000000007,1,2,1.0
1177,2,1889.09,1260.24,75.15000000000009,74.24000000000001,1,2,1.0
1178,1,2210.42,1553.89,79.55999999999995,117.86999999999989,1,2,1.0
1178,2,1892.02,1264.95,75.19000000000005,74.19000000000005,1,2,1.0
1179,1,2215.51,1557.97,79.80999999999995,118.06999999999994,1,2,1.0
1179,2,1894.96,1269.66,75.21000000000004,74.12999999999988,1,2,1.0
1180,1,2220.59,1562.06,80.06999999999971,118.25999999999999,1,2,1.0
1180,2,1897.89,1274.38,75.25,74.06999999999994,1,2,1.0
1181,1,2225.68,1566.15,80.32000000000016,118.44999999999982,1,2,1.0
1181,2,1900.82,1279.09,75.27999999999997,74.00999999999999,1,2,1.0
1182,1,2231.46,1569.74,80.46000000000004,118.55999999999995,1,2,1.0
1182,2,1904.72,1283.79,75.62999999999988,73.94000000000005,1,2,1.0
1183,1,2237.23,1573.34,80.61000000000013,118.66000000000008,1,2,1.0
1183,2,1908.61,1288.49,75.98000000000002,73.86999999999989,1,2,1.0
1184,1,2243.01,1576.94,80.75,118.75999999999999,1,2,1.0
1184,2,1912.51,1293.19,76.32999999999993,73.79999999999995,1,2,1.0
1185,1,2248.79,1580.53,80.88999999999987,118.87000000000012,1,2,1.0
1185,2,1916.4,1297.89,76.67999999999984,73.72999999999979,1,2,1.0
1186,1,2254.56,1584.13,81.03999999999996,118.9699999999998,1,2,1.0
1186,2,1920.29,1302.59,77.03999999999996,73.66000000000008,1,2,1.0
1187,1,2260.34,1587.73,81.17999999999984,119.06999999999994,1,2,1.0
1187,2,1924.19,1307.29,77.37999999999988,73.59000000000015,1,2,1.0
1188,1,2266.12,1591.32,81.32000000000016,119.18000000000006,1,2,1.0
1188,2,1928.08,1311.99,77.74000000000001,73.51999999999998,1,2,1.0
1189,1,2271.9,1594.92,81.46000000000004,119.27999999999997,1,2,1.0
1189,2,1931.97,1316.69,78.08999999999992,73.45000000000005,1,2,1.0
1190,1,2277.67,1598.52,81.61000000000013,119.38000000000011,1,2,1.0
1190,2,1935.87,1321.39,78.44000000000005,73.37999999999988,1,2,1.0
1191,1,2283.45,1602.11,81.75,119.49000000000001,1,2,1.0
1191,2,1939.76,1326.09,78.78999999999996,73.31000000000017,1,2,1.0
1192,1,2289.88,1605.71,81.88999999999987,119.58999999999992,1,2,1.0
1192,2,1943.66,1330.8,79.13999999999987,73.23000000000002,1,2,1.0
1193,1,2296.31,1609.31,82.0300000000002,119.69000000000005,1,2,1.0
1193,2,1947.55,1335.5,79.49000000000001,73.16000000000008,1,2,1.0
1194,1,2302.73,1612.9,82.17999999999984,119.79999999999995,1,2,1.0
1194,2,1951.44,1340.2,79.83999999999992,73.08999999999992,1,2,1.0
1195,1,2309.16,1616.5,82.32000000000016,119.90000000000009,1,2,1.0
1195,2,1955.34,1344.9,80.19000000000005,73.01999999999998,1,2,1.0
1196,1,2315.59,1620.1,82.46000000000004,120.0,1,2,1.0
1196,2,1959.23,1349.6,80.54999999999995,72.95000000000005,1,2,1.0
1197,1,2322.02,1623.69,82.59999999999991,120.1099999999999,1,2,1.0
1197,2,1963.12,1354.3,80.90000000000009,72.88000000000011,1,2,1.0
1198,1,2328.44,1627.29,82.75,120.21000000000004,1,2,1.0
1198,2,1967.02,1359.0,81.24000000000024,72.80999999999995,1,2,1.0
1199,1,2334.87,1630.89,82.89000000000033,120.30999999999995,1,2,1.0
1199,2,1970.91,1363.7,81.60000000000014,72.74000000000001,1,2,1.0
1200,1,2341.3,1634.48,83.02999999999975,120.42000000000007,1,2,1.0
1200,2,1974.81,1368.4,81.95000000000027,72.66999999999985,1,2,1.0
1201,1,2347.73,1638.08,83.17000000000007,120.51999999999998,1,2,1.0
1201,2,1978.7,1373.1,82.29999999999995,72.60000000000014,1,2,1.0
1202,1,2354.48,1641.74,83.55000000000018,120.81999999999994,1,2,1.0
1202,2,1983.67,1377.8,82.7199999999998,72.6400000000001,1,2,1.0
1203,1,2361.23,1645.4,83.92999999999984,121.11999999999989,1,2,1.0
1203,2,1988.63,1382.49,83.15000000000009,72.69000000000005,1,2,1.0
1204,1,2367.98,1649.06,84.30999999999995,121.42000000000007,1,2,1.0
1204,2,1993.6,1387.19,83.57000000000016,72.73000000000002,1,2,1.0
1205,1,2374.72,1652.72,84.70000000000027,121.72000000000003,1,2,1.0
1205,2,1998.57,1391.89,83.99000000000001,72.76999999999998,1,2,1.0
1206,1,2381.47,1656.38,85.08000000000038,122.01999999999998,1,2,1.0
1206,2,2003.53,1396.58,84.41999999999985,72.83000000000015,1,2,1.0
1207,1,2388.22,1660.04,85.46000000000004,122.30999999999995,1,2,1.0
1207,2,2008.5,1401.28,84.84000000000015,72.87000000000012,1,2,1.0
1208,1,2394.97,1663.7,85.84000000000015,122.6099999999999,1,2,1.0
1208,2,2013.47,1405.98,85.24999999999977,72.91000000000008,1,2,1.0
1209,1,2402.44,1667.54,86.2199999999998,122.91000000000008,1,2,1.0
1209,2,2019.33,1410.5,85.68000000000029,72.95000000000005,1,2,1.0
1210,1,2409.9,1671.38,86.59999999999991,123.20999999999981,1,2,1.0
1210,2,2025.19,1415.01,86.09999999999991,73.0,1,2,1.0
1211,1,2417.36,1675.22,86.98999999999978,123.50999999999999,1,2,1.0
1211,2,2031.05,1419.53,86.52000000000021,73.03999999999996,1,2,1.0
1212,1,2424.83,1679.05,87.36000000000013,123.80999999999995,1,2,1.0
1212,2,2036.91,1424.05,86.95000000000005,73.09000000000015,1,2,1.0
1213,1,2432.29,1682.89,87.75,124.1099999999999,1,2,1.0
1213,2,2042.77,1428.57,87.36999999999989,73.13000000000011,1,2,1.0
1214,1,2439.75,1686.73,88.13000000000011,124.41000000000008,1,2,1.0
1214,2,2048.63,1433.09,87.78999999999996,73.17000000000007,1,2,1.0
1215,1,2447.22,1690.57,88.51000000000022,124.71000000000004,1,2,1.0
1215,2,2054.49,1437.6,88.21000000000004,73.22000000000003,1,2,1.0
1216,1,2454.68,1694.41,88.89000000000033,125.0,1,2,1.0
1216,2,2060.35,1442.12,88.63999999999987,73.27000000000021,1,2,1.0
1217,1,2462.15,1698.25,89.26999999999998,125.29999999999995,1,2,1.0
1217,2,2066.21,1446.64,89.05999999999995,73.30999999999995,1,2,1.0
1218,1,2469.61,1702.09,89.65000000000009,125.60000000000014,1,2,1.0
1218,2,2072.07,1451.16,89.48000000000002,73.34999999999991,1,2,1.0
1219,1,2477.07,1705.92,90.03999999999996,125.90999999999985,1,2,1.0
1219,2,2077.93,1455.68,89.90000000000009,73.38999999999987,1,2,1.0
1220,1,2484.54,1709.76,90.40999999999985,126.20000000000005,1,2,1.0
1220,2,2083.79,1460.2,90.32999999999993,73.44000000000005,1,2,1.0
1221,1,2492.0,1713.6,90.80000000000018,126.5,1,2,1.0
1221,2,2089.65,1464.71,90.75,73.49000000000001,1,2,1.0
1222,1,2500.33,1716.81,91.01000000000022,126.8900000000001,1,2,1.0
1222,2,2095.88,1469.04,91.38000000000011,73.48000000000002,1,2,1.0
1223,1,2508.66,1720.03,91.22000000000025,127.25999999999999,1,2,1.0
1223,2,2102.11,1473.36,92.01999999999998,73.49000000000001,1,2,1.0
1224,1,2516.99,1723.24,91.43000000000029,127.65000000000009,1,2,1.0
1224,2,2108.34,1477.69,92.64999999999964,73.48000000000002,1,2,1.0
1225,1,2525.32,1726.46,91.63999999999987,128.01999999999998,1,2,1.0
1225,2,2114.57,1482.01,93.27999999999975,73.49000000000001,1,2,1.0
1226,1,2533.65,1729.67,91.84999999999991,128.40999999999985,1,2,1.0
1226,2,2120.8,1486.34,93.91999999999962,73.48000000000002,1,2,1.0
1227,1,2541.98,1732.88,92.05999999999995,128.78999999999996,1,2,1.0
1227,2,2127.03,1490.66,94.54999999999973,73.49000000000001,1,2,1.0
1228,1,2550.31,1736.1,92.26999999999998,129.17000000000007,1,2,1.0
1228,2,2133.25,1494.99,95.19000000000005,73.48000000000002,1,2,1.0
1229,1,2558.64,1739.31,92.48000000000002,129.54999999999995,1,2,1.0
1229,2,2139.48,1499.31,95.82999999999993,73.49000000000001,1,2,1.0
1230,1,2566.97,1742.52,92.69000000000005,129.94000000000005,1,2,1.0
1230,2,2145.71,1503.64,96.46000000000004,73.47999999999979,1,2,1.0
1231,1,2575.3,1745.74,92.89999999999964,130.30999999999995,1,2,1.0
1231,2,2152.76,1507.64,97.08999999999969,73.47999999999979,1,2,1.0
1232,1,2583.63,1748.95,93.10999999999967,130.70000000000005,1,2,1.0
1232,2,2159.81,1511.63,97.73000000000002,73.47999999999979,1,2,1.0
1233,1,2591.96,1752.16,93.32000000000016,131.07999999999993,1,2,1.0
1233,2,2166.86,1515.63,98.35999999999967,73.47999999999979,1,2,1.0
1234,1,2600.29,1755.38,93.5300000000002,131.4599999999998,1,2,1.0
1234,2,2173.91,1519.62,99.0,73.49000000000001,1,2,1.0
1235,1,2608.62,1758.59,93.74000000000024,131.84000000000015,1,2,1.0
1235,2,2180.97,1523.62,99.62000000000035,73.48000000000002,1,2,1.0
1236,1,2616.95,1761.81,93.95000000000027,132.21000000000004,1,2,1.0
1236,2,2188.02,1527.62,100.26000000000022,73.48000000000002,1,2,1.0
1237,1,2625.28,1765.02,94.15999999999985,132.5999999999999,1,2,1.0
1237,2,2195.07,1531.61,100.88999999999987,73.48000000000002,1,2,1.0
1238,1,2633.61,1768.23,94.36999999999989,132.99,1,2,1.0
1238,2,2202.12,1535.61,101.5300000000002,73.48000000000002,1,2,1.0
1239,1,2641.94,1771.45,94.57999999999993,133.3599999999999,1,2,1.0
1239,2,2209.17,1539.61,102.15999999999985,73.48000000000002,1,2,1.0
1240,1,2650.27,1774.66,94.78999999999996,133.74,1,2,1.0
1240,2,2216.22,1543.6,102.80000000000018,73.48000000000002,1,2,1.0
1241,1,2658.6,1777.87,95.0,134.1300000000001,1,2,1.0
1241,2,2223.27,1547.6,103.42999999999984,73.48000000000002,1,2,1.0
1242,1,2668.15,1782.86,95.03999999999996,134.26,1,2,1.0
1242,2,2231.68,1551.87,103.43000000000029,73.48000000000002,1,2,1.0
1243,1,2677.69,1787.85,95.07999999999993,134.3800000000001,1,2,1.0
1243,2,2240.08,1556.15,103.44000000000005,73.48000000000002,1,2,1.0
1244,1,2687.23,1792.84,95.13000000000011,134.51,1,2,1.0
1244,2,2248.49,1560.42,103.43000000000029,73.48000000000002,1,2,1.0
1245,1,2696.78,1797.83,95.15999999999985,134.6300000000001,1,2,1.0
1245,2,2256.9,1564.7,103.42999999999984,73.48000000000002,1,2,1.0
1246,1,2706.32,1802.82,95.21000000000004,134.76,1,2,1.0
1246,2,2265.31,1568.97,103.42999999999984,73.48000000000002,1,2,1.0
1247,1,2715.86,1807.81,95.25,134.8800000000001,1,2,1.0
1247,2,2273.72,1573.24,103.43000000000029,73.48000000000002,1,2,1.0
1248,1,2725.41,1812.8,95.28999999999996,135.01,1,2,1.0
1248,2,2282.13,1577.52,103.42999999999984,73.48000000000002,1,2,1.0
1249,1,2734.95,1817.79,95.33000000000038,135.1300000000001,1,2,1.0
1249,2,2290.53,1581.79,103.4399999999996,73.48000000000002,1,2,1.0
1250,1,2744.49,1822.78,95.38000000000011,135.26,1,2,1.0
1250,2,2298.94,1586.07,103.42999999999984,73.48000000000002,1,2,1.0
1251,1,2754.04,1827.77,95.40999999999985,135.3800000000001,1,2,1.0
1251,2,2307.35,1590.34,103.43000000000029,73.48000000000002,1,2,1.0
1252,1,2763.42,1832.76,95.44999999999982,135.51,1,2,1.0
1252,2,2315.6,1595.59,103.43000000000029,73.48000000000002,1,2,1.0
1253,1,2772.8,1837.75,95.5,135.6300000000001,1,2,1.0
1253,2,2323.84,1600.84,103.42999999999984,73.48000000000002,1,2,1.0
1254,1,2782.18,1842.74,95.53999999999996,135.76,1,2,1.0
1254,2,2332.09,1606.09,103.42999999999984,73.48000000000002,1,2,1.0
1255,1,2791.56,1847.73,95.57999999999993,135.87999999999988,1,2,1.0
1255,2,2340.33,1611.34,103.43000000000029,73.48000000000002,1,2,1.0
1256,1,2800.94,1852.72,95.63000000000011,136.01,1,2,1.0
1256,2,2348.58,1616.59,103.43000000000029,73.48000000000002,1,2,1.0
1257,1,2809.83,1858.03,95.67000000000007,136.1400000000001,1,2,1.0
1257,2,2356.5,1620.38,103.42999999999984,73.47999999999979,1,2,1.0
1258,1,2818.73,1863.35,95.69999999999982,136.26,1,2,1.0
1258,2,2364.42,1624.16,103.42999999999984,73.48000000000002,1,2,1.0
1259,1,2827.62,1868.66,95.75,136.38999999999987,1,2,1.0
1259,2,2372.34,1627.95,103.42999999999984,73.48000000000002,1,2,1.0
1260,1,2836.51,1873.98,95.78999999999996,136.51,1,2,1.0
1260,2,2380.26,1631.74,103.42999999999984,73.47000000000003,1,2,1.0
1261,1,2845.4,1879.29,95.83999999999969,136.6400000000001,1,2,1.0
1261,2,2388.18,1635.52,103.43000000000029,73.48000000000002,1,2,1.0
1262,1,2853.13,1883.19,96.23999999999978,137.8499999999999,1,2,1.0
1262,2,2395.46,1639.02,104.21000000000004,73.66000000000008,1,2,1.0
1263,1,2860.85,1887.1,96.65000000000009,139.06000000000017,1,2,1.0
1263,2,2402.74,1642.53,104.99000000000024,73.82999999999993,1,2,1.0
1264,1,2868.58,1891.0,97.05000000000018,140.26999999999998,1,2,1.0
1264,2,2410.02,1646.03,105.76000000000022,74.0,1,2,1.0
1265,1,2876.3,1894.9,97.46000000000004,141.49,1,2,1.0
1265,2,2417.3,1649.53,106.53999999999996,74.18000000000006,1,2,1.0
1266,1,2883.89,1899.17,97.41000000000031,141.78999999999996,1,2,1.0
1266,2,2424.39,1653.22,106.65000000000009,74.34999999999991,1,2,1.0
1267,1,2891.47,1903.44,97.37000000000035,142.0999999999999,1,2,1.0
1267,2,2431.48,1656.9,106.75999999999976,74.52999999999997,1,2,1.0
1268,1,2899.06,1907.71,97.32000000000016,142.4000000000001,1,2,1.0
1268,2,2438.58,1660.58,106.86000000000013,74.71000000000004,1,2,1.0
1269,1,2907.44,1911.52,97.26999999999998,142.69999999999982,1,2,1.0
1269,2,2444.86,1662.96,106.9699999999998,74.87999999999988,1,2,1.0
1270,1,2915.81,1915.32,97.23000000000002,143.00000000000023,1,2,1.0
1270,2,2451.14,1665.34,107.07000000000016,75.05000000000018,1,2,1.0
1271,1,2924.19,1919.12,97.19000000000005,143.30999999999995,1,2,1.0
1271,2,2457.41,1667.72,107.19000000000005,75.22000000000003,1,2,1.0
1272,1,2929.69,1923.82,97.13999999999987,143.6099999999999,1,2,1.0
1272,2,2463.45,1670.77,107.28999999999996,75.40000000000009,1,2,1.0
1273,1,2935.19,1928.52,97.09999999999991,143.90999999999985,1,2,1.0
1273,2,2469.48,1673.83,107.40000000000009,75.57000000000016,1,2,1.0
1274,1,2940.7,1933.22,97.05000000000018,144.2099999999998,1,2,1.0
1274,2,2475.52,1676.88,107.51000000000022,75.75,1,2,1.0
1275,1,2946.88,1933.71,97.0,147.75999999999976,1,2,1.0
1275,2,2481.28,1678.75,107.61999999999989,75.92000000000007,1,2,1.0
1276,1,2953.06,1934.21,96.96000000000004,151.28999999999996,1,2,1.0
1276,2,2487.05,1680.61,107.7199999999998,76.10000000000014,1,2,1.0
1277,1,2958.42,1939.18,96.92000000000007,148.3599999999999,1,2,1.0
1277,2,2492.81,1682.48,107.82999999999993,76.26999999999998,1,2,1.0
1278,1,2963.79,1944.15,96.86999999999989,145.42000000000007,1,2,1.0
1278,2,2498.58,1684.34,107.93000000000029,76.45000000000005,1,2,1.0
1279,1,2969.21,1946.76,96.82999999999993,145.7299999999998,1,2,1.0
1279,2,2502.94,1686.08,108.03999999999996,76.62000000000012,1,2,1.0
1280,1,2974.63,1949.38,96.78999999999996,146.02999999999975,1,2,1.0
1280,2,2507.31,1687.82,108.15000000000009,76.78999999999996,1,2,1.0
1281,1,2980.05,1951.99,96.73999999999978,146.33000000000015,1,2,1.0
1281,2,2511.67,1689.55,108.25999999999976,76.97000000000003,1,2,1.0
1282,1,2985.47,1954.6,96.70000000000027,146.63999999999987,1,2,1.0
1282,2,2516.03,1691.29,108.36999999999989,77.1400000000001,1,2,1.0
1283,1,2990.89,1957.22,96.65000000000009,146.93999999999983,1,2,1.0
1283,2,2520.4,1693.02,108.4699999999998,77.31999999999994,1,2,1.0
1284,1,2994.82,1958.94,96.60999999999967,147.23999999999978,1,2,1.0
1284,2,2524.36,1693.42,108.57999999999993,77.5,1,2,1.0
1285,1,2998.75,1960.66,96.55999999999995,147.53999999999974,1,2,1.0
1285,2,2528.31,1693.82,108.69000000000005,77.67000000000007,1,2,1.0
1286,1,3002.68,1962.38,96.51999999999998,147.8399999999997,1,2,1.0
1286,2,2532.27,1694.21,108.80000000000018,77.84999999999991,1,2,1.0
1287,1,3006.61,1964.1,96.4699999999998,148.1500000000001,1,2,1.0
1287,2,2536.23,1694.61,108.90000000000009,78.0300000000002,1,2,1.0
1288,1,3010.54,1965.82,96.42999999999984,148.45000000000005,1,2,1.0
1288,2,2540.19,1695.01,109.00999999999976,78.20000000000005,1,2,1.0
1289,1,3012.22,1966.18,96.38000000000011,148.76,1,2,1.0
1289,2,2542.12,1694.96,109.11000000000013,78.36999999999989,1,2,1.0
1290,1,3013.9,1966.55,96.32999999999993,149.06000000000017,1,2,1.0
1290,2,2544.05,1694.91,109.2199999999998,78.53999999999996,1,2,1.0
1291,1,3015.58,1966.92,96.28999999999996,149.36000000000013,1,2,1.0
1291,2,2545.98,1694.85,109.32999999999993,78.73000000000002,1,2,1.0
1292,1,3017.26,1967.29,96.23999999999978,149.67000000000007,1,2,1.0
1292,2,2547.91,1694.8,109.44000000000005,78.90000000000009,1,2,1.0
1293,1,3018.93,1967.66,96.20000000000027,149.97000000000003,1,2,1.0
1293,2,2549.85,1694.75,109.53999999999996,79.06999999999994,1,2,1.0
1294,1,3020.61,1968.03,96.15999999999985,150.2700000000002,1,2,1.0
1294,2,2551.78,1694.7,109.64999999999964,79.24000000000001,1,2,1.0
1295,1,3022.29,1968.4,96.11000000000013,150.5699999999997,1,2,1.0
1295,2,2553.71,1694.64,109.75999999999976,79.42999999999984,1,2,1.0
1296,1,3023.97,1968.77,96.0600000000004,150.8699999999999,1,2,1.0
1296,2,2555.64,1694.59,109.87000000000035,79.60000000000014,1,2,1.0
1297,1,3025.65,1969.13,96.01999999999998,151.17999999999984,1,2,1.0
1297,2,2557.57,1694.54,109.9699999999998,79.76999999999998,1,2,1.0
1298,1,3027.32,1969.5,95.98000000000002,151.48999999999978,1,2,1.0
1298,2,2559.5,1694.49,110.07999999999993,79.94000000000005,1,2,1.0
1299,1,3029.0,1969.87,95.92999999999984,151.78999999999996,1,2,1.0
1299,2,2561.44,1694.44,110.17999999999984,80.11999999999989,1,2,1.0
1300,1,3030.68,1970.24,95.89000000000033,152.08999999999992,1,2,1.0
1300,2,2563.37,1694.38,110.28999999999996,80.29999999999995,1,2,1.0
1301,1,3032.36,1970.61,95.83999999999969,152.3900000000001,1,2,1.0
1301,2,2565.3,1694.33,110.39999999999964,80.47000000000003,1,2,1.0
1302,1,3032.9,1971.54,95.23000000000002,151.7800000000002,1,2,1.0
1302,2,2566.14,1694.15,110.24000000000024,79.86999999999989,1,2,1.0
1303,1,3033.43,1972.47,94.63000000000011,151.16999999999985,1,2,1.0
1303,2,2566.98,1693.98,110.07999999999993,79.25999999999999,1,2,1.0
1304,1,3033.97,1973.4,94.0300000000002,150.55999999999995,1,2,1.0
1304,2,2567.81,1693.8,109.94000000000005,78.66000000000008,1,2,1.0
1305,1,3034.5,1974.33,93.42999999999984,149.95000000000027,1,2,1.0
1305,2,2568.65,1693.62,109.77999999999975,78.06000000000017,1,2,1.0
1306,1,3035.04,1975.26,92.82000000000016,149.33999999999992,1,2,1.0
1306,2,2569.49,1693.45,109.62000000000035,77.45000000000005,1,2,1.0
1307,1,3035.58,1976.19,92.21000000000004,148.7199999999998,1,2,1.0
1307,2,2570.33,1693.27,109.46000000000004,76.84999999999991,1,2,1.0
1308,1,3036.11,1977.11,91.61999999999989,148.12000000000012,1,2,1.0
1308,2,2571.17,1693.09,109.30999999999995,76.25999999999999,1,2,1.0
1309,1,3035.88,1974.95,91.0,147.51,1,2,1.0
1309,2,2571.23,1690.98,109.15000000000009,75.65000000000009,1,2,1.0
1310,1,3035.64,1972.78,90.40000000000009,146.89999999999986,1,2,1.0
1310,2,2571.3,1688.87,108.98999999999978,75.05000000000018,1,2,1.0
1311,1,3035.4,1970.61,89.79999999999973,146.2900000000002,1,2,1.0
1311,2,2571.36,1686.75,108.83999999999969,74.45000000000005,1,2,1.0
1312,1,3033.58,1960.28,90.18000000000029,146.06999999999994,1,2,1.0
1312,2,2568.56,1679.12,109.13999999999987,73.69000000000005,1,2,1.0
1313,1,3033.12,1949.1,90.55000000000018,145.84000000000015,1,2,1.0
1313,2,2565.75,1671.49,109.44999999999982,72.92000000000007,1,2,1.0
1314,1,3032.65,1937.92,90.94000000000005,145.61000000000013,1,2,1.0
1314,2,2562.95,1663.85,109.75,72.17000000000007,1,2,1.0
1315,1,3032.19,1926.73,91.32000000000016,145.38999999999987,1,2,1.0
1315,2,2560.15,1656.22,110.04999999999973,71.41000000000008,1,2,1.0
1316,1,3029.3,1909.05,91.69999999999982,145.16000000000008,1,2,1.0
1316,2,2556.12,1646.35,110.36000000000013,70.65000000000009,1,2,1.0
1317,1,3026.42,1891.36,92.06999999999971,144.94000000000005,1,2,1.0
1317,2,2552.1,1636.48,110.66000000000031,69.88999999999987,1,2,1.0
1318,1,3023.49,1875.74,92.45000000000027,144.72000000000003,1,2,1.0
1318,2,2547.84,1627.89,110.9699999999998,69.12999999999988,1,2,1.0
1319,1,3020.55,1860.12,92.82999999999993,144.49,1,2,1.0
1319,2,2543.59,1619.3,111.26999999999998,68.37000000000012,1,2,1.0
1320,1,3017.62,1844.5,93.21000000000004,144.26999999999998,1,2,1.0
1320,2,2539.33,1610.71,111.57999999999993,67.6099999999999,1,2,1.0
1321,1,3014.69,1828.88,93.59000000000015,144.03999999999996,1,2,1.0
1321,2,2535.08,1602.11,111.86999999999989,66.85000000000014,1,2,1.0
1322,1,3011.76,1813.26,93.95999999999958,143.81999999999994,1,2,1.0
1322,2,2530.82,1593.52,112.17999999999984,66.08999999999992,1,2,1.0
1323,1,3010.34,1805.99,94.34999999999991,143.58999999999992,1,2,1.0
1323,2,2529.09,1588.73,112.48999999999978,65.32999999999993,1,2,1.0
1324,1,3008.93,1798.72,94.72000000000025,143.3599999999999,1,2,1.0
1324,2,2527.37,1583.93,112.78999999999996,64.56999999999994,1,2,1.0
1325,1,3007.51,1791.45,95.10999999999967,143.12999999999988,1,2,1.0
1325,2,2525.64,1579.13,113.09000000000015,63.809999999999945,1,2,1.0
1326,1,3006.1,1784.17,95.48000000000002,142.91999999999985,1,2,1.0
1326,2,2523.91,1574.33,113.40000000000009,63.06000000000017,1,2,1.0
1327,1,3004.68,1776.9,95.86000000000013,142.68999999999983,1,2,1.0
1327,2,2522.19,1569.54,113.69999999999982,62.289999999999964,1,2,1.0
1328,1,3003.27,1769.63,96.24000000000024,142.4599999999998,1,2,1.0
1328,2,2520.46,1564.74,114.00999999999976,61.52999999999997,1,2,1.0
1329,1,3001.85,1762.36,96.61999999999989,142.23000000000002,1,2,1.0
1329,2,2518.74,1559.94,114.30000000000018,60.76999999999998,1,2,1.0
1330,1,3000.44,1755.08,97.0,142.01999999999998,1,2,1.0
1330,2,2517.01,1555.14,114.60999999999967,60.01999999999998,1,2,1.0
1331,1,2999.02,1747.81,97.38000000000011,141.78999999999996,1,2,1.0
1331,2,2515.28,1550.35,114.91999999999962,59.25,1,2,1.0
1332,1,2998.54,1740.91,97.92999999999984,141.17999999999984,1,2,1.0
1332,2,2513.38,1546.06,114.81999999999971,58.450000000000045,1,2,1.0
1333,1,2998.05,1734.01,98.48999999999978,140.56999999999994,1,2,1.0
1333,2,2511.47,1541.78,114.72000000000025,57.6400000000001,1,2,1.0
1334,1,2996.29,1727.46,99.05000000000018,139.97000000000003,1,2,1.0
1334,2,2510.0,1537.35,114.61999999999989,56.830000000000155,1,2,1.0
1335,1,2994.53,1720.91,99.59999999999991,139.3599999999999,1,2,1.0
1335,2,2508.53,1532.93,114.52999999999975,56.01999999999998,1,2,1.0
1336,1,2992.77,1714.35,100.15999999999985,138.76,1,2,1.0
1336,2,2507.06,1528.5,114.42999999999984,55.210000000000036,1,2,1.0
1337,1,2991.01,1707.8,100.70999999999958,138.1500000000001,1,2,1.0
1337,2,2505.59,1524.07,114.32999999999993,54.40000000000009,1,2,1.0
1338,1,2988.2,1700.2,101.26999999999998,137.53999999999996,1,2,1.0
1338,2,2503.0,1519.44,114.23000000000002,53.59999999999991,1,2,1.0
1339,1,2985.38,1692.6,101.82999999999993,136.93000000000006,1,2,1.0
1339,2,2500.41,1514.81,114.13000000000011,52.789999999999964,1,2,1.0
1340,1,2982.57,1685.0,102.37999999999965,136.31999999999994,1,2,1.0
1340,2,2497.83,1510.18,114.0300000000002,51.98000000000002,1,2,1.0
1341,1,2979.76,1677.39,102.9399999999996,135.7199999999998,1,2,1.0
1341,2,2495.24,1505.55,113.93000000000029,51.17000000000007,1,2,1.0
1342,1,2976.95,1669.79,103.49000000000024,135.11000000000013,1,2,1.0
1342,2,2492.65,1500.91,113.83999999999969,50.36999999999989,1,2,1.0
1343,1,2974.14,1662.19,104.05000000000018,134.5,1,2,1.0
1343,2,2490.06,1496.28,113.74000000000024,49.559999999999945,1,2,1.0
1344,1,2969.7,1649.35,104.60000000000036,133.8900000000001,1,2,1.0
1344,2,2484.9,1488.9,113.63999999999987,48.74000000000001,1,2,1.0
1345,1,2965.26,1636.51,105.15999999999985,133.27999999999997,1,2,1.0
1345,2,2479.74,1481.51,113.54000000000042,47.940000000000055,1,2,1.0
1346,1,2960.82,1623.67,105.7199999999998,132.66999999999985,1,2,1.0
1346,2,2474.57,1474.12,113.44000000000005,47.1400000000001,1,2,1.0
1347,1,2956.39,1610.82,106.26999999999998,132.07000000000016,1,2,1.0
1347,2,2469.41,1466.74,113.34000000000015,46.319999999999936,1,2,1.0
1348,1,2951.95,1597.98,106.83000000000038,131.46000000000004,1,2,1.0
1348,2,2464.25,1459.35,113.23999999999978,45.51999999999998,1,2,1.0
1349,1,2947.51,1585.14,107.38999999999987,130.8499999999999,1,2,1.0
1349,2,2459.09,1451.96,113.13999999999987,44.710000000000036,1,2,1.0
1350,1,2942.06,1571.89,107.94000000000005,130.25,1,2,1.0
1350,2,2452.91,1443.56,113.03999999999996,43.90000000000009,1,2,1.0
1351,1,2936.6,1558.64,108.5,129.63999999999987,1,2,1.0
1351,2,2446.73,1435.16,112.94999999999982,43.08999999999992,1,2,1.0
1352,1,2931.15,1545.4,109.04999999999973,129.01999999999998,1,2,1.0
1352,2,2440.55,1426.76,112.84999999999991,42.27999999999997,1,2,1.0
1353,1,2925.69,1532.15,109.61000000000013,128.41999999999985,1,2,1.0
1353,2,2434.37,1418.35,112.75,41.48000000000002,1,2,1.0
1354,1,2919.32,1519.51,110.16999999999962,127.80999999999995,1,2,1.0
1354,2,2428.19,1411.17,112.65000000000009,40.669999999999845,1,2,1.0
1355,1,2912.95,1506.87,110.73000000000002,127.21000000000004,1,2,1.0
1355,2,2422.01,1403.99,112.55999999999995,39.8599999999999,1,2,1.0
1356,1,2906.59,1494.23,111.26999999999998,126.59999999999991,1,2,1.0
1356,2,2415.83,1396.81,112.46000000000004,39.049999999999955,1,2,1.0
1357,1,2900.22,1481.59,111.83000000000038,125.99000000000001,1,2,1.0
1357,2,2409.65,1389.62,112.36000000000013,38.24000000000001,1,2,1.0
1358,1,2893.85,1468.96,112.38999999999987,125.37999999999988,1,2,1.0
1358,2,2403.47,1382.44,112.26000000000022,37.429999999999836,1,2,1.0
1359,1,2887.48,1456.32,112.94999999999982,124.76999999999998,1,2,1.0
1359,2,2397.29,1375.26,112.17000000000007,36.62000000000012,1,2,1.0
1360,1,2881.11,1443.68,113.5,124.16999999999985,1,2,1.0
1360,2,2391.12,1368.07,112.05999999999995,35.820000000000164,1,2,1.0
1361,1,2874.74,1431.04,114.0600000000004,123.55999999999995,1,2,1.0
1361,2,2384.94,1360.89,111.96000000000004,35.00999999999999,1,2,1.0
1362,1,2868.42,1420.25,114.31999999999971,122.59999999999991,1,2,1.0
1362,2,2378.75,1354.29,111.76999999999998,35.3900000000001,1,2,1.0
1363,1,2862.11,1409.45,114.55999999999995,121.64999999999986,1,2,1.0
1363,2,2372.57,1347.69,111.57999999999993,35.76999999999998,1,2,1.0
1364,1,2855.79,1398.65,114.82000000000016,120.69999999999982,1,2,1.0
1364,2,2366.39,1341.09,111.38000000000011,36.15000000000009,1,2,1.0
1365,1,2849.47,1387.86,115.08000000000038,119.73000000000002,1,2,1.0
1365,2,2360.21,1334.49,111.19000000000005,36.52999999999997,1,2,1.0
1366,1,2843.15,1377.06,115.33999999999969,118.77999999999997,1,2,1.0
1366,2,2354.03,1327.89,110.98999999999978,36.909999999999854,1,2,1.0
1367,1,2837.46,1368.3,115.59000000000015,117.81999999999994,1,2,1.0
1367,2,2348.68,1321.5,110.80000000000018,37.299999999999955,1,2,1.0
1368,1,2831.77,1359.54,115.84000000000015,116.87000000000012,1,2,1.0
1368,2,2343.34,1315.12,110.60999999999967,37.67000000000007,1,2,1.0
1369,1,2826.08,1350.77,116.09999999999991,115.92000000000007,1,2,1.0
1369,2,2337.99,1308.73,110.42000000000007,38.059999999999945,1,2,1.0
1370,1,2820.39,1342.01,116.34999999999991,114.96000000000004,1,2,1.0
1370,2,2332.65,1302.34,110.2199999999998,38.440000000000055,1,2,1.0
1371,1,2814.7,1333.25,116.60000000000036,114.0,1,2,1.0
1371,2,2327.3,1295.96,110.02999999999975,38.819999999999936,1,2,1.0
1372,1,2808.6,1324.33,116.86000000000013,113.03999999999996,1,2,1.0
1372,2,2321.19,1290.48,109.84000000000015,39.200000000000045,1,2,1.0
1373,1,2802.5,1315.41,117.11000000000013,112.08999999999992,1,2,1.0
1373,2,2315.09,1284.99,109.63999999999987,39.57999999999993,1,2,1.0
1374,1,2796.39,1306.49,117.37000000000035,111.12999999999988,1,2,1.0
1374,2,2308.98,1279.51,109.44999999999982,39.960000000000036,1,2,1.0
1375,1,2790.29,1297.57,117.61999999999989,110.18000000000006,1,2,1.0
1375,2,2302.87,1274.03,109.26000000000022,40.33999999999992,1,2,1.0
1376,1,2784.19,1288.65,117.88000000000011,109.2199999999998,1,2,1.0
1376,2,2296.76,1268.55,109.06999999999971,40.72000000000003,1,2,1.0
1377,1,2778.09,1279.73,118.12999999999965,108.26999999999998,1,2,1.0
1377,2,2290.66,1263.06,108.86000000000013,41.11000000000013,1,2,1.0
1378,1,2771.57,1272.15,117.83999999999969,108.67999999999984,1,2,1.0
1378,2,2285.63,1258.33,108.67999999999984,41.49000000000001,1,2,1.0
1379,1,2765.06,1264.57,117.55000000000018,109.10000000000014,1,2,1.0
1379,2,2280.61,1253.6,108.48000000000002,41.87000000000012,1,2,1.0
1380,1,2758.54,1256.98,117.26000000000022,109.51999999999998,1,2,1.0
1380,2,2275.58,1248.88,108.28999999999996,42.23999999999978,1,2,1.0
1381,1,2752.04,1249.37,117.59999999999991,108.36000000000013,1,2,1.0
1381,2,2269.31,1244.3,108.09999999999991,42.62000000000012,1,2,1.0
1382,1,2745.54,1241.77,117.92999999999984,107.19000000000005,1,2,1.0
1382,2,2263.04,1239.72,107.90999999999985,43.0,1,2,1.0
1383,1,2739.04,1234.16,118.26999999999998,106.02999999999997,1,2,1.0
1383,2,2256.77,1235.14,107.71000000000004,43.38999999999987,1,2,1.0
1384,1,2732.54,1226.55,118.59999999999991,104.87000000000012,1,2,1.0
1384,2,2250.5,1230.56,107.51999999999998,43.76999999999998,1,2,1.0
1385,1,2726.04,1218.94,118.94000000000005,103.71000000000004,1,2,1.0
1385,2,2244.23,1225.98,107.32999999999993,44.15000000000009,1,2,1.0
1386,1,2719.18,1212.03,119.2800000000002,102.54999999999995,1,2,1.0
1386,2,2237.96,1221.29,107.13000000000011,44.52999999999997,1,2,1.0
1387,1,2712.33,1205.13,119.61000000000013,101.38999999999987,1,2,1.0
1387,2,2231.69,1216.6,106.94000000000005,44.91000000000008,1,2,1.0
1388,1,2705.47,1198.22,119.95000000000027,100.23000000000002,1,2,1.0
1388,2,2225.42,1211.91,106.75,45.299999999999955,1,2,1.0
1389,1,2698.62,1191.32,120.28999999999996,99.06000000000017,1,2,1.0
1389,2,2219.15,1207.23,106.54999999999973,45.67000000000007,1,2,1.0
1390,1,2691.77,1184.42,120.61999999999989,97.89999999999986,1,2,1.0
1390,2,2212.88,1202.54,106.35999999999967,46.049999999999955,1,2,1.0
1391,1,2684.91,1177.51,120.96000000000004,96.74000000000001,1,2,1.0
1391,2,2206.61,1198.01,106.15999999999985,46.440000000000055,1,2,1.0
1392,1,2678.06,1170.61,121.30000000000018,95.58000000000015,1,2,1.0
1392,2,2200.34,1193.49,105.9699999999998,46.809999999999945,1,2,1.0
1393,1,2671.21,1163.7,121.63000000000011,94.41999999999985,1,2,1.0
1393,2,2194.07,1188.96,105.77999999999975,47.200000000000045,1,2,1.0
1394,1,2664.35,1156.8,121.97000000000025,93.25999999999999,1,2,1.0
1394,2,2187.8,1184.44,105.57999999999993,47.57999999999993,1,2,1.0
1395,1,2657.5,1149.89,122.30000000000018,92.09999999999991,1,2,1.0
1395,2,2181.53,1179.91,105.38999999999987,47.95999999999981,1,2,1.0
1396,1,2650.4,1143.48,122.63999999999987,90.93000000000006,1,2,1.0
1396,2,2175.26,1176.04,105.19999999999982,48.340000000000146,1,2,1.0
1397,1,2643.31,1137.06,122.97000000000025,89.76999999999998,1,2,1.0
1397,2,2168.99,1172.16,105.0,48.72000000000003,1,2,1.0
1398,1,2636.21,1130.64,123.30999999999995,88.61999999999989,1,2,1.0
1398,2,2162.72,1168.29,104.8100000000004,49.100000000000136,1,2,1.0
1399,1,2629.11,1124.23,123.65000000000009,87.45000000000005,1,2,1.0
1399,2,2156.45,1164.41,104.61000000000013,49.48000000000002,1,2,1.0
1400,1,2622.01,1117.81,123.98999999999978,86.28999999999996,1,2,1.0
1400,2,2150.18,1160.54,104.42000000000007,49.86000000000013,1,2,1.0
1401,1,2615.53,1109.78,125.06999999999971,91.42000000000007,1,2,1.0
1401,2,2144.16,1155.4,106.84000000000015,53.659999999999854,1,2,1.0
1402,1,2612.33,1106.57,124.82999999999993,90.58000000000015,1,2,1.0
1402,2,2140.99,1153.69,106.23000000000002,53.179999999999836,1,2,1.0
1403,1,2609.12,1103.37,124.59000000000015,89.72000000000003,1,2,1.0
1403,2,2137.83,1151.99,105.61000000000013,52.690000000000055,1,2,1.0
1404,1,2605.91,1100.16,124.36000000000013,88.87999999999988,1,2,1.0
1404,2,2134.66,1150.28,105.0,52.210000000000036,1,2,1.0
1405,1,2602.71,1096.95,124.11000000000013,88.03999999999996,1,2,1.0
1405,2,2131.5,1148.57,104.38000000000011,51.72000000000003,1,2,1.0
1406,1,2595.23,1091.3,123.88000000000011,87.19000000000005,1,2,1.0
1406,2,2124.67,1145.04,103.76999999999998,51.23000000000002,1,2,1.0
1407,1,2587.76,1085.66,123.63999999999987,86.33999999999992,1,2,1.0
1407,2,2117.84,1141.5,103.15999999999985,50.75,1,2,1.0
1408,1,2573.51,1073.6,123.63999999999987,86.34000000000015,1,2,1.0
1408,2,2106.15,1135.65,102.40000000000009,52.57999999999993,1,2,1.0
1409,1,2559.25,1061.54,123.63999999999987,86.34000000000015,1,2,1.0
1409,2,2094.46,1129.8,101.63999999999987,54.41000000000008,1,2,1.0
1410,1,2542.2,1049.4,124.07000000000016,84.29999999999995,1,2,1.0
1410,2,2079.19,1123.22,101.19999999999982,55.86999999999989,1,2,1.0
1411,1,2525.15,1037.27,124.50999999999976,82.25999999999999,1,2,1.0
1411,2,2063.92,1116.64,100.76999999999998,57.33999999999992,1,2,1.0
1412,1,2506.06,1025.14,124.94000000000005,80.20999999999981,1,2,1.0
1412,2,2047.3,1110.06,100.31999999999994,58.799999999999955,1,2,1.0
1413,1,2486.97,1013.0,125.38000000000011,78.18000000000006,1,2,1.0
1413,2,2030.68,1103.48,99.87999999999988,60.26999999999998,1,2,1.0
1414,1,2467.89,1000.87,125.80999999999995,76.13,1,2,1.0
1414,2,2014.05,1096.9,99.45000000000005,61.73000000000002,1,2,1.0
1415,1,2449.24,988.37,125.8100000000004,75.38999999999999,1,2,1.0
1415,2,1998.17,1093.14,99.44000000000005,61.72999999999979,1,2,1.0
1416,1,2430.6,975.86,125.80000000000018,74.66999999999996,1,2,1.0
1416,2,1982.28,1089.38,99.43999999999983,61.72999999999979,1,2,1.0
1417,1,2411.96,963.36,125.78999999999996,73.92999999999995,1,2,1.0
1417,2,1966.39,1085.62,99.45000000000005,61.73000000000002,1,2,1.0
1418,1,2400.09,957.63,125.77999999999975,73.19999999999993,1,2,1.0
1418,2,1956.6,1083.22,99.45000000000027,61.73000000000002,1,2,1.0
1419,1,2388.22,951.9,125.7800000000002,72.46999999999991,1,2,1.0
1419,2,1946.81,1080.82,99.45000000000005,61.73000000000002,1,2,1.0
1420,1,2383.42,949.33,125.75,72.11000000000001,1,2,1.0
1420,2,1942.45,1079.45,99.45000000000005,61.73000000000002,1,2,1.0
1421,1,2378.63,946.75,125.71000000000004,71.75,1,2,1.0
1421,2,1938.09,1078.08,99.45000000000005,61.73000000000002,1,2,1.0
1422,1,2373.84,944.18,125.65999999999985,71.3900000000001,1,2,1.0
1422,2,1933.73,1076.72,99.45000000000005,61.73000000000002,1,2,1.0
1423,1,2369.04,941.61,125.63000000000011,71.01999999999998,1,2,1.0
1423,2,1929.37,1075.35,99.45000000000005,61.73000000000002,1,2,1.0
1424,1,2364.25,939.04,125.59000000000015,70.65000000000009,1,2,1.0
1424,2,1925.01,1073.98,99.45000000000005,61.73000000000002,1,2,1.0
1425,1,2359.46,936.46,125.55000000000018,70.29999999999995,1,2,1.0
1425,2,1920.65,1072.61,99.44999999999982,61.73000000000002,1,2,1.0
1426,1,2357.1,935.31,125.51999999999998,69.94000000000005,1,2,1.0
1426,2,1918.32,1071.65,99.45000000000005,61.73000000000002,1,2,1.0
1427,1,2354.75,934.16,125.4699999999998,69.57000000000005,1,2,1.0
1427,2,1916.0,1070.69,99.44000000000005,61.73000000000002,1,2,1.0
1428,1,2352.39,933.01,125.44000000000005,69.21000000000004,1,2,1.0
1428,2,1913.67,1069.73,99.43999999999983,61.73000000000002,1,2,1.0
1429,1,2350.04,931.86,125.40000000000009,68.85000000000002,1,2,1.0
1429,2,1911.34,1068.77,99.45000000000005,61.73000000000002,1,2,1.0
1430,1,2347.68,930.71,125.37000000000035,68.48000000000002,1,2,1.0
1430,2,1909.01,1067.81,99.45000000000005,61.73000000000002,1,2,1.0
1431,1,2345.33,929.56,125.32000000000016,68.12,1,2,1.0
1431,2,1906.69,1066.85,99.44000000000005,61.73000000000002,1,2,1.0
1432,1,2342.98,928.41,125.2800000000002,67.75999999999999,1,2,1.0
1432,2,1904.36,1065.89,99.44000000000005,61.72999999999979,1,2,1.0
1433,1,2340.62,927.26,125.25,67.38999999999999,1,2,1.0
1433,2,1902.03,1064.93,99.45000000000005,61.73000000000002,1,2,1.0
1434,1,2338.27,926.11,125.21000000000004,67.02999999999997,1,2,1.0
1434,2,1899.7,1063.97,99.45000000000005,61.73000000000002,1,2,1.0
1435,1,2335.91,924.96,125.17000000000007,66.66999999999996,1,2,1.0
1435,2,1897.38,1063.01,99.43999999999983,61.72000000000003,1,2,1.0
1436,1,2333.56,923.81,125.13000000000011,66.30000000000007,1,2,1.0
1436,2,1895.05,1062.04,99.45000000000005,61.73000000000002,1,2,1.0
1437,1,2331.2,922.66,125.10000000000036,65.94000000000005,1,2,1.0
1437,2,1892.72,1061.08,99.45000000000005,61.73000000000002,1,2,1.0
1438,1,2322.27,918.46,124.99000000000024,65.42999999999995,1,2,1.0
1438,2,1884.57,1059.49,99.45000000000005,61.8599999999999,1,2,1.0
1439,1,2313.33,914.27,124.88000000000011,64.90999999999997,1,2,1.0
1439,2,1876.42,1057.89,99.44999999999982,62.0,1,2,1.0
1440,1,2304.4,910.07,124.76999999999998,64.39999999999998,1,2,1.0
1440,2,1868.27,1056.29,99.45000000000005,62.13000000000011,1,2,1.0
1441,1,2295.46,905.87,124.67000000000007,63.879999999999995,1,2,1.0
1441,2,1860.12,1054.69,99.45000000000005,62.26999999999998,1,2,1.0
1442,1,2283.63,901.28,125.23000000000002,63.629999999999995,1,2,1.0
1442,2,1850.83,1053.24,99.18000000000006,63.75999999999999,1,2,1.0
1443,1,2271.81,896.68,125.78999999999996,63.3900000000001,1,2,1.0
1443,2,1841.55,1051.78,98.90000000000009,65.25999999999999,1,2,1.0
1444,1,2259.98,892.09,126.34999999999991,63.139999999999986,1,2,1.0
1444,2,1832.26,1050.32,98.63000000000011,66.75999999999999,1,2,1.0
1445,1,2248.15,887.5,126.92000000000007,62.879999999999995,1,2,1.0
1445,2,1822.97,1048.87,98.36999999999989,68.25,1,2,1.0
1446,1,2236.33,882.91,127.47000000000025,62.629999999999995,1,2,1.0
1446,2,1813.69,1047.41,98.08999999999992,69.75,1,2,1.0
1447,1,2224.5,878.31,128.03999999999996,62.3900000000001,1,2,1.0
1447,2,1804.4,1045.96,97.81999999999994,71.24000000000001,1,2,1.0
1448,1,2213.92,875.01,127.69000000000005,61.77999999999997,1,2,1.0
1448,2,1795.0,1045.4,97.92000000000007,70.88999999999987,1,2,1.0
1449,1,2203.34,871.7,127.33999999999969,61.17999999999995,1,2,1.0
1449,2,1785.6,1044.84,98.00999999999999,70.55000000000018,1,2,1.0
1450,1,2192.75,868.4,127.01000000000022,60.57000000000005,1,2,1.0
1450,2,1776.2,1044.28,98.1099999999999,70.20000000000005,1,2,1.0
1451,1,2182.17,865.09,126.65999999999985,59.95999999999992,1,2,1.0
1451,2,1766.8,1043.72,98.21000000000004,69.8599999999999,1,2,1.0
1452,1,2177.09,863.25,126.31999999999971,59.360000000000014,1,2,1.0
1452,2,1761.69,1043.42,98.29999999999995,69.51999999999998,1,2,1.0
1453,1,2172.01,861.41,125.9699999999998,58.75,1,2,1.0
1453,2,1756.58,1043.13,98.40000000000009,69.16999999999985,1,2,1.0
1454,1,2166.93,859.57,125.63000000000011,58.139999999999986,1,2,1.0
1454,2,1751.47,1042.84,98.49000000000001,68.82000000000016,1,2,1.0
1455,1,2161.85,857.72,125.2800000000002,57.539999999999964,1,2,1.0
1455,2,1746.36,1042.54,98.59000000000015,68.48000000000002,1,2,1.0
1456,1,2156.77,855.88,124.94000000000005,56.92999999999995,1,2,1.0
1456,2,1741.24,1042.25,98.70000000000005,68.13000000000011,1,2,1.0
1457,1,2151.69,854.04,124.59000000000015,56.32000000000005,1,2,1.0
1457,2,1736.13,1041.96,98.78999999999996,67.78999999999996,1,2,1.0
1458,1,2146.61,852.2,124.25,55.70999999999992,1,2,1.0
1458,2,1731.02,1041.66,98.8900000000001,67.44999999999982,1,2,1.0
1459,1,2143.06,852.37,123.90000000000009,55.110000000000014,1,2,1.0
1459,2,1728.41,1041.78,98.98000000000002,67.08999999999992,1,2,1.0
1460,1,2139.51,852.54,123.55999999999995,54.5,1,2,1.0
1460,2,1725.79,1041.89,99.07999999999993,66.75,1,2,1.0
1461,1,2140.84,852.71,123.21000000000004,53.89999999999998,1,2,1.0
1461,2,1726.23,1041.39,99.17000000000007,66.40999999999985,1,2,1.0
1462,1,2142.16,852.88,122.87000000000035,53.289999999999964,1,2,1.0
1462,2,1726.66,1040.89,99.27999999999997,66.06999999999994,1,2,1.0
1463,1,2143.49,853.05,122.5300000000002,52.690000000000055,1,2,1.0
1463,2,1727.1,1040.4,99.37000000000012,65.70999999999981,1,2,1.0
1464,1,2144.82,853.22,122.17999999999984,52.07999999999993,1,2,1.0
1464,2,1727.53,1039.9,99.47000000000003,65.36999999999989,1,2,1.0
1465,1,2145.63,853.27,122.17999999999984,52.07000000000005,1,2,1.0
1465,2,1727.74,1039.49,99.37999999999988,65.08999999999992,1,2,1.0
1466,1,2146.45,853.31,122.18000000000029,52.07000000000005,1,2,1.0
1466,2,1727.94,1039.09,99.30999999999995,64.79000000000019,1,2,1.0
1467,1,2147.26,853.35,122.17999999999984,52.069999999999936,1,2,1.0
1467,2,1728.15,1038.68,99.2199999999998,64.50999999999999,1,2,1.0
1468,1,2148.07,853.39,122.17999999999984,52.07000000000005,1,2,1.0
1468,2,1728.35,1038.28,99.15000000000009,64.22000000000003,1,2,1.0
1469,1,2149.33,853.88,122.19000000000005,52.08000000000004,1,2,1.0
1469,2,1729.13,1037.38,99.06999999999994,63.93999999999983,1,2,1.0
1470,1,2150.6,854.38,122.18000000000029,52.07000000000005,1,2,1.0
1470,2,1729.92,1036.49,98.99000000000001,63.65000000000009,1,2,1.0
1471,1,2151.86,854.87,122.17999999999984,52.08000000000004,1,2,1.0
1471,2,1730.7,1035.59,98.90999999999985,63.37000000000012,1,2,1.0
1472,1,2153.12,855.37,122.18000000000029,52.07000000000005,1,2,1.0
1472,2,1731.49,1034.7,98.82999999999993,63.07999999999993,1,2,1.0
1473,1,2154.38,855.86,122.17999999999984,52.08000000000004,1,2,1.0
1473,2,1732.27,1033.81,98.75,62.789999999999964,1,2,1.0
1474,1,2153.32,855.38,122.17999999999984,52.07000000000005,1,2,1.0
1474,2,1731.48,1033.54,98.67000000000007,62.5,1,2,1.0
1475,1,2152.26,854.9,122.17999999999984,52.07000000000005,1,2,1.0
1475,2,1730.68,1033.26,98.58999999999992,62.22000000000003,1,2,1.0
1476,1,2151.2,854.42,122.18000000000029,52.07000000000005,1,2,1.0
1476,2,1729.88,1032.99,98.50999999999999,61.930000000000064,1,2,1.0
1477,1,2150.14,853.93,122.18000000000029,52.08000000000004,1,2,1.0
1477,2,1729.09,1032.72,98.43000000000006,61.649999999999864,1,2,1.0
1478,1,2149.07,853.45,122.19000000000005,52.07999999999993,1,2,1.0
1478,2,1728.29,1032.45,98.35000000000014,61.3599999999999,1,2,1.0
1479,1,2148.01,852.97,122.1899999999996,52.07999999999993,1,2,1.0
1479,2,1727.5,1032.18,98.26999999999998,61.069999999999936,1,2,1.0
1480,1,2143.29,850.86,122.19000000000005,52.08000000000004,1,2,1.0
1480,2,1723.85,1032.32,98.19000000000005,60.77999999999997,1,2,1.0
1481,1,2138.57,848.75,122.19000000000005,52.08000000000004,1,2,1.0
1481,2,1720.21,1032.45,98.1099999999999,60.5,1,2,1.0
1482,1,2133.85,846.65,122.19000000000005,52.07000000000005,1,2,1.0
1482,2,1716.57,1032.59,98.02999999999997,60.210000000000036,1,2,1.0
1483,1,2129.36,845.4,122.19000000000005,52.08000000000004,1,2,1.0
1483,2,1712.81,1031.97,97.99000000000001,61.32999999999993,1,2,1.0
1484,1,2124.87,844.16,122.18000000000029,52.08000000000004,1,2,1.0
1484,2,1709.04,1031.36,97.96000000000004,62.440000000000055,1,2,1.0
1485,1,2120.38,842.92,122.17999999999984,52.07000000000005,1,2,1.0
1485,2,1705.28,1030.74,97.92000000000007,63.559999999999945,1,2,1.0
1486,1,2115.89,841.68,122.18000000000029,52.07000000000005,1,2,1.0
1486,2,1700.97,1030.76,97.88999999999987,63.41000000000008,1,2,1.0
1487,1,2111.4,840.43,122.17999999999984,52.08000000000004,1,2,1.0
1487,2,1696.66,1030.78,97.8599999999999,63.25999999999999,1,2,1.0
1488,1,2106.91,839.19,122.18000000000029,52.07999999999993,1,2,1.0
1488,2,1692.36,1030.8,97.81000000000017,63.11000000000013,1,2,1.0
1489,1,2102.42,837.95,122.17999999999984,52.069999999999936,1,2,1.0
1489,2,1688.05,1030.83,97.77999999999997,62.950000000000045,1,2,1.0
1490,1,2097.93,836.71,122.18000000000029,52.069999999999936,1,2,1.0
1490,2,1683.74,1030.85,97.75,62.79000000000019,1,2,1.0
1491,1,2093.43,835.46,122.19000000000005,52.07999999999993,1,2,1.0
1491,2,1679.44,1030.87,97.71000000000004,62.6400000000001,1,2,1.0
1492,1,2089.6,834.22,122.18000000000029,52.07999999999993,1,2,1.0
1492,2,1675.97,1030.89,97.67000000000007,62.49000000000001,1,2,1.0
1493,1,2085.77,832.98,122.17999999999984,52.069999999999936,1,2,1.0
1493,2,1672.5,1030.91,97.6400000000001,62.33999999999992,1,2,1.0
1494,1,2081.93,831.74,122.18000000000029,52.069999999999936,1,2,1.0
1494,2,1669.03,1030.93,97.60000000000014,62.18999999999983,1,2,1.0
1495,1,2078.1,830.49,122.18000000000029,52.08000000000004,1,2,1.0
1495,2,1665.56,1030.95,97.57000000000016,62.039999999999964,1,2,1.0
1496,1,2074.26,829.25,122.1899999999996,52.08000000000004,1,2,1.0
1496,2,1662.1,1030.97,97.5300000000002,61.88999999999987,1,2,1.0
1497,1,2070.43,828.01,122.18000000000029,52.07000000000005,1,2,1.0
1497,2,1658.63,1030.99,97.48999999999978,61.74000000000001,1,2,1.0
1498,1,2066.6,826.77,122.18000000000029,52.07000000000005,1,2,1.0
1498,2,1655.16,1031.02,97.45999999999981,61.569999999999936,1,2,1.0
1499,1,2062.76,825.52,122.17999999999984,52.08000000000004,1,2,1.0
1499,2,1651.69,1031.04,97.41999999999985,61.42000000000007,1,2,1.0
1500,1,2058.93,824.28,122.18000000000029,52.08000000000004,1,2,1.0
1500,2,1648.22,1031.06,97.38999999999987,61.26999999999998,1,2,1.0
1501,1,2055.09,823.04,122.19000000000005,52.07000000000005,1,2,1.0
1501,2,1644.75,1031.08,97.34999999999991,61.12000000000012,1,2,1.0
1502,1,2051.26,821.8,122.17999999999984,52.07000000000005,1,2,1.0
1502,2,1641.28,1031.1,97.31999999999994,60.97000000000003,1,2,1.0
1503,1,2049.28,821.52,122.17999999999984,51.930000000000064,1,2,1.0
1503,2,1639.58,1030.58,97.31000000000017,61.51999999999998,1,2,1.0
1504,1,2047.3,821.24,122.18000000000006,51.799999999999955,1,2,1.0
1504,2,1637.87,1030.07,97.32000000000016,62.049999999999955,1,2,1.0
1505,1,2045.32,820.96,122.19000000000028,51.65999999999997,1,2,1.0
1505,2,1636.17,1029.55,97.30999999999995,62.600000000000136,1,2,1.0
1506,1,2043.35,820.68,122.18000000000029,51.520000000000095,1,2,1.0
1506,2,1634.46,1029.03,97.31999999999994,63.15000000000009,1,2,1.0
1507,1,2041.37,820.4,122.18000000000029,51.379999999999995,1,2,1.0
1507,2,1632.76,1028.52,97.30999999999995,63.690000000000055,1,2,1.0
1508,1,2039.39,820.12,122.18000000000006,51.25,1,2,1.0
1508,2,1631.05,1028.0,97.31999999999994,64.23000000000002,1,2,1.0
1509,1,2037.41,819.85,122.18000000000006,51.10000000000002,1,2,1.0
1509,2,1629.35,1027.48,97.31000000000017,64.77999999999997,1,2,1.0
1510,1,2035.43,819.57,122.18999999999983,50.95999999999992,1,2,1.0
1510,2,1627.64,1026.97,97.31999999999994,65.31999999999994,1,2,1.0
1511,1,2033.46,819.29,122.17999999999984,50.82000000000005,1,2,1.0
1511,2,1625.93,1026.45,97.31999999999994,65.86999999999989,1,2,1.0
1512,1,2031.48,819.01,122.17999999999984,50.680000000000064,1,2,1.0
1512,2,1624.23,1025.93,97.31999999999994,66.40999999999985,1,2,1.0
1513,1,2029.5,818.73,122.17999999999984,50.549999999999955,1,2,1.0
1513,2,1622.52,1025.42,97.31999999999994,66.94999999999982,1,2,1.0
1514,1,2027.52,818.45,122.17999999999984,50.40999999999997,1,2,1.0
1514,2,1620.82,1024.9,97.31000000000017,67.5,1,2,1.0
1515,1,2026.02,818.18,122.17999999999984,50.260000000000105,1,2,1.0
1515,2,1619.11,1024.86,97.32000000000016,67.04000000000019,1,2,1.0
1516,1,2024.51,817.9,122.18000000000006,50.120000000000005,1,2,1.0
1516,2,1617.41,1024.82,97.30999999999995,66.58000000000015,1,2,1.0
1517,1,2023.01,817.62,122.18000000000006,49.99000000000001,1,2,1.0
1517,2,1615.7,1024.77,97.31999999999994,66.13000000000011,1,2,1.0
1518,1,2021.5,817.34,122.19000000000005,49.85000000000002,1,2,1.0
1518,2,1614.0,1024.73,97.30999999999995,65.67000000000007,1,2,1.0
1519,1,2020.0,817.06,122.17999999999984,49.710000000000036,1,2,1.0
1519,2,1612.29,1024.69,97.31999999999994,65.21000000000004,1,2,1.0
1520,1,2018.5,816.78,122.17999999999984,49.57000000000005,1,2,1.0
1520,2,1610.59,1024.65,97.31000000000017,64.75,1,2,1.0
1521,1,2016.99,816.51,122.18000000000006,49.430000000000064,1,2,1.0
1521,2,1608.88,1024.61,97.31999999999994,64.29000000000019,1,2,1.0
1522,1,2015.49,816.23,122.18000000000006,49.289999999999964,1,2,1.0
1522,2,1607.17,1024.56,97.31999999999994,63.840000000000146,1,2,1.0
1523,1,2013.98,815.95,122.17999999999984,49.14999999999998,1,2,1.0
1523,2,1605.47,1024.52,97.30999999999995,63.38000000000011,1,2,1.0
1524,1,2013.03,815.9,122.18000000000006,49.14999999999998,1,2,1.0
1524,2,1604.47,1024.04,97.31999999999994,63.309999999999945,1,2,1.0
1525,1,2012.07,815.86,122.19000000000028,49.14999999999998,1,2,1.0
1525,2,1603.47,1023.56,97.31999999999994,63.23000000000002,1,2,1.0
1526,1,2011.12,815.81,122.18000000000029,49.15000000000009,1,2,1.0
1526,2,1602.48,1023.08,97.30999999999995,63.15999999999997,1,2,1.0
1527,1,2010.17,815.77,122.17999999999984,49.14999999999998,1,2,1.0
1527,2,1601.48,1022.6,97.30999999999995,63.08000000000004,1,2,1.0
1528,1,2009.21,815.72,122.17999999999984,49.14999999999998,1,2,1.0
1528,2,1600.48,1022.12,97.31999999999994,63.010000000000105,1,2,1.0
1529,1,2008.26,815.67,122.18000000000006,49.16000000000008,1,2,1.0
1529,2,1599.48,1021.64,97.31999999999994,62.92999999999995,1,2,1.0
1530,1,2007.3,815.63,122.18999999999983,49.14999999999998,1,2,1.0
1530,2,1598.48,1021.16,97.31999999999994,62.860000000000014,1,2,1.0
1531,1,2007.02,815.51,122.19000000000005,49.14999999999998,1,2,1.0
1531,2,1598.01,1020.83,97.31999999999994,62.77999999999986,1,2,1.0
1532,1,2006.74,815.39,122.18000000000006,49.14999999999998,1,2,1.0
1532,2,1597.54,1020.5,97.30999999999995,62.700000000000045,1,2,1.0
1533,1,2006.46,815.27,122.17999999999984,49.14999999999998,1,2,1.0
1533,2,1597.06,1020.17,97.32000000000016,62.620000000000005,1,2,1.0
1534,1,2006.18,815.15,122.18000000000006,49.14999999999998,1,2,1.0
1534,2,1596.59,1019.84,97.32000000000016,62.55000000000007,1,2,1.0
1535,1,2005.9,815.03,122.17999999999984,49.14999999999998,1,2,1.0
1535,2,1596.12,1019.5,97.31000000000017,62.48000000000002,1,2,1.0
1536,1,2005.62,814.91,122.18000000000029,49.14999999999998,1,2,1.0
1536,2,1595.64,1019.17,97.31999999999994,62.39999999999998,1,2,1.0
1537,1,2005.34,814.79,122.18000000000006,49.15000000000009,1,2,1.0
1537,2,1595.17,1018.84,97.31999999999994,62.33000000000004,1,2,1.0
1538,1,2005.06,814.67,122.17999999999984,49.15000000000009,1,2,1.0
1538,2,1594.7,1018.51,97.30999999999995,62.25,1,2,1.0
1539,1,2004.77,814.55,122.19000000000005,49.15000000000009,1,2,1.0
1539,2,1594.22,1018.18,97.31999999999994,62.16999999999996,1,2,1.0
1540,1,2004.49,814.43,122.18000000000006,49.15000000000009,1,2,1.0
1540,2,1593.75,1017.85,97.30999999999995,62.09000000000003,1,2,1.0
1541,1,2004.21,814.31,122.17999999999984,49.16000000000008,1,2,1.0
1541,2,1593.28,1017.51,97.30999999999995,62.02999999999997,1,2,1.0
1542,1,2005.12,814.33,122.18000000000029,49.14999999999998,1,2,1.0
1542,2,1593.99,1016.92,97.31999999999994,61.94999999999993,1,2,1.0
1543,1,2006.03,814.34,122.18000000000006,49.14999999999998,1,2,1.0
1543,2,1594.7,1016.32,97.31999999999994,61.870000000000005,1,2,1.0
1544,1,2006.93,814.35,122.18000000000006,49.14999999999998,1,2,1.0
1544,2,1595.42,1015.73,97.30999999999995,61.789999999999964,1,2,1.0
1545,1,2007.84,814.36,122.18000000000006,49.14999999999998,1,2,1.0
1545,2,1596.13,1015.13,97.31999999999994,61.719999999999914,1,2,1.0
1546,1,2008.75,814.38,122.17999999999984,49.14999999999998,1,2,1.0
1546,2,1596.85,1014.53,97.31000000000017,61.65000000000009,1,2,1.0
1547,1,2009.65,814.39,122.17999999999984,49.14999999999998,1,2,1.0
1547,2,1597.56,1013.94,97.32000000000016,61.569999999999936,1,2,1.0
1548,1,2010.56,814.4,122.17999999999984,49.14999999999998,1,2,1.0
1548,2,1598.28,1013.34,97.30999999999995,61.499999999999886,1,2,1.0
1549,1,2011.47,814.41,122.18000000000006,49.14999999999998,1,2,1.0
1549,2,1598.99,1012.75,97.31999999999994,61.42000000000007,1,2,1.0
1550,1,2012.37,814.42,122.18000000000029,49.16000000000008,1,2,1.0
1550,2,1599.7,1012.15,97.31999999999994,61.35000000000002,1,2,1.0
1551,1,2013.28,814.44,122.18000000000006,49.14999999999998,1,2,1.0
1551,2,1600.42,1011.56,97.30999999999995,61.26999999999998,1,2,1.0
1552,1,2014.19,814.45,122.17999999999984,49.14999999999998,1,2,1.0
1552,2,1601.13,1010.96,97.31999999999994,61.190000000000055,1,2,1.0
1553,1,2015.09,814.46,122.18000000000006,49.14999999999998,1,2,1.0
1553,2,1601.85,1010.36,97.31000000000017,61.120000000000005,1,2,1.0
1554,1,2016.0,814.47,122.17999999999984,49.15999999999997,1,2,1.0
1554,2,1602.56,1009.77,97.32000000000016,61.039999999999964,1,2,1.0
1555,1,2016.91,814.49,122.18000000000006,49.14999999999998,1,2,1.0
1555,2,1603.28,1009.17,97.30999999999995,60.97000000000014,1,2,1.0
1556,1,2017.62,815.4,122.21000000000004,49.14999999999998,1,2,1.0
1556,2,1603.69,1009.15,97.32999999999993,60.98000000000013,1,2,1.0
1557,1,2018.34,816.32,122.24000000000001,49.14999999999998,1,2,1.0
1557,2,1604.11,1009.12,97.35000000000014,60.999999999999886,1,2,1.0
1558,1,2019.05,817.23,122.27999999999997,49.15999999999997,1,2,1.0
1558,2,1604.53,1009.1,97.36000000000013,61.00999999999988,1,2,1.0
1559,1,2019.77,818.15,122.30000000000018,49.14999999999998,1,2,1.0
1559,2,1604.94,1009.07,97.37999999999988,61.02999999999986,1,2,1.0
1560,1,2020.48,819.07,122.34000000000015,49.14999999999998,1,2,1.0
1560,2,1605.36,1009.05,97.3900000000001,61.049999999999955,1,2,1.0
1561,1,2021.2,820.79,122.3599999999999,49.15000000000009,1,2,1.0
1561,2,1605.59,1010.22,97.41000000000008,61.059999999999945,1,2,1.0
1562,1,2021.91,822.52,122.39999999999986,49.14999999999998,1,2,1.0
1562,2,1605.83,1011.38,97.42000000000007,61.09000000000003,1,2,1.0
1563,1,2022.63,824.24,122.42999999999984,49.14999999999998,1,2,1.0
1563,2,1606.06,1012.55,97.44000000000005,61.100000000000136,1,2,1.0
1564,1,2023.34,825.96,122.46000000000026,49.15999999999997,1,2,1.0
1564,2,1606.3,1013.72,97.45000000000005,61.11999999999989,1,2,1.0
1565,1,2024.06,827.19,122.49000000000024,49.14999999999998,1,2,1.0
1565,2,1607.07,1014.71,97.48000000000002,61.12999999999988,1,2,1.0
1566,1,2024.77,828.41,122.51999999999998,49.16000000000008,1,2,1.0
1566,2,1607.85,1015.69,97.49000000000001,61.149999999999864,1,2,1.0
1567,1,2025.49,829.64,122.54999999999995,49.14999999999998,1,2,1.0
1567,2,1608.63,1016.68,97.5,61.15999999999997,1,2,1.0
1568,1,2026.74,831.73,122.58999999999992,49.14999999999998,1,2,1.0
1568,2,1609.27,1017.94,97.50999999999999,61.179999999999836,1,2,1.0
1569,1,2028.0,833.82,122.61000000000013,49.14999999999998,1,2,1.0
1569,2,1609.9,1019.2,97.53999999999996,61.200000000000045,1,2,1.0
1570,1,2029.26,835.91,122.6400000000001,49.14999999999998,1,2,1.0
1570,2,1610.54,1020.47,97.54999999999995,61.200000000000045,1,2,1.0
1571,1,2030.51,838.0,122.68000000000006,49.14999999999998,1,2,1.0
1571,2,1611.18,1021.73,97.55999999999995,61.22000000000003,1,2,1.0
1572,1,2031.77,840.09,122.71000000000004,49.14999999999998,1,2,1.0
1572,2,1611.82,1022.99,97.58000000000015,61.24000000000001,1,2,1.0
1573,1,2033.03,842.18,122.74000000000001,49.15000000000009,1,2,1.0
1573,2,1612.46,1024.25,97.58999999999992,61.25999999999999,1,2,1.0
1574,1,2034.29,844.27,122.76000000000022,49.14999999999998,1,2,1.0
1574,2,1613.09,1025.51,97.62000000000012,61.27999999999997,1,2,1.0
1575,1,2035.54,846.36,122.80000000000018,49.15999999999997,1,2,1.0
1575,2,1613.73,1026.77,97.62999999999988,61.289999999999964,1,2,1.0
1576,1,2036.8,848.45,122.83000000000015,49.15999999999997,1,2,1.0
1576,2,1614.37,1028.04,97.6400000000001,61.299999999999955,1,2,1.0
1577,1,2037.42,851.16,122.86000000000013,49.16000000000008,1,2,1.0
1577,2,1614.6,1029.82,97.66000000000008,61.320000000000164,1,2,1.0
1578,1,2038.04,853.87,122.88999999999987,49.14999999999998,1,2,1.0
1578,2,1614.83,1031.59,97.67000000000007,61.340000000000146,1,2,1.0
1579,1,2038.66,856.58,122.93000000000006,49.14999999999998,1,2,1.0
1579,2,1615.05,1033.37,97.69000000000005,61.36000000000013,1,2,1.0
1580,1,2039.29,859.29,122.94999999999982,49.15000000000009,1,2,1.0
1580,2,1615.28,1035.15,97.70000000000005,61.36999999999989,1,2,1.0
1581,1,2039.91,862.0,122.97999999999979,49.14999999999998,1,2,1.0
1581,2,1615.51,1036.93,97.72000000000003,61.38999999999987,1,2,1.0
1582,1,2040.53,864.71,123.00999999999999,49.14999999999998,1,2,1.0
1582,2,1615.73,1038.71,97.74000000000001,61.399999999999864,1,2,1.0
1583,1,2041.15,867.42,123.04999999999973,49.15000000000009,1,2,1.0
1583,2,1615.96,1040.49,97.75,61.42000000000007,1,2,1.0
1584,1,2041.77,870.13,123.07999999999993,49.14999999999998,1,2,1.0
1584,2,1616.19,1042.27,97.75999999999999,61.430000000000064,1,2,1.0
1585,1,2042.24,873.39,123.1099999999999,49.14999999999998,1,2,1.0
1585,2,1616.34,1045.09,97.77999999999997,61.450000000000045,1,2,1.0
1586,1,2042.72,876.64,123.1400000000001,49.15999999999997,1,2,1.0
1586,2,1616.49,1047.92,97.79999999999995,61.460000000000036,1,2,1.0
1587,1,2043.19,879.9,123.17000000000007,49.14999999999998,1,2,1.0
1587,2,1616.64,1050.75,97.80999999999995,61.48000000000002,1,2,1.0
1588,1,2043.66,883.16,123.20000000000005,49.14999999999998,1,2,1.0
1588,2,1616.79,1053.57,97.82999999999993,61.5,1,2,1.0
1589,1,2044.13,886.42,123.23000000000002,49.15000000000009,1,2,1.0
1589,2,1616.94,1056.4,97.83999999999992,61.50999999999999,1,2,1.0
1590,1,2044.61,889.67,123.25999999999999,49.16000000000008,1,2,1.0
1590,2,1617.09,1059.22,97.86000000000013,61.52999999999997,1,2,1.0
1591,1,2045.08,892.93,123.28999999999996,49.15000000000009,1,2,1.0
1591,2,1617.24,1062.05,97.86999999999989,61.539999999999964,1,2,1.0
1592,1,2045.75,896.38,123.32999999999993,49.14999999999998,1,2,1.0
1592,2,1617.39,1064.87,97.88999999999987,61.56000000000017,1,2,1.0
1593,1,2046.43,899.82,123.35000000000014,49.14999999999998,1,2,1.0
1593,2,1617.54,1067.7,97.90000000000009,61.569999999999936,1,2,1.0
1594,1,2047.1,903.26,123.38999999999987,49.15999999999997,1,2,1.0
1594,2,1617.69,1070.52,97.91999999999985,61.59999999999991,1,2,1.0
1595,1,2047.78,906.71,123.41999999999985,49.14999999999998,1,2,1.0
1595,2,1617.84,1073.35,97.93000000000006,61.61000000000013,1,2,1.0
1596,1,2048.12,910.83,123.44000000000005,49.14999999999998,1,2,1.0
1596,2,1617.36,1076.17,97.95000000000005,61.62999999999988,1,2,1.0
1597,1,2048.45,914.95,123.48000000000002,49.14999999999998,1,2,1.0
1597,2,1616.88,1079.0,97.9699999999998,61.6400000000001,1,2,1.0
1598,1,2048.79,919.07,123.51000000000022,49.14999999999998,1,2,1.0
1598,2,1616.4,1081.82,97.99000000000001,61.66000000000008,1,2,1.0
1599,1,2049.12,923.19,123.55000000000018,49.14999999999998,1,2,1.0
1599,2,1615.93,1084.65,97.99000000000001,61.669999999999845,1,2,1.0
1600,1,2049.46,927.31,123.57000000000016,49.15000000000009,1,2,1.0
1600,2,1615.45,1087.47,98.00999999999999,61.690000000000055,1,2,1.0
1601,1,2049.8,931.43,123.59999999999991,49.15000000000009,1,2,1.0
1601,2,1614.97,1090.3,98.02999999999997,61.700000000000045,1,2,1.0
1602,1,2049.25,934.87,123.59999999999991,49.14999999999998,1,2,1.0
1602,2,1613.91,1093.91,98.1099999999999,61.51999999999998,1,2,1.0
1603,1,2048.7,938.3,123.60000000000036,49.15000000000009,1,2,1.0
1603,2,1612.85,1097.52,98.19000000000005,61.32999999999993,1,2,1.0
1604,1,2048.14,941.74,123.61000000000013,49.14999999999998,1,2,1.0
1604,2,1611.79,1101.14,98.26999999999998,61.12999999999988,1,2,1.0
1605,1,2047.59,945.17,123.60000000000014,49.15000000000009,1,2,1.0
1605,2,1610.72,1104.75,98.3599999999999,60.940000000000055,1,2,1.0
1606,1,2047.27,948.92,123.59999999999991,49.15000000000009,1,2,1.0
1606,2,1608.88,1108.44,98.43999999999983,60.75,1,2,1.0
1607,1,2046.95,952.67,123.60000000000014,49.15000000000009,1,2,1.0
1607,2,1607.04,1112.12,98.51999999999998,60.570000000000164,1,2,1.0
1608,1,2046.62,956.41,123.61000000000013,49.16000000000008,1,2,1.0
1608,2,1605.2,1115.81,98.59999999999991,60.38000000000011,1,2,1.0
1609,1,2046.3,960.16,123.60000000000014,49.14999999999998,1,2,1.0
1609,2,1603.36,1119.5,98.67000000000007,60.180000000000064,1,2,1.0
1610,1,2045.39,964.61,123.59999999999968,49.14999999999998,1,2,1.0
1610,2,1603.22,1122.64,98.75,59.99000000000001,1,2,1.0
1611,1,2044.47,969.05,123.60000000000014,49.16000000000008,1,2,1.0
1611,2,1603.07,1125.78,98.84000000000015,59.799999999999955,1,2,1.0
1612,1,2043.56,973.5,123.59999999999991,49.14999999999998,1,2,1.0
1612,2,1602.93,1128.92,98.90999999999985,59.6099999999999,1,2,1.0
1613,1,2042.64,977.95,123.59999999999968,49.149999999999864,1,2,1.0
1613,2,1602.78,1132.06,99.0,59.42000000000007,1,2,1.0
1614,1,2041.98,981.71,123.59999999999991,49.149999999999864,1,2,1.0
1614,2,1601.34,1134.83,99.08000000000015,59.23000000000002,1,2,1.0
1615,1,2041.31,985.47,123.59999999999991,49.149999999999864,1,2,1.0
1615,2,1599.89,1137.6,99.15999999999985,59.04000000000019,1,2,1.0
1616,1,2040.65,989.23,123.59999999999991,49.15000000000009,1,2,1.0
1616,2,1598.45,1140.36,99.24000000000001,58.850000000000136,1,2,1.0
1617,1,2039.98,992.99,123.59999999999991,49.15000000000009,1,2,1.0
1617,2,1597.0,1143.13,99.31999999999994,58.659999999999854,1,2,1.0
1618,1,2039.32,996.75,123.60000000000014,49.15000000000009,1,2,1.0
1618,2,1595.56,1145.9,99.40000000000009,58.4699999999998,1,2,1.0
1619,1,2039.51,1000.05,123.6099999999999,49.15000000000009,1,2,1.0
1619,2,1595.7,1148.34,99.48000000000002,58.29000000000019,1,2,1.0
1620,1,2039.71,1003.35,123.59999999999991,49.14999999999998,1,2,1.0
1620,2,1595.83,1150.79,99.57000000000016,58.090000000000146,1,2,1.0
1621,1,2039.91,1006.65,123.60000000000014,49.14999999999998,1,2,1.0
1621,2,1595.97,1153.24,99.63999999999987,57.90000000000009,1,2,1.0
1622,1,2040.1,1009.95,123.61000000000013,49.149999999999864,1,2,1.0
1622,2,1596.11,1155.69,99.72000000000003,57.710000000000036,1,2,1.0
1623,1,2040.53,1012.22,123.60000000000014,49.149999999999864,1,2,1.0
1623,2,1595.92,1157.9,99.79999999999995,57.51999999999998,1,2,1.0
1624,1,2040.96,1014.48,123.59999999999991,49.15000000000009,1,2,1.0
1624,2,1595.73,1160.1,99.87999999999988,57.330000000000155,1,2,1.0
1625,1,2041.39,1016.75,123.59999999999968,49.15000000000009,1,2,1.0
1625,2,1595.53,1162.31,99.97000000000003,57.1400000000001,1,2,1.0
1626,1,2041.82,1019.01,123.60000000000014,49.15000000000009,1,2,1.0
1626,2,1595.34,1164.52,100.05000000000018,56.950000000000045,1,2,1.0
1627,1,2042.25,1021.28,123.59999999999991,49.15000000000009,1,2,1.0
1627,2,1595.15,1166.73,100.11999999999989,56.75999999999999,1,2,1.0
1628,1,2042.68,1023.54,123.60000000000014,49.16000000000008,1,2,1.0
1628,2,1594.96,1168.94,100.20000000000005,56.559999999999945,1,2,1.0
1629,1,2043.11,1025.81,123.60000000000014,49.15000000000009,1,2,1.0
1629,2,1594.77,1171.14,100.27999999999997,56.37999999999988,1,2,1.0
1630,1,2044.41,1027.44,123.6099999999999,49.149999999999864,1,2,1.0
1630,2,1595.27,1171.79,100.36000000000013,56.190000000000055,1,2,1.0
1631,1,2045.72,1029.07,123.60000000000014,49.15000000000009,1,2,1.0
1631,2,1595.77,1172.44,100.44000000000005,56.0,1,2,1.0
1632,1,2047.03,1030.69,123.60000000000014,49.159999999999854,1,2,1.0
1632,2,1596.27,1173.09,100.52999999999997,55.81000000000017,1,2,1.0
1633,1,2048.33,1032.32,123.59999999999991,49.15000000000009,1,2,1.0
1633,2,1596.77,1173.74,100.61000000000013,55.61999999999989,1,2,1.0
1634,1,2049.64,1033.95,123.59999999999991,49.149999999999864,1,2,1.0
1634,2,1597.27,1174.39,100.69000000000005,55.429999999999836,1,2,1.0
1635,1,2050.95,1035.58,123.60000000000036,49.15000000000009,1,2,1.0
1635,2,1597.77,1175.04,100.76999999999998,55.24000000000001,1,2,1.0
1636,1,2052.25,1037.2,123.59999999999991,49.159999999999854,1,2,1.0
1636,2,1598.28,1175.69,100.83999999999992,55.049999999999955,1,2,1.0
1637,1,2053.56,1038.83,123.59999999999991,49.15000000000009,1,2,1.0
1637,2,1598.78,1176.34,100.93000000000006,54.86000000000013,1,2,1.0
1638,1,2054.04,1039.48,123.61000000000013,49.15000000000009,1,2,1.0
1638,2,1598.64,1174.97,102.3599999999999,56.710000000000036,1,2,1.0
1639,1,2054.53,1040.13,123.59999999999991,49.149999999999864,1,2,1.0
1639,2,1598.51,1173.6,103.78999999999996,58.56000000000017,1,2,1.0
1640,1,2055.01,1040.78,123.60999999999967,49.15000000000009,1,2,1.0
1640,2,1598.37,1172.24,105.23000000000002,60.40000000000009,1,2,1.0
1641,1,2055.5,1041.42,123.59999999999991,49.159999999999854,1,2,1.0
1641,2,1598.24,1170.87,106.66000000000008,62.25,1,2,1.0
1642,1,2055.99,1042.07,123.60000000000036,49.15000000000009,1,2,1.0
1642,2,1598.1,1169.5,108.10000000000014,64.09999999999991,1,2,1.0
1643,1,2056.95,1042.23,123.60000000000036,49.15000000000009,1,2,1.0
1643,2,1599.1,1169.11,108.06000000000017,63.74000000000001,1,2,1.0
1644,1,2057.91,1042.38,123.61000000000013,49.159999999999854,1,2,1.0
1644,2,1600.09,1168.72,108.04000000000019,63.37999999999988,1,2,1.0
1645,1,2058.88,1042.54,123.59999999999991,49.15000000000009,1,2,1.0
1645,2,1601.09,1168.34,108.0,63.00999999999999,1,2,1.0
1646,1,2059.84,1042.7,123.60999999999967,49.149999999999864,1,2,1.0
1646,2,1602.09,1167.95,107.96000000000004,62.649999999999864,1,2,1.0
1647,1,2060.81,1042.85,123.59999999999991,49.15000000000009,1,2,1.0
1647,2,1603.09,1167.56,107.92000000000007,62.27999999999997,1,2,1.0
1648,1,2061.77,1043.01,123.61000000000013,49.15000000000009,1,2,1.0
1648,2,1604.08,1167.17,107.90000000000009,61.919999999999845,1,2,1.0
1649,1,2062.74,1043.17,123.60000000000036,49.149999999999864,1,2,1.0
1649,2,1605.08,1166.78,107.86000000000013,61.559999999999945,1,2,1.0
1650,1,2064.3,1043.32,123.59999999999991,49.15000000000009,1,2,1.0
1650,2,1606.21,1166.4,107.81999999999994,61.18999999999983,1,2,1.0
1651,1,2065.86,1043.48,123.59999999999991,49.15000000000009,1,2,1.0
1651,2,1607.33,1166.01,107.80000000000018,60.82999999999993,1,2,1.0
1652,1,2067.42,1043.64,123.61000000000013,49.149999999999864,1,2,1.0
1652,2,1608.46,1165.62,107.75999999999999,60.47000000000003,1,2,1.0
1653,1,2068.99,1043.79,123.60000000000036,49.15000000000009,1,2,1.0
1653,2,1609.59,1165.23,107.72000000000003,60.1099999999999,1,2,1.0
1654,1,2070.22,1043.95,123.60000000000036,49.149999999999864,1,2,1.0
1654,2,1610.69,1164.09,107.69000000000005,59.74000000000001,1,2,1.0
1655,1,2071.45,1044.1,123.60000000000036,49.16000000000008,1,2,1.0
1655,2,1611.8,1162.95,107.65000000000009,59.37999999999988,1,2,1.0
1656,1,2072.68,1044.26,123.60000000000036,49.15000000000009,1,2,1.0
1656,2,1612.9,1161.8,107.61999999999989,59.01999999999998,1,2,1.0
1657,1,2074.57,1044.98,123.59999999999991,49.15000000000009,1,2,1.0
1657,2,1614.09,1161.46,107.59000000000015,58.659999999999854,1,2,1.0
1658,1,2076.45,1045.71,123.60000000000036,49.149999999999864,1,2,1.0
1658,2,1615.29,1161.13,107.54999999999995,58.289999999999964,1,2,1.0
1659,1,2077.24,1045.84,123.60000000000036,49.15000000000009,1,2,1.0
1659,2,1615.97,1160.51,107.51999999999998,57.92000000000007,1,2,1.0
1660,1,2078.03,1045.97,123.59999999999991,49.149999999999864,1,2,1.0
1660,2,1616.66,1159.89,107.49000000000001,57.559999999999945,1,2,1.0
1661,1,2078.82,1046.1,123.59999999999991,49.15000000000009,1,2,1.0
1661,2,1617.35,1159.26,107.45000000000005,57.210000000000036,1,2,1.0
1662,1,2079.61,1046.23,123.59999999999991,49.15000000000009,1,2,1.0
1662,2,1618.04,1158.64,107.41000000000008,56.83999999999992,1,2,1.0
1663,1,2080.4,1046.36,123.59999999999991,49.15000000000009,1,2,1.0
1663,2,1618.73,1158.02,107.37999999999988,56.48000000000002,1,2,1.0
1664,1,2081.19,1046.49,123.59999999999991,49.15000000000009,1,2,1.0
1664,2,1619.42,1157.4,107.33999999999992,56.11999999999989,1,2,1.0
1665,1,2081.98,1046.62,123.59999999999991,49.15000000000009,1,2,1.0
1665,2,1620.1,1156.78,107.32000000000016,55.75,1,2,1.0
1666,1,2082.77,1046.75,123.59999999999991,49.15000000000009,1,2,1.0
1666,2,1620.79,1156.16,107.27999999999997,55.38999999999987,1,2,1.0
1667,1,2083.69,1046.88,123.61000000000013,49.149999999999864,1,2,1.0
1667,2,1621.05,1155.32,107.24000000000001,55.02999999999997,1,2,1.0
1668,1,2084.62,1047.01,123.59999999999991,49.15000000000009,1,2,1.0
1668,2,1621.3,1154.48,107.21000000000004,54.66000000000008,1,2,1.0
1669,1,2085.54,1047.14,123.59999999999991,49.149999999999864,1,2,1.0
1669,2,1621.56,1153.64,107.18000000000006,54.299999999999955,1,2,1.0
1670,1,2086.46,1047.27,123.61000000000013,49.15000000000009,1,2,1.0
1670,2,1621.82,1152.8,107.1400000000001,53.940000000000055,1,2,1.0
1671,1,2086.41,1047.4,123.60000000000036,49.149999999999864,1,2,1.0
1671,2,1621.93,1152.6,107.09999999999991,53.580000000000155,1,2,1.0
1672,1,2086.36,1047.53,123.59999999999991,49.15000000000009,1,2,1.0
1672,2,1622.03,1152.4,107.07999999999993,53.20999999999981,1,2,1.0
1673,1,2086.31,1047.66,123.59999999999991,49.149999999999864,1,2,1.0
1673,2,1622.14,1152.2,107.03999999999996,52.84999999999991,1,2,1.0
1674,1,2086.26,1047.79,123.59999999999991,49.15000000000009,1,2,1.0
1674,2,1622.25,1152.0,107.00999999999999,52.49000000000001,1,2,1.0
1675,1,2086.21,1047.92,123.59999999999991,49.149999999999864,1,2,1.0
1675,2,1622.36,1151.8,106.97000000000003,52.12000000000012,1,2,1.0
1676,1,2086.16,1048.05,123.60000000000036,49.15000000000009,1,2,1.0
1676,2,1622.47,1151.6,106.94000000000005,51.75999999999999,1,2,1.0
1677,1,2085.57,1048.3,123.59999999999991,49.16000000000008,1,2,1.0
1677,2,1621.68,1151.4,106.90999999999985,51.399999999999864,1,2,1.0
1678,1,2084.98,1048.56,123.59999999999991,49.15000000000009,1,2,1.0
1678,2,1620.89,1151.2,106.86999999999989,51.02999999999997,1,2,1.0
1679,1,2084.38,1048.82,123.60999999999967,49.15000000000009,1,2,1.0
1679,2,1620.1,1151.0,106.84000000000015,50.67000000000007,1,2,1.0
1680,1,2083.79,1049.07,123.61000000000013,49.15000000000009,1,2,1.0
1680,2,1619.31,1150.8,106.79999999999995,50.309999999999945,1,2,1.0
1681,1,2083.2,1049.33,123.60000000000036,49.15000000000009,1,2,1.0
1681,2,1618.52,1150.6,106.75999999999999,49.940000000000055,1,2,1.0
1682,1,2082.61,1049.58,123.59999999999991,49.16000000000008,1,2,1.0
1682,2,1617.73,1150.4,106.73000000000002,49.57999999999993,1,2,1.0
1683,1,2082.02,1049.84,123.59999999999991,49.15000000000009,1,2,1.0
1683,2,1616.94,1150.2,106.69000000000005,49.22000000000003,1,2,1.0
1684,1,2081.43,1050.1,123.60000000000036,49.15000000000009,1,2,1.0
1684,2,1616.15,1150.0,106.65999999999985,48.8599999999999,1,2,1.0
1685,1,2080.83,1050.35,123.61000000000013,49.15000000000009,1,2,1.0
1685,2,1615.36,1149.8,106.62000000000012,48.49000000000001,1,2,1.0
1686,1,2079.67,1050.41,123.59999999999991,49.149999999999864,1,2,1.0
1686,2,1614.09,1149.6,106.59000000000015,48.13000000000011,1,2,1.0
1687,1,2078.51,1050.47,123.59999999999991,49.149999999999864,1,2,1.0
1687,2,1612.82,1149.4,106.56000000000017,47.76999999999998,1,2,1.0
1688,1,2077.35,1050.53,123.59999999999991,49.15000000000009,1,2,1.0
1688,2,1611.55,1149.2,106.52999999999997,47.399999999999864,1,2,1.0
1689,1,2076.18,1050.59,123.61000000000013,49.15000000000009,1,2,1.0
1689,2,1610.28,1149.0,106.49000000000001,47.039999999999964,1,2,1.0
1690,1,2075.02,1050.65,123.59999999999991,49.149999999999864,1,2,1.0
1690,2,1609.01,1148.8,106.46000000000004,46.680000000000064,1,2,1.0
1691,1,2073.86,1050.71,123.59999999999991,49.149999999999864,1,2,1.0
1691,2,1607.74,1148.6,106.43000000000006,46.31000000000017,1,2,1.0
1692,1,2072.7,1050.77,123.60000000000036,49.15000000000009,1,2,1.0
1692,2,1606.48,1148.4,106.38999999999987,45.94999999999982,1,2,1.0
1693,1,2071.53,1050.83,123.60999999999967,49.15000000000009,1,2,1.0
1693,2,1605.21,1148.2,106.34999999999991,45.58999999999992,1,2,1.0
1694,1,2070.37,1050.89,123.59999999999991,49.149999999999864,1,2,1.0
1694,2,1603.94,1148.0,106.31999999999994,45.22000000000003,1,2,1.0
1695,1,2069.21,1050.95,123.59999999999991,49.149999999999864,1,2,1.0
1695,2,1602.67,1147.8,106.28999999999996,44.86000000000013,1,2,1.0
1696,1,2068.04,1051.01,123.61000000000013,49.15000000000009,1,2,1.0
1696,2,1601.4,1147.6,106.25,44.5,1,2,1.0
1697,1,2065.57,1051.07,123.59999999999991,49.15000000000009,1,2,1.0
1697,2,1599.14,1147.4,106.2199999999998,44.12999999999988,1,2,1.0
1698,1,2063.09,1051.13,123.59999999999991,49.149999999999864,1,2,1.0
1698,2,1596.89,1147.2,106.17999999999984,43.76999999999998,1,2,1.0
1699,1,2060.61,1051.19,123.59999999999991,49.149999999999864,1,2,1.0
1699,2,1594.63,1147.0,106.14999999999986,43.41000000000008,1,2,1.0
1700,1,2058.13,1051.25,123.59999999999991,49.15000000000009,1,2,1.0
1700,2,1592.37,1146.8,106.12000000000012,43.039999999999964,1,2,1.0
1701,1,2055.65,1051.3,123.59999999999991,49.16000000000008,1,2,1.0
1701,2,1590.12,1146.6,106.08000000000015,42.680000000000064,1,2,1.0
1702,1,2053.17,1051.08,123.59999999999991,49.15000000000009,1,2,1.0
1702,2,1587.49,1146.1,106.06999999999994,42.55000000000018,1,2,1.0
1703,1,2050.69,1050.85,123.59999999999991,49.15000000000009,1,2,1.0
1703,2,1584.85,1145.59,106.07000000000016,42.430000000000064,1,2,1.0
1704,1,2048.21,1050.63,123.59999999999991,49.149999999999864,1,2,1.0
1704,2,1582.22,1145.09,106.05999999999995,42.31000000000017,1,2,1.0
1705,1,2045.73,1050.4,123.59999999999991,49.149999999999864,1,2,1.0
1705,2,1579.59,1144.58,106.05000000000018,42.190000000000055,1,2,1.0
1706,1,2043.25,1050.17,123.59999999999991,49.149999999999864,1,2,1.0
1706,2,1576.96,1144.08,106.03999999999996,42.06000000000017,1,2,1.0
1707,1,2039.94,1050.68,123.61000000000013,49.149999999999864,1,2,1.0
1707,2,1573.72,1143.83,106.03999999999996,41.930000000000064,1,2,1.0
1708,1,2036.63,1051.18,123.60999999999967,49.149999999999864,1,2,1.0
1708,2,1570.48,1143.57,106.02999999999997,41.81000000000017,1,2,1.0
1709,1,2033.32,1051.68,123.6099999999999,49.149999999999864,1,2,1.0
1709,2,1567.25,1143.32,106.01999999999998,41.690000000000055,1,2,1.0
1710,1,2030.02,1052.19,123.59999999999991,49.149999999999864,1,2,1.0
1710,2,1564.01,1143.07,106.01999999999998,41.56000000000017,1,2,1.0
1711,1,2026.71,1052.69,123.59999999999991,49.149999999999864,1,2,1.0
1711,2,1560.78,1142.81,106.0,41.440000000000055,1,2,1.0
1712,1,2023.09,1052.94,123.60000000000014,49.149999999999864,1,2,1.0
1712,2,1556.86,1142.56,106.0,41.309999999999945,1,2,1.0
1713,1,2019.47,1053.19,123.60000000000014,49.149999999999864,1,2,1.0
1713,2,1552.95,1142.31,105.99000000000001,41.190000000000055,1,2,1.0
1714,1,2015.85,1053.44,123.59999999999991,49.149999999999864,1,2,1.0
1714,2,1549.03,1142.06,105.99000000000001,41.059999999999945,1,2,1.0
1715,1,2012.23,1053.68,123.59999999999991,49.159999999999854,1,2,1.0
1715,2,1545.12,1141.8,105.97000000000003,40.940000000000055,1,2,1.0
1716,1,2008.61,1053.93,123.60000000000014,49.149999999999864,1,2,1.0
1716,2,1541.2,1141.55,105.97000000000003,40.819999999999936,1,2,1.0
1717,1,2004.99,1054.18,123.60000000000014,49.149999999999864,1,2,1.0
1717,2,1537.28,1141.3,105.97000000000003,40.690000000000055,1,2,1.0
1718,1,2001.36,1054.43,123.6099999999999,49.149999999999864,1,2,1.0
1718,2,1533.37,1141.05,105.95000000000005,40.559999999999945,1,2,1.0
1719,1,1997.74,1054.68,123.6099999999999,49.149999999999864,1,2,1.0
1719,2,1529.45,1140.79,105.95000000000005,40.440000000000055,1,2,1.0
1720,1,1994.12,1054.93,123.61000000000013,49.149999999999864,1,2,1.0
1720,2,1525.54,1140.54,105.94000000000005,40.319999999999936,1,2,1.0
1721,1,1990.5,1055.17,123.61000000000013,49.159999999999854,1,2,1.0
1721,2,1521.62,1140.29,105.94000000000005,40.190000000000055,1,2,1.0
1722,1,1986.69,1055.42,123.59999999999991,49.159999999999854,1,2,1.0
1722,2,1517.87,1139.93,105.93000000000006,40.069999999999936,1,2,1.0
1723,1,1982.88,1055.67,123.59999999999991,49.149999999999864,1,2,1.0
1723,2,1514.12,1139.58,105.92000000000007,39.940000000000055,1,2,1.0
1724,1,1979.07,1055.92,123.60000000000014,49.149999999999864,1,2,1.0
1724,2,1510.37,1139.22,105.91000000000008,39.819999999999936,1,2,1.0
1725,1,1975.25,1056.17,123.61000000000013,49.149999999999864,1,2,1.0
1725,2,1506.62,1138.87,105.90000000000009,39.690000000000055,1,2,1.0
1726,1,1971.44,1056.42,123.59999999999991,49.149999999999864,1,2,1.0
1726,2,1502.87,1138.51,105.90000000000009,39.569999999999936,1,2,1.0
1727,1,1967.63,1056.67,123.59999999999991,49.149999999999864,1,2,1.0
1727,2,1499.12,1138.16,105.8900000000001,39.43999999999983,1,2,1.0
1728,1,1963.82,1056.91,123.60000000000014,49.159999999999854,1,2,1.0
1728,2,1495.37,1137.8,105.88000000000011,39.319999999999936,1,2,1.0
1729,1,1960.0,1057.16,123.61000000000013,49.159999999999854,1,2,1.0
1729,2,1491.62,1137.45,105.87000000000012,39.190000000000055,1,2,1.0
1730,1,1956.19,1057.41,123.59999999999991,49.149999999999864,1,2,1.0
1730,2,1487.87,1137.09,105.86000000000013,39.070000000000164,1,2,1.0
1731,1,1952.38,1057.66,123.59999999999991,49.149999999999864,1,2,1.0
1731,2,1484.12,1136.73,105.85000000000014,38.950000000000045,1,2,1.0
1732,1,1948.57,1057.91,123.60000000000014,49.149999999999864,1,2,1.0
1732,2,1480.37,1136.38,105.85000000000014,38.819999999999936,1,2,1.0
1733,1,1944.44,1057.82,123.61000000000013,49.15000000000009,1,2,1.0
1733,2,1475.64,1136.19,105.83999999999992,38.690000000000055,1,2,1.0
1734,1,1940.32,1057.73,123.60000000000014,49.15000000000009,1,2,1.0
1734,2,1470.91,1135.99,105.83999999999992,38.569999999999936,1,2,1.0
1735,1,1936.2,1057.64,123.60000000000014,49.149999999999864,1,2,1.0
1735,2,1466.19,1135.8,105.82999999999993,38.450000000000045,1,2,1.0
1736,1,1932.08,1057.55,123.59999999999991,49.15000000000009,1,2,1.0
1736,2,1461.46,1135.61,105.81999999999994,38.320000000000164,1,2,1.0
1737,1,1927.95,1057.45,123.6099999999999,49.159999999999854,1,2,1.0
1737,2,1456.74,1135.41,105.80999999999995,38.19999999999982,1,2,1.0
1738,1,1923.83,1057.36,123.60000000000014,49.16000000000008,1,2,1.0
1738,2,1452.01,1135.22,105.80999999999995,38.069999999999936,1,2,1.0
1739,1,1919.71,1057.27,123.59999999999991,49.15000000000009,1,2,1.0
1739,2,1447.28,1135.03,105.79999999999995,37.950000000000045,1,2,1.0
1740,1,1915.58,1057.18,123.61000000000013,49.149999999999864,1,2,1.0
1740,2,1442.56,1134.83,105.78999999999996,37.830000000000155,1,2,1.0
1741,1,1911.46,1057.09,123.59999999999991,49.15000000000009,1,2,1.0
1741,2,1437.83,1134.64,105.78999999999996,37.69999999999982,1,2,1.0
1742,1,1907.34,1057.0,123.60000000000014,49.15000000000009,1,2,1.0
1742,2,1433.11,1134.45,105.77000000000021,37.569999999999936,1,2,1.0
1743,1,1902.5,1057.63,123.59999999999991,49.149999999999864,1,2,1.0
1743,2,1428.38,1134.26,105.76999999999998,37.450000000000045,1,2,1.0
1744,1,1897.66,1058.25,123.59999999999991,49.15000000000009,1,2,1.0
1744,2,1423.66,1134.06,105.75999999999999,37.330000000000155,1,2,1.0
1745,1,1892.82,1058.88,123.60000000000014,49.149999999999864,1,2,1.0
1745,2,1418.93,1133.87,105.75,37.200000000000045,1,2,1.0
1746,1,1887.98,1059.5,123.59999999999991,49.16000000000008,1,2,1.0
1746,2,1414.2,1133.68,105.75,37.069999999999936,1,2,1.0
1747,1,1883.14,1060.13,123.59999999999991,49.149999999999864,1,2,1.0
1747,2,1409.48,1133.48,105.74000000000001,36.960000000000036,1,2,1.0
1748,1,1878.3,1060.76,123.60000000000014,49.15000000000009,1,2,1.0
1748,2,1404.75,1133.29,105.74000000000001,36.82999999999993,1,2,1.0
1749,1,1873.46,1061.38,123.59999999999991,49.149999999999864,1,2,1.0
1749,2,1400.03,1133.1,105.72000000000003,36.700000000000045,1,2,1.0
1750,1,1868.62,1062.01,123.60000000000014,49.15000000000009,1,2,1.0
1750,2,1395.3,1132.9,105.72000000000003,36.57999999999993,1,2,1.0
1751,1,1863.78,1062.63,123.60000000000014,49.159999999999854,1,2,1.0
1751,2,1390.58,1132.71,105.71000000000004,36.460000000000036,1,2,1.0
1752,1,1858.84,1062.89,123.60000000000014,49.149999999999864,1,2,1.0
1752,2,1385.51,1131.8,105.71000000000004,36.330000000000155,1,2,1.0
1753,1,1853.9,1063.15,123.6099999999999,49.149999999999864,1,2,1.0
1753,2,1380.45,1130.88,105.70000000000005,36.20999999999981,1,2,1.0
1754,1,1848.97,1063.4,123.59999999999991,49.149999999999864,1,2,1.0
1754,2,1375.39,1129.97,105.68999999999983,36.07999999999993,1,2,1.0
1755,1,1844.03,1063.66,123.60000000000014,49.149999999999864,1,2,1.0
1755,2,1370.33,1129.05,105.68000000000006,35.960000000000036,1,2,1.0
1756,1,1839.09,1063.91,123.60000000000014,49.149999999999864,1,2,1.0
1756,2,1365.27,1128.14,105.67000000000007,35.82999999999993,1,2,1.0
1757,1,1834.15,1064.17,123.6099999999999,49.149999999999864,1,2,1.0
1757,2,1360.2,1127.22,105.66999999999985,35.710000000000036,1,2,1.0
1758,1,1830.24,1064.42,123.59999999999991,49.149999999999864,1,2,1.0
1758,2,1356.24,1127.16,105.66000000000008,35.57999999999993,1,2,1.0
1759,1,1826.32,1064.67,123.60000000000014,49.149999999999864,1,2,1.0
1759,2,1352.28,1127.1,105.65000000000009,35.460000000000036,1,2,1.0
1760,1,1822.4,1064.92,123.6099999999999,49.159999999999854,1,2,1.0
1760,2,1348.32,1127.05,105.6400000000001,35.330000000000155,1,2,1.0
1761,1,1818.49,1065.18,123.59999999999991,49.149999999999864,1,2,1.0
1761,2,1344.36,1126.99,105.6400000000001,35.210000000000036,1,2,1.0
1762,1,1814.57,1065.43,123.60000000000014,49.149999999999864,1,2,1.0
1762,2,1340.4,1126.93,105.62999999999988,35.07999999999993,1,2,1.0
1763,1,1810.65,1065.68,123.6099999999999,49.149999999999864,1,2,1.0
1763,2,1336.44,1126.87,105.61999999999989,34.960000000000036,1,2,1.0
1764,1,1806.74,1065.93,123.59999999999991,49.149999999999864,1,2,1.0
1764,2,1332.48,1126.81,105.6099999999999,34.840000000000146,1,2,1.0
1765,1,1802.82,1066.18,123.60000000000014,49.149999999999864,1,2,1.0
1765,2,1328.51,1126.76,105.6099999999999,34.710000000000036,1,2,1.0
1766,1,1798.91,1066.43,123.59999999999991,49.149999999999864,1,2,1.0
1766,2,1324.55,1126.7,105.60000000000014,34.57999999999993,1,2,1.0
1767,1,1794.99,1066.68,123.59999999999991,49.159999999999854,1,2,1.0
1767,2,1320.59,1126.64,105.59000000000015,34.45999999999981,1,2,1.0
1768,1,1791.07,1066.94,123.61000000000013,49.149999999999864,1,2,1.0
1768,2,1316.63,1126.58,105.58999999999992,34.340000000000146,1,2,1.0
1769,1,1787.16,1067.19,123.59999999999991,49.149999999999864,1,2,1.0
1769,2,1312.67,1126.52,105.57999999999993,34.22000000000003,1,2,1.0
1770,1,1783.24,1067.44,123.59999999999991,49.149999999999864,1,2,1.0
1770,2,1308.71,1126.47,105.56999999999994,34.08999999999992,1,2,1.0
1771,1,1779.32,1067.69,123.61000000000013,49.149999999999864,1,2,1.0
1771,2,1304.75,1126.41,105.55999999999995,33.95999999999981,1,2,1.0
1772,1,1775.41,1067.94,123.59999999999991,49.149999999999864,1,2,1.0
1772,2,1300.79,1126.35,105.54999999999995,33.840000000000146,1,2,1.0
1773,1,1771.49,1068.19,123.59999999999991,49.159999999999854,1,2,1.0
1773,2,1296.82,1126.29,105.54999999999995,33.72000000000003,1,2,1.0
1774,1,1767.57,1068.45,123.61000000000013,49.149999999999864,1,2,1.0
1774,2,1292.86,1126.24,105.54000000000019,33.58999999999992,1,2,1.0
1775,1,1763.66,1068.7,123.59999999999991,49.149999999999864,1,2,1.0
1775,2,1288.9,1126.18,105.52999999999997,33.460000000000036,1,2,1.0
1776,1,1759.74,1068.95,123.59999999999991,49.149999999999864,1,2,1.0
1776,2,1284.94,1126.12,105.52999999999997,33.340000000000146,1,2,1.0
1777,1,1755.83,1069.2,123.60000000000014,49.149999999999864,1,2,1.0
1777,2,1280.98,1126.06,105.51999999999998,33.22000000000003,1,2,1.0
1778,1,1751.91,1069.45,123.59999999999991,49.149999999999864,1,2,1.0
1778,2,1277.02,1126.0,105.50999999999999,33.09999999999991,1,2,1.0
1779,1,1747.99,1069.7,123.59999999999991,49.149999999999864,1,2,1.0
1779,2,1273.06,1125.95,105.5,32.960000000000036,1,2,1.0
1780,1,1744.08,1069.95,123.60000000000014,49.159999999999854,1,2,1.0
1780,2,1269.1,1125.89,105.49000000000001,32.83999999999992,1,2,1.0
1781,1,1740.16,1070.21,123.59999999999991,49.149999999999864,1,2,1.0
1781,2,1265.14,1125.83,105.47999999999979,32.72000000000003,1,2,1.0
1782,1,1736.24,1070.46,123.6099999999999,49.149999999999864,1,2,1.0
1782,2,1261.17,1125.77,105.48000000000002,32.59999999999991,1,2,1.0
1783,1,1732.33,1070.71,123.60000000000014,49.149999999999864,1,2,1.0
1783,2,1257.21,1125.71,105.48000000000002,32.47000000000003,1,2,1.0
1784,1,1728.41,1070.96,123.59999999999991,49.149999999999864,1,2,1.0
1784,2,1253.25,1125.66,105.47000000000003,32.33999999999992,1,2,1.0
1785,1,1724.49,1071.21,123.6099999999999,49.149999999999864,1,2,1.0
1785,2,1249.29,1125.6,105.46000000000004,32.22000000000003,1,2,1.0
1786,1,1720.58,1071.46,123.60000000000014,49.159999999999854,1,2,1.0
1786,2,1245.33,1125.54,105.45000000000005,32.100000000000136,1,2,1.0
1787,1,1716.66,1071.72,123.59999999999991,49.149999999999864,1,2,1.0
1787,2,1241.37,1125.48,105.44000000000005,31.970000000000027,1,2,1.0
1788,1,1712.75,1071.97,123.59999999999991,49.149999999999864,1,2,1.0
1788,2,1237.41,1125.42,105.42999999999984,31.84999999999991,1,2,1.0
1789,1,1708.83,1072.22,123.60000000000014,49.149999999999864,1,2,1.0
1789,2,1233.45,1125.37,105.41999999999985,31.720000000000027,1,2,1.0
1790,1,1704.91,1072.47,123.59999999999991,49.149999999999864,1,2,1.0
1790,2,1229.48,1125.31,105.43000000000006,31.600000000000136,1,2,1.0
1791,1,1701.0,1072.72,123.59999999999991,49.149999999999864,1,2,1.0
1791,2,1225.52,1125.25,105.42000000000007,31.470000000000027,1,2,1.0
1792,1,1700.46,1073.23,123.59999999999991,49.15000000000009,1,2,1.0
1792,2,1223.64,1125.19,105.40999999999985,31.34999999999991,1,2,1.0
1793,1,1699.92,1073.74,123.59999999999991,49.16000000000008,1,2,1.0
1793,2,1221.76,1125.14,105.40000000000009,31.2199999999998,1,2,1.0
1794,1,1699.38,1074.26,123.59999999999991,49.15000000000009,1,2,1.0
1794,2,1219.87,1125.08,105.3900000000001,31.100000000000136,1,2,1.0
1795,1,1698.84,1074.77,123.60000000000014,49.15000000000009,1,2,1.0
1795,2,1217.99,1125.02,105.37999999999988,30.970000000000027,1,2,1.0
1796,1,1698.3,1075.28,123.60000000000014,49.15000000000009,1,2,1.0
1796,2,1216.11,1124.96,105.37000000000012,30.84999999999991,1,2,1.0
1797,1,1697.11,1075.31,123.60000000000014,49.15000000000009,1,2,1.0
1797,2,1215.48,1124.9,105.36999999999989,30.730000000000018,1,2,1.0
1798,1,1695.93,1075.34,123.59999999999991,49.15000000000009,1,2,1.0
1798,2,1214.85,1124.85,105.36000000000013,30.600000000000136,1,2,1.0
1799,1,1694.74,1075.37,123.6099999999999,49.15000000000009,1,2,1.0
1799,2,1214.22,1124.79,105.34999999999991,30.470000000000027,1,2,1.0
1800,1,1693.56,1075.4,123.60000000000014,49.149999999999864,1,2,1.0
1800,2,1213.59,1124.73,105.35000000000014,30.34999999999991,1,2,1.0
1801,1,1692.38,1075.42,123.59999999999991,49.159999999999854,1,2,1.0
1801,2,1212.96,1124.67,105.33999999999992,30.230000000000018,1,2,1.0
1802,1,1693.17,1075.73,123.59999999999991,49.15000000000009,1,2,1.0
1802,2,1213.62,1124.44,105.34000000000015,30.230000000000018,1,2,1.0
1803,1,1693.96,1076.04,123.59999999999991,49.15000000000009,1,2,1.0
1803,2,1214.29,1124.21,105.34000000000015,30.230000000000018,1,2,1.0
1804,1,1694.75,1076.35,123.59999999999991,49.15000000000009,1,2,1.0
1804,2,1214.95,1123.98,105.33999999999992,30.230000000000018,1,2,1.0
1805,1,1695.54,1076.65,123.60000000000014,49.149999999999864,1,2,1.0
1805,2,1215.62,1123.75,105.34000000000015,30.230000000000018,1,2,1.0
1806,1,1696.33,1076.96,123.60000000000014,49.149999999999864,1,2,1.0
1806,2,1216.28,1123.52,105.33999999999992,30.220000000000027,1,2,1.0
1807,1,1697.11,1077.27,123.61000000000013,49.15000000000009,1,2,1.0
1807,2,1216.94,1123.29,105.33999999999992,30.220000000000027,1,2,1.0
1808,1,1697.9,1077.57,123.6099999999999,49.15000000000009,1,2,1.0
1808,2,1217.61,1123.06,105.34000000000015,30.220000000000027,1,2,1.0
1809,1,1698.69,1077.88,123.6099999999999,49.149999999999864,1,2,1.0
1809,2,1218.27,1122.82,105.33999999999992,30.230000000000018,1,2,1.0
1810,1,1699.48,1078.19,123.6099999999999,49.149999999999864,1,2,1.0
1810,2,1218.94,1122.59,105.33999999999992,30.230000000000018,1,2,1.0
1811,1,1700.64,1078.49,123.59999999999991,49.16000000000008,1,2,1.0
1811,2,1220.69,1122.82,105.32999999999993,30.230000000000018,1,2,1.0
1812,1,1701.79,1078.8,123.61000000000013,49.15000000000009,1,2,1.0
1812,2,1222.43,1123.05,105.33999999999992,30.230000000000018,1,2,1.0
1813,1,1702.95,1079.11,123.59999999999991,49.15000000000009,1,2,1.0
1813,2,1224.18,1123.28,105.33999999999992,30.230000000000018,1,2,1.0
1814,1,1704.1,1079.42,123.61000000000013,49.149999999999864,1,2,1.0
1814,2,1225.93,1123.51,105.33999999999992,30.230000000000018,1,2,1.0
1815,1,1705.26,1079.72,123.59999999999991,49.149999999999864,1,2,1.0
1815,2,1227.68,1123.74,105.33999999999992,30.220000000000027,1,2,1.0
1816,1,1706.41,1080.03,123.6099999999999,49.15000000000009,1,2,1.0
1816,2,1229.43,1123.97,105.33999999999992,30.220000000000027,1,2,1.0
1817,1,1707.09,1080.34,123.60000000000014,49.15000000000009,1,2,1.0
1817,2,1230.48,1123.87,105.33999999999992,30.230000000000018,1,2,1.0
1818,1,1707.77,1080.64,123.59999999999991,49.159999999999854,1,2,1.0
1818,2,1231.54,1123.78,105.32999999999993,30.230000000000018,1,2,1.0
1819,1,1708.45,1080.95,123.59999999999991,49.149999999999864,1,2,1.0
1819,2,1232.59,1123.68,105.34000000000015,30.230000000000018,1,2,1.0
1820,1,1709.12,1081.26,123.61000000000013,49.15000000000009,1,2,1.0
1820,2,1233.64,1123.59,105.33999999999992,30.230000000000018,1,2,1.0
1821,1,1710.73,1081.56,123.59999999999991,49.16000000000008,1,2,1.0
1821,2,1234.69,1123.49,105.33999999999992,30.230000000000018,1,2,1.0
1822,1,1712.34,1081.87,123.60000000000014,49.15000000000009,1,2,1.0
1822,2,1235.75,1123.4,105.33999999999992,30.230000000000018,1,2,1.0
1823,1,1713.94,1082.18,123.59999999999991,49.149999999999864,1,2,1.0
1823,2,1236.8,1123.31,105.34000000000015,30.220000000000027,1,2,1.0
1824,1,1714.14,1082.49,123.59999999999991,49.15000000000009,1,2,1.0
1824,2,1236.24,1123.16,105.33999999999992,30.230000000000018,1,2,1.0
1825,1,1714.33,1082.79,123.61000000000013,49.15000000000009,1,2,1.0
1825,2,1235.67,1123.02,105.33999999999992,30.230000000000018,1,2,1.0
1826,1,1714.53,1083.1,123.60000000000014,49.15000000000009,1,2,1.0
1826,2,1235.11,1122.88,105.34000000000015,30.2199999999998,1,2,1.0
1827,1,1714.73,1083.41,123.59999999999991,49.149999999999864,1,2,1.0
1827,2,1234.54,1122.73,105.34000000000015,30.230000000000018,1,2,1.0
1828,1,1714.92,1083.71,123.59999999999991,49.149999999999864,1,2,1.0
1828,2,1233.98,1122.59,105.33999999999992,30.230000000000018,1,2,1.0
1829,1,1715.05,1084.02,123.60000000000014,49.15000000000009,1,2,1.0
1829,2,1235.3,1123.0,105.34000000000015,30.230000000000018,1,2,1.0
1830,1,1715.17,1084.33,123.59999999999991,49.15000000000009,1,2,1.0
1830,2,1236.63,1123.41,105.32999999999993,30.220000000000027,1,2,1.0
1831,1,1715.29,1084.63,123.61000000000013,49.159999999999854,1,2,1.0
1831,2,1237.95,1123.81,105.33999999999992,30.230000000000018,1,2,1.0
1832,1,1714.87,1084.62,123.61000000000013,49.15000000000009,1,2,1.0
1832,2,1237.59,1123.9,105.34000000000015,30.230000000000018,1,2,1.0
1833,1,1714.45,1084.6,123.6099999999999,49.15000000000009,1,2,1.0
1833,2,1237.22,1123.98,105.33999999999992,30.230000000000018,1,2,1.0
1834,1,1714.03,1084.58,123.61000000000013,49.16000000000008,1,2,1.0
1834,2,1236.86,1124.07,105.34000000000015,30.230000000000018,1,2,1.0
1835,1,1713.61,1084.57,123.61000000000013,49.15000000000009,1,2,1.0
1835,2,1236.5,1124.15,105.33999999999992,30.230000000000018,1,2,1.0
1836,1,1713.19,1084.55,123.59999999999991,49.15000000000009,1,2,1.0
1836,2,1236.14,1124.24,105.33999999999992,30.230000000000018,1,2,1.0
1837,1,1712.77,1084.54,123.59999999999991,49.15000000000009,1,2,1.0
1837,2,1235.78,1124.32,105.32999999999993,30.230000000000018,1,2,1.0
1838,1,1712.35,1084.52,123.60000000000014,49.15000000000009,1,2,1.0
1838,2,1235.41,1124.41,105.33999999999992,30.230000000000018,1,2,1.0
1839,1,1711.43,1084.75,123.8599999999999,49.40000000000009,1,2,1.0
1839,2,1234.3,1124.61,105.34000000000015,30.230000000000018,1,2,1.0
1840,1,1710.52,1084.98,124.11000000000013,49.65000000000009,1,2,1.0
1840,2,1233.2,1124.82,105.32999999999993,30.230000000000018,1,2,1.0
1841,1,1709.6,1085.21,124.37000000000012,49.899999999999864,1,2,1.0
1841,2,1232.09,1125.02,105.34000000000015,30.230000000000018,1,2,1.0
1842,1,1708.68,1085.44,124.62999999999988,50.159999999999854,1,2,1.0
1842,2,1230.98,1125.23,105.33999999999992,30.230000000000018,1,2,1.0
1843,1,1707.76,1085.67,124.8900000000001,50.409999999999854,1,2,1.0
1843,2,1229.87,1125.43,105.34000000000015,30.230000000000018,1,2,1.0
1844,1,1706.84,1085.9,125.1400000000001,50.659999999999854,1,2,1.0
1844,2,1228.76,1125.64,105.33999999999992,30.22999999999979,1,2,1.0
1845,1,1705.92,1086.13,125.39999999999986,50.909999999999854,1,2,1.0
1845,2,1227.65,1125.84,105.33999999999992,30.230000000000018,1,2,1.0
1846,1,1705.01,1086.36,125.65000000000009,51.16000000000008,1,2,1.0
1846,2,1226.54,1126.05,105.34000000000015,30.230000000000018,1,2,1.0
1847,1,1704.09,1086.58,125.91000000000008,51.42000000000007,1,2,1.0
1847,2,1225.44,1126.25,105.32999999999993,30.230000000000018,1,2,1.0
1848,1,1703.17,1087.63,125.32999999999993,50.84999999999991,1,2,1.0
1848,2,1224.33,1127.69,105.34000000000015,30.220000000000027,1,2,1.0
1849,1,1702.25,1088.68,124.75999999999999,50.27999999999997,1,2,1.0
1849,2,1223.22,1129.12,105.33999999999992,30.230000000000018,1,2,1.0
1850,1,1701.33,1089.73,124.18000000000006,49.710000000000036,1,2,1.0
1850,2,1222.11,1130.55,105.34000000000015,30.230000000000018,1,2,1.0
1851,1,1700.42,1090.77,123.59999999999991,49.16000000000008,1,2,1.0
1851,2,1221.0,1131.98,105.33999999999992,30.230000000000018,1,2,1.0
1852,1,1699.24,1091.24,123.59999999999991,49.15000000000009,1,2,1.0
1852,2,1219.78,1133.02,105.43000000000006,30.420000000000073,1,2,1.0
1853,1,1698.06,1091.71,123.61000000000013,49.149999999999864,1,2,1.0
1853,2,1218.56,1134.06,105.50999999999999,30.610000000000127,1,2,1.0
1854,1,1696.89,1092.18,123.59999999999991,49.149999999999864,1,2,1.0
1854,2,1217.34,1135.1,105.60000000000014,30.79000000000019,1,2,1.0
1855,1,1695.71,1092.65,123.6099999999999,49.149999999999864,1,2,1.0
1855,2,1216.12,1136.14,105.69000000000005,30.97999999999979,1,2,1.0
1856,1,1695.06,1093.4,123.60000000000014,49.149999999999864,1,2,1.0
1856,2,1214.9,1137.17,105.77999999999997,31.179999999999836,1,2,1.0
1857,1,1694.41,1094.15,123.59999999999991,49.149999999999864,1,2,1.0
1857,2,1213.68,1138.21,105.8599999999999,31.36999999999989,1,2,1.0
1858,1,1693.75,1094.9,123.6099999999999,49.149999999999864,1,2,1.0
1858,2,1212.46,1139.25,105.95000000000005,31.559999999999945,1,2,1.0
1859,1,1693.1,1095.65,123.60000000000014,49.149999999999864,1,2,1.0
1859,2,1211.24,1140.29,106.03999999999996,31.74000000000001,1,2,1.0
1860,1,1692.45,1096.4,123.59999999999991,49.149999999999864,1,2,1.0
1860,2,1210.02,1141.33,106.12000000000012,31.930000000000064,1,2,1.0
1861,1,1691.79,1097.15,123.61000000000013,49.149999999999864,1,2,1.0
1861,2,1208.8,1142.37,106.21000000000004,32.12000000000012,1,2,1.0
1862,1,1691.14,1097.9,123.59999999999991,49.149999999999864,1,2,1.0
1862,2,1207.58,1143.4,106.30000000000018,32.319999999999936,1,2,1.0
1863,1,1690.49,1098.65,123.59999999999991,49.149999999999864,1,2,1.0
1863,2,1206.36,1144.44,106.38000000000011,32.50999999999999,1,2,1.0
1864,1,1690.07,1099.06,123.61000000000013,49.15000000000009,1,2,1.0
1864,2,1206.43,1145.58,106.47000000000003,32.700000000000045,1,2,1.0
1865,1,1689.66,1099.47,123.59999999999991,49.149999999999864,1,2,1.0
1865,2,1206.49,1146.73,106.55999999999995,32.87999999999988,1,2,1.0
1866,1,1689.25,1099.88,123.59999999999991,49.149999999999864,1,2,1.0
1866,2,1206.55,1147.87,106.65000000000009,33.070000000000164,1,2,1.0
1867,1,1688.83,1100.29,123.60000000000014,49.15000000000009,1,2,1.0
1867,2,1206.62,1149.01,106.73000000000002,33.25999999999999,1,2,1.0
1868,1,1688.42,1100.69,123.59999999999991,49.159999999999854,1,2,1.0
1868,2,1206.68,1150.15,106.81999999999994,33.44999999999982,1,2,1.0
1869,1,1688.0,1101.1,123.6099999999999,49.15000000000009,1,2,1.0
1869,2,1206.75,1151.29,106.90000000000009,33.6400000000001,1,2,1.0
1870,1,1687.59,1101.51,123.60000000000014,49.15000000000009,1,2,1.0
1870,2,1206.81,1152.43,106.99000000000001,33.82999999999993,1,2,1.0
1871,1,1687.18,1101.92,123.59999999999991,49.149999999999864,1,2,1.0
1871,2,1206.87,1153.57,107.08000000000015,34.01999999999998,1,2,1.0
1872,1,1686.76,1102.33,123.59999999999991,49.15000000000009,1,2,1.0
1872,2,1206.94,1154.71,107.15999999999985,34.210000000000036,1,2,1.0
1873,1,1686.35,1102.73,123.60000000000014,49.16000000000008,1,2,1.0
1873,2,1207.0,1155.86,107.25,34.3900000000001,1,2,1.0
1874,1,1685.93,1103.14,123.6099999999999,49.149999999999864,1,2,1.0
1874,2,1207.07,1157.0,107.33000000000015,34.57999999999993,1,2,1.0
1875,1,1685.82,1103.55,123.61000000000013,49.15000000000009,1,2,1.0
1875,2,1206.57,1157.85,107.43000000000006,34.7800000000002,1,2,1.0
1876,1,1685.71,1103.96,123.6099999999999,49.149999999999864,1,2,1.0
1876,2,1206.07,1158.71,107.51999999999998,34.960000000000036,1,2,1.0
1877,1,1685.6,1104.37,123.60000000000014,49.15000000000009,1,2,1.0
1877,2,1205.58,1159.56,107.60000000000014,35.16000000000008,1,2,1.0
1878,1,1685.49,1104.78,123.59999999999991,49.15000000000009,1,2,1.0
1878,2,1205.08,1160.42,107.69000000000005,35.33999999999992,1,2,1.0
1879,1,1685.38,1105.18,123.59999999999991,49.159999999999854,1,2,1.0
1879,2,1204.59,1161.27,107.76999999999998,35.539999999999964,1,2,1.0
1880,1,1685.27,1105.59,123.59999999999991,49.15000000000009,1,2,1.0
1880,2,1204.09,1162.13,107.86000000000013,35.7199999999998,1,2,1.0
1881,1,1685.16,1106.0,123.59999999999991,49.15000000000009,1,2,1.0
1881,2,1203.6,1162.98,107.94000000000005,35.92000000000007,1,2,1.0
1882,1,1685.05,1106.41,123.60000000000014,49.149999999999864,1,2,1.0
1882,2,1203.1,1163.84,108.04000000000019,36.100000000000136,1,2,1.0
1883,1,1685.18,1106.82,123.59999999999991,49.15000000000009,1,2,1.0
1883,2,1203.62,1164.89,108.13000000000011,36.299999999999955,1,2,1.0
1884,1,1685.3,1107.22,123.60000000000014,49.16000000000008,1,2,1.0
1884,2,1204.15,1165.95,108.19999999999982,36.48000000000002,1,2,1.0
1885,1,1685.43,1107.63,123.59999999999991,49.149999999999864,1,2,1.0
1885,2,1204.67,1167.0,108.28999999999996,36.680000000000064,1,2,1.0
1886,1,1685.56,1108.04,123.60000000000014,49.15000000000009,1,2,1.0
1886,2,1205.19,1168.06,108.37999999999988,36.86000000000013,1,2,1.0
1887,1,1685.69,1108.45,123.59999999999991,49.149999999999864,1,2,1.0
1887,2,1205.71,1169.12,108.47000000000003,37.05000000000018,1,2,1.0
1888,1,1685.81,1108.86,123.60000000000014,49.15000000000009,1,2,1.0
1888,2,1206.24,1170.17,108.54999999999995,37.25,1,2,1.0
1889,1,1686.77,1109.27,123.59999999999991,49.15000000000009,1,2,1.0
1889,2,1207.04,1171.23,108.6400000000001,37.430000000000064,1,2,1.0
1890,1,1687.72,1109.67,123.59999999999991,49.159999999999854,1,2,1.0
1890,2,1207.83,1172.28,108.73000000000002,37.63000000000011,1,2,1.0
1891,1,1688.68,1110.08,123.59999999999991,49.15000000000009,1,2,1.0
1891,2,1208.63,1173.34,108.81999999999994,37.81000000000017,1,2,1.0
1892,1,1689.63,1110.49,123.59999999999991,49.15000000000009,1,2,1.0
1892,2,1209.43,1174.4,108.89999999999986,38.0,1,2,1.0
1893,1,1690.59,1110.9,123.60000000000014,49.149999999999864,1,2,1.0
1893,2,1210.23,1175.45,108.99000000000001,38.190000000000055,1,2,1.0
1894,1,1691.54,1111.31,123.60000000000014,49.15000000000009,1,2,1.0
1894,2,1211.03,1176.51,109.06999999999994,38.38000000000011,1,2,1.0
1895,1,1692.49,1111.71,123.6099999999999,49.159999999999854,1,2,1.0
1895,2,1211.83,1177.56,109.16000000000008,38.570000000000164,1,2,1.0
1896,1,1693.45,1112.12,123.59999999999991,49.15000000000009,1,2,1.0
1896,2,1212.62,1178.62,109.25,38.76000000000022,1,2,1.0
1897,1,1694.4,1112.53,123.6099999999999,49.15000000000009,1,2,1.0
1897,2,1213.42,1179.68,109.33999999999992,38.93999999999983,1,2,1.0
1898,1,1695.36,1112.94,123.60000000000014,49.149999999999864,1,2,1.0
1898,2,1214.22,1180.73,109.42000000000007,39.13999999999987,1,2,1.0
1899,1,1696.31,1113.35,123.61000000000013,49.15000000000009,1,2,1.0
1899,2,1215.02,1181.79,109.50999999999999,39.32999999999993,1,2,1.0
1900,1,1697.27,1113.76,123.59999999999991,49.15000000000009,1,2,1.0
1900,2,1215.82,1182.84,109.59000000000015,39.51999999999998,1,2,1.0
1901,1,1698.22,1114.16,123.59999999999991,49.159999999999854,1,2,1.0
1901,2,1216.62,1183.9,109.68000000000006,39.70999999999981,1,2,1.0
1902,1,1700.69,1114.37,123.59999999999991,49.15000000000009,1,2,1.0
1902,2,1218.98,1184.91,109.68000000000006,39.86999999999989,1,2,1.0
1903,1,1703.16,1114.57,123.59999999999991,49.16000000000008,1,2,1.0
1903,2,1221.34,1185.92,109.69000000000005,40.02999999999997,1,2,1.0
1904,1,1705.62,1114.78,123.60000000000014,49.15000000000009,1,2,1.0
1904,2,1223.7,1186.92,109.69000000000005,40.19999999999982,1,2,1.0
1905,1,1708.09,1114.98,123.60000000000014,49.15000000000009,1,2,1.0
1905,2,1226.07,1187.93,109.68000000000006,40.34999999999991,1,2,1.0
1906,1,1710.56,1115.19,123.60000000000014,49.149999999999864,1,2,1.0
1906,2,1228.43,1188.94,109.67999999999984,40.50999999999999,1,2,1.0
1907,1,1713.02,1115.39,123.59999999999991,49.149999999999864,1,2,1.0
1907,2,1230.79,1189.95,109.69000000000005,40.669999999999845,1,2,1.0
1908,1,1715.49,1115.6,123.59999999999991,49.15000000000009,1,2,1.0
1908,2,1233.15,1190.96,109.68999999999983,40.82999999999993,1,2,1.0
1909,1,1717.01,1115.52,123.59999999999991,49.15000000000009,1,2,1.0
1909,2,1235.23,1191.96,109.68000000000006,41.0,1,2,1.0
1910,1,1718.53,1115.44,123.60000000000014,49.149999999999864,1,2,1.0
1910,2,1237.3,1192.97,109.69000000000005,41.16000000000008,1,2,1.0
1911,1,1720.05,1115.36,123.60000000000014,49.15000000000009,1,2,1.0
1911,2,1239.38,1193.98,109.68999999999983,41.319999999999936,1,2,1.0
1912,1,1721.57,1115.28,123.60000000000014,49.15000000000009,1,2,1.0
1912,2,1241.46,1194.99,109.68000000000006,41.48000000000002,1,2,1.0
1913,1,1724.16,1116.0,123.59999999999991,49.15000000000009,1,2,1.0
1913,2,1244.61,1195.83,109.68000000000006,41.65000000000009,1,2,1.0
1914,1,1726.74,1116.72,123.59999999999991,49.149999999999864,1,2,1.0
1914,2,1247.76,1196.68,109.68000000000006,41.809999999999945,1,2,1.0
1915,1,1729.33,1117.44,123.60000000000014,49.149999999999864,1,2,1.0
1915,2,1250.91,1197.53,109.67999999999984,41.960000000000036,1,2,1.0
1916,1,1731.91,1118.16,123.59999999999991,49.149999999999864,1,2,1.0
1916,2,1254.06,1198.37,109.68000000000006,42.13000000000011,1,2,1.0
1917,1,1734.49,1118.88,123.6099999999999,49.149999999999864,1,2,1.0
1917,2,1257.21,1199.22,109.69000000000005,42.289999999999964,1,2,1.0
1918,1,1737.08,1119.6,123.60000000000014,49.15000000000009,1,2,1.0
1918,2,1260.36,1200.07,109.69000000000005,42.450000000000045,1,2,1.0
1919,1,1739.66,1120.32,123.6099999999999,49.15000000000009,1,2,1.0
1919,2,1263.51,1200.91,109.69000000000005,42.61999999999989,1,2,1.0
1920,1,1743.17,1120.44,123.59999999999991,49.149999999999864,1,2,1.0
1920,2,1266.74,1201.85,109.69000000000005,42.7800000000002,1,2,1.0
1921,1,1746.67,1120.57,123.59999999999991,49.15000000000009,1,2,1.0
1921,2,1269.97,1202.79,109.68000000000006,42.940000000000055,1,2,1.0
1922,1,1750.17,1120.7,123.6099999999999,49.149999999999864,1,2,1.0
1922,2,1273.2,1203.73,109.68000000000006,43.09999999999991,1,2,1.0
1923,1,1753.68,1120.83,123.59999999999991,49.15000000000009,1,2,1.0
1923,2,1276.42,1204.67,109.68999999999983,43.25999999999999,1,2,1.0
1924,1,1757.18,1120.95,123.59999999999991,49.159999999999854,1,2,1.0
1924,2,1279.65,1205.61,109.68999999999983,43.430000000000064,1,2,1.0
1925,1,1760.69,1121.08,123.59999999999991,49.15000000000009,1,2,1.0
1925,2,1282.88,1206.56,109.67999999999984,43.580000000000155,1,2,1.0
1926,1,1764.19,1121.21,123.59999999999991,49.149999999999864,1,2,1.0
1926,2,1286.11,1207.5,109.68000000000006,43.74000000000001,1,2,1.0
1927,1,1767.69,1121.34,123.59999999999991,49.15000000000009,1,2,1.0
1927,2,1289.33,1208.44,109.69000000000005,43.899999999999864,1,2,1.0
1928,1,1771.2,1121.46,123.59999999999991,49.159999999999854,1,2,1.0
1928,2,1292.56,1209.38,109.69000000000005,44.059999999999945,1,2,1.0
1929,1,1774.7,1121.59,123.59999999999991,49.15000000000009,1,2,1.0
1929,2,1295.79,1210.32,109.68000000000006,44.23000000000002,1,2,1.0
1930,1,1778.2,1121.72,123.6099999999999,49.149999999999864,1,2,1.0
1930,2,1299.02,1211.26,109.68000000000006,44.3900000000001,1,2,1.0
1931,1,1781.71,1121.85,123.59999999999991,49.15000000000009,1,2,1.0
1931,2,1302.86,1212.36,109.68000000000006,44.55000000000018,1,2,1.0
1932,1,1785.21,1121.97,123.59999999999991,49.16000000000008,1,2,1.0
1932,2,1306.69,1213.45,109.69000000000005,44.710000000000036,1,2,1.0
1933,1,1788.71,1122.1,123.6099999999999,49.15000000000009,1,2,1.0
1933,2,1310.53,1214.55,109.69000000000005,44.87000000000012,1,2,1.0
1934,1,1792.22,1122.23,123.59999999999991,49.15000000000009,1,2,1.0
1934,2,1314.37,1215.65,109.68000000000006,45.02999999999997,1,2,1.0
1935,1,1795.72,1122.36,123.59999999999991,49.15000000000009,1,2,1.0
1935,2,1318.21,1216.74,109.68000000000006,45.200000000000045,1,2,1.0
1936,1,1799.22,1122.48,123.6099999999999,49.16000000000008,1,2,1.0
1936,2,1322.04,1217.84,109.69000000000005,45.36000000000013,1,2,1.0
1937,1,1802.22,1122.77,123.6099999999999,49.16000000000008,1,2,1.0
1937,2,1325.88,1218.94,109.68999999999983,45.51999999999998,1,2,1.0
1938,1,1805.22,1123.06,123.59999999999991,49.15000000000009,1,2,1.0
1938,2,1329.72,1220.04,109.68000000000006,45.680000000000064,1,2,1.0
1939,1,1808.22,1123.35,123.59999999999991,49.15000000000009,1,2,1.0
1939,2,1333.56,1221.13,109.68000000000006,45.84999999999991,1,2,1.0
1940,1,1811.22,1123.64,123.59999999999991,49.149999999999864,1,2,1.0
1940,2,1337.39,1222.23,109.68999999999983,46.0,1,2,1.0
1941,1,1814.22,1123.93,123.59999999999991,49.149999999999864,1,2,1.0
1941,2,1341.23,1223.33,109.69000000000005,46.16000000000008,1,2,1.0
1942,1,1817.22,1124.22,123.59999999999991,49.149999999999864,1,2,1.0
1942,2,1345.07,1224.43,109.68000000000006,46.319999999999936,1,2,1.0
1943,1,1820.21,1124.51,123.6099999999999,49.15000000000009,1,2,1.0
1943,2,1348.91,1225.52,109.67999999999984,46.49000000000001,1,2,1.0
1944,1,1824.2,1123.59,123.82999999999993,50.960000000000036,1,2,1.0
1944,2,1353.2,1226.62,109.69000000000005,46.65000000000009,1,2,1.0
1945,1,1828.19,1122.67,124.05999999999995,52.76999999999998,1,2,1.0
1945,2,1357.5,1227.72,109.68000000000006,46.809999999999945,1,2,1.0
1946,1,1832.17,1121.74,124.29999999999995,54.59999999999991,1,2,1.0
1946,2,1361.79,1228.81,109.69000000000005,46.98000000000002,1,2,1.0
1947,1,1836.16,1120.82,124.51999999999998,56.41000000000008,1,2,1.0
1947,2,1366.09,1229.91,109.68000000000006,47.13999999999987,1,2,1.0
1948,1,1840.14,1119.9,124.75999999999999,58.2199999999998,1,2,1.0
1948,2,1370.38,1231.01,109.68999999999983,47.289999999999964,1,2,1.0
1949,1,1844.73,1121.4,124.36999999999989,55.19999999999982,1,2,1.0
1949,2,1374.68,1232.11,109.67999999999984,47.450000000000045,1,2,1.0
1950,1,1849.32,1122.9,123.99000000000001,52.169999999999845,1,2,1.0
1950,2,1378.97,1233.2,109.69000000000005,47.61999999999989,1,2,1.0
1951,1,1853.91,1124.4,123.59999999999991,49.149999999999864,1,2,1.0
1951,2,1383.27,1234.3,109.68000000000006,47.77999999999997,1,2,1.0
1952,1,1855.87,1122.0,127.0300000000002,57.700000000000045,1,2,1.0
1952,2,1387.6,1234.94,109.48000000000002,48.25999999999999,1,2,1.0
1953,1,1860.09,1121.87,126.95000000000005,58.12000000000012,1,2,1.0
1953,2,1391.93,1235.58,109.27999999999997,48.74000000000001,1,2,1.0
1954,1,1864.32,1121.73,126.86000000000013,58.549999999999955,1,2,1.0
1954,2,1396.27,1236.22,109.06999999999994,49.22000000000003,1,2,1.0
1955,1,1868.54,1121.6,126.76999999999998,58.97000000000003,1,2,1.0
1955,2,1400.6,1236.86,108.87000000000012,49.710000000000036,1,2,1.0
1956,1,1872.62,1120.37,126.68000000000006,59.3900000000001,1,2,1.0
1956,2,1405.21,1237.64,108.67000000000007,50.18999999999983,1,2,1.0
1957,1,1876.69,1119.15,126.59999999999991,59.809999999999945,1,2,1.0
1957,2,1409.83,1238.42,108.45000000000005,50.669999999999845,1,2,1.0
1958,1,1880.77,1117.92,126.50999999999999,60.24000000000001,1,2,1.0
1958,2,1414.44,1239.2,108.25,51.149999999999864,1,2,1.0
1959,1,1884.85,1116.7,126.42000000000007,60.659999999999854,1,2,1.0
1959,2,1419.05,1239.98,108.04999999999995,51.62999999999988,1,2,1.0
1960,1,1888.92,1115.48,126.33999999999992,61.07999999999993,1,2,1.0
1960,2,1423.66,1240.76,107.84999999999991,52.1099999999999,1,2,1.0
1961,1,1893.0,1114.25,126.25,61.5,1,2,1.0
1961,2,1428.28,1241.54,107.6400000000001,52.590000000000146,1,2,1.0
1962,1,1896.74,1115.47,126.17000000000007,61.92000000000007,1,2,1.0
1962,2,1433.42,1241.45,107.42999999999984,53.07999999999993,1,2,1.0
1963,1,1900.47,1116.69,126.08999999999992,62.34999999999991,1,2,1.0
1963,2,1438.56,1241.36,107.23000000000002,53.56000000000017,1,2,1.0
1964,1,1905.79,1113.74,126.0,62.76999999999998,1,2,1.0
1964,2,1442.45,1239.57,107.01999999999998,54.039999999999964,1,2,1.0
1965,1,1911.11,1110.78,125.90000000000009,63.200000000000045,1,2,1.0
1965,2,1446.34,1237.79,106.82000000000016,54.51999999999998,1,2,1.0
1966,1,1914.5,1104.43,125.82999999999993,63.61999999999989,1,2,1.0
1966,2,1452.43,1232.51,106.61999999999989,55.0,1,2,1.0
1967,1,1917.9,1098.09,125.74000000000001,64.02999999999997,1,2,1.0
1967,2,1458.52,1227.23,106.41000000000008,55.49000000000001,1,2,1.0
1968,1,1921.3,1091.74,125.65000000000009,64.46000000000004,1,2,1.0
1968,2,1464.61,1221.96,106.21000000000004,55.960000000000036,1,2,1.0
1969,1,1924.87,1085.32,125.55999999999995,64.88000000000011,1,2,1.0
1969,2,1468.88,1216.78,106.00999999999999,56.450000000000045,1,2,1.0
1970,1,1928.44,1078.9,125.4699999999998,65.30999999999995,1,2,1.0
1970,2,1473.16,1211.61,105.79999999999995,56.92000000000007,1,2,1.0
1971,1,1932.0,1072.48,125.40000000000009,65.73000000000002,1,2,1.0
1971,2,1477.43,1206.43,105.58999999999992,57.409999999999854,1,2,1.0
1972,1,1934.93,1067.95,125.30999999999972,66.14999999999986,1,2,1.0
1972,2,1481.14,1204.09,105.38999999999987,57.8900000000001,1,2,1.0
1973,1,1937.86,1063.42,125.22000000000003,66.57999999999993,1,2,1.0
1973,2,1484.84,1201.74,105.19000000000005,58.37999999999988,1,2,1.0
1974,1,1940.79,1058.89,125.13000000000011,67.0,1,2,1.0
1974,2,1488.55,1199.4,104.98000000000002,58.84999999999991,1,2,1.0
1975,1,1944.6,1054.99,125.03999999999996,67.42000000000007,1,2,1.0
1975,2,1492.46,1198.56,104.77999999999997,59.340000000000146,1,2,1.0
1976,1,1948.4,1051.09,124.96000000000004,67.84000000000015,1,2,1.0
1976,2,1496.38,1197.73,104.56999999999994,59.819999999999936,1,2,1.0
1977,1,1952.21,1047.19,124.86999999999989,68.25999999999999,1,2,1.0
1977,2,1500.3,1196.89,104.36000000000013,60.299999999999955,1,2,1.0
1978,1,1955.6,1046.54,124.7800000000002,68.69000000000005,1,2,1.0
1978,2,1504.58,1197.48,104.16000000000008,60.77999999999997,1,2,1.0
1979,1,1958.98,1045.9,124.69999999999982,69.09999999999991,1,2,1.0
1979,2,1508.86,1198.06,103.96000000000004,61.25999999999999,1,2,1.0
1980,1,1962.36,1045.25,124.62000000000012,69.52999999999997,1,2,1.0
1980,2,1513.15,1198.64,103.75,61.74000000000001,1,2,1.0
1981,1,1965.75,1044.6,124.51999999999998,69.95000000000005,1,2,1.0
1981,2,1517.43,1199.22,103.54999999999995,62.22000000000003,1,2,1.0
1982,1,1969.13,1043.96,124.44000000000005,70.36999999999989,1,2,1.0
1982,2,1521.72,1199.8,103.33999999999992,62.700000000000045,1,2,1.0
1983,1,1971.13,1042.04,124.35999999999967,70.79999999999995,1,2,1.0
1983,2,1524.63,1201.16,103.14999999999986,63.18999999999983,1,2,1.0
1984,1,1973.14,1040.13,124.26999999999975,71.20999999999981,1,2,1.0
1984,2,1527.55,1202.53,102.94000000000005,63.67000000000007,1,2,1.0
1985,1,1975.14,1038.21,124.18999999999983,71.63999999999987,1,2,1.0
1985,2,1530.47,1203.89,102.73000000000002,64.14999999999986,1,2,1.0
1986,1,1977.15,1036.3,124.08999999999969,72.05999999999995,1,2,1.0
1986,2,1533.39,1205.25,102.51999999999998,64.6400000000001,1,2,1.0
1987,1,1979.15,1034.38,124.00999999999976,72.48999999999978,1,2,1.0
1987,2,1536.3,1206.62,102.33000000000015,65.11000000000013,1,2,1.0
1988,1,1981.16,1032.47,123.91999999999985,72.89999999999986,1,2,1.0
1988,2,1539.22,1207.98,102.11999999999989,65.59999999999991,1,2,1.0
1989,1,1983.16,1030.55,123.83999999999992,73.33000000000015,1,2,1.0
1989,2,1542.14,1209.34,101.90999999999985,66.08000000000015,1,2,1.0
1990,1,1980.56,1028.38,123.75,73.75,1,2,1.0
1990,2,1542.24,1211.73,101.71000000000004,66.55999999999995,1,2,1.0
1991,1,1977.95,1026.21,123.66000000000008,74.18000000000006,1,2,1.0
1991,2,1542.34,1214.12,101.5,67.04000000000019,1,2,1.0
1992,1,1975.35,1024.04,123.57000000000016,74.60000000000014,1,2,1.0
1992,2,1542.44,1216.51,101.29999999999995,67.51999999999998,1,2,1.0
1993,1,1972.74,1021.87,123.49000000000001,75.0200000000001,1,2,1.0
1993,2,1542.54,1218.9,101.09000000000015,68.0,1,2,1.0
1994,1,1970.14,1019.7,123.39999999999986,75.44000000000005,1,2,1.0
1994,2,1542.64,1221.28,100.88999999999987,68.49000000000001,1,2,1.0
1995,1,1967.53,1017.53,123.31999999999994,75.86000000000013,1,2,1.0
1995,2,1542.74,1223.67,100.69000000000005,68.97000000000003,1,2,1.0
1996,1,1964.93,1015.35,123.22999999999979,76.29000000000008,1,2,1.0
1996,2,1542.84,1226.06,100.48000000000002,69.45000000000005,1,2,1.0
1997,1,1962.32,1013.18,123.14999999999986,76.71000000000015,1,2,1.0
1997,2,1542.94,1228.45,100.27999999999997,69.93000000000006,1,2,1.0
1998,1,1959.71,1011.01,123.05999999999995,77.1400000000001,1,2,1.0
1998,2,1543.04,1230.84,100.06999999999994,70.41000000000008,1,2,1.0
1999,1,1957.11,1008.84,122.97000000000003,77.56000000000006,1,2,1.0
1999,2,1543.14,1233.22,99.86999999999989,70.89999999999986,1,2,1.0
2000,1,1954.5,1006.67,122.88999999999987,77.98000000000013,1,2,1.0
2000,2,1543.24,1235.61,99.66000000000008,71.38000000000011,1,2,1.0
2001,1,1951.9,1004.5,122.79999999999973,78.40000000000009,1,2,1.0
2001,2,1543.34,1238.0,99.46000000000004,71.8599999999999,1,2,1.0
2002,1,1949.25,1000.97,121.94000000000005,79.19000000000005,1,2,1.0
2002,2,1544.04,1239.83,98.74000000000001,72.53999999999996,1,2,1.0
2003,1,1946.6,997.44,121.07999999999993,79.98000000000002,1,2,1.0
2003,2,1544.73,1241.66,98.02999999999997,73.23000000000002,1,2,1.0
2004,1,1943.95,993.91,120.22000000000003,80.7700000000001,1,2,1.0
2004,2,1545.43,1243.49,97.30999999999995,73.91000000000008,1,2,1.0
2005,1,1941.3,990.38,119.3599999999999,81.56000000000006,1,2,1.0
2005,2,1546.13,1245.32,96.58999999999992,74.60000000000014,1,2,1.0
2006,1,1939.22,987.27,118.49000000000001,82.34999999999991,1,2,1.0
2006,2,1546.82,1247.15,95.88000000000011,75.28999999999996,1,2,1.0
2007,1,1937.14,984.16,117.62000000000012,83.13999999999999,1,2,1.0
2007,2,1547.52,1248.97,95.16000000000008,75.98000000000002,1,2,1.0
2008,1,1935.05,981.05,116.77000000000021,83.93000000000006,1,2,1.0
2008,2,1548.22,1250.8,94.44000000000005,76.67000000000007,1,2,1.0
2009,1,1932.97,977.95,115.89999999999986,84.72000000000003,1,2,1.0
2009,2,1548.91,1252.63,93.73000000000002,77.34999999999991,1,2,1.0
2010,1,1930.88,974.84,115.03999999999996,85.50999999999988,1,2,1.0
2010,2,1549.61,1254.46,93.00999999999999,78.03999999999996,1,2,1.0
2011,1,1928.8,971.73,114.18000000000006,86.29999999999995,1,2,1.0
2011,2,1550.31,1256.29,92.28999999999996,78.72000000000003,1,2,1.0
2012,1,1926.71,968.62,113.31999999999994,87.09000000000003,1,2,1.0
2012,2,1551.0,1258.12,91.57999999999993,79.41000000000008,1,2,1.0
2013,1,1922.91,965.9,113.19999999999982,88.83000000000004,1,2,1.0
2013,2,1551.7,1259.95,90.8599999999999,80.09999999999991,1,2,1.0
2014,1,1919.11,963.18,113.09000000000015,90.56000000000006,1,2,1.0
2014,2,1552.4,1261.78,90.13999999999987,80.77999999999997,1,2,1.0
2015,1,1915.31,960.46,112.97000000000003,92.29999999999995,1,2,1.0
2015,2,1553.09,1263.61,89.43000000000006,81.47000000000003,1,2,1.0
2016,1,1911.5,957.74,112.8599999999999,94.02999999999997,1,2,1.0
2016,2,1553.79,1265.44,88.71000000000004,82.14999999999986,1,2,1.0
2017,1,1907.7,955.02,112.75,95.76999999999998,1,2,1.0
2017,2,1554.49,1267.27,87.99000000000001,82.83999999999992,1,2,1.0
2018,1,1903.9,952.3,112.62999999999988,97.5,1,2,1.0
2018,2,1555.18,1269.1,87.27999999999997,83.5300000000002,1,2,1.0
2019,1,1899.2,949.55,111.62999999999988,98.12000000000012,1,2,1.0
2019,2,1554.79,1271.25,86.55999999999995,84.21000000000004,1,2,1.0
2020,1,1894.49,946.8,110.6400000000001,98.74000000000001,1,2,1.0
2020,2,1554.41,1273.4,85.82999999999993,84.89999999999986,1,2,1.0
2021,1,1889.79,944.05,109.6400000000001,99.36000000000013,1,2,1.0
2021,2,1554.02,1275.55,85.12000000000012,85.59000000000015,1,2,1.0
2022,1,1885.09,941.31,108.6400000000001,99.97000000000003,1,2,1.0
2022,2,1553.63,1277.7,84.39999999999986,86.26999999999998,1,2,1.0
2023,1,1880.39,938.56,107.63999999999987,100.59000000000015,1,2,1.0
2023,2,1553.24,1279.85,83.68000000000006,86.96000000000004,1,2,1.0
2024,1,1875.68,935.81,106.64999999999986,101.21000000000004,1,2,1.0
2024,2,1552.85,1282.0,82.97000000000003,87.65000000000009,1,2,1.0
2025,1,1870.98,933.06,105.63999999999987,101.83000000000015,1,2,1.0
2025,2,1552.46,1284.15,82.25,88.32999999999993,1,2,1.0
2026,1,1866.28,930.31,104.6400000000001,102.45000000000005,1,2,1.0
2026,2,1552.07,1286.3,81.52999999999997,89.01999999999998,1,2,1.0
2027,1,1861.57,927.57,103.65000000000009,103.06000000000006,1,2,1.0
2027,2,1551.68,1288.45,80.81999999999994,89.71000000000004,1,2,1.0
2028,1,1856.87,924.82,102.65000000000009,103.67999999999995,1,2,1.0
2028,2,1551.29,1290.6,80.10000000000014,90.3900000000001,1,2,1.0
2029,1,1852.17,922.07,101.64999999999986,104.29999999999984,1,2,1.0
2029,2,1550.9,1292.75,79.37999999999988,91.07999999999993,1,2,1.0
2030,1,1847.47,919.32,100.64999999999986,104.91999999999996,1,2,1.0
2030,2,1550.51,1294.89,78.67000000000007,91.77999999999997,1,2,1.0
2031,1,1842.76,916.57,99.66000000000008,105.53999999999996,1,2,1.0
2031,2,1550.12,1297.04,77.95000000000005,92.46000000000004,1,2,1.0
2032,1,1837.04,914.86,98.66000000000008,106.15999999999997,1,2,1.0
2032,2,1550.12,1299.01,77.23000000000002,93.15000000000009,1,2,1.0
2033,1,1831.32,913.15,97.66000000000008,106.76999999999998,1,2,1.0
2033,2,1550.11,1300.98,76.52000000000021,93.82999999999993,1,2,1.0
2034,1,1825.6,911.44,96.66000000000008,107.38999999999999,1,2,1.0
2034,2,1550.11,1302.95,75.80000000000018,94.51999999999998,1,2,1.0
2035,1,1819.88,909.73,95.65999999999985,108.0,1,2,1.0
2035,2,1550.11,1304.91,75.08000000000015,95.20999999999981,1,2,1.0
2036,1,1814.15,908.01,94.66999999999985,108.63,1,2,1.0
2036,2,1550.11,1306.88,74.36000000000013,95.88999999999987,1,2,1.0
2037,1,1808.43,906.3,93.66999999999985,109.25,1,2,1.0
2037,2,1550.11,1308.85,73.6400000000001,96.58000000000015,1,2,1.0
2038,1,1802.71,904.59,92.67000000000007,109.86000000000001,1,2,1.0
2038,2,1550.1,1310.81,72.93000000000006,97.26999999999998,1,2,1.0
2039,1,1796.99,902.88,91.67000000000007,110.48000000000002,1,2,1.0
2039,2,1550.1,1312.78,72.21000000000004,97.96000000000004,1,2,1.0
2040,1,1791.27,901.17,90.67000000000007,111.10000000000002,1,2,1.0
2040,2,1550.1,1314.75,71.5,98.6400000000001,1,2,1.0
2041,1,1785.54,899.45,89.68000000000006,111.71999999999991,1,2,1.0
2041,2,1550.1,1316.72,70.7800000000002,99.31999999999994,1,2,1.0
2042,1,1781.86,897.97,88.68000000000006,112.32999999999993,1,2,1.0
2042,2,1551.91,1317.32,70.05999999999995,100.01999999999998,1,2,1.0
2043,1,1778.18,896.48,87.67999999999984,112.96000000000004,1,2,1.0
2043,2,1553.72,1317.93,69.33999999999992,100.70000000000005,1,2,1.0
2044,1,1774.49,895.0,86.68000000000006,113.57000000000005,1,2,1.0
2044,2,1555.52,1318.54,68.63000000000011,101.3900000000001,1,2,1.0
2045,1,1770.81,893.51,85.68000000000006,114.19000000000005,1,2,1.0
2045,2,1557.33,1319.15,67.92000000000007,102.06999999999994,1,2,1.0
2046,1,1767.12,892.03,84.69000000000005,114.81000000000006,1,2,1.0
2046,2,1559.14,1319.76,67.19999999999982,102.75999999999999,1,2,1.0
2047,1,1763.44,890.54,83.69000000000005,115.43000000000006,1,2,1.0
2047,2,1560.95,1320.37,66.48000000000002,103.44000000000005,1,2,1.0
2048,1,1759.76,889.06,82.69000000000005,116.04000000000008,1,2,1.0
2048,2,1562.76,1320.97,65.75999999999999,104.13999999999987,1,2,1.0
2049,1,1756.07,887.57,81.69000000000005,116.65999999999997,1,2,1.0
2049,2,1564.57,1321.58,65.04999999999995,104.83000000000015,1,2,1.0
2050,1,1752.39,886.09,80.68999999999983,117.27999999999997,1,2,1.0
2050,2,1566.38,1322.19,64.32999999999993,105.50999999999999,1,2,1.0
2051,1,1748.7,884.6,79.70000000000005,117.89999999999998,1,2,1.0
2051,2,1568.19,1322.8,63.6099999999999,106.20000000000005,1,2,1.0
2052,1,1746.69,883.33,79.53999999999996,117.95999999999992,1,2,1.0
2052,2,1571.34,1323.98,63.440000000000055,106.13999999999987,1,2,1.0
2053,1,1744.68,882.06,79.37999999999988,118.0200000000001,1,2,1.0
2053,2,1574.49,1325.17,63.25999999999999,106.07999999999993,1,2,1.0
2054,1,1742.67,880.79,79.22000000000003,118.08000000000004,1,2,1.0
2054,2,1577.64,1326.35,63.08999999999992,106.0300000000002,1,2,1.0
2055,1,1744.9,879.47,79.04999999999995,118.13,1,2,1.0
2055,2,1582.42,1325.31,62.909999999999854,105.96000000000004,1,2,1.0
2056,1,1747.12,878.15,78.8900000000001,118.19000000000005,1,2,1.0
2056,2,1587.19,1324.26,62.74000000000001,105.90000000000009,1,2,1.0
2057,1,1749.34,876.83,78.73000000000002,118.25,1,2,1.0
2057,2,1591.97,1323.21,62.559999999999945,105.83999999999992,1,2,1.0
2058,1,1751.56,875.51,78.57000000000016,118.31000000000006,1,2,1.0
2058,2,1596.75,1322.16,62.38000000000011,105.78999999999996,1,2,1.0
2059,1,1753.78,874.19,78.42000000000007,118.36999999999989,1,2,1.0
2059,2,1601.52,1321.11,62.210000000000036,105.73000000000002,1,2,1.0
2060,1,1757.16,872.24,78.25999999999999,118.42999999999995,1,2,1.0
2060,2,1608.73,1320.41,62.039999999999964,105.66999999999985,1,2,1.0
2061,1,1760.54,870.29,78.10000000000014,118.49000000000001,1,2,1.0
2061,2,1615.95,1319.71,61.84999999999991,105.6099999999999,1,2,1.0
2062,1,1763.92,868.35,77.93999999999983,118.53999999999996,1,2,1.0
2062,2,1623.16,1319.01,61.679999999999836,105.54999999999995,1,2,1.0
2063,1,1766.75,867.06,77.77999999999997,118.60000000000002,1,2,1.0
2063,2,1630.37,1318.31,61.51000000000022,105.49000000000001,1,2,1.0
2064,1,1769.58,865.76,77.61000000000013,118.66999999999996,1,2,1.0
2064,2,1637.58,1317.6,61.330000000000155,105.44000000000005,1,2,1.0
2065,1,1777.77,864.58,77.45000000000005,118.71999999999991,1,2,1.0
2065,2,1644.79,1316.9,61.16000000000008,105.37999999999988,1,2,1.0
2066,1,1785.96,863.4,77.28999999999996,118.77999999999997,1,2,1.0
2066,2,1652.0,1316.2,60.98000000000002,105.32999999999993,1,2,1.0
2067,1,1794.15,862.22,77.12999999999988,118.83999999999992,1,2,1.0
2067,2,1659.21,1315.5,60.809999999999945,105.26999999999998,1,2,1.0
2068,1,1802.33,861.04,76.98000000000002,118.90000000000009,1,2,1.0
2068,2,1666.42,1314.8,60.63999999999987,105.21000000000004,1,2,1.0
2069,1,1810.52,859.86,76.80999999999995,118.94999999999993,1,2,1.0
2069,2,1673.63,1314.1,60.45999999999981,105.15000000000009,1,2,1.0
2070,1,1818.71,858.67,76.64999999999986,119.0200000000001,1,2,1.0
2070,2,1680.84,1313.4,60.29000000000019,105.08999999999992,1,2,1.0
2071,1,1826.9,857.49,76.49000000000001,119.08000000000004,1,2,1.0
2071,2,1688.05,1312.7,60.11000000000013,105.02999999999997,1,2,1.0
2072,1,1834.28,857.04,76.32999999999993,119.13,1,2,1.0
2072,2,1696.1,1311.86,59.940000000000055,104.98000000000002,1,2,1.0
2073,1,1841.65,856.58,76.16999999999985,119.18999999999994,1,2,1.0
2073,2,1704.15,1311.03,59.75999999999999,104.92000000000007,1,2,1.0
2074,1,1849.03,856.12,76.00999999999999,119.25,1,2,1.0
2074,2,1712.2,1310.2,59.57999999999993,104.84999999999991,1,2,1.0
2075,1,1856.41,855.66,75.84999999999991,119.31000000000006,1,2,1.0
2075,2,1720.24,1309.36,59.41000000000008,104.80000000000018,1,2,1.0
2076,1,1863.79,855.21,75.69000000000005,119.36000000000001,1,2,1.0
2076,2,1728.29,1308.53,59.24000000000001,104.74000000000001,1,2,1.0
2077,1,1871.17,854.75,75.51999999999998,119.42999999999995,1,2,1.0
2077,2,1736.34,1307.7,59.06000000000017,104.68000000000006,1,2,1.0
2078,1,1878.54,854.29,75.37000000000012,119.49000000000001,1,2,1.0
2078,2,1744.39,1306.86,58.87999999999988,104.63000000000011,1,2,1.0
2079,1,1885.92,853.83,75.21000000000004,119.54999999999995,1,2,1.0
2079,2,1752.43,1306.03,58.710000000000036,104.56999999999994,1,2,1.0
2080,1,1893.3,853.38,75.04999999999995,119.60000000000002,1,2,1.0
2080,2,1760.48,1305.2,58.52999999999997,104.50999999999999,1,2,1.0
2081,1,1900.16,852.74,74.87999999999988,119.65999999999997,1,2,1.0
2081,2,1766.98,1304.53,58.3599999999999,104.45000000000005,1,2,1.0
2082,1,1907.01,852.1,74.73000000000002,119.72000000000003,1,2,1.0
2082,2,1773.48,1303.85,58.190000000000055,104.40000000000009,1,2,1.0
2083,1,1913.87,851.47,74.57000000000016,119.76999999999998,1,2,1.0
2083,2,1779.99,1303.18,58.00999999999999,104.33999999999992,1,2,1.0
2084,1,1920.72,850.83,74.41000000000008,119.83999999999992,1,2,1.0
2084,2,1786.49,1302.51,57.82999999999993,104.27999999999997,1,2,1.0
2085,1,1927.58,850.19,74.25,119.89999999999998,1,2,1.0
2085,2,1792.99,1301.84,57.66000000000008,104.22000000000003,1,2,1.0
2086,1,1934.44,849.55,74.07999999999993,119.96000000000004,1,2,1.0
2086,2,1799.49,1301.17,57.49000000000001,104.15999999999985,1,2,1.0
2087,1,1941.29,848.92,73.93000000000006,120.00999999999999,1,2,1.0
2087,2,1805.99,1300.5,57.309999999999945,104.09999999999991,1,2,1.0
2088,1,1946.28,848.18,73.75999999999999,120.07000000000005,1,2,1.0
2088,2,1811.45,1299.58,57.13999999999987,104.05000000000018,1,2,1.0
2089,1,1951.26,847.44,73.59999999999991,120.13,1,2,1.0
2089,2,1816.91,1298.67,56.95999999999981,103.98000000000002,1,2,1.0
2090,1,1956.24,846.7,73.44000000000005,120.18999999999994,1,2,1.0
2090,2,1822.37,1297.75,56.7800000000002,103.93000000000006,1,2,1.0
2091,1,1961.22,845.96,73.28999999999996,120.25,1,2,1.0
2091,2,1827.83,1296.84,56.61000000000013,103.87000000000012,1,2,1.0
2092,1,1966.2,845.22,73.12999999999988,120.30999999999995,1,2,1.0
2092,2,1833.28,1295.93,56.440000000000055,103.80999999999995,1,2,1.0
2093,1,1971.19,844.48,72.96000000000004,120.37,1,2,1.0
2093,2,1838.74,1295.01,56.25999999999999,103.75999999999999,1,2,1.0
2094,1,1976.17,843.74,72.79999999999973,120.41999999999996,1,2,1.0
2094,2,1844.2,1294.1,56.07999999999993,103.69000000000005,1,2,1.0
2095,1,1981.15,843.0,72.63999999999987,120.48000000000002,1,2,1.0
2095,2,1849.66,1293.18,55.909999999999854,103.63999999999987,1,2,1.0
2096,1,1986.13,842.26,72.48000000000002,120.53999999999996,1,2,1.0
2096,2,1855.12,1292.27,55.73000000000002,103.57999999999993,1,2,1.0
2097,1,1991.11,841.52,72.33000000000015,120.60000000000002,1,2,1.0
2097,2,1860.57,1291.36,55.56000000000017,103.52000000000021,1,2,1.0
2098,1,1996.09,840.78,72.1700000000003,120.66000000000008,1,2,1.0
2098,2,1866.03,1290.44,55.3900000000001,103.46000000000004,1,2,1.0
2099,1,1999.64,840.52,71.99999999999977,120.72000000000003,1,2,1.0
2099,2,1869.57,1289.53,55.210000000000036,103.40000000000009,1,2,1.0
2100,1,2003.18,840.26,71.83999999999992,120.77999999999997,1,2,1.0
2100,2,1873.1,1288.61,55.04000000000019,103.35000000000014,1,2,1.0
2101,1,2006.72,840.0,71.68000000000006,120.84000000000003,1,2,1.0
2101,2,1876.64,1287.7,54.8599999999999,103.28999999999996,1,2,1.0
2102,1,2010.12,838.62,71.68000000000029,120.84000000000003,1,2,1.0
2102,2,1880.2,1285.72,54.8599999999999,103.28999999999996,1,2,1.0
2103,1,2013.53,837.24,71.68000000000006,120.83000000000004,1,2,1.0
2103,2,1883.76,1283.74,54.8599999999999,103.28999999999996,1,2,1.0
2104,1,2016.93,835.86,71.68000000000006,120.83000000000004,1,2,1.0
2104,2,1887.31,1281.76,54.86000000000013,103.28999999999996,1,2,1.0
2105,1,2020.34,834.48,71.68000000000006,120.82999999999993,1,2,1.0
2105,2,1890.87,1279.78,54.86000000000013,103.28999999999996,1,2,1.0
2106,1,2023.74,833.09,71.68000000000006,120.83999999999992,1,2,1.0
2106,2,1894.43,1277.8,54.8599999999999,103.28999999999996,1,2,1.0
2107,1,2026.09,831.96,71.68000000000006,120.83999999999992,1,2,1.0
2107,2,1896.84,1277.06,54.86000000000013,103.28999999999996,1,2,1.0
2108,1,2028.43,830.83,71.68000000000006,120.83999999999992,1,2,1.0
2108,2,1899.25,1276.32,54.8599999999999,103.27999999999997,1,2,1.0
2109,1,2030.77,829.7,71.69000000000005,120.83999999999992,1,2,1.0
2109,2,1901.65,1275.58,54.8599999999999,103.27999999999997,1,2,1.0
2110,1,2033.12,828.57,71.68000000000029,120.83999999999992,1,2,1.0
2110,2,1904.06,1274.84,54.86000000000013,103.27999999999997,1,2,1.0
2111,1,2035.46,827.45,71.67999999999984,120.82999999999993,1,2,1.0
2111,2,1906.47,1274.1,54.8599999999999,103.2800000000002,1,2,1.0
2112,1,2037.81,826.32,71.67999999999984,120.82999999999993,1,2,1.0
2112,2,1908.88,1273.36,54.8599999999999,103.2800000000002,1,2,1.0
2113,1,2040.15,825.19,71.67999999999984,120.82999999999993,1,2,1.0
2113,2,1911.28,1272.62,54.86000000000013,103.2800000000002,1,2,1.0
2114,1,2041.12,824.06,71.68000000000029,120.83000000000004,1,2,1.0
2114,2,1912.21,1271.04,54.8599999999999,103.28999999999996,1,2,1.0
2115,1,2042.09,822.93,71.68000000000006,120.83000000000004,1,2,1.0
2115,2,1913.14,1269.46,54.8599999999999,103.28999999999996,1,2,1.0
2116,1,2043.06,821.8,71.67999999999984,120.83000000000004,1,2,1.0
2116,2,1914.07,1267.89,54.86000000000013,103.27999999999997,1,2,1.0
2117,1,2044.03,820.67,71.68000000000006,120.83000000000004,1,2,1.0
2117,2,1915.0,1266.31,54.8599999999999,103.28999999999996,1,2,1.0
2118,1,2045.0,819.54,71.67999999999984,120.83000000000004,1,2,1.0
2118,2,1915.92,1264.73,54.8599999999999,103.28999999999996,1,2,1.0
2119,1,2045.96,818.41,71.69000000000005,120.83000000000004,1,2,1.0
2119,2,1916.85,1263.16,54.86000000000013,103.28999999999996,1,2,1.0
2120,1,2046.93,817.28,71.68000000000006,120.83000000000004,1,2,1.0
2120,2,1917.78,1261.58,54.86000000000013,103.28999999999996,1,2,1.0
2121,1,2047.9,816.15,71.67999999999984,120.83000000000004,1,2,1.0
2121,2,1918.71,1260.01,54.8599999999999,103.27999999999997,1,2,1.0
2122,1,2048.87,815.02,71.68000000000029,120.84000000000003,1,2,1.0
2122,2,1919.64,1258.43,54.8599999999999,103.28999999999996,1,2,1.0
2123,1,2049.84,813.89,71.67999999999984,120.84000000000003,1,2,1.0
2123,2,1920.56,1256.85,54.86000000000013,103.29000000000019,1,2,1.0
2124,1,2050.81,812.76,71.67999999999984,120.84000000000003,1,2,1.0
2124,2,1921.49,1255.28,54.8599999999999,103.28999999999996,1,2,1.0
2125,1,2051.78,811.63,71.67999999999984,120.84000000000003,1,2,1.0
2125,2,1922.42,1253.7,54.8599999999999,103.28999999999996,1,2,1.0
2126,1,2052.75,810.5,71.67999999999984,120.84000000000003,1,2,1.0
2126,2,1923.35,1252.12,54.86000000000013,103.29000000000019,1,2,1.0
2127,1,2053.19,809.37,71.67999999999984,120.84000000000003,1,2,1.0
2127,2,1923.61,1250.95,54.86000000000013,103.27999999999997,1,2,1.0
2128,1,2053.62,808.24,71.69000000000005,120.84000000000003,1,2,1.0
2128,2,1923.88,1249.77,54.8599999999999,103.27999999999997,1,2,1.0
2129,1,2054.06,807.11,71.69000000000005,120.84000000000003,1,2,1.0
2129,2,1924.15,1248.59,54.8599999999999,103.29000000000019,1,2,1.0
2130,1,2054.5,805.98,71.69000000000005,120.84000000000003,1,2,1.0
2130,2,1924.41,1247.41,54.8599999999999,103.28999999999996,1,2,1.0
2131,1,2054.94,804.85,71.67999999999984,120.84000000000003,1,2,1.0
2131,2,1924.68,1246.23,54.8599999999999,103.28999999999996,1,2,1.0
2132,1,2055.38,803.72,71.67999999999984,120.83999999999992,1,2,1.0
2132,2,1924.94,1245.05,54.8599999999999,103.28999999999996,1,2,1.0
2133,1,2055.82,802.59,71.67999999999984,120.83999999999992,1,2,1.0
2133,2,1925.21,1243.87,54.8599999999999,103.29000000000019,1,2,1.0
2134,1,2056.26,801.46,71.67999999999984,120.83999999999992,1,2,1.0
2134,2,1925.48,1242.69,54.8599999999999,103.28999999999996,1,2,1.0
2135,1,2056.7,800.33,71.68000000000029,120.83999999999992,1,2,1.0
2135,2,1925.74,1241.51,54.8599999999999,103.28999999999996,1,2,1.0
2136,1,2057.14,799.2,71.68000000000029,120.83999999999992,1,2,1.0
2136,2,1926.01,1240.33,54.8599999999999,103.28999999999996,1,2,1.0
2137,1,2057.58,798.07,71.68000000000029,120.83999999999992,1,2,1.0
2137,2,1926.27,1239.15,54.86000000000013,103.28999999999996,1,2,1.0
2138,1,2058.02,796.94,71.67999999999984,120.83999999999992,1,2,1.0
2138,2,1926.54,1237.98,54.86000000000013,103.27999999999997,1,2,1.0
2139,1,2058.46,795.81,71.67999999999984,120.84000000000003,1,2,1.0
2139,2,1926.81,1236.8,54.86000000000013,103.27999999999997,1,2,1.0
2140,1,2058.9,794.68,71.67999999999984,120.84000000000003,1,2,1.0
2140,2,1927.07,1235.62,54.86000000000013,103.29000000000019,1,2,1.0
2141,1,2059.34,793.55,71.67999999999984,120.84000000000003,1,2,1.0
2141,2,1927.34,1234.44,54.86000000000013,103.28999999999996,1,2,1.0
2142,1,2059.78,792.42,71.67999999999984,120.84000000000003,1,2,1.0
2142,2,1927.6,1233.26,54.86000000000013,103.28999999999996,1,2,1.0
2143,1,2060.22,791.29,71.68000000000029,120.84000000000003,1,2,1.0
2143,2,1927.87,1232.08,54.86000000000013,103.28999999999996,1,2,1.0
2144,1,2060.66,790.16,71.68000000000029,120.84000000000003,1,2,1.0
2144,2,1928.14,1230.9,54.8599999999999,103.28999999999996,1,2,1.0
2145,1,2061.09,789.03,71.69000000000005,120.84000000000003,1,2,1.0
2145,2,1928.4,1229.72,54.8599999999999,103.28999999999996,1,2,1.0
2146,1,2061.53,787.91,71.6899999999996,120.83000000000004,1,2,1.0
2146,2,1928.67,1228.54,54.8599999999999,103.28999999999996,1,2,1.0
2147,1,2061.97,786.78,71.69000000000005,120.83000000000004,1,2,1.0
2147,2,1928.93,1227.36,54.8599999999999,103.29000000000019,1,2,1.0
2148,1,2062.41,785.65,71.68000000000029,120.83000000000004,1,2,1.0
2148,2,1929.2,1226.18,54.8599999999999,103.28999999999996,1,2,1.0
2149,1,2062.85,784.52,71.68000000000029,120.83000000000004,1,2,1.0
2149,2,1929.47,1225.01,54.8599999999999,103.27999999999997,1,2,1.0
2150,1,2063.29,783.39,71.67999999999984,120.83000000000004,1,2,1.0
2150,2,1929.73,1223.83,54.8599999999999,103.27999999999997,1,2,1.0
2151,1,2063.73,782.26,71.67999999999984,120.83000000000004,1,2,1.0
2151,2,1930.0,1222.65,54.8599999999999,103.28999999999996,1,2,1.0
2152,1,2064.21,781.23,71.67999999999984,120.82999999999993,1,2,1.0
2152,2,1930.51,1221.45,54.8599999999999,103.28999999999996,1,2,1.0
2153,1,2064.68,780.19,71.68000000000029,120.83999999999992,1,2,1.0
2153,2,1931.02,1220.25,54.86000000000013,103.28999999999996,1,2,1.0
2154,1,2065.15,779.16,71.67999999999984,120.84000000000003,1,2,1.0
2154,2,1931.53,1219.05,54.86000000000013,103.28999999999996,1,2,1.0
2155,1,2065.63,778.13,71.67999999999984,120.84000000000003,1,2,1.0
2155,2,1932.04,1217.85,54.86000000000013,103.29000000000019,1,2,1.0
2156,1,2066.1,777.1,71.68000000000029,120.84000000000003,1,2,1.0
2156,2,1932.56,1216.65,54.86000000000013,103.28999999999996,1,2,1.0
2157,1,2066.57,776.07,71.67999999999984,120.82999999999993,1,2,1.0
2157,2,1933.07,1215.46,54.86000000000013,103.27999999999997,1,2,1.0
2158,1,2067.05,775.03,71.67999999999984,120.84000000000003,1,2,1.0
2158,2,1933.58,1214.26,54.86000000000013,103.27999999999997,1,2,1.0
2159,1,2067.52,774.0,71.67999999999984,120.84000000000003,1,2,1.0
2159,2,1934.09,1213.06,54.86000000000013,103.28999999999996,1,2,1.0
2160,1,2067.99,772.97,71.69000000000005,120.83999999999992,1,2,1.0
2160,2,1934.6,1211.86,54.86000000000013,103.29000000000019,1,2,1.0
2161,1,2068.47,771.94,71.68000000000029,120.83999999999992,1,2,1.0
2161,2,1935.11,1210.66,54.86000000000013,103.28999999999996,1,2,1.0
2162,1,2068.94,770.91,71.67999999999984,120.83000000000004,1,2,1.0
2162,2,1935.63,1209.46,54.8599999999999,103.28999999999996,1,2,1.0
2163,1,2069.41,769.88,71.69000000000005,120.83000000000004,1,2,1.0
2163,2,1936.14,1208.26,54.8599999999999,103.28999999999996,1,2,1.0
2164,1,2069.89,768.84,71.68000000000029,120.83999999999992,1,2,1.0
2164,2,1936.65,1207.06,54.8599999999999,103.28999999999996,1,2,1.0
2165,1,2070.36,767.81,71.67999999999984,120.84000000000003,1,2,1.0
2165,2,1937.16,1205.87,54.8599999999999,103.2800000000002,1,2,1.0
2166,1,2070.84,766.78,71.67999999999984,120.84000000000003,1,2,1.0
2166,2,1937.67,1204.67,54.8599999999999,103.27999999999997,1,2,1.0
2167,1,2071.31,765.75,71.67999999999984,120.84000000000003,1,2,1.0
2167,2,1938.18,1203.47,54.8599999999999,103.28999999999996,1,2,1.0
2168,1,2071.78,764.72,71.67999999999984,120.82999999999993,1,2,1.0
2168,2,1938.7,1202.27,54.8599999999999,103.28999999999996,1,2,1.0
2169,1,2072.26,763.69,71.67999999999984,120.82999999999993,1,2,1.0
2169,2,1939.21,1201.07,54.8599999999999,103.28999999999996,1,2,1.0
2170,1,2072.73,762.65,71.67999999999984,120.84000000000003,1,2,1.0
2170,2,1939.72,1199.87,54.8599999999999,103.29000000000019,1,2,1.0
2171,1,2073.2,761.62,71.68000000000029,120.84000000000003,1,2,1.0
2171,2,1940.23,1198.67,54.8599999999999,103.28999999999996,1,2,1.0
2172,1,2073.68,760.59,71.68000000000029,120.83999999999992,1,2,1.0
2172,2,1940.74,1197.47,54.8599999999999,103.28999999999996,1,2,1.0
2173,1,2074.15,759.56,71.67999999999984,120.84000000000003,1,2,1.0
2173,2,1941.25,1196.28,54.8599999999999,103.27999999999997,1,2,1.0
2174,1,2074.62,758.53,71.69000000000005,120.83000000000004,1,2,1.0
2174,2,1941.77,1195.08,54.86000000000013,103.28999999999996,1,2,1.0
2175,1,2075.1,757.49,71.68000000000029,120.84000000000003,1,2,1.0
2175,2,1942.28,1193.88,54.86000000000013,103.28999999999996,1,2,1.0
2176,1,2075.57,756.46,71.67999999999984,120.83999999999992,1,2,1.0
2176,2,1942.79,1192.68,54.86000000000013,103.28999999999996,1,2,1.0
2177,1,2076.04,755.43,71.69000000000005,120.84000000000003,1,2,1.0
2177,2,1943.3,1191.48,54.86000000000013,103.28999999999996,1,2,1.0
2178,1,2076.52,754.4,71.67999999999984,120.84000000000003,1,2,1.0
2178,2,1943.81,1190.28,54.86000000000013,103.28999999999996,1,2,1.0
2179,1,2076.99,753.37,71.68000000000029,120.83000000000004,1,2,1.0
2179,2,1944.32,1189.08,54.86000000000013,103.28999999999996,1,2,1.0
2180,1,2077.47,752.34,71.68000000000029,120.82999999999993,1,2,1.0
2180,2,1944.84,1187.88,54.86000000000013,103.28999999999996,1,2,1.0
2181,1,2077.94,751.3,71.67999999999984,120.84000000000003,1,2,1.0
2181,2,1945.35,1186.69,54.86000000000013,103.27999999999997,1,2,1.0
2182,1,2078.41,750.27,71.68000000000029,120.84000000000003,1,2,1.0
2182,2,1945.86,1185.49,54.86000000000013,103.28999999999996,1,2,1.0
2183,1,2078.89,749.24,71.68000000000029,120.84000000000003,1,2,1.0
2183,2,1946.37,1184.29,54.86000000000013,103.28999999999996,1,2,1.0
2184,1,2079.36,748.21,71.67999999999984,120.83999999999992,1,2,1.0
2184,2,1946.88,1183.09,54.8599999999999,103.29000000000019,1,2,1.0
2185,1,2079.83,747.18,71.68000000000029,120.83000000000004,1,2,1.0
2185,2,1947.39,1181.89,54.8599999999999,103.28999999999996,1,2,1.0
2186,1,2080.31,746.15,71.67999999999984,120.83000000000004,1,2,1.0
2186,2,1947.91,1180.69,54.84999999999991,103.28999999999996,1,2,1.0
2187,1,2080.78,745.11,71.67999999999984,120.84000000000003,1,2,1.0
2187,2,1948.42,1179.49,54.8599999999999,103.28999999999996,1,2,1.0
2188,1,2081.25,744.08,71.69000000000005,120.83999999999992,1,2,1.0
2188,2,1948.93,1178.3,54.8599999999999,103.27999999999997,1,2,1.0
2189,1,2081.73,743.05,71.67999999999984,120.84000000000003,1,2,1.0
2189,2,1949.44,1177.1,54.8599999999999,103.2800000000002,1,2,1.0
2190,1,2082.2,742.02,71.68000000000029,120.84000000000003,1,2,1.0
2190,2,1949.95,1175.9,54.8599999999999,103.28999999999996,1,2,1.0
2191,1,2082.68,740.99,71.68000000000029,120.83000000000004,1,2,1.0
2191,2,1950.46,1174.7,54.8599999999999,103.28999999999996,1,2,1.0
2192,1,2083.15,739.95,71.67999999999984,120.83999999999992,1,2,1.0
2192,2,1950.98,1173.5,54.84999999999991,103.28999999999996,1,2,1.0
2193,1,2083.62,738.92,71.68000000000029,120.84000000000003,1,2,1.0
2193,2,1951.49,1172.3,54.8599999999999,103.28999999999996,1,2,1.0
2194,1,2084.1,737.89,71.68000000000029,120.84000000000003,1,2,1.0
2194,2,1952.0,1171.1,54.8599999999999,103.29000000000019,1,2,1.0
2195,1,2084.57,736.86,71.67999999999984,120.84000000000003,1,2,1.0
2195,2,1952.51,1169.9,54.8599999999999,103.28999999999996,1,2,1.0
2196,1,2085.04,735.83,71.67999999999984,120.82999999999993,1,2,1.0
2196,2,1953.02,1168.71,54.86000000000013,103.27999999999997,1,2,1.0
2197,1,2085.52,734.8,71.67999999999984,120.83000000000004,1,2,1.0
2197,2,1953.53,1167.51,54.86000000000013,103.27999999999997,1,2,1.0
2198,1,2085.99,733.76,71.68000000000029,120.84000000000003,1,2,1.0
2198,2,1954.05,1166.31,54.850000000000136,103.28999999999996,1,2,1.0
2199,1,2086.46,732.73,71.69000000000005,120.84000000000003,1,2,1.0
2199,2,1954.56,1165.11,54.86000000000013,103.29000000000019,1,2,1.0
2200,1,2086.94,731.7,71.67999999999984,120.83999999999992,1,2,1.0
2200,2,1955.07,1163.91,54.86000000000013,103.28999999999996,1,2,1.0
2201,1,2087.41,730.67,71.68000000000029,120.84000000000003,1,2,1.0
2201,2,1955.58,1162.71,54.86000000000013,103.28999999999996,1,2,1.0
2202,1,2087.95,729.64,71.64000000000033,120.83000000000004,1,2,1.0
2202,2,1956.06,1161.61,54.840000000000146,103.27000000000021,1,2,1.0
2203,1,2088.48,728.61,71.61999999999989,120.83000000000004,1,2,1.0
2203,2,1956.54,1160.51,54.819999999999936,103.25,1,2,1.0
2204,1,2089.02,727.57,71.57999999999993,120.83999999999992,1,2,1.0
2204,2,1957.02,1159.41,54.799999999999955,103.22000000000003,1,2,1.0
2205,1,2089.56,726.54,71.53999999999996,120.84000000000003,1,2,1.0
2205,2,1957.5,1158.31,54.76999999999998,103.20000000000005,1,2,1.0
2206,1,2090.09,725.51,71.50999999999976,120.84000000000003,1,2,1.0
2206,2,1957.98,1157.21,54.75,103.18000000000006,1,2,1.0
2207,1,2090.63,724.48,71.4699999999998,120.84000000000003,1,2,1.0
2207,2,1958.46,1156.11,54.73000000000002,103.16000000000008,1,2,1.0
2208,1,2091.16,723.45,71.45000000000027,120.82999999999993,1,2,1.0
2208,2,1958.93,1155.0,54.72000000000003,103.15000000000009,1,2,1.0
2209,1,2091.7,722.41,71.41000000000031,120.84000000000003,1,2,1.0
2209,2,1959.41,1153.9,54.69999999999982,103.11999999999989,1,2,1.0
2210,1,2092.24,721.38,71.37000000000035,120.84000000000003,1,2,1.0
2210,2,1959.89,1152.8,54.679999999999836,103.10000000000014,1,2,1.0
2211,1,2092.77,720.35,71.34000000000015,120.84000000000003,1,2,1.0
2211,2,1960.37,1151.7,54.66000000000008,103.07999999999993,1,2,1.0
2212,1,2093.31,719.32,71.30000000000018,120.83999999999992,1,2,1.0
2212,2,1960.85,1150.6,54.63000000000011,103.06000000000017,1,2,1.0
2213,1,2093.85,718.29,71.26999999999998,120.83000000000004,1,2,1.0
2213,2,1961.33,1149.5,54.61000000000013,103.03999999999996,1,2,1.0
2214,1,2094.38,717.26,71.23999999999978,120.83000000000004,1,2,1.0
2214,2,1961.81,1148.4,54.590000000000146,103.00999999999999,1,2,1.0
2215,1,2094.92,716.22,71.19999999999982,120.83999999999992,1,2,1.0
2215,2,1962.29,1147.3,54.569999999999936,102.99000000000001,1,2,1.0
2216,1,2095.45,715.19,71.17000000000007,120.83999999999992,1,2,1.0
2216,2,1962.77,1146.2,54.549999999999955,102.97000000000003,1,2,1.0
2217,1,2095.99,714.16,71.13000000000011,120.84000000000003,1,2,1.0
2217,2,1963.25,1145.09,54.52999999999997,102.96000000000004,1,2,1.0
2218,1,2096.53,713.13,71.09999999999991,120.84000000000003,1,2,1.0
2218,2,1963.73,1143.99,54.50999999999999,102.94000000000005,1,2,1.0
2219,1,2097.06,712.1,71.07000000000016,120.82999999999993,1,2,1.0
2219,2,1964.21,1142.89,54.48000000000002,102.90999999999985,1,2,1.0
2220,1,2097.6,711.07,71.0300000000002,120.82999999999993,1,2,1.0
2220,2,1964.68,1141.79,54.47000000000003,102.8900000000001,1,2,1.0
2221,1,2098.13,710.03,71.0,120.84000000000003,1,2,1.0
2221,2,1965.16,1140.69,54.44999999999982,102.86999999999989,1,2,1.0
2222,1,2098.67,709.0,70.96000000000004,120.84000000000003,1,2,1.0
2222,2,1965.64,1139.59,54.429999999999836,102.85000000000014,1,2,1.0
2223,1,2099.21,707.97,70.92999999999984,120.83999999999992,1,2,1.0
2223,2,1966.12,1138.49,54.41000000000008,102.82999999999993,1,2,1.0
2224,1,2099.74,706.94,70.90000000000009,120.83999999999992,1,2,1.0
2224,2,1966.6,1137.39,54.3900000000001,102.79999999999995,1,2,1.0
2225,1,2100.28,705.91,70.85999999999967,120.83000000000004,1,2,1.0
2225,2,1967.08,1136.29,54.37000000000012,102.77999999999997,1,2,1.0
2226,1,2100.82,704.88,70.81999999999971,120.83000000000004,1,2,1.0
2226,2,1967.56,1135.18,54.340000000000146,102.76999999999998,1,2,1.0
2227,1,2101.35,703.84,70.78999999999996,120.83999999999992,1,2,1.0
2227,2,1968.04,1134.08,54.319999999999936,102.75,1,2,1.0
2228,1,2101.89,702.81,70.76000000000022,120.84000000000003,1,2,1.0
2228,2,1968.52,1132.98,54.299999999999955,102.73000000000002,1,2,1.0
2229,1,2102.42,701.78,70.73000000000002,120.84000000000003,1,2,1.0
2229,2,1969.0,1131.88,54.27999999999997,102.69999999999982,1,2,1.0
2230,1,2102.96,700.75,70.69000000000005,120.84000000000003,1,2,1.0
2230,2,1969.48,1130.78,54.25999999999999,102.68000000000006,1,2,1.0
2231,1,2103.5,699.72,70.65000000000009,120.82999999999993,1,2,1.0
2231,2,1969.96,1129.68,54.24000000000001,102.65999999999985,1,2,1.0
2232,1,2104.03,698.68,70.61999999999989,120.84000000000003,1,2,1.0
2232,2,1970.44,1128.58,54.22000000000003,102.6400000000001,1,2,1.0
2233,1,2104.57,697.65,70.58999999999969,120.84000000000003,1,2,1.0
2233,2,1970.91,1127.48,54.19999999999982,102.61999999999989,1,2,1.0
2234,1,2105.1,696.62,70.55999999999995,120.84000000000003,1,2,1.0
2234,2,1971.39,1126.38,54.179999999999836,102.58999999999992,1,2,1.0
2235,1,2105.64,695.59,70.51999999999998,120.83999999999992,1,2,1.0
2235,2,1971.87,1125.27,54.16000000000008,102.57999999999993,1,2,1.0
2236,1,2106.18,694.56,70.48000000000002,120.83000000000004,1,2,1.0
2236,2,1972.35,1124.17,54.1400000000001,102.55999999999995,1,2,1.0
2237,1,2106.71,693.53,70.44999999999982,120.83000000000004,1,2,1.0
2237,2,1972.83,1123.07,54.12000000000012,102.53999999999996,1,2,1.0
2238,1,2107.25,692.49,70.42000000000007,120.84000000000003,1,2,1.0
2238,2,1973.31,1121.97,54.100000000000136,102.51999999999998,1,2,1.0
2239,1,2107.79,691.46,70.38000000000011,120.83999999999992,1,2,1.0
2239,2,1973.79,1120.87,54.07999999999993,102.49000000000001,1,2,1.0
2240,1,2108.32,690.43,70.34999999999991,120.84000000000003,1,2,1.0
2240,2,1974.27,1119.77,54.059999999999945,102.47000000000003,1,2,1.0
2241,1,2108.86,689.4,70.30999999999995,120.84000000000003,1,2,1.0
2241,2,1974.75,1118.67,54.02999999999997,102.44999999999982,1,2,1.0
2242,1,2109.39,688.37,70.2800000000002,120.83000000000004,1,2,1.0
2242,2,1975.23,1117.57,54.00999999999999,102.43000000000006,1,2,1.0
2243,1,2109.93,687.34,70.24000000000024,120.82999999999993,1,2,1.0
2243,2,1975.71,1116.47,53.99000000000001,102.41000000000008,1,2,1.0
2244,1,2110.47,686.3,70.21000000000004,120.84000000000003,1,2,1.0
2244,2,1976.19,1115.36,53.97000000000003,102.3900000000001,1,2,1.0
2245,1,2111.0,685.27,70.17999999999984,120.84000000000003,1,2,1.0
2245,2,1976.66,1114.26,53.95999999999981,102.37000000000012,1,2,1.0
2246,1,2111.54,684.24,70.13999999999987,120.84000000000003,1,2,1.0
2246,2,1977.14,1113.16,53.93999999999983,102.34999999999991,1,2,1.0
2247,1,2112.08,683.21,70.09999999999991,120.83999999999992,1,2,1.0
2247,2,1977.62,1112.06,53.92000000000007,102.33000000000015,1,2,1.0
2248,1,2112.61,682.18,70.06999999999971,120.83000000000004,1,2,1.0
2248,2,1978.1,1110.96,53.8900000000001,102.30999999999995,1,2,1.0
2249,1,2113.15,681.14,70.03999999999996,120.84000000000003,1,2,1.0
2249,2,1978.58,1109.86,53.87000000000012,102.2800000000002,1,2,1.0
2250,1,2113.68,680.11,70.01000000000022,120.84000000000003,1,2,1.0
2250,2,1979.06,1108.76,53.850000000000136,102.25999999999999,1,2,1.0
2251,1,2114.22,679.08,69.97000000000025,120.83999999999992,1,2,1.0
2251,2,1979.54,1107.66,53.82999999999993,102.24000000000001,1,2,1.0
2252,1,2114.67,677.84,69.92999999999984,120.82999999999993,1,2,1.0
2252,2,1980.02,1106.56,53.809999999999945,102.22000000000003,1,2,1.0
2253,1,2115.11,676.59,69.90000000000009,120.83999999999992,1,2,1.0
2253,2,1980.5,1105.45,53.789999999999964,102.21000000000004,1,2,1.0
2254,1,2115.56,675.35,69.86000000000013,120.84000000000003,1,2,1.0
2254,2,1980.98,1104.35,53.76999999999998,102.18000000000006,1,2,1.0
2255,1,2116.0,674.1,69.84000000000015,120.84000000000003,1,2,1.0
2255,2,1981.46,1103.25,53.74000000000001,102.16000000000008,1,2,1.0
2256,1,2116.45,672.86,69.80000000000018,120.84000000000003,1,2,1.0
2256,2,1981.94,1102.15,53.72000000000003,102.13999999999987,1,2,1.0
2257,1,2116.89,671.62,69.76999999999998,120.83000000000004,1,2,1.0
2257,2,1982.42,1101.05,53.69999999999982,102.12000000000012,1,2,1.0
2258,1,2117.34,670.37,69.73000000000002,120.84000000000003,1,2,1.0
2258,2,1982.89,1099.95,53.68999999999983,102.09999999999991,1,2,1.0
2259,1,2117.78,669.13,69.69999999999982,120.84000000000003,1,2,1.0
2259,2,1983.37,1098.85,53.67000000000007,102.07000000000016,1,2,1.0
2260,1,2118.23,667.88,69.65999999999985,120.84000000000003,1,2,1.0
2260,2,1983.85,1097.75,53.65000000000009,102.04999999999995,1,2,1.0
2261,1,2118.68,666.64,69.62000000000035,120.84000000000003,1,2,1.0
2261,2,1984.33,1096.65,53.63000000000011,102.02999999999997,1,2,1.0
2262,1,2119.12,665.4,69.59999999999991,120.83000000000004,1,2,1.0
2262,2,1984.81,1095.54,53.600000000000136,102.01999999999998,1,2,1.0
2263,1,2119.57,664.15,69.55999999999995,120.84000000000003,1,2,1.0
2263,2,1985.29,1094.44,53.57999999999993,102.0,1,2,1.0
2264,1,2120.01,662.91,69.52999999999975,120.84000000000003,1,2,1.0
2264,2,1985.77,1093.34,53.559999999999945,101.97000000000003,1,2,1.0
2265,1,2120.46,661.66,69.48999999999978,120.84000000000003,1,2,1.0
2265,2,1986.25,1092.24,53.539999999999964,101.95000000000005,1,2,1.0
2266,1,2120.9,660.42,69.46000000000004,120.84000000000003,1,2,1.0
2266,2,1986.73,1091.14,53.51999999999998,101.92999999999984,1,2,1.0
2267,1,2121.35,659.18,69.42000000000007,120.83000000000004,1,2,1.0
2267,2,1987.21,1090.04,53.5,101.91000000000008,1,2,1.0
2268,1,2121.8,658.24,69.37999999999965,120.84000000000003,1,2,1.0
2268,2,1987.69,1088.94,53.48000000000002,101.88999999999987,1,2,1.0
2269,1,2122.24,657.31,69.36000000000013,120.84000000000003,1,2,1.0
2269,2,1988.17,1087.84,53.44999999999982,101.86000000000013,1,2,1.0
2270,1,2122.69,656.38,69.32000000000016,120.84000000000003,1,2,1.0
2270,2,1988.64,1086.74,53.43999999999983,101.83999999999992,1,2,1.0
2271,1,2123.13,655.45,69.28999999999996,120.83999999999992,1,2,1.0
2271,2,1989.12,1085.63,53.42000000000007,101.82999999999993,1,2,1.0
2272,1,2123.58,654.52,69.25,120.83000000000004,1,2,1.0
2272,2,1989.6,1084.53,53.40000000000009,101.80999999999995,1,2,1.0
2273,1,2124.02,653.58,69.2199999999998,120.83999999999992,1,2,1.0
2273,2,1990.08,1083.43,53.38000000000011,101.78999999999996,1,2,1.0
2274,1,2124.47,652.65,69.18000000000029,120.84000000000003,1,2,1.0
2274,2,1990.56,1082.33,53.36000000000013,101.75999999999999,1,2,1.0
2275,1,2124.91,651.72,69.15000000000009,120.83999999999992,1,2,1.0
2275,2,1991.04,1081.23,53.340000000000146,101.74000000000001,1,2,1.0
2276,1,2125.36,650.79,69.11999999999989,120.84000000000003,1,2,1.0
2276,2,1991.52,1080.13,53.309999999999945,101.7199999999998,1,2,1.0
2277,1,2125.81,649.86,69.07999999999993,120.83000000000004,1,2,1.0
2277,2,1992.0,1079.03,53.289999999999964,101.70000000000005,1,2,1.0
2278,1,2126.25,648.93,69.05000000000018,120.83000000000004,1,2,1.0
2278,2,1992.48,1077.93,53.26999999999998,101.67999999999984,1,2,1.0
2279,1,2126.7,647.99,69.01000000000022,120.84000000000003,1,2,1.0
2279,2,1992.96,1076.83,53.25,101.65000000000009,1,2,1.0
2280,1,2127.14,647.06,68.98000000000002,120.84000000000003,1,2,1.0
2280,2,1993.44,1075.72,53.23000000000002,101.63999999999987,1,2,1.0
2281,1,2127.59,646.13,68.94000000000005,120.84000000000003,1,2,1.0
2281,2,1993.92,1074.62,53.210000000000036,101.62000000000012,1,2,1.0
2282,1,2128.03,645.2,68.90999999999985,120.83999999999992,1,2,1.0
2282,2,1994.4,1073.52,53.18999999999983,101.59999999999991,1,2,1.0
2283,1,2128.48,644.27,68.88000000000011,120.83000000000004,1,2,1.0
2283,2,1994.87,1072.42,53.18000000000029,101.57999999999993,1,2,1.0
2284,1,2128.92,643.33,68.84999999999991,120.83999999999992,1,2,1.0
2284,2,1995.35,1071.32,53.15000000000009,101.54999999999995,1,2,1.0
2285,1,2129.37,642.4,68.80999999999995,120.84000000000003,1,2,1.0
2285,2,1995.83,1070.22,53.13000000000011,101.52999999999997,1,2,1.0
2286,1,2129.82,641.47,68.76999999999998,120.83999999999992,1,2,1.0
2286,2,1996.31,1069.12,53.11000000000013,101.51000000000022,1,2,1.0
2287,1,2130.26,640.54,68.73999999999978,120.84000000000003,1,2,1.0
2287,2,1996.79,1068.02,53.090000000000146,101.49000000000001,1,2,1.0
2288,1,2130.71,639.61,68.69999999999982,120.83000000000004,1,2,1.0
2288,2,1997.27,1066.92,53.070000000000164,101.47000000000003,1,2,1.0
2289,1,2131.15,638.68,68.67000000000007,120.83000000000004,1,2,1.0
2289,2,1997.75,1065.81,53.05000000000018,101.45000000000005,1,2,1.0
2290,1,2131.6,637.74,68.63999999999987,120.84000000000003,1,2,1.0
2290,2,1998.23,1064.71,53.0300000000002,101.43000000000006,1,2,1.0
2291,1,2132.04,636.81,68.61000000000013,120.84000000000003,1,2,1.0
2291,2,1998.71,1063.61,53.0,101.41000000000008,1,2,1.0
2292,1,2132.49,635.88,68.57000000000016,120.84000000000003,1,2,1.0
2292,2,1999.19,1062.51,52.98000000000002,101.3900000000001,1,2,1.0
2293,1,2132.94,634.95,68.52999999999975,120.83999999999992,1,2,1.0
2293,2,1999.67,1061.41,52.960000000000036,101.36999999999989,1,2,1.0
2294,1,2133.38,634.02,68.5,120.83000000000004,1,2,1.0
2294,2,2000.15,1060.31,52.940000000000055,101.34000000000015,1,2,1.0
2295,1,2133.83,633.08,68.46000000000004,120.83999999999992,1,2,1.0
2295,2,2000.62,1059.21,52.93000000000029,101.31999999999994,1,2,1.0
2296,1,2134.27,632.15,68.42999999999984,120.84000000000003,1,2,1.0
2296,2,2001.1,1058.11,52.91000000000031,101.30000000000018,1,2,1.0
2297,1,2134.72,631.22,68.39000000000033,120.83999999999992,1,2,1.0
2297,2,2001.58,1057.01,52.88999999999987,101.27999999999997,1,2,1.0
2298,1,2135.16,630.29,68.37000000000035,120.84000000000003,1,2,1.0
2298,2,2002.06,1055.9,52.86000000000013,101.26999999999998,1,2,1.0
2299,1,2135.61,629.36,68.32999999999993,120.83000000000004,1,2,1.0
2299,2,2002.54,1054.8,52.840000000000146,101.24000000000001,1,2,1.0
2300,1,2136.05,628.43,68.29999999999973,120.83000000000004,1,2,1.0
2300,2,2003.02,1053.7,52.820000000000164,101.22000000000003,1,2,1.0
2301,1,2136.5,627.49,68.26000000000022,120.84000000000003,1,2,1.0
2301,2,2003.5,1052.6,52.80000000000018,101.20000000000005,1,2,1.0
2302,1,2136.97,627.21,68.67000000000007,120.79999999999995,1,2,1.0
2302,2,2004.14,1052.83,52.799999999999955,101.20000000000005,1,2,1.0
2303,1,2137.43,626.93,69.09000000000015,120.7700000000001,1,2,1.0
2303,2,2004.79,1053.05,52.80000000000018,101.20000000000005,1,2,1.0
2304,1,2137.9,626.64,69.5,120.74000000000001,1,2,1.0
2304,2,2005.43,1053.28,52.799999999999955,101.20000000000005,1,2,1.0
2305,1,2138.37,626.36,69.91000000000031,120.71000000000004,1,2,1.0
2305,2,2006.07,1053.51,52.799999999999955,101.20000000000005,1,2,1.0
2306,1,2138.83,626.08,70.32999999999993,120.66999999999996,1,2,1.0
2306,2,2006.71,1053.74,52.80000000000018,101.19000000000005,1,2,1.0
2307,1,2139.3,625.8,70.73999999999978,120.63,1,2,1.0
2307,2,2007.36,1053.96,52.799999999999955,101.20000000000005,1,2,1.0
2308,1,2139.77,625.51,71.15000000000009,120.61000000000001,1,2,1.0
2308,2,2008.0,1054.19,52.80000000000018,101.20000000000005,1,2,1.0
2309,1,2140.24,625.23,71.5600000000004,120.56999999999994,1,2,1.0
2309,2,2008.64,1054.42,52.799999999999955,101.19999999999982,1,2,1.0
2310,1,2140.83,625.83,71.51000000000022,120.53999999999996,1,2,1.0
2310,2,2009.29,1054.64,52.80000000000018,101.19999999999982,1,2,1.0
2311,1,2141.42,626.42,71.46000000000004,120.50999999999999,1,2,1.0
2311,2,2009.93,1054.87,52.799999999999955,101.20000000000005,1,2,1.0
2312,1,2142.01,627.02,71.40999999999985,120.47000000000003,1,2,1.0
2312,2,2010.57,1055.1,52.799999999999955,101.20000000000005,1,2,1.0
2313,1,2142.61,627.62,71.35999999999967,120.43999999999994,1,2,1.0
2313,2,2011.22,1055.32,52.799999999999955,101.20000000000005,1,2,1.0
2314,1,2143.2,628.22,71.3100000000004,120.39999999999998,1,2,1.0
2314,2,2011.86,1055.55,52.799999999999955,101.20000000000005,1,2,1.0
2315,1,2143.79,628.82,71.26000000000022,120.37,1,2,1.0
2315,2,2012.5,1055.78,52.80000000000018,101.20000000000005,1,2,1.0
2316,1,2144.38,629.41,71.21000000000004,120.34000000000003,1,2,1.0
2316,2,2013.14,1056.0,52.799999999999955,101.20000000000005,1,2,1.0
2317,1,2144.98,630.01,71.15000000000009,120.31000000000006,1,2,1.0
2317,2,2013.79,1056.23,52.80000000000018,101.20000000000005,1,2,1.0
2318,1,2145.57,630.61,71.09999999999991,120.26999999999998,1,2,1.0
2318,2,2014.43,1056.46,52.799999999999955,101.20000000000005,1,2,1.0
2319,1,2146.02,631.8,71.05999999999995,120.24000000000001,1,2,1.0
2319,2,2014.91,1057.61,52.799999999999955,101.20000000000005,1,2,1.0
2320,1,2146.48,632.99,71.0,120.20000000000005,1,2,1.0
2320,2,2015.4,1058.76,52.79999999999973,101.20000000000005,1,2,1.0
2321,1,2146.93,634.18,70.95000000000027,120.17000000000007,1,2,1.0
2321,2,2015.88,1059.92,52.79999999999973,101.19999999999982,1,2,1.0
2322,1,2147.38,635.37,70.90000000000009,120.13,1,2,1.0
2322,2,2016.36,1061.07,52.799999999999955,101.20000000000005,1,2,1.0
2323,1,2147.84,636.55,70.84999999999991,120.11000000000001,1,2,1.0
2323,2,2016.84,1062.22,52.799999999999955,101.20000000000005,1,2,1.0
2324,1,2148.29,637.74,70.80000000000018,120.08000000000004,1,2,1.0
2324,2,2017.33,1063.37,52.80000000000018,101.20000000000005,1,2,1.0
2325,1,2148.74,638.93,70.75,120.04000000000008,1,2,1.0
2325,2,2017.81,1064.53,52.80000000000018,101.20000000000005,1,2,1.0
2326,1,2149.2,640.12,70.69000000000005,120.00999999999999,1,2,1.0
2326,2,2018.29,1065.68,52.80000000000018,101.20000000000005,1,2,1.0
2327,1,2149.65,641.31,70.63999999999987,119.97000000000003,1,2,1.0
2327,2,2018.77,1066.83,52.80000000000018,101.20000000000005,1,2,1.0
2328,1,2150.1,642.5,70.59999999999991,119.94000000000005,1,2,1.0
2328,2,2019.26,1067.98,52.799999999999955,101.20000000000005,1,2,1.0
2329,1,2150.56,643.69,70.53999999999996,119.90999999999997,1,2,1.0
2329,2,2019.74,1069.14,52.799999999999955,101.19999999999982,1,2,1.0
2330,1,2151.01,644.88,70.48999999999978,119.87,1,2,1.0
2330,2,2020.22,1070.29,52.799999999999955,101.20000000000005,1,2,1.0
2331,1,2151.46,646.07,70.44000000000005,119.83999999999992,1,2,1.0
2331,2,2020.7,1071.44,52.799999999999955,101.20000000000005,1,2,1.0
2332,1,2152.03,646.76,70.38999999999987,119.79999999999995,1,2,1.0
2332,2,2021.41,1072.55,52.799999999999955,101.20000000000005,1,2,1.0
2333,1,2152.6,647.45,70.32999999999993,119.76999999999998,1,2,1.0
2333,2,2022.12,1073.65,52.80000000000018,101.19999999999982,1,2,1.0
2334,1,2153.16,648.13,70.28999999999996,119.75,1,2,1.0
2334,2,2022.83,1074.76,52.80000000000018,101.20000000000005,1,2,1.0
2335,1,2153.73,648.82,70.23999999999978,119.70999999999992,1,2,1.0
2335,2,2023.54,1075.86,52.80000000000018,101.20000000000005,1,2,1.0
2336,1,2154.3,649.51,70.17999999999984,119.68000000000006,1,2,1.0
2336,2,2024.25,1076.97,52.80000000000018,101.20000000000005,1,2,1.0
2337,1,2154.86,650.2,70.13999999999987,119.63999999999999,1,2,1.0
2337,2,2024.96,1078.07,52.80000000000018,101.20000000000005,1,2,1.0
2338,1,2155.43,650.89,70.08000000000038,119.61000000000001,1,2,1.0
2338,2,2025.67,1079.18,52.79999999999973,101.20000000000005,1,2,1.0
2339,1,2156.0,651.58,70.0300000000002,119.56999999999994,1,2,1.0
2339,2,2026.38,1080.29,52.79999999999973,101.19000000000005,1,2,1.0
2340,1,2156.56,652.27,69.98000000000002,119.53999999999996,1,2,1.0
2340,2,2027.08,1081.39,52.80000000000018,101.19999999999982,1,2,1.0
2341,1,2157.13,652.96,69.92999999999984,119.50999999999999,1,2,1.0
2341,2,2027.79,1082.5,52.80000000000018,101.20000000000005,1,2,1.0
2342,1,2157.56,653.08,69.88000000000011,119.4799999999999,1,2,1.0
2342,2,2028.12,1082.62,52.80000000000018,101.20000000000005,1,2,1.0
2343,1,2158.0,653.2,69.82999999999993,119.44999999999993,1,2,1.0
2343,2,2028.46,1082.74,52.80000000000018,101.20000000000005,1,2,1.0
2344,1,2158.43,653.33,69.7800000000002,119.40999999999997,1,2,1.0
2344,2,2028.79,1082.87,52.80000000000018,101.20000000000005,1,2,1.0
2345,1,2158.87,653.45,69.72000000000025,119.38,1,2,1.0
2345,2,2029.12,1082.99,52.80000000000018,101.20000000000005,1,2,1.0
2346,1,2159.3,653.57,69.67999999999984,119.33999999999992,1,2,1.0
2346,2,2029.45,1083.12,52.799999999999955,101.20000000000005,1,2,1.0
2347,1,2159.74,653.7,69.62000000000035,119.29999999999995,1,2,1.0
2347,2,2029.78,1083.24,52.799999999999955,101.20000000000005,1,2,1.0
2348,1,2160.17,653.82,69.56999999999971,119.26999999999998,1,2,1.0
2348,2,2030.11,1083.36,52.799999999999955,101.20000000000005,1,2,1.0
2349,1,2160.61,653.94,69.51999999999998,119.2399999999999,1,2,1.0
2349,2,2030.45,1083.49,52.799999999999955,101.20000000000005,1,2,1.0
2350,1,2161.04,654.07,69.47000000000025,119.19999999999993,1,2,1.0
2350,2,2030.78,1083.61,52.799999999999955,101.20000000000005,1,2,1.0
2351,1,2161.48,654.19,69.40999999999985,119.16999999999996,1,2,1.0
2351,2,2031.11,1083.74,52.799999999999955,101.20000000000005,1,2,1.0
2352,1,2161.91,653.19,69.37000000000035,119.13999999999999,1,2,1.0
2352,2,2031.58,1082.81,52.80000000000018,101.20000000000005,1,2,1.0
2353,1,2162.34,652.19,69.31999999999971,119.1099999999999,1,2,1.0
2353,2,2032.04,1081.88,52.80000000000018,101.19999999999982,1,2,1.0
2354,1,2162.78,651.2,69.25999999999976,119.06999999999994,1,2,1.0
2354,2,2032.51,1080.96,52.799999999999955,101.20000000000005,1,2,1.0
2355,1,2163.21,650.2,69.2199999999998,119.03999999999996,1,2,1.0
2355,2,2032.98,1080.03,52.80000000000018,101.20000000000005,1,2,1.0
2356,1,2163.65,649.2,69.15999999999985,119.00999999999999,1,2,1.0
2356,2,2033.45,1079.11,52.799999999999955,101.20000000000005,1,2,1.0
2357,1,2164.08,648.21,69.11000000000013,118.96999999999991,1,2,1.0
2357,2,2033.91,1078.18,52.799999999999955,101.20000000000005,1,2,1.0
2358,1,2164.52,647.21,69.05999999999995,118.93999999999994,1,2,1.0
2358,2,2034.38,1077.26,52.79999999999973,101.20000000000005,1,2,1.0
2359,1,2164.95,646.21,69.01000000000022,118.90999999999997,1,2,1.0
2359,2,2034.85,1076.33,52.80000000000018,101.20000000000005,1,2,1.0
2360,1,2165.39,645.22,68.95000000000027,118.87,1,2,1.0
2360,2,2035.32,1075.41,52.799999999999955,101.18999999999983,1,2,1.0
2361,1,2165.82,644.22,68.90999999999985,118.83999999999992,1,2,1.0
2361,2,2035.78,1074.48,52.799999999999955,101.20000000000005,1,2,1.0
2362,1,2166.25,643.22,68.86000000000013,118.80999999999995,1,2,1.0
2362,2,2036.25,1073.55,52.80000000000018,101.20000000000005,1,2,1.0
2363,1,2166.69,642.09,68.79999999999973,118.77999999999997,1,2,1.0
2363,2,2036.72,1072.23,52.799999999999955,101.20000000000005,1,2,1.0
2364,1,2167.12,640.97,68.76000000000022,118.74000000000001,1,2,1.0
2364,2,2037.18,1070.91,52.799999999999955,101.19999999999982,1,2,1.0
2365,1,2167.56,639.84,68.70000000000027,118.70999999999992,1,2,1.0
2365,2,2037.65,1069.59,52.79999999999973,101.20000000000005,1,2,1.0
2366,1,2167.99,638.71,68.65000000000009,118.67999999999995,1,2,1.0
2366,2,2038.12,1068.27,52.80000000000018,101.20000000000005,1,2,1.0
2367,1,2168.43,637.58,68.60000000000036,118.63999999999999,1,2,1.0
2367,2,2038.59,1066.95,52.799999999999955,101.20000000000005,1,2,1.0
2368,1,2168.86,636.45,68.54999999999973,118.6099999999999,1,2,1.0
2368,2,2039.05,1065.62,52.799999999999955,101.20000000000005,1,2,1.0
2369,1,2169.3,635.32,68.48999999999978,118.57999999999993,1,2,1.0
2369,2,2039.52,1064.3,52.80000000000018,101.20000000000005,1,2,1.0
2370,1,2169.73,634.19,68.44999999999982,118.54999999999995,1,2,1.0
2370,2,2039.99,1062.98,52.799999999999955,101.20000000000005,1,2,1.0
2371,1,2170.17,633.06,68.38999999999987,118.5200000000001,1,2,1.0
2371,2,2040.46,1061.66,52.80000000000018,101.19999999999982,1,2,1.0
2372,1,2170.6,631.94,68.34000000000015,118.46999999999991,1,2,1.0
2372,2,2040.92,1060.34,52.79999999999973,101.20000000000005,1,2,1.0
2373,1,2171.03,630.81,68.29999999999973,118.44000000000005,1,2,1.0
2373,2,2041.39,1059.02,52.799999999999955,101.20000000000005,1,2,1.0
2374,1,2171.47,629.68,68.24000000000024,118.41000000000008,1,2,1.0
2374,2,2041.86,1057.69,52.799999999999955,101.20000000000005,1,2,1.0
2375,1,2171.9,628.55,68.19000000000005,118.38,1,2,1.0
2375,2,2042.33,1056.37,52.80000000000018,101.20000000000005,1,2,1.0
2376,1,2172.34,627.42,68.13999999999987,118.35000000000002,1,2,1.0
2376,2,2042.79,1055.05,52.80000000000018,101.20000000000005,1,2,1.0
2377,1,2172.77,626.29,68.09000000000015,118.31000000000006,1,2,1.0
2377,2,2043.26,1053.73,52.799999999999955,101.20000000000005,1,2,1.0
2378,1,2173.21,625.16,68.02999999999975,118.28000000000009,1,2,1.0
2378,2,2043.73,1052.41,52.80000000000018,101.19999999999982,1,2,1.0
2379,1,2173.64,624.03,67.99000000000024,118.25,1,2,1.0
2379,2,2044.2,1051.09,52.799999999999955,101.20000000000005,1,2,1.0
2380,1,2174.08,622.91,67.93000000000029,118.21000000000004,1,2,1.0
2380,2,2044.66,1049.77,52.799999999999955,101.19000000000005,1,2,1.0
2381,1,2174.51,621.78,67.87999999999965,118.17000000000007,1,2,1.0
2381,2,2045.13,1048.44,52.79999999999973,101.20000000000005,1,2,1.0
2382,1,2174.94,620.65,67.84000000000015,118.13999999999999,1,2,1.0
2382,2,2045.6,1047.12,52.80000000000018,101.20000000000005,1,2,1.0
2383,1,2175.38,619.52,67.77999999999975,118.11000000000001,1,2,1.0
2383,2,2046.07,1045.8,52.799999999999955,101.20000000000005,1,2,1.0
2384,1,2175.81,618.39,67.73000000000002,118.08000000000004,1,2,1.0
2384,2,2046.53,1044.48,52.799999999999955,101.20000000000005,1,2,1.0
2385,1,2176.25,617.26,67.67999999999984,118.04999999999995,1,2,1.0
2385,2,2047.0,1043.16,52.80000000000018,101.19999999999982,1,2,1.0
2386,1,2176.68,616.13,67.63000000000011,118.00999999999999,1,2,1.0
2386,2,2047.47,1041.84,52.799999999999955,101.20000000000005,1,2,1.0
2387,1,2177.12,615.0,67.57000000000016,117.98000000000002,1,2,1.0
2387,2,2047.94,1040.51,52.79999999999973,101.20000000000005,1,2,1.0
2388,1,2177.55,613.87,67.52999999999975,117.95000000000005,1,2,1.0
2388,2,2048.4,1039.19,52.79999999999973,101.20000000000005,1,2,1.0
2389,1,2177.99,612.75,67.47000000000025,117.90999999999997,1,2,1.0
2389,2,2048.87,1037.87,52.80000000000018,101.20000000000005,1,2,1.0
2390,1,2178.42,611.62,67.42000000000007,117.88,1,2,1.0
2390,2,2049.34,1036.55,52.79999999999973,101.20000000000005,1,2,1.0
2391,1,2178.86,610.49,67.36999999999989,117.84000000000003,1,2,1.0
2391,2,2049.81,1035.23,52.80000000000018,101.20000000000005,1,2,1.0
2392,1,2179.29,609.36,67.32000000000016,117.80999999999995,1,2,1.0
2392,2,2050.27,1033.91,52.80000000000018,101.19999999999982,1,2,1.0
2393,1,2179.72,608.23,67.26999999999998,117.77999999999997,1,2,1.0
2393,2,2050.74,1032.59,52.80000000000018,101.19000000000005,1,2,1.0
2394,1,2180.16,607.1,67.22000000000025,117.75,1,2,1.0
2394,2,2051.21,1031.26,52.80000000000018,101.20000000000005,1,2,1.0
2395,1,2180.59,605.97,67.17000000000007,117.72000000000003,1,2,1.0
2395,2,2051.68,1029.94,52.80000000000018,101.20000000000005,1,2,1.0
2396,1,2181.03,604.84,67.10999999999967,117.67999999999995,1,2,1.0
2396,2,2052.14,1028.62,52.80000000000018,101.20000000000005,1,2,1.0
2397,1,2181.46,603.72,67.07000000000016,117.63999999999999,1,2,1.0
2397,2,2052.61,1027.3,52.79999999999973,101.20000000000005,1,2,1.0
2398,1,2181.9,602.59,67.00999999999976,117.61000000000001,1,2,1.0
2398,2,2053.08,1025.98,52.80000000000018,101.20000000000005,1,2,1.0
2399,1,2182.33,601.46,66.96000000000004,117.57999999999993,1,2,1.0
2399,2,2053.55,1024.66,52.79999999999973,101.19999999999982,1,2,1.0
2400,1,2182.77,600.33,66.90999999999985,117.54999999999995,1,2,1.0
2400,2,2054.01,1023.33,52.79999999999973,101.19999999999993,1,2,1.0
2401,1,2183.2,599.2,66.86000000000013,117.50999999999999,1,2,1.0
2401,2,2054.48,1022.01,52.80000000000018,101.20000000000005,1,2,1.0
2402,1,2183.59,598.45,66.79999999999973,117.4799999999999,1,2,1.0
2402,2,2055.09,1020.91,53.129999999999654,101.19999999999993,1,2,1.0
2403,1,2183.97,597.7,66.75,117.43999999999994,1,2,1.0
2403,2,2055.7,1019.8,53.470000000000255,101.20000000000005,1,2,1.0
2404,1,2184.36,596.95,66.69000000000005,117.39999999999998,1,2,1.0
2404,2,2056.32,1018.69,53.789999999999964,101.20000000000005,1,2,1.0
2405,1,2184.75,596.2,66.63000000000011,117.37,1,2,1.0
2405,2,2056.93,1017.59,54.13000000000011,101.19999999999993,1,2,1.0
2406,1,2185.13,595.45,66.57999999999993,117.32999999999993,1,2,1.0
2406,2,2057.54,1016.48,54.460000000000036,101.20000000000005,1,2,1.0
2407,1,2185.52,594.27,66.51999999999998,117.45000000000005,1,2,1.0
2407,2,2058.31,1015.0,54.38000000000011,101.20000000000005,1,2,1.0
2408,1,2185.91,593.08,66.46000000000004,117.57999999999993,1,2,1.0
2408,2,2059.08,1013.52,54.30000000000018,101.20000000000005,1,2,1.0
2409,1,2186.3,591.9,66.39999999999964,117.70000000000005,1,2,1.0
2409,2,2059.86,1012.04,54.2199999999998,101.20000000000005,1,2,1.0
2410,1,2186.68,590.72,66.35000000000036,117.81999999999994,1,2,1.0
2410,2,2060.63,1010.56,54.13999999999987,101.20000000000005,1,2,1.0
2411,1,2187.07,589.53,66.28999999999996,117.96000000000004,1,2,1.0
2411,2,2061.4,1009.08,54.059999999999945,101.18999999999994,1,2,1.0
2412,1,2187.46,588.35,66.23000000000002,118.07999999999993,1,2,1.0
2412,2,2062.18,1007.59,53.970000000000255,101.19999999999993,1,2,1.0
2413,1,2187.84,587.17,66.17999999999984,118.20000000000005,1,2,1.0
2413,2,2062.95,1006.11,53.90000000000009,101.19999999999993,1,2,1.0
2414,1,2188.23,585.98,66.11999999999989,118.32999999999993,1,2,1.0
2414,2,2063.55,1007.56,53.809999999999945,101.20000000000005,1,2,1.0
2415,1,2188.62,584.8,66.05999999999995,118.45000000000005,1,2,1.0
2415,2,2064.15,1009.0,53.73000000000002,101.20000000000005,1,2,1.0
2416,1,2189.11,584.07,66.00999999999976,118.39999999999998,1,2,1.0
2416,2,2064.75,1008.1,53.65000000000009,101.19999999999993,1,2,1.0
2417,1,2189.6,583.34,65.95000000000027,118.33999999999992,1,2,1.0
2417,2,2065.35,1007.2,53.570000000000164,101.20000000000005,1,2,1.0
2418,1,2190.09,582.61,65.89999999999964,118.28999999999996,1,2,1.0
2418,2,2065.94,1006.3,53.48999999999978,101.20000000000005,1,2,1.0
2419,1,2190.58,581.87,65.84000000000015,118.24000000000001,1,2,1.0
2419,2,2066.54,1005.4,53.409999999999854,101.19999999999993,1,2,1.0
2420,1,2191.07,581.14,65.78999999999996,118.18000000000006,1,2,1.0
2420,2,2067.14,1004.51,53.32999999999993,101.19000000000005,1,2,1.0
2421,1,2191.57,580.41,65.7199999999998,118.13,1,2,1.0
2421,2,2067.74,1003.61,53.25,101.19999999999993,1,2,1.0
2422,1,2192.06,579.68,65.67000000000007,118.07000000000005,1,2,1.0
2422,2,2068.34,1002.71,53.159999999999854,101.20000000000005,1,2,1.0
2423,1,2192.6,579.69,65.61000000000013,118.01999999999998,1,2,1.0
2423,2,2069.02,1002.63,53.07999999999993,101.19999999999993,1,2,1.0
2424,1,2193.14,579.71,65.55000000000018,117.95999999999992,1,2,1.0
2424,2,2069.7,1002.56,53.0,101.20000000000005,1,2,1.0
2425,1,2193.68,579.72,65.5,117.90999999999997,1,2,1.0
2425,2,2070.38,1002.49,52.92000000000007,101.20000000000005,1,2,1.0
2426,1,2194.22,579.74,65.44000000000005,117.85000000000002,1,2,1.0
2426,2,2071.06,1002.42,52.840000000000146,101.19999999999993,1,2,1.0
2427,1,2194.76,579.75,65.38999999999987,117.79999999999995,1,2,1.0
2427,2,2071.74,1002.35,52.76000000000022,101.19999999999993,1,2,1.0
2428,1,2195.3,579.77,65.32999999999993,117.74000000000001,1,2,1.0
2428,2,2072.42,1002.27,52.679999999999836,101.20000000000005,1,2,1.0
2429,1,2195.84,579.78,65.26999999999998,117.70000000000005,1,2,1.0
2429,2,2073.1,1002.2,52.59999999999991,101.20000000000005,1,2,1.0
2430,1,2196.38,579.8,65.2199999999998,117.6400000000001,1,2,1.0
2430,2,2073.78,1002.13,52.51999999999998,101.19999999999993,1,2,1.0
2431,1,2196.92,579.81,65.15999999999985,117.59000000000003,1,2,1.0
2431,2,2074.46,1002.06,52.440000000000055,101.20000000000005,1,2,1.0
2432,1,2197.46,581.3,65.09999999999991,117.53000000000009,1,2,1.0
2432,2,2075.05,1003.55,52.34999999999991,101.20000000000005,1,2,1.0
2433,1,2198.0,582.78,65.03999999999996,117.48000000000002,1,2,1.0
2433,2,2075.63,1005.04,52.279999999999745,101.20000000000005,1,2,1.0
2434,1,2198.54,584.27,64.99000000000024,117.42000000000007,1,2,1.0
2434,2,2076.22,1006.53,52.20000000000027,101.20000000000005,1,2,1.0
2435,1,2199.08,585.76,64.93000000000029,117.36000000000001,1,2,1.0
2435,2,2076.81,1008.02,52.11000000000013,101.20000000000005,1,2,1.0
2436,1,2199.3,590.79,64.87999999999965,117.31000000000006,1,2,1.0
2436,2,2077.28,1012.5,52.029999999999745,101.20000000000005,1,2,1.0
2437,1,2199.52,595.83,64.82000000000016,117.25,1,2,1.0
2437,2,2077.74,1016.98,51.95000000000027,101.20000000000005,1,2,1.0
2438,1,2199.75,600.86,64.76000000000022,117.19999999999993,1,2,1.0
2438,2,2078.21,1021.46,51.86999999999989,101.20000000000005,1,2,1.0
2439,1,2199.97,605.89,64.71000000000004,117.14999999999998,1,2,1.0
2439,2,2078.67,1025.94,51.789999999999964,101.20000000000005,1,2,1.0
2440,1,2200.2,610.93,64.65000000000009,117.09000000000003,1,2,1.0
2440,2,2079.14,1030.42,51.710000000000036,101.19999999999982,1,2,1.0
2441,1,2200.42,615.96,64.59000000000015,117.03999999999996,1,2,1.0
2441,2,2079.61,1034.9,51.629999999999654,101.18999999999983,1,2,1.0
2442,1,2200.78,623.43,64.52999999999975,116.98000000000002,1,2,1.0
2442,2,2080.08,1041.99,51.55000000000018,101.20000000000005,1,2,1.0
2443,1,2201.14,630.9,64.48000000000002,116.93000000000006,1,2,1.0
2443,2,2080.56,1049.09,51.470000000000255,101.20000000000005,1,2,1.0
2444,1,2201.49,638.36,64.43000000000029,116.88,1,2,1.0
2444,2,2081.04,1056.19,51.38999999999987,101.20000000000005,1,2,1.0
2445,1,2201.85,645.83,64.36999999999989,116.81999999999994,1,2,1.0
2445,2,2081.52,1063.29,51.309999999999945,101.20000000000005,1,2,1.0
2446,1,2202.21,653.29,64.30999999999995,116.76999999999998,1,2,1.0
2446,2,2082.0,1070.39,51.2199999999998,101.19999999999982,1,2,1.0
2447,1,2202.57,660.76,64.25,116.71000000000004,1,2,1.0
2447,2,2082.48,1077.49,51.13999999999987,101.20000000000005,1,2,1.0
2448,1,2202.85,667.19,64.19000000000005,116.65999999999997,1,2,1.0
2448,2,2083.49,1083.95,51.0600000000004,101.19000000000005,1,2,1.0
2449,1,2203.13,673.62,64.13999999999987,116.60000000000002,1,2,1.0
2449,2,2084.5,1090.4,50.98000000000002,101.19999999999982,1,2,1.0
2450,1,2203.41,680.04,64.07999999999993,116.55000000000007,1,2,1.0
2450,2,2085.5,1096.86,50.90000000000009,101.20000000000005,1,2,1.0
2451,1,2203.68,686.47,64.0300000000002,116.5,1,2,1.0
2451,2,2086.51,1103.31,50.81999999999971,101.20000000000005,1,2,1.0
2452,1,2203.96,692.9,63.9699999999998,116.44000000000005,1,2,1.0
2452,2,2087.52,1109.77,50.74000000000024,101.20000000000005,1,2,1.0
2453,1,2204.24,699.33,63.91000000000031,116.38,1,2,1.0
2453,2,2088.53,1116.23,50.659999999999854,101.20000000000005,1,2,1.0
2454,1,2204.52,705.75,63.86000000000013,116.34000000000003,1,2,1.0
2454,2,2089.54,1122.68,50.57999999999993,101.20000000000005,1,2,1.0
2455,1,2204.8,712.18,63.79999999999973,116.28000000000009,1,2,1.0
2455,2,2090.55,1129.14,50.48999999999978,101.19999999999982,1,2,1.0
2456,1,2205.17,715.78,63.73999999999978,116.22000000000003,1,2,1.0
2456,2,2091.0,1132.58,50.409999999999854,101.20000000000005,1,2,1.0
2457,1,2205.54,719.37,63.690000000000055,116.16999999999996,1,2,1.0
2457,2,2091.45,1136.01,50.33000000000038,101.20000000000005,1,2,1.0
2458,1,2205.92,722.96,63.61999999999989,116.12,1,2,1.0
2458,2,2091.9,1139.45,50.25,101.20000000000005,1,2,1.0
2459,1,2206.29,726.56,63.570000000000164,116.06000000000006,1,2,1.0
2459,2,2092.35,1142.89,50.17000000000007,101.19999999999982,1,2,1.0
2460,1,2206.66,730.15,63.51000000000022,116.0,1,2,1.0
2460,2,2092.8,1146.32,50.08999999999969,101.20000000000005,1,2,1.0
2461,1,2207.03,733.74,63.45999999999958,115.95000000000005,1,2,1.0
2461,2,2093.25,1149.76,50.01000000000022,101.20000000000005,1,2,1.0
2462,1,2207.4,737.34,63.40000000000009,115.88999999999999,1,2,1.0
2462,2,2093.7,1153.2,49.93000000000029,101.20000000000005,1,2,1.0
2463,1,2207.77,740.93,63.34999999999991,115.84000000000003,1,2,1.0
2463,2,2094.15,1156.64,49.84999999999991,101.18999999999983,1,2,1.0
2464,1,2208.15,744.52,63.279999999999745,115.78999999999996,1,2,1.0
2464,2,2094.61,1160.07,49.75999999999976,101.20000000000005,1,2,1.0
2465,1,2208.52,748.12,63.23000000000002,115.73000000000002,1,2,1.0
2465,2,2095.06,1163.51,49.679999999999836,101.20000000000005,1,2,1.0
2466,1,2208.89,751.71,63.17000000000007,115.67999999999995,1,2,1.0
2466,2,2095.51,1166.95,49.59999999999991,101.20000000000005,1,2,1.0
2467,1,2209.26,755.3,63.11999999999989,115.63,1,2,1.0
2467,2,2095.96,1170.38,49.51999999999998,101.19999999999982,1,2,1.0
2468,1,2209.63,755.53,63.059999999999945,115.57000000000005,1,2,1.0
2468,2,2096.54,1170.45,49.440000000000055,101.20000000000005,1,2,1.0
2469,1,2210.0,755.75,63.01000000000022,115.50999999999999,1,2,1.0
2469,2,2097.11,1170.51,49.36999999999989,101.20000000000005,1,2,1.0
2470,1,2210.38,755.97,62.94999999999982,115.45999999999992,1,2,1.0
2470,2,2097.69,1170.58,49.279999999999745,101.20000000000005,1,2,1.0
2471,1,2210.75,756.19,62.88999999999987,115.40999999999997,1,2,1.0
2471,2,2098.27,1170.64,49.19999999999982,101.19999999999982,1,2,1.0
2472,1,2211.12,756.41,62.840000000000146,115.35000000000002,1,2,1.0
2472,2,2098.85,1170.71,49.11999999999989,101.20000000000005,1,2,1.0
2473,1,2211.49,756.63,62.7800000000002,115.29999999999995,1,2,1.0
2473,2,2099.43,1170.77,49.039999999999964,101.20000000000005,1,2,1.0
2474,1,2211.86,756.85,62.73000000000002,115.25,1,2,1.0
2474,2,2100.01,1170.84,48.94999999999982,101.19000000000005,1,2,1.0
2475,1,2212.24,757.07,62.66000000000031,115.18999999999994,1,2,1.0
2475,2,2100.59,1170.9,48.86999999999989,101.19999999999982,1,2,1.0
2476,1,2212.61,757.3,62.60999999999967,115.13,1,2,1.0
2476,2,2101.16,1170.96,48.80000000000018,101.20000000000005,1,2,1.0
2477,1,2212.98,757.52,62.55000000000018,115.08000000000004,1,2,1.0
2477,2,2101.74,1171.03,48.720000000000255,101.20000000000005,1,2,1.0
2478,1,2213.35,757.74,62.5,115.01999999999998,1,2,1.0
2478,2,2102.32,1171.09,48.63999999999987,101.20000000000005,1,2,1.0
2479,1,2213.72,757.85,62.440000000000055,114.97000000000003,1,2,1.0
2479,2,2103.04,1171.33,48.55000000000018,101.20000000000005,1,2,1.0
2480,1,2214.09,757.96,62.38999999999987,114.91999999999996,1,2,1.0
2480,2,2103.76,1171.57,48.4699999999998,101.20000000000005,1,2,1.0
2481,1,2214.47,758.07,62.320000000000164,114.87,1,2,1.0
2481,2,2104.48,1171.81,48.38999999999987,101.20000000000005,1,2,1.0
2482,1,2214.84,758.18,62.26999999999998,114.81000000000006,1,2,1.0
2482,2,2105.2,1172.05,48.3100000000004,101.20000000000005,1,2,1.0
2483,1,2215.21,758.3,62.210000000000036,114.75,1,2,1.0
2483,2,2105.92,1172.28,48.23000000000002,101.20000000000005,1,2,1.0
2484,1,2215.58,758.41,62.159999999999854,114.70000000000005,1,2,1.0
2484,2,2106.64,1172.52,48.15000000000009,101.20000000000005,1,2,1.0
2485,1,2215.95,758.52,62.100000000000364,114.63999999999999,1,2,1.0
2485,2,2107.36,1172.76,48.06999999999971,101.20000000000005,1,2,1.0
2486,1,2216.33,758.63,62.039999999999964,114.59000000000003,1,2,1.0
2486,2,2108.08,1173.0,47.99000000000024,101.20000000000005,1,2,1.0
2487,1,2216.7,759.61,61.98000000000002,114.53999999999996,1,2,1.0
2487,2,2108.59,1173.67,47.899999999999636,101.19999999999982,1,2,1.0
2488,1,2217.07,760.59,61.929999999999836,114.48000000000002,1,2,1.0
2488,2,2109.09,1174.34,47.81999999999971,101.20000000000005,1,2,1.0
2489,1,2217.44,761.57,61.86999999999989,114.42999999999995,1,2,1.0
2489,2,2109.59,1175.01,47.73999999999978,101.20000000000005,1,2,1.0
2490,1,2217.81,762.55,61.820000000000164,114.37,1,2,1.0
2490,2,2110.09,1175.69,47.67000000000007,101.20000000000005,1,2,1.0
2491,1,2218.18,763.53,61.76000000000022,114.32000000000005,1,2,1.0
2491,2,2110.6,1176.36,47.57999999999993,101.20000000000005,1,2,1.0
2492,1,2218.56,764.51,61.70000000000027,114.25999999999999,1,2,1.0
2492,2,2111.1,1177.03,47.5,101.20000000000005,1,2,1.0
2493,1,2218.93,765.49,61.64000000000033,114.21000000000004,1,2,1.0
2493,2,2111.6,1177.7,47.42000000000007,101.20000000000005,1,2,1.0
2494,1,2219.3,766.47,61.58999999999969,114.14999999999998,1,2,1.0
2494,2,2112.11,1178.37,47.33999999999969,101.20000000000005,1,2,1.0
2495,1,2219.67,767.45,61.529999999999745,114.09999999999991,1,2,1.0
2495,2,2112.61,1179.05,47.25999999999976,101.20000000000005,1,2,1.0
2496,1,2220.04,768.43,61.48000000000002,114.04000000000008,1,2,1.0
2496,2,2113.11,1179.72,47.179999999999836,101.20000000000005,1,2,1.0
2497,1,2220.41,769.41,61.42000000000007,113.99000000000001,1,2,1.0
2497,2,2113.62,1180.39,47.090000000000146,101.19999999999982,1,2,1.0
2498,1,2220.79,770.39,61.36000000000013,113.93000000000006,1,2,1.0
2498,2,2114.12,1181.06,47.01000000000022,101.20000000000005,1,2,1.0
2499,1,2221.16,771.37,61.30000000000018,113.88,1,2,1.0
2499,2,2114.62,1181.73,46.940000000000055,101.20000000000005,1,2,1.0
2500,1,2221.53,772.35,61.25,113.81999999999994,1,2,1.0
2500,2,2115.12,1182.41,46.86000000000013,101.19999999999982,1,2,1.0
2501,1,2221.9,773.33,61.190000000000055,113.76999999999998,1,2,1.0
2501,2,2115.63,1183.08,46.76999999999998,101.20000000000005,1,2,1.0
2502,1,2222.26,774.57,61.13999999999987,113.7399999999999,1,2,1.0
2502,2,2116.46,1183.68,46.75,101.18999999999983,1,2,1.0
2503,1,2222.61,775.81,61.09999999999991,113.71000000000004,1,2,1.0
2503,2,2117.3,1184.27,46.73000000000002,101.20000000000005,1,2,1.0
2504,1,2222.97,777.06,61.05000000000018,113.67000000000007,1,2,1.0
2504,2,2118.14,1184.87,46.70000000000027,101.20000000000005,1,2,1.0
2505,1,2223.33,778.3,60.99000000000024,113.6400000000001,1,2,1.0
2505,2,2118.98,1185.46,46.67000000000007,101.20000000000005,1,2,1.0
2506,1,2224.01,778.51,60.94999999999982,113.61000000000001,1,2,1.0
2506,2,2119.68,1186.1,46.65000000000009,101.20000000000005,1,2,1.0
2507,1,2224.69,778.71,60.90000000000009,113.57999999999993,1,2,1.0
2507,2,2120.38,1186.73,46.63000000000011,101.20000000000005,1,2,1.0
2508,1,2225.37,778.92,60.84999999999991,113.54000000000008,1,2,1.0
2508,2,2121.09,1187.36,46.59999999999991,101.20000000000005,1,2,1.0
2509,1,2226.05,779.12,60.79999999999973,113.51999999999998,1,2,1.0
2509,2,2121.79,1188.0,46.57999999999993,101.20000000000005,1,2,1.0
2510,1,2226.73,779.33,60.75,113.4799999999999,1,2,1.0
2510,2,2122.5,1188.63,46.55000000000018,101.19999999999982,1,2,1.0
2511,1,2227.41,779.53,60.70000000000027,113.45000000000005,1,2,1.0
2511,2,2123.2,1189.26,46.5300000000002,101.20000000000005,1,2,1.0
2512,1,2228.09,779.74,60.659999999999854,113.41999999999996,1,2,1.0
2512,2,2123.9,1189.9,46.50999999999976,101.19999999999982,1,2,1.0
2513,1,2228.43,779.58,60.600000000000364,113.38999999999999,1,2,1.0
2513,2,2124.06,1189.39,46.48000000000002,101.19999999999982,1,2,1.0
2514,1,2228.76,779.43,60.54999999999973,113.35000000000002,1,2,1.0
2514,2,2124.21,1188.89,46.460000000000036,101.19999999999982,1,2,1.0
2515,1,2229.09,779.27,60.5,113.32000000000005,1,2,1.0
2515,2,2124.36,1188.39,46.440000000000055,101.19999999999982,1,2,1.0
2516,1,2229.42,779.11,60.460000000000036,113.28999999999996,1,2,1.0
2516,2,2124.51,1187.88,46.409999999999854,101.19999999999982,1,2,1.0
2517,1,2229.75,778.96,60.409999999999854,113.25,1,2,1.0
2517,2,2124.66,1187.38,46.39000000000033,101.19999999999982,1,2,1.0
2518,1,2230.08,778.8,60.36000000000013,113.23000000000002,1,2,1.0
2518,2,2124.82,1186.88,46.35999999999967,101.19999999999982,1,2,1.0
2519,1,2230.42,778.65,60.29999999999973,113.19000000000005,1,2,1.0
2519,2,2124.97,1186.37,46.340000000000146,101.20000000000005,1,2,1.0
2520,1,2230.75,778.49,60.26000000000022,113.15999999999997,1,2,1.0
2520,2,2125.12,1185.87,46.320000000000164,101.20000000000005,1,2,1.0
2521,1,2231.08,778.33,60.210000000000036,113.13,1,2,1.0
2521,2,2125.27,1185.37,46.289999999999964,101.19000000000005,1,2,1.0
2522,1,2231.6,778.13,60.16000000000031,113.09000000000003,1,2,1.0
2522,2,2126.03,1184.71,46.26999999999998,101.20000000000005,1,2,1.0
2523,1,2232.12,777.92,60.11000000000013,113.06000000000006,1,2,1.0
2523,2,2126.79,1184.06,46.25,101.20000000000005,1,2,1.0
2524,1,2232.64,777.71,60.059999999999945,113.02999999999997,1,2,1.0
2524,2,2127.56,1183.41,46.210000000000036,101.19999999999982,1,2,1.0
2525,1,2233.16,777.51,60.01000000000022,112.99000000000001,1,2,1.0
2525,2,2128.32,1182.76,46.190000000000055,101.20000000000005,1,2,1.0
2526,1,2233.68,777.3,59.960000000000036,112.97000000000003,1,2,1.0
2526,2,2129.08,1182.11,46.17000000000007,101.20000000000005,1,2,1.0
2527,1,2234.2,777.09,59.92000000000007,112.93999999999994,1,2,1.0
2527,2,2129.84,1181.46,46.13999999999987,101.20000000000005,1,2,1.0
2528,1,2234.52,776.25,59.86000000000013,112.89999999999998,1,2,1.0
2528,2,2130.27,1180.7,46.11999999999989,101.20000000000005,1,2,1.0
2529,1,2234.83,775.4,59.820000000000164,112.87,1,2,1.0
2529,2,2130.7,1179.94,46.100000000000364,101.20000000000005,1,2,1.0
2530,1,2235.15,774.56,59.76999999999998,112.83000000000004,1,2,1.0
2530,2,2131.13,1179.19,46.06999999999971,101.19000000000005,1,2,1.0
2531,1,2235.47,773.71,59.720000000000255,112.79999999999995,1,2,1.0
2531,2,2131.56,1178.43,46.05000000000018,101.20000000000005,1,2,1.0
2532,1,2235.78,772.87,59.66999999999962,112.76999999999998,1,2,1.0
2532,2,2131.99,1177.67,46.0300000000002,101.19999999999982,1,2,1.0
2533,1,2236.1,772.02,59.61999999999989,112.74000000000001,1,2,1.0
2533,2,2132.42,1176.92,46.0,101.18999999999983,1,2,1.0
2534,1,2236.42,771.17,59.56999999999971,112.71000000000004,1,2,1.0
2534,2,2132.85,1176.16,45.98000000000002,101.19999999999982,1,2,1.0
2535,1,2236.73,770.33,59.51999999999998,112.66999999999996,1,2,1.0
2535,2,2133.28,1175.4,45.95999999999958,101.19999999999982,1,2,1.0
2536,1,2237.05,769.48,59.4699999999998,112.63999999999999,1,2,1.0
2536,2,2133.71,1174.64,45.929999999999836,101.19999999999982,1,2,1.0
2537,1,2237.49,768.52,59.43000000000029,112.61000000000001,1,2,1.0
2537,2,2134.16,1173.5,45.91000000000031,101.20000000000005,1,2,1.0
2538,1,2237.93,767.56,59.38000000000011,112.58000000000004,1,2,1.0
2538,2,2134.61,1172.36,45.879999999999654,101.20000000000005,1,2,1.0
2539,1,2238.38,766.6,59.31999999999971,112.54999999999995,1,2,1.0
2539,2,2135.06,1171.22,45.86000000000013,101.20000000000005,1,2,1.0
2540,1,2238.82,765.64,59.26999999999998,112.51999999999998,1,2,1.0
2540,2,2135.51,1170.08,45.82999999999993,101.20000000000005,1,2,1.0
2541,1,2239.26,764.68,59.22999999999956,112.48000000000002,1,2,1.0
2541,2,2135.96,1168.94,45.809999999999945,101.20000000000005,1,2,1.0
2542,1,2239.7,763.72,59.18000000000029,112.44999999999993,1,2,1.0
2542,2,2136.4,1167.8,45.789999999999964,101.20000000000005,1,2,1.0
2543,1,2240.14,762.76,59.13000000000011,112.41999999999996,1,2,1.0
2543,2,2136.85,1166.66,45.76000000000022,101.19999999999982,1,2,1.0
2544,1,2240.59,761.8,59.07999999999993,112.3900000000001,1,2,1.0
2544,2,2137.3,1165.52,45.73999999999978,101.20000000000005,1,2,1.0
2545,1,2241.03,760.84,59.029999999999745,112.35000000000002,1,2,1.0
2545,2,2137.75,1164.38,45.710000000000036,101.19999999999982,1,2,1.0
2546,1,2241.33,761.81,58.98000000000002,112.32000000000005,1,2,1.0
2546,2,2138.34,1165.6,45.690000000000055,101.20000000000005,1,2,1.0
2547,1,2241.62,762.78,58.93000000000029,112.29000000000008,1,2,1.0
2547,2,2138.94,1166.82,45.659999999999854,101.20000000000005,1,2,1.0
2548,1,2241.92,763.75,58.88000000000011,112.25,1,2,1.0
2548,2,2139.53,1168.03,45.63999999999987,101.20000000000005,1,2,1.0
2549,1,2242.21,764.71,58.840000000000146,112.23000000000002,1,2,1.0
2549,2,2140.13,1169.25,45.60999999999967,101.20000000000005,1,2,1.0
2550,1,2242.51,765.68,58.789999999999964,112.19000000000005,1,2,1.0
2550,2,2140.72,1170.47,45.590000000000146,101.20000000000005,1,2,1.0
2551,1,2242.81,766.65,58.73000000000002,112.15999999999997,1,2,1.0
2551,2,2141.32,1171.68,45.56999999999971,101.20000000000005,1,2,1.0
2552,1,2243.1,767.62,58.690000000000055,112.12,1,2,1.0
2552,2,2141.91,1172.9,45.55000000000018,101.19999999999982,1,2,1.0
2553,1,2243.4,768.58,58.63999999999987,112.09999999999991,1,2,1.0
2553,2,2142.5,1174.12,45.5300000000002,101.20000000000005,1,2,1.0
2554,1,2243.7,774.18,58.590000000000146,112.06000000000006,1,2,1.0
2554,2,2143.1,1178.95,45.5,101.20000000000005,1,2,1.0
2555,1,2243.99,779.77,58.54000000000042,112.02999999999997,1,2,1.0
2555,2,2143.69,1183.79,45.48000000000002,101.20000000000005,1,2,1.0
2556,1,2244.29,785.37,58.49000000000024,111.99000000000001,1,2,1.0
2556,2,2144.29,1188.62,45.44999999999982,101.20000000000005,1,2,1.0
2557,1,2244.58,790.96,58.45000000000027,111.96999999999991,1,2,1.0
2557,2,2144.88,1193.45,45.429999999999836,101.20000000000005,1,2,1.0
2558,1,2244.88,796.56,58.38999999999987,111.93000000000006,1,2,1.0
2558,2,2145.48,1198.29,45.40000000000009,101.20000000000005,1,2,1.0
2559,1,2245.01,812.6,58.33999999999969,111.89999999999998,1,2,1.0
2559,2,2146.07,1214.32,45.379999999999654,101.20000000000005,1,2,1.0
2560,1,2245.14,828.63,58.289999999999964,111.87,1,2,1.0
2560,2,2146.67,1230.36,45.34999999999991,101.20000000000005,1,2,1.0
2561,1,2245.26,844.67,58.25,111.84000000000003,1,2,1.0
2561,2,2147.26,1246.39,45.32999999999993,101.19999999999982,1,2,1.0
2562,1,2245.39,860.71,58.20000000000027,111.79999999999995,1,2,1.0
2562,2,2147.85,1262.43,45.309999999999945,101.20000000000005,1,2,1.0
2563,1,2245.52,876.75,58.15000000000009,111.76999999999998,1,2,1.0
2563,2,2148.45,1278.46,45.2800000000002,101.20000000000005,1,2,1.0
2564,1,2245.65,892.78,58.09999999999991,111.74000000000001,1,2,1.0
2564,2,2149.04,1294.5,45.26000000000022,101.20000000000005,1,2,1.0
2565,1,2245.78,908.82,58.039999999999964,111.70999999999992,1,2,1.0
2565,2,2149.64,1310.54,45.23000000000002,101.19000000000005,1,2,1.0
2566,1,2245.9,924.86,58.0,111.66999999999996,1,2,1.0
2566,2,2150.23,1326.57,45.210000000000036,101.20000000000005,1,2,1.0
2567,1,2246.03,940.9,57.94999999999982,111.63999999999999,1,2,1.0
2567,2,2150.83,1342.61,45.18000000000029,101.19000000000005,1,2,1.0
2568,1,2246.16,959.49,57.90000000000009,111.6099999999999,1,2,1.0
2568,2,2151.64,1361.42,45.16000000000031,101.19999999999982,1,2,1.0
2569,1,2246.28,978.09,57.84999999999991,111.57000000000005,1,2,1.0
2569,2,2152.45,1380.23,45.13000000000011,101.20000000000005,1,2,1.0
2570,1,2246.4,996.69,57.809999999999945,111.53999999999996,1,2,1.0
2570,2,2153.26,1399.04,45.10999999999967,101.20000000000005,1,2,1.0
2571,1,2246.53,1015.28,57.75,111.50999999999999,1,2,1.0
2571,2,2154.07,1417.85,45.08999999999969,101.20000000000005,1,2,1.0
2572,1,2246.65,1033.88,57.710000000000036,111.47999999999979,1,2,1.0
2572,2,2154.88,1436.66,45.059999999999945,101.19999999999982,1,2,1.0
2573,1,2246.78,1052.47,57.649999999999636,111.45000000000005,1,2,1.0
2573,2,2155.69,1455.47,45.039999999999964,101.20000000000005,1,2,1.0
2574,1,2246.9,1071.07,57.61000000000013,111.41000000000008,1,2,1.0
2574,2,2156.5,1474.28,45.01999999999998,101.20000000000005,1,2,1.0
2575,1,2247.3,1079.48,57.559999999999945,111.37999999999988,1,2,1.0
2575,2,2157.42,1483.0,44.98999999999978,101.20000000000005,1,2,1.0
2576,1,2247.69,1087.88,57.50999999999976,111.34999999999991,1,2,1.0
2576,2,2158.34,1491.73,44.960000000000036,101.20000000000005,1,2,1.0
2577,1,2248.09,1096.29,57.460000000000036,111.30999999999995,1,2,1.0
2577,2,2159.25,1500.46,44.94999999999982,101.19000000000005,1,2,1.0
2578,1,2248.49,1104.69,57.41000000000031,111.28999999999996,1,2,1.0
2578,2,2160.17,1509.18,44.92000000000007,101.20000000000005,1,2,1.0
2579,1,2248.89,1113.1,57.36000000000013,111.25,1,2,1.0
2579,2,2161.09,1517.91,44.88999999999987,101.19999999999982,1,2,1.0
2580,1,2249.28,1121.5,57.31999999999971,111.22000000000003,1,2,1.0
2580,2,2162.0,1526.63,44.88000000000011,101.19999999999982,1,2,1.0
2581,1,2249.68,1129.91,57.26000000000022,111.18999999999983,1,2,1.0
2581,2,2162.92,1535.36,44.84999999999991,101.20000000000005,1,2,1.0
2582,1,2250.08,1138.31,57.210000000000036,111.16000000000008,1,2,1.0
2582,2,2163.84,1544.09,44.81999999999971,101.20000000000005,1,2,1.0
2583,1,2250.47,1137.57,57.17000000000007,111.12000000000012,1,2,1.0
2583,2,2164.22,1543.12,44.80000000000018,101.20000000000005,1,2,1.0
2584,1,2250.87,1136.82,57.11999999999989,111.09000000000015,1,2,1.0
2584,2,2164.6,1542.15,44.76999999999998,101.19999999999982,1,2,1.0
2585,1,2251.27,1136.07,57.059999999999945,111.06000000000017,1,2,1.0
2585,2,2164.97,1541.19,44.76000000000022,101.20000000000005,1,2,1.0
2586,1,2251.66,1135.32,57.01999999999998,111.02999999999997,1,2,1.0
2586,2,2165.35,1540.22,44.73000000000002,101.20000000000005,1,2,1.0
2587,1,2252.06,1134.57,56.970000000000255,111.0,1,2,1.0
2587,2,2165.73,1539.26,44.710000000000036,101.20000000000005,1,2,1.0
2588,1,2252.46,1133.83,56.92000000000007,110.96000000000004,1,2,1.0
2588,2,2166.11,1538.29,44.679999999999836,101.20000000000005,1,2,1.0
2589,1,2252.85,1133.08,56.88000000000011,110.93000000000006,1,2,1.0
2589,2,2166.49,1537.32,44.65000000000009,101.20000000000005,1,2,1.0
2590,1,2253.25,1132.33,56.820000000000164,110.90000000000009,1,2,1.0
2590,2,2166.87,1536.36,44.63000000000011,101.20000000000005,1,2,1.0
2591,1,2253.65,1131.58,56.76999999999998,110.86000000000013,1,2,1.0
2591,2,2167.25,1535.39,44.59999999999991,101.19999999999982,1,2,1.0
2592,1,2254.05,1130.83,56.7199999999998,110.83000000000015,1,2,1.0
2592,2,2167.63,1534.43,44.57999999999993,101.20000000000005,1,2,1.0
2593,1,2254.44,1130.09,56.679999999999836,110.79000000000019,1,2,1.0
2593,2,2168.0,1533.46,44.559999999999945,101.20000000000005,1,2,1.0
2594,1,2254.84,1129.34,56.629999999999654,110.75999999999999,1,2,1.0
2594,2,2168.38,1532.49,44.539999999999964,101.20000000000005,1,2,1.0
2595,1,2255.24,1128.59,56.570000000000164,110.73000000000002,1,2,1.0
2595,2,2168.76,1531.53,44.50999999999976,101.20000000000005,1,2,1.0
2596,1,2255.63,1127.84,56.529999999999745,110.70000000000005,1,2,1.0
2596,2,2169.14,1530.56,44.49000000000024,101.20000000000005,1,2,1.0
2597,1,2256.03,1127.09,56.48000000000002,110.67000000000007,1,2,1.0
2597,2,2169.52,1529.6,44.460000000000036,101.20000000000005,1,2,1.0
2598,1,2256.43,1126.34,56.43000000000029,110.6400000000001,1,2,1.0
2598,2,2169.9,1528.63,44.440000000000055,101.19999999999982,1,2,1.0
2599,1,2256.82,1125.6,56.379999999999654,110.60000000000014,1,2,1.0
2599,2,2170.28,1527.66,44.409999999999854,101.19999999999982,1,2,1.0
2600,1,2257.22,1124.85,56.33000000000038,110.57000000000016,1,2,1.0
2600,2,2170.66,1526.7,44.39000000000033,101.20000000000005,1,2,1.0
2601,1,2257.62,1124.1,56.2800000000002,110.54000000000019,1,2,1.0
2601,2,2171.03,1525.73,44.36999999999989,101.20000000000005,1,2,1.0
2602,1,2257.92,1122.8,56.210000000000036,110.51999999999998,1,2,1.0
2602,2,2172.03,1524.71,44.32999999999993,101.13999999999987,1,2,1.0
2603,1,2258.23,1121.49,56.13999999999987,110.5,1,2,1.0
2603,2,2173.03,1523.68,44.29999999999973,101.07999999999993,1,2,1.0
2604,1,2258.54,1120.19,56.059999999999945,110.48000000000002,1,2,1.0
2604,2,2174.03,1522.66,44.25999999999976,101.01999999999998,1,2,1.0
2605,1,2258.84,1119.46,55.98999999999978,110.46000000000004,1,2,1.0
2605,2,2174.5,1521.71,44.23000000000002,100.96000000000004,1,2,1.0
2606,1,2259.15,1118.73,55.909999999999854,110.43000000000006,1,2,1.0
2606,2,2174.98,1520.77,44.190000000000055,100.8900000000001,1,2,1.0
2607,1,2259.45,1117.99,55.850000000000364,110.42000000000007,1,2,1.0
2607,2,2175.46,1519.82,44.159999999999854,100.84000000000015,1,2,1.0
2608,1,2259.76,1117.26,55.76999999999998,110.40000000000009,1,2,1.0
2608,2,2175.93,1518.87,44.13000000000011,100.7800000000002,1,2,1.0
2609,1,2260.07,1116.53,55.690000000000055,110.38000000000011,1,2,1.0
2609,2,2176.41,1517.93,44.090000000000146,100.71000000000004,1,2,1.0
2610,1,2260.37,1115.8,55.63000000000011,110.35000000000014,1,2,1.0
2610,2,2176.89,1516.98,44.05000000000018,100.66000000000008,1,2,1.0
2611,1,2260.68,1115.07,55.55000000000018,110.33000000000015,1,2,1.0
2611,2,2177.36,1516.04,44.029999999999745,100.59000000000015,1,2,1.0
2612,1,2260.98,1114.34,55.48000000000002,110.31000000000017,1,2,1.0
2612,2,2177.84,1515.09,43.98999999999978,100.54000000000019,1,2,1.0
2613,1,2261.42,1113.3,55.40000000000009,110.28999999999996,1,2,1.0
2613,2,2178.32,1513.87,43.94999999999982,100.48000000000002,1,2,1.0
2614,1,2261.85,1112.26,55.32999999999993,110.27999999999997,1,2,1.0
2614,2,2178.79,1512.65,43.92000000000007,100.40999999999985,1,2,1.0
2615,1,2262.28,1111.23,55.25999999999976,110.25,1,2,1.0
2615,2,2179.27,1511.43,43.88999999999987,100.34999999999991,1,2,1.0
2616,1,2262.71,1110.19,55.190000000000055,110.23000000000002,1,2,1.0
2616,2,2179.75,1510.21,43.84999999999991,100.28999999999996,1,2,1.0
2617,1,2263.14,1109.16,55.11000000000013,110.20999999999981,1,2,1.0
2617,2,2180.22,1508.99,43.820000000000164,100.23000000000002,1,2,1.0
2618,1,2263.57,1108.12,55.039999999999964,110.19000000000005,1,2,1.0
2618,2,2180.7,1507.76,43.7800000000002,100.18000000000006,1,2,1.0
2619,1,2264.0,1107.09,54.9699999999998,110.16000000000008,1,2,1.0
2619,2,2181.18,1506.54,43.75,100.12000000000012,1,2,1.0
2620,1,2264.44,1106.05,54.88999999999987,110.15000000000009,1,2,1.0
2620,2,2181.66,1505.32,43.710000000000036,100.04999999999995,1,2,1.0
2621,1,2264.87,1105.01,54.820000000000164,110.13000000000011,1,2,1.0
2621,2,2182.13,1504.1,43.679999999999836,99.99000000000001,1,2,1.0
2622,1,2265.16,1103.88,54.75,110.1099999999999,1,2,1.0
2622,2,2182.61,1502.8,43.63999999999987,99.93000000000006,1,2,1.0
2623,1,2265.45,1102.75,54.67000000000007,110.08999999999992,1,2,1.0
2623,2,2183.09,1501.49,43.60999999999967,99.86999999999989,1,2,1.0
2624,1,2265.74,1101.62,54.600000000000364,110.06000000000017,1,2,1.0
2624,2,2183.56,1500.19,43.57999999999993,99.80999999999995,1,2,1.0
2625,1,2266.03,1100.49,54.529999999999745,110.03999999999996,1,2,1.0
2625,2,2184.04,1498.89,43.539999999999964,99.75,1,2,1.0
2626,1,2266.33,1099.36,54.45000000000027,110.02000000000021,1,2,1.0
2626,2,2184.52,1497.58,43.5,99.69000000000005,1,2,1.0
2627,1,2266.62,1098.22,54.38000000000011,110.00999999999999,1,2,1.0
2627,2,2184.99,1496.28,43.470000000000255,99.63000000000011,1,2,1.0
2628,1,2266.91,1097.09,54.309999999999945,109.99000000000001,1,2,1.0
2628,2,2185.47,1494.98,43.440000000000055,99.56999999999994,1,2,1.0
2629,1,2267.2,1095.96,54.24000000000024,109.96000000000004,1,2,1.0
2629,2,2185.95,1493.68,43.40000000000009,99.5,1,2,1.0
2630,1,2267.49,1094.83,54.16000000000031,109.94000000000005,1,2,1.0
2630,2,2186.42,1492.37,43.36999999999989,99.45000000000005,1,2,1.0
2631,1,2267.41,1093.9,54.090000000000146,109.92999999999984,1,2,1.0
2631,2,2187.03,1491.17,43.32999999999993,99.37999999999988,1,2,1.0
2632,1,2267.32,1092.98,54.01999999999998,109.90000000000009,1,2,1.0
2632,2,2187.63,1489.96,43.29999999999973,99.32999999999993,1,2,1.0
2633,1,2267.24,1092.06,53.940000000000055,109.88000000000011,1,2,1.0
2633,2,2188.23,1488.75,43.26999999999998,99.26999999999998,1,2,1.0
2634,1,2267.15,1091.13,53.86999999999989,109.8599999999999,1,2,1.0
2634,2,2188.83,1487.55,43.23000000000002,99.21000000000004,1,2,1.0
2635,1,2267.06,1090.21,53.80000000000018,109.83999999999992,1,2,1.0
2635,2,2189.44,1486.34,43.190000000000055,99.15000000000009,1,2,1.0
2636,1,2266.98,1089.28,53.7199999999998,109.81999999999994,1,2,1.0
2636,2,2190.04,1485.14,43.159999999999854,99.07999999999993,1,2,1.0
2637,1,2266.89,1088.36,53.65000000000009,109.80000000000018,1,2,1.0
2637,2,2190.64,1483.93,43.13000000000011,99.02999999999997,1,2,1.0
2638,1,2266.81,1087.43,53.570000000000164,109.77999999999997,1,2,1.0
2638,2,2191.24,1482.73,43.100000000000364,98.96000000000004,1,2,1.0
2639,1,2266.72,1086.51,53.51000000000022,109.75999999999999,1,2,1.0
2639,2,2191.85,1481.52,43.059999999999945,98.90000000000009,1,2,1.0
2640,1,2267.82,1085.19,53.429999999999836,109.74000000000001,1,2,1.0
2640,2,2191.93,1480.97,43.01999999999998,98.83999999999992,1,2,1.0
2641,1,2268.92,1083.88,53.36000000000013,109.70999999999981,1,2,1.0
2641,2,2192.01,1480.41,42.98999999999978,98.77999999999997,1,2,1.0
2642,1,2270.02,1082.56,53.289999999999964,109.70000000000005,1,2,1.0
2642,2,2192.09,1479.86,42.94999999999982,98.72000000000003,1,2,1.0
2643,1,2270.66,1081.85,53.210000000000036,109.67000000000007,1,2,1.0
2643,2,2192.57,1478.95,42.91999999999962,98.65999999999985,1,2,1.0
2644,1,2271.29,1081.13,53.13999999999987,109.64999999999986,1,2,1.0
2644,2,2193.04,1478.04,42.88999999999987,98.60000000000014,1,2,1.0
2645,1,2271.92,1080.41,53.059999999999945,109.63999999999987,1,2,1.0
2645,2,2193.52,1477.13,42.84999999999991,98.53999999999996,1,2,1.0
2646,1,2272.55,1079.7,52.98999999999978,109.6099999999999,1,2,1.0
2646,2,2194.0,1476.22,42.820000000000164,98.48000000000002,1,2,1.0
2647,1,2273.18,1078.98,52.92000000000007,109.58999999999992,1,2,1.0
2647,2,2194.48,1475.31,42.7800000000002,98.42000000000007,1,2,1.0
2648,1,2273.81,1078.27,52.84999999999991,109.56999999999994,1,2,1.0
2648,2,2194.95,1474.4,42.76000000000022,98.36999999999989,1,2,1.0
2649,1,2274.45,1077.55,52.76999999999998,109.54999999999995,1,2,1.0
2649,2,2195.43,1473.5,42.720000000000255,98.29999999999995,1,2,1.0
2650,1,2274.57,1076.45,52.69999999999982,109.52999999999997,1,2,1.0
2650,2,2195.63,1472.1,42.679999999999836,98.24000000000001,1,2,1.0
2651,1,2274.69,1075.35,52.63000000000011,109.5,1,2,1.0
2651,2,2195.82,1470.7,42.649999999999636,98.18000000000006,1,2,1.0
2652,1,2274.82,1074.24,52.54999999999973,109.49000000000001,1,2,1.0
2652,2,2196.02,1469.31,42.61000000000013,98.12000000000012,1,2,1.0
2653,1,2274.94,1073.14,52.48000000000002,109.4699999999998,1,2,1.0
2653,2,2196.21,1467.91,42.57999999999993,98.05999999999995,1,2,1.0
2654,1,2275.06,1072.04,52.409999999999854,109.44000000000005,1,2,1.0
2654,2,2196.41,1466.52,42.539999999999964,98.0,1,2,1.0
2655,1,2275.19,1070.94,52.32999999999993,109.41999999999985,1,2,1.0
2655,2,2196.6,1465.12,42.51000000000022,97.94000000000005,1,2,1.0
2656,1,2275.31,1069.83,52.26000000000022,109.41000000000008,1,2,1.0
2656,2,2196.8,1463.73,42.4699999999998,97.86999999999989,1,2,1.0
2657,1,2275.43,1068.73,52.190000000000055,109.37999999999988,1,2,1.0
2657,2,2196.99,1462.33,42.440000000000055,97.82000000000016,1,2,1.0
2658,1,2275.72,1067.92,52.120000000000346,109.36999999999989,1,2,1.0
2658,2,2197.52,1461.28,42.409999999999854,97.75999999999999,1,2,1.0
2659,1,2276.01,1067.12,52.039999999999964,109.34000000000015,1,2,1.0
2659,2,2198.05,1460.23,42.36999999999989,97.70000000000005,1,2,1.0
2660,1,2276.3,1066.31,51.9699999999998,109.32000000000016,1,2,1.0
2660,2,2198.58,1459.19,42.340000000000146,97.62999999999988,1,2,1.0
2661,1,2276.59,1065.5,51.899999999999636,109.29999999999995,1,2,1.0
2661,2,2199.11,1458.14,42.29999999999973,97.56999999999994,1,2,1.0
2662,1,2276.88,1064.69,51.82999999999993,109.28999999999996,1,2,1.0
2662,2,2199.64,1457.09,42.26999999999998,97.50999999999999,1,2,1.0
2663,1,2277.17,1063.89,51.75,109.25999999999999,1,2,1.0
2663,2,2200.17,1456.04,42.23000000000002,97.45000000000005,1,2,1.0
2664,1,2277.46,1063.08,51.679999999999836,109.24000000000001,1,2,1.0
2664,2,2200.69,1454.99,42.19999999999982,97.40000000000009,1,2,1.0
2665,1,2277.75,1062.27,51.61000000000013,109.22000000000003,1,2,1.0
2665,2,2201.22,1453.94,42.17000000000007,97.33999999999992,1,2,1.0
2666,1,2278.19,1060.9,51.529999999999745,109.19999999999982,1,2,1.0
2666,2,2201.75,1452.82,42.13000000000011,97.26999999999998,1,2,1.0
2667,1,2278.62,1059.53,51.45000000000027,109.18000000000006,1,2,1.0
2667,2,2202.28,1451.69,42.09999999999991,97.21000000000004,1,2,1.0
2668,1,2279.05,1058.15,51.379999999999654,109.15999999999985,1,2,1.0
2668,2,2202.81,1450.56,42.059999999999945,97.15000000000009,1,2,1.0
2669,1,2279.48,1056.78,51.309999999999945,109.1400000000001,1,2,1.0
2669,2,2203.34,1449.44,42.029999999999745,97.08999999999992,1,2,1.0
2670,1,2279.91,1055.41,51.24000000000024,109.1099999999999,1,2,1.0
2670,2,2203.87,1448.31,41.99000000000024,97.02999999999997,1,2,1.0
2671,1,2280.35,1054.04,51.16000000000031,109.09000000000015,1,2,1.0
2671,2,2204.4,1447.18,41.960000000000036,96.97000000000003,1,2,1.0
2672,1,2280.78,1052.66,51.08999999999969,109.07999999999993,1,2,1.0
2672,2,2204.93,1446.05,41.92000000000007,96.92000000000007,1,2,1.0
2673,1,2281.21,1051.29,51.01999999999998,109.04999999999995,1,2,1.0
2673,2,2205.46,1444.93,41.88999999999987,96.84999999999991,1,2,1.0
2674,1,2281.35,1050.34,50.940000000000055,109.04000000000019,1,2,1.0
2674,2,2205.87,1443.71,41.86000000000013,96.78999999999996,1,2,1.0
2675,1,2281.48,1049.4,50.86999999999989,109.00999999999999,1,2,1.0
2675,2,2206.29,1442.49,41.820000000000164,96.73000000000002,1,2,1.0
2676,1,2281.62,1048.46,50.80000000000018,108.99000000000001,1,2,1.0
2676,2,2206.7,1441.27,41.789999999999964,96.67000000000007,1,2,1.0
2677,1,2281.76,1047.51,50.7199999999998,108.97000000000003,1,2,1.0
2677,2,2207.12,1440.05,41.75,96.61000000000013,1,2,1.0
2678,1,2281.89,1046.57,50.65000000000009,108.95000000000005,1,2,1.0
2678,2,2207.53,1438.83,41.7199999999998,96.55000000000018,1,2,1.0
2679,1,2282.03,1045.62,50.57999999999993,108.93000000000006,1,2,1.0
2679,2,2207.95,1437.61,41.690000000000055,96.49000000000001,1,2,1.0
2680,1,2282.17,1044.68,50.5,108.90999999999985,1,2,1.0
2680,2,2208.37,1436.39,41.65000000000009,96.42999999999984,1,2,1.0
2681,1,2282.3,1043.73,50.429999999999836,108.88999999999987,1,2,1.0
2681,2,2208.78,1435.17,41.61999999999989,96.36999999999989,1,2,1.0
2682,1,2282.44,1042.79,50.36000000000013,108.87000000000012,1,2,1.0
2682,2,2209.2,1433.95,41.58000000000038,96.30999999999995,1,2,1.0
2683,1,2282.58,1041.84,50.2800000000002,108.85000000000014,1,2,1.0
2683,2,2209.61,1432.73,41.54999999999973,96.25,1,2,1.0
2684,1,2282.89,1041.6,50.210000000000036,108.83000000000015,1,2,1.0
2684,2,2210.21,1432.74,41.50999999999976,96.19000000000005,1,2,1.0
2685,1,2283.2,1041.36,50.14000000000033,108.81000000000017,1,2,1.0
2685,2,2210.8,1432.75,41.48000000000002,96.13000000000011,1,2,1.0
2686,1,2283.51,1041.12,50.06999999999971,108.79000000000019,1,2,1.0
2686,2,2211.39,1432.77,41.440000000000055,96.05999999999995,1,2,1.0
2687,1,2283.83,1040.88,49.99000000000024,108.76999999999998,1,2,1.0
2687,2,2211.98,1432.78,41.409999999999854,96.0,1,2,1.0
2688,1,2284.14,1040.64,49.92000000000007,108.75,1,2,1.0
2688,2,2212.57,1432.79,41.379999999999654,95.95000000000005,1,2,1.0
2689,1,2284.45,1040.4,49.850000000000364,108.73000000000002,1,2,1.0
2689,2,2213.17,1432.8,41.340000000000146,95.8900000000001,1,2,1.0
2690,1,2284.76,1040.16,49.779999999999745,108.70999999999981,1,2,1.0
2690,2,2213.76,1432.82,41.29999999999973,95.82000000000016,1,2,1.0
2691,1,2285.08,1048.19,49.70000000000027,108.69000000000005,1,2,1.0
2691,2,2214.35,1441.1,41.26999999999998,95.75999999999999,1,2,1.0
2692,1,2285.39,1056.22,49.63000000000011,108.67000000000007,1,2,1.0
2692,2,2214.94,1449.38,41.23999999999978,95.69999999999982,1,2,1.0
2693,1,2285.7,1064.25,49.5600000000004,108.65000000000009,1,2,1.0
2693,2,2215.53,1457.67,41.20999999999958,95.63999999999987,1,2,1.0
2694,1,2286.02,1072.28,49.48000000000002,108.62000000000012,1,2,1.0
2694,2,2216.13,1465.95,41.17000000000007,95.57999999999993,1,2,1.0
2695,1,2286.33,1080.32,49.409999999999854,108.59000000000015,1,2,1.0
2695,2,2216.72,1474.23,41.13000000000011,95.51999999999998,1,2,1.0
2696,1,2286.64,1088.35,49.340000000000146,108.57000000000016,1,2,1.0
2696,2,2217.31,1482.51,41.09999999999991,95.47000000000003,1,2,1.0
2697,1,2286.95,1099.74,49.26999999999998,108.55999999999995,1,2,1.0
2697,2,2217.9,1494.16,41.06999999999971,95.39999999999986,1,2,1.0
2698,1,2287.27,1111.13,49.190000000000055,108.53999999999996,1,2,1.0
2698,2,2218.49,1505.81,41.04000000000042,95.34000000000015,1,2,1.0
2699,1,2287.58,1122.52,49.11999999999989,108.51999999999998,1,2,1.0
2699,2,2219.09,1517.45,40.98999999999978,95.27999999999997,1,2,1.0
2700,1,2287.89,1133.92,49.05000000000018,108.49000000000001,1,2,1.0
2700,2,2219.68,1529.1,40.960000000000036,95.22000000000003,1,2,1.0
2701,1,2288.21,1145.31,48.9699999999998,108.47000000000003,1,2,1.0
2701,2,2220.27,1540.74,40.929999999999836,95.16000000000008,1,2,1.0
2702,1,2288.89,1158.08,48.970000000000255,108.47000000000003,1,2,1.0
2702,2,2220.3,1552.97,40.960000000000036,95.16000000000008,1,2,1.0
2703,1,2289.58,1170.84,48.970000000000255,108.48000000000002,1,2,1.0
2703,2,2220.33,1565.2,40.98000000000002,95.15999999999985,1,2,1.0
2704,1,2290.26,1183.61,48.9699999999998,108.48000000000002,1,2,1.0
2704,2,2220.36,1577.43,41.00999999999976,95.15999999999985,1,2,1.0
2705,1,2290.5,1193.38,48.9699999999998,108.4699999999998,1,2,1.0
2705,2,2221.49,1587.33,41.04000000000042,95.16000000000008,1,2,1.0
2706,1,2290.73,1203.15,48.9699999999998,108.4699999999998,1,2,1.0
2706,2,2222.62,1597.23,41.070000000000164,95.16000000000008,1,2,1.0
2707,1,2290.97,1212.92,48.970000000000255,108.47000000000003,1,2,1.0
2707,2,2223.76,1607.13,41.08999999999969,95.15999999999985,1,2,1.0
2708,1,2291.2,1222.69,48.970000000000255,108.47000000000003,1,2,1.0
2708,2,2224.89,1617.03,41.120000000000346,95.16000000000008,1,2,1.0
2709,1,2291.44,1232.45,48.9699999999998,108.48000000000002,1,2,1.0
2709,2,2226.02,1626.93,41.159999999999854,95.15999999999985,1,2,1.0
2710,1,2291.67,1242.22,48.9699999999998,108.48000000000002,1,2,1.0
2710,2,2227.16,1636.83,41.18000000000029,95.16000000000008,1,2,1.0
2711,1,2291.91,1245.03,48.970000000000255,108.47000000000003,1,2,1.0
2711,2,2227.59,1639.86,41.210000000000036,95.16000000000008,1,2,1.0
2712,1,2292.14,1247.83,48.970000000000255,108.48000000000002,1,2,1.0
2712,2,2228.03,1642.89,41.23000000000002,95.15999999999985,1,2,1.0
2713,1,2292.38,1250.64,48.9699999999998,108.4699999999998,1,2,1.0
2713,2,2228.46,1645.92,41.26999999999998,95.15999999999985,1,2,1.0
2714,1,2292.61,1253.44,48.9699999999998,108.48000000000002,1,2,1.0
2714,2,2228.9,1648.95,41.289999999999964,95.15999999999985,1,2,1.0
2715,1,2292.85,1256.24,48.970000000000255,108.48000000000002,1,2,1.0
2715,2,2229.33,1651.98,41.320000000000164,95.16000000000008,1,2,1.0
2716,1,2293.08,1259.05,48.970000000000255,108.47000000000003,1,2,1.0
2716,2,2229.77,1655.02,41.34999999999991,95.15000000000009,1,2,1.0
2717,1,2293.32,1261.85,48.9699999999998,108.48000000000002,1,2,1.0
2717,2,2230.2,1658.05,41.38000000000011,95.15000000000009,1,2,1.0
2718,1,2293.55,1264.66,48.9699999999998,108.47000000000003,1,2,1.0
2718,2,2230.64,1661.08,41.40000000000009,95.15000000000009,1,2,1.0
2719,1,2293.79,1263.69,48.970000000000255,108.48000000000002,1,2,1.0
2719,2,2231.07,1659.92,41.440000000000055,95.15999999999985,1,2,1.0
2720,1,2294.02,1262.73,48.9699999999998,108.47000000000003,1,2,1.0
2720,2,2231.51,1658.76,41.45999999999958,95.16000000000008,1,2,1.0
2721,1,2294.26,1261.76,48.9699999999998,108.48000000000002,1,2,1.0
2721,2,2231.94,1657.6,41.48999999999978,95.16000000000008,1,2,1.0
2722,1,2294.49,1260.8,48.970000000000255,108.47000000000003,1,2,1.0
2722,2,2232.38,1656.45,41.51999999999998,95.15999999999985,1,2,1.0
2723,1,2294.73,1259.83,48.9699999999998,108.48000000000002,1,2,1.0
2723,2,2232.81,1655.29,41.55000000000018,95.16000000000008,1,2,1.0
2724,1,2294.96,1258.87,48.9699999999998,108.47000000000003,1,2,1.0
2724,2,2233.25,1654.13,41.570000000000164,95.15999999999985,1,2,1.0
2725,1,2295.2,1257.9,48.970000000000255,108.48000000000002,1,2,1.0
2725,2,2233.69,1652.97,41.59999999999991,95.16000000000008,1,2,1.0
2726,1,2295.43,1256.94,48.970000000000255,108.47000000000003,1,2,1.0
2726,2,2234.12,1651.82,41.63000000000011,95.16000000000008,1,2,1.0
2727,1,2295.67,1255.97,48.9699999999998,108.48000000000002,1,2,1.0
2727,2,2234.56,1650.66,41.65000000000009,95.15999999999985,1,2,1.0
2728,1,2295.9,1255.01,48.9699999999998,108.47000000000003,1,2,1.0
2728,2,2234.99,1649.5,41.690000000000055,95.16000000000008,1,2,1.0
2729,1,2296.14,1254.04,48.970000000000255,108.48000000000002,1,2,1.0
2729,2,2235.43,1648.35,41.710000000000036,95.15000000000009,1,2,1.0
2730,1,2296.37,1253.08,48.970000000000255,108.47000000000003,1,2,1.0
2730,2,2235.86,1647.19,41.73999999999978,95.15999999999985,1,2,1.0
2731,1,2296.61,1252.11,48.9699999999998,108.48000000000002,1,2,1.0
2731,2,2236.3,1646.03,41.76999999999998,95.16000000000008,1,2,1.0
2732,1,2296.84,1251.15,48.9699999999998,108.4699999999998,1,2,1.0
2732,2,2236.73,1644.87,41.80000000000018,95.16000000000008,1,2,1.0
2733,1,2297.08,1250.18,48.970000000000255,108.48000000000002,1,2,1.0
2733,2,2237.17,1643.72,41.81999999999971,95.14999999999986,1,2,1.0
2734,1,2297.31,1249.22,48.970000000000255,108.47000000000003,1,2,1.0
2734,2,2237.6,1642.56,41.86000000000013,95.16000000000008,1,2,1.0
2735,1,2297.55,1248.25,48.9699999999998,108.48000000000002,1,2,1.0
2735,2,2238.04,1641.4,41.88000000000011,95.15999999999985,1,2,1.0
2736,1,2297.78,1247.29,48.9699999999998,108.47000000000003,1,2,1.0
2736,2,2238.47,1640.24,41.91000000000031,95.16000000000008,1,2,1.0
2737,1,2298.02,1246.32,48.9699999999998,108.48000000000002,1,2,1.0
2737,2,2238.91,1639.09,41.940000000000055,95.16000000000008,1,2,1.0
2738,1,2298.25,1245.36,48.9699999999998,108.47000000000003,1,2,1.0
2738,2,2239.34,1637.93,41.9699999999998,95.15999999999985,1,2,1.0
2739,1,2298.49,1244.39,48.970000000000255,108.47999999999979,1,2,1.0
2739,2,2239.78,1636.77,41.98999999999978,95.16000000000008,1,2,1.0
2740,1,2298.72,1243.43,48.970000000000255,108.47000000000003,1,2,1.0
2740,2,2240.21,1635.61,42.029999999999745,95.16000000000008,1,2,1.0
2741,1,2298.96,1242.51,48.9699999999998,108.47000000000003,1,2,1.0
2741,2,2240.35,1634.98,42.05000000000018,95.16000000000008,1,2,1.0
2742,1,2299.19,1241.58,48.9699999999998,108.48000000000002,1,2,1.0
2742,2,2240.48,1634.35,42.07999999999993,95.16000000000008,1,2,1.0
2743,1,2299.43,1240.66,48.970000000000255,108.47000000000003,1,2,1.0
2743,2,2240.61,1633.72,42.10999999999967,95.16000000000008,1,2,1.0
2744,1,2299.66,1239.74,48.970000000000255,108.47000000000003,1,2,1.0
2744,2,2240.75,1633.09,42.13000000000011,95.16000000000008,1,2,1.0
2745,1,2299.9,1238.81,48.9699999999998,108.48000000000002,1,2,1.0
2745,2,2240.88,1632.46,42.159999999999854,95.14999999999986,1,2,1.0
2746,1,2300.13,1237.89,48.9699999999998,108.4699999999998,1,2,1.0
2746,2,2241.01,1631.82,42.1899999999996,95.16000000000008,1,2,1.0
2747,1,2300.37,1236.97,48.970000000000255,108.47000000000003,1,2,1.0
2747,2,2241.14,1631.19,42.220000000000255,95.15999999999985,1,2,1.0
2748,1,2300.6,1236.04,48.970000000000255,108.48000000000002,1,2,1.0
2748,2,2241.28,1630.56,42.23999999999978,95.16000000000008,1,2,1.0
2749,1,2300.84,1235.12,48.9699999999998,108.47000000000003,1,2,1.0
2749,2,2241.41,1629.93,42.2800000000002,95.15999999999985,1,2,1.0
2750,1,2301.07,1234.19,48.9699999999998,108.48000000000002,1,2,1.0
2750,2,2241.54,1629.3,42.309999999999945,95.16000000000008,1,2,1.0
2751,1,2301.31,1233.27,48.970000000000255,108.48000000000002,1,2,1.0
2751,2,2241.68,1628.67,42.33000000000038,95.14999999999986,1,2,1.0
2752,1,2301.54,1232.35,48.970000000000255,108.47000000000003,1,2,1.0
2752,2,2241.81,1628.03,42.36000000000013,95.16000000000008,1,2,1.0
2753,1,2301.78,1231.42,48.9699999999998,108.48000000000002,1,2,1.0
2753,2,2241.94,1627.4,42.38999999999987,95.15999999999985,1,2,1.0
2754,1,2301.87,1230.57,48.970000000000255,108.48000000000002,1,2,1.0
2754,2,2242.46,1625.85,43.38999999999987,95.82000000000016,1,2,1.0
2755,1,2301.97,1229.72,48.970000000000255,108.47000000000003,1,2,1.0
2755,2,2242.98,1624.3,44.38000000000011,96.49000000000001,1,2,1.0
2756,1,2302.06,1228.86,48.970000000000255,108.48000000000002,1,2,1.0
2756,2,2243.49,1622.75,45.39000000000033,97.15000000000009,1,2,1.0
2757,1,2302.16,1228.01,48.970000000000255,108.48000000000002,1,2,1.0
2757,2,2244.01,1621.2,46.38999999999987,97.80999999999995,1,2,1.0
2758,1,2302.25,1227.16,48.9699999999998,108.47000000000003,1,2,1.0
2758,2,2244.53,1620.37,46.32999999999993,97.75,1,2,1.0
2759,1,2302.35,1226.3,48.970000000000255,108.48000000000002,1,2,1.0
2759,2,2245.05,1619.54,46.25999999999976,97.69000000000005,1,2,1.0
2760,1,2302.44,1225.45,48.9699999999998,108.48000000000002,1,2,1.0
2760,2,2245.56,1618.72,46.210000000000036,97.62999999999988,1,2,1.0
2761,1,2302.54,1224.6,48.970000000000255,108.47000000000003,1,2,1.0
2761,2,2246.08,1617.89,46.15000000000009,97.56999999999994,1,2,1.0
2762,1,2302.64,1223.74,48.970000000000255,108.48000000000002,1,2,1.0
2762,2,2246.6,1617.06,46.07999999999993,97.50999999999999,1,2,1.0
2763,1,2302.73,1222.89,48.9699999999998,108.4699999999998,1,2,1.0
2763,2,2247.11,1616.23,46.029999999999745,97.45000000000005,1,2,1.0
2764,1,2302.83,1222.03,48.970000000000255,108.48000000000002,1,2,1.0
2764,2,2247.63,1615.41,45.9699999999998,97.38999999999987,1,2,1.0
2765,1,2302.92,1221.18,48.9699999999998,108.48000000000002,1,2,1.0
2765,2,2248.15,1614.58,45.90000000000009,97.33000000000015,1,2,1.0
2766,1,2303.02,1220.33,48.9699999999998,108.47000000000003,1,2,1.0
2766,2,2248.67,1613.75,45.840000000000146,97.26999999999998,1,2,1.0
2767,1,2303.11,1219.47,48.9699999999998,108.48000000000002,1,2,1.0
2767,2,2249.18,1612.92,45.789999999999964,97.21000000000004,1,2,1.0
2768,1,2303.21,1218.62,48.9699999999998,108.48000000000002,1,2,1.0
2768,2,2249.7,1612.1,45.73000000000002,97.1400000000001,1,2,1.0
2769,1,2303.3,1217.77,48.9699999999998,108.47000000000003,1,2,1.0
2769,2,2250.22,1611.27,45.66000000000031,97.08999999999992,1,2,1.0
2770,1,2303.4,1216.91,48.9699999999998,108.48000000000002,1,2,1.0
2770,2,2250.73,1610.44,45.61000000000013,97.02999999999997,1,2,1.0
2771,1,2303.49,1216.06,48.970000000000255,108.47000000000003,1,2,1.0
2771,2,2251.25,1609.61,45.55000000000018,96.97000000000003,1,2,1.0
2772,1,2303.59,1215.21,48.9699999999998,108.47000000000003,1,2,1.0
2772,2,2251.77,1608.79,45.48000000000002,96.90000000000009,1,2,1.0
2773,1,2303.68,1214.35,48.970000000000255,108.48000000000002,1,2,1.0
2773,2,2252.29,1607.96,45.42000000000007,96.84999999999991,1,2,1.0
2774,1,2303.78,1213.5,48.9699999999998,108.47000000000003,1,2,1.0
2774,2,2252.8,1607.13,45.36999999999989,96.78999999999996,1,2,1.0
2775,1,2304.12,1212.98,48.970000000000255,108.47000000000003,1,2,1.0
2775,2,2253.32,1606.3,45.29999999999973,96.73000000000002,1,2,1.0
2776,1,2304.46,1212.45,48.98000000000002,108.48000000000002,1,2,1.0
2776,2,2253.84,1605.48,45.23999999999978,96.66000000000008,1,2,1.0
2777,1,2304.81,1211.93,48.970000000000255,108.48000000000002,1,2,1.0
2777,2,2254.35,1604.65,45.190000000000055,96.59999999999991,1,2,1.0
2778,1,2305.15,1211.41,48.9699999999998,108.47000000000003,1,2,1.0
2778,2,2254.87,1603.82,45.11999999999989,96.54999999999995,1,2,1.0
2779,1,2305.5,1210.89,48.9699999999998,108.4699999999998,1,2,1.0
2779,2,2255.39,1602.99,45.059999999999945,96.49000000000001,1,2,1.0
2780,1,2305.84,1210.36,48.9699999999998,108.48000000000002,1,2,1.0
2780,2,2255.91,1602.17,45.0,96.41999999999985,1,2,1.0
2781,1,2306.18,1209.84,48.970000000000255,108.48000000000002,1,2,1.0
2781,2,2256.42,1601.34,44.940000000000055,96.36000000000013,1,2,1.0
2782,1,2306.53,1209.32,48.9699999999998,108.48000000000002,1,2,1.0
2782,2,2256.94,1600.51,44.88000000000011,96.30999999999995,1,2,1.0
2783,1,2306.87,1208.8,48.970000000000255,108.47000000000003,1,2,1.0
2783,2,2257.46,1599.68,44.820000000000164,96.25,1,2,1.0
2784,1,2307.21,1208.27,48.9699999999998,108.48000000000002,1,2,1.0
2784,2,2257.97,1598.86,44.76000000000022,96.18000000000006,1,2,1.0
2785,1,2307.56,1207.75,48.970000000000255,108.48000000000002,1,2,1.0
2785,2,2258.49,1598.03,44.70000000000027,96.12000000000012,1,2,1.0
2786,1,2307.9,1207.23,48.9699999999998,108.48000000000002,1,2,1.0
2786,2,2259.01,1597.2,44.63999999999987,96.05999999999995,1,2,1.0
2787,1,2308.25,1206.71,48.9699999999998,108.47000000000003,1,2,1.0
2787,2,2259.53,1596.37,44.56999999999971,96.01000000000022,1,2,1.0
2788,1,2308.59,1206.19,48.9699999999998,108.47000000000003,1,2,1.0
2788,2,2260.04,1595.55,44.51999999999998,95.94000000000005,1,2,1.0
2789,1,2308.93,1205.66,48.970000000000255,108.48000000000002,1,2,1.0
2789,2,2260.56,1594.72,44.460000000000036,95.87999999999988,1,2,1.0
2790,1,2309.28,1205.14,48.9699999999998,108.47999999999979,1,2,1.0
2790,2,2261.08,1593.89,44.40000000000009,95.81999999999994,1,2,1.0
2791,1,2309.62,1204.62,48.970000000000255,108.47000000000003,1,2,1.0
2791,2,2261.59,1593.06,44.33999999999969,95.75999999999999,1,2,1.0
2792,1,2309.96,1204.1,48.9699999999998,108.47000000000003,1,2,1.0
2792,2,2262.11,1592.24,44.279999999999745,95.70000000000005,1,2,1.0
2793,1,2310.31,1203.57,48.970000000000255,108.48000000000002,1,2,1.0
2793,2,2262.63,1591.41,44.2199999999998,95.63999999999987,1,2,1.0
2794,1,2310.65,1203.05,48.9699999999998,108.48000000000002,1,2,1.0
2794,2,2263.15,1590.58,44.15000000000009,95.58000000000015,1,2,1.0
2795,1,2311.0,1202.53,48.9699999999998,108.48000000000002,1,2,1.0
2795,2,2263.66,1589.75,44.100000000000364,95.51999999999998,1,2,1.0
2796,1,2311.34,1202.01,48.9699999999998,108.47000000000003,1,2,1.0
2796,2,2264.18,1588.93,44.039999999999964,95.46000000000004,1,2,1.0
2797,1,2311.68,1201.48,48.970000000000255,108.48000000000002,1,2,1.0
2797,2,2264.7,1588.1,43.970000000000255,95.40000000000009,1,2,1.0
2798,1,2312.03,1200.96,48.9699999999998,108.48000000000002,1,2,1.0
2798,2,2265.21,1587.27,43.92000000000007,95.33999999999992,1,2,1.0
2799,1,2312.37,1200.44,48.970000000000255,108.48000000000002,1,2,1.0
2799,2,2265.73,1586.44,43.86000000000013,95.27999999999997,1,2,1.0
2800,1,2312.71,1199.92,48.9699999999998,108.47000000000003,1,2,1.0
2800,2,2266.25,1585.62,43.789999999999964,95.21000000000004,1,2,1.0
2801,1,2313.06,1199.4,48.970000000000255,108.4699999999998,1,2,1.0
2801,2,2266.77,1584.79,43.73000000000002,95.16000000000008,1,2,1.0
2802,1,2313.26,1197.92,48.9699999999998,108.48000000000002,1,2,1.0
2802,2,2267.6,1583.99,43.61000000000013,95.26999999999998,1,2,1.0
2803,1,2313.47,1196.45,48.970000000000255,108.48000000000002,1,2,1.0
2803,2,2268.44,1583.19,43.48999999999978,95.37999999999988,1,2,1.0
2804,1,2313.67,1194.98,48.9699999999998,108.48000000000002,1,2,1.0
2804,2,2269.27,1582.39,43.36999999999989,95.49000000000001,1,2,1.0
2805,1,2313.87,1193.51,48.970000000000255,108.48000000000002,1,2,1.0
2805,2,2270.11,1581.59,43.25,95.60000000000014,1,2,1.0
2806,1,2314.08,1192.04,48.970000000000255,108.48000000000002,1,2,1.0
2806,2,2270.95,1580.79,43.120000000000346,95.71000000000004,1,2,1.0
2807,1,2314.16,1192.14,48.970000000000255,108.4699999999998,1,2,1.0
2807,2,2271.36,1580.83,43.0,95.81000000000017,1,2,1.0
2808,1,2314.24,1192.23,48.970000000000255,108.48000000000002,1,2,1.0
2808,2,2271.77,1580.86,42.88000000000011,95.93000000000006,1,2,1.0
2809,1,2314.33,1192.33,48.970000000000255,108.47000000000003,1,2,1.0
2809,2,2272.18,1580.89,42.76000000000022,96.03999999999996,1,2,1.0
2810,1,2314.41,1192.43,48.970000000000255,108.47000000000003,1,2,1.0
2810,2,2272.6,1580.92,42.63000000000011,96.14999999999986,1,2,1.0
2811,1,2314.5,1192.52,48.9699999999998,108.48000000000002,1,2,1.0
2811,2,2273.01,1580.95,42.50999999999976,96.25999999999999,1,2,1.0
2812,1,2314.58,1192.62,48.970000000000255,108.47000000000003,1,2,1.0
2812,2,2273.42,1580.98,42.38999999999987,96.36999999999989,1,2,1.0
2813,1,2314.66,1192.72,48.970000000000255,108.47000000000003,1,2,1.0
2813,2,2273.83,1581.01,42.26999999999998,96.48000000000002,1,2,1.0
2814,1,2314.75,1192.81,48.9699999999998,108.48000000000002,1,2,1.0
2814,2,2274.25,1581.04,42.13999999999987,96.59000000000015,1,2,1.0
2815,1,2314.83,1192.91,48.970000000000255,108.47000000000003,1,2,1.0
2815,2,2274.66,1581.08,42.01999999999998,96.69000000000005,1,2,1.0
2816,1,2315.28,1193.59,48.9699999999998,108.47000000000003,1,2,1.0
2816,2,2275.31,1581.68,41.90000000000009,96.80999999999995,1,2,1.0
2817,1,2315.72,1194.26,48.970000000000255,108.48000000000002,1,2,1.0
2817,2,2275.96,1582.29,41.779999999999745,96.91000000000008,1,2,1.0
2818,1,2316.16,1194.94,48.970000000000255,108.48000000000002,1,2,1.0
2818,2,2276.62,1582.89,41.65000000000009,97.02999999999997,1,2,1.0
2819,1,2316.61,1195.62,48.9699999999998,108.47000000000003,1,2,1.0
2819,2,2277.27,1583.5,41.5300000000002,97.13000000000011,1,2,1.0
2820,1,2317.05,1196.29,48.9699999999998,108.48000000000002,1,2,1.0
2820,2,2277.92,1584.1,41.409999999999854,97.25,1,2,1.0
2821,1,2317.5,1196.97,48.9699999999998,108.48000000000002,1,2,1.0
2821,2,2278.58,1584.71,41.2800000000002,97.34999999999991,1,2,1.0
2822,1,2317.94,1197.65,48.9699999999998,108.4699999999998,1,2,1.0
2822,2,2279.23,1585.31,41.159999999999854,97.47000000000003,1,2,1.0
2823,1,2318.38,1198.33,48.9699999999998,108.47000000000003,1,2,1.0
2823,2,2279.88,1585.92,41.04999999999973,97.56999999999994,1,2,1.0
2824,1,2318.83,1199.31,48.970000000000255,108.48000000000002,1,2,1.0
2824,2,2280.46,1587.24,40.92000000000007,97.68000000000006,1,2,1.0
2825,1,2319.27,1200.3,48.9699999999998,108.48000000000002,1,2,1.0
2825,2,2281.04,1588.56,40.80000000000018,97.78999999999996,1,2,1.0
2826,1,2319.72,1201.29,48.970000000000255,108.47000000000003,1,2,1.0
2826,2,2281.61,1589.88,40.679999999999836,97.89999999999986,1,2,1.0
2827,1,2320.16,1202.28,48.970000000000255,108.47000000000003,1,2,1.0
2827,2,2282.19,1591.2,40.559999999999945,98.00999999999999,1,2,1.0
2828,1,2320.6,1203.26,48.970000000000255,108.48000000000002,1,2,1.0
2828,2,2282.77,1592.52,40.429999999999836,98.12000000000012,1,2,1.0
2829,1,2321.05,1204.25,48.9699999999998,108.48000000000002,1,2,1.0
2829,2,2283.35,1593.84,40.309999999999945,98.23000000000002,1,2,1.0
2830,1,2321.49,1205.24,48.970000000000255,108.47000000000003,1,2,1.0
2830,2,2283.92,1595.16,40.190000000000055,98.33999999999992,1,2,1.0
2831,1,2321.94,1206.23,48.9699999999998,108.47000000000003,1,2,1.0
2831,2,2284.5,1596.48,40.070000000000164,98.46000000000004,1,2,1.0
2832,1,2322.38,1207.21,48.9699999999998,108.48000000000002,1,2,1.0
2832,2,2285.08,1597.8,39.940000000000055,98.56999999999994,1,2,1.0
2833,1,2322.82,1208.2,48.98000000000002,108.48000000000002,1,2,1.0
2833,2,2285.66,1599.12,39.820000000000164,98.68000000000006,1,2,1.0
2834,1,2323.27,1209.19,48.9699999999998,108.47000000000003,1,2,1.0
2834,2,2286.23,1600.44,39.69999999999982,98.78999999999996,1,2,1.0
2835,1,2323.71,1210.18,48.9699999999998,108.47000000000003,1,2,1.0
2835,2,2286.81,1601.76,39.57999999999993,98.90000000000009,1,2,1.0
2836,1,2324.16,1211.16,48.970000000000255,108.48000000000002,1,2,1.0
2836,2,2287.39,1603.08,39.45000000000027,99.00999999999999,1,2,1.0
2837,1,2324.6,1213.33,48.970000000000255,108.48000000000002,1,2,1.0
2837,2,2288.15,1605.72,39.32999999999993,99.11999999999989,1,2,1.0
2838,1,2325.05,1215.5,48.9699999999998,108.48000000000002,1,2,1.0
2838,2,2288.92,1608.37,39.210000000000036,99.23000000000002,1,2,1.0
2839,1,2325.49,1217.67,48.970000000000255,108.48000000000002,1,2,1.0
2839,2,2289.68,1611.02,39.090000000000146,99.33999999999992,1,2,1.0
2840,1,2325.93,1219.84,48.970000000000255,108.47000000000003,1,2,1.0
2840,2,2290.45,1613.66,38.960000000000036,99.44999999999982,1,2,1.0
2841,1,2326.38,1222.01,48.9699999999998,108.47000000000003,1,2,1.0
2841,2,2291.21,1616.31,38.840000000000146,99.55999999999995,1,2,1.0
2842,1,2326.82,1224.18,48.9699999999998,108.47000000000003,1,2,1.0
2842,2,2291.98,1618.96,38.7199999999998,99.67000000000007,1,2,1.0
2843,1,2327.27,1226.34,48.9699999999998,108.48000000000002,1,2,1.0
2843,2,2292.74,1621.61,38.600000000000364,99.77000000000021,1,2,1.0
2844,1,2327.71,1228.51,48.9699999999998,108.48000000000002,1,2,1.0
2844,2,2293.51,1624.25,38.4699999999998,99.8900000000001,1,2,1.0
2845,1,2328.15,1230.68,48.9699999999998,108.48000000000002,1,2,1.0
2845,2,2294.27,1626.9,38.36000000000013,100.0,1,2,1.0
2846,1,2328.6,1232.85,48.970000000000255,108.48000000000002,1,2,1.0
2846,2,2295.04,1629.55,38.23000000000002,100.10000000000014,1,2,1.0
2847,1,2329.04,1235.02,48.970000000000255,108.47000000000003,1,2,1.0
2847,2,2295.8,1632.19,38.10999999999967,100.22000000000003,1,2,1.0
2848,1,2329.49,1237.19,48.970000000000255,108.47000000000003,1,2,1.0
2848,2,2296.57,1634.84,37.98000000000002,100.33000000000015,1,2,1.0
2849,1,2329.93,1239.36,48.970000000000255,108.47000000000003,1,2,1.0
2849,2,2297.33,1637.49,37.86999999999989,100.43000000000006,1,2,1.0
2850,1,2330.38,1241.52,48.9699999999998,108.48000000000002,1,2,1.0
2850,2,2298.1,1640.13,37.74000000000024,100.54999999999995,1,2,1.0
2851,1,2330.82,1243.69,48.9699999999998,108.48000000000002,1,2,1.0
2851,2,2298.86,1642.78,37.61999999999989,100.66000000000008,1,2,1.0
2852,1,2331.26,1245.86,48.9699999999998,108.48000000000002,1,2,1.0
2852,2,2299.63,1645.43,37.48999999999978,100.75999999999999,1,2,1.0
2853,1,2331.71,1248.03,48.9699999999998,108.48000000000002,1,2,1.0
2853,2,2300.39,1648.07,37.38000000000011,100.88000000000011,1,2,1.0
2854,1,2332.15,1250.2,48.9699999999998,108.47000000000003,1,2,1.0
2854,2,2301.16,1650.72,37.25,100.99000000000001,1,2,1.0
2855,1,2332.6,1252.37,48.970000000000255,108.47000000000003,1,2,1.0
2855,2,2301.92,1653.37,37.13000000000011,101.09000000000015,1,2,1.0
2856,1,2333.04,1254.54,48.970000000000255,108.47000000000003,1,2,1.0
2856,2,2302.69,1656.01,37.0,101.21000000000004,1,2,1.0
2857,1,2333.48,1256.7,48.9699999999998,108.48000000000002,1,2,1.0
2857,2,2303.45,1658.66,36.89000000000033,101.31999999999994,1,2,1.0
2858,1,2333.93,1258.87,48.970000000000255,108.48000000000002,1,2,1.0
2858,2,2304.22,1661.31,36.76000000000022,101.42000000000007,1,2,1.0
2859,1,2334.37,1261.04,48.970000000000255,108.48000000000002,1,2,1.0
2859,2,2304.98,1663.95,36.63999999999987,101.53999999999996,1,2,1.0
2860,1,2334.82,1263.21,48.9699999999998,108.48000000000002,1,2,1.0
2860,2,2305.75,1666.6,36.51000000000022,101.65000000000009,1,2,1.0
2861,1,2335.26,1265.38,48.9699999999998,108.4699999999998,1,2,1.0
2861,2,2306.51,1669.25,36.399999999999636,101.75,1,2,1.0
2862,1,2335.71,1267.55,48.9699999999998,108.47000000000003,1,2,1.0
2862,2,2307.28,1671.89,36.26999999999998,101.86999999999989,1,2,1.0
2863,1,2336.15,1269.71,48.9699999999998,108.48000000000002,1,2,1.0
2863,2,2308.04,1674.54,36.15000000000009,101.98000000000002,1,2,1.0
2864,1,2336.59,1272.59,48.9699999999998,108.48000000000002,1,2,1.0
2864,2,2308.64,1677.64,36.0300000000002,102.08999999999992,1,2,1.0
2865,1,2337.04,1275.47,48.970000000000255,108.47000000000003,1,2,1.0
2865,2,2309.24,1680.75,35.90000000000009,102.20000000000005,1,2,1.0
2866,1,2337.48,1278.34,48.9699999999998,108.48000000000002,1,2,1.0
2866,2,2309.84,1683.85,35.779999999999745,102.31000000000017,1,2,1.0
2867,1,2337.93,1281.22,48.970000000000255,108.47000000000003,1,2,1.0
2867,2,2310.44,1686.96,35.659999999999854,102.42000000000007,1,2,1.0
2868,1,2338.37,1284.09,48.970000000000255,108.48000000000002,1,2,1.0
2868,2,2311.03,1690.06,35.539999999999964,102.52999999999997,1,2,1.0
2869,1,2338.81,1286.97,48.970000000000255,108.47000000000003,1,2,1.0
2869,2,2311.63,1693.17,35.42000000000007,102.63999999999987,1,2,1.0
2870,1,2339.26,1289.3,48.9699999999998,108.47000000000003,1,2,1.0
2870,2,2312.4,1695.4,35.289999999999964,102.75,1,2,1.0
2871,1,2339.7,1291.63,48.970000000000255,108.4699999999998,1,2,1.0
2871,2,2313.16,1697.63,35.18000000000029,102.8599999999999,1,2,1.0
2872,1,2340.15,1293.96,48.9699999999998,108.47000000000003,1,2,1.0
2872,2,2313.92,1699.86,35.059999999999945,102.97000000000003,1,2,1.0
2873,1,2340.59,1296.29,48.9699999999998,108.48000000000002,1,2,1.0
2873,2,2314.68,1702.1,34.95000000000027,103.07000000000016,1,2,1.0
2874,1,2341.03,1298.62,48.98000000000002,108.48000000000002,1,2,1.0
2874,2,2315.45,1704.33,34.820000000000164,103.18000000000006,1,2,1.0
2875,1,2341.48,1300.95,48.9699999999998,108.48000000000002,1,2,1.0
2875,2,2316.21,1706.56,34.710000000000036,103.29999999999995,1,2,1.0
2876,1,2341.92,1303.28,48.9699999999998,108.48000000000002,1,2,1.0
2876,2,2316.97,1708.79,34.590000000000146,103.41000000000008,1,2,1.0
2877,1,2342.37,1305.61,48.970000000000255,108.48000000000002,1,2,1.0
2877,2,2317.73,1711.02,34.48000000000002,103.51999999999998,1,2,1.0
2878,1,2342.81,1307.28,48.970000000000255,108.48000000000002,1,2,1.0
2878,2,2318.44,1713.2,34.34999999999991,103.62999999999988,1,2,1.0
2879,1,2343.26,1308.96,48.9699999999998,108.48000000000002,1,2,1.0
2879,2,2319.15,1715.38,34.23000000000002,103.72999999999979,1,2,1.0
2880,1,2343.7,1310.63,48.970000000000255,108.47999999999979,1,2,1.0
2880,2,2319.86,1717.55,34.09999999999991,103.85000000000014,1,2,1.0
2881,1,2344.14,1312.31,48.970000000000255,108.48000000000002,1,2,1.0
2881,2,2320.57,1719.73,33.98000000000002,103.96000000000004,1,2,1.0
2882,1,2344.59,1313.98,48.9699999999998,108.48000000000002,1,2,1.0
2882,2,2321.27,1721.91,33.86000000000013,104.05999999999995,1,2,1.0
2883,1,2345.03,1315.66,48.9699999999998,108.48000000000002,1,2,1.0
2883,2,2321.98,1724.09,33.73999999999978,104.17000000000007,1,2,1.0
2884,1,2345.48,1317.34,48.9699999999998,108.47000000000003,1,2,1.0
2884,2,2322.69,1726.26,33.61000000000013,104.28999999999996,1,2,1.0
2885,1,2345.92,1319.01,48.9699999999998,108.48000000000002,1,2,1.0
2885,2,2323.4,1728.44,33.48000000000002,104.39999999999986,1,2,1.0
2886,1,2346.36,1320.69,48.9699999999998,108.47000000000003,1,2,1.0
2886,2,2323.86,1730.37,33.35999999999967,104.51000000000022,1,2,1.0
2887,1,2346.81,1322.36,48.970000000000255,108.48000000000002,1,2,1.0
2887,2,2324.32,1732.3,33.23999999999978,104.62000000000012,1,2,1.0
2888,1,2347.25,1324.04,48.9699999999998,108.47000000000003,1,2,1.0
2888,2,2324.79,1734.23,33.11000000000013,104.73000000000002,1,2,1.0
2889,1,2347.7,1325.71,48.970000000000255,108.48000000000002,1,2,1.0
2889,2,2325.25,1736.17,32.98999999999978,104.82999999999993,1,2,1.0
2890,1,2348.14,1327.39,48.970000000000255,108.4699999999998,1,2,1.0
2890,2,2325.71,1738.1,32.86999999999989,104.94000000000005,1,2,1.0
2891,1,2348.59,1329.06,48.9699999999998,108.48000000000002,1,2,1.0
2891,2,2326.17,1740.03,32.73999999999978,105.05999999999995,1,2,1.0
2892,1,2349.03,1330.74,48.9699999999998,108.47000000000003,1,2,1.0
2892,2,2326.64,1741.96,32.61000000000013,105.17000000000007,1,2,1.0
2893,1,2349.47,1332.41,48.970000000000255,108.48000000000002,1,2,1.0
2893,2,2327.1,1743.89,32.49000000000024,105.27999999999997,1,2,1.0
2894,1,2349.92,1334.09,48.9699999999998,108.47000000000003,1,2,1.0
2894,2,2327.56,1745.82,32.36999999999989,105.3900000000001,1,2,1.0
2895,1,2350.36,1335.76,48.9699999999998,108.48000000000002,1,2,1.0
2895,2,2328.02,1747.76,32.25,105.49000000000001,1,2,1.0
2896,1,2350.81,1337.44,48.970000000000255,108.47000000000003,1,2,1.0
2896,2,2328.48,1749.69,32.13000000000011,105.59999999999991,1,2,1.0
2897,1,2351.25,1339.11,48.9699999999998,108.48000000000002,1,2,1.0
2897,2,2328.95,1751.62,32.0,105.71000000000004,1,2,1.0
2898,1,2351.69,1340.79,48.9699999999998,108.47000000000003,1,2,1.0
2898,2,2329.41,1753.55,31.870000000000346,105.83000000000015,1,2,1.0
2899,1,2352.14,1342.46,48.970000000000255,108.48000000000002,1,2,1.0
2899,2,2329.87,1755.48,31.75,105.94000000000005,1,2,1.0
2900,1,2352.58,1344.14,48.970000000000255,108.4699999999998,1,2,1.0
2900,2,2330.33,1757.41,31.63000000000011,106.04999999999995,1,2,1.0
2901,1,2353.03,1345.81,48.9699999999998,108.48000000000002,1,2,1.0
2901,2,2330.8,1759.34,31.5,106.16000000000008,1,2,1.0
2902,1,2353.2,1347.05,48.970000000000255,108.5,1,2,1.0
2902,2,2331.1,1760.68,31.5,106.14999999999986,1,2,1.0
2903,1,2353.37,1348.29,48.970000000000255,108.51999999999998,1,2,1.0
2903,2,2331.4,1762.01,31.5,106.16000000000008,1,2,1.0
2904,1,2353.54,1349.52,48.970000000000255,108.54999999999995,1,2,1.0
2904,2,2331.7,1763.34,31.51000000000022,106.16000000000008,1,2,1.0
2905,1,2353.71,1350.76,48.9699999999998,108.56999999999994,1,2,1.0
2905,2,2332.0,1764.68,31.51000000000022,106.14999999999986,1,2,1.0
2906,1,2353.88,1352.0,48.9699999999998,108.58999999999992,1,2,1.0
2906,2,2332.31,1766.01,31.5,106.16000000000008,1,2,1.0
2907,1,2354.05,1353.24,48.9699999999998,108.6099999999999,1,2,1.0
2907,2,2332.61,1767.34,31.5,106.16000000000008,1,2,1.0
2908,1,2354.21,1354.47,48.98000000000002,108.63999999999987,1,2,1.0
2908,2,2332.91,1768.68,31.5,106.14999999999986,1,2,1.0
2909,1,2354.38,1355.71,48.98000000000002,108.65999999999985,1,2,1.0
2909,2,2333.21,1770.01,31.5,106.16000000000008,1,2,1.0
2910,1,2354.55,1356.46,48.98000000000002,109.22000000000003,1,2,1.0
2910,2,2333.47,1771.62,31.950000000000273,106.16000000000008,1,2,1.0
2911,1,2354.72,1357.21,48.98000000000002,109.76999999999998,1,2,1.0
2911,2,2333.73,1773.23,32.38999999999987,106.16000000000008,1,2,1.0
2912,1,2354.89,1357.96,48.98000000000002,110.31999999999994,1,2,1.0
2912,2,2333.99,1774.84,32.83000000000038,106.16000000000008,1,2,1.0
2913,1,2355.06,1358.72,48.98000000000002,110.8599999999999,1,2,1.0
2913,2,2334.26,1776.45,33.25999999999976,106.15999999999985,1,2,1.0
2914,1,2355.23,1359.47,48.98000000000002,111.42000000000007,1,2,1.0
2914,2,2334.52,1778.06,33.69999999999982,106.16000000000008,1,2,1.0
2915,1,2355.4,1360.22,48.98999999999978,111.97000000000003,1,2,1.0
2915,2,2334.78,1779.67,34.149999999999636,106.15999999999985,1,2,1.0
2916,1,2355.57,1360.97,48.98999999999978,112.51999999999998,1,2,1.0
2916,2,2335.04,1781.28,34.590000000000146,106.16000000000008,1,2,1.0
2917,1,2355.74,1361.72,48.99000000000024,113.07999999999993,1,2,1.0
2917,2,2335.3,1782.89,35.029999999999745,106.15999999999985,1,2,1.0
2918,1,2355.91,1362.47,48.99000000000024,113.62999999999988,1,2,1.0
2918,2,2335.56,1784.5,35.470000000000255,106.16000000000008,1,2,1.0
2919,1,2356.21,1363.46,48.98999999999978,113.58999999999992,1,2,1.0
2919,2,2335.99,1785.5,35.43000000000029,106.16000000000008,1,2,1.0
2920,1,2356.51,1364.45,48.97999999999956,113.55999999999995,1,2,1.0
2920,2,2336.42,1786.51,35.38000000000011,106.15000000000009,1,2,1.0
2921,1,2356.8,1365.44,48.98999999999978,113.51999999999998,1,2,1.0
2921,2,2336.86,1787.51,35.32999999999993,106.15000000000009,1,2,1.0
2922,1,2357.1,1366.42,48.98000000000002,113.49000000000001,1,2,1.0
2922,2,2337.29,1788.51,35.2800000000002,106.15000000000009,1,2,1.0
2923,1,2357.39,1367.41,48.99000000000024,113.44999999999982,1,2,1.0
2923,2,2337.72,1789.51,35.23000000000002,106.15000000000009,1,2,1.0
2924,1,2357.69,1368.4,48.98000000000002,113.41999999999985,1,2,1.0
2924,2,2338.15,1790.51,35.190000000000055,106.15000000000009,1,2,1.0
2925,1,2357.98,1369.38,48.98999999999978,113.38999999999987,1,2,1.0
2925,2,2338.59,1791.51,35.129999999999654,106.15000000000009,1,2,1.0
2926,1,2358.28,1370.37,48.98000000000002,113.35000000000014,1,2,1.0
2926,2,2339.02,1792.51,35.090000000000146,106.15000000000009,1,2,1.0
2927,1,2358.58,1371.36,48.98000000000002,113.32000000000016,1,2,1.0
2927,2,2339.45,1793.51,35.039999999999964,106.15000000000009,1,2,1.0
2928,1,2359.01,1372.06,48.98999999999978,113.28999999999996,1,2,1.0
2928,2,2339.88,1794.65,35.0,106.15999999999985,1,2,1.0
2929,1,2359.45,1372.77,48.98000000000002,113.25,1,2,1.0
2929,2,2340.32,1795.79,34.940000000000055,106.16000000000008,1,2,1.0
2930,1,2359.89,1373.48,48.98000000000002,113.21000000000004,1,2,1.0
2930,2,2340.75,1796.94,34.90000000000009,106.14999999999986,1,2,1.0
2931,1,2360.33,1374.18,48.98000000000002,113.18999999999983,1,2,1.0
2931,2,2341.18,1798.08,34.850000000000364,106.16000000000008,1,2,1.0
2932,1,2360.76,1374.89,48.98999999999978,113.14999999999986,1,2,1.0
2932,2,2341.61,1799.23,34.809999999999945,106.15000000000009,1,2,1.0
2933,1,2361.2,1375.6,48.98000000000002,113.11000000000013,1,2,1.0
2933,2,2342.05,1800.37,34.75,106.16000000000008,1,2,1.0
2934,1,2361.64,1376.3,48.98000000000002,113.09000000000015,1,2,1.0
2934,2,2342.48,1801.52,34.69999999999982,106.15000000000009,1,2,1.0
2935,1,2362.08,1377.01,48.98000000000002,113.04999999999995,1,2,1.0
2935,2,2342.91,1802.66,34.66000000000031,106.15999999999985,1,2,1.0
2936,1,2362.32,1378.06,48.98000000000002,113.00999999999999,1,2,1.0
2936,2,2343.44,1803.67,34.61000000000013,106.14999999999986,1,2,1.0
2937,1,2362.57,1379.1,48.98000000000002,112.98000000000002,1,2,1.0
2937,2,2343.96,1804.68,34.559999999999945,106.14999999999986,1,2,1.0
2938,1,2362.81,1380.15,48.99000000000024,112.93999999999983,1,2,1.0
2938,2,2344.49,1805.68,34.51000000000022,106.15999999999985,1,2,1.0
2939,1,2363.06,1381.19,48.98000000000002,112.91999999999985,1,2,1.0
2939,2,2345.01,1806.69,34.4699999999998,106.15999999999985,1,2,1.0
2940,1,2363.31,1382.24,48.98000000000002,112.87999999999988,1,2,1.0
2940,2,2345.54,1807.7,34.42000000000007,106.14999999999986,1,2,1.0
2941,1,2363.55,1383.28,48.98000000000002,112.85000000000014,1,2,1.0
2941,2,2346.06,1808.7,34.36999999999989,106.15999999999985,1,2,1.0
2942,1,2363.8,1384.33,48.98000000000002,112.81000000000017,1,2,1.0
2942,2,2346.59,1809.71,34.31999999999971,106.15999999999985,1,2,1.0
2943,1,2364.04,1385.38,48.99000000000024,112.76999999999998,1,2,1.0
2943,2,2347.11,1810.72,34.279999999999745,106.14999999999986,1,2,1.0
2944,1,2364.29,1386.42,48.98000000000002,112.74000000000001,1,2,1.0
2944,2,2347.64,1811.73,34.23000000000002,106.15000000000009,1,2,1.0
2945,1,2364.5,1387.06,48.98000000000002,112.71000000000004,1,2,1.0
2945,2,2347.99,1812.67,34.18000000000029,106.14999999999986,1,2,1.0
2946,1,2364.72,1387.7,48.98000000000002,112.68000000000006,1,2,1.0
2946,2,2348.33,1813.61,34.13999999999987,106.16000000000008,1,2,1.0
2947,1,2364.93,1388.34,48.98000000000002,112.6400000000001,1,2,1.0
2947,2,2348.68,1814.55,34.090000000000146,106.16000000000008,1,2,1.0
2948,1,2365.14,1388.98,48.99000000000024,112.6099999999999,1,2,1.0
2948,2,2349.03,1815.49,34.039999999999964,106.16000000000008,1,2,1.0
2949,1,2365.36,1389.62,48.98000000000002,112.57000000000016,1,2,1.0
2949,2,2349.38,1816.44,33.98000000000002,106.14999999999986,1,2,1.0
2950,1,2365.57,1390.26,48.98000000000002,112.53999999999996,1,2,1.0
2950,2,2349.72,1817.38,33.940000000000055,106.14999999999986,1,2,1.0
2951,1,2365.79,1390.9,48.98000000000002,112.50999999999999,1,2,1.0
2951,2,2350.07,1818.32,33.88999999999987,106.15000000000009,1,2,1.0
2952,1,2366.0,1391.54,48.98000000000002,112.47000000000003,1,2,1.0
2952,2,2350.42,1819.26,33.840000000000146,106.16000000000008,1,2,1.0
2953,1,2366.21,1392.18,48.98000000000002,112.43999999999983,1,2,1.0
2953,2,2350.76,1820.2,33.79999999999973,106.15999999999985,1,2,1.0
2954,1,2366.43,1392.82,48.98000000000002,112.41000000000008,1,2,1.0
2954,2,2351.11,1821.14,33.75,106.15999999999985,1,2,1.0
2955,1,2366.79,1393.78,48.98000000000002,112.37000000000012,1,2,1.0
2955,2,2351.6,1821.99,33.710000000000036,106.16000000000008,1,2,1.0
2956,1,2367.15,1394.74,48.9699999999998,112.32999999999993,1,2,1.0
2956,2,2352.1,1822.84,33.65000000000009,106.15000000000009,1,2,1.0
2957,1,2367.51,1395.69,48.9699999999998,112.29999999999995,1,2,1.0
2957,2,2352.59,1823.68,33.60999999999967,106.15999999999985,1,2,1.0
2958,1,2367.86,1396.65,48.98000000000002,112.26999999999998,1,2,1.0
2958,2,2353.08,1824.53,33.559999999999945,106.16000000000008,1,2,1.0
2959,1,2368.22,1397.61,48.98000000000002,112.23000000000002,1,2,1.0
2959,2,2353.58,1825.38,33.51000000000022,106.14999999999986,1,2,1.0
2960,1,2368.58,1398.57,48.98000000000002,112.19000000000005,1,2,1.0
2960,2,2354.07,1826.22,33.460000000000036,106.16000000000008,1,2,1.0
2961,1,2368.94,1399.52,48.98000000000002,112.17000000000007,1,2,1.0
2961,2,2354.56,1827.07,33.42000000000007,106.15000000000009,1,2,1.0
2962,1,2369.3,1400.48,48.98000000000002,112.12999999999988,1,2,1.0
2962,2,2355.05,1827.92,33.36999999999989,106.14999999999986,1,2,1.0
2963,1,2369.32,1400.38,48.98000000000002,112.08999999999992,1,2,1.0
2963,2,2355.21,1827.87,33.320000000000164,106.15000000000009,1,2,1.0
2964,1,2369.34,1400.28,48.98000000000002,112.05999999999995,1,2,1.0
2964,2,2355.36,1827.82,33.26999999999998,106.15000000000009,1,2,1.0
2965,1,2369.36,1400.18,48.9699999999998,112.01999999999998,1,2,1.0
2965,2,2355.51,1827.77,33.2199999999998,106.15000000000009,1,2,1.0
2966,1,2369.38,1400.07,48.9699999999998,112.0,1,2,1.0
2966,2,2355.66,1827.72,33.18000000000029,106.14999999999986,1,2,1.0
2967,1,2369.39,1399.97,48.98000000000002,111.96000000000004,1,2,1.0
2967,2,2355.81,1827.66,33.13000000000011,106.15999999999985,1,2,1.0
2968,1,2369.41,1399.87,48.98000000000002,111.93000000000006,1,2,1.0
2968,2,2355.97,1827.61,33.08000000000038,106.16000000000008,1,2,1.0
2969,1,2369.43,1399.77,48.98000000000002,111.8900000000001,1,2,1.0
2969,2,2356.12,1827.56,33.0300000000002,106.16000000000008,1,2,1.0
2970,1,2369.54,1399.26,48.98000000000002,111.8599999999999,1,2,1.0
2970,2,2356.36,1826.81,32.98999999999978,106.16000000000008,1,2,1.0
2971,1,2369.66,1398.74,48.970000000000255,111.82999999999993,1,2,1.0
2971,2,2356.61,1826.06,32.940000000000055,106.15000000000009,1,2,1.0
2972,1,2369.77,1398.23,48.9699999999998,111.78999999999996,1,2,1.0
2972,2,2356.86,1825.31,32.88999999999987,106.15000000000009,1,2,1.0
2973,1,2369.88,1397.72,48.98000000000002,111.75999999999999,1,2,1.0
2973,2,2357.1,1824.55,32.840000000000146,106.16000000000008,1,2,1.0
2974,1,2369.99,1397.21,48.98000000000002,111.72000000000003,1,2,1.0
2974,2,2357.35,1823.8,32.789999999999964,106.16000000000008,1,2,1.0
2975,1,2370.11,1396.7,48.9699999999998,111.68000000000006,1,2,1.0
2975,2,2357.59,1823.05,32.75,106.15000000000009,1,2,1.0
2976,1,2370.22,1396.18,48.970000000000255,111.65999999999985,1,2,1.0
2976,2,2357.84,1822.3,32.69999999999982,106.15000000000009,1,2,1.0
2977,1,2370.33,1395.67,48.98000000000002,111.61999999999989,1,2,1.0
2977,2,2358.09,1821.54,32.649999999999636,106.16000000000008,1,2,1.0
2978,1,2370.44,1395.16,48.98000000000002,111.58999999999992,1,2,1.0
2978,2,2358.33,1820.79,32.61000000000013,106.15000000000009,1,2,1.0
2979,1,2370.56,1394.65,48.970000000000255,111.54999999999995,1,2,1.0
2979,2,2358.58,1820.04,32.55000000000018,106.15000000000009,1,2,1.0
2980,1,2370.67,1394.13,48.9699999999998,111.51999999999998,1,2,1.0
2980,2,2358.83,1819.28,32.5,106.16000000000008,1,2,1.0
2981,1,2370.78,1393.62,48.98000000000002,111.49000000000001,1,2,1.0
2981,2,2359.07,1818.53,32.460000000000036,106.16000000000008,1,2,1.0
2982,1,2370.74,1392.5,48.98000000000002,111.46000000000004,1,2,1.0
2982,2,2359.17,1817.33,32.409999999999854,106.15000000000009,1,2,1.0
2983,1,2370.71,1391.39,48.9699999999998,111.41999999999985,1,2,1.0
2983,2,2359.26,1816.12,32.36999999999989,106.16000000000008,1,2,1.0
2984,1,2370.67,1390.27,48.9699999999998,111.3900000000001,1,2,1.0
2984,2,2359.36,1814.91,32.309999999999945,106.15999999999985,1,2,1.0
2985,1,2370.63,1389.16,48.9699999999998,111.34999999999991,1,2,1.0
2985,2,2359.45,1813.71,32.26999999999998,106.14999999999986,1,2,1.0
2986,1,2370.59,1388.04,48.9699999999998,111.30999999999995,1,2,1.0
2986,2,2359.55,1812.5,32.2199999999998,106.16000000000008,1,2,1.0
2987,1,2370.55,1386.92,48.9699999999998,111.27999999999997,1,2,1.0
2987,2,2359.64,1811.3,32.18000000000029,106.15000000000009,1,2,1.0
2988,1,2370.51,1385.81,48.97999999999956,111.24000000000001,1,2,1.0
2988,2,2359.74,1810.09,32.120000000000346,106.16000000000008,1,2,1.0
2989,1,2370.48,1384.69,48.9699999999998,111.21000000000004,1,2,1.0
2989,2,2359.83,1808.89,32.07999999999993,106.14999999999986,1,2,1.0
2990,1,2370.44,1383.57,48.9699999999998,111.18000000000006,1,2,1.0
2990,2,2359.93,1807.68,32.0300000000002,106.15999999999985,1,2,1.0
2991,1,2370.4,1382.46,48.9699999999998,111.13999999999987,1,2,1.0
2991,2,2360.02,1806.48,31.990000000000236,106.15000000000009,1,2,1.0
2992,1,2370.36,1381.34,48.9699999999998,111.11000000000013,1,2,1.0
2992,2,2360.12,1805.27,31.93000000000029,106.15000000000009,1,2,1.0
2993,1,2370.32,1380.22,48.9699999999998,111.07999999999993,1,2,1.0
2993,2,2360.22,1804.06,31.88000000000011,106.16000000000008,1,2,1.0
2994,1,2370.28,1379.11,48.9699999999998,111.04000000000019,1,2,1.0
2994,2,2360.31,1802.86,31.840000000000146,106.15000000000009,1,2,1.0
2995,1,2370.24,1377.99,48.98000000000002,111.00999999999999,1,2,1.0
2995,2,2360.41,1801.65,31.789999999999964,106.15999999999985,1,2,1.0
2996,1,2370.21,1376.88,48.9699999999998,110.9699999999998,1,2,1.0
2996,2,2360.5,1800.45,31.73999999999978,106.14999999999986,1,2,1.0
2997,1,2370.17,1375.76,48.9699999999998,110.94000000000005,1,2,1.0
2997,2,2360.6,1799.24,31.690000000000055,106.16000000000008,1,2,1.0
2998,1,2370.13,1374.64,48.9699999999998,110.90999999999985,1,2,1.0
2998,2,2360.69,1798.04,31.65000000000009,106.15000000000009,1,2,1.0
2999,1,2370.09,1373.53,48.9699999999998,110.87000000000012,1,2,1.0
2999,2,2360.79,1796.83,31.59999999999991,106.16000000000008,1,2,1.0
3000,1,2370.05,1372.41,48.9699999999998,110.83999999999992,1,2,1.0
3000,2,2360.88,1795.62,31.549999999999727,106.16000000000008,1,2,1.0
3001,1,2370.01,1371.29,48.9699999999998,110.80999999999995,1,2,1.0
3001,2,2360.98,1794.42,31.5,106.14999999999986,1,2,1.0
3002,1,2370.02,1370.25,48.98000000000002,110.74000000000001,1,2,1.0
3002,2,2361.33,1792.79,31.470000000000255,106.07999999999993,1,2,1.0
3003,1,2370.03,1369.2,48.98000000000002,110.68000000000006,1,2,1.0
3003,2,2361.67,1791.17,31.460000000000036,106.0,1,2,1.0
3004,1,2370.04,1368.15,48.99000000000024,110.61999999999989,1,2,1.0
3004,2,2362.02,1789.54,31.429999999999836,105.93000000000006,1,2,1.0
3005,1,2370.05,1367.1,48.98999999999978,110.56000000000017,1,2,1.0
3005,2,2362.37,1787.92,31.41000000000031,105.84999999999991,1,2,1.0
3006,1,2370.06,1366.06,49.0,110.49000000000001,1,2,1.0
3006,2,2362.72,1786.29,31.38000000000011,105.77999999999997,1,2,1.0
3007,1,2370.07,1365.01,49.0,110.44000000000005,1,2,1.0
3007,2,2363.07,1784.67,31.34999999999991,105.69999999999982,1,2,1.0
3008,1,2370.08,1363.96,49.0,110.37999999999988,1,2,1.0
3008,2,2363.42,1783.04,31.329999999999927,105.63000000000011,1,2,1.0
3009,1,2370.09,1362.92,49.00999999999976,110.30999999999995,1,2,1.0
3009,2,2363.77,1781.42,31.300000000000182,105.54999999999995,1,2,1.0
3010,1,2369.93,1362.23,49.01999999999998,110.25,1,2,1.0
3010,2,2363.8,1780.6,31.269999999999982,105.47000000000003,1,2,1.0
3011,1,2369.78,1361.54,49.01999999999998,110.18000000000006,1,2,1.0
3011,2,2363.82,1779.78,31.259999999999764,105.40000000000009,1,2,1.0
3012,1,2369.62,1360.84,49.01999999999998,110.13000000000011,1,2,1.0
3012,2,2363.85,1778.96,31.230000000000018,105.31999999999994,1,2,1.0
3013,1,2369.46,1360.15,49.029999999999745,110.06999999999994,1,2,1.0
3013,2,2363.88,1778.14,31.210000000000036,105.25,1,2,1.0
3014,1,2369.31,1359.46,49.0300000000002,110.00999999999999,1,2,1.0
3014,2,2363.91,1777.33,31.18000000000029,105.16000000000008,1,2,1.0
3015,1,2369.15,1358.77,49.039999999999964,109.94000000000005,1,2,1.0
3015,2,2363.94,1776.51,31.15000000000009,105.08999999999992,1,2,1.0
3016,1,2368.99,1358.08,49.05000000000018,109.88000000000011,1,2,1.0
3016,2,2363.97,1775.69,31.13000000000011,105.00999999999999,1,2,1.0
3017,1,2368.84,1357.39,49.039999999999964,109.81999999999994,1,2,1.0
3017,2,2364.0,1774.87,31.09999999999991,104.94000000000005,1,2,1.0
3018,1,2368.94,1356.4,49.04999999999973,109.75,1,2,1.0
3018,2,2364.08,1774.0,31.070000000000164,104.8599999999999,1,2,1.0
3019,1,2369.04,1355.4,49.05000000000018,109.68999999999983,1,2,1.0
3019,2,2364.16,1773.13,31.050000000000182,104.78999999999996,1,2,1.0
3020,1,2369.14,1354.4,49.059999999999945,109.62999999999988,1,2,1.0
3020,2,2364.24,1772.26,31.020000000000437,104.72000000000003,1,2,1.0
3021,1,2369.24,1353.41,49.0600000000004,109.56999999999994,1,2,1.0
3021,2,2364.32,1771.4,31.0,104.62999999999988,1,2,1.0
3022,1,2369.34,1352.41,49.06999999999971,109.50999999999999,1,2,1.0
3022,2,2364.4,1770.53,30.9699999999998,104.55999999999995,1,2,1.0
3023,1,2369.44,1351.41,49.070000000000164,109.44999999999982,1,2,1.0
3023,2,2364.48,1769.66,30.949999999999818,104.48000000000002,1,2,1.0
3024,1,2369.54,1350.41,49.07999999999993,109.38999999999987,1,2,1.0
3024,2,2364.56,1768.79,30.920000000000073,104.41000000000008,1,2,1.0
3025,1,2369.63,1349.42,49.08999999999969,109.31999999999994,1,2,1.0
3025,2,2364.63,1767.92,30.909999999999854,104.32999999999993,1,2,1.0
3026,1,2369.73,1348.42,49.09999999999991,109.25999999999999,1,2,1.0
3026,2,2364.71,1767.05,30.88000000000011,104.25999999999999,1,2,1.0
3027,1,2369.83,1347.42,49.09999999999991,109.19999999999982,1,2,1.0
3027,2,2364.79,1766.18,30.860000000000127,104.17999999999984,1,2,1.0
3028,1,2369.93,1346.43,49.11000000000013,109.13999999999987,1,2,1.0
3028,2,2364.87,1765.32,30.829999999999927,104.10000000000014,1,2,1.0
3029,1,2369.99,1345.36,49.100000000000364,109.08000000000015,1,2,1.0
3029,2,2364.86,1763.77,31.5,104.16000000000008,1,2,1.0
3030,1,2370.04,1344.3,49.11000000000013,109.01999999999998,1,2,1.0
3030,2,2364.84,1762.22,32.190000000000055,104.22000000000003,1,2,1.0
3031,1,2370.09,1343.24,49.10999999999967,108.95000000000005,1,2,1.0
3031,2,2364.83,1760.67,32.86000000000013,104.27999999999997,1,2,1.0
3032,1,2370.14,1342.18,49.120000000000346,108.88999999999987,1,2,1.0
3032,2,2364.81,1759.12,33.539999999999964,104.34000000000015,1,2,1.0
3033,1,2370.19,1341.11,49.11999999999989,108.83000000000015,1,2,1.0
3033,2,2364.8,1757.57,34.210000000000036,104.40000000000009,1,2,1.0
3034,1,2370.24,1340.05,49.13000000000011,108.76999999999998,1,2,1.0
3034,2,2364.78,1756.02,34.899999999999636,104.46000000000004,1,2,1.0
3035,1,2370.29,1338.99,49.13000000000011,108.70000000000005,1,2,1.0
3035,2,2364.76,1754.47,35.57999999999993,104.51999999999998,1,2,1.0
3036,1,2370.34,1337.92,49.13999999999987,108.64999999999986,1,2,1.0
3036,2,2364.75,1752.92,36.25,104.57999999999993,1,2,1.0
3037,1,2370.24,1337.32,49.14000000000033,108.58000000000015,1,2,1.0
3037,2,2365.06,1752.63,36.13999999999987,104.5,1,2,1.0
3038,1,2370.14,1336.72,49.15000000000009,108.51999999999998,1,2,1.0
3038,2,2365.37,1752.35,36.0300000000002,104.40000000000009,1,2,1.0
3039,1,2370.03,1336.12,49.159999999999854,108.46000000000004,1,2,1.0
3039,2,2365.68,1752.07,35.92000000000007,104.31000000000017,1,2,1.0
3040,1,2369.93,1335.52,49.16000000000031,108.40000000000009,1,2,1.0
3040,2,2365.99,1751.79,35.8100000000004,104.21000000000004,1,2,1.0
3041,1,2369.83,1334.92,49.159999999999854,108.33999999999992,1,2,1.0
3041,2,2366.3,1751.51,35.69999999999982,104.12000000000012,1,2,1.0
3042,1,2369.73,1334.32,49.159999999999854,108.26999999999998,1,2,1.0
3042,2,2366.61,1751.23,35.57999999999993,104.02999999999997,1,2,1.0
3043,1,2369.62,1333.72,49.18000000000029,108.21000000000004,1,2,1.0
3043,2,2366.92,1750.95,35.4699999999998,103.93000000000006,1,2,1.0
3044,1,2369.27,1333.24,49.409999999999854,108.59999999999991,1,2,1.0
3044,2,2366.8,1749.83,35.35999999999967,103.84000000000015,1,2,1.0
3045,1,2368.92,1332.75,49.63999999999987,109.0,1,2,1.0
3045,2,2366.68,1748.71,35.25,103.75,1,2,1.0
3046,1,2368.57,1332.26,49.86999999999989,109.3900000000001,1,2,1.0
3046,2,2366.56,1747.59,35.13999999999987,103.66000000000008,1,2,1.0
3047,1,2368.22,1331.78,50.100000000000364,109.77999999999997,1,2,1.0
3047,2,2366.44,1746.47,35.029999999999745,103.55999999999995,1,2,1.0
3048,1,2367.86,1331.29,50.33999999999969,110.18000000000006,1,2,1.0
3048,2,2366.32,1745.35,34.91999999999962,103.47000000000003,1,2,1.0
3049,1,2367.51,1330.8,50.56999999999971,110.56999999999994,1,2,1.0
3049,2,2366.2,1744.23,34.80000000000018,103.37999999999988,1,2,1.0
3050,1,2367.16,1330.32,50.80000000000018,110.96000000000004,1,2,1.0
3050,2,2366.08,1743.11,34.690000000000055,103.29000000000019,1,2,1.0
3051,1,2366.81,1329.83,51.0300000000002,111.36000000000013,1,2,1.0
3051,2,2365.96,1741.99,34.57999999999993,103.20000000000005,1,2,1.0
3052,1,2366.46,1329.34,51.25999999999976,111.75,1,2,1.0
3052,2,2365.84,1740.87,34.4699999999998,103.11000000000013,1,2,1.0
3053,1,2366.1,1328.86,51.5,112.1400000000001,1,2,1.0
3053,2,2365.72,1739.75,34.36000000000013,103.00999999999999,1,2,1.0
3054,1,2365.95,1328.65,51.460000000000036,111.99000000000001,1,2,1.0
3054,2,2365.58,1739.41,34.24000000000024,102.91999999999985,1,2,1.0
3055,1,2365.81,1328.44,51.409999999999854,111.82999999999993,1,2,1.0
3055,2,2365.43,1739.07,34.14000000000033,102.83000000000015,1,2,1.0
3056,1,2365.66,1328.23,51.370000000000346,111.68000000000006,1,2,1.0
3056,2,2365.29,1738.73,34.01999999999998,102.73000000000002,1,2,1.0
3057,1,2365.51,1328.03,51.31999999999971,111.50999999999999,1,2,1.0
3057,2,2365.15,1738.39,33.909999999999854,102.63999999999987,1,2,1.0
3058,1,2365.36,1327.82,51.279999999999745,111.36000000000013,1,2,1.0
3058,2,2365.0,1738.05,33.80000000000018,102.54999999999995,1,2,1.0
3059,1,2365.21,1327.61,51.23999999999978,111.20000000000005,1,2,1.0
3059,2,2364.86,1737.71,33.690000000000055,102.45000000000005,1,2,1.0
3060,1,2365.06,1327.4,51.20000000000027,111.04999999999995,1,2,1.0
3060,2,2364.72,1737.37,33.570000000000164,102.36000000000013,1,2,1.0
3061,1,2364.91,1327.19,51.16000000000031,110.88999999999987,1,2,1.0
3061,2,2364.57,1737.03,33.4699999999998,102.26999999999998,1,2,1.0
3062,1,2364.76,1326.99,51.11999999999989,110.73000000000002,1,2,1.0
3062,2,2364.43,1736.69,33.350000000000364,102.16999999999985,1,2,1.0
3063,1,2364.61,1326.78,51.06999999999971,110.56999999999994,1,2,1.0
3063,2,2364.29,1736.35,33.24000000000024,102.08000000000015,1,2,1.0
3064,1,2364.04,1327.43,51.01999999999998,110.41999999999985,1,2,1.0
3064,2,2364.0,1736.58,33.13000000000011,101.99000000000001,1,2,1.0
3065,1,2363.46,1328.08,50.98000000000002,110.25999999999999,1,2,1.0
3065,2,2363.71,1736.81,33.01999999999998,101.90000000000009,1,2,1.0
3066,1,2362.88,1328.73,50.940000000000055,110.09999999999991,1,2,1.0
3066,2,2363.43,1737.04,32.90000000000009,101.80999999999995,1,2,1.0
3067,1,2362.3,1329.38,50.899999999999636,109.94999999999982,1,2,1.0
3067,2,2363.14,1737.27,32.789999999999964,101.71000000000004,1,2,1.0
3068,1,2361.72,1330.03,50.86000000000013,109.78999999999996,1,2,1.0
3068,2,2362.85,1737.51,32.690000000000055,101.6099999999999,1,2,1.0
3069,1,2361.14,1330.68,50.820000000000164,109.62999999999988,1,2,1.0
3069,2,2362.57,1737.74,32.56999999999971,101.51999999999998,1,2,1.0
3070,1,2360.57,1331.33,50.76999999999998,109.48000000000002,1,2,1.0
3070,2,2362.28,1737.97,32.45999999999958,101.43000000000006,1,2,1.0
3071,1,2359.99,1331.98,50.73000000000002,109.31999999999994,1,2,1.0
3071,2,2361.99,1738.2,32.350000000000364,101.33999999999992,1,2,1.0
3072,1,2359.41,1332.63,50.690000000000055,109.15999999999985,1,2,1.0
3072,2,2361.71,1738.43,32.23000000000002,101.25,1,2,1.0
3073,1,2358.83,1333.28,50.65000000000009,109.00999999999999,1,2,1.0
3073,2,2361.42,1738.66,32.13000000000011,101.15999999999985,1,2,1.0
3074,1,2358.25,1333.93,50.61000000000013,108.84999999999991,1,2,1.0
3074,2,2361.13,1738.89,32.01999999999998,101.06999999999994,1,2,1.0
3075,1,2357.68,1334.58,50.559999999999945,108.69000000000005,1,2,1.0
3075,2,2360.85,1739.13,31.90000000000009,100.95999999999981,1,2,1.0
3076,1,2357.1,1335.23,50.51999999999998,108.53999999999996,1,2,1.0
3076,2,2360.56,1739.36,31.789999999999964,100.87000000000012,1,2,1.0
3077,1,2356.52,1335.88,50.48000000000002,108.37999999999988,1,2,1.0
3077,2,2360.27,1739.59,31.679999999999836,100.77999999999997,1,2,1.0
3078,1,2355.94,1336.53,50.429999999999836,108.22000000000003,1,2,1.0
3078,2,2359.99,1739.82,31.570000000000164,100.69000000000005,1,2,1.0
3079,1,2355.36,1337.18,50.38999999999987,108.06999999999994,1,2,1.0
3079,2,2359.7,1740.05,31.460000000000036,100.60000000000014,1,2,1.0
3080,1,2354.79,1337.83,50.340000000000146,107.91000000000008,1,2,1.0
3080,2,2359.41,1740.28,31.350000000000364,100.50999999999999,1,2,1.0
3081,1,2354.21,1338.48,50.30000000000018,107.75,1,2,1.0
3081,2,2359.13,1740.51,31.230000000000018,100.42000000000007,1,2,1.0
3082,1,2353.63,1339.13,50.25999999999976,107.59999999999991,1,2,1.0
3082,2,2358.84,1740.75,31.11999999999989,100.30999999999995,1,2,1.0
3083,1,2353.05,1339.78,50.2199999999998,107.44000000000005,1,2,1.0
3083,2,2358.55,1740.98,31.019999999999982,100.22000000000003,1,2,1.0
3084,1,2352.47,1340.43,50.18000000000029,107.27999999999997,1,2,1.0
3084,2,2358.27,1741.21,30.90000000000009,100.12999999999988,1,2,1.0
3085,1,2351.9,1341.08,50.13000000000011,107.13000000000011,1,2,1.0
3085,2,2357.98,1741.44,30.789999999999964,100.03999999999996,1,2,1.0
3086,1,2351.32,1341.73,50.08999999999969,106.97000000000003,1,2,1.0
3086,2,2357.7,1741.67,30.670000000000073,99.94999999999982,1,2,1.0
3087,1,2350.74,1342.38,50.05000000000018,106.80999999999995,1,2,1.0
3087,2,2357.41,1741.9,30.559999999999945,99.8599999999999,1,2,1.0
3088,1,2350.16,1343.03,50.01000000000022,106.66000000000008,1,2,1.0
3088,2,2357.12,1742.13,30.460000000000036,99.76999999999998,1,2,1.0
3089,1,2349.58,1343.68,49.970000000000255,106.5,1,2,1.0
3089,2,2356.84,1742.37,30.33999999999969,99.67000000000007,1,2,1.0
3090,1,2349.0,1344.33,49.929999999999836,106.34000000000015,1,2,1.0
3090,2,2356.55,1742.6,30.230000000000018,99.57000000000016,1,2,1.0
3091,1,2348.43,1344.98,49.88000000000011,106.19000000000005,1,2,1.0
3091,2,2356.26,1742.83,30.11999999999989,99.48000000000002,1,2,1.0
3092,1,2347.85,1345.63,49.840000000000146,106.02999999999997,1,2,1.0
3092,2,2355.98,1743.06,30.0,99.3900000000001,1,2,1.0
3093,1,2347.27,1346.28,49.80000000000018,105.87000000000012,1,2,1.0
3093,2,2355.69,1743.29,29.889999999999873,99.29999999999995,1,2,1.0
3094,1,2346.69,1346.93,49.75,105.72000000000003,1,2,1.0
3094,2,2355.4,1743.52,29.789999999999964,99.21000000000004,1,2,1.0
3095,1,2346.11,1347.58,49.710000000000036,105.56000000000017,1,2,1.0
3095,2,2355.12,1743.75,29.670000000000073,99.11999999999989,1,2,1.0
3096,1,2345.54,1348.22,49.659999999999854,105.41000000000008,1,2,1.0
3096,2,2354.83,1743.99,29.559999999999945,99.01999999999998,1,2,1.0
3097,1,2344.96,1348.87,49.61999999999989,105.26000000000022,1,2,1.0
3097,2,2354.54,1744.22,29.449999999999818,98.93000000000006,1,2,1.0
3098,1,2344.38,1349.52,49.57999999999993,105.09999999999991,1,2,1.0
3098,2,2354.26,1744.45,29.329999999999927,98.82999999999993,1,2,1.0
3099,1,2343.8,1350.17,49.539999999999964,104.93999999999983,1,2,1.0
3099,2,2353.97,1744.68,29.230000000000018,98.74000000000001,1,2,1.0
3100,1,2343.22,1350.82,49.5,104.78999999999996,1,2,1.0
3100,2,2353.68,1744.91,29.120000000000346,98.64999999999986,1,2,1.0
3101,1,2342.65,1351.47,49.44999999999982,104.62999999999988,1,2,1.0
3101,2,2353.4,1745.14,29.0,98.55999999999995,1,2,1.0
3102,1,2342.03,1351.44,49.4399999999996,104.49000000000001,1,2,1.0
3102,2,2352.95,1745.78,28.990000000000236,98.43000000000006,1,2,1.0
3103,1,2341.42,1351.4,49.429999999999836,104.3599999999999,1,2,1.0
3103,2,2352.51,1746.42,28.9699999999998,98.28999999999996,1,2,1.0
3104,1,2340.81,1352.0,49.409999999999854,104.23000000000002,1,2,1.0
3104,2,2352.07,1746.21,28.949999999999818,98.15999999999985,1,2,1.0
3105,1,2340.19,1352.61,49.409999999999854,104.09000000000015,1,2,1.0
3105,2,2351.63,1746.0,28.929999999999836,98.01999999999998,1,2,1.0
3106,1,2339.58,1353.21,49.38999999999987,103.97000000000003,1,2,1.0
3106,2,2351.19,1745.78,28.909999999999854,97.90000000000009,1,2,1.0
3107,1,2338.97,1353.82,49.38000000000011,103.83000000000015,1,2,1.0
3107,2,2350.74,1745.57,28.890000000000327,97.75999999999999,1,2,1.0
3108,1,2338.36,1354.42,49.35999999999967,103.69999999999982,1,2,1.0
3108,2,2350.3,1745.36,28.86999999999989,97.63000000000011,1,2,1.0
3109,1,2337.74,1355.03,49.36000000000013,103.55999999999995,1,2,1.0
3109,2,2349.86,1745.15,28.84999999999991,97.49000000000001,1,2,1.0
3110,1,2337.13,1355.64,49.33999999999969,103.42999999999984,1,2,1.0
3110,2,2349.42,1744.94,28.829999999999927,97.3599999999999,1,2,1.0
3111,1,2336.52,1356.24,49.32999999999993,103.29999999999995,1,2,1.0
3111,2,2348.98,1744.72,28.809999999999945,97.23000000000002,1,2,1.0
3112,1,2335.9,1356.85,49.31999999999971,103.16000000000008,1,2,1.0
3112,2,2348.53,1744.51,28.799999999999727,97.09999999999991,1,2,1.0
3113,1,2335.29,1357.45,49.309999999999945,103.03999999999996,1,2,1.0
3113,2,2348.09,1744.3,28.779999999999745,96.96000000000004,1,2,1.0
3114,1,2334.54,1353.85,49.289999999999964,102.90000000000009,1,2,1.0
3114,2,2347.51,1740.26,28.759999999999764,96.82999999999993,1,2,1.0
3115,1,2333.78,1350.26,49.289999999999964,102.75999999999999,1,2,1.0
3115,2,2346.92,1736.22,28.73999999999978,96.70000000000005,1,2,1.0
3116,1,2333.03,1346.66,49.26999999999998,102.62999999999988,1,2,1.0
3116,2,2346.34,1732.19,28.7199999999998,96.55999999999995,1,2,1.0
3117,1,2332.27,1343.06,49.26000000000022,102.5,1,2,1.0
3117,2,2345.76,1728.15,28.699999999999818,96.42999999999984,1,2,1.0
3118,1,2331.52,1339.46,49.25,102.36999999999989,1,2,1.0
3118,2,2345.17,1724.11,28.690000000000055,96.30000000000018,1,2,1.0
3119,1,2330.77,1335.86,49.23000000000002,102.24000000000001,1,2,1.0
3119,2,2344.59,1720.07,28.659999999999854,96.17000000000007,1,2,1.0
3120,1,2330.01,1332.26,49.2199999999998,102.09999999999991,1,2,1.0
3120,2,2344.01,1716.03,28.639999999999873,96.03999999999996,1,2,1.0
3121,1,2329.26,1328.66,49.20999999999958,101.97000000000003,1,2,1.0
3121,2,2343.42,1712.0,28.63000000000011,95.8900000000001,1,2,1.0
3122,1,2328.43,1320.44,49.20000000000027,101.82999999999993,1,2,1.0
3122,2,2342.99,1702.65,28.610000000000127,95.76999999999998,1,2,1.0
3123,1,2327.61,1312.21,49.179999999999836,101.70000000000005,1,2,1.0
3123,2,2342.57,1693.31,28.58999999999969,95.63000000000011,1,2,1.0
3124,1,2326.78,1303.98,49.179999999999836,101.56999999999994,1,2,1.0
3124,2,2342.14,1683.96,28.570000000000164,95.5,1,2,1.0
3125,1,2325.96,1295.76,49.159999999999854,101.43000000000006,1,2,1.0
3125,2,2341.71,1674.62,28.550000000000182,95.36000000000013,1,2,1.0
3126,1,2325.13,1287.53,49.15000000000009,101.30999999999995,1,2,1.0
3126,2,2341.28,1665.27,28.529999999999745,95.23000000000002,1,2,1.0
3127,1,2324.41,1276.73,49.13000000000011,101.17000000000007,1,2,1.0
3127,2,2340.29,1653.51,28.51000000000022,95.09999999999991,1,2,1.0
3128,1,2323.68,1265.92,49.13000000000011,101.03999999999996,1,2,1.0
3128,2,2339.29,1641.74,28.5,94.97000000000003,1,2,1.0
3129,1,2322.96,1255.12,49.11000000000013,100.91000000000008,1,2,1.0
3129,2,2338.3,1629.98,28.480000000000018,94.82999999999993,1,2,1.0
3130,1,2322.23,1244.31,49.09999999999991,100.77999999999997,1,2,1.0
3130,2,2337.31,1618.21,28.450000000000273,94.71000000000004,1,2,1.0
3131,1,2321.51,1233.51,49.08999999999969,100.6400000000001,1,2,1.0
3131,2,2336.31,1606.45,28.440000000000055,94.56999999999994,1,2,1.0
3132,1,2320.78,1222.7,49.07999999999993,100.50999999999999,1,2,1.0
3132,2,2335.32,1594.69,28.419999999999618,94.42999999999984,1,2,1.0
3133,1,2320.06,1211.9,49.059999999999945,100.37999999999988,1,2,1.0
3133,2,2334.32,1582.92,28.399999999999636,94.29999999999995,1,2,1.0
3134,1,2319.33,1201.1,49.05000000000018,100.24000000000001,1,2,1.0
3134,2,2333.33,1571.16,28.38000000000011,94.16999999999985,1,2,1.0
3135,1,2318.77,1194.96,49.0300000000002,100.1099999999999,1,2,1.0
3135,2,2332.97,1564.82,28.360000000000127,94.03999999999996,1,2,1.0
3136,1,2318.2,1188.83,49.0300000000002,99.98000000000002,1,2,1.0
3136,2,2332.61,1558.49,28.33999999999969,93.90000000000009,1,2,1.0
3137,1,2317.63,1182.69,49.01999999999998,99.84999999999991,1,2,1.0
3137,2,2332.25,1552.15,28.320000000000164,93.76999999999998,1,2,1.0
3138,1,2317.07,1176.56,49.0,99.71000000000004,1,2,1.0
3138,2,2331.89,1545.81,28.309999999999945,93.6400000000001,1,2,1.0
3139,1,2316.5,1170.42,48.98999999999978,99.57999999999993,1,2,1.0
3139,2,2331.53,1539.48,28.289999999999964,93.5,1,2,1.0
3140,1,2315.93,1164.29,48.98000000000002,99.44000000000005,1,2,1.0
3140,2,2331.17,1533.14,28.269999999999982,93.37999999999988,1,2,1.0
3141,1,2315.37,1158.15,48.960000000000036,99.31999999999994,1,2,1.0
3141,2,2330.81,1526.81,28.25,93.24000000000001,1,2,1.0
3142,1,2314.8,1152.02,48.94999999999982,99.18000000000006,1,2,1.0
3142,2,2330.45,1520.47,28.230000000000018,93.1099999999999,1,2,1.0
3143,1,2314.23,1145.88,48.940000000000055,99.04999999999995,1,2,1.0
3143,2,2330.08,1514.14,28.220000000000255,92.9699999999998,1,2,1.0
3144,1,2313.67,1146.18,48.92000000000007,98.91999999999985,1,2,1.0
3144,2,2329.72,1514.34,28.200000000000273,92.84000000000015,1,2,1.0
3145,1,2313.1,1146.48,48.92000000000007,98.77999999999997,1,2,1.0
3145,2,2329.36,1514.54,28.179999999999836,92.71000000000004,1,2,1.0
3146,1,2312.53,1146.78,48.909999999999854,98.65000000000009,1,2,1.0
3146,2,2329.0,1514.75,28.159999999999854,92.56999999999994,1,2,1.0
3147,1,2311.97,1147.07,48.89000000000033,98.51999999999998,1,2,1.0
3147,2,2328.64,1514.95,28.140000000000327,92.44000000000005,1,2,1.0
3148,1,2311.4,1147.37,48.88000000000011,98.3900000000001,1,2,1.0
3148,2,2328.28,1515.15,28.11999999999989,92.30999999999995,1,2,1.0
3149,1,2310.83,1147.67,48.86999999999989,98.25,1,2,1.0
3149,2,2327.92,1515.36,28.09999999999991,92.17000000000007,1,2,1.0
3150,1,2310.27,1147.97,48.84999999999991,98.11999999999989,1,2,1.0
3150,2,2327.56,1515.56,28.079999999999927,92.03999999999996,1,2,1.0
3151,1,2309.7,1148.27,48.840000000000146,97.98000000000002,1,2,1.0
3151,2,2327.2,1515.76,28.0600000000004,91.91000000000008,1,2,1.0
3152,1,2309.13,1148.56,48.82999999999993,97.86000000000013,1,2,1.0
3152,2,2326.84,1515.97,28.049999999999727,91.76999999999998,1,2,1.0
3153,1,2308.57,1149.41,48.809999999999945,97.72000000000003,1,2,1.0
3153,2,2326.48,1516.17,28.0300000000002,91.64999999999986,1,2,1.0
3154,1,2308.0,1150.26,48.809999999999945,97.58999999999992,1,2,1.0
3154,2,2326.12,1516.37,28.01000000000022,91.52000000000021,1,2,1.0
3155,1,2307.43,1151.1,48.80000000000018,97.46000000000004,1,2,1.0
3155,2,2325.76,1516.58,27.98999999999978,91.38000000000011,1,2,1.0
3156,1,2306.87,1151.95,48.7800000000002,97.32999999999993,1,2,1.0
3156,2,2325.4,1516.78,27.9699999999998,91.25,1,2,1.0
3157,1,2306.3,1152.8,48.76999999999998,97.19000000000005,1,2,1.0
3157,2,2325.04,1516.98,27.949999999999818,91.11999999999989,1,2,1.0
3158,1,2305.73,1153.65,48.75999999999976,97.04999999999995,1,2,1.0
3158,2,2324.68,1517.19,27.93000000000029,90.98000000000002,1,2,1.0
3159,1,2305.17,1154.49,48.73999999999978,96.93000000000006,1,2,1.0
3159,2,2324.32,1517.39,27.909999999999854,90.84999999999991,1,2,1.0
3160,1,2304.6,1155.34,48.73000000000002,96.79000000000019,1,2,1.0
3160,2,2323.96,1517.59,27.889999999999873,90.72000000000003,1,2,1.0
3161,1,2304.03,1156.19,48.7199999999998,96.65999999999985,1,2,1.0
3161,2,2323.6,1517.8,27.86999999999989,90.58000000000015,1,2,1.0
3162,1,2303.47,1156.65,48.710000000000036,96.51999999999998,1,2,1.0
3162,2,2323.24,1518.0,27.850000000000364,90.45000000000005,1,2,1.0
3163,1,2302.9,1157.1,48.69999999999982,96.40000000000009,1,2,1.0
3163,2,2322.88,1518.2,27.829999999999927,90.31999999999994,1,2,1.0
3164,1,2302.33,1157.56,48.690000000000055,96.25999999999999,1,2,1.0
3164,2,2322.51,1518.41,27.81999999999971,90.17999999999984,1,2,1.0
3165,1,2301.77,1158.02,48.67000000000007,96.13000000000011,1,2,1.0
3165,2,2322.15,1518.61,27.799999999999727,90.05000000000018,1,2,1.0
3166,1,2301.2,1158.48,48.66000000000031,95.99000000000001,1,2,1.0
3166,2,2321.79,1518.81,27.789999999999964,89.92000000000007,1,2,1.0
3167,1,2300.63,1158.94,48.65000000000009,95.8599999999999,1,2,1.0
3167,2,2321.43,1519.02,27.769999999999982,89.77999999999997,1,2,1.0
3168,1,2300.07,1159.4,48.629999999999654,95.73000000000002,1,2,1.0
3168,2,2321.07,1519.22,27.75,89.64999999999986,1,2,1.0
3169,1,2299.5,1159.85,48.61999999999989,95.60000000000014,1,2,1.0
3169,2,2320.71,1519.42,27.730000000000018,89.51999999999998,1,2,1.0
3170,1,2298.93,1160.31,48.61000000000013,95.47000000000003,1,2,1.0
3170,2,2320.35,1519.63,27.710000000000036,89.37999999999988,1,2,1.0
3171,1,2298.37,1160.77,48.59999999999991,95.32999999999993,1,2,1.0
3171,2,2319.99,1519.83,27.690000000000055,89.25,1,2,1.0
3172,1,2297.8,1161.23,48.58999999999969,95.20000000000005,1,2,1.0
3172,2,2319.63,1520.04,27.670000000000073,89.11000000000013,1,2,1.0
3173,1,2297.23,1161.69,48.57999999999993,95.05999999999995,1,2,1.0
3173,2,2319.27,1520.24,27.65000000000009,88.99000000000001,1,2,1.0
3174,1,2296.67,1162.14,48.559999999999945,94.93999999999983,1,2,1.0
3174,2,2318.91,1520.44,27.63000000000011,88.8599999999999,1,2,1.0
3175,1,2296.1,1162.6,48.55000000000018,94.80000000000018,1,2,1.0
3175,2,2318.55,1520.65,27.609999999999673,88.7199999999998,1,2,1.0
3176,1,2295.53,1163.06,48.539999999999964,94.67000000000007,1,2,1.0
3176,2,2318.19,1520.85,27.590000000000146,88.59000000000015,1,2,1.0
3177,1,2294.97,1163.52,48.51999999999998,94.52999999999997,1,2,1.0
3177,2,2317.83,1521.05,27.570000000000164,88.46000000000004,1,2,1.0
3178,1,2294.4,1163.98,48.50999999999976,94.40000000000009,1,2,1.0
3178,2,2317.47,1521.26,27.550000000000182,88.31999999999994,1,2,1.0
3179,1,2293.83,1164.44,48.5,94.26999999999998,1,2,1.0
3179,2,2317.11,1521.46,27.529999999999745,88.19000000000005,1,2,1.0
3180,1,2293.27,1164.89,48.49000000000024,94.13999999999987,1,2,1.0
3180,2,2316.75,1521.66,27.519999999999982,88.05999999999995,1,2,1.0
3181,1,2292.7,1165.35,48.48000000000002,94.00999999999999,1,2,1.0
3181,2,2316.39,1521.87,27.5,87.92000000000007,1,2,1.0
3182,1,2292.13,1165.81,48.4699999999998,93.87000000000012,1,2,1.0
3182,2,2316.03,1522.07,27.480000000000018,87.78999999999996,1,2,1.0
3183,1,2291.57,1166.27,48.44999999999982,93.74000000000001,1,2,1.0
3183,2,2315.67,1522.27,27.460000000000036,87.66000000000008,1,2,1.0
3184,1,2291.0,1166.73,48.440000000000055,93.59999999999991,1,2,1.0
3184,2,2315.31,1522.48,27.440000000000055,87.51999999999998,1,2,1.0
3185,1,2290.43,1167.19,48.43000000000029,93.47000000000003,1,2,1.0
3185,2,2314.94,1522.68,27.429999999999836,87.38999999999987,1,2,1.0
3186,1,2289.87,1167.64,48.41000000000031,93.33999999999992,1,2,1.0
3186,2,2314.58,1522.88,27.409999999999854,87.25999999999999,1,2,1.0
3187,1,2289.3,1168.1,48.399999999999636,93.21000000000004,1,2,1.0
3187,2,2314.22,1523.09,27.390000000000327,87.12000000000012,1,2,1.0
3188,1,2288.73,1168.56,48.38999999999987,93.08000000000015,1,2,1.0
3188,2,2313.86,1523.29,27.36999999999989,86.99000000000001,1,2,1.0
3189,1,2288.17,1169.02,48.38000000000011,92.94000000000005,1,2,1.0
3189,2,2313.5,1523.49,27.34999999999991,86.8599999999999,1,2,1.0
3190,1,2287.6,1169.75,48.36999999999989,92.80999999999995,1,2,1.0
3190,2,2313.14,1523.7,27.329999999999927,86.72000000000003,1,2,1.0
3191,1,2287.03,1170.47,48.35999999999967,92.68000000000006,1,2,1.0
3191,2,2312.78,1523.9,27.309999999999945,86.58999999999992,1,2,1.0
3192,1,2286.47,1171.2,48.340000000000146,92.54999999999995,1,2,1.0
3192,2,2312.42,1524.1,27.289999999999964,86.47000000000003,1,2,1.0
3193,1,2285.9,1171.93,48.32999999999993,92.40999999999985,1,2,1.0
3193,2,2312.06,1524.31,27.269999999999982,86.33000000000015,1,2,1.0
3194,1,2285.33,1172.66,48.320000000000164,92.27999999999997,1,2,1.0
3194,2,2311.7,1524.51,27.26000000000022,86.20000000000005,1,2,1.0
3195,1,2284.77,1173.38,48.30000000000018,92.14999999999986,1,2,1.0
3195,2,2311.34,1524.71,27.23999999999978,86.06999999999994,1,2,1.0
3196,1,2284.2,1174.11,48.289999999999964,92.02000000000021,1,2,1.0
3196,2,2310.98,1524.92,27.2199999999998,85.92999999999984,1,2,1.0
3197,1,2283.63,1174.84,48.289999999999964,91.88000000000011,1,2,1.0
3197,2,2310.62,1525.12,27.200000000000273,85.80000000000018,1,2,1.0
3198,1,2283.07,1175.57,48.26999999999998,91.75,1,2,1.0
3198,2,2310.26,1525.32,27.179999999999836,85.67000000000007,1,2,1.0
3199,1,2282.5,1176.3,48.26000000000022,91.61000000000013,1,2,1.0
3199,2,2309.9,1525.53,27.159999999999854,85.52999999999997,1,2,1.0
3200,1,2281.93,1177.02,48.25,91.49000000000001,1,2,1.0
3200,2,2309.54,1525.73,27.139999999999873,85.40000000000009,1,2,1.0
3201,1,2281.37,1177.75,48.23000000000002,91.34999999999991,1,2,1.0
3201,2,2309.18,1525.93,27.120000000000346,85.26999999999998,1,2,1.0
3202,1,2280.77,1178.3,48.38999999999987,91.46000000000004,1,2,1.0
3202,2,2308.91,1526.09,27.079999999999927,85.12000000000012,1,2,1.0
3203,1,2280.17,1178.84,48.54999999999973,91.58000000000015,1,2,1.0
3203,2,2308.65,1526.24,27.039999999999964,84.98000000000002,1,2,1.0
3204,1,2279.57,1179.39,48.710000000000036,91.68999999999983,1,2,1.0
3204,2,2308.39,1526.39,26.990000000000236,84.83999999999992,1,2,1.0
3205,1,2278.97,1179.93,48.870000000000346,91.80999999999995,1,2,1.0
3205,2,2308.13,1526.55,26.949999999999818,84.69000000000005,1,2,1.0
3206,1,2278.37,1180.48,49.0300000000002,91.92000000000007,1,2,1.0
3206,2,2307.87,1526.7,26.90000000000009,84.54999999999995,1,2,1.0
3207,1,2277.76,1181.02,49.19999999999982,92.03999999999996,1,2,1.0
3207,2,2307.6,1526.85,26.860000000000127,84.41000000000008,1,2,1.0
3208,1,2277.16,1181.57,49.36000000000013,92.15000000000009,1,2,1.0
3208,2,2307.34,1527.0,26.81999999999971,84.26999999999998,1,2,1.0
3209,1,2276.56,1182.11,49.51999999999998,92.27000000000021,1,2,1.0
3209,2,2307.08,1527.16,26.769999999999982,84.11999999999989,1,2,1.0
3210,1,2275.96,1182.66,49.679999999999836,92.37999999999988,1,2,1.0
3210,2,2306.82,1527.31,26.730000000000018,83.98000000000002,1,2,1.0
3211,1,2275.36,1183.2,49.83999999999969,92.5,1,2,1.0
3211,2,2306.56,1527.46,26.679999999999836,83.83999999999992,1,2,1.0
3212,1,2274.76,1183.75,50.0,92.6099999999999,1,2,1.0
3212,2,2306.29,1527.62,26.639999999999873,83.69000000000005,1,2,1.0
3213,1,2274.16,1184.29,50.16000000000031,92.73000000000002,1,2,1.0
3213,2,2306.03,1527.77,26.59999999999991,83.54999999999995,1,2,1.0
3214,1,2273.56,1184.84,50.320000000000164,92.84000000000015,1,2,1.0
3214,2,2305.77,1527.92,26.550000000000182,83.40999999999985,1,2,1.0
3215,1,2272.96,1185.38,50.48000000000002,92.95999999999981,1,2,1.0
3215,2,2305.51,1528.07,26.509999999999764,83.26999999999998,1,2,1.0
3216,1,2272.36,1185.93,50.63999999999987,93.06999999999994,1,2,1.0
3216,2,2305.25,1528.23,26.460000000000036,83.11999999999989,1,2,1.0
3217,1,2271.8,1186.45,50.69999999999982,93.0,1,2,1.0
3217,2,2304.98,1528.38,26.420000000000073,82.97999999999979,1,2,1.0
3218,1,2271.25,1186.98,50.75,92.92000000000007,1,2,1.0
3218,2,2304.72,1528.53,26.38000000000011,82.83999999999992,1,2,1.0
3219,1,2270.69,1187.5,50.79999999999973,92.84999999999991,1,2,1.0
3219,2,2304.46,1528.69,26.329999999999927,82.69000000000005,1,2,1.0
3220,1,2270.13,1188.02,50.85999999999967,92.77999999999997,1,2,1.0
3220,2,2304.2,1528.84,26.289999999999964,82.55000000000018,1,2,1.0
3221,1,2269.57,1188.55,50.91999999999962,92.70000000000005,1,2,1.0
3221,2,2303.94,1528.99,26.23999999999978,82.41000000000008,1,2,1.0
3222,1,2269.02,1189.07,50.9699999999998,92.63000000000011,1,2,1.0
3222,2,2303.67,1529.14,26.199999999999818,82.26999999999998,1,2,1.0
3223,1,2268.46,1189.6,51.01999999999998,92.55000000000018,1,2,1.0
3223,2,2303.41,1529.3,26.16000000000031,82.12000000000012,1,2,1.0
3224,1,2267.9,1190.12,51.07999999999993,92.48000000000002,1,2,1.0
3224,2,2303.15,1529.45,26.110000000000127,81.98000000000002,1,2,1.0
3225,1,2267.35,1190.65,51.13000000000011,92.39999999999986,1,2,1.0
3225,2,2302.89,1529.6,26.070000000000164,81.84000000000015,1,2,1.0
3226,1,2266.79,1191.17,51.190000000000055,92.32999999999993,1,2,1.0
3226,2,2302.62,1529.76,26.0300000000002,81.69000000000005,1,2,1.0
3227,1,2266.23,1191.69,51.25,92.25999999999999,1,2,1.0
3227,2,2302.36,1529.91,25.980000000000018,81.54999999999995,1,2,1.0
3228,1,2265.67,1192.22,51.29999999999973,92.18000000000006,1,2,1.0
3228,2,2302.1,1530.06,25.940000000000055,81.41000000000008,1,2,1.0
3229,1,2265.12,1192.74,51.34999999999991,92.1099999999999,1,2,1.0
3229,2,2301.84,1530.21,25.889999999999873,81.26999999999998,1,2,1.0
3230,1,2264.56,1193.27,51.409999999999854,92.02999999999997,1,2,1.0
3230,2,2301.58,1530.37,25.84999999999991,81.12000000000012,1,2,1.0
3231,1,2264.0,1193.79,51.4699999999998,91.96000000000004,1,2,1.0
3231,2,2301.31,1530.52,25.809999999999945,80.98000000000002,1,2,1.0
3232,1,2263.45,1194.31,51.51999999999998,91.8900000000001,1,2,1.0
3232,2,2301.05,1530.67,25.759999999999764,80.83999999999992,1,2,1.0
3233,1,2262.89,1194.84,51.570000000000164,91.81000000000017,1,2,1.0
3233,2,2300.79,1530.83,25.720000000000255,80.69000000000005,1,2,1.0
3234,1,2262.33,1195.36,51.63000000000011,91.74000000000001,1,2,1.0
3234,2,2300.53,1530.98,25.669999999999618,80.54999999999995,1,2,1.0
3235,1,2261.78,1195.89,51.679999999999836,91.65999999999985,1,2,1.0
3235,2,2300.27,1531.13,25.63000000000011,80.40999999999985,1,2,1.0
3236,1,2261.22,1196.41,51.74000000000024,91.58999999999992,1,2,1.0
3236,2,2300.0,1531.29,25.590000000000146,80.25999999999999,1,2,1.0
3237,1,2260.66,1196.94,51.789999999999964,91.50999999999999,1,2,1.0
3237,2,2299.74,1531.44,25.54000000000042,80.11999999999989,1,2,1.0
3238,1,2260.1,1197.46,51.84999999999991,91.44000000000005,1,2,1.0
3238,2,2299.48,1531.59,25.5,79.98000000000002,1,2,1.0
3239,1,2259.55,1197.98,51.899999999999636,91.36999999999989,1,2,1.0
3239,2,2299.22,1531.74,25.450000000000273,79.83999999999992,1,2,1.0
3240,1,2258.99,1198.51,51.960000000000036,91.28999999999996,1,2,1.0
3240,2,2298.96,1531.9,25.409999999999854,79.68999999999983,1,2,1.0
3241,1,2258.43,1199.03,52.01999999999998,91.22000000000003,1,2,1.0
3241,2,2298.69,1532.05,25.36999999999989,79.54999999999995,1,2,1.0
3242,1,2257.88,1199.56,52.059999999999945,91.1400000000001,1,2,1.0
3242,2,2298.43,1532.2,25.320000000000164,79.40999999999985,1,2,1.0
3243,1,2257.02,1199.74,52.25,91.31999999999994,1,2,1.0
3243,2,2298.17,1532.36,25.279999999999745,79.25999999999999,1,2,1.0
3244,1,2256.17,1199.93,52.429999999999836,91.48000000000002,1,2,1.0
3244,2,2297.91,1532.51,25.230000000000018,79.12000000000012,1,2,1.0
3245,1,2255.32,1200.11,52.60999999999967,91.66000000000008,1,2,1.0
3245,2,2297.65,1532.66,25.190000000000055,78.98000000000002,1,2,1.0
3246,1,2254.46,1200.3,52.80000000000018,91.81999999999994,1,2,1.0
3246,2,2297.38,1532.81,25.15000000000009,78.84000000000015,1,2,1.0
3247,1,2253.61,1200.49,52.98000000000002,91.99000000000001,1,2,1.0
3247,2,2297.12,1532.97,25.09999999999991,78.69000000000005,1,2,1.0
3248,1,2252.76,1200.67,53.149999999999636,92.15999999999985,1,2,1.0
3248,2,2296.86,1533.12,25.059999999999945,78.55000000000018,1,2,1.0
3249,1,2251.91,1200.86,53.32999999999993,92.33000000000015,1,2,1.0
3249,2,2296.6,1533.27,25.01000000000022,78.41000000000008,1,2,1.0
3250,1,2251.05,1201.04,53.51999999999998,92.5,1,2,1.0
3250,2,2296.34,1533.43,24.9699999999998,78.25999999999999,1,2,1.0
3251,1,2250.2,1201.23,53.70000000000027,92.67000000000007,1,2,1.0
3251,2,2296.07,1533.58,24.929999999999836,78.12000000000012,1,2,1.0
3252,1,2249.97,1200.93,53.68000000000029,92.6099999999999,1,2,1.0
3252,2,2296.12,1533.14,24.920000000000073,78.11999999999989,1,2,1.0
3253,1,2249.74,1200.63,53.66000000000031,92.54999999999995,1,2,1.0
3253,2,2296.16,1532.7,24.93000000000029,78.11999999999989,1,2,1.0
3254,1,2249.52,1200.33,53.63000000000011,92.49000000000001,1,2,1.0
3254,2,2296.2,1532.26,24.93000000000029,78.13000000000011,1,2,1.0
3255,1,2249.29,1200.02,53.61000000000013,92.43000000000006,1,2,1.0
3255,2,2296.25,1531.83,24.920000000000073,78.12000000000012,1,2,1.0
3256,1,2249.06,1199.72,53.57999999999993,92.36999999999989,1,2,1.0
3256,2,2296.29,1531.39,24.929999999999836,78.11999999999989,1,2,1.0
3257,1,2248.83,1199.42,53.559999999999945,92.30999999999995,1,2,1.0
3257,2,2296.34,1530.95,24.920000000000073,78.11999999999989,1,2,1.0
3258,1,2248.6,1199.12,53.539999999999964,92.25,1,2,1.0
3258,2,2296.38,1530.51,24.929999999999836,78.13000000000011,1,2,1.0
3259,1,2248.37,1198.82,53.51999999999998,92.19000000000005,1,2,1.0
3259,2,2296.42,1530.08,24.929999999999836,78.12000000000012,1,2,1.0
3260,1,2248.15,1198.52,53.48999999999978,92.13000000000011,1,2,1.0
3260,2,2296.47,1529.64,24.920000000000073,78.11999999999989,1,2,1.0
3261,1,2247.92,1198.18,53.4699999999998,92.05999999999995,1,2,1.0
3261,2,2296.51,1529.18,24.929999999999836,78.12999999999988,1,2,1.0
3262,1,2247.69,1197.83,53.44999999999982,92.00999999999999,1,2,1.0
3262,2,2296.55,1528.73,24.929999999999836,78.11999999999989,1,2,1.0
3263,1,2247.46,1197.49,53.429999999999836,91.94000000000005,1,2,1.0
3263,2,2296.6,1528.28,24.920000000000073,78.12000000000012,1,2,1.0
3264,1,2247.23,1197.14,53.409999999999854,91.88999999999987,1,2,1.0
3264,2,2296.64,1527.83,24.93000000000029,78.12000000000012,1,2,1.0
3265,1,2247.0,1196.8,53.38999999999987,91.83000000000015,1,2,1.0
3265,2,2296.69,1527.37,24.920000000000073,78.12000000000012,1,2,1.0
3266,1,2246.78,1196.46,53.34999999999991,91.75999999999999,1,2,1.0
3266,2,2296.73,1526.92,24.929999999999836,78.11999999999989,1,2,1.0
3267,1,2246.55,1196.11,53.32999999999993,91.71000000000004,1,2,1.0
3267,2,2296.77,1526.47,24.929999999999836,78.11999999999989,1,2,1.0
3268,1,2246.32,1195.77,53.309999999999945,91.6400000000001,1,2,1.0
3268,2,2296.82,1526.01,24.919999999999618,78.13000000000011,1,2,1.0
3269,1,2246.09,1195.42,53.289999999999964,91.58999999999992,1,2,1.0
3269,2,2296.86,1525.56,24.929999999999836,78.12000000000012,1,2,1.0
3270,1,2245.86,1195.05,53.26999999999998,91.51999999999998,1,2,1.0
3270,2,2296.9,1524.89,24.929999999999836,78.12999999999988,1,2,1.0
3271,1,2245.63,1194.67,53.25,91.46000000000004,1,2,1.0
3271,2,2296.95,1524.23,24.920000000000073,78.11999999999989,1,2,1.0
3272,1,2245.41,1194.29,53.220000000000255,91.40000000000009,1,2,1.0
3272,2,2296.99,1523.56,24.93000000000029,78.12000000000012,1,2,1.0
3273,1,2245.18,1193.91,53.20000000000027,91.33999999999992,1,2,1.0
3273,2,2297.03,1522.9,24.929999999999836,78.11999999999989,1,2,1.0
3274,1,2244.95,1193.53,53.17000000000007,91.27999999999997,1,2,1.0
3274,2,2297.08,1522.23,24.93000000000029,78.11999999999989,1,2,1.0
3275,1,2244.72,1193.15,53.15000000000009,91.2199999999998,1,2,1.0
3275,2,2297.12,1521.56,24.93000000000029,78.13000000000011,1,2,1.0
3276,1,2244.49,1192.78,53.13000000000011,91.16000000000008,1,2,1.0
3276,2,2297.17,1520.9,24.920000000000073,78.11999999999989,1,2,1.0
3277,1,2244.26,1192.4,53.10999999999967,91.09999999999991,1,2,1.0
3277,2,2297.21,1520.23,24.929999999999836,78.11999999999989,1,2,1.0
3278,1,2244.04,1192.02,53.07999999999993,91.03999999999996,1,2,1.0
3278,2,2297.25,1519.57,24.929999999999836,78.12000000000012,1,2,1.0
3279,1,2243.81,1191.64,53.059999999999945,90.97999999999979,1,2,1.0
3279,2,2297.3,1518.9,24.919999999999618,78.11999999999989,1,2,1.0
3280,1,2243.2,1191.68,53.039999999999964,90.91999999999985,1,2,1.0
3280,2,2297.34,1519.72,24.929999999999836,78.11999999999989,1,2,1.0
3281,1,2242.6,1191.73,53.01000000000022,90.8599999999999,1,2,1.0
3281,2,2297.38,1520.53,24.929999999999836,78.12000000000012,1,2,1.0
3282,1,2241.99,1191.77,52.99000000000024,90.79999999999995,1,2,1.0
3282,2,2297.43,1521.35,24.920000000000073,78.12000000000012,1,2,1.0
3283,1,2241.38,1191.81,52.9699999999998,90.74000000000001,1,2,1.0
3283,2,2297.47,1522.16,24.93000000000029,78.12999999999988,1,2,1.0
3284,1,2240.78,1191.86,52.94999999999982,90.67000000000007,1,2,1.0
3284,2,2297.52,1522.98,24.920000000000073,78.11999999999989,1,2,1.0
3285,1,2240.17,1191.9,52.929999999999836,90.61999999999989,1,2,1.0
3285,2,2297.56,1523.8,24.929999999999836,78.12000000000012,1,2,1.0
3286,1,2240.08,1192.72,52.909999999999854,90.55999999999995,1,2,1.0
3286,2,2297.6,1524.61,24.93000000000029,78.12000000000012,1,2,1.0
3287,1,2240.0,1193.54,52.88000000000011,90.5,1,2,1.0
3287,2,2297.65,1525.43,24.920000000000073,78.11999999999989,1,2,1.0
3288,1,2239.91,1194.37,52.86000000000013,90.43000000000006,1,2,1.0
3288,2,2297.69,1526.24,24.929999999999836,78.12999999999988,1,2,1.0
3289,1,2239.82,1195.19,52.83999999999969,90.36999999999989,1,2,1.0
3289,2,2297.73,1527.06,24.929999999999836,78.12000000000012,1,2,1.0
3290,1,2239.74,1196.01,52.8100000000004,90.30999999999995,1,2,1.0
3290,2,2297.78,1527.88,24.919999999999618,78.11999999999989,1,2,1.0
3291,1,2239.65,1196.83,52.789999999999964,90.25999999999999,1,2,1.0
3291,2,2297.82,1528.69,24.929999999999836,78.11999999999989,1,2,1.0
3292,1,2239.56,1197.65,52.76999999999998,90.19999999999982,1,2,1.0
3292,2,2297.86,1529.51,24.929999999999836,78.12000000000012,1,2,1.0
3293,1,2239.48,1198.48,52.73999999999978,90.12999999999988,1,2,1.0
3293,2,2297.91,1530.32,24.93000000000029,78.13000000000011,1,2,1.0
3294,1,2239.39,1199.3,52.720000000000255,90.06999999999994,1,2,1.0
3294,2,2297.95,1531.14,24.93000000000029,78.11999999999989,1,2,1.0
3295,1,2239.3,1200.12,52.69999999999982,90.01000000000022,1,2,1.0
3295,2,2298.0,1531.96,24.920000000000073,78.11999999999989,1,2,1.0
3296,1,2239.22,1200.94,52.67000000000007,89.95000000000005,1,2,1.0
3296,2,2298.04,1532.77,24.929999999999836,78.12000000000012,1,2,1.0
3297,1,2239.13,1201.76,52.65000000000009,89.8900000000001,1,2,1.0
3297,2,2298.08,1533.59,24.93000000000029,78.12000000000012,1,2,1.0
3298,1,2239.04,1202.58,52.63000000000011,89.84000000000015,1,2,1.0
3298,2,2298.13,1534.41,24.920000000000073,78.11999999999989,1,2,1.0
3299,1,2238.96,1203.41,52.59999999999991,89.76999999999998,1,2,1.0
3299,2,2298.17,1535.22,24.929999999999836,78.11999999999989,1,2,1.0
3300,1,2238.87,1204.23,52.57999999999993,89.71000000000004,1,2,1.0
3300,2,2298.21,1536.04,24.929999999999836,78.12000000000012,1,2,1.0
3301,1,2238.78,1205.05,52.559999999999945,89.65000000000009,1,2,1.0
3301,2,2298.26,1536.85,24.919999999999618,78.13000000000011,1,2,1.0
3302,1,2238.24,1205.63,52.5600000000004,89.64999999999986,1,2,1.0
3302,2,2298.67,1537.29,24.9699999999998,78.13000000000011,1,2,1.0
3303,1,2237.71,1206.22,52.559999999999945,89.64999999999986,1,2,1.0
3303,2,2299.08,1537.74,25.01000000000022,78.11999999999989,1,2,1.0
3304,1,2237.17,1206.8,52.559999999999945,89.65000000000009,1,2,1.0
3304,2,2299.49,1538.18,25.0600000000004,78.11999999999989,1,2,1.0
3305,1,2236.63,1207.38,52.559999999999945,89.64999999999986,1,2,1.0
3305,2,2299.9,1538.62,25.09999999999991,78.12000000000012,1,2,1.0
3306,1,2236.09,1207.96,52.559999999999945,89.65999999999985,1,2,1.0
3306,2,2300.31,1539.06,25.139999999999873,78.12000000000012,1,2,1.0
3307,1,2235.55,1208.55,52.559999999999945,89.65000000000009,1,2,1.0
3307,2,2300.72,1539.5,25.190000000000055,78.13000000000011,1,2,1.0
3308,1,2235.37,1208.91,52.559999999999945,89.64999999999986,1,2,1.0
3308,2,2300.84,1539.58,25.230000000000018,78.69000000000005,1,2,1.0
3309,1,2235.19,1209.27,52.559999999999945,89.65000000000009,1,2,1.0
3309,2,2300.96,1539.65,25.279999999999745,79.26999999999998,1,2,1.0
3310,1,2235.01,1209.63,52.559999999999945,89.64999999999986,1,2,1.0
3310,2,2301.09,1539.73,25.31999999999971,79.83999999999992,1,2,1.0
3311,1,2234.82,1209.99,52.559999999999945,89.65000000000009,1,2,1.0
3311,2,2301.21,1539.81,25.360000000000127,80.40000000000009,1,2,1.0
3312,1,2234.64,1210.35,52.559999999999945,89.65000000000009,1,2,1.0
3312,2,2301.33,1539.88,25.409999999999854,80.97999999999979,1,2,1.0
3313,1,2234.46,1210.71,52.559999999999945,89.64999999999986,1,2,1.0
3313,2,2301.46,1539.96,25.449999999999818,81.54999999999995,1,2,1.0
3314,1,2234.28,1211.07,52.559999999999945,89.65000000000009,1,2,1.0
3314,2,2301.58,1540.04,25.490000000000236,82.11000000000013,1,2,1.0
3315,1,2234.09,1211.43,52.56999999999971,89.64999999999986,1,2,1.0
3315,2,2301.7,1540.11,25.539999999999964,82.69000000000005,1,2,1.0
3316,1,2233.74,1211.13,52.5600000000004,89.64999999999986,1,2,1.0
3316,2,2301.65,1539.83,25.579999999999927,82.56000000000017,1,2,1.0
3317,1,2233.38,1210.83,52.56999999999971,89.65000000000009,1,2,1.0
3317,2,2301.6,1539.54,25.63000000000011,82.44000000000005,1,2,1.0
3318,1,2233.03,1210.53,52.559999999999945,89.65000000000009,1,2,1.0
3318,2,2301.55,1539.26,25.669999999999618,82.30999999999995,1,2,1.0
3319,1,2232.67,1210.23,52.56999999999971,89.65000000000009,1,2,1.0
3319,2,2301.5,1538.97,25.710000000000036,82.19000000000005,1,2,1.0
3320,1,2232.32,1209.93,52.559999999999945,89.64999999999986,1,2,1.0
3320,2,2301.45,1538.69,25.76000000000022,82.05999999999995,1,2,1.0
3321,1,2231.96,1209.63,52.570000000000164,89.64999999999986,1,2,1.0
3321,2,2301.4,1538.4,25.799999999999727,81.93999999999983,1,2,1.0
3322,1,2231.61,1209.33,52.559999999999945,89.65000000000009,1,2,1.0
3322,2,2301.35,1538.12,25.840000000000146,81.80000000000018,1,2,1.0
3323,1,2231.25,1209.03,52.559999999999945,89.65000000000009,1,2,1.0
3323,2,2301.3,1537.83,25.889999999999873,81.68000000000006,1,2,1.0
3324,1,2230.9,1208.73,52.559999999999945,89.65000000000009,1,2,1.0
3324,2,2301.25,1537.55,25.929999999999836,81.54999999999995,1,2,1.0
3325,1,2230.54,1207.92,52.559999999999945,89.64999999999986,1,2,1.0
3325,2,2301.2,1536.59,25.970000000000255,81.43000000000006,1,2,1.0
3326,1,2230.19,1207.12,52.559999999999945,89.65000000000009,1,2,1.0
3326,2,2301.15,1535.64,26.019999999999982,81.29999999999995,1,2,1.0
3327,1,2229.83,1206.32,52.559999999999945,89.65000000000009,1,2,1.0
3327,2,2301.1,1534.68,26.059999999999945,81.17999999999984,1,2,1.0
3328,1,2229.48,1205.51,52.559999999999945,89.65000000000009,1,2,1.0
3328,2,2301.05,1533.72,26.09999999999991,81.05999999999995,1,2,1.0
3329,1,2229.12,1204.71,52.559999999999945,89.64999999999986,1,2,1.0
3329,2,2301.0,1532.77,26.15000000000009,80.93000000000006,1,2,1.0
3330,1,2228.77,1203.9,52.559999999999945,89.65999999999985,1,2,1.0
3330,2,2300.95,1531.81,26.190000000000055,80.79999999999995,1,2,1.0
3331,1,2228.41,1203.1,52.559999999999945,89.65000000000009,1,2,1.0
3331,2,2300.9,1530.86,26.230000000000018,80.67000000000007,1,2,1.0
3332,1,2228.06,1202.3,52.559999999999945,89.65000000000009,1,2,1.0
3332,2,2300.85,1529.9,26.2800000000002,80.54999999999995,1,2,1.0
3333,1,2227.7,1201.49,52.5600000000004,89.65000000000009,1,2,1.0
3333,2,2300.8,1528.94,26.31999999999971,80.42999999999984,1,2,1.0
3334,1,2227.35,1200.69,52.559999999999945,89.64999999999986,1,2,1.0
3334,2,2300.75,1527.99,26.360000000000127,80.29999999999995,1,2,1.0
3335,1,2226.99,1199.89,52.5600000000004,89.64999999999986,1,2,1.0
3335,2,2300.7,1527.03,26.41000000000031,80.18000000000006,1,2,1.0
3336,1,2226.64,1199.08,52.559999999999945,89.65000000000009,1,2,1.0
3336,2,2300.65,1526.08,26.449999999999818,80.03999999999996,1,2,1.0
3337,1,2226.28,1198.28,52.559999999999945,89.65000000000009,1,2,1.0
3337,2,2300.6,1525.12,26.490000000000236,79.92000000000007,1,2,1.0
3338,1,2225.93,1197.48,52.559999999999945,89.65000000000009,1,2,1.0
3338,2,2300.55,1524.16,26.539999999999964,79.79999999999995,1,2,1.0
3339,1,2225.57,1196.67,52.559999999999945,89.64999999999986,1,2,1.0
3339,2,2300.5,1523.21,26.579999999999927,79.67000000000007,1,2,1.0
3340,1,2225.22,1195.87,52.5600000000004,89.65000000000009,1,2,1.0
3340,2,2300.45,1522.25,26.620000000000346,79.54999999999995,1,2,1.0
3341,1,2224.86,1195.07,52.559999999999945,89.65000000000009,1,2,1.0
3341,2,2300.4,1521.3,26.670000000000073,79.42000000000007,1,2,1.0
3342,1,2224.51,1194.26,52.559999999999945,89.65000000000009,1,2,1.0
3342,2,2300.35,1520.34,26.710000000000036,79.29000000000019,1,2,1.0
3343,1,2224.15,1193.46,52.559999999999945,89.64999999999986,1,2,1.0
3343,2,2300.3,1519.38,26.75,79.16999999999985,1,2,1.0
3344,1,2223.8,1192.66,52.559999999999945,89.64999999999986,1,2,1.0
3344,2,2300.25,1518.43,26.800000000000182,79.03999999999996,1,2,1.0
3345,1,2223.44,1191.85,52.559999999999945,89.65000000000009,1,2,1.0
3345,2,2300.2,1517.47,26.840000000000146,78.92000000000007,1,2,1.0
3346,1,2223.09,1191.05,52.559999999999945,89.65000000000009,1,2,1.0
3346,2,2300.15,1516.52,26.88000000000011,78.78999999999996,1,2,1.0
3347,1,2222.73,1190.25,52.559999999999945,89.65000000000009,1,2,1.0
3347,2,2300.1,1515.56,26.93000000000029,78.67000000000007,1,2,1.0
3348,1,2222.38,1189.44,52.559999999999945,89.64999999999986,1,2,1.0
3348,2,2300.05,1514.61,26.9699999999998,78.5300000000002,1,2,1.0
3349,1,2222.02,1188.64,52.559999999999945,89.64999999999986,1,2,1.0
3349,2,2300.0,1513.65,27.01000000000022,78.40999999999985,1,2,1.0
3350,1,2221.66,1187.84,52.570000000000164,89.65000000000009,1,2,1.0
3350,2,2299.95,1512.69,27.0600000000004,78.28999999999996,1,2,1.0
3351,1,2221.31,1187.03,52.559999999999945,89.65000000000009,1,2,1.0
3351,2,2299.9,1511.74,27.09999999999991,78.16000000000008,1,2,1.0
3352,1,2220.92,1186.22,52.56999999999971,89.6099999999999,1,2,1.0
3352,2,2299.78,1510.8,27.2199999999998,78.18000000000006,1,2,1.0
3353,1,2220.52,1185.42,52.590000000000146,89.55999999999995,1,2,1.0
3353,2,2299.66,1509.86,27.340000000000146,78.20000000000005,1,2,1.0
3354,1,2220.13,1184.61,52.59999999999991,89.52000000000021,1,2,1.0
3354,2,2299.54,1508.92,27.460000000000036,78.23000000000002,1,2,1.0
3355,1,2219.74,1183.8,52.61000000000013,89.48000000000002,1,2,1.0
3355,2,2299.42,1507.98,27.579999999999927,78.25,1,2,1.0
3356,1,2219.34,1182.99,52.61999999999989,89.43000000000006,1,2,1.0
3356,2,2299.29,1507.04,27.710000000000036,78.26999999999998,1,2,1.0
3357,1,2218.95,1182.18,52.63000000000011,89.38999999999987,1,2,1.0
3357,2,2299.17,1506.1,27.829999999999927,78.29000000000019,1,2,1.0
3358,1,2218.56,1181.38,52.63999999999987,89.33999999999992,1,2,1.0
3358,2,2299.05,1505.16,27.949999999999818,78.30999999999995,1,2,1.0
3359,1,2218.16,1180.57,52.66000000000031,89.29999999999995,1,2,1.0
3359,2,2298.93,1504.22,28.070000000000164,78.33999999999992,1,2,1.0
3360,1,2217.77,1179.76,52.67000000000007,89.25999999999999,1,2,1.0
3360,2,2298.81,1503.29,28.190000000000055,78.35000000000014,1,2,1.0
3361,1,2217.38,1178.95,52.679999999999836,89.22000000000003,1,2,1.0
3361,2,2298.69,1502.35,28.309999999999945,78.37000000000012,1,2,1.0
3362,1,2216.99,1178.14,52.690000000000055,89.16999999999985,1,2,1.0
3362,2,2298.57,1501.41,28.429999999999836,78.38999999999987,1,2,1.0
3363,1,2216.59,1177.34,52.69999999999982,89.12000000000012,1,2,1.0
3363,2,2298.45,1500.47,28.550000000000182,78.41000000000008,1,2,1.0
3364,1,2216.2,1176.53,52.710000000000036,89.07999999999993,1,2,1.0
3364,2,2298.33,1499.53,28.670000000000073,78.44000000000005,1,2,1.0
3365,1,2215.81,1175.72,52.720000000000255,89.03999999999996,1,2,1.0
3365,2,2298.21,1498.59,28.789999999999964,78.46000000000004,1,2,1.0
3366,1,2215.41,1174.91,52.74000000000024,89.0,1,2,1.0
3366,2,2298.09,1497.65,28.909999999999854,78.48000000000002,1,2,1.0
3367,1,2215.02,1174.1,52.75,88.96000000000004,1,2,1.0
3367,2,2297.97,1496.71,29.0300000000002,78.5,1,2,1.0
3368,1,2214.63,1173.3,52.75999999999976,88.90000000000009,1,2,1.0
3368,2,2297.85,1495.77,29.15000000000009,78.51999999999998,1,2,1.0
3369,1,2214.23,1172.49,52.7800000000002,88.8599999999999,1,2,1.0
3369,2,2297.73,1494.83,29.269999999999982,78.55000000000018,1,2,1.0
3370,1,2213.84,1171.68,52.779999999999745,88.81999999999994,1,2,1.0
3370,2,2297.61,1493.89,29.389999999999873,78.56999999999994,1,2,1.0
3371,1,2213.45,1170.87,52.789999999999964,88.7800000000002,1,2,1.0
3371,2,2297.49,1492.96,29.51000000000022,78.57999999999993,1,2,1.0
3372,1,2213.05,1170.06,52.809999999999945,88.74000000000001,1,2,1.0
3372,2,2297.37,1492.02,29.63000000000011,78.59999999999991,1,2,1.0
3373,1,2212.66,1169.26,52.820000000000164,88.69000000000005,1,2,1.0
3373,2,2297.25,1491.08,29.75,78.62000000000012,1,2,1.0
3374,1,2212.27,1168.45,52.82999999999993,88.63999999999987,1,2,1.0
3374,2,2297.13,1490.14,29.86999999999989,78.64999999999986,1,2,1.0
3375,1,2211.87,1167.64,52.84999999999991,88.59999999999991,1,2,1.0
3375,2,2297.01,1489.2,29.98999999999978,78.66999999999985,1,2,1.0
3376,1,2211.48,1166.83,52.86000000000013,88.56000000000017,1,2,1.0
3376,2,2296.89,1488.26,30.110000000000127,78.69000000000005,1,2,1.0
3377,1,2211.09,1166.02,52.85999999999967,88.51999999999998,1,2,1.0
3377,2,2296.77,1487.32,30.230000000000018,78.71000000000004,1,2,1.0
3378,1,2210.7,1165.21,52.870000000000346,88.48000000000002,1,2,1.0
3378,2,2296.65,1486.38,30.34999999999991,78.72999999999979,1,2,1.0
3379,1,2210.3,1164.41,52.88999999999987,88.42999999999984,1,2,1.0
3379,2,2296.53,1485.44,30.4699999999998,78.75999999999999,1,2,1.0
3380,1,2209.91,1163.6,52.90000000000009,88.38000000000011,1,2,1.0
3380,2,2296.41,1484.5,30.590000000000146,78.77999999999997,1,2,1.0
3381,1,2209.52,1162.79,52.909999999999854,88.34000000000015,1,2,1.0
3381,2,2296.29,1483.56,30.710000000000036,78.79999999999995,1,2,1.0
3382,1,2209.12,1161.98,52.93000000000029,88.29999999999995,1,2,1.0
3382,2,2296.17,1482.63,30.829999999999927,78.80999999999995,1,2,1.0
3383,1,2208.73,1161.17,52.940000000000055,88.25999999999999,1,2,1.0
3383,2,2296.05,1481.69,30.949999999999818,78.82999999999993,1,2,1.0
3384,1,2208.34,1160.37,52.940000000000055,88.21000000000004,1,2,1.0
3384,2,2295.93,1480.75,31.070000000000164,78.8599999999999,1,2,1.0
3385,1,2207.94,1159.56,52.960000000000036,88.17000000000007,1,2,1.0
3385,2,2295.81,1479.81,31.190000000000055,78.88000000000011,1,2,1.0
3386,1,2207.55,1158.75,52.9699999999998,88.11999999999989,1,2,1.0
3386,2,2295.69,1478.87,31.309999999999945,78.90000000000009,1,2,1.0
3387,1,2207.16,1157.94,52.98000000000002,88.07999999999993,1,2,1.0
3387,2,2295.57,1477.93,31.429999999999836,78.91999999999985,1,2,1.0
3388,1,2206.76,1157.13,53.0,88.03999999999996,1,2,1.0
3388,2,2295.45,1476.99,31.550000000000182,78.94000000000005,1,2,1.0
3389,1,2206.37,1156.33,53.01000000000022,87.99000000000001,1,2,1.0
3389,2,2295.33,1476.05,31.670000000000073,78.97000000000003,1,2,1.0
3390,1,2205.98,1155.52,53.01999999999998,87.95000000000005,1,2,1.0
3390,2,2295.21,1475.11,31.789999999999964,78.99000000000001,1,2,1.0
3391,1,2205.58,1154.71,53.0300000000002,87.90999999999985,1,2,1.0
3391,2,2295.09,1474.17,31.909999999999854,79.00999999999999,1,2,1.0
3392,1,2205.19,1153.9,53.039999999999964,87.8599999999999,1,2,1.0
3392,2,2294.97,1473.23,32.0300000000002,79.02999999999997,1,2,1.0
3393,1,2204.8,1153.09,53.04999999999973,87.82000000000016,1,2,1.0
3393,2,2294.85,1472.3,32.15000000000009,79.03999999999996,1,2,1.0
3394,1,2204.41,1152.29,53.059999999999945,87.76999999999998,1,2,1.0
3394,2,2294.73,1471.36,32.26999999999998,79.07000000000016,1,2,1.0
3395,1,2204.01,1151.48,53.07999999999993,87.73000000000002,1,2,1.0
3395,2,2294.61,1470.42,32.38999999999987,79.08999999999992,1,2,1.0
3396,1,2203.62,1150.67,53.090000000000146,87.68999999999983,1,2,1.0
3396,2,2294.49,1469.48,32.51000000000022,79.1099999999999,1,2,1.0
3397,1,2203.23,1149.86,53.09999999999991,87.65000000000009,1,2,1.0
3397,2,2294.37,1468.54,32.63000000000011,79.13000000000011,1,2,1.0
3398,1,2202.83,1149.05,53.11000000000013,87.60000000000014,1,2,1.0
3398,2,2294.25,1467.6,32.75,79.15000000000009,1,2,1.0
3399,1,2202.44,1148.25,53.11999999999989,87.54999999999995,1,2,1.0
3399,2,2294.13,1466.66,32.86999999999989,79.17999999999984,1,2,1.0
3400,1,2202.05,1147.44,53.129999999999654,87.50999999999999,1,2,1.0
3400,2,2294.01,1465.72,32.98999999999978,79.20000000000005,1,2,1.0
3401,1,2201.65,1146.63,53.15000000000009,87.4699999999998,1,2,1.0
3401,2,2293.89,1464.78,33.11000000000013,79.22000000000003,1,2,1.0
3402,1,2201.29,1145.88,53.159999999999854,87.44999999999982,1,2,1.0
3402,2,2293.67,1463.89,33.25999999999976,79.15999999999985,1,2,1.0
3403,1,2200.92,1145.12,53.179999999999836,87.43000000000006,1,2,1.0
3403,2,2293.46,1463.0,33.38999999999987,79.09999999999991,1,2,1.0
3404,1,2200.56,1144.37,53.190000000000055,87.41000000000008,1,2,1.0
3404,2,2293.24,1462.11,33.54000000000042,79.04000000000019,1,2,1.0
3405,1,2200.19,1143.62,53.210000000000036,87.38000000000011,1,2,1.0
3405,2,2293.02,1461.23,33.690000000000055,78.97000000000003,1,2,1.0
3406,1,2199.83,1142.86,53.220000000000255,87.37000000000012,1,2,1.0
3406,2,2292.81,1460.34,33.82999999999993,78.91000000000008,1,2,1.0
3407,1,2199.46,1142.11,53.23999999999978,87.34000000000015,1,2,1.0
3407,2,2292.59,1459.45,33.9699999999998,78.8599999999999,1,2,1.0
3408,1,2199.09,1141.36,53.25999999999976,87.32000000000016,1,2,1.0
3408,2,2292.38,1458.56,34.10999999999967,78.79999999999995,1,2,1.0
3409,1,2198.73,1140.6,53.26999999999998,87.30000000000018,1,2,1.0
3409,2,2292.16,1457.67,34.26000000000022,78.74000000000001,1,2,1.0
3410,1,2198.36,1139.85,53.29999999999973,87.2800000000002,1,2,1.0
3410,2,2291.94,1456.78,34.40000000000009,78.68000000000006,1,2,1.0
3411,1,2198.0,1139.1,53.309999999999945,87.25,1,2,1.0
3411,2,2291.73,1455.89,34.539999999999964,78.61999999999989,1,2,1.0
3412,1,2197.63,1138.34,53.32999999999993,87.24000000000001,1,2,1.0
3412,2,2291.51,1455.0,34.6899999999996,78.55999999999995,1,2,1.0
3413,1,2197.27,1137.59,53.340000000000146,87.21000000000004,1,2,1.0
3413,2,2291.3,1454.11,34.82999999999993,78.5,1,2,1.0
3414,1,2196.9,1136.83,53.36000000000013,87.20000000000005,1,2,1.0
3414,2,2291.08,1453.22,34.970000000000255,78.44000000000005,1,2,1.0
3415,1,2196.54,1136.08,53.36999999999989,87.17000000000007,1,2,1.0
3415,2,2290.86,1452.34,35.11999999999989,78.37000000000012,1,2,1.0
3416,1,2196.17,1135.33,53.38999999999987,87.15000000000009,1,2,1.0
3416,2,2290.65,1451.45,35.25999999999976,78.30999999999995,1,2,1.0
3417,1,2195.8,1134.57,53.409999999999854,87.13000000000011,1,2,1.0
3417,2,2290.43,1450.56,35.40000000000009,78.25,1,2,1.0
3418,1,2195.44,1133.82,53.42000000000007,87.11000000000013,1,2,1.0
3418,2,2290.21,1449.67,35.55000000000018,78.18999999999983,1,2,1.0
3419,1,2195.07,1133.07,53.440000000000055,87.08000000000015,1,2,1.0
3419,2,2290.0,1448.78,35.690000000000055,78.1400000000001,1,2,1.0
3420,1,2194.71,1132.31,53.44999999999982,87.07000000000016,1,2,1.0
3420,2,2289.78,1447.89,35.83999999999969,78.07999999999993,1,2,1.0
3421,1,2194.34,1131.56,53.4699999999998,87.03999999999996,1,2,1.0
3421,2,2289.57,1447.0,35.9699999999998,78.01999999999998,1,2,1.0
3422,1,2193.98,1130.81,53.48000000000002,87.01999999999998,1,2,1.0
3422,2,2289.35,1446.11,36.11999999999989,77.96000000000004,1,2,1.0
3423,1,2193.61,1130.05,53.5,87.0,1,2,1.0
3423,2,2289.13,1445.22,36.26999999999998,77.89999999999986,1,2,1.0
3424,1,2193.25,1129.3,53.51000000000022,86.98000000000002,1,2,1.0
3424,2,2288.92,1444.33,36.40000000000009,77.84000000000015,1,2,1.0
3425,1,2192.88,1128.55,53.529999999999745,86.95000000000005,1,2,1.0
3425,2,2288.7,1443.44,36.55000000000018,77.77999999999997,1,2,1.0
3426,1,2192.51,1127.79,53.54999999999973,86.94000000000005,1,2,1.0
3426,2,2288.49,1442.56,36.690000000000055,77.71000000000004,1,2,1.0
3427,1,2192.15,1127.04,53.559999999999945,86.91000000000008,1,2,1.0
3427,2,2288.27,1441.67,36.840000000000146,77.64999999999986,1,2,1.0
3428,1,2191.78,1126.29,53.58999999999969,86.8900000000001,1,2,1.0
3428,2,2288.05,1440.78,36.98000000000002,77.58999999999992,1,2,1.0
3429,1,2191.42,1125.53,53.59999999999991,86.87000000000012,1,2,1.0
3429,2,2287.84,1439.89,37.11999999999989,77.52999999999997,1,2,1.0
3430,1,2191.05,1124.78,53.61999999999989,86.85000000000014,1,2,1.0
3430,2,2287.62,1439.0,37.26999999999998,77.47000000000003,1,2,1.0
3431,1,2190.69,1124.03,53.63000000000011,86.81999999999994,1,2,1.0
3431,2,2287.4,1438.11,37.409999999999854,77.42000000000007,1,2,1.0
3432,1,2190.32,1123.27,53.649999999999636,86.80999999999995,1,2,1.0
3432,2,2287.19,1437.22,37.54999999999973,77.3599999999999,1,2,1.0
3433,1,2189.96,1122.52,53.659999999999854,86.77999999999997,1,2,1.0
3433,2,2286.97,1436.33,37.70000000000027,77.30000000000018,1,2,1.0
3434,1,2189.59,1121.77,53.679999999999836,86.75999999999999,1,2,1.0
3434,2,2286.76,1435.44,37.82999999999993,77.24000000000001,1,2,1.0
3435,1,2189.23,1121.01,53.690000000000055,86.74000000000001,1,2,1.0
3435,2,2286.54,1434.55,37.98000000000002,77.18000000000006,1,2,1.0
3436,1,2188.86,1120.26,53.710000000000036,86.72000000000003,1,2,1.0
3436,2,2286.32,1433.66,38.129999999999654,77.11999999999989,1,2,1.0
3437,1,2188.49,1119.51,53.73000000000002,86.69000000000005,1,2,1.0
3437,2,2286.11,1432.78,38.26999999999998,77.04999999999995,1,2,1.0
3438,1,2188.13,1118.75,53.73999999999978,86.68000000000006,1,2,1.0
3438,2,2285.89,1431.89,38.41000000000031,76.99000000000001,1,2,1.0
3439,1,2187.76,1118.0,53.75999999999976,86.65000000000009,1,2,1.0
3439,2,2285.68,1431.0,38.55000000000018,76.93000000000006,1,2,1.0
3440,1,2187.4,1117.25,53.76999999999998,86.63000000000011,1,2,1.0
3440,2,2285.46,1430.11,38.69999999999982,76.87000000000012,1,2,1.0
3441,1,2187.03,1116.49,53.789999999999964,86.6099999999999,1,2,1.0
3441,2,2285.24,1429.22,38.840000000000146,76.80999999999995,1,2,1.0
3442,1,2186.67,1115.74,53.79999999999973,86.58999999999992,1,2,1.0
3442,2,2285.03,1428.33,38.98000000000002,76.75,1,2,1.0
3443,1,2186.3,1114.98,53.81999999999971,86.56999999999994,1,2,1.0
3443,2,2284.81,1427.44,39.13000000000011,76.70000000000005,1,2,1.0
3444,1,2185.94,1114.23,53.82999999999993,86.54999999999995,1,2,1.0
3444,2,2284.59,1426.55,39.279999999999745,76.6400000000001,1,2,1.0
3445,1,2185.57,1113.48,53.84999999999991,86.51999999999998,1,2,1.0
3445,2,2284.38,1425.66,39.409999999999854,76.57999999999993,1,2,1.0
3446,1,2185.2,1112.72,53.88000000000011,86.50999999999999,1,2,1.0
3446,2,2284.16,1424.77,39.559999999999945,76.51999999999998,1,2,1.0
3447,1,2184.84,1111.97,53.88999999999987,86.48000000000002,1,2,1.0
3447,2,2283.95,1423.88,39.70000000000027,76.45999999999981,1,2,1.0
3448,1,2184.47,1111.22,53.91000000000031,86.46000000000004,1,2,1.0
3448,2,2283.73,1423.0,39.840000000000146,76.3900000000001,1,2,1.0
3449,1,2184.11,1110.46,53.92000000000007,86.44000000000005,1,2,1.0
3449,2,2283.51,1422.11,39.98999999999978,76.33000000000015,1,2,1.0
3450,1,2183.74,1109.71,53.940000000000055,86.42000000000007,1,2,1.0
3450,2,2283.3,1421.22,40.129999999999654,76.26999999999998,1,2,1.0
3451,1,2183.38,1108.96,53.94999999999982,86.38999999999987,1,2,1.0
3451,2,2283.08,1420.33,40.2800000000002,76.21000000000004,1,2,1.0
3452,1,2183.01,1108.2,53.9699999999998,86.37999999999988,1,2,1.0
3452,2,2282.87,1419.44,40.41000000000031,76.14999999999986,1,2,1.0
3453,1,2182.65,1107.45,53.98000000000002,86.34999999999991,1,2,1.0
3453,2,2282.65,1418.55,40.559999999999945,76.09000000000015,1,2,1.0
3454,1,2182.28,1106.7,54.0,86.32999999999993,1,2,1.0
3454,2,2282.43,1417.66,40.710000000000036,76.02999999999997,1,2,1.0
3455,1,2181.91,1105.94,54.01999999999998,86.30999999999995,1,2,1.0
3455,2,2282.22,1416.77,40.840000000000146,75.98000000000002,1,2,1.0
3456,1,2181.55,1105.19,54.029999999999745,86.28999999999996,1,2,1.0
3456,2,2282.0,1415.88,40.98999999999978,75.91999999999985,1,2,1.0
3457,1,2181.18,1104.44,54.05000000000018,86.25999999999999,1,2,1.0
3457,2,2281.78,1414.99,41.13999999999987,75.8599999999999,1,2,1.0
3458,1,2180.82,1103.68,54.059999999999945,86.25,1,2,1.0
3458,2,2281.57,1414.1,41.279999999999745,75.80000000000018,1,2,1.0
3459,1,2180.45,1102.93,54.08000000000038,86.22000000000003,1,2,1.0
3459,2,2281.35,1413.22,41.42000000000007,75.73000000000002,1,2,1.0
3460,1,2180.09,1102.18,54.08999999999969,86.20000000000005,1,2,1.0
3460,2,2281.14,1412.33,41.559999999999945,75.67000000000007,1,2,1.0
3461,1,2179.72,1101.42,54.11000000000013,86.17999999999984,1,2,1.0
3461,2,2280.92,1411.44,41.56999999999971,75.6099999999999,1,2,1.0
3462,1,2179.36,1100.67,54.11999999999989,86.15999999999985,1,2,1.0
3462,2,2280.7,1410.55,41.570000000000164,75.54999999999995,1,2,1.0
3463,1,2178.99,1099.92,54.15000000000009,86.12999999999988,1,2,1.0
3463,2,2280.49,1409.66,41.570000000000164,75.49000000000001,1,2,1.0
3464,1,2178.62,1099.16,54.17000000000007,86.11999999999989,1,2,1.0
3464,2,2280.27,1408.77,41.570000000000164,75.43000000000006,1,2,1.0
3465,1,2178.26,1098.41,54.179999999999836,86.08999999999992,1,2,1.0
3465,2,2280.06,1407.88,41.570000000000164,75.3599999999999,1,2,1.0
3466,1,2177.89,1097.66,54.20000000000027,86.06999999999994,1,2,1.0
3466,2,2279.84,1406.99,41.56999999999971,75.29999999999995,1,2,1.0
3467,1,2177.53,1096.9,54.20999999999958,86.04999999999995,1,2,1.0
3467,2,2279.62,1406.1,41.57999999999993,75.24000000000001,1,2,1.0
3468,1,2177.16,1096.15,54.23000000000002,86.02999999999997,1,2,1.0
3468,2,2279.41,1405.21,41.570000000000164,75.18000000000006,1,2,1.0
3469,1,2176.8,1095.39,54.23999999999978,86.00999999999999,1,2,1.0
3469,2,2279.19,1404.32,41.57999999999993,75.12000000000012,1,2,1.0
3470,1,2176.43,1094.64,54.26000000000022,85.99000000000001,1,2,1.0
3470,2,2278.97,1403.44,41.58000000000038,75.04999999999995,1,2,1.0
3471,1,2176.07,1093.89,54.26999999999998,85.95999999999981,1,2,1.0
3471,2,2278.76,1402.55,41.57999999999993,74.99000000000001,1,2,1.0
3472,1,2175.7,1093.13,54.289999999999964,85.94999999999982,1,2,1.0
3472,2,2278.54,1401.66,41.57999999999993,74.92999999999984,1,2,1.0
3473,1,2175.33,1092.38,54.309999999999945,85.91999999999985,1,2,1.0
3473,2,2278.33,1400.77,41.57999999999993,74.86000000000013,1,2,1.0
3474,1,2174.97,1091.63,54.320000000000164,85.89999999999986,1,2,1.0
3474,2,2278.11,1399.88,41.58999999999969,74.79999999999995,1,2,1.0
3475,1,2174.6,1090.87,54.340000000000146,85.88000000000011,1,2,1.0
3475,2,2277.89,1398.99,41.590000000000146,74.74000000000001,1,2,1.0
3476,1,2174.24,1090.12,54.350000000000364,85.86000000000013,1,2,1.0
3476,2,2277.68,1398.1,41.590000000000146,74.68000000000006,1,2,1.0
3477,1,2173.87,1089.37,54.36999999999989,85.83000000000015,1,2,1.0
3477,2,2277.46,1397.21,41.590000000000146,74.61999999999989,1,2,1.0
3478,1,2173.51,1088.61,54.379999999999654,85.82000000000016,1,2,1.0
3478,2,2277.25,1396.32,41.590000000000146,74.56000000000017,1,2,1.0
3479,1,2173.14,1087.86,54.40000000000009,85.79000000000019,1,2,1.0
3479,2,2277.03,1395.43,41.58999999999969,74.5,1,2,1.0
3480,1,2172.78,1087.11,54.409999999999854,85.77000000000021,1,2,1.0
3480,2,2276.81,1394.54,41.59999999999991,74.44000000000005,1,2,1.0
3481,1,2172.41,1086.35,54.440000000000055,85.75,1,2,1.0
3481,2,2276.6,1393.66,41.590000000000146,74.3599999999999,1,2,1.0
3482,1,2172.05,1085.6,54.44999999999982,85.73000000000002,1,2,1.0
3482,2,2276.38,1392.77,41.59999999999991,74.29999999999995,1,2,1.0
3483,1,2171.68,1084.85,54.470000000000255,85.70000000000005,1,2,1.0
3483,2,2276.16,1391.88,41.600000000000364,74.23999999999978,1,2,1.0
3484,1,2171.31,1084.09,54.49000000000024,85.69000000000005,1,2,1.0
3484,2,2275.95,1390.99,41.600000000000364,74.18000000000006,1,2,1.0
3485,1,2170.95,1083.34,54.5,85.66000000000008,1,2,1.0
3485,2,2275.73,1390.1,41.59999999999991,74.12000000000012,1,2,1.0
3486,1,2170.58,1082.59,54.51999999999998,85.6400000000001,1,2,1.0
3486,2,2275.52,1389.21,41.59999999999991,74.05999999999995,1,2,1.0
3487,1,2170.22,1081.83,54.5300000000002,85.62000000000012,1,2,1.0
3487,2,2275.3,1388.32,41.59999999999991,74.0,1,2,1.0
3488,1,2169.85,1081.08,54.55000000000018,85.60000000000014,1,2,1.0
3488,2,2275.08,1387.43,41.61000000000013,73.93999999999983,1,2,1.0
3489,1,2169.49,1080.33,54.5600000000004,85.57000000000016,1,2,1.0
3489,2,2274.87,1386.54,41.61000000000013,73.87000000000012,1,2,1.0
3490,1,2169.12,1079.57,54.57999999999993,85.56000000000017,1,2,1.0
3490,2,2274.65,1385.65,41.61000000000013,73.80999999999995,1,2,1.0
3491,1,2168.76,1078.82,54.58999999999969,85.52999999999997,1,2,1.0
3491,2,2274.44,1384.76,41.61000000000013,73.75,1,2,1.0
3492,1,2168.39,1078.07,54.61000000000013,85.50999999999999,1,2,1.0
3492,2,2274.22,1383.87,41.61000000000013,73.69000000000005,1,2,1.0
3493,1,2168.02,1077.31,54.63000000000011,85.49000000000001,1,2,1.0
3493,2,2274.0,1382.99,41.61999999999989,73.61999999999989,1,2,1.0
3494,1,2167.66,1076.56,54.64000000000033,85.47000000000003,1,2,1.0
3494,2,2273.79,1382.1,41.61000000000013,73.56000000000017,1,2,1.0
3495,1,2167.29,1075.8,54.659999999999854,85.45000000000005,1,2,1.0
3495,2,2273.57,1381.21,41.61999999999989,73.5,1,2,1.0
3496,1,2166.93,1075.05,54.67000000000007,85.43000000000006,1,2,1.0
3496,2,2273.36,1380.32,41.60999999999967,73.44000000000005,1,2,1.0
3497,1,2166.56,1074.3,54.690000000000055,85.40000000000009,1,2,1.0
3497,2,2273.14,1379.43,41.620000000000346,73.36999999999989,1,2,1.0
3498,1,2166.2,1073.54,54.70000000000027,85.3900000000001,1,2,1.0
3498,2,2272.92,1378.54,41.61999999999989,73.30999999999995,1,2,1.0
3499,1,2165.83,1072.79,54.73000000000002,85.36000000000013,1,2,1.0
3499,2,2272.71,1377.65,41.61999999999989,73.25,1,2,1.0
3500,1,2165.47,1072.04,54.74000000000024,85.34000000000015,1,2,1.0
3500,2,2272.49,1376.76,41.620000000000346,73.19000000000005,1,2,1.0
3501,1,2165.1,1071.28,54.76000000000022,85.31999999999994,1,2,1.0
3501,2,2272.27,1375.87,41.63000000000011,73.13000000000011,1,2,1.0
3502,1,2164.63,1070.59,54.82999999999993,85.26999999999998,1,2,1.0
3502,2,2271.94,1375.03,41.61999999999989,73.11000000000013,1,2,1.0
3503,1,2164.15,1069.9,54.909999999999854,85.23000000000002,1,2,1.0
3503,2,2271.6,1374.18,41.61000000000013,73.08999999999992,1,2,1.0
3504,1,2163.68,1069.2,54.970000000000255,85.19000000000005,1,2,1.0
3504,2,2271.26,1373.34,41.60999999999967,73.06000000000017,1,2,1.0
3505,1,2163.21,1068.51,55.039999999999964,85.15000000000009,1,2,1.0
3505,2,2270.92,1372.5,41.61000000000013,73.03999999999996,1,2,1.0
3506,1,2162.73,1067.82,55.11999999999989,85.10000000000014,1,2,1.0
3506,2,2270.58,1371.65,41.61000000000013,73.02999999999997,1,2,1.0
3507,1,2162.26,1067.12,55.1899999999996,85.07000000000016,1,2,1.0
3507,2,2270.24,1370.81,41.600000000000364,73.0,1,2,1.0
3508,1,2161.79,1066.43,55.26000000000022,85.01999999999998,1,2,1.0
3508,2,2269.9,1369.96,41.59999999999991,72.98000000000002,1,2,1.0
3509,1,2161.32,1065.74,55.32999999999993,84.98000000000002,1,2,1.0
3509,2,2269.57,1369.12,41.58999999999969,72.96000000000004,1,2,1.0
3510,1,2160.84,1065.04,55.409999999999854,84.94000000000005,1,2,1.0
3510,2,2269.23,1368.27,41.57999999999993,72.95000000000005,1,2,1.0
3511,1,2160.37,1064.35,55.48000000000002,84.90000000000009,1,2,1.0
3511,2,2268.89,1367.43,41.57999999999993,72.91999999999985,1,2,1.0
3512,1,2159.9,1063.66,55.54999999999973,84.84999999999991,1,2,1.0
3512,2,2268.55,1366.59,41.57999999999993,72.8900000000001,1,2,1.0
3513,1,2159.42,1062.96,55.63000000000011,84.81999999999994,1,2,1.0
3513,2,2268.21,1365.74,41.570000000000164,72.87999999999988,1,2,1.0
3514,1,2158.95,1062.27,55.70000000000027,84.76999999999998,1,2,1.0
3514,2,2267.87,1364.9,41.570000000000164,72.8599999999999,1,2,1.0
3515,1,2158.48,1061.58,55.76999999999998,84.72000000000003,1,2,1.0
3515,2,2267.54,1364.05,41.559999999999945,72.84000000000015,1,2,1.0
3516,1,2158.0,1060.88,55.84999999999991,84.68999999999983,1,2,1.0
3516,2,2267.2,1363.21,41.5600000000004,72.80999999999995,1,2,1.0
3517,1,2157.53,1060.19,55.91999999999962,84.63999999999987,1,2,1.0
3517,2,2266.86,1362.37,41.54999999999973,72.79000000000019,1,2,1.0
3518,1,2157.06,1059.5,55.99000000000024,84.59999999999991,1,2,1.0
3518,2,2266.52,1361.52,41.55000000000018,72.77999999999997,1,2,1.0
3519,1,2156.58,1058.8,56.070000000000164,84.55999999999995,1,2,1.0
3519,2,2266.18,1360.68,41.55000000000018,72.75,1,2,1.0
3520,1,2156.11,1058.11,56.13999999999987,84.52000000000021,1,2,1.0
3520,2,2265.84,1359.83,41.539999999999964,72.73000000000002,1,2,1.0
3521,1,2155.64,1057.42,56.20000000000027,84.47000000000003,1,2,1.0
3521,2,2265.5,1358.99,41.539999999999964,72.71000000000004,1,2,1.0
3522,1,2155.16,1056.72,56.2800000000002,84.44000000000005,1,2,1.0
3522,2,2265.17,1358.14,41.529999999999745,72.69999999999982,1,2,1.0
3523,1,2154.69,1056.03,56.34999999999991,84.3900000000001,1,2,1.0
3523,2,2264.83,1357.3,41.51999999999998,72.67000000000007,1,2,1.0
3524,1,2154.22,1055.34,56.42000000000007,84.35000000000014,1,2,1.0
3524,2,2264.49,1356.46,41.52000000000044,72.63999999999987,1,2,1.0
3525,1,2153.75,1054.64,56.48999999999978,84.30999999999995,1,2,1.0
3525,2,2264.15,1355.61,41.51999999999998,72.63000000000011,1,2,1.0
3526,1,2153.27,1053.95,56.570000000000164,84.25999999999999,1,2,1.0
3526,2,2263.81,1354.77,41.51999999999998,72.61000000000013,1,2,1.0
3527,1,2152.8,1053.26,56.63999999999987,84.22000000000003,1,2,1.0
3527,2,2263.47,1353.92,41.51000000000022,72.58999999999992,1,2,1.0
3528,1,2152.33,1052.56,56.710000000000036,84.18000000000006,1,2,1.0
3528,2,2263.13,1353.08,41.50999999999976,72.56000000000017,1,2,1.0
3529,1,2151.85,1051.87,56.789999999999964,84.1400000000001,1,2,1.0
3529,2,2262.8,1352.23,41.5,72.54999999999995,1,2,1.0
3530,1,2151.38,1051.18,56.85999999999967,84.08999999999992,1,2,1.0
3530,2,2262.46,1351.39,41.48999999999978,72.52999999999997,1,2,1.0
3531,1,2150.91,1050.48,56.93000000000029,84.05999999999995,1,2,1.0
3531,2,2262.12,1350.55,41.49000000000024,72.5,1,2,1.0
3532,1,2150.43,1049.79,57.01000000000022,84.00999999999999,1,2,1.0
3532,2,2261.78,1349.7,41.48999999999978,72.48000000000002,1,2,1.0
3533,1,2149.96,1049.1,57.07999999999993,83.97000000000003,1,2,1.0
3533,2,2261.44,1348.86,41.48000000000002,72.46000000000004,1,2,1.0
3534,1,2149.49,1048.4,57.15000000000009,83.92999999999984,1,2,1.0
3534,2,2261.1,1348.01,41.48000000000002,72.45000000000005,1,2,1.0
3535,1,2149.01,1047.71,57.22999999999956,83.88999999999987,1,2,1.0
3535,2,2260.76,1347.17,41.47999999999956,72.41999999999985,1,2,1.0
3536,1,2148.54,1047.02,57.30000000000018,83.83999999999992,1,2,1.0
3536,2,2260.43,1346.32,41.470000000000255,72.40000000000009,1,2,1.0
3537,1,2148.07,1046.32,57.36999999999989,83.81000000000017,1,2,1.0
3537,2,2260.09,1345.48,41.460000000000036,72.37999999999988,1,2,1.0
3538,1,2147.6,1045.63,57.43000000000029,83.75999999999999,1,2,1.0
3538,2,2259.75,1344.64,41.460000000000036,72.3599999999999,1,2,1.0
3539,1,2147.12,1044.94,57.51000000000022,83.71000000000004,1,2,1.0
3539,2,2259.41,1343.79,41.460000000000036,72.34000000000015,1,2,1.0
3540,1,2146.65,1044.24,57.57999999999993,83.68000000000006,1,2,1.0
3540,2,2259.07,1342.95,41.44999999999982,72.30999999999995,1,2,1.0
3541,1,2146.18,1043.55,57.65000000000009,83.63000000000011,1,2,1.0
3541,2,2258.73,1342.1,41.44999999999982,72.30000000000018,1,2,1.0
3542,1,2145.7,1042.86,57.73000000000002,83.59000000000015,1,2,1.0
3542,2,2258.4,1341.26,41.440000000000055,72.27999999999997,1,2,1.0
3543,1,2145.23,1042.16,57.80000000000018,83.54999999999995,1,2,1.0
3543,2,2258.06,1340.41,41.429999999999836,72.25999999999999,1,2,1.0
3544,1,2144.76,1041.47,57.86999999999989,83.50999999999999,1,2,1.0
3544,2,2257.72,1339.57,41.43000000000029,72.23000000000002,1,2,1.0
3545,1,2144.28,1040.78,57.94999999999982,83.46000000000004,1,2,1.0
3545,2,2257.38,1338.73,41.429999999999836,72.21000000000004,1,2,1.0
3546,1,2143.81,1040.08,58.01999999999998,83.43000000000006,1,2,1.0
3546,2,2257.04,1337.88,41.429999999999836,72.19999999999982,1,2,1.0
3547,1,2143.34,1039.39,58.08999999999969,83.37999999999988,1,2,1.0
3547,2,2256.7,1337.04,41.42000000000007,72.17000000000007,1,2,1.0
3548,1,2142.86,1038.7,58.17000000000007,83.33999999999992,1,2,1.0
3548,2,2256.36,1336.19,41.42000000000007,72.14999999999986,1,2,1.0
3549,1,2142.39,1038.0,58.24000000000024,83.29999999999995,1,2,1.0
3549,2,2256.03,1335.35,41.409999999999854,72.13000000000011,1,2,1.0
3550,1,2141.92,1037.31,58.309999999999945,83.25,1,2,1.0
3550,2,2255.69,1334.5,41.40000000000009,72.11999999999989,1,2,1.0
3551,1,2141.45,1036.62,58.38000000000011,83.21000000000004,1,2,1.0
3551,2,2255.35,1333.66,41.40000000000009,72.08999999999992,1,2,1.0
3552,1,2140.97,1035.92,58.460000000000036,83.16999999999985,1,2,1.0
3552,2,2255.01,1332.82,41.399999999999636,72.06000000000017,1,2,1.0
3553,1,2140.5,1035.23,58.5300000000002,83.12999999999988,1,2,1.0
3553,2,2254.67,1331.97,41.38999999999987,72.04999999999995,1,2,1.0
3554,1,2140.03,1034.54,58.59999999999991,83.07999999999993,1,2,1.0
3554,2,2254.33,1331.13,41.38999999999987,72.02999999999997,1,2,1.0
3555,1,2139.55,1033.84,58.66999999999962,83.05000000000018,1,2,1.0
3555,2,2253.99,1330.28,41.39000000000033,72.00999999999999,1,2,1.0
3556,1,2139.08,1033.15,58.74000000000024,83.0,1,2,1.0
3556,2,2253.66,1329.44,41.38000000000011,71.98000000000002,1,2,1.0
3557,1,2138.61,1032.46,58.809999999999945,82.96000000000004,1,2,1.0
3557,2,2253.32,1328.6,41.36999999999989,71.96000000000004,1,2,1.0
3558,1,2138.13,1031.76,58.88999999999987,82.92000000000007,1,2,1.0
3558,2,2252.98,1327.75,41.36999999999989,71.95000000000005,1,2,1.0
3559,1,2137.66,1031.07,58.960000000000036,82.88000000000011,1,2,1.0
3559,2,2252.64,1326.91,41.370000000000346,71.91999999999985,1,2,1.0
3560,1,2137.19,1030.38,59.029999999999745,82.82999999999993,1,2,1.0
3560,2,2252.3,1326.06,41.35999999999967,71.90000000000009,1,2,1.0
3561,1,2136.71,1029.68,59.11000000000013,82.79999999999995,1,2,1.0
3561,2,2251.96,1325.22,41.36000000000013,71.87999999999988,1,2,1.0
3562,1,2136.24,1028.99,59.18000000000029,82.75,1,2,1.0
3562,2,2251.62,1324.37,41.36000000000013,71.87000000000012,1,2,1.0
3563,1,2135.77,1028.3,59.25,82.70000000000005,1,2,1.0
3563,2,2251.29,1323.53,41.340000000000146,71.83999999999992,1,2,1.0
3564,1,2135.29,1027.6,59.32999999999993,82.67000000000007,1,2,1.0
3564,2,2250.95,1322.69,41.340000000000146,71.80999999999995,1,2,1.0
3565,1,2134.82,1026.91,59.399999999999636,82.61999999999989,1,2,1.0
3565,2,2250.61,1321.84,41.33999999999969,71.80000000000018,1,2,1.0
3566,1,2134.35,1026.22,59.470000000000255,82.57999999999993,1,2,1.0
3566,2,2250.27,1321.0,41.340000000000146,71.77999999999997,1,2,1.0
3567,1,2133.88,1025.52,59.539999999999964,82.53999999999996,1,2,1.0
3567,2,2249.93,1320.15,41.33000000000038,71.75999999999999,1,2,1.0
3568,1,2133.4,1024.83,59.61999999999989,82.5,1,2,1.0
3568,2,2249.59,1319.31,41.32999999999993,71.73000000000002,1,2,1.0
3569,1,2132.93,1024.14,59.690000000000055,82.44999999999982,1,2,1.0
3569,2,2249.26,1318.46,41.31999999999971,71.72000000000003,1,2,1.0
3570,1,2132.46,1023.44,59.75999999999976,82.41999999999985,1,2,1.0
3570,2,2248.92,1317.62,41.309999999999945,71.70000000000005,1,2,1.0
3571,1,2131.98,1022.75,59.840000000000146,82.36999999999989,1,2,1.0
3571,2,2248.58,1316.78,41.309999999999945,71.67000000000007,1,2,1.0
3572,1,2131.51,1022.06,59.899999999999636,82.33000000000015,1,2,1.0
3572,2,2248.24,1315.93,41.3100000000004,71.64999999999986,1,2,1.0
3573,1,2131.04,1021.36,59.970000000000255,82.29000000000008,1,2,1.0
3573,2,2247.9,1315.09,41.29999999999973,71.63000000000011,1,2,1.0
3574,1,2130.56,1020.67,60.05000000000018,82.24000000000012,1,2,1.0
3574,2,2247.56,1314.24,41.30000000000018,71.61999999999989,1,2,1.0
3575,1,2130.09,1019.98,60.11999999999989,82.20000000000005,1,2,1.0
3575,2,2247.22,1313.4,41.30000000000018,71.58999999999992,1,2,1.0
3576,1,2129.62,1019.28,60.190000000000055,82.16000000000008,1,2,1.0
3576,2,2246.89,1312.55,41.289999999999964,71.56999999999994,1,2,1.0
3577,1,2129.14,1018.59,60.26999999999998,82.12,1,2,1.0
3577,2,2246.55,1311.71,41.279999999999745,71.54999999999995,1,2,1.0
3578,1,2128.67,1017.9,60.340000000000146,82.07000000000005,1,2,1.0
3578,2,2246.21,1310.87,41.279999999999745,71.5300000000002,1,2,1.0
3579,1,2128.2,1017.2,60.41000000000031,82.03999999999996,1,2,1.0
3579,2,2245.87,1310.02,41.2800000000002,71.50999999999999,1,2,1.0
3580,1,2127.73,1016.51,60.48000000000002,81.99000000000001,1,2,1.0
3580,2,2245.53,1309.18,41.26999999999998,71.48000000000002,1,2,1.0
3581,1,2127.25,1015.82,60.559999999999945,81.94999999999993,1,2,1.0
3581,2,2245.19,1308.33,41.26999999999998,71.47000000000003,1,2,1.0
3582,1,2126.78,1015.12,60.629999999999654,81.90999999999997,1,2,1.0
3582,2,2244.85,1307.49,41.26999999999998,71.45000000000005,1,2,1.0
3583,1,2126.31,1014.43,60.70000000000027,81.87,1,2,1.0
3583,2,2244.52,1306.64,41.25,71.42999999999984,1,2,1.0
3584,1,2125.83,1013.74,60.7800000000002,81.81999999999994,1,2,1.0
3584,2,2244.18,1305.8,41.25,71.40000000000009,1,2,1.0
3585,1,2125.36,1013.04,60.84999999999991,81.77999999999997,1,2,1.0
3585,2,2243.84,1304.96,41.25,71.37999999999988,1,2,1.0
3586,1,2124.89,1012.35,60.92000000000007,81.7399999999999,1,2,1.0
3586,2,2243.5,1304.11,41.25,71.37000000000012,1,2,1.0
3587,1,2124.41,1011.66,61.0,81.68999999999994,1,2,1.0
3587,2,2243.16,1303.27,41.24000000000024,71.33999999999992,1,2,1.0
3588,1,2123.94,1010.96,61.070000000000164,81.65999999999985,1,2,1.0
3588,2,2242.82,1302.42,41.23999999999978,71.31999999999994,1,2,1.0
3589,1,2123.47,1010.27,61.13000000000011,81.61000000000013,1,2,1.0
3589,2,2242.49,1301.58,41.23000000000002,71.30000000000018,1,2,1.0
3590,1,2122.99,1009.58,61.210000000000036,81.57000000000005,1,2,1.0
3590,2,2242.15,1300.73,41.2199999999998,71.28999999999996,1,2,1.0
3591,1,2122.52,1008.88,61.2800000000002,81.53000000000009,1,2,1.0
3591,2,2241.81,1299.89,41.220000000000255,71.25999999999999,1,2,1.0
3592,1,2122.05,1008.19,61.34999999999991,81.49000000000001,1,2,1.0
3592,2,2241.47,1299.05,41.220000000000255,71.23000000000002,1,2,1.0
3593,1,2121.58,1007.5,61.42000000000007,81.44000000000005,1,2,1.0
3593,2,2241.13,1298.2,41.210000000000036,71.22000000000003,1,2,1.0
3594,1,2121.1,1006.8,61.5,81.41000000000008,1,2,1.0
3594,2,2240.79,1297.36,41.210000000000036,71.20000000000005,1,2,1.0
3595,1,2120.63,1006.11,61.56999999999971,81.36000000000001,1,2,1.0
3595,2,2240.45,1296.51,41.210000000000036,71.18000000000006,1,2,1.0
3596,1,2120.16,1005.42,61.64000000000033,81.32000000000005,1,2,1.0
3596,2,2240.12,1295.67,41.20000000000027,71.14999999999986,1,2,1.0
3597,1,2119.68,1004.72,61.720000000000255,81.27999999999997,1,2,1.0
3597,2,2239.78,1294.83,41.1899999999996,71.13000000000011,1,2,1.0
3598,1,2119.21,1004.03,61.190000000000055,80.04999999999995,1,2,1.0
3598,2,2239.44,1293.98,41.190000000000055,71.11999999999989,1,2,1.0
3599,1,2118.74,1003.34,60.66000000000031,78.81000000000006,1,2,1.0
3599,2,2239.1,1293.14,41.190000000000055,71.08999999999992,1,2,1.0
3600,1,2118.26,1002.64,60.13999999999987,77.59000000000003,1,2,1.0
3600,2,2238.76,1292.29,41.179999999999836,71.06999999999994,1,2,1.0
3601,1,2117.79,1001.95,59.61000000000013,76.34999999999991,1,2,1.0
3601,2,2238.42,1291.45,41.179999999999836,71.04999999999995,1,2,1.0
3602,1,2117.24,1001.24,60.15000000000009,77.6400000000001,1,2,1.0
3602,2,2238.15,1290.52,41.190000000000055,71.02999999999997,1,2,1.0
3603,1,2116.69,1000.54,60.690000000000055,78.91000000000008,1,2,1.0
3603,2,2237.87,1289.58,41.220000000000255,71.01999999999998,1,2,1.0
3604,1,2116.14,999.83,61.220000000000255,80.19999999999993,1,2,1.0
3604,2,2237.6,1288.65,41.23000000000002,71.0,1,2,1.0
3605,1,2115.58,999.13,61.76999999999998,81.46999999999991,1,2,1.0
3605,2,2237.32,1287.72,41.25,70.98000000000002,1,2,1.0
3606,1,2115.03,998.42,62.309999999999945,82.7600000000001,1,2,1.0
3606,2,2237.05,1286.79,41.25999999999976,70.96000000000004,1,2,1.0
3607,1,2114.48,997.71,62.84999999999991,84.03999999999996,1,2,1.0
3607,2,2236.77,1285.85,41.289999999999964,70.94000000000005,1,2,1.0
3608,1,2113.93,997.01,63.38000000000011,85.31999999999994,1,2,1.0
3608,2,2236.5,1284.92,41.30000000000018,70.91999999999985,1,2,1.0
3609,1,2113.38,996.3,63.92000000000007,86.60000000000014,1,2,1.0
3609,2,2236.22,1283.99,41.320000000000164,70.90000000000009,1,2,1.0
3610,1,2112.74,995.52,63.99000000000024,86.50999999999999,1,2,1.0
3610,2,2235.6,1283.23,41.340000000000146,70.87999999999988,1,2,1.0
3611,1,2112.1,994.75,64.07000000000016,86.40000000000009,1,2,1.0
3611,2,2234.97,1282.46,41.36000000000013,70.86999999999989,1,2,1.0
3612,1,2111.46,993.97,64.13999999999987,86.30999999999995,1,2,1.0
3612,2,2234.35,1281.7,41.38000000000011,70.84999999999991,1,2,1.0
3613,1,2110.82,993.2,64.21000000000004,86.20000000000005,1,2,1.0
3613,2,2233.73,1280.93,41.38999999999987,70.82999999999993,1,2,1.0
3614,1,2110.18,992.42,64.28999999999996,86.11000000000001,1,2,1.0
3614,2,2233.1,1280.17,41.42000000000007,70.80999999999995,1,2,1.0
3615,1,2109.54,991.64,64.36000000000013,86.0200000000001,1,2,1.0
3615,2,2232.48,1279.41,41.429999999999836,70.78999999999996,1,2,1.0
3616,1,2108.9,990.87,64.42999999999984,85.90999999999997,1,2,1.0
3616,2,2231.86,1278.64,41.44999999999982,70.77999999999997,1,2,1.0
3617,1,2108.26,990.09,64.50999999999976,85.82000000000005,1,2,1.0
3617,2,2231.23,1277.88,41.4699999999998,70.75,1,2,1.0
3618,1,2107.63,989.32,64.56999999999971,85.70999999999992,1,2,1.0
3618,2,2230.61,1277.11,41.48999999999978,70.74000000000001,1,2,1.0
3619,1,2106.99,988.54,64.65000000000009,85.62000000000012,1,2,1.0
3619,2,2229.99,1276.35,41.5,70.72000000000003,1,2,1.0
3620,1,2106.35,987.77,64.72000000000025,85.51999999999998,1,2,1.0
3620,2,2229.36,1275.59,41.51999999999998,70.70000000000005,1,2,1.0
3621,1,2105.71,986.99,64.78999999999996,85.42000000000007,1,2,1.0
3621,2,2228.74,1274.82,41.54000000000042,70.68000000000006,1,2,1.0
3622,1,2105.07,986.21,64.86999999999989,85.32999999999993,1,2,1.0
3622,2,2228.12,1274.06,41.55000000000018,70.66000000000008,1,2,1.0
3623,1,2104.53,985.53,64.9399999999996,85.23000000000002,1,2,1.0
3623,2,2227.97,1273.06,41.58000000000038,70.6400000000001,1,2,1.0
3624,1,2103.99,984.85,65.02000000000044,85.13,1,2,1.0
3624,2,2227.83,1272.06,41.59999999999991,70.63000000000011,1,2,1.0
3625,1,2103.46,984.17,65.07999999999993,85.03000000000009,1,2,1.0
3625,2,2227.69,1271.07,41.61000000000013,70.60000000000014,1,2,1.0
3626,1,2102.92,983.49,65.15999999999985,84.93000000000006,1,2,1.0
3626,2,2227.55,1270.07,41.629999999999654,70.59000000000015,1,2,1.0
3627,1,2102.38,982.81,65.23000000000002,84.83000000000015,1,2,1.0
3627,2,2227.4,1269.07,41.65000000000009,70.57000000000016,1,2,1.0
3628,1,2101.84,982.13,65.30999999999995,84.7299999999999,1,2,1.0
3628,2,2227.26,1268.07,41.66999999999962,70.56000000000017,1,2,1.0
3629,1,2101.31,981.44,65.36999999999989,84.63999999999987,1,2,1.0
3629,2,2227.12,1267.08,41.68000000000029,70.52999999999997,1,2,1.0
3630,1,2100.77,980.76,65.44999999999982,84.53999999999996,1,2,1.0
3630,2,2226.98,1266.08,41.69999999999982,70.50999999999999,1,2,1.0
3631,1,2100.23,980.08,65.51999999999998,84.43999999999994,1,2,1.0
3631,2,2226.83,1265.08,41.73000000000002,70.5,1,2,1.0
3632,1,2099.69,979.4,65.59999999999991,84.34000000000003,1,2,1.0
3632,2,2226.69,1264.09,41.73999999999978,70.47000000000003,1,2,1.0
3633,1,2099.16,978.72,65.66000000000031,84.24000000000001,1,2,1.0
3633,2,2226.55,1263.09,41.75999999999976,70.46000000000004,1,2,1.0
3634,1,2098.62,978.04,65.74000000000024,84.1400000000001,1,2,1.0
3634,2,2226.41,1262.09,41.76999999999998,70.44000000000005,1,2,1.0
3635,1,2098.08,977.36,65.80999999999995,84.04000000000008,1,2,1.0
3635,2,2226.26,1261.09,41.79999999999973,70.42000000000007,1,2,1.0
3636,1,2097.54,976.67,65.88999999999987,83.96000000000015,1,2,1.0
3636,2,2226.12,1260.1,41.820000000000164,70.40000000000009,1,2,1.0
3637,1,2097.01,975.99,65.94999999999982,83.8599999999999,1,2,1.0
3637,2,2225.98,1259.1,41.82999999999993,70.38000000000011,1,2,1.0
3638,1,2096.41,974.37,66.0300000000002,83.7600000000001,1,2,1.0
3638,2,2225.51,1257.5,41.84999999999991,70.36999999999989,1,2,1.0
3639,1,2095.81,972.75,66.09999999999991,83.66000000000008,1,2,1.0
3639,2,2225.03,1255.9,41.86999999999989,70.34999999999991,1,2,1.0
3640,1,2095.22,971.13,66.17000000000007,83.56000000000006,1,2,1.0
3640,2,2224.56,1254.31,41.88000000000011,70.32000000000016,1,2,1.0
3641,1,2094.62,969.51,66.24000000000024,83.46000000000004,1,2,1.0
3641,2,2224.08,1252.71,41.909999999999854,70.30999999999995,1,2,1.0
3642,1,2094.02,967.89,66.32000000000016,83.36000000000001,1,2,1.0
3642,2,2223.61,1251.11,41.92000000000007,70.29000000000019,1,2,1.0
3643,1,2093.42,966.27,66.38999999999987,83.25999999999999,1,2,1.0
3643,2,2223.14,1249.51,41.940000000000055,70.27999999999997,1,2,1.0
3644,1,2092.83,964.65,66.46000000000004,83.15999999999997,1,2,1.0
3644,2,2222.66,1247.92,41.960000000000036,70.25,1,2,1.0
3645,1,2092.23,963.03,66.5300000000002,83.06999999999994,1,2,1.0
3645,2,2222.19,1246.32,41.98000000000002,70.23000000000002,1,2,1.0
3646,1,2091.63,961.41,66.60999999999967,82.97000000000014,1,2,1.0
3646,2,2221.71,1244.72,42.0,70.22000000000003,1,2,1.0
3647,1,2091.04,959.79,66.67999999999984,82.87000000000012,1,2,1.0
3647,2,2221.24,1243.12,42.01000000000022,70.20000000000005,1,2,1.0
3648,1,2090.44,958.16,66.75,82.78000000000009,1,2,1.0
3648,2,2220.77,1241.53,42.0300000000002,70.18000000000006,1,2,1.0
3649,1,2089.84,956.54,66.82999999999993,82.68000000000006,1,2,1.0
3649,2,2220.29,1239.93,42.05000000000018,70.15999999999985,1,2,1.0
3650,1,2089.24,954.92,66.90000000000009,82.58000000000004,1,2,1.0
3650,2,2219.82,1238.33,42.06999999999971,70.1400000000001,1,2,1.0
3651,1,2088.65,953.3,66.9699999999998,82.48000000000002,1,2,1.0
3651,2,2219.35,1236.73,42.07999999999993,70.12999999999988,1,2,1.0
3652,1,2088.05,951.68,67.03999999999996,82.38,1,2,1.0
3652,2,2218.87,1235.14,42.11000000000013,70.09999999999991,1,2,1.0
3653,1,2087.45,950.06,67.12000000000035,82.27999999999997,1,2,1.0
3653,2,2218.4,1233.54,42.11999999999989,70.09000000000015,1,2,1.0
3654,1,2086.86,948.44,67.17999999999984,82.19000000000005,1,2,1.0
3654,2,2217.92,1231.94,42.13999999999987,70.06999999999994,1,2,1.0
3655,1,2086.26,946.82,67.25999999999976,82.09000000000003,1,2,1.0
3655,2,2217.45,1230.34,42.16000000000031,70.05000000000018,1,2,1.0
3656,1,2085.66,945.2,67.32999999999993,81.99000000000001,1,2,1.0
3656,2,2216.98,1228.75,42.17000000000007,70.02999999999997,1,2,1.0
3657,1,2085.15,943.32,67.40000000000009,81.89999999999998,1,2,1.0
3657,2,2216.77,1226.51,42.190000000000055,70.00999999999999,1,2,1.0
3658,1,2084.64,941.45,67.47000000000025,81.78999999999996,1,2,1.0
3658,2,2216.55,1224.27,42.2199999999998,69.99000000000001,1,2,1.0
3659,1,2084.12,939.57,67.55000000000018,81.69999999999993,1,2,1.0
3659,2,2216.34,1222.03,42.23999999999978,69.98000000000002,1,2,1.0
3660,1,2083.61,937.7,67.61999999999989,81.59999999999991,1,2,1.0
3660,2,2216.13,1219.79,42.25,69.96000000000004,1,2,1.0
3661,1,2083.1,935.82,67.70000000000027,81.5,1,2,1.0
3661,2,2215.92,1217.55,42.26999999999998,69.94000000000005,1,2,1.0
3662,1,2082.59,933.95,67.76999999999998,81.39999999999998,1,2,1.0
3662,2,2215.71,1215.32,42.289999999999964,69.91000000000008,1,2,1.0
3663,1,2082.08,932.07,67.84000000000015,81.30999999999995,1,2,1.0
3663,2,2215.5,1213.08,42.309999999999945,69.90000000000009,1,2,1.0
3664,1,2081.56,930.2,67.92000000000007,81.19999999999993,1,2,1.0
3664,2,2215.29,1210.84,42.320000000000164,69.88000000000011,1,2,1.0
3665,1,2081.05,928.32,67.98999999999978,81.1099999999999,1,2,1.0
3665,2,2215.08,1208.6,42.340000000000146,69.86000000000013,1,2,1.0
3666,1,2080.54,926.45,68.05999999999995,81.00999999999999,1,2,1.0
3666,2,2214.87,1206.36,42.36000000000013,69.85000000000014,1,2,1.0
3667,1,2080.03,924.57,68.12999999999965,80.90999999999997,1,2,1.0
3667,2,2214.66,1204.12,42.38000000000011,69.83000000000015,1,2,1.0
3668,1,2079.51,922.7,68.20999999999958,80.80999999999995,1,2,1.0
3668,2,2214.45,1201.88,42.40000000000009,69.80999999999995,1,2,1.0
3669,1,2079.0,920.82,68.2800000000002,80.71999999999991,1,2,1.0
3669,2,2214.24,1199.65,42.41000000000031,69.78999999999996,1,2,1.0
3670,1,2078.49,918.95,68.35000000000036,80.62,1,2,1.0
3670,2,2214.03,1197.41,42.429999999999836,69.76999999999998,1,2,1.0
3671,1,2077.98,917.07,68.42000000000007,80.51999999999998,1,2,1.0
3671,2,2213.82,1195.17,42.44999999999982,69.75,1,2,1.0
3672,1,2077.46,915.2,68.5,80.41999999999996,1,2,1.0
3672,2,2213.72,1193.38,42.470000000000255,69.73999999999978,1,2,1.0
3673,1,2076.95,913.32,68.57000000000016,80.32999999999993,1,2,1.0
3673,2,2213.63,1191.6,42.48000000000002,69.71000000000004,1,2,1.0
3674,1,2076.44,911.45,68.63999999999987,80.21999999999991,1,2,1.0
3674,2,2213.53,1189.81,42.5,69.70000000000005,1,2,1.0
3675,1,2075.93,909.57,68.71000000000004,80.13,1,2,1.0
3675,2,2213.43,1188.03,42.51999999999998,69.68000000000006,1,2,1.0
3676,1,2075.41,907.7,68.78999999999996,80.02999999999997,1,2,1.0
3676,2,2213.33,1186.24,42.539999999999964,69.66000000000008,1,2,1.0
3677,1,2074.9,905.82,68.86000000000013,79.92999999999995,1,2,1.0
3677,2,2213.24,1184.46,42.5600000000004,69.63999999999987,1,2,1.0
3678,1,2074.39,903.95,68.93000000000029,79.82999999999993,1,2,1.0
3678,2,2213.14,1182.67,42.57999999999993,69.61999999999989,1,2,1.0
3679,1,2073.88,902.07,69.0,79.7399999999999,1,2,1.0
3679,2,2213.04,1180.89,42.59999999999991,69.59999999999991,1,2,1.0
3680,1,2073.36,900.2,69.07999999999993,79.63,1,2,1.0
3680,2,2212.95,1179.1,42.61000000000013,69.58000000000015,1,2,1.0
3681,1,2072.85,898.32,69.15000000000009,79.53999999999996,1,2,1.0
3681,2,2212.85,1177.31,42.63000000000011,69.57000000000016,1,2,1.0
3682,1,2072.34,896.45,69.2199999999998,79.43999999999994,1,2,1.0
3682,2,2212.75,1175.53,42.65000000000009,69.54999999999995,1,2,1.0
3683,1,2071.83,894.57,69.28999999999996,79.34999999999991,1,2,1.0
3683,2,2212.65,1173.74,42.67000000000007,69.52999999999997,1,2,1.0
3684,1,2071.32,892.7,69.35999999999967,79.24000000000001,1,2,1.0
3684,2,2212.56,1171.96,42.679999999999836,69.50999999999999,1,2,1.0
3685,1,2070.8,890.82,69.4399999999996,79.14999999999998,1,2,1.0
3685,2,2212.46,1170.17,42.69999999999982,69.49000000000001,1,2,1.0
3686,1,2070.29,888.95,69.51000000000022,79.04999999999995,1,2,1.0
3686,2,2212.36,1168.39,42.7199999999998,69.4699999999998,1,2,1.0
3687,1,2069.78,887.07,69.57999999999993,78.94999999999993,1,2,1.0
3687,2,2212.27,1166.6,42.74000000000024,69.46000000000004,1,2,1.0
3688,1,2069.27,885.2,69.65000000000009,78.84999999999991,1,2,1.0
3688,2,2212.17,1164.82,42.75999999999976,69.43000000000006,1,2,1.0
3689,1,2068.75,883.32,69.73000000000002,78.75999999999999,1,2,1.0
3689,2,2212.07,1163.03,42.779999999999745,69.42000000000007,1,2,1.0
3690,1,2068.24,881.45,69.80000000000018,78.64999999999998,1,2,1.0
3690,2,2211.97,1161.24,42.80000000000018,69.40000000000009,1,2,1.0
3691,1,2067.73,879.57,69.86999999999989,78.55999999999995,1,2,1.0
3691,2,2211.88,1159.46,42.809999999999945,69.37999999999988,1,2,1.0
3692,1,2067.22,877.7,69.94000000000005,78.45999999999992,1,2,1.0
3692,2,2211.78,1157.67,42.82999999999993,69.36999999999989,1,2,1.0
3693,1,2066.7,875.83,70.01999999999998,78.34999999999991,1,2,1.0
3693,2,2211.68,1155.89,42.850000000000364,69.33999999999992,1,2,1.0
3694,1,2066.19,873.95,70.09000000000015,78.25999999999999,1,2,1.0
3694,2,2211.59,1154.1,42.85999999999967,69.33000000000015,1,2,1.0
3695,1,2065.68,872.08,70.16000000000031,78.15999999999997,1,2,1.0
3695,2,2211.49,1152.32,42.88000000000011,69.29999999999995,1,2,1.0
3696,1,2065.17,870.2,70.23000000000002,78.06999999999994,1,2,1.0
3696,2,2211.39,1150.53,42.90000000000009,69.28999999999996,1,2,1.0
3697,1,2064.65,868.33,70.30999999999995,77.95999999999992,1,2,1.0
3697,2,2211.29,1148.75,42.929999999999836,69.26999999999998,1,2,1.0
3698,1,2064.14,866.45,70.38000000000011,77.87,1,2,1.0
3698,2,2211.2,1146.96,42.940000000000055,69.25,1,2,1.0
3699,1,2063.63,864.58,70.44999999999982,77.76999999999998,1,2,1.0
3699,2,2211.1,1145.18,42.960000000000036,69.23000000000002,1,2,1.0
3700,1,2063.12,862.7,70.51999999999998,77.66999999999996,1,2,1.0
3700,2,2211.0,1143.39,42.98000000000002,69.20999999999981,1,2,1.0
3701,1,2062.6,860.83,70.59999999999991,77.56999999999994,1,2,1.0
3701,2,2210.91,1141.6,42.99000000000024,69.20000000000005,1,2,1.0
3702,1,2061.9,859.25,70.69999999999982,77.53999999999996,1,2,1.0
3702,2,2210.23,1139.76,43.059999999999945,69.24000000000001,1,2,1.0
3703,1,2061.2,857.68,70.8100000000004,77.5,1,2,1.0
3703,2,2209.56,1137.92,43.11999999999989,69.27999999999997,1,2,1.0
3704,1,2060.5,856.11,70.90999999999985,77.46000000000004,1,2,1.0
3704,2,2208.88,1136.08,43.190000000000055,69.33000000000015,1,2,1.0
3705,1,2059.8,854.53,71.01999999999998,77.43000000000006,1,2,1.0
3705,2,2208.2,1134.23,43.26000000000022,69.37999999999988,1,2,1.0
3706,1,2059.1,852.96,71.11999999999989,77.38999999999999,1,2,1.0
3706,2,2207.53,1132.39,43.31999999999971,69.41999999999985,1,2,1.0
3707,1,2058.4,851.39,71.23000000000002,77.35000000000002,1,2,1.0
3707,2,2206.85,1130.55,43.38999999999987,69.46000000000004,1,2,1.0
3708,1,2057.69,850.03,71.61999999999989,78.17000000000007,1,2,1.0
3708,2,2206.58,1128.98,43.460000000000036,69.50999999999999,1,2,1.0
3709,1,2056.99,848.67,72.01000000000022,78.99000000000001,1,2,1.0
3709,2,2206.31,1127.41,43.51999999999998,69.54999999999995,1,2,1.0
3710,1,2056.29,847.31,72.38999999999987,79.81000000000006,1,2,1.0
3710,2,2206.03,1125.84,43.58999999999969,69.60000000000014,1,2,1.0
3711,1,2055.59,845.95,72.76999999999998,80.62,1,2,1.0
3711,2,2205.76,1124.27,43.649999999999636,69.6400000000001,1,2,1.0
3712,1,2054.89,844.59,73.16000000000031,81.43999999999994,1,2,1.0
3712,2,2205.49,1122.7,43.710000000000036,69.69000000000005,1,2,1.0
3713,1,2054.19,843.24,73.53999999999996,82.25,1,2,1.0
3713,2,2205.21,1121.13,43.789999999999964,69.72999999999979,1,2,1.0
3714,1,2053.48,841.88,73.94000000000005,83.06000000000006,1,2,1.0
3714,2,2204.94,1119.56,43.84999999999991,69.77999999999997,1,2,1.0
3715,1,2052.78,840.52,74.31999999999971,83.88,1,2,1.0
3715,2,2204.67,1117.99,43.909999999999854,69.81999999999994,1,2,1.0
3716,1,2052.08,839.32,74.5,83.2399999999999,1,2,1.0
3716,2,2204.39,1116.42,43.98000000000002,69.86999999999989,1,2,1.0
3717,1,2051.38,838.11,74.67999999999984,82.62,1,2,1.0
3717,2,2204.12,1114.85,44.039999999999964,69.92000000000007,1,2,1.0
3718,1,2050.68,836.91,74.87000000000035,81.98000000000002,1,2,1.0
3718,2,2203.84,1113.28,44.11999999999989,69.97000000000003,1,2,1.0
3719,1,2049.98,835.71,75.05000000000018,81.33999999999992,1,2,1.0
3719,2,2203.57,1111.72,44.179999999999836,70.0,1,2,1.0
3720,1,2049.28,834.51,75.23000000000002,80.71000000000004,1,2,1.0
3720,2,2203.3,1110.15,44.23999999999978,70.04999999999995,1,2,1.0
3721,1,2048.57,833.3,75.41999999999962,80.08000000000004,1,2,1.0
3721,2,2203.02,1108.58,44.309999999999945,70.10000000000014,1,2,1.0
3722,1,2047.87,832.1,75.59999999999991,79.44999999999993,1,2,1.0
3722,2,2202.75,1107.01,44.36999999999989,70.15000000000009,1,2,1.0
3723,1,2047.17,830.9,75.77999999999975,78.81000000000006,1,2,1.0
3723,2,2202.48,1105.45,44.440000000000055,70.18000000000006,1,2,1.0
3724,1,2046.47,829.7,75.97000000000003,78.16999999999996,1,2,1.0
3724,2,2202.2,1103.88,44.51000000000022,70.22999999999979,1,2,1.0
3725,1,2045.77,828.49,76.15000000000009,77.54999999999995,1,2,1.0
3725,2,2201.93,1102.31,44.570000000000164,70.27999999999997,1,2,1.0
3726,1,2045.07,827.29,76.33000000000015,76.91000000000008,1,2,1.0
3726,2,2201.66,1100.74,44.63000000000011,70.32999999999993,1,2,1.0
3727,1,2044.37,826.02,76.39000000000033,76.87,1,2,1.0
3727,2,2201.27,1099.23,44.69999999999982,70.94000000000005,1,2,1.0
3728,1,2043.66,824.75,76.47000000000003,76.83000000000004,1,2,1.0
3728,2,2200.88,1097.72,44.76999999999998,71.54999999999995,1,2,1.0
3729,1,2042.96,823.47,76.52999999999975,76.78999999999996,1,2,1.0
3729,2,2200.49,1096.21,44.840000000000146,72.17000000000007,1,2,1.0
3730,1,2042.26,822.2,76.60000000000014,76.75,1,2,1.0
3730,2,2200.11,1094.71,44.90000000000009,72.76999999999998,1,2,1.0
3731,1,2041.56,820.93,76.65999999999985,76.71000000000004,1,2,1.0
3731,2,2199.72,1093.2,44.970000000000255,73.37999999999988,1,2,1.0
3732,1,2040.86,819.66,76.72000000000003,76.67000000000007,1,2,1.0
3732,2,2199.33,1091.69,45.039999999999964,74.0,1,2,1.0
3733,1,2040.16,818.38,76.78999999999974,76.63,1,2,1.0
3733,2,2198.95,1090.18,45.090000000000146,74.6099999999999,1,2,1.0
3734,1,2039.46,817.11,76.84999999999991,76.59000000000003,1,2,1.0
3734,2,2198.56,1088.67,45.159999999999854,75.22000000000003,1,2,1.0
3735,1,2038.75,815.84,76.92999999999984,76.54999999999995,1,2,1.0
3735,2,2198.17,1087.16,45.23000000000002,75.83999999999992,1,2,1.0
3736,1,2038.05,814.57,76.99000000000001,76.50999999999999,1,2,1.0
3736,2,2197.79,1085.65,45.289999999999964,76.44999999999982,1,2,1.0
3737,1,2037.35,813.77,77.05000000000018,76.47000000000003,1,2,1.0
3737,2,2197.53,1084.95,45.35999999999967,76.40999999999985,1,2,1.0
3738,1,2036.65,812.97,77.11999999999989,76.43999999999994,1,2,1.0
3738,2,2197.27,1084.25,45.429999999999836,76.36999999999989,1,2,1.0
3739,1,2035.95,812.18,77.18000000000006,76.3900000000001,1,2,1.0
3739,2,2197.02,1083.56,45.49000000000024,76.32000000000016,1,2,1.0
3740,1,2035.25,811.38,77.25,76.35000000000002,1,2,1.0
3740,2,2196.76,1082.86,45.559999999999945,76.2800000000002,1,2,1.0
3741,1,2034.55,810.59,77.31000000000017,76.30999999999995,1,2,1.0
3741,2,2196.51,1082.16,45.61999999999989,76.24000000000001,1,2,1.0
3742,1,2033.84,809.79,77.37999999999988,76.26999999999998,1,2,1.0
3742,2,2196.25,1081.46,45.690000000000055,76.20000000000005,1,2,1.0
3743,1,2033.14,808.99,77.45000000000005,76.23000000000002,1,2,1.0
3743,2,2195.99,1080.77,45.76000000000022,76.15000000000009,1,2,1.0
3744,1,2032.44,808.2,77.50999999999976,76.18999999999994,1,2,1.0
3744,2,2195.74,1080.07,45.820000000000164,76.12000000000012,1,2,1.0
3745,1,2031.74,807.4,77.58000000000015,76.14999999999998,1,2,1.0
3745,2,2195.48,1079.37,45.88999999999987,76.08000000000015,1,2,1.0
3746,1,2031.04,806.61,77.63999999999987,76.11000000000001,1,2,1.0
3746,2,2195.22,1078.68,45.960000000000036,76.02999999999997,1,2,1.0
3747,1,2030.34,805.81,77.70000000000005,76.07000000000005,1,2,1.0
3747,2,2194.97,1077.98,46.01999999999998,75.99000000000001,1,2,1.0
3748,1,2029.63,805.01,77.77999999999975,76.02999999999997,1,2,1.0
3748,2,2194.71,1077.28,46.090000000000146,75.95000000000005,1,2,1.0
3749,1,2028.93,804.22,77.83999999999992,75.99000000000001,1,2,1.0
3749,2,2194.46,1076.59,46.15000000000009,75.90000000000009,1,2,1.0
3750,1,2028.23,803.42,77.90999999999985,75.95000000000005,1,2,1.0
3750,2,2194.2,1075.89,46.210000000000036,75.8599999999999,1,2,1.0
3751,1,2027.53,802.62,77.97000000000003,75.91999999999996,1,2,1.0
3751,2,2193.94,1075.19,46.279999999999745,75.81999999999994,1,2,1.0
3752,1,2026.83,802.34,78.0300000000002,75.87,1,2,1.0
3752,2,2193.69,1074.8,46.340000000000146,75.76999999999998,1,2,1.0
3753,1,2026.13,802.06,78.09999999999991,75.83000000000004,1,2,1.0
3753,2,2193.43,1074.4,46.41000000000031,75.73000000000002,1,2,1.0
3754,1,2025.43,801.78,78.16000000000008,75.79000000000008,1,2,1.0
3754,2,2193.17,1074.01,46.48000000000002,75.69000000000005,1,2,1.0
3755,1,2024.72,801.49,78.24000000000001,75.75999999999999,1,2,1.0
3755,2,2192.92,1073.61,46.539999999999964,75.65000000000009,1,2,1.0
3756,1,2024.02,801.21,78.30000000000018,75.70999999999992,1,2,1.0
3756,2,2192.66,1073.22,46.61000000000013,75.59999999999991,1,2,1.0
3757,1,2023.32,800.93,78.3599999999999,75.67000000000007,1,2,1.0
3757,2,2192.41,1072.82,46.67000000000007,75.56000000000017,1,2,1.0
3758,1,2022.62,800.64,78.43000000000029,75.63999999999999,1,2,1.0
3758,2,2192.15,1072.43,46.73999999999978,75.51999999999998,1,2,1.0
3759,1,2021.92,800.36,78.48999999999978,75.59000000000003,1,2,1.0
3759,2,2191.89,1072.03,46.809999999999945,75.48000000000002,1,2,1.0
3760,1,2021.22,800.08,78.56000000000017,75.54999999999995,1,2,1.0
3760,2,2191.64,1071.64,46.870000000000346,75.42999999999984,1,2,1.0
3761,1,2020.52,799.79,78.61999999999989,75.51999999999998,1,2,1.0
3761,2,2191.38,1071.24,46.940000000000055,75.3900000000001,1,2,1.0
3762,1,2019.81,799.43,78.69000000000005,75.47000000000003,1,2,1.0
3762,2,2191.01,1071.13,47.00999999999976,75.34999999999991,1,2,1.0
3763,1,2019.11,799.06,78.75999999999999,75.43000000000006,1,2,1.0
3763,2,2190.64,1071.02,47.070000000000164,75.30999999999995,1,2,1.0
3764,1,2018.41,798.69,78.81999999999994,75.39999999999998,1,2,1.0
3764,2,2190.27,1070.9,47.13999999999987,75.26999999999998,1,2,1.0
3765,1,2017.71,798.32,78.88999999999987,75.3599999999999,1,2,1.0
3765,2,2189.9,1070.79,47.19999999999982,75.23000000000002,1,2,1.0
3766,1,2017.01,797.95,78.95000000000005,75.31999999999994,1,2,1.0
3766,2,2189.53,1070.68,47.26999999999998,75.17999999999984,1,2,1.0
3767,1,2016.31,797.59,79.01000000000022,75.26999999999998,1,2,1.0
3767,2,2189.16,1070.57,47.340000000000146,75.1400000000001,1,2,1.0
3768,1,2015.61,797.22,79.08000000000015,75.23000000000002,1,2,1.0
3768,2,2188.8,1070.46,47.38999999999987,75.08999999999992,1,2,1.0
3769,1,2014.9,796.85,79.15000000000009,75.19999999999993,1,2,1.0
3769,2,2188.43,1070.34,47.460000000000036,75.06000000000017,1,2,1.0
3770,1,2014.2,796.48,79.22000000000003,75.15999999999997,1,2,1.0
3770,2,2188.06,1070.23,47.5300000000002,75.00999999999999,1,2,1.0
3771,1,2013.5,796.12,79.2800000000002,75.11000000000001,1,2,1.0
3771,2,2187.69,1070.12,47.590000000000146,74.97000000000003,1,2,1.0
3772,1,2012.8,796.58,79.33999999999992,75.06999999999994,1,2,1.0
3772,2,2187.47,1070.38,47.590000000000146,74.92999999999984,1,2,1.0
3773,1,2012.1,797.04,79.41000000000031,75.04000000000008,1,2,1.0
3773,2,2187.25,1070.65,47.57999999999993,74.88999999999987,1,2,1.0
3774,1,2011.4,797.5,79.4699999999998,75.0,1,2,1.0
3774,2,2187.03,1070.92,47.57999999999993,74.83999999999992,1,2,1.0
3775,1,2010.69,797.96,79.54999999999973,74.95999999999992,1,2,1.0
3775,2,2186.81,1071.18,47.570000000000164,74.79999999999995,1,2,1.0
3776,1,2009.99,798.43,79.6099999999999,74.91000000000008,1,2,1.0
3776,2,2186.59,1071.45,47.559999999999945,74.75,1,2,1.0
3777,1,2009.29,798.89,79.67000000000007,74.88,1,2,1.0
3777,2,2186.38,1071.71,47.54999999999973,74.72000000000003,1,2,1.0
3778,1,2008.59,799.35,79.74000000000001,74.84000000000003,1,2,1.0
3778,2,2186.16,1071.98,47.539999999999964,74.67000000000007,1,2,1.0
3779,1,2007.89,799.81,79.79999999999995,74.80000000000007,1,2,1.0
3779,2,2185.94,1072.24,47.539999999999964,74.62999999999988,1,2,1.0
3780,1,2007.19,800.28,79.86999999999989,74.75,1,2,1.0
3780,2,2185.72,1072.51,47.5300000000002,74.58999999999992,1,2,1.0
3781,1,2006.49,800.74,79.93000000000006,74.72000000000003,1,2,1.0
3781,2,2185.5,1072.77,47.5300000000002,74.54999999999995,1,2,1.0
3782,1,2005.78,801.2,80.00000000000023,74.67999999999995,1,2,1.0
3782,2,2185.28,1073.04,47.51999999999998,74.5,1,2,1.0
3783,1,2005.08,801.66,80.07000000000016,74.63999999999999,1,2,1.0
3783,2,2185.06,1073.3,47.51999999999998,74.46000000000004,1,2,1.0
3784,1,2004.38,802.12,80.13000000000011,74.60000000000002,1,2,1.0
3784,2,2184.85,1073.57,47.5,74.42000000000007,1,2,1.0
3785,1,2003.68,802.59,80.20000000000005,74.55999999999995,1,2,1.0
3785,2,2184.63,1073.83,47.5,74.38000000000011,1,2,1.0
3786,1,2002.98,803.05,80.25999999999976,74.5200000000001,1,2,1.0
3786,2,2184.41,1074.1,47.49000000000024,74.33000000000015,1,2,1.0
3787,1,2002.28,803.96,80.31999999999994,74.48000000000002,1,2,1.0
3787,2,2184.19,1074.81,47.63000000000011,74.28999999999996,1,2,1.0
3788,1,2001.58,804.88,80.38999999999987,74.44000000000005,1,2,1.0
3788,2,2183.97,1075.52,47.76999999999998,74.25,1,2,1.0
3789,1,2000.87,805.79,80.46000000000004,74.40000000000009,1,2,1.0
3789,2,2183.75,1076.23,47.909999999999854,74.21000000000004,1,2,1.0
3790,1,2000.17,806.71,80.52999999999975,74.36000000000001,1,2,1.0
3790,2,2183.54,1076.94,48.039999999999964,74.16999999999985,1,2,1.0
3791,1,1999.47,807.63,80.58999999999992,74.32000000000005,1,2,1.0
3791,2,2183.32,1077.66,48.179999999999836,74.11999999999989,1,2,1.0
3792,1,1998.77,808.54,80.65000000000009,74.28000000000009,1,2,1.0
3792,2,2183.1,1078.37,48.320000000000164,74.08000000000015,1,2,1.0
3793,1,1998.07,809.46,80.72000000000003,74.24000000000001,1,2,1.0
3793,2,2182.88,1079.08,48.460000000000036,74.03999999999996,1,2,1.0
3794,1,1997.37,810.37,80.7800000000002,74.20000000000005,1,2,1.0
3794,2,2182.66,1079.79,48.600000000000364,74.0,1,2,1.0
3795,1,1996.67,811.29,80.84999999999991,74.16000000000008,1,2,1.0
3795,2,2182.44,1080.5,48.73999999999978,73.95000000000005,1,2,1.0
3796,1,1995.96,812.2,80.92000000000007,74.12,1,2,1.0
3796,2,2182.23,1081.21,48.86999999999989,73.90999999999985,1,2,1.0
3797,1,1995.26,813.12,80.97999999999979,74.08000000000004,1,2,1.0
3797,2,2182.01,1081.92,49.00999999999976,73.86999999999989,1,2,1.0
3798,1,1994.56,814.03,81.05000000000018,74.04000000000008,1,2,1.0
3798,2,2181.79,1083.79,49.15000000000009,73.82999999999993,1,2,1.0
3799,1,1993.86,814.95,81.1099999999999,74.0,1,2,1.0
3799,2,2181.57,1085.66,49.289999999999964,73.78999999999996,1,2,1.0
3800,1,1993.16,815.86,81.18000000000006,73.96000000000004,1,2,1.0
3800,2,2181.35,1087.53,49.43000000000029,73.74000000000001,1,2,1.0
3801,1,1992.46,816.78,81.23999999999978,73.92000000000007,1,2,1.0
3801,2,2181.13,1089.4,49.56999999999971,73.69999999999982,1,2,1.0
3802,1,1991.51,818.13,81.37999999999988,73.84000000000003,1,2,1.0
3802,2,2180.65,1090.47,49.65000000000009,73.61999999999989,1,2,1.0
3803,1,1990.56,819.48,81.51999999999998,73.75999999999999,1,2,1.0
3803,2,2180.17,1091.54,49.73000000000002,73.53999999999996,1,2,1.0
3804,1,1989.61,820.83,81.6700000000003,73.67999999999995,1,2,1.0
3804,2,2179.69,1092.61,49.809999999999945,73.45000000000005,1,2,1.0
3805,1,1988.66,822.19,81.80999999999972,73.58999999999992,1,2,1.0
3805,2,2179.21,1093.68,49.88999999999987,73.36999999999989,1,2,1.0
3806,1,1987.71,823.54,81.94999999999982,73.50999999999999,1,2,1.0
3806,2,2178.73,1094.75,49.9699999999998,73.28999999999996,1,2,1.0
3807,1,1986.75,824.89,82.09999999999991,73.43000000000006,1,2,1.0
3807,2,2178.25,1095.82,50.05000000000018,73.21000000000004,1,2,1.0
3808,1,1986.31,826.6,82.24000000000024,73.35000000000002,1,2,1.0
3808,2,2178.02,1098.32,50.13000000000011,73.13000000000011,1,2,1.0
3809,1,1985.86,828.3,82.37999999999988,73.2700000000001,1,2,1.0
3809,2,2177.79,1100.83,50.210000000000036,73.03999999999996,1,2,1.0
3810,1,1985.41,830.01,82.52999999999997,73.18000000000006,1,2,1.0
3810,2,2177.56,1103.33,50.289999999999964,72.96000000000004,1,2,1.0
3811,1,1984.97,831.71,82.66000000000008,73.11000000000001,1,2,1.0
3811,2,2177.33,1105.84,50.38000000000011,72.88000000000011,1,2,1.0
3812,1,1984.52,833.42,82.80999999999995,73.0200000000001,1,2,1.0
3812,2,2177.1,1108.34,50.460000000000036,72.80000000000018,1,2,1.0
3813,1,1984.07,835.12,82.95000000000005,72.93999999999994,1,2,1.0
3813,2,2176.87,1110.84,50.539999999999964,72.72000000000003,1,2,1.0
3814,1,1983.62,836.83,83.09999999999991,72.86000000000001,1,2,1.0
3814,2,2176.64,1113.35,50.620000000000346,72.63000000000011,1,2,1.0
3815,1,1983.18,838.53,83.22999999999979,72.77999999999997,1,2,1.0
3815,2,2176.41,1115.85,50.70000000000027,72.55000000000018,1,2,1.0
3816,1,1982.73,840.24,83.38000000000011,72.68999999999994,1,2,1.0
3816,2,2176.18,1118.36,50.7800000000002,72.47000000000003,1,2,1.0
3817,1,1981.53,843.46,83.52000000000021,72.61000000000001,1,2,1.0
3817,2,2176.06,1120.81,50.86999999999989,72.3900000000001,1,2,1.0
3818,1,1980.33,846.68,83.65999999999985,72.53000000000009,1,2,1.0
3818,2,2175.95,1123.27,50.940000000000055,72.30999999999995,1,2,1.0
3819,1,1979.13,849.9,83.80999999999995,72.45000000000005,1,2,1.0
3819,2,2175.83,1125.73,51.0300000000002,72.22000000000003,1,2,1.0
3820,1,1977.93,853.12,83.95000000000005,72.36000000000001,1,2,1.0
3820,2,2175.71,1128.18,51.11000000000013,72.14999999999986,1,2,1.0
3821,1,1976.73,856.33,84.09000000000015,72.28999999999996,1,2,1.0
3821,2,2175.6,1130.64,51.190000000000055,72.05999999999995,1,2,1.0
3822,1,1975.91,858.53,84.22999999999979,73.34000000000003,1,2,1.0
3822,2,2174.9,1132.53,51.61000000000013,73.76999999999998,1,2,1.0
3823,1,1975.08,860.72,84.36999999999989,74.38999999999999,1,2,1.0
3823,2,2174.21,1134.42,52.01999999999998,75.48000000000002,1,2,1.0
3824,1,1974.25,862.91,84.51000000000022,75.45000000000005,1,2,1.0
3824,2,2173.51,1136.31,52.429999999999836,77.19000000000005,1,2,1.0
3825,1,1973.42,865.1,84.65000000000009,76.50999999999999,1,2,1.0
3825,2,2172.82,1138.2,52.83999999999969,78.89999999999986,1,2,1.0
3826,1,1972.59,867.29,84.79999999999995,77.56000000000006,1,2,1.0
3826,2,2172.12,1140.09,53.26000000000022,80.61000000000013,1,2,1.0
3827,1,1971.77,869.49,84.92999999999984,78.61000000000001,1,2,1.0
3827,2,2171.42,1141.98,53.679999999999836,82.31999999999994,1,2,1.0
3828,1,1970.92,871.88,85.07999999999993,78.44000000000005,1,2,1.0
3828,2,2171.23,1144.5,53.73000000000002,82.08999999999992,1,2,1.0
3829,1,1970.08,874.28,85.22000000000025,78.26999999999998,1,2,1.0
3829,2,2171.04,1147.02,53.7800000000002,81.86000000000013,1,2,1.0
3830,1,1969.24,876.68,85.3599999999999,78.09000000000003,1,2,1.0
3830,2,2170.85,1149.54,53.82999999999993,81.63000000000011,1,2,1.0
3831,1,1968.4,879.08,85.5,77.91999999999996,1,2,1.0
3831,2,2170.65,1152.06,53.90000000000009,81.41000000000008,1,2,1.0
3832,1,1967.56,881.48,85.63999999999987,77.74000000000001,1,2,1.0
3832,2,2170.46,1154.58,53.94999999999982,81.18000000000006,1,2,1.0
3833,1,1966.72,883.88,85.79000000000019,77.57000000000005,1,2,1.0
3833,2,2170.27,1157.09,54.0,80.96000000000004,1,2,1.0
3834,1,1965.88,886.28,85.92999999999984,77.38999999999999,1,2,1.0
3834,2,2170.07,1159.61,54.059999999999945,80.73000000000002,1,2,1.0
3835,1,1965.03,888.68,86.08000000000015,77.22000000000003,1,2,1.0
3835,2,2169.88,1162.13,54.10999999999967,80.5,1,2,1.0
3836,1,1964.19,891.07,86.2199999999998,77.04999999999995,1,2,1.0
3836,2,2169.69,1164.65,54.159999999999854,80.26999999999998,1,2,1.0
3837,1,1963.35,893.47,86.36000000000013,76.88,1,2,1.0
3837,2,2169.5,1167.17,54.210000000000036,80.03999999999996,1,2,1.0
3838,1,1962.51,895.87,86.50000000000023,76.70000000000005,1,2,1.0
3838,2,2169.3,1169.69,54.26999999999998,79.80999999999995,1,2,1.0
3839,1,1961.67,898.27,86.63999999999987,76.52999999999997,1,2,1.0
3839,2,2169.11,1172.21,54.32999999999993,79.58999999999992,1,2,1.0
3840,1,1960.8,899.45,86.78999999999996,76.34999999999991,1,2,1.0
3840,2,2168.58,1173.21,54.38999999999987,79.3599999999999,1,2,1.0
3841,1,1959.94,900.63,86.92999999999984,76.17999999999995,1,2,1.0
3841,2,2168.06,1174.22,54.440000000000055,79.12999999999988,1,2,1.0
3842,1,1959.08,901.81,87.07000000000016,76.0,1,2,1.0
3842,2,2167.54,1175.22,54.48000000000002,78.91000000000008,1,2,1.0
3843,1,1958.21,902.99,87.22000000000003,75.83000000000004,1,2,1.0
3843,2,2167.01,1176.23,54.539999999999964,78.68000000000006,1,2,1.0
3844,1,1957.35,904.17,87.36000000000013,75.65000000000009,1,2,1.0
3844,2,2166.49,1177.24,54.590000000000146,78.45000000000005,1,2,1.0
3845,1,1956.49,905.34,87.49000000000001,75.49000000000001,1,2,1.0
3845,2,2165.96,1178.24,54.65000000000009,78.23000000000002,1,2,1.0
3846,1,1955.62,906.52,87.6400000000001,75.31000000000006,1,2,1.0
3846,2,2165.44,1179.25,54.69999999999982,78.0,1,2,1.0
3847,1,1954.76,907.7,87.77999999999997,75.13999999999999,1,2,1.0
3847,2,2164.91,1180.26,54.76000000000022,77.76999999999998,1,2,1.0
3848,1,1953.9,908.88,87.91999999999985,74.96000000000004,1,2,1.0
3848,2,2164.39,1181.26,54.809999999999945,77.54999999999995,1,2,1.0
3849,1,1953.03,910.06,88.06999999999994,74.79000000000008,1,2,1.0
3849,2,2163.86,1182.27,54.86999999999989,77.31999999999994,1,2,1.0
3850,1,1952.17,911.24,88.21000000000004,74.61000000000001,1,2,1.0
3850,2,2163.34,1183.27,54.92000000000007,77.09999999999991,1,2,1.0
3851,1,1951.31,912.42,88.35000000000014,74.44000000000005,1,2,1.0
3851,2,2162.81,1184.28,54.98000000000002,76.86000000000013,1,2,1.0
3852,1,1950.44,913.6,88.5,74.25999999999999,1,2,1.0
3852,2,2162.29,1185.29,55.0300000000002,76.63000000000011,1,2,1.0
3853,1,1949.58,914.77,88.6400000000001,74.10000000000002,1,2,1.0
3853,2,2161.76,1186.29,55.08999999999969,76.41000000000008,1,2,1.0
3854,1,1948.72,915.95,88.77999999999997,73.91999999999996,1,2,1.0
3854,2,2161.24,1187.3,55.14000000000033,76.18000000000006,1,2,1.0
3855,1,1947.85,917.13,88.92000000000007,73.75,1,2,1.0
3855,2,2160.71,1188.31,55.19999999999982,75.95000000000005,1,2,1.0
3856,1,1946.99,918.31,89.05999999999995,73.57000000000005,1,2,1.0
3856,2,2160.19,1189.31,55.25,75.73000000000002,1,2,1.0
3857,1,1945.69,917.96,89.21000000000004,73.39999999999998,1,2,1.0
3857,2,2159.52,1188.66,55.30000000000018,75.88999999999987,1,2,1.0
3858,1,1944.4,917.61,89.33999999999992,73.22000000000003,1,2,1.0
3858,2,2158.84,1188.0,55.36999999999989,76.05999999999995,1,2,1.0
3859,1,1943.1,917.26,89.49000000000001,73.04999999999995,1,2,1.0
3859,2,2158.17,1187.35,55.42000000000007,76.22000000000003,1,2,1.0
3860,1,1941.8,916.91,89.63000000000011,72.87,1,2,1.0
3860,2,2157.5,1186.7,55.48000000000002,76.37999999999988,1,2,1.0
3861,1,1940.5,916.56,89.77999999999997,72.70000000000005,1,2,1.0
3861,2,2156.83,1186.04,55.5300000000002,76.54999999999995,1,2,1.0
3862,1,1939.21,916.2,89.92000000000007,72.52999999999997,1,2,1.0
3862,2,2156.15,1185.39,55.59999999999991,76.70999999999981,1,2,1.0
3863,1,1937.91,915.85,90.05999999999995,72.36000000000001,1,2,1.0
3863,2,2155.48,1184.73,55.65000000000009,76.87999999999988,1,2,1.0
3864,1,1936.61,915.5,90.21000000000004,72.17999999999995,1,2,1.0
3864,2,2154.81,1184.08,55.710000000000036,77.05000000000018,1,2,1.0
3865,1,1935.32,915.15,90.34000000000015,72.00999999999999,1,2,1.0
3865,2,2154.14,1183.43,55.76000000000022,77.21000000000004,1,2,1.0
3866,1,1934.02,914.8,90.49000000000001,71.83000000000004,1,2,1.0
3866,2,2153.46,1182.77,55.82999999999993,77.38000000000011,1,2,1.0
3867,1,1932.72,914.45,90.62999999999988,71.65999999999997,1,2,1.0
3867,2,2152.79,1182.12,55.88000000000011,77.54000000000019,1,2,1.0
3868,1,1931.43,914.1,90.76999999999998,71.48000000000002,1,2,1.0
3868,2,2152.12,1181.46,55.940000000000055,77.71000000000004,1,2,1.0
3869,1,1930.13,913.75,90.90999999999985,71.30999999999995,1,2,1.0
3869,2,2151.45,1180.81,55.99000000000024,77.87000000000012,1,2,1.0
3870,1,1928.83,913.4,91.06000000000017,71.13,1,2,1.0
3870,2,2150.77,1180.16,56.059999999999945,78.02999999999997,1,2,1.0
3871,1,1927.53,913.04,91.20000000000005,70.97000000000003,1,2,1.0
3871,2,2150.1,1179.5,56.11000000000013,78.20000000000005,1,2,1.0
3872,1,1926.69,912.92,91.34999999999991,70.79000000000008,1,2,1.0
3872,2,2149.53,1179.03,56.16999999999962,77.76999999999998,1,2,1.0
3873,1,1925.85,912.8,91.49000000000001,70.61000000000001,1,2,1.0
3873,2,2148.96,1178.55,56.2199999999998,77.35000000000014,1,2,1.0
3874,1,1925.01,912.68,91.63000000000011,70.44000000000005,1,2,1.0
3874,2,2148.39,1178.08,56.26999999999998,76.93000000000006,1,2,1.0
3875,1,1924.17,912.55,91.76999999999998,70.2700000000001,1,2,1.0
3875,2,2147.82,1177.6,56.31999999999971,76.50999999999999,1,2,1.0
3876,1,1923.33,912.43,91.91000000000008,70.09000000000003,1,2,1.0
3876,2,2147.25,1177.13,56.38000000000011,76.07999999999993,1,2,1.0
3877,1,1922.49,912.31,92.04999999999995,69.92000000000007,1,2,1.0
3877,2,2146.68,1176.65,56.43000000000029,75.65999999999985,1,2,1.0
3878,1,1921.65,912.18,92.19999999999982,69.75,1,2,1.0
3878,2,2146.11,1176.18,56.48000000000002,75.24000000000001,1,2,1.0
3879,1,1920.81,912.06,92.34000000000015,69.57000000000005,1,2,1.0
3879,2,2145.54,1175.7,56.539999999999964,74.81999999999994,1,2,1.0
3880,1,1919.97,911.94,92.48000000000002,69.39999999999998,1,2,1.0
3880,2,2144.97,1175.23,56.590000000000146,74.38999999999987,1,2,1.0
3881,1,1919.13,911.82,92.61999999999989,69.21999999999991,1,2,1.0
3881,2,2144.4,1174.76,56.63999999999987,73.96000000000004,1,2,1.0
3882,1,1918.29,911.69,92.75999999999999,69.04999999999995,1,2,1.0
3882,2,2143.83,1174.28,56.70000000000027,73.53999999999996,1,2,1.0
3883,1,1917.45,911.57,92.90999999999985,68.88,1,2,1.0
3883,2,2143.26,1173.81,56.75,73.12000000000012,1,2,1.0
3884,1,1916.34,911.72,93.05000000000018,68.69999999999993,1,2,1.0
3884,2,2142.69,1174.01,56.79999999999973,72.70000000000005,1,2,1.0
3885,1,1915.22,911.87,93.20000000000005,68.52999999999997,1,2,1.0
3885,2,2142.12,1174.22,56.84999999999991,72.26999999999998,1,2,1.0
3886,1,1914.11,912.02,93.34000000000015,68.35000000000002,1,2,1.0
3886,2,2141.55,1174.42,56.909999999999854,71.84999999999991,1,2,1.0
3887,1,1913.0,912.17,93.48000000000002,68.18000000000006,1,2,1.0
3887,2,2140.98,1174.63,56.960000000000036,71.41999999999985,1,2,1.0
3888,1,1911.89,912.32,93.61999999999989,68.0,1,2,1.0
3888,2,2140.41,1174.83,57.01000000000022,71.00999999999999,1,2,1.0
3889,1,1910.78,912.47,93.75999999999999,67.82999999999993,1,2,1.0
3889,2,2139.85,1175.04,57.059999999999945,70.57999999999993,1,2,1.0
3890,1,1909.66,912.61,93.90999999999985,67.65999999999997,1,2,1.0
3890,2,2139.28,1175.24,57.10999999999967,70.16000000000008,1,2,1.0
3891,1,1908.55,912.76,94.04999999999995,67.49000000000001,1,2,1.0
3891,2,2138.71,1175.44,57.159999999999854,69.74000000000001,1,2,1.0
3892,1,1907.44,912.91,94.19000000000005,67.31000000000006,1,2,1.0
3892,2,2138.14,1175.65,57.210000000000036,69.30999999999995,1,2,1.0
3893,1,1906.33,913.06,94.33000000000015,67.1400000000001,1,2,1.0
3893,2,2137.57,1175.85,57.26999999999998,68.90000000000009,1,2,1.0
3894,1,1905.21,913.21,94.48000000000002,66.95999999999992,1,2,1.0
3894,2,2137.0,1176.06,57.320000000000164,68.47000000000003,1,2,1.0
3895,1,1904.1,913.36,94.62000000000012,66.78999999999996,1,2,1.0
3895,2,2136.43,1176.26,57.370000000000346,68.04999999999995,1,2,1.0
3896,1,1902.99,913.51,94.75999999999999,66.61000000000001,1,2,1.0
3896,2,2135.86,1176.47,57.429999999999836,67.61999999999989,1,2,1.0
3897,1,1901.88,913.66,94.89999999999986,66.44000000000005,1,2,1.0
3897,2,2135.29,1176.67,57.48000000000002,67.19999999999982,1,2,1.0
3898,1,1900.77,913.81,95.03999999999996,66.2600000000001,1,2,1.0
3898,2,2134.72,1176.88,57.5300000000002,66.76999999999998,1,2,1.0
3899,1,1899.65,913.95,95.18999999999983,66.09999999999991,1,2,1.0
3899,2,2134.15,1177.08,57.57999999999993,66.36000000000013,1,2,1.0
3900,1,1898.54,914.1,95.32999999999993,65.91999999999996,1,2,1.0
3900,2,2133.58,1177.29,57.63999999999987,65.93000000000006,1,2,1.0
3901,1,1897.43,914.25,95.47000000000003,65.75,1,2,1.0
3901,2,2133.01,1177.49,57.6899999999996,65.50999999999999,1,2,1.0
3902,1,1895.8,914.11,95.59000000000015,65.71000000000004,1,2,1.0
3902,2,2132.31,1176.17,57.82999999999993,67.1099999999999,1,2,1.0
3903,1,1894.18,913.97,95.71000000000004,65.67999999999995,1,2,1.0
3903,2,2131.61,1174.85,57.960000000000036,68.72000000000003,1,2,1.0
3904,1,1892.56,913.83,95.82000000000016,65.63999999999999,1,2,1.0
3904,2,2130.91,1173.53,58.100000000000364,70.31999999999994,1,2,1.0
3905,1,1890.93,913.69,95.93999999999983,65.6099999999999,1,2,1.0
3905,2,2130.21,1172.2,58.23999999999978,71.93000000000006,1,2,1.0
3906,1,1889.31,913.55,96.05999999999995,65.57000000000005,1,2,1.0
3906,2,2129.52,1170.88,58.36000000000013,73.53999999999996,1,2,1.0
3907,1,1887.68,913.41,96.17999999999984,65.54000000000008,1,2,1.0
3907,2,2128.82,1169.56,58.5,75.1400000000001,1,2,1.0
3908,1,1886.75,913.73,96.29999999999995,65.50999999999999,1,2,1.0
3908,2,2128.39,1169.83,58.63000000000011,75.18000000000006,1,2,1.0
3909,1,1885.82,914.06,96.42000000000007,65.48000000000002,1,2,1.0
3909,2,2127.95,1170.1,58.7800000000002,75.22000000000003,1,2,1.0
3910,1,1884.89,914.39,96.53999999999996,65.44000000000005,1,2,1.0
3910,2,2127.52,1170.37,58.909999999999854,75.27000000000021,1,2,1.0
3911,1,1883.96,914.72,96.64999999999986,65.40999999999997,1,2,1.0
3911,2,2127.09,1170.64,59.039999999999964,75.30999999999995,1,2,1.0
3912,1,1883.03,915.05,96.76999999999998,65.37,1,2,1.0
3912,2,2126.65,1170.91,59.179999999999836,75.34999999999991,1,2,1.0
3913,1,1882.1,915.38,96.8900000000001,65.34000000000003,1,2,1.0
3913,2,2126.22,1171.18,59.3100000000004,75.38999999999987,1,2,1.0
3914,1,1881.16,915.71,97.01999999999998,65.29999999999995,1,2,1.0
3914,2,2125.79,1171.45,59.44999999999982,75.43000000000006,1,2,1.0
3915,1,1880.23,916.04,97.12999999999988,65.25999999999999,1,2,1.0
3915,2,2125.36,1171.72,59.57999999999993,75.47000000000003,1,2,1.0
3916,1,1879.3,916.37,97.25,65.23000000000002,1,2,1.0
3916,2,2124.92,1171.99,59.7199999999998,75.51999999999998,1,2,1.0
3917,1,1878.37,916.69,97.37000000000012,65.19999999999993,1,2,1.0
3917,2,2124.49,1172.26,59.850000000000364,75.55999999999995,1,2,1.0
3918,1,1877.44,917.02,97.49000000000001,65.17000000000007,1,2,1.0
3918,2,2124.06,1172.53,59.99000000000024,75.60000000000014,1,2,1.0
3919,1,1876.51,917.35,97.59999999999991,65.13,1,2,1.0
3919,2,2123.62,1172.8,60.13000000000011,75.6400000000001,1,2,1.0
3920,1,1875.58,918.87,97.72000000000003,65.10000000000002,1,2,1.0
3920,2,2123.28,1173.89,60.25999999999976,75.68999999999983,1,2,1.0
3921,1,1874.65,920.39,97.83999999999992,65.06000000000006,1,2,1.0
3921,2,2122.95,1174.99,60.39000000000033,75.73000000000002,1,2,1.0
3922,1,1873.72,921.9,97.96000000000004,65.02999999999997,1,2,1.0
3922,2,2122.61,1176.09,60.529999999999745,75.76999999999998,1,2,1.0
3923,1,1872.79,923.42,98.07999999999993,64.99000000000001,1,2,1.0
3923,2,2122.27,1177.19,60.659999999999854,75.80999999999995,1,2,1.0
3924,1,1871.86,924.94,98.19000000000005,64.95999999999992,1,2,1.0
3924,2,2121.93,1178.28,60.80000000000018,75.86000000000013,1,2,1.0
3925,1,1870.92,926.45,98.31999999999994,64.92999999999995,1,2,1.0
3925,2,2121.59,1179.38,60.929999999999836,75.89999999999986,1,2,1.0
3926,1,1869.99,927.97,98.44000000000005,64.88999999999999,1,2,1.0
3926,2,2121.25,1180.48,61.070000000000164,75.94000000000005,1,2,1.0
3927,1,1869.06,929.49,98.55999999999995,64.86000000000001,1,2,1.0
3927,2,2120.91,1181.58,61.20000000000027,75.98000000000002,1,2,1.0
3928,1,1868.13,931.01,98.66999999999985,64.82000000000005,1,2,1.0
3928,2,2120.57,1182.68,61.33999999999969,76.01999999999998,1,2,1.0
3929,1,1867.2,932.52,98.78999999999996,64.78999999999996,1,2,1.0
3929,2,2120.23,1183.77,61.48000000000002,76.06999999999994,1,2,1.0
3930,1,1866.27,934.04,98.91000000000008,64.75,1,2,1.0
3930,2,2119.89,1184.87,61.61000000000013,76.11000000000013,1,2,1.0
3931,1,1865.34,935.39,99.02999999999997,64.71000000000004,1,2,1.0
3931,2,2119.37,1186.11,61.75,76.1400000000001,1,2,1.0
3932,1,1864.41,936.73,99.13999999999987,64.68999999999994,1,2,1.0
3932,2,2118.86,1187.34,61.879999999999654,76.19000000000005,1,2,1.0
3933,1,1863.48,938.08,99.25999999999999,64.64999999999998,1,2,1.0
3933,2,2118.34,1188.57,62.00999999999976,76.23000000000002,1,2,1.0
3934,1,1862.55,939.42,99.38000000000011,64.62,1,2,1.0
3934,2,2117.82,1189.81,62.149999999999636,76.26999999999998,1,2,1.0
3935,1,1861.62,940.77,99.5,64.58000000000004,1,2,1.0
3935,2,2117.3,1191.04,62.289999999999964,76.31999999999994,1,2,1.0
3936,1,1860.68,942.11,99.61999999999989,64.54999999999995,1,2,1.0
3936,2,2116.79,1192.28,62.42000000000007,76.35000000000014,1,2,1.0
3937,1,1859.75,943.46,99.74000000000001,64.50999999999999,1,2,1.0
3937,2,2116.27,1193.51,62.559999999999945,76.40000000000009,1,2,1.0
3938,1,1858.82,944.8,99.86000000000013,64.48000000000002,1,2,1.0
3938,2,2115.75,1194.74,62.690000000000055,76.44000000000005,1,2,1.0
3939,1,1857.89,946.15,99.97999999999979,64.44000000000005,1,2,1.0
3939,2,2115.23,1195.98,62.82999999999993,76.48000000000002,1,2,1.0
3940,1,1856.96,947.49,100.09999999999991,64.40999999999997,1,2,1.0
3940,2,2114.72,1197.21,62.960000000000036,76.52999999999997,1,2,1.0
3941,1,1856.03,948.84,100.21000000000004,64.38,1,2,1.0
3941,2,2114.2,1198.45,63.100000000000364,76.55999999999995,1,2,1.0
3942,1,1855.0,948.87,100.32999999999993,64.35000000000002,1,2,1.0
3942,2,2113.8,1198.47,63.23000000000002,76.6099999999999,1,2,1.0
3943,1,1853.97,948.91,100.45000000000005,64.31000000000006,1,2,1.0
3943,2,2113.39,1198.49,63.370000000000346,76.65000000000009,1,2,1.0
3944,1,1852.94,948.95,100.56999999999994,64.26999999999998,1,2,1.0
3944,2,2112.99,1198.52,63.5,76.69000000000005,1,2,1.0
3945,1,1851.92,948.98,100.67999999999984,64.24000000000001,1,2,1.0
3945,2,2112.58,1198.54,63.63999999999987,76.73000000000002,1,2,1.0
3946,1,1850.89,949.02,100.79999999999995,64.21000000000004,1,2,1.0
3946,2,2112.18,1198.56,63.76999999999998,76.77999999999997,1,2,1.0
3947,1,1849.86,949.06,100.92000000000007,64.17000000000007,1,2,1.0
3947,2,2111.77,1198.58,63.909999999999854,76.82000000000016,1,2,1.0
3948,1,1848.83,949.09,101.03999999999996,64.13999999999999,1,2,1.0
3948,2,2111.37,1198.61,64.03999999999996,76.86000000000013,1,2,1.0
3949,1,1847.8,949.13,101.16000000000008,64.10000000000002,1,2,1.0
3949,2,2110.96,1198.63,64.17999999999984,76.89999999999986,1,2,1.0
3950,1,1846.77,949.16,101.27999999999997,64.07000000000005,1,2,1.0
3950,2,2110.56,1198.65,64.30999999999995,76.94999999999982,1,2,1.0
3951,1,1845.74,949.2,101.40000000000009,64.02999999999997,1,2,1.0
3951,2,2110.15,1198.68,64.44999999999982,76.98000000000002,1,2,1.0
3952,1,1844.44,948.81,101.51999999999998,64.0,1,2,1.0
3952,2,2109.57,1198.25,64.58999999999969,77.02999999999997,1,2,1.0
3953,1,1843.14,948.41,101.62999999999988,63.97000000000003,1,2,1.0
3953,2,2108.99,1197.82,64.72000000000025,77.07000000000016,1,2,1.0
3954,1,1841.83,948.02,101.75999999999999,63.930000000000064,1,2,1.0
3954,2,2108.41,1197.39,64.85000000000036,77.1099999999999,1,2,1.0
3955,1,1840.53,947.62,101.87000000000012,63.89999999999998,1,2,1.0
3955,2,2107.83,1196.97,64.99000000000024,77.14999999999986,1,2,1.0
3956,1,1839.23,947.23,101.99000000000001,63.860000000000014,1,2,1.0
3956,2,2107.25,1196.54,65.11999999999989,77.19000000000005,1,2,1.0
3957,1,1837.93,946.83,102.09999999999991,63.82999999999993,1,2,1.0
3957,2,2106.67,1196.11,65.25999999999976,77.24000000000001,1,2,1.0
3958,1,1836.62,946.44,102.23000000000002,63.789999999999964,1,2,1.0
3958,2,2106.09,1195.69,65.38999999999987,77.26999999999998,1,2,1.0
3959,1,1835.32,946.05,102.35000000000014,63.75999999999999,1,2,1.0
3959,2,2105.51,1195.26,65.52999999999975,77.31999999999994,1,2,1.0
3960,1,1834.02,945.65,102.46000000000004,63.73000000000002,1,2,1.0
3960,2,2104.93,1194.83,65.66000000000031,77.36000000000013,1,2,1.0
3961,1,1832.71,945.26,102.58999999999992,63.690000000000055,1,2,1.0
3961,2,2104.35,1194.41,65.80000000000018,77.39999999999986,1,2,1.0
3962,1,1831.9,945.6,102.69999999999982,63.64999999999998,1,2,1.0
3962,2,2104.13,1194.44,65.94000000000005,77.44000000000005,1,2,1.0
3963,1,1831.09,945.94,102.82000000000016,63.61999999999989,1,2,1.0
3963,2,2103.92,1194.47,66.06999999999971,77.49000000000001,1,2,1.0
3964,1,1830.27,946.28,102.94000000000005,63.59000000000003,1,2,1.0
3964,2,2103.71,1194.51,66.19999999999982,77.52999999999997,1,2,1.0
3965,1,1829.46,946.62,103.05999999999995,63.549999999999955,1,2,1.0
3965,2,2103.49,1194.54,66.34000000000015,77.56999999999994,1,2,1.0
3966,1,1828.65,946.95,103.16999999999985,63.52999999999997,1,2,1.0
3966,2,2103.28,1194.57,66.4699999999998,77.62000000000012,1,2,1.0
3967,1,1827.83,947.29,103.30000000000018,63.49000000000001,1,2,1.0
3967,2,2103.06,1194.61,66.61000000000013,77.65000000000009,1,2,1.0
3968,1,1827.02,947.63,103.41000000000008,63.460000000000036,1,2,1.0
3968,2,2102.85,1194.64,66.75,77.69999999999982,1,2,1.0
3969,1,1826.21,947.97,103.52999999999997,63.41999999999996,1,2,1.0
3969,2,2102.64,1194.68,66.88000000000011,77.73000000000002,1,2,1.0
3970,1,1825.39,948.31,103.64999999999986,63.3900000000001,1,2,1.0
3970,2,2102.42,1194.71,67.01999999999998,77.77999999999997,1,2,1.0
3971,1,1824.58,948.65,103.76999999999998,63.35000000000002,1,2,1.0
3971,2,2102.21,1194.74,67.15000000000009,77.82999999999993,1,2,1.0
3972,1,1823.77,948.99,103.88000000000011,63.319999999999936,1,2,1.0
3972,2,2102.0,1194.78,67.2800000000002,77.86000000000013,1,2,1.0
3973,1,1822.95,949.33,104.00999999999999,63.27999999999997,1,2,1.0
3973,2,2101.78,1194.81,67.41999999999962,77.91000000000008,1,2,1.0
3974,1,1822.14,949.67,104.11999999999989,63.25,1,2,1.0
3974,2,2101.57,1194.85,67.54999999999973,77.94000000000005,1,2,1.0
3975,1,1821.98,950.64,104.24000000000001,63.22000000000003,1,2,1.0
3975,2,2101.76,1195.49,67.6899999999996,77.99000000000001,1,2,1.0
3976,1,1821.82,951.62,104.36000000000013,63.17999999999995,1,2,1.0
3976,2,2101.96,1196.14,67.82000000000016,78.02999999999997,1,2,1.0
3977,1,1821.66,952.59,104.48000000000002,63.14999999999998,1,2,1.0
3977,2,2102.15,1196.78,67.96000000000004,78.07999999999993,1,2,1.0
3978,1,1821.49,953.57,104.59999999999991,63.1099999999999,1,2,1.0
3978,2,2102.34,1197.43,68.09999999999991,78.11999999999989,1,2,1.0
3979,1,1821.33,954.54,104.72000000000003,63.08000000000004,1,2,1.0
3979,2,2102.54,1198.08,68.23000000000002,78.15000000000009,1,2,1.0
3980,1,1821.17,955.51,104.83999999999992,63.039999999999964,1,2,1.0
3980,2,2102.73,1198.72,68.36999999999989,78.20000000000005,1,2,1.0
3981,1,1821.01,956.49,104.96000000000004,63.0,1,2,1.0
3981,2,2102.93,1199.37,68.5,78.24000000000001,1,2,1.0
3982,1,1820.85,957.46,105.07000000000016,62.969999999999914,1,2,1.0
3982,2,2103.12,1200.02,68.64000000000033,78.27999999999997,1,2,1.0
3983,1,1820.69,958.43,105.19000000000005,62.940000000000055,1,2,1.0
3983,2,2103.31,1200.66,68.76999999999998,78.32999999999993,1,2,1.0
3984,1,1820.53,959.41,105.30999999999995,62.89999999999998,1,2,1.0
3984,2,2103.51,1201.31,68.89999999999964,78.37000000000012,1,2,1.0
3985,1,1820.37,960.38,105.42000000000007,62.870000000000005,1,2,1.0
3985,2,2103.7,1201.96,69.03999999999996,78.39999999999986,1,2,1.0
3986,1,1820.2,961.36,105.54999999999995,62.83000000000004,1,2,1.0
3986,2,2103.9,1202.6,69.17000000000007,78.45000000000005,1,2,1.0
3987,1,1818.87,963.44,105.67000000000007,62.799999999999955,1,2,1.0
3987,2,2103.27,1204.8,69.30999999999995,78.49000000000001,1,2,1.0
3988,1,1817.53,965.53,105.78999999999996,62.75999999999999,1,2,1.0
3988,2,2102.64,1207.0,69.44000000000005,78.52999999999997,1,2,1.0
3989,1,1816.2,967.61,105.89999999999986,62.739999999999895,1,2,1.0
3989,2,2102.01,1209.2,69.57999999999993,78.56999999999994,1,2,1.0
3990,1,1814.86,969.7,106.02000000000021,62.700000000000045,1,2,1.0
3990,2,2101.38,1211.4,69.7199999999998,78.61999999999989,1,2,1.0
3991,1,1813.53,971.78,106.1400000000001,62.67000000000007,1,2,1.0
3991,2,2100.75,1213.6,69.84999999999991,78.66000000000008,1,2,1.0
3992,1,1812.19,973.87,106.25999999999999,62.629999999999995,1,2,1.0
3992,2,2100.12,1215.8,69.99000000000024,78.70000000000005,1,2,1.0
3993,1,1810.86,975.96,106.37000000000012,62.58999999999992,1,2,1.0
3993,2,2099.49,1217.99,70.13000000000011,78.75,1,2,1.0
3994,1,1809.52,978.04,106.5,62.559999999999945,1,2,1.0
3994,2,2098.86,1220.19,70.25999999999976,78.78999999999996,1,2,1.0
3995,1,1808.19,980.13,106.6099999999999,62.520000000000095,1,2,1.0
3995,2,2098.24,1222.39,70.39000000000033,78.82999999999993,1,2,1.0
3996,1,1806.85,982.21,106.73000000000002,62.5,1,2,1.0
3996,2,2097.61,1224.59,70.51999999999998,78.87000000000012,1,2,1.0
3997,1,1805.52,984.3,106.84999999999991,62.460000000000036,1,2,1.0
3997,2,2096.98,1226.79,70.65999999999985,78.91000000000008,1,2,1.0
3998,1,1804.18,987.72,106.97000000000003,62.42000000000007,1,2,1.0
3998,2,2096.68,1230.32,70.80000000000018,78.95000000000005,1,2,1.0
3999,1,1802.84,991.14,107.09000000000015,62.389999999999986,1,2,1.0
3999,2,2096.39,1233.86,70.93000000000029,78.99000000000001,1,2,1.0
4000,1,1801.51,994.56,107.21000000000004,62.350000000000136,1,2,1.0
4000,2,2096.09,1237.39,71.06999999999971,79.02999999999997,1,2,1.0
4001,1,1800.17,997.98,107.32999999999993,62.319999999999936,1,2,1.0
4001,2,2095.8,1240.92,71.19999999999982,79.07999999999993,1,2,1.0
4002,1,1798.6,1000.99,107.44000000000005,62.210000000000036,1,2,1.0
4002,2,2094.87,1243.51,71.38000000000011,79.01999999999998,1,2,1.0
4003,1,1797.03,1004.01,107.53999999999996,62.09999999999991,1,2,1.0
4003,2,2093.94,1246.09,71.54999999999973,78.98000000000002,1,2,1.0
4004,1,1795.45,1007.02,107.65999999999985,61.99000000000001,1,2,1.0
4004,2,2093.01,1248.68,71.72999999999956,78.91999999999985,1,2,1.0
4005,1,1793.88,1010.04,107.76999999999998,61.88000000000011,1,2,1.0
4005,2,2092.08,1251.26,71.90999999999985,78.88000000000011,1,2,1.0
4006,1,1792.31,1013.05,107.88000000000011,61.76999999999998,1,2,1.0
4006,2,2091.15,1253.85,72.08999999999969,78.82000000000016,1,2,1.0
4007,1,1790.74,1016.06,107.98000000000002,61.67000000000007,1,2,1.0
4007,2,2090.22,1256.43,72.26000000000022,78.77999999999997,1,2,1.0
4008,1,1789.16,1019.08,108.09999999999991,61.55000000000007,1,2,1.0
4008,2,2089.28,1259.02,72.44999999999982,78.72000000000003,1,2,1.0
4009,1,1787.59,1022.09,108.21000000000004,61.43999999999994,1,2,1.0
4009,2,2088.35,1261.61,72.63000000000011,78.67000000000007,1,2,1.0
4010,1,1786.02,1025.11,108.30999999999995,61.330000000000155,1,2,1.0
4010,2,2087.42,1264.19,72.79999999999973,78.61999999999989,1,2,1.0
4011,1,1784.44,1028.12,108.42999999999984,61.22000000000003,1,2,1.0
4011,2,2086.49,1266.78,72.98000000000002,78.56999999999994,1,2,1.0
4012,1,1783.07,1031.55,108.52999999999997,61.11000000000013,1,2,1.0
4012,2,2085.56,1270.17,73.15999999999985,78.50999999999999,1,2,1.0
4013,1,1781.69,1034.98,108.64999999999986,61.0,1,2,1.0
4013,2,2084.63,1273.56,73.32999999999993,78.46000000000004,1,2,1.0
4014,1,1780.31,1038.4,108.75999999999999,60.88999999999987,1,2,1.0
4014,2,2083.7,1276.95,73.51000000000022,78.40999999999985,1,2,1.0
4015,1,1778.94,1041.83,108.8599999999999,60.77999999999997,1,2,1.0
4015,2,2082.77,1280.34,73.69000000000005,78.36000000000013,1,2,1.0
4016,1,1777.56,1045.26,108.97000000000003,60.67000000000007,1,2,1.0
4016,2,2081.84,1283.73,73.86999999999989,78.30999999999995,1,2,1.0
4017,1,1776.18,1048.69,109.08999999999992,60.559999999999945,1,2,1.0
4017,2,2080.91,1287.12,74.03999999999996,78.26000000000022,1,2,1.0
4018,1,1774.8,1052.11,109.20000000000005,60.450000000000045,1,2,1.0
4018,2,2079.98,1290.51,74.2199999999998,78.21000000000004,1,2,1.0
4019,1,1773.43,1055.54,109.29999999999995,60.340000000000146,1,2,1.0
4019,2,2079.05,1293.9,74.39999999999964,78.15999999999985,1,2,1.0
4020,1,1772.05,1058.97,109.42000000000007,60.23000000000002,1,2,1.0
4020,2,2078.12,1297.29,74.57000000000016,78.11000000000013,1,2,1.0
4021,1,1770.67,1062.4,109.52999999999997,60.11999999999989,1,2,1.0
4021,2,2077.19,1300.68,74.75,78.05999999999995,1,2,1.0
4022,1,1769.29,1065.82,109.6400000000001,60.00999999999999,1,2,1.0
4022,2,2076.26,1304.07,74.92999999999984,78.00999999999999,1,2,1.0
4023,1,1767.92,1069.25,109.74000000000001,59.90000000000009,1,2,1.0
4023,2,2075.33,1307.46,75.09999999999991,77.96000000000004,1,2,1.0
4024,1,1766.54,1072.68,109.86000000000013,59.789999999999964,1,2,1.0
4024,2,2074.4,1310.85,75.27999999999975,77.91000000000008,1,2,1.0
4025,1,1765.16,1076.11,109.97000000000003,59.680000000000064,1,2,1.0
4025,2,2073.47,1314.24,75.46000000000004,77.84999999999991,1,2,1.0
4026,1,1763.79,1079.54,110.06999999999994,59.559999999999945,1,2,1.0
4026,2,2072.54,1317.63,75.63999999999987,77.79999999999995,1,2,1.0
4027,1,1762.17,1083.77,110.18999999999983,59.460000000000036,1,2,1.0
4027,2,2071.68,1321.75,75.80999999999995,77.75,1,2,1.0
4028,1,1760.56,1088.01,110.29999999999995,59.33999999999992,1,2,1.0
4028,2,2070.81,1325.87,75.99000000000024,77.70000000000005,1,2,1.0
4029,1,1758.95,1092.24,110.40999999999985,59.24000000000001,1,2,1.0
4029,2,2069.94,1329.99,76.17000000000007,77.65000000000009,1,2,1.0
4030,1,1757.34,1096.48,110.50999999999999,59.12999999999988,1,2,1.0
4030,2,2069.08,1334.11,76.34000000000015,77.60000000000014,1,2,1.0
4031,1,1755.72,1100.72,110.62999999999988,59.00999999999999,1,2,1.0
4031,2,2068.21,1338.23,76.52999999999975,77.54999999999995,1,2,1.0
4032,1,1754.11,1104.95,110.74000000000001,58.909999999999854,1,2,1.0
4032,2,2067.35,1342.35,76.70000000000027,77.5,1,2,1.0
4033,1,1752.5,1109.19,110.84999999999991,58.799999999999955,1,2,1.0
4033,2,2066.48,1346.47,76.88000000000011,77.45000000000005,1,2,1.0
4034,1,1750.89,1113.43,110.94999999999982,58.679999999999836,1,2,1.0
4034,2,2065.62,1350.59,77.05000000000018,77.40000000000009,1,2,1.0
4035,1,1749.28,1117.66,111.05999999999995,58.57999999999993,1,2,1.0
4035,2,2064.75,1354.71,77.23999999999978,77.34999999999991,1,2,1.0
4036,1,1747.66,1121.9,111.17999999999984,58.45999999999981,1,2,1.0
4036,2,2063.89,1358.83,77.41000000000031,77.30000000000018,1,2,1.0
4037,1,1746.05,1126.14,111.28999999999996,58.34999999999991,1,2,1.0
4037,2,2063.02,1362.96,77.59000000000015,77.24000000000001,1,2,1.0
4038,1,1744.44,1130.37,111.39999999999986,58.25,1,2,1.0
4038,2,2062.16,1367.08,77.76000000000022,77.19000000000005,1,2,1.0
4039,1,1742.83,1134.61,111.5,58.13000000000011,1,2,1.0
4039,2,2061.29,1371.2,77.94000000000005,77.13999999999987,1,2,1.0
4040,1,1741.21,1138.84,111.61999999999989,58.02999999999997,1,2,1.0
4040,2,2060.43,1375.32,78.12000000000035,77.09000000000015,1,2,1.0
4041,1,1739.6,1143.08,111.73000000000002,57.92000000000007,1,2,1.0
4041,2,2059.56,1379.44,78.30000000000018,77.03999999999996,1,2,1.0
4042,1,1738.08,1147.88,111.84000000000015,57.799999999999955,1,2,1.0
4042,2,2059.06,1384.48,78.47000000000025,76.99000000000001,1,2,1.0
4043,1,1736.56,1152.68,111.94000000000005,57.68999999999983,1,2,1.0
4043,2,2058.56,1389.52,78.65000000000009,76.94000000000005,1,2,1.0
4044,1,1735.03,1157.48,112.05999999999995,57.57999999999993,1,2,1.0
4044,2,2058.06,1394.56,78.82999999999993,76.8900000000001,1,2,1.0
4045,1,1733.51,1162.28,112.17000000000007,57.47000000000003,1,2,1.0
4045,2,2057.56,1399.6,79.0,76.84000000000015,1,2,1.0
4046,1,1731.99,1167.08,112.26999999999998,57.36000000000013,1,2,1.0
4046,2,2057.06,1404.64,79.17999999999984,76.78999999999996,1,2,1.0
4047,1,1730.46,1171.88,112.38999999999987,57.25,1,2,1.0
4047,2,2056.55,1409.68,79.35999999999967,76.74000000000001,1,2,1.0
4048,1,1728.94,1176.68,112.5,57.13999999999987,1,2,1.0
4048,2,2056.05,1414.72,79.53999999999996,76.68000000000006,1,2,1.0
4049,1,1727.42,1181.48,112.59999999999991,57.02999999999997,1,2,1.0
4049,2,2055.55,1419.76,79.71000000000004,76.63000000000011,1,2,1.0
4050,1,1725.89,1186.28,112.7199999999998,56.92000000000007,1,2,1.0
4050,2,2055.05,1424.8,79.88999999999987,76.58000000000015,1,2,1.0
4051,1,1724.37,1191.08,112.83000000000015,56.81000000000017,1,2,1.0
4051,2,2054.55,1429.84,80.05999999999995,76.52999999999997,1,2,1.0
4052,1,1722.85,1195.88,112.93000000000006,56.69999999999982,1,2,1.0
4052,2,2054.04,1434.88,80.25,76.47999999999979,1,2,1.0
4053,1,1721.21,1200.93,113.04999999999995,56.59999999999991,1,2,1.0
4053,2,2053.06,1439.8,80.42000000000007,76.43000000000006,1,2,1.0
4054,1,1719.58,1205.99,113.16000000000008,56.48000000000002,1,2,1.0
4054,2,2052.07,1444.72,80.59999999999991,76.37999999999988,1,2,1.0
4055,1,1717.95,1211.05,113.26999999999998,56.37000000000012,1,2,1.0
4055,2,2051.09,1449.64,80.76999999999998,76.32999999999993,1,2,1.0
4056,1,1716.32,1216.1,113.37000000000012,56.25999999999999,1,2,1.0
4056,2,2050.1,1454.56,80.96000000000004,76.27999999999997,1,2,1.0
4057,1,1714.69,1221.16,113.48000000000002,56.149999999999864,1,2,1.0
4057,2,2049.12,1459.49,81.13000000000011,76.22000000000003,1,2,1.0
4058,1,1713.05,1226.22,113.60000000000014,56.039999999999964,1,2,1.0
4058,2,2048.13,1464.41,81.30999999999995,76.16999999999985,1,2,1.0
4059,1,1711.42,1231.27,113.71000000000004,55.930000000000064,1,2,1.0
4059,2,2047.15,1469.33,81.48000000000002,76.13000000000011,1,2,1.0
4060,1,1709.79,1236.33,113.81999999999994,55.820000000000164,1,2,1.0
4060,2,2046.16,1474.25,81.66000000000008,76.07999999999993,1,2,1.0
4061,1,1708.16,1241.38,113.91999999999985,55.70999999999981,1,2,1.0
4061,2,2045.18,1479.17,81.83999999999992,76.02999999999997,1,2,1.0
4062,1,1706.53,1246.44,114.02999999999997,55.59999999999991,1,2,1.0
4062,2,2044.19,1484.09,82.01999999999998,75.98000000000002,1,2,1.0
4063,1,1704.89,1251.5,114.14999999999986,55.48000000000002,1,2,1.0
4063,2,2043.21,1489.01,82.19000000000005,75.93000000000006,1,2,1.0
4064,1,1703.26,1256.55,114.25999999999999,55.38000000000011,1,2,1.0
4064,2,2042.22,1493.94,82.37000000000012,75.86999999999989,1,2,1.0
4065,1,1701.63,1261.61,114.36999999999989,55.27000000000021,1,2,1.0
4065,2,2041.24,1498.86,82.54999999999995,75.82000000000016,1,2,1.0
4066,1,1700.0,1266.66,114.47000000000003,55.159999999999854,1,2,1.0
4066,2,2040.25,1503.78,82.73000000000002,75.76999999999998,1,2,1.0
4067,1,1698.37,1271.72,114.58000000000015,55.049999999999955,1,2,1.0
4067,2,2039.27,1508.7,82.90000000000009,75.72000000000003,1,2,1.0
4068,1,1696.73,1276.78,114.70000000000005,54.930000000000064,1,2,1.0
4068,2,2038.28,1513.62,83.08000000000015,75.67000000000007,1,2,1.0
4069,1,1695.1,1281.11,114.81000000000017,54.830000000000155,1,2,1.0
4069,2,2037.13,1517.81,83.25999999999976,75.62000000000012,1,2,1.0
4070,1,1693.47,1285.45,114.92000000000007,54.72000000000003,1,2,1.0
4070,2,2035.98,1522.0,83.42999999999984,75.55999999999995,1,2,1.0
4071,1,1691.84,1289.79,115.01999999999998,54.61000000000013,1,2,1.0
4071,2,2034.83,1526.19,83.61000000000013,75.50999999999999,1,2,1.0
4072,1,1690.2,1294.13,115.13999999999987,54.48999999999978,1,2,1.0
4072,2,2033.67,1530.37,83.79999999999973,75.47000000000003,1,2,1.0
4073,1,1688.57,1298.46,115.25,54.38999999999987,1,2,1.0
4073,2,2032.52,1534.56,83.9699999999998,75.42000000000007,1,2,1.0
4074,1,1686.94,1302.8,115.3599999999999,54.27999999999997,1,2,1.0
4074,2,2031.37,1538.75,84.15000000000009,75.3599999999999,1,2,1.0
4075,1,1685.31,1307.14,115.47000000000003,54.169999999999845,1,2,1.0
4075,2,2030.22,1542.94,84.31999999999994,75.30999999999995,1,2,1.0
4076,1,1683.68,1311.48,115.56999999999994,54.049999999999955,1,2,1.0
4076,2,2029.07,1547.13,84.50000000000023,75.25999999999999,1,2,1.0
4077,1,1682.04,1315.82,115.69000000000005,53.940000000000055,1,2,1.0
4077,2,2027.92,1551.31,84.67000000000007,75.21000000000004,1,2,1.0
4078,1,1680.41,1320.15,115.79999999999995,53.83999999999992,1,2,1.0
4078,2,2026.77,1555.5,84.84999999999991,75.16000000000008,1,2,1.0
4079,1,1678.78,1324.49,115.91000000000008,53.73000000000002,1,2,1.0
4079,2,2025.62,1559.69,85.0300000000002,75.1099999999999,1,2,1.0
4080,1,1677.15,1328.83,116.00999999999999,53.62000000000012,1,2,1.0
4080,2,2024.46,1563.88,85.21000000000004,75.04999999999995,1,2,1.0
4081,1,1675.52,1333.17,116.12000000000012,53.5,1,2,1.0
4081,2,2023.31,1568.06,85.38999999999987,75.00999999999999,1,2,1.0
4082,1,1673.88,1335.78,116.23999999999978,53.40000000000009,1,2,1.0
4082,2,2022.29,1570.34,85.55999999999995,74.96000000000004,1,2,1.0
4083,1,1672.25,1338.4,116.34999999999991,53.289999999999964,1,2,1.0
4083,2,2021.26,1572.62,85.74000000000001,74.91000000000008,1,2,1.0
4084,1,1670.62,1341.02,116.46000000000004,53.180000000000064,1,2,1.0
4084,2,2020.23,1574.9,85.92000000000007,74.84999999999991,1,2,1.0
4085,1,1668.99,1343.64,116.55999999999995,53.059999999999945,1,2,1.0
4085,2,2019.2,1577.18,86.10000000000014,74.79999999999995,1,2,1.0
4086,1,1667.35,1346.26,116.68000000000006,52.950000000000045,1,2,1.0
4086,2,2018.18,1579.46,86.26999999999975,74.75,1,2,1.0
4087,1,1665.72,1348.87,116.78999999999996,52.850000000000136,1,2,1.0
4087,2,2017.15,1581.74,86.44999999999982,74.70000000000005,1,2,1.0
4088,1,1664.09,1351.49,116.90000000000009,52.74000000000001,1,2,1.0
4088,2,2016.12,1584.01,86.63000000000011,74.66000000000008,1,2,1.0
4089,1,1662.46,1354.11,117.00999999999999,52.62000000000012,1,2,1.0
4089,2,2015.09,1586.29,86.81000000000017,74.60000000000014,1,2,1.0
4090,1,1660.83,1356.73,117.11000000000013,52.50999999999999,1,2,1.0
4090,2,2014.07,1588.57,86.98000000000025,74.54999999999995,1,2,1.0
4091,1,1659.19,1359.35,117.23000000000002,52.40000000000009,1,2,1.0
4091,2,2013.04,1590.85,87.15999999999985,74.5,1,2,1.0
4092,1,1657.56,1361.96,117.34000000000015,52.299999999999955,1,2,1.0
4092,2,2012.01,1593.13,87.33999999999992,74.44999999999982,1,2,1.0
4093,1,1655.93,1364.58,117.45000000000005,52.190000000000055,1,2,1.0
4093,2,2010.99,1595.41,87.50999999999999,74.38999999999987,1,2,1.0
4094,1,1654.3,1367.2,117.54999999999995,52.069999999999936,1,2,1.0
4094,2,2009.96,1597.69,87.69000000000005,74.33999999999992,1,2,1.0
4095,1,1652.67,1369.82,117.65999999999985,51.960000000000036,1,2,1.0
4095,2,2008.93,1599.96,87.87000000000012,74.29999999999995,1,2,1.0
4096,1,1651.03,1372.44,117.77999999999997,51.84999999999991,1,2,1.0
4096,2,2007.9,1602.24,88.04999999999973,74.25,1,2,1.0
4097,1,1649.4,1373.49,117.88999999999987,51.74000000000001,1,2,1.0
4097,2,2006.88,1603.22,88.2199999999998,74.19000000000005,1,2,1.0
4098,1,1647.77,1374.54,118.0,51.63000000000011,1,2,1.0
4098,2,2005.85,1604.19,88.40000000000009,74.13999999999987,1,2,1.0
4099,1,1646.14,1375.59,118.09999999999991,51.52999999999997,1,2,1.0
4099,2,2004.82,1605.16,88.58000000000015,74.08999999999992,1,2,1.0
4100,1,1644.51,1376.65,118.21000000000004,51.409999999999854,1,2,1.0
4100,2,2003.8,1606.14,88.75000000000023,74.03999999999996,1,2,1.0
4101,1,1642.87,1377.7,118.33000000000015,51.299999999999955,1,2,1.0
4101,2,2002.77,1607.11,88.92999999999984,73.99000000000001,1,2,1.0
4102,1,1641.1,1378.47,118.33000000000015,51.24000000000001,1,2,1.0
4102,2,2001.51,1606.94,88.91999999999985,73.87999999999988,1,2,1.0
4103,1,1639.33,1379.24,118.33000000000015,51.180000000000064,1,2,1.0
4103,2,2000.25,1606.77,88.90999999999985,73.76999999999998,1,2,1.0
4104,1,1637.55,1380.01,118.34000000000015,51.12000000000012,1,2,1.0
4104,2,1998.99,1606.59,88.89999999999986,73.67000000000007,1,2,1.0
4105,1,1635.78,1380.78,118.35000000000014,51.069999999999936,1,2,1.0
4105,2,1997.73,1606.42,88.88999999999987,73.56999999999994,1,2,1.0
4106,1,1634.01,1381.55,118.34999999999991,51.00999999999999,1,2,1.0
4106,2,1996.47,1606.25,88.87999999999988,73.46000000000004,1,2,1.0
4107,1,1632.23,1382.32,118.3599999999999,50.950000000000045,1,2,1.0
4107,2,1995.21,1606.08,88.86999999999989,73.35000000000014,1,2,1.0
4108,1,1630.46,1383.09,118.3599999999999,50.8900000000001,1,2,1.0
4108,2,1993.95,1605.91,88.8599999999999,73.24000000000001,1,2,1.0
4109,1,1628.68,1383.86,118.36999999999989,50.830000000000155,1,2,1.0
4109,2,1992.69,1605.73,88.84999999999991,73.13999999999987,1,2,1.0
4110,1,1627.18,1383.79,118.36999999999989,50.77999999999997,1,2,1.0
4110,2,1991.63,1605.26,89.09999999999991,73.08999999999992,1,2,1.0
4111,1,1625.67,1383.73,118.37999999999988,50.72000000000003,1,2,1.0
4111,2,1990.56,1604.78,89.36000000000013,73.05999999999995,1,2,1.0
4112,1,1624.16,1383.67,118.37999999999988,50.659999999999854,1,2,1.0
4112,2,1989.5,1604.3,89.61000000000013,73.01999999999998,1,2,1.0
4113,1,1622.65,1383.61,118.38999999999987,50.600000000000136,1,2,1.0
4113,2,1988.44,1603.82,89.86000000000013,72.98000000000002,1,2,1.0
4114,1,1621.15,1383.54,118.38999999999987,50.549999999999955,1,2,1.0
4114,2,1987.38,1603.35,90.10999999999967,72.93000000000006,1,2,1.0
4115,1,1619.64,1383.48,118.38999999999987,50.48000000000002,1,2,1.0
4115,2,1986.32,1602.87,90.3599999999999,72.8900000000001,1,2,1.0
4116,1,1618.13,1383.42,118.39999999999986,50.419999999999845,1,2,1.0
4116,2,1985.25,1602.39,90.61999999999989,72.8599999999999,1,2,1.0
4117,1,1616.62,1383.36,118.41000000000008,50.36000000000013,1,2,1.0
4117,2,1984.19,1601.91,90.86999999999989,72.81999999999994,1,2,1.0
4118,1,1615.12,1383.29,118.41000000000008,50.309999999999945,1,2,1.0
4118,2,1983.13,1601.44,91.11999999999989,72.76999999999998,1,2,1.0
4119,1,1613.61,1383.23,118.41000000000008,50.25,1,2,1.0
4119,2,1982.07,1600.96,91.37999999999988,72.73000000000002,1,2,1.0
4120,1,1612.1,1383.17,118.42000000000007,50.18999999999983,1,2,1.0
4120,2,1981.01,1600.48,91.62999999999988,72.69000000000005,1,2,1.0
4121,1,1610.59,1383.11,118.43000000000006,50.13000000000011,1,2,1.0
4121,2,1979.94,1600.0,91.88999999999987,72.65000000000009,1,2,1.0
4122,1,1609.08,1383.04,118.44000000000005,50.07999999999993,1,2,1.0
4122,2,1978.88,1599.53,92.13999999999987,72.61000000000013,1,2,1.0
4123,1,1607.58,1382.98,118.43000000000006,50.01999999999998,1,2,1.0
4123,2,1977.82,1599.05,92.3900000000001,72.56999999999994,1,2,1.0
4124,1,1606.07,1382.92,118.44000000000005,49.94999999999982,1,2,1.0
4124,2,1976.76,1598.57,92.6400000000001,72.52999999999997,1,2,1.0
4125,1,1604.67,1382.85,118.44999999999982,49.90000000000009,1,2,1.0
4125,2,1975.29,1597.88,92.57999999999993,72.40999999999985,1,2,1.0
4126,1,1603.27,1382.78,118.45000000000005,49.83999999999992,1,2,1.0
4126,2,1973.83,1597.19,92.51999999999998,72.28999999999996,1,2,1.0
4127,1,1601.87,1382.71,118.46000000000004,49.77999999999997,1,2,1.0
4127,2,1972.36,1596.5,92.46000000000026,72.18000000000006,1,2,1.0
4128,1,1600.47,1382.64,118.46000000000004,49.7199999999998,1,2,1.0
4128,2,1970.89,1595.82,92.39999999999986,72.04999999999995,1,2,1.0
4129,1,1599.07,1382.57,118.47000000000003,49.66000000000008,1,2,1.0
4129,2,1969.43,1595.13,92.33000000000015,71.92999999999984,1,2,1.0
4130,1,1597.68,1382.5,118.47000000000003,49.59999999999991,1,2,1.0
4130,2,1967.96,1594.44,92.27999999999975,71.80999999999995,1,2,1.0
4131,1,1596.28,1382.42,118.47000000000003,49.549999999999955,1,2,1.0
4131,2,1966.5,1593.75,92.21000000000004,71.70000000000005,1,2,1.0
4132,1,1594.88,1382.35,118.47999999999979,49.49000000000001,1,2,1.0
4132,2,1965.03,1593.06,92.14999999999986,71.58000000000015,1,2,1.0
4133,1,1593.48,1382.28,118.48000000000002,49.430000000000064,1,2,1.0
4133,2,1963.56,1592.37,92.09000000000015,71.46000000000004,1,2,1.0
4134,1,1591.96,1382.58,118.49000000000001,49.37000000000012,1,2,1.0
4134,2,1962.25,1591.49,92.0300000000002,71.33999999999992,1,2,1.0
4135,1,1590.43,1382.87,118.5,49.31000000000017,1,2,1.0
4135,2,1960.94,1590.61,91.96000000000004,71.22000000000003,1,2,1.0
4136,1,1588.91,1383.17,118.5,49.25,1,2,1.0
4136,2,1959.62,1589.73,91.91000000000031,71.09999999999991,1,2,1.0
4137,1,1587.39,1383.46,118.50999999999999,49.190000000000055,1,2,1.0
4137,2,1958.31,1588.85,91.84000000000015,70.97000000000003,1,2,1.0
4138,1,1585.87,1383.75,118.51000000000022,49.1400000000001,1,2,1.0
4138,2,1956.99,1587.96,91.77999999999997,70.8599999999999,1,2,1.0
4139,1,1584.35,1384.05,118.50999999999999,49.069999999999936,1,2,1.0
4139,2,1955.68,1587.08,91.72000000000003,70.74000000000001,1,2,1.0
4140,1,1582.82,1384.34,118.51999999999998,49.01999999999998,1,2,1.0
4140,2,1954.37,1586.2,91.65000000000009,70.61999999999989,1,2,1.0
4141,1,1581.3,1384.63,118.52999999999997,48.9699999999998,1,2,1.0
4141,2,1953.05,1585.32,91.60000000000014,70.5,1,2,1.0
4142,1,1579.78,1384.93,118.52999999999997,48.899999999999864,1,2,1.0
4142,2,1951.74,1584.44,91.52999999999997,70.37999999999988,1,2,1.0
4143,1,1578.15,1385.01,118.52999999999997,48.83999999999992,1,2,1.0
4143,2,1950.78,1584.17,91.48000000000002,70.25999999999999,1,2,1.0
4144,1,1576.52,1385.09,118.53999999999996,48.77999999999997,1,2,1.0
4144,2,1949.83,1583.9,91.41000000000008,70.13999999999987,1,2,1.0
4145,1,1574.89,1385.17,118.53999999999996,48.73000000000002,1,2,1.0
4145,2,1948.87,1583.63,91.35000000000014,70.02999999999997,1,2,1.0
4146,1,1573.26,1385.25,118.54999999999995,48.67000000000007,1,2,1.0
4146,2,1947.92,1583.36,91.28999999999996,69.91000000000008,1,2,1.0
4147,1,1571.63,1385.33,118.54999999999995,48.61000000000013,1,2,1.0
4147,2,1946.96,1583.09,91.23000000000002,69.79000000000019,1,2,1.0
4148,1,1570.0,1385.41,118.54999999999995,48.549999999999955,1,2,1.0
4148,2,1946.01,1582.83,91.16000000000008,69.66000000000008,1,2,1.0
4149,1,1568.36,1385.49,118.57000000000016,48.49000000000001,1,2,1.0
4149,2,1945.05,1582.56,91.11000000000013,69.53999999999996,1,2,1.0
4150,1,1566.73,1385.57,118.56999999999994,48.430000000000064,1,2,1.0
4150,2,1944.1,1582.29,91.04000000000019,69.43000000000006,1,2,1.0
4151,1,1565.1,1385.65,118.58000000000015,48.37999999999988,1,2,1.0
4151,2,1943.14,1582.02,90.99000000000001,69.30999999999995,1,2,1.0
4152,1,1563.99,1385.86,118.57999999999993,48.31000000000017,1,2,1.0
4152,2,1941.96,1581.88,90.92000000000007,69.18999999999983,1,2,1.0
4153,1,1562.88,1386.06,118.57999999999993,48.25999999999999,1,2,1.0
4153,2,1940.78,1581.75,90.86000000000013,69.06999999999994,1,2,1.0
4154,1,1561.77,1386.27,118.58999999999992,48.200000000000045,1,2,1.0
4154,2,1939.6,1581.61,90.80000000000018,68.95000000000005,1,2,1.0
4155,1,1560.66,1386.48,118.58999999999992,48.13999999999987,1,2,1.0
4155,2,1938.42,1581.48,90.74000000000001,68.82999999999993,1,2,1.0
4156,1,1559.55,1386.68,118.60000000000014,48.07999999999993,1,2,1.0
4156,2,1937.24,1581.34,90.67000000000007,68.72000000000003,1,2,1.0
4157,1,1558.44,1386.89,118.59999999999991,48.01999999999998,1,2,1.0
4157,2,1936.06,1581.21,90.61000000000013,68.58999999999992,1,2,1.0
4158,1,1557.32,1387.09,118.61000000000013,47.97000000000003,1,2,1.0
4158,2,1934.88,1581.07,90.54999999999995,68.48000000000002,1,2,1.0
4159,1,1556.21,1387.3,118.61999999999989,47.91000000000008,1,2,1.0
4159,2,1933.7,1580.94,90.49000000000001,68.34999999999991,1,2,1.0
4160,1,1555.1,1387.51,118.62000000000012,47.83999999999992,1,2,1.0
4160,2,1932.52,1580.8,90.42000000000007,68.24000000000001,1,2,1.0
4161,1,1553.99,1387.71,118.62999999999988,47.789999999999964,1,2,1.0
4161,2,1931.33,1580.66,90.37000000000012,68.11999999999989,1,2,1.0
4162,1,1551.78,1387.8,118.63000000000011,47.73000000000002,1,2,1.0
4162,2,1930.28,1580.16,90.29999999999995,68.0,1,2,1.0
4163,1,1549.57,1387.88,118.63000000000011,47.669999999999845,1,2,1.0
4163,2,1929.22,1579.66,90.24000000000001,67.87999999999988,1,2,1.0
4164,1,1547.36,1387.97,118.63000000000011,47.6099999999999,1,2,1.0
4164,2,1928.16,1579.16,90.17999999999984,67.75,1,2,1.0
4165,1,1545.14,1388.05,118.64999999999986,47.549999999999955,1,2,1.0
4165,2,1927.1,1578.65,90.12000000000012,67.63999999999987,1,2,1.0
4166,1,1542.93,1388.13,118.64999999999986,47.5,1,2,1.0
4166,2,1926.04,1578.15,90.05999999999995,67.51999999999998,1,2,1.0
4167,1,1540.72,1388.22,118.64999999999986,47.440000000000055,1,2,1.0
4167,2,1924.98,1577.65,90.0,67.39999999999986,1,2,1.0
4168,1,1538.51,1388.3,118.66000000000008,47.38000000000011,1,2,1.0
4168,2,1923.92,1577.15,89.93999999999983,67.27999999999997,1,2,1.0
4169,1,1536.3,1388.39,118.66000000000008,47.319999999999936,1,2,1.0
4169,2,1922.87,1576.64,89.87000000000012,67.16999999999985,1,2,1.0
4170,1,1534.6,1388.56,118.67000000000007,47.25999999999999,1,2,1.0
4170,2,1921.81,1575.56,89.80999999999995,67.03999999999996,1,2,1.0
4171,1,1532.91,1388.74,118.67999999999984,47.200000000000045,1,2,1.0
4171,2,1920.75,1574.48,89.75,66.92000000000007,1,2,1.0
4172,1,1531.22,1388.91,118.68000000000006,47.149999999999864,1,2,1.0
4172,2,1919.69,1573.39,89.69000000000005,66.80999999999995,1,2,1.0
4173,1,1529.53,1389.09,118.68000000000006,47.090000000000146,1,2,1.0
4173,2,1918.63,1572.31,89.62999999999988,66.69000000000005,1,2,1.0
4174,1,1527.84,1389.26,118.68000000000006,47.02999999999997,1,2,1.0
4174,2,1917.57,1571.23,89.57000000000016,66.55999999999995,1,2,1.0
4175,1,1526.14,1389.44,118.69999999999982,46.97000000000003,1,2,1.0
4175,2,1916.51,1570.14,89.50999999999999,66.44999999999982,1,2,1.0
4176,1,1524.45,1389.62,118.70000000000005,46.91000000000008,1,2,1.0
4176,2,1915.46,1569.06,89.44000000000005,66.33000000000015,1,2,1.0
4177,1,1522.76,1389.79,118.70000000000005,46.86000000000013,1,2,1.0
4177,2,1914.4,1567.98,89.37999999999988,66.20000000000005,1,2,1.0
4178,1,1521.2,1390.03,118.71000000000004,46.799999999999955,1,2,1.0
4178,2,1913.14,1568.13,89.32999999999993,66.08999999999992,1,2,1.0
4179,1,1519.64,1390.27,118.70999999999981,46.74000000000001,1,2,1.0
4179,2,1911.89,1568.29,89.25999999999999,65.97000000000003,1,2,1.0
4180,1,1518.07,1390.52,118.72000000000003,46.67000000000007,1,2,1.0
4180,2,1910.63,1568.44,89.19999999999982,65.84999999999991,1,2,1.0
4181,1,1516.51,1390.76,118.73000000000002,46.62000000000012,1,2,1.0
4181,2,1909.38,1568.6,89.13999999999987,65.73000000000002,1,2,1.0
4182,1,1514.95,1391.0,118.73000000000002,46.559999999999945,1,2,1.0
4182,2,1908.13,1568.76,89.06999999999994,65.6099999999999,1,2,1.0
4183,1,1513.39,1391.24,118.72999999999979,46.5,1,2,1.0
4183,2,1906.87,1568.91,89.02000000000021,65.49000000000001,1,2,1.0
4184,1,1511.83,1391.48,118.74000000000001,46.440000000000055,1,2,1.0
4184,2,1905.62,1569.07,88.95000000000005,65.37000000000012,1,2,1.0
4185,1,1510.27,1391.72,118.74000000000001,46.37999999999988,1,2,1.0
4185,2,1904.36,1569.22,88.90000000000009,65.25999999999999,1,2,1.0
4186,1,1508.71,1391.96,118.74000000000001,46.32999999999993,1,2,1.0
4186,2,1903.11,1569.38,88.83000000000015,65.12999999999988,1,2,1.0
4187,1,1507.14,1392.2,118.75999999999999,46.26999999999998,1,2,1.0
4187,2,1901.85,1569.54,88.76999999999998,65.00999999999999,1,2,1.0
4188,1,1506.65,1392.65,118.75999999999999,46.19999999999982,1,2,1.0
4188,2,1900.94,1568.47,88.70000000000005,64.89999999999986,1,2,1.0
4189,1,1506.16,1393.09,118.75999999999999,46.15000000000009,1,2,1.0
4189,2,1900.02,1567.41,88.6400000000001,64.77999999999997,1,2,1.0
4190,1,1505.67,1393.53,118.75999999999999,46.100000000000136,1,2,1.0
4190,2,1899.1,1566.35,88.58000000000015,64.66000000000008,1,2,1.0
4191,1,1505.17,1393.98,118.77999999999997,46.02999999999997,1,2,1.0
4191,2,1898.18,1565.29,88.51999999999998,64.53999999999996,1,2,1.0
4192,1,1503.17,1391.24,118.76999999999998,45.97000000000003,1,2,1.0
4192,2,1896.89,1560.78,88.4699999999998,64.42000000000007,1,2,1.0
4193,1,1501.16,1388.5,118.77999999999997,45.92000000000007,1,2,1.0
4193,2,1895.61,1556.27,88.40000000000009,64.29999999999995,1,2,1.0
4194,1,1499.15,1377.94,118.78999999999996,45.8599999999999,1,2,1.0
4194,2,1894.32,1543.94,88.34000000000015,64.17999999999984,1,2,1.0
4195,1,1497.14,1367.37,118.78999999999996,45.80000000000018,1,2,1.0
4195,2,1893.04,1531.6,88.26999999999998,64.06000000000017,1,2,1.0
4196,1,1496.11,1343.6,118.80000000000018,45.74000000000001,1,2,1.0
4196,2,1891.75,1508.01,88.22000000000003,63.940000000000055,1,2,1.0
4197,1,1495.08,1319.83,118.80000000000018,45.680000000000064,1,2,1.0
4197,2,1890.47,1484.42,88.14999999999986,63.819999999999936,1,2,1.0
4198,1,1494.05,1296.05,118.79999999999995,45.63000000000011,1,2,1.0
4198,2,1889.18,1460.83,88.08999999999992,63.700000000000045,1,2,1.0
4199,1,1493.02,1272.28,118.80999999999995,45.559999999999945,1,2,1.0
4199,2,1887.89,1437.24,88.03999999999996,63.57999999999993,1,2,1.0
4200,1,1491.5,1241.17,118.80999999999995,45.5,1,2,1.0
4200,2,1888.44,1403.5,87.97000000000003,63.460000000000036,1,2,1.0
4201,1,1489.98,1210.05,118.81999999999994,45.450000000000045,1,2,1.0
4201,2,1888.99,1369.75,87.91000000000008,63.34999999999991,1,2,1.0
4202,1,1489.53,1175.99,118.81999999999994,45.51999999999998,1,2,1.0
4202,2,1886.17,1336.17,87.94999999999982,63.179999999999836,1,2,1.0
4203,1,1489.09,1141.93,118.81000000000017,45.58999999999992,1,2,1.0
4203,2,1883.36,1302.59,87.97000000000003,63.01999999999998,1,2,1.0
4204,1,1488.58,1113.14,118.78999999999996,45.659999999999854,1,2,1.0
4204,2,1885.05,1268.34,88.00999999999999,62.850000000000136,1,2,1.0
4205,1,1487.29,1085.67,118.78999999999996,45.73000000000002,1,2,1.0
4205,2,1883.53,1241.63,88.04999999999995,62.68999999999983,1,2,1.0
4206,1,1486.0,1058.2,118.77999999999997,45.799999999999955,1,2,1.0
4206,2,1882.02,1214.92,88.07999999999993,62.51999999999998,1,2,1.0
4207,1,1484.72,1030.73,118.76999999999998,45.8599999999999,1,2,1.0
4207,2,1880.5,1188.21,88.11999999999989,62.34999999999991,1,2,1.0
4208,1,1483.43,1011.08,118.75999999999999,45.93999999999994,1,2,1.0
4208,2,1877.68,1166.71,88.14999999999986,62.190000000000055,1,2,1.0
4209,1,1480.88,993.44,118.75,46.00999999999999,1,2,1.0
4209,2,1876.41,1146.64,88.18999999999983,62.02999999999997,1,2,1.0
4210,1,1478.86,982.37,118.74000000000001,46.08000000000004,1,2,1.0
4210,2,1875.39,1135.68,88.22999999999979,61.8599999999999,1,2,1.0
4211,1,1476.84,971.3,118.73000000000002,46.1400000000001,1,2,1.0
4211,2,1874.37,1124.72,88.26000000000022,61.700000000000045,1,2,1.0
4212,1,1474.82,960.22,118.72000000000003,46.22000000000003,1,2,1.0
4212,2,1873.35,1113.76,88.29000000000019,61.52999999999997,1,2,1.0
4213,1,1472.8,949.15,118.72000000000003,46.29000000000008,1,2,1.0
4213,2,1872.33,1102.8,88.33000000000015,61.37000000000012,1,2,1.0
4214,1,1471.39,948.57,118.69999999999982,46.3599999999999,1,2,1.0
4214,2,1871.2,1101.82,88.36999999999989,61.200000000000045,1,2,1.0
4215,1,1469.97,947.98,118.70000000000005,46.42999999999995,1,2,1.0
4215,2,1870.08,1100.84,88.40000000000009,61.04000000000019,1,2,1.0
4216,1,1468.56,947.4,118.69000000000005,46.5,1,2,1.0
4216,2,1868.95,1099.86,88.43000000000006,60.87000000000012,1,2,1.0
4217,1,1467.15,946.81,118.67999999999984,46.57000000000005,1,2,1.0
4217,2,1867.82,1098.88,88.47000000000003,60.70999999999981,1,2,1.0
4218,1,1465.73,946.23,118.67000000000007,46.639999999999986,1,2,1.0
4218,2,1866.7,1097.9,88.5,60.549999999999955,1,2,1.0
4219,1,1464.32,945.64,118.66000000000008,46.710000000000036,1,2,1.0
4219,2,1865.57,1096.92,88.53999999999996,60.37999999999988,1,2,1.0
4220,1,1462.9,945.06,118.65999999999985,46.780000000000086,1,2,1.0
4220,2,1864.44,1095.94,88.57999999999993,60.22000000000003,1,2,1.0
4221,1,1461.49,944.48,118.6400000000001,46.84000000000003,1,2,1.0
4221,2,1863.32,1094.96,88.61000000000013,60.049999999999955,1,2,1.0
4222,1,1460.08,943.89,118.63000000000011,46.91999999999996,1,2,1.0
4222,2,1862.19,1093.98,88.63999999999987,59.88999999999987,1,2,1.0
4223,1,1458.66,943.31,118.62999999999988,46.98000000000002,1,2,1.0
4223,2,1861.06,1093.0,88.68000000000006,59.72000000000003,1,2,1.0
4224,1,1457.25,943.67,118.6099999999999,47.06000000000006,1,2,1.0
4224,2,1859.46,1092.74,88.71000000000004,59.549999999999955,1,2,1.0
4225,1,1455.83,944.04,118.61000000000013,47.120000000000005,1,2,1.0
4225,2,1857.86,1092.47,88.75,59.38999999999987,1,2,1.0
4226,1,1454.42,944.4,118.59999999999991,47.200000000000045,1,2,1.0
4226,2,1856.26,1092.2,88.77999999999997,59.23000000000002,1,2,1.0
4227,1,1453.01,944.77,118.58999999999992,47.26999999999998,1,2,1.0
4227,2,1854.65,1091.94,88.81999999999994,59.059999999999945,1,2,1.0
4228,1,1451.59,945.14,118.58000000000015,47.33000000000004,1,2,1.0
4228,2,1853.05,1091.67,88.86000000000013,58.88999999999987,1,2,1.0
4229,1,1450.18,945.5,118.56999999999994,47.40999999999997,1,2,1.0
4229,2,1851.45,1091.4,88.88999999999987,58.73000000000002,1,2,1.0
4230,1,1448.76,945.87,118.56999999999994,47.47000000000003,1,2,1.0
4230,2,1849.85,1091.13,88.92000000000007,58.569999999999936,1,2,1.0
4231,1,1443.62,946.26,118.56000000000017,47.539999999999964,1,2,1.0
4231,2,1848.91,1091.03,88.95999999999981,58.40000000000009,1,2,1.0
4232,1,1442.37,946.64,118.54000000000019,47.610000000000014,1,2,1.0
4232,2,1847.86,1090.56,89.0,58.24000000000001,1,2,1.0
4233,1,1441.11,947.01,118.54000000000019,47.690000000000055,1,2,1.0
4233,2,1846.82,1090.09,89.01999999999998,58.080000000000155,1,2,1.0
4234,1,1439.85,947.39,118.5300000000002,47.75999999999999,1,2,1.0
4234,2,1845.77,1089.63,89.05999999999995,57.899999999999864,1,2,1.0
4235,1,1438.6,947.77,118.51999999999998,47.82000000000005,1,2,1.0
4235,2,1844.72,1089.16,89.09999999999991,57.74000000000001,1,2,1.0
4236,1,1437.34,948.14,118.50999999999999,47.89999999999998,1,2,1.0
4236,2,1843.67,1088.69,89.13999999999987,57.57999999999993,1,2,1.0
4237,1,1436.08,948.52,118.5,47.97000000000003,1,2,1.0
4237,2,1842.63,1088.23,89.15999999999985,57.41000000000008,1,2,1.0
4238,1,1434.83,948.9,118.49000000000001,48.04000000000008,1,2,1.0
4238,2,1841.58,1087.76,89.20000000000005,57.25,1,2,1.0
4239,1,1433.57,949.28,118.48000000000002,48.10000000000002,1,2,1.0
4239,2,1840.53,1087.3,89.24000000000001,57.080000000000155,1,2,1.0
4240,1,1432.31,949.65,118.48000000000002,48.180000000000064,1,2,1.0
4240,2,1839.48,1086.83,89.27999999999997,56.92000000000007,1,2,1.0
4241,1,1430.65,950.01,118.4699999999998,48.25,1,2,1.0
4241,2,1838.21,1086.91,89.30999999999995,56.75999999999999,1,2,1.0
4242,1,1429.0,950.37,118.45000000000005,48.32000000000005,1,2,1.0
4242,2,1836.95,1087.0,89.33999999999992,56.57999999999993,1,2,1.0
4243,1,1427.34,950.74,118.44000000000005,48.379999999999995,1,2,1.0
4243,2,1835.68,1087.08,89.36999999999989,56.42000000000007,1,2,1.0
4244,1,1425.68,951.1,118.42999999999984,48.44999999999993,1,2,1.0
4244,2,1834.41,1087.16,89.40999999999985,56.25999999999999,1,2,1.0
4245,1,1424.02,951.46,118.43000000000006,48.51999999999998,1,2,1.0
4245,2,1833.14,1087.25,89.43999999999983,56.08999999999992,1,2,1.0
4246,1,1422.36,951.82,118.42000000000007,48.58999999999992,1,2,1.0
4246,2,1831.87,1087.33,89.48000000000002,55.930000000000064,1,2,1.0
4247,1,1420.7,952.18,118.40999999999985,48.66000000000008,1,2,1.0
4247,2,1830.6,1087.41,89.50999999999999,55.76999999999998,1,2,1.0
4248,1,1419.04,952.54,118.40000000000009,48.73000000000002,1,2,1.0
4248,2,1829.33,1087.5,89.55000000000018,55.59999999999991,1,2,1.0
4249,1,1417.44,952.84,118.38999999999987,48.799999999999955,1,2,1.0
4249,2,1828.06,1087.27,89.59000000000015,55.440000000000055,1,2,1.0
4250,1,1415.84,953.14,118.3900000000001,48.870000000000005,1,2,1.0
4250,2,1826.79,1087.04,89.62000000000012,55.26999999999998,1,2,1.0
4251,1,1414.24,953.44,118.37999999999988,48.93999999999994,1,2,1.0
4251,2,1825.52,1086.82,89.66000000000008,55.100000000000136,1,2,1.0
4252,1,1412.65,953.74,118.3599999999999,49.00999999999999,1,2,1.0
4252,2,1824.25,1086.59,89.69000000000005,54.940000000000055,1,2,1.0
4253,1,1411.05,954.03,118.35000000000014,49.09000000000003,1,2,1.0
4253,2,1822.98,1086.36,89.73000000000002,54.7800000000002,1,2,1.0
4254,1,1409.45,954.33,118.34999999999991,49.15999999999997,1,2,1.0
4254,2,1821.71,1086.14,89.75999999999999,54.6099999999999,1,2,1.0
4255,1,1407.85,954.63,118.34000000000015,49.23000000000002,1,2,1.0
4255,2,1820.44,1085.91,89.79999999999995,54.43999999999983,1,2,1.0
4256,1,1406.25,954.93,118.32999999999993,49.30000000000007,1,2,1.0
4256,2,1819.17,1085.68,89.82999999999993,54.27999999999997,1,2,1.0
4257,1,1404.65,955.23,118.31999999999994,49.370000000000005,1,2,1.0
4257,2,1817.9,1085.45,89.86999999999989,54.11999999999989,1,2,1.0
4258,1,1403.05,955.53,118.30999999999995,49.440000000000055,1,2,1.0
4258,2,1816.63,1085.23,89.89999999999986,53.950000000000045,1,2,1.0
4259,1,1401.45,955.83,118.30999999999995,49.50999999999999,1,2,1.0
4259,2,1815.36,1085.0,89.94000000000005,53.789999999999964,1,2,1.0
4260,1,1399.93,956.17,118.28999999999996,49.58000000000004,1,2,1.0
4260,2,1813.95,1084.7,90.08999999999992,53.680000000000064,1,2,1.0
4261,1,1398.4,956.52,118.28999999999996,49.639999999999986,1,2,1.0
4261,2,1812.54,1084.39,90.25,53.57999999999993,1,2,1.0
4262,1,1396.88,956.86,118.26999999999998,49.710000000000036,1,2,1.0
4262,2,1811.13,1084.09,90.39999999999986,53.47000000000003,1,2,1.0
4263,1,1395.35,957.2,118.26999999999998,49.789999999999964,1,2,1.0
4263,2,1809.72,1083.79,90.54999999999995,53.36000000000013,1,2,1.0
4264,1,1393.82,957.54,118.25999999999999,49.860000000000014,1,2,1.0
4264,2,1808.31,1083.48,90.71000000000004,53.25999999999999,1,2,1.0
4265,1,1392.3,957.88,118.25,49.92999999999995,1,2,1.0
4265,2,1806.9,1083.18,90.8599999999999,53.149999999999864,1,2,1.0
4266,1,1390.77,958.23,118.24000000000001,49.99000000000001,1,2,1.0
4266,2,1805.49,1082.88,91.00999999999999,53.039999999999964,1,2,1.0
4267,1,1389.24,958.57,118.24000000000001,50.059999999999945,1,2,1.0
4267,2,1804.08,1082.57,91.17000000000007,52.940000000000055,1,2,1.0
4268,1,1387.72,958.91,118.22000000000003,50.139999999999986,1,2,1.0
4268,2,1802.67,1082.27,91.31999999999994,52.82999999999993,1,2,1.0
4269,1,1386.19,959.25,118.21000000000004,50.210000000000036,1,2,1.0
4269,2,1801.25,1081.97,91.48000000000002,52.72000000000003,1,2,1.0
4270,1,1384.67,959.6,118.19999999999982,50.26999999999998,1,2,1.0
4270,2,1799.84,1081.67,91.6400000000001,52.6099999999999,1,2,1.0
4271,1,1383.14,959.94,118.18999999999983,50.33999999999992,1,2,1.0
4271,2,1798.43,1081.36,91.78999999999996,52.50999999999999,1,2,1.0
4272,1,1381.61,960.28,118.19000000000005,50.42000000000007,1,2,1.0
4272,2,1797.02,1081.06,91.94000000000005,52.40000000000009,1,2,1.0
4273,1,1380.09,960.62,118.17000000000007,50.49000000000001,1,2,1.0
4273,2,1795.61,1080.76,92.10000000000014,52.289999999999964,1,2,1.0
4274,1,1378.56,960.97,118.17000000000007,50.549999999999955,1,2,1.0
4274,2,1794.2,1080.45,92.25,52.190000000000055,1,2,1.0
4275,1,1377.03,961.31,118.16000000000008,50.620000000000005,1,2,1.0
4275,2,1792.79,1080.15,92.40000000000009,52.07999999999993,1,2,1.0
4276,1,1375.51,961.65,118.15000000000009,50.690000000000055,1,2,1.0
4276,2,1791.38,1079.85,92.55999999999995,51.97000000000003,1,2,1.0
4277,1,1373.98,961.99,118.13999999999987,50.76999999999998,1,2,1.0
4277,2,1789.97,1079.54,92.71000000000004,51.87000000000012,1,2,1.0
4278,1,1372.45,962.33,118.13999999999987,50.83999999999992,1,2,1.0
4278,2,1788.56,1079.24,92.86000000000013,51.75999999999999,1,2,1.0
4279,1,1370.93,962.68,118.11999999999989,50.90000000000009,1,2,1.0
4279,2,1787.15,1078.94,93.01999999999998,51.659999999999854,1,2,1.0
4280,1,1369.4,963.02,118.11999999999989,50.97000000000003,1,2,1.0
4280,2,1785.73,1078.63,93.18000000000006,51.559999999999945,1,2,1.0
4281,1,1367.88,963.36,118.09999999999991,51.049999999999955,1,2,1.0
4281,2,1784.32,1078.33,93.33000000000015,51.450000000000045,1,2,1.0
4282,1,1366.35,963.7,118.10000000000014,51.120000000000005,1,2,1.0
4282,2,1782.91,1078.03,93.49000000000001,51.33999999999992,1,2,1.0
4283,1,1364.82,964.05,118.09000000000015,51.180000000000064,1,2,1.0
4283,2,1781.5,1077.72,93.6400000000001,51.24000000000001,1,2,1.0
4284,1,1363.3,964.39,118.08000000000015,51.25,1,2,1.0
4284,2,1780.09,1077.42,93.79000000000019,51.12999999999988,1,2,1.0
4285,1,1361.77,964.73,118.06999999999994,51.319999999999936,1,2,1.0
4285,2,1778.68,1077.12,93.95000000000005,51.02000000000021,1,2,1.0
4286,1,1360.24,965.07,118.06999999999994,51.39999999999998,1,2,1.0
4286,2,1777.27,1076.81,94.09999999999991,50.92000000000007,1,2,1.0
4287,1,1358.72,965.42,118.04999999999995,51.460000000000036,1,2,1.0
4287,2,1775.86,1076.51,94.25,50.809999999999945,1,2,1.0
4288,1,1357.19,965.76,118.04999999999995,51.52999999999997,1,2,1.0
4288,2,1774.45,1076.21,94.40999999999985,50.700000000000045,1,2,1.0
4289,1,1355.67,966.1,118.02999999999997,51.60000000000002,1,2,1.0
4289,2,1773.04,1075.91,94.55999999999995,50.58999999999992,1,2,1.0
4290,1,1353.87,966.39,118.41000000000008,51.83000000000004,1,2,1.0
4290,2,1771.51,1074.4,94.67000000000007,50.52999999999997,1,2,1.0
4291,1,1352.08,966.68,118.76999999999998,52.05000000000007,1,2,1.0
4291,2,1769.98,1072.89,94.77999999999997,50.4699999999998,1,2,1.0
4292,1,1350.29,966.98,119.1400000000001,52.25999999999999,1,2,1.0
4292,2,1768.45,1071.39,94.89999999999986,50.399999999999864,1,2,1.0
4293,1,1348.5,967.27,119.5,52.48000000000002,1,2,1.0
4293,2,1767.35,1071.62,95.00999999999999,50.330000000000155,1,2,1.0
4294,1,1346.71,967.56,119.86999999999989,52.700000000000045,1,2,1.0
4294,2,1766.25,1071.86,95.13000000000011,50.25999999999999,1,2,1.0
4295,1,1344.92,967.85,120.23000000000002,52.91999999999996,1,2,1.0
4295,2,1765.16,1072.09,95.24000000000001,50.200000000000045,1,2,1.0
4296,1,1343.13,968.14,120.59999999999991,53.14999999999998,1,2,1.0
4296,2,1764.06,1072.33,95.35000000000014,50.13000000000011,1,2,1.0
4297,1,1341.34,968.43,120.96000000000004,53.370000000000005,1,2,1.0
4297,2,1762.97,1072.56,95.46000000000004,50.070000000000164,1,2,1.0
4298,1,1339.55,968.73,121.33000000000015,53.57999999999993,1,2,1.0
4298,2,1761.87,1072.79,95.58000000000015,50.00999999999999,1,2,1.0
4299,1,1337.76,969.02,121.69000000000005,53.80000000000007,1,2,1.0
4299,2,1760.78,1073.03,95.69000000000005,49.930000000000064,1,2,1.0
4300,1,1335.96,969.31,122.06999999999994,54.020000000000095,1,2,1.0
4300,2,1759.68,1073.26,95.79999999999995,49.87000000000012,1,2,1.0
4301,1,1334.17,969.6,122.42999999999984,54.25,1,2,1.0
4301,2,1758.59,1073.5,95.91000000000008,49.799999999999955,1,2,1.0
4302,1,1332.66,970.13,122.42999999999984,54.239999999999895,1,2,1.0
4302,2,1757.28,1073.26,95.91000000000008,49.799999999999955,1,2,1.0
4303,1,1331.16,970.66,122.41999999999985,54.24000000000012,1,2,1.0
4303,2,1755.97,1073.02,95.91000000000008,49.799999999999955,1,2,1.0
4304,1,1329.65,971.19,122.41999999999985,54.24000000000001,1,2,1.0
4304,2,1754.66,1072.78,95.90999999999985,49.799999999999955,1,2,1.0
4305,1,1328.14,971.71,122.42999999999984,54.25,1,2,1.0
4305,2,1753.35,1072.54,95.91000000000008,49.799999999999955,1,2,1.0
4306,1,1326.63,972.24,122.42999999999984,54.25,1,2,1.0
4306,2,1752.04,1072.3,95.91000000000008,49.799999999999955,1,2,1.0
4307,1,1325.12,972.77,122.43000000000006,54.25,1,2,1.0
4307,2,1750.73,1072.06,95.91000000000008,49.799999999999955,1,2,1.0
4308,1,1323.61,973.3,122.43000000000006,54.25,1,2,1.0
4308,2,1749.42,1071.82,95.90999999999985,49.799999999999955,1,2,1.0
4309,1,1322.11,973.83,122.42000000000007,54.239999999999895,1,2,1.0
4309,2,1748.11,1071.58,95.91000000000008,49.80000000000018,1,2,1.0
4310,1,1320.6,974.36,122.42000000000007,54.239999999999895,1,2,1.0
4310,2,1746.8,1071.34,95.91000000000008,49.80000000000018,1,2,1.0
4311,1,1319.09,974.89,122.43000000000006,54.24000000000012,1,2,1.0
4311,2,1745.49,1071.1,95.91000000000008,49.80000000000018,1,2,1.0
4312,1,1317.58,975.42,122.43000000000006,54.24000000000012,1,2,1.0
4312,2,1744.18,1070.86,95.90999999999985,49.80000000000018,1,2,1.0
4313,1,1316.07,975.94,122.43000000000006,54.25,1,2,1.0
4313,2,1742.87,1070.62,95.91000000000008,49.81000000000017,1,2,1.0
4314,1,1314.56,976.47,122.43000000000006,54.25,1,2,1.0
4314,2,1741.56,1070.38,95.91000000000008,49.809999999999945,1,2,1.0
4315,1,1313.05,977.0,122.43000000000006,54.25,1,2,1.0
4315,2,1740.25,1070.14,95.91000000000008,49.809999999999945,1,2,1.0
4316,1,1311.55,977.53,122.42000000000007,54.25,1,2,1.0
4316,2,1738.94,1069.9,95.91999999999985,49.809999999999945,1,2,1.0
4317,1,1310.04,978.06,122.42000000000007,54.24000000000001,1,2,1.0
4317,2,1737.63,1069.66,95.91999999999985,49.809999999999945,1,2,1.0
4318,1,1308.53,978.59,122.43000000000006,54.239999999999895,1,2,1.0
4318,2,1736.32,1069.42,95.92000000000007,49.809999999999945,1,2,1.0
4319,1,1307.02,979.12,122.43000000000006,54.239999999999895,1,2,1.0
4319,2,1735.01,1069.18,95.92000000000007,49.809999999999945,1,2,1.0
4320,1,1305.51,979.64,122.43000000000006,54.250000000000114,1,2,1.0
4320,2,1733.7,1068.94,95.91999999999985,49.809999999999945,1,2,1.0
4321,1,1304.0,980.17,122.43000000000006,54.250000000000114,1,2,1.0
4321,2,1732.39,1068.7,95.91999999999985,49.809999999999945,1,2,1.0
4322,1,1302.49,980.7,122.43000000000006,54.25,1,2,1.0
4322,2,1731.08,1068.47,95.92000000000007,49.799999999999955,1,2,1.0
4323,1,1300.99,981.23,122.42000000000007,54.25,1,2,1.0
4323,2,1729.77,1068.23,95.92000000000007,49.799999999999955,1,2,1.0
4324,1,1299.48,981.76,122.43000000000006,54.24000000000001,1,2,1.0
4324,2,1728.46,1067.99,95.92000000000007,49.799999999999955,1,2,1.0
4325,1,1297.97,982.29,122.43000000000006,54.24000000000001,1,2,1.0
4325,2,1727.15,1067.75,95.91999999999985,49.799999999999955,1,2,1.0
4326,1,1296.46,982.82,122.43000000000006,54.239999999999895,1,2,1.0
4326,2,1725.84,1067.51,95.92000000000007,49.799999999999955,1,2,1.0
4327,1,1295.02,983.35,122.43000000000006,54.30000000000007,1,2,1.0
4327,2,1724.46,1067.58,95.90999999999985,49.350000000000136,1,2,1.0
4328,1,1293.59,983.88,122.43000000000006,54.360000000000014,1,2,1.0
4328,2,1723.07,1067.66,95.91000000000008,48.88999999999987,1,2,1.0
4329,1,1292.15,984.41,122.42999999999984,54.40999999999997,1,2,1.0
4329,2,1721.68,1067.73,95.90999999999985,48.440000000000055,1,2,1.0
4330,1,1290.72,984.95,122.42000000000007,54.460000000000036,1,2,1.0
4330,2,1720.29,1067.81,95.92000000000007,47.97000000000003,1,2,1.0
4331,1,1289.28,985.48,122.43000000000006,54.51999999999998,1,2,1.0
4331,2,1718.9,1067.89,95.91999999999985,47.50999999999999,1,2,1.0
4332,1,1287.84,986.01,122.43000000000006,54.57999999999993,1,2,1.0
4332,2,1717.52,1067.96,95.91000000000008,47.059999999999945,1,2,1.0
4333,1,1286.41,986.54,122.41999999999985,54.63000000000011,1,2,1.0
4333,2,1716.13,1068.04,95.90999999999985,46.600000000000136,1,2,1.0
4334,1,1284.97,987.08,122.43000000000006,54.67999999999995,1,2,1.0
4334,2,1714.74,1068.12,95.91000000000008,46.1400000000001,1,2,1.0
4335,1,1283.53,987.61,122.43000000000006,54.739999999999895,1,2,1.0
4335,2,1713.35,1068.19,95.92000000000007,45.690000000000055,1,2,1.0
4336,1,1282.1,988.14,122.42000000000007,54.80000000000007,1,2,1.0
4336,2,1711.96,1068.27,95.92000000000007,45.23000000000002,1,2,1.0
4337,1,1280.66,988.67,122.42999999999984,54.85000000000002,1,2,1.0
4337,2,1710.58,1068.34,95.91000000000008,44.76999999999998,1,2,1.0
4338,1,1279.22,989.21,122.43000000000006,54.899999999999864,1,2,1.0
4338,2,1709.19,1068.42,95.90999999999985,44.309999999999945,1,2,1.0
4339,1,1277.79,989.74,122.42000000000007,54.960000000000036,1,2,1.0
4339,2,1707.8,1068.5,95.91000000000008,43.84999999999991,1,2,1.0
4340,1,1276.35,990.27,122.43000000000006,55.01999999999998,1,2,1.0
4340,2,1706.41,1068.57,95.91999999999985,43.40000000000009,1,2,1.0
4341,1,1274.91,990.8,122.42999999999984,55.069999999999936,1,2,1.0
4341,2,1705.02,1068.65,95.92000000000007,42.93999999999983,1,2,1.0
4342,1,1273.48,991.34,122.42000000000007,55.120000000000005,1,2,1.0
4342,2,1703.64,1068.72,95.90999999999985,42.49000000000001,1,2,1.0
4343,1,1272.04,991.87,122.43000000000006,55.17999999999995,1,2,1.0
4343,2,1702.25,1068.8,95.91000000000008,42.02999999999997,1,2,1.0
4344,1,1270.6,992.4,122.43000000000006,55.24000000000012,1,2,1.0
4344,2,1700.86,1068.88,95.91000000000008,41.559999999999945,1,2,1.0
4345,1,1269.17,992.93,122.42999999999984,55.29000000000008,1,2,1.0
4345,2,1699.47,1068.95,95.92000000000007,41.1099999999999,1,2,1.0
4346,1,1267.73,993.47,122.43000000000006,55.33999999999992,1,2,1.0
4346,2,1698.08,1069.03,95.92000000000007,40.65000000000009,1,2,1.0
4347,1,1266.29,994.0,122.43000000000006,55.40000000000009,1,2,1.0
4347,2,1696.7,1069.1,95.90999999999985,40.200000000000045,1,2,1.0
4348,1,1264.82,994.42,122.33000000000015,55.64999999999998,1,2,1.0
4348,2,1695.37,1068.53,95.83000000000015,40.02999999999997,1,2,1.0
4349,1,1263.35,994.84,122.22000000000003,55.89999999999998,1,2,1.0
4349,2,1694.05,1067.96,95.75,39.8599999999999,1,2,1.0
4350,1,1261.88,995.26,122.11999999999989,56.16000000000008,1,2,1.0
4350,2,1692.72,1067.38,95.67000000000007,39.68999999999983,1,2,1.0
4351,1,1260.41,995.68,122.00999999999999,56.40999999999997,1,2,1.0
4351,2,1691.4,1066.81,95.58999999999992,39.51999999999998,1,2,1.0
4352,1,1258.94,996.11,121.90999999999985,56.64999999999998,1,2,1.0
4352,2,1690.08,1066.24,95.5,39.34999999999991,1,2,1.0
4353,1,1257.47,996.53,121.79999999999995,56.90000000000009,1,2,1.0
4353,2,1688.75,1065.66,95.43000000000006,39.18999999999983,1,2,1.0
4354,1,1256.0,996.95,121.70000000000005,57.159999999999854,1,2,1.0
4354,2,1687.43,1065.81,95.33999999999992,39.00999999999999,1,2,1.0
4355,1,1254.53,997.37,121.58999999999992,57.40999999999997,1,2,1.0
4355,2,1686.1,1065.95,95.25999999999999,38.84999999999991,1,2,1.0
4356,1,1253.06,997.79,121.49000000000001,57.66000000000008,1,2,1.0
4356,2,1684.78,1066.09,95.18000000000006,38.680000000000064,1,2,1.0
4357,1,1251.58,998.21,121.3900000000001,57.909999999999854,1,2,1.0
4357,2,1683.46,1066.23,95.08999999999992,38.50999999999999,1,2,1.0
4358,1,1250.11,998.63,121.29000000000019,58.16999999999996,1,2,1.0
4358,2,1682.13,1066.37,95.01999999999998,38.340000000000146,1,2,1.0
4359,1,1248.64,999.05,121.17999999999984,58.42000000000007,1,2,1.0
4359,2,1680.81,1066.51,94.93000000000006,38.180000000000064,1,2,1.0
4360,1,1247.17,999.47,121.07999999999993,58.67000000000007,1,2,1.0
4360,2,1679.48,1066.66,94.84999999999991,38.0,1,2,1.0
4361,1,1245.7,999.89,120.97000000000003,58.91999999999996,1,2,1.0
4361,2,1678.16,1066.8,94.76999999999998,37.830000000000155,1,2,1.0
4362,1,1244.23,1000.32,120.86999999999989,59.16999999999996,1,2,1.0
4362,2,1676.84,1066.94,94.68000000000006,37.669999999999845,1,2,1.0
4363,1,1242.76,1000.74,120.75999999999999,59.42000000000007,1,2,1.0
4363,2,1675.51,1067.08,94.6099999999999,37.5,1,2,1.0
4364,1,1241.29,1001.16,120.66000000000008,59.66999999999996,1,2,1.0
4364,2,1674.19,1067.22,94.51999999999998,37.32999999999993,1,2,1.0
4365,1,1239.82,1001.58,120.54999999999995,59.91999999999996,1,2,1.0
4365,2,1672.86,1067.37,94.45000000000005,37.16000000000008,1,2,1.0
4366,1,1238.34,1002.0,120.46000000000004,60.180000000000064,1,2,1.0
4366,2,1671.54,1067.51,94.36000000000013,36.99000000000001,1,2,1.0
4367,1,1236.83,1002.78,120.45000000000005,60.26999999999998,1,2,1.0
4367,2,1670.28,1067.47,94.36000000000013,37.0,1,2,1.0
4368,1,1235.31,1003.57,120.46000000000004,60.360000000000014,1,2,1.0
4368,2,1669.02,1067.44,94.36000000000013,37.0,1,2,1.0
4369,1,1233.79,1004.35,120.46000000000004,60.45999999999992,1,2,1.0
4369,2,1667.75,1067.41,94.3599999999999,36.99000000000001,1,2,1.0
4370,1,1232.28,1005.14,120.45000000000005,60.54000000000008,1,2,1.0
4370,2,1666.49,1067.38,94.3599999999999,36.98999999999978,1,2,1.0
4371,1,1230.76,1005.92,120.45000000000005,60.639999999999986,1,2,1.0
4371,2,1665.23,1067.35,94.3599999999999,36.99000000000001,1,2,1.0
4372,1,1229.24,1006.7,120.46000000000004,60.74000000000001,1,2,1.0
4372,2,1663.97,1067.32,94.3599999999999,36.99000000000001,1,2,1.0
4373,1,1227.72,1007.49,120.46000000000004,60.819999999999936,1,2,1.0
4373,2,1662.71,1067.28,94.3599999999999,37.0,1,2,1.0
4374,1,1226.21,1008.27,120.45000000000005,60.92000000000007,1,2,1.0
4374,2,1661.45,1067.25,94.3599999999999,36.99000000000001,1,2,1.0
4375,1,1224.69,1009.06,120.45000000000005,61.00999999999999,1,2,1.0
4375,2,1660.18,1067.22,94.3599999999999,36.99000000000001,1,2,1.0
4376,1,1223.17,1009.84,120.46000000000004,61.110000000000014,1,2,1.0
4376,2,1658.92,1067.19,94.3599999999999,36.99000000000001,1,2,1.0
4377,1,1221.65,1010.62,120.45999999999981,61.19999999999993,1,2,1.0
4377,2,1657.66,1067.16,94.3599999999999,36.99000000000001,1,2,1.0
4378,1,1220.14,1011.41,120.44999999999982,61.29000000000008,1,2,1.0
4378,2,1656.4,1067.12,94.3599999999999,37.0,1,2,1.0
4379,1,1218.62,1012.19,120.46000000000004,61.38999999999987,1,2,1.0
4379,2,1655.14,1067.09,94.3599999999999,37.0,1,2,1.0
4380,1,1217.1,1012.98,120.46000000000004,61.47000000000003,1,2,1.0
4380,2,1653.88,1067.06,94.3599999999999,36.99000000000001,1,2,1.0
4381,1,1215.59,1013.76,120.45000000000005,61.569999999999936,1,2,1.0
4381,2,1652.61,1067.03,94.36000000000013,36.99000000000001,1,2,1.0
4382,1,1214.07,1014.54,120.45000000000005,61.67000000000007,1,2,1.0
4382,2,1651.35,1067.0,94.36000000000013,36.99000000000001,1,2,1.0
4383,1,1212.55,1015.33,120.46000000000004,61.749999999999886,1,2,1.0
4383,2,1650.09,1066.96,94.36000000000013,37.0,1,2,1.0
4384,1,1211.03,1016.11,120.46000000000004,61.85000000000002,1,2,1.0
4384,2,1648.83,1066.93,94.36000000000013,37.0,1,2,1.0
4385,1,1209.52,1016.9,120.45000000000005,61.93999999999994,1,2,1.0
4385,2,1647.57,1066.9,94.36000000000013,36.99000000000001,1,2,1.0
4386,1,1208.0,1017.68,120.45000000000005,62.04000000000008,1,2,1.0
4386,2,1646.3,1066.87,94.36000000000013,36.99000000000001,1,2,1.0
4387,1,1206.48,1018.46,120.46000000000004,62.12999999999988,1,2,1.0
4387,2,1645.04,1066.84,94.36000000000013,36.99000000000001,1,2,1.0
4388,1,1204.96,1019.25,120.46000000000004,62.22000000000003,1,2,1.0
4388,2,1643.78,1066.8,94.36000000000013,37.0,1,2,1.0
4389,1,1203.45,1020.03,120.45000000000005,62.319999999999936,1,2,1.0
4389,2,1642.52,1066.77,94.36000000000013,37.0,1,2,1.0
4390,1,1201.93,1020.82,120.46000000000004,62.39999999999998,1,2,1.0
4390,2,1641.26,1066.74,94.3599999999999,36.99000000000001,1,2,1.0
4391,1,1200.41,1021.6,120.45999999999981,62.499999999999886,1,2,1.0
4391,2,1640.0,1066.71,94.3599999999999,36.99000000000001,1,2,1.0
4392,1,1199.71,1022.3,120.39999999999986,62.600000000000136,1,2,1.0
4392,2,1639.29,1066.87,94.44000000000005,36.76000000000022,1,2,1.0
4393,1,1199.0,1022.99,120.3599999999999,62.710000000000036,1,2,1.0
4393,2,1638.58,1067.03,94.51999999999998,36.52999999999997,1,2,1.0
4394,1,1198.29,1023.69,120.31999999999994,62.809999999999945,1,2,1.0
4394,2,1637.87,1067.19,94.60000000000014,36.309999999999945,1,2,1.0
4395,1,1197.58,1024.39,120.26999999999998,62.899999999999864,1,2,1.0
4395,2,1637.17,1067.35,94.67999999999984,36.080000000000155,1,2,1.0
4396,1,1196.88,1025.09,120.2199999999998,63.0,1,2,1.0
4396,2,1636.46,1067.51,94.75999999999999,35.84999999999991,1,2,1.0
4397,1,1196.17,1025.78,120.17999999999984,63.11000000000013,1,2,1.0
4397,2,1635.75,1067.67,94.83999999999992,35.61999999999989,1,2,1.0
4398,1,1195.46,1026.48,120.12999999999988,63.210000000000036,1,2,1.0
4398,2,1635.04,1067.83,94.92000000000007,35.3900000000001,1,2,1.0
4399,1,1194.75,1027.18,120.08999999999992,63.309999999999945,1,2,1.0
4399,2,1634.34,1067.99,95.0,35.16000000000008,1,2,1.0
4400,1,1194.05,1027.87,120.03999999999996,63.42000000000007,1,2,1.0
4400,2,1633.63,1068.15,95.07999999999993,34.929999999999836,1,2,1.0
4401,1,1193.34,1028.57,119.99000000000001,63.51999999999998,1,2,1.0
4401,2,1632.92,1068.31,95.15999999999985,34.710000000000036,1,2,1.0
4402,1,1192.63,1029.27,119.94999999999982,63.61000000000013,1,2,1.0
4402,2,1632.22,1068.47,95.24000000000001,34.48000000000002,1,2,1.0
4403,1,1191.93,1029.97,119.89999999999986,63.710000000000036,1,2,1.0
4403,2,1631.51,1068.63,95.31999999999994,34.25,1,2,1.0
4404,1,1191.22,1030.66,119.84999999999991,63.819999999999936,1,2,1.0
4404,2,1630.8,1068.79,95.40000000000009,34.01999999999998,1,2,1.0
4405,1,1190.51,1031.36,119.80999999999995,63.92000000000007,1,2,1.0
4405,2,1630.09,1068.95,95.48000000000002,33.789999999999964,1,2,1.0
4406,1,1189.8,1032.06,119.76999999999998,64.01999999999998,1,2,1.0
4406,2,1629.39,1069.11,95.55999999999995,33.56000000000017,1,2,1.0
4407,1,1189.1,1032.75,119.71000000000004,64.13000000000011,1,2,1.0
4407,2,1628.68,1069.26,95.63999999999987,33.33999999999992,1,2,1.0
4408,1,1188.39,1033.45,119.66999999999985,64.23000000000002,1,2,1.0
4408,2,1627.97,1069.42,95.72000000000003,33.11999999999989,1,2,1.0
4409,1,1187.68,1034.15,119.62999999999988,64.31999999999994,1,2,1.0
4409,2,1627.26,1069.58,95.79999999999995,32.8900000000001,1,2,1.0
4410,1,1186.97,1034.85,119.57999999999993,64.42000000000007,1,2,1.0
4410,2,1626.56,1069.74,95.88000000000011,32.66000000000008,1,2,1.0
4411,1,1186.27,1035.54,119.52999999999997,64.52999999999997,1,2,1.0
4411,2,1625.85,1069.9,95.96000000000004,32.429999999999836,1,2,1.0
4412,1,1185.56,1036.24,119.49000000000001,64.62999999999988,1,2,1.0
4412,2,1625.14,1070.06,96.03999999999996,32.200000000000045,1,2,1.0
4413,1,1184.85,1036.94,119.44000000000005,64.73000000000002,1,2,1.0
4413,2,1624.44,1070.22,96.11999999999989,31.970000000000027,1,2,1.0
4414,1,1184.14,1037.63,119.39999999999986,64.83999999999992,1,2,1.0
4414,2,1623.73,1070.38,96.20000000000005,31.73999999999978,1,2,1.0
4415,1,1183.44,1038.33,119.34999999999991,64.94000000000005,1,2,1.0
4415,2,1623.02,1070.54,96.27999999999997,31.50999999999999,1,2,1.0
4416,1,1182.73,1039.03,119.29999999999995,65.02999999999997,1,2,1.0
4416,2,1622.31,1070.7,96.36000000000013,31.289999999999964,1,2,1.0
4417,1,1182.02,1039.73,119.25999999999999,65.12999999999988,1,2,1.0
4417,2,1621.61,1070.86,96.44000000000005,31.060000000000173,1,2,1.0
4418,1,1181.32,1040.42,119.21000000000004,65.24000000000001,1,2,1.0
4418,2,1620.9,1071.02,96.51999999999998,30.829999999999927,1,2,1.0
4419,1,1180.61,1041.12,119.16000000000008,65.34000000000015,1,2,1.0
4419,2,1620.19,1071.18,96.59999999999991,30.59999999999991,1,2,1.0
4420,1,1179.9,1041.82,119.11999999999989,65.44000000000005,1,2,1.0
4420,2,1619.48,1071.34,96.68000000000006,30.37000000000012,1,2,1.0
4421,1,1179.19,1042.51,119.07999999999993,65.54999999999995,1,2,1.0
4421,2,1618.78,1071.5,96.75999999999999,30.1400000000001,1,2,1.0
4422,1,1178.49,1043.21,119.01999999999998,65.64999999999986,1,2,1.0
4422,2,1618.07,1071.66,96.84000000000015,29.909999999999854,1,2,1.0
4423,1,1177.78,1043.91,118.98000000000002,65.74000000000001,1,2,1.0
4423,2,1617.36,1071.82,96.92000000000007,29.690000000000055,1,2,1.0
4424,1,1177.07,1044.61,118.94000000000005,65.84000000000015,1,2,1.0
4424,2,1616.65,1071.98,97.0,29.460000000000036,1,2,1.0
4425,1,1176.36,1045.3,118.8900000000001,65.95000000000005,1,2,1.0
4425,2,1615.95,1072.14,97.07999999999993,29.22999999999979,1,2,1.0
4426,1,1175.66,1046.0,118.83999999999992,66.04999999999995,1,2,1.0
4426,2,1615.24,1072.3,97.16000000000008,29.0,1,2,1.0
4427,1,1174.06,1046.62,118.77999999999997,66.2800000000002,1,2,1.0
4427,2,1613.79,1072.38,97.16000000000008,29.0,1,2,1.0
4428,1,1172.46,1047.25,118.72000000000003,66.49000000000001,1,2,1.0
4428,2,1612.33,1072.46,97.16000000000008,29.0,1,2,1.0
4429,1,1170.87,1047.87,118.65000000000009,66.72000000000003,1,2,1.0
4429,2,1610.88,1072.54,97.15999999999985,29.0,1,2,1.0
4430,1,1169.27,1048.5,118.58999999999992,66.94000000000005,1,2,1.0
4430,2,1609.43,1072.62,97.15999999999985,29.0,1,2,1.0
4431,1,1167.67,1049.12,118.52999999999997,67.16000000000008,1,2,1.0
4431,2,1607.97,1072.7,97.16000000000008,29.0,1,2,1.0
4432,1,1166.07,1049.74,118.47000000000003,67.3900000000001,1,2,1.0
4432,2,1606.52,1072.78,97.16000000000008,29.0,1,2,1.0
4433,1,1164.48,1050.37,118.40000000000009,67.61000000000013,1,2,1.0
4433,2,1605.07,1072.86,97.16000000000008,29.0,1,2,1.0
4434,1,1162.88,1050.99,118.33999999999992,67.82999999999993,1,2,1.0
4434,2,1603.61,1072.94,97.16000000000008,29.0,1,2,1.0
4435,1,1161.28,1051.62,118.27999999999997,68.05000000000018,1,2,1.0
4435,2,1602.16,1073.02,97.15999999999985,29.0,1,2,1.0
4436,1,1159.69,1052.24,118.21000000000004,68.27999999999997,1,2,1.0
4436,2,1600.71,1073.1,97.15999999999985,29.0,1,2,1.0
4437,1,1158.09,1052.86,118.15000000000009,68.5,1,2,1.0
4437,2,1599.25,1073.18,97.16000000000008,29.0,1,2,1.0
4438,1,1156.49,1053.49,118.08999999999992,68.72000000000003,1,2,1.0
4438,2,1597.8,1073.26,97.16000000000008,29.0,1,2,1.0
4439,1,1154.89,1054.11,118.02999999999997,68.95000000000005,1,2,1.0
4439,2,1596.35,1073.34,97.16000000000008,29.0,1,2,1.0
4440,1,1153.3,1054.74,117.96000000000004,69.16000000000008,1,2,1.0
4440,2,1594.89,1073.42,97.15999999999985,29.0,1,2,1.0
4441,1,1151.7,1055.36,117.89999999999986,69.3900000000001,1,2,1.0
4441,2,1593.44,1073.5,97.15999999999985,29.0,1,2,1.0
4442,1,1150.1,1055.98,117.84000000000015,69.61999999999989,1,2,1.0
4442,2,1591.99,1073.58,97.16000000000008,29.0,1,2,1.0
4443,1,1148.51,1056.61,117.76999999999998,69.83000000000015,1,2,1.0
4443,2,1590.53,1073.66,97.16000000000008,29.0,1,2,1.0
4444,1,1146.91,1057.23,117.70999999999981,70.05999999999995,1,2,1.0
4444,2,1589.08,1073.74,97.16000000000008,29.0,1,2,1.0
4445,1,1145.31,1057.86,117.65000000000009,70.27000000000021,1,2,1.0
4445,2,1587.63,1073.82,97.15999999999985,29.0,1,2,1.0
4446,1,1143.71,1058.48,117.58999999999992,70.5,1,2,1.0
4446,2,1586.17,1073.9,97.15999999999985,29.0,1,2,1.0
4447,1,1142.12,1059.1,117.52000000000021,70.73000000000002,1,2,1.0
4447,2,1584.72,1073.98,97.16000000000008,29.0,1,2,1.0
4448,1,1140.52,1059.73,117.46000000000004,70.94000000000005,1,2,1.0
4448,2,1583.27,1074.06,97.16000000000008,29.0,1,2,1.0
4449,1,1138.92,1060.35,117.39999999999986,71.17000000000007,1,2,1.0
4449,2,1581.81,1074.14,97.16000000000008,29.0,1,2,1.0
4450,1,1137.33,1060.98,117.33000000000015,71.38999999999987,1,2,1.0
4450,2,1580.36,1074.22,97.16000000000008,29.0,1,2,1.0
4451,1,1135.73,1061.6,117.26999999999998,71.61000000000013,1,2,1.0
4451,2,1578.91,1074.3,97.15999999999985,29.0,1,2,1.0
4452,1,1134.15,1062.45,117.34999999999991,71.69000000000005,1,2,1.0
4452,2,1577.42,1074.49,97.15999999999985,29.0,1,2,1.0
4453,1,1132.57,1063.3,117.43000000000006,71.75999999999999,1,2,1.0
4453,2,1575.94,1074.69,97.15999999999985,29.0,1,2,1.0
4454,1,1130.99,1064.15,117.50999999999999,71.82999999999993,1,2,1.0
4454,2,1574.46,1074.88,97.15999999999985,29.0,1,2,1.0
4455,1,1129.41,1065.0,117.58999999999992,71.91000000000008,1,2,1.0
4455,2,1572.98,1075.08,97.16000000000008,29.0,1,2,1.0
4456,1,1127.83,1065.86,117.67000000000007,71.97000000000003,1,2,1.0
4456,2,1571.5,1075.27,97.16000000000008,29.0,1,2,1.0
4457,1,1126.25,1066.71,117.75,72.03999999999996,1,2,1.0
4457,2,1570.01,1075.47,97.16000000000008,29.0,1,2,1.0
4458,1,1124.67,1067.56,117.82999999999993,72.11000000000013,1,2,1.0
4458,2,1568.53,1075.66,97.16000000000008,29.0,1,2,1.0
4459,1,1123.09,1068.41,117.91000000000008,72.18999999999983,1,2,1.0
4459,2,1567.05,1075.86,97.16000000000008,29.0,1,2,1.0
4460,1,1121.51,1069.26,117.99000000000001,72.25999999999999,1,2,1.0
4460,2,1565.57,1076.05,97.16000000000008,29.0,1,2,1.0
4461,1,1119.93,1070.11,118.06999999999994,72.33000000000015,1,2,1.0
4461,2,1564.09,1076.25,97.16000000000008,29.0,1,2,1.0
4462,1,1118.36,1070.96,118.1400000000001,72.39999999999986,1,2,1.0
4462,2,1562.61,1076.44,97.16000000000008,29.0,1,2,1.0
4463,1,1116.78,1071.81,118.22000000000003,72.48000000000002,1,2,1.0
4463,2,1561.12,1076.64,97.16000000000008,29.0,1,2,1.0
4464,1,1115.2,1072.66,118.29999999999995,72.54999999999995,1,2,1.0
4464,2,1559.64,1076.83,97.15999999999985,29.0,1,2,1.0
4465,1,1113.62,1073.52,118.38000000000011,72.61000000000013,1,2,1.0
4465,2,1558.16,1077.03,97.15999999999985,29.0,1,2,1.0
4466,1,1112.04,1074.37,118.46000000000004,72.69000000000005,1,2,1.0
4466,2,1556.68,1077.22,97.15999999999985,29.0,1,2,1.0
4467,1,1110.46,1075.22,118.53999999999996,72.75999999999999,1,2,1.0
4467,2,1555.2,1077.42,97.15999999999985,29.0,1,2,1.0
4468,1,1108.88,1076.07,118.61999999999989,72.83000000000015,1,2,1.0
4468,2,1553.72,1077.61,97.14999999999986,29.0,1,2,1.0
4469,1,1107.3,1076.92,118.70000000000005,72.89999999999986,1,2,1.0
4469,2,1552.23,1077.81,97.16000000000008,29.0,1,2,1.0
4470,1,1105.72,1077.77,118.77999999999997,72.98000000000002,1,2,1.0
4470,2,1550.75,1078.01,97.16000000000008,29.0,1,2,1.0
4471,1,1104.14,1078.62,118.8599999999999,73.05000000000018,1,2,1.0
4471,2,1549.27,1078.2,97.16000000000008,29.0,1,2,1.0
4472,1,1102.56,1079.47,118.94000000000005,73.11999999999989,1,2,1.0
4472,2,1547.79,1078.4,97.16000000000008,29.0,1,2,1.0
4473,1,1100.98,1080.32,119.01999999999998,73.20000000000005,1,2,1.0
4473,2,1546.31,1078.59,97.16000000000008,29.0,1,2,1.0
4474,1,1099.4,1081.18,119.09999999999991,73.25999999999999,1,2,1.0
4474,2,1544.82,1078.79,97.16000000000008,29.0,1,2,1.0
4475,1,1097.82,1082.03,119.18000000000006,73.32999999999993,1,2,1.0
4475,2,1543.34,1078.98,97.16000000000008,29.0,1,2,1.0
4476,1,1096.24,1082.88,119.25999999999999,73.39999999999986,1,2,1.0
4476,2,1541.86,1079.18,97.16000000000008,29.0,1,2,1.0
4477,1,1094.66,1083.73,119.33999999999992,73.48000000000002,1,2,1.0
4477,2,1540.38,1079.37,97.15999999999985,29.0,1,2,1.0
4478,1,1093.08,1084.58,119.42000000000007,73.55000000000018,1,2,1.0
4478,2,1538.9,1079.57,97.15999999999985,29.0,1,2,1.0
4479,1,1091.51,1085.43,119.49000000000001,73.61999999999989,1,2,1.0
4479,2,1537.42,1079.76,97.15999999999985,29.0,1,2,1.0
4480,1,1089.93,1086.28,119.56999999999994,73.70000000000005,1,2,1.0
4480,2,1535.93,1079.96,97.15999999999985,29.0,1,2,1.0
4481,1,1088.35,1087.13,119.65000000000009,73.76999999999998,1,2,1.0
4481,2,1534.45,1080.15,97.15999999999985,29.0,1,2,1.0
4482,1,1086.77,1087.98,119.73000000000002,73.83999999999992,1,2,1.0
4482,2,1532.97,1080.35,97.16000000000008,29.0,1,2,1.0
4483,1,1085.19,1088.84,119.80999999999995,73.90000000000009,1,2,1.0
4483,2,1531.49,1080.54,97.16000000000008,29.0,1,2,1.0
4484,1,1083.61,1089.69,119.8900000000001,73.98000000000002,1,2,1.0
4484,2,1530.01,1080.74,97.16000000000008,29.0,1,2,1.0
4485,1,1082.03,1090.54,119.97000000000003,74.04999999999995,1,2,1.0
4485,2,1528.53,1080.93,97.15000000000009,29.0,1,2,1.0
4486,1,1080.45,1091.39,120.04999999999995,74.11999999999989,1,2,1.0
4486,2,1527.04,1081.13,97.16000000000008,29.0,1,2,1.0
4487,1,1078.87,1092.24,120.13000000000011,74.20000000000005,1,2,1.0
4487,2,1525.56,1081.32,97.16000000000008,29.0,1,2,1.0
4488,1,1077.29,1093.09,120.21000000000004,74.26999999999998,1,2,1.0
4488,2,1524.08,1081.52,97.16000000000008,29.0,1,2,1.0
4489,1,1075.71,1093.94,120.28999999999996,74.33999999999992,1,2,1.0
4489,2,1522.6,1081.71,97.16000000000008,29.0,1,2,1.0
4490,1,1074.13,1094.79,120.36999999999989,74.41000000000008,1,2,1.0
4490,2,1521.12,1081.91,97.16000000000008,29.0,1,2,1.0
4491,1,1072.55,1095.64,120.45000000000005,74.49000000000001,1,2,1.0
4491,2,1519.63,1082.1,97.15999999999985,29.00999999999999,1,2,1.0
4492,1,1070.97,1096.5,120.52999999999997,74.54999999999995,1,2,1.0
4492,2,1518.15,1082.3,97.15999999999985,29.0,1,2,1.0
4493,1,1069.39,1097.35,120.6099999999999,74.62000000000012,1,2,1.0
4493,2,1516.67,1082.5,97.15999999999985,29.0,1,2,1.0
4494,1,1067.81,1098.2,120.69000000000005,74.70000000000005,1,2,1.0
4494,2,1515.19,1082.69,97.15999999999985,29.0,1,2,1.0
4495,1,1066.23,1099.05,120.76999999999998,74.76999999999998,1,2,1.0
4495,2,1513.71,1082.89,97.15999999999985,29.0,1,2,1.0
4496,1,1064.66,1099.9,120.83999999999992,74.83999999999992,1,2,1.0
4496,2,1512.23,1083.08,97.16000000000008,29.0,1,2,1.0
4497,1,1063.16,1100.75,120.80999999999995,75.0,1,2,1.0
4497,2,1510.75,1083.34,97.16000000000008,29.050000000000182,1,2,1.0
4498,1,1061.67,1101.59,120.77999999999997,75.17000000000007,1,2,1.0
4498,2,1509.27,1083.6,97.16000000000008,29.090000000000146,1,2,1.0
4499,1,1060.18,1102.44,120.74000000000001,75.32999999999993,1,2,1.0
4499,2,1507.79,1083.86,97.16000000000008,29.1400000000001,1,2,1.0
4500,1,1058.69,1103.29,120.70000000000005,75.49000000000001,1,2,1.0
4500,2,1506.31,1084.12,97.16000000000008,29.180000000000064,1,2,1.0
4501,1,1057.2,1104.14,120.66999999999985,75.64999999999986,1,2,1.0
4501,2,1504.83,1084.38,97.16000000000008,29.22999999999979,1,2,1.0
4502,1,1055.71,1104.98,120.62999999999988,75.81999999999994,1,2,1.0
4502,2,1503.35,1084.64,97.16000000000008,29.269999999999982,1,2,1.0
4503,1,1054.21,1105.83,120.59999999999991,75.98000000000002,1,2,1.0
4503,2,1501.87,1084.9,97.16000000000008,29.319999999999936,1,2,1.0
4504,1,1052.72,1106.68,120.56999999999994,76.13999999999987,1,2,1.0
4504,2,1500.39,1085.16,97.15999999999985,29.3599999999999,1,2,1.0
4505,1,1051.23,1107.52,120.52999999999997,76.30999999999995,1,2,1.0
4505,2,1498.91,1085.42,97.15999999999985,29.409999999999854,1,2,1.0
4506,1,1049.74,1108.37,120.5,76.47000000000003,1,2,1.0
4506,2,1497.43,1085.67,97.16999999999985,29.460000000000036,1,2,1.0
4507,1,1048.25,1109.22,120.46000000000004,76.62999999999988,1,2,1.0
4507,2,1495.95,1085.93,97.16999999999985,29.50999999999999,1,2,1.0
4508,1,1046.76,1110.06,120.42000000000007,76.79999999999995,1,2,1.0
4508,2,1494.47,1086.19,97.17000000000007,29.559999999999945,1,2,1.0
4509,1,1045.27,1110.91,120.3900000000001,76.95999999999981,1,2,1.0
4509,2,1492.99,1086.45,97.17000000000007,29.59999999999991,1,2,1.0
4510,1,1043.77,1111.76,120.36000000000013,77.12000000000012,1,2,1.0
4510,2,1491.51,1086.71,97.17000000000007,29.649999999999864,1,2,1.0
4511,1,1042.28,1112.61,120.31999999999994,77.2800000000002,1,2,1.0
4511,2,1490.03,1086.97,97.17000000000007,29.690000000000055,1,2,1.0
4512,1,1040.79,1113.45,120.28999999999996,77.45000000000005,1,2,1.0
4512,2,1488.55,1087.23,97.17000000000007,29.74000000000001,1,2,1.0
4513,1,1039.3,1114.3,120.25,77.61000000000013,1,2,1.0
4513,2,1487.07,1087.49,97.17000000000007,29.779999999999973,1,2,1.0
4514,1,1037.81,1115.15,120.21000000000004,77.76999999999998,1,2,1.0
4514,2,1485.59,1087.75,97.17000000000007,29.829999999999927,1,2,1.0
4515,1,1036.32,1115.99,120.18000000000006,77.94000000000005,1,2,1.0
4515,2,1484.11,1088.01,97.17000000000007,29.87000000000012,1,2,1.0
4516,1,1034.83,1116.84,120.1400000000001,78.10000000000014,1,2,1.0
4516,2,1482.63,1088.27,97.17999999999984,29.920000000000073,1,2,1.0
4517,1,1033.33,1117.69,120.11000000000013,78.25999999999999,1,2,1.0
4517,2,1481.15,1088.53,97.17999999999984,29.960000000000036,1,2,1.0
4518,1,1031.84,1118.54,120.08000000000015,78.42000000000007,1,2,1.0
4518,2,1479.67,1088.79,97.17999999999984,30.00999999999999,1,2,1.0
4519,1,1030.35,1119.38,120.04000000000019,78.58999999999992,1,2,1.0
4519,2,1478.19,1089.05,97.17999999999984,30.049999999999955,1,2,1.0
4520,1,1028.86,1120.23,120.0,78.75,1,2,1.0
4520,2,1476.71,1089.31,97.18000000000006,30.100000000000136,1,2,1.0
4521,1,1027.37,1121.08,119.97000000000003,78.91000000000008,1,2,1.0
4521,2,1475.23,1089.57,97.18000000000006,30.1400000000001,1,2,1.0
4522,1,1025.88,1121.92,119.92999999999984,79.07999999999993,1,2,1.0
4522,2,1473.75,1089.82,97.18000000000006,30.200000000000045,1,2,1.0
4523,1,1024.39,1122.77,119.89999999999986,79.24000000000001,1,2,1.0
4523,2,1472.27,1090.08,97.18000000000006,30.25,1,2,1.0
4524,1,1022.89,1123.62,119.87,79.40000000000009,1,2,1.0
4524,2,1470.79,1090.34,97.18000000000006,30.29000000000019,1,2,1.0
4525,1,1021.4,1124.46,119.83000000000004,79.56999999999994,1,2,1.0
4525,2,1469.31,1090.6,97.18000000000006,30.340000000000146,1,2,1.0
4526,1,1019.91,1125.31,119.80000000000007,79.73000000000002,1,2,1.0
4526,2,1467.83,1090.86,97.19000000000005,30.38000000000011,1,2,1.0
4527,1,1018.42,1126.16,119.7600000000001,79.88999999999987,1,2,1.0
4527,2,1466.36,1091.12,97.18000000000006,30.430000000000064,1,2,1.0
4528,1,1016.93,1127.01,119.72000000000014,80.04999999999995,1,2,1.0
4528,2,1464.88,1091.38,97.17999999999984,30.4699999999998,1,2,1.0
4529,1,1015.44,1127.85,119.69000000000005,80.22000000000003,1,2,1.0
4529,2,1463.4,1091.64,97.17999999999984,30.519999999999982,1,2,1.0
4530,1,1013.95,1128.7,119.64999999999986,80.37999999999988,1,2,1.0
4530,2,1461.92,1091.9,97.17999999999984,30.559999999999945,1,2,1.0
4531,1,1012.45,1129.66,119.69000000000005,80.51999999999998,1,2,1.0
4531,2,1460.34,1092.22,97.30000000000018,30.809999999999945,1,2,1.0
4532,1,1010.95,1130.62,119.73000000000002,80.65000000000009,1,2,1.0
4532,2,1458.76,1092.54,97.42000000000007,31.059999999999945,1,2,1.0
4533,1,1009.46,1131.57,119.75999999999999,80.79999999999995,1,2,1.0
4533,2,1457.19,1092.86,97.52999999999997,31.300000000000182,1,2,1.0
4534,1,1007.96,1132.53,119.79999999999995,80.93000000000006,1,2,1.0
4534,2,1455.61,1093.18,97.65000000000009,31.549999999999955,1,2,1.0
4535,1,1006.47,1133.49,119.82999999999993,81.06999999999994,1,2,1.0
4535,2,1454.03,1093.5,97.76999999999998,31.799999999999955,1,2,1.0
4536,1,1004.97,1134.45,119.86999999999989,81.20000000000005,1,2,1.0
4536,2,1452.45,1093.82,97.88999999999987,32.049999999999955,1,2,1.0
4537,1,1003.48,1135.41,119.90000000000009,81.32999999999993,1,2,1.0
4537,2,1450.88,1094.14,98.0,32.289999999999964,1,2,1.0
4538,1,1001.98,1136.37,119.94000000000005,81.47000000000003,1,2,1.0
4538,2,1449.3,1094.46,98.12000000000012,32.539999999999964,1,2,1.0
4539,1,1000.49,1137.32,119.97000000000003,81.61000000000013,1,2,1.0
4539,2,1447.87,1094.77,98.09000000000015,32.48000000000002,1,2,1.0
4540,1,998.99,1138.28,120.00999999999999,81.75,1,2,1.0
4540,2,1446.45,1095.09,98.04999999999995,32.40000000000009,1,2,1.0
4541,1,997.49,1139.24,120.04999999999995,81.87999999999988,1,2,1.0
4541,2,1445.02,1095.41,98.01999999999998,32.32999999999993,1,2,1.0
4542,1,996.0,1140.2,120.07999999999993,82.01999999999998,1,2,1.0
4542,2,1443.6,1095.73,97.98000000000002,32.25,1,2,1.0
4543,1,994.5,1141.16,120.11999999999989,82.14999999999986,1,2,1.0
4543,2,1442.17,1096.05,97.94999999999982,32.180000000000064,1,2,1.0
4544,1,993.01,1142.12,120.15000000000009,82.29000000000019,1,2,1.0
4544,2,1440.75,1096.37,97.91000000000008,32.11000000000013,1,2,1.0
4545,1,991.51,1143.07,120.19000000000005,82.43000000000006,1,2,1.0
4545,2,1439.32,1096.69,97.88000000000011,32.02999999999997,1,2,1.0
4546,1,990.02,1144.03,120.22000000000003,82.56999999999994,1,2,1.0
4546,2,1437.89,1097.01,97.84999999999991,31.960000000000036,1,2,1.0
4547,1,988.52,1144.99,120.25999999999999,82.70000000000005,1,2,1.0
4547,2,1436.47,1097.33,97.80999999999995,31.88000000000011,1,2,1.0
4548,1,987.02,1145.95,120.29999999999995,82.83999999999992,1,2,1.0
4548,2,1435.04,1097.65,97.77999999999997,31.809999999999945,1,2,1.0
4549,1,985.53,1146.91,120.32999999999993,82.97000000000003,1,2,1.0
4549,2,1433.62,1097.97,97.74000000000001,31.74000000000001,1,2,1.0
4550,1,984.03,1147.87,120.37000000000012,83.11000000000013,1,2,1.0
4550,2,1432.19,1098.29,97.71000000000004,31.660000000000082,1,2,1.0
4551,1,982.54,1148.82,120.3900000000001,83.25,1,2,1.0
4551,2,1430.77,1098.61,97.67000000000007,31.590000000000146,1,2,1.0
4552,1,981.04,1149.78,120.43000000000006,83.3900000000001,1,2,1.0
4552,2,1429.34,1098.93,97.63000000000011,31.50999999999999,1,2,1.0
4553,1,979.55,1150.74,120.46000000000004,83.51999999999998,1,2,1.0
4553,2,1427.92,1099.25,97.58999999999992,31.440000000000055,1,2,1.0
4554,1,978.05,1151.7,120.5,83.65999999999985,1,2,1.0
4554,2,1426.49,1099.57,97.55999999999995,31.37000000000012,1,2,1.0
4555,1,976.56,1152.66,120.52999999999997,83.78999999999996,1,2,1.0
4555,2,1425.06,1099.89,97.52999999999997,31.289999999999964,1,2,1.0
4556,1,975.06,1153.62,120.57000000000016,83.93000000000006,1,2,1.0
4556,2,1423.64,1100.21,97.49000000000001,31.220000000000027,1,2,1.0
4557,1,973.56,1154.57,120.61000000000013,84.07000000000016,1,2,1.0
4557,2,1422.21,1100.52,97.46000000000004,31.15000000000009,1,2,1.0
4558,1,972.07,1155.53,120.63999999999999,84.21000000000004,1,2,1.0
4558,2,1420.79,1100.84,97.42000000000007,31.080000000000155,1,2,1.0
4559,1,970.57,1156.49,120.67999999999995,84.33999999999992,1,2,1.0
4559,2,1419.36,1101.16,97.3900000000001,31.00999999999999,1,2,1.0
4560,1,969.08,1157.45,120.70999999999992,84.48000000000002,1,2,1.0
4560,2,1417.94,1101.48,97.34999999999991,30.930000000000064,1,2,1.0
4561,1,967.58,1158.41,120.74999999999989,84.6099999999999,1,2,1.0
4561,2,1416.51,1101.8,97.31999999999994,30.860000000000127,1,2,1.0
4562,1,966.09,1159.37,120.77999999999986,84.75,1,2,1.0
4562,2,1415.08,1102.12,97.28999999999996,30.79000000000019,1,2,1.0
4563,1,964.59,1160.32,120.82000000000005,84.8900000000001,1,2,1.0
4563,2,1413.66,1102.44,97.25,30.710000000000036,1,2,1.0
4564,1,963.1,1161.28,120.85000000000002,85.02999999999997,1,2,1.0
4564,2,1412.23,1102.76,97.22000000000003,30.6400000000001,1,2,1.0
4565,1,961.6,1162.24,120.88999999999999,85.16000000000008,1,2,1.0
4565,2,1410.81,1103.08,97.18000000000006,30.560000000000173,1,2,1.0
4566,1,961.25,1163.37,120.79999999999995,85.17000000000007,1,2,1.0
4566,2,1409.35,1103.47,97.60000000000014,31.25,1,2,1.0
4567,1,960.91,1164.51,120.68999999999994,85.17000000000007,1,2,1.0
4567,2,1407.9,1103.86,98.00999999999999,31.930000000000064,1,2,1.0
4568,1,960.56,1165.64,120.60000000000014,85.18999999999983,1,2,1.0
4568,2,1406.44,1104.25,98.42999999999984,32.61999999999989,1,2,1.0
4569,1,960.22,1166.77,120.49000000000001,85.20000000000005,1,2,1.0
4569,2,1404.98,1104.63,98.83999999999992,33.309999999999945,1,2,1.0
4570,1,959.87,1167.9,120.38999999999999,85.20999999999981,1,2,1.0
4570,2,1403.53,1105.02,99.25,34.0,1,2,1.0
4571,1,959.52,1169.03,120.29999999999995,85.22000000000003,1,2,1.0
4571,2,1402.07,1105.41,99.67000000000007,34.679999999999836,1,2,1.0
4572,1,959.18,1170.17,120.18999999999994,85.23000000000002,1,2,1.0
4572,2,1400.62,1105.8,100.08000000000015,35.37000000000012,1,2,1.0
4573,1,957.44,1171.3,120.09999999999991,85.24000000000001,1,2,1.0
4573,2,1399.16,1106.44,99.77999999999997,35.08999999999992,1,2,1.0
4574,1,955.71,1172.43,120.0,85.25,1,2,1.0
4574,2,1397.7,1107.08,99.47000000000003,34.81000000000017,1,2,1.0
4575,1,953.98,1173.56,119.88999999999987,85.25999999999999,1,2,1.0
4575,2,1396.25,1107.71,99.16000000000008,34.549999999999955,1,2,1.0
4576,1,952.24,1174.69,119.79999999999995,85.27999999999997,1,2,1.0
4576,2,1394.79,1108.35,98.85000000000014,34.26999999999998,1,2,1.0
4577,1,950.51,1175.83,119.70000000000005,85.27999999999997,1,2,1.0
4577,2,1393.33,1108.99,98.55000000000018,33.99000000000001,1,2,1.0
4578,1,948.77,1176.96,119.59999999999991,85.28999999999996,1,2,1.0
4578,2,1391.88,1109.63,98.22999999999979,33.70999999999981,1,2,1.0
4579,1,947.04,1178.09,119.5,85.30000000000018,1,2,1.0
4579,2,1390.42,1110.26,97.92999999999984,33.450000000000045,1,2,1.0
4580,1,945.31,1179.22,119.3900000000001,85.31999999999994,1,2,1.0
4580,2,1388.97,1110.9,97.6099999999999,33.169999999999845,1,2,1.0
4581,1,943.57,1180.36,119.29999999999984,85.32000000000016,1,2,1.0
4581,2,1387.51,1111.54,97.30999999999995,32.8900000000001,1,2,1.0
4582,1,941.84,1181.49,119.19999999999993,85.32999999999993,1,2,1.0
4582,2,1386.05,1112.18,97.0,32.6099999999999,1,2,1.0
4583,1,940.11,1182.62,119.09000000000003,85.34000000000015,1,2,1.0
4583,2,1384.52,1112.48,96.99000000000001,32.74000000000001,1,2,1.0
4584,1,938.37,1183.75,118.99999999999989,85.3599999999999,1,2,1.0
4584,2,1382.99,1112.78,96.97000000000003,32.86000000000013,1,2,1.0
4585,1,936.64,1184.88,118.89999999999998,85.36999999999989,1,2,1.0
4585,2,1381.45,1113.08,96.97000000000003,32.98000000000002,1,2,1.0
4586,1,934.9,1186.02,118.80000000000007,85.37000000000012,1,2,1.0
4586,2,1379.92,1113.38,96.94999999999982,33.09999999999991,1,2,1.0
4587,1,933.17,1187.15,118.69999999999993,85.37999999999988,1,2,1.0
4587,2,1378.38,1113.68,96.94999999999982,33.22000000000003,1,2,1.0
4588,1,931.44,1188.28,118.59999999999991,85.40000000000009,1,2,1.0
4588,2,1376.85,1113.98,96.93000000000006,33.34999999999991,1,2,1.0
4589,1,929.7,1189.41,118.5,85.40999999999985,1,2,1.0
4589,2,1375.31,1114.29,96.93000000000006,33.460000000000036,1,2,1.0
4590,1,927.97,1190.55,118.39999999999986,85.41000000000008,1,2,1.0
4590,2,1373.78,1114.59,96.91000000000008,33.580000000000155,1,2,1.0
4591,1,926.23,1191.68,118.30999999999995,85.41999999999985,1,2,1.0
4591,2,1372.25,1114.89,96.90000000000009,33.69999999999982,1,2,1.0
4592,1,924.5,1192.81,118.20000000000005,85.44000000000005,1,2,1.0
4592,2,1370.71,1115.19,96.88999999999987,33.819999999999936,1,2,1.0
4593,1,922.77,1193.94,118.09999999999991,85.45000000000005,1,2,1.0
4593,2,1369.18,1115.49,96.87999999999988,33.950000000000045,1,2,1.0
4594,1,921.03,1195.07,118.0,85.46000000000004,1,2,1.0
4594,2,1367.64,1115.79,96.86999999999989,34.069999999999936,1,2,1.0
4595,1,919.3,1196.21,117.90000000000009,85.46000000000004,1,2,1.0
4595,2,1366.11,1116.09,96.86000000000013,34.190000000000055,1,2,1.0
4596,1,917.56,1197.34,117.80999999999995,85.47000000000003,1,2,1.0
4596,2,1364.58,1116.39,96.84000000000015,34.309999999999945,1,2,1.0
4597,1,915.83,1198.47,117.69999999999993,85.49000000000001,1,2,1.0
4597,2,1363.04,1116.7,96.84000000000015,34.419999999999845,1,2,1.0
4598,1,914.1,1199.6,117.60000000000002,85.5,1,2,1.0
4598,2,1361.51,1117.0,96.81999999999994,34.549999999999955,1,2,1.0
4599,1,912.36,1200.74,117.50999999999988,85.5,1,2,1.0
4599,2,1359.97,1117.3,96.81999999999994,34.67000000000007,1,2,1.0
4600,1,910.63,1201.87,117.39999999999998,85.51000000000022,1,2,1.0
4600,2,1358.44,1117.6,96.79999999999995,34.79000000000019,1,2,1.0
4601,1,908.89,1203.0,117.31000000000006,85.52999999999997,1,2,1.0
4601,2,1356.9,1117.9,96.79999999999995,34.909999999999854,1,2,1.0
4602,1,907.46,1204.0,117.33999999999992,85.72000000000003,1,2,1.0
4602,2,1355.32,1118.27,96.85000000000014,35.23000000000002,1,2,1.0
4603,1,906.02,1204.99,117.38999999999999,85.93000000000006,1,2,1.0
4603,2,1353.74,1118.65,96.90000000000009,35.52999999999997,1,2,1.0
4604,1,904.58,1205.99,117.42999999999995,86.12999999999988,1,2,1.0
4604,2,1352.15,1119.02,96.95999999999981,35.84999999999991,1,2,1.0
4605,1,903.14,1206.99,117.47000000000003,86.32999999999993,1,2,1.0
4605,2,1350.57,1119.39,97.00999999999999,36.159999999999854,1,2,1.0
4606,1,901.71,1207.98,117.50999999999999,86.53999999999996,1,2,1.0
4606,2,1348.99,1119.77,97.05999999999995,36.460000000000036,1,2,1.0
4607,1,900.27,1208.98,117.55000000000007,86.73000000000002,1,2,1.0
4607,2,1347.4,1120.14,97.11999999999989,36.77999999999997,1,2,1.0
4608,1,898.83,1209.98,117.58999999999992,86.93000000000006,1,2,1.0
4608,2,1345.82,1120.51,97.17000000000007,37.08999999999992,1,2,1.0
4609,1,897.39,1210.97,117.63999999999999,87.13999999999987,1,2,1.0
4609,2,1344.23,1120.89,97.23000000000002,37.399999999999864,1,2,1.0
4610,1,895.96,1211.97,117.66999999999996,87.33999999999992,1,2,1.0
4610,2,1342.65,1121.26,97.27999999999997,37.710000000000036,1,2,1.0
4611,1,894.52,1212.97,117.71000000000004,87.53999999999996,1,2,1.0
4611,2,1341.07,1121.63,97.33000000000015,38.02999999999997,1,2,1.0
4612,1,893.08,1213.96,117.75999999999999,87.74000000000001,1,2,1.0
4612,2,1339.48,1122.01,97.38999999999987,38.32999999999993,1,2,1.0
4613,1,891.64,1214.96,117.80000000000007,87.94000000000005,1,2,1.0
4613,2,1337.9,1122.38,97.43999999999983,38.649999999999864,1,2,1.0
4614,1,890.21,1215.96,117.82999999999993,88.13999999999987,1,2,1.0
4614,2,1336.31,1122.75,97.5,38.960000000000036,1,2,1.0
4615,1,888.77,1216.95,117.88,88.34999999999991,1,2,1.0
4615,2,1334.73,1123.13,97.54999999999995,39.26999999999998,1,2,1.0
4616,1,887.33,1217.95,117.91999999999996,88.53999999999996,1,2,1.0
4616,2,1333.15,1123.5,97.59999999999991,39.57999999999993,1,2,1.0
4617,1,885.89,1218.95,117.96000000000004,88.74000000000001,1,2,1.0
4617,2,1331.56,1123.87,97.66000000000008,39.90000000000009,1,2,1.0
4618,1,884.46,1219.94,118.0,88.95000000000005,1,2,1.0
4618,2,1329.98,1124.25,97.71000000000004,40.200000000000045,1,2,1.0
4619,1,883.02,1220.94,118.03999999999996,89.14999999999986,1,2,1.0
4619,2,1328.4,1124.62,97.75999999999999,40.52000000000021,1,2,1.0
4620,1,881.58,1221.94,118.07999999999993,89.34999999999991,1,2,1.0
4620,2,1326.81,1124.99,97.82000000000016,40.82999999999993,1,2,1.0
4621,1,880.14,1222.93,118.13,89.54999999999995,1,2,1.0
4621,2,1325.23,1125.37,97.86999999999989,41.1400000000001,1,2,1.0
4622,1,878.71,1223.93,118.15999999999997,89.75,1,2,1.0
4622,2,1323.64,1125.74,97.92999999999984,41.450000000000045,1,2,1.0
4623,1,877.27,1224.93,118.20000000000005,89.95000000000005,1,2,1.0
4623,2,1322.06,1126.11,97.98000000000002,41.77000000000021,1,2,1.0
4624,1,875.83,1225.92,118.25,90.15999999999985,1,2,1.0
4624,2,1320.48,1126.49,98.02999999999997,42.069999999999936,1,2,1.0
4625,1,874.4,1226.92,118.27999999999997,90.3599999999999,1,2,1.0
4625,2,1318.89,1126.86,98.08999999999992,42.3900000000001,1,2,1.0
4626,1,872.96,1227.92,118.31999999999994,90.54999999999995,1,2,1.0
4626,2,1317.31,1127.23,98.1400000000001,42.700000000000045,1,2,1.0
4627,1,871.52,1228.91,118.37,90.75999999999999,1,2,1.0
4627,2,1315.72,1127.61,98.20000000000005,43.00999999999999,1,2,1.0
4628,1,870.08,1229.91,118.40999999999997,90.95999999999981,1,2,1.0
4628,2,1314.14,1127.98,98.25,43.319999999999936,1,2,1.0
4629,1,868.65,1230.91,118.44000000000005,91.15999999999985,1,2,1.0
4629,2,1312.56,1128.35,98.29999999999995,41.450000000000045,1,2,1.0
4630,1,867.21,1231.9,118.49000000000001,91.3599999999999,1,2,1.0
4630,2,1310.97,1128.73,98.3599999999999,39.559999999999945,1,2,1.0
4631,1,865.77,1232.9,118.52999999999997,91.55999999999995,1,2,1.0
4631,2,1309.39,1129.1,98.40999999999985,37.690000000000055,1,2,1.0
4632,1,864.34,1233.99,118.48000000000002,91.66000000000008,1,2,1.0
4632,2,1307.92,1129.66,98.40999999999985,37.909999999999854,1,2,1.0
4633,1,862.91,1235.08,118.43000000000006,91.75,1,2,1.0
4633,2,1306.45,1130.23,98.40999999999985,38.12999999999988,1,2,1.0
4634,1,861.47,1236.17,118.38999999999999,91.84999999999991,1,2,1.0
4634,2,1304.99,1130.79,98.41000000000008,38.350000000000136,1,2,1.0
4635,1,860.04,1237.26,118.34000000000003,91.95000000000005,1,2,1.0
4635,2,1303.52,1131.35,98.41000000000008,38.570000000000164,1,2,1.0
4636,1,858.61,1238.36,118.28999999999996,92.0300000000002,1,2,1.0
4636,2,1302.05,1131.92,98.41000000000008,38.789999999999964,1,2,1.0
4637,1,857.17,1239.45,118.25,92.12999999999988,1,2,1.0
4637,2,1300.58,1132.48,98.41000000000008,39.00999999999999,1,2,1.0
4638,1,855.74,1240.54,118.20000000000005,92.23000000000002,1,2,1.0
4638,2,1299.11,1133.05,98.41000000000008,39.23000000000002,1,2,1.0
4639,1,854.31,1241.63,118.15000000000009,92.31999999999994,1,2,1.0
4639,2,1297.65,1133.61,98.39999999999986,39.450000000000045,1,2,1.0
4640,1,852.88,1242.72,118.11000000000001,92.42000000000007,1,2,1.0
4640,2,1296.18,1134.17,98.40999999999985,39.679999999999836,1,2,1.0
4641,1,851.44,1243.81,118.06999999999994,92.50999999999999,1,2,1.0
4641,2,1294.71,1134.74,98.40999999999985,39.8900000000001,1,2,1.0
4642,1,850.01,1244.9,118.01999999999998,92.6099999999999,1,2,1.0
4642,2,1293.24,1135.3,98.41000000000008,40.12000000000012,1,2,1.0
4643,1,848.58,1245.99,117.96999999999991,92.71000000000004,1,2,1.0
4643,2,1291.77,1135.86,98.41000000000008,40.340000000000146,1,2,1.0
4644,1,847.14,1247.09,117.93000000000006,92.79000000000019,1,2,1.0
4644,2,1290.31,1136.43,98.40000000000009,40.559999999999945,1,2,1.0
4645,1,845.71,1248.18,117.88,92.88999999999987,1,2,1.0
4645,2,1288.84,1136.99,98.41000000000008,40.77999999999997,1,2,1.0
4646,1,844.28,1249.27,117.83000000000004,92.98000000000002,1,2,1.0
4646,2,1287.37,1137.55,98.41000000000008,41.00999999999999,1,2,1.0
4647,1,842.85,1250.36,117.77999999999997,93.08000000000015,1,2,1.0
4647,2,1285.9,1138.12,98.40999999999985,41.22000000000003,1,2,1.0
4648,1,841.41,1251.45,117.74000000000001,93.18000000000006,1,2,1.0
4648,2,1284.43,1138.68,98.40999999999985,41.43999999999983,1,2,1.0
4649,1,839.98,1252.54,117.68999999999994,93.26999999999998,1,2,1.0
4649,2,1282.97,1139.25,98.39999999999986,41.66000000000008,1,2,1.0
4650,1,838.55,1253.63,117.6400000000001,93.36999999999989,1,2,1.0
4650,2,1281.5,1139.81,98.40000000000009,41.88000000000011,1,2,1.0
4651,1,837.12,1254.72,117.59000000000003,93.47000000000003,1,2,1.0
4651,2,1280.03,1140.37,98.41000000000008,42.11000000000013,1,2,1.0
4652,1,835.68,1255.81,117.55000000000007,93.55999999999995,1,2,1.0
4652,2,1278.56,1140.94,98.41000000000008,42.319999999999936,1,2,1.0
4653,1,834.25,1256.91,117.5,93.64999999999986,1,2,1.0
4653,2,1277.09,1141.5,98.41000000000008,42.549999999999955,1,2,1.0
4654,1,832.82,1258.0,117.44999999999993,93.74000000000001,1,2,1.0
4654,2,1275.8,1141.8,98.59000000000015,42.940000000000055,1,2,1.0
4655,1,831.38,1259.09,117.40999999999997,93.84000000000015,1,2,1.0
4655,2,1274.51,1142.1,98.76999999999998,43.330000000000155,1,2,1.0
4656,1,829.95,1260.18,117.3599999999999,93.93999999999983,1,2,1.0
4656,2,1273.22,1142.4,98.95000000000005,43.7199999999998,1,2,1.0
4657,1,828.52,1261.27,117.32000000000005,94.02999999999997,1,2,1.0
4657,2,1271.93,1142.7,99.12999999999988,44.11999999999989,1,2,1.0
4658,1,827.09,1262.36,117.26999999999998,94.13000000000011,1,2,1.0
4658,2,1270.64,1143.0,99.30999999999995,44.50999999999999,1,2,1.0
4659,1,825.65,1263.45,117.23000000000002,94.22000000000003,1,2,1.0
4659,2,1269.35,1143.3,99.5,44.90000000000009,1,2,1.0
4660,1,824.22,1264.54,117.17999999999995,94.31999999999994,1,2,1.0
4660,2,1268.06,1143.6,99.68000000000006,45.29000000000019,1,2,1.0
4661,1,822.79,1265.64,117.13,94.40999999999985,1,2,1.0
4661,2,1266.77,1143.9,99.86000000000013,45.68999999999983,1,2,1.0
4662,1,821.36,1266.73,117.08000000000004,94.5,1,2,1.0
4662,2,1265.48,1144.2,100.03999999999996,46.07999999999993,1,2,1.0
4663,1,819.92,1267.82,117.04000000000008,94.60000000000014,1,2,1.0
4663,2,1264.19,1144.5,100.22000000000003,46.47000000000003,1,2,1.0
4664,1,818.49,1268.91,116.99000000000001,94.68999999999983,1,2,1.0
4664,2,1262.9,1144.8,100.39999999999986,46.86000000000013,1,2,1.0
4665,1,817.06,1270.0,116.94000000000005,94.78999999999996,1,2,1.0
4665,2,1259.48,1148.27,98.41000000000008,37.680000000000064,1,2,1.0
4666,1,815.64,1271.25,116.96000000000004,94.86999999999989,1,2,1.0
4666,2,1258.06,1148.66,98.51999999999998,37.899999999999864,1,2,1.0
4667,1,814.22,1272.51,116.99000000000001,94.94000000000005,1,2,1.0
4667,2,1256.64,1149.05,98.62999999999988,38.11000000000013,1,2,1.0
4668,1,812.8,1273.76,117.00999999999999,95.01999999999998,1,2,1.0
4668,2,1255.22,1149.44,98.75,38.319999999999936,1,2,1.0
4669,1,811.38,1275.01,117.02999999999997,95.09999999999991,1,2,1.0
4669,2,1253.81,1149.83,98.85000000000014,38.52999999999997,1,2,1.0
4670,1,809.96,1276.26,117.04999999999995,95.19000000000005,1,2,1.0
4670,2,1252.39,1150.23,98.95999999999981,38.73000000000002,1,2,1.0
4671,1,808.54,1277.52,117.08000000000004,95.25999999999999,1,2,1.0
4671,2,1250.97,1150.62,99.06999999999994,38.950000000000045,1,2,1.0
4672,1,807.12,1278.77,117.10000000000002,95.33999999999992,1,2,1.0
4672,2,1249.55,1151.01,99.19000000000005,39.16000000000008,1,2,1.0
4673,1,805.7,1280.02,117.12,95.42000000000007,1,2,1.0
4673,2,1248.14,1151.4,99.28999999999996,39.36999999999989,1,2,1.0
4674,1,804.28,1281.28,117.14999999999998,95.49000000000001,1,2,1.0
4674,2,1246.72,1151.79,99.39999999999986,39.57999999999993,1,2,1.0
4675,1,802.86,1282.53,117.16999999999996,95.56999999999994,1,2,1.0
4675,2,1245.3,1152.18,99.50999999999999,39.799999999999955,1,2,1.0
4676,1,801.44,1283.78,117.18999999999994,95.65000000000009,1,2,1.0
4676,2,1243.88,1152.58,99.62999999999988,40.0,1,2,1.0
4677,1,800.02,1285.03,117.21000000000004,95.73000000000002,1,2,1.0
4677,2,1242.47,1152.97,99.73000000000002,40.210000000000036,1,2,1.0
4678,1,798.6,1286.29,117.24000000000001,95.79999999999995,1,2,1.0
4678,2,1241.05,1153.36,99.84000000000015,40.42000000000007,1,2,1.0
4679,1,797.18,1287.54,117.2600000000001,95.88000000000011,1,2,1.0
4679,2,1239.63,1153.75,99.94999999999982,40.63000000000011,1,2,1.0
4680,1,795.76,1288.79,117.27999999999997,95.96000000000004,1,2,1.0
4680,2,1238.21,1154.14,100.06999999999994,40.84999999999991,1,2,1.0
4681,1,794.34,1290.04,117.29999999999995,96.04999999999995,1,2,1.0
4681,2,1236.8,1154.53,100.17000000000007,41.059999999999945,1,2,1.0
4682,1,792.92,1291.3,117.33000000000004,96.12000000000012,1,2,1.0
4682,2,1235.2,1155.2,100.27999999999997,41.25999999999999,1,2,1.0
4683,1,791.5,1292.55,117.35000000000002,96.20000000000005,1,2,1.0
4683,2,1233.6,1155.86,100.3900000000001,41.48000000000002,1,2,1.0
4684,1,790.08,1293.8,117.37,96.27999999999997,1,2,1.0
4684,2,1232.0,1156.53,100.5,41.680000000000064,1,2,1.0
4685,1,788.66,1295.06,117.39999999999998,96.35000000000014,1,2,1.0
4685,2,1230.4,1157.19,100.6099999999999,41.899999999999864,1,2,1.0
4686,1,787.24,1296.31,117.41999999999996,96.43000000000006,1,2,1.0
4686,2,1228.8,1157.86,100.72000000000003,42.11000000000013,1,2,1.0
4687,1,785.82,1297.56,117.43999999999994,96.50999999999999,1,2,1.0
4687,2,1227.2,1158.52,100.82999999999993,42.319999999999936,1,2,1.0
4688,1,784.41,1298.81,117.45000000000005,96.59000000000015,1,2,1.0
4688,2,1225.6,1159.19,100.94000000000005,42.52999999999997,1,2,1.0
4689,1,782.99,1300.07,117.48000000000002,96.66000000000008,1,2,1.0
4689,2,1224.0,1159.85,101.04999999999995,42.74000000000001,1,2,1.0
4690,1,781.57,1301.32,117.5,96.74000000000001,1,2,1.0
4690,2,1222.4,1160.52,101.15999999999985,42.950000000000045,1,2,1.0
4691,1,780.15,1302.57,117.51999999999998,96.82000000000016,1,2,1.0
4691,2,1220.8,1161.18,101.26999999999998,43.159999999999854,1,2,1.0
4692,1,778.73,1303.83,117.54999999999995,96.90000000000009,1,2,1.0
4692,2,1219.2,1161.85,101.37999999999988,43.37000000000012,1,2,1.0
4693,1,777.31,1305.08,117.57000000000005,96.98000000000002,1,2,1.0
4693,2,1217.6,1162.51,101.49000000000001,43.58999999999992,1,2,1.0
4694,1,775.89,1306.33,117.59000000000003,97.06000000000017,1,2,1.0
4694,2,1216.0,1163.18,101.59999999999991,43.789999999999964,1,2,1.0
4695,1,774.47,1307.58,117.61000000000001,97.1400000000001,1,2,1.0
4695,2,1214.4,1163.84,101.70999999999981,44.00999999999999,1,2,1.0
4696,1,773.05,1308.84,117.6400000000001,97.21000000000004,1,2,1.0
4696,2,1212.8,1164.51,101.83000000000015,44.210000000000036,1,2,1.0
4697,1,771.63,1310.09,117.65999999999997,97.29000000000019,1,2,1.0
4697,2,1211.2,1165.17,101.94000000000005,44.429999999999836,1,2,1.0
4698,1,770.21,1311.34,117.67999999999995,97.37000000000012,1,2,1.0
4698,2,1209.6,1165.84,102.05000000000018,44.63000000000011,1,2,1.0
4699,1,768.79,1312.59,117.70000000000005,97.45000000000005,1,2,1.0
4699,2,1208.0,1166.5,102.16000000000008,44.84999999999991,1,2,1.0
4700,1,767.37,1313.85,117.73000000000002,97.51999999999998,1,2,1.0
4700,2,1206.4,1167.17,102.26999999999998,45.049999999999955,1,2,1.0
4701,1,765.95,1315.1,117.75,97.60000000000014,1,2,1.0
4701,2,1204.8,1167.83,102.38000000000011,45.26999999999998,1,2,1.0
4702,1,764.55,1316.29,117.75999999999999,97.73000000000002,1,2,1.0
4702,2,1203.37,1168.42,102.35000000000014,45.399999999999864,1,2,1.0
4703,1,763.14,1317.48,117.77999999999997,97.8599999999999,1,2,1.0
4703,2,1201.93,1169.0,102.33999999999992,45.52999999999997,1,2,1.0
4704,1,761.74,1318.66,117.77999999999997,98.00999999999999,1,2,1.0
4704,2,1200.5,1169.58,102.31999999999994,45.67000000000007,1,2,1.0
4705,1,760.33,1319.85,117.79999999999995,98.1400000000001,1,2,1.0
4705,2,1199.07,1170.17,102.28999999999996,45.789999999999964,1,2,1.0
4706,1,758.93,1321.04,117.81000000000006,98.26999999999998,1,2,1.0
4706,2,1197.63,1170.75,102.27999999999997,45.930000000000064,1,2,1.0
4707,1,757.53,1322.23,117.82000000000005,98.40000000000009,1,2,1.0
4707,2,1196.2,1171.34,102.25,46.05000000000018,1,2,1.0
4708,1,756.12,1323.41,117.83000000000004,98.53999999999996,1,2,1.0
4708,2,1194.77,1171.92,102.23000000000002,46.18999999999983,1,2,1.0
4709,1,754.72,1324.6,117.83999999999992,98.67000000000007,1,2,1.0
4709,2,1193.33,1172.5,102.22000000000003,46.319999999999936,1,2,1.0
4710,1,753.31,1325.79,117.86000000000001,98.79999999999995,1,2,1.0
4710,2,1191.9,1173.09,102.18999999999983,46.450000000000045,1,2,1.0
4711,1,751.91,1326.98,117.87,98.93000000000006,1,2,1.0
4711,2,1190.47,1173.67,102.17000000000007,46.57999999999993,1,2,1.0
4712,1,750.51,1328.16,117.87,99.06999999999994,1,2,1.0
4712,2,1189.03,1174.25,102.15000000000009,46.72000000000003,1,2,1.0
4713,1,749.1,1329.35,117.88999999999999,99.20000000000005,1,2,1.0
4713,2,1187.6,1174.84,102.13000000000011,46.840000000000146,1,2,1.0
4714,1,747.7,1330.54,117.89999999999998,99.32999999999993,1,2,1.0
4714,2,1186.17,1175.42,102.1099999999999,46.98000000000002,1,2,1.0
4715,1,746.3,1331.73,117.91000000000008,99.46000000000004,1,2,1.0
4715,2,1184.73,1176.0,102.08999999999992,47.11999999999989,1,2,1.0
4716,1,744.89,1332.91,117.91999999999996,99.59999999999991,1,2,1.0
4716,2,1183.3,1176.59,102.06999999999994,47.24000000000001,1,2,1.0
4717,1,743.49,1334.1,117.92999999999995,99.73000000000002,1,2,1.0
4717,2,1181.87,1177.17,102.05000000000018,47.37999999999988,1,2,1.0
4718,1,742.08,1335.29,117.94999999999993,99.86000000000013,1,2,1.0
4718,2,1180.43,1177.75,102.02999999999997,47.50999999999999,1,2,1.0
4719,1,740.68,1336.48,117.96000000000004,99.99000000000001,1,2,1.0
4719,2,1179.0,1178.34,102.00999999999999,47.6400000000001,1,2,1.0
4720,1,739.28,1337.67,117.96000000000004,100.11999999999989,1,2,1.0
4720,2,1177.57,1178.92,101.98000000000002,47.76999999999998,1,2,1.0
4721,1,737.87,1338.85,117.98000000000002,100.25999999999999,1,2,1.0
4721,2,1176.13,1179.51,101.9699999999998,47.90000000000009,1,2,1.0
4722,1,736.47,1340.04,117.99000000000001,100.3900000000001,1,2,1.0
4722,2,1174.7,1180.09,101.95000000000005,48.02999999999997,1,2,1.0
4723,1,735.07,1341.23,118.0,100.51999999999998,1,2,1.0
4723,2,1173.27,1180.67,101.92000000000007,48.169999999999845,1,2,1.0
4724,1,733.66,1342.42,118.00999999999999,100.64999999999986,1,2,1.0
4724,2,1171.83,1181.26,101.91000000000008,48.289999999999964,1,2,1.0
4725,1,732.26,1343.6,118.01999999999998,100.79000000000019,1,2,1.0
4725,2,1170.4,1181.84,101.88999999999987,48.430000000000064,1,2,1.0
4726,1,730.85,1344.79,118.03999999999996,100.92000000000007,1,2,1.0
4726,2,1168.97,1182.42,101.8599999999999,48.559999999999945,1,2,1.0
4727,1,729.45,1345.98,118.04999999999995,101.04999999999995,1,2,1.0
4727,2,1167.53,1183.01,101.85000000000014,48.690000000000055,1,2,1.0
4728,1,728.05,1347.17,118.06000000000006,101.18999999999983,1,2,1.0
4728,2,1166.1,1183.59,101.82000000000016,48.830000000000155,1,2,1.0
4729,1,726.64,1348.35,118.07000000000005,101.33000000000015,1,2,1.0
4729,2,1164.67,1184.17,101.79999999999995,48.960000000000036,1,2,1.0
4730,1,725.24,1349.54,118.08000000000004,101.46000000000004,1,2,1.0
4730,2,1163.23,1184.76,101.78999999999996,49.08999999999992,1,2,1.0
4731,1,723.83,1350.73,118.09999999999991,101.58999999999992,1,2,1.0
4731,2,1161.8,1185.34,101.75999999999999,49.22000000000003,1,2,1.0
4732,1,722.43,1351.92,118.11000000000001,101.72000000000003,1,2,1.0
4732,2,1160.37,1185.92,101.74000000000001,49.3599999999999,1,2,1.0
4733,1,721.03,1353.1,118.11000000000001,101.86000000000013,1,2,1.0
4733,2,1158.93,1186.51,101.72000000000003,49.48000000000002,1,2,1.0
4734,1,719.62,1354.29,118.13,101.99000000000001,1,2,1.0
4734,2,1157.5,1187.09,101.70000000000005,49.62000000000012,1,2,1.0
4735,1,718.22,1355.48,118.13999999999999,102.11999999999989,1,2,1.0
4735,2,1156.07,1187.67,101.68000000000006,49.75,1,2,1.0
4736,1,716.82,1356.67,118.14999999999998,102.25,1,2,1.0
4736,2,1154.63,1188.26,101.65999999999985,49.88000000000011,1,2,1.0
4737,1,715.41,1357.86,118.16000000000008,102.38000000000011,1,2,1.0
4737,2,1153.2,1188.84,101.63999999999987,50.00999999999999,1,2,1.0
4738,1,714.01,1359.04,118.16999999999996,102.51999999999998,1,2,1.0
4738,2,1151.77,1189.43,101.62000000000012,50.13999999999987,1,2,1.0
4739,1,712.6,1360.23,118.18999999999994,102.65000000000009,1,2,1.0
4739,2,1150.33,1190.01,101.60000000000014,50.26999999999998,1,2,1.0
4740,1,711.2,1361.42,118.19999999999993,102.77999999999997,1,2,1.0
4740,2,1148.9,1190.59,101.57999999999993,50.41000000000008,1,2,1.0
4741,1,710.0,1362.94,118.20000000000005,102.77999999999997,1,2,1.0
4741,2,1147.52,1191.38,101.55999999999995,50.45999999999981,1,2,1.0
4742,1,708.8,1364.45,118.20000000000005,102.77999999999997,1,2,1.0
4742,2,1146.13,1192.17,101.55999999999995,50.50999999999999,1,2,1.0
4743,1,707.61,1365.97,118.18999999999994,102.77999999999997,1,2,1.0
4743,2,1144.75,1192.95,101.53999999999996,50.569999999999936,1,2,1.0
4744,1,706.41,1367.49,118.19000000000005,102.77999999999997,1,2,1.0
4744,2,1143.36,1193.74,101.5300000000002,50.6099999999999,1,2,1.0
4745,1,705.21,1369.0,118.19999999999993,102.78999999999996,1,2,1.0
4745,2,1141.98,1194.53,101.51999999999998,50.66000000000008,1,2,1.0
4746,1,704.01,1370.52,118.20000000000005,102.77999999999997,1,2,1.0
4746,2,1140.59,1195.31,101.50999999999999,50.72000000000003,1,2,1.0
4747,1,702.82,1372.04,118.18999999999994,102.77999999999997,1,2,1.0
4747,2,1139.21,1196.1,101.5,50.76999999999998,1,2,1.0
4748,1,701.62,1373.56,118.18999999999994,102.77999999999997,1,2,1.0
4748,2,1137.83,1196.89,101.48000000000002,50.819999999999936,1,2,1.0
4749,1,700.42,1375.07,118.20000000000005,102.78999999999996,1,2,1.0
4749,2,1136.44,1197.67,101.47000000000003,50.87999999999988,1,2,1.0
4750,1,699.22,1376.59,118.19999999999993,102.77999999999997,1,2,1.0
4750,2,1135.06,1198.46,101.46000000000004,50.92000000000007,1,2,1.0
4751,1,698.02,1378.11,118.20000000000005,102.7800000000002,1,2,1.0
4751,2,1133.67,1199.25,101.44999999999982,50.97000000000003,1,2,1.0
4752,1,696.83,1379.63,118.18999999999994,102.77999999999997,1,2,1.0
4752,2,1132.29,1200.04,101.44000000000005,51.01999999999998,1,2,1.0
4753,1,695.63,1381.14,118.19000000000005,102.77999999999997,1,2,1.0
4753,2,1130.9,1200.82,101.42999999999984,51.080000000000155,1,2,1.0
4754,1,694.43,1382.66,118.20000000000005,102.77999999999997,1,2,1.0
4754,2,1129.52,1201.61,101.41000000000008,51.13000000000011,1,2,1.0
4755,1,693.23,1384.18,118.19999999999993,102.77999999999997,1,2,1.0
4755,2,1128.14,1202.4,101.39999999999986,51.179999999999836,1,2,1.0
4756,1,692.03,1385.69,118.20000000000005,102.78999999999996,1,2,1.0
4756,2,1126.75,1203.18,101.3900000000001,51.24000000000001,1,2,1.0
4757,1,690.84,1387.21,118.18999999999994,102.77999999999997,1,2,1.0
4757,2,1125.37,1203.97,101.38000000000011,51.27999999999997,1,2,1.0
4758,1,689.64,1388.73,118.20000000000005,102.77999999999997,1,2,1.0
4758,2,1123.98,1204.76,101.36999999999989,51.32999999999993,1,2,1.0
4759,1,688.44,1390.25,118.19999999999993,102.77999999999997,1,2,1.0
4759,2,1122.6,1205.54,101.36000000000013,51.3900000000001,1,2,1.0
4760,1,687.24,1391.76,118.20000000000005,102.78999999999996,1,2,1.0
4760,2,1121.22,1206.33,101.33999999999992,51.440000000000055,1,2,1.0
4761,1,686.05,1393.28,118.19000000000005,102.77999999999997,1,2,1.0
4761,2,1119.83,1207.12,101.33000000000015,51.49000000000001,1,2,1.0
4762,1,684.85,1394.8,118.18999999999994,102.77999999999997,1,2,1.0
4762,2,1118.45,1207.9,101.31999999999994,51.549999999999955,1,2,1.0
4763,1,683.65,1396.32,118.20000000000005,102.77999999999997,1,2,1.0
4763,2,1117.06,1208.69,101.30999999999995,51.58999999999992,1,2,1.0
4764,1,682.45,1397.83,118.19999999999993,102.77999999999997,1,2,1.0
4764,2,1115.68,1209.48,101.29999999999995,51.63999999999987,1,2,1.0
4765,1,681.25,1399.35,118.20000000000005,102.7800000000002,1,2,1.0
4765,2,1114.29,1210.27,101.28999999999996,51.690000000000055,1,2,1.0
4766,1,680.06,1400.87,118.19000000000005,102.7800000000002,1,2,1.0
4766,2,1112.91,1211.05,101.26999999999998,51.75,1,2,1.0
4767,1,678.86,1402.38,118.18999999999994,102.78999999999996,1,2,1.0
4767,2,1111.53,1211.84,101.25999999999999,51.80000000000018,1,2,1.0
4768,1,677.66,1403.9,118.20000000000005,102.77999999999997,1,2,1.0
4768,2,1110.14,1212.63,101.25,51.84999999999991,1,2,1.0
4769,1,676.46,1405.42,118.19999999999993,102.77999999999997,1,2,1.0
4769,2,1108.76,1213.41,101.24000000000001,51.909999999999854,1,2,1.0
4770,1,675.26,1406.94,118.20000000000005,102.77999999999997,1,2,1.0
4770,2,1107.37,1214.2,101.23000000000002,51.950000000000045,1,2,1.0
